v 0.228214 -0.432318 0.378889
v 0.249909 -0.402237 0.461914
v 0.237213 -0.426500 0.397078
v 0.235662 -0.421297 0.418460
v 0.231526 -0.433662 0.369680
v 0.256501 -0.362158 0.562275
v 0.255764 -0.390418 0.488209
v 0.301623 -0.310512 0.614769
v 0.345736 -0.219778 0.701883
v 0.366930 -0.163864 0.721660
v 0.416611 -0.048742 0.621615
v 0.377394 -0.133280 0.720072
v 0.355084 -0.042459 0.542333
v 0.361073 -0.036980 0.541512
v 0.342591 -0.101462 0.549615
v 0.305691 -0.232069 0.535934
v 0.284838 -0.260902 0.538160
v 0.210720 -0.362833 0.321829
v 0.230312 -0.347135 0.391027
v 0.248249 -0.336800 0.404292
v 0.186056 -0.375008 0.277689
v 0.193795 -0.397518 0.290430
v 0.184738 -0.378987 0.266231
v 0.201522 -0.407264 0.306567
v 0.208037 -0.415156 0.322269
v 0.226256 -0.432111 0.349155
v 0.220351 -0.428285 0.356292
v 0.215111 -0.422610 0.329595
v 0.240737 -0.432956 0.359454
v 0.265465 -0.370775 0.526858
v 0.238305 -0.432519 0.368521
v 0.297809 -0.317840 0.604778
v 0.303196 -0.301148 0.631895
v 0.427877 -0.054658 0.659456
v 0.425109 -0.059610 0.674355
v 0.389814 -0.161924 0.689916
v 0.342708 -0.125114 0.542449
v 0.322383 -0.190475 0.544251
v 0.299144 -0.250098 0.526895
v 0.291580 -0.265864 0.519067
v 0.273827 -0.291362 0.500540
v 0.272415 -0.302734 0.474746
v 0.199382 -0.370365 0.287961
v 0.202442 -0.376770 0.256626
v 0.190831 -0.378103 0.259689
v 0.187374 -0.380545 0.258180
v 0.192638 -0.391798 0.265095
v 0.200815 -0.398999 0.272025
v 0.202758 -0.405432 0.287185
v 0.217519 -0.423260 0.323403
v 0.238489 -0.430234 0.337201
v 0.227927 -0.425690 0.323595
v 0.209012 -0.392385 0.258453
v 0.194510 -0.384264 0.252648
v 0.212600 -0.373651 0.262969
v 0.250465 -0.342402 0.378026
v 0.352470 -0.149814 0.518685
v 0.368921 -0.079092 0.516321
v 0.407950 -0.124302 0.684104
v 0.365171 -0.218423 0.672191
v 0.270127 -0.410415 0.402580
v 0.340925 -0.252924 0.661690
v 0.240778 -0.430960 0.373265
v 0.240380 -0.433248 0.353575
v 0.242743 -0.422975 0.317291
v 0.237759 -0.400323 0.271310
v 0.230980 -0.367631 0.287525
v 0.232575 -0.371922 0.262287
v 0.294338 -0.299227 0.445886
v 0.289784 -0.283676 0.489821
v 0.322947 -0.221026 0.515976
v 0.339598 -0.197946 0.507963
v 0.359321 -0.117951 0.520781
v 0.385275 -0.041508 0.512683
v 0.403432 -0.044222 0.560842
v 0.360575 -0.132776 0.513412
v 0.422012 -0.089775 0.676745
v 0.444759 -0.064397 0.650797
v 0.384038 -0.182503 0.682861
v 0.380524 -0.193513 0.677746
v 0.313800 -0.318321 0.579349
v 0.295773 -0.331897 0.575970
v 0.279751 -0.383469 0.468865
v 0.276310 -0.403884 0.413239
v 0.224964 -0.379172 0.246974
v 0.251286 -0.431022 0.350042
v 0.216379 -0.377766 0.249465
v 0.247165 -0.364259 0.284701
v 0.298717 -0.290064 0.459479
v 0.306517 -0.279908 0.465392
v 0.354298 -0.163053 0.508884
v 0.372764 -0.101443 0.506014
v 0.401026 -0.043940 0.523050
v 0.447096 -0.060432 0.628937
v 0.407013 -0.168626 0.660064
v 0.400717 -0.190909 0.648737
v 0.359734 -0.253128 0.631515
v 0.308977 -0.333292 0.552065
v 0.296141 -0.383460 0.439399
v 0.265235 -0.423887 0.363369
v 0.261174 -0.428419 0.338129
v 0.226800 -0.385834 0.250450
v 0.245868 -0.372840 0.247761
v 0.248221 -0.375781 0.242033
v 0.269640 -0.412924 0.296385
v 0.263078 -0.428121 0.342469
v 0.275048 -0.421219 0.355739
v 0.296865 -0.373560 0.467167
v 0.323202 -0.314876 0.571794
v 0.400973 -0.045724 0.492457
v 0.388306 -0.095345 0.483041
v 0.309212 -0.268077 0.480509
v 0.319822 -0.285027 0.425665
v 0.270971 -0.346037 0.321875
v 0.256980 -0.362673 0.271416
v 0.258665 -0.369171 0.240747
v 0.258121 -0.376342 0.238154
v 0.274890 -0.423989 0.324272
v 0.278299 -0.423968 0.332726
v 0.283265 -0.417565 0.353586
v 0.288616 -0.409605 0.371799
v 0.344302 -0.301100 0.566559
v 0.376758 -0.249804 0.608393
v 0.456198 -0.095528 0.635022
v 0.462401 -0.074273 0.631959
v 0.397692 -0.051431 0.480644
v 0.405124 -0.065335 0.461806
v 0.363017 -0.179394 0.481871
v 0.341962 -0.233360 0.464482
v 0.312611 -0.299946 0.406193
v 0.349496 -0.241789 0.435267
v 0.269644 -0.376363 0.236939
v 0.272111 -0.387657 0.254403
v 0.267887 -0.368022 0.233511
v 0.276880 -0.358413 0.246170
v 0.312832 -0.324557 0.318858
v 0.320207 -0.307816 0.362054
v 0.364891 -0.220171 0.432886
v 0.366525 -0.200525 0.455088
v 0.404596 -0.107320 0.452310
v 0.404766 -0.090565 0.457476
v 0.425229 -0.052515 0.455686
v 0.442217 -0.057166 0.554397
v 0.469505 -0.070753 0.613681
v 0.474413 -0.074842 0.612268
v 0.462237 -0.113697 0.618619
v 0.424572 -0.184851 0.618811
v 0.327965 -0.333956 0.518924
v 0.297807 -0.412955 0.341685
v 0.315074 -0.389540 0.261560
v 0.278371 -0.362341 0.231461
v 0.286303 -0.361988 0.226479
v 0.365416 -0.230227 0.416066
v 0.329498 -0.300372 0.359693
v 0.304350 -0.336414 0.288212
v 0.390114 -0.150828 0.454774
v 0.398460 -0.141074 0.445545
v 0.418461 -0.052591 0.455319
v 0.424368 -0.051426 0.475086
v 0.412215 -0.207401 0.610849
v 0.414054 -0.220470 0.589671
v 0.381779 -0.264381 0.575891
v 0.301272 -0.414811 0.325420
v 0.299479 -0.373685 0.236150
v 0.293340 -0.353260 0.230651
v 0.320801 -0.325561 0.290122
v 0.319043 -0.318788 0.324146
v 0.387623 -0.182638 0.430413
v 0.405994 -0.120910 0.443361
v 0.457228 -0.060236 0.416976
v 0.479228 -0.071371 0.559192
v 0.401659 -0.250856 0.563629
v 0.361678 -0.303162 0.532420
v 0.337604 -0.346198 0.470583
v 0.337539 -0.353584 0.450283
v 0.311171 -0.411457 0.315257
v 0.303058 -0.415053 0.316874
v 0.321885 -0.407028 0.296519
v 0.314085 -0.410772 0.305751
v 0.341203 -0.366284 0.405559
v 0.353365 -0.350171 0.429731
v 0.452607 -0.169485 0.590271
v 0.489136 -0.084202 0.593091
v 0.480028 -0.073565 0.591868
v 0.497739 -0.078934 0.556324
v 0.418147 -0.125167 0.414994
v 0.400690 -0.151774 0.432565
v 0.390844 -0.199215 0.400336
v 0.372209 -0.239699 0.379525
v 0.345668 -0.277141 0.374618
v 0.330657 -0.313161 0.309829
v 0.302326 -0.350014 0.223988
v 0.302168 -0.353350 0.220970
v 0.311175 -0.342729 0.227951
v 0.329120 -0.320103 0.285936
v 0.387679 -0.218205 0.375427
v 0.399542 -0.185460 0.397853
v 0.424253 -0.093500 0.419532
v 0.422402 -0.076894 0.427698
v 0.494720 -0.079044 0.570471
v 0.476566 -0.101512 0.604933
v 0.439805 -0.176520 0.603656
v 0.428302 -0.199698 0.594619
v 0.385196 -0.308721 0.476791
v 0.355022 -0.340333 0.453848
v 0.320994 -0.402835 0.327956
v 0.321761 -0.396674 0.275360
v 0.311087 -0.356868 0.221339
v 0.313649 -0.344889 0.218859
v 0.356333 -0.286648 0.309778
v 0.362669 -0.271126 0.334054
v 0.429055 -0.120162 0.391876
v 0.434464 -0.059010 0.416104
v 0.496266 -0.077057 0.535943
v 0.484889 -0.111952 0.587046
v 0.389563 -0.281983 0.528879
v 0.387235 -0.295032 0.505206
v 0.369952 -0.331707 0.447946
v 0.332921 -0.400513 0.308818
v 0.324070 -0.364481 0.230700
v 0.322036 -0.343443 0.213113
v 0.324489 -0.334164 0.223107
v 0.345971 -0.310495 0.257991
v 0.415998 -0.171770 0.372477
v 0.421352 -0.155623 0.378103
v 0.484003 -0.071350 0.512373
v 0.427147 -0.104698 0.407197
v 0.495514 -0.088890 0.583377
v 0.487488 -0.095118 0.593059
v 0.415640 -0.258280 0.526261
v 0.410407 -0.270157 0.513237
v 0.348112 -0.390735 0.310019
v 0.339102 -0.396544 0.309905
v 0.340769 -0.319862 0.226816
v 0.336734 -0.328694 0.207126
v 0.338075 -0.398730 0.283602
v 0.380850 -0.254727 0.311958
v 0.402681 -0.214988 0.334007
v 0.435751 -0.080089 0.398101
v 0.444987 -0.072166 0.378585
v 0.501584 -0.101547 0.569503
v 0.513498 -0.086459 0.545924
v 0.477880 -0.154629 0.564184
v 0.446795 -0.206580 0.553982
v 0.395054 -0.319504 0.429865
v 0.371629 -0.341069 0.418953
v 0.350371 -0.370832 0.242664
v 0.344968 -0.395230 0.299996
v 0.345357 -0.321364 0.204218
v 0.346588 -0.357133 0.228657
v 0.356135 -0.305151 0.226600
v 0.366693 -0.286021 0.267419
v 0.432978 -0.155758 0.342944
v 0.436455 -0.110530 0.379211
v 0.465676 -0.061741 0.384311
v 0.441096 -0.088605 0.380335
v 0.516797 -0.085035 0.527888
v 0.515826 -0.089794 0.547519
v 0.473616 -0.162953 0.563040
v 0.476948 -0.169584 0.549407
v 0.353389 -0.334219 0.207851
v 0.349082 -0.394617 0.287927
v 0.402320 -0.295084 0.476333
v 0.356016 -0.307872 0.211091
v 0.369836 -0.288465 0.238355
v 0.394402 -0.241640 0.295389
v 0.434276 -0.142979 0.355007
v 0.414859 -0.200774 0.322668
v 0.467177 -0.061829 0.362592
v 0.488559 -0.067117 0.375158
v 0.445713 -0.240996 0.500258
v 0.493950 -0.144076 0.546811
v 0.419120 -0.280070 0.475108
v 0.381897 -0.338738 0.404022
v 0.364013 -0.386924 0.278833
v 0.372901 -0.376282 0.300653
v 0.360535 -0.305744 0.201323
v 0.372189 -0.289472 0.214962
v 0.452543 -0.078852 0.351486
v 0.423087 -0.186479 0.322777
v 0.509066 -0.075189 0.429507
v 0.454579 -0.067695 0.354127
v 0.460843 -0.068334 0.332275
v 0.467550 -0.062155 0.339985
v 0.457009 -0.086430 0.331703
v 0.454329 -0.105048 0.327318
v 0.398680 -0.248815 0.249423
v 0.397608 -0.254918 0.229697
v 0.364055 -0.307870 0.194265
v 0.368150 -0.299643 0.195664
v 0.379549 -0.356803 0.237695
v 0.377671 -0.363643 0.244053
v 0.403986 -0.322574 0.401544
v 0.371498 -0.383061 0.271621
v 0.446892 -0.249087 0.482524
v 0.472699 -0.202509 0.512547
v 0.512256 -0.123879 0.533593
v 0.515981 -0.104644 0.544258
v 0.459578 -0.099384 0.313120
v 0.526929 -0.094881 0.528695
v 0.381575 -0.285641 0.188638
v 0.375594 -0.307752 0.193894
v 0.424639 -0.299636 0.415101
v 0.369697 -0.382974 0.264234
v 0.441596 -0.273099 0.440600
v 0.461385 -0.228920 0.491208
v 0.530025 -0.092187 0.519587
v 0.525214 -0.089142 0.524304
v 0.501330 -0.166995 0.506863
v 0.489289 -0.200960 0.481157
v 0.408679 -0.332520 0.358713
v 0.402717 -0.345177 0.331881
v 0.376790 -0.376895 0.257596
v 0.363592 -0.349136 0.224912
v 0.384329 -0.286448 0.185475
v 0.390970 -0.269231 0.198876
v 0.460540 -0.113296 0.293941
v 0.470686 -0.071858 0.288680
v 0.527077 -0.083032 0.461189
v 0.535839 -0.088331 0.487497
v 0.427347 -0.306560 0.389728
v 0.536303 -0.095972 0.509717
v 0.387497 -0.372877 0.266246
v 0.401571 -0.353905 0.303899
v 0.398721 -0.356771 0.244452
v 0.376128 -0.326283 0.207564
v 0.394103 -0.274261 0.181063
v 0.395471 -0.269132 0.182774
v 0.404648 -0.251722 0.194500
v 0.418538 -0.224906 0.229492
v 0.463982 -0.094638 0.298820
v 0.474242 -0.066081 0.287797
v 0.484639 -0.063736 0.298817
v 0.530640 -0.088777 0.506873
v 0.542304 -0.102534 0.495702
v 0.514078 -0.149245 0.503309
v 0.420834 -0.322736 0.358807
v 0.422429 -0.328751 0.333534
v 0.385834 -0.372777 0.258222
v 0.391007 -0.366813 0.252579
v 0.409287 -0.251672 0.178663
v 0.411479 -0.245893 0.181706
v 0.434340 -0.198453 0.233472
v 0.450494 -0.164774 0.246852
v 0.472234 -0.079118 0.273815
v 0.480847 -0.065097 0.270628
v 0.490564 -0.065231 0.316368
v 0.534092 -0.122113 0.493150
v 0.509683 -0.170589 0.484567
v 0.448500 -0.285255 0.392298
v 0.483091 -0.226842 0.447484
v 0.414181 -0.345338 0.297441
v 0.399592 -0.340932 0.228613
v 0.432189 -0.205474 0.218643
v 0.410685 -0.280517 0.187208
v 0.461768 -0.133038 0.259372
v 0.466951 -0.118461 0.256166
v 0.547873 -0.092567 0.474338
v 0.478611 -0.068553 0.260294
v 0.547355 -0.097093 0.484792
v 0.548176 -0.100482 0.482604
v 0.466907 -0.270114 0.382344
v 0.503500 -0.202848 0.445071
v 0.457028 -0.285340 0.367985
v 0.446456 -0.297132 0.364594
v 0.429612 -0.331404 0.300405
v 0.415146 -0.353206 0.255731
v 0.422881 -0.345321 0.267205
v 0.488605 -0.237516 0.407141
v 0.483838 -0.237458 0.421024
v 0.495546 -0.217115 0.436725
v 0.540088 -0.125182 0.474830
v 0.547458 -0.107247 0.478985
v 0.536312 -0.081795 0.388056
v 0.552214 -0.097457 0.470513
v 0.486710 -0.065018 0.247756
v 0.482884 -0.066661 0.244590
v 0.439200 -0.216099 0.171077
v 0.440254 -0.198851 0.178914
v 0.419332 -0.349397 0.249268
v 0.435386 -0.226730 0.172599
v 0.444016 -0.277275 0.200220
v 0.407678 -0.357303 0.251101
v 0.428979 -0.230139 0.172508
v 0.434630 -0.259268 0.186012
v 0.432278 -0.220847 0.172403
v 0.430440 -0.218377 0.176441
v 0.467664 -0.125458 0.237413
v 0.445072 -0.183470 0.212023
v 0.456027 -0.163792 0.199370
v 0.475524 -0.093600 0.235944
v 0.497540 -0.066071 0.273539
v 0.433658 -0.207523 0.191231
v 0.472456 -0.108280 0.236252
v 0.423366 -0.227913 0.180006
v 0.423561 -0.346785 0.251684
v 0.480599 -0.253962 0.386809
v 0.508206 -0.206970 0.423823
v 0.491722 -0.064223 0.234592
v 0.486338 -0.064764 0.221123
v 0.469631 -0.127541 0.212378
v 0.477562 -0.093224 0.216242
v 0.451199 -0.180509 0.173564
v 0.446573 -0.194054 0.170582
v 0.434587 -0.325596 0.230901
v 0.426425 -0.341322 0.241539
v 0.502405 -0.223690 0.401113
v 0.466857 -0.277523 0.360614
v 0.543874 -0.130242 0.457398
v 0.512690 -0.210193 0.401859
v 0.559425 -0.106051 0.442253
v 0.508906 -0.067542 0.248210
v 0.478848 -0.092199 0.196918
v 0.457130 -0.174197 0.168934
v 0.473202 -0.120814 0.181096
v 0.446374 -0.306190 0.222560
v 0.452579 -0.202698 0.171474
v 0.447311 -0.323340 0.265535
v 0.443466 -0.328908 0.245435
v 0.537580 -0.158099 0.431496
v 0.462307 -0.306868 0.269988
v 0.559780 -0.097665 0.442206
v 0.548218 -0.082234 0.341096
v 0.483070 -0.068518 0.171727
v 0.494267 -0.062534 0.208652
v 0.470645 -0.145419 0.164781
v 0.471487 -0.130713 0.169624
v 0.464222 -0.156573 0.167243
v 0.470004 -0.182439 0.173912
v 0.446468 -0.325269 0.241156
v 0.465957 -0.276737 0.212559
v 0.464855 -0.250882 0.198515
v 0.477028 -0.157623 0.169502
v 0.475736 -0.145239 0.165572
v 0.483047 -0.089141 0.161503
v 0.485921 -0.064076 0.165572
v 0.483747 -0.072039 0.164469
v 0.489544 -0.060694 0.174801
v 0.549729 -0.131012 0.438169
v 0.565790 -0.100797 0.421589
v 0.553574 -0.128258 0.430145
v 0.495643 -0.249902 0.346043
v 0.464534 -0.307507 0.255307
v 0.460110 -0.312809 0.249753
v 0.528325 -0.195928 0.381190
v 0.538945 -0.164538 0.415391
v 0.497466 -0.061435 0.174878
v 0.564160 -0.105210 0.425941
v 0.488697 -0.075960 0.161409
v 0.489367 -0.065437 0.163553
v 0.490331 -0.168651 0.181602
v 0.487237 -0.094587 0.161207
v 0.472247 -0.298311 0.258973
v 0.458330 -0.313202 0.238525
v 0.501885 -0.241040 0.351929
v 0.509221 -0.231617 0.352830
v 0.569323 -0.098359 0.404125
v 0.533029 -0.180469 0.401567
v 0.506773 -0.238572 0.339457
v 0.566819 -0.108824 0.410334
v 0.479377 -0.289215 0.263412
v 0.476138 -0.295214 0.252065
v 0.475719 -0.295539 0.237399
v 0.489313 -0.142325 0.172202
v 0.475018 -0.294099 0.232563
v 0.525304 -0.069233 0.227855
v 0.498574 -0.063615 0.170453
v 0.571380 -0.096048 0.388912
v 0.549306 -0.162961 0.376182
v 0.518720 -0.225493 0.329280
v 0.514794 -0.235656 0.307583
v 0.485990 -0.284366 0.247091
v 0.481216 -0.288412 0.234084
v 0.509807 -0.069087 0.175503
v 0.491261 -0.248876 0.215386
v 0.574368 -0.103020 0.378570
v 0.531912 -0.068333 0.203211
v 0.568746 -0.113734 0.390890
v 0.558036 -0.135095 0.399304
v 0.541310 -0.182976 0.358269
v 0.489602 -0.278515 0.233521
v 0.528726 -0.211369 0.329697
v 0.528554 -0.103084 0.190922
v 0.486418 -0.279573 0.229889
v 0.567521 -0.085117 0.307644
v 0.506742 -0.095265 0.173317
v 0.574830 -0.098285 0.376882
v 0.575905 -0.093195 0.356563
v 0.571897 -0.113508 0.372889
v 0.563598 -0.139184 0.361660
v 0.496338 -0.271489 0.238370
v 0.513112 -0.247666 0.257397
v 0.504256 -0.257185 0.232074
v 0.495880 -0.271629 0.251161
v 0.540309 -0.071512 0.202964
v 0.505649 -0.249958 0.227814
v 0.566716 -0.129317 0.367262
v 0.577742 -0.096512 0.356769
v 0.560448 -0.148932 0.352864
v 0.502237 -0.262826 0.236686
v 0.511425 -0.248116 0.234366
v 0.530621 -0.162050 0.209484
v 0.551319 -0.075334 0.243680
v 0.547263 -0.072170 0.213241
v 0.525149 -0.229832 0.261281
v 0.575713 -0.088421 0.317948
v 0.523774 -0.225186 0.231342
v 0.511326 -0.250688 0.240021
v 0.578408 -0.092147 0.336603
v 0.535587 -0.186236 0.223805
v 0.565337 -0.146765 0.320853
v 0.580155 -0.094335 0.333792
v 0.531592 -0.220367 0.252488
v 0.558815 -0.164082 0.304798
v 0.528086 -0.223366 0.237077
v 0.526247 -0.228673 0.242902
v 0.567827 -0.077932 0.231567
v 0.532312 -0.204077 0.228788
v 0.550344 -0.091497 0.207807
v 0.581226 -0.086687 0.284056
v 0.531951 -0.219185 0.243141
v 0.552501 -0.111884 0.213679
v 0.581890 -0.101884 0.313576
v 0.557802 -0.170289 0.279535
v 0.548185 -0.189539 0.273502
v 0.582505 -0.094534 0.312864
v 0.537953 -0.209416 0.249025
v 0.544384 -0.198071 0.250157
v 0.545991 -0.194112 0.244646
v 0.583737 -0.090503 0.290838
v 0.555209 -0.176346 0.247253
v 0.553928 -0.158641 0.230205
v 0.579161 -0.081684 0.258020
v 0.553674 -0.180360 0.253522
v 0.553910 -0.170636 0.236610
v 0.569350 -0.145883 0.253914
v 0.584119 -0.100094 0.281602
v 0.563613 -0.149634 0.238285
v 0.566134 -0.153843 0.255820
v 0.566300 -0.085404 0.223601
v 0.571188 -0.120742 0.235777
v 0.582500 -0.089970 0.244325
v 0.579981 -0.082104 0.243621
v 0.569523 -0.138684 0.242023
v 0.578235 -0.098931 0.238987
v 0.566401 -0.150746 0.246355
v 0.571984 -0.136819 0.247780
v 0.586103 -0.092291 0.262609
v 0.578515 -0.120804 0.258412
v 0.576442 -0.124521 0.249847
v 0.584651 -0.099265 0.260592
v 0.585986 -0.087047 0.256997
v 0.580537 -0.113138 0.254403
v 0.583745 -0.085385 0.247225
v 0.584456 -0.084025 0.258641
v 0.585957 -0.090847 0.269503
v 0.577040 -0.083215 0.270215
v 0.578099 -0.113500 0.319098
v 0.566966 -0.150269 0.278855
v 0.532737 -0.211650 0.233983
v 0.513529 -0.248103 0.246486
v 0.536187 -0.204141 0.311054
v 0.539090 -0.205667 0.273044
v 0.566703 -0.094643 0.402483
v 0.554180 -0.165890 0.336687
v 0.495679 -0.083478 0.164680
v 0.565492 -0.087985 0.350449
v 0.491044 -0.267964 0.296849
v 0.467801 -0.291205 0.223913
v 0.478283 -0.098119 0.185572
v 0.455186 -0.312391 0.233112
v 0.465954 -0.146512 0.170361
v 0.480634 -0.076730 0.206694
v 0.465034 -0.144567 0.183556
v 0.483615 -0.067079 0.217270
v 0.443499 -0.156686 0.301852
v 0.432123 -0.315476 0.349949
v 0.409547 -0.239435 0.222994
v 0.422318 -0.315323 0.377459
v 0.423846 -0.211144 0.250079
v 0.412513 -0.308285 0.420765
v 0.409711 -0.296385 0.457526
v 0.384670 -0.341641 0.388995
v 0.391602 -0.347255 0.353971
v 0.429295 -0.194039 0.276019
v 0.401494 -0.224038 0.316799
v 0.346763 -0.267870 0.392536
v 0.338427 -0.312636 0.282968
v 0.286069 -0.401706 0.278376
v 0.306586 -0.403353 0.283812
v 0.313714 -0.374899 0.432679
v 0.324385 -0.352013 0.478564
v 0.337015 -0.321918 0.532528
v 0.423519 -0.170801 0.634415
v 0.470360 -0.081676 0.621311
v 0.470889 -0.087132 0.619121
v 0.428426 -0.052459 0.513213
v 0.381245 -0.147189 0.473178
v 0.354478 -0.216463 0.460897
v 0.321717 -0.296374 0.393720
v 0.320805 -0.301265 0.382438
v 0.276147 -0.353936 0.271248
v 0.293960 -0.415277 0.304424
v 0.318527 -0.275367 0.448339
v 0.335661 -0.246193 0.459434
v 0.366619 -0.157521 0.491774
v 0.389448 -0.070423 0.486605
v 0.428459 -0.151733 0.642269
v 0.360301 -0.266677 0.607881
v 0.355154 -0.289978 0.571229
v 0.248698 -0.430589 0.361479
v 0.316657 -0.304587 0.604280
v 0.325354 -0.284569 0.630204
v 0.429704 -0.072963 0.671617
v 0.371093 -0.043122 0.521391
v 0.240238 -0.357931 0.328062
v 0.264821 -0.332070 0.393180
v 0.234162 -0.362162 0.315386
v 0.198268 -0.402238 0.319736
v 0.220673 -0.426781 0.381092
v 0.189999 -0.391634 0.301879
v 0.232150 -0.334305 0.439269
v 0.186738 -0.370824 0.297480
v 0.266320 -0.310884 0.462274
v 0.309434 -0.203043 0.557180
v 0.280304 -0.267922 0.535511
v 0.342085 -0.077044 0.556082
v 0.307759 -0.190762 0.568516
v 0.410216 -0.065049 0.692560
v 0.342783 -0.035678 0.564149
v 0.328960 -0.237454 0.704545
v 0.305286 -0.276705 0.675524
v 0.287851 -0.308008 0.639872
v 0.263752 -0.339167 0.604975
v 0.277420 -0.306217 0.657589
v 0.228922 -0.417301 0.441303
v 0.249356 -0.380066 0.527027
v 0.194096 -0.393401 0.337409
v 0.224573 -0.423188 0.420340
v 0.181577 -0.374927 0.316206
v 0.182778 -0.368341 0.320527
v 0.369437 -0.033856 0.720646
v 0.264179 -0.284653 0.531227
v 0.254280 -0.300711 0.508435
v 0.327623 -0.085435 0.573975
v 0.293697 -0.203392 0.583545
v 0.333775 -0.042097 0.572624
v 0.343504 -0.056846 0.556795
v 0.327154 -0.207267 0.745136
v 0.403341 -0.055051 0.698481
v 0.301280 -0.262343 0.706675
v 0.321577 -0.220954 0.738064
v 0.249499 -0.367538 0.559138
v 0.259802 -0.349336 0.587620
v 0.238887 -0.385048 0.528320
v 0.287550 -0.275165 0.703684
v 0.228799 -0.406911 0.477283
v 0.221477 -0.415391 0.453390
v 0.232663 -0.399576 0.495065
v 0.181674 -0.369339 0.360672
v 0.187116 -0.381261 0.342357
v 0.219470 -0.421176 0.414167
v 0.216609 -0.410959 0.464091
v 0.219617 -0.409516 0.476277
v 0.219716 -0.415640 0.450131
v 0.241606 -0.374227 0.553548
v 0.280162 -0.284183 0.697124
v 0.223947 -0.400246 0.504641
v 0.317587 -0.230370 0.731768
v 0.396923 -0.084472 0.705241
v 0.357520 -0.156004 0.739189
v 0.407851 -0.046282 0.669093
v 0.349049 -0.181164 0.735642
v 0.340027 -0.030676 0.575783
v 0.323266 -0.114691 0.572777
v 0.331390 -0.055703 0.574374
v 0.273478 -0.234185 0.591214
v 0.240597 -0.319966 0.474800
v 0.265087 -0.256353 0.577472
v 0.196822 -0.356904 0.360760
v 0.181668 -0.360413 0.363908
v 0.214909 -0.336253 0.451234
v 0.202189 -0.401408 0.377989
v 0.180577 -0.364894 0.350471
v 0.185335 -0.370037 0.400182
v 0.188898 -0.351347 0.395351
v 0.193927 -0.341675 0.437123
v 0.182948 -0.354396 0.388499
v 0.253688 -0.290924 0.533310
v 0.240313 -0.275664 0.585703
v 0.231066 -0.306194 0.529198
v 0.316367 -0.036106 0.597445
v 0.259106 -0.380777 0.510363
v 0.233953 -0.430582 0.384076
v 0.228162 -0.434118 0.364041
v 0.225519 -0.432583 0.368964
v 0.272288 -0.358450 0.547008
v 0.282313 -0.315747 0.631047
v 0.309187 -0.291376 0.642339
v 0.406383 -0.045482 0.649829
v 0.358591 -0.039516 0.539807
v 0.299996 -0.213566 0.564789
v 0.222579 -0.351213 0.379389
v 0.185699 -0.386592 0.275062
v 0.189691 -0.390984 0.271231
v 0.207580 -0.413828 0.309973
v 0.225046 -0.432469 0.357248
v 0.229344 -0.434312 0.357815
v 0.261427 -0.399911 0.451445
v 0.250737 -0.416054 0.415097
v 0.374727 -0.174112 0.703267
v 0.429596 -0.057144 0.664190
v 0.366067 -0.053212 0.523443
v 0.320231 -0.201719 0.539102
v 0.287577 -0.274764 0.511579
v 0.223268 -0.358976 0.339101
v 0.194112 -0.375297 0.266523
v 0.188529 -0.384794 0.257902
v 0.211403 -0.413180 0.297442
v 0.229529 -0.433017 0.348486
v 0.209213 -0.404776 0.279206
v 0.210935 -0.384052 0.249159
v 0.261252 -0.324667 0.427095
v 0.376768 -0.040414 0.519957
v 0.348182 -0.240605 0.668862
v 0.269419 -0.379883 0.496434
v 0.242020 -0.432443 0.347283
v 0.202304 -0.380742 0.250279
v 0.285968 -0.316691 0.410083
v 0.297850 -0.262154 0.512706
v 0.339579 -0.188669 0.515679
v 0.380413 -0.050685 0.503616
v 0.437935 -0.081023 0.661437
v 0.449589 -0.073791 0.649132
v 0.370900 -0.206834 0.678109
v 0.300543 -0.344220 0.538944
v 0.263189 -0.419136 0.384358
v 0.254171 -0.429688 0.339240
v 0.298268 -0.313332 0.396681
v 0.313857 -0.252638 0.494486
v 0.387935 -0.045879 0.498969
v 0.438188 -0.100430 0.655731
v 0.386609 -0.202035 0.658686
v 0.304099 -0.352301 0.512459
v 0.269296 -0.425022 0.350575
v 0.243096 -0.381154 0.245453
v 0.256074 -0.383693 0.247256
v 0.262697 -0.425477 0.326031
v 0.272245 -0.425332 0.341508
v 0.455371 -0.080829 0.641277
v 0.351919 -0.175939 0.503996
v 0.305527 -0.294311 0.435633
v 0.264141 -0.364890 0.245216
v 0.256361 -0.372085 0.238701
v 0.278478 -0.423242 0.338622
v 0.327391 -0.319461 0.554671
v 0.395247 -0.213797 0.630146
v 0.451038 -0.069527 0.646106
v 0.388355 -0.116849 0.475940
v 0.316422 -0.292710 0.416036
v 0.309708 -0.306201 0.394749
v 0.279338 -0.395087 0.267054
v 0.290869 -0.343924 0.286261
v 0.330440 -0.286198 0.396536
v 0.378380 -0.163845 0.466393
v 0.406470 -0.055466 0.464816
v 0.448856 -0.059884 0.583328
v 0.477456 -0.078988 0.610468
v 0.366414 -0.276028 0.580758
v 0.290987 -0.418815 0.329532
v 0.285342 -0.380606 0.243867
v 0.343421 -0.263103 0.411763
v 0.372184 -0.205538 0.436298
v 0.416166 -0.061182 0.444853
v 0.449477 -0.059472 0.529146
v 0.408264 -0.233716 0.579749
v 0.296540 -0.417424 0.318465
v 0.302999 -0.341169 0.265576
v 0.335422 -0.292616 0.365216
v 0.413768 -0.093764 0.440446
v 0.489096 -0.081065 0.590804
v 0.360595 -0.316518 0.503554
v 0.311406 -0.408138 0.329841
v 0.315819 -0.408531 0.295373
v 0.331911 -0.393686 0.336156
v 0.459664 -0.135465 0.608387
v 0.453406 -0.155373 0.602412
v 0.429034 -0.055700 0.433700
v 0.402931 -0.160935 0.419359
v 0.360387 -0.247002 0.398234
v 0.323456 -0.327798 0.267747
v 0.291898 -0.356589 0.226163
v 0.345160 -0.296200 0.320079
v 0.413961 -0.147203 0.406399
v 0.436620 -0.068293 0.400892
v 0.469093 -0.145129 0.586552
v 0.429724 -0.220293 0.563070
v 0.349072 -0.357953 0.415391
v 0.320589 -0.406318 0.315014
v 0.335443 -0.318945 0.264308
v 0.382912 -0.234509 0.356788
v 0.444299 -0.058979 0.401954
v 0.419746 -0.240792 0.548656
v 0.376801 -0.322988 0.457440
v 0.330589 -0.403408 0.298221
v 0.323935 -0.337336 0.214753
v 0.381399 -0.244842 0.337738
v 0.423868 -0.135940 0.391752
v 0.453031 -0.059437 0.394962
v 0.455460 -0.192775 0.558449
v 0.364845 -0.356883 0.385713
v 0.343324 -0.397492 0.286876
v 0.331938 -0.330034 0.214017
v 0.359550 -0.299774 0.238851
v 0.407769 -0.197776 0.353590
v 0.448749 -0.066876 0.372899
v 0.504159 -0.092088 0.569561
v 0.437453 -0.229358 0.535425
v 0.359838 -0.368618 0.358845
v 0.339047 -0.393802 0.273256
v 0.337339 -0.334233 0.205733
v 0.380844 -0.263828 0.283206
v 0.444393 -0.103142 0.361360
v 0.456312 -0.061258 0.371381
v 0.512254 -0.098262 0.554568
v 0.469108 -0.182552 0.547515
v 0.343340 -0.381289 0.252940
v 0.347440 -0.323182 0.200632
v 0.378119 -0.273746 0.259853
v 0.438212 -0.121807 0.364715
v 0.518400 -0.095443 0.544939
v 0.455373 -0.223263 0.512604
v 0.374017 -0.356153 0.367269
v 0.357282 -0.389023 0.292700
v 0.414606 -0.210918 0.298083
v 0.446269 -0.119792 0.341235
v 0.513890 -0.081256 0.497319
v 0.467954 -0.063738 0.319452
v 0.446596 -0.135192 0.321546
v 0.383214 -0.272995 0.232596
v 0.376783 -0.297311 0.189176
v 0.359463 -0.386918 0.266098
v 0.384563 -0.363674 0.315395
v 0.483632 -0.179233 0.525110
v 0.524887 -0.102466 0.530410
v 0.467147 -0.066550 0.311756
v 0.369372 -0.376468 0.253986
v 0.387026 -0.370113 0.284783
v 0.475338 -0.220067 0.477861
v 0.531781 -0.100181 0.518814
v 0.459549 -0.239377 0.475652
v 0.377529 -0.379053 0.274530
v 0.387171 -0.294213 0.188304
v 0.408566 -0.233196 0.255361
v 0.471760 -0.062349 0.322387
v 0.537377 -0.092233 0.502260
v 0.467800 -0.239439 0.457389
v 0.388926 -0.371286 0.272299
v 0.404339 -0.297327 0.196396
v 0.403755 -0.260715 0.178778
v 0.458188 -0.130127 0.282269
v 0.506220 -0.069493 0.316547
v 0.542094 -0.092084 0.490828
v 0.503851 -0.184776 0.476278
v 0.408134 -0.355569 0.276923
v 0.408218 -0.267815 0.178830
v 0.413505 -0.240055 0.189905
v 0.453700 -0.148342 0.271435
v 0.527569 -0.140834 0.484649
v 0.491013 -0.212142 0.457653
v 0.426545 -0.319839 0.222267
v 0.423024 -0.234259 0.174176
v 0.471431 -0.096613 0.260023
v 0.540981 -0.088370 0.469104
v 0.523739 -0.157414 0.470934
v 0.472487 -0.246536 0.429436
v 0.448912 -0.300685 0.345736
v 0.414343 -0.353267 0.263410
v 0.425555 -0.344803 0.256653
v 0.495457 -0.225150 0.418423
v 0.550619 -0.113751 0.461175
v 0.553039 -0.103314 0.466449
v 0.459546 -0.154833 0.207899
v 0.547342 -0.089461 0.451075
v 0.438554 -0.208700 0.171843
v 0.420947 -0.338357 0.235179
v 0.415611 -0.304753 0.206171
v 0.427784 -0.242691 0.175532
v 0.445801 -0.186668 0.185419
v 0.484510 -0.064153 0.276215
v 0.425430 -0.222293 0.186414
v 0.419234 -0.236857 0.176924
v 0.524639 -0.171456 0.446441
v 0.480861 -0.070778 0.233336
v 0.465975 -0.138539 0.211580
v 0.446129 -0.201417 0.169595
v 0.425808 -0.344421 0.247503
v 0.528015 -0.176478 0.427836
v 0.481042 -0.259780 0.368108
v 0.485269 -0.063992 0.191281
v 0.475801 -0.109633 0.194876
v 0.442058 -0.294346 0.210874
v 0.435387 -0.335503 0.243551
v 0.449932 -0.322767 0.253574
v 0.519477 -0.195945 0.413754
v 0.525180 -0.072801 0.282392
v 0.482918 -0.068164 0.184808
v 0.470112 -0.139052 0.166101
v 0.465228 -0.167436 0.167571
v 0.441415 -0.328294 0.238571
v 0.474621 -0.221844 0.191352
v 0.476222 -0.123752 0.163368
v 0.484698 -0.063697 0.174568
v 0.559860 -0.118987 0.422139
v 0.502886 -0.231536 0.377171
v 0.455735 -0.315577 0.262349
v 0.469400 -0.296106 0.282072
v 0.503390 -0.063342 0.205107
v 0.485978 -0.070687 0.162192
v 0.489062 -0.115204 0.165147
v 0.468888 -0.303420 0.241129
v 0.516831 -0.213862 0.376375
v 0.568989 -0.102357 0.407611
v 0.541380 -0.170839 0.391508
v 0.470148 -0.302315 0.246556
v 0.495335 -0.065525 0.166239
v 0.517513 -0.065351 0.200017
v 0.572153 -0.099241 0.392046
v 0.533580 -0.196214 0.356610
v 0.477267 -0.294590 0.243085
v 0.518915 -0.079703 0.180696
v 0.570258 -0.093160 0.380746
v 0.564109 -0.127637 0.386318
v 0.536925 -0.197397 0.333253
v 0.485441 -0.284891 0.237641
v 0.510147 -0.232823 0.222131
v 0.515154 -0.065696 0.184082
v 0.574525 -0.094772 0.370376
v 0.575503 -0.099335 0.373736
v 0.556445 -0.149027 0.376937
v 0.497075 -0.262690 0.227840
v 0.515068 -0.125986 0.185405
v 0.576705 -0.099598 0.365850
v 0.520244 -0.236002 0.266991
v 0.518935 -0.202902 0.216077
v 0.567957 -0.081446 0.269425
v 0.515059 -0.238327 0.230127
v 0.578040 -0.090340 0.325820
v 0.572514 -0.128027 0.323507
v 0.545495 -0.190430 0.298935
v 0.532040 -0.218077 0.268065
v 0.547468 -0.076100 0.206206
v 0.550104 -0.083358 0.206926
v 0.541990 -0.196940 0.237308
v 0.570790 -0.138506 0.297616
v 0.563321 -0.157099 0.290463
v 0.584300 -0.093538 0.291420
v 0.560083 -0.166923 0.266018
v 0.554748 -0.137532 0.222944
v 0.547845 -0.187979 0.240311
v 0.573149 -0.136421 0.264360
v 0.563328 -0.142266 0.233850
v 0.573290 -0.096191 0.232120
v 0.579269 -0.086267 0.239502
v 0.575724 -0.117684 0.241775
v 0.573918 -0.134133 0.256079
v 0.583875 -0.102521 0.272858
v 0.581756 -0.103570 0.248404
v 0.585246 -0.093706 0.254628
v 0.585680 -0.087102 0.266333
v 0.582457 -0.090139 0.297490
v 0.580549 -0.091570 0.318098
v 0.522914 -0.234117 0.251374
v 0.531544 -0.214526 0.295036
v 0.504673 -0.254571 0.281116
v 0.497124 -0.071501 0.165558
v 0.468055 -0.302903 0.236415
v 0.469839 -0.260976 0.206477
v 0.443792 -0.327952 0.259027
v 0.455921 -0.292169 0.350412
v 0.442297 -0.182039 0.241489
v 0.506566 -0.148680 0.518896
v 0.374533 -0.289494 0.200650
v 0.388885 -0.328661 0.417856
v 0.359850 -0.389124 0.274839
v 0.509612 -0.090259 0.560186
v 0.357314 -0.268766 0.358500
v 0.299221 -0.404903 0.366432
v 0.316110 -0.365963 0.454257
v 0.345667 -0.313520 0.537093
v 0.446484 -0.135151 0.627880
v 0.398111 -0.082764 0.470714
v 0.371939 -0.185419 0.459851
v 0.310412 -0.317359 0.354236
v 0.356941 -0.227972 0.439887
v 0.289595 -0.418942 0.313686
v 0.322742 -0.261929 0.461985
v 0.351456 -0.193251 0.491072
v 0.433558 -0.135680 0.645969
v 0.370625 -0.241815 0.630883
v 0.317957 -0.341743 0.516402
v 0.269311 -0.391174 0.464649
v 0.330029 -0.272107 0.646115
v 0.376448 -0.062161 0.507004
v 0.295836 -0.275260 0.495228
v 0.225810 -0.429880 0.389614
v 0.183288 -0.382427 0.284542
v 0.183178 -0.380937 0.271890
v 0.272625 -0.282258 0.522583
v 0.279342 -0.277882 0.519875
v 0.296921 -0.224214 0.560565
v 0.358302 -0.034160 0.552157
v 0.413856 -0.052961 0.682963
v 0.329223 -0.144785 0.555643
v 0.390832 -0.111530 0.708254
v 0.293314 -0.291997 0.664422
v 0.276940 -0.339213 0.586008
v 0.244363 -0.408003 0.451886
v 0.228534 -0.429443 0.393390
v 0.229689 -0.426061 0.406966
v 0.223028 -0.343269 0.415979
v 0.239241 -0.326926 0.454237
v 0.303187 -0.176188 0.583103
v 0.342971 -0.195599 0.732860
v 0.318533 -0.240581 0.715505
v 0.304712 -0.249848 0.721563
v 0.237306 -0.392848 0.508366
v 0.221964 -0.422586 0.419464
v 0.211546 -0.411777 0.406212
v 0.223700 -0.411233 0.468272
v 0.304539 -0.236380 0.741770
v 0.401426 -0.046603 0.692407
v 0.321742 -0.057445 0.586681
v 0.288600 -0.172114 0.607900
v 0.243929 -0.306096 0.510254
v 0.222779 -0.337047 0.441313
v 0.184470 -0.360705 0.354400
v 0.180460 -0.366283 0.356923
v 0.209616 -0.401508 0.466219
v 0.179860 -0.355938 0.395748
v 0.220443 -0.321817 0.498618
v 0.267845 -0.225786 0.609615
v 0.287223 -0.135947 0.620344
v 0.182081 -0.376514 0.287875
v 0.223515 -0.428799 0.388568
v 0.271902 -0.319128 0.428230
v 0.576141 -0.111805 0.344065
v 0.392220 -0.047718 0.708374
v 0.320610 -0.029205 0.597682
v 0.342788 -0.164243 0.756063
v 0.354338 -0.205770 0.704937
v 0.388295 -0.040527 0.702057
v 0.324939 -0.026044 0.601818
v 0.367377 -0.192024 0.698824
v 0.358253 -0.030311 0.668209
v 0.231434 -0.374788 0.566287
v 0.250594 -0.352649 0.593346
v 0.217090 -0.402971 0.500881
v 0.218591 -0.400961 0.507357
v 0.196914 -0.383837 0.446724
v 0.213642 -0.405108 0.481160
v 0.215360 -0.396471 0.523254
v 0.218049 -0.393744 0.530373
v 0.253678 -0.315400 0.669408
v 0.227989 -0.363708 0.598284
v 0.273500 -0.261209 0.746264
v 0.259836 -0.308830 0.674674
v 0.377148 -0.061198 0.727806
v 0.299931 -0.223861 0.765978
v 0.382152 -0.041972 0.716632
v 0.325318 -0.196820 0.758182
v 0.302978 -0.022806 0.624603
v 0.218705 -0.326887 0.483638
v 0.219444 -0.311988 0.529525
v 0.179486 -0.349229 0.431864
v 0.207642 -0.321970 0.512558
v 0.184244 -0.340216 0.455667
v 0.284131 -0.059208 0.632904
v 0.255367 -0.234612 0.621994
v 0.311506 -0.054358 0.599579
v 0.316089 -0.021996 0.623284
v 0.345524 -0.139782 0.760989
v 0.295057 -0.017880 0.642401
v 0.309364 -0.203366 0.776348
v 0.328257 -0.179197 0.767967
v 0.301425 -0.029695 0.618444
v 0.232007 -0.295506 0.555929
v 0.181048 -0.342242 0.454723
v 0.286441 -0.192754 0.601931
v 0.307930 -0.217617 0.762397
v 0.245775 -0.322525 0.665093
v 0.179590 -0.355663 0.415500
v 0.244464 -0.342246 0.625209
v 0.265958 -0.327729 0.626920
v 0.279807 -0.251481 0.753404
v 0.298817 -0.208451 0.786729
v 0.272255 -0.269489 0.733564
v 0.214617 -0.383434 0.564030
v 0.206604 -0.384429 0.551254
v 0.206778 -0.378168 0.580713
v 0.218190 -0.370406 0.594698
v 0.243044 -0.308316 0.697183
v 0.333140 -0.215901 0.726402
v 0.304192 -0.195878 0.790941
v 0.405942 -0.046381 0.679992
v 0.359301 -0.037489 0.743375
v 0.348128 -0.115228 0.760950
v 0.285055 -0.221964 0.583527
v 0.362256 -0.034050 0.735853
v 0.371878 -0.102235 0.732573
v 0.229893 -0.285726 0.582048
v 0.203457 -0.311149 0.553015
v 0.224170 -0.418268 0.441497
v 0.191344 -0.325019 0.511573
v 0.260210 -0.354843 0.574193
v 0.181391 -0.333623 0.491343
v 0.179351 -0.346209 0.468825
v 0.348836 -0.048615 0.549934
v 0.180472 -0.339021 0.519978
v 0.324700 -0.161020 0.556184
v 0.178839 -0.339281 0.486844
v 0.288726 -0.239136 0.558775
v 0.179894 -0.329565 0.514567
v 0.219676 -0.278375 0.614839
v 0.211409 -0.352871 0.374383
v 0.236256 -0.218151 0.674630
v 0.213241 -0.419053 0.364093
v 0.316681 -0.019398 0.671312
v 0.250414 -0.354058 0.327130
v 0.323296 -0.111550 0.793724
v 0.374333 -0.037757 0.531598
v 0.329696 -0.147461 0.781268
v 0.254826 -0.424663 0.377654
v 0.297558 -0.180880 0.811769
v 0.388850 -0.227533 0.621519
v 0.296379 -0.192212 0.805468
v 0.342547 -0.221460 0.478554
v 0.295968 -0.201361 0.798033
v 0.286308 -0.420961 0.327476
v 0.259998 -0.254132 0.773685
v 0.356473 -0.200029 0.475094
v 0.466153 -0.068094 0.611497
v 0.252628 -0.276697 0.744495
v 0.461485 -0.069522 0.629696
v 0.214129 -0.356546 0.633828
v 0.208041 -0.373562 0.596571
v 0.308416 -0.393949 0.383720
v 0.203299 -0.367447 0.614359
v 0.353948 -0.300487 0.266956
v 0.199728 -0.365314 0.608488
v 0.357359 -0.385193 0.261889
v 0.400493 -0.303423 0.459675
v 0.178656 -0.324808 0.538839
v 0.355057 -0.390816 0.273508
v 0.182044 -0.318995 0.546058
v 0.430293 -0.259545 0.495731
v 0.389027 -0.354889 0.334620
v 0.190379 -0.308369 0.574937
v 0.209321 -0.284629 0.619690
v 0.441275 -0.172594 0.276393
v 0.436796 -0.297688 0.389591
v 0.213706 -0.254289 0.674826
v 0.243118 -0.202597 0.671831
v 0.477198 -0.270939 0.345147
v 0.292906 -0.160112 0.605000
v 0.493793 -0.260745 0.313416
v 0.352243 -0.029354 0.742938
v 0.478032 -0.286507 0.227678
v 0.351766 -0.039633 0.752756
v 0.543619 -0.076189 0.268429
v 0.287637 -0.183288 0.824051
v 0.526709 -0.218435 0.311625
v 0.274852 -0.216207 0.807644
v 0.504608 -0.260666 0.243066
v 0.249722 -0.259148 0.777693
v 0.535360 -0.211029 0.238560
v 0.577953 -0.087702 0.301133
v 0.227180 -0.303008 0.726989
v 0.213207 -0.323677 0.703525
v 0.584148 -0.086741 0.273101
v 0.584336 -0.083851 0.251639
v 0.212534 -0.351415 0.647516
v 0.584906 -0.089379 0.250357
v 0.200945 -0.351517 0.660084
v 0.206529 -0.363825 0.624691
v 0.583091 -0.102015 0.252138
v 0.206949 -0.335169 0.688002
v 0.580557 -0.114594 0.266842
v 0.248526 -0.250469 0.791794
v 0.573949 -0.128964 0.245081
v 0.580317 -0.101611 0.243414
v 0.253816 -0.240160 0.800477
v 0.308642 -0.142048 0.812718
v 0.578713 -0.080625 0.248243
v 0.330295 -0.087589 0.782311
v 0.565393 -0.121385 0.229097
v 0.342526 -0.024290 0.739234
v 0.561500 -0.160719 0.243403
v 0.256493 -0.138302 0.669468
v 0.577187 -0.123487 0.279715
v 0.206189 -0.292463 0.604302
v 0.555005 -0.173835 0.241770
v 0.177426 -0.319596 0.567600
v 0.573225 -0.081923 0.233153
v 0.549348 -0.187663 0.244702
v 0.198751 -0.356927 0.644089
v 0.182997 -0.329288 0.606168
v 0.539313 -0.205811 0.242763
v 0.176431 -0.305565 0.610583
v 0.579702 -0.112607 0.301037
v 0.191718 -0.293061 0.623649
v 0.566911 -0.146704 0.304959
v 0.228892 -0.195092 0.705513
v 0.545254 -0.184740 0.233311
v 0.243037 -0.128682 0.693287
v 0.560223 -0.077841 0.219920
v 0.275926 -0.031749 0.648813
v 0.545689 -0.078262 0.203445
v 0.336600 -0.025786 0.760264
v 0.520723 -0.237235 0.242435
v 0.332852 -0.034942 0.770882
v 0.554026 -0.175331 0.295968
v 0.319084 -0.071447 0.792192
v 0.579995 -0.099736 0.336740
v 0.302784 -0.132540 0.820984
v 0.561865 -0.076108 0.235757
v 0.287122 -0.152992 0.838216
v 0.519089 -0.237929 0.237041
v 0.281368 -0.173685 0.837450
v 0.577534 -0.103334 0.353783
v 0.270535 -0.195318 0.834588
v 0.538980 -0.070558 0.219125
v 0.260441 -0.214408 0.825287
v 0.528329 -0.071439 0.189997
v 0.258354 -0.225944 0.813921
v 0.533659 -0.077965 0.192589
v 0.215539 -0.293992 0.756362
v 0.575510 -0.090624 0.340473
v 0.205038 -0.318938 0.722119
v 0.523200 -0.183382 0.211647
v 0.197328 -0.342257 0.683200
v 0.500781 -0.263272 0.233378
v 0.175171 -0.302564 0.634190
v 0.491134 -0.278345 0.239018
v 0.176716 -0.297586 0.633909
v 0.507022 -0.256635 0.253139
v 0.191730 -0.265503 0.698679
v 0.220165 -0.234444 0.691600
v 0.224741 -0.209481 0.707576
v 0.521736 -0.068217 0.186288
v 0.239659 -0.156655 0.696045
v 0.495251 -0.270471 0.232567
v 0.252610 -0.022651 0.680901
v 0.274365 -0.014796 0.663156
v 0.493960 -0.274967 0.242883
v 0.331400 -0.020891 0.733845
v 0.488901 -0.277660 0.264464
v 0.319245 -0.018679 0.768237
v 0.571890 -0.090960 0.359292
v 0.325990 -0.026847 0.773946
v 0.503207 -0.188549 0.197827
v 0.321355 -0.030139 0.779432
v 0.485180 -0.271077 0.222829
v 0.309714 -0.070799 0.800743
v 0.521745 -0.213836 0.355588
v 0.556864 -0.083987 0.332394
v 0.304002 -0.115468 0.817975
v 0.293924 -0.129842 0.831202
v 0.504852 -0.062403 0.184499
v 0.287064 -0.143917 0.839640
v 0.506121 -0.163547 0.190768
v 0.272351 -0.184514 0.841470
v 0.468344 -0.299293 0.231210
v 0.256780 -0.200319 0.843261
v 0.504504 -0.248381 0.311127
v 0.571709 -0.103335 0.393113
v 0.238523 -0.224842 0.832165
v 0.200948 -0.310633 0.741765
v 0.548227 -0.151626 0.406763
v 0.198228 -0.325067 0.717843
v 0.461177 -0.308301 0.234467
v 0.191681 -0.336283 0.694734
v 0.480283 -0.119908 0.162218
v 0.188264 -0.320995 0.730588
v 0.489915 -0.061787 0.167507
v 0.193048 -0.343410 0.674317
v 0.564026 -0.091501 0.389838
v 0.193784 -0.317018 0.736973
v 0.565357 -0.097115 0.418556
v 0.230356 -0.238118 0.821653
v 0.454404 -0.318426 0.244155
v 0.470875 -0.283945 0.323096
v 0.253681 -0.190018 0.854150
v 0.272653 -0.167720 0.849364
v 0.553216 -0.086187 0.370752
v 0.493569 -0.060655 0.184867
v 0.277010 -0.151968 0.848407
v 0.284886 -0.122902 0.837182
v 0.486298 -0.062022 0.173263
v 0.299213 -0.074478 0.809249
v 0.480901 -0.084130 0.170363
v 0.479325 -0.103237 0.162473
v 0.312949 -0.026099 0.783097
v 0.308456 -0.015985 0.773095
v 0.451563 -0.319056 0.237639
v 0.438546 -0.327094 0.234603
v 0.250618 -0.034409 0.679835
v 0.239640 -0.090088 0.693241
v 0.475675 -0.116923 0.166523
v 0.232724 -0.119320 0.712537
v 0.489436 -0.062709 0.205275
v 0.224143 -0.176140 0.725736
v 0.183174 -0.279837 0.676905
v 0.558780 -0.113136 0.435910
v 0.459895 -0.299476 0.309770
v 0.175475 -0.288530 0.665046
v 0.437486 -0.334546 0.252773
v 0.177077 -0.298099 0.713661
v 0.454563 -0.187300 0.168838
v 0.174064 -0.293328 0.684406
v 0.459469 -0.163247 0.171924
v 0.181898 -0.270642 0.706256
v 0.559386 -0.094567 0.434229
v 0.558218 -0.101334 0.449932
v 0.200855 -0.228047 0.750254
v 0.211400 -0.203857 0.747948
v 0.432681 -0.338905 0.249439
v 0.447206 -0.218888 0.174581
v 0.228087 -0.130903 0.723414
v 0.456411 -0.166183 0.180884
v 0.235876 -0.075592 0.697729
v 0.238059 -0.046341 0.693623
v 0.474065 -0.112365 0.213135
v 0.230872 -0.044799 0.705454
v 0.555320 -0.091795 0.432928
v 0.536212 -0.150366 0.448630
v 0.245233 -0.018112 0.692595
v 0.252273 -0.008923 0.692092
v 0.451281 -0.315665 0.281551
v 0.275717 -0.008299 0.698728
v 0.434074 -0.336765 0.259937
v 0.282856 -0.009333 0.715355
v 0.287001 -0.009924 0.765032
v 0.476237 -0.077224 0.253461
v 0.549559 -0.091532 0.461698
v 0.296510 -0.013977 0.776009
v 0.305414 -0.027693 0.787243
v 0.460540 -0.148429 0.227005
v 0.460817 -0.141284 0.246795
v 0.294279 -0.042764 0.795590
v 0.418212 -0.248282 0.174850
v 0.289397 -0.084408 0.817910
v 0.414192 -0.349003 0.242935
v 0.282625 -0.111262 0.833786
v 0.276750 -0.134817 0.846077
v 0.443025 -0.235281 0.179357
v 0.266723 -0.154444 0.855518
v 0.440345 -0.201793 0.173678
v 0.257666 -0.169192 0.860664
v 0.492554 -0.064838 0.257876
v 0.554057 -0.095165 0.460668
v 0.244453 -0.191892 0.859743
v 0.241010 -0.199128 0.856485
v 0.514667 -0.176604 0.464260
v 0.516932 -0.188634 0.437108
v 0.232336 -0.212444 0.848894
v 0.224175 -0.231290 0.833120
v 0.438465 -0.323444 0.300361
v 0.433354 -0.334757 0.272927
v 0.208067 -0.255263 0.817895
v 0.203399 -0.273893 0.799599
v 0.439931 -0.315213 0.326048
v 0.508286 -0.186669 0.462960
v 0.195934 -0.296448 0.771058
v 0.185823 -0.309712 0.754094
v 0.547770 -0.094494 0.480709
v 0.182987 -0.304057 0.763494
v 0.453286 -0.165404 0.223341
v 0.542927 -0.086032 0.418581
v 0.193341 -0.277782 0.801567
v 0.413690 -0.249521 0.175739
v 0.242209 -0.184216 0.864579
v 0.243116 -0.175572 0.866412
v 0.439841 -0.302588 0.367528
v 0.465585 -0.261094 0.410796
v 0.261808 -0.133632 0.849940
v 0.277102 -0.104587 0.831607
v 0.541242 -0.108907 0.492319
v 0.542104 -0.096824 0.498006
v 0.260100 -0.102875 0.825316
v 0.260092 -0.145669 0.856350
v 0.468109 -0.084395 0.288937
v 0.466560 -0.101838 0.280473
v 0.240229 -0.166786 0.867231
v 0.185342 -0.284151 0.796001
v 0.422393 -0.223812 0.202917
v 0.403041 -0.266754 0.177924
v 0.179818 -0.296080 0.774929
v 0.171770 -0.276742 0.719687
v 0.401036 -0.363377 0.264886
v 0.186839 -0.250520 0.747853
v 0.193589 -0.222301 0.782908
v 0.474808 -0.228088 0.464463
v 0.215809 -0.165139 0.749998
v 0.223401 -0.087759 0.732720
v 0.542601 -0.094267 0.494898
v 0.476207 -0.062907 0.304042
v 0.225486 -0.089087 0.723523
v 0.463377 -0.116505 0.277784
v 0.229164 -0.061214 0.708848
v 0.399853 -0.261044 0.185545
v 0.234665 -0.030656 0.702456
v 0.389789 -0.286995 0.184654
v 0.239701 -0.007563 0.710986
v 0.245153 -0.001418 0.722718
v 0.246685 -0.003287 0.709244
v 0.251306 -0.002541 0.710074
v 0.287016 -0.013371 0.776041
v 0.271789 -0.007211 0.755177
v 0.287762 -0.018662 0.782018
v 0.277065 -0.077367 0.813003
v 0.243838 -0.137526 0.848139
v 0.248937 -0.139626 0.852550
v 0.235731 -0.172206 0.867265
v 0.248222 -0.149509 0.859626
v 0.189141 -0.257433 0.826899
v 0.226970 -0.182100 0.865724
v 0.189656 -0.248587 0.833458
v 0.175881 -0.284431 0.788245
v 0.182960 -0.261623 0.823974
v 0.173709 -0.283659 0.756339
v 0.171604 -0.276682 0.770069
v 0.170366 -0.265919 0.758830
v 0.180104 -0.301284 0.760525
v 0.173062 -0.276170 0.712427
v 0.202343 -0.207967 0.771631
v 0.180750 -0.247340 0.773141
v 0.184602 -0.239234 0.780275
v 0.202692 -0.182265 0.789783
v 0.197921 -0.198586 0.802723
v 0.211772 -0.141863 0.767801
v 0.219195 -0.117478 0.769676
v 0.269374 -0.029086 0.776266
v 0.225461 -0.102674 0.771812
v 0.272460 -0.011101 0.766314
v 0.250617 -0.028165 0.759800
v 0.238924 -0.080919 0.777676
v 0.247023 -0.042757 0.763754
v 0.222386 -0.099316 0.745218
v 0.224577 -0.090764 0.758298
v 0.219860 -0.116280 0.758003
v 0.223198 -0.072253 0.742910
v 0.225150 -0.049917 0.718904
v 0.223187 -0.066600 0.729452
v 0.224859 -0.036777 0.725229
v 0.228482 -0.024429 0.723021
v 0.237817 -0.005725 0.723257
v 0.235460 -0.010115 0.727857
v 0.248055 -0.004680 0.742042
v 0.242417 -0.002569 0.730125
v 0.250320 -0.009622 0.749626
v 0.226456 -0.037589 0.738552
v 0.229730 -0.037966 0.744415
v 0.225795 -0.063624 0.748305
v 0.229478 -0.083136 0.765092
v 0.224459 -0.039199 0.732385
v 0.239067 -0.014643 0.742236
v 0.227856 -0.026642 0.731132
v 0.234122 -0.014158 0.733414
v 0.241952 -0.004066 0.734940
v 0.241082 -0.003621 0.716927
v 0.256740 -0.003925 0.743100
v 0.237265 -0.067147 0.766262
v 0.280137 -0.015578 0.776283
v 0.262922 -0.072842 0.800587
v 0.279734 -0.022228 0.780471
v 0.231287 -0.130668 0.824612
v 0.257635 -0.094710 0.815498
v 0.232508 -0.167986 0.866266
v 0.242071 -0.132037 0.840052
v 0.179520 -0.269849 0.815207
v 0.218778 -0.185969 0.863241
v 0.172288 -0.274625 0.793923
v 0.176993 -0.276089 0.806102
v 0.170232 -0.270563 0.788605
v 0.170721 -0.274699 0.739207
v 0.169823 -0.271160 0.768611
v 0.189366 -0.222086 0.806604
v 0.172633 -0.260716 0.763830
v 0.197458 -0.196614 0.823843
v 0.191923 -0.214875 0.814562
v 0.202187 -0.161484 0.805312
v 0.205067 -0.153921 0.787906
v 0.204548 -0.150884 0.797983
v 0.212042 -0.134548 0.796274
v 0.225546 -0.140056 0.832358
v 0.219317 -0.135408 0.816648
v 0.228476 -0.147620 0.846664
v 0.221477 -0.154281 0.847440
v 0.226772 -0.157895 0.857249
v 0.224625 -0.169897 0.863009
v 0.175982 -0.250834 0.823600
v 0.184007 -0.240926 0.833480
v 0.176121 -0.244901 0.811951
v 0.179489 -0.241815 0.825321
v 0.170299 -0.256902 0.805455
v 0.173817 -0.250107 0.798375
v 0.170779 -0.259541 0.811597
v 0.169091 -0.262530 0.800513
v 0.191041 -0.217646 0.825652
v 0.175406 -0.247497 0.817512
v 0.198320 -0.203386 0.839482
v 0.216573 -0.171858 0.858084
v 0.219230 -0.165532 0.856599
v 0.200980 -0.182627 0.834061
v 0.205425 -0.174209 0.842848
v 0.210139 -0.172864 0.850647
v 0.202746 -0.184832 0.842800
v 0.200318 -0.177477 0.823940
v 0.198633 -0.187982 0.817109
v 0.208090 -0.162158 0.837293
v 0.204137 -0.165322 0.830043
v 0.207220 -0.151313 0.822017
v 0.210917 -0.154344 0.833560
v 0.208894 -0.143471 0.812522
v 0.203860 -0.152579 0.806442
v 0.191599 -0.219698 0.833375
v 0.212392 -0.141697 0.817306
v 0.178056 -0.253398 0.826949
v 0.184038 -0.231210 0.812292
v 0.215238 -0.126781 0.782513
v 0.209203 -0.196345 0.856913
v 0.220358 -0.117750 0.780746
v 0.224432 -0.116918 0.790662
v 0.196568 -0.226805 0.843094
v 0.214517 -0.194194 0.861021
v 0.269219 -0.054195 0.791443
v 0.244967 -0.115854 0.822448
v 0.209077 -0.215716 0.851498
v 0.203549 -0.234680 0.840247
v 0.294806 -0.024398 0.787007
v 0.281655 -0.057505 0.801201
v 0.192057 -0.262825 0.820675
v 0.272438 -0.097662 0.826578
v 0.224527 -0.192731 0.864203
v 0.197477 -0.252260 0.828044
v 0.231653 -0.196598 0.862209
v 0.235321 -0.183559 0.866175
v 0.211423 -0.232817 0.838446
v 0.228301 -0.204040 0.858084
v 0.199967 -0.253756 0.707516
v 0.256731 -0.177832 0.858853
v 0.213163 -0.281857 0.778667
v 0.197662 -0.243652 0.733458
v 0.193880 -0.350890 0.636481
v 0.245764 -0.228299 0.823184
v 0.241325 -0.256468 0.790620
v 0.182511 -0.335035 0.565003
v 0.180593 -0.351387 0.457785
v 0.208292 -0.385976 0.552549
v 0.247211 -0.313683 0.484239
v 0.179501 -0.340628 0.470100
v 0.181643 -0.372118 0.307914
v 0.262652 -0.272053 0.556996
v 0.313536 -0.256977 0.697603
v 0.238529 -0.414072 0.439842
v 0.382360 -0.147201 0.708672
v 0.327583 -0.255800 0.677821
v 0.289291 -0.260309 0.726544
v 0.363373 -0.030844 0.703287
v 0.362009 -0.033709 0.556232
v 0.322364 -0.175096 0.553324
v 0.271108 -0.289614 0.698399
v 0.262511 -0.298442 0.692236
v 0.215906 -0.405316 0.489991
v 0.212452 -0.398721 0.509760
v 0.213764 -0.389601 0.545780
v 0.221908 -0.388699 0.541104
v 0.287312 -0.244967 0.753244
v 0.292078 -0.230443 0.767986
v 0.377991 -0.038057 0.716544
v 0.365920 -0.033451 0.606095
v 0.186370 -0.346765 0.421178
v 0.181539 -0.349536 0.417887
v 0.189928 -0.334357 0.473811
v 0.204845 -0.334432 0.463691
v 0.253329 -0.220241 0.640261
v 0.288692 -0.111236 0.621944
v 0.341939 -0.027708 0.599191
v 0.360789 -0.083456 0.746534
v 0.325193 -0.158004 0.784246
v 0.360307 -0.051868 0.745695
v 0.368474 -0.032653 0.714892
v 0.367885 -0.038216 0.732759
v 0.374683 -0.046317 0.728899
v 0.303041 -0.084642 0.606014
v 0.205668 -0.303060 0.574937
v 0.196593 -0.317136 0.537696
v 0.186494 -0.330130 0.495875
v 0.185053 -0.353921 0.495039
v 0.197452 -0.374567 0.513919
v 0.255367 -0.241947 0.613391
v 0.347853 -0.026650 0.741863
v 0.323322 -0.129049 0.793403
v 0.314589 -0.169031 0.794391
v 0.309298 -0.154524 0.808484
v 0.309003 -0.181129 0.794914
v 0.286962 -0.196766 0.814376
v 0.270100 -0.228756 0.797372
v 0.261315 -0.270657 0.744723
v 0.226236 -0.327553 0.680133
v 0.202948 -0.363238 0.628099
v 0.202980 -0.370905 0.600285
v 0.178672 -0.331787 0.527772
v 0.178573 -0.316602 0.564227
v 0.185059 -0.312424 0.565642
v 0.205631 -0.268101 0.663650
v 0.225636 -0.245551 0.663710
v 0.252045 -0.160920 0.672617
v 0.292821 -0.025533 0.631559
v 0.352087 -0.032259 0.748153
v 0.295204 -0.169576 0.821504
v 0.287773 -0.208277 0.801515
v 0.267250 -0.242036 0.782496
v 0.241634 -0.267605 0.773061
v 0.226989 -0.313472 0.707364
v 0.212719 -0.342545 0.665811
v 0.208682 -0.358610 0.635575
v 0.200338 -0.355186 0.650882
v 0.203333 -0.346453 0.669166
v 0.233673 -0.282176 0.756411
v 0.244120 -0.241995 0.807438
v 0.275902 -0.199801 0.824616
v 0.313574 -0.108140 0.805674
v 0.340721 -0.046099 0.765530
v 0.331798 -0.022138 0.758463
v 0.233001 -0.235688 0.661945
v 0.180207 -0.308047 0.589271
v 0.195537 -0.353210 0.644491
v 0.185610 -0.322411 0.711400
v 0.178197 -0.319643 0.592121
v 0.184152 -0.300059 0.610525
v 0.194009 -0.284177 0.646898
v 0.240890 -0.179648 0.687457
v 0.263175 -0.108337 0.659176
v 0.288550 -0.013355 0.668100
v 0.337542 -0.029265 0.763295
v 0.330337 -0.051475 0.776862
v 0.308557 -0.094928 0.808784
v 0.296634 -0.147178 0.827998
v 0.295231 -0.158989 0.826122
v 0.279411 -0.184055 0.833910
v 0.263029 -0.206710 0.831126
v 0.251272 -0.220217 0.827766
v 0.230410 -0.265396 0.787725
v 0.214625 -0.303846 0.739917
v 0.199094 -0.333651 0.699904
v 0.196076 -0.348706 0.666396
v 0.176416 -0.311193 0.597745
v 0.195555 -0.276008 0.666006
v 0.208733 -0.241610 0.708641
v 0.217041 -0.193522 0.738087
v 0.261734 -0.046478 0.663118
v 0.264099 -0.017405 0.670251
v 0.310091 -0.016066 0.716459
v 0.315237 -0.016315 0.759184
v 0.322883 -0.021260 0.770532
v 0.322122 -0.023561 0.774506
v 0.321576 -0.045345 0.783750
v 0.298819 -0.095463 0.817716
v 0.296576 -0.111960 0.824877
v 0.286711 -0.134118 0.838963
v 0.273464 -0.175828 0.845598
v 0.264931 -0.189432 0.845089
v 0.250264 -0.209194 0.840361
v 0.233436 -0.252626 0.802336
v 0.193526 -0.328270 0.715387
v 0.192618 -0.333803 0.702990
v 0.173374 -0.290266 0.676969
v 0.184043 -0.312552 0.743771
v 0.183260 -0.321086 0.668798
v 0.203653 -0.294852 0.767089
v 0.242692 -0.212758 0.842413
v 0.263582 -0.178074 0.853414
v 0.265262 -0.163663 0.856285
v 0.278610 -0.144608 0.847252
v 0.291285 -0.102379 0.825604
v 0.312614 -0.042898 0.789651
v 0.313298 -0.019997 0.777690
v 0.263702 -0.005636 0.698856
v 0.245868 -0.060103 0.682371
v 0.234621 -0.101779 0.704255
v 0.229426 -0.163192 0.715417
v 0.217718 -0.215800 0.720540
v 0.178904 -0.287444 0.659980
v 0.174440 -0.293083 0.657778
v 0.181026 -0.309702 0.715263
v 0.173484 -0.286106 0.681249
v 0.194044 -0.234847 0.758836
v 0.210004 -0.219927 0.736664
v 0.222436 -0.144905 0.734530
v 0.227866 -0.103689 0.720032
v 0.231036 -0.081429 0.707467
v 0.236057 -0.058942 0.696071
v 0.241486 -0.033191 0.691894
v 0.244813 -0.006040 0.704246
v 0.264097 -0.008206 0.686057
v 0.277568 -0.007110 0.741889
v 0.293667 -0.010916 0.742254
v 0.298599 -0.012377 0.766771
v 0.304891 -0.017266 0.779267
v 0.302435 -0.043284 0.794574
v 0.285441 -0.076076 0.813678
v 0.297788 -0.058786 0.802785
v 0.272904 -0.122529 0.842299
v 0.267393 -0.144909 0.853698
v 0.256357 -0.160167 0.861586
v 0.249951 -0.180612 0.861962
v 0.237594 -0.204724 0.853547
v 0.225213 -0.216266 0.848518
v 0.220162 -0.248370 0.816637
v 0.212089 -0.264206 0.805051
v 0.199978 -0.283826 0.787910
v 0.190554 -0.305723 0.759828
v 0.189155 -0.316214 0.741163
v 0.186647 -0.301863 0.768430
v 0.190526 -0.291385 0.783001
v 0.250574 -0.171575 0.864086
v 0.245823 -0.167959 0.866511
v 0.264281 -0.120279 0.841076
v 0.266017 -0.099624 0.826084
v 0.258382 -0.117263 0.836954
v 0.246060 -0.160642 0.865246
v 0.185746 -0.271738 0.813086
v 0.178555 -0.286868 0.790784
v 0.182901 -0.294026 0.781669
v 0.176222 -0.271674 0.715881
v 0.188021 -0.239789 0.767649
v 0.205582 -0.193243 0.773279
v 0.207638 -0.158233 0.775140
v 0.218856 -0.135692 0.746831
v 0.222290 -0.110234 0.742558
v 0.221139 -0.121223 0.744892
v 0.224454 -0.071699 0.723640
v 0.228557 -0.037067 0.711619
v 0.234593 -0.022896 0.706809
v 0.234010 -0.016473 0.713920
v 0.242899 -0.010780 0.701371
v 0.259110 -0.003153 0.736122
v 0.253662 -0.001990 0.723046
v 0.281688 -0.010362 0.768386
v 0.281754 -0.038261 0.789816
v 0.237204 -0.149474 0.856563
v 0.238730 -0.160118 0.865340
v 0.188769 -0.241706 0.836654
v 0.180316 -0.281904 0.799802
v 0.172651 -0.282518 0.733667
v 0.177086 -0.293640 0.760429
v 0.178008 -0.257284 0.754547
v 0.196374 -0.210971 0.792007
v 0.208773 -0.182347 0.768108
v 0.211584 -0.135477 0.777624
v 0.230188 -0.103831 0.784047
v 0.252818 -0.016252 0.756030
v 0.249989 -0.056885 0.774562
v 0.222577 -0.104135 0.761211
v 0.222759 -0.088504 0.742617
v 0.223060 -0.053956 0.732247
v 0.227480 -0.032114 0.717675
v 0.236355 -0.009047 0.717902
v 0.249010 -0.001956 0.734090
v 0.236944 -0.031788 0.749487
v 0.224251 -0.048378 0.738791
v 0.231481 -0.049326 0.751500
v 0.231462 -0.024556 0.738539
v 0.240889 -0.007682 0.738683
v 0.260147 -0.007641 0.753405
v 0.267528 -0.014797 0.766752
v 0.251640 -0.087127 0.801046
v 0.252246 -0.110952 0.825835
v 0.233724 -0.158087 0.862276
v 0.180048 -0.257760 0.826130
v 0.174232 -0.273557 0.804869
v 0.168778 -0.264499 0.784656
v 0.184361 -0.234080 0.795518
v 0.176839 -0.250299 0.779398
v 0.195050 -0.207307 0.827091
v 0.201155 -0.175316 0.801219
v 0.207944 -0.141441 0.794249
v 0.216181 -0.130918 0.801139
v 0.216672 -0.161108 0.849301
v 0.196383 -0.216882 0.841982
v 0.173023 -0.258270 0.818774
v 0.187074 -0.232256 0.834159
v 0.169620 -0.259242 0.790772
v 0.170564 -0.265719 0.805483
v 0.185626 -0.229448 0.825505
v 0.213440 -0.182893 0.859237
v 0.204063 -0.189472 0.847844
v 0.207832 -0.185688 0.853625
v 0.200790 -0.170489 0.814852
v 0.202418 -0.162489 0.817776
v 0.215596 -0.147334 0.831476
v 0.205459 -0.150128 0.812072
v 0.203180 -0.202909 0.849849
v 0.174702 -0.263299 0.818177
v 0.230707 -0.120152 0.806922
v 0.237334 -0.102115 0.795022
v 0.206401 -0.208639 0.852876
v 0.267894 -0.081529 0.811825
v 0.199376 -0.233146 0.842028
v 0.289465 -0.029881 0.788764
v 0.183353 -0.261314 0.728571
v 0.218691 -0.202912 0.859727
v 0.238527 -0.192757 0.862473
v 0.216926 -0.215278 0.851916
v 0.299557 -0.019042 0.782809
v 0.218991 -0.271738 0.788761
v 0.196462 -0.346254 0.673790
v 0.191886 -0.352258 0.592237
v 0.280084 -0.232562 0.780664
v 0.188693 -0.362173 0.340801
v 0.345556 -0.029881 0.578214
v 0.312620 -0.268170 0.679896
v 0.333350 -0.228321 0.710494
v 0.197976 -0.266753 0.812905
v 0.264211 -0.209512 0.629258
v 0.230378 -0.259735 0.632097
v 0.184330 -0.325209 0.519110
v 0.249385 -0.293916 0.716883
v 0.287263 -0.220826 0.787200
v 0.232135 -0.355034 0.612997
v 0.241680 -0.331836 0.651406
v 0.213059 -0.375114 0.588646
v 0.204514 -0.384092 0.531246
v 0.212940 -0.394835 0.527269
v 0.210638 -0.384345 0.562777
v 0.230941 -0.339944 0.648332
v 0.223208 -0.379880 0.563737
v 0.295037 -0.215714 0.783373
v 0.261252 -0.318379 0.448344
v 0.237865 -0.346382 0.383118
v 0.230311 -0.353009 0.364896
v 0.190979 -0.372456 0.282818
v 0.185555 -0.383152 0.262192
v 0.198352 -0.402426 0.288877
v 0.214746 -0.422637 0.341087
v 0.221568 -0.429109 0.346602
v 0.232006 -0.434434 0.359903
v 0.243975 -0.423147 0.399936
v 0.287562 -0.324792 0.604144
v 0.420743 -0.063339 0.681240
v 0.360699 -0.090365 0.526808
v 0.312903 -0.214728 0.540746
v 0.282240 -0.293499 0.481486
v 0.221659 -0.365709 0.301794
v 0.191976 -0.381106 0.254064
v 0.197080 -0.389575 0.257060
v 0.219942 -0.421015 0.312655
v 0.225319 -0.427978 0.331853
v 0.232594 -0.431682 0.341886
v 0.224403 -0.415465 0.298493
v 0.213448 -0.370621 0.277881
v 0.229544 -0.359166 0.335034
v 0.282957 -0.302770 0.457148
v 0.376259 -0.036974 0.544387
v 0.288634 -0.351691 0.538604
v 0.247096 -0.428558 0.374319
v 0.233204 -0.433932 0.352638
v 0.223140 -0.374995 0.253730
v 0.284803 -0.310132 0.433662
v 0.322704 -0.237946 0.496841
v 0.337744 -0.170456 0.530835
v 0.355817 -0.107208 0.529357
v 0.437200 -0.066719 0.662887
v 0.418809 -0.132552 0.667211
v 0.327355 -0.297118 0.602444
v 0.284482 -0.369877 0.498063
v 0.238813 -0.366701 0.285238
v 0.300652 -0.306048 0.414891
v 0.336352 -0.212269 0.500178
v 0.396748 -0.043329 0.508557
v 0.413612 -0.145549 0.667034
v 0.344766 -0.266891 0.632340
v 0.301033 -0.362145 0.491481
v 0.258379 -0.428293 0.354999
v 0.236344 -0.376418 0.247405
v 0.247748 -0.389967 0.256600
v 0.283544 -0.395557 0.426264
v 0.448924 -0.063127 0.640530
v 0.325435 -0.249754 0.475688
v 0.281103 -0.327102 0.381385
v 0.247923 -0.369426 0.256851
v 0.286170 -0.420942 0.321318
v 0.273759 -0.425228 0.331009
v 0.288316 -0.418503 0.339032
v 0.332208 -0.308977 0.569713
v 0.440053 -0.116841 0.647079
v 0.400840 -0.047714 0.483973
v 0.375112 -0.136863 0.488877
v 0.327490 -0.275307 0.427279
v 0.300499 -0.323262 0.355594
v 0.270264 -0.369638 0.231862
v 0.286236 -0.339273 0.319598
v 0.343515 -0.254508 0.427752
v 0.390976 -0.133046 0.463882
v 0.410554 -0.050733 0.468725
v 0.462943 -0.066020 0.603776
v 0.464948 -0.094184 0.624279
v 0.376385 -0.284779 0.546427
v 0.301557 -0.395057 0.269470
v 0.282005 -0.358426 0.235390
v 0.294215 -0.350477 0.240182
v 0.300349 -0.332287 0.317754
v 0.337727 -0.281568 0.387596
v 0.387881 -0.171551 0.441476
v 0.417111 -0.054709 0.450633
v 0.439330 -0.161240 0.618896
v 0.377343 -0.269728 0.574025
v 0.303977 -0.414486 0.308189
v 0.312420 -0.332508 0.283009
v 0.375402 -0.216973 0.412076
v 0.426697 -0.060869 0.426709
v 0.482587 -0.086666 0.603031
v 0.351135 -0.331843 0.482939
v 0.304639 -0.412704 0.327537
v 0.318084 -0.404140 0.286731
v 0.325283 -0.384497 0.381028
v 0.437414 -0.185149 0.598059
v 0.492327 -0.080010 0.581559
v 0.416978 -0.103766 0.430234
v 0.394813 -0.176006 0.421961
v 0.365589 -0.258069 0.357685
v 0.309342 -0.340516 0.245700
v 0.288387 -0.365585 0.227063
v 0.349645 -0.281620 0.349813
v 0.409813 -0.134504 0.427041
v 0.438451 -0.056343 0.425273
v 0.450927 -0.180475 0.581089
v 0.396175 -0.271470 0.537611
v 0.336211 -0.380120 0.372505
v 0.308583 -0.352921 0.218774
v 0.337776 -0.306450 0.310536
v 0.407457 -0.169560 0.398451
v 0.462207 -0.062756 0.467797
v 0.397579 -0.263503 0.549521
v 0.360585 -0.344891 0.430576
v 0.322747 -0.406756 0.305077
v 0.325434 -0.330058 0.243335
v 0.402389 -0.194508 0.375860
v 0.434937 -0.095786 0.393331
v 0.502124 -0.086992 0.571849
v 0.428129 -0.248471 0.520349
v 0.350065 -0.379184 0.345681
v 0.329368 -0.336177 0.209296
v 0.370761 -0.273275 0.295264
v 0.414818 -0.180949 0.362295
v 0.505922 -0.085484 0.562465
v 0.492071 -0.125964 0.565666
v 0.406277 -0.286687 0.487064
v 0.338352 -0.399669 0.296409
v 0.331265 -0.344887 0.213154
v 0.346752 -0.317728 0.209108
v 0.422221 -0.175734 0.346904
v 0.446484 -0.062725 0.384886
v 0.486973 -0.070355 0.466116
v 0.504101 -0.111672 0.558230
v 0.354556 -0.391327 0.289253
v 0.356534 -0.313619 0.197324
v 0.407495 -0.224355 0.290543
v 0.462061 -0.061388 0.362135
v 0.461860 -0.200543 0.536155
v 0.425206 -0.269838 0.484603
v 0.361181 -0.384700 0.299646
v 0.356459 -0.311213 0.199761
v 0.432304 -0.166333 0.328347
v 0.458341 -0.064865 0.348386
v 0.462548 -0.062675 0.346786
v 0.461170 -0.075430 0.323726
v 0.433960 -0.173834 0.307003
v 0.372851 -0.296893 0.191197
v 0.357423 -0.318672 0.197346
v 0.370504 -0.382216 0.283726
v 0.437221 -0.266268 0.466645
v 0.492905 -0.160874 0.531024
v 0.480214 -0.063432 0.333391
v 0.385631 -0.278912 0.189957
v 0.379183 -0.376613 0.281910
v 0.425577 -0.288698 0.440328
v 0.491030 -0.186436 0.500400
v 0.530045 -0.110275 0.513888
v 0.458824 -0.252050 0.449561
v 0.376275 -0.379962 0.265328
v 0.394368 -0.279934 0.181741
v 0.451137 -0.142008 0.294727
v 0.475904 -0.062349 0.322409
v 0.537781 -0.099042 0.507074
v 0.400118 -0.362943 0.272190
v 0.397416 -0.365893 0.259298
v 0.477034 -0.106043 0.174006
v 0.187374 -0.380545 0.258180
v 0.263078 -0.428121 0.342469
v 0.423561 -0.346785 0.251684
v 0.423561 -0.346785 0.251684
v 0.423561 -0.346785 0.251684
v 0.426425 -0.341322 0.241539
v 0.457130 -0.174197 0.168934
v 0.574368 -0.103020 0.378570
v 0.577742 -0.096512 0.356769
v 0.545991 -0.194112 0.244646
v 0.583745 -0.085385 0.247225
v 0.330589 -0.403408 0.298221
v 0.542094 -0.092084 0.490828
v 0.425808 -0.344421 0.247503
v 0.576705 -0.099598 0.365850
v 0.215360 -0.396471 0.523254
v 0.479325 -0.103237 0.162473
v 0.542104 -0.096824 0.498006
v 0.542601 -0.094267 0.494898
v 0.241952 -0.004066 0.734940
v 0.181643 -0.372118 0.307914
v 0.178573 -0.316602 0.564227
f 695 696 707
f 695 708 1849
f 695 1849 5
f 1020 3 4
f 1020 4 636
f 4 3 1850
f 1566 4 1850
f 659 1018 2
f 2 709 7
f 653 693 30
f 653 30 6
f 30 697 6
f 6 697 1115
f 1094 1017 1851
f 698 1094 1851
f 635 698 633
f 1026 1565 1568
f 1103 652 1825
f 1051 1103 9
f 673 1024 1054
f 673 1054 711
f 10 673 711
f 1567 10 36
f 670 1015 77
f 629 1852 650
f 1032 1013 34
f 1105 1032 34
f 1105 34 672
f 1055 672 700
f 1055 700 11
f 1582 1866 1589
f 1589 1866 1571
f 1012 14 630
f 630 14 701
f 630 701 13
f 630 13 1118
f 15 37 675
f 1165 1120 1572
f 1572 38 628
f 628 38 714
f 628 714 625
f 625 1854 702
f 1011 16 1122
f 679 1122 17
f 17 39 730
f 17 40 626
f 626 40 715
f 643 1009 41
f 643 41 689
f 689 41 644
f 644 42 624
f 1022 678 723
f 1022 723 20
f 1022 20 622
f 622 1842 1036
f 19 1036 1842
f 703 1021 19
f 703 19 1843
f 1125 703 716
f 680 18 43
f 1822 43 1844
f 1822 1844 623
f 1844 43 717
f 1844 717 21
f 1044 21 23
f 21 717 45
f 21 45 23
f 1008 1044 23
f 23 45 46
f 23 2001 1845
f 23 1845 1008
f 1845 2001 718
f 1008 1845 704
f 1845 718 705
f 705 718 47
f 704 705 22
f 1846 705 47
f 1846 47 49
f 24 22 1846
f 706 1846 49
f 706 49 50
f 28 706 50
f 1848 28 50
f 1848 50 26
f 1848 26 707
f 27 696 620
f 1019 1006 1
f 1006 1028 1045
f 1006 1019 639
f 620 1045 662
f 25 1847 1127
f 1127 683 619
f 22 24 619
f 22 619 621
f 619 638 621
f 640 1563 1044
f 1037 1822 623
f 703 682 1021
f 1564 1009 643
f 1564 1010 1009
f 1564 626 1010
f 1564 679 626
f 1602 1122 679
f 1108 1011 1122
f 702 1011 1108
f 702 1854 1011
f 1165 675 1014
f 645 1033 627
f 676 648 627
f 676 627 1033
f 648 647 1118
f 629 1068 670
f 671 1567 12
f 1071 1051 1024
f 649 1051 1071
f 649 1103 1051
f 649 652 1103
f 652 669 1825
f 669 631 1825
f 631 669 1025
f 1031 1025 669
f 1025 1026 1568
f 1565 651 1824
f 651 1569 632
f 651 632 1824
f 1569 656 632
f 656 1016 632
f 656 667 1016
f 667 1573 1016
f 1573 635 1016
f 1067 698 635
f 1067 1064 698
f 1064 1094 698
f 634 1093 654
f 634 654 1017
f 653 666 693
f 666 637 693
f 637 655 7
f 1027 659 2
f 1113 636 1030
f 636 4 1566
f 1113 639 1020
f 619 683 638
f 1007 640 1044
f 640 684 1563
f 641 2021 684
f 1037 623 641
f 681 1037 641
f 681 641 684
f 1586 682 1125
f 1073 622 1036
f 646 702 1108
f 1023 628 1089
f 1034 1165 1023
f 1588 675 1043
f 1049 674 630
f 1055 11 1582
f 672 1052 1105
f 1105 1052 1032
f 1107 1015 1110
f 1082 12 1107
f 1050 673 10
f 1090 669 652
f 1573 1574 635
f 1574 1067 635
f 1094 1093 634
f 1832 1065 653
f 1065 666 653
f 666 655 637
f 668 657 659
f 658 1030 664
f 1029 662 1039
f 621 638 661
f 621 661 640
f 660 640 661
f 1038 684 640
f 660 661 685
f 1039 663 1061
f 663 664 1575
f 664 1058 1575
f 1058 664 1059
f 1059 668 1063
f 668 659 1578
f 1839 1578 1027
f 1056 1839 655
f 1065 1056 666
f 1833 1093 1094
f 1091 1094 1064
f 1097 1573 667
f 656 1097 667
f 1579 1569 1026
f 1579 1026 1031
f 1580 1579 1031
f 1069 1580 1031
f 1084 652 649
f 1084 649 1071
f 1590 1110 670
f 1068 650 1595
f 1048 1595 650
f 1581 1070 1052
f 1593 1052 672
f 1570 672 1055
f 1128 1582 1589
f 1081 1589 1053
f 1053 1823 674
f 692 1049 630
f 692 630 647
f 647 1033 1080
f 1596 1080 1033
f 646 1108 1827
f 1827 1108 1042
f 1042 1108 677
f 1042 677 1079
f 1079 677 1602
f 690 643 689
f 689 644 1087
f 1087 644 691
f 691 644 1035
f 1035 1561 691
f 678 691 1561
f 1074 691 678
f 1022 622 1073
f 1073 1036 682
f 687 1586 680
f 686 1583 687
f 686 680 1822
f 686 1822 1037
f 688 1037 681
f 685 638 683
f 660 685 1038
f 685 1559 1092
f 1038 685 1092
f 1040 1038 1092
f 681 684 1040
f 688 1583 686
f 1077 1583 1584
f 1076 682 1586
f 1073 1112 1041
f 1074 1041 1112
f 1111 689 1087
f 1111 690 689
f 1587 1827 1042
f 1070 1595 1048
f 1591 1050 1132
f 1095 1066 1569
f 1610 1143 1573
f 1143 1574 1573
f 1102 1067 1574
f 1101 1056 1065
f 1101 1839 1056
f 1098 1063 1578
f 1062 1059 1063
f 1836 1058 1059
f 1836 1059 2016
f 1092 1075 1040
f 1835 1039 1099
f 1099 1061 1576
f 1099 1836 1560
f 1837 1577 1098
f 1834 1098 1578
f 1834 1578 1839
f 1838 1627 1832
f 1102 1064 1067
f 1624 1066 1095
f 1840 1831 1069
f 1096 1840 1090
f 1138 1096 1090
f 1138 1090 1084
f 1195 1590 1068
f 1592 1195 1068
f 1595 1592 1068
f 1109 1594 1581
f 642 1109 1581
f 1055 1582 1128
f 1081 1053 1072
f 692 1080 1078
f 1644 1089 1827
f 1124 690 1111
f 1088 1077 1584
f 1088 1584 1075
f 1601 685 1060
f 1060 1039 1601
f 1559 685 1600
f 1559 1117 1092
f 1092 1117 1121
f 1092 1121 1075
f 1075 1121 1562
f 1088 1075 1562
f 1562 1077 1088
f 1116 1077 1562
f 1116 1599 1077
f 1599 1114 1585
f 1598 1112 1076
f 1112 1597 1074
f 1201 1087 1074
f 1159 1087 1201
f 1111 1087 1159
f 679 1564 1828
f 1217 692 1078
f 1217 1086 692
f 1083 1081 1072
f 1646 1589 1081
f 1128 1589 1646
f 1595 1169 1592
f 1607 1136 1104
f 1138 1623 1096
f 1623 1840 1096
f 1831 1821 1580
f 1624 1140 1066
f 1140 1610 1066
f 1102 1626 1091
f 1626 1611 1091
f 1611 1833 1091
f 1182 1832 1627
f 1145 1065 1832
f 1834 1146 1098
f 1146 1837 1098
f 1560 1837 1100
f 1601 1835 1150
f 1099 1150 1835
f 1100 1146 1148
f 1146 1834 1185
f 1179 1627 1611
f 1611 1627 1838
f 1631 1178 1102
f 1631 1102 1830
f 1140 1175 1610
f 1609 1821 1831
f 1173 1609 1831
f 1623 1173 1831
f 1605 1134 1607
f 1605 1591 1606
f 1132 1082 1604
f 1130 1604 1107
f 1635 1195 1592
f 1169 1635 1592
f 1621 1106 1109
f 1167 1621 1109
f 1197 1570 1256
f 1645 1596 1588
f 1619 1165 1644
f 1644 1827 1163
f 1637 1602 679
f 1828 690 1124
f 1598 1158 1112
f 1123 1829 1116
f 1116 1562 1123
f 1562 1121 1123
f 1150 1820 1601
f 1601 1820 1600
f 1600 1119 1559
f 1121 1119 1614
f 1614 1123 1121
f 1153 1155 1123
f 1155 1114 1829
f 1155 1616 1114
f 1211 1597 1112
f 1828 1124 1617
f 1637 1079 1602
f 1126 1587 1637
f 1645 1078 1596
f 1078 1663 1217
f 1620 1664 1072
f 1254 1083 1072
f 1254 1072 1664
f 1193 1132 1604
f 1193 1606 1132
f 1606 1622 1605
f 1622 1134 1605
f 1134 1171 1136
f 1171 1608 1136
f 1192 1189 1140
f 1175 1625 1143
f 1631 1830 1143
f 1630 1628 1182
f 1628 1185 1101
f 1613 1100 1148
f 1099 1560 1100
f 1099 1100 1613
f 1150 1613 1148
f 1150 1148 1206
f 1150 1206 1639
f 1119 1820 1558
f 1614 1153 1123
f 1615 1153 1203
f 1642 1158 1616
f 1642 1616 1638
f 1211 1112 1642
f 1643 1159 1201
f 1643 1660 1159
f 1660 1124 1159
f 1617 1124 1660
f 1162 1828 1617
f 1248 1637 1618
f 1251 1165 1619
f 1647 1221 1169
f 1221 1635 1169
f 1648 1195 1635
f 1130 1225 1604
f 1225 1193 1604
f 1650 1606 1193
f 1650 1651 1606
f 1652 1231 1608
f 1231 1633 1608
f 1633 1653 1173
f 1633 1173 1623
f 1653 1233 1173
f 1235 1192 1624
f 1192 1632 1189
f 1557 1175 1189
f 1655 1631 1625
f 1237 1178 1631
f 1656 1178 1237
f 1656 1179 1626
f 1206 1658 1286
f 1658 1629 1819
f 1657 1241 1630
f 1239 1280 1179
f 1278 1239 1179
f 1278 1179 1656
f 1818 1553 1631
f 1818 1631 1655
f 1654 1235 1233
f 1272 1231 1652
f 1229 1652 1171
f 1229 1171 1622
f 1171 1134 1622
f 1651 1229 1622
f 1227 1651 1650
f 1634 1267 1225
f 1195 1649 1634
f 1636 1197 1666
f 1707 1646 1083
f 1707 1083 1254
f 1215 1199 1251
f 1213 1163 1249
f 1694 1126 1637
f 1694 1637 1248
f 1551 1162 1617
f 1245 1638 1209
f 1203 1614 1641
f 1558 1820 1207
f 1641 1614 1119
f 1153 1614 1203
f 1119 1558 1641
f 1558 1207 1641
f 1555 1639 1640
f 1207 1820 1681
f 1245 1642 1638
f 1695 1642 1245
f 1695 1211 1642
f 1643 1211 1313
f 1247 1617 1660
f 1248 1700 1694
f 1249 1126 1694
f 1693 1644 1312
f 1251 1644 1693
f 1308 1645 1215
f 1645 1691 1078
f 1307 1217 1663
f 1664 1217 1253
f 1707 1690 1646
f 1690 1340 1646
f 1342 1665 1128
f 1262 1221 1260
f 1669 1221 1262
f 1264 1223 1669
f 1649 1223 1264
f 1671 1268 1267
f 1268 1225 1267
f 1270 1227 1650
f 1227 1294 1229
f 1294 1673 1229
f 1674 1274 1231
f 1653 1633 1231
f 1654 1556 1235
f 1556 1192 1235
f 1277 1632 1556
f 1556 1632 1192
f 1682 1278 1656
f 1278 1288 1239
f 1288 1280 1239
f 1280 1677 1657
f 1280 1657 1179
f 1677 1241 1657
f 1282 1658 1819
f 1282 1819 1678
f 1245 1243 1696
f 1316 1245 1696
f 1313 1660 1643
f 1554 1661 1551
f 1325 1661 1554
f 1326 1249 1694
f 1329 1251 1693
f 1692 1308 1310
f 1308 1331 1645
f 1691 1645 1331
f 1307 1253 1217
f 1304 1689 1258
f 1304 1258 1666
f 1689 1667 1258
f 1689 1668 1667
f 1689 1303 1668
f 1668 1303 1262
f 1262 1303 1688
f 1300 1264 1688
f 1670 1264 1300
f 1670 1687 1671
f 1649 1671 1267
f 1687 1298 1671
f 1298 1268 1671
f 1298 1672 1268
f 1672 1686 1270
f 1686 1297 1270
f 1297 1685 1294
f 1294 1684 1673
f 1293 1674 1684
f 1274 1675 1653
f 1675 1683 1654
f 1654 1277 1556
f 1277 1290 1632
f 1676 1722 1655
f 1722 1818 1655
f 1237 1682 1656
f 1677 1288 1725
f 1678 1241 1677
f 1320 1243 1641
f 1679 1243 1320
f 1697 1318 1681
f 1697 1681 1640
f 1680 1640 1286
f 1375 1284 1725
f 1726 1725 1724
f 1374 1278 1682
f 1723 1682 1553
f 1723 1553 1371
f 1826 1371 1722
f 1818 1722 1371
f 1370 1722 1721
f 1818 1371 1553
f 1721 1722 1676
f 1367 1721 1290
f 1277 1366 1367
f 1683 1366 1277
f 1683 1719 1366
f 1363 1719 1675
f 1293 1362 1363
f 1552 1718 1293
f 1355 1716 1686
f 1687 1670 1300
f 1303 1817 1347
f 1689 1817 1303
f 1711 1817 1689
f 1346 1711 1304
f 1346 1304 1710
f 1304 1666 1710
f 1708 1709 1342
f 1708 1342 1340
f 1338 1664 1337
f 1705 1337 1253
f 1705 1253 1307
f 1704 1332 1691
f 1703 1331 1308
f 1702 1703 1692
f 1702 1692 1310
f 1701 1329 1693
f 1701 1693 1404
f 1404 1693 1312
f 1404 1312 1761
f 1761 1312 1662
f 1551 1247 1813
f 1813 1247 1322
f 1737 1322 1313
f 1737 1313 1695
f 1737 1695 1435
f 1435 1695 1316
f 1435 1316 1698
f 1696 1698 1316
f 1758 1640 1434
f 1318 1697 1758
f 1320 1641 1318
f 1320 1318 1757
f 1679 1320 1486
f 1698 1679 1399
f 1698 1399 1435
f 1813 1322 1737
f 1401 1551 1813
f 1325 1554 1699
f 1436 1700 1325
f 1739 1662 1326
f 1739 1761 1662
f 1741 1701 1404
f 1741 1743 1329
f 1743 1408 1702
f 1410 1703 1408
f 1334 1332 1410
f 1412 1705 1334
f 1746 1748 1337
f 1706 1748 1414
f 1417 1750 1690
f 1750 1749 1708
f 1749 1419 1708
f 1419 1751 1343
f 1419 1343 1708
f 1751 1418 1346
f 1751 1346 1343
f 1347 1350 1712
f 1350 1541 1812
f 1712 1350 1714
f 1713 1350 1542
f 1352 1300 1714
f 1352 1687 1300
f 1713 1544 1387
f 1354 1687 1352
f 1354 1352 1387
f 1730 1386 1715
f 1354 1715 1355
f 1354 1355 1298
f 1715 1386 1391
f 1355 1391 1716
f 1716 1357 1686
f 1391 1357 1716
f 1717 1729 1728
f 1717 1728 1359
f 1359 1728 1552
f 1728 1383 1718
f 1552 1728 1718
f 1383 1382 1718
f 1359 1552 1684
f 1382 1362 1718
f 1718 1362 1293
f 1362 1382 1815
f 1363 1815 1547
f 1363 1547 1719
f 1719 1547 1550
f 1719 1550 1366
f 1720 1549 1367
f 1380 1727 1723
f 1727 1724 1374
f 1375 1725 1726
f 1398 1680 1377
f 1736 1726 1727
f 1734 1395 1380
f 1543 1734 1380
f 1380 1826 1543
f 1546 1543 1826
f 1549 1540 1546
f 1549 1816 1540
f 1720 1816 1549
f 1550 1814 1816
f 1720 1550 1816
f 1366 1550 1720
f 1547 1545 1814
f 1547 1814 1550
f 1548 1545 1547
f 1815 1548 1547
f 1371 1826 1380
f 1370 1546 1826
f 1721 1549 1370
f 1382 1548 1815
f 1548 1382 1383
f 1729 1394 1383
f 1733 1729 1717
f 1733 1717 1391
f 1391 1717 1357
f 1425 1391 1386
f 1387 1730 1715
f 1544 1732 1730
f 1544 1730 1387
f 1731 1390 1732
f 1386 1730 1423
f 1423 1732 1422
f 1733 1425 1754
f 1733 1754 1394
f 1729 1733 1394
f 1394 1479 1424
f 1383 1394 1424
f 1548 1427 1545
f 1814 1539 1816
f 1816 1539 1540
f 1540 1539 1811
f 1546 1426 1543
f 1543 1426 1734
f 1481 1395 1734
f 1756 1736 1395
f 1756 1735 1736
f 1429 1434 1398
f 1429 1398 1735
f 1398 1377 1735
f 1318 1431 1757
f 1757 1486 1320
f 1486 1399 1679
f 1489 1737 1435
f 1489 1759 1737
f 1401 1759 1437
f 1760 1436 1402
f 1439 1404 1761
f 1439 1740 1404
f 1441 1741 1740
f 1743 1741 1441
f 1743 1451 1742
f 1743 1742 1408
f 1451 1449 1742
f 1742 1449 1405
f 1449 1767 1405
f 1454 1744 1405
f 1454 1453 1744
f 1769 1745 1453
f 1769 1746 1745
f 1747 1746 1769
f 1747 1770 1414
f 1471 1414 1770
f 1415 1416 1471
f 1771 1750 1415
f 1771 1749 1750
f 1472 1749 1771
f 1472 1777 1419
f 1777 1445 1419
f 1419 1445 1751
f 1817 1418 1420
f 1418 1817 1346
f 1476 1420 1474
f 1420 1476 1812
f 1421 1810 1544
f 1421 1544 1713
f 1542 1421 1713
f 1817 1420 1541
f 1541 1420 1812
f 1812 1752 1350
f 1752 1542 1350
f 1478 1780 1390
f 1480 1422 1732
f 1423 1753 1425
f 1424 1479 1427
f 1427 1548 1424
f 1427 1482 1545
f 1545 1482 1536
f 1545 1536 1814
f 1814 1536 1809
f 1814 1809 1539
f 1539 1809 1535
f 1539 1535 1811
f 1811 1535 1755
f 1540 1811 1428
f 1540 1428 1546
f 1426 1546 1428
f 1481 1756 1395
f 1783 1429 1735
f 1783 1735 1484
f 1483 1429 1783
f 1486 1757 1487
f 1433 1399 1486
f 1437 1738 1401
f 1438 1437 1786
f 1438 1786 1785
f 1438 1738 1437
f 1402 1699 1738
f 1402 1785 1488
f 1760 1402 1488
f 1760 1488 1491
f 1491 1440 1760
f 1439 1788 1740
f 1788 1493 1740
f 1493 1441 1740
f 1493 1762 1441
f 1743 1441 1762
f 1442 1762 1531
f 1442 1531 1533
f 1766 1442 1533
f 1451 1766 1449
f 1766 1533 1444
f 1450 1766 1444
f 1450 1444 1465
f 1779 1475 1765
f 1448 1765 1537
f 1448 1537 1443
f 1764 1446 1443
f 1445 1778 1474
f 1476 1443 1752
f 1443 1537 1752
f 1537 1475 1810
f 1478 1475 1779
f 1780 1779 1538
f 1779 1808 1538
f 1808 1807 1538
f 1807 1477 1538
f 1807 1497 1477
f 1422 1498 1753
f 1753 1781 1425
f 1753 1500 1781
f 1781 1500 1501
f 1479 1501 1427
f 1427 1501 1482
f 1536 1532 1809
f 1794 1503 1535
f 1485 1483 1796
f 1509 1784 1485
f 1795 1489 1433
f 1795 1433 1784
f 1488 1530 1491
f 1491 1510 1787
f 1439 1440 1788
f 1788 1520 1519
f 1492 1788 1801
f 1802 1492 1801
f 1492 1494 1493
f 1762 1789 1531
f 1534 1497 1807
f 1444 1533 1534
f 1444 1534 1763
f 1447 1808 1779
f 1533 1531 1495
f 1763 1534 1807
f 1763 1807 1808
f 1498 1496 1803
f 1499 1498 1803
f 1791 1514 1500
f 1499 1791 1500
f 1500 1514 1501
f 1798 1536 1482
f 1798 1800 1532
f 1798 1532 1536
f 1532 1800 1805
f 1799 1512 1805
f 1805 1809 1532
f 1512 1792 1805
f 1805 1792 1809
f 1512 1527 1792
f 1527 1794 1792
f 1792 1535 1809
f 1792 1794 1535
f 1535 1503 1755
f 1503 1794 1502
f 1503 1502 1529
f 1755 1503 1529
f 1755 1529 1782
f 1529 1502 1793
f 1529 1793 1806
f 1782 1529 1806
f 1782 1806 1481
f 1511 1508 1793
f 1511 1793 1502
f 1511 1502 1505
f 1797 1511 1505
f 1491 1797 1510
f 1491 1530 1797
f 1787 1510 1527
f 1787 1527 1512
f 1800 1799 1805
f 1517 1800 1798
f 1514 1517 1513
f 1791 1517 1514
f 1791 1521 1517
f 1521 1516 1517
f 1522 1519 1515
f 1515 1518 1516
f 1804 1802 1522
f 1523 1804 1522
f 1528 1523 1524
f 1528 1524 1803
f 1497 1803 1496
f 1528 1790 1495
f 1528 1495 1525
f 1495 1804 1525
f 1495 1789 1804
f 1804 1789 1494
f 1804 1494 1526
f 1526 1494 1492
f 1526 1492 1802
f 1526 1802 1804
f 1525 1804 1523
f 1525 1523 1528
f 1497 1528 1803
f 1523 1522 1521
f 1523 1521 1524
f 1802 1801 1519
f 1802 1519 1522
f 1519 1801 1788
f 1516 1518 1799
f 1516 1799 1517
f 1517 1799 1800
f 1518 1515 1512
f 1518 1512 1799
f 1512 1490 1787
f 1490 1512 1515
f 1520 1490 1515
f 1519 1520 1515
f 1522 1515 1516
f 1521 1522 1516
f 1524 1521 1791
f 1524 1791 1499
f 1803 1524 1499
f 1798 1513 1517
f 1504 1511 1797
f 1504 1506 1511
f 1506 1508 1511
f 1506 1509 1508
f 1509 1796 1508
f 1509 1485 1796
f 1795 1784 1509
f 1795 1509 1506
f 1507 1795 1506
f 1507 1506 1504
f 1504 1530 1507
f 1797 1530 1504
f 1527 1510 1797
f 1527 1797 1794
f 1794 1797 1505
f 1505 1502 1794
f 1508 1796 1806
f 1508 1806 1793
f 1806 1796 1783
f 1796 1483 1783
f 1798 1482 1501
f 1513 1798 1501
f 1513 1501 1514
f 1498 1499 1500
f 1498 1500 1753
f 1496 1498 1480
f 1497 1496 1477
f 1528 1497 1790
f 1534 1790 1497
f 1533 1495 1790
f 1533 1790 1534
f 1495 1531 1789
f 1789 1762 1494
f 1494 1762 1493
f 1492 1493 1788
f 1520 1788 1440
f 1490 1520 1440
f 1490 1440 1787
f 1491 1787 1440
f 1785 1530 1488
f 1785 1507 1530
f 1785 1786 1507
f 1786 1489 1507
f 1507 1489 1795
f 1486 1487 1784
f 1784 1433 1486
f 1784 1487 1485
f 1481 1783 1484
f 1806 1783 1481
f 1430 1782 1481
f 1428 1782 1430
f 1428 1755 1782
f 1781 1501 1479
f 1781 1479 1754
f 1480 1498 1422
f 1477 1496 1480
f 1538 1477 1480
f 1779 1780 1478
f 1478 1810 1475
f 1537 1765 1475
f 1778 1443 1476
f 1474 1778 1476
f 1418 1445 1474
f 1751 1445 1418
f 1446 1448 1443
f 1452 1767 1450
f 1454 1405 1767
f 1455 1768 1466
f 1456 1455 1468
f 1458 1456 1468
f 1458 1468 1469
f 1747 1456 1458
f 1770 1747 1458
f 1471 1770 1457
f 1460 1457 1458
f 1460 1458 1470
f 1471 1457 1460
f 1415 1471 1460
f 1460 2020 1459
f 1777 1459 1461
f 1459 1776 1461
f 1776 1467 1461
f 1764 1772 1446
f 1468 1462 1775
f 1458 1469 1776
f 1470 1458 1776
f 1470 1776 1459
f 1776 1469 1467
f 1469 1775 1467
f 1469 1468 1775
f 1468 1455 1466
f 1468 1466 1462
f 1462 1773 1464
f 1462 1464 1463
f 1774 1464 1473
f 1774 1473 1765
f 1772 1774 1448
f 1463 1464 1774
f 1463 1774 1772
f 1772 1448 1446
f 1448 1774 1765
f 1464 1465 1473
f 1464 1450 1465
f 1452 1450 1464
f 1773 1768 1452
f 1773 1452 1464
f 1466 1768 1773
f 1466 1773 1462
f 1775 1462 1463
f 1775 1463 1772
f 1467 1775 1772
f 1467 1772 1764
f 1461 1467 1764
f 1459 1777 1472
f 1459 1472 1771
f 1460 1459 1771
f 1460 1771 1415
f 1458 1457 1770
f 1456 1747 1769
f 1456 1769 1455
f 1455 1769 1453
f 1455 1453 1768
f 1768 1453 1454
f 1768 1454 1452
f 1452 1454 1767
f 1449 1766 1767
f 1450 1767 1766
f 1473 1465 1447
f 1777 1461 1764
f 1777 1764 1778
f 1777 1778 1445
f 1778 1764 1443
f 1765 1473 1779
f 1473 1447 1779
f 1447 1465 1808
f 1465 1763 1808
f 1465 1444 1763
f 1766 1451 1442
f 1442 1451 1762
f 1762 1451 1743
f 1439 1761 1739
f 1439 1739 1440
f 1440 1739 1436
f 1440 1436 1760
f 1738 1438 1785
f 1738 1785 1402
f 1437 1759 1786
f 1759 1489 1786
f 1433 1489 1435
f 1433 1435 1399
f 1432 1431 1758
f 1758 1434 1429
f 1432 1487 1757
f 1432 1757 1431
f 1487 1432 1485
f 1485 1432 1758
f 1485 1758 1483
f 1429 1483 1758
f 1756 1484 1735
f 1481 1484 1756
f 1734 1430 1481
f 1426 1430 1734
f 1426 1428 1430
f 1755 1428 1811
f 1754 1479 1394
f 1425 1781 1754
f 1422 1753 1423
f 1780 1480 1732
f 1538 1480 1780
f 1810 1478 1390
f 1810 1390 1731
f 1810 1731 1544
f 1810 1421 1542
f 1537 1810 1542
f 1752 1537 1542
f 1476 1752 1812
f 1418 1474 1420
f 1472 1419 1749
f 1415 1750 1417
f 1415 1417 1416
f 1471 1416 1706
f 1471 1706 1414
f 1747 1414 1748
f 1747 1748 1746
f 1746 1412 1745
f 1745 1412 1334
f 1745 1334 1453
f 1453 1334 1410
f 1453 1410 1744
f 1744 1410 1408
f 1405 1744 1408
f 1742 1405 1408
f 1741 1404 1740
f 1739 1326 1436
f 1402 1436 1325
f 1402 1325 1699
f 1699 1554 1738
f 1554 1401 1738
f 1759 1401 1813
f 1737 1759 1813
f 1431 1318 1758
f 1398 1434 1680
f 1736 1727 1395
f 1736 1735 1377
f 1424 1548 1383
f 1733 1391 1425
f 1425 1386 1423
f 1732 1423 1730
f 1390 1780 1732
f 1731 1732 1544
f 1729 1383 1728
f 1546 1370 1549
f 1380 1395 1727
f 1736 1377 1726
f 1377 1375 1726
f 1680 1434 1640
f 1284 1377 1680
f 1284 1375 1377
f 1726 1724 1727
f 1727 1374 1723
f 1371 1380 1723
f 1370 1826 1722
f 1367 1549 1721
f 1720 1367 1366
f 1815 1363 1362
f 1717 1359 1685
f 1717 1685 1357
f 1715 1391 1355
f 1715 1354 1387
f 1713 1387 1352
f 1713 1352 1714
f 1713 1714 1350
f 1541 1350 1347
f 1817 1541 1347
f 1346 1817 1711
f 1343 1346 1710
f 1343 1710 1708
f 1708 1340 1750
f 1690 1750 1340
f 1417 1690 1707
f 1417 1707 1416
f 1416 1707 1338
f 1416 1338 1706
f 1706 1338 1748
f 1748 1338 1337
f 1412 1746 1337
f 1412 1337 1705
f 1334 1705 1332
f 1332 1704 1410
f 1703 1410 1704
f 1703 1704 1331
f 1408 1703 1702
f 1743 1702 1310
f 1329 1743 1310
f 1701 1741 1329
f 1326 1694 1436
f 1436 1694 1700
f 1554 1551 1401
f 1758 1697 1640
f 1696 1679 1698
f 1322 1660 1313
f 1322 1247 1660
f 1662 1249 1326
f 1329 1310 1215
f 1692 1703 1308
f 1331 1704 1691
f 1332 1307 1691
f 1705 1307 1332
f 1337 1664 1253
f 1338 1254 1664
f 1338 1707 1254
f 1708 1710 1666
f 1708 1666 1709
f 1304 1711 1689
f 1347 1712 1688
f 1347 1688 1303
f 1714 1688 1712
f 1714 1300 1688
f 1354 1298 1687
f 1298 1355 1672
f 1672 1355 1686
f 1686 1357 1297
f 1357 1685 1297
f 1685 1359 1684
f 1685 1684 1294
f 1552 1293 1684
f 1293 1363 1274
f 1363 1675 1274
f 1719 1683 1675
f 1367 1290 1277
f 1374 1682 1723
f 1374 1724 1278
f 1724 1725 1288
f 1724 1288 1278
f 1725 1284 1677
f 1284 1678 1677
f 1286 1282 1680
f 1282 1678 1284
f 1284 1680 1282
f 1641 1681 1318
f 1696 1243 1679
f 1641 1207 1681
f 1677 1280 1288
f 1682 1237 1553
f 1721 1676 1290
f 1683 1277 1654
f 1293 1274 1674
f 1684 1674 1272
f 1684 1272 1673
f 1297 1294 1227
f 1297 1227 1270
f 1672 1270 1268
f 1670 1671 1649
f 1670 1649 1264
f 1688 1264 1669
f 1688 1669 1262
f 1668 1262 1260
f 1709 1666 1256
f 1709 1256 1665
f 1342 1709 1665
f 1307 1663 1691
f 1308 1215 1310
f 1329 1215 1251
f 1312 1644 1213
f 1312 1213 1662
f 1662 1213 1249
f 1700 1248 1325
f 1325 1248 1661
f 1661 1162 1551
f 1247 1551 1617
f 1313 1211 1695
f 1316 1695 1245
f 1245 1209 1243
f 1209 1659 1243
f 1659 1641 1243
f 1681 1555 1640
f 1282 1286 1658
f 1678 1819 1241
f 1553 1237 1631
f 1676 1655 1557
f 1290 1676 1632
f 1675 1654 1233
f 1653 1675 1233
f 1231 1274 1653
f 1272 1674 1231
f 1673 1272 1652
f 1673 1652 1229
f 1227 1229 1651
f 1650 1225 1270
f 1268 1270 1225
f 1267 1634 1649
f 1649 1195 1223
f 1223 1648 1669
f 1669 1648 1221
f 1260 1221 1647
f 1668 1260 1647
f 1668 1647 1219
f 1667 1668 1219
f 1667 1219 1636
f 1667 1636 1258
f 1258 1636 1666
f 1340 1342 1128
f 1340 1128 1646
f 1663 1078 1691
f 1661 1248 1618
f 1661 1618 1162
f 1659 1203 1641
f 1555 1681 1820
f 1286 1640 1639
f 1206 1286 1639
f 1659 1615 1203
f 1209 1638 2022
f 1209 1615 1659
f 1643 1201 1211
f 1163 1126 1249
f 1644 1163 1213
f 1251 1619 1644
f 1215 1645 1199
f 1664 1620 1217
f 1197 1256 1666
f 1197 1636 1603
f 1636 1219 1603
f 1221 1648 1635
f 1648 1223 1195
f 1634 1130 1195
f 1634 1225 1130
f 1650 1193 1225
f 1233 1235 1173
f 1632 1676 1557
f 1632 1557 1189
f 1557 1655 1625
f 1657 1187 1179
f 1657 1627 1187
f 1630 1627 1657
f 1241 1819 1184
f 1241 1184 1630
f 1629 1184 1819
f 1629 1658 1206
f 1629 1206 1612
f 1629 1612 1185
f 1629 1185 1628
f 1184 1629 1628
f 1630 1184 1628
f 1627 1630 1182
f 1179 1187 1627
f 1656 1626 1178
f 1557 1625 1175
f 1235 1624 1609
f 1173 1235 1609
f 1633 1623 1608
f 1171 1652 1608
f 1651 1622 1606
f 1647 1169 1621
f 1219 1647 1621
f 1219 1621 1167
f 1219 1167 1603
f 1665 1055 1128
f 1083 1646 1081
f 1251 1199 1165
f 1618 1828 1162
f 1201 1597 1211
f 1158 1642 1112
f 1638 1616 1155
f 1638 1155 2022
f 1155 1153 2022
f 1555 1820 1150
f 1555 1150 1639
f 1612 1206 1148
f 1613 1150 1099
f 1612 1148 1146
f 1612 1146 1185
f 1182 1628 1145
f 1626 1179 1611
f 1178 1626 1102
f 1625 1631 1143
f 1175 1143 1610
f 1140 1189 1175
f 1192 1140 1624
f 1136 1608 1138
f 1134 1136 1607
f 1606 1591 1132
f 1195 1130 1107
f 1621 1169 1106
f 1620 1086 1217
f 1645 1043 1199
f 1165 1199 1043
f 1163 1827 1587
f 1163 1587 1126
f 1587 1079 1637
f 1618 1637 679
f 1618 679 1828
f 1158 1598 1616
f 1114 1616 1598
f 1123 1155 1829
f 1559 1119 1117
f 1117 1119 1121
f 1820 1119 1600
f 1116 1829 1599
f 1829 1114 1599
f 1201 1074 1597
f 1124 1111 1159
f 1645 1588 1043
f 1256 1570 1665
f 1197 1593 1570
f 1603 1593 1197
f 1603 1167 642
f 1603 642 1593
f 642 1167 1109
f 1109 1106 1594
f 1106 1595 1594
f 1106 1169 1595
f 1107 1590 1195
f 1136 1138 1104
f 1608 1623 1138
f 1623 1831 1840
f 1609 1624 1821
f 1182 1145 1832
f 1145 1628 1065
f 1628 1101 1065
f 1185 1834 1101
f 1100 1837 1146
f 1837 1560 1836
f 1577 1837 1836
f 1834 1839 1101
f 1611 1838 1833
f 1066 1610 1097
f 1624 1095 1579
f 1821 1624 1579
f 1104 1138 1084
f 1104 1084 1071
f 1607 1104 1071
f 1605 1607 1085
f 1082 1107 1604
f 1570 1055 1665
f 1620 1072 1049
f 1620 1049 1086
f 1078 1080 1596
f 1165 1034 1644
f 1587 1042 1079
f 1598 1076 1586
f 1114 1598 1586
f 1077 1599 1585
f 1600 685 1601
f 1601 1039 1835
f 1584 1040 1075
f 1077 1585 687
f 1077 687 1583
f 1585 1114 1586
f 1585 1586 687
f 1076 1112 1073
f 1087 691 1074
f 1828 1564 690
f 1086 1049 692
f 1072 1053 1049
f 1581 1594 1070
f 1594 1595 1070
f 1107 1110 1590
f 1591 1605 1050
f 1605 1085 1050
f 1607 1071 1085
f 1090 1840 1069
f 1580 1069 1831
f 1821 1579 1580
f 1143 1830 1574
f 1830 1102 1574
f 1102 1091 1064
f 1833 1838 1093
f 1838 1832 1093
f 1098 1577 1063
f 1836 1062 1063
f 1836 1063 1577
f 1099 1576 1836
f 1575 1058 1836
f 1575 1836 1576
f 1039 1061 1099
f 1576 1061 1575
f 663 1575 1061
f 1063 668 1578
f 1093 1832 1057
f 1091 1833 1094
f 1097 1610 1573
f 1066 1097 1569
f 1579 1095 1569
f 1069 1031 1090
f 1084 1090 652
f 1590 670 1068
f 1581 1052 642
f 642 1052 1593
f 1593 672 1570
f 692 647 1080
f 1034 1089 1644
f 1089 646 1827
f 1076 1073 682
f 1584 1583 688
f 1584 688 1040
f 1040 688 681
f 684 1038 1040
f 685 683 1060
f 683 1039 1060
f 1039 683 1029
f 688 686 1037
f 687 680 686
f 680 1586 1125
f 1041 1022 1073
f 1041 678 1022
f 1041 1074 678
f 1034 1023 1089
f 1596 675 1588
f 1596 1033 645
f 647 676 1033
f 1053 674 1049
f 1589 1823 1053
f 1052 1070 1032
f 1070 1048 1032
f 1068 629 650
f 1082 1132 671
f 1132 1050 671
f 1085 673 1050
f 1085 1071 673
f 1090 1031 669
f 1097 656 1569
f 1056 655 666
f 1839 1027 655
f 1578 659 1027
f 668 1059 657
f 1059 664 1030
f 1059 1030 657
f 664 665 658
f 663 665 664
f 663 1039 662
f 663 662 665
f 661 638 685
f 1038 640 660
f 1029 1127 662
f 665 662 1028
f 1028 639 665
f 639 1113 658
f 639 658 665
f 658 1113 1030
f 1030 636 657
f 1832 653 6
f 1057 1832 6
f 1093 1057 654
f 1569 651 1026
f 1031 1026 1025
f 673 1071 1024
f 671 1050 10
f 671 12 1082
f 12 1015 1107
f 670 1110 1015
f 647 648 676
f 675 1596 645
f 1165 1043 675
f 1089 628 646
f 1108 1122 677
f 677 1122 1602
f 690 1564 643
f 1036 1021 682
f 1125 682 703
f 1007 621 640
f 1029 683 1127
f 662 1127 620
f 1028 662 1045
f 639 1019 1020
f 1006 639 1028
f 1113 1020 636
f 657 636 1566
f 657 1566 1018
f 659 657 1018
f 1027 7 655
f 1057 6 1115
f 1057 1115 654
f 1094 634 1017
f 635 633 1016
f 1026 651 1565
f 1567 671 10
f 1048 650 1013
f 1032 1048 1013
f 1589 1571 1823
f 1823 1571 1012
f 1823 1012 674
f 674 1012 630
f 647 630 1118
f 645 627 15
f 675 645 15
f 1165 1572 1023
f 1023 1572 628
f 628 625 646
f 646 625 702
f 17 626 679
f 644 624 1035
f 1561 1035 624
f 1036 19 1021
f 680 1125 18
f 680 43 1822
f 641 623 21
f 641 21 2021
f 2021 21 1044
f 1008 1007 1044
f 1008 704 1007
f 1007 704 621
f 621 704 22
f 619 24 25
f 619 25 1127
f 620 1127 27
f 1847 27 1127
f 1 1006 696
f 1006 1045 696
f 1045 620 696
f 1849 64 29
f 31 63 694
f 3 63 1868
f 3 1868 1850
f 1851 1017 82
f 699 1016 33
f 1568 1824 1003
f 1015 59 77
f 627 648 58
f 627 58 1853
f 15 1874 37
f 1014 37 57
f 1120 1014 1873
f 1120 1873 1572
f 1572 1873 731
f 1572 731 38
f 38 731 714
f 39 740 730
f 40 730 1005
f 40 1005 715
f 715 70 1010
f 41 1855 42
f 20 723 617
f 1843 1842 616
f 18 1856 1863
f 18 1863 43
f 1863 55 43
f 717 43 55
f 717 55 44
f 45 44 728
f 45 728 1857
f 48 1858 721
f 719 48 721
f 719 721 1859
f 1860 1859 52
f 1860 52 51
f 1860 51 1861
f 720 1860 1861
f 51 52 65
f 1862 65 52
f 1859 721 1862
f 1862 53 66
f 721 1858 53
f 1858 54 722
f 54 1857 728
f 44 87 728
f 44 1870 87
f 1856 716 1864
f 616 1842 1129
f 1842 56 1129
f 20 617 56
f 1865 1871 624
f 1855 1865 42
f 715 1005 70
f 730 112 1005
f 1854 714 71
f 731 72 714
f 37 73 76
f 58 713 1004
f 713 13 615
f 14 724 615
f 1852 1875 35
f 614 1875 1852
f 36 1883 1567
f 1054 1051 735
f 1051 60 735
f 632 613 1003
f 632 699 613
f 33 8 612
f 1851 82 32
f 1867 697 1878
f 726 1878 30
f 726 693 1002
f 1018 737 2
f 1850 1868 1133
f 1868 63 611
f 29 611 63
f 1869 727 64
f 1869 64 1849
f 51 65 748
f 66 53 102
f 53 722 102
f 87 85 728
f 44 55 1870
f 1856 1864 618
f 1856 618 67
f 618 616 1879
f 616 1129 88
f 616 88 1879
f 1129 56 114
f 617 114 56
f 723 1046 617
f 729 1892 1046
f 1046 624 729
f 1871 729 624
f 1865 1880 1871
f 70 89 1855
f 112 90 1005
f 16 1872 740
f 71 1872 16
f 714 1881 71
f 57 91 1873
f 1874 92 73
f 15 1853 1874
f 1853 92 1874
f 615 732 713
f 724 741 615
f 74 1866 1882
f 75 93 1866
f 1582 11 75
f 672 94 11
f 672 34 94
f 34 712 1890
f 712 35 78
f 1875 78 35
f 77 59 742
f 1567 1883 59
f 79 80 96
f 80 735 743
f 62 1568 1884
f 1568 1003 1884
f 613 699 1877
f 699 33 612
f 32 98 81
f 1017 736 82
f 1017 1867 736
f 697 30 1878
f 726 1002 83
f 1002 1889 83
f 1002 84 1889
f 1133 1886 100
f 86 106 1886
f 29 86 611
f 64 727 86
f 64 86 29
f 86 738 101
f 727 748 738
f 727 51 748
f 65 105 748
f 55 68 1870
f 1856 67 68
f 1879 88 1893
f 1129 115 88
f 617 1892 114
f 1871 1880 739
f 69 752 1880
f 89 752 69
f 1891 997 740
f 1872 71 1137
f 731 998 72
f 731 1873 751
f 91 606 751
f 57 606 91
f 76 73 92
f 58 111 92
f 732 615 741
f 74 110 741
f 74 1882 110
f 1866 93 1882
f 75 11 767
f 94 767 11
f 1890 712 78
f 725 97 1000
f 62 1884 97
f 1884 1003 610
f 613 1877 610
f 1867 1885 744
f 1878 83 108
f 83 1889 99
f 86 101 2002
f 1888 102 746
f 85 102 722
f 85 746 102
f 746 85 1887
f 1887 85 87
f 1887 68 103
f 103 754 104
f 746 104 117
f 738 748 101
f 61 737 107
f 61 107 120
f 98 736 1001
f 98 1001 148
f 1877 612 1897
f 1884 610 609
f 97 1884 609
f 1876 1883 999
f 767 94 1908
f 741 110 1899
f 741 126 732
f 1004 713 732
f 751 128 731
f 998 731 128
f 129 605 1891
f 1891 605 997
f 997 604 112
f 604 1901 113
f 117 132 747
f 748 105 603
f 118 748 603
f 118 603 996
f 749 2002 1895
f 749 1895 119
f 749 119 755
f 749 755 745
f 107 745 755
f 107 755 1896
f 755 119 1139
f 755 1139 770
f 107 1896 120
f 755 770 1896
f 61 120 121
f 84 61 121
f 84 121 988
f 84 988 1889
f 99 591 108
f 1885 108 591
f 1885 591 989
f 744 1001 736
f 756 148 593
f 756 593 1897
f 1897 109 756
f 1877 1897 122
f 1877 122 610
f 1000 97 123
f 60 1000 123
f 60 123 1135
f 60 1135 757
f 743 757 96
f 95 96 594
f 95 594 608
f 999 1898 1876
f 1898 146 124
f 750 742 124
f 750 124 595
f 734 750 125
f 125 750 595
f 734 125 758
f 78 758 1144
f 1144 758 125
f 78 1144 1890
f 143 775 75
f 1882 93 159
f 110 1882 159
f 741 1899 126
f 732 126 127
f 607 1004 732
f 607 732 127
f 607 127 992
f 1900 92 759
f 1900 1906 598
f 1900 598 606
f 598 765 606
f 128 606 765
f 606 128 751
f 128 1141 998
f 1141 139 599
f 1141 599 1881
f 1881 599 1137
f 1137 599 129
f 129 995 131
f 605 131 1905
f 605 1905 997
f 997 1905 1901
f 113 760 752
f 130 752 760
f 752 130 1880
f 130 761 1880
f 739 761 994
f 729 739 1902
f 1892 729 1902
f 1892 1914 1904
f 114 763 602
f 115 135 753
f 116 134 754
f 754 134 1903
f 1888 133 762
f 1888 762 66
f 762 133 150
f 132 1903 1935
f 132 117 1903
f 753 151 134
f 753 134 116
f 151 1903 134
f 135 1913 1912
f 135 602 1913
f 994 137 167
f 137 601 154
f 995 153 131
f 599 138 995
f 1141 993 139
f 168 993 1916
f 1906 157 156
f 140 169 1906
f 111 140 759
f 111 141 140
f 992 141 111
f 992 127 141
f 766 774 127
f 1907 158 1917
f 1907 110 142
f 142 110 159
f 1142 184 1908
f 1142 144 184
f 1144 145 144
f 1144 125 145
f 124 1909 596
f 96 147 594
f 96 203 147
f 1135 161 757
f 1135 123 776
f 123 609 1919
f 610 769 609
f 122 173 610
f 122 990 173
f 1897 593 990
f 1001 174 148
f 744 989 592
f 1889 988 1147
f 121 120 149
f 149 163 1926
f 120 1896 149
f 149 1896 163
f 770 163 1896
f 777 1139 1894
f 105 590 603
f 118 996 1894
f 1894 1139 119
f 1894 119 1895
f 993 128 765
f 772 587 1901
f 587 764 1901
f 764 113 1901
f 739 994 1902
f 602 135 115
f 1904 763 114
f 761 137 994
f 761 601 137
f 761 130 601
f 130 600 601
f 760 764 600
f 113 764 760
f 1905 772 1901
f 599 995 129
f 128 993 1141
f 759 1906 1900
f 126 1907 766
f 1899 1907 126
f 1899 110 1907
f 93 597 159
f 597 75 775
f 595 124 596
f 1898 991 146
f 999 991 1898
f 999 608 991
f 97 609 123
f 122 1897 990
f 105 589 590
f 151 792 152
f 1912 792 151
f 1912 165 792
f 1912 1913 165
f 1914 1921 155
f 1915 190 779
f 587 190 1915
f 1905 790 772
f 138 1922 153
f 773 1922 138
f 993 773 139
f 765 187 1916
f 156 187 765
f 157 187 156
f 141 780 140
f 141 127 199
f 141 199 780
f 1917 1923 774
f 158 142 788
f 1907 142 158
f 767 171 775
f 767 1908 171
f 768 595 1924
f 595 596 1924
f 596 1909 201
f 146 201 1909
f 147 1929 202
f 147 203 1929
f 123 162 172
f 1919 162 123
f 769 1910 1919
f 173 990 782
f 148 174 1925
f 592 175 174
f 592 989 175
f 591 1147 1928
f 149 783 988
f 1894 996 1920
f 996 603 1920
f 589 762 1911
f 792 193 152
f 165 192 792
f 165 1913 192
f 1921 1934 778
f 136 1921 1914
f 167 195 166
f 167 166 136
f 137 1943 191
f 154 793 1943
f 779 793 154
f 779 1936 793
f 772 790 587
f 1916 1932 168
f 187 157 1937
f 1937 157 169
f 780 1931 140
f 1923 1917 788
f 1917 158 788
f 171 1908 184
f 144 1930 184
f 144 781 1930
f 781 768 183
f 768 1924 183
f 786 1918 787
f 1918 182 787
f 1918 202 182
f 160 161 203
f 123 172 776
f 1910 610 173
f 782 593 1925
f 148 1925 593
f 1925 174 205
f 175 989 180
f 175 180 798
f 989 591 180
f 591 1941 180
f 1147 206 785
f 1147 988 206
f 988 783 206
f 149 1926 783
f 783 176 799
f 176 177 179
f 1920 179 177
f 1920 603 784
f 590 589 1911
f 590 1911 207
f 176 179 1948
f 799 176 1948
f 1928 1147 785
f 1928 1941 591
f 175 798 181
f 174 181 205
f 1910 173 217
f 1946 1919 1940
f 1946 172 162
f 161 776 797
f 182 202 1939
f 787 182 796
f 786 787 796
f 1924 229 228
f 183 1924 228
f 184 1930 200
f 185 184 200
f 775 171 226
f 159 170 142
f 142 1938 788
f 1923 199 774
f 199 1931 780
f 199 198 1931
f 169 186 1937
f 187 794 789
f 187 789 1916
f 789 1944 1932
f 1932 1944 168
f 168 1944 197
f 773 168 188
f 1922 196 153
f 153 196 189
f 189 790 153
f 790 189 1933
f 790 1933 587
f 587 1933 987
f 190 987 1936
f 1936 210 793
f 191 195 167
f 191 588 195
f 166 195 791
f 1934 791 1949
f 193 1935 152
f 1942 208 1935
f 193 209 1942
f 194 806 209
f 194 222 806
f 1949 222 194
f 791 800 1949
f 195 800 791
f 196 801 189
f 197 188 168
f 199 239 198
f 1938 802 788
f 226 1945 775
f 201 215 229
f 146 215 201
f 1929 1939 202
f 203 244 1929
f 1919 216 1940
f 1925 205 218
f 205 181 1947
f 206 219 785
f 206 799 219
f 590 207 1927
f 164 827 150
f 806 1955 221
f 806 221 209
f 222 813 806
f 800 234 1949
f 588 1149 223
f 1943 1149 588
f 189 801 1933
f 239 199 795
f 788 802 213
f 802 1938 809
f 1938 170 809
f 171 185 214
f 228 1952 781
f 1939 244 810
f 172 1946 230
f 180 1941 1954
f 1941 785 1954
f 178 236 805
f 178 784 236
f 1927 207 820
f 1962 220 208
f 1962 250 220
f 806 235 1955
f 813 235 806
f 800 223 251
f 1149 814 223
f 210 1149 793
f 237 211 1933
f 807 237 1933
f 807 1933 801
f 224 1957 1950
f 197 224 1950
f 1944 224 197
f 794 225 1944
f 227 198 239
f 1930 781 1952
f 1930 1952 1958
f 229 241 817
f 182 243 796
f 776 818 797
f 231 216 1960
f 216 217 1960
f 217 204 1152
f 205 246 218
f 1947 811 246
f 233 219 248
f 233 248 232
f 219 1961 248
f 784 1927 236
f 207 150 820
f 235 828 1955
f 234 264 1963
f 223 814 251
f 210 252 1149
f 237 586 266
f 1956 252 210
f 801 586 807
f 196 238 801
f 1950 815 196
f 1950 1957 815
f 808 225 794
f 808 267 225
f 808 830 267
f 254 830 212
f 254 1951 256
f 1951 239 256
f 256 239 240
f 795 240 239
f 240 795 816
f 795 1965 816
f 213 802 1965
f 170 255 809
f 200 1930 1958
f 1958 1952 986
f 817 986 1952
f 241 825 817
f 260 182 1939
f 1939 826 260
f 810 244 1972
f 230 231 1156
f 217 263 1960
f 217 1152 263
f 804 218 984
f 218 246 984
f 785 232 1954
f 248 262 1968
f 262 1961 812
f 812 1961 2012
f 236 820 842
f 820 1151 842
f 827 1151 820
f 1982 261 1962
f 828 821 1955
f 1963 1975 249
f 264 277 1975
f 264 1975 1963
f 253 225 267
f 816 282 279
f 816 279 240
f 255 170 270
f 170 1966 270
f 1966 281 270
f 825 831 986
f 825 1967 298
f 243 260 272
f 810 1972 826
f 244 818 832
f 818 1953 271
f 231 1960 273
f 274 246 583
f 246 833 583
f 246 811 833
f 811 819 276
f 819 1954 276
f 1974 232 834
f 232 248 834
f 248 1968 834
f 812 1154 985
f 236 842 1154
f 1969 1982 828
f 1969 289 1982
f 251 983 264
f 840 265 252
f 829 840 252
f 822 287 829
f 1970 266 586
f 835 586 238
f 268 238 815
f 280 268 815
f 815 1964 280
f 267 839 253
f 830 254 823
f 816 1965 282
f 214 837 1966
f 258 986 831
f 298 1967 297
f 1967 272 297
f 272 260 1985
f 1972 832 296
f 984 245 804
f 812 985 262
f 1975 289 1969
f 290 1981 289
f 278 983 251
f 278 251 814
f 278 814 265
f 840 278 265
f 287 288 840
f 854 822 266
f 1970 854 266
f 835 268 585
f 280 585 268
f 280 1964 1976
f 253 576 1976
f 267 836 839
f 830 823 836
f 279 286 823
f 282 283 279
f 1971 269 1978
f 837 214 257
f 282 1977 283
f 279 1979 285
f 286 285 1979
f 286 1979 299
f 836 823 286
f 253 839 576
f 280 1976 1980
f 835 585 580
f 835 580 1970
f 287 578 288
f 288 316 840
f 316 278 840
f 316 983 278
f 301 315 1981
f 1981 315 841
f 841 302 289
f 250 291 292
f 314 291 250
f 250 292 247
f 827 847 1151
f 847 842 1151
f 313 304 842
f 842 304 1154
f 304 985 1154
f 275 1983 1968
f 834 1968 1983
f 1974 834 1983
f 1974 1983 276
f 833 276 1157
f 833 1157 584
f 583 584 311
f 583 311 984
f 293 984 311
f 984 293 245
f 582 1152 581
f 1960 582 1989
f 273 1960 1989
f 273 1989 305
f 1984 273 305
f 1973 273 1984
f 1156 1973 1984
f 295 1156 1984
f 1953 1156 295
f 271 1953 295
f 832 271 306
f 1972 844 826
f 260 826 844
f 260 844 1985
f 272 1985 982
f 272 982 297
f 825 298 831
f 831 845 300
f 257 242 308
f 308 242 307
f 257 334 837
f 837 320 319
f 855 1986 1996
f 1977 838 283
f 283 846 1979
f 839 1995 576
f 1980 1160 585
f 854 578 287
f 983 316 1987
f 983 1987 301
f 315 1413 841
f 841 853 302
f 247 292 847
f 339 1993 304
f 1993 323 294
f 304 1993 985
f 1993 294 985
f 275 294 852
f 275 852 1983
f 276 1983 1988
f 1988 852 858
f 848 1988 858
f 843 276 848
f 584 1157 312
f 311 584 312
f 1989 581 303
f 295 1984 1992
f 271 295 851
f 306 271 851
f 832 849 296
f 1972 296 844
f 1985 844 309
f 1985 309 982
f 297 1991 845
f 845 298 297
f 300 845 850
f 300 307 242
f 334 308 307
f 300 850 322
f 982 336 1991
f 982 309 336
f 303 321 1161
f 321 303 581
f 321 581 579
f 848 858 1998
f 858 852 323
f 1999 323 1993
f 340 313 847
f 292 340 847
f 292 325 340
f 291 325 292
f 326 353 314
f 853 859 302
f 1413 355 853
f 327 1397 1994
f 327 1994 315
f 316 329 1411
f 288 329 316
f 578 329 288
f 854 330 578
f 317 861 1995
f 317 299 331
f 331 1979 1392
f 838 855 1407
f 334 320 837
f 307 322 856
f 850 1991 1997
f 851 1992 857
f 312 324 352
f 324 843 848
f 858 323 1400
f 859 326 302
f 355 859 853
f 1994 866 355
f 1994 355 1413
f 1397 866 1994
f 860 1397 327
f 585 343 580
f 981 343 585
f 1160 576 868
f 1995 868 576
f 318 846 332
f 1407 855 1996
f 334 863 320
f 856 1406 863
f 1997 335 1389
f 335 1991 1388
f 1991 348 1388
f 869 348 1991
f 336 349 869
f 336 309 349
f 849 351 870
f 1403 857 351
f 350 303 1161
f 1384 579 577
f 579 337 577
f 337 338 577
f 324 848 865
f 1998 858 1400
f 326 887 871
f 1397 1351 866
f 1381 1351 1397
f 1411 341 860
f 1411 342 341
f 329 342 1411
f 342 1381 341
f 867 342 329
f 1396 867 578
f 580 354 1396
f 580 343 354
f 1393 1409 317
f 873 1392 345
f 346 333 890
f 333 347 862
f 281 1379 374
f 319 1379 281
f 2013 2019 2018
f 863 1389 1376
f 335 361 1389
f 1388 373 335
f 864 1364 349
f 310 363 1373
f 310 870 363
f 351 371 870
f 351 876 370
f 350 1161 365
f 1161 1384 365
f 577 338 1372
f 878 1400 367
f 355 902 859
f 355 866 385
f 866 1351 888
f 342 892 1381
f 872 384 1351
f 867 892 342
f 867 395 892
f 1396 891 395
f 1396 395 867
f 393 891 1396
f 393 1396 354
f 343 389 354
f 981 389 343
f 868 356 1349
f 1409 357 356
f 1393 357 1409
f 357 1393 873
f 345 1344 873
f 318 1344 345
f 332 346 359
f 358 1345 874
f 1376 360 375
f 361 360 1389
f 360 361 375
f 1388 348 372
f 869 875 372
f 362 1385 350
f 362 350 364
f 350 365 364
f 365 877 980
f 877 577 1372
f 338 352 366
f 367 1400 1999
f 383 367 1999
f 368 1341 1369
f 1369 352 368
f 366 352 1369
f 1372 1368 1339
f 877 1372 1315
f 364 365 980
f 362 364 408
f 369 1385 397
f 369 876 1385
f 370 876 369
f 1364 1373 893
f 875 893 1336
f 373 372 881
f 1345 358 1361
f 884 1345 1335
f 890 1360 376
f 890 376 346
f 346 376 377
f 346 377 359
f 391 894 573
f 391 573 402
f 391 402 394
f 394 402 1333
f 1348 895 883
f 883 895 574
f 390 1330 389
f 389 1330 889
f 889 1330 403
f 889 403 379
f 379 403 404
f 379 404 1358
f 1358 404 885
f 379 1358 387
f 885 404 896
f 387 1358 885
f 387 885 386
f 885 896 378
f 384 381 888
f 405 886 871
f 406 380 1353
f 879 396 1327
f 1341 879 1317
f 366 1369 1368
f 362 408 899
f 370 369 880
f 370 880 351
f 1373 1365 893
f 1336 409 372
f 373 881 882
f 375 882 1324
f 392 862 906
f 377 376 575
f 377 575 894
f 400 399 1311
f 575 573 894
f 402 573 413
f 402 413 1333
f 1333 901 401
f 574 401 415
f 883 574 390
f 1330 574 1321
f 404 403 414
f 404 2007 1319
f 896 404 1319
f 378 1328 381
f 381 1328 888
f 888 1356 385
f 405 1306 886
f 1306 406 886
f 903 2003 406
f 903 1327 2003
f 1327 419 1317
f 879 1327 1317
f 979 1341 1317
f 1369 1341 979
f 979 418 1369
f 1368 1369 418
f 1339 1368 418
f 1339 421 917
f 1339 917 1315
f 1315 1372 1339
f 1292 877 1315
f 1292 980 877
f 1292 408 980
f 1164 899 408
f 371 880 398
f 398 410 905
f 363 398 1365
f 1336 893 420
f 1336 439 409
f 881 409 439
f 375 1324 422
f 375 422 1361
f 862 374 423
f 1360 412 425
f 1360 425 399
f 1311 399 425
f 413 901 1333
f 901 413 570
f 901 415 401
f 574 427 572
f 572 908 428
f 572 428 1321
f 574 572 1321
f 2007 428 909
f 1321 414 403
f 1321 403 1330
f 1319 2007 909
f 417 1319 429
f 896 1319 417
f 1328 417 911
f 385 1356 911
f 382 978 431
f 1306 910 406
f 910 903 406
f 910 430 419
f 910 419 903
f 979 1317 904
f 418 979 904
f 916 418 904
f 898 1365 905
f 893 898 420
f 1314 439 914
f 1335 1287 1379
f 1379 1287 374
f 374 1287 1295
f 374 1295 423
f 425 412 918
f 900 907 575
f 913 907 900
f 424 907 913
f 413 1301 570
f 573 1301 413
f 575 907 573
f 2000 570 1301
f 901 570 2000
f 1309 912 427
f 427 912 908
f 908 912 426
f 427 908 572
f 909 426 434
f 909 434 433
f 1319 909 429
f 417 429 911
f 385 911 432
f 385 432 978
f 571 910 1306
f 1305 1291 430
f 909 433 429
f 433 451 429
f 912 1309 1302
f 1302 1309 2000
f 1301 1302 2000
f 435 1302 1301
f 437 919 435
f 436 437 424
f 1299 1285 436
f 1299 438 1285
f 900 1311 1299
f 900 1299 913
f 1296 425 918
f 1323 564 1287
f 1323 1289 564
f 1324 411 440
f 440 411 448
f 411 1314 448
f 441 439 479
f 439 1279 479
f 420 1279 439
f 420 446 1279
f 905 410 445
f 899 1164 442
f 1164 1166 442
f 421 1339 916
f 454 1291 1305
f 456 915 455
f 922 915 456
f 479 914 441
f 448 914 460
f 440 448 923
f 1289 422 440
f 1295 1287 567
f 423 1295 567
f 412 906 1170
f 412 1170 466
f 412 466 918
f 918 927 1269
f 1296 447 438
f 447 467 1285
f 1285 467 926
f 1285 926 450
f 1285 450 436
f 436 919 437
f 450 976 449
f 449 452 435
f 435 1283 2017
f 452 920 1283
f 912 2017 1283
f 920 434 1283
f 911 451 1261
f 569 571 416
f 569 1273 571
f 571 1281 454
f 977 921 454
f 444 921 925
f 453 443 925
f 453 925 462
f 917 453 461
f 1257 917 461
f 455 442 459
f 922 456 1265
f 922 1265 445
f 564 1289 457
f 923 457 440
f 923 460 1276
f 460 478 1276
f 914 478 460
f 1279 924 469
f 458 445 924
f 445 1265 929
f 459 456 455
f 462 925 930
f 465 977 1273
f 465 473 463
f 1273 1168 465
f 1168 484 473
f 1168 473 465
f 978 475 1263
f 978 911 475
f 451 464 942
f 942 464 920
f 486 942 920
f 976 931 566
f 976 926 474
f 926 976 450
f 976 566 449
f 449 566 452
f 566 920 452
f 920 464 434
f 1281 977 454
f 1273 977 1281
f 1273 1281 571
f 569 1168 1273
f 566 486 920
f 467 937 474
f 466 927 918
f 468 457 928
f 479 478 914
f 940 1279 469
f 1275 1166 975
f 1166 568 975
f 568 1257 975
f 472 461 462
f 472 462 930
f 935 930 463
f 935 463 473
f 463 930 921
f 484 481 473
f 1263 941 484
f 1263 475 941
f 475 936 941
f 486 483 942
f 931 486 566
f 474 931 976
f 937 1250 474
f 1232 477 927
f 1170 503 466
f 1259 932 938
f 932 468 938
f 928 1276 487
f 487 1276 476
f 478 489 476
f 478 933 489
f 933 497 489
f 940 490 497
f 940 469 499
f 469 480 565
f 924 480 469
f 929 480 445
f 929 1265 934
f 482 1265 470
f 1275 975 471
f 975 1257 494
f 494 472 1255
f 472 1244 1255
f 935 481 1244
f 1252 491 481
f 941 1242 1252
f 941 936 496
f 475 911 936
f 937 495 1250
f 937 477 495
f 488 1259 938
f 487 939 498
f 2008 943 2009
f 476 498 939
f 482 470 1172
f 492 975 1246
f 975 494 1246
f 1246 1174 561
f 494 1255 1174
f 493 500 1242
f 911 945 936
f 911 1261 945
f 1271 942 502
f 931 483 486
f 931 519 483
f 477 504 495
f 1238 567 1259
f 476 1230 2015
f 565 480 934
f 562 950 934
f 562 974 563
f 562 482 1172
f 974 944 951
f 471 944 974
f 974 1172 471
f 492 561 973
f 492 1246 561
f 501 508 500
f 501 500 493
f 493 496 501
f 496 936 947
f 936 945 518
f 1236 519 931
f 1236 952 1218
f 477 1232 1226
f 503 1226 1232
f 506 1238 509
f 506 509 948
f 1259 488 1238
f 949 499 511
f 499 565 511
f 974 951 563
f 951 505 973
f 944 505 951
f 505 944 973
f 944 492 973
f 973 561 1220
f 561 508 1228
f 561 1228 1220
f 501 947 1228
f 507 515 1228
f 947 936 507
f 936 518 507
f 1240 510 945
f 522 959 942
f 506 948 972
f 506 972 1177
f 948 509 512
f 512 498 1224
f 558 1047 949
f 511 514 1212
f 565 514 511
f 514 565 1222
f 1222 565 950
f 950 563 525
f 563 513 527
f 951 513 563
f 973 516 513
f 507 518 560
f 560 1176 515
f 502 959 532
f 942 959 502
f 952 540 953
f 477 1226 504
f 1226 503 946
f 946 557 1226
f 1216 540 952
f 540 519 953
f 532 535 1214
f 954 1214 960
f 518 510 1214
f 518 1214 954
f 518 954 560
f 560 954 1176
f 527 521 1208
f 563 527 528
f 524 1222 525
f 956 514 1222
f 1224 558 523
f 1224 523 526
f 972 948 512
f 512 526 972
f 512 1224 526
f 1224 1047 558
f 971 526 957
f 971 957 530
f 526 523 957
f 523 558 1210
f 558 949 1210
f 949 955 1200
f 1212 956 559
f 524 958 956
f 525 534 958
f 525 563 534
f 563 528 534
f 954 960 529
f 954 529 1208
f 960 1205 529
f 1202 1205 960
f 531 1205 1202
f 559 956 958
f 559 1200 955
f 957 523 537
f 520 971 530
f 1180 530 957
f 520 1180 533
f 1226 557 533
f 1226 533 1194
f 1226 1194 517
f 517 1194 543
f 517 543 1204
f 1216 517 1204
f 1204 540 1216
f 519 1196 522
f 522 1196 959
f 1196 962 959
f 1202 1198 531
f 559 958 539
f 1200 537 1210
f 1200 967 537
f 961 536 966
f 961 559 536
f 958 534 539
f 538 1202 535
f 1198 546 531
f 532 538 535
f 538 546 1198
f 962 538 532
f 538 544 546
f 959 962 532
f 541 544 538
f 963 545 541
f 519 963 1196
f 1194 1181 543
f 964 543 554
f 964 554 542
f 964 545 963
f 542 1191 545
f 545 965 541
f 965 544 541
f 1190 547 544
f 547 546 544
f 536 539 546
f 1190 550 547
f 549 961 966
f 553 549 550
f 1188 1200 961
f 1188 961 549
f 553 551 1188
f 553 1188 549
f 551 548 967
f 967 556 537
f 970 552 555
f 548 969 552
f 1183 969 968
f 554 1183 542
f 1181 552 1183
f 1181 1183 2011
f 533 555 1194
f 1180 957 556
f 1180 556 970
f 1180 970 555
f 1180 555 533
f 555 1181 1194
f 1181 554 543
f 555 552 1181
f 552 969 1183
f 1183 968 542
f 542 968 1191
f 1186 551 553
f 1186 553 968
f 968 553 550
f 965 550 1190
f 968 550 965
f 1191 968 965
f 969 551 1186
f 969 1186 968
f 548 551 969
f 552 556 548
f 970 556 552
f 967 548 556
f 1188 551 967
f 966 550 549
f 547 550 966
f 966 536 547
f 546 547 536
f 965 1190 544
f 545 1191 965
f 964 542 545
f 1204 543 964
f 1204 964 540
f 964 963 540
f 963 541 1196
f 541 538 1196
f 1196 538 962
f 538 1198 1202
f 531 539 534
f 531 546 539
f 536 559 539
f 1188 967 1200
f 537 556 957
f 1200 559 961
f 1214 535 960
f 535 1202 960
f 540 963 519
f 557 520 533
f 520 530 1180
f 523 1210 537
f 534 528 1205
f 534 1205 531
f 2010 1205 528
f 528 1208 2010
f 528 527 1208
f 524 525 958
f 955 1212 559
f 949 1200 1210
f 972 526 971
f 972 971 1177
f 949 511 955
f 1212 955 511
f 514 956 1212
f 1222 524 956
f 527 513 521
f 1176 521 515
f 1176 1208 521
f 954 1208 1176
f 510 532 1214
f 946 1177 557
f 557 1177 520
f 520 1177 971
f 485 506 1177
f 946 485 1177
f 504 1226 517
f 495 504 517
f 495 517 1216
f 495 1216 952
f 952 953 1218
f 532 510 502
f 507 560 515
f 973 1220 516
f 513 951 973
f 1228 516 1220
f 1228 515 516
f 515 521 516
f 521 513 516
f 1222 950 525
f 1047 1224 1230
f 509 498 512
f 1218 953 1236
f 1236 953 519
f 519 522 483
f 483 522 942
f 1240 502 510
f 945 510 518
f 947 507 1228
f 1228 508 501
f 950 562 563
f 498 1230 1224
f 498 2015 1230
f 1238 488 498
f 1238 498 509
f 1170 485 946
f 1170 946 503
f 495 952 1234
f 1234 952 1236
f 496 947 501
f 1174 500 508
f 561 1174 508
f 1172 974 562
f 565 934 950
f 949 490 499
f 490 949 497
f 949 1047 497
f 938 487 498
f 488 938 498
f 485 567 1238
f 485 1238 506
f 495 1234 1250
f 1261 502 1240
f 1261 1240 945
f 941 496 493
f 941 493 1242
f 1255 491 1174
f 1252 1242 500
f 491 1255 1244
f 491 1244 481
f 1252 500 491
f 500 1174 491
f 1246 494 1174
f 944 975 492
f 944 471 975
f 934 482 562
f 469 565 499
f 940 499 490
f 497 1047 489
f 1047 1230 489
f 489 1230 476
f 487 476 939
f 468 928 487
f 468 487 938
f 1266 567 485
f 1170 1266 485
f 466 503 1232
f 1250 1234 474
f 1234 1236 474
f 474 1236 931
f 1271 502 1261
f 941 1252 484
f 484 1252 481
f 481 935 473
f 472 935 1244
f 494 1257 472
f 472 930 935
f 1172 470 471
f 934 1265 482
f 480 929 934
f 497 479 940
f 479 497 933
f 476 1276 478
f 1287 932 1259
f 567 1287 1259
f 927 466 1232
f 927 477 937
f 927 937 1269
f 1261 451 1271
f 1263 484 1168
f 461 472 1257
f 470 459 471
f 445 480 924
f 1279 940 479
f 479 933 478
f 1276 928 923
f 457 923 928
f 564 457 468
f 1287 564 468
f 1287 468 932
f 567 1266 423
f 906 1266 1170
f 1269 937 447
f 447 937 467
f 926 467 474
f 451 942 1271
f 431 978 1263
f 569 431 1263
f 569 1263 1168
f 465 463 977
f 977 463 921
f 921 930 925
f 461 453 462
f 1275 442 1166
f 471 442 1275
f 471 459 442
f 470 456 459
f 1265 456 470
f 457 1289 440
f 448 460 923
f 1292 568 1166
f 1292 1257 568
f 453 421 443
f 925 443 444
f 921 444 1291
f 921 1291 454
f 1305 571 454
f 902 431 569
f 432 911 978
f 429 451 911
f 451 433 464
f 434 464 433
f 435 452 1283
f 919 449 435
f 919 450 449
f 436 450 919
f 438 447 1285
f 1296 1269 447
f 918 1269 1296
f 423 1266 906
f 1314 914 448
f 446 924 1279
f 446 458 924
f 905 445 458
f 410 922 445
f 1166 1164 1292
f 453 917 421
f 421 916 443
f 916 444 443
f 1291 419 430
f 904 419 1291
f 904 1291 444
f 904 444 916
f 1292 1315 917
f 1292 917 1257
f 442 455 915
f 915 922 407
f 410 407 922
f 898 905 458
f 898 458 446
f 420 898 446
f 441 914 439
f 422 1324 440
f 422 1289 1323
f 1335 1323 1287
f 1311 425 1296
f 1311 1296 438
f 1311 438 1299
f 913 1299 436
f 913 436 424
f 1301 424 437
f 1301 437 435
f 426 912 1283
f 426 1283 434
f 902 569 416
f 571 1305 910
f 1305 430 910
f 405 571 1306
f 416 571 405
f 416 405 871
f 382 431 902
f 1356 1328 911
f 428 426 909
f 908 426 428
f 1309 427 415
f 1309 415 2000
f 1301 573 907
f 1301 907 424
f 881 1314 411
f 439 1314 881
f 439 1336 420
f 397 899 442
f 397 442 915
f 1339 418 916
f 904 1317 419
f 903 419 1327
f 871 902 416
f 414 1321 428
f 415 427 574
f 901 2000 415
f 400 1311 900
f 400 900 575
f 392 412 1360
f 906 412 392
f 862 423 906
f 1323 1361 422
f 882 881 411
f 882 411 1324
f 893 1365 898
f 398 905 1365
f 880 410 398
f 880 407 410
f 880 369 407
f 369 915 407
f 369 397 915
f 408 1292 1164
f 406 897 380
f 897 2004 380
f 2006 2005 2014
f 382 385 978
f 888 1328 1356
f 378 417 1328
f 378 896 417
f 1330 390 574
f 574 895 401
f 376 399 400
f 376 400 575
f 376 1360 399
f 1345 1323 1335
f 1361 1323 1345
f 363 371 398
f 397 1385 362
f 397 362 899
f 364 980 408
f 1341 368 879
f 396 879 367
f 2004 367 380
f 1353 380 383
f 902 887 859
f 355 385 382
f 395 872 892
f 872 395 387
f 891 387 395
f 393 387 891
f 354 389 393
f 344 1348 1378
f 1348 1349 401
f 388 1349 356
f 357 388 356
f 873 391 394
f 1344 391 873
f 357 873 394
f 359 1344 318
f 874 1345 884
f 874 884 1379
f 374 862 270
f 333 862 392
f 890 333 392
f 890 392 1360
f 359 894 1344
f 359 377 894
f 1348 883 1378
f 1378 883 390
f 393 889 379
f 1378 390 389
f 1348 401 895
f 394 388 357
f 1349 388 401
f 389 889 393
f 393 379 387
f 872 387 386
f 872 386 384
f 384 888 1351
f 887 902 871
f 886 406 1353
f 902 355 382
f 384 378 381
f 384 386 378
f 885 378 386
f 1333 401 388
f 394 1333 388
f 391 1344 894
f 884 1335 1379
f 358 1376 375
f 358 375 1361
f 361 373 882
f 361 882 375
f 372 409 881
f 372 875 1336
f 1364 893 875
f 1373 363 1365
f 870 371 363
f 371 351 880
f 878 367 879
f 878 879 368
f 380 367 383
f 865 878 368
f 352 865 368
f 338 366 1368
f 338 1368 1372
f 877 1384 577
f 365 1384 877
f 1373 1364 864
f 1364 875 349
f 869 372 348
f 1388 372 373
f 335 373 361
f 1376 1389 360
f 863 1376 358
f 863 358 320
f 320 358 874
f 874 1379 319
f 332 359 318
f 868 1349 1348
f 868 1348 344
f 344 1378 981
f 981 1378 389
f 1381 892 872
f 1381 872 1351
f 866 888 385
f 326 871 353
f 871 886 353
f 886 1353 325
f 323 1999 1400
f 1998 1400 878
f 865 1998 878
f 1384 1161 321
f 1992 305 1385
f 1992 1385 876
f 857 876 351
f 864 310 1373
f 349 875 869
f 281 374 270
f 1986 862 347
f 333 1986 347
f 1407 333 346
f 1407 346 332
f 1392 318 345
f 1393 1392 873
f 861 1409 356
f 861 356 868
f 1160 868 344
f 1160 344 981
f 341 1381 860
f 860 1381 1397
f 353 886 325
f 1353 383 325
f 325 383 340
f 340 383 339
f 383 1999 339
f 865 848 1998
f 324 865 352
f 311 352 338
f 337 311 338
f 1384 321 579
f 305 350 1385
f 857 1992 876
f 849 1403 351
f 1990 310 864
f 864 349 1990
f 1990 349 309
f 1991 336 869
f 1997 1991 335
f 322 1997 1389
f 856 322 1389
f 856 1389 1406
f 856 863 334
f 319 320 874
f 1986 270 862
f 1996 1986 333
f 1407 1996 333
f 838 1407 332
f 331 1392 1393
f 317 331 1393
f 317 1409 861
f 861 868 1995
f 585 1160 981
f 330 580 1396
f 330 1396 578
f 578 867 329
f 1411 860 328
f 328 860 327
f 859 887 326
f 314 353 291
f 291 353 325
f 312 352 311
f 293 311 337
f 293 337 579
f 1989 303 350
f 1989 350 305
f 310 849 870
f 850 1997 322
f 307 300 322
f 307 856 334
f 846 838 332
f 1979 846 318
f 1392 1979 318
f 1979 331 299
f 839 317 1995
f 854 580 330
f 316 1411 328
f 316 328 1987
f 1987 328 327
f 1987 327 301
f 327 315 301
f 315 1994 1413
f 340 339 313
f 339 1999 1993
f 1157 843 324
f 1157 324 312
f 1984 305 1992
f 851 295 1992
f 857 1403 851
f 851 1403 306
f 306 1403 849
f 296 849 310
f 296 310 1990
f 297 982 1991
f 845 1991 850
f 308 334 257
f 309 844 1990
f 844 296 1990
f 832 306 849
f 581 293 579
f 276 1988 848
f 1988 1983 852
f 852 294 323
f 313 339 304
f 841 1413 853
f 580 854 1970
f 576 1160 1980
f 839 286 317
f 317 286 299
f 283 838 846
f 838 284 855
f 284 1986 855
f 269 1986 284
f 269 270 1986
f 281 837 319
f 242 258 300
f 258 831 300
f 831 298 845
f 582 581 1989
f 1152 245 581
f 245 293 581
f 1157 276 843
f 985 294 275
f 847 313 842
f 289 302 1982
f 1981 841 289
f 290 983 301
f 290 301 1981
f 1980 585 280
f 1976 576 1980
f 839 836 286
f 286 279 285
f 283 1979 279
f 1978 284 838
f 1978 838 1977
f 269 284 1978
f 255 270 269
f 1966 837 281
f 824 1971 1978
f 824 1978 1977
f 586 835 1970
f 822 854 287
f 840 829 287
f 983 290 264
f 264 290 277
f 277 290 1975
f 1975 290 289
f 1982 302 261
f 302 326 261
f 326 314 261
f 247 847 827
f 985 275 262
f 262 275 1968
f 1954 1974 276
f 833 811 276
f 583 833 584
f 984 274 583
f 263 1152 582
f 263 582 1960
f 231 273 1973
f 1973 1156 231
f 818 271 832
f 244 832 1972
f 1967 1959 272
f 214 185 257
f 809 255 269
f 824 809 269
f 824 269 1971
f 1965 824 1977
f 1965 1977 282
f 267 830 836
f 253 1976 1964
f 238 268 835
f 1975 1969 828
f 1975 828 249
f 261 314 250
f 236 1154 812
f 1954 232 1974
f 984 246 274
f 204 245 1152
f 230 1156 1953
f 259 260 243
f 1959 243 272
f 825 241 1967
f 817 825 986
f 1958 986 258
f 242 1958 258
f 185 242 257
f 226 214 1966
f 809 824 802
f 1965 802 824
f 256 240 279
f 256 279 823
f 254 256 823
f 225 253 224
f 224 253 1964
f 224 1964 1957
f 1957 1964 815
f 266 822 237
f 822 829 1956
f 829 252 1956
f 252 265 1149
f 265 814 1149
f 249 828 235
f 828 1982 821
f 1982 1962 821
f 1962 261 250
f 150 827 820
f 248 1961 262
f 804 245 204
f 818 803 1953
f 797 818 244
f 1939 810 826
f 260 259 182
f 243 182 259
f 1959 796 243
f 215 1959 1967
f 241 215 1967
f 200 1958 242
f 185 200 242
f 170 1945 1966
f 212 830 808
f 196 815 238
f 801 238 586
f 586 237 807
f 822 1956 237
f 251 264 234
f 234 1963 813
f 1963 249 813
f 813 249 235
f 250 247 220
f 1927 820 236
f 805 236 812
f 219 2012 1961
f 219 233 785
f 785 233 232
f 180 1954 819
f 819 811 180
f 798 180 811
f 181 798 811
f 1947 181 811
f 205 1947 246
f 1946 1940 231
f 1946 231 230
f 172 230 1953
f 818 776 803
f 215 796 1959
f 215 241 229
f 229 817 228
f 1952 228 817
f 1945 226 1966
f 227 239 1951
f 227 1951 254
f 227 254 212
f 225 224 1944
f 211 237 1956
f 211 1956 210
f 800 251 234
f 1949 234 222
f 234 813 222
f 1955 821 221
f 821 1962 221
f 220 247 164
f 247 827 164
f 178 805 1948
f 179 178 1948
f 799 1948 2012
f 799 2012 219
f 204 782 804
f 217 173 204
f 1940 216 231
f 803 172 1953
f 1929 244 1939
f 183 228 781
f 226 171 214
f 1923 213 1965
f 1923 1965 795
f 227 212 186
f 186 212 808
f 186 808 794
f 789 794 1944
f 197 1950 188
f 188 1950 196
f 1943 793 1149
f 588 223 800
f 209 221 1942
f 221 1962 1942
f 1942 1962 208
f 208 220 164
f 771 164 150
f 1911 150 207
f 1928 785 1941
f 1925 218 804
f 782 1925 804
f 173 782 204
f 1910 217 216
f 776 172 803
f 203 161 797
f 203 797 244
f 215 786 796
f 142 170 1938
f 1923 795 199
f 198 227 1931
f 1931 227 186
f 1937 186 794
f 1937 794 187
f 188 196 1922
f 987 1933 211
f 987 211 1936
f 1936 211 210
f 1943 588 191
f 195 588 800
f 1934 1949 194
f 194 209 192
f 192 209 193
f 193 1942 1935
f 192 193 792
f 1913 194 192
f 1934 194 1913
f 1921 791 1934
f 1921 166 791
f 188 1922 773
f 1916 789 1932
f 1931 186 169
f 788 213 1923
f 159 1945 170
f 159 775 1945
f 184 185 171
f 786 215 146
f 162 1919 1946
f 1919 1910 216
f 174 175 181
f 783 799 206
f 1920 178 179
f 1920 784 178
f 603 1927 784
f 777 1920 177
f 163 177 176
f 1926 163 176
f 783 1926 176
f 991 1918 786
f 201 229 1924
f 201 1924 596
f 145 768 781
f 144 145 781
f 127 774 199
f 140 1931 169
f 587 987 190
f 190 1936 779
f 154 1943 137
f 137 191 167
f 136 166 1921
f 155 1921 778
f 778 1934 1913
f 1935 208 164
f 590 1927 603
f 1894 1920 777
f 777 177 770
f 770 177 163
f 990 593 782
f 1135 776 161
f 160 203 96
f 594 147 202
f 1918 594 202
f 991 608 1918
f 146 991 786
f 767 775 143
f 159 597 775
f 774 766 1917
f 1906 169 157
f 993 168 773
f 995 138 153
f 131 153 790
f 131 790 1905
f 1915 779 764
f 994 167 136
f 155 778 763
f 763 778 1913
f 151 152 1903
f 1903 152 1935
f 1935 164 132
f 132 164 771
f 133 771 150
f 762 150 1911
f 1139 777 770
f 121 149 988
f 99 1147 591
f 1001 592 174
f 769 610 1910
f 609 769 1919
f 160 757 161
f 96 757 160
f 608 594 1918
f 124 146 1909
f 125 595 768
f 145 125 768
f 1907 1917 766
f 1906 759 140
f 598 1906 156
f 598 156 765
f 765 1916 993
f 139 773 599
f 599 773 138
f 587 1915 764
f 764 779 600
f 600 779 154
f 600 154 601
f 1902 994 136
f 1902 136 1914
f 1914 155 763
f 1914 763 1904
f 602 763 1913
f 753 135 1912
f 753 1912 151
f 66 589 105
f 66 762 589
f 747 771 133
f 132 771 747
f 754 1903 117
f 104 754 117
f 115 1129 602
f 114 602 1129
f 1892 1902 1914
f 1880 761 739
f 760 600 130
f 997 1901 604
f 129 131 605
f 92 111 759
f 607 992 111
f 126 766 127
f 93 75 597
f 767 143 75
f 94 1142 1908
f 94 144 1142
f 1890 144 94
f 1890 1144 144
f 742 1898 124
f 608 999 1883
f 744 592 1001
f 744 1885 989
f 99 1889 1147
f 118 1894 1895
f 1888 747 133
f 746 117 747
f 103 1893 116
f 103 116 754
f 1893 753 116
f 115 753 1893
f 88 115 1893
f 1892 1904 114
f 90 113 752
f 604 113 90
f 1872 129 1891
f 1137 129 1872
f 72 1141 1881
f 998 1141 72
f 57 1900 606
f 76 1900 57
f 92 1900 76
f 58 607 111
f 1004 607 58
f 34 1890 94
f 734 733 750
f 733 742 750
f 742 59 1898
f 1876 1898 59
f 95 608 1883
f 743 60 757
f 60 725 1000
f 612 81 109
f 612 109 1897
f 81 756 109
f 81 148 756
f 81 98 148
f 1878 108 1885
f 83 99 108
f 100 107 737
f 100 745 107
f 745 1886 106
f 745 106 749
f 2002 101 1895
f 101 118 1895
f 101 748 118
f 1888 746 747
f 746 1887 104
f 103 104 1887
f 1893 103 68
f 68 1879 1893
f 1870 68 1887
f 65 66 105
f 100 1886 745
f 736 1867 744
f 1003 613 610
f 725 62 97
f 735 60 743
f 96 80 743
f 95 79 96
f 1883 36 95
f 734 758 1875
f 78 1875 758
f 741 724 74
f 58 92 1853
f 1873 91 751
f 71 1881 1137
f 1872 1891 740
f 740 997 112
f 112 604 90
f 89 90 752
f 69 1880 1865
f 1871 739 729
f 67 618 1879
f 68 67 1879
f 1870 1887 87
f 102 1888 66
f 1862 66 65
f 727 738 86
f 611 86 1886
f 1868 611 1886
f 1133 1868 1886
f 1133 100 737
f 1133 737 710
f 709 61 84
f 1002 709 84
f 1878 726 83
f 1867 1878 1885
f 82 736 98
f 32 82 98
f 8 32 81
f 8 81 612
f 699 612 1877
f 1054 735 80
f 79 1054 80
f 711 79 95
f 36 711 95
f 59 1883 1876
f 77 742 733
f 614 77 733
f 614 733 734
f 614 734 1875
f 700 672 11
f 1131 1866 74
f 1131 74 724
f 72 1881 714
f 730 740 112
f 1005 90 70
f 70 90 89
f 89 69 1855
f 1855 69 1865
f 1046 1892 617
f 1856 68 1863
f 55 1863 68
f 728 85 722
f 1861 51 727
f 1861 727 1869
f 31 29 63
f 710 1850 1133
f 710 737 1018
f 2 737 61
f 709 2 61
f 709 1002 7
f 7 1002 693
f 8 633 32
f 1824 632 1003
f 631 1568 62
f 631 62 725
f 9 725 60
f 711 1054 79
f 614 670 77
f 629 670 614
f 629 614 1852
f 1866 1582 75
f 1571 1866 1131
f 1571 1131 1012
f 14 1012 1131
f 14 1131 724
f 14 615 701
f 13 701 615
f 1874 73 37
f 57 37 76
f 1873 1014 57
f 16 740 39
f 42 1865 624
f 1841 624 1046
f 723 1841 1046
f 1864 1843 616
f 1864 616 618
f 54 728 722
f 1858 722 53
f 721 53 1862
f 1859 1862 52
f 720 1861 1869
f 26 1860 720
f 50 1860 26
f 50 1859 1860
f 50 719 1859
f 50 49 719
f 49 48 719
f 49 47 48
f 47 1858 48
f 47 718 1858
f 718 54 1858
f 1857 54 718
f 1857 718 2001
f 45 1857 46
f 717 44 45
f 18 716 1856
f 1125 716 18
f 703 1843 1864
f 703 1864 716
f 1843 19 1842
f 20 56 1842
f 1841 723 678
f 1009 70 1855
f 1009 1855 41
f 1010 70 1009
f 730 40 17
f 16 39 1122
f 1854 71 16
f 625 714 1854
f 627 1853 15
f 648 1118 713
f 648 713 58
f 13 713 1118
f 34 1013 712
f 1013 650 35
f 1013 35 712
f 1852 35 650
f 1015 12 59
f 12 1567 59
f 10 711 36
f 9 60 1051
f 9 1825 725
f 1565 1824 1568
f 1016 8 33
f 633 698 32
f 698 1851 32
f 1017 697 1867
f 693 726 30
f 1018 1566 710
f 1850 710 1566
f 694 63 3
f 5 29 31
f 5 31 694
f 5 1849 29
f 708 1869 1849
f 708 26 720
f 708 720 1869
f 695 707 26
f 695 26 708
f 707 696 27
f 27 1848 707
f 27 1847 1848
f 1848 1847 28
f 1847 25 28
f 28 25 706
f 25 24 706
f 706 24 1846
f 1846 22 705
f 1845 705 704
f 623 1844 21
f 622 20 1842
f 678 1561 1841
f 1561 624 1841
f 41 42 644
f 626 715 1010
f 1122 39 17
f 1011 1854 16
f 1165 1014 1120
f 675 37 1014
f 1024 1051 1054
f 1103 1825 9
f 1825 631 725
f 1025 1568 631
f 632 1016 699
f 633 8 1016
f 1017 654 697
f 654 1115 697
f 7 693 637
f 7 1027 2
f 1020 694 3
f 1019 694 1020
f 1 5 694
f 1 694 1019
f 695 5 1
f 695 1 696