v -0.446653 -0.251691 0.309518
v -0.405204 -0.327191 0.371310
v -0.495499 -0.162689 0.268366
v -0.385826 -0.345369 0.385608
v -0.376414 -0.355099 0.393128
v -0.362942 -0.371289 0.402590
v -0.345505 -0.383708 0.411469
v -0.340251 -0.383893 0.415273
v -0.360259 -0.365818 0.399689
v -0.356149 -0.373906 0.405797
v -0.372417 -0.348783 0.382561
v -0.364802 -0.358670 0.392528
v -0.413292 -0.298524 0.336672
v -0.479153 -0.180317 0.269304
v -0.369849 -0.370716 0.396339
v -0.406478 -0.286362 0.318217
v -0.420818 -0.316167 0.364580
v -0.396957 -0.311592 0.344666
v -0.349817 -0.351882 0.372929
v -0.325159 -0.377325 0.402581
v -0.320210 -0.387256 0.417680
v -0.288560 -0.408099 0.438084
v -0.284012 -0.413968 0.444197
v -0.262022 -0.427719 0.453528
v -0.271902 -0.424493 0.449086
v -0.256155 -0.434302 0.450453
v -0.253661 -0.432757 0.454419
v -0.312158 -0.376494 0.393760
v -0.261904 -0.421269 0.449504
v -0.338658 -0.343559 0.354217
v -0.350684 -0.334771 0.348701
v -0.386803 -0.289239 0.311681
v -0.411364 -0.278726 0.312447
v -0.502463 -0.076117 0.224499
v -0.519620 -0.044316 0.221546
v -0.526407 -0.040542 0.217600
v -0.517522 -0.038448 0.202130
v -0.592545 -0.061158 0.068604
v -0.603613 -0.064377 0.069604
v -0.607657 -0.076447 0.059336
v -0.604193 -0.076728 0.040262
v -0.566152 -0.226418 0.062840
v -0.469258 -0.354050 0.178622
v -0.409853 -0.380563 0.274897
v -0.400731 -0.378182 0.306677
v -0.339925 -0.405909 0.367224
v -0.320599 -0.405279 0.413859
v -0.321506 -0.392806 0.425263
v -0.315650 -0.402630 0.427789
v -0.348924 -0.375523 0.408285
v -0.344631 -0.372102 0.403027
v -0.329825 -0.391134 0.421856
v -0.326240 -0.398416 0.419178
v -0.353552 -0.384484 0.397944
v -0.350750 -0.390697 0.388003
v -0.388515 -0.369502 0.361723
v -0.401718 -0.366643 0.339232
v -0.489765 -0.330625 0.209271
v -0.452279 -0.338112 0.305447
v -0.398741 -0.360215 0.365413
v -0.386031 -0.364274 0.381929
v -0.397622 -0.344473 0.388567
v -0.410282 -0.332206 0.380228
v -0.430306 -0.317169 0.371179
v -0.437041 -0.303773 0.358038
v -0.465393 -0.251605 0.322345
v -0.471307 -0.226162 0.301896
v -0.453194 -0.291589 0.354817
v -0.447412 -0.304311 0.365234
v -0.418828 -0.335341 0.381509
v -0.410601 -0.342579 0.383429
v -0.399218 -0.351150 0.386232
v -0.389605 -0.355687 0.391439
v -0.417389 -0.350333 0.351403
v -0.432662 -0.344844 0.331872
v -0.504209 -0.306149 0.265577
v -0.481436 -0.314835 0.305799
v -0.447329 -0.330557 0.341611
v -0.487262 -0.321789 0.264335
v -0.427743 -0.335495 0.370788
v -0.474374 -0.329345 0.276414
v -0.432926 -0.325697 0.377047
v -0.443636 -0.314734 0.372931
v -0.453468 -0.303344 0.367452
v -0.459302 -0.302239 0.368962
v -0.486790 -0.260486 0.346949
v -0.486444 -0.245045 0.330166
v -0.514789 -0.157194 0.277918
v -0.533198 -0.133213 0.275244
v -0.479683 -0.273463 0.355636
v -0.502315 -0.235077 0.330608
v -0.476434 -0.293839 0.368696
v -0.464621 -0.304521 0.368962
v -0.455412 -0.309224 0.370800
v -0.469714 -0.296161 0.368720
v -0.470085 -0.310147 0.350004
v -0.517895 -0.283847 0.302487
v -0.483034 -0.286438 0.368253
v -0.496984 -0.274427 0.366635
v -0.504447 -0.264816 0.363304
v -0.505594 -0.253360 0.352855
v -0.563571 -0.146519 0.307440
v -0.607108 -0.060721 0.239551
v -0.588024 -0.081810 0.293901
v -0.628061 -0.072641 0.216438
v -0.626681 -0.069303 0.224603
v -0.625961 -0.093540 0.225716
v -0.621284 -0.110160 0.231457
v -0.626726 -0.071811 0.207176
v -0.580993 -0.206128 0.237814
v -0.518785 -0.276895 0.325367
v -0.532749 -0.273877 0.271775
v -0.496580 -0.282055 0.364207
v -0.533130 -0.262192 0.327332
v -0.480719 -0.294564 0.365542
v -0.517357 -0.273254 0.342537
v -0.514454 -0.272149 0.353151
v -0.518424 -0.238921 0.346853
v -0.597486 -0.055521 0.262654
v -0.527749 -0.273286 0.304374
v -0.525555 -0.281468 0.276768
v -0.496033 -0.266459 0.360196
v -0.501105 -0.292697 0.324658
v -0.470166 -0.307321 0.357560
v -0.461934 -0.310421 0.365073
v -0.476781 -0.286833 0.366442
v -0.498067 -0.323062 0.202511
v -0.466315 -0.348526 0.225734
v -0.482497 -0.279240 0.363625
v -0.429710 -0.359968 0.291499
v -0.518988 -0.186270 0.301160
v -0.377296 -0.379867 0.357528
v -0.467303 -0.292244 0.365498
v -0.516818 -0.304336 0.158200
v -0.445240 -0.318040 0.373045
v -0.544970 -0.264813 0.083115
v -0.429335 -0.331244 0.376012
v -0.585107 -0.185733 0.070044
v -0.600025 -0.129231 0.059818
v -0.603587 -0.127915 0.084051
v -0.438905 -0.324820 0.373069
v -0.607610 -0.082301 0.060690
v -0.511472 -0.304333 0.234686
v -0.609509 -0.074188 0.070001
v -0.410596 -0.349157 0.370611
v -0.609990 -0.069602 0.076978
v -0.399897 -0.347309 0.388864
v -0.607377 -0.065935 0.076091
v -0.426519 -0.326539 0.378560
v -0.540103 -0.042355 0.210697
v -0.463786 -0.270774 0.340169
v -0.534822 -0.043060 0.227208
v -0.444527 -0.279978 0.335293
v -0.520191 -0.049121 0.225492
v -0.420546 -0.327550 0.378412
v -0.531099 -0.053171 0.235111
v -0.386537 -0.354745 0.393609
v -0.543701 -0.043565 0.229124
v -0.409877 -0.358431 0.344479
v -0.553695 -0.046600 0.198381
v -0.480245 -0.338354 0.216385
v -0.575244 -0.053292 0.180162
v -0.373280 -0.376132 0.377537
v -0.612077 -0.067085 0.107884
v -0.363010 -0.387124 0.369769
v -0.612947 -0.069194 0.097991
v -0.330268 -0.393372 0.420441
v -0.614048 -0.075041 0.098452
v -0.333293 -0.383736 0.416321
v -0.592593 -0.171984 0.094822
v -0.313244 -0.400685 0.430898
v -0.579269 -0.201787 0.077482
v -0.359529 -0.396449 0.350449
v -0.528631 -0.289529 0.117978
v -0.430618 -0.372447 0.245702
v -0.535455 -0.278824 0.192546
v -0.594111 -0.146261 0.045609
v -0.613343 -0.081002 0.095209
v -0.605779 -0.069484 0.051480
v -0.616285 -0.073112 0.114304
v -0.526745 -0.041362 0.183079
v -0.615951 -0.069764 0.119195
v -0.514882 -0.039608 0.211599
v -0.566579 -0.049195 0.214291
v -0.435325 -0.225976 0.280397
v -0.555927 -0.047912 0.245052
v -0.545884 -0.049774 0.242392
v -0.371846 -0.298653 0.315661
v -0.333824 -0.360549 0.377683
v -0.522523 -0.069829 0.235481
v -0.272116 -0.413619 0.441549
v -0.527702 -0.148799 0.281469
v -0.263639 -0.432933 0.443787
v -0.554665 -0.070860 0.260290
v -0.273409 -0.420936 0.449669
v -0.564014 -0.054369 0.258601
v -0.299781 -0.399489 0.428840
v -0.397392 -0.337317 0.381000
v -0.562791 -0.051089 0.253905
v -0.566865 -0.050028 0.253608
v -0.388007 -0.348956 0.390438
v -0.592526 -0.055888 0.238823
v -0.602941 -0.062226 0.181507
v -0.620773 -0.073160 0.150138
v -0.603830 -0.061670 0.203792
v -0.575021 -0.050019 0.246242
v -0.621322 -0.079666 0.151726
v -0.618325 -0.100474 0.157945
v -0.593254 -0.176701 0.123815
v -0.569268 -0.228895 0.186548
v -0.541497 -0.268259 0.225642
v -0.546483 -0.264677 0.157263
v -0.586071 -0.193351 0.118130
v -0.609172 -0.111644 0.100635
v -0.618930 -0.076183 0.132147
v -0.618734 -0.073223 0.132364
v -0.619517 -0.071724 0.143314
v -0.616938 -0.069743 0.129133
v -0.607636 -0.065146 0.135495
v -0.591440 -0.056710 0.219226
v -0.563750 -0.047526 0.242133
v -0.557912 -0.047189 0.243463
v -0.614611 -0.096565 0.119299
v -0.607434 -0.132035 0.126732
v -0.572660 -0.223207 0.161079
v -0.601987 -0.150816 0.123874
v -0.594047 -0.179998 0.161581
v -0.623281 -0.083176 0.171249
v -0.622405 -0.073226 0.164812
v -0.623616 -0.078735 0.170630
v -0.623911 -0.071055 0.187832
v -0.617062 -0.067244 0.186970
v -0.589601 -0.053903 0.271867
v -0.577563 -0.054266 0.267132
v -0.542957 -0.099170 0.262450
v -0.536564 -0.113357 0.265549
v -0.582296 -0.053146 0.267284
v -0.569685 -0.064879 0.269902
v -0.623315 -0.068179 0.214763
v -0.622452 -0.068983 0.196585
v -0.625056 -0.072829 0.188726
v -0.625905 -0.076797 0.191017
v -0.623723 -0.087547 0.182755
v -0.604133 -0.157498 0.192078
v -0.562792 -0.237305 0.226033
v -0.551901 -0.250681 0.255884
v -0.617788 -0.112405 0.185567
v -0.623526 -0.095326 0.200669
v -0.609914 -0.095336 0.084431
v -0.610876 -0.078844 0.078776
v -0.504689 -0.272173 0.365761
v -0.516837 -0.255620 0.361446
v -0.533493 -0.223835 0.344449
v -0.551839 -0.202695 0.342016
v -0.546390 -0.178005 0.316521
v -0.559164 -0.198723 0.344761
v -0.545341 -0.220380 0.351721
v -0.537414 -0.239791 0.359880
v -0.534816 -0.246694 0.360414
v -0.519655 -0.261869 0.361605
v -0.521178 -0.256942 0.362649
v -0.533865 -0.256462 0.345730
v -0.539640 -0.257163 0.317929
v -0.547862 -0.246000 0.324179
v -0.543703 -0.246985 0.342568
v -0.547488 -0.239937 0.350992
v -0.552246 -0.236964 0.341256
v -0.557797 -0.227227 0.348772
v -0.564063 -0.223208 0.327234
v -0.551279 -0.231987 0.356847
v -0.549766 -0.223091 0.356694
v -0.561394 -0.210464 0.353624
v -0.564267 -0.197783 0.347696
v -0.577581 -0.178179 0.343513
v -0.580213 -0.167682 0.338301
v -0.593051 -0.136842 0.328222
v -0.583095 -0.137350 0.318503
v -0.608854 -0.058021 0.291543
v -0.621711 -0.063972 0.275028
v -0.632859 -0.070788 0.275203
v -0.633898 -0.075463 0.263527
v -0.632518 -0.076819 0.251291
v -0.633128 -0.083277 0.266416
v -0.621226 -0.117753 0.314579
v -0.621471 -0.116664 0.330744
v -0.608157 -0.145773 0.331252
v -0.611173 -0.136208 0.338228
v -0.595077 -0.168596 0.338612
v -0.595810 -0.163990 0.342377
v -0.610865 -0.130341 0.340482
v -0.615162 -0.108935 0.336179
v -0.615875 -0.094636 0.329994
v -0.613424 -0.082232 0.321075
v -0.621012 -0.065746 0.318522
v -0.629330 -0.066867 0.325912
v -0.633485 -0.068469 0.309450
v -0.636353 -0.071647 0.307844
v -0.636275 -0.082437 0.291400
v -0.637357 -0.075762 0.294677
v -0.634823 -0.089598 0.306567
v -0.629226 -0.101517 0.320286
v -0.623015 -0.108488 0.340104
v -0.617532 -0.119203 0.339987
v -0.626658 -0.092036 0.340704
v -0.631260 -0.085386 0.342791
v -0.633304 -0.072634 0.337826
v -0.631192 -0.069314 0.332002
v -0.636964 -0.071200 0.321836
v -0.638988 -0.074250 0.324286
v -0.638947 -0.078218 0.310298
v -0.638369 -0.081213 0.309987
v -0.637183 -0.086448 0.317980
v -0.633199 -0.094731 0.325261
v -0.626716 -0.106359 0.327954
v -0.626533 -0.105398 0.336030
v -0.634066 -0.084758 0.344155
v -0.634964 -0.077234 0.342539
v -0.637048 -0.080297 0.344102
v -0.636733 -0.084020 0.342903
v -0.639483 -0.079971 0.338119
v -0.639960 -0.077970 0.331638
v -0.639743 -0.076030 0.333461
v -0.638985 -0.074141 0.334329
v -0.435897 -0.037770 -0.165851
v -0.627293 -0.065299 0.294123
v -0.623301 -0.063255 0.313276
v -0.639112 -0.077411 0.342262
v -0.600251 -0.104391 0.316958
v -0.622504 -0.062244 0.306491
v -0.598217 -0.148236 0.340245
v -0.592794 -0.161899 0.343444
v -0.610311 -0.067158 0.309095
v -0.584892 -0.177357 0.345551
v -0.578207 -0.189147 0.347525
v -0.577016 -0.196763 0.345172
v -0.628823 -0.065202 0.311497
v -0.638452 -0.074233 0.339266
v -0.582850 -0.176181 0.345034
v -0.575708 -0.189225 0.347949
v -0.639848 -0.077337 0.339563
v -0.632797 -0.093016 0.340964
v -0.638120 -0.078053 0.343370
v -0.632254 -0.091616 0.343094
v -0.632971 -0.094564 0.336418
v -0.638115 -0.084999 0.325678
v -0.638611 -0.075323 0.311968
v -0.636907 -0.071424 0.332688
v -0.628902 -0.075997 0.336475
v -0.627639 -0.097487 0.341743
v -0.619739 -0.117873 0.337644
v -0.636825 -0.084565 0.303748
v -0.584256 -0.195567 0.290339
v -0.598151 -0.170983 0.274376
v -0.637727 -0.078391 0.296907
v -0.629028 -0.074742 0.221519
v -0.634760 -0.068869 0.321501
v -0.630504 -0.072896 0.236806
v -0.626440 -0.070390 0.329458
v -0.629296 -0.070063 0.241842
v -0.622846 -0.092852 0.337301
v -0.619742 -0.065826 0.233205
v -0.607308 -0.133392 0.339788
v -0.610367 -0.058458 0.280584
v -0.602509 -0.155673 0.336144
v -0.594577 -0.058075 0.285435
v -0.606106 -0.143772 0.340844
v -0.586492 -0.072119 0.288187
v -0.631327 -0.096279 0.306850
v -0.582870 -0.096311 0.295145
v -0.632517 -0.073843 0.253383
v -0.576069 -0.123147 0.302551
v -0.627377 -0.067190 0.270970
v -0.610387 -0.058203 0.287695
v -0.606562 -0.058487 0.294473
v -0.629810 -0.069233 0.259239
v -0.576560 -0.159729 0.328997
v -0.632147 -0.080400 0.251984
v -0.571140 -0.191726 0.347577
v -0.629389 -0.086079 0.239684
v -0.553150 -0.223870 0.358163
v -0.616749 -0.126823 0.259088
v -0.554748 -0.229060 0.354303
v -0.609445 -0.146256 0.237644
v -0.562652 -0.222848 0.339249
v -0.582587 -0.191582 0.336835
v -0.541243 -0.243805 0.356918
v -0.601917 -0.159117 0.327643
v -0.554944 -0.238530 0.312720
v -0.598212 -0.167690 0.315752
v -0.530330 -0.257353 0.352976
v -0.602696 -0.162472 0.252417
v -0.627765 -0.101803 0.296591
v -0.527762 -0.257123 0.357898
v -0.536757 -0.234158 0.356440
v -0.618546 -0.123702 0.300648
v -0.560192 -0.175496 0.326629
v -0.612007 -0.139045 0.319300
v -0.525375 -0.248963 0.360472
v -0.603844 -0.150196 0.340223
v -0.506882 -0.267343 0.365298
v -0.453578 -0.319893 0.359125
v -0.624947 -0.074950 0.183270
v -0.314801 -0.394015 0.426191
v -0.612481 -0.131103 0.184843
v -0.300166 -0.408915 0.437412
v -0.605931 -0.150251 0.175672
v -0.291769 -0.411619 0.441202
v -0.586112 -0.198355 0.197514
v -0.266045 -0.429602 0.447953
v -0.626679 -0.079481 0.200223
v -0.281464 -0.421912 0.442112
v -0.294729 -0.430566 0.386904
v -0.624461 -0.070344 0.198064
v -0.610739 -0.063883 0.208713
v -0.260428 -0.436647 0.438037
v -0.591841 -0.055632 0.278783
v -0.250205 -0.437202 0.447326
v -0.575786 -0.058133 0.270366
v -0.249150 -0.440879 0.436911
v -0.575289 -0.050666 0.255844
v -0.252986 -0.444744 0.421705
v -0.622169 -0.071344 0.170903
v -0.315919 -0.420102 0.375627
v -0.623145 -0.075591 0.167166
v -0.249973 -0.444016 0.426765
v -0.586692 -0.196626 0.166913
v -0.248196 -0.443402 0.427584
v -0.578845 -0.207942 0.109665
v -0.247243 -0.439120 0.426844
v -0.619893 -0.085324 0.145431
v -0.247812 -0.434143 0.439089
v -0.574691 -0.052300 0.200948
v -0.249842 -0.428083 0.443268
v -0.616767 -0.068884 0.137782
v -0.254539 -0.414568 0.425597
v -0.617634 -0.071461 0.126612
v -0.262035 -0.409849 0.427351
v -0.615100 -0.087981 0.112430
v -0.276207 -0.393878 0.405077
v -0.575045 -0.217692 0.133021
v -0.325285 -0.350342 0.357308
v -0.553414 -0.253188 0.200383
v -0.402323 -0.259829 0.288790
v -0.613473 -0.113652 0.141396
v -0.433387 -0.208577 0.265193
v -0.620404 -0.074829 0.144726
v -0.450076 -0.168866 0.244562
v -0.620286 -0.070859 0.155713
v -0.481896 -0.130266 0.240116
v -0.621786 -0.075679 0.155335
v -0.494832 -0.061592 0.214591
v -0.497338 -0.050348 0.211908
v -0.512169 -0.038152 0.205093
v -0.519256 -0.039036 0.194210
v -0.595251 -0.062380 0.040618
v -0.600531 -0.064004 0.043701
v -0.600086 -0.065393 0.027880
v -0.604824 -0.072479 0.044055
v -0.602078 -0.079587 0.029815
v -0.591926 -0.146408 0.031927
v -0.591896 -0.137825 0.020582
v -0.579755 -0.193485 0.049321
v -0.578073 -0.192384 0.033489
v -0.559170 -0.235740 0.041345
v -0.526442 -0.290335 0.064483
v -0.443178 -0.379636 0.152361
v -0.371944 -0.407693 0.280575
v -0.321610 -0.427741 0.334616
v -0.419020 -0.385624 0.227680
v -0.476351 -0.347985 0.174756
v -0.490964 -0.335143 0.068162
v -0.361501 -0.403242 0.323972
v -0.453817 -0.368084 0.173915
v -0.247645 -0.447053 0.412267
v -0.248848 -0.450165 0.402510
v -0.247239 -0.448015 0.396268
v -0.247403 -0.443287 0.404230
v -0.257136 -0.406191 0.411552
v -0.260531 -0.402729 0.410449
v -0.322518 -0.337599 0.337961
v -0.329059 -0.324702 0.324849
v -0.449828 -0.147185 0.231463
v -0.466347 -0.102162 0.216934
v -0.281859 -0.375154 0.376281
v -0.598357 -0.063904 0.025657
v -0.498993 -0.037839 0.201341
v -0.600019 -0.067271 0.022774
v -0.599214 -0.070677 0.015560
v -0.574763 -0.192184 0.011812
v -0.563070 -0.222165 0.017892
v -0.536499 -0.269099 0.012738
v -0.478655 -0.348012 0.145553
v -0.339127 -0.424360 0.303742
v -0.250789 -0.450139 0.402662
v -0.554311 -0.240274 0.020954
v -0.249451 -0.428600 0.411177
v -0.251377 -0.419243 0.404265
v -0.253089 -0.410792 0.389321
v -0.254380 -0.403298 0.391976
v -0.283616 -0.354877 0.346585
v -0.303389 -0.348278 0.344771
v -0.252133 -0.414968 0.407313
v -0.453789 -0.115504 0.216942
v -0.407634 -0.215910 0.257475
v -0.477715 -0.054410 0.202263
v -0.480713 -0.044193 0.199460
v -0.496259 -0.035665 0.184200
v -0.515399 -0.041536 0.151881
v -0.575009 -0.057768 0.003469
v -0.594483 -0.063280 0.003418
v -0.592307 -0.093185 -0.010805
v -0.587657 -0.106437 -0.023657
v -0.525680 -0.044746 0.124645
v -0.559400 -0.222300 -0.004410
v -0.573233 -0.187716 -0.005713
v -0.545696 -0.250693 0.000491
v -0.484471 -0.342973 0.107534
v -0.322840 -0.436425 0.296526
v -0.249719 -0.456336 0.375903
v -0.247458 -0.453346 0.380159
v -0.254369 -0.408312 0.367734
v -0.257028 -0.387029 0.370324
v -0.260232 -0.388085 0.381074
v -0.248452 -0.457395 0.367476
v -0.306711 -0.334125 0.326919
v -0.338324 -0.305908 0.307930
v -0.375794 -0.249591 0.266800
v -0.380413 -0.236287 0.257831
v -0.444809 -0.116499 0.212289
v -0.467604 -0.056307 0.197132
v -0.470882 -0.039310 0.190238
v -0.360188 -0.270859 0.280391
v -0.473043 -0.036280 0.188118
v -0.572193 -0.056249 0.044252
v -0.583935 -0.059877 0.000022
v -0.467999 -0.045183 0.192141
v -0.593499 -0.070675 -0.011737
v -0.589535 -0.075263 -0.028684
v -0.575823 -0.141431 -0.049709
v -0.572711 -0.160706 -0.045279
v -0.450588 -0.377634 0.091336
v -0.258703 -0.466385 0.319607
v -0.582919 -0.120935 -0.034806
v -0.249054 -0.465956 0.320421
v -0.250532 -0.461577 0.351500
v -0.249823 -0.469678 0.302465
v -0.250956 -0.469917 0.307182
v -0.268957 -0.471364 0.267598
v -0.251996 -0.472691 0.288656
v -0.249684 -0.471384 0.280549
v -0.250102 -0.461554 0.295302
v -0.256340 -0.379926 0.342644
v -0.258531 -0.372815 0.349497
v -0.250520 -0.472554 0.285160
v -0.308743 -0.318756 0.308647
v -0.288268 -0.330331 0.314421
v -0.325296 -0.300053 0.294297
v -0.325058 -0.293751 0.284387
v -0.361396 -0.248054 0.250530
v -0.368339 -0.237808 0.246407
v -0.377704 -0.222068 0.239803
v -0.383170 -0.216382 0.241457
v -0.392606 -0.194556 0.228347
v -0.399319 -0.181498 0.221866
v -0.372350 -0.229964 0.240413
v -0.420011 -0.142471 0.204903
v -0.422265 -0.145439 0.212051
v -0.428288 -0.122831 0.197838
v -0.435444 -0.103775 0.193899
v -0.452389 -0.067365 0.190005
v -0.451882 -0.058257 0.181206
v -0.431152 -0.124329 0.204762
v -0.466827 -0.034936 0.181234
v -0.463695 -0.038923 0.183892
v -0.463587 -0.034414 0.173925
v -0.469194 -0.033626 0.178361
v -0.564229 -0.055161 0.007260
v -0.583677 -0.058393 -0.043244
v -0.584436 -0.060742 -0.047235
v -0.584794 -0.063077 -0.047789
v -0.580281 -0.080032 -0.063917
v -0.585209 -0.090392 -0.041109
v -0.586151 -0.060627 -0.038276
v -0.446461 -0.381620 0.060496
v -0.424659 -0.400605 0.076601
v -0.310777 -0.459954 0.209912
v -0.267431 -0.475465 0.240429
v -0.420394 -0.403374 0.089907
v -0.251777 -0.474405 0.273457
v -0.254968 -0.437035 0.303068
v -0.257287 -0.373839 0.342916
v -0.258890 -0.364392 0.337198
v -0.259123 -0.355925 0.326894
v -0.266654 -0.346598 0.326035
v -0.296387 -0.318989 0.301578
v -0.295670 -0.315244 0.293116
v -0.309186 -0.303067 0.279731
v -0.331538 -0.282714 0.259323
v -0.332576 -0.282661 0.246108
v -0.317578 -0.295546 0.261881
v -0.305526 -0.305200 0.273319
v -0.289750 -0.316715 0.278114
v -0.293836 -0.314377 0.285162
v -0.267057 -0.336798 0.311633
v -0.267141 -0.333215 0.302669
v -0.262495 -0.340085 0.311802
v -0.258441 -0.349800 0.317489
v -0.256628 -0.355856 0.311801
v -0.256902 -0.368155 0.315686
v -0.251955 -0.477261 0.235500
v -0.258367 -0.392586 0.305917
v -0.256520 -0.478755 0.232641
v -0.253096 -0.477832 0.238822
v -0.254036 -0.476055 0.260374
v -0.253723 -0.478976 0.224296
v -0.261190 -0.478085 0.232646
v -0.257448 -0.476344 0.256201
v -0.259345 -0.480087 0.213141
v -0.251379 -0.468413 0.245824
v -0.351960 -0.441270 0.173891
v -0.298046 -0.467843 0.199189
v -0.305428 -0.469574 0.144960
v -0.311030 -0.463933 0.179358
v -0.261270 -0.481262 0.194120
v -0.253687 -0.480701 0.196201
v -0.273249 -0.478177 0.193019
v -0.253007 -0.479259 0.206437
v -0.287165 -0.474748 0.174357
v -0.259543 -0.433336 0.176261
v -0.256259 -0.353660 0.277877
v -0.255622 -0.347388 0.283148
v -0.260047 -0.375742 0.246978
v -0.258872 -0.337987 0.297278
v -0.280449 -0.322684 0.277105
v -0.262639 -0.333616 0.288982
v -0.264029 -0.334463 0.259260
v -0.289530 -0.319256 0.253864
v -0.254366 -0.463388 0.208794
v -0.258691 -0.338484 0.267527
v -0.260508 -0.401387 0.246884
v -0.257170 -0.453904 0.184361
v -0.255256 -0.482800 0.173136
v -0.291478 -0.475102 0.141635
v -0.257071 -0.482898 0.174618
v -0.265515 -0.480396 0.193741
v -0.326188 -0.462785 0.096396
v -0.426564 -0.399328 0.055740
v -0.407637 -0.414343 0.024150
v -0.386631 -0.429402 0.052524
v -0.368557 -0.440956 0.056289
v -0.396843 -0.422418 0.023887
v -0.361751 -0.443428 0.095654
v -0.424430 -0.400409 0.018651
v -0.327073 -0.459808 0.139098
v -0.253292 -0.482312 0.141825
v -0.409360 -0.412003 -0.002068
v -0.254001 -0.483719 0.144945
v -0.261339 -0.396534 0.191493
v -0.253905 -0.482890 0.160907
v -0.287805 -0.332387 0.189533
v -0.258377 -0.342380 0.246654
v -0.269102 -0.335273 0.232762
v -0.280756 -0.327127 0.239858
v -0.278421 -0.333714 0.211211
v -0.318915 -0.309166 0.182281
v -0.363414 -0.263931 0.140996
v -0.338737 -0.296819 0.139029
v -0.259850 -0.344274 0.229198
v -0.261004 -0.407500 0.162991
v -0.259873 -0.424120 0.192730
v -0.257290 -0.463331 0.119691
v -0.268435 -0.483086 0.115943
v -0.279905 -0.479941 0.087506
v -0.309872 -0.469957 0.068060
v -0.357983 -0.446323 -0.005919
v -0.341945 -0.455388 0.015423
v -0.261104 -0.378583 0.171883
v -0.320164 -0.465917 0.062240
v -0.261807 -0.357470 0.172429
v -0.260743 -0.364391 0.178993
v -0.277305 -0.344312 0.161109
v -0.260547 -0.368978 0.205955
v -0.312731 -0.320534 0.155617
v -0.304881 -0.329796 0.142886
v -0.260527 -0.446998 0.074648
v -0.263197 -0.353172 0.176381
v -0.257838 -0.484154 0.062689
v -0.254910 -0.482150 0.073752
v -0.260490 -0.483569 0.041516
v -0.269180 -0.481400 0.025976
v -0.257981 -0.483108 0.031143
v -0.264701 -0.483237 0.048423
v -0.260074 -0.374294 0.118017
v -0.255355 -0.477756 0.013684
v -0.260789 -0.449108 0.037164
v -0.263124 -0.362097 0.128343
v -0.256608 -0.482113 0.019935
v -0.255794 -0.482906 0.055621
v -0.258879 -0.461989 0.016848
v -0.256561 -0.482993 0.043351
v -0.255099 -0.479844 0.051119
v -0.264720 -0.356844 0.146717
v -0.261434 -0.403211 0.103365
v -0.294971 -0.342832 0.111386
v -0.299459 -0.336700 0.128057
v -0.259079 -0.483846 0.049618
v -0.347351 -0.293650 0.106662
v -0.322921 -0.322667 0.096727
v -0.334945 -0.311651 0.088938
v -0.367412 -0.266170 0.098754
v -0.329995 -0.322234 0.059208
v -0.304007 -0.340962 0.085414
v -0.260956 -0.391582 0.059097
v -0.265357 -0.361631 0.113048
v -0.316213 -0.331196 0.084045
v -0.258007 -0.482254 0.012616
v -0.259780 -0.379402 0.090401
v -0.258596 -0.481582 -0.000739
v -0.281778 -0.476223 -0.002969
v -0.260250 -0.375622 0.080472
v -0.310286 -0.465004 -0.031782
v -0.342227 -0.445274 -0.094997
v -0.260263 -0.482702 0.019057
v -0.351772 -0.439764 -0.101661
v -0.370276 -0.427774 -0.113091
v -0.356030 -0.441063 -0.077929
v -0.331673 -0.451704 -0.081564
v -0.364712 -0.427601 -0.131341
v -0.263983 -0.478711 -0.035181
v -0.256346 -0.479170 -0.031471
v -0.259828 -0.479738 -0.030113
v -0.255468 -0.477461 -0.049178
v -0.257477 -0.479171 -0.036527
v -0.270941 -0.476227 -0.043731
v -0.378260 -0.401689 -0.200494
v -0.371690 -0.410322 -0.186922
v -0.400266 -0.377747 -0.214953
v -0.325578 -0.450175 -0.109358
v -0.414824 -0.363968 -0.215198
v -0.405902 -0.382714 -0.191796
v -0.402598 -0.378639 -0.209329
v -0.385012 -0.401527 -0.186152
v -0.375718 -0.400778 -0.207301
v -0.382828 -0.395375 -0.207970
v -0.415166 -0.375090 -0.188200
v -0.414970 -0.368449 -0.206250
v -0.433213 -0.346907 -0.209533
v -0.422118 -0.357944 -0.212369
v -0.396235 -0.394326 -0.180878
v -0.475987 -0.249808 -0.249799
v -0.391703 -0.394699 -0.191893
v -0.494086 -0.200915 -0.252810
v -0.384475 -0.406754 -0.168092
v -0.489893 -0.222409 -0.246957
v -0.511763 -0.130590 -0.249966
v -0.521280 -0.089452 -0.239566
v -0.512573 -0.142054 -0.245353
v -0.500811 -0.188851 -0.247643
v -0.523541 -0.040174 -0.232039
v -0.519021 -0.106943 -0.241668
v -0.459926 -0.040008 -0.139081
v -0.444553 -0.044225 -0.082358
v -0.450623 -0.041373 -0.080902
v -0.433500 -0.086365 -0.085965
v -0.515179 -0.106914 -0.248473
v -0.405978 -0.201808 -0.081389
v -0.389521 -0.244200 -0.052070
v -0.435396 -0.074304 -0.088140
v -0.346344 -0.316651 -0.033106
v -0.445783 -0.046344 -0.062235
v -0.352500 -0.308614 -0.027038
v -0.448043 -0.042273 -0.076585
v -0.448654 -0.043099 -0.061757
v -0.442064 -0.048111 -0.081896
v -0.527662 -0.038579 -0.223022
v -0.491833 -0.038942 -0.196936
v -0.525668 -0.051701 -0.231107
v -0.525628 -0.072353 -0.231780
v -0.524970 -0.063773 -0.233245
v -0.523319 -0.095039 -0.234777
v -0.359571 -0.301379 -0.051882
v -0.442171 -0.056992 -0.061091
v -0.519847 -0.137207 -0.231824
v -0.527166 -0.087049 -0.227030
v -0.508601 -0.172025 -0.240969
v -0.480365 -0.262567 -0.230660
v -0.500095 -0.211798 -0.233809
v -0.528144 -0.066120 -0.226493
v -0.477954 -0.261201 -0.237329
v -0.528193 -0.075766 -0.225712
v -0.454355 -0.308155 -0.228478
v -0.468256 -0.281395 -0.234917
v -0.440345 -0.335972 -0.214021
v -0.465003 -0.305980 -0.205348
v -0.460323 -0.307214 -0.216512
v -0.481885 -0.272484 -0.213326
v -0.498648 -0.205945 -0.241514
v -0.487973 -0.237000 -0.239379
v -0.515701 -0.176675 -0.221067
v -0.473538 -0.283508 -0.220210
v -0.528208 -0.104150 -0.221434
v -0.532337 -0.058997 -0.217238
v -0.530319 -0.089175 -0.218692
v -0.465257 -0.301772 -0.212645
v -0.534503 -0.048827 -0.212840
v -0.475078 -0.289194 -0.205921
v -0.534221 -0.041751 -0.211995
v -0.532108 -0.045803 -0.217646
v -0.531804 -0.038588 -0.210571
v -0.486308 -0.040096 -0.166051
v -0.524709 -0.037186 -0.217187
v -0.475725 -0.043158 -0.078581
v -0.536823 -0.071276 -0.203842
v -0.536906 -0.061482 -0.205587
v -0.453454 -0.041297 -0.053518
v -0.472893 -0.042697 -0.102556
v -0.444761 -0.050458 -0.055684
v -0.415727 -0.172013 -0.040598
v -0.437804 -0.087457 -0.046382
v -0.525244 -0.040898 -0.196159
v -0.404677 -0.205131 -0.037789
v -0.521848 -0.044462 -0.130149
v -0.343942 -0.310605 0.037059
v -0.373720 -0.273743 -0.013270
v -0.263333 -0.367188 0.092076
v -0.262304 -0.371345 0.072062
v -0.255832 -0.471775 -0.027301
v -0.436545 -0.098460 -0.030455
v -0.255568 -0.478674 -0.029000
v -0.420350 -0.156128 -0.037115
v -0.265509 -0.368772 0.064584
v -0.256166 -0.480319 -0.010559
v -0.286112 -0.363596 0.005133
v -0.262839 -0.373909 0.051557
v -0.264730 -0.373192 0.039744
v -0.261183 -0.376070 0.059627
v -0.261412 -0.385720 0.008346
v -0.256432 -0.475996 -0.072447
v -0.254687 -0.471646 -0.058330
v -0.294162 -0.357385 0.017211
v -0.259167 -0.475455 -0.078630
v -0.335521 -0.435676 -0.163950
v -0.314721 -0.446840 -0.153310
v -0.298632 -0.457072 -0.129032
v -0.317668 -0.441190 -0.174942
v -0.254821 -0.473422 -0.092334
v -0.258482 -0.471312 -0.113150
v -0.254737 -0.464088 -0.096041
v -0.255363 -0.476322 -0.064708
v -0.254094 -0.473688 -0.080552
v -0.263562 -0.382770 -0.026495
v -0.253640 -0.467117 -0.104742
v -0.263806 -0.380735 -0.011606
v -0.256680 -0.474880 -0.084512
v -0.261587 -0.391831 -0.028577
v -0.255444 -0.470902 -0.114544
v -0.253690 -0.470884 -0.087560
v -0.253818 -0.470754 -0.106860
v -0.265002 -0.376743 0.010313
v -0.257361 -0.459665 -0.068668
v -0.273808 -0.374076 -0.028847
v -0.308174 -0.349654 -0.001311
v -0.275937 -0.360895 0.069972
v -0.268060 -0.378129 -0.029746
v -0.261681 -0.399517 -0.053699
v -0.259643 -0.448027 -0.070527
v -0.323027 -0.342403 -0.072229
v -0.279442 -0.371732 -0.039967
v -0.343595 -0.321879 -0.064312
v -0.344356 -0.322020 -0.101536
v -0.351245 -0.313659 -0.077435
v -0.261988 -0.390748 -0.077523
v -0.357920 -0.305087 -0.078850
v -0.253480 -0.468004 -0.118935
v -0.260744 -0.443694 -0.055873
v -0.265649 -0.382021 -0.048463
v -0.253181 -0.461507 -0.148374
v -0.260476 -0.468096 -0.133479
v -0.257537 -0.467801 -0.137636
v -0.256247 -0.468889 -0.129709
v -0.308415 -0.441151 -0.191961
v -0.322016 -0.425508 -0.222662
v -0.313691 -0.434605 -0.208622
v -0.327435 -0.416381 -0.233947
v -0.257560 -0.450515 -0.101522
v -0.253880 -0.460888 -0.134032
v -0.330477 -0.419410 -0.225872
v -0.314378 -0.423893 -0.233595
v -0.342543 -0.420543 -0.208177
v -0.401545 -0.355733 -0.241516
v -0.346602 -0.409952 -0.225664
v -0.324110 -0.428111 -0.213772
v -0.402264 -0.367187 -0.227518
v -0.306922 -0.429113 -0.231100
v -0.365944 -0.400534 -0.220820
v -0.376447 -0.391352 -0.223431
v -0.354092 -0.413346 -0.209845
v -0.382633 -0.389714 -0.218756
v -0.360347 -0.413599 -0.198944
v -0.357888 -0.408160 -0.216377
v -0.458177 -0.214877 -0.288298
v -0.429618 -0.315943 -0.252181
v -0.348751 -0.419500 -0.201191
v -0.486060 -0.192201 -0.267535
v -0.519586 -0.044744 -0.240416
v -0.518509 -0.052687 -0.243586
v -0.494425 -0.165911 -0.266276
v -0.515583 -0.034197 -0.240520
v -0.485036 -0.036758 -0.217992
v -0.512477 -0.033253 -0.237504
v -0.442311 -0.040360 -0.129177
v -0.441441 -0.304451 -0.249602
v -0.455288 -0.272275 -0.259186
v -0.439092 -0.044904 -0.112435
v -0.452086 -0.040225 -0.121861
v -0.438022 -0.049722 -0.103767
v -0.415493 -0.164560 -0.095137
v -0.437912 -0.054576 -0.095124
v -0.398885 -0.221616 -0.107526
v -0.507428 -0.033904 -0.236469
v -0.360326 -0.301787 -0.117162
v -0.370044 -0.285622 -0.071510
v -0.406440 -0.196077 -0.117438
v -0.324784 -0.341491 -0.111523
v -0.313547 -0.351203 -0.095219
v -0.348973 -0.314871 -0.146854
v -0.356887 -0.304602 -0.149026
v -0.341618 -0.322907 -0.149824
v -0.330516 -0.335329 -0.136324
v -0.482717 -0.295712 0.361016
v -0.498344 -0.289342 0.343462
v -0.513160 -0.295264 0.274528
v -0.618089 -0.110027 0.339150
v -0.600153 -0.151189 0.342065
v -0.505882 -0.297253 0.294574
v -0.615310 -0.129631 0.332953
v -0.507951 -0.306379 0.245731
v -0.631057 -0.088879 0.265708
v -0.516542 -0.300159 0.222062
v -0.632548 -0.090344 0.286760
v -0.507890 -0.312884 0.195494
v -0.634790 -0.079259 0.272229
v -0.459817 -0.348379 0.249079
v -0.616637 -0.074153 0.320819
v -0.631645 -0.067054 0.323904
v -0.489616 -0.283940 0.367566
v -0.340677 -0.325499 -0.128169
v -0.332612 -0.334162 -0.102403
v -0.509494 -0.032207 -0.244383
v -0.519473 -0.036959 -0.237119
v -0.518288 -0.065265 -0.245003
v -0.348530 -0.428447 -0.167648
v -0.372077 -0.400720 -0.212806
v -0.305117 -0.439706 -0.203351
v -0.275068 -0.461393 -0.149988
v -0.254335 -0.468522 -0.126805
v -0.305470 -0.354984 -0.037264
v -0.506754 -0.276618 0.358793
v -0.626761 -0.074469 0.200965
v -0.612031 -0.137999 0.220081
v -0.627243 -0.084360 0.213682
v -0.617284 -0.121756 0.221486
v -0.589383 -0.060890 0.284050
v -0.592740 -0.053986 0.265700
v -0.625702 -0.069773 0.212253
v -0.491355 -0.276138 0.365862
v -0.476669 -0.311158 0.330082
v -0.451551 -0.315862 0.369817
v -0.472128 -0.299812 0.367570
v -0.527525 -0.207729 0.324803
v -0.517218 -0.226047 0.332845
v -0.501343 -0.222521 0.317642
v -0.466509 -0.287766 0.360715
v -0.442066 -0.324929 0.368649
v -0.489553 -0.323603 0.248310
v -0.456394 -0.328937 0.324379
v -0.429944 -0.338211 0.359080
v -0.498480 -0.316862 0.240796
v -0.385103 -0.361491 0.389383
v -0.409282 -0.346446 0.379449
v -0.437843 -0.315279 0.372000
v -0.470777 -0.201858 0.280224
v -0.438727 -0.289911 0.342103
v -0.408580 -0.338816 0.385354
v -0.375707 -0.364665 0.396350
v -0.424675 -0.353319 0.324771
v -0.438124 -0.350400 0.301172
v -0.367493 -0.374899 0.392580
v -0.337073 -0.394962 0.406576
v -0.374548 -0.330597 0.357212
v -0.322324 -0.408178 0.401285
v -0.312064 -0.407648 0.424445
v -0.381810 -0.391199 0.312786
v -0.278447 -0.367613 0.008247
v -0.269827 -0.369750 0.032959
v -0.261832 -0.434180 -0.041708
v -0.267179 -0.373255 0.021256
v -0.283880 -0.463796 -0.116913
v -0.332202 -0.432068 -0.186391
v -0.325012 -0.443050 -0.151099
v -0.337700 -0.426689 -0.196742
v -0.254776 -0.476386 -0.047084
v -0.261210 -0.371687 0.084608
v -0.260557 -0.381633 0.053206
v -0.302593 -0.349231 0.037283
v -0.353951 -0.301950 0.011628
v -0.325287 -0.331773 0.026177
v -0.529927 -0.039833 -0.203533
v -0.539910 -0.041509 -0.195640
v -0.536949 -0.043324 -0.206757
v -0.530767 -0.038738 -0.216151
v -0.448246 -0.327625 -0.210318
v -0.435747 -0.338376 -0.219592
v -0.464195 -0.295331 -0.225812
v -0.453022 -0.315695 -0.220212
v -0.529903 -0.054870 -0.222893
v -0.526507 -0.044344 -0.228264
v -0.519720 -0.034810 -0.231466
v -0.530694 -0.041954 -0.219355
v -0.452333 -0.041029 -0.092954
v -0.478175 -0.040823 -0.144959
v -0.519080 -0.081152 -0.243957
v -0.512153 -0.037637 -0.217739
v -0.463272 -0.284748 -0.239863
v -0.476898 -0.256370 -0.243513
v -0.446161 -0.316468 -0.232106
v -0.423066 -0.360697 -0.204506
v -0.429840 -0.342672 -0.223530
v -0.426255 -0.342226 -0.229322
v -0.262751 -0.481428 0.000842
v -0.284687 -0.347769 0.118969
v -0.286248 -0.355772 0.065032
v -0.260514 -0.377898 0.143470
v -0.260629 -0.370951 0.145910
v -0.261160 -0.484311 0.070406
v -0.255459 -0.481383 0.030990
v -0.265570 -0.348916 0.180600
v -0.291455 -0.474898 0.026113
v -0.262236 -0.347754 0.202340
v -0.260999 -0.366676 0.141731
v -0.336252 -0.457676 0.006385
v -0.261228 -0.378836 0.205654
v -0.268883 -0.483002 0.081022
v -0.255776 -0.484541 0.134175
v -0.333122 -0.460214 0.051620
v -0.257222 -0.459629 0.155459
v -0.253066 -0.479564 0.144425
v -0.324221 -0.310288 0.150726
v -0.260014 -0.350397 0.210031
v -0.309301 -0.312693 0.209415
v -0.299647 -0.319869 0.212429
v -0.257682 -0.347099 0.240393
v -0.253376 -0.475656 0.161118
v -0.425750 -0.397320 -0.013560
v -0.381865 -0.431769 0.075738
v -0.255726 -0.481533 0.193676
v -0.316608 -0.466896 0.101508
v -0.262466 -0.483122 0.160296
v -0.260917 -0.335043 0.279995
v -0.289427 -0.317554 0.266812
v -0.261719 -0.335586 0.299148
v -0.348120 -0.448700 0.131443
v -0.278058 -0.472767 0.230135
v -0.301023 -0.468925 0.176630
v -0.261258 -0.474645 0.263053
v -0.252828 -0.457742 0.264405
v -0.257352 -0.438676 0.236521
v -0.256903 -0.348907 0.309381
v -0.301021 -0.309043 0.267082
v -0.321863 -0.292977 0.276368
v -0.281613 -0.325985 0.301879
v -0.274704 -0.332162 0.308973
v -0.258036 -0.359637 0.326302
v -0.317305 -0.452994 0.230367
v -0.406040 -0.410569 0.130642
v -0.552250 -0.217147 -0.051547
v -0.560527 -0.195364 -0.053071
v -0.493548 -0.038999 0.134846
v -0.471841 -0.033937 0.156967
v -0.459461 -0.040247 0.179614
v -0.445890 -0.075829 0.187359
v -0.446878 -0.082420 0.194733
v -0.413944 -0.159924 0.216737
v -0.410490 -0.161168 0.212757
v -0.356970 -0.259237 0.264023
v -0.352471 -0.261038 0.259535
v -0.275553 -0.344200 0.328264
v -0.265088 -0.355355 0.336489
v -0.283050 -0.466496 0.258383
v -0.266276 -0.465949 0.305421
v -0.250097 -0.467011 0.322461
v -0.471131 -0.357245 0.104151
v -0.548079 -0.239830 -0.019910
v -0.592269 -0.067618 -0.016392
v -0.590254 -0.064136 -0.022951
v -0.431297 -0.145507 0.220231
v -0.416920 -0.176176 0.233220
v -0.272807 -0.358950 0.347499
v -0.268285 -0.370582 0.361344
v -0.353034 -0.433000 0.221815
v -0.367135 -0.421022 0.236729
v -0.581894 -0.152187 -0.013529
v -0.594659 -0.084462 -0.004062
v -0.597549 -0.074508 0.006784
v -0.494296 -0.035940 0.174138
v -0.492038 -0.035141 0.188673
v -0.393324 -0.236238 0.264815
v -0.272247 -0.382482 0.382949
v -0.260073 -0.395879 0.395602
v -0.250765 -0.428899 0.390565
v -0.248542 -0.440058 0.392937
v -0.580316 -0.173684 0.007663
v -0.586021 -0.160756 0.018536
v -0.496986 -0.039628 0.203727
v -0.431923 -0.176656 0.240546
v -0.402354 -0.241645 0.273608
v -0.254445 -0.408055 0.407126
v -0.252458 -0.415899 0.419031
v -0.271817 -0.440767 0.399760
v -0.421323 -0.374940 0.263173
v -0.304680 -0.408016 0.434307
v -0.430138 -0.381360 0.207481
v -0.335465 -0.417416 0.338936
v -0.454403 -0.371339 0.141507
v -0.570563 -0.214275 0.047144
v -0.585578 -0.176769 0.047274
v -0.596840 -0.124573 0.033838
v -0.619887 -0.069703 0.164478
v -0.618423 -0.068399 0.172197
v -0.360775 -0.375632 0.401599
v -0.377009 -0.359591 0.396657
v -0.366756 -0.364590 0.399521
v -0.389114 -0.333366 0.370446
v -0.426888 -0.290433 0.334929
v -0.494992 -0.114868 0.239314
v -0.455349 -0.234150 0.299461
v -0.350738 -0.360948 0.388026
v -0.301981 -0.390658 0.414035
v -0.272945 -0.417485 0.447465
v -0.260891 -0.430094 0.452645
v -0.255255 -0.427885 0.453601
v -0.262516 -0.424467 0.453153
v -0.355821 -0.310437 0.321455
v -0.428951 -0.260252 0.305378
v -0.514037 -0.041326 0.214719
v -0.528946 -0.040237 0.213624
v -0.605130 -0.067780 0.051014
v -0.603200 -0.085640 0.038101
v -0.444313 -0.365875 0.228357
v -0.556228 -0.051690 0.098056
v -0.368272 -0.415749 0.257900
v -0.438071 -0.149714 0.226873
v -0.568934 -0.200118 -0.004062
v -0.255934 -0.392957 0.376867
v -0.497861 -0.037769 0.160546
v -0.249398 -0.462911 0.342556
v -0.256194 -0.386826 0.341074
v -0.310833 -0.309917 0.297882
v -0.393881 -0.196673 0.233515
v -0.461957 -0.036515 0.178447
v -0.583429 -0.066177 -0.054372
v -0.255304 -0.479147 -0.007851
v -0.256370 -0.480976 0.001701
v -0.317440 -0.461010 -0.047653
v -0.376809 -0.417393 -0.144888
v -0.415774 -0.370660 -0.198922
v -0.258524 -0.480665 -0.015514
v -0.518584 -0.249032 0.357075
v -0.508545 -0.272558 0.362442
v -0.496987 -0.285976 0.356366
v -0.277899 -0.375176 -0.079538
v -0.298938 -0.358041 -0.018630
v -0.350061 -0.422300 -0.189184
v -0.638332 -0.076528 0.303639
v -0.635941 -0.072955 0.291868
v -0.622652 -0.112734 0.336024
v -0.622526 -0.104920 0.340544
v -0.626800 -0.082235 0.337395
v -0.635108 -0.070808 0.334815
v -0.308385 -0.355186 -0.131106
v -0.639673 -0.077016 0.323769
v -0.292721 -0.366933 -0.101703
v -0.639507 -0.080659 0.328113
v -0.264145 -0.384830 -0.062334
v -0.636005 -0.089662 0.332399
v -0.256387 -0.463796 -0.162547
v -0.258143 -0.436747 -0.129239
v -0.294540 -0.454451 -0.152493
v -0.259387 -0.463581 -0.162629
v -0.299449 -0.436531 -0.221837
v -0.311612 -0.433166 -0.216193
v -0.267565 -0.458460 -0.179189
v -0.493774 -0.036137 -0.275125
v -0.637242 -0.075059 0.341941
v -0.494559 -0.032003 -0.271810
v -0.627516 -0.101024 0.340382
v -0.636895 -0.086593 0.339148
v -0.638748 -0.083427 0.335062
v -0.488129 -0.027496 -0.275798
v -0.494761 -0.028681 -0.264935
v -0.430679 -0.039620 -0.168202
v -0.632168 -0.068860 0.291684
v -0.427887 -0.042601 -0.168704
v -0.634692 -0.074031 0.273405
v -0.417344 -0.113418 -0.172345
v -0.616753 -0.062350 0.309424
v -0.397949 -0.206702 -0.187030
v -0.432425 -0.042706 -0.149531
v -0.385283 -0.245197 -0.186386
v -0.379578 -0.259050 -0.186600
v -0.358397 -0.298957 -0.176337
v -0.427798 -0.052485 -0.153829
v -0.349675 -0.308765 -0.186138
v -0.476687 -0.033567 -0.239526
v -0.322764 -0.340795 -0.162091
v -0.363350 -0.295091 -0.150242
v -0.266035 -0.383474 -0.079745
v -0.261460 -0.391962 -0.108506
v -0.368685 -0.282206 -0.180444
v -0.260681 -0.426605 -0.103895
v -0.254101 -0.463005 -0.164079
v -0.372595 -0.277588 -0.164582
v -0.253470 -0.460131 -0.178026
v -0.259396 -0.412975 -0.139096
v -0.274041 -0.450944 -0.205096
v -0.260893 -0.397260 -0.108877
v -0.285981 -0.445435 -0.210175
v -0.451716 -0.092548 -0.325028
v -0.261055 -0.409355 -0.109389
v -0.295845 -0.434907 -0.229969
v -0.472660 -0.032737 -0.301019
v -0.426050 -0.034910 -0.211140
v -0.469507 -0.023203 -0.291251
v -0.421225 -0.038910 -0.202603
v -0.419772 -0.046981 -0.195024
v -0.480850 -0.029964 -0.289531
v -0.403007 -0.137527 -0.243918
v -0.351215 -0.296974 -0.231653
v -0.327069 -0.331481 -0.202582
v -0.280607 -0.445218 -0.218229
v -0.307045 -0.354574 -0.162359
v -0.390395 -0.204639 -0.246703
v -0.290199 -0.367650 -0.154618
v -0.299082 -0.357888 -0.191568
v -0.265191 -0.384556 -0.134535
v -0.262435 -0.387654 -0.134885
v -0.257823 -0.460297 -0.182039
v -0.252088 -0.450971 -0.201117
v -0.255260 -0.462118 -0.172144
v -0.253318 -0.457812 -0.192164
v -0.253316 -0.463783 -0.150244
v -0.255504 -0.458386 -0.192710
v -0.254595 -0.448484 -0.167570
v -0.262667 -0.455340 -0.201687
v -0.269066 -0.448682 -0.220604
v -0.256736 -0.456005 -0.204546
v -0.283590 -0.440278 -0.229491
v -0.313216 -0.409728 -0.254531
v -0.290343 -0.434362 -0.236334
v -0.388311 -0.230147 -0.208175
v -0.410684 -0.148450 -0.186104
v -0.291133 -0.428592 -0.245593
v -0.421787 -0.089400 -0.162107
v -0.313061 -0.396145 -0.270476
v -0.279471 -0.424465 -0.259486
v -0.466336 -0.027298 -0.306256
v -0.599779 -0.131065 0.331664
v -0.460360 -0.022439 -0.309077
v -0.605571 -0.127219 0.335386
v -0.418573 -0.034008 -0.229121
v -0.589900 -0.159282 0.340494
v -0.419209 -0.035515 -0.220318
v -0.585272 -0.180654 0.344831
v -0.414085 -0.049302 -0.214360
v -0.409774 -0.078401 -0.225714
v -0.407009 -0.049072 -0.238420
v -0.344196 -0.309555 -0.216807
v -0.374791 -0.239532 -0.270400
v -0.401448 -0.121447 -0.258073
v -0.256975 -0.403452 -0.173379
v -0.251919 -0.453937 -0.208785
v -0.411435 -0.061206 -0.220735
v -0.251537 -0.451205 -0.221110
v -0.253191 -0.455163 -0.207758
v -0.429119 -0.032164 -0.240803
v -0.467414 -0.024617 -0.302755
v -0.255596 -0.453264 -0.217510
v -0.432511 -0.059655 -0.343288
v -0.254446 -0.450997 -0.226042
v -0.253573 -0.453305 -0.217358
v -0.257388 -0.450249 -0.226950
v -0.264392 -0.445039 -0.235736
v -0.258546 -0.446393 -0.236722
v -0.276574 -0.440383 -0.235944
v -0.454356 -0.040905 -0.322212
v -0.262427 -0.449312 -0.225569
v -0.279699 -0.443795 -0.224052
v -0.251344 -0.451330 -0.214738
v -0.270485 -0.445698 -0.228412
v -0.250841 -0.445121 -0.232965
v -0.265183 -0.452003 -0.213015
v -0.270038 -0.437814 -0.246303
v -0.263997 -0.442126 -0.242429
v -0.252318 -0.456048 -0.188821
v -0.259617 -0.395755 -0.140828
v -0.271202 -0.432689 -0.253751
v -0.281073 -0.373085 -0.158034
v -0.353797 -0.342300 -0.294587
v -0.338258 -0.307094 -0.255717
v -0.282002 -0.434626 -0.242760
v -0.350270 -0.284487 -0.276639
v -0.366469 -0.284696 -0.328455
v -0.460243 -0.031353 -0.314632
v -0.414018 -0.191659 -0.337631
v -0.450108 -0.019936 -0.311870
v -0.271043 -0.380011 -0.138199
v -0.260702 -0.390857 -0.138304
v -0.449502 -0.021380 -0.304161
v -0.455377 -0.020748 -0.312097
v -0.425520 -0.028633 -0.271779
v -0.411940 -0.033861 -0.242588
v -0.408696 -0.040393 -0.238049
v -0.442268 -0.025256 -0.330808
v -0.405299 -0.068284 -0.243090
v -0.394269 -0.147438 -0.281206
v -0.411568 -0.036091 -0.236897
v -0.388290 -0.184342 -0.282762
v -0.301965 -0.352208 -0.214916
v -0.359481 -0.270405 -0.273703
v -0.278848 -0.372082 -0.184697
v -0.366274 -0.251431 -0.285620
v -0.253518 -0.434172 -0.217895
v -0.254862 -0.430507 -0.203341
v -0.272332 -0.377228 -0.170274
v -0.251108 -0.444846 -0.225395
v -0.256392 -0.412938 -0.185525
v -0.458943 -0.042162 0.072626
v -0.252223 -0.443734 -0.215430
v -0.569403 -0.053004 -0.107535
v -0.571503 -0.055867 -0.101030
v -0.252751 -0.446721 -0.237040
v -0.252475 -0.450193 -0.227533
v -0.255627 -0.444209 -0.242744
v -0.251495 -0.446673 -0.234441
v -0.282066 -0.408623 -0.276851
v -0.285955 -0.394279 -0.290331
v -0.258338 -0.438769 -0.251690
v -0.411647 -0.097860 -0.359094
v -0.313609 -0.359973 -0.306648
v -0.258258 -0.391135 -0.169742
v -0.260232 -0.386993 -0.167206
v -0.436940 -0.031016 -0.337493
v -0.384188 -0.216264 -0.263772
v -0.453251 -0.022874 -0.318293
v -0.317996 -0.340168 -0.203217
v -0.445834 -0.019379 -0.319627
v -0.402465 -0.029945 -0.274601
v -0.403417 -0.031940 -0.265797
v -0.402631 -0.042874 -0.253900
v -0.380474 -0.208367 -0.292126
v -0.393786 -0.124411 -0.290010
v -0.356028 -0.265991 -0.297606
v -0.335537 -0.300067 -0.288701
v -0.306736 -0.334504 -0.273275
v -0.304348 -0.342575 -0.251875
v -0.298538 -0.351279 -0.234466
v -0.292867 -0.358579 -0.217984
v -0.254889 -0.418203 -0.214308
v -0.251804 -0.426028 -0.251113
v -0.251730 -0.438625 -0.249624
v -0.254043 -0.435239 -0.257254
v -0.252563 -0.406777 -0.256724
v -0.252818 -0.395973 -0.243822
v -0.276410 -0.365665 -0.237130
v -0.285787 -0.358707 -0.243303
v -0.262220 -0.378739 -0.208692
v -0.256122 -0.380575 -0.227492
v -0.253742 -0.387667 -0.223983
v -0.253934 -0.393969 -0.219128
v -0.251286 -0.424818 -0.263057
v -0.251713 -0.432254 -0.258328
v -0.254974 -0.426358 -0.269104
v -0.256694 -0.433306 -0.260233
v -0.271552 -0.407409 -0.285105
v -0.303764 -0.342431 -0.328496
v -0.433630 -0.019602 -0.334683
v -0.431523 -0.018379 -0.333554
v -0.425868 -0.018357 -0.329946
v -0.435482 -0.020388 -0.315090
v -0.395437 -0.032473 -0.282582
v -0.397963 -0.040065 -0.268921
v -0.398111 -0.051605 -0.266483
v -0.598289 -0.172696 0.202735
v -0.392142 -0.070915 -0.290932
v -0.629019 -0.078438 0.222020
v -0.386285 -0.146518 -0.313351
v -0.630881 -0.075012 0.237336
v -0.375302 -0.204913 -0.316466
v -0.628727 -0.071166 0.227895
v -0.349427 -0.265846 -0.320219
v -0.626499 -0.068283 0.240460
v -0.320802 -0.319097 -0.279474
v -0.608662 -0.059575 0.262371
v -0.297929 -0.343401 -0.269252
v -0.607544 -0.060755 0.300011
v -0.287269 -0.352068 -0.267333
v -0.601967 -0.061523 0.296281
v -0.263778 -0.368343 -0.258300
v -0.592672 -0.065691 0.290545
v -0.259769 -0.372939 -0.248544
v -0.578708 -0.111444 0.298403
v -0.258476 -0.379942 -0.218751
v -0.589900 -0.119593 0.313956
v -0.251270 -0.409921 -0.274257
v -0.619769 -0.061449 0.294350
v -0.251827 -0.420550 -0.273225
v -0.631568 -0.071563 0.253102
v -0.263228 -0.406221 -0.290897
v -0.630092 -0.080145 0.234009
v -0.347798 -0.281422 -0.343624
v -0.627555 -0.095116 0.252436
v -0.428832 -0.021131 -0.340777
v -0.594940 -0.171029 0.333098
v -0.418422 -0.018358 -0.346786
v -0.586524 -0.181934 0.342169
v -0.401984 -0.020307 -0.332586
v -0.591350 -0.168842 0.344340
v -0.396124 -0.025302 -0.306381
v -0.604645 -0.156014 0.300530
v -0.392450 -0.027909 -0.299353
v -0.610369 -0.143895 0.281248
v -0.393149 -0.036756 -0.284063
v -0.623107 -0.110031 0.272511
v -0.393872 -0.042055 -0.279900
v -0.625632 -0.105010 0.284385
v -0.383219 -0.131430 -0.327391
v -0.618081 -0.124178 0.281147
v -0.374367 -0.178571 -0.338725
v -0.635916 -0.077078 0.280215
v -0.361482 -0.224573 -0.341061
v -0.544307 -0.257284 0.284364
v -0.324758 -0.304576 -0.308367
v -0.343310 -0.388171 0.409094
v -0.310683 -0.314815 -0.317117
v -0.304594 -0.402069 0.433772
v -0.286408 -0.345301 -0.291956
v -0.287040 -0.416509 0.442880
v -0.277621 -0.353356 -0.285227
v -0.278944 -0.425650 0.437633
v -0.252566 -0.374127 -0.270558
v -0.303075 -0.418662 0.410418
v -0.250928 -0.402009 -0.289840
v -0.280994 -0.427947 0.426644
v -0.252150 -0.411813 -0.284034
v -0.252298 -0.435355 0.451746
v -0.252737 -0.416840 -0.279519
v -0.248192 -0.439477 0.437979
v -0.252416 -0.403492 -0.294157
v -0.253086 -0.439081 0.440960
v -0.255836 -0.362876 -0.296025
v -0.265847 -0.438482 0.421292
v -0.277187 -0.338867 -0.327428
v -0.257317 -0.442889 0.421732
v -0.266955 -0.344273 -0.331750
v -0.248401 -0.447059 0.415178
v -0.255328 -0.356509 -0.315651
v -0.247326 -0.443249 0.421957
v -0.248681 -0.362902 -0.315516
v -0.248018 -0.432506 0.429615
v -0.247619 -0.373583 -0.318098
v -0.248824 -0.429320 0.436751
v -0.249054 -0.379755 -0.315442
v -0.251701 -0.422498 0.436316
v -0.251479 -0.382670 -0.317180
v -0.257763 -0.414285 0.431927
v -0.256429 -0.388697 -0.311974
v -0.265469 -0.394669 0.399601
v -0.253669 -0.390207 -0.310340
v -0.310152 -0.360070 0.365444
v -0.258635 -0.377565 -0.322658
v -0.392552 -0.271961 0.295524
v -0.285746 -0.338434 -0.341928
v -0.418374 -0.242867 0.283795
v -0.323463 -0.299939 -0.346938
v -0.438247 -0.189416 0.252736
v -0.328794 -0.287060 -0.349336
v -0.464707 -0.139826 0.235470
v -0.332648 -0.280105 -0.344721
v -0.497551 -0.087025 0.226352
v -0.325645 -0.290434 -0.340360
v -0.499387 -0.044047 0.209519
v -0.293150 -0.328894 -0.320808
v -0.590114 -0.059957 0.105404
v -0.276571 -0.347168 -0.305901
v -0.604023 -0.065692 0.051873
v -0.263311 -0.363567 -0.278195
v -0.601443 -0.073403 0.026008
v -0.284408 -0.329418 -0.344956
v -0.270153 -0.350370 -0.340964
v -0.598374 -0.105438 0.025273
v -0.587704 -0.164667 0.035512
v -0.260762 -0.363856 -0.334821
v -0.539678 -0.268662 0.041116
v -0.252252 -0.368464 -0.332944
v -0.399043 -0.399619 0.231371
v -0.247261 -0.360526 -0.326403
v -0.396348 -0.392296 0.270435
v -0.247423 -0.356929 -0.335892
v -0.475183 -0.350568 0.159262
v -0.248645 -0.358852 -0.324607
v -0.454613 -0.363975 0.196092
v -0.252127 -0.351688 -0.338237
v -0.258062 -0.348439 -0.336185
v -0.254402 -0.350422 -0.342831
v -0.247796 -0.435847 0.419018
v -0.257918 -0.352116 -0.344018
v -0.299692 -0.416397 0.424996
v -0.249971 -0.361234 -0.339088
v -0.249859 -0.424802 0.421479
v -0.376013 -0.271742 0.287907
v -0.248955 -0.366196 -0.333847
v -0.387389 -0.256374 0.278172
v -0.250576 -0.354416 -0.343398
v -0.263660 -0.346484 -0.344512
v -0.277313 -0.334937 -0.340475
v -0.597646 -0.081310 0.008589
v -0.266404 -0.342750 -0.340411
v -0.479208 -0.088277 0.216685
v -0.598524 -0.090319 0.016616
v -0.289174 -0.329793 -0.345450
v -0.300234 -0.319863 -0.346506
v -0.297013 -0.318403 -0.345952
v -0.406899 -0.400435 0.198251
v -0.296375 -0.321023 -0.334033
v -0.571424 -0.208317 0.032291
v -0.314597 -0.301422 -0.343175
v -0.248409 -0.453426 0.387799
v -0.255720 -0.399085 0.389975
v -0.309988 -0.305985 -0.347027
v -0.257622 -0.393762 0.386010
v -0.306033 -0.311532 -0.347536
v -0.340618 -0.265800 -0.348113
v -0.339177 -0.272471 -0.339208
v -0.482958 -0.039114 0.196759
v -0.348666 -0.248626 -0.351077
v -0.349588 -0.292376 0.298549
v -0.361730 -0.213826 -0.351545
v -0.484571 -0.036523 0.193893
v -0.595629 -0.065037 0.003280
v -0.368296 -0.193536 -0.347740
v -0.594801 -0.068210 -0.004722
v -0.384843 -0.092909 -0.321470
v -0.380244 -0.064691 -0.328368
v -0.381653 -0.042950 -0.316816
v -0.432520 -0.391320 0.123515
v -0.388858 -0.038452 -0.295321
v -0.591244 -0.123347 0.003227
v -0.419518 -0.395544 0.170847
v -0.386052 -0.028064 -0.312084
v -0.390246 -0.026118 -0.309642
v -0.403090 -0.024531 -0.307534
v -0.254469 -0.400810 0.381534
v -0.402072 -0.031548 -0.366589
v -0.261029 -0.454559 0.368370
v -0.369324 -0.206331 -0.365355
v -0.258943 -0.381874 0.367368
v -0.401153 -0.203289 0.245109
v -0.359371 -0.231100 -0.360735
v -0.414184 -0.196579 0.246882
v -0.347497 -0.265473 -0.352365
v -0.333874 -0.283081 -0.349805
v -0.335726 -0.288203 -0.346936
v -0.475405 -0.034676 0.186120
v -0.344643 -0.256678 -0.354327
v -0.457258 -0.084770 0.203671
v -0.358088 -0.219053 -0.360167
v -0.586148 -0.059624 -0.027336
v -0.575972 -0.173902 -0.014216
v -0.361448 -0.205280 -0.361268
v -0.566734 -0.193063 -0.028571
v -0.379104 -0.085451 -0.338542
v -0.375317 -0.043400 -0.335583
v -0.378430 -0.034408 -0.325683
v -0.262195 -0.470683 0.288734
v -0.381314 -0.025943 -0.326157
v -0.254820 -0.466595 0.324610
v -0.257369 -0.471143 0.295495
v -0.391971 -0.022651 -0.324550
v -0.407453 -0.016712 -0.350644
v -0.405428 -0.017645 -0.357173
v -0.255870 -0.397416 0.346984
v -0.366749 -0.186263 -0.372374
v -0.364612 -0.195695 -0.370553
v -0.254168 -0.471817 0.294695
v -0.367832 -0.194405 -0.370060
v -0.339060 -0.282475 0.280654
v -0.362643 -0.199823 -0.369212
v -0.260598 -0.368892 0.349335
v -0.339247 -0.277843 0.271906
v -0.358423 -0.218640 -0.363442
v -0.360974 -0.216512 -0.365012
v -0.356038 -0.230911 -0.360874
v -0.385649 -0.207712 0.233616
v -0.363999 -0.191138 -0.370762
v -0.371544 -0.237139 0.251002
v -0.365096 -0.179482 -0.372015
v -0.405081 -0.176160 0.224372
v -0.441017 -0.098133 0.198494
v -0.365589 -0.178811 -0.367013
v -0.441306 -0.087294 0.189937
v -0.370402 -0.134652 -0.366945
v -0.371236 -0.115301 -0.365572
v -0.373848 -0.101110 -0.356518
v -0.465030 -0.033678 0.167549
v -0.377710 -0.027647 -0.331237
v -0.456001 -0.047413 0.179910
v -0.469900 -0.033142 0.166920
v -0.379903 -0.022638 -0.336842
v -0.586743 -0.066372 -0.040611
v -0.372493 -0.023212 -0.347436
v -0.395575 -0.016525 -0.362717
v -0.581963 -0.059160 -0.019404
v -0.390193 -0.019466 -0.371645
v -0.565778 -0.173308 -0.060654
v -0.397745 -0.048018 -0.371058
v -0.408361 -0.411841 0.098740
v -0.377497 -0.105503 -0.382467
v -0.250446 -0.471724 0.254054
v -0.371805 -0.134084 -0.380059
v -0.281543 -0.469801 0.241479
v -0.368725 -0.152654 -0.377858
v -0.257002 -0.369189 0.329675
v -0.372707 -0.152580 -0.377552
v -0.261333 -0.347377 0.320893
v -0.367289 -0.174261 -0.374585
v -0.271254 -0.338647 0.317935
v -0.368484 -0.144417 -0.377969
v -0.310627 -0.304900 0.288791
v -0.369187 -0.136213 -0.378425
v -0.331442 -0.284008 0.270969
v -0.369345 -0.125183 -0.379060
v -0.320450 -0.293046 0.268793
v -0.368891 -0.120900 -0.377492
v -0.284192 -0.322454 0.295875
v -0.368652 -0.109172 -0.375499
v -0.279218 -0.324271 0.291078
v -0.366423 -0.073086 -0.371956
v -0.371459 -0.033992 -0.344427
v -0.258545 -0.342909 0.309176
v -0.258097 -0.379698 0.300126
v -0.365594 -0.048739 -0.364809
v -0.251850 -0.476092 0.220235
v -0.367248 -0.094831 -0.378900
v -0.371539 -0.115159 -0.382408
v -0.367910 -0.102224 -0.381177
v -0.392377 -0.025101 -0.372576
v -0.370709 -0.121433 -0.380980
v -0.252434 -0.476427 0.253118
v -0.371501 -0.016375 -0.365469
v -0.369646 -0.017844 -0.362298
v -0.363591 -0.029943 -0.364341
v -0.369748 -0.020205 -0.357187
v -0.360651 -0.044806 -0.377114
v -0.360254 -0.026114 -0.372725
v -0.363424 -0.075230 -0.385987
v -0.280670 -0.474566 0.204786
v -0.368326 -0.085441 -0.387455
v -0.365434 -0.082541 -0.386291
v -0.324184 -0.458563 0.166641
v -0.367472 -0.092329 -0.384783
v -0.364509 -0.069371 -0.390955
v -0.368137 -0.067861 -0.390463
v -0.372611 -0.052138 -0.388602
v -0.332252 -0.459011 0.113208
v -0.369146 -0.059837 -0.390483
v -0.252520 -0.477863 0.187764
v -0.372732 -0.016249 -0.381205
v -0.374782 -0.015125 -0.376478
v -0.377456 -0.015675 -0.365609
v -0.256146 -0.355184 0.297135
v -0.357592 -0.019713 -0.381864
v -0.359694 -0.058699 -0.389559
v -0.356719 -0.024628 -0.382848
v -0.357540 -0.046578 -0.390846
v -0.359894 -0.043808 -0.393968
v -0.360406 -0.057661 -0.392491
v -0.361753 -0.016070 -0.388177
v -0.365493 -0.035573 -0.392026
v -0.256962 -0.342068 0.263881
v -0.361299 -0.015325 -0.382392
v -0.357251 -0.035283 -0.392887
v -0.356394 -0.033791 -0.391345
v -0.252870 -0.480312 0.179216
v -0.357535 -0.018734 -0.391173
v -0.356090 -0.019135 -0.389071
v -0.358729 -0.017252 -0.381473
v -0.357498 -0.016842 -0.387499
v -0.268358 -0.481474 0.164566
v -0.366085 -0.087878 -0.382736
v -0.321992 -0.310796 -0.341349
v -0.248362 -0.369538 -0.305771
v -0.369474 -0.107637 -0.382871
v -0.250146 -0.388994 -0.305887
v -0.359990 -0.236047 -0.332026
v -0.250265 -0.368262 -0.296757
v -0.341076 -0.277043 -0.324905
v -0.408017 -0.414041 0.057666
v -0.381506 -0.189894 -0.306570
v -0.385258 -0.163015 -0.309905
v -0.373982 -0.194629 -0.329445
v -0.389650 -0.135800 -0.304079
v -0.399038 -0.420146 0.071951
v -0.342674 -0.293604 -0.281520
v -0.393868 -0.091838 -0.289457
v -0.394534 -0.165955 -0.268782
v -0.368091 -0.239853 -0.299006
v -0.367529 -0.261731 -0.257414
v -0.254379 -0.474770 0.132844
v -0.261164 -0.459698 -0.181980
v -0.264115 -0.386406 -0.111160
v -0.406246 -0.091057 -0.239925
v -0.277535 -0.376323 -0.122545
v -0.257791 -0.398634 -0.163256
v -0.296874 -0.329901 0.171621
v -0.285642 -0.371424 -0.128697
v -0.328365 -0.334040 -0.175074
v -0.372476 -0.263680 -0.225503
v -0.335640 -0.321235 -0.208443
v -0.381564 -0.235058 -0.243580
v -0.410402 -0.125584 -0.208871
v -0.412956 -0.092612 -0.208947
v -0.254734 -0.483853 0.122726
v -0.427694 -0.036475 -0.195754
v -0.463998 -0.025636 -0.281815
v -0.348865 -0.452205 0.028203
v -0.468315 -0.023952 -0.287582
v -0.488676 -0.038916 -0.282684
v -0.263380 -0.484231 0.113571
v -0.477911 -0.039068 -0.296219
v -0.423176 -0.264219 -0.295482
v -0.424619 -0.044512 -0.178421
v -0.450038 -0.034544 -0.225742
v -0.265099 -0.341780 0.214454
v -0.424095 -0.049491 -0.174355
v -0.407978 -0.145835 -0.208645
v -0.424526 -0.057710 -0.166175
v -0.261682 -0.362889 0.145902
v -0.400478 -0.190215 -0.202076
v -0.362831 -0.290810 -0.185702
v -0.392659 -0.211561 -0.219558
v -0.342016 -0.453449 -0.021644
v -0.255942 -0.450051 -0.133288
v -0.427836 -0.078715 -0.133576
v -0.263326 -0.387090 -0.084240
v -0.435811 -0.039976 -0.149556
v -0.430208 -0.047365 -0.148883
v -0.502380 -0.042823 -0.265046
v -0.444593 -0.036982 -0.179145
v -0.465356 -0.136682 -0.306027
v -0.487937 -0.095393 -0.286212
v -0.513508 -0.038300 -0.247614
v -0.503420 -0.081005 -0.266765
v -0.505389 -0.033422 -0.256571
v -0.511421 -0.034471 -0.248351
v -0.398721 -0.218781 -0.133692
v -0.456914 -0.037631 -0.184990
v -0.380362 -0.266197 -0.108109
v -0.387435 -0.250366 -0.116766
v -0.415884 -0.141820 -0.148428
v -0.355180 -0.308951 -0.113049
v -0.424297 -0.104021 -0.129859
v -0.420738 -0.116544 -0.141867
v -0.506230 -0.118139 -0.260735
v -0.368313 -0.288569 -0.132300
v -0.493134 -0.190773 -0.258936
v -0.507637 -0.134115 -0.255880
v -0.305216 -0.446560 -0.173123
v -0.454737 -0.290930 -0.245720
v -0.313899 -0.341965 0.025605
v -0.329839 -0.334200 -0.038113
v -0.474079 -0.234856 -0.261350
v -0.363440 -0.294760 -0.042430
v -0.320625 -0.341172 -0.020451
v -0.424734 -0.139212 -0.044510
v -0.321126 -0.337749 0.009157
v -0.439348 -0.064659 -0.071268
v -0.263010 -0.474452 -0.081650
v -0.429649 -0.119490 -0.049719
v -0.268880 -0.470822 -0.099549
v -0.314182 -0.452818 -0.120539
v -0.328771 -0.445226 -0.131109
v -0.454164 -0.041660 -0.040553
v -0.448818 -0.048491 -0.030017
v -0.463916 -0.041672 -0.080845
v -0.499885 -0.043261 -0.126966
v -0.484618 -0.043434 -0.107764
v -0.538821 -0.045825 -0.202827
v -0.541250 -0.044364 -0.196355
v -0.537268 -0.081909 -0.200696
v -0.489379 -0.268448 -0.196156
v -0.539447 -0.125032 -0.183510
v -0.537823 -0.041624 -0.203150
v -0.446040 -0.339385 -0.189663
v -0.524139 -0.156487 -0.211270
v -0.363580 -0.434159 -0.098051
v -0.494835 -0.249216 -0.207729
v -0.356065 -0.446069 -0.027818
v -0.407926 -0.407611 -0.065803
v -0.406904 -0.405242 -0.089269
v -0.376754 -0.430823 -0.064387
v -0.396468 -0.414744 -0.081689
v -0.399934 -0.403191 -0.132194
v -0.390560 -0.414910 -0.108919
v -0.431143 -0.369507 -0.151277
v -0.384512 -0.423422 -0.081999
v -0.402615 -0.405904 -0.106907
v -0.528187 -0.193104 -0.172402
v -0.486357 -0.283815 -0.178564
v -0.407338 -0.396924 -0.132417
v -0.539306 -0.099546 -0.191572
v -0.550790 -0.055079 -0.170277
v -0.551620 -0.062771 -0.165923
v -0.549736 -0.087129 -0.163780
v -0.539223 -0.044444 -0.160125
v -0.506557 -0.244357 -0.177716
v -0.510761 -0.046579 -0.085885
v -0.517635 -0.217349 -0.178756
v -0.458442 -0.041725 0.014575
v -0.524828 -0.043620 -0.150471
v -0.456462 -0.043762 0.024285
v -0.364316 -0.276678 0.071892
v -0.441445 -0.091492 0.032153
v -0.470592 -0.041384 -0.033567
v -0.359798 -0.289478 0.038254
v -0.413727 -0.174154 0.023099
v -0.425903 -0.139601 0.002775
v -0.460091 -0.040758 -0.020223
v -0.455820 -0.041988 -0.019374
v -0.385169 -0.238773 0.061865
v -0.541793 -0.042419 -0.184127
v -0.545077 -0.044472 -0.185232
v -0.489903 -0.044636 -0.074559
v -0.547811 -0.050313 -0.179191
v -0.508298 -0.218803 -0.204842
v -0.544390 -0.061112 -0.186104
v -0.452437 -0.045687 -0.012093
v -0.455778 -0.042769 -0.005149
v -0.466195 -0.040572 -0.016846
v -0.408877 -0.188743 0.010407
v -0.450732 -0.055009 0.017275
v -0.374824 -0.259712 0.062331
v -0.445629 -0.071710 0.002012
v -0.448263 -0.058156 -0.005264
v -0.463549 -0.039982 0.022471
v -0.543654 -0.070217 -0.185473
v -0.541165 -0.077808 -0.190597
v -0.554690 -0.046505 -0.144514
v -0.455044 -0.046625 0.041860
v -0.557758 -0.047779 -0.145997
v -0.554992 -0.054398 -0.158184
v -0.553992 -0.047130 -0.159447
v -0.551415 -0.072339 -0.163218
v -0.444492 -0.065983 -0.025205
v -0.555795 -0.060269 -0.154657
v -0.441240 -0.088887 0.002758
v -0.544791 -0.153069 -0.153325
v -0.552233 -0.103964 -0.151865
v -0.557581 -0.069302 -0.146449
v -0.504466 -0.260671 -0.158471
v -0.518747 -0.234385 -0.152563
v -0.540316 -0.182426 -0.144645
v -0.422430 -0.392658 -0.082139
v -0.396368 -0.421365 -0.014737
v -0.437324 -0.373001 -0.110370
v -0.434810 -0.383660 -0.063291
v -0.550043 -0.119619 -0.153800
v -0.555722 -0.082618 -0.147192
v -0.450213 -0.363070 -0.092030
v -0.407206 -0.411446 -0.035193
v -0.550590 -0.164524 -0.126479
v -0.561074 -0.064633 -0.137304
v -0.557653 -0.093421 -0.137758
v -0.454236 -0.355583 -0.105533
v -0.563525 -0.059970 -0.130402
v -0.387737 -0.427281 -0.019869
v -0.559191 -0.051026 -0.144504
v -0.559057 -0.055754 -0.145508
v -0.563981 -0.049390 -0.119955
v -0.461060 -0.040345 0.046303
v -0.482271 -0.041327 0.022545
v -0.461061 -0.040369 0.058330
v -0.559246 -0.085929 -0.135181
v -0.559703 -0.076862 -0.137097
v -0.408608 -0.180175 0.088861
v -0.457906 -0.042849 0.057583
v -0.395723 -0.212307 0.080434
v -0.434484 -0.112760 0.057859
v -0.423713 -0.143713 0.056463
v -0.465775 -0.039096 0.052802
v -0.457233 -0.044487 0.086813
v -0.387370 -0.226306 0.105310
v -0.360332 -0.263897 0.164855
v -0.436747 -0.103631 0.103462
v -0.384459 -0.223290 0.151967
v -0.456405 -0.044535 0.116857
v -0.446859 -0.073684 0.041579
v -0.459332 -0.041522 0.102092
v -0.466276 -0.038103 0.101393
v -0.454459 -0.049436 0.098860
v -0.463074 -0.039022 0.101790
v -0.400465 -0.185783 0.162544
v -0.462761 -0.038558 0.114654
v -0.433923 -0.107938 0.133527
v -0.334397 -0.284054 0.227567
v -0.452139 -0.056019 0.096879
v -0.300279 -0.311879 0.251214
v -0.315254 -0.298833 0.251701
v -0.337081 -0.287447 0.194459
v -0.425720 -0.122716 0.169224
v -0.360099 -0.251882 0.218919
v -0.447815 -0.063011 0.154831
v -0.443473 -0.082246 0.122535
v -0.414762 -0.157708 0.131745
v -0.453113 -0.047700 0.150217
v -0.442506 -0.080656 0.150616
v -0.456839 -0.040203 0.150156
v -0.477042 -0.037300 0.120185
v -0.462204 -0.036851 0.139438
v -0.474893 -0.038345 0.090100
v -0.421893 -0.136221 0.148976
v -0.434576 -0.101563 0.158278
v -0.576084 -0.054357 -0.069654
v -0.575863 -0.056587 -0.046571
v -0.579093 -0.063616 -0.071750
v -0.577795 -0.058730 -0.075544
v -0.576984 -0.054866 -0.071224
v -0.567656 -0.096280 -0.103397
v -0.506083 -0.293016 -0.076285
v -0.541611 -0.213387 -0.102554
v -0.469316 -0.337335 -0.104492
v -0.576152 -0.055285 -0.059301
v -0.529120 -0.048509 0.003775
v -0.498220 -0.287880 -0.124688
v -0.448659 -0.367787 -0.075237
v -0.556521 -0.145558 -0.119921
v -0.564940 -0.111954 -0.107092
v -0.532280 -0.230340 -0.110509
v -0.441545 -0.384625 0.014755
v -0.410977 -0.032136 -0.251250
v -0.313603 -0.346978 -0.183210
v -0.374270 -0.250431 -0.249912
v -0.286784 -0.368305 -0.175295
v -0.437119 -0.023903 -0.298234
v -0.402404 -0.152688 -0.237840
v -0.415192 -0.073258 -0.203537
v -0.408610 -0.109935 -0.226176
v -0.366158 -0.393511 -0.230860
v -0.333350 -0.423201 -0.214169
v -0.340463 -0.417624 -0.218093
v -0.348330 -0.395512 -0.244279
v -0.338728 -0.414883 -0.225496
v -0.262506 -0.388036 -0.058318
v -0.261403 -0.394927 -0.075258
v -0.302839 -0.359838 -0.109028
v -0.300137 -0.360614 -0.066547
v -0.575969 -0.063386 -0.084341
v -0.575550 -0.058832 -0.085347
v -0.355215 -0.266397 0.189611
v -0.353082 -0.263216 0.216890
v -0.318657 -0.300139 0.227879
v -0.347156 -0.273507 0.206278
v -0.369569 -0.246480 0.176619
v -0.425937 -0.132893 0.103676
v -0.445835 -0.077772 0.082421
v -0.459650 -0.041571 0.090193
v -0.494046 -0.044155 -0.024251
v -0.559082 -0.047735 -0.138053
v -0.558936 -0.049259 -0.144236
v -0.561791 -0.050905 -0.135112
v -0.420759 -0.388964 -0.112255
v -0.453452 -0.350766 -0.127656
v -0.526989 -0.209314 -0.158993
v -0.482073 -0.305335 -0.146043
v -0.467007 -0.331149 -0.134894
v -0.551063 -0.046387 -0.168526
v -0.368153 -0.276829 0.033556
v -0.550642 -0.045061 -0.167036
v -0.352084 -0.294665 0.071429
v -0.416160 -0.170124 -0.013854
v -0.450400 -0.050377 -0.007979
v -0.397921 -0.213398 0.037776
v -0.433984 -0.114512 0.018026
v -0.429679 -0.364383 -0.173873
v -0.464324 -0.314148 -0.189568
v -0.389210 -0.412050 -0.129434
v -0.367384 -0.286482 -0.024193
v -0.416971 -0.165543 -0.062708
v -0.382587 -0.257401 -0.027250
v -0.375053 -0.274367 -0.042063
v -0.339522 -0.319984 0.006348
v -0.387186 -0.245295 -0.164138
v -0.450126 -0.286419 -0.254616
v -0.371892 -0.282918 -0.112413
v -0.430919 -0.057675 -0.132739
v -0.494858 -0.029329 -0.258942
v -0.374690 -0.276377 -0.139958
v -0.255464 -0.475916 0.065788
v -0.444678 -0.266870 -0.273385
v -0.260476 -0.371922 0.106182
v -0.442969 -0.038103 -0.155580
v -0.513016 -0.085564 -0.253217
v -0.259921 -0.380773 0.113769
v -0.260190 -0.387207 0.090106
v -0.267066 -0.355564 0.139235
v -0.270829 -0.354082 0.130803
v -0.359169 -0.281628 0.087287
v -0.407862 -0.368502 -0.218763
v -0.334952 -0.327314 -0.016839
v -0.378751 -0.268993 -0.072453
v -0.519988 -0.119502 -0.237197
v -0.525463 -0.104642 -0.228264
v -0.515630 -0.142707 -0.239086
v -0.511607 -0.173286 -0.233475
v -0.497324 -0.229640 -0.224203
v -0.484498 -0.260398 -0.222864
v -0.524729 -0.131445 -0.221974
v -0.531568 -0.115948 -0.209117
v -0.453459 -0.041057 -0.064022
v -0.458996 -0.040986 -0.066744
v -0.448895 -0.045717 -0.042775
v -0.446221 -0.054426 -0.034412
v -0.262110 -0.381448 0.013831
v -0.258189 -0.463978 -0.015254
v -0.254445 -0.474536 -0.052337
v -0.263267 -0.378559 0.014563
v -0.261227 -0.389456 0.011787
v -0.261655 -0.396478 0.001187
v -0.262958 -0.385766 -0.043875
v -0.261919 -0.410418 -0.075761
v -0.265186 -0.379488 -0.016785
v -0.261879 -0.387658 -0.024433
v -0.309701 -0.353046 -0.058673
v -0.289765 -0.365977 -0.043379
v -0.337212 -0.329010 -0.074384
v -0.425965 -0.124464 -0.078596
v -0.421719 -0.137471 -0.092314
v -0.504880 -0.165294 -0.250946
v -0.408869 -0.375081 -0.204720
v -0.400046 -0.385807 -0.197715
v -0.396723 -0.378137 -0.219211
v -0.390284 -0.387322 -0.212672
v -0.259698 -0.477428 -0.057454
v -0.257937 -0.478217 -0.048524
v -0.322643 -0.456422 -0.072186
v -0.357010 -0.434526 -0.116902
v -0.330071 -0.455720 -0.053069
v -0.342909 -0.449559 -0.059722
v -0.268693 -0.362704 0.088389
v -0.294439 -0.348581 0.079424
v -0.431181 -0.121327 -0.013684
v -0.380377 -0.421019 -0.115024
v -0.371625 -0.431343 -0.085321
v -0.371766 -0.436199 -0.040948
v -0.444478 -0.350268 -0.164570
v -0.550494 -0.049934 -0.171528
v -0.548064 -0.078044 -0.171056
v -0.550125 -0.047179 -0.172100
v -0.395077 -0.225151 0.003793
v -0.378629 -0.258746 0.023664
v -0.469139 -0.039298 0.037522
v -0.575444 -0.055721 -0.083174
v -0.576738 -0.070297 -0.080352
v -0.559055 -0.172837 -0.088307
v -0.352903 -0.404185 -0.228552
v -0.360318 -0.419636 -0.177704
v -0.369377 -0.407344 -0.201058
v -0.444394 -0.042821 -0.096890
v -0.418499 -0.042878 -0.204041
v -0.445709 -0.041387 -0.108262
v -0.421091 -0.036991 -0.209565
v -0.440993 -0.045678 -0.097908
v -0.421079 -0.032576 -0.236276
v -0.451056 -0.028958 -0.266973
v -0.310075 -0.431238 -0.223171
v -0.302094 -0.427681 -0.238201
v -0.476615 -0.058799 -0.299677
v -0.262551 -0.389055 -0.106560
v -0.298695 -0.438836 -0.215851
v -0.317166 -0.347374 -0.140943
v -0.283252 -0.451557 -0.187598
v -0.350640 -0.310623 -0.166117
v -0.312303 -0.418600 -0.243575
v -0.488292 -0.028674 -0.277931
v -0.264359 -0.467807 -0.129614
v -0.429144 -0.105590 -0.089150
v -0.433268 -0.064342 -0.112874
v -0.254647 -0.465891 -0.146086
v -0.392318 -0.239221 -0.090848
v -0.256576 -0.465981 -0.149060
v -0.284471 -0.371477 -0.083838
v -0.364429 -0.295773 -0.092330
v -0.348828 -0.316522 -0.124144
v -0.412599 -0.030876 -0.255945
v -0.408618 -0.045352 -0.234671
v -0.399472 -0.103779 -0.268954
v -0.563304 -0.136678 -0.101185
v -0.400814 -0.079008 -0.261129
v -0.559714 -0.105099 -0.127423
v -0.565983 -0.050786 -0.117810
v -0.377683 -0.226003 -0.280329
v -0.569297 -0.105436 -0.094171
v -0.568629 -0.077744 -0.107244
v -0.486934 -0.313357 -0.102974
v -0.547916 -0.184766 -0.116675
v -0.462265 -0.038065 0.126293
v -0.467138 -0.035837 0.136150
v -0.567567 -0.056306 -0.116285
v -0.566442 -0.069188 -0.118055
v -0.458093 -0.040619 0.133346
v -0.563019 -0.056077 -0.132362
v -0.564310 -0.049846 -0.108025
v -0.563664 -0.050635 -0.127308
v -0.526343 -0.049024 -0.059861
v -0.566047 -0.052300 -0.120071
v -0.468477 -0.038559 0.073399
v -0.477144 -0.039764 0.048478
v -0.506733 -0.045164 0.007255
v -0.321755 -0.332268 -0.226207
v -0.497882 -0.043138 0.042089
v -0.287109 -0.365334 -0.199145
v -0.470940 -0.037604 0.105262
v -0.461463 -0.040224 0.069857
v -0.518858 -0.047629 -0.027602
v -0.464414 -0.039041 0.068785
v -0.571916 -0.053654 -0.097294
v -0.570016 -0.051756 -0.100743
v -0.546233 -0.052120 -0.029973
v -0.571190 -0.054333 -0.101640
v -0.533596 -0.047359 -0.104740
v -0.568775 -0.051603 -0.107063
v -0.254306 -0.448313 -0.233673
v -0.570037 -0.066609 -0.106248
v -0.567807 -0.054048 -0.114651
v -0.263290 -0.437331 -0.251638
v -0.548414 -0.196521 -0.100663
v -0.516214 -0.256647 -0.123022
v -0.376269 -0.228163 -0.351744
v -0.554631 -0.172226 -0.105485
v -0.516017 -0.271296 -0.090667
v -0.414842 -0.039945 -0.357481
v -0.467571 -0.348674 -0.064697
v -0.443580 -0.019872 -0.324673
v -0.573093 -0.053491 -0.090247
v -0.414317 -0.029493 -0.264936
v -0.571197 -0.052064 -0.087873
v -0.405662 -0.033854 -0.255963
v -0.552252 -0.052116 -0.066999
v -0.508974 -0.297160 -0.048323
v -0.388076 -0.171820 -0.293608
v -0.553124 -0.202459 -0.073389
v -0.328361 -0.314132 -0.270229
v -0.565349 -0.160194 -0.076057
v -0.308765 -0.343927 -0.228528
v -0.577395 -0.089631 -0.071050
v -0.281343 -0.366499 -0.215548
v -0.580751 -0.059059 -0.062506
v -0.250959 -0.437886 -0.242291
v -0.252733 -0.442300 -0.245690
v -0.573379 -0.057057 -0.034261
v -0.556734 -0.053298 0.015517
v -0.578641 -0.056410 -0.067802
v -0.255100 -0.440519 -0.249673
v -0.544686 -0.051174 0.005886
v -0.251158 -0.434704 -0.252106
v -0.271853 -0.373578 -0.204485
v -0.475748 -0.035604 0.142235
v -0.461356 -0.036013 0.151775
v -0.292748 -0.352613 -0.248742
v -0.459742 -0.036835 0.173436
v -0.254309 -0.383319 -0.228570
v -0.453011 -0.047342 0.164303
v -0.251122 -0.384756 -0.264546
v -0.444530 -0.071760 0.170082
v -0.252260 -0.427399 -0.265509
v -0.439239 -0.086351 0.172240
v -0.439002 -0.087502 0.180577
v -0.257703 -0.414348 -0.283538
v -0.436186 -0.095005 0.181196
v -0.388561 -0.180932 -0.360719
v -0.430956 -0.109276 0.184832
v -0.430974 -0.018023 -0.330623
v -0.406572 -0.028245 -0.278763
v -0.425472 -0.124829 0.191459
v -0.399527 -0.035106 -0.268522
v -0.414379 -0.147902 0.191167
v -0.397947 -0.061529 -0.268357
v -0.402287 -0.173040 0.200830
v -0.390414 -0.108819 -0.304123
v -0.384288 -0.208825 0.211509
v -0.373392 -0.217085 -0.310271
v -0.366087 -0.238923 0.233667
v -0.365041 -0.235045 -0.317256
v -0.355541 -0.254833 0.239577
v -0.339314 -0.275094 0.262174
v -0.354144 -0.258240 0.231270
v -0.313513 -0.321399 -0.293356
v -0.346653 -0.267717 0.236726
v -0.348101 -0.278164 -0.300638
v -0.292387 -0.344307 -0.281252
v -0.364661 -0.241602 0.243162
v -0.275237 -0.361425 -0.260222
v -0.374129 -0.230081 0.207111
v -0.266819 -0.372291 -0.230071
v -0.381261 -0.213126 0.222763
v -0.255961 -0.374959 -0.252817
v -0.384287 -0.207814 0.227296
v -0.254290 -0.378971 -0.244993
v -0.389286 -0.198748 0.224753
v -0.251415 -0.416855 -0.273606
v -0.394133 -0.189667 0.222118
v -0.253605 -0.419873 -0.276757
v -0.395640 -0.189696 0.190737
v -0.283044 -0.369938 -0.316527
v -0.408252 -0.161506 0.204714
v -0.389907 -0.127757 -0.371777
v -0.416839 -0.142896 0.179799
v -0.437574 -0.021360 -0.333040
v -0.429576 -0.115428 0.191081
v -0.418579 -0.017503 -0.343370
v -0.436859 -0.094894 0.186259
v -0.412276 -0.023429 -0.311397
v -0.448171 -0.063402 0.175784
v -0.398559 -0.027469 -0.291714
v -0.454032 -0.046657 0.172634
v -0.394639 -0.029927 -0.289479
v -0.583072 -0.072164 -0.055469
v -0.391812 -0.047730 -0.286117
v -0.381137 -0.224112 0.177705
v -0.386473 -0.052884 -0.304010
v -0.398343 -0.197351 0.131923
v -0.380073 -0.163044 -0.328288
v -0.450711 -0.060094 0.052256
v -0.368160 -0.212285 -0.333060
v -0.457786 -0.042634 0.040943
v -0.333506 -0.291954 -0.315145
v -0.495395 -0.281454 -0.150802
v -0.323833 -0.298378 -0.325699
v -0.547217 -0.094640 -0.169468
v -0.298525 -0.333140 -0.298314
v -0.306242 -0.470074 0.023380
v -0.282763 -0.352281 -0.277896
v -0.367492 -0.437299 -0.056802
v -0.256378 -0.369053 -0.274435
v -0.352955 -0.445770 -0.050754
v -0.250803 -0.398777 -0.283919
v -0.363492 -0.423367 -0.154494
v -0.251446 -0.409034 -0.284493
v -0.340433 -0.442223 -0.119013
v -0.253787 -0.410836 -0.287158
v -0.370789 -0.416767 -0.164306
v -0.254818 -0.401795 -0.297787
v -0.392763 -0.401505 -0.164348
v -0.251438 -0.397519 -0.299661
v -0.406497 -0.387065 -0.175520
v -0.265809 -0.352693 -0.308688
v -0.434966 -0.352057 -0.192268
v -0.284317 -0.331164 -0.333886
v -0.438399 -0.342761 -0.205060
v -0.259650 -0.350872 -0.324402
v -0.531130 -0.072173 -0.218818
v -0.251751 -0.365662 -0.297953
v -0.392447 -0.390227 -0.202680
v -0.247384 -0.371041 -0.314541
v -0.274068 -0.481053 0.052518
v -0.248177 -0.371046 -0.326794
v -0.257293 -0.467104 0.083598
v -0.250083 -0.376266 -0.323595
v -0.254076 -0.482204 0.112348
v -0.252612 -0.376241 -0.325005
v -0.255953 -0.344840 0.268698
v -0.251700 -0.390325 -0.308735
v -0.257424 -0.356387 0.250853
v -0.253327 -0.395005 -0.305180
v -0.260053 -0.389551 0.266542
v -0.266371 -0.374777 -0.321735
v -0.257362 -0.363223 0.285377
v -0.309954 -0.313440 -0.345988
v -0.257514 -0.414538 0.306436
v -0.320128 -0.298380 -0.348630
v -0.517933 -0.290587 -0.021434
v -0.333532 -0.278845 -0.349128
v -0.544798 -0.238757 -0.039309
v -0.331409 -0.285440 -0.335277
v -0.569614 -0.178559 -0.037448
v -0.315480 -0.303196 -0.334812
v -0.585790 -0.059398 -0.032818
v -0.286198 -0.339053 -0.309367
v -0.552945 -0.052040 0.044143
v -0.479535 -0.034430 0.162029
v -0.270156 -0.358058 -0.284053
v -0.281797 -0.333452 -0.345499
v -0.461147 -0.056921 0.192767
v -0.274779 -0.341905 -0.344128
v -0.446425 -0.096672 0.202847
v -0.429629 -0.138321 0.213875
v -0.266954 -0.357247 -0.337253
v -0.255057 -0.363804 -0.336831
v -0.408077 -0.180184 0.231069
v -0.249960 -0.370599 -0.330079
v -0.385166 -0.221320 0.248612
v -0.248694 -0.355664 -0.333175
v -0.342429 -0.285985 0.287629
v -0.250631 -0.357976 -0.321391
v -0.289795 -0.340042 0.328520
v -0.252710 -0.353132 -0.330584
v -0.256086 -0.386857 0.360589
v -0.255077 -0.395387 0.365459
v -0.264312 -0.344691 -0.343666
v -0.249112 -0.466936 0.299577
v -0.251592 -0.440908 0.348324
v -0.257576 -0.356529 -0.341930
v -0.247350 -0.359209 -0.337718
v -0.248856 -0.449406 0.359825
v -0.248461 -0.357339 -0.341237
v -0.255830 -0.455686 0.373294
v -0.269327 -0.454461 0.350799
v -0.285267 -0.452223 0.322885
v -0.274473 -0.337401 -0.344158
v -0.447450 -0.379574 0.113561
v -0.248734 -0.354434 -0.340901
v -0.480130 -0.342686 -0.004630
v -0.246698 -0.361987 -0.330222
v -0.306104 -0.311584 -0.336062
v -0.506120 -0.310559 -0.004757
v -0.302661 -0.312992 -0.342371
v -0.597060 -0.067655 0.006520
v -0.253357 -0.409219 0.401444
v -0.581752 -0.179035 0.026341
v -0.325568 -0.289127 -0.346382
v -0.297408 -0.376523 0.386046
v -0.295795 -0.319103 -0.343524
v -0.319935 -0.296172 -0.348384
v -0.261406 -0.417341 0.442320
v -0.254637 -0.421714 0.443029
v -0.251467 -0.427254 0.448469
v -0.345581 -0.259805 -0.341932
v -0.248704 -0.432731 0.446765
v -0.247902 -0.436821 0.441866
v -0.313191 -0.303751 -0.348045
v -0.250887 -0.433939 0.453526
v -0.369563 -0.172304 -0.356425
v -0.353911 -0.243875 -0.340274
v -0.377861 -0.152055 -0.339554
v -0.384819 -0.039645 -0.307119
v -0.381733 -0.109187 -0.333486
v -0.388730 -0.033553 -0.298294
v -0.400520 -0.017387 -0.347281
v -0.414771 -0.024797 -0.354987
v -0.363553 -0.230749 -0.358961
v -0.381390 -0.152002 -0.373056
v -0.350691 -0.251053 -0.356936
v -0.337763 -0.271422 -0.351364
v -0.341401 -0.264390 -0.353592
v -0.365044 -0.189647 -0.360838
v -0.349948 -0.244690 -0.356801
v -0.373547 -0.143939 -0.354874
v -0.384428 -0.031507 -0.311324
v -0.376315 -0.122591 -0.349726
v -0.386193 -0.023763 -0.324370
v -0.411975 -0.020410 -0.354940
v -0.376939 -0.155780 -0.375039
v -0.363747 -0.205072 -0.368308
v -0.372855 -0.169755 -0.374077
v -0.360982 -0.204997 -0.367444
v -0.351384 -0.243539 -0.358443
v -0.346722 -0.253191 -0.356347
v -0.366189 -0.168656 -0.372040
v -0.363316 -0.191686 -0.367999
v -0.368213 -0.152447 -0.370163
v -0.373473 -0.076366 -0.352700
v -0.368474 -0.162526 -0.364718
v -0.370791 -0.028163 -0.347002
v -0.377549 -0.019459 -0.349352
v -0.390052 -0.015875 -0.362793
v -0.390433 -0.017059 -0.368768
v -0.381829 -0.095155 -0.380968
v -0.374315 -0.117449 -0.382003
v -0.378360 -0.129125 -0.378847
v -0.369372 -0.163064 -0.376572
v -0.367428 -0.155232 -0.375838
v -0.366588 -0.168564 -0.374868
v -0.368248 -0.142583 -0.375132
v -0.368933 -0.130672 -0.377291
v -0.368915 -0.131178 -0.374169
v -0.369595 -0.121188 -0.371317
v -0.369186 -0.096598 -0.370336
v -0.371974 -0.052588 -0.348695
v -0.364826 -0.036947 -0.362659
v -0.365496 -0.080373 -0.378345
v -0.368792 -0.111237 -0.380734
v -0.379010 -0.077014 -0.383939
v -0.360004 -0.055283 -0.384526
v -0.361874 -0.067184 -0.384946
v -0.370292 -0.099187 -0.384986
v -0.379269 -0.045588 -0.384154
v -0.358186 -0.033354 -0.379791
v -0.363879 -0.016671 -0.373017
v -0.363379 -0.060934 -0.392587
v -0.358099 -0.043328 -0.384864
v -0.360746 -0.029026 -0.393213
v -0.362390 -0.069440 -0.389528
v -0.361088 -0.019645 -0.391325
v -0.369161 -0.024198 -0.388522
v -0.357865 -0.024396 -0.392741
v -0.249313 -0.383761 -0.297657
v -0.260042 -0.396174 -0.303202
v -0.380336 -0.176614 -0.320417
v -0.251976 -0.383628 -0.251774
v -0.340947 -0.286775 -0.305025
v -0.386979 -0.122122 -0.315708
v -0.265606 -0.425180 -0.267267
v -0.390762 -0.190844 -0.263614
v -0.355209 -0.285667 -0.251100
v -0.270580 -0.380173 -0.091744
v -0.359784 -0.286133 -0.225829
v -0.386408 -0.223930 -0.237190
v -0.469217 -0.022941 -0.295664
v -0.486244 -0.048180 -0.287390
v -0.393257 -0.234646 -0.130371
v -0.433462 -0.051289 -0.126339
v -0.407340 -0.176350 -0.168337
v -0.401312 -0.204310 -0.158450
v -0.434129 -0.046676 -0.131311
v -0.436346 -0.043089 -0.131628
v -0.431954 -0.323942 -0.242391
v -0.358445 -0.298723 -0.009509
v -0.257005 -0.473438 -0.096917
v -0.283187 -0.461246 -0.135102
v -0.320983 -0.434210 -0.198412
v -0.330119 -0.427814 -0.205662
v -0.452426 -0.043459 -0.030358
v -0.459802 -0.040985 0.001869
v -0.437878 -0.368174 -0.129005
v -0.466181 -0.040054 0.005262
v -0.454843 -0.044608 0.007434
v -0.452929 -0.049289 0.020338
v -0.547476 -0.044520 -0.177744
v -0.545130 -0.045648 -0.186067
v -0.542538 -0.047936 -0.193466
v -0.545624 -0.053465 -0.184761
v -0.473180 -0.040282 0.015117
v -0.461070 -0.040542 0.034652
v -0.553245 -0.045652 -0.156840
v -0.556094 -0.048490 -0.153646
v -0.555586 -0.051609 -0.156392
v -0.425367 -0.394573 -0.046599
v -0.555115 -0.049211 -0.157363
v -0.535212 -0.210550 -0.130132
v -0.556539 -0.122121 -0.131929
v -0.454003 -0.050790 0.075205
v -0.455665 -0.046551 0.065159
v -0.355550 -0.280381 0.117624
v -0.412559 -0.174899 0.049139
v -0.456865 -0.044609 0.104100
v -0.459109 -0.041102 0.114744
v -0.463132 -0.039423 0.089899
v -0.466134 -0.037565 0.113765
v -0.453308 -0.050418 0.124793
v -0.448833 -0.064235 0.129088
v -0.570178 -0.061779 -0.106667
v -0.455192 -0.044915 0.133251
v -0.563878 -0.053217 -0.128761
v -0.568234 -0.050772 -0.103503
v -0.554888 -0.048551 -0.114410
v -0.465933 -0.038673 0.084721
v -0.473197 -0.038850 0.066426
v -0.571147 -0.058141 -0.103130
v -0.566799 -0.089166 -0.109036
v -0.556070 -0.157762 -0.112859
v -0.573678 -0.055586 -0.091502
v -0.573204 -0.053048 -0.086798
v -0.563408 -0.050990 -0.092047
v -0.481693 -0.329328 -0.072959
v -0.526799 -0.259744 -0.071783
v -0.553957 -0.185480 -0.093561
v -0.568157 -0.146886 -0.076219
v -0.581919 -0.057648 -0.052850
v -0.565874 -0.055713 -0.030445
v -0.500308 -0.041556 0.105773
v -0.459924 -0.036078 0.163304
v -0.456485 -0.039895 0.162920
v -0.456691 -0.041042 0.172701
v -0.448363 -0.060529 0.164303
v -0.447646 -0.063269 0.171490
v -0.441579 -0.080366 0.178691
v -0.431551 -0.107118 0.176406
v -0.433571 -0.102141 0.183442
v -0.426658 -0.119715 0.184082
v -0.422026 -0.130783 0.183991
v -0.406804 -0.163706 0.198568
v -0.396823 -0.184309 0.203010
v -0.372112 -0.229769 0.223714
v -0.362896 -0.244920 0.228755
v -0.342994 -0.270632 0.251028
v -0.347332 -0.265671 0.255123
v -0.357485 -0.252092 0.246620
v -0.369957 -0.232865 0.237531
v -0.375386 -0.223572 0.228000
v -0.378554 -0.218479 0.232649
v -0.388169 -0.200323 0.216991
v -0.394835 -0.187322 0.213169
v -0.400158 -0.177323 0.212979
v -0.410621 -0.158957 0.173645
v -0.415334 -0.147554 0.199087
v -0.420851 -0.135865 0.195603
v -0.433005 -0.105656 0.188534
v -0.442352 -0.080127 0.183017
v -0.451963 -0.054234 0.176290
v -0.470513 -0.036538 0.124489
v -0.578234 -0.097832 -0.064640
v -0.363687 -0.251941 0.195600
v -0.374365 -0.245658 0.139138
v -0.453031 -0.051760 0.045265
v -0.551993 -0.143025 -0.136619
v -0.528039 -0.176388 -0.186926
v -0.320285 -0.464765 0.016989
v -0.299961 -0.473187 0.054548
v -0.360960 -0.440552 -0.060868
v -0.386573 -0.410700 -0.144830
v -0.353760 -0.432218 -0.137891
v -0.304764 -0.462923 -0.070607
v -0.378431 -0.408900 -0.176041
v -0.398701 -0.399181 -0.154366
v -0.418974 -0.375901 -0.173144
v -0.425620 -0.361493 -0.195563
v -0.452847 -0.324676 -0.203241
v -0.383795 -0.399408 -0.195671
v -0.261805 -0.367003 0.111697
v -0.259913 -0.447047 0.117687
v -0.254097 -0.479862 0.101840
v -0.255398 -0.483767 0.100086
v -0.256787 -0.350657 0.251927
v -0.259198 -0.366321 0.241114
v -0.472576 -0.346472 -0.043207
v -0.258995 -0.422524 0.243728
v -0.510749 -0.302756 -0.013265
v -0.532324 -0.266774 -0.024540
v -0.558519 -0.213304 -0.029919
v -0.589427 -0.066420 -0.028861
v -0.590928 -0.061466 -0.001026
v -0.475256 -0.033243 0.173920
v -0.475557 -0.033784 0.182508
v -0.454082 -0.075590 0.196946
v -0.438161 -0.118672 0.208416
v -0.420900 -0.156110 0.220186
v -0.398048 -0.197913 0.239011
v -0.361982 -0.259579 0.269084
v -0.324183 -0.310383 0.306115
v -0.264143 -0.368830 0.354957
v -0.255410 -0.417245 0.343562
v -0.253874 -0.428948 0.344205
v -0.248479 -0.454658 0.349329
v -0.249763 -0.465791 0.285800
v -0.247962 -0.456917 0.357080
v -0.311266 -0.447523 0.277175
v -0.435166 -0.390605 0.105486
v -0.592071 -0.073527 -0.018049
v -0.252726 -0.458080 0.367133
v -0.568837 -0.207792 0.013425
v -0.602465 -0.070026 0.032621
v -0.585034 -0.154769 0.004761
v -0.251202 -0.430870 0.453267
v -0.281902 -0.404052 0.428154
v -0.249801 -0.431065 0.450309
v -0.423819 -0.272823 0.313980
v -0.249707 -0.434048 0.451543
v -0.270329 -0.407839 0.429377
v -0.286783 -0.461184 0.277085
v -0.248330 -0.461086 0.342023
v -0.248849 -0.460419 0.324953
v -0.257255 -0.380327 0.358026
v -0.522144 -0.045899 0.074783
v -0.466125 -0.034215 0.154605
v -0.485004 -0.039567 0.094297
v -0.580911 -0.062089 -0.063892
v -0.573283 -0.123523 -0.071351
v -0.375091 -0.251629 0.102623
v -0.413677 -0.388063 -0.146414
v -0.423377 -0.380033 -0.141350
v -0.439236 -0.362347 -0.145330
v -0.381725 -0.429417 -0.045988
v -0.391558 -0.421733 -0.054194
v -0.539943 -0.054781 -0.199294
v -0.537399 -0.051329 -0.206082
v -0.539018 -0.043429 -0.201891
v -0.459719 -0.040684 -0.043405
v -0.410943 -0.174118 -0.132298
v -0.440298 -0.042060 -0.121018
v -0.441873 -0.039342 -0.140102
v -0.511681 -0.042992 -0.252010
v -0.511334 -0.049197 -0.253767
v -0.507662 -0.056789 -0.259913
v -0.502702 -0.036953 -0.262812
v -0.501084 -0.030953 -0.260137
v -0.488630 -0.031377 -0.251420
v -0.392463 -0.228695 -0.173645
v -0.383519 -0.256022 -0.152854
v -0.377692 -0.268315 -0.157259
v -0.355514 -0.297408 -0.205021
v -0.367804 -0.277952 -0.207074
v -0.374407 -0.268100 -0.195892
v -0.416925 -0.102371 -0.182688
v -0.418158 -0.080516 -0.186938
v -0.422585 -0.068345 -0.170081
v -0.424830 -0.040318 -0.186593
v -0.428705 -0.037634 -0.185133
v -0.434183 -0.036344 -0.186501
v -0.393771 -0.309450 -0.289839
v -0.417838 -0.309899 -0.268419
v -0.477125 -0.024938 -0.288910
v -0.478183 -0.026579 -0.290398
v -0.433059 -0.034793 -0.209241
v -0.450520 -0.032758 -0.241437
v -0.398924 -0.179825 -0.229844
v -0.364175 -0.275064 -0.238384
v -0.300056 -0.360758 -0.153374
v -0.338696 -0.322331 -0.181980
v -0.295854 -0.364753 -0.130857
v -0.267392 -0.383065 -0.111588
v -0.397798 -0.169778 -0.248385
v -0.258903 -0.453365 -0.214615
v -0.333759 -0.317314 -0.236433
v -0.326348 -0.322195 -0.249285
v -0.346079 -0.297470 -0.255155
v -0.260997 -0.430817 -0.262201
v -0.359245 -0.251824 -0.312043
v -0.251464 -0.377111 -0.268521
v -0.306645 -0.330568 -0.336344
v -0.249330 -0.385421 -0.305060
v -0.355690 -0.023237 -0.387872
v -0.358998 -0.017008 -0.390364
v -0.358435 -0.049981 -0.392665
v -0.356320 -0.022030 -0.391426
v -0.365843 -0.018521 -0.388349
v -0.363600 -0.050356 -0.393130
v -0.356464 -0.034891 -0.387571
v -0.366542 -0.014667 -0.379697
v -0.362664 -0.019136 -0.370894
v -0.375930 -0.029867 -0.385347
v -0.378274 -0.021071 -0.381273
v -0.371759 -0.085943 -0.387005
v -0.365361 -0.077826 -0.388645
v -0.364839 -0.022977 -0.363136
v -0.377733 -0.014989 -0.370921
v -0.365216 -0.182880 -0.372546
v -0.360684 -0.208930 -0.367068
v -0.383931 -0.019860 -0.342620
v -0.354806 -0.231455 -0.359336
v -0.340299 -0.270120 -0.352784
v -0.375336 -0.181885 -0.369643
v -0.388939 -0.030207 -0.301491
v -0.355403 -0.231521 -0.353004
v -0.293893 -0.322603 -0.346532
v -0.246922 -0.365991 -0.328901
v -0.252095 -0.356960 -0.342609
v -0.287696 -0.326512 -0.340627
v -0.368122 -0.286474 -0.158898
v -0.262402 -0.410556 0.023808
v -0.308273 -0.467727 -0.005181
v -0.331580 -0.457454 -0.027827
v -0.379833 -0.250346 -0.215766
v -0.262174 -0.425697 0.063929
v -0.260918 -0.392893 0.131829
v -0.418896 -0.058276 -0.192194
v -0.269657 -0.345874 0.178425
v -0.272255 -0.338904 0.203477
v -0.445369 -0.035563 -0.209724
v -0.256156 -0.483833 0.073780
v -0.257789 -0.484460 0.084493
v -0.377448 -0.434560 -0.011314
v -0.366510 -0.441536 -0.004701
v -0.256770 -0.484613 0.114508
v -0.259568 -0.484721 0.108338
v -0.259321 -0.354442 0.211332
v -0.259189 -0.359214 0.214808
v -0.329096 -0.299483 0.177359
v -0.348541 -0.281129 0.157851
v -0.288897 -0.323767 0.230611
v -0.264079 -0.337462 0.239832
v -0.260876 -0.339320 0.245721
v -0.255168 -0.468324 0.163419
v -0.258542 -0.484317 0.145582
v -0.255676 -0.484081 0.150339
v -0.280705 -0.479049 0.133233
v -0.491425 -0.323874 -0.039537
v -0.382745 -0.429510 0.101912
v -0.370335 -0.440057 0.028053
v -0.384145 -0.431204 0.023897
v -0.357788 -0.447408 0.050127
v -0.352810 -0.449202 0.086663
v -0.343200 -0.455007 0.071706
v -0.269963 -0.482190 0.137047
v -0.253842 -0.481978 0.175848
v -0.255817 -0.342722 0.283824
v -0.256925 -0.339948 0.287373
v -0.272937 -0.329519 0.253855
v -0.280682 -0.323698 0.262718
v -0.266792 -0.331449 0.268431
v -0.270001 -0.328879 0.278135
v -0.266690 -0.331422 0.293729
v -0.272620 -0.327435 0.286441
v -0.256027 -0.344734 0.297479
v -0.257165 -0.343170 0.304163
v -0.252683 -0.472375 0.206776
v -0.320000 -0.464111 0.128941
v -0.330816 -0.453711 0.175676
v -0.373238 -0.433664 0.125432
v -0.251103 -0.474895 0.261309
v -0.250622 -0.474287 0.252693
v -0.255314 -0.480090 0.213260
v -0.459013 -0.049006 0.186031
v -0.404694 -0.171459 0.216705
v -0.261504 -0.359046 0.336381
v -0.251591 -0.467066 0.324270
v -0.589859 -0.062027 -0.020594
v -0.262599 -0.378512 0.368063
v -0.586475 -0.130091 -0.013329
v -0.489038 -0.035576 0.192250
v -0.362157 -0.281233 0.292098
v -0.247734 -0.450509 0.396435
v -0.475975 -0.073849 0.208631
v -0.250617 -0.422638 0.426744
v -0.298082 -0.413424 0.434597
v -0.566123 -0.223303 0.305234
v -0.565688 -0.228429 0.270217
v -0.579990 -0.199844 0.316760
v -0.590228 -0.181327 0.323710
v -0.586596 -0.186318 0.331162
v -0.576151 -0.204114 0.329439
v -0.547082 -0.233738 0.359198
v -0.557149 -0.221644 0.356553
v -0.565218 -0.216058 0.347425
v -0.564694 -0.214214 0.351027
v -0.572537 -0.200809 0.348827
v -0.568417 -0.203470 0.350984
v -0.315087 -0.333277 -0.250098
v -0.265543 -0.381270 -0.172234
v -0.262215 -0.383991 -0.171938
v -0.255721 -0.389361 -0.199246
v -0.259396 -0.383964 -0.191447
v -0.404561 -0.037378 -0.253034
v -0.293980 -0.363066 -0.179349
v -0.255209 -0.395107 -0.197174
v -0.413225 -0.043594 -0.220798
v -0.415380 -0.039143 -0.219977
v -0.307881 -0.349907 -0.198353
v -0.401457 -0.049808 -0.255973
v -0.257293 -0.385260 -0.199495
v -0.575538 -0.201884 0.340950
v -0.371821 -0.227978 -0.302505
v -0.448484 -0.351038 0.272367
v -0.414859 -0.365513 0.311025
v -0.383534 -0.381192 0.339186
v -0.510012 -0.311790 0.175042
v -0.562171 -0.237440 0.090746
v -0.591222 -0.164968 0.061825
v -0.605286 -0.098641 0.058666
v -0.608023 -0.071490 0.062535
v -0.611029 -0.071750 0.080644
v -0.609164 -0.067558 0.077538
v -0.569384 -0.052886 0.151350
v -0.542184 -0.042683 0.223175
v -0.528423 -0.043146 0.224615
v -0.527183 -0.057701 0.234444
v -0.545881 -0.045002 0.234838
v -0.569988 -0.049462 0.227326
v -0.556766 -0.045698 0.231551
v -0.607038 -0.065136 0.100584
v -0.612134 -0.067670 0.099502
v -0.613242 -0.071125 0.095993
v -0.611222 -0.085756 0.084374
v -0.554683 -0.251284 0.107942
v -0.595722 -0.157945 0.082326
v -0.531319 -0.281101 0.230617
v -0.565077 -0.235549 0.135763
v -0.617456 -0.078553 0.121825
v -0.615117 -0.070658 0.109590
v -0.613387 -0.067152 0.132523
v -0.602807 -0.063192 0.144235
v -0.544006 -0.046528 0.237359
v -0.547954 -0.053696 0.247078
v -0.500526 -0.208449 0.304892
v -0.543180 -0.085967 0.256767
v -0.557184 -0.058783 0.256834
v -0.595077 -0.168596 0.338612
v -0.639960 -0.077970 0.331638
v -0.639112 -0.077411 0.342262
v -0.639848 -0.077337 0.339563
v -0.639848 -0.077337 0.339563
v -0.638120 -0.078053 0.343370
v -0.629028 -0.074742 0.221519
v -0.623145 -0.075591 0.167166
v -0.620404 -0.074829 0.144726
v -0.621786 -0.075679 0.155335
v -0.248848 -0.450165 0.402510
v -0.534221 -0.041751 -0.211995
v -0.265002 -0.376743 0.010313
v -0.486060 -0.192201 -0.267535
v -0.494425 -0.165911 -0.266276
v -0.269827 -0.369750 0.032959
v -0.267179 -0.373255 0.021256
v -0.536949 -0.043324 -0.206757
v -0.536949 -0.043324 -0.206757
v -0.638332 -0.076528 0.303639
v -0.639673 -0.077016 0.323769
v -0.569403 -0.053004 -0.107535
v -0.284408 -0.329418 -0.344956
v -0.297013 -0.318403 -0.345952
v -0.363999 -0.191138 -0.370762
v -0.506230 -0.118139 -0.260735
v -0.541250 -0.044364 -0.196355
v -0.553992 -0.047130 -0.159447
v -0.558936 -0.049259 -0.144236
v -0.561791 -0.050905 -0.135112
v -0.390284 -0.387322 -0.212672
v -0.550125 -0.047179 -0.172100
v -0.571916 -0.053654 -0.097294
v -0.571190 -0.054333 -0.101640
v -0.337763 -0.271422 -0.351364
v -0.341401 -0.264390 -0.353592
v -0.545130 -0.045648 -0.186067
v -0.556094 -0.048490 -0.153646
v -0.555115 -0.049211 -0.157363
v -0.539018 -0.043429 -0.201891
v -0.358998 -0.017008 -0.390364
v -0.360684 -0.208930 -0.367068
f 17 13 65
f 63 2 17
f 2 18 17
f 63 198 2
f 198 1133 2
f 63 62 198
f 62 201 198
f 198 4 1133
f 5 11 4
f 1131 201 157
f 1132 12 5
f 1131 985 6
f 985 979 15
f 979 988 15
f 15 988 1130
f 6 1130 7
f 6 7 10
f 1130 988 54
f 1130 54 1443
f 1130 1443 7
f 10 8 50
f 10 50 9
f 10 9 1132
f 17 18 13
f 65 13 1134
f 13 16 1134
f 983 2575 153
f 153 1144 1
f 192 88 1135
f 192 1135 89
f 67 445 982
f 67 1136 445
f 1 185 1136
f 66 1 1136
f 1134 33 2575
f 16 33 1134
f 1133 990 18
f 11 19 990
f 51 20 1137
f 1138 28 20
f 403 197 21
f 1445 22 197
f 22 2573 197
f 407 23 22
f 1139 191 22
f 1447 195 23
f 1142 29 1139
f 1449 193 409
f 409 193 26
f 26 1455 27
f 27 1141 24
f 1142 24 1141
f 1141 2344 29
f 29 2344 2343
f 29 2343 191
f 191 2343 2577
f 191 2577 2573
f 1138 2340 28
f 30 189 441
f 19 31 990
f 990 188 18
f 18 32 13
f 14 1487 3
f 236 1489 235
f 190 2793 235
f 190 34 451
f 156 2774 154
f 2773 36 152
f 158 152 36
f 158 36 1146
f 2772 1146 150
f 150 37 454
f 181 150 454
f 160 181 513
f 39 38 455
f 39 456 148
f 1495 148 456
f 146 2770 1147
f 2768 458 40
f 41 40 458
f 142 1148 2767
f 1148 41 459
f 2767 1148 1500
f 139 2767 1127
f 139 1127 177
f 139 177 2766
f 2766 1501 1126
f 2766 1126 138
f 138 462 172
f 172 1125 42
f 2765 136 2782
f 174 136 465
f 470 58 1509
f 127 492 1509
f 58 43 161
f 128 1149 943
f 1149 175 943
f 175 2761 943
f 175 1120 130
f 1120 44 2762
f 2763 993 173
f 173 55 165
f 55 46 991
f 55 991 47
f 55 47 989
f 47 53 989
f 47 992 53
f 167 53 49
f 167 49 52
f 1445 197 403
f 405 171 1121
f 407 22 1445
f 405 2733 1447
f 405 1447 407
f 1517 2733 992
f 2733 411 1447
f 1447 23 407
f 1453 1449 1517
f 1451 1453 1517
f 412 1119 1453
f 193 1449 1453
f 193 1453 415
f 417 2350 1455
f 417 1459 419
f 417 1457 2348
f 417 2348 2576
f 419 427 1457
f 425 427 419
f 423 468 412
f 468 518 412
f 2325 1463 1564
f 427 1465 474
f 427 474 1467
f 1515 1469 429
f 2347 2348 431
f 1471 433 2347
f 1471 2347 431
f 1471 1469 1519
f 2732 1471 1519
f 2345 433 1473
f 2345 1473 2344
f 2345 2574 433
f 2572 2350 2576
f 2574 2347 433
f 27 2350 2572
f 27 2572 1141
f 27 1455 2350
f 2347 2576 2348
f 417 2576 2350
f 2576 2347 2574
f 2572 2576 2574
f 2572 2574 2345
f 2572 2345 1141
f 1141 2345 2344
f 1473 2732 1118
f 435 1473 1118
f 2344 435 1475
f 1475 435 478
f 1475 478 437
f 437 478 479
f 437 479 1477
f 2340 439 484
f 2343 2344 1475
f 2343 1475 437
f 2343 437 2577
f 2573 2577 439
f 2573 439 1138
f 1138 439 2340
f 28 1479 189
f 189 1479 441
f 32 18 188
f 33 443 2575
f 2575 1483 1144
f 445 1485 982
f 982 447 14
f 1135 1528 1489
f 2774 190 451
f 1145 1491 1114
f 1145 1114 183
f 183 453 36
f 1495 456 485
f 457 1495 485
f 2768 179 458
f 1147 457 487
f 459 41 1497
f 1148 1529 1500
f 2767 1500 1127
f 1127 460 177
f 460 461 1113
f 177 460 1501
f 460 1113 1501
f 177 1501 2766
f 1501 1113 2338
f 1126 2338 463
f 1126 462 138
f 1126 463 462
f 462 463 1535
f 462 1125 172
f 462 1535 1125
f 42 1125 464
f 42 464 1503
f 42 1503 2765
f 2765 1503 136
f 1509 1124 43
f 43 1124 466
f 466 1558 473
f 1558 1122 1511
f 1122 1533 1505
f 1122 1505 469
f 1151 493 467
f 493 1123 467
f 1123 493 468
f 2326 1119 412
f 475 2730 474
f 475 474 1465
f 476 474 2730
f 1515 477 1111
f 1515 1111 1110
f 496 1515 1110
f 1519 496 497
f 2732 1519 497
f 2732 497 502
f 1117 1118 502
f 1117 502 2337
f 479 478 1109
f 479 1109 1477
f 439 1477 1108
f 439 1108 484
f 441 480 30
f 30 481 31
f 31 481 1143
f 188 1520 32
f 1481 1520 1522
f 1481 1522 443
f 443 1522 1116
f 443 1116 1483
f 1483 504 185
f 1485 1115 447
f 449 483 1135
f 453 486 2728
f 453 2728 1106
f 37 453 1106
f 37 1106 507
f 454 37 507
f 513 181 508
f 38 1493 2298
f 456 455 2550
f 456 2550 485
f 457 485 510
f 1147 487 2570
f 457 510 1549
f 457 1549 487
f 1497 2570 488
f 487 2336 488
f 1497 1104 459
f 459 1526 1529
f 459 1529 1148
f 1529 1526 1103
f 1500 1529 511
f 1500 511 1557
f 1500 1557 461
f 1500 461 1127
f 1557 2571 461
f 461 2571 1113
f 1113 1112 2338
f 1112 1113 2571
f 1112 515 489
f 1112 489 2338
f 2338 489 463
f 463 489 2569
f 463 2569 1535
f 2569 490 1535
f 1535 490 1125
f 1125 490 495
f 1125 495 464
f 464 495 491
f 464 491 1503
f 1124 1509 492
f 2329 1124 492
f 1124 1555 466
f 1555 1124 2329
f 1151 1101 518
f 2568 519 494
f 2568 494 2325
f 2730 475 1537
f 2730 1537 520
f 2730 520 476
f 497 521 498
f 1117 2337 499
f 1109 1540 523
f 1109 523 1477
f 1477 523 2726
f 1477 2726 1108
f 1108 2726 1099
f 2340 500 1479
f 501 525 480
f 480 525 481
f 481 526 1143
f 1143 1546 188
f 188 2729 1520
f 445 1569 1485
f 1115 1152 447
f 482 1152 1487
f 1487 503 483
f 1528 483 2731
f 451 505 452
f 1491 452 506
f 1114 1548 2728
f 1114 2728 486
f 181 454 507
f 181 1155 508
f 487 1549 2336
f 2336 1549 1551
f 537 1551 1094
f 1551 1104 488
f 1551 488 2336
f 2567 1104 537
f 511 1529 1103
f 511 512 1557
f 1557 2727 1102
f 2571 1578 1112
f 515 1153 489
f 489 1153 2569
f 1153 514 2569
f 2569 514 490
f 490 514 516
f 490 516 495
f 495 516 491
f 465 1503 471
f 471 1503 2331
f 471 1092 517
f 466 1075 1558
f 1558 1100 1533
f 520 524 2564
f 520 2564 2562
f 476 520 2562
f 476 2562 2323
f 477 476 2323
f 1111 477 2323
f 1111 2323 2320
f 1538 499 1562
f 1538 1562 1154
f 1154 1562 2317
f 1154 2317 2316
f 1540 1538 1154
f 522 1154 2316
f 523 1566 2726
f 1099 2726 2559
f 1108 1099 484
f 484 1098 500
f 500 2314 501
f 481 525 2558
f 481 2558 526
f 526 2558 2312
f 526 2312 1546
f 1546 2312 532
f 1546 532 2729
f 1520 2729 532
f 532 2312 2557
f 532 2557 527
f 1520 527 1522
f 527 2557 528
f 1522 527 1107
f 1107 528 504
f 528 2310 1567
f 1567 2310 2556
f 504 1567 1569
f 1567 2556 2308
f 1567 2308 1097
f 1569 1097 1115
f 1097 2308 2555
f 1115 1097 1152
f 1097 2555 1096
f 1096 2555 2305
f 1096 2305 2554
f 1096 2554 529
f 529 2554 2304
f 529 2304 1575
f 503 1575 483
f 1575 2304 2553
f 483 1575 2731
f 1575 2553 2302
f 1575 2302 530
f 2731 530 505
f 530 2302 536
f 505 536 506
f 506 531 1544
f 1573 2552 2728
f 1106 2728 2552
f 1106 2552 2551
f 1106 2551 507
f 507 2551 2299
f 1105 507 2299
f 508 1155 1078
f 534 577 38
f 38 577 509
f 2550 535 1622
f 2725 1577 2296
f 538 511 1103
f 538 1103 2567
f 538 2236 511
f 511 582 512
f 543 2727 512
f 2727 543 539
f 2727 539 1102
f 1102 540 1578
f 540 2294 1578
f 1578 2294 1580
f 515 1580 1153
f 1580 2548 1153
f 1153 2548 514
f 514 2548 2292
f 514 2292 1093
f 1093 2547 516
f 516 2547 491
f 491 2290 2546
f 491 2546 2334
f 1503 2334 2331
f 1503 491 2334
f 585 588 2566
f 588 1555 2566
f 2565 1074 2578
f 2578 1090 2326
f 1090 542 1564
f 1090 1564 2326
f 1156 545 2724
f 1586 545 2568
f 1586 2568 2325
f 1156 544 2579
f 547 1091 2724
f 549 554 546
f 549 546 547
f 1594 547 2724
f 1594 2724 1586
f 1587 1594 1586
f 1587 1586 542
f 1584 1587 542
f 1584 542 1090
f 1630 548 1089
f 546 2319 544
f 2320 2562 1066
f 2288 2561 590
f 521 2288 611
f 1157 611 1650
f 552 2316 1157
f 1157 2316 2317
f 2560 2561 2288
f 590 2561 2320
f 2320 2323 2562
f 524 2579 2564
f 524 545 1156
f 524 1156 2579
f 2578 2326 2327
f 524 519 545
f 2568 545 519
f 2565 2578 2327
f 518 2565 2327
f 518 1100 2565
f 1101 1100 518
f 1075 620 1558
f 620 1100 1558
f 542 1586 2325
f 542 2325 1564
f 2561 1110 2320
f 521 1110 2560
f 2560 1110 2561
f 2564 2579 2580
f 2564 2580 2562
f 1066 2562 2580
f 1066 2580 551
f 2579 544 2319
f 2579 2319 2580
f 2319 2563 551
f 2319 551 2580
f 2317 521 1591
f 2317 1591 1157
f 522 2316 2581
f 1566 522 2581
f 1566 2581 553
f 1566 553 2726
f 2726 553 1598
f 2726 1598 2559
f 553 591 592
f 553 592 1598
f 2723 1598 592
f 2559 2723 1099
f 1099 1088 1098
f 1098 1088 594
f 1098 594 1087
f 2314 1087 556
f 2314 556 555
f 1158 556 595
f 525 2314 555
f 525 555 2558
f 1158 595 1638
f 555 1158 557
f 1158 1638 558
f 558 1638 1070
f 557 558 1596
f 558 1070 1640
f 558 1640 1599
f 1599 1640 2204
f 2558 555 557
f 2558 557 2312
f 2312 557 1596
f 2312 1596 1085
f 1599 2204 2505
f 1599 2505 1086
f 2557 2312 1085
f 559 1086 2506
f 2557 1085 1605
f 559 2506 2210
f 2557 1605 528
f 559 2210 560
f 560 2210 2507
f 560 2507 565
f 528 1605 2310
f 2310 1605 562
f 561 565 2509
f 1603 561 2509
f 1603 2509 2216
f 2310 562 1159
f 1603 2216 2218
f 563 1603 2218
f 2310 1159 2556
f 563 2218 2220
f 564 563 2220
f 2556 1159 2308
f 2308 1159 1607
f 564 2220 2512
f 564 2512 2722
f 2308 1607 1083
f 2722 2512 2224
f 2308 1083 2555
f 1084 2722 2224
f 2555 1083 567
f 1084 2514 566
f 2555 567 2305
f 566 2514 2515
f 2305 567 572
f 566 2515 2193
f 566 2193 568
f 2305 572 2554
f 568 2193 2228
f 568 2228 569
f 2554 572 1608
f 569 2228 2516
f 2554 1608 2304
f 569 2516 2230
f 569 2230 1610
f 2304 1608 1082
f 1610 2230 2517
f 2304 1082 2553
f 1610 2517 1081
f 2553 1082 570
f 1081 2517 2232
f 1081 2232 571
f 571 2232 2518
f 2553 570 2302
f 2302 570 2721
f 1616 571 2518
f 1616 2518 2234
f 2302 2721 536
f 536 2721 574
f 1080 1616 2492
f 536 574 531
f 533 531 574
f 533 574 573
f 575 1160 2179
f 1573 533 573
f 1573 573 576
f 1573 576 2552
f 1614 575 2490
f 2552 576 2551
f 1617 1614 2583
f 1079 1617 2583
f 2299 1079 2176
f 1105 2299 1155
f 1155 2299 2176
f 1078 1155 2176
f 508 1078 513
f 513 1078 2489
f 1150 513 2582
f 534 2298 577
f 535 2488 2169
f 1622 535 2169
f 2725 2296 578
f 583 578 2487
f 1095 583 579
f 1095 579 2549
f 2549 579 580
f 2549 580 1619
f 579 583 2487
f 1161 1619 580
f 1161 580 2585
f 582 2164 2520
f 582 2520 512
f 512 2520 543
f 540 539 2162
f 1077 1076 2548
f 2548 1076 2292
f 1093 2292 2547
f 1707 1712 588
f 584 647 541
f 1948 584 471
f 471 584 1092
f 2547 2290 491
f 2236 582 511
f 1619 538 2567
f 2725 578 583
f 2725 583 1095
f 2549 1094 1095
f 2549 1619 2567
f 2236 581 582
f 543 2586 539
f 2294 540 1624
f 1580 1077 2548
f 620 1074 1100
f 614 2718 589
f 550 2718 2719
f 550 2719 1628
f 2563 1628 619
f 2563 619 1066
f 551 2563 1066
f 590 1066 1067
f 1632 591 552
f 1073 1632 608
f 593 1073 607
f 593 607 2723
f 1634 2723 607
f 1088 1634 594
f 594 1634 606
f 594 606 1636
f 1636 606 604
f 1087 1636 556
f 1636 604 1072
f 556 1071 595
f 596 1071 1644
f 596 1644 603
f 595 596 1638
f 597 596 603
f 597 603 601
f 1642 600 598
f 600 1917 599
f 601 1917 600
f 1917 1069 1916
f 602 1060 1916
f 602 1916 1069
f 1646 634 602
f 1644 1071 1646
f 1646 2711 634
f 1646 605 2710
f 1646 2710 2711
f 605 1061 2710
f 605 606 1061
f 1649 2713 633
f 1649 633 606
f 1649 607 2713
f 607 1068 2713
f 1680 608 609
f 609 608 1632
f 1680 609 2286
f 2286 609 1650
f 640 2288 2545
f 1067 2545 590
f 613 610 1658
f 615 613 612
f 610 615 627
f 610 627 1652
f 2720 625 627
f 2720 627 615
f 645 618 616
f 587 616 1065
f 616 612 617
f 616 617 1065
f 613 1658 614
f 623 621 586
f 623 1064 621
f 1669 2716 1062
f 1669 654 623
f 1674 2715 654
f 625 1693 627
f 1652 2714 1628
f 2714 619 1628
f 638 619 2714
f 1066 638 641
f 1066 619 638
f 629 1067 1066
f 1650 2284 632
f 2286 632 2543
f 1650 611 2284
f 2712 2713 1068
f 2712 1068 608
f 2712 631 2704
f 2705 2712 2704
f 606 633 1061
f 635 633 1059
f 2709 635 1059
f 2709 1059 2708
f 2707 1060 634
f 1060 602 634
f 1060 637 1916
f 2688 1916 637
f 2706 2708 636
f 1059 2705 639
f 633 2705 1059
f 2280 631 2542
f 2542 631 630
f 2282 2286 2543
f 629 1066 641
f 1053 2691 2714
f 1056 2703 625
f 644 2703 1056
f 642 2703 644
f 659 1693 2703
f 2693 657 659
f 2702 1058 1698
f 2694 2702 1698
f 1057 643 622
f 2701 646 1674
f 2700 2701 1674
f 2700 1674 654
f 650 1055 649
f 2698 650 649
f 2698 2697 650
f 1873 2698 651
f 1873 651 648
f 656 1873 648
f 651 1707 648
f 651 649 1707
f 649 1055 1712
f 649 1712 1707
f 653 656 647
f 1712 1055 2696
f 1712 2696 1626
f 2334 2544 2331
f 2334 2695 2544
f 2546 2695 2334
f 2158 2695 2546
f 2695 2158 2483
f 2331 1948 471
f 1054 653 1948
f 2456 1054 2331
f 2698 2680 2697
f 2699 1735 2701
f 672 1738 2702
f 2693 1044 657
f 2691 1718 671
f 1676 1693 1047
f 1676 1047 1053
f 1046 638 2691
f 641 638 1046
f 2545 670 669
f 658 2545 669
f 632 1042 682
f 2543 632 682
f 2284 640 1042
f 2284 1042 632
f 2542 2685 2684
f 2542 2684 1052
f 661 1052 668
f 2280 2542 1052
f 2280 1052 1689
f 2690 636 639
f 2689 636 2690
f 662 2706 636
f 662 636 2689
f 663 2706 662
f 660 1051 2688
f 683 665 1050
f 1051 1916 2688
f 1051 1050 1916
f 1050 665 1970
f 1048 2686 665
f 1970 2686 1918
f 666 1902 2687
f 2687 2462 666
f 707 2462 2687
f 707 2687 667
f 2687 2686 667
f 667 2686 1048
f 1039 1743 668
f 2685 2282 2543
f 1042 658 677
f 2539 629 641
f 671 1046 2691
f 1718 1053 1047
f 1718 1047 2540
f 2540 1047 2278
f 657 1044 1732
f 657 1732 655
f 1044 2682 1732
f 2682 2541 1732
f 2683 2679 2541
f 2683 2541 2682
f 1043 1738 672
f 1735 676 1045
f 2591 2680 1885
f 2274 692 1043
f 1043 692 1035
f 1043 1035 1738
f 2541 2678 688
f 2278 1732 2541
f 1718 2540 2007
f 1718 2007 2276
f 1718 2276 671
f 1046 671 2539
f 670 629 669
f 677 2673 1033
f 677 1033 1034
f 680 677 1034
f 680 682 1042
f 2684 680 679
f 1049 2684 679
f 1049 679 686
f 1049 686 1039
f 1037 1743 1039
f 668 1049 1039
f 1031 660 681
f 660 664 681
f 708 709 1048
f 679 680 1747
f 685 2539 671
f 685 671 2276
f 685 2276 695
f 2007 2540 701
f 687 2678 2679
f 687 2679 1035
f 687 698 2678
f 687 706 700
f 687 700 698
f 692 706 1035
f 690 692 2274
f 2526 2669 2250
f 2526 2670 2669
f 1807 2254 1751
f 2057 1751 2254
f 2669 721 2531
f 2669 719 1038
f 1030 723 692
f 1030 692 690
f 689 691 700
f 689 700 706
f 723 716 697
f 723 697 691
f 1036 1162 694
f 701 1036 694
f 2276 699 695
f 703 713 2013
f 2673 703 2013
f 2013 717 2012
f 693 2012 717
f 693 717 2009
f 1040 693 2009
f 1040 2009 2538
f 1747 1040 2538
f 1747 2538 696
f 714 2015 2014
f 2014 702 696
f 2014 1037 702
f 2014 2675 1037
f 2015 681 2675
f 2015 2675 2014
f 863 1031 681
f 709 708 711
f 709 707 667
f 1988 2016 2462
f 710 2016 1831
f 1831 1851 710
f 707 709 823
f 2000 823 711
f 1005 712 2059
f 1005 2059 840
f 1032 1031 863
f 696 2538 825
f 696 825 714
f 2538 2009 1003
f 2538 1003 825
f 2009 717 720
f 2009 720 1003
f 2013 713 1004
f 2033 699 2007
f 827 2007 694
f 723 718 716
f 1163 832 1162
f 718 832 1163
f 1167 832 718
f 719 2531 734
f 2054 1164 2056
f 722 727 2057
f 724 722 726
f 2055 1805 725
f 2529 1165 2061
f 2529 2061 1995
f 728 1165 2256
f 729 2053 731
f 729 731 1030
f 731 1167 1030
f 1167 730 829
f 733 732 730
f 2053 849 732
f 2052 2053 729
f 2052 838 849
f 2052 849 2053
f 1787 2052 729
f 1787 729 734
f 998 1789 734
f 2258 842 1791
f 2256 952 2530
f 736 2075 2260
f 735 2076 736
f 735 736 2537
f 2532 742 2537
f 2532 2537 736
f 2537 744 735
f 744 898 953
f 744 953 743
f 2537 2272 744
f 2051 898 744
f 2051 744 2272
f 2051 893 898
f 2825 2050 893
f 741 737 2051
f 741 2051 2272
f 737 2017 2050
f 2017 1029 893
f 1028 1029 739
f 748 739 746
f 2048 739 741
f 2049 2048 741
f 740 749 2264
f 741 2272 2049
f 2049 2272 751
f 751 2272 2537
f 751 2537 742
f 753 742 2532
f 2533 2264 749
f 2535 1166 745
f 746 739 2048
f 2535 1027 1166
f 748 1028 739
f 2535 747 1027
f 1013 1028 748
f 793 747 2268
f 1013 1026 1028
f 1029 1778 2435
f 1778 912 2435
f 791 1024 1026
f 792 1024 791
f 750 1781 1778
f 792 1025 1024
f 798 1025 789
f 798 754 1025
f 750 1775 1781
f 750 752 1775
f 797 758 754
f 797 754 798
f 785 758 797
f 752 2047 1775
f 785 2047 758
f 785 757 2047
f 2047 1776 1775
f 2047 755 1776
f 2020 757 2022
f 755 765 1776
f 2020 760 757
f 765 2011 1773
f 780 760 2020
f 760 756 765
f 765 1022 2011
f 778 779 756
f 778 756 780
f 759 1761 905
f 809 1018 1011
f 775 1011 908
f 775 908 950
f 1018 811 949
f 1008 1023 811
f 811 1023 920
f 1795 1796 1021
f 761 1796 816
f 915 1020 2079
f 2079 1020 2077
f 2077 762 2081
f 774 2081 762
f 782 918 774
f 918 916 774
f 768 2096 1786
f 766 923 917
f 2098 766 821
f 2098 919 766
f 781 771 873
f 871 873 771
f 769 2018 869
f 922 1996 1782
f 922 1999 1996
f 922 2019 1999
f 1998 1999 2019
f 767 1998 2019
f 2098 821 767
f 766 917 1997
f 2046 1784 1997
f 2046 2045 1784
f 2045 2095 1788
f 764 768 819
f 819 768 1786
f 782 774 817
f 774 762 770
f 2028 815 773
f 2028 773 772
f 2029 2028 763
f 822 810 1829
f 1824 1829 776
f 1019 775 759
f 807 1011 775
f 807 775 1019
f 2806 1019 808
f 1019 759 1017
f 805 808 1016
f 805 1016 802
f 802 1016 788
f 790 778 784
f 784 780 2021
f 780 756 760
f 2021 2020 783
f 799 783 2023
f 2022 757 785
f 799 2023 787
f 787 798 786
f 792 789 1025
f 800 786 1014
f 1014 1015 795
f 791 1026 1013
f 1015 1013 793
f 793 2268 1012
f 2536 795 1012
f 2536 804 795
f 1994 806 794
f 800 1014 795
f 800 795 804
f 800 804 806
f 2025 786 800
f 1800 1806 796
f 2024 786 2025
f 2024 787 786
f 799 787 2024
f 2026 783 799
f 1801 2027 2026
f 2026 2021 783
f 801 2021 2026
f 803 2021 801
f 1820 803 2027
f 803 784 2021
f 1820 1799 803
f 803 2270 790
f 803 790 784
f 1799 1856 813
f 2270 788 790
f 802 788 2270
f 802 2270 813
f 802 813 814
f 1855 814 813
f 2594 814 2593
f 1797 1010 805
f 1797 805 2594
f 2595 1010 1797
f 2834 1802 2812
f 1009 1840 809
f 1840 1008 809
f 1840 1824 820
f 1826 1796 1795
f 1796 1842 816
f 816 1842 812
f 812 1976 1794
f 1794 1833 2029
f 1833 2596 2029
f 2596 1792 815
f 817 770 2030
f 830 1997 1784
f 818 1997 830
f 818 821 766
f 1834 1006 2436
f 1996 1986 1834
f 1996 824 1986
f 824 2069 1986
f 824 1998 2069
f 1999 1998 824
f 1998 767 2068
f 818 1989 821
f 830 1989 818
f 830 1836 1989
f 830 1784 1836
f 1784 2060 1836
f 1784 1788 2060
f 2060 828 1865
f 828 819 1865
f 1865 819 1852
f 819 1863 1852
f 1863 2031 1853
f 1853 2031 1990
f 2031 1793 1990
f 1990 1793 1846
f 2441 1846 1793
f 1848 1837 2596
f 1833 1848 2596
f 1976 1833 1794
f 1826 1795 2157
f 2448 1841 1798
f 2831 2821 2449
f 2450 2449 2593
f 2450 2593 1845
f 1801 2026 1804
f 1801 1804 2525
f 1825 1844 1806
f 1800 796 806
f 794 804 2536
f 1994 794 2536
f 1994 2536 1803
f 1984 1803 2064
f 2064 1803 2266
f 1993 2064 2266
f 1814 1993 2534
f 1814 2534 2589
f 2268 747 2535
f 1803 2536 1012
f 1803 1012 2268
f 1803 2268 2266
f 2266 2268 2535
f 2266 2535 1993
f 1993 2535 2534
f 2534 2535 745
f 2588 2534 2264
f 2534 745 2264
f 2533 2588 2264
f 1812 2533 1995
f 2533 749 2262
f 2533 2262 2529
f 1995 1813 1812
f 1165 2529 753
f 1165 2532 2260
f 2262 753 2529
f 1165 753 2532
f 2530 2055 728
f 2530 952 842
f 2530 842 2258
f 2530 2258 2055
f 2258 724 2055
f 2258 722 724
f 2258 738 722
f 738 727 722
f 738 1790 2531
f 738 2531 2054
f 738 2054 727
f 2531 1164 2054
f 1791 738 2258
f 728 2256 2530
f 2260 2256 1165
f 2061 2062 1815
f 726 2528 2062
f 726 2254 2528
f 726 2057 2254
f 2062 2528 2252
f 2062 2252 1810
f 1810 1815 2062
f 1810 2252 2063
f 2528 1807 2252
f 2528 2254 1807
f 1807 676 675
f 1807 1751 676
f 1751 1041 676
f 2526 678 1041
f 2526 674 678
f 2526 2250 2527
f 2670 2526 1041
f 1751 2670 1041
f 1807 675 2681
f 2063 1807 2681
f 2591 1810 2063
f 1815 1810 2591
f 1815 2591 2592
f 1811 2592 1808
f 1808 2592 1879
f 1811 1809 1816
f 1815 1811 1813
f 1813 2061 1815
f 1816 1813 1811
f 1816 1812 1813
f 2064 1814 2590
f 2246 1818 1983
f 1984 2064 1981
f 2443 1814 2589
f 1819 1980 2588
f 1816 1819 1812
f 1980 1816 1809
f 2443 2589 1874
f 1981 2443 1883
f 1982 1817 1827
f 1866 1801 2525
f 1867 2248 1876
f 1862 1855 2066
f 1864 1821 1822
f 1860 1821 1864
f 1821 2450 1822
f 1843 2450 1821
f 2065 2831 1843
f 2067 2065 2455
f 2067 2455 2457
f 2826 2833 1985
f 2826 1985 2447
f 2826 2447 1841
f 2833 2454 1861
f 2833 1861 1985
f 1985 2822 1987
f 2822 1859 1987
f 1987 1859 2453
f 1987 2453 1840
f 2453 1977 1857
f 1824 2474 1829
f 2133 1976 1842
f 1833 2451 1848
f 1848 2444 1837
f 2444 2442 1837
f 2442 1828 2445
f 2442 2445 1847
f 1854 1830 1828
f 1852 1853 1850
f 1832 1865 1906
f 1992 1865 1832
f 1839 1991 1896
f 1991 2463 1896
f 1991 1835 2463
f 1992 1832 1897
f 1865 1852 1906
f 1852 2242 1906
f 1850 2446 2523
f 2446 1830 1858
f 2070 2452 1854
f 2129 1890 1976
f 1857 2474 1824
f 1977 1888 1857
f 1886 1978 2454
f 2454 2833 1886
f 2457 2455 1886
f 2455 1887 1886
f 1887 1860 1864
f 1860 2455 2065
f 1860 2065 1821
f 1864 1822 1868
f 1881 1887 1864
f 1881 1864 1868
f 1877 2066 1823
f 1893 1877 1892
f 1893 1868 1862
f 1882 1823 2248
f 1882 2248 1867
f 1882 1867 2108
f 1876 1801 2524
f 1880 1866 1871
f 1871 1866 2525
f 1871 2525 1817
f 1871 1817 1982
f 1982 1870 2458
f 1870 1869 2146
f 1870 1825 1869
f 2146 1869 2246
f 1943 2146 2246
f 1943 2246 1983
f 1940 1984 1981
f 1940 1981 1883
f 1808 1879 2456
f 1872 1875 1944
f 1983 1984 2113
f 2114 1871 2458
f 2479 2524 1880
f 2524 1866 1880
f 2459 1876 2524
f 1946 2108 2459
f 2108 2111 1937
f 1882 1937 2478
f 2478 1892 1882
f 2112 1892 2478
f 2112 1893 1892
f 1893 2112 2118
f 1893 2118 1881
f 1881 2118 1884
f 1886 1887 2120
f 1886 2120 2472
f 1886 2472 1979
f 2472 2124 2122
f 2472 2122 1979
f 1859 2122 1977
f 2122 2109 1977
f 1977 2109 1888
f 2482 2139 822
f 2127 2129 1976
f 2126 1890 2129
f 2126 2476 1899
f 2126 1899 2070
f 1899 2452 2070
f 1899 1889 2452
f 2476 2125 1899
f 2125 1891 1899
f 1891 2244 1889
f 1891 1895 2244
f 1895 1337 2461
f 2134 2132 1891
f 1337 1900 2461
f 1974 1906 2242
f 1889 2244 2452
f 2244 1895 1858
f 1858 1895 2461
f 1858 2461 2523
f 1894 2463 1898
f 1896 2463 1894
f 1901 1839 1896
f 1894 2240 1896
f 1898 1923 1894
f 1897 1903 1973
f 2460 1915 2242
f 1909 1915 2460
f 1909 2460 1900
f 2466 1975 1900
f 2466 1900 1337
f 1907 2464 1900
f 1922 1903 1974
f 1930 1923 1973
f 1923 1898 1973
f 2240 1894 1923
f 1904 1901 2240
f 1904 2522 1901
f 1972 2521 1902
f 2522 1972 666
f 1904 2238 2522
f 1923 1911 2240
f 1903 1913 1973
f 1915 2469 1974
f 2464 1905 1909
f 1905 2471 2468
f 1910 1912 1907
f 1910 1907 1900
f 1910 1900 1975
f 2466 1910 1975
f 2131 1908 2466
f 2131 2466 2475
f 2131 2519 2467
f 2519 2116 1912
f 2519 1912 2467
f 2116 2115 1912
f 2469 1925 1922
f 1922 1913 1903
f 1931 1930 1913
f 2513 1923 1930
f 2222 1911 2513
f 2238 1904 1911
f 1904 2240 1911
f 2238 2212 1972
f 2238 1972 2522
f 2521 1968 1902
f 1969 1968 2521
f 1914 1918 1971
f 1970 1914 1917
f 1971 2207 1914
f 2207 2504 599
f 1969 2205 2207
f 2521 1920 1969
f 1920 2205 1969
f 2212 2521 1972
f 1911 2222 2238
f 1931 1919 1930
f 1931 2496 1919
f 1925 2185 1931
f 1921 2183 1925
f 1924 2493 1921
f 2471 1924 2468
f 2119 1926 2471
f 1926 2491 1924
f 2583 2177 1928
f 2115 1928 2119
f 1927 2176 2519
f 1929 1927 2131
f 2298 2582 2129
f 577 2173 2137
f 1941 1933 2482
f 1932 578 1941
f 1932 1941 2482
f 2487 578 1932
f 2171 1932 1936
f 2171 1936 2155
f 2171 2155 2481
f 2166 2171 1935
f 2166 1935 2585
f 2171 2481 2071
f 2071 2481 2153
f 2072 2142 2112
f 2072 2112 581
f 581 2112 2478
f 581 2478 2164
f 1937 2164 2478
f 2520 1937 2111
f 2586 1946 2106
f 2586 2106 2486
f 2486 2106 2162
f 2073 2148 2485
f 2485 2145 2160
f 2160 2145 1939
f 2160 1939 1947
f 2484 1938 2158
f 2290 2158 2546
f 2547 2158 2290
f 1076 2484 2292
f 1077 2160 1076
f 1624 1077 2294
f 1624 2485 1077
f 540 2162 1624
f 539 2486 2162
f 2236 1161 1934
f 2487 1932 2171
f 578 1577 1941
f 2584 1078 1927
f 2176 2116 2519
f 2116 2583 1928
f 2177 2490 1926
f 2490 575 2179
f 1080 2492 2179
f 1080 2179 1160
f 2490 2491 1926
f 2234 2492 1616
f 2234 2181 2492
f 2181 1924 2491
f 2518 2232 2181
f 2518 2181 2234
f 2181 2493 1924
f 2232 2494 2493
f 2494 2183 2493
f 2183 1921 2493
f 2517 2495 2183
f 2517 2183 2232
f 2183 2185 1925
f 2517 2186 2185
f 2517 2185 2495
f 2517 2230 2186
f 2230 2188 2185
f 2230 2185 2186
f 2185 2496 1931
f 2230 2497 2496
f 2230 2496 2188
f 2230 2516 2497
f 2516 2190 2496
f 2516 2496 2497
f 2516 2228 2190
f 2228 2498 2496
f 2228 2496 2190
f 2498 2499 1919
f 2498 1919 2496
f 2193 2515 2499
f 2499 2226 1919
f 2515 2514 2499
f 2499 2195 2226
f 2514 2224 2195
f 2195 2500 2226
f 1084 2224 2514
f 2500 2513 2226
f 2500 2197 2513
f 2224 2512 2500
f 2512 2197 2500
f 2197 2222 2513
f 2197 2501 2222
f 2512 2511 2501
f 2512 2501 2197
f 2511 2510 2501
f 2501 2199 2222
f 2214 2199 2510
f 2214 2510 2216
f 2199 2212 2222
f 2508 2199 2214
f 2508 2214 2509
f 2199 2502 2212
f 2507 2201 2502
f 2507 2502 2508
f 2511 2218 2510
f 2511 2512 2220
f 2511 2220 2218
f 2510 2218 2216
f 2214 2216 2509
f 2508 2509 565
f 2508 565 2507
f 2502 2201 2212
f 2507 2210 2201
f 2503 1920 2212
f 2503 2212 2201
f 2506 2203 2503
f 2506 2503 2201
f 2506 2201 2210
f 2503 2203 1920
f 2205 1920 2203
f 2506 1086 2505
f 2506 2505 2203
f 2505 2204 2504
f 598 599 2504
f 2204 598 2504
f 2207 2203 2505
f 2207 2505 2504
f 2205 2203 2207
f 2199 2508 2502
f 2501 2510 2199
f 2195 2224 2500
f 2499 2514 2195
f 2193 2499 2498
f 2193 2498 2228
f 2185 2188 2496
f 2183 2495 2185
f 2232 2183 2494
f 2181 2232 2493
f 2491 2492 2181
f 2179 2492 2491
f 2490 2179 2491
f 1614 2490 2177
f 2583 1614 2177
f 1079 2583 2116
f 2176 1079 2116
f 1078 2176 1927
f 2489 1078 2584
f 513 2489 2582
f 2170 2298 2173
f 509 577 2488
f 1622 2169 1933
f 1577 1933 1941
f 578 2296 1577
f 579 2487 2171
f 579 2171 2166
f 579 2166 580
f 2585 580 2166
f 2585 1934 1161
f 2236 1934 1966
f 2236 1966 2072
f 2236 2072 581
f 2520 2111 543
f 543 2111 2586
f 539 2586 2486
f 2485 1624 2073
f 2485 2160 1077
f 2160 1947 1076
f 1076 1947 2484
f 2292 2484 2547
f 2547 2484 2158
f 2695 2151 2544
f 2331 1875 2456
f 1944 1875 2331
f 1944 2544 2151
f 1878 1944 2151
f 2113 1940 2483
f 2149 2146 1938
f 1945 2524 2479
f 1946 2459 2106
f 2118 2112 2142
f 1884 2118 2142
f 1884 2142 2470
f 2122 2124 2109
f 1339 2109 2124
f 2816 2124 2143
f 2109 1339 2140
f 2140 2136 2473
f 1888 2473 2121
f 2473 2155 2121
f 2155 2482 2121
f 1942 1976 2133
f 1976 2298 2127
f 2298 2129 2127
f 2129 2584 2126
f 1929 2125 2476
f 2134 1891 2125
f 2157 2139 1933
f 1933 2139 2482
f 1932 2482 2155
f 2155 1936 1932
f 2480 2071 2153
f 2480 2153 2135
f 1340 2480 2135
f 1340 2827 2138
f 2477 2470 1966
f 2477 1966 1340
f 2470 2142 2072
f 2470 2072 1966
f 1967 1935 2071
f 1967 2071 2480
f 1340 1966 1967
f 1340 1967 2480
f 2162 2148 2073
f 2485 2114 2145
f 1939 2145 2458
f 2484 2146 2149
f 2484 2149 1938
f 1938 2113 2483
f 2151 2695 2483
f 2331 2544 1944
f 2484 1947 2146
f 2485 2148 2114
f 2162 2479 2148
f 2162 2106 2479
f 2117 2470 2477
f 2117 2477 1340
f 2117 1340 2143
f 1340 2138 2816
f 1340 2816 2143
f 2828 2135 2140
f 2828 2140 1339
f 2140 2135 2136
f 2135 2153 2136
f 2136 2153 2473
f 2153 2481 2473
f 2481 2155 2473
f 2488 2137 2123
f 2137 2173 2133
f 1942 2298 1976
f 2584 1929 2476
f 1929 2131 2475
f 1929 2475 2125
f 2475 2466 1337
f 2475 1337 2132
f 2475 2132 2125
f 2125 2132 2134
f 2584 2476 2126
f 2173 1942 2133
f 2137 2133 2123
f 2488 2123 2157
f 2482 2474 2121
f 2140 2473 1888
f 2109 2140 1888
f 2143 2124 2472
f 2143 2472 2117
f 2120 2117 2472
f 2120 1884 2470
f 2120 2470 2117
f 1946 2111 2108
f 2106 2459 1945
f 2106 1945 2479
f 2479 1880 2148
f 2148 1880 2114
f 2145 2114 2458
f 1939 2458 1947
f 1938 2146 1943
f 1938 1943 2113
f 2483 1940 1883
f 1878 2151 1883
f 2151 2483 1883
f 2331 1054 1948
f 1938 2483 2158
f 1624 2162 2073
f 2586 2111 1946
f 2520 2164 1937
f 1934 2585 1935
f 1934 1935 1967
f 1934 1967 1966
f 2171 2071 1935
f 1933 2169 2157
f 2169 2488 2157
f 2488 577 2137
f 577 2170 2173
f 2173 2298 1942
f 2582 2489 2129
f 2489 2584 2129
f 2584 1927 1929
f 1927 2519 2131
f 2116 1928 2115
f 1928 2177 2119
f 2177 1926 2119
f 1924 2471 1926
f 1924 2469 2468
f 1924 1921 2469
f 1921 1925 2469
f 1919 2226 1930
f 2226 2513 1930
f 2212 2238 2222
f 1920 2521 2212
f 2207 1971 1969
f 599 1914 2207
f 1914 599 1917
f 1916 1050 1970
f 1971 2687 1968
f 2686 1970 665
f 2687 1971 1918
f 1902 1968 2687
f 1970 1917 1916
f 1918 1914 1970
f 1968 1969 1971
f 1923 2513 1911
f 1925 1931 1913
f 1922 1925 1913
f 2469 1915 2468
f 2119 2471 1905
f 2115 2119 1905
f 2115 1905 2465
f 1912 2115 2465
f 2467 1912 1910
f 2131 2467 1910
f 2131 1910 1908
f 1908 1910 2466
f 1912 2465 2464
f 1912 2464 1907
f 2465 1905 2464
f 2468 1915 1909
f 2468 1909 1905
f 2469 1922 1974
f 1913 1930 1973
f 1972 1902 666
f 1900 2464 1909
f 1900 2460 2461
f 1974 2242 1915
f 1901 1896 2240
f 2587 1901 2522
f 666 710 2522
f 2462 2016 710
f 1851 1901 2587
f 1851 1839 1901
f 1906 1974 1832
f 1832 1974 1897
f 1851 2587 710
f 1988 2462 707
f 709 667 1048
f 2462 710 666
f 2522 710 2587
f 1897 1973 1898
f 1974 1903 1897
f 2460 2242 2523
f 2523 2461 2460
f 2132 1337 1895
f 2132 1895 1891
f 1899 1891 1889
f 2126 2070 2451
f 1890 2126 2451
f 2121 2474 1857
f 1888 2121 1857
f 2824 2122 1859
f 2824 1859 2823
f 1886 1979 1978
f 1884 2120 1887
f 1884 1887 1881
f 1893 1881 1868
f 1937 1882 2108
f 1945 2459 2524
f 1880 1871 2114
f 2458 1871 1982
f 2458 1870 1947
f 1947 1870 2146
f 1940 2113 1984
f 1872 2456 1875
f 2592 2591 1885
f 2592 1873 1879
f 2592 1885 1873
f 1879 1873 656
f 1872 1808 2456
f 1809 1808 1872
f 1980 1809 1872
f 1883 2443 1874
f 1874 1980 1944
f 1980 1872 1944
f 1874 1944 1878
f 1883 1874 1878
f 2113 1943 1983
f 2524 1801 1866
f 2459 2108 1867
f 2459 1867 1876
f 1892 1823 1882
f 1892 1877 1823
f 1893 1862 1877
f 1877 1862 2066
f 1868 1822 1862
f 2455 1860 1887
f 2832 2823 1859
f 2832 1859 2822
f 2453 1859 1977
f 2474 2482 1829
f 2482 822 1829
f 2157 2123 1826
f 1976 1890 2451
f 2451 1854 2444
f 2070 1854 2451
f 2452 1830 1854
f 2452 2244 1830
f 2244 1858 1830
f 2523 2446 1858
f 1852 1850 2242
f 2242 1850 2523
f 1897 1898 1992
f 1006 1834 823
f 2068 1989 1849
f 1989 1835 1849
f 1989 1836 1835
f 1863 1853 1852
f 1990 1846 2445
f 1836 2060 1992
f 1991 2068 1849
f 2069 1998 2068
f 1849 1835 1991
f 2069 1851 1986
f 1835 1836 1898
f 2060 1865 1992
f 1853 1990 1850
f 1990 2445 2446
f 1990 2446 1850
f 1847 2445 1846
f 2442 1847 1838
f 1838 1846 2441
f 2442 1838 1837
f 2123 2133 1842
f 2453 1857 1840
f 1985 1987 2447
f 2826 1841 2448
f 2067 2831 2065
f 1822 2450 1845
f 1823 2066 1856
f 1876 1820 1801
f 1817 1844 1827
f 1827 1844 1825
f 1817 2525 1844
f 1823 1799 2248
f 1823 1856 1799
f 1856 2066 1855
f 1856 1855 813
f 1845 1855 1862
f 2449 2450 1843
f 2449 1843 2831
f 2447 1009 1841
f 1987 1009 2447
f 1987 1840 1009
f 1838 1847 1846
f 2068 821 1989
f 823 1834 1988
f 1834 1986 1831
f 1986 1851 1831
f 2069 1839 1851
f 2069 2068 1839
f 2068 1991 1839
f 1835 1898 2463
f 1836 1992 1898
f 2446 2445 1830
f 1828 1830 2445
f 1854 1828 2442
f 2444 1854 2442
f 2451 2444 1848
f 1976 2451 1833
f 1843 1821 2065
f 1822 1845 1862
f 1876 2248 1820
f 1982 1827 1870
f 1870 1827 1825
f 2246 1869 1818
f 2443 1981 2590
f 1874 2589 1980
f 1816 1980 1819
f 1980 2589 2588
f 1814 2443 2590
f 2064 2590 1981
f 1983 1994 1984
f 1818 1994 1983
f 1869 1800 1818
f 1869 1825 1800
f 1825 1806 1800
f 1818 1800 806
f 2064 1993 1814
f 1809 1811 1808
f 1811 1815 2592
f 2252 1807 2063
f 2056 2670 2057
f 1805 726 2062
f 2062 725 1805
f 2061 725 2062
f 1813 1995 2061
f 2533 2529 1995
f 1812 1819 2533
f 1819 2588 2533
f 2588 2589 2534
f 1984 1994 1803
f 1818 806 1994
f 2525 799 1844
f 2525 1804 799
f 1801 1820 2027
f 1820 2248 1799
f 1845 2593 814
f 1845 814 1855
f 2594 2593 2449
f 1797 2594 2449
f 1797 2449 2821
f 2595 1797 2821
f 1798 1802 2834
f 1798 1841 1802
f 1841 1009 1802
f 1857 1824 1840
f 2157 1795 2139
f 1826 2123 1796
f 2123 1842 1796
f 1842 1976 812
f 2596 1837 1792
f 1837 1838 2441
f 1837 2441 1792
f 2441 1793 2030
f 2060 1788 828
f 1996 1834 2436
f 831 2058 825
f 831 825 826
f 1003 720 836
f 1003 836 826
f 1004 836 720
f 827 694 2034
f 2034 694 1162
f 699 2033 875
f 2668 2037 2036
f 713 2668 2036
f 836 1004 2032
f 836 2032 834
f 995 831 835
f 826 836 834
f 833 1032 863
f 840 862 1005
f 862 1779 1005
f 834 2032 2035
f 834 2035 835
f 2668 2672 695
f 829 730 732
f 829 732 1002
f 2034 1002 850
f 838 846 850
f 838 850 849
f 841 838 2052
f 841 2052 1787
f 854 846 838
f 841 2437 854
f 1787 2437 841
f 1789 1787 734
f 998 1188 2438
f 844 1188 998
f 1790 844 998
f 1790 1000 843
f 999 842 952
f 1791 1000 1790
f 1000 1791 842
f 903 1001 1173
f 999 845 842
f 845 1777 843
f 1777 1188 843
f 998 2094 1789
f 998 955 2094
f 2438 955 998
f 878 880 847
f 847 880 856
f 847 2437 1787
f 856 858 846
f 2094 1787 1789
f 2094 847 1787
f 2437 846 854
f 857 858 874
f 857 874 852
f 848 827 839
f 848 839 852
f 2668 996 2039
f 855 865 1963
f 2041 855 1962
f 2041 1962 2038
f 2038 1184 876
f 2038 876 851
f 853 2035 2032
f 2041 2036 855
f 855 2036 2037
f 2037 2668 865
f 875 860 866
f 837 2036 2041
f 837 2041 2032
f 864 995 859
f 2810 997 2807
f 994 863 995
f 957 862 1172
f 867 1783 2042
f 2043 833 868
f 2044 1780 867
f 1783 2018 1785
f 769 771 2000
f 771 1782 2436
f 1999 824 1996
f 821 2068 767
f 766 1997 818
f 1788 2095 819
f 773 2030 770
f 2095 764 819
f 1784 2045 1788
f 771 781 1782
f 2018 769 2000
f 2018 1007 1785
f 1783 1785 1779
f 1783 1779 862
f 1780 2018 1783
f 921 2101 873
f 947 2102 870
f 2043 868 2100
f 956 880 2097
f 956 2097 1251
f 879 880 878
f 879 2099 2097
f 879 2097 880
f 955 1192 2094
f 1188 955 2438
f 2439 883 954
f 2439 954 881
f 892 2084 1191
f 892 1191 883
f 2440 883 2439
f 881 1777 845
f 2439 881 845
f 2439 845 999
f 2440 2439 999
f 2440 999 1001
f 1958 887 882
f 1958 882 892
f 888 884 2092
f 882 887 884
f 884 1960 2092
f 1960 1308 1264
f 2619 1308 890
f 891 2074 1960
f 891 1960 884
f 1959 891 1961
f 1961 891 884
f 887 1961 884
f 889 2440 1001
f 889 1001 903
f 903 897 889
f 900 895 2074
f 896 890 1957
f 2435 890 893
f 2435 893 1029
f 902 2619 890
f 912 2619 902
f 2002 2619 912
f 2002 913 2008
f 913 1781 2008
f 1781 904 901
f 1778 2002 912
f 2002 1778 913
f 1778 1781 913
f 1775 904 1781
f 1775 907 904
f 1775 1773 907
f 1775 1776 1773
f 1776 765 1773
f 1773 1762 1760
f 951 2011 1022
f 950 1761 759
f 1011 1018 908
f 950 908 1764
f 949 908 1018
f 949 811 910
f 920 1023 2605
f 1021 1796 761
f 761 816 915
f 911 915 2079
f 2598 2079 914
f 916 2081 774
f 918 2430 916
f 2096 2004 918
f 918 1786 2096
f 764 1753 768
f 2046 2095 2045
f 2046 1771 2095
f 917 1769 2046
f 2429 1765 919
f 1767 1768 2098
f 1765 923 766
f 919 1765 766
f 1767 2019 922
f 921 1774 2101
f 926 927 2102
f 1211 927 2091
f 865 2039 1226
f 1752 886 1253
f 2099 879 878
f 1186 1221 2097
f 1189 2099 878
f 1189 878 2094
f 1189 1247 1249
f 1189 1249 1186
f 1719 1247 1189
f 2090 1227 1225
f 954 2090 881
f 954 1227 2090
f 2088 1227 954
f 894 888 2085
f 2619 2008 1740
f 2008 901 1740
f 2428 2086 1762
f 1737 2428 2602
f 1757 1737 2602
f 1193 1737 1757
f 2603 1193 1757
f 1195 1193 2603
f 1763 1195 2603
f 1763 2604 1195
f 2604 1200 1199
f 949 2005 1200
f 776 1766 2677
f 2617 2010 324
f 324 1201 2616
f 1201 1755 1208
f 1201 1208 1203
f 1744 1741 1203
f 1205 2612 1263
f 1769 2431 1261
f 2431 2432 1207
f 1207 1748 2431
f 2432 2606 1207
f 2606 1260 1207
f 2606 1209 1260
f 2001 2607 1209
f 2607 2608 1210
f 2608 1222 2611
f 1222 2667 1219
f 1219 2667 1216
f 1219 1216 1749
f 927 1211 1216
f 2606 2001 1209
f 2606 1765 2001
f 2432 1765 2606
f 1769 2597 2431
f 1205 1263 1772
f 1772 1263 1771
f 1263 1753 1771
f 1263 2614 1753
f 1212 2004 1746
f 2004 1756 2430
f 2430 1756 2433
f 1756 1208 2433
f 2433 1208 2434
f 1755 2434 1208
f 2599 911 1755
f 1766 761 1758
f 920 2605 2005
f 2604 949 1200
f 1763 2603 1761
f 1761 2603 2600
f 2600 2603 1757
f 2600 1757 2601
f 2601 1757 2602
f 2602 2011 951
f 1764 1763 1761
f 1763 908 2604
f 1023 909 1214
f 2010 915 2599
f 2599 915 911
f 911 2079 2598
f 911 2598 2434
f 911 2434 1755
f 2430 914 916
f 2004 2430 918
f 1753 2096 768
f 1753 2004 2096
f 1753 1746 2004
f 1771 1753 2095
f 1769 917 2597
f 2432 2431 2597
f 2597 923 2432
f 1765 2432 923
f 2003 2006 1767
f 2101 1774 2003
f 921 1216 1774
f 1216 2667 1774
f 2667 1222 1774
f 1222 2006 1774
f 1222 2608 2006
f 1765 2429 2001
f 2429 2607 2001
f 927 1770 2102
f 927 921 1770
f 927 1216 921
f 1774 2006 2003
f 2006 2608 1767
f 2608 2607 1767
f 2607 1768 1767
f 2429 1768 2607
f 1769 1772 2046
f 1772 1771 2046
f 2430 2433 914
f 2433 2434 914
f 2598 914 2434
f 761 915 2010
f 1021 761 1766
f 810 1021 1766
f 1829 810 776
f 920 2005 949
f 910 920 949
f 908 949 2604
f 1764 908 1763
f 950 1764 1761
f 2602 1762 2011
f 1762 2086 1760
f 904 1773 1759
f 2002 2008 2619
f 2008 1781 901
f 904 1759 901
f 1773 1760 1759
f 2602 2428 1762
f 810 1766 776
f 761 2010 1758
f 324 2010 1755
f 2010 2599 1755
f 2004 1212 1756
f 1753 2614 1746
f 1769 1205 1772
f 1216 1211 1749
f 1211 2091 1213
f 1213 2609 1211
f 1217 1184 1754
f 872 2087 1754
f 872 1963 1218
f 872 1218 2087
f 865 1226 1963
f 1963 1226 1218
f 1229 1220 1224
f 1187 1752 1336
f 886 877 1253
f 877 1251 1304
f 1251 1221 1223
f 1249 1221 1186
f 1249 1250 1223
f 1252 1250 1249
f 1719 1256 1252
f 1719 1252 1247
f 1254 1719 1192
f 1227 1240 1225
f 1240 1257 1297
f 1190 1257 1240
f 1230 1259 1257
f 1230 1257 1190
f 1230 894 2085
f 1230 2085 1259
f 2085 888 2092
f 2619 2618 1308
f 2618 1740 1312
f 1740 901 1314
f 2086 1295 1288
f 1739 1295 2086
f 1236 1231 1739
f 2621 2620 1286
f 2605 1214 2083
f 2623 1742 1285
f 1742 2677 1285
f 1285 2677 2622
f 2082 2622 1232
f 1232 1272 1270
f 1232 1733 2080
f 1733 2616 1234
f 1733 1234 2080
f 1234 2616 2615
f 1234 2615 2078
f 2078 2755 1234
f 2078 1274 2754
f 1235 2674 1274
f 1955 1731 1275
f 1275 1731 1721
f 1731 1956 1721
f 1730 1745 1237
f 1745 2624 2630
f 2624 1242 2422
f 1750 1242 2624
f 1750 2426 1242
f 2426 1353 1242
f 1729 1951 1278
f 2671 1727 1951
f 1727 2625 1717
f 2425 2423 2625
f 1277 1238 2609
f 1728 2632 1277
f 1728 2128 2632
f 1728 1239 2128
f 1239 1355 2128
f 1355 1726 1950
f 1950 1726 1215
f 2752 1241 2626
f 1952 1243 1307
f 2752 2626 1243
f 1243 1725 1307
f 1307 1725 1722
f 1307 1722 1316
f 1245 1720 1246
f 1723 1224 1280
f 1752 1253 1336
f 1229 1723 1305
f 1226 1229 1305
f 1226 1305 1317
f 1218 1226 1317
f 1218 1317 1246
f 2087 1218 1246
f 2087 1246 1720
f 1245 2629 1720
f 1316 2629 1245
f 2626 1180 2628
f 1241 2089 1180
f 1241 1180 2626
f 1241 1215 2089
f 1950 1215 1241
f 2627 1728 1277
f 2627 1277 1213
f 2609 1213 1277
f 1749 2609 2610
f 1727 2610 2625
f 2671 2611 1727
f 1261 2624 1745
f 1731 2612 1730
f 1731 1730 1956
f 2612 1731 2613
f 1731 1955 2613
f 2674 1235 1744
f 1744 1235 1741
f 1235 2615 1741
f 2617 324 2616
f 2613 2614 1263
f 2613 1263 2612
f 1205 1261 1730
f 1261 1748 2624
f 2431 1748 1261
f 1207 1750 1748
f 1207 1260 1750
f 1209 2671 1260
f 1210 2671 1209
f 2611 2610 1727
f 2611 1219 2610
f 1219 1749 2610
f 1211 2609 1749
f 1210 2611 2671
f 1261 1745 1730
f 2612 1205 1730
f 2613 2674 2614
f 2614 2674 1746
f 2674 1744 1746
f 1741 2615 1203
f 1201 1203 2615
f 2616 1201 2615
f 1733 2617 2616
f 2622 1758 2617
f 1758 2622 2677
f 2677 1766 1758
f 776 2677 1742
f 909 1742 2623
f 909 2623 1214
f 1236 1737 1193
f 1236 1739 1737
f 1195 2093 1236
f 1195 1236 1193
f 1737 1739 2428
f 1760 2086 1288
f 1759 1760 1228
f 901 1759 1314
f 1740 2618 2619
f 2621 1236 2093
f 2093 1199 2621
f 1199 1200 2620
f 1199 2620 2621
f 2620 1200 2427
f 1200 2005 2427
f 2005 1736 1233
f 2005 1233 2427
f 2605 1734 1736
f 1214 2623 2083
f 2622 2617 1232
f 1232 2617 1733
f 1235 2078 2615
f 2613 1955 2674
f 1748 1750 2624
f 1260 2426 1750
f 1260 1729 2426
f 1260 2671 1729
f 2610 2425 2625
f 2609 2425 2610
f 1239 2627 1726
f 1239 1726 1355
f 2627 1239 1728
f 1243 2626 2628
f 1243 2628 1725
f 1316 1722 2424
f 1316 2424 2629
f 1229 1224 1723
f 1224 1187 1336
f 877 1248 1253
f 877 1304 1248
f 1251 1223 1304
f 1250 1284 1281
f 1256 1287 1290
f 1256 1290 1284
f 1256 1284 1252
f 1254 1256 1719
f 2631 1287 1256
f 1301 1254 1225
f 1301 1296 2631
f 1255 1296 1301
f 1255 1301 1225
f 1255 1225 1240
f 1255 1299 1296
f 1257 1294 1299
f 1259 1310 1294
f 1259 2085 1262
f 1313 1352 1295
f 1231 1295 1739
f 1286 1268 1266
f 1286 1266 2621
f 2620 2427 1286
f 2427 1233 1315
f 2427 1315 1319
f 1736 1318 1315
f 2623 1285 1320
f 2082 1232 1270
f 2080 1234 2755
f 2755 2078 2754
f 1276 2104 2754
f 1282 2757 1276
f 1956 1237 1279
f 1954 2630 1237
f 2630 1715 1237
f 2630 2422 1715
f 1242 1353 2422
f 2426 1729 1353
f 1353 1729 2110
f 1729 1278 2110
f 1951 1727 1717
f 2423 2425 1238
f 1277 2634 1238
f 1277 2632 1309
f 2128 2633 2632
f 1950 2756 1355
f 1355 2756 2163
f 1317 1350 1351
f 1305 1723 1350
f 1224 1336 1280
f 1336 1333 1368
f 1333 1253 1332
f 1253 1248 1332
f 1338 1332 1248
f 1335 1248 1298
f 1298 1281 1283
f 1283 1290 1342
f 1289 2141 1342
f 1289 1342 1290
f 1291 1287 2631
f 1291 2631 1296
f 1291 2141 1289
f 1293 2141 1291
f 1293 1292 1303
f 1310 1262 1265
f 1265 1264 1345
f 1264 1308 1349
f 1759 1228 1348
f 1313 1266 1323
f 1266 1268 1354
f 1268 2427 1319
f 1233 1736 1315
f 1319 1315 1356
f 2082 1270 1321
f 2082 1321 1949
f 1321 2156 1949
f 1270 1272 1326
f 1270 1326 1321
f 1326 1272 2755
f 1326 2755 1322
f 1326 1322 2751
f 2754 1322 2755
f 2104 1322 2754
f 1276 1359 1322
f 1324 2757 1282
f 1324 1721 2107
f 1324 1275 1721
f 1721 1279 2105
f 1715 2159 1325
f 1715 1327 2159
f 2422 1360 1327
f 2422 1353 1360
f 1353 2110 1360
f 1278 1331 1716
f 1951 1331 1278
f 1951 1717 1331
f 1717 1329 1331
f 1311 2634 1713
f 2423 2634 1311
f 2634 1309 1713
f 1309 2633 2161
f 2128 2746 2633
f 2163 2756 1328
f 1328 2756 1244
f 1244 2752 2130
f 2130 2752 1952
f 2130 1952 1330
f 2175 1330 1334
f 2748 1351 2750
f 1350 1723 2749
f 1334 1316 2747
f 2748 2747 1246
f 2748 1246 1351
f 1723 2753 2749
f 1723 1280 2753
f 1280 1336 2753
f 1338 1335 1369
f 1338 1248 1335
f 1343 2168 1341
f 1293 1303 1343
f 1343 2172 2168
f 1347 2172 1343
f 2144 2635 1347
f 2144 1306 2635
f 1306 2421 2635
f 1306 1265 2421
f 1308 1385 1349
f 1308 1312 1385
f 1288 1295 2150
f 1295 1352 2150
f 1354 2227 1323
f 1268 1319 2152
f 1268 2152 1354
f 2152 1319 1356
f 1354 2152 2227
f 1315 1389 1388
f 1318 1953 1389
f 2083 1320 1953
f 1320 2154 2192
f 1320 2192 1561
f 1359 2751 1322
f 2751 1359 1391
f 2757 1391 1359
f 2196 1324 2107
f 2107 1714 1394
f 2107 2105 1714
f 2105 1361 2198
f 1279 1325 1361
f 1361 1325 1711
f 1325 2159 1709
f 1327 1360 1708
f 1360 1398 1708
f 1360 2200 1398
f 1360 2760 2200
f 2110 2760 1360
f 2110 1716 2760
f 2110 1278 1716
f 1331 2636 1716
f 1331 1362 2636
f 1331 1329 1362
f 1329 1311 2208
f 2208 1713 2419
f 1713 1309 1363
f 2161 2633 2746
f 2161 2746 1402
f 2746 1365 1364
f 1365 2746 2163
f 2163 1366 1365
f 1367 2178 1366
f 1366 2163 1328
f 1376 2747 2748
f 1376 2748 2750
f 1351 1350 2758
f 1351 2758 2750
f 1350 2749 2758
f 2749 2753 1378
f 1368 1333 1372
f 1372 1332 1369
f 1332 1338 1369
f 1300 2167 1335
f 2174 2167 1300
f 2174 1300 1370
f 2172 1347 1371
f 1347 1383 1371
f 1370 1371 2184
f 1370 2184 1381
f 1370 1381 2174
f 2167 2174 1380
f 1369 2167 1380
f 1368 1372 1373
f 2749 1378 2180
f 2758 2749 2180
f 2758 2180 1377
f 1412 2758 1377
f 1376 2175 2747
f 2213 2175 1376
f 1374 2165 2175
f 1375 1367 2165
f 2178 1367 1375
f 2178 1406 1404
f 1375 2211 1406
f 1375 1374 2211
f 1377 2180 2217
f 1380 1416 2219
f 2184 1416 1380
f 1383 2635 1382
f 2635 2421 2187
f 2421 1384 1418
f 1347 2635 1383
f 1265 1384 2421
f 1264 2223 1346
f 1264 1349 2223
f 1312 1314 2147
f 1314 2225 2189
f 1314 1348 2225
f 1228 1288 1348
f 1386 2152 1387
f 1356 1315 2191
f 1356 2191 2152
f 2191 1315 1388
f 1320 1561 2231
f 1561 2192 2233
f 1561 2233 1428
f 1357 1390 2235
f 1358 2156 2194
f 2194 2156 2751
f 2194 2751 1391
f 2194 1391 1432
f 1434 1432 1391
f 1392 2196 2237
f 2237 1394 2239
f 2196 2107 1394
f 1361 2420 2198
f 1361 1711 2420
f 1711 1325 1396
f 2159 1708 2417
f 1708 1710 2417
f 1708 1398 1710
f 1398 2200 2243
f 2200 2202 2243
f 2202 1704 2243
f 2760 1716 2202
f 1716 2636 2202
f 2202 2636 1704
f 2636 2352 1704
f 2636 1400 2352
f 1362 2208 1400
f 2208 1706 1400
f 2208 2419 1706
f 2419 1713 1363
f 2419 1363 2245
f 1363 2161 1402
f 1363 1402 1442
f 1402 1364 2206
f 1364 1365 1404
f 1364 1404 2249
f 2249 1404 2209
f 1406 2251 1446
f 1406 1446 2209
f 2211 1408 1496
f 2211 1496 2300
f 1408 2213 1410
f 2211 1374 2213
f 1410 2213 1376
f 1410 1376 1412
f 2180 2418 2637
f 2180 2637 2217
f 1372 1414 2255
f 2219 1454 2257
f 2219 1416 1456
f 2219 1456 1454
f 1416 2221 1456
f 2221 2259 1456
f 2221 2187 2259
f 2187 1418 2261
f 1418 2416 2261
f 1418 1384 2416
f 1349 1385 2223
f 1385 1700 2638
f 1385 1312 1700
f 1312 1420 1700
f 1420 1572 1700
f 1420 1570 1572
f 1420 2359 1570
f 1312 2147 2359
f 2189 2225 2360
f 1323 2358 1352
f 1422 2370 1323
f 1422 1386 1424
f 1389 1426 1388
f 2233 1430 1560
f 2233 1357 2235
f 2235 1390 2356
f 2235 2356 2661
f 1390 2194 1432
f 1390 1432 2356
f 1556 2356 1432
f 1556 2237 2354
f 2239 2354 2237
f 2239 1394 1553
f 1394 1714 1552
f 1714 2198 1552
f 2198 2355 1552
f 2198 2420 2355
f 2420 1711 1436
f 1711 1396 1436
f 1396 2353 1436
f 1396 2241 2353
f 1396 1709 2241
f 1709 2417 2241
f 2241 1438 2353
f 1710 1550 1438
f 1710 2243 1550
f 2243 1547 1550
f 2243 1440 1547
f 2243 1704 1440
f 1704 2352 1440
f 1400 2346 2352
f 1400 1543 2346
f 1400 1706 1543
f 2245 2293 1706
f 2245 2247 2293
f 2206 1364 2249
f 2249 1446 2297
f 1448 1494 1446
f 1448 2300 1494
f 1448 2251 2211
f 1448 2211 2300
f 2253 1408 1410
f 2253 1410 2215
f 2217 2637 1450
f 2217 1450 2215
f 2215 1377 2217
f 2418 2182 2637
f 1414 2219 2257
f 2257 1454 2259
f 2257 2259 1458
f 2261 2283 2263
f 2416 1476 2261
f 1452 2257 1458
f 1452 1458 2263
f 1452 2263 1703
f 2255 1452 1703
f 2255 1703 2639
f 2415 2255 2639
f 1372 2255 2415
f 2637 2182 1701
f 1450 2637 1705
f 1450 1705 2271
f 2215 1450 2253
f 1460 1496 2253
f 1496 1460 2265
f 1460 2253 2271
f 2300 1496 2265
f 2265 2269 1464
f 1462 1525 2267
f 1462 1464 1525
f 1464 1513 1527
f 1464 2269 1513
f 2269 2265 1466
f 2313 1468 1510
f 1705 1701 1468
f 1705 1468 2271
f 1468 1701 1506
f 1468 1506 1510
f 1701 2273 2332
f 1701 2332 1506
f 2273 1470 2664
f 2273 2664 2332
f 1470 2275 2664
f 1703 1474 1472
f 2279 2277 1474
f 1703 2281 1474
f 1476 1480 2279
f 1703 2263 2281
f 1703 1472 2639
f 2415 2639 1472
f 2415 1472 1470
f 2415 1470 2273
f 2182 2415 2273
f 2182 2273 1701
f 2637 1701 1705
f 1476 1478 2283
f 1384 1480 2416
f 1384 2285 1480
f 1384 2223 2285
f 2223 2306 2285
f 2223 1482 2306
f 2223 1385 1482
f 1385 2638 1482
f 1482 2287 1531
f 2638 1700 2287
f 2287 1541 1531
f 1700 1484 2287
f 2287 2349 1541
f 2289 2342 2349
f 2289 2349 2287
f 1700 1572 1484
f 1572 1571 1484
f 2289 1486 2342
f 1486 2339 2342
f 1571 2291 1486
f 1490 2339 1488
f 1488 2291 2362
f 1543 2293 1488
f 1542 1488 2362
f 1545 1542 1574
f 2662 1545 2365
f 1547 2662 1576
f 1550 1547 1579
f 2353 2351 2366
f 1436 2353 2366
f 1552 2355 1581
f 1553 1552 1581
f 2661 2356 2367
f 1430 2235 2661
f 2661 2367 1559
f 1428 2233 1560
f 1428 1560 2369
f 1588 1428 2369
f 1426 1561 1588
f 1388 2357 1589
f 2229 2191 1388
f 2229 1589 1424
f 1422 1424 2370
f 2370 2358 1323
f 2358 1563 1352
f 2189 2360 2660
f 1565 2660 1595
f 2359 1565 1601
f 1568 2359 1601
f 2361 1568 2375
f 2361 2375 2376
f 2361 2376 2363
f 2361 2363 2659
f 1574 2830 2376
f 2365 1574 2376
f 2365 2376 2375
f 2365 2375 2658
f 1576 2658 1600
f 1576 1600 2656
f 1579 1576 2656
f 1579 2656 2374
f 1579 2374 2378
f 2364 1579 2378
f 2364 2378 1609
f 2351 2364 1609
f 2351 1609 2381
f 2366 2351 2381
f 2355 2368 1613
f 1581 2355 1613
f 1582 2239 1553
f 1583 1615 2367
f 2354 2367 2356
f 1585 1618 2369
f 2657 2369 1618
f 1589 2384 1621
f 1590 1589 1621
f 1590 1621 2385
f 1563 2358 1656
f 1288 2150 1625
f 1348 1625 2405
f 2360 2225 2388
f 2371 2360 1633
f 2373 2371 1633
f 1592 2373 1635
f 1592 1635 2655
f 2660 2373 1595
f 1592 2655 1604
f 1592 1604 1593
f 1593 1604 1597
f 1565 1595 2372
f 2377 1606 2391
f 2379 2377 2390
f 2379 2390 2392
f 1611 2379 2392
f 1611 2392 2394
f 1612 1611 2395
f 1648 2382 1583
f 1615 1583 2382
f 1618 1620 1662
f 1618 1662 2383
f 2357 1679 2384
f 2370 1590 2385
f 2358 2370 1656
f 1563 1625 2150
f 1348 2401 2386
f 1348 2386 2225
f 1629 2387 1657
f 2360 2388 1633
f 1631 1629 1637
f 1629 1639 1637
f 1641 2393 1639
f 1641 1639 1629
f 1629 1657 1641
f 1611 2394 2395
f 1613 1612 2396
f 2396 1645 1653
f 1651 2380 1647
f 1553 2380 2397
f 1582 1553 2397
f 1648 1582 2398
f 1620 1615 2382
f 1648 2398 1661
f 1648 1661 2382
f 2399 1653 1699
f 1653 1655 1670
f 1653 1670 1699
f 1645 1655 1653
f 1655 1702 2404
f 1655 2404 1670
f 1655 2400 1702
f 1645 1643 2400
f 2387 1654 1657
f 1673 1675 2401
f 1563 2649 2405
f 1563 2405 1625
f 1656 2650 2649
f 1656 2649 1563
f 2385 2384 1678
f 2385 1678 1677
f 1662 2653 2648
f 2398 2406 1664
f 2398 1664 1661
f 2398 1663 2406
f 1663 2409 2406
f 2402 2403 1682
f 1647 2399 2403
f 1647 2403 2402
f 2403 2411 1682
f 2403 1665 2411
f 2399 1699 1665
f 2652 2411 1665
f 1671 2652 2651
f 1699 1668 1665
f 1672 2651 2401
f 1672 2408 1671
f 1675 1672 2401
f 1675 2645 2408
f 1675 2408 1672
f 1673 2645 1675
f 2405 1688 1673
f 2649 1688 2405
f 2650 2644 2413
f 1623 2385 1677
f 2384 2654 1678
f 1678 2647 1677
f 2647 1659 1690
f 2648 2653 1681
f 1683 2640 1681
f 1664 2406 1683
f 2646 1692 2640
f 2646 2640 1683
f 1684 1691 1692
f 1684 1692 2646
f 2409 1663 2402
f 1685 1686 2645
f 1685 2642 1686
f 1691 1684 2642
f 1691 2642 1685
f 1688 2645 1673
f 2410 1691 1685
f 2413 1688 2649
f 2412 2414 2410
f 1687 2641 2412
f 1687 2412 2644
f 1677 2644 2650
f 1687 1690 1697
f 1687 1697 2835
f 1659 2407 1690
f 1696 1697 1690
f 1681 2640 1695
f 1681 1695 1697
f 2640 1692 2643
f 2640 2643 1695
f 2414 2643 1692
f 1692 1691 2414
f 2412 1694 2414
f 2641 1694 2412
f 1697 1694 2835
f 1697 1695 1694
f 1694 1695 2643
f 2414 1694 2643
f 1691 2410 2414
f 1696 1681 1697
f 2648 1681 1696
f 2648 1696 2407
f 1690 2407 1696
f 2647 1690 1687
f 1677 2647 1687
f 1687 2644 1677
f 2644 2412 2413
f 2412 2410 2413
f 2413 2410 1688
f 2410 1685 1688
f 1688 1685 2645
f 2645 1686 2408
f 1682 2411 1686
f 1671 2411 2652
f 1671 1686 2411
f 2408 1686 1671
f 1686 2642 1682
f 1682 2642 1684
f 1682 1684 2402
f 2409 2402 1684
f 2409 1684 2646
f 2409 2646 2406
f 2406 2646 1683
f 1664 1683 1681
f 1664 1681 2653
f 1660 1662 2648
f 1660 2648 2407
f 1659 1660 2407
f 1679 1659 2647
f 1679 2647 1678
f 1679 1678 2654
f 1623 1677 2650
f 2650 2413 2649
f 1672 1671 2651
f 2651 2652 1667
f 1667 1670 2404
f 1667 2404 2651
f 1670 1668 1699
f 1667 2652 1668
f 1667 1668 1670
f 2652 1665 1668
f 2399 1665 2403
f 1647 2402 1663
f 1651 1647 1663
f 1651 1663 2398
f 1661 1664 2653
f 1661 2653 2382
f 2653 1620 2382
f 1662 1620 2653
f 2383 1662 1660
f 2383 1660 1659
f 2383 1659 2657
f 1426 2657 1659
f 1426 1659 1679
f 2384 1679 2654
f 1621 2384 2385
f 1623 2650 1656
f 1673 2401 2405
f 2401 2651 2386
f 1627 2386 2651
f 1627 2651 2404
f 2387 1627 2404
f 2387 2404 1702
f 2387 1702 1654
f 1657 2400 1643
f 1643 1641 1657
f 1654 1702 2400
f 1654 2400 1657
f 1645 2400 1655
f 2396 1653 2399
f 1647 2396 2399
f 2397 1651 2398
f 2397 2398 1582
f 2397 2380 1651
f 2380 1613 1647
f 1613 2396 1647
f 2396 1612 1645
f 1612 2395 1645
f 2395 1643 1645
f 2395 2394 1643
f 2394 2393 1641
f 2394 1641 1643
f 2394 2392 1639
f 2394 1639 2393
f 2392 1637 1639
f 2392 2390 1637
f 1631 1637 2390
f 2373 1633 2389
f 2377 2391 2390
f 2373 2389 1635
f 1635 2391 1606
f 1606 2655 1635
f 1635 2389 2391
f 2389 1631 2390
f 2389 2390 2391
f 2389 1633 1631
f 1633 1629 1631
f 1633 2388 1629
f 2388 2387 1629
f 2388 2225 1627
f 2388 1627 2387
f 2225 2386 1627
f 1348 2405 2401
f 2370 1623 1656
f 2370 2385 1623
f 1426 1679 2357
f 2657 1618 2383
f 1618 1585 1615
f 1618 1615 1620
f 1582 1648 1583
f 1582 1583 1554
f 1581 2380 1553
f 1581 1613 2380
f 2368 1612 1613
f 2368 1611 1612
f 2368 2366 1611
f 2366 2379 1611
f 2366 2381 2379
f 2381 2377 2379
f 2381 1609 2377
f 1609 1606 2377
f 1609 2378 1606
f 2378 2819 2655
f 2378 2655 1606
f 2378 1597 2819
f 2378 2374 1597
f 1565 2372 1601
f 1568 1601 1602
f 1568 1602 2375
f 1602 2658 2375
f 1602 1600 2658
f 1602 1601 1600
f 1601 2836 1600
f 1601 2372 2836
f 2372 1597 2374
f 2372 2374 2836
f 2372 1595 1593
f 2372 1593 1597
f 1595 1592 1593
f 1595 2373 1592
f 2660 2360 2373
f 2360 2371 2373
f 1348 1288 1625
f 2370 1424 1590
f 1424 1589 1590
f 1589 2357 2384
f 1426 1588 2657
f 1588 2369 2657
f 2369 1560 1585
f 1559 1615 1585
f 1559 1585 1560
f 1559 2367 1615
f 2367 2354 1583
f 1554 1583 2354
f 1554 2239 1582
f 1436 2366 2368
f 1550 2364 2351
f 1550 1579 2364
f 1547 1576 1579
f 2662 2658 1576
f 2662 2365 2658
f 1545 1574 2365
f 1542 2830 1574
f 2659 2363 2829
f 1542 2362 2830
f 2659 2829 2291
f 1571 2659 2291
f 1572 1570 1571
f 1570 2659 1571
f 1570 2361 2659
f 1570 2359 2361
f 2359 1568 2361
f 2147 1565 2359
f 2147 2189 1565
f 2189 2660 1565
f 1352 1563 2150
f 2229 1388 1589
f 1388 1426 2357
f 1561 1426 2231
f 1561 1428 1588
f 1560 1430 1559
f 1430 2661 1559
f 2354 2356 1556
f 2239 1554 2354
f 1394 1552 1553
f 2420 1436 2355
f 1436 2368 2355
f 1438 2351 2353
f 1438 1550 2351
f 1440 2662 1547
f 1440 2352 2662
f 2352 1545 2662
f 2352 2346 1545
f 2346 1542 1545
f 2346 1543 1542
f 1543 1488 1542
f 1543 1706 2293
f 2293 2247 1490
f 1490 2295 2339
f 2247 1444 2295
f 1444 2333 2295
f 1444 2249 1492
f 1492 1534 1444
f 2249 2297 1492
f 2341 1534 2666
f 1532 2666 1498
f 2818 2817 2663
f 2666 2267 1525
f 1530 2663 2817
f 1530 2817 2301
f 2335 2341 1532
f 2333 1444 1534
f 2333 1534 2335
f 1536 2295 2333
f 1541 2349 1539
f 1539 2349 2342
f 1539 2342 1536
f 2339 2295 1536
f 2339 1536 2342
f 1536 2333 2335
f 1536 2335 1539
f 2341 2666 1532
f 2335 1534 2341
f 1539 2335 1532
f 1539 2818 1541
f 1531 1541 2818
f 1531 2818 2663
f 1531 2663 1530
f 1531 1530 1482
f 1499 2303 1524
f 1482 1499 2306
f 2306 1499 1516
f 1502 2306 2321
f 2285 2306 1502
f 2285 1502 1480
f 1504 2309 2279
f 2275 2309 1521
f 2664 2275 1521
f 2664 1521 2322
f 2332 2664 2322
f 1506 2332 1508
f 2315 2269 1466
f 2315 1466 2313
f 1513 2269 2315
f 1513 1514 2318
f 1513 2318 1527
f 2328 1527 2318
f 2328 2318 1524
f 2303 2301 2328
f 2303 2328 1524
f 1464 1527 1525
f 2301 2817 2328
f 1525 2328 1498
f 1527 2328 1525
f 1499 1524 1516
f 2306 1516 2321
f 2665 1516 1523
f 1502 2321 2307
f 1518 2665 2324
f 1518 2324 2322
f 2324 2330 2322
f 2665 1523 2324
f 1508 2332 2322
f 2324 1523 2330
f 1514 2330 1523
f 1516 1524 1514
f 1516 1514 1523
f 2330 1514 1512
f 2330 1512 2311
f 2330 2311 1508
f 2330 1508 2322
f 1518 2322 1521
f 2309 1504 1521
f 1504 1518 1521
f 1504 2307 1518
f 2307 2665 1518
f 2307 2321 2665
f 2321 1516 2665
f 1514 1524 2318
f 1513 1512 1514
f 1513 2315 1512
f 2315 2313 2311
f 2315 2311 1512
f 2313 1510 2311
f 1506 1508 2311
f 1506 2311 1510
f 2275 2277 2309
f 2279 2309 2277
f 1480 1504 2279
f 1480 1502 2307
f 1480 2307 1504
f 1482 2303 1499
f 1482 2301 2303
f 1482 1530 2301
f 2666 1525 1498
f 2267 2666 1534
f 1492 2267 1534
f 2300 2265 1494
f 2297 1446 1494
f 2247 1442 1444
f 1490 2247 2295
f 1490 1488 2293
f 2339 1486 2291
f 2339 2291 1488
f 1484 1571 1486
f 1484 1486 2289
f 1484 2289 2287
f 2638 2287 1482
f 2416 1480 1476
f 2263 2283 2281
f 2261 1476 2283
f 1478 2281 2283
f 1478 1474 2281
f 1478 1476 1474
f 1476 2279 1474
f 1472 1474 2277
f 1472 2277 2275
f 1470 1472 2275
f 2313 2271 1468
f 1460 2271 2313
f 1466 1460 2313
f 2265 1464 1462
f 1492 1462 2267
f 1492 2297 1462
f 1494 1462 2297
f 1494 2265 1462
f 1460 1466 2265
f 1450 2271 2253
f 1372 2415 2182
f 2261 2263 1458
f 2261 1458 2259
f 2187 2261 2259
f 2259 1454 1456
f 1414 2257 1452
f 2255 1414 1452
f 1373 1372 2182
f 1496 1408 2253
f 2251 1448 1446
f 2249 2209 1446
f 1444 2206 2249
f 2206 1444 1442
f 1442 2247 2245
f 2419 2245 1706
f 1398 2243 1710
f 2417 1710 1438
f 2417 1438 2241
f 2237 1556 1432
f 2237 1432 1434
f 2233 2235 1430
f 1953 2231 1426
f 1387 2191 2229
f 1387 2229 1424
f 1386 1387 1424
f 2227 1386 1422
f 2227 1422 1323
f 1314 2189 2147
f 1312 2359 1420
f 1346 2223 1384
f 1382 2187 2221
f 1382 2221 2184
f 2184 2221 1416
f 1369 1380 2219
f 1369 2219 1414
f 1372 1369 1414
f 1378 2182 2418
f 1378 2418 2180
f 2215 1410 1412
f 2215 1412 1377
f 1408 2211 2213
f 1406 2178 1375
f 2251 1406 2211
f 1406 2209 1404
f 1402 2206 1442
f 1363 1442 2245
f 2636 1362 1400
f 2760 2202 2200
f 2159 2417 1709
f 1325 1709 1396
f 2105 2198 1714
f 2237 2196 1394
f 1434 1392 2237
f 1392 1434 1391
f 1392 1391 2757
f 1358 2194 1390
f 1357 1358 1390
f 2192 1357 2233
f 1389 1953 1426
f 2152 2191 1387
f 2227 2152 1386
f 1384 1345 1346
f 2421 1418 2187
f 2635 2187 1382
f 1383 1382 1371
f 1371 1382 2184
f 2174 1381 2184
f 1380 2174 2184
f 1379 1373 2182
f 1379 2182 1378
f 1365 2178 1404
f 1365 1366 2178
f 1374 1375 2165
f 1374 2175 2213
f 1412 1376 2750
f 1412 2750 2758
f 1378 2753 1379
f 2753 1336 1379
f 1336 1373 1379
f 1371 1370 2168
f 2172 1371 2168
f 1344 1341 2168
f 1344 2168 1370
f 1344 1370 1300
f 1369 1335 2167
f 1333 1332 1372
f 1336 1368 1373
f 2165 1330 2175
f 2165 2130 1330
f 2165 1367 2130
f 1366 1328 1367
f 1402 2746 1364
f 1363 1309 2161
f 2208 1311 1713
f 1329 2208 1362
f 1327 1708 2159
f 1279 1361 2105
f 2196 1392 1324
f 2757 1324 1392
f 2757 1359 1276
f 1321 1326 2751
f 1321 2751 2156
f 1949 2156 1358
f 2103 1949 1358
f 2103 1358 1357
f 2154 2103 1357
f 2154 1357 2192
f 1320 2231 1953
f 1318 1389 1315
f 1264 1346 1345
f 1265 1345 1384
f 1302 1306 2144
f 1303 1302 2144
f 1303 2144 1347
f 1303 1347 1343
f 1293 1343 2141
f 2141 1343 1341
f 2141 1341 1342
f 1344 1342 1341
f 1344 1283 1342
f 1300 1283 1344
f 1298 1283 1300
f 1335 1298 1300
f 2175 1334 2747
f 1367 1244 2130
f 1244 1367 1328
f 2746 2128 2163
f 1309 2632 2633
f 1329 2423 1311
f 2422 1327 1715
f 1237 1715 1325
f 1237 1325 1279
f 1721 2105 2107
f 1276 1322 2104
f 2082 1949 2103
f 2082 2103 1285
f 1285 2103 2154
f 1320 1285 2154
f 1318 1734 1953
f 1266 1354 1323
f 1313 1323 1352
f 1759 1348 1314
f 1740 1314 1312
f 1310 1265 1306
f 1310 1306 1302
f 1310 1302 1294
f 1294 1302 1303
f 1294 1303 1292
f 1294 1292 1299
f 1296 1299 1292
f 1296 1292 1293
f 1296 1293 1291
f 1291 1289 1287
f 1287 1289 1290
f 1284 1290 1283
f 1284 1283 1281
f 1304 1281 1298
f 1304 1298 1248
f 1250 1281 1304
f 1305 1350 1317
f 1246 1317 1351
f 2747 1316 1245
f 2747 1245 1246
f 1334 1307 1316
f 1330 1307 1334
f 1952 1307 1330
f 2128 1355 2163
f 2634 1277 1309
f 1238 2634 2423
f 1329 2625 2423
f 1717 2625 1329
f 2624 2422 2630
f 1956 1279 1721
f 1282 1275 1324
f 1282 1276 1274
f 1276 2754 1274
f 1272 2080 2755
f 2083 2623 1320
f 2083 1953 1734
f 1734 1318 1736
f 1286 2427 1268
f 1266 1313 1231
f 1231 1313 1295
f 2618 1312 1308
f 1258 1264 1265
f 2092 1258 1265
f 1262 2092 1265
f 2085 2092 1262
f 1259 1262 1310
f 1257 1259 1294
f 1297 1257 1299
f 1297 1299 1240
f 1240 1299 1255
f 1301 2631 1254
f 1254 2631 1256
f 1252 1284 1250
f 1223 1250 1304
f 1336 1253 1333
f 1952 2752 1243
f 2752 1244 1241
f 2756 1950 1241
f 2756 1241 1244
f 2609 1238 2425
f 2671 1951 1729
f 1745 2630 1954
f 1745 1954 1237
f 1730 1237 1956
f 1282 1955 1275
f 1955 1282 2674
f 1282 1274 2674
f 2078 1235 1274
f 1232 2080 1272
f 2622 2082 1285
f 2605 2083 1734
f 2621 1266 1236
f 1236 1266 1231
f 2428 1739 2086
f 1760 1288 1228
f 2084 894 1230
f 2084 1230 1190
f 2088 1190 1240
f 2088 1240 1227
f 2090 1225 1192
f 1192 1225 1254
f 1252 1249 1247
f 1249 1223 1221
f 2097 1221 1251
f 1220 1187 1224
f 2039 1229 1226
f 1720 1754 2087
f 1720 2629 1217
f 1720 1217 1754
f 2629 2424 1217
f 1722 1171 2424
f 1722 2100 1171
f 1725 2100 1722
f 1725 1182 2100
f 1725 2628 1182
f 1180 1964 2628
f 1215 929 2089
f 1215 1726 929
f 2627 928 1726
f 2627 2091 928
f 1213 2091 2627
f 2611 1222 1219
f 1210 2608 2611
f 2607 1210 1209
f 1205 1769 1261
f 1746 1744 1212
f 1212 1744 1756
f 1744 1203 1756
f 1756 1203 1208
f 324 1755 1201
f 1758 2010 2617
f 776 1742 909
f 1023 1214 2605
f 2005 2605 1736
f 1199 2093 2604
f 1195 2604 2093
f 1960 1264 1258
f 2092 1960 1258
f 2084 1190 1191
f 883 1191 1190
f 883 1190 2088
f 883 2088 954
f 1188 2090 955
f 2090 1192 955
f 1719 1189 2094
f 1719 2094 1192
f 1189 1186 2099
f 2099 1186 2097
f 874 956 1251
f 874 1251 877
f 1187 885 1752
f 1220 885 1187
f 1229 875 1220
f 996 875 1229
f 2039 996 1229
f 1754 1962 872
f 1184 1962 1754
f 2628 1964 1182
f 1726 928 929
f 2091 926 928
f 2091 927 926
f 928 947 929
f 929 924 2089
f 2089 924 1180
f 1180 924 925
f 1180 925 1964
f 929 948 924
f 929 947 948
f 928 2102 947
f 926 2102 928
f 2102 1770 870
f 2101 2003 922
f 2003 1767 922
f 2429 2098 1768
f 2429 919 2098
f 2597 917 923
f 2095 1753 764
f 916 914 2081
f 2077 2081 914
f 2079 2077 914
f 811 920 910
f 1761 2600 905
f 905 2600 906
f 2600 2601 906
f 2601 2602 906
f 906 2602 951
f 2011 1762 1773
f 2809 2820 2808
f 912 902 2435
f 902 890 2435
f 895 896 1957
f 743 953 2076
f 2076 953 897
f 899 897 903
f 2076 897 899
f 735 743 2076
f 736 2076 899
f 736 899 2075
f 1173 899 903
f 2075 899 1173
f 1173 952 2075
f 953 900 897
f 953 895 900
f 953 896 895
f 953 898 896
f 898 890 896
f 898 893 890
f 1957 890 1960
f 895 1957 2074
f 900 2074 891
f 900 891 1959
f 900 1959 897
f 897 1959 889
f 889 1959 1958
f 889 1958 2440
f 1958 892 2440
f 1958 1959 887
f 1959 1961 887
f 2074 1957 1960
f 1960 890 1308
f 882 884 888
f 882 888 894
f 882 894 2084
f 882 2084 892
f 2440 892 883
f 881 2090 1777
f 2090 1188 1777
f 880 956 856
f 858 856 956
f 858 956 874
f 852 874 877
f 852 877 886
f 852 886 848
f 848 886 1752
f 885 848 1752
f 2668 2039 865
f 855 1963 872
f 1962 855 872
f 1962 1184 2038
f 1217 864 876
f 1217 876 1184
f 2424 861 864
f 2424 864 1217
f 1171 861 2424
f 1964 925 1965
f 1964 1965 1182
f 1182 1965 2100
f 1171 2100 861
f 864 2040 851
f 864 851 876
f 861 2100 868
f 1965 2043 2100
f 925 2042 1965
f 924 867 925
f 947 870 948
f 870 2044 948
f 870 1770 871
f 1770 921 873
f 1770 873 871
f 870 871 869
f 870 869 2044
f 948 2044 867
f 924 948 867
f 925 867 2042
f 2040 864 859
f 2040 859 2035
f 2040 2035 853
f 868 833 861
f 2043 1172 833
f 1965 957 1172
f 1965 1172 2043
f 2042 957 1965
f 867 1780 1783
f 2042 1783 862
f 2042 862 957
f 1172 840 833
f 994 833 863
f 861 833 994
f 861 994 995
f 861 995 864
f 859 2811 835
f 859 835 2035
f 2668 695 996
f 875 2033 860
f 852 839 857
f 2034 850 857
f 839 2034 857
f 860 827 848
f 855 2037 865
f 2032 2041 851
f 2032 851 853
f 851 2040 853
f 2041 2038 851
f 875 866 1220
f 1220 866 885
f 885 866 860
f 860 848 885
f 857 850 858
f 846 858 850
f 2437 856 846
f 847 856 2437
f 878 847 2094
f 999 1173 1001
f 999 952 1173
f 842 845 1000
f 845 843 1000
f 843 1188 1790
f 1188 844 1790
f 854 838 841
f 849 850 1002
f 849 1002 732
f 2033 827 860
f 996 699 875
f 2036 837 2032
f 1004 2036 2032
f 2811 995 835
f 1172 862 840
f 833 840 1032
f 995 863 2058
f 995 2058 831
f 834 831 826
f 831 834 835
f 713 2036 1004
f 996 695 699
f 827 2034 839
f 1162 829 1002
f 1162 1002 2034
f 832 1167 829
f 832 829 1162
f 2007 827 2033
f 685 695 2672
f 717 2013 1004
f 717 1004 720
f 1003 826 825
f 2058 714 825
f 1785 1007 1779
f 2018 2000 1007
f 771 823 2000
f 771 2436 1006
f 771 1006 823
f 1782 1996 2436
f 819 828 1788
f 819 1786 1863
f 1786 782 1863
f 1863 782 2031
f 782 817 2031
f 2031 817 2030
f 2031 2030 1793
f 1792 2441 2030
f 1792 2030 773
f 1792 773 815
f 2596 815 2028
f 2029 2596 2028
f 822 2139 1795
f 1840 820 1008
f 809 1008 811
f 1009 809 1011
f 1009 1011 1802
f 1802 1011 807
f 2812 1802 807
f 2813 2806 808
f 1010 808 805
f 2594 805 802
f 2594 802 814
f 813 2270 1799
f 1799 2270 803
f 2027 803 801
f 2027 801 2026
f 1804 2026 799
f 1844 799 2024
f 1844 2024 1806
f 1806 2024 2025
f 1806 2025 796
f 796 2025 800
f 796 800 806
f 806 804 794
f 795 1015 1012
f 1012 1015 793
f 1015 791 1013
f 1014 791 1015
f 1014 792 791
f 786 792 1014
f 786 789 792
f 786 798 789
f 787 797 798
f 787 785 797
f 2023 785 787
f 783 2022 785
f 783 785 2023
f 783 2020 2022
f 2021 780 2020
f 784 778 780
f 790 788 778
f 788 779 778
f 1016 779 788
f 1016 777 779
f 808 1017 777
f 808 777 1016
f 1019 1017 808
f 809 811 1018
f 1008 820 1023
f 820 1824 776
f 822 1795 810
f 812 1794 816
f 1794 2029 1020
f 1020 2029 763
f 763 2028 772
f 772 773 762
f 773 770 762
f 817 774 770
f 917 2046 1997
f 871 771 769
f 2044 869 2018
f 2044 2018 1780
f 869 871 769
f 873 2101 781
f 2101 1782 781
f 2101 922 1782
f 2098 2019 1767
f 2098 767 2019
f 918 782 1786
f 763 772 762
f 763 762 2077
f 1020 763 2077
f 1794 1020 915
f 816 1794 915
f 1795 1021 810
f 820 776 909
f 820 909 1023
f 950 759 775
f 759 905 1017
f 1017 905 777
f 905 906 777
f 906 951 777
f 777 951 779
f 779 951 1022
f 779 1022 756
f 756 1022 765
f 760 765 757
f 757 765 755
f 757 755 2047
f 758 2047 752
f 758 752 754
f 754 752 750
f 754 750 1025
f 1025 750 1024
f 1024 750 1778
f 1026 1024 1778
f 1026 1778 1029
f 1026 1029 1028
f 793 1013 747
f 747 1013 748
f 747 748 1027
f 1166 1027 748
f 1166 748 746
f 1166 746 2048
f 745 1166 740
f 745 740 2264
f 2262 749 753
f 753 749 742
f 751 742 749
f 2049 751 749
f 740 2049 749
f 740 1166 2048
f 740 2048 2049
f 741 2017 737
f 739 2017 741
f 739 1029 2017
f 2017 893 2050
f 737 2050 2051
f 735 744 743
f 2532 736 2260
f 2260 2075 2256
f 2075 952 2256
f 1791 1790 738
f 1790 998 2531
f 998 734 2531
f 2053 732 733
f 731 2053 733
f 731 733 730
f 731 730 1167
f 1165 728 725
f 2061 1165 725
f 728 2055 725
f 724 1805 2055
f 724 726 1805
f 722 2057 726
f 727 2056 2057
f 727 2054 2056
f 1164 2531 721
f 2531 719 2669
f 719 734 690
f 1030 718 723
f 734 1030 690
f 734 729 1030
f 1030 1167 718
f 718 1163 716
f 716 1163 697
f 1036 697 1163
f 1036 1163 1162
f 713 703 2668
f 840 2059 1032
f 1779 712 1005
f 1007 2000 711
f 1007 711 715
f 1007 715 1779
f 1779 715 712
f 1032 2059 1031
f 2058 863 2015
f 2058 2015 714
f 2059 704 1031
f 712 704 2059
f 715 711 708
f 711 823 709
f 823 1988 707
f 1988 1834 2016
f 1831 2016 1834
f 712 715 684
f 712 684 705
f 704 705 1031
f 705 704 712
f 863 681 2015
f 686 679 702
f 686 702 1037
f 679 1747 696
f 679 696 702
f 669 703 2673
f 629 2672 703
f 698 700 1036
f 688 698 1036
f 688 1036 701
f 2276 2007 699
f 2539 685 2672
f 1033 2673 2012
f 1033 2012 693
f 1034 1033 693
f 1034 693 1040
f 714 2014 696
f 2673 2013 2012
f 2668 703 2672
f 2007 701 694
f 700 691 697
f 700 697 1036
f 723 691 689
f 723 689 692
f 719 690 2274
f 719 2274 1038
f 721 2669 2670
f 1164 721 2670
f 2056 1164 2670
f 1751 2057 2670
f 2669 1038 2250
f 689 706 692
f 1035 706 687
f 2678 698 688
f 688 701 2540
f 629 2539 2672
f 669 629 703
f 680 1034 1040
f 680 1040 1747
f 686 1037 1039
f 705 1724 1031
f 684 1724 705
f 708 683 715
f 708 1048 683
f 715 683 684
f 1031 1724 660
f 681 664 2676
f 2675 681 2676
f 2675 2676 1743
f 2675 1743 1037
f 2685 682 680
f 2685 680 2684
f 1042 677 680
f 677 658 2673
f 658 669 2673
f 2540 2278 688
f 688 2278 2541
f 2679 2678 2541
f 1035 2679 2683
f 1035 2683 1738
f 2274 1043 673
f 2274 673 2527
f 1038 2274 2527
f 2250 1038 2527
f 2526 2527 674
f 1041 678 676
f 2063 2681 2680
f 2591 2063 2680
f 675 1735 2681
f 675 676 1735
f 676 678 1045
f 673 672 2702
f 673 2702 2694
f 2683 2682 1044
f 1044 2693 2692
f 2683 1044 2692
f 2683 2692 1738
f 2527 2694 674
f 2527 673 2694
f 1043 672 673
f 655 1732 2278
f 1047 655 2278
f 641 1046 2539
f 2543 682 2685
f 1052 2684 1049
f 668 1052 1049
f 668 2690 661
f 1743 2689 2690
f 1743 2690 668
f 1743 662 2689
f 2676 664 662
f 2676 662 1743
f 684 683 1724
f 1918 2686 2687
f 1048 665 683
f 683 1050 1724
f 1724 1050 1051
f 1724 1051 660
f 664 660 2688
f 664 2688 663
f 664 663 662
f 661 2690 639
f 661 639 1689
f 661 1689 1052
f 2542 2282 2685
f 1042 640 658
f 1718 2691 1053
f 1693 659 655
f 1693 655 1047
f 659 657 655
f 1738 2692 1058
f 1738 1058 2702
f 674 2694 643
f 674 643 678
f 1045 678 1057
f 1735 1045 2701
f 2681 1735 2699
f 2681 2699 2697
f 2680 2681 2697
f 1885 2680 2698
f 1885 2698 1873
f 1879 656 1054
f 2456 1879 1054
f 1054 656 653
f 1948 653 584
f 653 647 584
f 647 1707 585
f 1712 1626 588
f 1055 650 2700
f 1055 2700 652
f 2700 654 1062
f 2700 1062 652
f 652 1062 2696
f 1055 652 2696
f 648 1707 647
f 656 648 647
f 2698 649 651
f 2697 2699 650
f 650 2699 2700
f 646 2715 1674
f 646 1057 2715
f 1057 622 2715
f 622 643 628
f 643 1698 626
f 1698 645 626
f 1058 644 624
f 644 1056 624
f 645 1058 624
f 1698 1058 645
f 2694 1698 643
f 2699 2701 2700
f 1045 646 2701
f 1045 1057 646
f 678 643 1057
f 2692 2693 644
f 2692 644 1058
f 2693 659 644
f 644 659 642
f 642 659 2703
f 2703 1693 625
f 2714 1676 1053
f 2714 2691 638
f 1067 629 670
f 640 2545 658
f 630 2286 2282
f 630 2282 2542
f 2704 631 2280
f 2704 2280 1689
f 2705 2704 1689
f 2705 1689 639
f 636 2708 1059
f 636 1059 639
f 2706 2707 2709
f 2706 2709 2708
f 663 2707 2706
f 663 637 2707
f 2688 637 663
f 637 1060 2707
f 634 2711 2709
f 634 2709 2707
f 2711 2710 2709
f 2710 635 2709
f 2710 1061 635
f 1061 633 635
f 633 2713 2705
f 2713 2712 2705
f 2712 608 631
f 608 1680 631
f 631 1680 630
f 630 1680 2286
f 2286 1650 632
f 670 2545 1067
f 2714 1652 1676
f 627 1693 1676
f 627 1676 1652
f 1056 625 2720
f 1056 2720 618
f 624 1056 618
f 643 626 628
f 2715 1064 654
f 2715 622 1064
f 622 628 1064
f 628 1666 1064
f 628 626 1666
f 624 618 645
f 645 616 587
f 626 645 587
f 626 587 1666
f 654 1064 623
f 654 1669 1062
f 1062 620 2717
f 2696 1062 2717
f 2716 586 1074
f 2716 1669 586
f 1669 623 586
f 586 2578 1074
f 620 1062 2716
f 1064 1666 1063
f 1064 1063 621
f 1666 587 1063
f 1658 2718 614
f 2718 1658 610
f 2718 610 2719
f 612 613 614
f 612 614 617
f 616 618 612
f 618 2720 612
f 2720 615 612
f 615 610 613
f 2719 610 1652
f 2719 1652 1628
f 2288 640 2284
f 607 1073 608
f 607 608 1068
f 1634 607 1649
f 1634 1649 606
f 604 606 605
f 604 605 1072
f 1071 1072 605
f 1071 605 1646
f 603 1644 1646
f 603 1646 602
f 1069 601 603
f 1069 603 602
f 1917 601 1069
f 600 1642 597
f 600 597 601
f 599 598 600
f 1640 598 2204
f 1070 1642 598
f 1070 598 1640
f 1070 1638 597
f 1070 597 1642
f 1638 596 597
f 595 1071 596
f 556 1072 1071
f 556 1636 1072
f 1087 594 1636
f 1088 2723 1634
f 2723 592 1073
f 2723 1073 593
f 592 591 1632
f 592 1632 1073
f 609 1632 552
f 609 552 1157
f 609 1157 1650
f 2284 611 2288
f 2545 2288 590
f 2563 2319 1628
f 1628 2319 550
f 554 2718 550
f 589 2718 554
f 589 554 549
f 614 589 549
f 614 549 1594
f 617 614 1594
f 617 1594 1065
f 587 1065 548
f 587 548 1630
f 587 1630 1063
f 1089 621 1630
f 621 1063 1630
f 586 621 1089
f 2716 1074 620
f 2717 620 1075
f 2696 2717 1075
f 2696 1075 1626
f 585 1707 588
f 1580 2294 1077
f 581 2164 582
f 1161 2236 538
f 1161 538 1619
f 1577 2550 1933
f 2550 1622 1933
f 535 509 2488
f 577 2298 2170
f 2298 1150 2582
f 2299 2551 1617
f 2299 1617 1079
f 2551 576 1614
f 2551 1614 1617
f 576 575 1614
f 573 575 576
f 573 574 1160
f 573 1160 575
f 574 1080 1160
f 2721 1616 1080
f 2721 1080 574
f 570 571 1616
f 570 1616 2721
f 570 1081 571
f 570 1082 1081
f 1082 1610 1081
f 1608 1610 1082
f 1608 569 1610
f 572 569 1608
f 572 568 569
f 572 566 568
f 567 566 572
f 1083 1084 566
f 1083 566 567
f 1607 2722 1084
f 1607 1084 1083
f 1607 564 2722
f 1159 564 1607
f 1159 563 564
f 1159 1603 563
f 562 1603 1159
f 562 561 1603
f 1605 561 562
f 1605 565 561
f 1605 560 565
f 1605 559 560
f 1085 559 1605
f 1085 1086 559
f 1085 1596 1599
f 1085 1599 1086
f 1596 558 1599
f 557 1158 558
f 555 556 1158
f 2314 500 1087
f 500 1098 1087
f 1099 2723 1088
f 2559 1598 2723
f 553 2581 591
f 2581 2316 552
f 2581 552 591
f 611 1157 1591
f 1591 521 611
f 521 2560 2288
f 2320 1066 590
f 546 550 2319
f 546 554 550
f 1065 1594 1587
f 1065 1587 1584
f 1065 1584 548
f 586 1089 2578
f 548 1090 1089
f 548 1584 1090
f 549 547 1594
f 547 546 1091
f 1091 546 544
f 1156 2724 1091
f 1156 1091 544
f 1586 2724 545
f 1089 1090 2578
f 1100 1074 2565
f 588 1626 1075
f 588 1075 1555
f 647 585 2566
f 647 2566 2329
f 541 647 2329
f 584 541 1092
f 516 514 1093
f 515 1578 1580
f 1102 539 540
f 537 1094 2549
f 537 2549 2567
f 1551 1095 1094
f 1549 2725 1095
f 1549 1095 1551
f 510 1577 2725
f 510 2725 1549
f 510 2550 1577
f 2728 1548 1573
f 1548 1544 533
f 1548 533 1573
f 1544 531 533
f 506 536 531
f 505 530 536
f 2731 1575 530
f 503 529 1575
f 1152 529 503
f 1152 1096 529
f 1152 1097 1096
f 1569 1567 1097
f 504 528 1567
f 1107 527 528
f 1520 532 527
f 1143 526 1546
f 501 2314 525
f 484 1099 1098
f 523 522 1566
f 1540 1154 522
f 1540 522 523
f 2317 1562 521
f 521 1562 498
f 521 497 1110
f 2320 1110 1111
f 1537 524 520
f 519 524 1537
f 1100 1101 1533
f 1555 1075 466
f 2566 1555 2329
f 541 2329 492
f 1092 541 492
f 515 1112 1578
f 1102 1578 2571
f 2571 1557 1102
f 1557 512 2727
f 2567 1103 1526
f 2567 1526 1104
f 1104 1551 537
f 510 485 2550
f 2550 455 535
f 455 509 535
f 38 509 455
f 38 2298 534
f 1150 2771 513
f 181 507 1105
f 181 1105 1155
f 1548 1114 1544
f 1114 1491 1544
f 1544 1491 506
f 452 505 506
f 451 2731 505
f 1487 1152 503
f 447 1152 482
f 1485 1569 1115
f 445 504 1569
f 1116 1107 504
f 1116 1522 1107
f 188 1546 2729
f 441 501 480
f 441 1479 501
f 1479 500 501
f 2340 484 500
f 1109 478 1538
f 1109 1538 1540
f 1117 499 1538
f 1117 1538 478
f 1562 499 2337
f 1562 2337 498
f 502 497 498
f 502 498 2337
f 496 1110 497
f 519 1537 494
f 494 1537 2805
f 2327 2326 412
f 2327 412 518
f 1151 518 493
f 1505 1151 467
f 1505 1101 1151
f 459 1104 1526
f 1497 488 1104
f 2570 487 488
f 1493 1150 2298
f 183 1114 486
f 183 486 453
f 34 2731 451
f 1489 2731 34
f 1489 1528 2731
f 1135 483 1528
f 449 1487 483
f 1487 447 482
f 185 504 445
f 1483 1116 504
f 1481 32 1520
f 30 480 481
f 478 435 1117
f 1118 1117 435
f 1118 2732 502
f 496 1519 1469
f 1469 1515 496
f 429 477 1515
f 429 1467 477
f 1467 474 476
f 1467 476 477
f 2805 1465 494
f 1119 1564 1463
f 2326 1564 1119
f 493 518 468
f 1517 992 47
f 171 49 1121
f 49 992 2733
f 49 2733 1121
f 2733 1517 1449
f 2733 1449 411
f 1517 47 1451
f 991 1451 47
f 991 423 1451
f 46 423 991
f 472 1123 46
f 472 467 1123
f 1507 1505 467
f 175 469 1507
f 466 473 43
f 517 492 2764
f 174 465 471
f 134 174 471
f 134 471 2764
f 161 43 1511
f 45 1507 993
f 1149 1122 469
f 1149 469 175
f 1120 175 1507
f 1120 1507 44
f 993 1507 472
f 1507 467 472
f 993 472 173
f 1507 45 44
f 128 1122 1149
f 1511 1122 128
f 43 473 1511
f 471 517 2764
f 492 517 1092
f 470 1509 43
f 1507 469 1505
f 1123 423 46
f 1533 1101 1505
f 1558 1533 1122
f 1511 473 1558
f 136 1503 465
f 1126 1501 2338
f 460 1127 461
f 1497 41 2570
f 458 2570 41
f 179 1147 2570
f 179 2570 458
f 1147 1495 457
f 456 39 455
f 2771 160 513
f 1146 36 453
f 1146 453 37
f 1145 35 1491
f 35 154 1491
f 1491 154 452
f 154 2774 452
f 452 2774 451
f 236 1135 1489
f 14 447 1487
f 982 1485 447
f 2575 443 1483
f 33 1481 443
f 33 16 1481
f 16 32 1481
f 28 2340 1479
f 2577 1477 439
f 2577 437 1477
f 2344 1473 435
f 1473 433 2732
f 433 1471 2732
f 1471 431 1469
f 431 2348 429
f 431 429 1469
f 2348 1457 429
f 1457 427 1467
f 1457 1467 429
f 427 425 1465
f 494 1465 425
f 494 425 421
f 2325 494 421
f 2325 421 1463
f 1119 1463 1461
f 468 423 1123
f 415 1461 1463
f 415 1463 1459
f 421 425 1459
f 421 1459 1463
f 425 419 1459
f 417 419 1457
f 1459 417 1455
f 1459 1455 26
f 415 1459 26
f 415 26 193
f 1461 415 1453
f 1461 1453 1119
f 412 1451 423
f 1451 412 1453
f 409 411 1449
f 409 25 411
f 1447 411 25
f 1447 25 195
f 1121 2733 405
f 405 407 1445
f 405 1445 171
f 171 1445 403
f 171 403 48
f 48 403 21
f 48 21 169
f 52 169 8
f 8 169 50
f 169 21 51
f 51 21 20
f 7 1443 167
f 7 167 52
f 1443 989 53
f 1443 53 167
f 163 988 61
f 56 132 163
f 57 56 60
f 2762 57 159
f 130 2762 986
f 81 2761 59
f 81 943 2761
f 128 79 975
f 127 939 941
f 937 58 978
f 987 986 75
f 986 159 74
f 60 61 145
f 157 985 1131
f 147 73 157
f 157 201 62
f 984 147 62
f 984 63 155
f 155 17 64
f 65 983 68
f 973 68 151
f 84 69 68
f 83 981 69
f 83 82 981
f 82 149 981
f 984 155 70
f 137 80 980
f 137 980 70
f 977 145 80
f 71 980 72
f 71 72 147
f 147 72 73
f 980 145 61
f 980 61 72
f 75 74 977
f 75 977 78
f 59 75 78
f 59 78 976
f 978 975 76
f 978 76 937
f 112 939 143
f 76 79 935
f 76 975 79
f 77 976 967
f 96 78 401
f 401 977 974
f 141 974 137
f 141 137 82
f 80 137 974
f 82 137 70
f 82 70 149
f 125 401 974
f 968 125 974
f 83 69 84
f 94 84 85
f 84 68 973
f 85 973 133
f 973 151 90
f 90 151 86
f 91 972 971
f 971 2792 970
f 88 192 255
f 102 89 236
f 966 129 122
f 98 126 129
f 129 973 90
f 98 95 126
f 126 973 129
f 98 92 95
f 126 133 973
f 95 133 126
f 969 125 93
f 94 85 95
f 94 968 135
f 124 401 125
f 124 96 401
f 931 967 96
f 935 77 123
f 121 932 120
f 111 935 123
f 930 1170 96
f 946 115 92
f 946 92 98
f 98 129 966
f 99 946 966
f 400 99 100
f 100 101 1168
f 118 971 253
f 253 970 255
f 255 89 102
f 371 102 236
f 371 277 102
f 365 1407 963
f 373 964 363
f 361 279 103
f 359 1401 106
f 965 106 239
f 355 357 1399
f 355 1399 105
f 109 965 413
f 959 105 109
f 2801 410 1395
f 959 242 410
f 961 410 243
f 961 243 248
f 962 108 247
f 960 962 404
f 960 404 406
f 391 1393 408
f 353 391 110
f 391 408 110
f 2735 246 388
f 2735 388 2734
f 388 246 1441
f 263 264 112
f 263 120 114
f 116 931 117
f 1169 958 113
f 1169 113 251
f 958 117 1170
f 113 1170 930
f 958 1170 113
f 261 260 251
f 261 251 400
f 393 117 260
f 400 252 261
f 261 252 398
f 400 100 1168
f 400 1168 252
f 258 398 394
f 253 1168 118
f 394 253 257
f 257 253 254
f 254 255 396
f 376 102 277
f 275 256 376
f 271 257 256
f 271 394 257
f 258 394 271
f 386 262 390
f 261 398 258
f 390 116 117
f 390 117 393
f 390 262 116
f 114 111 262
f 388 1441 264
f 269 388 384
f 384 267 268
f 269 2734 388
f 384 2739 269
f 2742 268 2743
f 2740 386 259
f 2740 259 258
f 2740 271 380
f 272 2741 380
f 271 256 273
f 272 273 378
f 273 256 275
f 378 275 274
f 275 376 276
f 328 276 1413
f 293 292 328
f 294 332 1405
f 1415 278 373
f 336 329 1415
f 336 1415 325
f 1415 279 325
f 1202 325 372
f 1417 280 375
f 1204 281 1439
f 1439 281 942
f 370 1204 1417
f 283 377 379
f 283 379 938
f 940 938 392
f 940 283 938
f 392 1435 284
f 1435 1433 284
f 284 395 397
f 936 285 284
f 936 284 397
f 314 284 285
f 303 350 287
f 936 397 286
f 287 936 286
f 366 287 399
f 287 286 364
f 287 364 399
f 286 397 387
f 399 364 288
f 399 2795 366
f 364 286 387
f 934 330 1269
f 934 1269 362
f 366 362 290
f 362 1269 291
f 290 291 933
f 291 1269 292
f 933 291 360
f 360 293 1178
f 1178 944 348
f 944 332 358
f 358 332 294
f 306 358 307
f 295 294 1206
f 295 1206 326
f 945 295 326
f 945 326 336
f 1179 307 295
f 1179 295 945
f 347 945 356
f 309 308 297
f 297 296 1202
f 346 309 297
f 310 346 1174
f 299 1175 1204
f 299 1204 1439
f 299 1439 354
f 354 1439 942
f 354 942 298
f 354 311 310
f 354 310 1174
f 311 351 312
f 312 351 300
f 313 300 368
f 298 283 940
f 1175 280 1204
f 1271 276 1267
f 934 331 330
f 1271 275 276
f 333 1427 1273
f 333 1273 334
f 333 334 338
f 1273 335 2744
f 1273 2744 334
f 1425 385 2759
f 1425 2759 335
f 385 2738 2739
f 339 274 338
f 2759 2739 384
f 2738 2736 2739
f 389 352 2737
f 2737 352 2736
f 2737 2736 2738
f 352 2735 2734
f 353 110 352
f 962 383 381
f 379 107 1421
f 961 107 379
f 1419 1397 1395
f 370 1417 357
f 370 357 1397
f 370 1397 282
f 1399 359 106
f 282 1397 1419
f 1421 107 1433
f 108 962 381
f 381 383 1431
f 391 1431 383
f 383 1393 391
f 1431 391 353
f 389 353 352
f 1423 387 389
f 1423 389 2737
f 288 1423 2737
f 288 2737 2738
f 364 387 1423
f 381 1431 1437
f 1421 1433 1435
f 1433 1437 395
f 1433 395 284
f 1437 1431 397
f 397 395 1437
f 1431 1429 397
f 379 1421 938
f 392 938 1421
f 392 1421 1435
f 1437 1433 108
f 1437 108 381
f 397 1429 389
f 397 389 387
f 364 1423 288
f 1427 1425 1273
f 289 1427 331
f 289 331 934
f 289 288 1425
f 289 1425 1427
f 288 2738 385
f 288 385 1425
f 1429 353 389
f 1431 353 1429
f 1419 379 377
f 282 1419 377
f 282 281 370
f 1417 375 359
f 375 372 1401
f 279 1403 103
f 279 1415 1403
f 1415 373 363
f 1415 363 1403
f 278 964 373
f 1405 374 1206
f 1206 294 1405
f 1405 332 1407
f 1407 332 1409
f 332 944 367
f 1407 1409 963
f 944 293 367
f 367 293 104
f 293 328 104
f 104 328 369
f 369 1413 1411
f 1411 1413 371
f 1413 276 277
f 1413 277 371
f 328 1413 369
f 332 367 1409
f 1405 1407 365
f 1405 365 374
f 372 279 361
f 372 361 1401
f 359 375 1401
f 357 1417 359
f 357 359 1399
f 1397 357 355
f 2801 1395 1397
f 1419 1395 961
f 1419 961 379
f 107 108 1433
f 383 962 960
f 352 2734 2736
f 352 110 2735
f 2736 2734 2739
f 2739 2734 269
f 385 2739 2759
f 2741 270 2740
f 2741 2740 380
f 2741 382 270
f 2743 268 382
f 2743 382 2741
f 2745 2743 2741
f 2745 2741 272
f 272 378 2745
f 2744 2743 2745
f 2759 384 2742
f 335 2759 2742
f 335 2742 2743
f 2744 335 2743
f 2744 2745 334
f 339 334 2745
f 339 2745 378
f 339 378 274
f 338 275 1271
f 338 274 275
f 339 338 334
f 1273 1425 335
f 333 338 1427
f 331 1427 338
f 331 338 1271
f 331 1271 330
f 330 1271 1267
f 330 1267 1269
f 1269 1267 328
f 292 1269 328
f 336 326 329
f 296 336 325
f 296 325 1202
f 1175 297 1202
f 1175 1202 280
f 298 942 283
f 298 940 351
f 940 300 351
f 368 300 940
f 368 392 301
f 313 368 301
f 313 301 314
f 1196 315 1176
f 1196 1176 302
f 303 933 1177
f 303 287 366
f 303 366 290
f 290 933 303
f 302 1177 349
f 1177 933 360
f 1177 360 304
f 349 304 305
f 304 360 1178
f 305 348 317
f 348 358 306
f 1194 317 306
f 1194 306 1179
f 337 1194 1179
f 337 1179 347
f 1179 945 347
f 323 337 347
f 347 356 308
f 322 323 309
f 322 309 1181
f 322 1181 321
f 2796 2815 1183
f 1183 311 345
f 312 300 313
f 341 314 315
f 1196 341 315
f 302 349 1196
f 317 318 316
f 327 342 1194
f 327 1194 337
f 318 2800 319
f 316 318 319
f 320 1198 1197
f 320 1197 319
f 319 1197 341
f 1198 345 1185
f 1198 1185 1197
f 1183 345 1198
f 340 320 2797
f 2797 320 319
f 2797 319 2800
f 2798 327 337
f 2798 337 323
f 2798 323 322
f 2799 322 321
f 340 2796 320
f 320 2796 1183
f 320 1183 1198
f 1197 1185 344
f 1197 344 341
f 319 341 343
f 319 343 316
f 342 318 317
f 1194 342 317
f 305 317 316
f 316 343 305
f 349 305 343
f 1196 349 343
f 1196 343 341
f 344 313 314
f 344 314 341
f 1185 313 344
f 345 312 313
f 345 313 1185
f 345 311 312
f 2815 310 311
f 2815 311 1183
f 1181 346 310
f 1181 309 346
f 309 323 308
f 323 347 308
f 1179 306 307
f 317 348 306
f 305 1178 348
f 305 304 1178
f 349 1177 304
f 302 350 303
f 302 303 1177
f 302 1176 350
f 315 314 285
f 315 285 1176
f 314 392 284
f 301 392 314
f 298 351 311
f 354 298 311
f 354 1174 299
f 2814 346 1175
f 2814 1175 299
f 346 297 1175
f 308 296 297
f 308 356 296
f 356 945 336
f 356 336 296
f 307 358 294
f 307 294 295
f 348 944 358
f 1178 293 944
f 360 292 293
f 360 291 292
f 290 362 291
f 934 362 366
f 289 934 366
f 289 366 288
f 350 936 287
f 350 1176 285
f 350 285 936
f 368 940 392
f 942 377 283
f 942 281 282
f 942 282 377
f 281 1204 370
f 1204 280 1417
f 280 372 375
f 1202 372 280
f 372 325 279
f 329 326 278
f 329 278 1415
f 326 1206 374
f 326 374 278
f 328 1267 276
f 276 376 277
f 378 273 275
f 272 380 271
f 272 271 273
f 2740 258 271
f 270 266 386
f 270 386 2740
f 270 382 266
f 268 267 266
f 268 266 382
f 2742 384 268
f 267 384 388
f 267 264 265
f 267 265 266
f 266 265 262
f 266 262 386
f 265 114 262
f 265 263 114
f 264 263 265
f 388 264 267
f 261 258 259
f 259 393 260
f 259 260 261
f 386 390 393
f 386 393 259
f 257 254 256
f 256 254 396
f 256 396 376
f 376 396 102
f 254 253 255
f 394 1168 253
f 398 1168 394
f 398 252 1168
f 260 117 1169
f 260 1169 251
f 400 251 99
f 251 113 946
f 251 946 99
f 932 121 937
f 937 121 143
f 112 143 121
f 2784 939 112
f 176 2764 2784
f 127 941 492
f 134 212 174
f 176 212 134
f 2766 138 170
f 214 2767 140
f 142 2767 2781
f 142 2781 250
f 250 144 40
f 146 1147 179
f 146 179 2768
f 2780 146 2769
f 2780 2769 168
f 166 2770 146
f 166 146 2780
f 166 2779 2770
f 39 2778 38
f 203 2771 1493
f 160 2771 432
f 432 184 160
f 160 150 181
f 2777 158 2772
f 2777 2772 150
f 2775 2790 152
f 2775 152 158
f 158 1146 2772
f 2773 187 154
f 2773 154 35
f 2791 2794 2774
f 222 2790 2775
f 222 2775 158
f 221 222 158
f 221 158 2777
f 203 432 162
f 203 1493 2789
f 164 434 2788
f 182 164 2779
f 2787 166 2780
f 2787 2780 180
f 168 180 2780
f 168 2769 144
f 168 144 250
f 168 250 178
f 250 2781 178
f 249 2781 2767
f 438 249 214
f 170 226 2783
f 209 172 213
f 440 428 2765
f 440 2765 2785
f 2785 2765 2782
f 2785 2782 212
f 211 176 2784
f 438 214 223
f 2786 178 438
f 215 180 2786
f 216 436 180
f 216 180 215
f 2787 182 2779
f 2787 2779 166
f 436 218 182
f 2776 184 432
f 206 221 2777
f 206 2777 2776
f 199 186 222
f 199 222 200
f 186 199 187
f 199 196 187
f 196 2794 2791
f 196 2791 187
f 2794 194 2774
f 238 367 194
f 234 418 196
f 206 420 221
f 119 964 202
f 202 2776 220
f 205 103 220
f 232 361 414
f 232 203 219
f 232 219 1129
f 448 1128 434
f 217 448 434
f 229 450 424
f 446 204 217
f 2803 215 207
f 430 223 208
f 226 404 224
f 244 209 227
f 1393 227 426
f 408 426 225
f 408 225 210
f 245 210 442
f 245 442 211
f 246 245 211
f 246 2784 1441
f 1441 2784 112
f 248 243 208
f 207 430 228
f 242 402 230
f 240 239 232
f 361 232 239
f 202 220 103
f 964 233 420
f 964 420 206
f 416 365 234
f 416 234 237
f 237 420 233
f 234 365 418
f 365 963 418
f 367 104 194
f 369 1411 235
f 369 235 2793
f 242 230 410
f 243 410 228
f 248 247 108
f 244 1393 383
f 406 244 960
f 244 383 960
f 2735 110 245
f 1393 244 227
f 248 208 247
f 230 228 410
f 2735 245 246
f 962 247 404
f 959 241 402
f 959 402 242
f 109 231 241
f 109 241 959
f 109 413 231
f 413 965 240
f 965 239 240
f 361 103 414
f 416 237 233
f 963 1409 238
f 1409 367 238
f 1411 371 235
f 235 371 236
f 104 369 194
f 963 238 418
f 1403 119 202
f 103 1403 202
f 414 103 205
f 240 232 1129
f 413 240 1129
f 231 413 1129
f 231 1129 1128
f 231 1128 422
f 231 422 241
f 241 422 229
f 241 229 402
f 402 229 424
f 402 2802 230
f 230 2802 2804
f 230 2804 207
f 230 207 228
f 243 228 430
f 243 430 208
f 247 208 444
f 404 247 444
f 406 404 226
f 1393 426 408
f 110 408 210
f 110 210 245
f 246 211 2784
f 211 442 176
f 209 213 227
f 223 214 444
f 438 223 430
f 430 2786 438
f 227 213 428
f 426 227 428
f 426 428 440
f 426 440 225
f 210 212 442
f 225 212 210
f 224 444 214
f 223 444 208
f 215 430 207
f 215 2786 430
f 2803 216 215
f 446 217 216
f 2794 238 194
f 194 2793 190
f 420 200 222
f 420 222 221
f 220 2776 432
f 203 220 432
f 219 203 2789
f 1129 219 2788
f 1128 1129 2788
f 434 1128 2788
f 217 434 218
f 217 218 436
f 217 436 216
f 440 2785 225
f 225 2785 212
f 406 209 244
f 404 444 224
f 2803 207 2804
f 450 204 446
f 229 217 204
f 229 204 450
f 229 448 217
f 422 1128 448
f 422 448 229
f 414 203 232
f 414 205 203
f 220 203 205
f 202 964 2776
f 964 206 2776
f 237 234 200
f 237 200 420
f 234 196 199
f 234 199 200
f 196 418 2794
f 418 238 2794
f 194 369 2793
f 972 982 2792
f 2792 14 131
f 186 187 2790
f 186 2790 222
f 2788 219 2778
f 218 434 164
f 182 218 164
f 180 436 182
f 180 182 2787
f 2786 180 168
f 2786 168 178
f 438 178 2781
f 226 224 140
f 406 226 170
f 209 406 170
f 442 212 176
f 249 2767 214
f 140 139 2783
f 170 2783 2766
f 170 138 209
f 209 138 172
f 213 172 428
f 212 2782 174
f 226 140 2783
f 224 214 140
f 2781 249 438
f 2788 2778 164
f 219 2789 1493
f 184 2776 160
f 2776 2777 150
f 2776 150 160
f 2791 2774 156
f 2791 156 187
f 2774 194 190
f 187 156 154
f 2790 187 2773
f 2790 2773 152
f 162 432 2771
f 162 2771 203
f 219 1493 38
f 219 38 2778
f 164 2778 39
f 164 39 148
f 164 148 2779
f 2770 2779 148
f 2769 146 2768
f 2769 2768 144
f 142 250 40
f 140 2767 139
f 2783 139 2766
f 428 172 42
f 428 42 2765
f 174 2782 136
f 2764 176 134
f 2764 492 941
f 175 130 2761
f 1120 2762 130
f 2762 44 45
f 79 128 943
f 127 143 939
f 2764 941 939
f 939 2784 2764
f 935 81 77
f 97 932 935
f 932 76 935
f 263 112 121
f 263 121 120
f 114 120 97
f 114 97 111
f 116 111 123
f 116 123 931
f 1170 931 96
f 113 930 115
f 113 115 946
f 117 931 1170
f 117 958 1169
f 262 111 116
f 1441 112 264
f 248 108 107
f 248 107 961
f 410 961 1395
f 355 105 959
f 2801 959 410
f 105 1399 965
f 105 965 109
f 1399 106 965
f 106 1401 239
f 1401 361 239
f 363 119 1403
f 363 964 119
f 278 374 233
f 278 233 964
f 233 374 416
f 374 365 416
f 396 255 102
f 253 971 970
f 1168 101 118
f 100 122 101
f 100 99 122
f 99 966 122
f 98 966 946
f 92 115 969
f 930 96 124
f 97 935 111
f 97 120 932
f 77 967 123
f 123 967 931
f 93 125 968
f 93 968 94
f 95 85 133
f 94 95 93
f 124 125 930
f 115 930 125
f 115 125 969
f 92 969 93
f 92 93 95
f 122 129 90
f 122 90 86
f 122 86 101
f 101 86 87
f 101 87 91
f 118 101 91
f 118 91 971
f 970 131 255
f 255 131 88
f 255 192 89
f 970 2792 131
f 971 972 2792
f 85 84 973
f 94 83 84
f 94 135 83
f 968 974 141
f 968 141 135
f 135 141 82
f 83 135 82
f 77 59 976
f 74 145 977
f 974 977 80
f 401 78 977
f 96 967 78
f 976 78 967
f 935 79 81
f 932 937 76
f 77 81 59
f 987 75 59
f 986 74 75
f 159 60 74
f 145 74 60
f 72 61 979
f 72 979 73
f 70 71 147
f 70 147 984
f 145 980 80
f 70 980 71
f 149 70 155
f 149 155 64
f 981 149 64
f 981 64 65
f 981 65 69
f 69 65 68
f 151 66 86
f 86 66 87
f 87 67 91
f 91 67 972
f 972 67 982
f 68 153 151
f 68 983 153
f 64 17 65
f 155 63 17
f 984 62 63
f 157 62 147
f 73 979 985
f 73 985 157
f 61 988 979
f 56 163 61
f 60 56 61
f 57 60 159
f 2762 159 986
f 130 986 987
f 2761 987 59
f 975 978 161
f 978 58 161
f 127 58 937
f 127 937 143
f 161 128 975
f 79 943 81
f 130 987 2761
f 45 57 2762
f 45 2763 57
f 2763 56 57
f 2763 132 56
f 988 163 55
f 988 55 54
f 55 163 165
f 163 132 165
f 132 2763 173
f 132 173 165
f 173 46 55
f 54 989 1443
f 54 55 989
f 8 7 52
f 50 51 9
f 51 1137 12
f 1137 19 11
f 12 1137 11
f 9 51 12
f 50 169 51
f 52 48 169
f 52 49 171
f 52 171 48
f 992 49 53
f 472 46 173
f 45 993 2763
f 161 1511 128
f 470 43 58
f 127 1509 58
f 41 1148 142
f 41 142 40
f 40 144 2768
f 1147 2770 1495
f 2770 148 1495
f 1493 2771 1150
f 150 1146 37
f 2773 183 36
f 2773 35 1145
f 2773 1145 183
f 190 235 34
f 235 1489 34
f 3 1487 449
f 1136 185 445
f 1 1483 185
f 1144 1483 1
f 13 32 16
f 990 1143 188
f 990 31 1143
f 19 30 31
f 19 189 30
f 20 28 189
f 197 2573 1138
f 22 191 2573
f 1139 29 191
f 1142 1141 29
f 27 24 1140
f 26 27 1140
f 409 26 1140
f 25 409 1140
f 25 1140 24
f 195 25 24
f 195 24 1142
f 195 1142 1139
f 195 1139 23
f 23 1139 22
f 197 1138 21
f 21 1138 20
f 20 189 1137
f 1137 189 19
f 88 3 449
f 88 449 1135
f 89 1135 236
f 131 14 3
f 2792 982 14
f 153 2575 1144
f 983 1134 2575
f 2 1133 18
f 1133 11 990
f 4 11 1133
f 5 12 11
f 1132 9 12
f 10 1132 6
f 10 7 8
f 985 15 1130
f 985 1130 6
f 1131 6 1132
f 1131 1132 5
f 1131 5 201
f 201 5 4
f 201 4 198
f 65 1134 983
f 151 153 1
f 151 1 66
f 66 1136 87
f 87 1136 67
f 131 3 88