v -0.403063 -0.363255 -0.253736
v -0.334588 -0.380464 -0.333064
v -0.378834 -0.338346 -0.355949
v -0.393521 -0.346768 -0.311212
v -0.457265 -0.295231 -0.242877
v -0.441914 -0.311423 -0.263143
v -0.429840 -0.323429 -0.272396
v -0.459806 -0.285470 -0.257647
v -0.432733 -0.292709 -0.317764
v -0.408863 -0.297049 -0.366864
v -0.388855 -0.316223 -0.377879
v -0.363949 -0.376342 -0.298355
v -0.400060 -0.320732 -0.347083
v -0.358262 -0.354385 -0.356424
v -0.416751 -0.322647 -0.306214
v -0.368515 -0.321770 -0.403978
v -0.439366 -0.322152 -0.248758
v -0.454718 -0.277427 -0.284716
v -0.391750 -0.296596 -0.404201
v -0.450454 -0.256089 -0.325271
v -0.438999 -0.269605 -0.336623
v -0.425889 -0.273573 -0.363012
v -0.379147 -0.301194 -0.420979
v -0.421027 -0.351513 -0.228827
v -0.401991 -0.372490 -0.229441
v -0.405544 -0.369009 -0.226488
v -0.418222 -0.355230 -0.231104
v -0.451095 -0.303212 -0.240721
v -0.391712 -0.369180 -0.264728
v -0.451099 -0.219697 -0.301386
v -0.444642 -0.259764 -0.277263
v -0.459073 -0.221952 -0.295786
v -0.474481 -0.240018 -0.274665
v -0.470536 -0.241323 -0.262415
v -0.469412 -0.229192 -0.275951
v -0.472209 -0.233464 -0.267884
v -0.460433 -0.226130 -0.327578
v -0.464072 -0.241796 -0.304732
v -0.471064 -0.232075 -0.290108
v -0.461498 -0.274285 -0.250076
v -0.467719 -0.273560 -0.247395
v -0.458385 -0.231925 -0.281044
v -0.470948 -0.252721 -0.254495
v -0.461318 -0.258653 -0.260162
v -0.469507 -0.264862 -0.249190
v -0.449620 -0.230685 -0.359759
v -0.446841 -0.245090 -0.349818
v -0.426972 -0.256209 -0.387240
v -0.399453 -0.267413 -0.433290
v -0.386427 -0.276828 -0.444994
v -0.368582 -0.275573 -0.477466
v -0.325488 -0.348527 -0.414605
v -0.382809 -0.379328 -0.257440
v -0.412992 -0.358897 -0.227302
v -0.397588 -0.374514 -0.225787
v -0.387132 -0.383425 -0.235758
v -0.472005 -0.251296 -0.270776
v -0.469832 -0.264095 -0.260107
v -0.385834 -0.385999 -0.226468
v -0.428508 -0.338587 -0.231709
v -0.440010 -0.299926 -0.253199
v -0.465407 -0.263863 -0.274294
v -0.408026 -0.360596 -0.229310
v -0.428170 -0.331674 -0.237694
v -0.431152 -0.236576 -0.303454
v -0.412330 -0.262606 -0.306440
v -0.448516 -0.235698 -0.287691
v -0.448521 -0.222324 -0.298238
v -0.407281 -0.277065 -0.401207
v -0.430994 -0.237819 -0.416402
v -0.399967 -0.372084 -0.237802
v -0.365165 -0.300820 -0.444440
v -0.378974 -0.367257 -0.294095
v -0.342430 -0.319442 -0.445962
v -0.290238 -0.373405 -0.407416
v -0.346087 -0.390500 -0.291904
v -0.416827 -0.349593 -0.251335
v -0.434021 -0.334170 -0.235714
v -0.416644 -0.354915 -0.238254
v -0.453497 -0.302012 -0.245185
v -0.363341 -0.401041 -0.232265
v -0.345842 -0.401571 -0.263219
v -0.404937 -0.355191 -0.237281
v -0.398400 -0.343518 -0.255444
v -0.423914 -0.219546 -0.319088
v -0.441591 -0.212912 -0.324081
v -0.449928 -0.214628 -0.355285
v -0.435949 -0.208898 -0.353816
v -0.473291 -0.257627 -0.251877
v -0.432312 -0.204189 -0.391425
v -0.474995 -0.251624 -0.258186
v -0.456088 -0.242794 -0.326483
v -0.425595 -0.194722 -0.435849
v -0.441695 -0.208203 -0.399382
v -0.444647 -0.213807 -0.391381
v -0.451073 -0.219638 -0.363706
v -0.455379 -0.229828 -0.342166
v -0.458160 -0.221457 -0.333755
v -0.435888 -0.229712 -0.433810
v -0.430099 -0.227035 -0.448064
v -0.438330 -0.224087 -0.438640
v -0.433449 -0.257467 -0.368284
v -0.443150 -0.219419 -0.434273
v -0.441945 -0.224602 -0.430614
v -0.438483 -0.229957 -0.425523
v -0.443891 -0.224181 -0.424980
v -0.409417 -0.244905 -0.449279
v -0.348135 -0.406476 -0.244856
v -0.351082 -0.278519 -0.498819
v -0.403098 -0.254473 -0.445832
v -0.368688 -0.254205 -0.506086
v -0.354877 -0.368060 -0.269504
v -0.360200 -0.403243 -0.227534
v -0.379787 -0.388592 -0.226233
v -0.375948 -0.377056 -0.241325
v -0.439299 -0.325962 -0.235036
v -0.421710 -0.207030 -0.333209
v -0.461254 -0.221832 -0.302441
v -0.454655 -0.217804 -0.333165
v -0.475016 -0.232351 -0.273917
v -0.475587 -0.245013 -0.256626
v -0.476267 -0.234189 -0.265608
v -0.468342 -0.227659 -0.297939
v -0.448087 -0.214256 -0.372831
v -0.446287 -0.223641 -0.379233
v -0.445203 -0.233377 -0.371199
v -0.476588 -0.237931 -0.260618
v -0.470988 -0.228648 -0.278319
v -0.469667 -0.227304 -0.289288
v -0.439436 -0.241851 -0.376512
v -0.423697 -0.252974 -0.401643
v -0.351042 -0.294497 -0.474899
v -0.415510 -0.254192 -0.419924
v -0.411466 -0.264924 -0.410837
v -0.372551 -0.389626 -0.249486
v -0.386522 -0.378633 -0.230256
v -0.422589 -0.301501 -0.270042
v -0.395273 -0.192352 -0.371375
v -0.408078 -0.195887 -0.387861
v -0.417367 -0.285743 -0.287213
v -0.408930 -0.186713 -0.455363
v -0.441719 -0.209860 -0.416610
v -0.442068 -0.223993 -0.418330
v -0.438959 -0.229061 -0.419254
v -0.444143 -0.222846 -0.421681
v -0.445104 -0.211619 -0.425689
v -0.445805 -0.217182 -0.430392
v -0.446344 -0.209867 -0.434943
v -0.439798 -0.205033 -0.418430
v -0.435920 -0.200287 -0.425489
v -0.442097 -0.210071 -0.406240
v -0.426575 -0.233117 -0.442575
v -0.435347 -0.219220 -0.449054
v -0.438518 -0.212263 -0.449241
v -0.430397 -0.236372 -0.426079
v -0.427623 -0.244440 -0.408633
v -0.433263 -0.242601 -0.394785
v -0.443899 -0.218517 -0.394382
v -0.441064 -0.229344 -0.392702
v -0.436218 -0.234156 -0.404012
v -0.417838 -0.246582 -0.429709
v -0.443214 -0.214983 -0.438057
v -0.432537 -0.210332 -0.461415
v -0.349157 -0.408811 -0.234883
v -0.424627 -0.221415 -0.462679
v -0.374287 -0.394201 -0.230657
v -0.419113 -0.239584 -0.441798
v -0.394912 -0.233914 -0.486741
v -0.395679 -0.245481 -0.471550
v -0.333953 -0.272047 -0.530154
v -0.383498 -0.249980 -0.486412
v -0.345655 -0.403138 -0.236348
v -0.319474 -0.289615 -0.522519
v -0.283773 -0.357735 -0.447619
v -0.408757 -0.177192 -0.499419
v -0.385909 -0.256496 -0.330683
v -0.400229 -0.208186 -0.343163
v -0.390542 -0.193440 -0.363144
v -0.372363 -0.183001 -0.385825
v -0.380296 -0.182211 -0.418257
v -0.399265 -0.174738 -0.516865
v -0.384045 -0.164913 -0.538643
v -0.442641 -0.213568 -0.417961
v -0.442388 -0.196916 -0.444386
v -0.444888 -0.203800 -0.434660
v -0.445466 -0.200072 -0.440214
v -0.446011 -0.203052 -0.439330
v -0.437940 -0.188625 -0.460585
v -0.443329 -0.205132 -0.444486
v -0.438450 -0.205543 -0.453947
v -0.313926 -0.425303 -0.239673
v -0.330830 -0.418169 -0.232141
v -0.382114 -0.201970 -0.358117
v -0.380665 -0.213135 -0.353620
v -0.390758 -0.197502 -0.356880
v -0.355206 -0.169692 -0.455291
v -0.363516 -0.183851 -0.384849
v -0.372720 -0.185750 -0.377789
v -0.370975 -0.189508 -0.373843
v -0.405393 -0.180370 -0.509666
v -0.404178 -0.224842 -0.331789
v -0.412126 -0.206216 -0.337727
v -0.420954 -0.204684 -0.341501
v -0.421447 -0.203116 -0.360246
v -0.412455 -0.194016 -0.417915
v -0.441884 -0.220133 -0.411913
v -0.441197 -0.202633 -0.434062
v -0.438757 -0.193419 -0.450493
v -0.442539 -0.215655 -0.407294
v -0.440936 -0.195905 -0.453987
v -0.439121 -0.227525 -0.411752
v -0.445541 -0.218035 -0.422476
v -0.447571 -0.213815 -0.427813
v -0.402226 -0.215767 -0.495116
v -0.421169 -0.213736 -0.475011
v -0.379942 -0.210847 -0.530802
v -0.386083 -0.222675 -0.511412
v -0.393117 -0.208286 -0.512806
v -0.392246 -0.218125 -0.506217
v -0.302375 -0.429659 -0.238497
v -0.307173 -0.425656 -0.250459
v -0.284151 -0.424951 -0.285566
v -0.406206 -0.238737 -0.463879
v -0.240072 -0.371281 -0.466941
v -0.254151 -0.421942 -0.330881
v -0.317490 -0.417363 -0.239706
v -0.350849 -0.257185 -0.355829
v -0.373285 -0.243478 -0.345944
v -0.320741 -0.390481 -0.271386
v -0.354259 -0.259802 -0.520629
v -0.365654 -0.221521 -0.361512
v -0.357955 -0.194515 -0.382987
v -0.342440 -0.180139 -0.420800
v -0.360524 -0.208170 -0.372363
v -0.366450 -0.178101 -0.402786
v -0.364652 -0.397740 -0.228061
v -0.349609 -0.337281 -0.301638
v -0.312670 -0.418173 -0.266632
v -0.359153 -0.178494 -0.398388
v -0.356721 -0.182609 -0.394014
v -0.380660 -0.183913 -0.397159
v -0.367079 -0.167708 -0.495230
v -0.377418 -0.160327 -0.539862
v -0.438964 -0.201819 -0.430178
v -0.391066 -0.182053 -0.528483
v -0.435960 -0.196501 -0.441562
v -0.430328 -0.193996 -0.444263
v -0.386616 -0.201058 -0.526495
v -0.395247 -0.196988 -0.516972
v -0.399305 -0.174211 -0.502224
v -0.351232 -0.236842 -0.557382
v -0.240097 -0.408258 -0.383166
v -0.276569 -0.437904 -0.246170
v -0.442154 -0.193481 -0.450956
v -0.359768 -0.233871 -0.547726
v -0.368961 -0.203922 -0.559453
v -0.366620 -0.224299 -0.546955
v -0.447371 -0.207370 -0.432381
v -0.371187 -0.219168 -0.541109
v -0.376421 -0.199790 -0.543542
v -0.443394 -0.210336 -0.441154
v -0.380929 -0.189945 -0.540379
v -0.278559 -0.393970 -0.374611
v -0.344133 -0.247169 -0.551871
v -0.359202 -0.244745 -0.533471
v -0.404224 -0.227131 -0.481126
v -0.414746 -0.233200 -0.459292
v -0.417472 -0.226501 -0.465059
v -0.427892 -0.215380 -0.464548
v -0.438263 -0.198982 -0.458065
v -0.370076 -0.240140 -0.520902
v -0.390239 -0.167262 -0.526142
v -0.364574 -0.152846 -0.567930
v -0.287391 -0.406823 -0.331890
v -0.378521 -0.175204 -0.548371
v -0.332042 -0.417416 -0.236590
v -0.348544 -0.407661 -0.229196
v -0.336741 -0.413843 -0.230646
v -0.365271 -0.191081 -0.571720
v -0.372527 -0.187204 -0.555143
v -0.384202 -0.299378 -0.305479
v -0.368496 -0.193933 -0.561823
v -0.365877 -0.193744 -0.574400
v -0.344603 -0.233332 -0.571569
v -0.331011 -0.255542 -0.556345
v -0.313637 -0.264040 -0.564516
v -0.368372 -0.198081 -0.369752
v -0.287285 -0.282271 -0.567824
v -0.306259 -0.247898 -0.593109
v -0.383653 -0.169712 -0.540868
v -0.396374 -0.179719 -0.521602
v -0.301019 -0.235171 -0.613631
v -0.437924 -0.189196 -0.462025
v -0.433589 -0.190505 -0.457340
v -0.424828 -0.183581 -0.478080
v -0.414765 -0.180259 -0.496415
v -0.434087 -0.205622 -0.462043
v -0.429567 -0.201054 -0.472733
v -0.308714 -0.287345 -0.379028
v -0.425502 -0.204395 -0.476837
v -0.260604 -0.430615 -0.261257
v -0.312843 -0.308641 -0.348867
v -0.314631 -0.227292 -0.437365
v -0.347106 -0.171644 -0.426603
v -0.334008 -0.164503 -0.456652
v -0.311954 -0.149675 -0.508503
v -0.304609 -0.149039 -0.510754
v -0.317628 -0.124044 -0.624099
v -0.411340 -0.218531 -0.481541
v -0.368076 -0.154009 -0.559497
v -0.340460 -0.136921 -0.597677
v -0.352355 -0.144669 -0.586812
v -0.361340 -0.185242 -0.585534
v -0.368045 -0.157814 -0.564925
v -0.367352 -0.185133 -0.565672
v -0.291693 -0.316323 -0.513115
v -0.383762 -0.235383 -0.502562
v -0.366180 -0.232347 -0.537260
v -0.376296 -0.222568 -0.527799
v -0.333002 -0.161691 -0.467798
v -0.310951 -0.171170 -0.480166
v -0.331310 -0.172914 -0.446838
v -0.246106 -0.446416 -0.253492
v -0.250341 -0.445365 -0.256303
v -0.239574 -0.447036 -0.265751
v -0.341530 -0.135902 -0.607240
v -0.355670 -0.163100 -0.589577
v -0.354123 -0.149637 -0.588513
v -0.343479 -0.143211 -0.611372
v -0.350684 -0.187427 -0.399092
v -0.346340 -0.174475 -0.421214
v -0.355867 -0.173999 -0.415555
v -0.376207 -0.176852 -0.456081
v -0.359692 -0.179206 -0.584068
v -0.354786 -0.178784 -0.601181
v -0.363958 -0.168858 -0.573265
v -0.357104 -0.182816 -0.600470
v -0.364979 -0.198120 -0.581376
v -0.367518 -0.200171 -0.571756
v -0.386682 -0.186915 -0.533039
v -0.258361 -0.432588 -0.294276
v -0.292107 -0.428131 -0.244114
v -0.333604 -0.219712 -0.409344
v -0.343040 -0.231932 -0.382162
v -0.348013 -0.203368 -0.393359
v -0.323181 -0.263646 -0.386112
v -0.331132 -0.298128 -0.343416
v -0.327846 -0.275925 -0.365566
v -0.294379 -0.411847 -0.263467
v -0.295421 -0.430624 -0.239953
v -0.319550 -0.421539 -0.234003
v -0.319236 -0.366606 -0.297358
v -0.351512 -0.231430 -0.370428
v -0.321184 -0.152665 -0.504130
v -0.332305 -0.190698 -0.431928
v -0.335748 -0.157498 -0.501199
v -0.361139 -0.185789 -0.591704
v -0.366355 -0.217726 -0.559105
v -0.356992 -0.172406 -0.429209
v -0.361641 -0.212162 -0.576587
v -0.363029 -0.205902 -0.579814
v -0.360981 -0.197063 -0.589293
v -0.357182 -0.204054 -0.589932
v -0.368874 -0.214202 -0.552748
v -0.354898 -0.213080 -0.585186
v -0.338586 -0.225217 -0.589892
v -0.303883 -0.217202 -0.630477
v -0.288181 -0.214029 -0.646625
v -0.259984 -0.245057 -0.638699
v -0.238631 -0.309010 -0.577455
v -0.217911 -0.346708 -0.534649
v -0.181489 -0.449794 -0.319774
v -0.225190 -0.435613 -0.321927
v -0.288390 -0.257831 -0.597876
v -0.265241 -0.310563 -0.549503
v -0.287306 -0.243852 -0.615624
v -0.221918 -0.452836 -0.262625
v -0.198043 -0.411020 -0.416891
v -0.210191 -0.453102 -0.277884
v -0.201966 -0.433952 -0.289555
v -0.250026 -0.440272 -0.255408
v -0.275099 -0.436293 -0.259785
v -0.268405 -0.438177 -0.248140
v -0.231317 -0.369747 -0.343243
v -0.296004 -0.315035 -0.357213
v -0.281765 -0.341067 -0.341289
v -0.295682 -0.306638 -0.369296
v -0.301024 -0.243227 -0.444925
v -0.290433 -0.169841 -0.511571
v -0.289489 -0.156175 -0.520424
v -0.298072 -0.122730 -0.618837
v -0.271168 -0.131120 -0.565211
v -0.294179 -0.136339 -0.557169
v -0.347604 -0.163025 -0.607361
v -0.352860 -0.181980 -0.607469
v -0.343126 -0.176185 -0.620027
v -0.353539 -0.169908 -0.596068
v -0.349025 -0.176490 -0.611784
v -0.356675 -0.190318 -0.599365
v -0.356208 -0.196147 -0.596820
v -0.358791 -0.188230 -0.596929
v -0.349835 -0.187966 -0.609532
v -0.329801 -0.223374 -0.600948
v -0.350634 -0.208863 -0.594326
v -0.270300 -0.197397 -0.675846
v -0.323699 -0.214439 -0.616087
v -0.292317 -0.199852 -0.655569
v -0.324523 -0.244971 -0.403856
v -0.283615 -0.135056 -0.552640
v -0.358304 -0.151339 -0.559885
v -0.209873 -0.456070 -0.259638
v -0.274464 -0.210111 -0.661565
v -0.246890 -0.265455 -0.627461
v -0.217825 -0.313742 -0.589457
v -0.223474 -0.361894 -0.355027
v -0.239780 -0.341883 -0.371880
v -0.254868 -0.345682 -0.354326
v -0.286312 -0.330385 -0.348417
v -0.273695 -0.311346 -0.391798
v -0.285020 -0.225632 -0.637853
v -0.326840 -0.243215 -0.578031
v -0.321801 -0.234947 -0.594413
v -0.348126 -0.225545 -0.578667
v -0.368222 -0.208517 -0.563969
v -0.361751 -0.225168 -0.558311
v -0.324353 -0.163408 -0.467433
v -0.315613 -0.165689 -0.477128
v -0.263881 -0.282137 -0.590770
v -0.299719 -0.152528 -0.510277
v -0.281169 -0.145802 -0.538070
v -0.323424 -0.148387 -0.535387
v -0.356966 -0.155900 -0.541053
v -0.295659 -0.133192 -0.576976
v -0.280657 -0.280854 -0.431479
v -0.315090 -0.193835 -0.460374
v -0.343126 -0.172194 -0.618259
v -0.345474 -0.181670 -0.617029
v -0.350511 -0.173080 -0.604724
v -0.341807 -0.192016 -0.616525
v -0.351572 -0.198295 -0.601360
v -0.362199 -0.191087 -0.589882
v -0.350866 -0.183771 -0.609987
v -0.316555 -0.184184 -0.644860
v -0.326263 -0.192886 -0.631075
v -0.364499 -0.191109 -0.583141
v -0.333043 -0.186433 -0.628144
v -0.339568 -0.197853 -0.615179
v -0.329659 -0.170679 -0.635978
v -0.320695 -0.176207 -0.644424
v -0.303675 -0.186023 -0.655663
v -0.366237 -0.212015 -0.568548
v -0.232672 -0.204605 -0.702573
v -0.235037 -0.177865 -0.722699
v -0.358426 -0.217668 -0.575482
v -0.364055 -0.217314 -0.566696
v -0.357473 -0.224472 -0.567600
v -0.367005 -0.205534 -0.572385
v -0.206016 -0.297170 -0.623490
v -0.165853 -0.362882 -0.546277
v -0.183791 -0.462741 -0.266062
v -0.203859 -0.457593 -0.264963
v -0.316563 -0.223995 -0.612484
v -0.138992 -0.451990 -0.348851
v -0.313727 -0.204546 -0.633612
v -0.198804 -0.375391 -0.495990
v -0.266762 -0.226677 -0.652103
v -0.124036 -0.430768 -0.421369
v -0.283417 -0.359166 -0.325558
v -0.272904 -0.325729 -0.366976
v -0.178203 -0.463997 -0.262906
v -0.202904 -0.452858 -0.263653
v -0.333286 -0.128326 -0.629632
v -0.191856 -0.364952 -0.369084
v -0.217789 -0.355283 -0.367309
v -0.250754 -0.296295 -0.445362
v -0.347270 -0.218174 -0.588895
v -0.292909 -0.263120 -0.436101
v -0.257277 -0.308439 -0.417728
v -0.253723 -0.325916 -0.388609
v -0.271377 -0.295262 -0.422680
v -0.296534 -0.197788 -0.487244
v -0.199735 -0.457076 -0.260508
v -0.265523 -0.149600 -0.555739
v -0.285451 -0.211414 -0.494371
v -0.215290 -0.340837 -0.396691
v -0.278324 -0.225620 -0.493311
v -0.320989 -0.135288 -0.592365
v -0.290254 -0.115690 -0.636912
v -0.341766 -0.150238 -0.617292
v -0.329804 -0.124736 -0.627329
v -0.310440 -0.116030 -0.643339
v -0.329080 -0.125855 -0.640118
v -0.327655 -0.201805 -0.623630
v -0.340436 -0.212909 -0.601864
v -0.331863 -0.208709 -0.614127
v -0.344671 -0.203807 -0.605371
v -0.263439 -0.140801 -0.563063
v -0.252722 -0.130814 -0.582988
v -0.330894 -0.124818 -0.630091
v -0.331037 -0.134609 -0.637546
v -0.312156 -0.194746 -0.642411
v -0.336728 -0.154002 -0.626634
v -0.335976 -0.179065 -0.627783
v -0.284597 -0.183137 -0.674304
v -0.042147 -0.485062 -0.273012
v -0.200703 -0.140341 -0.778589
v -0.313547 -0.149248 -0.661092
v -0.215306 -0.055314 -0.763094
v -0.255045 -0.107809 -0.641583
v -0.238259 -0.105747 -0.636057
v -0.248493 -0.193694 -0.697418
v -0.257929 -0.176952 -0.701396
v -0.246794 -0.107790 -0.633974
v -0.232768 -0.107595 -0.631892
v -0.216447 -0.101602 -0.654721
v -0.266982 -0.183959 -0.688695
v -0.274300 -0.159419 -0.697244
v -0.313917 -0.162929 -0.656382
v -0.326043 -0.142375 -0.645261
v -0.304327 -0.104379 -0.670895
v -0.287353 -0.097777 -0.684437
v -0.240474 -0.122901 -0.604144
v -0.297819 -0.108281 -0.660954
v -0.241637 -0.227799 -0.673023
v -0.282031 -0.086483 -0.707367
v -0.318786 -0.113458 -0.653491
v -0.322016 -0.116947 -0.651818
v -0.307332 -0.104220 -0.674536
v -0.326534 -0.158955 -0.641563
v -0.256920 -0.143829 -0.721599
v -0.233683 -0.112878 -0.622647
v -0.249800 -0.117325 -0.603670
v -0.258940 -0.174107 -0.553293
v -0.180497 -0.389437 -0.346441
v -0.192760 -0.326028 -0.447658
v -0.193808 -0.161297 -0.774677
v -0.175274 -0.209584 -0.754410
v -0.185731 -0.207564 -0.747412
v -0.179368 -0.170185 -0.778527
v -0.139278 -0.472525 -0.265724
v -0.134469 -0.471441 -0.266282
v -0.112724 -0.475926 -0.267823
v -0.216029 -0.214587 -0.709441
v -0.201996 -0.176108 -0.759539
v -0.210941 -0.205278 -0.724024
v -0.233213 -0.252396 -0.654952
v -0.260207 -0.101125 -0.738321
v -0.208623 -0.177804 -0.751846
v -0.192029 -0.182555 -0.763218
v -0.159633 -0.193308 -0.777104
v -0.175518 -0.197668 -0.764397
v -0.160298 -0.225228 -0.750496
v -0.163569 -0.207899 -0.764330
v -0.183456 -0.284390 -0.658321
v -0.174067 -0.267573 -0.688496
v -0.161979 -0.358967 -0.401279
v -0.219687 -0.297285 -0.474614
v -0.247499 -0.145956 -0.581784
v -0.267852 -0.249887 -0.484420
v -0.249128 -0.208301 -0.544349
v -0.227198 -0.101176 -0.648382
v -0.215814 -0.094444 -0.666348
v -0.210829 -0.085259 -0.686958
v -0.169152 -0.464394 -0.263450
v -0.196062 -0.085260 -0.690600
v -0.160289 -0.424863 -0.318590
v -0.193301 -0.074877 -0.707445
v -0.193661 -0.070430 -0.717692
v -0.242899 -0.121808 -0.750587
v -0.283132 -0.093763 -0.712384
v -0.286397 -0.088777 -0.704224
v -0.248771 -0.074662 -0.728580
v -0.148784 -0.209646 -0.771316
v -0.148406 -0.223484 -0.759297
v -0.160122 -0.150652 -0.792071
v -0.143985 -0.189424 -0.785428
v -0.191124 -0.131969 -0.785026
v -0.069444 -0.474888 -0.312765
v -0.231907 -0.120345 -0.763500
v -0.216510 -0.131405 -0.772027
v 0.017858 -0.486882 -0.274572
v -0.278957 -0.242168 -0.477785
v 0.018626 -0.482917 -0.279622
v -0.220578 -0.284100 -0.493385
v -0.135643 -0.344379 -0.453945
v -0.135353 -0.360660 -0.415928
v -0.028588 -0.477275 -0.283851
v -0.126849 -0.370835 -0.395553
v -0.206072 -0.123892 -0.654477
v -0.248775 -0.244266 -0.512450
v -0.235314 -0.168255 -0.588170
v -0.267729 -0.081916 -0.734958
v -0.260214 -0.082678 -0.744599
v -0.253134 -0.067660 -0.742789
v -0.183282 -0.045932 -0.772868
v -0.178296 -0.060477 -0.737164
v -0.169976 -0.049451 -0.759464
v -0.110134 -0.353816 -0.448546
v -0.132881 -0.374098 -0.384977
v -0.096195 -0.385233 -0.379992
v -0.154406 -0.402318 -0.343536
v 0.052630 -0.486753 -0.285602
v 0.040452 -0.488213 -0.274035
v -0.151510 -0.304978 -0.517089
v -0.171642 -0.292899 -0.521952
v -0.272797 -0.136000 -0.556442
v -0.322385 -0.119553 -0.637040
v -0.271251 -0.119826 -0.608141
v -0.252082 -0.124283 -0.589912
v -0.256890 -0.066950 -0.747959
v -0.244123 -0.061556 -0.757720
v -0.269415 -0.104090 -0.663400
v -0.227203 -0.056490 -0.764426
v -0.246720 -0.064004 -0.758720
v -0.241799 -0.067398 -0.763881
v -0.226337 -0.061818 -0.773118
v -0.133166 -0.033657 -0.783951
v -0.164933 -0.072647 -0.733176
v -0.151188 -0.040546 -0.773082
v -0.158941 -0.032556 -0.795363
v -0.166553 -0.054926 -0.749012
v -0.152183 -0.033799 -0.785100
v -0.163190 -0.034819 -0.789147
v -0.132307 -0.228224 -0.761963
v -0.126499 -0.290215 -0.689962
v -0.155363 -0.282135 -0.683307
v -0.159814 -0.293572 -0.663303
v -0.006884 -0.485662 -0.287997
v 0.033979 -0.487319 -0.284840
v 0.052536 -0.485529 -0.275808
v 0.037186 -0.477421 -0.325988
v 0.051335 -0.482582 -0.304102
v 0.052430 -0.488257 -0.276891
v -0.180817 -0.142848 -0.676200
v -0.182091 -0.110603 -0.692952
v -0.053270 -0.480461 -0.274906
v -0.108697 -0.437959 -0.320191
v -0.160568 -0.113065 -0.717786
v -0.154861 -0.387492 -0.357525
v -0.150388 -0.374976 -0.374852
v -0.140790 -0.079064 -0.759638
v -0.130394 -0.077722 -0.769034
v -0.135868 -0.096800 -0.755115
v -0.120066 -0.020754 -0.799867
v -0.133029 -0.025118 -0.804592
v -0.135239 -0.025102 -0.796960
v -0.141788 -0.030662 -0.787281
v -0.193224 -0.045113 -0.779855
v -0.180657 -0.045661 -0.793744
v -0.127375 -0.031971 -0.810053
v -0.148614 -0.034168 -0.803629
v -0.120493 -0.256116 -0.736169
v -0.240551 -0.089480 -0.763684
v -0.117715 -0.197790 -0.788712
v -0.194154 -0.092963 -0.686547
v -0.196082 -0.056797 -0.753698
v -0.142904 -0.111630 -0.738910
v -0.123953 -0.093674 -0.765993
v -0.162824 -0.196266 -0.773589
v -0.156643 -0.240084 -0.737123
v -0.168071 -0.321378 -0.616749
v -0.105088 -0.418363 -0.464207
v -0.037353 -0.485655 -0.276192
v -0.019907 -0.486110 -0.274103
v -0.120366 -0.023333 -0.796026
v -0.006373 -0.484443 -0.275877
v -0.111897 -0.022370 -0.798780
v 0.008515 -0.487760 -0.275376
v -0.176729 -0.076599 -0.716485
v -0.197324 -0.081944 -0.694198
v -0.199130 -0.104757 -0.673609
v -0.143764 -0.338168 -0.605237
v -0.112899 -0.278896 -0.710985
v -0.272324 -0.079106 -0.728096
v -0.099362 -0.259538 -0.738327
v -0.146522 -0.239289 -0.743939
v -0.111634 -0.229061 -0.767714
v -0.129726 -0.261335 -0.726378
v -0.146066 -0.046257 -0.769505
v -0.165294 -0.059262 -0.743397
v -0.080336 -0.398991 -0.366932
v -0.181217 -0.073184 -0.715059
v -0.072629 -0.393489 -0.375037
v -0.154722 -0.063597 -0.751518
v -0.099653 -0.371851 -0.408339
v -0.067446 -0.360439 -0.456145
v -0.013588 -0.486743 -0.279396
v -0.140984 -0.259326 -0.723431
v -0.143597 -0.270474 -0.707748
v -0.177621 -0.065716 -0.727081
v -0.152601 -0.269297 -0.703582
v -0.021864 -0.482780 -0.297606
v 0.016082 -0.487873 -0.279956
v -0.230892 -0.268720 -0.503688
v -0.242328 -0.258700 -0.503949
v -0.182945 -0.167578 -0.655042
v -0.161574 -0.141548 -0.697960
v -0.156181 -0.083053 -0.739401
v -0.205817 -0.190654 -0.609646
v -0.182060 -0.188259 -0.637352
v -0.203501 -0.153131 -0.641770
v -0.230501 -0.216472 -0.558910
v -0.222814 -0.163171 -0.608908
v -0.220278 -0.188442 -0.594504
v -0.171879 -0.087410 -0.716447
v -0.133574 -0.139313 -0.802482
v -0.102389 -0.192101 -0.794191
v -0.251043 -0.064260 -0.754235
v -0.094131 -0.299963 -0.688650
v -0.068451 -0.412041 -0.356962
v -0.253177 -0.067889 -0.754167
v -0.050238 -0.392166 -0.382972
v -0.244932 -0.094243 -0.758719
v -0.244829 -0.077278 -0.761494
v -0.138806 -0.201653 -0.780841
v -0.065053 -0.378597 -0.408338
v -0.037260 -0.381415 -0.414830
v -0.152445 -0.314832 -0.636977
v -0.035271 -0.373337 -0.439756
v 0.028407 -0.484645 -0.297285
v 0.004398 -0.477605 -0.323899
v -0.055090 -0.455809 -0.385116
v -0.128669 -0.385057 -0.525755
v 0.038657 -0.472440 -0.297396
v -0.054022 -0.458908 -0.306477
v -0.133468 -0.382631 -0.370556
v -0.079194 -0.307229 -0.681864
v -0.204433 -0.261036 -0.537857
v -0.119608 -0.339460 -0.617137
v -0.220881 -0.237181 -0.548908
v -0.051981 -0.425572 -0.469750
v 0.024106 -0.455536 -0.399867
v -0.205913 -0.211365 -0.590061
v -0.034954 -0.335301 -0.533253
v -0.054253 -0.388309 -0.388982
v -0.148050 -0.091308 -0.745468
v -0.036156 -0.359217 -0.477108
v -0.116270 -0.145835 -0.735029
v -0.143584 -0.257292 -0.592067
v -0.140202 -0.056274 -0.769013
v -0.118914 -0.231168 -0.643494
v -0.127067 -0.055810 -0.778988
v -0.120229 -0.019800 -0.804309
v -0.073731 -0.030269 -0.812496
v -0.119233 -0.120578 -0.752405
v -0.095480 -0.116862 -0.767031
v -0.098685 -0.121614 -0.813112
v -0.086552 -0.019851 -0.811788
v -0.089425 -0.018742 -0.813418
v 0.073460 -0.486787 -0.272928
v -0.040352 -0.467231 -0.352218
v -0.018819 -0.445847 -0.424371
v -0.096295 -0.379849 -0.553385
v -0.105732 -0.326890 -0.645126
v -0.122966 -0.281946 -0.703052
v -0.140056 -0.286929 -0.687021
v -0.136873 -0.305923 -0.660651
v -0.083172 -0.437849 -0.425499
v -0.048194 -0.240783 -0.765618
v -0.066424 -0.379963 -0.564750
v -0.174950 -0.267397 -0.555368
v -0.171590 -0.219701 -0.614783
v -0.125155 -0.316955 -0.513526
v 0.076529 -0.484555 -0.276438
v -0.085062 -0.367899 -0.427045
v -0.119936 -0.073659 -0.777772
v 0.000515 -0.384550 -0.429780
v -0.032363 -0.399672 -0.375857
v -0.021019 -0.353955 -0.499469
v -0.113338 -0.026840 -0.795800
v -0.148382 -0.051440 -0.806350
v -0.102495 -0.021854 -0.813367
v -0.108937 -0.017615 -0.809055
v -0.106068 -0.016782 -0.805898
v -0.080124 -0.111351 -0.776206
v -0.085380 -0.088221 -0.787373
v -0.115595 -0.022839 -0.810453
v -0.068325 -0.046129 -0.809638
v -0.113148 -0.040932 -0.814467
v -0.065381 -0.317694 -0.548034
v -0.169817 -0.049541 -0.799051
v -0.118992 -0.263338 -0.600629
v -0.095252 -0.144361 -0.747662
v -0.041729 -0.221829 -0.783992
v -0.078814 -0.023247 -0.816659
v -0.070403 -0.032349 -0.819718
v -0.110724 -0.209674 -0.783662
v -0.095303 -0.219884 -0.779477
v -0.163952 -0.130765 -0.795221
v 0.011260 -0.403300 -0.376313
v -0.014249 -0.397146 -0.382573
v 0.001541 -0.427453 -0.475698
v -0.085390 -0.368760 -0.580034
v -0.101146 -0.349228 -0.609647
v -0.095549 -0.319450 -0.660441
v -0.094301 -0.260735 -0.621171
v -0.104198 -0.206153 -0.683741
v -0.078739 -0.400786 -0.517257
v -0.011512 -0.459476 -0.384663
v 0.020185 -0.465559 -0.367753
v -0.108425 -0.418427 -0.341849
v 0.020865 -0.444631 -0.334785
v -0.084934 -0.382040 -0.390478
v -0.069597 -0.089294 -0.791769
v -0.117150 -0.182193 -0.700156
v -0.105653 -0.148494 -0.739316
v -0.065385 -0.215095 -0.787189
v -0.100245 -0.088282 -0.816299
v -0.034688 -0.032291 -0.821446
v -0.043963 -0.027115 -0.820198
v -0.053253 -0.034237 -0.815771
v -0.093802 -0.339195 -0.489575
v -0.191859 -0.238138 -0.575672
v -0.115067 -0.292347 -0.560281
v -0.031204 -0.277827 -0.723423
v -0.065705 -0.166569 -0.807530
v -0.078447 -0.194809 -0.796229
v -0.049760 -0.386265 -0.556447
v -0.065907 -0.346300 -0.625816
v -0.028918 -0.232726 -0.682857
v -0.074614 -0.167963 -0.736301
v -0.054764 -0.125012 -0.774262
v -0.051382 -0.102891 -0.788431
v -0.063564 -0.153042 -0.751879
v -0.042974 -0.074717 -0.803356
v -0.130988 -0.113721 -0.748628
v -0.108943 -0.058182 -0.789185
v -0.060533 -0.363737 -0.596856
v -0.106495 -0.082156 -0.781456
v -0.043751 -0.365369 -0.596098
v -0.118249 -0.037074 -0.789671
v -0.102817 -0.278444 -0.714640
v 0.054427 -0.468877 -0.354827
v -0.116020 -0.363442 -0.575705
v -0.062677 -0.383400 -0.396673
v 0.052957 -0.427520 -0.471084
v -0.055535 -0.181061 -0.730186
v -0.038854 -0.169876 -0.743494
v -0.034175 -0.331342 -0.651429
v -0.161413 -0.242812 -0.596713
v -0.092376 -0.317048 -0.532492
v -0.060035 -0.341416 -0.504264
v -0.143560 -0.133558 -0.722156
v -0.145440 -0.160836 -0.697610
v -0.144260 -0.204453 -0.655016
v -0.096989 -0.016598 -0.808121
v -0.091711 -0.024400 -0.807143
v -0.109241 -0.125336 -0.755071
v -0.111607 -0.101693 -0.768827
v -0.125464 -0.145433 -0.728423
v -0.072927 -0.256904 -0.745873
v -0.032423 -0.230235 -0.776827
v -0.095111 -0.068516 -0.792436
v -0.091551 -0.042261 -0.802267
v -0.086114 -0.231717 -0.770664
v -0.099043 -0.015809 -0.809934
v 0.028070 -0.335432 -0.640189
v -0.081410 -0.207718 -0.694996
v 0.048661 -0.408561 -0.510418
v -0.024857 -0.169486 -0.745379
v -0.109957 -0.183677 -0.796213
v -0.026917 -0.164440 -0.809247
v -0.052782 -0.233930 -0.676136
v -0.192707 -0.089771 -0.789941
v -0.087440 -0.281855 -0.713876
v -0.050039 -0.404426 -0.518986
v -0.089297 -0.297602 -0.567659
v -0.072818 -0.023876 -0.815540
v -0.261058 -0.070377 -0.745027
v -0.310526 -0.117380 -0.672758
v -0.298329 -0.102884 -0.691249
v -0.289409 -0.091809 -0.702711
v -0.027722 -0.417140 -0.495821
v -0.021884 -0.431553 -0.462327
v 0.007608 -0.439073 -0.446935
v 0.063940 -0.450595 -0.411352
v -0.000099 -0.410083 -0.369042
v 0.046651 -0.451654 -0.410966
v -0.084763 -0.480817 -0.271128
v -0.146456 -0.465053 -0.297332
v -0.189740 -0.460182 -0.272563
v -0.135986 -0.472482 -0.275126
v -0.105678 -0.477894 -0.274744
v -0.316368 -0.292817 -0.361586
v -0.228031 -0.396805 -0.319486
v -0.367097 -0.163616 -0.567569
v -0.028910 -0.389308 -0.396411
v -0.339859 -0.255613 -0.368366
v -0.403022 -0.203271 -0.503738
v -0.410321 -0.209884 -0.490562
v -0.078399 -0.134702 -0.761215
v -0.411128 -0.193473 -0.500569
v -0.096778 -0.095210 -0.779369
v -0.078364 -0.059991 -0.802056
v -0.055675 -0.026785 -0.818329
v -0.066525 -0.327190 -0.655295
v -0.079629 -0.327930 -0.651975
v -0.054339 -0.271193 -0.730931
v -0.001149 -0.401083 -0.377444
v -0.420044 -0.194033 -0.490488
v 0.002057 -0.397257 -0.386445
v -0.413063 -0.199344 -0.495409
v -0.011624 -0.342831 -0.528981
v -0.418481 -0.204800 -0.485678
v -0.020920 -0.327299 -0.555082
v -0.001352 -0.364281 -0.484778
v -0.041322 -0.288342 -0.609478
v -0.038478 -0.306098 -0.584109
v -0.059732 -0.277820 -0.617261
v -0.047083 -0.311034 -0.571838
v -0.435516 -0.187692 -0.462624
v -0.415507 -0.182745 -0.497895
v -0.425182 -0.183805 -0.486220
v -0.431355 -0.184403 -0.475370
v -0.430235 -0.189848 -0.476939
v -0.421844 -0.186719 -0.490798
v -0.427736 -0.194521 -0.479219
v -0.056204 -0.318317 -0.669310
v -0.061558 -0.288425 -0.709096
v -0.021761 -0.403555 -0.525756
v 0.006321 -0.404371 -0.524647
v -0.091627 -0.340193 -0.629300
v 0.050307 -0.438167 -0.447719
v -0.077848 -0.241218 -0.657568
v -0.047701 -0.262811 -0.642151
v -0.021345 -0.292824 -0.607802
v -0.014284 -0.313807 -0.578397
v -0.071970 -0.281879 -0.604379
v -0.093031 -0.222189 -0.672279
v -0.054250 -0.145548 -0.759924
v -0.102110 -0.177972 -0.714597
v -0.088427 -0.171323 -0.728045
v -0.061173 -0.067116 -0.804050
v -0.053197 -0.112420 -0.819918
v -0.051433 -0.046600 -0.812858
v -0.041945 -0.030007 -0.817528
v -0.042533 -0.312050 -0.678855
v -0.077539 -0.356145 -0.606428
v 0.028466 -0.431021 -0.467469
v -0.059422 -0.203521 -0.707306
v -0.075755 -0.188369 -0.717182
v -0.034824 -0.126806 -0.818516
v -0.021787 -0.219261 -0.786403
v -0.048247 -0.344310 -0.630925
v 0.034291 -0.424728 -0.480644
v -0.027595 -0.248599 -0.757594
v -0.017765 -0.379917 -0.571092
v -0.032655 -0.197319 -0.719095
v -0.002887 -0.214062 -0.789548
v 0.004402 -0.220102 -0.785531
v -0.032367 -0.148114 -0.761827
v -0.038234 -0.206845 -0.793604
v 0.018677 -0.217512 -0.786370
v -0.009518 -0.308521 -0.683247
v 0.009823 -0.285253 -0.711605
v 0.026410 -0.305379 -0.683168
v 0.009513 -0.319020 -0.666968
v -0.001140 -0.352972 -0.616376
v -0.011478 -0.329633 -0.653451
v -0.067126 -0.225012 -0.681603
v -0.033934 -0.256559 -0.653437
v -0.022162 -0.195536 -0.798736
v 0.033631 -0.356636 -0.605850
v -0.010995 -0.388155 -0.409429
v -0.159016 -0.250717 -0.723067
v -0.300914 -0.130292 -0.682240
v -0.287662 -0.119434 -0.700466
v -0.305947 -0.121830 -0.678205
v -0.153154 -0.469794 -0.268889
v -0.214130 -0.237538 -0.687834
v -0.267473 -0.136273 -0.714580
v -0.291830 -0.107320 -0.699009
v -0.157393 -0.466667 -0.280302
v -0.276033 -0.329311 -0.358585
v -0.255740 -0.208896 -0.678354
v -0.270899 -0.398741 -0.294808
v -0.157131 -0.457264 -0.277266
v -0.402426 -0.191986 -0.510678
v -0.334235 -0.279136 -0.355409
v -0.400074 -0.186502 -0.515492
v -0.411095 -0.186726 -0.502912
v -0.424624 -0.182031 -0.486092
v -0.440568 -0.207175 -0.393478
v 0.083742 -0.480122 -0.303683
v 0.083920 -0.482077 -0.295232
v 0.083750 -0.485672 -0.279391
v 0.083167 -0.475940 -0.321323
v 0.083458 -0.478112 -0.312334
v 0.082430 -0.485059 -0.275621
v 0.076912 -0.480248 -0.283386
v 0.073772 -0.477323 -0.288321
v 0.070449 -0.473985 -0.294074
v 0.079894 -0.466811 -0.357799
v 0.081963 -0.471537 -0.339392
v 0.080941 -0.469197 -0.348644
v 0.079723 -0.482753 -0.279429
v 0.063521 -0.466631 -0.306032
v 0.059844 -0.462798 -0.311746
v 0.056184 -0.458955 -0.317037
v 0.045687 -0.446224 -0.333508
v 0.078686 -0.464127 -0.367341
v 0.049086 -0.450771 -0.327719
v 0.052554 -0.454983 -0.322305
v 0.038593 -0.436191 -0.345196
v 0.034862 -0.430988 -0.350316
v 0.075095 -0.454753 -0.396831
v 0.076184 -0.458028 -0.387084
v 0.077310 -0.461156 -0.377267
v 0.031260 -0.425794 -0.355186
v 0.013015 -0.377401 -0.457836
v 0.013582 -0.380722 -0.449172
v 0.013757 -0.383939 -0.440654
v 0.012459 -0.373828 -0.466700
v 0.011582 -0.370100 -0.475759
v 0.010676 -0.366271 -0.484638
v 0.009493 -0.362209 -0.493704
v 0.008417 -0.357955 -0.502717
v 0.072049 -0.445131 -0.424141
v 0.073024 -0.448403 -0.415199
v 0.074034 -0.451550 -0.406191
v 0.027834 -0.420574 -0.360371
v 0.024951 -0.415615 -0.365309
v 0.014510 -0.386658 -0.433113
v 0.016027 -0.391530 -0.418864
v 0.015324 -0.389128 -0.425890
v 0.016803 -0.393816 -0.411838
v 0.006088 -0.349054 -0.520818
v 0.007179 -0.353631 -0.511800
v 0.004915 -0.344280 -0.529906
v 0.003805 -0.339316 -0.538841
v 0.070325 -0.438159 -0.442067
v 0.071139 -0.441725 -0.433081
v 0.022326 -0.407123 -0.373318
v 0.021983 -0.402345 -0.382326
v 0.023569 -0.411186 -0.369527
v 0.017660 -0.395908 -0.404763
v 0.017201 -0.397558 -0.397826
v -0.004778 -0.298184 -0.602085
v -0.005731 -0.292761 -0.609659
v -0.006611 -0.287256 -0.617175
v -0.007606 -0.281254 -0.625224
v -0.003834 -0.303411 -0.594668
v -0.002991 -0.308504 -0.587317
v -0.001933 -0.313629 -0.579827
v -0.000715 -0.318812 -0.572123
v 0.000454 -0.323979 -0.564253
v 0.001740 -0.329279 -0.556183
v 0.002700 -0.334253 -0.547608
v -0.026092 -0.037667 -0.815861
v -0.025578 -0.034020 -0.816541
v -0.023945 -0.031158 -0.821110
v -0.023891 -0.038570 -0.821758
v -0.023938 -0.034003 -0.821570
v -0.023779 -0.044560 -0.821936
v 0.069332 -0.434312 -0.451365
v -0.011771 -0.254018 -0.659945
v -0.012598 -0.248756 -0.666335
v -0.011011 -0.259304 -0.653415
v -0.013348 -0.243607 -0.672439
v -0.027282 -0.054415 -0.811431
v -0.026525 -0.042512 -0.814844
v -0.026918 -0.048171 -0.813510
v -0.016018 -0.090578 -0.822540
v -0.014394 -0.098371 -0.822098
v -0.012827 -0.106301 -0.821188
v 0.067054 -0.426244 -0.469908
v 0.068336 -0.430380 -0.460552
v -0.014038 -0.238592 -0.678281
v -0.014661 -0.233487 -0.684050
v -0.015078 -0.228366 -0.689597
v -0.015671 -0.218020 -0.700268
v -0.025215 -0.105950 -0.789549
v -0.025513 -0.099723 -0.792673
v -0.027544 -0.060824 -0.809204
v -0.027319 -0.073931 -0.804265
v -0.027541 -0.067421 -0.806714
v -0.026901 -0.080474 -0.801593
v -0.026421 -0.086945 -0.798742
v -0.025939 -0.093390 -0.795701
v -0.011113 -0.114431 -0.819761
v 0.065591 -0.421990 -0.479234
v 0.064080 -0.417700 -0.488384
v 0.062560 -0.413359 -0.497446
v -0.016045 -0.212794 -0.705508
v -0.016579 -0.207518 -0.710798
v -0.017110 -0.202208 -0.715963
v -0.022310 -0.154121 -0.757741
v -0.023385 -0.142129 -0.766731
v -0.023888 -0.136087 -0.771027
v -0.024718 -0.118264 -0.782520
v -0.024993 -0.112120 -0.786084
v -0.009100 -0.122504 -0.818125
v 0.021688 -0.209996 -0.789727
v 0.019490 -0.205093 -0.792190
v 0.023773 -0.214279 -0.787472
v 0.025788 -0.218120 -0.785348
v 0.028284 -0.231126 -0.771980
v 0.061028 -0.408986 -0.506418
v -0.017747 -0.196789 -0.721171
v -0.018303 -0.191312 -0.726341
v -0.018946 -0.185498 -0.731707
v -0.019600 -0.179488 -0.737123
v -0.020245 -0.173218 -0.742519
v -0.021610 -0.160416 -0.752865
v -0.022843 -0.148107 -0.762284
v -0.024502 -0.124265 -0.778964
v -0.024180 -0.130306 -0.775057
v -0.006896 -0.130247 -0.816583
v 0.017332 -0.199815 -0.794551
v 0.027100 -0.224747 -0.778864
v 0.030121 -0.243317 -0.758432
v 0.030971 -0.249362 -0.751541
v 0.055696 -0.392064 -0.539697
v 0.056861 -0.396171 -0.531826
v 0.058121 -0.400342 -0.523690
v 0.059478 -0.404584 -0.515282
v -0.020867 -0.166850 -0.747684
v -0.004545 -0.137861 -0.814958
v 0.002044 -0.159659 -0.809620
v 0.014895 -0.193847 -0.797188
v 0.032476 -0.261328 -0.737305
v 0.031792 -0.255390 -0.744425
v 0.053594 -0.383934 -0.554905
v 0.054642 -0.388017 -0.547330
v 0.047272 -0.355153 -0.605424
v 0.048138 -0.359373 -0.598342
v 0.049012 -0.363560 -0.591215
v 0.049778 -0.367611 -0.584177
v 0.050688 -0.371712 -0.576959
v 0.051612 -0.375782 -0.569704
v 0.052541 -0.379818 -0.562405
v 0.046429 -0.350896 -0.612458
v 0.044911 -0.342356 -0.626254
v 0.045709 -0.346698 -0.619292
v 0.044119 -0.337982 -0.633150
v -0.002243 -0.145284 -0.813271
v -0.000064 -0.152567 -0.811486
v 0.004319 -0.166758 -0.807484
v 0.006840 -0.173799 -0.805126
v 0.009587 -0.180782 -0.802518
v 0.012219 -0.187377 -0.799958
v 0.033138 -0.267282 -0.730088
v 0.033883 -0.273379 -0.722643
v 0.035220 -0.285052 -0.707969
v 0.036027 -0.290658 -0.700745
v 0.037783 -0.301054 -0.686789
v 0.038788 -0.306020 -0.679944
v 0.036865 -0.295999 -0.693662
v 0.043344 -0.333550 -0.639976
v 0.042704 -0.329186 -0.646604
v 0.041969 -0.324674 -0.653322
v 0.041268 -0.320109 -0.659990
v 0.039622 -0.310726 -0.673361
v 0.040430 -0.315437 -0.666694
v 0.034549 -0.279320 -0.715221
v 0.029253 -0.237276 -0.765196
v -0.015429 -0.223128 -0.695025
v -0.017853 -0.082851 -0.822563
v -0.019619 -0.075079 -0.822471
v -0.021219 -0.067214 -0.822338
v -0.022568 -0.059232 -0.822243
v -0.023317 -0.051700 -0.822019
v -0.010159 -0.264913 -0.646407
v -0.009236 -0.271014 -0.638632
v -0.008290 -0.276300 -0.632145
v 0.020317 -0.400263 -0.389488
v 0.042245 -0.441352 -0.339428
v 0.067064 -0.470404 -0.300031
v 0.082688 -0.473729 -0.330369
v 0.083862 -0.483926 -0.287177
v -0.428745 -0.183222 -0.477105
v 0.025212 -0.385301 -0.557972
v 0.031174 -0.440872 -0.442982
v -0.060108 -0.028310 -0.819722
v -0.082348 -0.336786 -0.637692
v 0.007212 -0.419432 -0.493986
v 0.027722 -0.446006 -0.428719
v 0.049271 -0.444473 -0.431654
v -0.025518 -0.406190 -0.369676
v 0.018370 -0.433075 -0.462892
v 0.008732 -0.428391 -0.351514
v -0.097330 -0.241741 -0.758410
v -0.115007 -0.240983 -0.754769
v -0.108698 -0.295987 -0.689594
v 0.061222 -0.488353 -0.271342
v -0.107546 -0.389550 -0.370402
v -0.170707 -0.037683 -0.794499
v -0.187841 -0.042659 -0.785745
v -0.206348 -0.055602 -0.783225
v -0.257490 -0.074658 -0.749353
v -0.212506 -0.069746 -0.781551
v -0.225053 -0.056091 -0.770596
v -0.133138 -0.175113 -0.793723
v -0.252043 -0.065226 -0.748328
v -0.267238 -0.074362 -0.732716
v -0.232121 -0.071558 -0.770726
v -0.151346 -0.053587 -0.760724
v -0.131593 -0.211464 -0.776850
v -0.132687 -0.217583 -0.771540
v -0.142138 -0.220460 -0.765281
v -0.133505 -0.239192 -0.750159
v -0.247111 -0.103391 -0.753608
v -0.229164 -0.114497 -0.767670
v -0.220647 -0.109424 -0.774332
v -0.207092 -0.050703 -0.780458
v -0.233045 -0.128553 -0.758817
v -0.066158 -0.483130 -0.276222
v -0.165951 -0.259919 -0.705990
v -0.269424 -0.080535 -0.718200
v -0.190751 -0.062037 -0.737944
v -0.169863 -0.234203 -0.733971
v -0.183085 -0.230639 -0.726178
v -0.047499 -0.483290 -0.272784
v -0.053159 -0.483205 -0.283890
v -0.200250 -0.331017 -0.577076
v -0.162813 -0.389216 -0.494704
v -0.218801 -0.140030 -0.767097
v -0.158103 -0.168921 -0.787841
v -0.177807 -0.245384 -0.714050
v -0.187103 -0.308194 -0.622854
v -0.160940 -0.183191 -0.781526
v -0.202189 -0.161852 -0.768832
v -0.248185 -0.167500 -0.716757
v -0.224356 -0.169182 -0.741760
v -0.317263 -0.136278 -0.659456
v -0.262451 -0.161257 -0.706947
v -0.291169 -0.159184 -0.681973
v -0.308996 -0.107127 -0.674712
v -0.338202 -0.164781 -0.624133
v -0.301948 -0.144597 -0.676614
v -0.299147 -0.171912 -0.667964
v -0.279560 -0.132843 -0.704192
v -0.179504 -0.183664 -0.771516
v -0.272684 -0.103926 -0.722277
v -0.201145 -0.269926 -0.662457
v -0.271565 -0.116131 -0.718846
v -0.293967 -0.146277 -0.684608
v -0.250427 -0.125571 -0.738858
v -0.096512 -0.456301 -0.363734
v -0.259331 -0.125447 -0.728214
v -0.106714 -0.470642 -0.307027
v -0.194290 -0.210582 -0.736308
v -0.223872 -0.131228 -0.624143
v -0.221301 -0.113922 -0.637695
v -0.236196 -0.128123 -0.606765
v -0.177448 -0.342270 -0.575765
v -0.191772 -0.250428 -0.694184
v -0.256860 -0.090582 -0.694939
v -0.218121 -0.282611 -0.632476
v -0.218289 -0.076433 -0.715090
v -0.318312 -0.119226 -0.660192
v -0.236133 -0.095128 -0.672558
v -0.190430 -0.358357 -0.381712
v -0.177048 -0.374495 -0.363539
v -0.246264 -0.146501 -0.732062
v -0.164537 -0.366729 -0.382535
v -0.238295 -0.137166 -0.747751
v -0.165759 -0.338215 -0.445343
v -0.088579 -0.471573 -0.279657
v -0.218434 -0.148907 -0.762782
v -0.207547 -0.146628 -0.772522
v -0.083107 -0.478981 -0.271417
v -0.097158 -0.474612 -0.273057
v -0.072499 -0.478411 -0.296696
v -0.235236 -0.140588 -0.601855
v -0.224843 -0.312293 -0.444291
v -0.258161 -0.282114 -0.457924
v -0.225846 -0.150509 -0.754130
v -0.266835 -0.268419 -0.465154
v -0.104113 -0.476443 -0.284904
v -0.144815 -0.466171 -0.269132
v -0.273124 -0.126914 -0.578152
v -0.253492 -0.440348 -0.274059
v -0.342045 -0.304659 -0.331539
v -0.233992 -0.448049 -0.255500
v -0.283668 -0.381066 -0.306121
v -0.298903 -0.281649 -0.403007
v -0.289752 -0.296594 -0.394401
v -0.373217 -0.207987 -0.545161
v -0.288063 -0.434159 -0.247577
v -0.435155 -0.190666 -0.467617
v -0.433186 -0.198101 -0.468083
v -0.446867 -0.218374 -0.424962
v -0.442579 -0.220433 -0.417352
v -0.423091 -0.185826 -0.470749
v -0.441657 -0.222407 -0.403690
v -0.312084 -0.406777 -0.299487
v -0.477478 -0.236895 -0.264717
v -0.467620 -0.236276 -0.299210
v -0.467824 -0.273141 -0.250719
v -0.406335 -0.344201 -0.288813
v 0.080788 -0.474958 -0.320885
v 0.080845 -0.476816 -0.312139
v 0.081480 -0.479196 -0.302557
v 0.079269 -0.476680 -0.308685
v 0.079198 -0.478101 -0.301783
v 0.076608 -0.474734 -0.310896
v 0.076837 -0.476737 -0.301646
v 0.079358 -0.479989 -0.292767
v 0.081677 -0.481102 -0.294121
v 0.081866 -0.483008 -0.285641
v 0.079174 -0.468956 -0.345663
v 0.079983 -0.471095 -0.337272
v 0.080509 -0.473047 -0.329120
v 0.078012 -0.471796 -0.329222
v 0.078269 -0.470602 -0.335702
v 0.077255 -0.468543 -0.343230
v 0.075686 -0.468497 -0.339391
v 0.075366 -0.469556 -0.333182
v 0.076356 -0.471657 -0.325630
v 0.078823 -0.473943 -0.320836
v 0.077845 -0.474288 -0.316591
v 0.075052 -0.471703 -0.321461
v 0.073503 -0.471550 -0.317624
v 0.072095 -0.468912 -0.326838
v 0.073392 -0.468709 -0.331816
v 0.073110 -0.466930 -0.340117
v 0.070647 -0.465311 -0.341063
v 0.070683 -0.466546 -0.334775
v 0.068403 -0.463888 -0.341180
v 0.068953 -0.465887 -0.332649
v 0.070825 -0.468890 -0.322720
v 0.068097 -0.466385 -0.326885
v 0.069787 -0.469161 -0.317857
v 0.072108 -0.471179 -0.314922
v 0.071860 -0.472369 -0.307984
v 0.074336 -0.473753 -0.308820
v 0.074778 -0.475662 -0.300435
v 0.076907 -0.478085 -0.294980
v 0.075603 -0.477796 -0.292026
v 0.072812 -0.474929 -0.297729
v 0.078110 -0.480201 -0.287835
v 0.080318 -0.482235 -0.284232
v 0.070357 -0.472177 -0.303757
v 0.068887 -0.469540 -0.312386
v 0.067086 -0.466558 -0.322021
v 0.065951 -0.466696 -0.316877
v 0.064067 -0.463517 -0.327156
v 0.062898 -0.463542 -0.321889
v 0.060697 -0.459871 -0.333095
v 0.059995 -0.460548 -0.326371
v 0.061608 -0.463431 -0.316760
v 0.064852 -0.466832 -0.311324
v 0.076888 -0.463423 -0.366380
v 0.076059 -0.464125 -0.361251
v 0.078390 -0.467027 -0.353273
v 0.076001 -0.465939 -0.352750
v 0.074433 -0.465996 -0.348520
v 0.073097 -0.465752 -0.346017
v 0.070467 -0.463598 -0.349126
v 0.071812 -0.463617 -0.352914
v 0.073062 -0.463563 -0.356454
v 0.070460 -0.461230 -0.360436
v 0.071600 -0.461068 -0.364144
v 0.069082 -0.458633 -0.368212
v 0.070273 -0.458490 -0.372034
v 0.067802 -0.455844 -0.376509
v 0.066496 -0.455972 -0.372456
v 0.064984 -0.452548 -0.382193
v 0.066842 -0.453205 -0.384597
v 0.064519 -0.450021 -0.390881
v 0.066463 -0.451053 -0.391824
v 0.064159 -0.447577 -0.398854
v 0.062140 -0.446587 -0.397321
v 0.062901 -0.449139 -0.389778
v 0.062321 -0.449986 -0.384899
v 0.063855 -0.453188 -0.376510
v 0.065373 -0.456371 -0.367548
v 0.062649 -0.453454 -0.371831
v 0.064282 -0.456666 -0.362635
v 0.067315 -0.459824 -0.357706
v 0.068022 -0.458956 -0.363841
v 0.069572 -0.461464 -0.356822
v 0.068038 -0.462141 -0.348825
v 0.065701 -0.459331 -0.354985
v 0.065838 -0.460747 -0.348580
v 0.066334 -0.462583 -0.340796
v 0.066659 -0.464029 -0.334305
v 0.064374 -0.461418 -0.339787
v 0.063711 -0.459360 -0.348030
v 0.061606 -0.458065 -0.346638
v 0.061165 -0.456049 -0.354854
v 0.058877 -0.454414 -0.354311
v 0.058809 -0.452774 -0.361602
v 0.056597 -0.450857 -0.361963
v 0.056693 -0.449454 -0.368786
v 0.054411 -0.447259 -0.369757
v 0.054206 -0.448656 -0.362728
v 0.056512 -0.452342 -0.354740
v 0.054193 -0.450228 -0.355235
v 0.056344 -0.453462 -0.348496
v 0.059096 -0.456404 -0.345155
v 0.062516 -0.460534 -0.337283
v 0.057506 -0.455971 -0.340659
v 0.058423 -0.458053 -0.333429
v 0.057836 -0.458173 -0.329924
v 0.056336 -0.455695 -0.336656
v 0.055906 -0.456472 -0.330094
v 0.058660 -0.460059 -0.322828
v 0.057032 -0.458858 -0.321561
v 0.054316 -0.455756 -0.326389
v 0.053240 -0.453448 -0.334098
v 0.051061 -0.451581 -0.333190
v 0.047678 -0.447507 -0.337904
v 0.045362 -0.444289 -0.342461
v 0.046235 -0.444333 -0.347080
v 0.048779 -0.447567 -0.343475
v 0.047234 -0.444384 -0.351953
v 0.049488 -0.447084 -0.349314
v 0.048030 -0.444368 -0.355902
v 0.046208 -0.441695 -0.359877
v 0.047676 -0.442620 -0.362493
v 0.045267 -0.439026 -0.368440
v 0.043825 -0.438206 -0.365003
v 0.044897 -0.441167 -0.355956
v 0.043578 -0.440840 -0.350749
v 0.043702 -0.442390 -0.343056
v 0.041657 -0.439063 -0.349015
v 0.040055 -0.437311 -0.348397
v 0.038254 -0.434600 -0.352421
v 0.036725 -0.432611 -0.353213
v 0.074097 -0.457496 -0.384654
v 0.075631 -0.460896 -0.374456
v 0.072857 -0.458085 -0.379566
v 0.074317 -0.461031 -0.370798
v 0.072922 -0.461076 -0.367408
v 0.071564 -0.458368 -0.375616
v 0.073915 -0.463186 -0.360394
v 0.069130 -0.455890 -0.379792
v 0.070161 -0.455558 -0.383628
v 0.068195 -0.453657 -0.386298
v 0.068490 -0.452512 -0.391364
v 0.071101 -0.454815 -0.388414
v 0.069048 -0.450981 -0.398113
v 0.066319 -0.449010 -0.399121
v 0.064008 -0.445214 -0.406828
v 0.061342 -0.443288 -0.407077
v 0.059450 -0.442930 -0.403428
v 0.060439 -0.446319 -0.393650
v 0.060352 -0.447961 -0.387039
v 0.061435 -0.450515 -0.380130
v 0.060115 -0.450442 -0.376433
v 0.061189 -0.453390 -0.367366
v 0.058986 -0.450208 -0.373490
v 0.058885 -0.451425 -0.367958
v 0.060563 -0.454155 -0.361857
v 0.063202 -0.457149 -0.356925
v 0.057055 -0.448301 -0.374873
v 0.054750 -0.446069 -0.376244
v 0.055216 -0.445055 -0.382149
v 0.052955 -0.442666 -0.383953
v 0.052275 -0.443534 -0.378012
v 0.051897 -0.444797 -0.371034
v 0.049532 -0.440487 -0.380305
v 0.049479 -0.442433 -0.371643
v 0.047369 -0.438622 -0.379397
v 0.047213 -0.436962 -0.385925
v 0.048113 -0.436965 -0.389598
v 0.050455 -0.439907 -0.386459
v 0.048906 -0.436487 -0.394611
v 0.047055 -0.434265 -0.396401
v 0.045576 -0.433535 -0.393899
v 0.045279 -0.434924 -0.386776
v 0.043144 -0.430885 -0.394727
v 0.043126 -0.432846 -0.386224
v 0.045436 -0.436557 -0.380237
v 0.046939 -0.439958 -0.371943
v 0.049522 -0.444254 -0.363540
v 0.044361 -0.436209 -0.376922
v 0.042171 -0.433065 -0.381219
v 0.042855 -0.435376 -0.373841
v 0.041361 -0.434426 -0.370694
v 0.042107 -0.437156 -0.361340
v 0.041264 -0.437313 -0.356003
v 0.039744 -0.434283 -0.362692
v 0.039962 -0.433495 -0.368241
v 0.037989 -0.430838 -0.370488
v 0.037417 -0.431367 -0.364564
v 0.039363 -0.435160 -0.355940
v 0.036911 -0.431875 -0.358735
v 0.034780 -0.429136 -0.359698
v 0.032189 -0.425651 -0.361596
v 0.015649 -0.384733 -0.445131
v 0.016487 -0.387693 -0.437486
v 0.017556 -0.388130 -0.441643
v 0.017306 -0.386207 -0.447952
v 0.015247 -0.382045 -0.452805
v 0.016815 -0.383771 -0.454774
v 0.015073 -0.379278 -0.461721
v 0.013900 -0.374744 -0.471452
v 0.012872 -0.370894 -0.479672
v 0.014905 -0.374807 -0.476546
v 0.016412 -0.379245 -0.468265
v 0.017776 -0.383696 -0.459692
v 0.018996 -0.387796 -0.450967
v 0.020349 -0.388127 -0.456012
v 0.020997 -0.390795 -0.449665
v 0.020810 -0.391591 -0.445324
v 0.022525 -0.394068 -0.444463
v 0.022650 -0.392554 -0.450887
v 0.022163 -0.389607 -0.459174
v 0.019238 -0.383908 -0.465771
v 0.021532 -0.386302 -0.467787
v 0.024023 -0.391038 -0.462398
v 0.023108 -0.387434 -0.470703
v 0.021212 -0.383865 -0.474423
v 0.019386 -0.381591 -0.474269
v 0.017219 -0.378511 -0.474647
v 0.015390 -0.373892 -0.482174
v 0.013819 -0.371412 -0.482737
v 0.013594 -0.369477 -0.488498
v 0.011909 -0.367456 -0.487418
v 0.011349 -0.364464 -0.494837
v 0.013236 -0.367002 -0.495368
v 0.015494 -0.372024 -0.489054
v 0.014697 -0.368884 -0.495959
v 0.016454 -0.372122 -0.493178
v 0.015175 -0.368343 -0.500034
v 0.012972 -0.364629 -0.502485
v 0.011057 -0.362067 -0.501859
v 0.072026 -0.450381 -0.406347
v 0.071196 -0.451435 -0.401044
v 0.068900 -0.446638 -0.412807
v 0.068351 -0.448123 -0.406529
v 0.071775 -0.453977 -0.393075
v 0.073651 -0.455154 -0.392609
v 0.066302 -0.446836 -0.406568
v 0.066158 -0.444522 -0.414116
v 0.063990 -0.443057 -0.414261
v 0.061643 -0.441172 -0.415169
v 0.059321 -0.439067 -0.416461
v 0.059494 -0.437021 -0.423837
v 0.057500 -0.435531 -0.423877
v 0.056945 -0.436837 -0.418040
v 0.058790 -0.440239 -0.411015
v 0.056523 -0.438698 -0.410522
v 0.057596 -0.442273 -0.400602
v 0.054869 -0.438593 -0.406156
v 0.053982 -0.435768 -0.413647
v 0.052333 -0.434976 -0.411649
v 0.052974 -0.437925 -0.402816
v 0.055835 -0.441690 -0.397572
v 0.054518 -0.441529 -0.393854
v 0.052099 -0.438742 -0.396932
v 0.053570 -0.441898 -0.389381
v 0.055505 -0.444057 -0.387242
v 0.057505 -0.447206 -0.381196
v 0.056847 -0.444591 -0.389379
v 0.058434 -0.445154 -0.392046
v 0.059133 -0.447688 -0.384361
v 0.051265 -0.439288 -0.391881
v 0.049757 -0.435969 -0.399699
v 0.050742 -0.435863 -0.403467
v 0.048585 -0.432791 -0.407783
v 0.050442 -0.433843 -0.409877
v 0.048008 -0.430023 -0.415895
v 0.045819 -0.428424 -0.414143
v 0.047098 -0.432551 -0.403241
v 0.045391 -0.431533 -0.401025
v 0.043912 -0.427870 -0.409528
v 0.043426 -0.429285 -0.402096
v 0.041046 -0.426453 -0.403341
v 0.040795 -0.428135 -0.395635
v 0.040519 -0.429657 -0.388224
v 0.038518 -0.425507 -0.396324
v 0.038189 -0.426848 -0.389635
v 0.036544 -0.423144 -0.396854
v 0.036353 -0.424294 -0.391240
v 0.034822 -0.420902 -0.397008
v 0.034934 -0.423146 -0.388578
v 0.032904 -0.418489 -0.397129
v 0.032460 -0.419578 -0.390550
v 0.034036 -0.423696 -0.381619
v 0.036529 -0.427323 -0.378759
v 0.035721 -0.427694 -0.372756
v 0.035150 -0.428303 -0.366430
v 0.033298 -0.424306 -0.375012
v 0.032744 -0.425027 -0.368350
v 0.030460 -0.421453 -0.370717
v 0.029398 -0.421290 -0.365275
v 0.026710 -0.416556 -0.369771
v 0.017839 -0.391484 -0.428625
v 0.018369 -0.393844 -0.419826
v 0.018869 -0.395874 -0.412550
v 0.020778 -0.398354 -0.412910
v 0.020611 -0.396722 -0.420195
v 0.020729 -0.395498 -0.427372
v 0.018785 -0.391322 -0.435348
v 0.019497 -0.390629 -0.442126
v 0.021232 -0.394825 -0.433825
v 0.021876 -0.394479 -0.439397
v 0.024203 -0.397795 -0.437521
v 0.023586 -0.398236 -0.432064
v 0.025660 -0.401084 -0.430726
v 0.026759 -0.401607 -0.434609
v 0.024886 -0.397213 -0.443453
v 0.028086 -0.401650 -0.440856
v 0.025251 -0.395434 -0.451998
v 0.028394 -0.399976 -0.448965
v 0.030014 -0.403598 -0.442310
v 0.031084 -0.406502 -0.435407
v 0.031897 -0.406337 -0.439618
v 0.030902 -0.403549 -0.446275
v 0.029444 -0.399709 -0.454450
v 0.026797 -0.395642 -0.457836
v 0.025530 -0.391604 -0.466575
v 0.024361 -0.387765 -0.474687
v 0.022061 -0.383833 -0.478271
v 0.023209 -0.383983 -0.482363
v 0.025494 -0.387775 -0.479115
v 0.024246 -0.383952 -0.486574
v 0.022025 -0.380189 -0.489934
v 0.020906 -0.380024 -0.485883
v 0.019649 -0.379743 -0.481497
v 0.017541 -0.376980 -0.481316
v 0.017559 -0.375414 -0.486940
v 0.018599 -0.375939 -0.489747
v 0.017277 -0.371966 -0.497310
v 0.019592 -0.375997 -0.493921
v 0.018193 -0.371684 -0.501956
v 0.020898 -0.376230 -0.498361
v 0.018996 -0.371040 -0.507480
v 0.016507 -0.366995 -0.510013
v 0.015742 -0.367588 -0.505003
v 0.013629 -0.361867 -0.514097
v 0.013863 -0.364660 -0.506416
v 0.011980 -0.360891 -0.510279
v 0.010814 -0.356757 -0.517812
v 0.010012 -0.357156 -0.513078
v 0.011029 -0.360463 -0.507287
v 0.009323 -0.357597 -0.508588
v 0.008197 -0.354062 -0.514886
v 0.069621 -0.441435 -0.431055
v 0.070346 -0.444473 -0.422898
v 0.071018 -0.447431 -0.414520
v 0.068262 -0.443214 -0.422809
v 0.065505 -0.441206 -0.423656
v 0.064098 -0.441271 -0.420306
v 0.062599 -0.438034 -0.427643
v 0.062048 -0.439414 -0.421832
v 0.060294 -0.435744 -0.429737
v 0.060888 -0.434316 -0.435574
v 0.063158 -0.436445 -0.433797
v 0.061323 -0.432983 -0.440691
v 0.059231 -0.430598 -0.443603
v 0.058499 -0.431923 -0.437890
v 0.057958 -0.433489 -0.431815
v 0.057825 -0.434615 -0.427647
v 0.056133 -0.432208 -0.431406
v 0.055224 -0.433194 -0.426057
v 0.053797 -0.429811 -0.433393
v 0.053202 -0.430786 -0.428682
v 0.054133 -0.433931 -0.420625
v 0.051484 -0.429666 -0.427712
v 0.051349 -0.427084 -0.435862
v 0.049359 -0.425718 -0.434624
v 0.049174 -0.427899 -0.426972
v 0.051880 -0.432315 -0.419628
v 0.049839 -0.431110 -0.417975
v 0.047510 -0.427379 -0.423760
v 0.045814 -0.426158 -0.422314
v 0.043881 -0.424009 -0.423007
v 0.043306 -0.424925 -0.417880
v 0.041522 -0.420887 -0.425412
v 0.042524 -0.420336 -0.430685
v 0.040711 -0.417719 -0.433116
v 0.040962 -0.416157 -0.439431
v 0.043519 -0.419916 -0.435595
v 0.041992 -0.416121 -0.443280
v 0.043668 -0.417908 -0.442785
v 0.045431 -0.421706 -0.436027
v 0.045601 -0.419633 -0.443220
v 0.043536 -0.415915 -0.448957
v 0.041811 -0.414014 -0.449728
v 0.040079 -0.412663 -0.448588
v 0.038451 -0.411612 -0.446486
v 0.037888 -0.408778 -0.454409
v 0.039427 -0.409298 -0.457791
v 0.037082 -0.405940 -0.461365
v 0.037265 -0.404036 -0.468143
v 0.034969 -0.402126 -0.466869
v 0.034742 -0.399257 -0.475311
v 0.033263 -0.398132 -0.473906
v 0.032543 -0.395196 -0.480851
v 0.031368 -0.395059 -0.477106
v 0.030221 -0.391250 -0.485298
v 0.028902 -0.391223 -0.480926
v 0.030185 -0.395214 -0.472678
v 0.032522 -0.398802 -0.469314
v 0.034051 -0.403085 -0.460285
v 0.036082 -0.405539 -0.459122
v 0.036179 -0.407487 -0.452909
v 0.036577 -0.410179 -0.444558
v 0.038939 -0.414286 -0.438748
v 0.037669 -0.413368 -0.436971
v 0.039336 -0.416712 -0.431542
v 0.037411 -0.414722 -0.430972
v 0.039584 -0.419142 -0.424057
v 0.041556 -0.423238 -0.417421
v 0.041497 -0.425106 -0.410259
v 0.039143 -0.422007 -0.412272
v 0.038388 -0.423060 -0.405037
v 0.036794 -0.418397 -0.415297
v 0.035753 -0.418681 -0.409765
v 0.034372 -0.414631 -0.418519
v 0.035281 -0.414186 -0.424123
v 0.032851 -0.410592 -0.426994
v 0.032216 -0.411247 -0.421618
v 0.033168 -0.414659 -0.412969
v 0.034956 -0.419317 -0.404041
v 0.036775 -0.421933 -0.402491
v 0.033067 -0.416706 -0.404510
v 0.031267 -0.414441 -0.404020
v 0.031328 -0.416269 -0.397588
v 0.029821 -0.412964 -0.402000
v 0.030473 -0.416014 -0.393887
v 0.028587 -0.412132 -0.398550
v 0.029346 -0.415295 -0.390242
v 0.031563 -0.419794 -0.384282
v 0.029875 -0.417750 -0.383270
v 0.028198 -0.414416 -0.386913
v 0.027472 -0.411365 -0.394901
v 0.026204 -0.410290 -0.391667
v 0.025428 -0.407358 -0.399640
v 0.024328 -0.406365 -0.396794
v 0.023076 -0.402951 -0.404901
v 0.022188 -0.402762 -0.398861
v 0.024493 -0.408196 -0.389149
v 0.026928 -0.413476 -0.383311
v 0.029010 -0.417631 -0.379193
v 0.028086 -0.417298 -0.374349
v 0.025606 -0.412483 -0.379111
v 0.031064 -0.421043 -0.376764
v 0.024426 -0.411688 -0.374377
v 0.022649 -0.406708 -0.378795
v 0.023277 -0.407264 -0.383756
v 0.020270 -0.399895 -0.397677
v 0.019594 -0.398027 -0.405295
v 0.020988 -0.399651 -0.406824
v 0.022959 -0.401212 -0.412667
v 0.024671 -0.404809 -0.406529
v 0.025139 -0.404339 -0.412199
v 0.022857 -0.399781 -0.419788
v 0.024737 -0.402223 -0.419605
v 0.023155 -0.398855 -0.426145
v 0.025714 -0.402538 -0.424029
v 0.028063 -0.405274 -0.424981
v 0.029983 -0.406692 -0.429261
v 0.030643 -0.409771 -0.419823
v 0.031195 -0.412374 -0.411643
v 0.029350 -0.408660 -0.417434
v 0.029165 -0.409894 -0.411022
v 0.027794 -0.406349 -0.418767
v 0.026670 -0.405637 -0.415637
v 0.027743 -0.408889 -0.407077
v 0.026507 -0.408133 -0.403219
v 0.033752 -0.410088 -0.432991
v 0.033478 -0.407686 -0.441353
v 0.032269 -0.403795 -0.450918
v 0.030429 -0.399350 -0.459740
v 0.028018 -0.395636 -0.462906
v 0.026726 -0.391674 -0.471184
v 0.027849 -0.391530 -0.475951
v 0.026504 -0.387475 -0.483989
v 0.027510 -0.386728 -0.489885
v 0.025040 -0.383417 -0.491304
v 0.023027 -0.380538 -0.493018
v 0.023140 -0.378897 -0.498771
v 0.021214 -0.374895 -0.503802
v 0.022325 -0.375582 -0.505990
v 0.024579 -0.379370 -0.502302
v 0.025380 -0.382354 -0.496148
v 0.026810 -0.383290 -0.498213
v 0.025907 -0.379814 -0.505625
v 0.023467 -0.375727 -0.509618
v 0.021225 -0.372110 -0.512505
v 0.022078 -0.371383 -0.517608
v 0.020083 -0.368814 -0.518142
v 0.019036 -0.368650 -0.514698
v 0.020567 -0.372480 -0.508841
v 0.017291 -0.366723 -0.513965
v 0.016713 -0.363952 -0.520136
v 0.015393 -0.363073 -0.517419
v 0.014690 -0.359697 -0.524630
v 0.013451 -0.359078 -0.521853
v 0.011506 -0.355778 -0.523662
v 0.009129 -0.351731 -0.525855
v 0.008553 -0.352870 -0.519924
v 0.007007 -0.348219 -0.527141
v 0.005835 -0.344314 -0.533363
v 0.005942 -0.342725 -0.537992
v 0.005090 -0.338794 -0.545125
v 0.003669 -0.333403 -0.553480
v 0.002621 -0.328480 -0.561464
v 0.001580 -0.323205 -0.570425
v 0.000075 -0.317385 -0.578403
v -0.000920 -0.312529 -0.585415
v -0.001863 -0.307683 -0.592452
v -0.002737 -0.302838 -0.599544
v -0.003365 -0.297742 -0.607631
v -0.025327 -0.044763 -0.817704
v -0.025598 -0.050110 -0.816418
v 0.067558 -0.433913 -0.449679
v 0.068659 -0.437973 -0.439813
v 0.066294 -0.434544 -0.445579
v 0.065071 -0.430886 -0.454039
v 0.064229 -0.431739 -0.450070
v 0.064804 -0.434531 -0.442919
v 0.067159 -0.437963 -0.437108
v 0.068136 -0.441048 -0.429545
v 0.065765 -0.438366 -0.433043
v 0.063009 -0.433826 -0.441494
v 0.060366 -0.429737 -0.448601
v 0.057702 -0.426850 -0.451823
v 0.056474 -0.427565 -0.447034
v 0.055889 -0.429482 -0.439733
v 0.054321 -0.428832 -0.437963
v 0.053548 -0.426183 -0.444299
v 0.052400 -0.426425 -0.440760
v 0.050405 -0.423846 -0.443765
v 0.051120 -0.422708 -0.449023
v 0.048493 -0.419965 -0.450613
v 0.048955 -0.423080 -0.442173
v 0.047647 -0.422385 -0.440444
v 0.047336 -0.423747 -0.435234
v 0.046958 -0.424950 -0.430236
v 0.045631 -0.423929 -0.429193
v 0.044270 -0.422921 -0.428096
v 0.046815 -0.419505 -0.447400
v 0.044467 -0.415886 -0.452172
v 0.045761 -0.415962 -0.455720
v 0.043473 -0.412439 -0.460187
v 0.044645 -0.412366 -0.463845
v 0.046918 -0.415708 -0.459687
v 0.049136 -0.418523 -0.456892
v 0.050984 -0.420474 -0.455504
v 0.049834 -0.417484 -0.461706
v 0.047810 -0.414957 -0.464144
v 0.045779 -0.412478 -0.466649
v 0.043657 -0.408654 -0.472572
v 0.042409 -0.408992 -0.468041
v 0.041548 -0.409367 -0.464320
v 0.040163 -0.405977 -0.471101
v 0.039718 -0.407375 -0.465267
v 0.041985 -0.412039 -0.456964
v 0.038379 -0.403803 -0.472439
v 0.038443 -0.401511 -0.479597
v 0.036379 -0.400144 -0.477776
v 0.035663 -0.396565 -0.486542
v 0.034058 -0.395810 -0.483776
v 0.031619 -0.391543 -0.489120
v 0.029197 -0.387425 -0.493647
v 0.028141 -0.383732 -0.501563
v 0.027332 -0.380347 -0.508757
v 0.024856 -0.376009 -0.513371
v 0.023638 -0.371838 -0.521365
v 0.021597 -0.368392 -0.524251
v 0.022175 -0.367344 -0.529018
v 0.019899 -0.364328 -0.529984
v 0.019986 -0.366760 -0.523536
v 0.018264 -0.365173 -0.522207
v 0.017945 -0.362242 -0.529145
v 0.017705 -0.358877 -0.537185
v 0.015751 -0.357419 -0.534607
v 0.015294 -0.354398 -0.541151
v 0.016096 -0.353626 -0.545571
v 0.018438 -0.357155 -0.543873
v 0.016751 -0.352081 -0.551317
v 0.019036 -0.355292 -0.550171
v 0.017181 -0.350041 -0.557584
v 0.015084 -0.347115 -0.558369
v 0.015360 -0.344646 -0.564822
v 0.013809 -0.343129 -0.563777
v 0.013161 -0.343998 -0.559757
v 0.014629 -0.348812 -0.552692
v 0.012410 -0.345248 -0.554544
v 0.013946 -0.350181 -0.547223
v 0.011717 -0.346571 -0.549032
v 0.013319 -0.351911 -0.540810
v 0.013928 -0.355978 -0.532312
v 0.011543 -0.350953 -0.537213
v 0.011068 -0.347548 -0.544204
v 0.009502 -0.342883 -0.550791
v 0.010261 -0.341597 -0.556417
v 0.008134 -0.337911 -0.558293
v 0.007161 -0.338745 -0.552804
v 0.006375 -0.334601 -0.560249
v 0.004837 -0.332961 -0.558718
v 0.005492 -0.336930 -0.551357
v 0.003487 -0.328074 -0.565757
v 0.005058 -0.330398 -0.565740
v 0.003627 -0.325618 -0.571792
v 0.002080 -0.320488 -0.578128
v 0.000682 -0.315866 -0.583820
v 0.000250 -0.311817 -0.590776
v -0.001078 -0.306805 -0.596974
v 0.000582 -0.308631 -0.598527
v -0.001310 -0.303359 -0.602969
v 0.000057 -0.304036 -0.606033
v -0.001550 -0.299972 -0.608997
v -0.002689 -0.295389 -0.614441
v -0.004610 -0.291802 -0.615041
v -0.003898 -0.290223 -0.620440
v -0.005519 -0.287210 -0.620766
v -0.005119 -0.284825 -0.626536
v -0.006697 -0.279879 -0.630651
v -0.005522 -0.280823 -0.632776
v -0.007005 -0.275709 -0.637251
v -0.004990 -0.279052 -0.637615
v -0.006110 -0.273640 -0.643694
v -0.004121 -0.277488 -0.642796
v -0.005255 -0.271153 -0.650498
v -0.007083 -0.268906 -0.648909
v -0.007207 -0.266031 -0.653560
v -0.008841 -0.263996 -0.652073
v -0.008291 -0.261283 -0.658467
v -0.010126 -0.257745 -0.658947
v -0.025651 -0.057087 -0.814778
v -0.024494 -0.051948 -0.818829
v -0.024117 -0.056321 -0.818930
v -0.024306 -0.062043 -0.816488
v -0.023069 -0.066687 -0.817885
v -0.022281 -0.070359 -0.818124
v -0.021597 -0.074367 -0.817854
v -0.020770 -0.080710 -0.816477
v -0.022374 -0.079753 -0.813010
v -0.021576 -0.085710 -0.811666
v -0.022993 -0.085143 -0.808337
v -0.024116 -0.079525 -0.808858
v -0.024211 -0.085291 -0.805252
v -0.025434 -0.082954 -0.803731
v -0.024946 -0.089014 -0.801043
v -0.023672 -0.089799 -0.803997
v -0.022346 -0.090515 -0.806954
v -0.020931 -0.091628 -0.809877
v -0.020136 -0.086810 -0.814654
v -0.019342 -0.093179 -0.813001
v -0.018861 -0.087395 -0.817420
v -0.017761 -0.091526 -0.817892
v -0.017907 -0.098295 -0.813362
v -0.016387 -0.097379 -0.817681
v 0.067389 -0.431259 -0.456841
v 0.065952 -0.430123 -0.457699
v 0.063856 -0.426915 -0.463197
v 0.065879 -0.427564 -0.464625
v 0.063759 -0.424383 -0.470078
v 0.062367 -0.423344 -0.470623
v 0.062122 -0.420673 -0.477551
v 0.060518 -0.420603 -0.475085
v 0.059716 -0.417301 -0.482689
v 0.058441 -0.417550 -0.479757
v 0.057575 -0.414259 -0.487218
v 0.056411 -0.414588 -0.484108
v 0.055206 -0.410790 -0.492339
v 0.054348 -0.412017 -0.487289
v 0.055403 -0.414917 -0.481350
v 0.057036 -0.417527 -0.477306
v 0.055429 -0.416921 -0.475897
v 0.057554 -0.420397 -0.470201
v 0.055848 -0.419749 -0.468561
v 0.053362 -0.415583 -0.475342
v 0.054183 -0.418971 -0.467398
v 0.052062 -0.416176 -0.470814
v 0.053486 -0.420367 -0.461876
v 0.056231 -0.422854 -0.460406
v 0.058065 -0.423362 -0.462661
v 0.059858 -0.423946 -0.464439
v 0.059153 -0.420704 -0.472320
v 0.061418 -0.423961 -0.467225
v 0.062512 -0.427948 -0.457848
v 0.062537 -0.430808 -0.449632
v 0.060240 -0.426949 -0.456648
v 0.058488 -0.425961 -0.456068
v 0.055573 -0.424276 -0.454971
v 0.054141 -0.423672 -0.453494
v 0.054560 -0.426061 -0.447199
v 0.052754 -0.423272 -0.451318
v 0.052031 -0.420321 -0.458427
v 0.050607 -0.416312 -0.467048
v 0.048530 -0.414336 -0.467924
v 0.046233 -0.410919 -0.472416
v 0.043723 -0.406083 -0.480494
v 0.041897 -0.404496 -0.480312
v 0.041280 -0.401263 -0.488195
v 0.039781 -0.401222 -0.484292
v 0.041078 -0.405171 -0.475977
v 0.037368 -0.397334 -0.489054
v 0.038608 -0.397402 -0.492461
v 0.036561 -0.394200 -0.496129
v 0.034821 -0.392792 -0.495348
v 0.033138 -0.391900 -0.492767
v 0.030529 -0.387570 -0.497693
v 0.031735 -0.386705 -0.503903
v 0.029336 -0.384005 -0.504514
v 0.028823 -0.381527 -0.510271
v 0.026585 -0.376621 -0.517135
v 0.024700 -0.371178 -0.526472
v 0.027057 -0.374882 -0.523486
v 0.029527 -0.380193 -0.516031
v 0.028802 -0.375948 -0.525380
v 0.025955 -0.370509 -0.531945
v 0.022866 -0.365632 -0.535714
v 0.020326 -0.362353 -0.536372
v 0.020661 -0.360223 -0.542918
v 0.022357 -0.362235 -0.542813
v 0.021132 -0.358423 -0.548614
v 0.019747 -0.353154 -0.557357
v 0.017393 -0.347838 -0.563274
v 0.018532 -0.347674 -0.566592
v 0.016323 -0.343649 -0.569777
v 0.017312 -0.342922 -0.574137
v 0.015214 -0.338987 -0.577100
v 0.016337 -0.338154 -0.582049
v 0.018278 -0.342594 -0.577457
v 0.018536 -0.340381 -0.582735
v 0.016779 -0.335392 -0.588941
v 0.014597 -0.332472 -0.589423
v 0.014204 -0.334798 -0.583622
v 0.012483 -0.330287 -0.588467
v 0.012833 -0.334511 -0.580376
v 0.014244 -0.339843 -0.572467
v 0.013469 -0.340618 -0.568582
v 0.011915 -0.339062 -0.567503
v 0.010996 -0.340269 -0.561959
v 0.009617 -0.335210 -0.569304
v 0.010244 -0.333625 -0.574844
v 0.008212 -0.330130 -0.576505
v 0.007536 -0.331651 -0.570846
v 0.008855 -0.336592 -0.563791
v 0.006870 -0.333201 -0.565245
v 0.005496 -0.328372 -0.571824
v 0.004060 -0.323286 -0.578434
v 0.002360 -0.317525 -0.585659
v 0.001846 -0.313505 -0.592532
v 0.003368 -0.316788 -0.590307
v 0.004554 -0.321161 -0.584929
v 0.004940 -0.318541 -0.591646
v 0.002912 -0.312933 -0.596979
v 0.001621 -0.308059 -0.602924
v 0.003201 -0.309897 -0.603936
v 0.001571 -0.304972 -0.608720
v -0.000417 -0.299408 -0.613530
v -0.001934 -0.293518 -0.620081
v -0.000064 -0.296210 -0.620746
v -0.001715 -0.290601 -0.626402
v 0.000265 -0.293241 -0.627234
v -0.001492 -0.287091 -0.633432
v 0.000538 -0.290646 -0.632650
v -0.000282 -0.286241 -0.638254
v 0.001592 -0.290417 -0.636087
v 0.000753 -0.285507 -0.642457
v -0.001133 -0.281393 -0.644621
v -0.002205 -0.281904 -0.640576
v -0.002932 -0.276985 -0.647018
v -0.003257 -0.282102 -0.637157
v -0.003615 -0.284783 -0.631326
v -0.003246 -0.288815 -0.625010
v -0.003408 -0.272979 -0.652584
v -0.001685 -0.276715 -0.651174
v -0.002783 -0.271513 -0.657029
v -0.001164 -0.274580 -0.656062
v 0.000136 -0.278697 -0.652505
v 0.000085 -0.275143 -0.658463
v -0.001689 -0.270707 -0.661219
v -0.003763 -0.266136 -0.663252
v -0.002306 -0.266623 -0.666391
v -0.000299 -0.270047 -0.666150
v 0.001726 -0.276441 -0.660595
v 0.001704 -0.280170 -0.654227
v 0.003694 -0.282254 -0.655560
v 0.003143 -0.284567 -0.650266
v 0.004764 -0.287563 -0.649182
v 0.003756 -0.288625 -0.644846
v 0.001702 -0.284049 -0.647558
v 0.002650 -0.289466 -0.640586
v 0.004535 -0.293377 -0.638625
v 0.005669 -0.292491 -0.642922
v 0.006828 -0.291106 -0.648115
v 0.005429 -0.286114 -0.653395
v 0.006851 -0.287189 -0.654888
v 0.005261 -0.282607 -0.658823
v 0.003523 -0.277803 -0.662643
v 0.005125 -0.278633 -0.665149
v 0.006817 -0.283420 -0.661244
v 0.006594 -0.279111 -0.667977
v 0.004973 -0.275190 -0.670649
v 0.003245 -0.273172 -0.669742
v 0.001893 -0.273343 -0.666083
v 0.001067 -0.268898 -0.671414
v -0.000584 -0.265506 -0.672748
v 0.000058 -0.263706 -0.677312
v 0.002058 -0.267287 -0.676404
v 0.000944 -0.261663 -0.682487
v -0.001090 -0.258206 -0.682951
v -0.001770 -0.260713 -0.677367
v -0.003310 -0.254249 -0.683414
v -0.003672 -0.258345 -0.676220
v -0.002058 -0.263929 -0.671468
v -0.003784 -0.262078 -0.669906
v -0.005445 -0.256806 -0.674009
v -0.005582 -0.252105 -0.680938
v -0.007132 -0.251968 -0.677169
v -0.007375 -0.248385 -0.681991
v -0.006912 -0.246338 -0.686242
v -0.008430 -0.244132 -0.685467
v -0.008655 -0.247426 -0.679990
v -0.008451 -0.251428 -0.674246
v -0.006956 -0.255795 -0.671561
v -0.005388 -0.260524 -0.668017
v -0.006785 -0.258904 -0.666883
v -0.005737 -0.263129 -0.662711
v -0.004627 -0.268259 -0.657375
v -0.006449 -0.264934 -0.657668
v -0.007458 -0.259861 -0.663211
v -0.009412 -0.255351 -0.665023
v -0.011088 -0.252862 -0.664240
v -0.011198 -0.248762 -0.670473
v -0.012219 -0.242646 -0.677222
v -0.025911 -0.064463 -0.811588
v -0.024538 -0.068461 -0.813310
v -0.025988 -0.070770 -0.808834
v -0.025710 -0.076955 -0.806292
v -0.024708 -0.073778 -0.810377
v -0.023280 -0.073187 -0.814327
v -0.024300 -0.095265 -0.798796
v -0.022996 -0.094255 -0.802804
v -0.023133 -0.098512 -0.799868
v -0.021804 -0.097091 -0.804184
v -0.022481 -0.104257 -0.797939
v -0.020637 -0.103464 -0.803326
v -0.020369 -0.097076 -0.807935
v -0.019287 -0.100247 -0.808831
v -0.019241 -0.105739 -0.805448
v -0.019831 -0.110215 -0.801001
v -0.018304 -0.110745 -0.804525
v -0.018109 -0.104361 -0.809197
v -0.016821 -0.103003 -0.813289
v -0.016973 -0.108604 -0.809231
v -0.016879 -0.114306 -0.805658
v -0.015943 -0.111994 -0.809424
v -0.015396 -0.117408 -0.807042
v -0.014844 -0.112146 -0.812142
v -0.015783 -0.107403 -0.812996
v -0.015544 -0.102535 -0.816604
v -0.014516 -0.106419 -0.816858
v -0.013431 -0.112281 -0.815430
v -0.012438 -0.112768 -0.817664
v 0.064646 -0.423399 -0.474039
v 0.063091 -0.419156 -0.483160
v 0.061596 -0.414817 -0.492276
v 0.060738 -0.416339 -0.486913
v 0.058764 -0.411531 -0.496547
v 0.058768 -0.414133 -0.489601
v 0.056924 -0.411032 -0.494671
v 0.055057 -0.408185 -0.498931
v 0.055711 -0.406781 -0.503914
v 0.053866 -0.405421 -0.504189
v 0.053073 -0.406453 -0.500083
v 0.053164 -0.408871 -0.493699
v 0.051220 -0.405708 -0.498517
v 0.051879 -0.409186 -0.490391
v 0.049616 -0.405295 -0.496327
v 0.050110 -0.407944 -0.490040
v 0.048103 -0.405154 -0.493639
v 0.049346 -0.408692 -0.486258
v 0.051549 -0.411240 -0.483797
v 0.050717 -0.412385 -0.478782
v 0.049929 -0.413234 -0.474565
v 0.048123 -0.409278 -0.481926
v 0.048156 -0.411951 -0.474242
v 0.045908 -0.407774 -0.481010
v 0.043552 -0.403320 -0.488254
v 0.041442 -0.398669 -0.496240
v 0.039564 -0.397066 -0.495921
v 0.037226 -0.393242 -0.500840
v 0.034728 -0.390129 -0.502739
v 0.032684 -0.385074 -0.511329
v 0.035184 -0.388486 -0.508777
v 0.033560 -0.384150 -0.516429
v 0.031224 -0.380488 -0.519994
v 0.030548 -0.376903 -0.527685
v 0.028184 -0.372248 -0.533512
v 0.026167 -0.368133 -0.538580
v 0.027531 -0.368420 -0.541414
v 0.025095 -0.363968 -0.545794
v 0.026706 -0.364157 -0.549469
v 0.024289 -0.359769 -0.553904
v 0.025729 -0.359294 -0.558509
v 0.023040 -0.355076 -0.561594
v 0.022228 -0.356286 -0.556554
v 0.023239 -0.359834 -0.551065
v 0.022953 -0.361302 -0.546774
v 0.021820 -0.357805 -0.552112
v 0.024324 -0.365430 -0.540107
v 0.020782 -0.351529 -0.563771
v 0.019387 -0.346623 -0.571358
v 0.020123 -0.345166 -0.576431
v 0.020720 -0.342928 -0.582815
v 0.018855 -0.337882 -0.588769
v 0.020353 -0.339393 -0.589366
v 0.019136 -0.335539 -0.594425
v 0.017272 -0.333237 -0.594676
v 0.017780 -0.331132 -0.600008
v 0.016132 -0.329320 -0.599752
v 0.015171 -0.330251 -0.595671
v 0.012470 -0.325740 -0.597714
v 0.014317 -0.325747 -0.602506
v 0.015938 -0.326052 -0.605830
v 0.018177 -0.328709 -0.605762
v 0.016646 -0.323768 -0.611781
v 0.014612 -0.321150 -0.612256
v 0.014072 -0.322583 -0.608084
v 0.012282 -0.320628 -0.607407
v 0.010640 -0.319953 -0.604637
v 0.010034 -0.321302 -0.600310
v 0.008777 -0.316853 -0.605911
v 0.008179 -0.318961 -0.600105
v 0.010047 -0.324785 -0.593284
v 0.010970 -0.329559 -0.585921
v 0.009182 -0.326846 -0.586440
v 0.010652 -0.331659 -0.580537
v 0.012149 -0.336492 -0.574174
v 0.008975 -0.329315 -0.580735
v 0.007010 -0.324753 -0.584622
v 0.006123 -0.326525 -0.577959
v 0.007200 -0.320727 -0.593734
v 0.004997 -0.315068 -0.598713
v 0.006413 -0.316089 -0.600890
v 0.004940 -0.311623 -0.605589
v 0.003216 -0.306585 -0.610557
v 0.001586 -0.301619 -0.615246
v 0.003142 -0.303470 -0.616292
v 0.001903 -0.298820 -0.621501
v 0.002439 -0.295885 -0.628430
v 0.003651 -0.294676 -0.633852
v 0.005067 -0.300676 -0.626808
v 0.005367 -0.297735 -0.632907
v 0.007115 -0.302337 -0.629065
v 0.006428 -0.297382 -0.636287
v 0.008421 -0.301659 -0.633482
v 0.007666 -0.296666 -0.640531
v -0.000070 -0.281259 -0.647705
v 0.009096 -0.296126 -0.644901
v 0.009653 -0.301091 -0.637449
v 0.010588 -0.306432 -0.630116
v 0.011441 -0.304654 -0.635357
v 0.010719 -0.300770 -0.640465
v 0.011092 -0.298536 -0.645235
v 0.012157 -0.303148 -0.639718
v 0.012804 -0.301266 -0.644478
v 0.014152 -0.306638 -0.637935
v 0.014588 -0.303693 -0.643970
v 0.015772 -0.307931 -0.639153
v 0.016537 -0.305949 -0.644086
v 0.017549 -0.311464 -0.636537
v 0.018711 -0.310509 -0.640565
v 0.019286 -0.314871 -0.634166
v 0.020640 -0.314892 -0.636826
v 0.021198 -0.320309 -0.628137
v 0.022771 -0.319503 -0.632737
v 0.024126 -0.325537 -0.624289
v 0.024753 -0.322875 -0.630297
v 0.026601 -0.327589 -0.625209
v 0.025977 -0.322661 -0.633006
v 0.024090 -0.318742 -0.636431
v 0.022110 -0.314668 -0.639955
v 0.020032 -0.309513 -0.644908
v 0.017970 -0.306001 -0.646928
v 0.018316 -0.302822 -0.653060
v 0.016281 -0.301291 -0.651630
v 0.014618 -0.300425 -0.649810
v 0.014177 -0.295685 -0.656819
v 0.013157 -0.296823 -0.652855
v 0.012080 -0.292707 -0.657423
v 0.011819 -0.296156 -0.650962
v 0.013395 -0.299647 -0.648479
v 0.009760 -0.293456 -0.651077
v 0.008158 -0.291227 -0.651177
v 0.008468 -0.288442 -0.656525
v 0.008809 -0.284671 -0.663597
v 0.008166 -0.278621 -0.672225
v 0.006003 -0.274317 -0.674329
v 0.006909 -0.273123 -0.678375
v 0.008601 -0.274993 -0.679114
v 0.009869 -0.279832 -0.674079
v 0.010864 -0.278025 -0.679060
v 0.009193 -0.271414 -0.685868
v 0.006926 -0.269003 -0.684735
v 0.007467 -0.265794 -0.690832
v 0.008870 -0.266934 -0.692101
v 0.010403 -0.270108 -0.690428
v 0.009784 -0.264962 -0.696666
v 0.007760 -0.262318 -0.696572
v 0.006160 -0.260789 -0.695372
v 0.005977 -0.263969 -0.690468
v 0.004657 -0.260001 -0.693431
v 0.004924 -0.264186 -0.687799
v 0.003340 -0.259671 -0.691022
v 0.003546 -0.263365 -0.686092
v 0.001780 -0.259107 -0.688363
v 0.002955 -0.265246 -0.681656
v 0.005050 -0.268638 -0.681233
v 0.004036 -0.270681 -0.675706
v -0.000328 -0.255818 -0.688383
v -0.002181 -0.252719 -0.688644
v -0.003784 -0.248854 -0.690247
v -0.005224 -0.248306 -0.687484
v -0.005157 -0.244880 -0.692558
v -0.006525 -0.243290 -0.691390
v -0.007900 -0.242065 -0.689764
v -0.009441 -0.238379 -0.690740
v -0.009947 -0.242336 -0.683844
v -0.010239 -0.246436 -0.676993
v -0.009522 -0.251468 -0.671105
v -0.008127 -0.255449 -0.668685
v -0.011447 -0.240981 -0.681919
v -0.012944 -0.237361 -0.683103
v -0.013455 -0.232281 -0.688611
v -0.013993 -0.227148 -0.693923
v -0.014333 -0.222144 -0.699198
v -0.014572 -0.216638 -0.705279
v -0.013290 -0.221646 -0.702573
v -0.012736 -0.218409 -0.707953
v -0.011869 -0.224662 -0.702493
v -0.011134 -0.222356 -0.707148
v -0.009938 -0.227957 -0.703183
v -0.009867 -0.222589 -0.710097
v -0.011376 -0.217825 -0.712236
v -0.012876 -0.212917 -0.714618
v -0.014227 -0.212321 -0.711544
v -0.015414 -0.211255 -0.709518
v -0.023539 -0.114372 -0.788497
v -0.023836 -0.108181 -0.791853
v -0.024071 -0.101986 -0.795157
v -0.022580 -0.110611 -0.793402
v -0.021983 -0.115794 -0.791577
v -0.021271 -0.110178 -0.797133
v -0.020248 -0.116601 -0.795364
v -0.019063 -0.114967 -0.799719
v -0.018871 -0.120240 -0.796391
v -0.017876 -0.117277 -0.801037
v -0.016514 -0.120163 -0.802240
v -0.015408 -0.122800 -0.803046
v -0.016097 -0.125655 -0.799118
v -0.014575 -0.128078 -0.800729
v -0.014216 -0.122834 -0.805731
v -0.013381 -0.127247 -0.804340
v -0.012876 -0.123344 -0.808587
v -0.012109 -0.129003 -0.805870
v -0.011460 -0.124964 -0.810671
v -0.010805 -0.130152 -0.807885
v -0.009811 -0.127656 -0.812213
v -0.009637 -0.133711 -0.807533
v -0.008445 -0.132177 -0.811551
v -0.008550 -0.128196 -0.814618
v -0.010802 -0.121512 -0.815042
v 0.020239 -0.211366 -0.785640
v 0.022502 -0.216757 -0.782351
v 0.060119 -0.410458 -0.501387
v 0.057771 -0.407016 -0.506500
v 0.059137 -0.406943 -0.508856
v 0.057309 -0.403562 -0.514612
v 0.055022 -0.402181 -0.514377
v 0.055347 -0.399436 -0.521824
v 0.053039 -0.397038 -0.524018
v 0.053801 -0.395132 -0.529711
v 0.056048 -0.397661 -0.527051
v 0.057239 -0.401115 -0.520542
v 0.054558 -0.393390 -0.535079
v 0.052192 -0.390532 -0.538111
v 0.051388 -0.392437 -0.532347
v 0.050452 -0.394349 -0.526349
v 0.052457 -0.398692 -0.518968
v 0.050832 -0.397707 -0.518565
v 0.049080 -0.394325 -0.523970
v 0.047928 -0.390852 -0.530495
v 0.047259 -0.392327 -0.525649
v 0.048957 -0.396301 -0.518747
v 0.050732 -0.400134 -0.512343
v 0.052952 -0.402050 -0.511390
v 0.052397 -0.403440 -0.506639
v 0.050863 -0.402718 -0.505742
v 0.048788 -0.398675 -0.512347
v 0.048761 -0.401539 -0.504741
v 0.047337 -0.401791 -0.501128
v 0.045280 -0.401321 -0.498046
v 0.047274 -0.405878 -0.489740
v 0.045621 -0.404837 -0.488890
v 0.043720 -0.401269 -0.494415
v 0.042469 -0.397764 -0.501277
v 0.040465 -0.395178 -0.503623
v 0.040814 -0.393634 -0.508643
v 0.038406 -0.391009 -0.510155
v 0.039104 -0.394441 -0.502205
v 0.037148 -0.390925 -0.507164
v 0.035900 -0.387315 -0.513845
v 0.036680 -0.386022 -0.519409
v 0.038988 -0.389371 -0.516007
v 0.041058 -0.391706 -0.514551
v 0.039137 -0.387084 -0.522325
v 0.037922 -0.386567 -0.520895
v 0.036878 -0.383730 -0.525786
v 0.037677 -0.382394 -0.530876
v 0.035227 -0.379126 -0.533523
v 0.036081 -0.377500 -0.539390
v 0.033198 -0.373589 -0.542465
v 0.032845 -0.376344 -0.534875
v 0.031142 -0.372093 -0.541367
v 0.030515 -0.368629 -0.548250
v 0.029052 -0.368539 -0.544893
v 0.030233 -0.373336 -0.536052
v 0.032532 -0.378605 -0.528313
v 0.028263 -0.364418 -0.552681
v 0.027711 -0.361027 -0.559242
v 0.026195 -0.356771 -0.565426
v 0.028624 -0.359966 -0.563735
v 0.026885 -0.355055 -0.570744
v 0.024614 -0.351850 -0.572698
v 0.023941 -0.353617 -0.567032
v 0.022303 -0.348397 -0.574795
v 0.021521 -0.350016 -0.569294
v 0.023253 -0.347031 -0.579936
v 0.025472 -0.350460 -0.577681
v 0.024280 -0.345959 -0.584602
v 0.026469 -0.349328 -0.582242
v 0.027703 -0.353787 -0.575328
v 0.028605 -0.352670 -0.579762
v 0.027460 -0.348013 -0.587116
v 0.025417 -0.345104 -0.588749
v 0.023332 -0.341535 -0.591523
v 0.024810 -0.341038 -0.595759
v 0.021975 -0.336017 -0.599821
v 0.021083 -0.338104 -0.593661
v 0.022156 -0.342512 -0.586983
v 0.019657 -0.333461 -0.599842
v 0.019984 -0.331142 -0.605124
v 0.021322 -0.331081 -0.608086
v 0.018888 -0.326280 -0.612087
v 0.016728 -0.320473 -0.618310
v 0.018617 -0.321643 -0.620325
v 0.016520 -0.316290 -0.625664
v 0.014396 -0.314928 -0.623478
v 0.014482 -0.311077 -0.630741
v 0.016217 -0.311870 -0.633007
v 0.012964 -0.307002 -0.634693
v 0.012720 -0.309363 -0.629786
v 0.012279 -0.311546 -0.624787
v 0.013099 -0.316126 -0.618135
v 0.010683 -0.310749 -0.622382
v 0.011428 -0.315637 -0.615000
v 0.009703 -0.311800 -0.617997
v 0.009783 -0.315236 -0.611581
v 0.013132 -0.319257 -0.612183
v 0.015086 -0.319319 -0.616818
v 0.007404 -0.311690 -0.612345
v 0.008078 -0.309687 -0.617897
v 0.008576 -0.307612 -0.623058
v 0.007071 -0.305431 -0.623074
v 0.006092 -0.306313 -0.619045
v 0.005068 -0.308012 -0.613039
v 0.006820 -0.313936 -0.606278
v 0.003929 -0.302211 -0.620919
v 0.009086 -0.305797 -0.627593
v 0.018544 -0.317106 -0.628525
v 0.020294 -0.322571 -0.622178
v 0.022575 -0.326977 -0.618496
v 0.024645 -0.330113 -0.616860
v 0.024175 -0.332358 -0.611636
v 0.026354 -0.334750 -0.611283
v 0.026313 -0.331026 -0.618249
v 0.028202 -0.332898 -0.618272
v 0.027866 -0.335019 -0.613607
v 0.028606 -0.338702 -0.607940
v 0.027318 -0.339401 -0.604205
v 0.029470 -0.343009 -0.601215
v 0.028205 -0.343664 -0.597472
v 0.030196 -0.346774 -0.595046
v 0.031847 -0.347192 -0.597336
v 0.032100 -0.351409 -0.589192
v 0.033708 -0.351635 -0.591696
v 0.034230 -0.349682 -0.596532
v 0.032746 -0.345527 -0.602245
v 0.034794 -0.346892 -0.603008
v 0.036388 -0.352167 -0.595283
v 0.037210 -0.350470 -0.600083
v 0.038152 -0.354199 -0.594223
v 0.039366 -0.353801 -0.596823
v 0.039894 -0.357442 -0.590471
v 0.041315 -0.357196 -0.593208
v 0.040661 -0.353248 -0.599961
v 0.038565 -0.349718 -0.603578
v 0.036299 -0.346043 -0.607182
v 0.034200 -0.342241 -0.610960
v 0.032248 -0.341519 -0.609099
v 0.030786 -0.342292 -0.605028
v 0.029750 -0.337530 -0.612368
v 0.029713 -0.334761 -0.617542
v 0.029005 -0.331329 -0.622532
v 0.030773 -0.334626 -0.619550
v 0.030194 -0.330727 -0.625771
v 0.028114 -0.326782 -0.629308
v 0.027307 -0.322016 -0.636436
v 0.025239 -0.318026 -0.639882
v 0.026470 -0.317216 -0.643403
v 0.028446 -0.321058 -0.640134
v 0.027649 -0.316559 -0.646546
v 0.025713 -0.312182 -0.650683
v 0.024465 -0.313353 -0.646574
v 0.023368 -0.314268 -0.642980
v 0.021752 -0.310978 -0.645654
v 0.020549 -0.306516 -0.651172
v 0.019546 -0.301452 -0.657758
v 0.017738 -0.298090 -0.659873
v 0.018440 -0.296248 -0.664404
v 0.020732 -0.300178 -0.662027
v 0.019638 -0.294308 -0.669832
v 0.017217 -0.291001 -0.670687
v 0.017810 -0.288406 -0.676023
v 0.019671 -0.289853 -0.677184
v 0.021579 -0.294834 -0.672494
v 0.021562 -0.291001 -0.678559
v 0.019764 -0.285839 -0.683704
v 0.017867 -0.284637 -0.682230
v 0.016092 -0.283540 -0.680703
v 0.016069 -0.279538 -0.686872
v 0.014343 -0.278927 -0.684595
v 0.014566 -0.283053 -0.678510
v 0.016212 -0.286745 -0.675635
v 0.015150 -0.287464 -0.672465
v 0.016118 -0.292883 -0.665453
v 0.016128 -0.297113 -0.658451
v 0.014504 -0.292518 -0.662821
v 0.012454 -0.289220 -0.664033
v 0.010796 -0.288223 -0.662072
v 0.010286 -0.284026 -0.668004
v 0.010235 -0.290537 -0.657085
v 0.011671 -0.283662 -0.671656
v 0.013147 -0.283185 -0.675380
v 0.012715 -0.278594 -0.681923
v 0.011105 -0.274436 -0.685184
v 0.012386 -0.273768 -0.688799
v 0.011357 -0.269041 -0.693852
v 0.011409 -0.265696 -0.698885
v 0.012731 -0.270262 -0.694741
v 0.014254 -0.274755 -0.690845
v 0.013819 -0.288115 -0.668711
v 0.015963 -0.274608 -0.694105
v 0.014188 -0.271198 -0.695926
v 0.013050 -0.267017 -0.699974
v 0.011844 -0.262208 -0.704458
v 0.013497 -0.263739 -0.705400
v 0.012280 -0.258562 -0.710299
v 0.013963 -0.260268 -0.711101
v 0.012775 -0.254896 -0.716228
v 0.014631 -0.257049 -0.716552
v 0.013501 -0.251485 -0.721967
v 0.011526 -0.249313 -0.721352
v 0.010984 -0.253180 -0.715183
v 0.010527 -0.257035 -0.709141
v 0.009087 -0.251682 -0.713780
v 0.008791 -0.255656 -0.707780
v 0.007459 -0.250752 -0.711728
v 0.007274 -0.254443 -0.706604
v 0.005841 -0.250610 -0.708892
v 0.005763 -0.245297 -0.715637
v 0.004123 -0.246032 -0.711545
v 0.004461 -0.251059 -0.705392
v 0.006349 -0.256358 -0.702014
v 0.008312 -0.259107 -0.702167
v 0.010133 -0.260843 -0.703157
v 0.004574 -0.255743 -0.699265
v 0.002820 -0.250641 -0.702706
v 0.003121 -0.255442 -0.696626
v 0.001415 -0.250842 -0.699398
v 0.001956 -0.255481 -0.694028
v 0.000110 -0.252084 -0.694803
v -0.000172 -0.247071 -0.701053
v -0.002123 -0.245374 -0.699073
v -0.001445 -0.250933 -0.692863
v -0.002760 -0.248429 -0.693409
v -0.004027 -0.244423 -0.695844
v -0.005969 -0.239698 -0.697518
v -0.007899 -0.238368 -0.694766
v -0.009257 -0.233857 -0.697254
v -0.007862 -0.233202 -0.701587
v -0.011122 -0.231166 -0.696130
v -0.011549 -0.236255 -0.688151
v -0.012615 -0.230656 -0.692955
v -0.012871 -0.226283 -0.697874
v -0.008393 -0.227552 -0.707641
v -0.007246 -0.230838 -0.706072
v -0.006696 -0.228337 -0.710726
v -0.006114 -0.234144 -0.704490
v -0.004633 -0.233406 -0.708951
v -0.004984 -0.227446 -0.715867
v -0.006893 -0.222422 -0.717880
v -0.005411 -0.221665 -0.722313
v -0.007095 -0.217166 -0.723939
v -0.008527 -0.217344 -0.720241
v -0.008438 -0.222539 -0.713914
v -0.010135 -0.216840 -0.716751
v -0.011640 -0.213504 -0.717052
v -0.012709 -0.208192 -0.720934
v -0.014302 -0.207404 -0.717623
v -0.014347 -0.202635 -0.723430
v -0.015886 -0.201427 -0.720566
v -0.015628 -0.206992 -0.714399
v -0.020454 -0.158159 -0.758220
v -0.021153 -0.151982 -0.762763
v -0.019422 -0.155524 -0.763717
v -0.020147 -0.149609 -0.767650
v -0.021748 -0.146167 -0.767006
v -0.022100 -0.140228 -0.771788
v -0.022727 -0.134091 -0.775686
v -0.021423 -0.137096 -0.776206
v -0.021577 -0.132621 -0.779817
v -0.022925 -0.128341 -0.779876
v -0.021470 -0.127319 -0.784288
v -0.022935 -0.121430 -0.785103
v -0.021140 -0.121763 -0.789539
v -0.019762 -0.122586 -0.792292
v -0.020013 -0.127253 -0.788005
v -0.018469 -0.126999 -0.792068
v -0.018972 -0.132373 -0.786561
v -0.017396 -0.133567 -0.789360
v -0.016870 -0.129056 -0.794522
v -0.015811 -0.134513 -0.792300
v -0.015597 -0.130312 -0.796530
v -0.017431 -0.123320 -0.797525
v -0.014441 -0.134099 -0.795940
v -0.014647 -0.139137 -0.791158
v -0.013168 -0.138836 -0.794738
v -0.012927 -0.133104 -0.800349
v -0.011007 -0.135325 -0.802880
v -0.009187 -0.140264 -0.802641
v -0.010578 -0.142089 -0.797769
v -0.011967 -0.138563 -0.797918
v -0.011937 -0.143587 -0.793434
v -0.013365 -0.143847 -0.789833
v -0.014631 -0.143564 -0.787096
v -0.013689 -0.148173 -0.784918
v -0.012022 -0.149661 -0.787504
v -0.012864 -0.152811 -0.782506
v -0.011464 -0.156631 -0.782153
v -0.010517 -0.153796 -0.786968
v -0.009765 -0.158769 -0.783939
v -0.009276 -0.154811 -0.789011
v -0.010319 -0.148673 -0.792375
v -0.009334 -0.145666 -0.797428
v -0.008549 -0.150983 -0.794224
v -0.007974 -0.146416 -0.799828
v -0.007545 -0.141448 -0.805386
v -0.006414 -0.147142 -0.802620
v -0.005876 -0.141776 -0.808739
v -0.007184 -0.136574 -0.810408
v -0.006108 -0.136649 -0.812672
v 0.018267 -0.206498 -0.788247
v 0.018807 -0.212687 -0.781590
v 0.020861 -0.217086 -0.779333
v 0.022344 -0.221255 -0.776324
v 0.024143 -0.223617 -0.775998
v 0.024314 -0.219101 -0.782107
v 0.025526 -0.222730 -0.779157
v 0.026255 -0.227853 -0.773520
v 0.027213 -0.234007 -0.766782
v 0.028238 -0.240137 -0.760071
v 0.029184 -0.245193 -0.754647
v 0.027354 -0.243658 -0.754183
v 0.029024 -0.249026 -0.749378
v 0.053234 -0.388976 -0.543255
v 0.050376 -0.385300 -0.547383
v 0.049771 -0.387796 -0.540669
v 0.048935 -0.389543 -0.535221
v 0.046532 -0.386578 -0.538145
v 0.045684 -0.388141 -0.533051
v 0.045211 -0.389982 -0.527511
v 0.046847 -0.394312 -0.519871
v 0.044559 -0.391716 -0.522018
v 0.046389 -0.396668 -0.512901
v 0.046860 -0.399397 -0.506693
v 0.045158 -0.397560 -0.507863
v 0.042915 -0.396000 -0.507275
v 0.042880 -0.393727 -0.513293
v 0.041594 -0.390094 -0.519880
v 0.039976 -0.385632 -0.527904
v 0.038567 -0.381064 -0.536163
v 0.037123 -0.376011 -0.545293
v 0.034485 -0.372571 -0.547820
v 0.035362 -0.371574 -0.551920
v 0.033423 -0.368243 -0.555404
v 0.032022 -0.368631 -0.551636
v 0.031069 -0.364290 -0.559373
v 0.029663 -0.364488 -0.555904
v 0.030114 -0.360565 -0.565777
v 0.032312 -0.363515 -0.563912
v 0.030074 -0.357718 -0.571949
v 0.028707 -0.357442 -0.569492
v 0.030857 -0.355744 -0.577709
v 0.032481 -0.360367 -0.571170
v 0.032885 -0.358047 -0.576833
v 0.031332 -0.353617 -0.583203
v 0.029547 -0.351742 -0.583527
v 0.029377 -0.348507 -0.589941
v 0.026950 -0.344285 -0.593754
v 0.033509 -0.356340 -0.581638
v 0.034541 -0.359856 -0.576182
v 0.035572 -0.359519 -0.578880
v 0.034559 -0.355380 -0.585671
v 0.035747 -0.354290 -0.589854
v 0.038186 -0.357187 -0.588123
v 0.040480 -0.361169 -0.583810
v 0.041937 -0.360933 -0.586609
v 0.042696 -0.364766 -0.579885
v 0.043764 -0.363943 -0.583250
v 0.043521 -0.360913 -0.588952
v 0.042804 -0.356877 -0.596033
v 0.045115 -0.360714 -0.591663
v 0.044380 -0.356469 -0.598980
v 0.046579 -0.360024 -0.595122
v 0.045773 -0.355787 -0.602299
v 0.043582 -0.352218 -0.606124
v 0.042112 -0.352760 -0.603027
v 0.039847 -0.349008 -0.607020
v 0.037698 -0.345298 -0.610785
v 0.035527 -0.341547 -0.614439
v 0.033751 -0.338681 -0.616924
v 0.032332 -0.338250 -0.615490
v 0.032123 -0.334817 -0.621562
v 0.030999 -0.337406 -0.614764
v 0.031716 -0.330514 -0.628673
v 0.029398 -0.325992 -0.633012
v 0.030778 -0.324777 -0.637442
v 0.033380 -0.330260 -0.631880
v 0.032697 -0.325105 -0.639885
v 0.034973 -0.329590 -0.635502
v 0.036215 -0.335406 -0.626865
v 0.034176 -0.335998 -0.622723
v 0.036899 -0.340628 -0.618288
v 0.039104 -0.344687 -0.614100
v 0.038515 -0.340449 -0.621045
v 0.040632 -0.344308 -0.616965
v 0.039967 -0.340280 -0.623515
v 0.038221 -0.337157 -0.626685
v 0.037290 -0.333286 -0.632250
v 0.039313 -0.336360 -0.629659
v 0.041384 -0.339698 -0.626449
v 0.040616 -0.335473 -0.633017
v 0.042782 -0.338922 -0.629687
v 0.041978 -0.334525 -0.636486
v 0.039810 -0.331049 -0.639723
v 0.038509 -0.332115 -0.636072
v 0.037627 -0.327540 -0.642889
v 0.038990 -0.326406 -0.646585
v 0.036881 -0.323018 -0.649496
v 0.035636 -0.324059 -0.645980
v 0.036327 -0.328582 -0.639253
v 0.034248 -0.324760 -0.642802
v 0.033587 -0.320272 -0.649596
v 0.032242 -0.320540 -0.647004
v 0.031781 -0.316168 -0.653818
v 0.030200 -0.315983 -0.651713
v 0.030619 -0.320381 -0.644871
v 0.029222 -0.319767 -0.643701
v 0.028886 -0.316184 -0.649169
v 0.028022 -0.311027 -0.656604
v 0.027184 -0.312879 -0.652100
v 0.025977 -0.308722 -0.656978
v 0.024443 -0.307541 -0.656342
v 0.024196 -0.303967 -0.661895
v 0.022747 -0.304140 -0.659125
v 0.023568 -0.308671 -0.652953
v 0.021583 -0.305090 -0.655460
v 0.022522 -0.309782 -0.649215
v 0.022052 -0.299431 -0.665784
v 0.023680 -0.299231 -0.668900
v 0.026089 -0.304423 -0.664417
v 0.028244 -0.307514 -0.662784
v 0.027647 -0.303085 -0.669072
v 0.025041 -0.297318 -0.674372
v 0.022988 -0.295010 -0.674640
v 0.023055 -0.292408 -0.679001
v 0.021887 -0.287308 -0.685019
v 0.019733 -0.281482 -0.690479
v 0.017897 -0.280437 -0.688798
v 0.018022 -0.276173 -0.695437
v 0.016521 -0.270797 -0.700662
v 0.014726 -0.268847 -0.700354
v 0.015233 -0.265543 -0.705910
v 0.016879 -0.267153 -0.706512
v 0.015694 -0.262229 -0.711367
v 0.016424 -0.259546 -0.716232
v 0.015372 -0.254017 -0.721916
v 0.014246 -0.248115 -0.727824
v 0.012224 -0.245575 -0.727512
v 0.010113 -0.243393 -0.726576
v 0.010746 -0.238971 -0.733560
v 0.012945 -0.242047 -0.733537
v 0.011782 -0.236911 -0.738271
v 0.013398 -0.238173 -0.739503
v 0.015279 -0.244638 -0.734140
v 0.015217 -0.238976 -0.741546
v 0.017088 -0.244146 -0.737870
v 0.016873 -0.239056 -0.744276
v 0.015089 -0.234100 -0.747856
v 0.016657 -0.234167 -0.750406
v 0.015075 -0.230276 -0.752882
v 0.013404 -0.228543 -0.752237
v 0.014280 -0.225645 -0.757474
v 0.012444 -0.222664 -0.758118
v 0.013178 -0.219677 -0.763388
v 0.011062 -0.216326 -0.763814
v 0.010771 -0.220525 -0.757863
v 0.009595 -0.216116 -0.761323
v 0.009192 -0.211576 -0.766165
v 0.007862 -0.213144 -0.761680
v 0.009211 -0.219040 -0.756833
v 0.010494 -0.223985 -0.752849
v 0.008889 -0.222696 -0.751561
v 0.010247 -0.227843 -0.747456
v 0.011919 -0.228708 -0.749257
v 0.011785 -0.232928 -0.743572
v 0.013481 -0.233602 -0.745655
v 0.011824 -0.224920 -0.754057
v 0.010080 -0.232520 -0.740885
v 0.009097 -0.234371 -0.736532
v 0.008104 -0.229776 -0.740822
v 0.007598 -0.232658 -0.735986
v 0.006543 -0.228005 -0.740032
v 0.006156 -0.230727 -0.735767
v 0.006876 -0.235198 -0.731235
v 0.005109 -0.231595 -0.732441
v 0.005713 -0.237022 -0.726578
v 0.007864 -0.241325 -0.725074
v 0.008719 -0.237668 -0.731528
v 0.009592 -0.247596 -0.719992
v 0.007669 -0.246411 -0.717978
v 0.006348 -0.241881 -0.721364
v 0.004707 -0.239318 -0.721442
v 0.003976 -0.241795 -0.716638
v 0.002813 -0.236900 -0.720777
v 0.002239 -0.241212 -0.713986
v 0.002899 -0.246661 -0.708129
v 0.000851 -0.244353 -0.706979
v 0.000347 -0.238146 -0.713968
v -0.001095 -0.238123 -0.710789
v -0.001080 -0.242653 -0.704965
v -0.002689 -0.238591 -0.706610
v -0.004318 -0.239227 -0.702165
v -0.002982 -0.232644 -0.713747
v -0.003337 -0.225988 -0.721601
v -0.004453 -0.220133 -0.726670
v -0.005903 -0.216270 -0.728148
v -0.007452 -0.212104 -0.729451
v -0.006376 -0.210816 -0.733830
v -0.008113 -0.206615 -0.734688
v -0.008816 -0.208535 -0.730492
v -0.010064 -0.203105 -0.734245
v -0.010016 -0.207860 -0.728374
v -0.008687 -0.212531 -0.725973
v -0.010045 -0.212140 -0.723056
v -0.011181 -0.211545 -0.720731
v -0.011467 -0.206857 -0.725855
v -0.011095 -0.203795 -0.730606
v -0.012203 -0.201853 -0.730150
v -0.013148 -0.202421 -0.727007
v -0.013510 -0.197024 -0.732718
v -0.011852 -0.199169 -0.734425
v -0.013011 -0.193138 -0.738724
v -0.014636 -0.190954 -0.736995
v -0.014895 -0.193990 -0.732555
v -0.016039 -0.189674 -0.734653
v -0.015869 -0.194162 -0.729772
v -0.014581 -0.198030 -0.728615
v -0.015484 -0.198313 -0.725653
v -0.016768 -0.195323 -0.725777
v -0.017323 -0.189900 -0.730995
v -0.017701 -0.183748 -0.737212
v -0.015956 -0.185153 -0.740298
v -0.014334 -0.186835 -0.742711
v -0.012456 -0.188686 -0.745386
v -0.011129 -0.196185 -0.739836
v -0.010432 -0.192830 -0.745602
v -0.011213 -0.186190 -0.751412
v -0.012848 -0.183049 -0.750935
v -0.014068 -0.182451 -0.748396
v -0.013866 -0.178230 -0.753703
v -0.015275 -0.176868 -0.751574
v -0.014876 -0.173782 -0.756041
v -0.016215 -0.171365 -0.755234
v -0.016883 -0.174695 -0.749796
v -0.015736 -0.180704 -0.746233
v -0.017304 -0.178972 -0.743834
v -0.018720 -0.177516 -0.741665
v -0.018834 -0.171999 -0.747628
v -0.019778 -0.164547 -0.753352
v -0.018662 -0.161902 -0.759047
v -0.017377 -0.159278 -0.765070
v -0.018459 -0.152372 -0.769242
v -0.016625 -0.154784 -0.771487
v -0.017725 -0.148411 -0.774945
v -0.015932 -0.150597 -0.777309
v -0.017025 -0.144244 -0.780712
v -0.015257 -0.146521 -0.782769
v -0.016110 -0.140040 -0.786744
v -0.017993 -0.138070 -0.784010
v -0.019287 -0.136334 -0.782246
v -0.018950 -0.141663 -0.778392
v -0.019425 -0.146407 -0.772610
v -0.020472 -0.141282 -0.774765
v -0.020329 -0.136916 -0.779115
v -0.020323 -0.132117 -0.783389
v -0.020838 -0.144711 -0.770814
v -0.014237 -0.152132 -0.779915
v -0.014648 -0.157362 -0.773822
v -0.015477 -0.160720 -0.768235
v -0.014262 -0.162150 -0.769771
v -0.014271 -0.166366 -0.765466
v -0.012807 -0.164029 -0.771505
v -0.012947 -0.157403 -0.777849
v -0.011708 -0.161390 -0.776912
v -0.010911 -0.166351 -0.773809
v -0.011366 -0.169926 -0.769056
v -0.012453 -0.171037 -0.765034
v -0.013654 -0.173466 -0.759557
v -0.012059 -0.176252 -0.760474
v -0.012435 -0.179746 -0.755654
v -0.010988 -0.181092 -0.757887
v -0.010752 -0.175877 -0.764135
v -0.009699 -0.172503 -0.770378
v -0.009529 -0.167579 -0.775886
v -0.010333 -0.162591 -0.778942
v -0.008646 -0.164561 -0.780896
v -0.008527 -0.159727 -0.785883
v -0.007748 -0.157077 -0.790298
v -0.007352 -0.162931 -0.785554
v -0.007171 -0.168006 -0.780984
v -0.005879 -0.167217 -0.784626
v -0.006039 -0.160699 -0.790778
v -0.006810 -0.152945 -0.796459
v -0.005527 -0.151762 -0.800414
v -0.005185 -0.156702 -0.796608
v -0.004211 -0.153911 -0.801244
v -0.004959 -0.148240 -0.804926
v -0.004211 -0.144695 -0.809716
v 0.016273 -0.201994 -0.790316
v 0.017221 -0.207519 -0.785264
v 0.016845 -0.210815 -0.780753
v 0.018207 -0.216941 -0.775351
v 0.016283 -0.214085 -0.775737
v 0.015104 -0.208617 -0.780463
v 0.014620 -0.212222 -0.775176
v 0.015681 -0.216634 -0.771579
v 0.017230 -0.219203 -0.770841
v 0.018690 -0.221795 -0.769948
v 0.019880 -0.221831 -0.771783
v 0.019827 -0.218137 -0.776378
v 0.021197 -0.221802 -0.773853
v 0.022889 -0.226645 -0.770200
v 0.021257 -0.225482 -0.769183
v 0.020030 -0.226593 -0.765890
v 0.022133 -0.230196 -0.764339
v 0.024045 -0.233314 -0.763217
v 0.025151 -0.230496 -0.768467
v 0.026224 -0.236985 -0.761430
v 0.025109 -0.239615 -0.756358
v 0.025910 -0.245325 -0.750015
v 0.023824 -0.241894 -0.751452
v 0.025050 -0.247271 -0.746131
v 0.026681 -0.250652 -0.743999
v 0.027600 -0.248620 -0.747929
v 0.028768 -0.253814 -0.742628
v 0.030309 -0.253190 -0.745463
v 0.030749 -0.257905 -0.739709
v 0.052041 -0.384476 -0.551593
v 0.050907 -0.379749 -0.560272
v 0.049465 -0.380727 -0.556203
v 0.048661 -0.377138 -0.562735
v 0.047270 -0.377118 -0.560757
v 0.047964 -0.380820 -0.553607
v 0.048288 -0.383828 -0.547428
v 0.047401 -0.385001 -0.543301
v 0.044978 -0.382003 -0.546117
v 0.044129 -0.383709 -0.540682
v 0.043560 -0.385625 -0.535056
v 0.041588 -0.380764 -0.542867
v 0.041705 -0.383690 -0.536251
v 0.039760 -0.380391 -0.540301
v 0.040920 -0.384516 -0.532566
v 0.042300 -0.388764 -0.524870
v 0.043005 -0.387370 -0.529796
v 0.043758 -0.393098 -0.516874
v 0.038944 -0.376466 -0.547911
v 0.040205 -0.375988 -0.551419
v 0.038345 -0.373207 -0.554143
v 0.038945 -0.371383 -0.559350
v 0.036664 -0.369524 -0.559225
v 0.036602 -0.366480 -0.565721
v 0.034635 -0.365152 -0.564818
v 0.034892 -0.368459 -0.558022
v 0.036951 -0.372604 -0.552703
v 0.034522 -0.362161 -0.571235
v 0.036272 -0.363138 -0.572338
v 0.037715 -0.363220 -0.574861
v 0.038395 -0.367175 -0.567620
v 0.041198 -0.371968 -0.562077
v 0.039951 -0.366888 -0.570986
v 0.039045 -0.363231 -0.577101
v 0.041113 -0.365324 -0.576170
v 0.039135 -0.361212 -0.581554
v 0.037153 -0.359208 -0.582247
v 0.043790 -0.369163 -0.572438
v 0.045023 -0.367820 -0.577106
v 0.045877 -0.365375 -0.583307
v 0.047378 -0.370498 -0.575004
v 0.048447 -0.368791 -0.580008
v 0.047444 -0.364356 -0.587632
v 0.050694 -0.376676 -0.566635
v 0.048974 -0.375030 -0.567704
v 0.046650 -0.372999 -0.568577
v 0.045078 -0.373755 -0.564566
v 0.045974 -0.377357 -0.558279
v 0.045988 -0.380229 -0.551836
v 0.043263 -0.377253 -0.554022
v 0.043993 -0.375172 -0.559805
v 0.041225 -0.375161 -0.555097
v 0.042511 -0.379122 -0.548484
v 0.042537 -0.370421 -0.567667
v 0.049653 -0.373114 -0.572662
v 0.045062 -0.351631 -0.609220
v 0.042770 -0.347953 -0.613168
v 0.044230 -0.347357 -0.616223
v 0.042037 -0.343779 -0.619946
v 0.043509 -0.343154 -0.622989
v 0.041317 -0.348493 -0.610107
v 0.041153 -0.329923 -0.643444
v 0.040167 -0.324644 -0.651208
v 0.037968 -0.321655 -0.653331
v 0.038731 -0.320174 -0.656824
v 0.037092 -0.317177 -0.659678
v 0.038395 -0.316732 -0.662071
v 0.040039 -0.320589 -0.657759
v 0.039720 -0.317129 -0.663022
v 0.038322 -0.312645 -0.668636
v 0.037120 -0.306675 -0.676896
v 0.036294 -0.308894 -0.672121
v 0.034937 -0.304399 -0.677728
v 0.035540 -0.302223 -0.682004
v 0.033883 -0.299566 -0.684048
v 0.032799 -0.301504 -0.679441
v 0.034273 -0.307788 -0.671271
v 0.031413 -0.303644 -0.673942
v 0.032973 -0.309898 -0.665894
v 0.035156 -0.313516 -0.663039
v 0.033921 -0.314946 -0.659014
v 0.036008 -0.318369 -0.656144
v 0.034863 -0.319580 -0.652543
v 0.033241 -0.316664 -0.655056
v 0.031759 -0.311982 -0.660752
v 0.029938 -0.311689 -0.658478
v 0.029632 -0.307402 -0.665125
v 0.029368 -0.303073 -0.671766
v 0.031056 -0.307227 -0.667481
v 0.029041 -0.298417 -0.678849
v 0.030629 -0.297651 -0.682400
v 0.028414 -0.293295 -0.686154
v 0.029876 -0.292357 -0.689716
v 0.027791 -0.287898 -0.693526
v 0.026514 -0.289468 -0.689199
v 0.025939 -0.285299 -0.694662
v 0.026256 -0.282142 -0.699827
v 0.024346 -0.280991 -0.698685
v 0.024348 -0.275710 -0.706349
v 0.022119 -0.275507 -0.703238
v 0.022888 -0.281470 -0.695637
v 0.024644 -0.285622 -0.692262
v 0.023350 -0.286383 -0.688949
v 0.025233 -0.290267 -0.685924
v 0.027071 -0.294107 -0.682714
v 0.025768 -0.294370 -0.680234
v 0.027329 -0.298438 -0.676153
v 0.024037 -0.291375 -0.682260
v 0.021418 -0.281945 -0.692622
v 0.021185 -0.277876 -0.698337
v 0.020009 -0.273366 -0.702898
v 0.019760 -0.277195 -0.696926
v 0.018178 -0.272074 -0.701835
v 0.018491 -0.268165 -0.707763
v 0.020147 -0.269002 -0.709422
v 0.018373 -0.263080 -0.714665
v 0.017164 -0.264016 -0.711376
v 0.017256 -0.257021 -0.721040
v 0.016294 -0.251294 -0.727102
v 0.017565 -0.249555 -0.731406
v 0.018991 -0.248930 -0.734674
v 0.019215 -0.253305 -0.729171
v 0.021081 -0.254533 -0.730447
v 0.020553 -0.248570 -0.737644
v 0.022437 -0.252717 -0.735025
v 0.021990 -0.247825 -0.740855
v 0.020312 -0.243785 -0.743495
v 0.021568 -0.243663 -0.745681
v 0.023389 -0.246480 -0.744709
v 0.021948 -0.240779 -0.750079
v 0.022118 -0.237405 -0.754820
v 0.020507 -0.235642 -0.754658
v 0.020199 -0.239405 -0.749185
v 0.018321 -0.233446 -0.754115
v 0.018461 -0.238924 -0.747118
v 0.018770 -0.243962 -0.740799
v 0.016119 -0.228972 -0.756328
v 0.015162 -0.223156 -0.762358
v 0.014262 -0.216730 -0.768993
v 0.012228 -0.213755 -0.769052
v 0.010406 -0.210167 -0.770200
v 0.011407 -0.208746 -0.773768
v 0.009962 -0.204310 -0.776376
v 0.008776 -0.206266 -0.771751
v 0.008168 -0.200985 -0.776869
v 0.007344 -0.202895 -0.773007
v 0.007421 -0.207151 -0.768185
v 0.005945 -0.207570 -0.764697
v 0.006080 -0.212712 -0.758801
v 0.004459 -0.208145 -0.760992
v 0.004753 -0.213275 -0.755411
v 0.006158 -0.216722 -0.753995
v 0.007538 -0.217559 -0.755621
v 0.007220 -0.221192 -0.750356
v 0.008599 -0.226492 -0.746035
v 0.006930 -0.224762 -0.745041
v 0.005561 -0.223703 -0.743685
v 0.005373 -0.219068 -0.749395
v 0.003962 -0.220142 -0.745164
v 0.004809 -0.226212 -0.738913
v 0.003302 -0.227091 -0.734738
v 0.003614 -0.232963 -0.727529
v 0.001768 -0.226968 -0.731575
v 0.001469 -0.231275 -0.725417
v 0.000945 -0.234968 -0.719406
v 0.000006 -0.230196 -0.723554
v -0.001150 -0.232250 -0.718476
v -0.001547 -0.226143 -0.725599
v 0.000024 -0.226135 -0.729025
v -0.001461 -0.221468 -0.731693
v -0.003060 -0.221109 -0.728696
v -0.004460 -0.215496 -0.732531
v -0.005167 -0.209246 -0.738557
v -0.006987 -0.204917 -0.739493
v -0.009017 -0.199779 -0.740753
v -0.009037 -0.195022 -0.746569
v -0.007526 -0.199059 -0.745232
v -0.005820 -0.203393 -0.744184
v -0.004094 -0.207301 -0.743478
v -0.003491 -0.212821 -0.738178
v -0.002816 -0.217541 -0.733689
v -0.001762 -0.216445 -0.737464
v -0.002449 -0.210840 -0.743049
v -0.003054 -0.205292 -0.748285
v -0.001307 -0.208770 -0.748008
v -0.002101 -0.202882 -0.753313
v -0.003742 -0.199961 -0.753099
v -0.004699 -0.201790 -0.748707
v -0.005203 -0.196668 -0.753649
v -0.004321 -0.195738 -0.756803
v -0.005425 -0.192152 -0.758497
v -0.006663 -0.192444 -0.755187
v -0.006365 -0.197724 -0.749693
v -0.008218 -0.192716 -0.751305
v -0.009732 -0.190727 -0.749906
v -0.009596 -0.186773 -0.754700
v -0.008179 -0.187336 -0.757644
v -0.009487 -0.181984 -0.760523
v -0.015295 -0.169132 -0.759968
v -0.016869 -0.165718 -0.759534
v -0.015847 -0.164242 -0.763685
v -0.017936 -0.168282 -0.754191
v -0.009268 -0.178090 -0.765472
v -0.008003 -0.177767 -0.768740
v -0.007939 -0.171758 -0.775354
v -0.005759 -0.173527 -0.778420
v -0.004425 -0.171495 -0.783611
v -0.003911 -0.177113 -0.778922
v -0.002894 -0.174790 -0.783587
v -0.002273 -0.180171 -0.779157
v -0.001440 -0.177883 -0.783592
v -0.002009 -0.171751 -0.788847
v -0.003446 -0.169947 -0.787457
v -0.003232 -0.165499 -0.792440
v -0.004625 -0.166105 -0.788693
v -0.004513 -0.161772 -0.793092
v -0.003728 -0.159450 -0.797207
v -0.002755 -0.156660 -0.801907
v -0.003364 -0.150403 -0.806390
v 0.000657 -0.159651 -0.806621
v 0.001728 -0.164700 -0.803880
v 0.002933 -0.166587 -0.804635
v 0.013362 -0.194040 -0.794408
v 0.014517 -0.199217 -0.790500
v 0.015627 -0.205154 -0.785529
v 0.013962 -0.202890 -0.785254
v 0.013354 -0.206566 -0.779889
v 0.012915 -0.210520 -0.774291
v 0.016320 -0.221234 -0.766676
v 0.017222 -0.226906 -0.760859
v 0.019200 -0.229934 -0.760185
v 0.018123 -0.224315 -0.765727
v 0.021214 -0.232677 -0.759648
v 0.023039 -0.235856 -0.758338
v 0.011737 -0.205132 -0.778567
v 0.012044 -0.200291 -0.784928
v 0.012979 -0.197284 -0.789969
v 0.012182 -0.192416 -0.794176
v 0.010871 -0.188914 -0.795718
v 0.009445 -0.186580 -0.795853
v 0.010049 -0.191460 -0.791322
v 0.011459 -0.194414 -0.790596
v 0.010603 -0.196046 -0.787172
v 0.009097 -0.194189 -0.786414
v 0.010377 -0.199807 -0.782440
v 0.008979 -0.198875 -0.780906
v 0.007395 -0.194957 -0.782374
v 0.006630 -0.198309 -0.776902
v 0.005887 -0.193585 -0.780964
v 0.005860 -0.189364 -0.785777
v 0.004556 -0.189799 -0.782671
v 0.004939 -0.195134 -0.777373
v 0.005737 -0.201517 -0.771465
v 0.004111 -0.202484 -0.767056
v 0.003747 -0.196629 -0.773204
v 0.002315 -0.197396 -0.769447
v 0.002478 -0.203378 -0.762605
v 0.003336 -0.209249 -0.757387
v 0.003226 -0.213816 -0.751636
v 0.002160 -0.216299 -0.746288
v 0.001430 -0.211228 -0.751125
v 0.001788 -0.207569 -0.756201
v 0.000423 -0.201491 -0.760555
v 0.000787 -0.196971 -0.766701
v -0.000975 -0.195241 -0.764959
v -0.001387 -0.199516 -0.758899
v -0.002681 -0.193639 -0.763083
v -0.003078 -0.197363 -0.757749
v -0.004161 -0.192545 -0.761009
v -0.005316 -0.187997 -0.763500
v -0.006739 -0.187601 -0.760713
v -0.006594 -0.183078 -0.766102
v -0.005120 -0.183863 -0.768653
v -0.006359 -0.178391 -0.771841
v -0.004691 -0.180107 -0.773826
v -0.003880 -0.184798 -0.770547
v -0.003940 -0.188594 -0.766076
v -0.002302 -0.188908 -0.769250
v -0.003060 -0.182833 -0.774447
v -0.001480 -0.185544 -0.774958
v -0.000427 -0.191247 -0.770687
v 0.000321 -0.187615 -0.776394
v 0.001048 -0.193116 -0.771629
v 0.002078 -0.192051 -0.775046
v 0.001670 -0.186379 -0.780689
v 0.000121 -0.181945 -0.782362
v 0.001285 -0.180528 -0.786463
v -0.000338 -0.176275 -0.787703
v 0.000822 -0.174808 -0.791697
v -0.000621 -0.170870 -0.792716
v 0.000510 -0.169562 -0.796391
v -0.000877 -0.165620 -0.797434
v -0.001782 -0.167253 -0.793812
v -0.000949 -0.182647 -0.779335
v -0.002304 -0.162371 -0.797545
v -0.001328 -0.159973 -0.801987
v -0.001752 -0.153723 -0.806934
v -0.000449 -0.157914 -0.805822
v 0.000267 -0.163767 -0.801717
v 0.001615 -0.169008 -0.799309
v 0.002579 -0.169222 -0.801234
v 0.002742 -0.173496 -0.797110
v 0.003974 -0.172522 -0.800680
v 0.005598 -0.174255 -0.802075
v 0.007220 -0.179260 -0.799733
v 0.005674 -0.178844 -0.797136
v 0.007139 -0.183896 -0.794445
v 0.008386 -0.183753 -0.796999
v 0.008552 -0.188175 -0.792340
v 0.007337 -0.189208 -0.788754
v 0.005716 -0.184040 -0.791546
v 0.004305 -0.184304 -0.788405
v 0.004134 -0.178617 -0.794429
v 0.002595 -0.178640 -0.791161
v 0.002927 -0.185105 -0.784769
v 0.003350 -0.190934 -0.778914
v 0.001674 -0.173114 -0.795194
v -0.008059 -0.182653 -0.763209
v -0.000167 -0.206212 -0.753745
v 0.000432 -0.212568 -0.747223
v 0.001100 -0.218209 -0.741617
v 0.002882 -0.221875 -0.740623
v 0.001854 -0.223059 -0.736896
v 0.000097 -0.220972 -0.735876
v -0.000660 -0.214629 -0.742273
v 0.025334 -0.251652 -0.740690
v 0.027377 -0.256768 -0.736788
v 0.029547 -0.259914 -0.735519
v 0.028832 -0.262983 -0.730353
v 0.030323 -0.264493 -0.730324
v 0.031391 -0.263288 -0.733258
v 0.031796 -0.268217 -0.727088
v 0.033523 -0.286983 -0.702867
v 0.034791 -0.293668 -0.694506
v 0.036209 -0.298227 -0.689282
v 0.035064 -0.298442 -0.687390
v 0.036770 -0.302133 -0.683712
v 0.033308 -0.294885 -0.690556
v 0.032833 -0.290519 -0.696626
v 0.031216 -0.290689 -0.694157
v 0.031886 -0.296081 -0.686805
v 0.029331 -0.288213 -0.695353
v 0.028169 -0.284004 -0.699961
v 0.026750 -0.278381 -0.706119
v 0.025345 -0.272506 -0.712373
v 0.027436 -0.274666 -0.712364
v 0.025984 -0.268975 -0.718189
v 0.024037 -0.266933 -0.718150
v 0.023538 -0.270053 -0.713169
v 0.022123 -0.265225 -0.717661
v 0.022113 -0.270014 -0.710991
v 0.020343 -0.264326 -0.716076
v 0.018923 -0.259637 -0.720174
v 0.020335 -0.258978 -0.723347
v 0.018292 -0.254953 -0.725420
v 0.022593 -0.261194 -0.723792
v 0.024603 -0.263431 -0.723765
v 0.023362 -0.258005 -0.729222
v 0.024034 -0.255789 -0.733284
v 0.023856 -0.251907 -0.738125
v 0.025443 -0.256296 -0.734678
v 0.025177 -0.260091 -0.729121
v 0.026943 -0.261409 -0.729925
v 0.028358 -0.266726 -0.724660
v 0.026508 -0.265277 -0.724021
v 0.027902 -0.270621 -0.718693
v 0.029468 -0.276053 -0.713274
v 0.029833 -0.271805 -0.719646
v 0.031407 -0.276634 -0.714977
v 0.031632 -0.272439 -0.721149
v 0.030191 -0.267903 -0.725423
v 0.032929 -0.276604 -0.716983
v 0.033137 -0.281018 -0.711039
v 0.031295 -0.281341 -0.708183
v 0.031280 -0.286133 -0.701154
v 0.029128 -0.280979 -0.705787
v 0.029819 -0.286059 -0.699255
v 0.036544 -0.312747 -0.666235
v 0.026050 -0.340023 -0.600463
v 0.026091 -0.344565 -0.591421
v 0.023717 -0.335364 -0.604865
v 0.022491 -0.330527 -0.611653
v 0.020705 -0.326596 -0.615417
v 0.025488 -0.336373 -0.606518
v -0.008395 -0.136844 -0.807543
v 0.032396 -0.380617 -0.522807
v 0.034251 -0.382969 -0.521419
v 0.034716 -0.381139 -0.527286
v -0.012288 -0.118147 -0.814018
v -0.013893 -0.117623 -0.810615
v 0.053691 -0.413362 -0.482290
v -0.019445 -0.082541 -0.818791
v -0.008145 -0.269571 -0.644702
v 0.006753 -0.340680 -0.546621
v 0.007351 -0.344060 -0.539874
v 0.008967 -0.344988 -0.543590
v 0.009770 -0.349985 -0.533168
v 0.007434 -0.346814 -0.532990
v 0.012412 -0.355219 -0.528904
v 0.016143 -0.360718 -0.527260
v 0.029052 -0.395417 -0.467926
v 0.031419 -0.399044 -0.464632
v 0.032471 -0.402234 -0.457538
v 0.034267 -0.405733 -0.452077
v 0.034489 -0.407672 -0.445607
v 0.035856 -0.410859 -0.439023
v 0.035317 -0.411405 -0.434671
v 0.035877 -0.413584 -0.429019
v 0.037648 -0.417613 -0.421967
v 0.039927 -0.421471 -0.417128
v 0.022203 -0.403788 -0.391674
v 0.038888 -0.430779 -0.375504
v 0.040155 -0.431093 -0.380554
v 0.037529 -0.427323 -0.383993
v 0.049743 -0.446030 -0.355731
v 0.051914 -0.448142 -0.355379
v 0.051781 -0.446395 -0.363396
v 0.054504 -0.452294 -0.346349
v 0.053741 -0.452949 -0.339538
v 0.051762 -0.449501 -0.347943
v 0.051390 -0.450421 -0.341156
v 0.065493 -0.463775 -0.331236
v 0.067942 -0.469982 -0.306388
v -0.457265 -0.295231 -0.242877
v -0.467719 -0.273560 -0.247395
v -0.473291 -0.257627 -0.251877
v -0.444647 -0.213807 -0.391381
v -0.451073 -0.219638 -0.363706
v -0.475587 -0.245013 -0.256626
v -0.476588 -0.237931 -0.260618
v -0.443214 -0.214983 -0.438057
v -0.390758 -0.197502 -0.356880
v -0.363516 -0.183851 -0.384849
v -0.370975 -0.189508 -0.373843
v -0.412126 -0.206216 -0.337727
v -0.276569 -0.437904 -0.246170
v -0.443394 -0.210336 -0.441154
v -0.443394 -0.210336 -0.441154
v -0.246106 -0.446416 -0.253492
v -0.358791 -0.188230 -0.596929
v -0.209873 -0.456070 -0.259638
v -0.272324 -0.079106 -0.728096
v -0.086552 -0.019851 -0.811788
v 0.073460 -0.486787 -0.272928
v 0.073460 -0.486787 -0.272928
v 0.073460 -0.486787 -0.272928
v 0.076529 -0.484555 -0.276438
v 0.076529 -0.484555 -0.276438
v 0.011260 -0.403300 -0.376313
v 0.011260 -0.403300 -0.376313
v -0.043963 -0.027115 -0.820198
v -0.099043 -0.015809 -0.809934
v -0.072818 -0.023876 -0.815540
v -0.261058 -0.070377 -0.745027
v -0.055675 -0.026785 -0.818329
v -0.055675 -0.026785 -0.818329
v -0.041945 -0.030007 -0.817528
v 0.018677 -0.217512 -0.786370
v 0.083742 -0.480122 -0.303683
v 0.083920 -0.482077 -0.295232
v 0.083750 -0.485672 -0.279391
v 0.083750 -0.485672 -0.279391
v 0.083750 -0.485672 -0.279391
v 0.083167 -0.475940 -0.321323
v 0.083458 -0.478112 -0.312334
v 0.083458 -0.478112 -0.312334
v 0.083458 -0.478112 -0.312334
v 0.082430 -0.485059 -0.275621
v 0.082430 -0.485059 -0.275621
v 0.082430 -0.485059 -0.275621
v 0.076912 -0.480248 -0.283386
v 0.076912 -0.480248 -0.283386
v 0.073772 -0.477323 -0.288321
v 0.070449 -0.473985 -0.294074
v 0.079894 -0.466811 -0.357799
v 0.081963 -0.471537 -0.339392
v 0.080941 -0.469197 -0.348644
v 0.079723 -0.482753 -0.279429
v 0.063521 -0.466631 -0.306032
v 0.059844 -0.462798 -0.311746
v 0.056184 -0.458955 -0.317037
v 0.045687 -0.446224 -0.333508
v 0.078686 -0.464127 -0.367341
v 0.049086 -0.450771 -0.327719
v 0.052554 -0.454983 -0.322305
v 0.038593 -0.436191 -0.345196
v 0.034862 -0.430988 -0.350316
v 0.075095 -0.454753 -0.396831
v 0.076184 -0.458028 -0.387084
v 0.077310 -0.461156 -0.377267
v 0.031260 -0.425794 -0.355186
v 0.013015 -0.377401 -0.457836
v 0.013582 -0.380722 -0.449172
v 0.013757 -0.383939 -0.440654
v 0.012459 -0.373828 -0.466700
v 0.011582 -0.370100 -0.475759
v 0.010676 -0.366271 -0.484638
v 0.009493 -0.362209 -0.493704
v 0.008417 -0.357955 -0.502717
v 0.072049 -0.445131 -0.424141
v 0.073024 -0.448403 -0.415199
v 0.074034 -0.451550 -0.406191
v 0.027834 -0.420574 -0.360371
v 0.024951 -0.415615 -0.365309
v 0.024951 -0.415615 -0.365309
v 0.014510 -0.386658 -0.433113
v 0.016027 -0.391530 -0.418864
v 0.015324 -0.389128 -0.425890
v 0.016803 -0.393816 -0.411838
v 0.007179 -0.353631 -0.511800
v 0.004915 -0.344280 -0.529906
v 0.003805 -0.339316 -0.538841
v 0.070325 -0.438159 -0.442067
v 0.071139 -0.441725 -0.433081
v 0.022326 -0.407123 -0.373318
v 0.022326 -0.407123 -0.373318
v 0.022326 -0.407123 -0.373318
v 0.021983 -0.402345 -0.382326
v 0.021983 -0.402345 -0.382326
v 0.023569 -0.411186 -0.369527
v -0.004778 -0.298184 -0.602085
v -0.005731 -0.292761 -0.609659
v -0.006611 -0.287256 -0.617175
v -0.007606 -0.281254 -0.625224
v -0.003834 -0.303411 -0.594668
v -0.002991 -0.308504 -0.587317
v -0.001933 -0.313629 -0.579827
v -0.000715 -0.318812 -0.572123
v 0.000454 -0.323979 -0.564253
v 0.002700 -0.334253 -0.547608
v -0.026092 -0.037667 -0.815861
v -0.025578 -0.034020 -0.816541
v -0.025578 -0.034020 -0.816541
v -0.023945 -0.031158 -0.821110
v -0.023945 -0.031158 -0.821110
v -0.023891 -0.038570 -0.821758
v -0.023938 -0.034003 -0.821570
v -0.023779 -0.044560 -0.821936
v 0.069332 -0.434312 -0.451365
v -0.011771 -0.254018 -0.659945
v -0.012598 -0.248756 -0.666335
v -0.011011 -0.259304 -0.653415
v -0.013348 -0.243607 -0.672439
v -0.027282 -0.054415 -0.811431
v -0.026525 -0.042512 -0.814844
v -0.026918 -0.048171 -0.813510
v -0.016018 -0.090578 -0.822540
v -0.014394 -0.098371 -0.822098
v -0.012827 -0.106301 -0.821188
v 0.067054 -0.426244 -0.469908
v 0.068336 -0.430380 -0.460552
v -0.014038 -0.238592 -0.678281
v -0.014661 -0.233487 -0.684050
v -0.015078 -0.228366 -0.689597
v -0.015671 -0.218020 -0.700268
v -0.025215 -0.105950 -0.789549
v -0.025513 -0.099723 -0.792673
v -0.027544 -0.060824 -0.809204
v -0.027319 -0.073931 -0.804265
v -0.027541 -0.067421 -0.806714
v -0.026901 -0.080474 -0.801593
v -0.026421 -0.086945 -0.798742
v -0.025939 -0.093390 -0.795701
v -0.011113 -0.114431 -0.819761
v 0.065591 -0.421990 -0.479234
v 0.064080 -0.417700 -0.488384
v 0.062560 -0.413359 -0.497446
v -0.016045 -0.212794 -0.705508
v -0.016579 -0.207518 -0.710798
v -0.017110 -0.202208 -0.715963
v -0.022310 -0.154121 -0.757741
v -0.022310 -0.154121 -0.757741
v -0.023385 -0.142129 -0.766731
v -0.023385 -0.142129 -0.766731
v -0.023888 -0.136087 -0.771027
v -0.024718 -0.118264 -0.782520
v -0.009100 -0.122504 -0.818125
v 0.021688 -0.209996 -0.789727
v 0.019490 -0.205093 -0.792190
v 0.023773 -0.214279 -0.787472
v 0.025788 -0.218120 -0.785348
v 0.025788 -0.218120 -0.785348
v 0.028284 -0.231126 -0.771980
v 0.028284 -0.231126 -0.771980
v 0.061028 -0.408986 -0.506418
v -0.017747 -0.196789 -0.721171
v -0.018303 -0.191312 -0.726341
v -0.018946 -0.185498 -0.731707
v -0.019600 -0.179488 -0.737123
v -0.020245 -0.173218 -0.742519
v -0.021610 -0.160416 -0.752865
v -0.022843 -0.148107 -0.762284
v -0.024502 -0.124265 -0.778964
v -0.024180 -0.130306 -0.775057
v -0.006896 -0.130247 -0.816583
v 0.017332 -0.199815 -0.794551
v 0.027100 -0.224747 -0.778864
v 0.030121 -0.243317 -0.758432
v 0.030971 -0.249362 -0.751541
v 0.030971 -0.249362 -0.751541
v 0.030971 -0.249362 -0.751541
v 0.055696 -0.392064 -0.539697
v 0.056861 -0.396171 -0.531826
v 0.058121 -0.400342 -0.523690
v 0.059478 -0.404584 -0.515282
v -0.020867 -0.166850 -0.747684
v -0.004545 -0.137861 -0.814958
v 0.002044 -0.159659 -0.809620
v 0.014895 -0.193847 -0.797188
v 0.032476 -0.261328 -0.737305
v 0.032476 -0.261328 -0.737305
v 0.031792 -0.255390 -0.744425
v 0.053594 -0.383934 -0.554905
v 0.054642 -0.388017 -0.547330
v 0.054642 -0.388017 -0.547330
v 0.047272 -0.355153 -0.605424
v 0.048138 -0.359373 -0.598342
v 0.049012 -0.363560 -0.591215
v 0.049778 -0.367611 -0.584177
v 0.050688 -0.371712 -0.576959
v 0.051612 -0.375782 -0.569704
v 0.052541 -0.379818 -0.562405
v 0.052541 -0.379818 -0.562405
v 0.046429 -0.350896 -0.612458
v 0.044911 -0.342356 -0.626254
v 0.045709 -0.346698 -0.619292
v 0.044119 -0.337982 -0.633150
v -0.002243 -0.145284 -0.813271
v -0.000064 -0.152567 -0.811486
v 0.004319 -0.166758 -0.807484
v 0.006840 -0.173799 -0.805126
v 0.009587 -0.180782 -0.802518
v 0.012219 -0.187377 -0.799958
v 0.033138 -0.267282 -0.730088
v 0.033883 -0.273379 -0.722643
v 0.035220 -0.285052 -0.707969
v 0.036027 -0.290658 -0.700745
v 0.037783 -0.301054 -0.686789
v 0.038788 -0.306020 -0.679944
v 0.038788 -0.306020 -0.679944
v 0.036865 -0.295999 -0.693662
v 0.036865 -0.295999 -0.693662
v 0.043344 -0.333550 -0.639976
v 0.042704 -0.329186 -0.646604
v 0.041969 -0.324674 -0.653322
v 0.041268 -0.320109 -0.659990
v 0.041268 -0.320109 -0.659990
v 0.039622 -0.310726 -0.673361
v 0.039622 -0.310726 -0.673361
v 0.040430 -0.315437 -0.666694
v 0.034549 -0.279320 -0.715221
v 0.029253 -0.237276 -0.765196
v -0.015429 -0.223128 -0.695025
v -0.017853 -0.082851 -0.822563
v -0.019619 -0.075079 -0.822471
v -0.021219 -0.067214 -0.822338
v -0.022568 -0.059232 -0.822243
v -0.023317 -0.051700 -0.822019
v -0.010159 -0.264913 -0.646407
v -0.009236 -0.271014 -0.638632
v 0.020317 -0.400263 -0.389488
v 0.042245 -0.441352 -0.339428
v 0.067064 -0.470404 -0.300031
v 0.082688 -0.473729 -0.330369
v 0.082688 -0.473729 -0.330369
v 0.083862 -0.483926 -0.287177
v 0.083862 -0.483926 -0.287177
v 0.083862 -0.483926 -0.287177
v 0.061222 -0.488353 -0.271342
f 38 97 92
f 38 1289 37
f 37 97 38
f 7 17 6
f 40 28 64
f 75 14 52
f 60 28 116
f 28 60 64
f 31 61 137
f 96 124 94
f 95 96 94
f 93 141 247
f 158 3400 151
f 155 161 70
f 133 110 49
f 114 136 55
f 155 144 105
f 147 104 106
f 110 169 171
f 2 274 1287
f 137 281 140
f 66 140 281
f 242 205 333
f 206 183 1284
f 261 162 148
f 3410 154 3404
f 154 3410 190
f 109 170 173
f 221 108 238
f 221 276 108
f 199 198 178
f 198 179 178
f 300 900 904
f 917 900 300
f 300 298 917
f 1282 298 297
f 1282 917 298
f 1282 915 917
f 208 188 184
f 208 911 188
f 1171 911 295
f 294 295 911
f 1171 188 911
f 914 188 1171
f 914 1281 293
f 914 1171 982
f 982 912 913
f 916 913 912
f 914 982 913
f 295 296 1171
f 982 1171 296
f 296 912 982
f 916 912 981
f 916 981 900
f 913 916 915
f 914 913 915
f 915 1281 914
f 915 916 917
f 916 900 917
f 902 904 900
f 900 892 902
f 900 981 892
f 981 980 978
f 978 892 981
f 978 889 892
f 889 902 892
f 889 890 902
f 904 902 890
f 889 249 218
f 889 218 214
f 890 889 214
f 214 309 890
f 889 978 249
f 291 245 980
f 980 249 978
f 980 245 249
f 340 249 245
f 263 75 252
f 344 888 346
f 347 979 227
f 227 979 888
f 888 979 348
f 346 888 348
f 232 330 240
f 330 232 345
f 354 356 196
f 410 243 432
f 310 273 182
f 340 245 275
f 260 282 1279
f 1279 282 256
f 279 256 282
f 299 348 884
f 312 310 311
f 290 886 275
f 290 314 886
f 256 424 364
f 225 252 373
f 1280 324 253
f 976 380 885
f 304 426 305
f 331 426 304
f 331 322 426
f 312 311 326
f 328 326 329
f 312 326 328
f 336 328 327
f 334 313 279
f 387 1278 299
f 499 326 490
f 367 462 406
f 406 464 367
f 407 405 412
f 395 399 401
f 440 496 404
f 442 437 402
f 405 516 975
f 516 511 975
f 412 405 466
f 405 975 466
f 380 471 977
f 418 417 974
f 418 386 417
f 974 417 416
f 416 469 974
f 416 479 469
f 479 419 469
f 606 609 392
f 498 609 606
f 488 391 608
f 1216 467 378
f 880 463 1241
f 1241 973 880
f 882 1270 883
f 1241 1270 882
f 882 973 1241
f 882 883 969
f 882 969 973
f 372 880 973
f 372 973 379
f 881 379 973
f 460 461 881
f 881 461 379
f 372 463 880
f 542 540 879
f 540 883 879
f 540 969 883
f 470 969 540
f 460 969 470
f 460 973 969
f 881 973 460
f 531 532 609
f 509 488 608
f 488 509 612
f 530 1223 1226
f 1255 1223 530
f 1233 1222 536
f 1233 536 539
f 970 543 1247
f 564 541 1271
f 526 528 527
f 500 1251 519
f 971 530 1226
f 550 539 1221
f 550 1233 539
f 549 537 538
f 549 551 537
f 514 561 510
f 1225 870 968
f 1225 968 966
f 972 871 570
f 870 871 968
f 871 972 968
f 966 968 972
f 966 972 967
f 967 972 1234
f 1232 1236 971
f 971 1236 1240
f 530 971 1240
f 966 1237 1230
f 966 967 1237
f 1251 1228 870
f 1228 871 870
f 1228 872 871
f 570 872 674
f 871 872 570
f 1234 972 570
f 1206 1217 1260
f 1206 579 1217
f 661 1215 1220
f 1259 587 725
f 1250 563 568
f 580 1203 1204
f 1199 573 1198
f 573 1199 1200
f 1200 574 573
f 660 676 688
f 1211 1208 1219
f 1211 965 1208
f 660 965 1211
f 660 688 965
f 689 965 688
f 691 965 689
f 1239 731 722
f 630 583 581
f 630 581 603
f 869 610 711
f 711 610 708
f 613 1192 611
f 613 611 1194
f 614 711 708
f 711 615 714
f 633 693 629
f 694 584 728
f 699 733 700
f 671 635 655
f 617 619 679
f 646 623 622
f 620 623 646
f 624 1199 677
f 625 688 755
f 988 984 1170
f 3639 1185 633
f 1185 3639 750
f 3417 991 3642
f 630 3642 991
f 650 779 771
f 651 650 771
f 651 771 781
f 651 781 649
f 1191 864 1204
f 1196 1204 714
f 1196 1191 1204
f 756 689 625
f 1186 683 600
f 773 743 774
f 773 772 777
f 832 652 675
f 652 832 673
f 832 1184 673
f 1184 832 709
f 993 1169 833
f 994 1169 993
f 1168 997 724
f 725 802 1181
f 803 712 735
f 765 717 686
f 842 686 737
f 842 812 686
f 841 814 763
f 1000 1167 802
f 802 1167 1004
f 802 1004 1181
f 768 712 683
f 719 686 717
f 749 846 748
f 768 791 712
f 887 712 791
f 735 712 887
f 835 735 887
f 717 716 887
f 716 835 887
f 854 778 744
f 785 1174 786
f 729 754 794
f 753 793 760
f 1009 1021 1181
f 767 719 964
f 805 741 797
f 1028 1027 1029
f 824 930 891
f 809 1051 1053
f 1165 1164 1041
f 961 3633 1163
f 961 1163 1058
f 1058 1057 961
f 863 961 820
f 960 925 961
f 960 863 940
f 929 796 924
f 858 931 929
f 924 960 858
f 924 858 929
f 960 961 863
f 863 820 940
f 1157 940 820
f 960 941 858
f 1054 1162 808
f 808 1162 1161
f 808 1161 1160
f 808 1160 1159
f 1158 808 1159
f 825 823 1072
f 934 1064 1065
f 837 1157 948
f 1097 946 1110
f 1112 946 1097
f 1111 3556 1156
f 956 1147 1153
f 956 1152 1151
f 956 1153 1152
f 1154 3619 3621
f 959 857 958
f 857 963 958
f 1151 1150 857
f 857 1150 1149
f 857 1149 1135
f 963 857 1135
f 1145 956 1144
f 1148 956 1145
f 857 959 957
f 957 1151 857
f 957 956 1151
f 956 1148 1147
f 1146 3612 3614
f 1155 1144 955
f 955 1143 1155
f 1142 1143 955
f 1141 1120 1109
f 962 1141 1109
f 1140 1141 962
f 1139 1140 962
f 862 1137 1119
f 1136 1137 862
f 963 1135 1133
f 963 1134 1132
f 963 1133 1134
f 1132 1125 963
f 1172 1130 1131
f 1129 1130 1172
f 1172 1128 1129
f 963 1127 1128
f 963 1126 1127
f 963 1125 1126
f 3595 1123 1124
f 958 963 1172
f 963 1128 1172
f 954 957 959
f 954 956 957
f 955 1144 956
f 3572 1122 1121
f 1138 1139 962
f 862 1138 962
f 862 1119 1138
f 1118 1136 862
f 1117 1104 860
f 860 1103 1117
f 859 1116 1098
f 1115 1116 859
f 859 1114 1115
f 859 1113 1114
f 859 3587 1113
f 859 1131 3587
f 1172 1131 859
f 947 958 1172
f 947 944 958
f 944 839 958
f 959 958 839
f 839 937 959
f 937 954 959
f 956 954 955
f 955 815 3583
f 955 3583 1142
f 962 1109 1094
f 942 1118 862
f 1108 1118 942
f 951 1087 1088
f 1105 3546 3544
f 838 1101 1102
f 860 1104 838
f 838 1102 860
f 1103 860 1102
f 1101 948 1100
f 948 1086 1100
f 1099 1100 1086
f 1083 859 1098
f 947 830 944
f 819 944 830
f 815 955 954
f 1112 3583 815
f 3556 1111 3573
f 953 1096 1110
f 3431 1095 3554
f 3431 1093 1095
f 949 1094 1093
f 962 1094 949
f 949 952 962
f 817 862 962
f 942 1092 1108
f 1080 1092 942
f 1091 3529 1090
f 822 1107 1106
f 822 951 1107
f 1089 1107 951
f 951 1088 1089
f 951 1104 1087
f 1104 951 838
f 824 837 838
f 837 948 838
f 1101 838 948
f 948 1085 1086
f 948 1084 1085
f 859 1083 1082
f 859 1082 1081
f 836 1081 1066
f 836 859 1081
f 945 859 836
f 1172 859 945
f 938 819 828
f 918 937 839
f 946 852 1110
f 950 852 943
f 950 1110 852
f 950 953 1110
f 950 1093 3431
f 950 949 1093
f 950 943 949
f 943 952 949
f 1065 1080 942
f 825 1078 1077
f 825 1077 1075
f 825 1076 1074
f 825 1075 1076
f 1060 825 1074
f 825 1072 1078
f 1079 1078 1072
f 1072 1073 1079
f 823 3549 1072
f 823 1106 3549
f 823 822 1106
f 930 951 822
f 930 838 951
f 824 838 930
f 821 837 824
f 941 940 837
f 941 837 821
f 932 941 821
f 940 1157 837
f 948 1071 1084
f 948 1157 1071
f 820 1070 1157
f 1069 1070 820
f 820 1068 1069
f 820 1059 1068
f 836 1067 1055
f 1067 836 1066
f 921 1172 945
f 947 1172 921
f 818 828 830
f 819 830 828
f 819 938 1175
f 819 896 944
f 896 839 944
f 896 918 839
f 937 815 954
f 1112 815 946
f 852 784 943
f 816 862 817
f 942 862 816
f 934 1065 942
f 1158 1063 934
f 1063 1064 934
f 1061 935 1062
f 935 825 1062
f 825 1060 1062
f 933 823 825
f 941 960 940
f 961 1059 820
f 961 1057 1059
f 1056 1057 1058
f 923 1055 1031
f 923 836 1055
f 945 836 923
f 1180 1176 939
f 1176 945 939
f 1176 921 945
f 830 947 920
f 760 828 818
f 938 828 760
f 793 938 760
f 794 938 793
f 794 922 938
f 922 1175 938
f 1175 897 819
f 897 896 819
f 807 943 784
f 952 943 807
f 817 962 952
f 808 1158 747
f 747 1158 934
f 809 1053 1052
f 1052 1054 809
f 1050 936 1049
f 3505 3507 3430
f 3430 3507 810
f 1174 895 3424
f 3430 810 3428
f 3429 811 936
f 811 1049 936
f 811 1061 1049
f 811 935 1061
f 778 933 935
f 933 825 935
f 823 933 804
f 804 822 823
f 775 891 822
f 891 930 822
f 783 932 821
f 806 932 783
f 806 931 932
f 931 941 932
f 931 858 941
f 929 931 797
f 741 929 797
f 741 796 929
f 796 928 924
f 924 928 909
f 905 1030 1048
f 1046 3503 1047
f 905 1048 3502
f 927 3502 1045
f 927 926 907
f 905 3502 927
f 927 1045 1044
f 927 1044 1043
f 1043 1042 927
f 926 927 1042
f 925 907 961
f 907 926 961
f 1038 926 1042
f 925 909 907
f 960 909 925
f 960 924 909
f 961 926 3633
f 3497 3633 926
f 1040 3497 926
f 1039 1040 926
f 926 1038 1039
f 1036 767 1037
f 1036 1026 767
f 1023 767 1025
f 767 1023 1012
f 901 1166 1037
f 1166 901 790
f 1034 1166 790
f 768 1179 899
f 877 899 1179
f 1033 1022 1035
f 877 3477 3488
f 877 3488 3422
f 3491 3423 3489
f 923 1031 1032
f 1178 923 1032
f 939 923 1173
f 939 945 923
f 939 1173 1180
f 1180 1173 875
f 792 1176 1180
f 920 947 921
f 818 830 920
f 727 918 896
f 727 937 918
f 919 815 937
f 898 815 919
f 815 898 946
f 759 852 946
f 946 851 759
f 809 3424 1051
f 809 1054 3424
f 1054 786 3424
f 1174 3424 786
f 811 3429 744
f 933 778 894
f 894 804 933
f 894 776 804
f 776 775 804
f 775 822 804
f 746 776 893
f 746 775 776
f 891 821 824
f 821 891 783
f 931 738 850
f 931 806 738
f 850 805 931
f 797 931 805
f 782 796 741
f 909 910 908
f 909 928 910
f 909 908 907
f 908 927 907
f 908 905 927
f 769 906 903
f 769 903 734
f 1017 906 1016
f 1017 903 906
f 905 734 903
f 910 734 905
f 905 908 910
f 903 1030 905
f 903 3484 1030
f 3484 903 3483
f 903 1017 3483
f 767 1026 1024
f 1024 1025 767
f 767 1012 1011
f 769 1011 906
f 769 767 1011
f 964 1037 767
f 964 901 1037
f 887 901 964
f 791 901 887
f 791 899 901
f 899 790 901
f 899 877 3422
f 768 899 791
f 1181 3477 877
f 1181 1021 3477
f 876 1020 1006
f 876 1019 1020
f 876 1018 1019
f 1032 1018 876
f 1178 1032 876
f 1173 923 1178
f 1178 1177 1173
f 875 1173 1177
f 875 792 1180
f 874 792 875
f 920 1176 792
f 920 921 1176
f 760 818 866
f 834 794 793
f 834 729 794
f 795 1175 922
f 1175 795 897
f 727 897 795
f 727 896 897
f 946 898 851
f 898 919 851
f 855 852 759
f 788 784 852
f 788 807 784
f 861 816 817
f 861 942 816
f 786 1054 808
f 779 786 808
f 1174 785 868
f 895 1174 868
f 3426 744 3429
f 744 778 811
f 935 811 778
f 778 854 894
f 894 853 776
f 746 891 775
f 746 783 891
f 848 806 783
f 845 741 805
f 782 814 867
f 739 814 782
f 867 796 782
f 867 928 796
f 867 780 928
f 780 910 928
f 910 780 734
f 1014 1016 906
f 1016 1014 1015
f 1014 906 1013
f 1013 906 1010
f 906 1011 1010
f 769 737 767
f 737 719 767
f 717 964 719
f 717 887 964
f 1181 877 710
f 710 877 1179
f 1181 1005 1009
f 876 1006 1007
f 1178 876 878
f 1177 1178 878
f 732 878 833
f 1177 878 732
f 875 1177 752
f 920 792 873
f 866 920 873
f 818 920 866
f 866 873 731
f 798 866 731
f 798 760 866
f 753 760 798
f 834 793 753
f 754 922 794
f 754 795 922
f 709 727 795
f 727 919 937
f 919 727 865
f 865 851 919
f 675 851 865
f 817 952 807
f 934 942 861
f 747 934 706
f 771 808 864
f 868 785 749
f 749 748 868
f 847 3426 3416
f 847 744 3426
f 854 744 847
f 854 853 894
f 829 776 853
f 829 893 776
f 849 893 829
f 849 746 893
f 849 848 746
f 848 783 746
f 745 806 848
f 745 738 806
f 738 745 850
f 843 844 850
f 805 850 844
f 845 739 741
f 739 782 741
f 739 840 761
f 761 605 739
f 739 605 604
f 814 739 604
f 780 841 842
f 841 867 814
f 841 780 867
f 842 734 780
f 842 769 734
f 842 737 769
f 1181 1004 1005
f 1001 993 833
f 833 1008 1001
f 1007 1008 833
f 833 876 1007
f 878 876 833
f 874 875 752
f 873 792 874
f 731 873 874
f 672 729 834
f 718 729 672
f 757 754 729
f 1184 795 754
f 709 795 1184
f 709 865 727
f 832 675 865
f 1182 759 851
f 1182 855 759
f 855 788 852
f 654 817 807
f 707 817 654
f 861 817 707
f 706 934 861
f 808 747 706
f 781 771 864
f 772 785 786
f 772 749 785
f 772 856 749
f 3425 846 749
f 846 847 3416
f 854 847 831
f 827 854 831
f 827 853 854
f 745 848 849
f 826 850 745
f 850 826 843
f 844 843 697
f 696 700 844
f 634 696 697
f 696 844 697
f 845 844 700
f 845 805 844
f 762 739 845
f 762 840 739
f 840 813 761
f 812 842 841
f 737 686 719
f 717 765 716
f 685 803 716
f 803 835 716
f 803 735 835
f 768 683 681
f 1179 768 681
f 710 1179 681
f 801 637 710
f 637 1181 710
f 802 1002 1000
f 724 1003 1002
f 724 999 1003
f 724 998 999
f 724 997 998
f 989 996 990
f 993 995 994
f 732 833 800
f 752 1177 732
f 662 798 731
f 723 753 798
f 723 834 753
f 718 757 729
f 757 625 754
f 756 625 757
f 625 1184 754
f 709 832 865
f 675 1182 851
f 1182 677 855
f 677 788 855
f 787 807 788
f 654 807 787
f 861 707 654
f 706 861 1193
f 808 789 864
f 1191 781 864
f 779 808 771
f 779 772 786
f 773 856 772
f 773 774 3425
f 774 846 3425
f 774 667 846
f 770 846 667
f 831 847 770
f 847 846 770
f 742 827 831
f 827 829 853
f 827 766 829
f 658 829 766
f 658 849 829
f 658 643 826
f 658 826 745
f 745 849 658
f 638 697 843
f 635 634 638
f 700 762 845
f 813 840 762
f 761 813 728
f 730 813 733
f 730 728 813
f 812 598 686
f 763 814 604
f 763 812 841
f 765 685 716
f 685 588 803
f 600 712 803
f 600 683 712
f 725 1181 637
f 1002 802 725
f 992 1168 724
f 991 764 3444
f 764 3441 3444
f 3420 986 3442
f 3438 3637 987
f 833 1169 3439
f 800 833 631
f 732 800 799
f 799 752 732
f 799 800 721
f 751 799 721
f 751 752 799
f 731 874 752
f 662 731 758
f 723 798 662
f 459 834 723
f 627 757 718
f 626 756 757
f 625 755 1184
f 1184 755 673
f 678 652 673
f 1201 1183 652
f 675 1183 1182
f 675 652 1183
f 1182 1183 677
f 789 808 706
f 772 779 650
f 650 777 772
f 645 773 777
f 773 645 743
f 644 774 743
f 644 665 774
f 665 667 774
f 667 665 617
f 770 667 617
f 770 617 831
f 742 766 827
f 642 766 742
f 642 658 766
f 643 641 736
f 826 643 657
f 657 843 826
f 638 843 657
f 657 736 638
f 638 634 697
f 813 762 733
f 728 730 694
f 761 728 584
f 585 812 763
f 585 598 812
f 598 765 686
f 1186 600 726
f 681 683 1186
f 587 724 1002
f 991 992 630
f 764 991 3417
f 3434 3421 3418
f 3419 3640 3435
f 984 985 1170
f 632 833 3439
f 631 833 632
f 720 721 631
f 721 800 631
f 459 672 834
f 1246 672 459
f 661 718 672
f 626 691 756
f 689 756 691
f 755 678 673
f 755 688 678
f 1201 624 1183
f 624 677 1183
f 788 677 1199
f 715 654 787
f 653 1204 1203
f 714 1204 653
f 653 713 714
f 615 1196 714
f 1189 781 1191
f 649 781 1189
f 595 648 508
f 648 595 623
f 1188 648 623
f 1187 651 649
f 645 650 651
f 645 777 650
f 743 620 646
f 743 645 620
f 646 644 743
f 646 647 644
f 617 665 619
f 619 665 647
f 647 665 644
f 646 622 647
f 831 617 679
f 831 679 740
f 740 742 831
f 642 740 641
f 642 742 740
f 642 643 658
f 641 643 642
f 736 657 643
f 638 736 698
f 634 635 701
f 701 696 634
f 701 699 696
f 699 700 696
f 733 762 700
f 704 733 699
f 733 704 702
f 702 730 733
f 694 730 695
f 605 584 557
f 605 761 584
f 763 1258 585
f 599 803 588
f 599 600 803
f 639 681 1186
f 601 681 639
f 601 710 681
f 587 1002 725
f 630 992 724
f 603 633 1185
f 603 3642 630
f 3639 633 602
f 602 3439 3639
f 632 3439 602
f 720 632 602
f 720 631 632
f 720 602 629
f 629 602 633
f 720 629 693
f 628 721 720
f 692 721 628
f 1214 628 687
f 692 751 721
f 752 751 722
f 731 752 722
f 555 1208 626
f 1208 691 626
f 689 688 625
f 678 1201 652
f 1200 1199 624
f 1198 788 1199
f 1198 787 788
f 715 787 1198
f 576 654 715
f 1193 654 576
f 1193 861 654
f 706 1193 1218
f 575 706 1218
f 789 706 575
f 864 789 577
f 1204 864 577
f 713 653 1203
f 593 713 1202
f 1190 713 593
f 713 1190 714
f 711 714 1190
f 3427 711 1190
f 869 1195 610
f 1195 869 3415
f 594 1194 1195
f 1194 610 1195
f 611 708 610
f 610 1194 611
f 594 613 1194
f 1192 1189 616
f 614 1192 616
f 614 611 1192
f 614 708 611
f 614 615 711
f 614 616 615
f 616 1196 615
f 616 1191 1196
f 616 1189 1191
f 1205 649 1189
f 1188 613 648
f 1187 1205 1188
f 1187 649 1205
f 623 620 1188
f 620 1187 1188
f 1187 620 645
f 645 651 1187
f 647 622 619
f 621 619 597
f 621 597 596
f 621 679 619
f 618 698 684
f 684 698 736
f 679 1197 740
f 1197 684 740
f 641 740 684
f 684 736 641
f 669 705 618
f 680 690 682
f 682 690 670
f 682 669 680
f 680 669 618
f 618 705 698
f 705 638 698
f 635 638 705
f 655 635 705
f 655 705 669
f 682 670 565
f 565 669 682
f 565 655 669
f 635 671 589
f 635 589 701
f 703 701 589
f 703 704 701
f 704 699 701
f 591 704 703
f 560 704 591
f 560 702 704
f 730 702 590
f 695 730 590
f 557 1266 605
f 535 604 605
f 535 1258 604
f 1258 763 604
f 586 765 598
f 586 685 765
f 586 588 685
f 600 599 640
f 640 726 600
f 801 710 601
f 666 583 587
f 583 724 587
f 583 630 724
f 693 633 603
f 668 693 603
f 628 720 693
f 687 693 668
f 687 628 693
f 663 687 664
f 663 1214 687
f 1214 692 628
f 731 1239 758
f 626 757 627
f 627 555 626
f 555 627 554
f 965 691 1208
f 676 678 688
f 676 1201 678
f 574 1201 676
f 574 624 1201
f 574 1200 624
f 1198 573 715
f 1221 715 550
f 1221 576 715
f 1218 1193 576
f 789 575 577
f 579 1206 1202
f 579 713 1203
f 579 1202 713
f 547 1202 569
f 547 593 1202
f 1190 593 592
f 3427 1190 592
f 592 674 3427
f 674 592 570
f 594 1195 525
f 594 1209 572
f 594 525 1209
f 594 572 508
f 594 508 613
f 1205 1189 1192
f 1188 1205 1192
f 613 1188 1192
f 508 648 613
f 1248 1250 572
f 508 572 1250
f 595 508 656
f 622 597 619
f 1210 596 597
f 680 679 621
f 680 1197 679
f 684 1197 680
f 621 596 690
f 690 680 621
f 680 618 684
f 690 596 567
f 568 596 1210
f 568 567 596
f 567 670 690
f 563 567 568
f 515 671 655
f 1244 671 515
f 1244 589 671
f 703 589 1243
f 1243 1265 703
f 591 703 1265
f 590 702 560
f 560 559 590
f 590 559 1269
f 695 590 1269
f 1266 535 605
f 1256 640 599
f 1256 599 556
f 556 586 585
f 1258 556 585
f 586 598 585
f 586 556 588
f 556 599 588
f 639 1186 726
f 1213 587 636
f 1213 666 587
f 666 581 583
f 668 603 581
f 668 581 666
f 664 687 668
f 668 666 664
f 666 1213 664
f 505 664 1213
f 663 664 505
f 751 692 1264
f 1264 692 1214
f 1207 1214 663
f 879 505 1213
f 879 1207 505
f 1207 663 505
f 751 1264 578
f 467 758 1239
f 467 662 758
f 1216 723 662
f 661 672 1246
f 1220 718 661
f 627 718 554
f 1208 555 1219
f 1211 1219 1212
f 660 1211 552
f 660 552 676
f 552 574 676
f 553 537 551
f 574 552 553
f 553 573 574
f 573 550 715
f 573 659 550
f 573 553 659
f 659 553 1233
f 1218 576 1221
f 1204 577 506
f 1204 506 580
f 1217 1203 580
f 1217 579 1203
f 569 1202 1206
f 547 569 1238
f 592 593 547
f 1234 592 547
f 570 592 1234
f 3415 872 1195
f 571 1195 872
f 525 1195 571
f 521 572 1209
f 1250 656 508
f 656 1210 595
f 597 595 1210
f 595 622 623
f 595 597 622
f 568 1210 1250
f 1252 563 1250
f 670 567 563
f 563 562 670
f 565 515 655
f 565 562 515
f 565 670 562
f 561 562 510
f 510 562 563
f 514 562 561
f 515 562 514
f 1244 1243 589
f 1265 558 591
f 533 560 591
f 484 560 533
f 486 560 484
f 582 559 560
f 582 560 486
f 1267 695 1269
f 1267 694 695
f 584 694 1267
f 475 584 1267
f 475 557 584
f 556 1258 485
f 1253 1256 556
f 1254 726 640
f 639 726 1254
f 534 601 639
f 566 637 801
f 380 637 566
f 1259 725 977
f 1271 1259 977
f 977 725 637
f 977 637 380
f 636 1262 1213
f 879 1213 1262
f 1262 1259 1263
f 1262 636 1259
f 636 587 1259
f 1241 751 578
f 467 1216 662
f 1215 661 1246
f 1215 414 1220
f 1249 1235 554
f 1220 458 554
f 1249 554 458
f 1220 554 718
f 555 1247 1219
f 1212 1219 1247
f 1212 1242 538
f 1212 538 1211
f 552 537 553
f 552 1211 537
f 1211 538 537
f 551 1233 553
f 1233 550 659
f 539 1218 1221
f 577 575 1218
f 577 1218 539
f 506 577 539
f 506 539 536
f 580 1261 1217
f 580 506 1261
f 536 1261 506
f 1206 1260 1268
f 1206 1268 1257
f 569 1206 1257
f 569 1257 1238
f 547 1238 1240
f 1234 547 1240
f 967 1234 1236
f 1232 967 1236
f 1234 1240 1236
f 1255 1240 1238
f 1255 530 1240
f 517 971 1226
f 1232 971 517
f 1232 517 1227
f 967 1232 1237
f 1237 518 1230
f 507 1230 518
f 507 966 1230
f 1225 966 507
f 529 507 518
f 519 507 529
f 519 1225 507
f 519 1251 1225
f 1251 870 1225
f 527 1228 1251
f 527 528 1228
f 528 872 1228
f 528 571 872
f 1209 525 521
f 1248 523 612
f 1250 1210 656
f 1250 1248 1252
f 1248 612 1252
f 1252 612 509
f 510 563 1252
f 1252 513 510
f 1252 509 513
f 513 509 608
f 513 608 1272
f 510 1272 532
f 510 513 1272
f 510 532 514
f 515 514 531
f 531 1244 515
f 1244 1245 1243
f 1245 1244 522
f 1265 1243 1245
f 1245 522 498
f 558 1265 1245
f 533 591 558
f 1267 1269 434
f 1266 475 478
f 1266 557 475
f 535 485 1258
f 485 1253 556
f 473 1253 474
f 1256 1253 473
f 640 1256 473
f 473 1254 640
f 541 1259 1271
f 541 1263 1259
f 542 1262 1263
f 879 883 1207
f 883 1214 1207
f 883 1264 1214
f 1270 1264 883
f 463 1239 1241
f 1270 1241 1264
f 1241 578 1264
f 1239 722 1241
f 1241 722 751
f 1216 459 723
f 1246 371 1215
f 458 1220 414
f 554 1247 555
f 1235 1247 554
f 1247 1235 970
f 1212 1247 545
f 1242 1212 545
f 1233 551 549
f 1222 1261 536
f 1222 1217 1261
f 1222 1260 1217
f 1268 1260 548
f 1268 1224 1257
f 1255 1257 1224
f 1257 1255 1238
f 1231 1227 517
f 1232 1227 1237
f 518 1237 1231
f 518 1231 449
f 449 448 518
f 529 518 448
f 1229 529 448
f 502 519 529
f 529 1229 502
f 492 1251 500
f 492 527 1251
f 499 526 527
f 526 499 490
f 528 526 520
f 528 520 525
f 571 528 525
f 521 525 520
f 521 520 523
f 520 491 523
f 521 1248 572
f 523 1248 521
f 532 531 514
f 531 522 1244
f 609 522 531
f 392 609 532
f 609 498 522
f 498 558 1245
f 497 558 498
f 558 497 483
f 483 533 558
f 582 477 559
f 477 1269 559
f 434 1269 477
f 480 1267 434
f 475 1267 480
f 1266 485 535
f 485 416 1253
f 415 473 474
f 474 1253 416
f 470 540 564
f 540 541 564
f 540 542 541
f 1263 541 542
f 879 1262 542
f 463 467 1239
f 1216 378 465
f 371 1246 459
f 370 458 414
f 1235 1249 546
f 970 1235 546
f 546 452 970
f 546 524 452
f 452 543 970
f 543 452 453
f 545 1247 543
f 1224 1242 545
f 538 548 544
f 538 544 549
f 548 1242 1224
f 548 538 1242
f 1222 1233 549
f 1222 549 544
f 1260 544 548
f 1260 1222 544
f 1224 1268 548
f 1224 453 1255
f 453 1223 1255
f 512 1226 1223
f 517 1226 516
f 516 504 517
f 1231 517 504
f 1227 1231 1237
f 443 1231 450
f 443 449 1231
f 396 448 503
f 396 436 448
f 436 1229 448
f 1229 438 394
f 1229 436 438
f 1229 394 502
f 489 500 502
f 500 519 502
f 472 527 492
f 472 499 527
f 607 526 490
f 607 520 526
f 520 607 491
f 523 491 612
f 532 1272 409
f 392 532 409
f 497 498 606
f 389 533 483
f 481 484 533
f 582 486 388
f 486 484 388
f 435 303 481
f 303 484 481
f 303 388 484
f 388 477 582
f 1278 480 434
f 1278 419 480
f 419 478 480
f 419 479 478
f 478 475 480
f 478 479 1266
f 479 485 1266
f 415 1254 473
f 639 1254 415
f 885 380 566
f 566 601 885
f 566 801 601
f 471 564 977
f 1271 977 564
f 471 482 564
f 470 482 411
f 470 564 482
f 470 3414 460
f 461 460 3414
f 370 1249 458
f 546 1249 413
f 524 546 413
f 511 452 524
f 524 975 511
f 543 453 545
f 545 453 1224
f 452 1223 453
f 452 511 1223
f 512 1223 511
f 511 516 512
f 512 516 1226
f 1231 504 450
f 450 504 407
f 450 407 501
f 446 449 443
f 446 503 449
f 448 449 503
f 503 446 437
f 402 437 446
f 402 446 439
f 493 444 501
f 494 495 406
f 496 495 494
f 495 496 493
f 447 493 496
f 447 444 493
f 447 439 444
f 444 439 446
f 446 443 444
f 443 501 444
f 443 450 501
f 493 501 464
f 493 464 495
f 494 406 403
f 403 476 494
f 476 404 494
f 404 496 494
f 496 440 447
f 439 447 440
f 440 402 439
f 442 402 399
f 399 395 442
f 437 442 395
f 395 396 437
f 396 503 437
f 398 436 396
f 394 489 502
f 394 397 327
f 489 394 329
f 489 329 500
f 492 329 472
f 492 500 329
f 391 491 308
f 491 488 612
f 391 488 491
f 487 608 391
f 608 487 433
f 433 393 608
f 1272 608 393
f 430 497 606
f 483 497 430
f 390 483 430
f 390 389 483
f 481 533 389
f 435 481 389
f 1277 434 477
f 385 418 974
f 417 386 415
f 485 479 416
f 416 417 474
f 474 417 415
f 384 639 415
f 534 639 384
f 482 1275 411
f 482 471 1275
f 301 471 380
f 379 461 377
f 373 372 379
f 378 467 463
f 465 459 1216
f 370 414 1215
f 370 413 1249
f 524 413 369
f 466 975 369
f 524 369 975
f 368 412 420
f 504 516 405
f 405 407 504
f 368 367 407
f 407 464 501
f 495 464 406
f 406 462 403
f 476 403 366
f 365 404 476
f 404 365 363
f 440 404 363
f 401 441 337
f 441 3413 399
f 441 399 362
f 362 399 400
f 362 400 363
f 440 363 400
f 400 402 440
f 400 399 402
f 395 401 337
f 395 337 398
f 398 396 395
f 335 436 398
f 438 436 335
f 438 313 334
f 397 438 334
f 397 394 438
f 327 397 334
f 327 329 394
f 326 472 329
f 326 499 472
f 607 490 311
f 607 311 491
f 308 491 311
f 432 433 487
f 431 393 433
f 429 390 430
f 429 321 390
f 321 389 390
f 321 435 389
f 322 321 427
f 355 435 321
f 355 343 435
f 343 303 435
f 346 477 388
f 1277 1278 434
f 387 419 1278
f 387 469 419
f 469 385 974
f 469 387 385
f 418 385 302
f 386 418 302
f 384 885 534
f 1276 885 468
f 885 384 468
f 468 384 386
f 384 415 386
f 534 885 601
f 471 301 381
f 1275 471 381
f 3414 377 461
f 379 377 325
f 341 225 373
f 325 1273 379
f 325 324 382
f 325 382 1273
f 373 1273 341
f 373 379 1273
f 224 465 378
f 371 459 465
f 224 371 465
f 370 1215 371
f 428 413 370
f 413 428 369
f 374 466 369
f 466 420 412
f 407 412 368
f 464 407 367
f 403 422 366
f 423 476 366
f 454 423 456
f 454 476 423
f 365 476 454
f 360 365 454
f 360 363 365
f 361 363 360
f 361 362 363
f 338 362 361
f 338 441 362
f 455 451 360
f 361 360 451
f 457 361 451
f 338 361 457
f 455 360 454
f 454 456 455
f 456 425 455
f 358 455 425
f 358 451 455
f 451 424 457
f 451 358 424
f 339 256 283
f 357 313 335
f 445 313 357
f 445 283 313
f 445 339 283
f 339 457 424
f 339 338 457
f 339 445 338
f 445 441 338
f 445 357 441
f 357 337 441
f 357 335 337
f 335 398 337
f 335 313 438
f 315 327 334
f 315 336 327
f 336 886 328
f 273 328 314
f 312 328 273
f 329 327 328
f 410 487 311
f 487 391 308
f 432 431 433
f 1272 393 354
f 392 409 307
f 307 606 392
f 429 430 606
f 307 320 305
f 305 426 307
f 426 427 429
f 429 427 321
f 322 427 426
f 354 320 306
f 322 355 321
f 322 233 355
f 408 388 303
f 408 346 388
f 346 1277 477
f 299 1277 346
f 1277 299 1278
f 468 386 1274
f 237 468 1274
f 352 468 237
f 1276 468 352
f 229 976 1276
f 976 885 1276
f 323 411 1275
f 3412 377 3414
f 3412 324 377
f 325 377 324
f 324 1280 382
f 341 1273 382
f 222 225 341
f 463 372 378
f 378 372 373
f 252 224 378
f 370 375 428
f 374 428 288
f 374 369 428
f 466 374 376
f 376 420 466
f 420 376 292
f 367 368 420
f 420 292 367
f 462 367 292
f 462 292 422
f 403 462 422
f 421 289 285
f 285 289 286
f 422 421 284
f 366 422 284
f 423 366 284
f 423 284 456
f 424 256 339
f 283 279 313
f 282 334 279
f 282 315 334
f 280 336 315
f 262 336 280
f 336 262 275
f 275 886 336
f 886 314 328
f 310 312 273
f 311 310 243
f 490 326 311
f 243 410 311
f 432 487 410
f 311 487 308
f 431 242 356
f 356 393 431
f 409 1272 354
f 409 354 306
f 429 606 307
f 306 307 409
f 426 429 307
f 307 306 320
f 354 196 320
f 359 332 305
f 305 320 359
f 305 332 304
f 331 233 322
f 355 233 330
f 408 303 343
f 348 299 346
f 387 299 884
f 884 385 387
f 884 302 385
f 347 386 302
f 347 1274 386
f 229 1276 352
f 342 383 301
f 301 383 381
f 976 301 380
f 349 301 976
f 349 976 229
f 383 1275 381
f 383 323 1275
f 3409 323 383
f 324 3412 253
f 263 252 225
f 373 252 378
f 224 316 375
f 375 370 224
f 224 370 371
f 288 428 375
f 288 375 316
f 286 289 374
f 376 289 292
f 376 374 289
f 422 292 289
f 289 421 422
f 286 374 288
f 285 286 170
f 421 285 264
f 284 421 264
f 284 264 251
f 456 284 251
f 251 425 456
f 251 255 425
f 257 425 255
f 257 358 425
f 358 257 364
f 424 358 364
f 279 283 256
f 315 282 260
f 280 315 260
f 340 275 262
f 182 314 290
f 182 273 314
f 310 272 243
f 432 242 431
f 356 242 333
f 354 393 356
f 196 359 320
f 196 180 359
f 241 359 180
f 235 359 241
f 235 332 359
f 345 355 330
f 345 343 355
f 231 353 234
f 227 353 231
f 353 227 888
f 888 344 353
f 345 344 343
f 408 343 344
f 344 346 408
f 348 979 884
f 979 302 884
f 979 347 302
f 342 351 350
f 342 226 351
f 172 226 349
f 172 349 229
f 226 301 349
f 226 342 301
f 1280 253 220
f 350 220 3409
f 3409 383 350
f 342 350 383
f 341 382 222
f 225 222 274
f 224 252 75
f 75 174 224
f 173 288 316
f 288 173 286
f 170 286 173
f 255 318 257
f 271 319 318
f 1279 259 319
f 259 318 319
f 259 257 318
f 259 364 257
f 256 364 259
f 259 1279 256
f 1279 216 260
f 262 280 260
f 260 248 262
f 260 216 248
f 219 248 216
f 219 218 248
f 218 249 248
f 249 340 248
f 340 262 248
f 290 245 291
f 290 275 245
f 272 310 182
f 250 432 243
f 242 432 141
f 333 180 196
f 356 333 196
f 179 198 197
f 179 197 239
f 239 197 240
f 331 239 240
f 179 332 235
f 179 239 332
f 332 239 304
f 239 331 304
f 331 240 233
f 330 233 240
f 287 232 3407
f 232 3406 3407
f 232 240 3406
f 232 344 345
f 232 234 344
f 353 344 234
f 232 287 234
f 287 231 234
f 194 231 287
f 228 231 194
f 228 227 231
f 1274 228 176
f 228 1274 227
f 1274 347 227
f 172 278 226
f 192 351 278
f 351 226 278
f 191 192 276
f 222 1287 274
f 238 1287 222
f 191 221 1280
f 220 192 191
f 220 351 192
f 220 350 351
f 191 1280 220
f 221 382 1280
f 221 222 382
f 221 238 222
f 274 263 225
f 264 285 230
f 285 170 230
f 265 251 264
f 265 255 251
f 318 255 265
f 271 318 265
f 317 271 171
f 217 216 319
f 168 217 317
f 266 219 168
f 219 217 168
f 217 319 317
f 317 319 271
f 319 216 1279
f 219 216 217
f 214 218 219
f 219 266 214
f 309 214 266
f 268 266 267
f 309 266 268
f 215 309 165
f 215 890 309
f 215 904 890
f 269 300 215
f 300 904 215
f 163 300 269
f 298 300 163
f 297 298 163
f 190 1282 297
f 270 1282 190
f 270 1281 1282
f 1281 915 1282
f 210 293 1281
f 1281 270 210
f 189 210 270
f 188 914 293
f 184 188 254
f 184 254 186
f 185 184 186
f 208 294 911
f 185 207 184
f 207 208 184
f 146 207 185
f 246 208 207
f 294 208 246
f 207 244 246
f 294 246 247
f 247 1285 294
f 294 1285 295
f 250 175 1285
f 296 175 181
f 296 181 200
f 1285 175 295
f 175 296 295
f 296 200 912
f 981 912 200
f 200 980 981
f 291 980 200
f 200 181 291
f 181 290 291
f 181 182 290
f 272 175 250
f 250 243 272
f 141 432 250
f 205 242 141
f 138 235 241
f 138 179 235
f 199 197 198
f 193 287 3407
f 194 287 193
f 194 177 201
f 194 193 177
f 177 193 195
f 193 3407 195
f 199 178 3405
f 202 177 195
f 201 228 194
f 66 281 176
f 176 281 1274
f 281 237 1274
f 112 352 237
f 229 352 112
f 278 172 277
f 277 192 278
f 164 276 192
f 191 276 221
f 174 316 224
f 264 230 265
f 111 265 230
f 271 265 111
f 271 111 171
f 317 171 169
f 317 169 168
f 267 266 223
f 167 223 107
f 267 223 167
f 152 268 267
f 100 268 152
f 268 165 309
f 269 215 165
f 269 165 153
f 163 269 153
f 154 297 163
f 154 190 297
f 190 189 270
f 190 3411 189
f 261 148 189
f 213 148 147
f 148 258 187
f 148 213 258
f 186 187 258
f 186 254 187
f 187 189 148
f 210 189 187
f 187 254 210
f 254 293 210
f 188 293 254
f 185 186 258
f 258 146 185
f 258 213 146
f 146 213 212
f 143 212 145
f 143 145 144
f 212 143 1284
f 1284 146 212
f 146 1284 183
f 207 146 183
f 183 244 207
f 183 142 244
f 149 244 142
f 181 272 182
f 181 175 272
f 141 93 90
f 205 139 333
f 333 139 180
f 205 88 139
f 139 88 204
f 139 241 180
f 203 117 178
f 203 178 138
f 138 178 179
f 3408 3405 178
f 178 117 3408
f 176 228 201
f 84 281 137
f 84 237 281
f 113 166 81
f 164 113 81
f 236 277 172
f 236 113 277
f 113 192 277
f 113 164 192
f 108 276 164
f 82 238 108
f 82 1287 238
f 52 174 75
f 173 316 74
f 109 173 132
f 109 230 170
f 230 109 51
f 111 230 51
f 50 171 111
f 169 223 168
f 266 168 223
f 223 169 107
f 169 110 107
f 161 167 107
f 152 267 167
f 100 165 268
f 100 153 165
f 101 153 100
f 154 153 3404
f 154 163 153
f 147 162 103
f 147 148 162
f 147 1283 213
f 147 106 1283
f 1283 106 145
f 1283 212 213
f 1283 145 212
f 144 1284 143
f 211 144 70
f 1284 144 211
f 206 1284 211
f 206 211 1286
f 1286 160 159
f 1286 211 160
f 211 70 160
f 159 160 157
f 160 156 157
f 183 209 142
f 209 206 1286
f 209 183 206
f 244 149 150
f 246 244 150
f 150 247 246
f 1285 247 141
f 250 1285 141
f 983 247 150
f 247 983 93
f 150 94 983
f 93 983 90
f 90 205 141
f 88 205 90
f 90 119 88
f 139 138 241
f 139 203 138
f 139 204 203
f 68 3408 117
f 202 68 85
f 85 177 202
f 85 201 177
f 66 176 201
f 115 84 83
f 115 83 136
f 84 115 112
f 236 136 114
f 136 236 115
f 84 112 237
f 112 115 229
f 115 172 229
f 115 236 172
f 236 114 113
f 114 59 113
f 59 166 113
f 108 164 81
f 82 76 1287
f 76 2 1287
f 2 263 274
f 74 316 174
f 52 74 174
f 132 173 74
f 50 111 51
f 110 171 50
f 110 50 49
f 107 110 161
f 161 155 167
f 152 167 155
f 101 99 104
f 104 99 105
f 99 100 152
f 99 101 100
f 153 101 103
f 3404 153 103
f 103 104 147
f 103 101 104
f 104 105 106
f 106 105 145
f 144 145 105
f 99 155 105
f 99 152 155
f 155 70 144
f 156 160 70
f 159 157 130
f 126 159 130
f 126 125 159
f 158 159 125
f 3400 158 125
f 158 1286 159
f 158 209 1286
f 158 151 209
f 151 142 209
f 151 149 142
f 149 94 150
f 149 151 94
f 151 95 94
f 94 124 983
f 87 90 983
f 119 90 87
f 204 88 86
f 204 86 203
f 65 201 85
f 66 201 65
f 31 140 66
f 137 140 31
f 137 61 84
f 64 63 83
f 83 84 64
f 63 54 55
f 83 63 136
f 63 55 136
f 114 55 59
f 56 166 59
f 166 56 135
f 135 81 166
f 135 108 81
f 82 108 135
f 14 75 263
f 132 74 72
f 51 109 132
f 134 49 69
f 133 49 134
f 131 133 134
f 133 161 110
f 161 156 70
f 161 133 156
f 133 131 156
f 131 157 156
f 48 157 131
f 157 48 130
f 47 130 102
f 47 126 130
f 125 126 46
f 125 3401 3400
f 125 46 3401
f 3401 46 97
f 87 983 98
f 1288 127 122
f 1288 122 120
f 1288 120 39
f 1288 121 127
f 35 128 122
f 122 36 35
f 3403 36 122
f 122 128 120
f 123 120 129
f 123 39 120
f 39 123 98
f 33 39 1289
f 33 1288 39
f 91 1288 33
f 91 121 1288
f 91 89 121
f 3403 3402 34
f 34 36 3403
f 128 35 32
f 35 30 32
f 32 86 118
f 128 32 118
f 118 119 129
f 118 129 128
f 129 120 128
f 129 119 123
f 98 123 119
f 119 87 98
f 118 88 119
f 118 86 88
f 30 68 117
f 117 203 30
f 85 68 67
f 65 85 67
f 65 31 66
f 40 64 61
f 5 80 116
f 116 28 3397
f 116 78 24
f 24 60 116
f 84 61 64
f 60 54 64
f 60 24 54
f 63 64 54
f 27 79 25
f 27 25 26
f 26 24 27
f 26 54 24
f 26 55 54
f 26 59 55
f 59 26 25
f 29 53 56
f 71 29 56
f 25 71 56
f 56 59 25
f 135 56 53
f 53 73 135
f 76 12 2
f 12 135 73
f 12 82 135
f 12 76 82
f 16 72 74
f 72 51 132
f 51 72 23
f 23 50 51
f 23 19 50
f 50 69 49
f 48 134 69
f 48 131 134
f 48 102 130
f 102 22 21
f 47 102 21
f 46 126 47
f 46 47 97
f 92 97 47
f 97 37 3401
f 96 37 98
f 124 96 98
f 98 983 124
f 39 98 37
f 1289 39 37
f 92 20 18
f 38 92 18
f 38 18 62
f 57 1289 38
f 57 33 1289
f 57 91 33
f 91 57 58
f 89 91 1290
f 91 58 1290
f 58 62 8
f 1290 58 8
f 89 1290 41
f 3398 45 3399
f 45 3402 3399
f 45 43 3402
f 43 34 3402
f 36 34 42
f 68 36 42
f 68 35 36
f 30 35 68
f 32 30 86
f 203 86 30
f 68 42 67
f 67 31 65
f 44 40 61
f 44 61 31
f 80 78 116
f 80 17 78
f 1 77 1291
f 77 15 1291
f 7 15 77
f 17 7 77
f 77 79 17
f 78 79 27
f 78 17 79
f 78 27 24
f 77 1 79
f 79 1 71
f 79 71 25
f 1 29 71
f 2 14 263
f 74 52 14
f 23 72 16
f 69 50 19
f 69 102 48
f 22 102 69
f 20 47 21
f 92 47 20
f 18 21 9
f 18 20 21
f 57 38 62
f 62 58 57
f 18 8 62
f 1290 8 80
f 80 5 1290
f 5 41 1290
f 3397 28 3398
f 45 3398 28
f 43 45 40
f 43 40 44
f 34 43 44
f 34 44 67
f 42 34 67
f 67 44 31
f 45 28 40
f 6 9 7
f 15 13 1291
f 1 4 29
f 1 1291 4
f 29 73 53
f 12 14 2
f 16 74 14
f 3 23 16
f 69 19 10
f 22 69 10
f 9 22 10
f 21 22 9
f 8 17 80
f 8 6 17
f 8 18 6
f 18 9 6
f 9 10 15
f 7 9 15
f 15 10 13
f 4 11 3
f 11 4 13
f 1291 13 4
f 14 3 16
f 73 3 14
f 73 4 3
f 4 73 29
f 73 14 12
f 11 23 3
f 11 19 23
f 10 19 11
f 10 11 13
f 3437 1292 3440
f 1292 1293 3440
f 3432 3440 1293
f 1294 3432 1293
f 1293 1295 1294
f 1296 1294 1295
f 1296 1295 1297
f 1297 1298 1296
f 1296 1298 1299
f 1299 1300 1296
f 1294 1296 1300
f 1300 3433 1294
f 3432 1294 3433
f 3641 3433 1300
f 3641 1300 1301
f 3436 3641 1301
f 3436 1301 3443
f 3449 3450 1302
f 1302 1303 3449
f 3638 3449 1303
f 1303 1304 3638
f 3437 3638 1304
f 1304 1292 3437
f 1305 1292 1304
f 1306 1305 1304
f 1303 1306 1304
f 1303 1307 1306
f 1306 1307 1308
f 1306 1308 1305
f 1308 1309 1305
f 1305 1309 1310
f 1310 1311 1305
f 1292 1305 1311
f 1292 1311 1293
f 1312 1293 1311
f 1312 1311 1310
f 1310 1313 1312
f 1312 1313 1297
f 1295 1312 1297
f 1293 1312 1295
f 1314 1297 1313
f 1315 1314 1313
f 1316 1315 1313
f 1313 1310 1316
f 1316 1310 1309
f 1316 1309 1317
f 1317 1318 1316
f 1319 1316 1318
f 1318 1320 1319
f 1319 1320 1321
f 1319 1321 1315
f 1316 1319 1315
f 1322 1315 1321
f 1322 1321 1323
f 1323 1324 1322
f 1325 1322 1324
f 1325 1324 1326
f 1325 1326 1327
f 1314 1325 1327
f 1314 1327 1297
f 1298 1297 1327
f 1298 1327 1328
f 1329 1298 1328
f 1330 1329 1328
f 1330 1328 1331
f 1331 3446 1330
f 3445 1330 3446
f 3445 1332 1330
f 1332 1329 1330
f 1332 1299 1329
f 1329 1299 1298
f 1332 1333 1299
f 1301 1299 1333
f 1333 3443 1301
f 3451 3443 1333
f 3451 1333 1332
f 3451 1332 3445
f 1299 1301 1300
f 3446 1331 3447
f 1334 3447 1331
f 1326 1334 1331
f 1331 1328 1326
f 1328 1327 1326
f 1335 1334 1326
f 1326 1324 1335
f 1335 1324 1336
f 1337 1335 1336
f 1336 1338 1337
f 1339 1337 1338
f 1339 1338 1340
f 1339 1340 1341
f 1341 1342 1339
f 1343 1339 1342
f 3452 1343 1342
f 3452 1342 3453
f 3456 1344 3448
f 1344 1345 3448
f 1346 3448 1345
f 1346 1345 1347
f 1347 1302 1346
f 3450 1346 1302
f 3450 3448 1346
f 1302 1347 1307
f 1303 1302 1307
f 1307 1347 1348
f 1348 1308 1307
f 1348 1349 1308
f 1349 1317 1308
f 1309 1308 1317
f 1350 1317 1349
f 1351 1350 1349
f 1351 1349 1348
f 1348 1352 1351
f 1353 1351 1352
f 1352 1354 1353
f 1355 1353 1354
f 1354 1356 1355
f 1356 1357 1355
f 1358 1355 1357
f 1359 1358 1357
f 1357 1360 1359
f 1361 1359 1360
f 1360 1362 1361
f 1362 1363 1361
f 1361 1363 1364
f 1361 1364 1365
f 1365 1359 1361
f 1365 1366 1359
f 1366 1367 1359
f 1358 1359 1367
f 1368 1358 1367
f 1368 1367 1369
f 1369 1370 1368
f 1370 1371 1368
f 1368 1371 1372
f 1372 1358 1368
f 1358 1372 1355
f 1355 1372 1353
f 1373 1353 1372
f 1373 1372 1371
f 1373 1371 1350
f 1373 1350 1351
f 1351 1353 1373
f 1374 1350 1371
f 1374 1371 1375
f 1374 1375 1376
f 1374 1376 1320
f 1320 1318 1374
f 1350 1374 1318
f 1350 1318 1317
f 1320 1376 1377
f 1377 1321 1320
f 1378 1321 1377
f 1379 1378 1377
f 1377 1380 1379
f 1381 1379 1380
f 1381 1380 1382
f 1383 1381 1382
f 1382 1384 1383
f 1385 1383 1384
f 1385 1384 1386
f 1386 1387 1385
f 1387 1388 1385
f 1389 1385 1388
f 1388 1390 1389
f 1389 1390 1391
f 1391 1392 1389
f 1383 1389 1392
f 1392 1381 1383
f 1393 1381 1392
f 1340 1393 1392
f 1340 1392 1394
f 1340 1394 1395
f 1340 1395 1341
f 1396 1341 1395
f 1396 1395 1397
f 1396 1397 1398
f 1396 1398 1399
f 1399 1341 1396
f 1399 1342 1341
f 1399 3453 1342
f 1399 1400 3453
f 3454 3453 1400
f 1401 3454 1400
f 1401 1400 1398
f 1401 1398 1402
f 1402 1403 1401
f 3458 1401 1403
f 3457 3458 1403
f 3457 1403 1404
f 3457 1404 3455
f 3454 1401 3458
f 1405 3455 1404
f 1406 1405 1404
f 1406 1404 1407
f 1408 1406 1407
f 1407 1409 1408
f 1409 1410 1408
f 1411 1408 1410
f 1411 1410 1412
f 1411 1412 1413
f 1411 1413 1414
f 1414 1415 1411
f 1411 1415 1408
f 1406 1408 1415
f 1406 1415 1416
f 1405 1406 1416
f 1416 1417 1405
f 1405 1417 3455
f 3635 3455 1417
f 3635 1417 1418
f 1418 1419 3635
f 3459 3635 1419
f 3459 1419 1420
f 3459 1420 1421
f 3459 1421 3460
f 3463 3462 1422
f 1423 3463 1422
f 1422 1424 1423
f 1423 1424 1425
f 1423 1425 1344
f 1423 1344 3456
f 3463 1423 3456
f 1344 1425 1345
f 1426 1345 1425
f 1426 1425 1427
f 1426 1427 1356
f 1426 1356 1354
f 1426 1354 1428
f 1428 1345 1426
f 1428 1347 1345
f 1428 1352 1347
f 1348 1347 1352
f 1352 1428 1354
f 1429 1356 1427
f 1429 1427 1430
f 1429 1430 1431
f 1429 1431 1360
f 1360 1357 1429
f 1356 1429 1357
f 1360 1431 1362
f 1432 1362 1431
f 1432 1431 1430
f 1432 1430 1433
f 1432 1433 1434
f 1432 1434 1435
f 1362 1432 1435
f 1363 1362 1435
f 1363 1435 1436
f 1363 1436 1437
f 1363 1437 1364
f 1364 1437 1438
f 1364 1438 1439
f 1365 1364 1439
f 1366 1365 1439
f 1366 1439 1440
f 1366 1440 1441
f 1441 1367 1366
f 1441 1369 1367
f 1441 1442 1369
f 1443 1369 1442
f 1443 1442 1444
f 1444 1445 1443
f 1443 1445 1446
f 1446 1447 1443
f 1370 1443 1447
f 1370 1447 1375
f 1370 1375 1371
f 1375 1447 1376
f 1376 1447 1380
f 1380 1377 1376
f 1382 1380 1447
f 1446 1382 1447
f 1382 1446 1384
f 1445 1384 1446
f 1445 1386 1384
f 1445 1448 1386
f 1449 1386 1448
f 1449 1448 1450
f 1450 1451 1449
f 1449 1451 1452
f 1449 1452 1387
f 1449 1387 1386
f 1453 1387 1452
f 1452 1454 1453
f 1455 1453 1454
f 1456 1455 1454
f 1457 1456 1454
f 1458 1457 1454
f 1458 1454 1459
f 1458 1459 1460
f 1458 1460 1461
f 1458 1461 1462
f 1458 1462 1457
f 1463 1457 1462
f 1463 1462 1464
f 1463 1464 1465
f 1465 1466 1463
f 1466 1456 1463
f 1456 1457 1463
f 1466 1467 1456
f 1456 1467 1455
f 1468 1455 1467
f 1412 1468 1467
f 1412 1467 1413
f 1469 1413 1467
f 1466 1469 1467
f 1465 1469 1466
f 1465 1470 1469
f 1469 1470 1471
f 1471 1413 1469
f 1413 1471 1414
f 1414 1471 1472
f 1472 1473 1414
f 1414 1473 1415
f 1416 1415 1473
f 1474 1416 1473
f 1475 1474 1473
f 1473 1476 1475
f 1475 1476 1477
f 1475 1477 1478
f 1475 1478 1479
f 1475 1479 1474
f 1474 1479 1418
f 1474 1418 1416
f 1417 1416 1418
f 1418 1479 1419
f 1420 1419 1479
f 1479 1480 1420
f 1421 1420 1480
f 1421 1480 1481
f 1421 1481 3460
f 3460 1481 1482
f 3460 1482 3464
f 1483 3466 3467
f 1483 3467 1484
f 1483 1484 1485
f 1483 1485 1486
f 1487 1483 1486
f 1487 1486 1488
f 1488 1489 1487
f 3465 1487 1489
f 3465 1489 3468
f 3469 3468 1490
f 1491 3469 1490
f 1492 1491 1490
f 1493 1492 1490
f 1489 1493 1490
f 1489 1490 3468
f 1494 1493 1489
f 1494 1489 1488
f 1488 1495 1494
f 1496 1494 1495
f 1497 1496 1495
f 1497 1495 1498
f 1497 1498 1499
f 1497 1499 1500
f 1500 1496 1497
f 1500 1501 1496
f 1502 1496 1501
f 1503 1502 1501
f 1501 1504 1503
f 1503 1504 1505
f 1503 1505 1506
f 1503 1506 1507
f 1503 1507 1502
f 1507 1508 1502
f 1508 1493 1502
f 1502 1493 1494
f 1502 1494 1496
f 1508 1492 1493
f 1492 1508 1509
f 1510 1492 1509
f 1510 1509 1511
f 1511 1512 1510
f 1491 1510 1512
f 1512 3470 1491
f 3469 1491 3470
f 3470 1512 3471
f 1513 3471 1512
f 1512 1511 1513
f 1514 1513 1511
f 1511 1515 1514
f 1516 1514 1515
f 1516 1515 1517
f 1516 1517 1518
f 1516 1518 1519
f 1516 1519 1514
f 1514 1519 1520
f 1513 1514 1520
f 1513 1520 3472
f 1513 3472 3471
f 3475 1521 3461
f 1522 3461 1521
f 1521 1523 1522
f 1523 1524 1522
f 1522 1524 1434
f 1522 1434 1525
f 1526 1522 1525
f 1526 1525 1422
f 1526 1422 3462
f 3461 1526 3462
f 1526 3461 1522
f 1525 1433 1422
f 1424 1422 1433
f 1433 1430 1424
f 1430 1427 1424
f 1425 1424 1427
f 1433 1525 1434
f 1527 1434 1524
f 1527 1524 1528
f 1527 1528 1529
f 1436 1527 1529
f 1436 1529 1530
f 1530 1437 1436
f 1531 1437 1530
f 1531 1530 1532
f 1531 1532 1533
f 1533 1534 1531
f 1535 1531 1534
f 1535 1534 1536
f 1535 1536 1438
f 1535 1438 1437
f 1531 1535 1437
f 1537 1438 1536
f 1538 1537 1536
f 1538 1536 1539
f 1538 1539 1540
f 1540 1541 1538
f 1542 1538 1541
f 1543 1542 1541
f 1543 1541 1544
f 1544 1545 1543
f 1546 1543 1545
f 1546 1545 1450
f 1546 1450 1547
f 1546 1547 1548
f 1543 1546 1548
f 1548 1542 1543
f 1548 1549 1542
f 1537 1542 1549
f 1549 1439 1537
f 1439 1438 1537
f 1549 1440 1439
f 1549 1550 1440
f 1441 1440 1550
f 1441 1550 1442
f 1442 1550 1547
f 1547 1444 1442
f 1444 1547 1448
f 1445 1444 1448
f 1450 1448 1547
f 1550 1548 1547
f 1550 1549 1548
f 1537 1538 1542
f 1451 1450 1545
f 1551 1451 1545
f 1551 1545 1544
f 1552 1551 1544
f 1544 1553 1552
f 1554 1552 1553
f 1554 1553 1555
f 1555 1556 1554
f 1556 1557 1554
f 1554 1557 1558
f 1558 1552 1554
f 1552 1558 1460
f 1552 1460 1551
f 1551 1460 1459
f 1551 1459 1451
f 1459 1452 1451
f 1452 1459 1454
f 1461 1460 1558
f 1559 1461 1558
f 1559 1558 1560
f 1559 1560 1561
f 1559 1561 1462
f 1461 1559 1462
f 1464 1462 1561
f 1464 1561 1562
f 1464 1562 1563
f 1464 1563 1465
f 1564 1465 1563
f 1563 1565 1564
f 1566 1564 1565
f 1565 1567 1566
f 1568 1566 1567
f 1568 1567 1569
f 1570 1568 1569
f 1570 1569 1571
f 1571 1572 1570
f 1570 1572 1573
f 1574 1570 1573
f 1573 1575 1574
f 1477 1574 1575
f 1575 1478 1477
f 1576 1478 1575
f 1575 1577 1576
f 1576 1577 1578
f 1578 1481 1576
f 1480 1576 1481
f 1576 1480 1478
f 1479 1478 1480
f 1482 1481 1578
f 1578 1579 1482
f 1579 1580 1482
f 1482 1580 3464
f 3476 3464 1580
f 3476 1580 1581
f 3476 1581 3478
f 3467 3479 1484
f 1582 1484 3479
f 3479 3481 1582
f 1583 1582 3481
f 3480 1583 3481
f 3482 1584 3480
f 1583 3480 1584
f 1583 1584 1585
f 1583 1585 1586
f 1582 1583 1586
f 1586 1587 1582
f 1587 1588 1582
f 1484 1582 1588
f 1588 1485 1484
f 1589 1485 1588
f 1589 1588 1590
f 1589 1590 1591
f 1589 1591 1498
f 1498 1495 1589
f 1589 1495 1486
f 1589 1486 1485
f 1488 1486 1495
f 1591 1499 1498
f 1592 1499 1591
f 1592 1591 1593
f 1592 1593 1594
f 1594 1595 1592
f 1596 1592 1595
f 1595 1597 1596
f 1598 1596 1597
f 1599 1598 1597
f 1600 1599 1597
f 1600 1597 1601
f 1600 1601 1602
f 1602 1603 1600
f 1600 1603 1599
f 1603 1604 1599
f 1604 1605 1599
f 1599 1605 1598
f 1598 1605 1504
f 1501 1598 1504
f 1500 1598 1501
f 1500 1596 1598
f 1500 1499 1596
f 1596 1499 1592
f 1605 1606 1504
f 1505 1504 1606
f 1606 1607 1505
f 1608 1505 1607
f 1609 1608 1607
f 1609 1607 1610
f 1609 1610 1611
f 1609 1611 1612
f 1609 1612 1613
f 1609 1613 1608
f 1608 1613 1614
f 1614 1506 1608
f 1608 1506 1505
f 1506 1614 1507
f 1615 1507 1614
f 1614 1616 1615
f 1515 1615 1616
f 1515 1616 1517
f 1517 1616 1617
f 1618 1517 1617
f 1617 1619 1618
f 1620 1618 1619
f 1619 1621 1620
f 1620 1621 1622
f 1620 1622 1623
f 1624 1620 1623
f 1623 1625 1624
f 1626 1624 1625
f 1627 1626 1625
f 1627 1625 1628
f 1627 1628 1629
f 1627 1629 1630
f 1627 1630 1519
f 1627 1519 1626
f 1626 1519 1518
f 1518 1624 1626
f 1518 1618 1624
f 1618 1620 1624
f 1618 1518 1517
f 1630 1520 1519
f 1630 1631 1520
f 1631 3472 1520
f 1028 3472 1631
f 1631 1632 1028
f 1028 1632 1027
f 3487 1633 3473
f 3473 1633 1634
f 3474 3473 1634
f 1634 1635 3474
f 3474 1635 3475
f 1521 3475 1635
f 1521 1635 1523
f 1635 1636 1523
f 1523 1636 1637
f 1523 1637 1528
f 1524 1523 1528
f 1638 1528 1637
f 1638 1637 1639
f 1639 1640 1638
f 1529 1638 1640
f 1640 1530 1529
f 1640 1532 1530
f 1641 1532 1640
f 1641 1640 1639
f 1642 1641 1639
f 1642 1639 1643
f 1642 1643 1644
f 1642 1644 1645
f 1642 1645 1646
f 1642 1646 1641
f 1646 1647 1641
f 1647 1532 1641
f 1647 1648 1532
f 1648 1533 1532
f 1533 1648 1649
f 1650 1533 1649
f 1650 1649 1651
f 1651 1652 1650
f 1653 1650 1652
f 1654 1653 1652
f 1654 1652 1655
f 1654 1655 1656
f 1656 1657 1654
f 1654 1657 1658
f 1654 1658 1653
f 1653 1658 1539
f 1536 1653 1539
f 1536 1534 1653
f 1650 1653 1534
f 1650 1534 1533
f 1658 1540 1539
f 1540 1658 1659
f 1659 1555 1540
f 1541 1540 1555
f 1541 1555 1553
f 1541 1553 1544
f 1555 1659 1556
f 1659 1660 1556
f 1660 1661 1556
f 1557 1556 1661
f 1661 1662 1557
f 1663 1557 1662
f 1664 1663 1662
f 1662 1665 1664
f 1666 1664 1665
f 1667 1666 1665
f 1665 1668 1667
f 1669 1667 1668
f 1670 1669 1668
f 1668 1671 1670
f 1670 1671 1672
f 1670 1672 1673
f 1673 1674 1670
f 1669 1670 1674
f 1674 1675 1669
f 1669 1675 1667
f 1676 1667 1675
f 1677 1676 1675
f 1675 1678 1677
f 1679 1677 1678
f 1678 1680 1679
f 1681 1679 1680
f 1680 1682 1681
f 1683 1681 1682
f 1682 1684 1683
f 1685 1683 1684
f 1685 1684 1686
f 1685 1686 1687
f 1685 1687 1688
f 1688 1689 1685
f 1689 1683 1685
f 1689 1681 1683
f 1689 1690 1681
f 1691 1681 1690
f 1690 1692 1691
f 1691 1692 1677
f 1677 1679 1691
f 1691 1679 1681
f 1676 1677 1692
f 1676 1692 1693
f 1694 1676 1693
f 1693 1695 1694
f 1696 1694 1695
f 1696 1695 1697
f 1696 1697 1698
f 1696 1698 1664
f 1664 1666 1696
f 1696 1666 1694
f 1667 1694 1666
f 1694 1667 1676
f 1698 1699 1664
f 1664 1699 1663
f 1560 1663 1699
f 1560 1699 1700
f 1560 1700 1561
f 1562 1561 1700
f 1700 1701 1562
f 1702 1562 1701
f 1702 1701 1703
f 1704 1702 1703
f 1705 1704 1703
f 1705 1703 1706
f 1705 1706 1707
f 1707 1708 1705
f 1708 1709 1705
f 1704 1705 1709
f 1704 1709 1710
f 1704 1710 1711
f 1704 1711 1702
f 1711 1565 1702
f 1563 1702 1565
f 1562 1702 1563
f 1565 1711 1567
f 1567 1711 1710
f 1567 1710 1569
f 1710 1712 1569
f 1571 1569 1712
f 1712 1713 1571
f 1714 1571 1713
f 1714 1713 1715
f 1716 1714 1715
f 1715 1717 1716
f 1716 1717 1718
f 1719 1716 1718
f 1720 1719 1718
f 1721 1720 1718
f 1721 1718 1722
f 1723 1721 1722
f 1722 1724 1723
f 1725 1723 1724
f 1724 1726 1725
f 1725 1726 1727
f 1727 1728 1725
f 1723 1725 1728
f 1723 1728 1729
f 1723 1729 1721
f 1730 1721 1729
f 1731 1730 1729
f 1731 1729 1732
f 1731 1732 1581
f 1731 1581 1580
f 1580 1579 1731
f 1731 1579 1730
f 1579 1733 1730
f 1720 1730 1733
f 1720 1733 1719
f 1733 1577 1719
f 1719 1577 1573
f 1572 1719 1573
f 1719 1572 1716
f 1716 1572 1714
f 1714 1572 1571
f 1575 1573 1577
f 1733 1578 1577
f 1579 1578 1733
f 1730 1720 1721
f 1732 1734 1581
f 3478 1581 1734
f 3493 3478 1734
f 1735 3493 1734
f 1735 1734 1736
f 1736 3634 1735
f 1735 3634 3492
f 3490 1735 3492
f 3493 1735 3490
f 1037 1737 1036
f 1738 1036 1737
f 1737 1727 1738
f 1739 1738 1727
f 1739 1727 1726
f 1739 1726 1585
f 1585 1584 1739
f 1738 1739 1584
f 1738 1584 3482
f 1036 1738 3482
f 1740 1585 1726
f 1726 1741 1740
f 1741 1742 1740
f 1743 1740 1742
f 1742 1744 1743
f 1745 1743 1744
f 1745 1744 1746
f 1745 1746 1593
f 1745 1593 1590
f 1745 1590 1587
f 1745 1587 1743
f 1587 1586 1743
f 1743 1586 1740
f 1585 1740 1586
f 1587 1590 1588
f 1593 1591 1590
f 1594 1593 1746
f 1746 1747 1594
f 1595 1594 1747
f 1595 1747 1748
f 1595 1748 1597
f 1601 1597 1748
f 1707 1601 1748
f 1748 1708 1707
f 1708 1748 1749
f 1708 1749 1709
f 1750 1709 1749
f 1749 1751 1750
f 1752 1750 1751
f 1751 1753 1752
f 1752 1753 1754
f 1752 1754 1755
f 1755 1715 1752
f 1713 1752 1715
f 1713 1750 1752
f 1712 1750 1713
f 1712 1709 1750
f 1709 1712 1710
f 1715 1755 1717
f 1756 1717 1755
f 1756 1755 1742
f 1756 1742 1741
f 1741 1724 1756
f 1756 1724 1722
f 1756 1722 1717
f 1717 1722 1718
f 1741 1726 1724
f 1755 1754 1742
f 1744 1742 1754
f 1744 1754 1746
f 1754 1753 1746
f 1747 1746 1753
f 1751 1747 1753
f 1747 1751 1749
f 1747 1749 1748
f 1601 1707 1757
f 1602 1601 1757
f 1602 1757 1758
f 1603 1602 1758
f 1603 1758 1759
f 1604 1603 1759
f 1604 1759 1760
f 1604 1760 1761
f 1604 1761 1605
f 1761 1606 1605
f 1606 1761 1762
f 1606 1762 1607
f 1610 1607 1762
f 1610 1762 1763
f 1764 1610 1763
f 1764 1763 1687
f 1687 1765 1764
f 1764 1765 1766
f 1764 1766 1611
f 1764 1611 1610
f 1767 1611 1766
f 1767 1766 1768
f 1767 1768 1621
f 1621 1612 1767
f 1767 1612 1611
f 1621 1619 1612
f 1613 1612 1619
f 1617 1613 1619
f 1617 1614 1613
f 1614 1617 1616
f 1769 1621 1768
f 1770 1769 1768
f 1771 1770 1768
f 1771 1768 1772
f 1771 1772 1773
f 1771 1773 1774
f 1771 1774 1775
f 1771 1775 1770
f 1776 1770 1775
f 1775 1777 1776
f 1777 1778 1776
f 1776 1778 1779
f 1780 1776 1779
f 1780 1779 1622
f 1622 1769 1780
f 1769 1770 1780
f 1776 1780 1770
f 1769 1622 1621
f 1781 1622 1779
f 1779 1782 1781
f 1783 1781 1782
f 1783 1782 1784
f 1784 1785 1783
f 1625 1783 1785
f 1625 1785 1786
f 1628 1625 1786
f 1628 1786 1787
f 1787 1788 1628
f 1629 1628 1788
f 1629 1788 1632
f 1629 1632 1631
f 1629 1631 1630
f 1632 1788 1027
f 1788 1789 1027
f 1029 1027 1789
f 1789 1790 1029
f 3485 1029 1790
f 3485 1790 1791
f 3485 1791 1792
f 3503 3485 1792
f 3503 1792 1793
f 1047 3503 1793
f 1793 1794 1047
f 1046 1047 1794
f 1046 1794 1795
f 3501 1046 1795
f 3501 1795 1796
f 3500 3501 1796
f 3500 1796 1797
f 3499 3500 1797
f 1797 1798 3499
f 3498 3499 1798
f 1798 1799 3498
f 3494 3498 1799
f 1799 1800 3494
f 3494 1800 3495
f 3510 3504 3509
f 3504 3518 3509
f 1801 3509 3518
f 3518 3519 1801
f 3519 1802 1801
f 1801 1802 3511
f 3509 1801 3511
f 3512 1803 3486
f 1804 3486 1803
f 1805 1804 1803
f 1805 1803 1806
f 1805 1806 1807
f 1805 1807 1808
f 1805 1808 1809
f 1804 1805 1809
f 1633 1804 1809
f 1633 1809 1810
f 1810 1634 1633
f 1810 1636 1634
f 1634 1636 1635
f 1636 1810 1811
f 1636 1811 1637
f 1643 1637 1811
f 1811 1812 1643
f 1644 1643 1812
f 1644 1812 1813
f 1813 1645 1644
f 1645 1813 1814
f 1645 1814 1815
f 1646 1645 1815
f 1646 1815 1816
f 1647 1646 1816
f 1647 1816 1649
f 1647 1649 1648
f 1817 1649 1816
f 1817 1816 1818
f 1818 1819 1817
f 1819 1651 1817
f 1817 1651 1649
f 1651 1819 1655
f 1652 1651 1655
f 1820 1655 1819
f 1819 1821 1820
f 1820 1821 1822
f 1820 1822 1823
f 1823 1655 1820
f 1823 1656 1655
f 1656 1823 1824
f 1824 1825 1656
f 1656 1825 1657
f 1825 1826 1657
f 1826 1660 1657
f 1660 1659 1657
f 1658 1657 1659
f 1660 1826 1827
f 1660 1827 1661
f 1661 1827 1828
f 1661 1828 1662
f 1665 1662 1828
f 1668 1665 1828
f 1668 1828 1827
f 1668 1827 1671
f 1826 1671 1827
f 1671 1826 1825
f 1825 1672 1671
f 1672 1825 1824
f 1824 1829 1672
f 1830 1672 1829
f 1829 1831 1830
f 1832 1830 1831
f 1833 1832 1831
f 1834 1833 1831
f 1834 1831 1822
f 1835 1834 1822
f 1835 1822 1821
f 1821 1836 1835
f 1836 1837 1835
f 1835 1837 1838
f 1835 1838 1834
f 1834 1838 1839
f 1833 1834 1839
f 1839 1840 1833
f 1833 1840 1841
f 1841 1832 1833
f 1842 1832 1841
f 1841 1843 1842
f 1842 1843 1844
f 1842 1844 1845
f 1832 1842 1845
f 1830 1832 1845
f 1830 1845 1673
f 1830 1673 1672
f 1673 1845 1674
f 1674 1845 1678
f 1674 1678 1675
f 1845 1844 1678
f 1678 1844 1680
f 1846 1680 1844
f 1843 1846 1844
f 1846 1843 1847
f 1848 1846 1847
f 1848 1847 1849
f 1848 1849 1850
f 1848 1850 1682
f 1848 1682 1680
f 1848 1680 1846
f 1850 1684 1682
f 1850 1851 1684
f 1686 1684 1851
f 1851 1852 1686
f 1686 1852 1765
f 1687 1686 1765
f 1773 1765 1852
f 1773 1852 1853
f 1774 1773 1853
f 1853 1854 1774
f 1774 1854 1855
f 1855 1775 1774
f 1775 1855 1777
f 1855 1856 1777
f 1857 1777 1856
f 1857 1856 1858
f 1857 1858 1859
f 1857 1859 1860
f 1857 1860 1777
f 1777 1860 1778
f 1861 1778 1860
f 1862 1861 1860
f 1862 1860 1859
f 1859 1863 1862
f 1864 1862 1863
f 1865 1864 1863
f 1866 1865 1863
f 1863 1867 1866
f 1868 1866 1867
f 1868 1867 1869
f 1868 1869 1870
f 1871 1868 1870
f 1871 1870 1872
f 1871 1872 1873
f 1871 1873 1874
f 1875 1871 1874
f 1875 1874 1876
f 1877 1875 1876
f 1877 1876 1878
f 1877 1878 1879
f 1877 1879 1865
f 1877 1865 1866
f 1877 1866 1875
f 1866 1868 1875
f 1871 1875 1868
f 1865 1879 1864
f 1880 1864 1879
f 1881 1880 1879
f 1882 1881 1879
f 1882 1879 1878
f 1883 1882 1878
f 1883 1878 1884
f 1884 1885 1883
f 1886 1883 1885
f 1885 1887 1886
f 1887 1888 1886
f 1889 1886 1888
f 1793 1889 1888
f 1793 1888 1794
f 1890 1794 1888
f 1890 1888 1891
f 1891 1892 1890
f 1795 1890 1892
f 1892 1893 1795
f 1796 1795 1893
f 1893 1894 1796
f 1894 1797 1796
f 1894 1895 1797
f 1798 1797 1895
f 1896 1798 1895
f 1895 1897 1896
f 1898 1896 1897
f 1898 1897 1899
f 1899 1900 1898
f 1800 1898 1900
f 1900 1901 1800
f 1902 1800 1901
f 1902 1901 1903
f 1902 1903 1904
f 1904 3496 1902
f 3495 1902 3496
f 1902 3495 1800
f 3496 1904 1041
f 1904 1905 1041
f 1906 1041 1905
f 1906 1905 1907
f 1908 1906 1907
f 1908 1907 1909
f 1910 1908 1909
f 1910 1909 1911
f 1911 1912 1910
f 1913 1910 1912
f 1913 1912 1914
f 1915 1913 1914
f 1914 1916 1915
f 1916 1917 1915
f 3515 1915 1917
f 3515 1917 3513
f 3517 1802 3519
f 1802 3517 1918
f 1919 1802 1918
f 1920 1919 1918
f 1920 1918 1921
f 3630 1920 1921
f 3630 1921 1922
f 3629 3630 1922
f 1922 1923 3629
f 1923 1924 3629
f 3628 3629 1924
f 1925 3628 1924
f 1924 1926 1925
f 1927 1925 1926
f 1928 1927 1926
f 1928 1926 1929
f 1930 1928 1929
f 1930 1929 1931
f 1931 1932 1930
f 1930 1932 1933
f 1930 1933 1928
f 1928 1933 1934
f 1928 1934 1927
f 1934 1935 1927
f 1936 1927 1935
f 1935 1937 1936
f 1938 1936 1937
f 1939 1938 1937
f 1939 1937 1940
f 1940 1941 1939
f 3520 1939 1941
f 3520 1941 3521
f 3524 1942 3512
f 1942 1803 3512
f 1803 1942 1943
f 1943 1806 1803
f 1944 1806 1943
f 1943 1945 1944
f 1945 1946 1944
f 1947 1944 1946
f 1947 1946 1948
f 1949 1947 1948
f 1949 1948 1950
f 1951 1949 1950
f 1950 1952 1951
f 1953 1951 1952
f 1953 1952 1954
f 1953 1954 1955
f 1955 1956 1953
f 1957 1953 1956
f 1956 1958 1957
f 1959 1957 1958
f 1960 1959 1958
f 1960 1958 1961
f 1962 1960 1961
f 1962 1961 1963
f 1962 1963 1964
f 1962 1964 1965
f 1960 1962 1965
f 1960 1965 1966
f 1959 1960 1966
f 1959 1966 1967
f 1968 1959 1967
f 1968 1967 1969
f 1968 1969 1949
f 1968 1949 1951
f 1951 1957 1968
f 1959 1968 1957
f 1957 1951 1953
f 1947 1949 1969
f 1947 1969 1944
f 1944 1969 1970
f 1944 1970 1806
f 1970 1807 1806
f 1970 1971 1807
f 1808 1807 1971
f 1812 1808 1971
f 1812 1971 1813
f 1972 1813 1971
f 1971 1970 1972
f 1967 1972 1970
f 1970 1969 1967
f 1972 1967 1966
f 1972 1966 1973
f 1972 1973 1813
f 1814 1813 1973
f 1814 1973 1965
f 1965 1974 1814
f 1815 1814 1974
f 1974 1975 1815
f 1976 1815 1975
f 1977 1976 1975
f 1977 1975 1978
f 1977 1978 1836
f 1836 1821 1977
f 1818 1977 1821
f 1821 1819 1818
f 1818 1976 1977
f 1818 1816 1976
f 1976 1816 1815
f 1837 1836 1978
f 1978 1979 1837
f 1837 1979 1980
f 1980 1838 1837
f 1980 1981 1838
f 1981 1839 1838
f 1839 1981 1840
f 1981 1982 1840
f 1983 1840 1982
f 1983 1982 1984
f 1983 1984 1985
f 1983 1985 1986
f 1986 1840 1983
f 1841 1840 1986
f 1841 1986 1843
f 1986 1847 1843
f 1986 1985 1847
f 1987 1847 1985
f 1987 1985 1988
f 1987 1988 1989
f 1987 1989 1990
f 1987 1990 1849
f 1849 1847 1987
f 1849 1990 1991
f 1849 1991 1850
f 1850 1991 1851
f 1992 1851 1991
f 1991 1993 1992
f 1992 1993 1994
f 1994 1853 1992
f 1992 1853 1852
f 1852 1851 1992
f 1853 1994 1854
f 1854 1994 1995
f 1995 1996 1854
f 1996 1855 1854
f 1856 1855 1996
f 1997 1856 1996
f 1998 1997 1996
f 1998 1996 1999
f 1999 2000 1998
f 1998 2000 2001
f 1998 2001 1997
f 2001 2002 1997
f 1858 1997 2002
f 2003 1858 2002
f 2004 2003 2002
f 2002 2005 2004
f 2004 2005 2006
f 2004 2006 1869
f 1869 1867 2004
f 2003 2004 1867
f 1867 1863 2003
f 1859 2003 1863
f 1859 1858 2003
f 1869 2006 2007
f 1869 2007 1870
f 2008 1870 2007
f 2008 2007 2009
f 2010 2008 2009
f 2009 2011 2010
f 2012 2010 2011
f 2013 2012 2011
f 2013 2011 2014
f 2013 2014 2015
f 2013 2015 2016
f 2016 2017 2013
f 2018 2013 2017
f 2018 2017 2019
f 2018 2019 2020
f 2012 2018 2020
f 2012 2020 2021
f 2010 2012 2021
f 2010 2021 1872
f 2008 2010 1872
f 2008 1872 1870
f 2021 2022 1872
f 1873 1872 2022
f 1873 2022 2023
f 1873 2023 1874
f 2024 1874 2023
f 2025 2024 2023
f 2025 2023 2026
f 2025 2026 2027
f 2025 2027 2028
f 2028 2029 2025
f 2025 2029 2024
f 1884 2024 2029
f 2029 1885 1884
f 2029 2030 1885
f 2030 1887 1885
f 2030 1891 1887
f 1887 1891 1888
f 2030 2031 1891
f 1892 1891 2031
f 2031 2032 1892
f 1893 1892 2032
f 1893 2032 2033
f 1893 2033 1894
f 1894 2033 1895
f 2034 1895 2033
f 2035 2034 2033
f 2035 2033 2036
f 2036 2037 2035
f 2035 2037 2038
f 2035 2038 2034
f 1897 2034 2038
f 2039 1897 2038
f 2038 2040 2039
f 2040 2041 2039
f 1899 2039 2041
f 1899 2041 2042
f 1899 2042 1900
f 1901 1900 2042
f 2043 1901 2042
f 2043 2042 2044
f 2045 2043 2044
f 2044 2046 2045
f 2047 2045 2046
f 2046 2048 2047
f 2049 2047 2048
f 2049 2048 2050
f 2049 2050 2051
f 2051 2052 2049
f 2053 2049 2052
f 2053 2052 2054
f 2053 2054 1911
f 2053 1911 2055
f 2055 2047 2053
f 2053 2047 2049
f 2055 2056 2047
f 2045 2047 2056
f 2056 2057 2045
f 2043 2045 2057
f 2043 2057 1903
f 2043 1903 1901
f 2057 1905 1903
f 1904 1903 1905
f 2057 2056 1905
f 2056 1907 1905
f 2056 1909 1907
f 2056 2055 1909
f 2055 1911 1909
f 1911 2054 1912
f 2058 1912 2054
f 2058 2054 2059
f 2060 2058 2059
f 2061 2060 2059
f 2061 2059 2062
f 2061 2062 2063
f 2063 2064 2061
f 2061 2064 2060
f 2065 2060 2064
f 2066 2065 2064
f 2067 2066 2064
f 2063 2067 2064
f 2068 2067 2063
f 2063 2069 2068
f 2070 2068 2069
f 2069 2071 2070
f 2072 2070 2071
f 2073 2072 2071
f 2073 2071 2074
f 2074 2075 2073
f 2073 2075 2076
f 2073 2076 2077
f 2073 2077 2072
f 2072 2077 2078
f 2079 2072 2078
f 2079 2078 2080
f 2079 2080 2081
f 2079 2081 2070
f 2070 2072 2079
f 2082 2070 2081
f 2083 2082 2081
f 2083 2081 2084
f 2083 2084 2085
f 2085 2086 2083
f 2083 2086 2087
f 2083 2087 2082
f 2088 2082 2087
f 2088 2087 2089
f 2088 2089 2067
f 2088 2067 2068
f 2082 2088 2068
f 2068 2070 2082
f 2090 2067 2089
f 2091 2090 2089
f 2091 2089 2092
f 2092 2093 2091
f 2091 2093 2094
f 2095 2091 2094
f 2094 2096 2095
f 2096 2097 2095
f 2098 2095 2097
f 2099 2098 2097
f 2100 2099 2097
f 2100 2097 2101
f 2102 2100 2101
f 2103 2102 2101
f 2103 2101 2104
f 2103 2104 2105
f 2105 2106 2103
f 2102 2103 2106
f 2106 2107 2102
f 2102 2107 2108
f 2102 2108 2100
f 2109 2100 2108
f 2109 2108 2110
f 2109 2110 2111
f 2109 2111 2065
f 2109 2065 2099
f 2109 2099 2100
f 2065 2066 2099
f 2099 2066 2098
f 2067 2098 2066
f 2090 2098 2067
f 2090 2095 2098
f 2091 2095 2090
f 2111 2112 2065
f 2060 2065 2112
f 2112 2058 2060
f 2112 1912 2058
f 2113 1912 2112
f 2111 2113 2112
f 2111 2114 2113
f 2114 1916 2113
f 1914 2113 1916
f 2113 1914 1912
f 2114 2115 1916
f 1917 1916 2115
f 2116 1917 2115
f 2116 2115 2117
f 3514 2116 2117
f 3514 2117 3516
f 3516 2117 2118
f 3516 2118 3525
f 3531 1918 3517
f 3531 2119 1918
f 1921 1918 2119
f 2120 1921 2119
f 2121 2120 2119
f 2119 3533 2121
f 3532 2121 3533
f 3531 3533 2119
f 3534 2122 3532
f 2122 2121 3532
f 2121 2122 2123
f 2123 2120 2121
f 2123 2124 2120
f 1922 2120 2124
f 1923 1922 2124
f 2124 1924 1923
f 1926 1924 2124
f 2124 1929 1926
f 2124 2123 1929
f 2123 2122 1929
f 1931 1929 2122
f 2122 3534 1931
f 3535 1931 3534
f 3535 3536 1932
f 1932 1931 3535
f 1932 3536 2125
f 1932 2125 1933
f 2126 1933 2125
f 2125 2127 2126
f 2128 2126 2127
f 2128 2127 2129
f 2129 2130 2128
f 2128 2130 2131
f 2128 2131 1935
f 1934 2128 1935
f 1934 2126 2128
f 1934 1933 2126
f 2131 1937 1935
f 2132 1937 2131
f 2131 2130 2132
f 2133 2132 2130
f 2133 2130 2134
f 2134 2135 2133
f 2133 2135 2136
f 2132 2133 2136
f 2132 2136 1940
f 2132 1940 1937
f 2137 1940 2136
f 2138 2137 2136
f 2138 2136 2135
f 2138 2135 2139
f 2140 2138 2139
f 2139 2141 2140
f 2140 2141 2142
f 2140 2142 2143
f 2140 2143 2138
f 2138 2143 2137
f 2144 2137 2143
f 2143 2145 2144
f 2144 2145 3521
f 2144 3521 1941
f 2137 2144 1941
f 1941 1940 2137
f 3522 3521 2145
f 3522 2145 2146
f 3522 2146 2147
f 3522 2147 3537
f 3523 3538 2148
f 2148 1945 3523
f 3524 3523 1945
f 1942 3524 1945
f 1942 1945 1943
f 2148 1946 1945
f 2148 1948 1946
f 2149 1948 2148
f 2149 2148 3538
f 3539 2149 3538
f 3540 2150 3539
f 3539 2150 2149
f 2151 2149 2150
f 2150 2152 2151
f 2153 2151 2152
f 2152 2154 2153
f 1952 2153 2154
f 1952 2154 1954
f 2155 1954 2154
f 2155 2154 2156
f 2155 2156 2157
f 2155 2157 2158
f 2155 2158 1954
f 2159 1954 2158
f 2158 2160 2159
f 2161 2159 2160
f 2160 2162 2161
f 2163 2161 2162
f 2163 2162 2164
f 2164 2165 2163
f 2166 2163 2165
f 2166 2165 2167
f 1961 2166 2167
f 1961 2167 1963
f 2168 1963 2167
f 2168 2167 2169
f 2169 2170 2168
f 1979 2168 2170
f 2170 1980 1979
f 1981 1980 2170
f 2170 2171 1981
f 1982 1981 2171
f 2171 2172 1982
f 1984 1982 2172
f 1984 2172 2173
f 1984 2173 2174
f 1984 2174 1988
f 1984 1988 1985
f 1988 2174 2175
f 1989 1988 2175
f 1989 2175 2176
f 1990 1989 2176
f 1993 1990 2176
f 2177 1993 2176
f 2177 2176 2178
f 2178 2179 2177
f 2177 2179 2180
f 1999 2177 2180
f 1999 2180 2000
f 2000 2180 2181
f 2000 2181 2182
f 2000 2182 2001
f 2183 2001 2182
f 2182 2184 2183
f 2185 2183 2184
f 2185 2184 2186
f 2187 2185 2186
f 2186 2188 2187
f 2187 2188 2189
f 2187 2189 2190
f 2187 2190 2191
f 2185 2187 2191
f 2192 2185 2191
f 2191 2193 2192
f 2192 2193 2006
f 2192 2006 2005
f 2192 2005 2194
f 2185 2192 2194
f 2194 2183 2185
f 2001 2183 2194
f 2194 2002 2001
f 2002 2194 2005
f 2007 2006 2193
f 2190 2007 2193
f 2193 2191 2190
f 2007 2190 2195
f 2195 2009 2007
f 2195 2196 2009
f 2009 2196 2011
f 2196 2014 2011
f 2196 2197 2014
f 2015 2014 2197
f 2197 2198 2015
f 2199 2015 2198
f 2198 2200 2199
f 2199 2200 2201
f 2202 2199 2201
f 2202 2201 2203
f 2202 2203 2204
f 2202 2204 2205
f 2202 2205 2016
f 2202 2016 2199
f 2199 2016 2015
f 2016 2205 2017
f 2206 2017 2205
f 2207 2206 2205
f 2207 2205 2204
f 2208 2207 2204
f 2208 2204 2203
f 2208 2203 2209
f 2209 2210 2208
f 2208 2210 2211
f 2208 2211 2212
f 2208 2212 2207
f 2207 2212 2213
f 2213 2206 2207
f 2206 2213 2214
f 2215 2206 2214
f 2215 2214 2216
f 2215 2216 2217
f 2217 2218 2215
f 2215 2218 2206
f 2019 2206 2218
f 2219 2019 2218
f 2219 2218 2220
f 2219 2220 2221
f 2219 2221 2020
f 2219 2020 2019
f 2020 2221 2222
f 2222 2021 2020
f 2222 2022 2021
f 2222 2023 2022
f 2026 2023 2222
f 2026 2222 2221
f 2026 2221 2223
f 2026 2223 2027
f 2223 2224 2027
f 2225 2027 2224
f 2224 2036 2225
f 2036 2032 2225
f 2031 2225 2032
f 2031 2028 2225
f 2028 2027 2225
f 2031 2030 2028
f 2028 2030 2029
f 2032 2036 2033
f 2036 2224 2037
f 2037 2224 2226
f 2227 2037 2226
f 2226 2228 2227
f 2228 2229 2227
f 2040 2227 2229
f 2040 2229 2230
f 2040 2230 2041
f 2231 2041 2230
f 2231 2230 2232
f 2232 2233 2231
f 2044 2231 2233
f 2233 2046 2044
f 2233 2234 2046
f 2048 2046 2234
f 2234 2050 2048
f 2235 2050 2234
f 2235 2234 2236
f 2237 2235 2236
f 2237 2236 2238
f 2239 2237 2238
f 2239 2238 2240
f 2239 2240 2241
f 2239 2241 2077
f 2239 2077 2076
f 2239 2076 2237
f 2235 2237 2076
f 2076 2075 2235
f 2235 2075 2050
f 2051 2050 2075
f 2075 2074 2051
f 2242 2051 2074
f 2074 2062 2242
f 2242 2062 2059
f 2059 2052 2242
f 2051 2242 2052
f 2052 2059 2054
f 2062 2074 2069
f 2069 2063 2062
f 2071 2069 2074
f 2077 2241 2078
f 2243 2078 2241
f 2244 2243 2241
f 2240 2244 2241
f 2244 2240 2245
f 2244 2245 2246
f 2246 2247 2244
f 2244 2247 2243
f 2248 2243 2247
f 2247 2249 2248
f 2250 2248 2249
f 2249 2251 2250
f 2252 2250 2251
f 2252 2251 2253
f 2254 2252 2253
f 2253 2255 2254
f 2256 2254 2255
f 2255 2257 2256
f 2258 2256 2257
f 2257 2259 2258
f 2260 2258 2259
f 2259 2261 2260
f 2262 2260 2261
f 2262 2261 2263
f 2263 2264 2262
f 2264 2265 2262
f 2260 2262 2265
f 2260 2265 2266
f 2260 2266 2258
f 2266 2267 2258
f 2258 2267 2256
f 2268 2256 2267
f 2268 2267 2269
f 2268 2269 2270
f 2268 2270 2254
f 2268 2254 2256
f 2271 2254 2270
f 2271 2270 2272
f 2273 2271 2272
f 2273 2272 2274
f 2273 2274 2275
f 2275 2276 2273
f 2271 2273 2276
f 2271 2276 2252
f 2252 2254 2271
f 2276 2250 2252
f 2250 2276 2275
f 2275 2248 2250
f 2275 2277 2248
f 2248 2277 2243
f 2278 2243 2277
f 2278 2277 2279
f 2279 2080 2278
f 2080 2078 2278
f 2278 2078 2243
f 2279 2084 2080
f 2081 2080 2084
f 2084 2279 2280
f 2084 2280 2085
f 2085 2280 2281
f 2282 2085 2281
f 2283 2282 2281
f 2284 2283 2281
f 2284 2281 2285
f 2285 2286 2284
f 2286 2287 2284
f 2288 2284 2287
f 2289 2288 2287
f 2290 2289 2287
f 2287 2291 2290
f 2290 2291 2292
f 2290 2292 2293
f 2290 2293 2289
f 2293 2294 2289
f 2295 2289 2294
f 2294 2296 2295
f 2297 2295 2296
f 2297 2296 2298
f 2299 2297 2298
f 2298 2300 2299
f 2299 2300 2301
f 2299 2301 2302
f 2299 2302 2297
f 2297 2302 2288
f 2288 2295 2297
f 2288 2289 2295
f 2283 2288 2302
f 2283 2302 2282
f 2303 2282 2302
f 2303 2302 2301
f 2301 2092 2303
f 2303 2092 2087
f 2303 2087 2086
f 2303 2086 2282
f 2085 2282 2086
f 2092 2089 2087
f 2301 2093 2092
f 2301 2300 2093
f 2093 2300 2304
f 2094 2093 2304
f 2094 2304 2305
f 2094 2305 2096
f 2096 2305 2306
f 2307 2096 2306
f 2307 2306 2308
f 2307 2308 2309
f 2104 2307 2309
f 2309 2310 2104
f 2105 2104 2310
f 2105 2310 2311
f 2105 2311 2312
f 2106 2105 2312
f 2106 2312 2313
f 2106 2313 2107
f 2107 2313 2314
f 2107 2314 2315
f 2107 2315 2108
f 2315 2110 2108
f 2315 2114 2110
f 2110 2114 2111
f 2315 2115 2114
f 2315 2314 2115
f 2314 2117 2115
f 2314 2313 2117
f 2313 2118 2117
f 2118 2313 2316
f 2316 2317 2118
f 3525 2118 2317
f 3525 2317 3526
f 2317 2318 3526
f 3527 3526 2318
f 2318 2319 3527
f 3626 3527 2319
f 2319 2320 3626
f 3528 3626 2320
f 2321 3528 2320
f 2320 2322 2321
f 2323 2321 2322
f 2322 2324 2323
f 2325 2323 2324
f 2325 2324 2326
f 2325 2326 2327
f 2325 2327 2328
f 2328 2323 2325
f 2328 2329 2323
f 2329 2330 2323
f 2321 2323 2330
f 2321 2330 2331
f 2321 2331 3541
f 3541 3528 2321
f 1090 2332 1091
f 2332 2333 1091
f 3529 1091 2333
f 2334 3529 2333
f 2333 2129 2334
f 2127 2334 2129
f 2334 2127 2125
f 2334 2125 3530
f 3529 2334 3530
f 3536 3530 2125
f 2335 2129 2333
f 2335 2333 2332
f 2335 2332 2336
f 2337 2335 2336
f 2337 2336 2338
f 2337 2338 2134
f 2337 2134 2130
f 2337 2130 2129
f 2129 2335 2337
f 2339 2134 2338
f 2339 2338 2340
f 2339 2340 2341
f 2339 2341 2135
f 2339 2135 2134
f 2341 2139 2135
f 2139 2341 2342
f 2139 2342 2141
f 2343 2141 2342
f 2342 2344 2343
f 2344 2345 2343
f 2346 2343 2345
f 2345 2347 2346
f 2348 2346 2347
f 2347 2349 2348
f 2350 2348 2349
f 2349 2351 2350
f 2352 2350 2351
f 2352 2351 2353
f 2353 2354 2352
f 2352 2354 2355
f 2355 3550 2352
f 2356 2352 3550
f 3537 2356 3550
f 3552 2357 3551
f 3551 2357 2358
f 3551 2358 3553
f 3558 2359 3540
f 3540 2359 2150
f 2152 2150 2359
f 2360 2152 2359
f 2361 2360 2359
f 2361 2359 3558
f 3558 3578 2361
f 2361 3578 2362
f 2361 2362 2360
f 2363 2360 2362
f 2362 2364 2363
f 2365 2363 2364
f 2366 2365 2364
f 2367 2366 2364
f 2367 2364 2368
f 2367 2368 3577
f 3577 3576 2367
f 2367 3576 2369
f 2367 2369 2366
f 2366 2369 2370
f 2366 2370 2371
f 2366 2371 2365
f 2371 2372 2365
f 2373 2365 2372
f 2374 2373 2372
f 2375 2374 2372
f 2375 2372 2376
f 2376 2377 2375
f 2375 2377 2378
f 2375 2378 2374
f 2378 2379 2374
f 2374 2379 2380
f 2380 2373 2374
f 2373 2380 2363
f 2373 2363 2365
f 2156 2363 2380
f 2156 2380 2157
f 2381 2157 2380
f 2380 2379 2381
f 2382 2381 2379
f 2382 2379 2383
f 2382 2383 2384
f 2382 2384 2160
f 2158 2382 2160
f 2158 2381 2382
f 2381 2158 2157
f 2162 2160 2384
f 2162 2384 2385
f 2162 2385 2164
f 2164 2385 2386
f 2386 2387 2164
f 2165 2164 2387
f 2165 2387 2169
f 2165 2169 2167
f 2387 2388 2169
f 2169 2388 2171
f 2170 2169 2171
f 2172 2171 2388
f 2388 2389 2172
f 2173 2172 2389
f 2389 2390 2173
f 2391 2173 2390
f 2391 2390 2392
f 2391 2392 2393
f 2391 2393 2394
f 2394 2173 2391
f 2394 2174 2173
f 2394 2175 2174
f 2394 2395 2175
f 2175 2395 2178
f 2175 2178 2176
f 2396 2178 2395
f 2395 2393 2396
f 2397 2396 2393
f 2398 2397 2393
f 2398 2393 2392
f 2398 2392 2399
f 2399 2400 2398
f 2398 2400 2401
f 2398 2401 2397
f 2402 2397 2401
f 2402 2401 2400
f 2402 2400 2403
f 2404 2402 2403
f 2403 2405 2404
f 2405 2406 2404
f 2407 2404 2406
f 2408 2407 2406
f 2408 2406 2409
f 2408 2409 2410
f 2408 2410 2411
f 2408 2411 2407
f 2412 2407 2411
f 2181 2412 2411
f 2182 2181 2411
f 2182 2411 2184
f 2184 2411 2410
f 2410 2186 2184
f 2410 2413 2186
f 2186 2413 2188
f 2413 2414 2188
f 2415 2188 2414
f 2414 2416 2415
f 2416 2417 2415
f 2417 2418 2415
f 2419 2415 2418
f 2419 2418 2420
f 2420 2421 2419
f 2189 2419 2421
f 2195 2189 2421
f 2195 2421 2196
f 2421 2197 2196
f 2421 2420 2197
f 2197 2420 2198
f 2422 2198 2420
f 2420 2418 2422
f 2418 2423 2422
f 2424 2422 2423
f 2425 2424 2423
f 2425 2423 2426
f 2426 2427 2425
f 2425 2427 2428
f 2425 2428 2429
f 2429 2424 2425
f 2430 2424 2429
f 2430 2429 2431
f 2430 2431 2432
f 2430 2432 2433
f 2433 2434 2430
f 2424 2430 2434
f 2422 2424 2434
f 2422 2434 2198
f 2200 2198 2434
f 2433 2200 2434
f 2200 2433 2201
f 2435 2201 2433
f 2433 2432 2435
f 2436 2435 2432
f 2436 2432 2437
f 2436 2437 2438
f 2438 2209 2436
f 2209 2435 2436
f 2209 2203 2435
f 2201 2435 2203
f 2209 2438 2210
f 2439 2210 2438
f 2439 2438 2440
f 2440 2441 2439
f 2442 2439 2441
f 2443 2442 2441
f 2443 2441 2444
f 2443 2444 2251
f 2251 2445 2443
f 2445 2446 2443
f 2442 2443 2446
f 2446 2447 2442
f 2448 2442 2447
f 2448 2447 2449
f 2450 2448 2449
f 2449 2451 2450
f 2451 2452 2450
f 2450 2452 2213
f 2450 2213 2453
f 2448 2450 2453
f 2448 2453 2211
f 2454 2448 2211
f 2454 2211 2210
f 2454 2210 2439
f 2439 2442 2454
f 2448 2454 2442
f 2212 2211 2453
f 2212 2453 2213
f 2214 2213 2452
f 2214 2452 2216
f 2455 2216 2452
f 2456 2455 2452
f 2452 2451 2456
f 2456 2451 2457
f 2457 2458 2456
f 2458 2459 2456
f 2455 2456 2459
f 2459 2460 2455
f 2461 2455 2460
f 2229 2461 2460
f 2230 2229 2460
f 2232 2230 2460
f 2232 2460 2462
f 2232 2462 2233
f 2233 2462 2234
f 2234 2462 2236
f 2459 2236 2462
f 2462 2460 2459
f 2458 2236 2459
f 2458 2238 2236
f 2457 2238 2458
f 2463 2238 2457
f 2463 2457 2449
f 2449 2245 2463
f 2463 2245 2240
f 2463 2240 2238
f 2245 2449 2447
f 2447 2446 2245
f 2246 2245 2446
f 2246 2446 2445
f 2445 2249 2246
f 2247 2246 2249
f 2445 2251 2249
f 2449 2457 2451
f 2228 2461 2229
f 2217 2461 2228
f 2228 2226 2217
f 2217 2226 2218
f 2220 2218 2226
f 2220 2226 2224
f 2223 2220 2224
f 2220 2223 2221
f 2461 2217 2216
f 2216 2455 2461
f 2444 2253 2251
f 2253 2444 2255
f 2464 2255 2444
f 2444 2441 2464
f 2441 2440 2464
f 2464 2440 2465
f 2465 2259 2464
f 2257 2464 2259
f 2255 2464 2257
f 2465 2466 2259
f 2261 2259 2466
f 2467 2261 2466
f 2467 2466 2468
f 2467 2468 2469
f 2467 2469 2470
f 2261 2467 2470
f 2470 2263 2261
f 2471 2263 2470
f 2472 2471 2470
f 2472 2470 2469
f 2473 2472 2469
f 2473 2469 2474
f 2475 2473 2474
f 2475 2474 2476
f 2475 2476 2477
f 2478 2475 2477
f 2478 2477 2479
f 2478 2479 2480
f 2480 2481 2478
f 2482 2478 2481
f 2483 2482 2481
f 2483 2481 2484
f 2485 2483 2484
f 2485 2484 2486
f 2487 2485 2486
f 2486 2488 2487
f 2487 2488 2489
f 2489 2490 2487
f 2490 2491 2487
f 2485 2487 2491
f 2491 2492 2485
f 2483 2485 2492
f 2492 2493 2483
f 2483 2493 2494
f 2482 2483 2494
f 2482 2494 2495
f 2495 2478 2482
f 2495 2475 2478
f 2473 2475 2495
f 2473 2495 2496
f 2473 2496 2472
f 2472 2496 2471
f 2496 2497 2471
f 2498 2471 2497
f 2498 2497 2499
f 2498 2499 2500
f 2500 2501 2498
f 2263 2498 2501
f 2264 2263 2501
f 2264 2501 2502
f 2503 2264 2502
f 2504 2503 2502
f 2504 2502 2505
f 2504 2505 2506
f 2504 2506 2507
f 2504 2507 2508
f 2504 2508 2503
f 2503 2508 2509
f 2503 2509 2265
f 2503 2265 2264
f 2509 2266 2265
f 2509 2510 2266
f 2510 2267 2266
f 2267 2510 2511
f 2511 2269 2267
f 2511 2512 2269
f 2513 2269 2512
f 2514 2513 2512
f 2514 2512 2515
f 2515 2516 2514
f 2517 2514 2516
f 2518 2517 2516
f 2519 2518 2516
f 2516 2520 2519
f 2520 2521 2519
f 2519 2521 2522
f 2522 2523 2519
f 2518 2519 2523
f 2524 2518 2523
f 2524 2523 2525
f 2524 2525 2526
f 2524 2526 2527
f 2527 2528 2524
f 2524 2528 2518
f 2517 2518 2528
f 2517 2528 2529
f 2529 2530 2517
f 2517 2530 2514
f 2513 2514 2530
f 2513 2530 2531
f 2513 2531 2269
f 2270 2269 2531
f 2531 2272 2270
f 2272 2531 2532
f 2532 2533 2272
f 2272 2533 2274
f 2534 2274 2533
f 2534 2533 2535
f 2534 2535 2280
f 2280 2536 2534
f 2274 2534 2536
f 2536 2275 2274
f 2275 2536 2277
f 2536 2279 2277
f 2536 2280 2279
f 2535 2281 2280
f 2535 2285 2281
f 2535 2537 2285
f 2286 2285 2537
f 2286 2537 2538
f 2538 2539 2286
f 2540 2286 2539
f 2539 2541 2540
f 2291 2540 2541
f 2541 2542 2291
f 2292 2291 2542
f 2543 2292 2542
f 2544 2543 2542
f 2542 2541 2544
f 2545 2544 2541
f 2526 2545 2541
f 2526 2541 2539
f 2526 2539 2527
f 2527 2539 2538
f 2527 2538 2529
f 2527 2529 2528
f 2529 2538 2546
f 2529 2546 2530
f 2532 2530 2546
f 2532 2546 2533
f 2537 2533 2546
f 2538 2537 2546
f 2535 2533 2537
f 2532 2531 2530
f 2526 2525 2545
f 2545 2525 2547
f 2545 2547 2548
f 2545 2548 2544
f 2544 2548 2549
f 2544 2549 2543
f 2550 2543 2549
f 2550 2549 2551
f 2552 2550 2551
f 2551 2553 2552
f 2554 2552 2553
f 2554 2553 2555
f 2555 2556 2554
f 2554 2556 2557
f 2554 2557 2558
f 2554 2558 2552
f 2559 2552 2558
f 2558 2560 2559
f 2561 2559 2560
f 2560 2562 2561
f 2563 2561 2562
f 2564 2563 2562
f 2564 2562 2565
f 2565 2566 2564
f 2564 2566 2567
f 2564 2567 2568
f 2568 2563 2564
f 2563 2568 2569
f 2569 2561 2563
f 2570 2561 2569
f 2570 2569 2292
f 2570 2292 2543
f 2570 2543 2550
f 2570 2550 2559
f 2570 2559 2561
f 2552 2559 2550
f 2293 2292 2569
f 2569 2568 2293
f 2294 2293 2568
f 2571 2294 2568
f 2571 2568 2567
f 2567 2572 2571
f 2573 2571 2572
f 2572 2574 2573
f 2575 2573 2574
f 2576 2575 2574
f 2576 2574 2577
f 2577 2578 2576
f 2579 2576 2578
f 2579 2578 2580
f 2305 2579 2580
f 2580 2306 2305
f 2580 2581 2306
f 2308 2306 2581
f 2308 2581 2582
f 2309 2308 2582
f 2309 2582 2583
f 2309 2583 2310
f 2310 2583 2311
f 2584 2311 2583
f 2583 2585 2584
f 2584 2585 2326
f 2584 2326 2586
f 2584 2586 2311
f 2311 2586 2587
f 2587 2312 2311
f 2587 2316 2312
f 2316 2313 2312
f 2587 2317 2316
f 2318 2317 2587
f 2587 2588 2318
f 2319 2318 2588
f 2588 2589 2319
f 2319 2589 2320
f 2322 2320 2589
f 2322 2589 2324
f 2324 2589 2586
f 2324 2586 2326
f 2588 2586 2589
f 2588 2587 2586
f 2590 2326 2585
f 2585 2591 2590
f 2592 2590 2591
f 2592 2591 2593
f 2593 2594 2592
f 2592 2594 2595
f 2596 2592 2595
f 2596 2595 2597
f 2596 2597 2598
f 2596 2598 2599
f 2599 2600 2596
f 2592 2596 2600
f 2600 2590 2592
f 2590 2600 2327
f 2327 2326 2590
f 2327 2600 2601
f 2328 2327 2601
f 2328 2601 2602
f 2328 2602 2329
f 2602 2603 2329
f 2604 2329 2603
f 2603 2605 2604
f 2605 2606 2604
f 2607 2604 2606
f 2607 2606 3543
f 3542 2607 3543
f 2607 3542 2331
f 2607 2331 2330
f 2330 2604 2607
f 2604 2330 2329
f 3541 2331 3542
f 3543 2606 3559
f 3564 2608 3545
f 2609 3545 2608
f 2609 2608 2610
f 2609 2610 2611
f 2609 2611 2612
f 2609 2612 3565
f 3545 2609 3565
f 3565 2612 3547
f 2612 2613 3547
f 3547 2613 3548
f 2614 3548 2613
f 2614 2613 2615
f 2615 2616 2614
f 2617 2614 2616
f 2616 2618 2617
f 2619 2617 2618
f 2618 2620 2619
f 2620 2336 2619
f 2332 2619 2336
f 2332 1090 2619
f 3566 2619 1090
f 3567 2617 3566
f 2619 3566 2617
f 2617 3567 2614
f 3548 2614 3567
f 2336 2620 2338
f 2621 2338 2620
f 2621 2620 2622
f 2623 2621 2622
f 2623 2622 2624
f 2624 2625 2623
f 2626 2623 2625
f 2626 2625 2627
f 2626 2627 2628
f 2628 2344 2626
f 2629 2626 2344
f 2342 2629 2344
f 2342 2341 2629
f 2340 2629 2341
f 2340 2623 2629
f 2629 2623 2626
f 2623 2340 2621
f 2340 2338 2621
f 2628 2345 2344
f 2630 2345 2628
f 2630 2628 2627
f 2630 2627 2631
f 2631 2632 2630
f 2632 2633 2630
f 2630 2633 2345
f 2347 2345 2633
f 2347 2633 2349
f 2349 2633 2634
f 2634 2351 2349
f 2351 2634 2353
f 2635 2353 2634
f 2636 2635 2634
f 2634 2637 2636
f 2638 2636 2637
f 2632 2638 2637
f 2637 2633 2632
f 2637 2634 2633
f 2639 2638 2632
f 2639 2632 2631
f 2631 2640 2639
f 2639 2640 2641
f 2642 2639 2641
f 2641 2643 2642
f 2643 2644 2642
f 2645 2642 2644
f 2644 2646 2645
f 2645 2646 2647
f 2645 2647 2648
f 2645 2648 2642
f 2638 2642 2648
f 2638 2648 2636
f 2649 2636 2648
f 2649 2648 2650
f 2649 2650 2651
f 2649 2651 2635
f 2635 2636 2649
f 2652 2635 2651
f 2652 2651 2653
f 2653 2654 2652
f 2655 2652 2654
f 2654 2656 2655
f 2656 3568 2655
f 2354 2655 3568
f 2355 2354 3568
f 3568 3550 2355
f 3552 3569 2657
f 2657 2357 3552
f 2657 2658 2357
f 2357 2658 2659
f 2358 2357 2659
f 2358 2659 2660
f 2660 2661 2358
f 2662 2358 2661
f 2663 2662 2661
f 2663 2661 2664
f 2663 2664 3570
f 3555 2663 3570
f 3557 3570 2664
f 2664 2665 3557
f 3625 3557 2665
f 3625 2665 2666
f 3571 3625 2666
f 2667 3571 2666
f 2667 2666 2668
f 2667 2668 2669
f 2669 3574 2667
f 3571 2667 3574
f 3577 2368 3578
f 2368 2362 3578
f 2362 2368 2364
f 3576 3575 2369
f 3575 2670 2369
f 2370 2369 2670
f 2370 2670 2671
f 2370 2671 2672
f 2370 2672 2371
f 2371 2672 2673
f 2372 2371 2673
f 2376 2372 2673
f 2376 2673 2674
f 2674 2675 2376
f 2377 2376 2675
f 2377 2675 2676
f 2677 2377 2676
f 2677 2676 2678
f 2678 2679 2677
f 2679 2383 2677
f 2378 2677 2383
f 2378 2383 2379
f 2677 2378 2377
f 2383 2679 2384
f 2680 2384 2679
f 2679 2681 2680
f 2385 2680 2681
f 2681 2386 2385
f 2682 2386 2681
f 2681 2683 2682
f 2683 2399 2682
f 2399 2392 2682
f 2392 2390 2682
f 2386 2682 2390
f 2386 2390 2389
f 2386 2389 2388
f 2387 2386 2388
f 2683 2684 2399
f 2399 2684 2400
f 2684 2685 2400
f 2685 2403 2400
f 2403 2685 2686
f 2686 2405 2403
f 2686 2687 2405
f 2688 2405 2687
f 2687 2689 2688
f 2689 2690 2688
f 2691 2688 2690
f 2691 2690 2692
f 2691 2692 2693
f 2691 2693 2409
f 2691 2409 2406
f 2688 2691 2406
f 2688 2406 2405
f 2413 2409 2693
f 2413 2693 2414
f 2414 2693 2416
f 2693 2692 2416
f 2694 2416 2692
f 2692 2695 2694
f 2694 2695 2696
f 2697 2694 2696
f 2697 2696 2426
f 2426 2417 2697
f 2416 2697 2417
f 2697 2416 2694
f 2426 2423 2417
f 2418 2417 2423
f 2426 2696 2427
f 2698 2427 2696
f 2698 2696 2699
f 2698 2699 2700
f 2700 2701 2698
f 2702 2698 2701
f 2702 2701 2703
f 2702 2703 2428
f 2427 2702 2428
f 2427 2698 2702
f 2704 2428 2703
f 2476 2704 2703
f 2703 2477 2476
f 2477 2703 2479
f 2703 2701 2479
f 2705 2479 2701
f 2700 2705 2701
f 2705 2700 2706
f 2705 2706 2707
f 2705 2707 2708
f 2705 2708 2479
f 2708 2480 2479
f 2480 2708 2709
f 2709 2481 2480
f 2709 2484 2481
f 2484 2709 2710
f 2486 2484 2710
f 2486 2710 2488
f 2488 2710 2711
f 2712 2488 2711
f 2712 2711 2713
f 2713 2714 2712
f 2712 2714 2715
f 2489 2712 2715
f 2716 2489 2715
f 2715 2717 2716
f 2718 2716 2717
f 2717 2719 2718
f 2718 2719 2720
f 2720 2721 2718
f 2718 2721 2722
f 2718 2722 2716
f 2716 2722 2490
f 2490 2489 2716
f 2490 2722 2723
f 2491 2490 2723
f 2491 2723 2724
f 2724 2492 2491
f 2492 2724 2725
f 2725 2493 2492
f 2725 2726 2493
f 2727 2493 2726
f 2727 2726 2728
f 2728 2499 2727
f 2727 2499 2729
f 2727 2729 2494
f 2727 2494 2493
f 2729 2496 2494
f 2495 2494 2496
f 2729 2497 2496
f 2729 2499 2497
f 2728 2500 2499
f 2728 2730 2500
f 2500 2730 2731
f 2500 2731 2501
f 2731 2502 2501
f 2505 2502 2731
f 2732 2505 2731
f 2732 2731 2730
f 2732 2730 2733
f 2734 2732 2733
f 2735 2734 2733
f 2736 2735 2733
f 2733 2737 2736
f 2738 2736 2737
f 2737 2725 2738
f 2724 2738 2725
f 2724 2739 2738
f 2740 2738 2739
f 2740 2739 2741
f 2740 2741 2742
f 2740 2742 2743
f 2740 2743 2736
f 2740 2736 2738
f 2744 2736 2743
f 2745 2744 2743
f 2745 2743 2742
f 2742 2746 2745
f 2747 2745 2746
f 2746 2748 2747
f 2747 2748 2749
f 2749 2750 2747
f 2751 2747 2750
f 2752 2751 2750
f 2752 2750 2753
f 2752 2753 2754
f 2752 2754 2755
f 2752 2755 2756
f 2752 2756 2751
f 2756 2744 2751
f 2745 2751 2744
f 2751 2745 2747
f 2744 2756 2735
f 2736 2744 2735
f 2757 2735 2756
f 2756 2755 2757
f 2755 2758 2757
f 2759 2757 2758
f 2759 2758 2760
f 2759 2760 2761
f 2759 2761 2762
f 2734 2759 2762
f 2734 2762 2732
f 2763 2732 2762
f 2764 2763 2762
f 2764 2762 2761
f 2761 2765 2764
f 2764 2765 2766
f 2764 2766 2506
f 2764 2506 2763
f 2505 2763 2506
f 2732 2763 2505
f 2766 2507 2506
f 2766 2767 2507
f 2768 2507 2767
f 2768 2767 2769
f 2768 2769 2770
f 2771 2768 2770
f 2771 2770 2772
f 2772 2773 2771
f 2508 2771 2773
f 2508 2773 2509
f 2510 2509 2773
f 2773 2511 2510
f 2773 2772 2511
f 2511 2772 2512
f 2772 2515 2512
f 2515 2772 2770
f 2770 2774 2515
f 2516 2515 2774
f 2520 2516 2774
f 2775 2520 2774
f 2769 2775 2774
f 2774 2770 2769
f 2776 2775 2769
f 2776 2769 2767
f 2776 2767 2765
f 2776 2765 2777
f 2777 2778 2776
f 2778 2779 2776
f 2775 2776 2779
f 2780 2775 2779
f 2780 2779 2781
f 2521 2780 2781
f 2521 2781 2782
f 2782 2522 2521
f 2782 2783 2522
f 2784 2522 2783
f 2784 2783 2785
f 2785 2547 2784
f 2525 2784 2547
f 2525 2523 2784
f 2522 2784 2523
f 2785 2786 2547
f 2787 2547 2786
f 2788 2787 2786
f 2788 2786 2789
f 2789 2790 2788
f 2788 2790 2553
f 2788 2553 2551
f 2551 2787 2788
f 2551 2549 2787
f 2787 2549 2548
f 2787 2548 2547
f 2553 2790 2555
f 2790 2791 2555
f 2555 2791 2792
f 2556 2555 2792
f 2792 2793 2556
f 2556 2793 2794
f 2794 2557 2556
f 2795 2557 2794
f 2796 2795 2794
f 2794 2797 2796
f 2798 2796 2797
f 2799 2798 2797
f 2797 2800 2799
f 2801 2799 2800
f 2801 2800 2802
f 2802 2803 2801
f 2804 2801 2803
f 2804 2803 2805
f 2804 2805 2806
f 2807 2804 2806
f 2806 2808 2807
f 2809 2807 2808
f 2808 2810 2809
f 2810 2811 2809
f 2812 2809 2811
f 2813 2812 2811
f 2813 2811 2814
f 2813 2814 2815
f 2815 2816 2813
f 2812 2813 2816
f 2817 2812 2816
f 2817 2816 2818
f 2818 2819 2817
f 2820 2817 2819
f 2819 2821 2820
f 2820 2821 2822
f 2820 2822 2807
f 2823 2820 2807
f 2823 2807 2809
f 2812 2823 2809
f 2812 2817 2823
f 2817 2820 2823
f 2804 2807 2822
f 2804 2822 2801
f 2801 2822 2799
f 2822 2821 2799
f 2798 2799 2821
f 2821 2824 2798
f 2798 2824 2796
f 2825 2796 2824
f 2825 2824 2826
f 2827 2825 2826
f 2826 2828 2827
f 2828 2829 2827
f 2830 2827 2829
f 2830 2829 2831
f 2830 2831 2832
f 2830 2832 2833
f 2830 2833 2834
f 2827 2830 2834
f 2825 2827 2834
f 2825 2834 2796
f 2796 2834 2795
f 2795 2834 2833
f 2835 2795 2833
f 2836 2835 2833
f 2837 2836 2833
f 2837 2833 2832
f 2837 2832 2838
f 2837 2838 2565
f 2837 2565 2836
f 2562 2836 2565
f 2836 2562 2560
f 2836 2560 2835
f 2560 2558 2835
f 2558 2557 2835
f 2795 2835 2557
f 2839 2565 2838
f 2839 2838 2840
f 2839 2840 2841
f 2839 2841 2566
f 2566 2565 2839
f 2842 2566 2841
f 2843 2842 2841
f 2843 2841 2844
f 2843 2844 2845
f 2845 2846 2843
f 2577 2843 2846
f 2577 2846 2578
f 2578 2846 2847
f 2847 2848 2578
f 2581 2578 2848
f 2581 2848 2582
f 2848 2593 2582
f 2593 2585 2582
f 2583 2582 2585
f 2591 2585 2593
f 2594 2593 2848
f 2848 2847 2594
f 2847 2849 2594
f 2849 2595 2594
f 2595 2849 2850
f 2595 2850 2597
f 2597 2850 2851
f 2597 2851 2852
f 2852 2598 2597
f 2853 2598 2852
f 2853 2852 2854
f 2854 2855 2853
f 2856 2853 2855
f 2856 2855 2857
f 2856 2857 2858
f 2858 2859 2856
f 2853 2856 2859
f 2853 2859 2598
f 2859 2599 2598
f 2859 2860 2599
f 2860 2601 2599
f 2600 2599 2601
f 2860 2861 2601
f 2602 2601 2861
f 2602 2861 2603
f 2862 2603 2861
f 2861 2860 2862
f 2858 2862 2860
f 2858 2860 2859
f 2858 2863 2862
f 2863 2864 2862
f 2865 2862 2864
f 2866 2865 2864
f 2866 2864 2867
f 2867 2868 2866
f 2868 2869 2866
f 2870 2866 2869
f 2870 2869 2871
f 2871 2872 2870
f 2873 2870 2872
f 2873 2872 2874
f 2873 2874 2605
f 2865 2873 2605
f 2605 2603 2865
f 2862 2865 2603
f 2865 2866 2873
f 2870 2873 2866
f 2606 2605 2874
f 2606 2874 2875
f 2606 2875 3559
f 3560 3559 2875
f 2876 3560 2875
f 2876 2875 2872
f 2872 2871 2876
f 2877 2876 2871
f 2878 2877 2871
f 2871 2869 2878
f 2879 2878 2869
f 2869 2868 2879
f 2880 2879 2868
f 2880 2868 2881
f 2881 2882 2880
f 2880 2882 2883
f 2883 2884 2880
f 2885 2880 2884
f 2885 2884 2886
f 2887 2885 2886
f 2886 2888 2887
f 2887 2888 2889
f 2887 2889 2890
f 2887 2890 2891
f 2887 2891 2885
f 2879 2885 2891
f 2878 2879 2891
f 2878 2891 2892
f 2877 2878 2892
f 2893 2877 2892
f 2893 2892 2894
f 2893 2894 3563
f 3563 3562 2893
f 2893 3562 2877
f 3561 2877 3562
f 2876 2877 3561
f 3560 2876 3561
f 3563 2894 3579
f 3564 3579 2895
f 3564 2895 2608
f 2608 2895 2896
f 2610 2608 2896
f 2610 2896 2897
f 2898 2610 2897
f 2898 2897 2899
f 2900 2898 2899
f 2900 2899 2901
f 2902 2900 2901
f 2901 2903 2902
f 2902 2903 2904
f 2905 2902 2904
f 2905 2904 2625
f 2905 2625 2624
f 2624 2906 2905
f 2905 2906 2907
f 2907 2902 2905
f 2902 2907 2900
f 2908 2900 2907
f 2909 2908 2907
f 2910 2909 2907
f 2910 2907 2906
f 2910 2906 2911
f 2911 2616 2910
f 2615 2910 2616
f 2909 2910 2615
f 2615 2613 2909
f 2912 2909 2613
f 2613 2612 2912
f 2611 2912 2612
f 2908 2912 2611
f 2908 2611 2898
f 2898 2900 2908
f 2610 2898 2611
f 2908 2909 2912
f 2616 2911 2618
f 2911 2622 2618
f 2618 2622 2620
f 2911 2624 2622
f 2624 2911 2906
f 2625 2904 2627
f 2631 2627 2904
f 2631 2904 2640
f 2640 2904 2903
f 2641 2640 2903
f 2913 2641 2903
f 2903 2901 2913
f 2914 2913 2901
f 2914 2901 2899
f 2899 2915 2914
f 2916 2914 2915
f 2916 2915 2917
f 2916 2917 2918
f 2916 2918 2914
f 2919 2914 2918
f 2920 2919 2918
f 2921 2920 2918
f 2922 2921 2918
f 2923 2922 2918
f 2923 2918 2917
f 2917 2924 2923
f 2925 2923 2924
f 2925 2924 2926
f 2925 2926 2927
f 2925 2927 2928
f 2928 2923 2925
f 2928 2922 2923
f 2922 2928 2929
f 2921 2922 2929
f 2929 2930 2921
f 2921 2930 2931
f 2921 2931 2920
f 2644 2920 2931
f 2644 2931 2646
f 2646 2931 2932
f 2646 2932 2933
f 2933 2647 2646
f 2934 2647 2933
f 2935 2934 2933
f 2935 2933 2932
f 2935 2932 2936
f 2935 2936 2937
f 2935 2937 2938
f 2938 2934 2935
f 2934 2938 2939
f 2934 2939 2650
f 2934 2650 2647
f 2650 2648 2647
f 2650 2939 2651
f 2651 2939 2653
f 2940 2653 2939
f 2940 2939 2941
f 2940 2941 2942
f 2942 2943 2940
f 2940 2943 2653
f 2654 2653 2943
f 2943 2944 2654
f 2944 3580 2654
f 2656 2654 3580
f 3568 2656 3580
f 3582 2945 3569
f 2945 2657 3569
f 2657 2945 2946
f 2657 2946 2658
f 2946 2947 2658
f 2948 2658 2947
f 2949 2948 2947
f 2949 2947 2950
f 2949 2950 2951
f 2951 2952 2949
f 2952 2953 2949
f 2953 2948 2949
f 2948 2953 2954
f 2954 2955 2948
f 2956 2948 2955
f 2956 2955 2957
f 2956 2957 2659
f 2956 2659 2658
f 2956 2658 2948
f 2957 2660 2659
f 2958 2660 2957
f 2959 2958 2957
f 2959 2957 2955
f 2959 2955 2960
f 2959 2960 2961
f 2961 2958 2959
f 2958 2961 2962
f 2963 2958 2962
f 2962 2964 2963
f 2665 2963 2964
f 2964 2666 2665
f 2964 2668 2666
f 2964 2965 2668
f 2966 2668 2965
f 2966 2965 2967
f 2967 2968 2966
f 2968 2969 2966
f 2970 2966 2969
f 2970 2969 2971
f 2970 2971 2669
f 2970 2669 2668
f 2970 2668 2966
f 2972 2669 2971
f 2971 2973 2972
f 3585 2972 2973
f 3585 2973 3584
f 3588 2670 3575
f 2974 2670 3588
f 3588 3586 2974
f 2974 3586 2975
f 2976 2974 2975
f 2976 2975 2977
f 2976 2977 2978
f 2978 2979 2976
f 2979 2671 2976
f 2976 2671 2974
f 2974 2671 2670
f 2671 2979 2980
f 2980 2672 2671
f 2672 2980 2981
f 2981 2673 2672
f 2674 2673 2981
f 2674 2981 2982
f 2982 2983 2674
f 2674 2983 2675
f 2984 2675 2983
f 2983 2985 2984
f 2986 2984 2985
f 2986 2985 2987
f 2988 2986 2987
f 2987 2686 2988
f 2988 2686 2685
f 2988 2685 2989
f 2989 2990 2988
f 2988 2990 2986
f 2986 2990 2984
f 2990 2676 2984
f 2984 2676 2675
f 2990 2678 2676
f 2990 2989 2678
f 2991 2678 2989
f 2684 2991 2989
f 2685 2684 2989
f 2683 2991 2684
f 2683 2681 2991
f 2991 2681 2679
f 2678 2991 2679
f 2987 2687 2686
f 2992 2687 2987
f 2992 2987 2985
f 2992 2985 2993
f 2994 2992 2993
f 2994 2993 2995
f 2996 2994 2995
f 2995 2997 2996
f 2996 2997 2998
f 2999 2996 2998
f 2999 2998 2695
f 2999 2695 2690
f 2689 2999 2690
f 2999 2689 3000
f 2996 2999 3000
f 2996 3000 2994
f 2994 3000 2992
f 3000 2687 2992
f 2687 3000 2689
f 2692 2690 2695
f 2998 2699 2695
f 2695 2699 2696
f 3001 2699 2998
f 3001 2998 2997
f 2997 3002 3001
f 2706 3001 3002
f 2706 3002 2707
f 3003 2707 3002
f 3004 3003 3002
f 3004 3002 2997
f 2995 3004 2997
f 3004 2995 3005
f 3004 3005 3006
f 3003 3004 3006
f 3007 3003 3006
f 3007 3006 3008
f 3008 3009 3007
f 3007 3009 3010
f 3007 3010 3003
f 2707 3003 3010
f 2707 3010 2708
f 2709 2708 3010
f 3010 2710 2709
f 3009 2710 3010
f 3009 2711 2710
f 3008 2711 3009
f 3008 2713 2711
f 2713 3008 3011
f 2713 3011 3012
f 2713 3012 2714
f 3013 2714 3012
f 3013 3012 3014
f 3013 3014 3015
f 3013 3015 3016
f 2717 3013 3016
f 2717 3016 2719
f 2719 3016 3591
f 3591 3590 2719
f 2720 2719 3590
f 3589 2720 3590
f 3596 2975 3586
f 2975 3596 3017
f 3017 3018 2975
f 2977 2975 3018
f 2977 3018 3019
f 2977 3019 2978
f 3019 3020 2978
f 3020 3021 2978
f 3021 2979 2978
f 3021 3022 2979
f 3022 2980 2979
f 3022 2981 2980
f 2981 3022 2982
f 3023 2982 3022
f 3023 3022 3024
f 3023 3024 3005
f 3023 3005 3025
f 3025 3026 3023
f 3026 2982 3023
f 2983 2982 3026
f 3026 2985 2983
f 3026 2993 2985
f 2993 3026 3025
f 2993 3025 2995
f 3005 2995 3025
f 3024 3027 3005
f 3027 3006 3005
f 3008 3006 3027
f 3011 3008 3027
f 3020 3011 3027
f 3020 3027 3024
f 3024 3021 3020
f 3021 3024 3022
f 3020 3019 3011
f 3012 3011 3019
f 3014 3012 3019
f 3014 3019 3018
f 3028 3014 3018
f 3028 3018 3017
f 3028 3017 3594
f 3593 3028 3594
f 3015 3028 3593
f 3593 3592 3015
f 3016 3015 3592
f 3592 3591 3016
f 3015 3014 3028
f 3594 3017 3596
f 3597 3029 3589
f 2720 3589 3029
f 2720 3029 2721
f 3030 2721 3029
f 3029 3031 3030
f 3032 3030 3031
f 3032 3031 3033
f 3032 3033 2746
f 3032 2746 2742
f 3032 2742 2741
f 3032 2741 3030
f 3030 2741 3034
f 2721 3030 3034
f 3034 2722 2721
f 3034 2723 2722
f 2723 3034 2739
f 2739 2724 2723
f 2741 2739 3034
f 2746 3033 2748
f 3598 2748 3033
f 3598 3033 3599
f 3600 2748 3598
f 3600 2749 2748
f 3600 3616 2749
f 2749 3616 3035
f 2749 3035 2750
f 2753 2750 3035
f 3035 3036 2753
f 3037 2753 3036
f 3036 3038 3037
f 3039 3037 3038
f 3040 3039 3038
f 3038 3041 3040
f 3040 3041 3042
f 3043 3040 3042
f 3042 3623 3043
f 3623 3622 3043
f 3622 3044 3043
f 3045 3043 3044
f 3046 3045 3044
f 3044 3047 3046
f 3046 3047 3048
f 3048 3049 3046
f 3050 3046 3049
f 3049 3051 3050
f 3050 3051 3052
f 3053 3050 3052
f 3052 3054 3053
f 3055 3053 3054
f 3056 3055 3054
f 3054 3057 3056
f 2758 3056 3057
f 2758 3057 2760
f 3057 3058 2760
f 3059 2760 3058
f 3059 3058 3060
f 3059 3060 2777
f 2777 2765 3059
f 2761 3059 2765
f 2761 2760 3059
f 3060 2778 2777
f 3061 2778 3060
f 3062 3061 3060
f 3060 3058 3062
f 3052 3062 3058
f 3052 3058 3054
f 3058 3057 3054
f 3062 3052 3051
f 3062 3051 3061
f 3063 3061 3051
f 3063 3051 3064
f 3065 3063 3064
f 3065 3064 3066
f 3066 3067 3065
f 3068 3065 3067
f 3069 3068 3067
f 3069 3067 3070
f 3071 3069 3070
f 3071 3070 3072
f 3071 3072 3073
f 3071 3073 3074
f 3075 3071 3074
f 3074 3076 3075
f 3075 3076 3077
f 3075 3077 3068
f 3068 3069 3075
f 3071 3075 3069
f 3078 3068 3077
f 3078 3077 3079
f 3078 3079 3080
f 3078 3080 3063
f 3063 3065 3078
f 3068 3078 3065
f 3061 3063 3080
f 3061 3080 2778
f 3080 2779 2778
f 3079 2779 3080
f 3079 3081 2779
f 3081 2781 2779
f 2781 3081 2782
f 3076 2782 3081
f 3076 3081 3077
f 3079 3077 3081
f 3082 2782 3076
f 3076 3074 3082
f 3083 3082 3074
f 3074 3073 3083
f 3083 3073 3084
f 3083 3084 3085
f 3083 3085 3082
f 3085 2783 3082
f 2782 3082 2783
f 3085 2785 2783
f 3085 3086 2785
f 2786 2785 3086
f 3086 2789 2786
f 3087 2789 3086
f 3086 3084 3087
f 3084 3088 3087
f 3087 3088 3089
f 3089 3090 3087
f 2789 3087 3090
f 2789 3090 2790
f 3090 2791 2790
f 3089 2791 3090
f 2791 3089 3091
f 3091 2792 2791
f 3091 3092 2792
f 2793 2792 3092
f 2793 3092 2800
f 2793 2800 2797
f 2797 2794 2793
f 3092 3093 2800
f 2802 2800 3093
f 3094 2802 3093
f 3094 3093 3095
f 3095 3096 3094
f 3097 3094 3096
f 3096 3098 3097
f 3098 3099 3097
f 3100 3097 3099
f 3101 3100 3099
f 3101 3099 3102
f 3103 3101 3102
f 3102 2967 3103
f 3103 2967 3104
f 3104 3105 3103
f 3106 3103 3105
f 3105 3107 3106
f 3106 3107 3108
f 3108 3100 3106
f 3100 3101 3106
f 3101 3103 3106
f 3108 3109 3100
f 3100 3109 3097
f 3094 3097 3109
f 2802 3094 3109
f 2802 3109 2803
f 3109 3108 2803
f 3108 2805 2803
f 2805 3108 3107
f 2805 3107 3110
f 2806 2805 3110
f 2808 2806 3110
f 3110 3111 2808
f 2810 2808 3111
f 3111 3112 2810
f 3112 3113 2810
f 2810 3113 2811
f 3114 2811 3113
f 3113 3115 3114
f 3115 3116 3114
f 3117 3114 3116
f 3117 3116 3118
f 3117 3118 3119
f 3117 3119 3120
f 3117 3120 2814
f 3117 2814 3114
f 2811 3114 2814
f 3120 2815 2814
f 2815 3120 3121
f 3122 2815 3121
f 3122 3121 3123
f 3122 3123 3124
f 3122 3124 3125
f 3122 3125 3126
f 3122 3126 2815
f 3126 2816 2815
f 3126 2818 2816
f 2818 3126 3127
f 2818 3127 3128
f 2818 3128 2819
f 2819 3128 2824
f 2819 2824 2821
f 3128 2826 2824
f 3128 3129 2826
f 2826 3129 2828
f 3130 2828 3129
f 3129 3131 3130
f 3130 3131 3132
f 3130 3132 3133
f 3130 3133 2828
f 2828 3133 2829
f 2831 2829 3133
f 2831 3133 3134
f 3135 2831 3134
f 3135 3134 3136
f 3136 3137 3135
f 3137 2840 3135
f 2840 2838 3135
f 3135 2838 2832
f 2831 3135 2832
f 3138 2840 3137
f 3137 3139 3138
f 3138 3139 3140
f 3138 3140 2844
f 3138 2844 2841
f 3138 2841 2840
f 3140 2845 2844
f 2849 2845 3140
f 3140 2850 2849
f 3141 2850 3140
f 3139 3141 3140
f 3141 3139 3142
f 3142 3143 3141
f 3143 3144 3141
f 3141 3144 2850
f 2851 2850 3144
f 2851 3144 3145
f 3145 2852 2851
f 2852 3145 2854
f 2854 3145 3146
f 2854 3146 3147
f 2854 3147 2855
f 2855 3147 3148
f 2855 3148 2857
f 2881 2857 3148
f 2881 3148 2882
f 3149 2882 3148
f 3150 3149 3148
f 3150 3148 3147
f 3151 3150 3147
f 3147 3146 3151
f 3152 3151 3146
f 3153 3152 3146
f 3153 3146 3145
f 3154 3153 3145
f 3154 3145 3144
f 3144 3143 3154
f 3143 3155 3154
f 3154 3155 3153
f 3155 3156 3153
f 3152 3153 3156
f 3157 3152 3156
f 3157 3156 3158
f 3158 3159 3157
f 3159 3160 3157
f 3161 3157 3160
f 3162 3161 3160
f 3162 3160 3163
f 3162 3163 3164
f 3162 3164 3165
f 3166 3162 3165
f 3165 3167 3166
f 3150 3166 3167
f 3150 3167 3149
f 3149 3167 3168
f 3149 3168 2882
f 3168 2883 2882
f 3169 2883 3168
f 3168 3167 3169
f 3169 3167 3170
f 3169 3170 3171
f 3169 3171 2927
f 3169 2927 2883
f 2883 2927 2926
f 2883 2926 2884
f 2884 2926 2886
f 2886 2926 2924
f 2886 2924 2888
f 2888 2924 3172
f 2888 3172 2889
f 3173 2889 3172
f 3172 3174 3173
f 2897 3173 3174
f 3174 2915 2897
f 2899 2897 2915
f 2917 2915 3174
f 2917 3174 3172
f 2917 3172 2924
f 3173 2897 2896
f 3173 2896 3175
f 3173 3175 2889
f 3175 2890 2889
f 3175 2894 2890
f 2894 2892 2890
f 2891 2890 2892
f 3175 2895 2894
f 2895 3579 2894
f 3175 2896 2895
f 3171 2928 2927
f 3171 3176 2928
f 3176 2929 2928
f 3176 3177 2929
f 3177 3178 2929
f 2930 2929 3178
f 2932 2930 3178
f 3178 2936 2932
f 2936 3178 3179
f 2936 3179 2937
f 3180 2937 3179
f 3179 3181 3180
f 3182 3180 3181
f 3182 3181 3183
f 3182 3183 3184
f 3182 3184 3185
f 3186 3182 3185
f 3186 3185 3187
f 3186 3187 3188
f 3188 3180 3186
f 3182 3186 3180
f 3188 2937 3180
f 3188 2938 2937
f 3188 3189 2938
f 3189 2941 2938
f 2941 2939 2938
f 3189 3190 2941
f 2942 2941 3190
f 3190 3191 2942
f 2942 3191 3192
f 2942 3192 2943
f 2944 2943 3192
f 3192 3601 2944
f 3601 3580 2944
f 3581 3602 3193
f 3193 3194 3581
f 3581 3194 3195
f 3581 3195 3603
f 3582 3606 3196
f 3196 3197 3582
f 3582 3197 2945
f 3198 2945 3197
f 3198 3197 3199
f 3199 2950 3198
f 2947 3198 2950
f 2947 2946 3198
f 2945 3198 2946
f 2950 3199 3200
f 3200 2951 2950
f 2951 3200 3201
f 3201 3112 2951
f 2951 3112 2952
f 3202 2952 3112
f 3112 3111 3202
f 3203 3202 3111
f 3111 3110 3203
f 3203 3110 3107
f 3203 3107 3204
f 3205 3203 3204
f 3205 3204 2960
f 2960 2954 3205
f 3205 2954 2953
f 3205 2953 3202
f 3205 3202 3203
f 2952 3202 2953
f 2954 2960 2955
f 2960 3204 3206
f 2961 2960 3206
f 3206 3207 2961
f 3207 2962 2961
f 3207 2965 2962
f 2964 2962 2965
f 2965 3207 2967
f 3104 2967 3207
f 3207 3206 3104
f 3206 3105 3104
f 3105 3206 3204
f 3105 3204 3107
f 3201 3113 3112
f 3113 3201 3115
f 3208 3115 3201
f 3208 3201 3200
f 3209 3208 3200
f 3200 3199 3209
f 3210 3209 3199
f 3199 3197 3210
f 3196 3210 3197
f 3211 3210 3196
f 3211 3196 3606
f 3212 3211 3606
f 3605 3212 3606
f 3605 3213 3212
f 3213 3214 3212
f 3214 3215 3212
f 3215 3211 3212
f 3210 3211 3215
f 3210 3215 3209
f 3216 3209 3215
f 3214 3216 3215
f 3216 3214 3217
f 3216 3217 3218
f 3218 3209 3216
f 3209 3218 3208
f 3116 3208 3218
f 3116 3218 3219
f 3219 3118 3116
f 3219 3220 3118
f 3221 3118 3220
f 3222 3221 3220
f 3222 3220 3223
f 3222 3223 3224
f 3224 3225 3222
f 3221 3222 3225
f 3225 3226 3221
f 3226 3119 3221
f 3118 3221 3119
f 3226 3120 3119
f 3226 3121 3120
f 3227 3121 3226
f 3227 3226 3228
f 3228 3229 3227
f 3229 3230 3227
f 3227 3230 3123
f 3123 3121 3227
f 3123 3230 3231
f 3124 3123 3231
f 3231 3232 3124
f 3124 3232 3131
f 3124 3131 3125
f 3125 3131 3127
f 3125 3127 3126
f 3129 3127 3131
f 3129 3128 3127
f 3232 3132 3131
f 3233 3132 3232
f 3234 3233 3232
f 3235 3234 3232
f 3235 3232 3231
f 3231 3230 3235
f 3236 3235 3230
f 3236 3230 3237
f 3236 3237 3238
f 3239 3236 3238
f 3238 3240 3239
f 3240 3241 3239
f 3159 3239 3241
f 3241 3160 3159
f 3241 3163 3160
f 3163 3241 3242
f 3242 3164 3163
f 3242 3243 3164
f 3244 3164 3243
f 3245 3244 3243
f 3245 3243 3246
f 3246 3247 3245
f 3177 3245 3247
f 3177 3247 3178
f 3247 3179 3178
f 3248 3179 3247
f 3248 3247 3246
f 3249 3248 3246
f 3249 3246 3250
f 3249 3250 3251
f 3251 3252 3249
f 3248 3249 3252
f 3248 3252 3181
f 3181 3179 3248
f 3181 3252 3183
f 3253 3183 3252
f 3251 3253 3252
f 3253 3251 3254
f 3255 3253 3254
f 3256 3255 3254
f 3237 3256 3254
f 3254 3238 3237
f 3238 3254 3251
f 3240 3238 3251
f 3240 3251 3250
f 3250 3242 3240
f 3242 3241 3240
f 3250 3243 3242
f 3250 3246 3243
f 3256 3237 3229
f 3229 3257 3256
f 3257 3255 3256
f 3257 3258 3255
f 3259 3255 3258
f 3258 3260 3259
f 3261 3259 3260
f 3260 3262 3261
f 3263 3261 3262
f 3263 3262 3264
f 3263 3264 3265
f 3265 3266 3263
f 3266 3185 3263
f 3263 3185 3261
f 3184 3261 3185
f 3261 3184 3259
f 3259 3184 3267
f 3259 3267 3255
f 3267 3253 3255
f 3253 3267 3183
f 3267 3184 3183
f 3266 3187 3185
f 3268 3187 3266
f 3265 3268 3266
f 3265 3269 3268
f 3269 3191 3268
f 3190 3268 3191
f 3187 3268 3190
f 3190 3189 3187
f 3189 3188 3187
f 3269 3270 3191
f 3270 3192 3191
f 3270 3601 3192
f 3602 3601 3270
f 3271 3602 3270
f 3269 3271 3270
f 3271 3269 3272
f 3272 3193 3271
f 3271 3193 3602
f 3194 3193 3272
f 3194 3272 3273
f 3274 3194 3273
f 3274 3273 3275
f 3275 3276 3274
f 3274 3276 3195
f 3274 3195 3194
f 3603 3195 3276
f 3276 3277 3603
f 3604 3603 3277
f 3278 3604 3277
f 3277 3279 3278
f 3279 3280 3278
f 3278 3280 3281
f 3605 3278 3281
f 3605 3281 3213
f 3282 3213 3281
f 3280 3282 3281
f 3282 3280 3283
f 3283 3217 3282
f 3214 3282 3217
f 3214 3213 3282
f 3217 3283 3220
f 3219 3217 3220
f 3219 3218 3217
f 3283 3223 3220
f 3223 3283 3284
f 3285 3223 3284
f 3285 3284 3286
f 3285 3286 3287
f 3285 3287 3288
f 3224 3285 3288
f 3224 3288 3289
f 3225 3224 3289
f 3225 3289 3228
f 3225 3228 3226
f 3228 3289 3257
f 3229 3228 3257
f 3257 3289 3258
f 3258 3289 3288
f 3258 3288 3260
f 3260 3288 3287
f 3287 3262 3260
f 3287 3290 3262
f 3290 3264 3262
f 3290 3273 3264
f 3264 3273 3272
f 3272 3265 3264
f 3265 3272 3269
f 3273 3290 3275
f 3287 3275 3290
f 3287 3286 3275
f 3286 3276 3275
f 3286 3279 3276
f 3277 3276 3279
f 3279 3286 3284
f 3279 3284 3280
f 3280 3284 3283
f 3223 3285 3224
f 3605 3604 3278
f 3229 3237 3230
f 3291 3245 3177
f 3291 3177 3176
f 3176 3171 3291
f 3171 3170 3291
f 3244 3291 3170
f 3244 3170 3165
f 3164 3244 3165
f 3165 3170 3167
f 3291 3244 3245
f 3159 3292 3239
f 3236 3239 3292
f 3292 3235 3236
f 3235 3292 3234
f 3234 3292 3293
f 3293 3233 3234
f 3293 3294 3233
f 3295 3233 3294
f 3295 3294 3296
f 3295 3296 3134
f 3295 3134 3133
f 3295 3133 3132
f 3132 3233 3295
f 3136 3134 3296
f 3136 3296 3297
f 3142 3136 3297
f 3142 3297 3143
f 3143 3297 3155
f 3297 3298 3155
f 3155 3298 3156
f 3158 3156 3298
f 3158 3298 3293
f 3293 3292 3158
f 3159 3158 3292
f 3293 3298 3294
f 3294 3298 3297
f 3297 3296 3294
f 3136 3142 3137
f 3139 3137 3142
f 3208 3116 3115
f 2930 2932 2931
f 3166 3150 3151
f 3166 3151 3161
f 3162 3166 3161
f 3152 3161 3151
f 3152 3157 3161
f 2881 2867 2857
f 2863 2857 2867
f 2863 2867 2864
f 2857 2863 2858
f 2868 2867 2881
f 2849 2847 2845
f 2847 2846 2845
f 2968 2967 3102
f 2968 3102 3299
f 3299 2969 2968
f 2969 3299 3300
f 2969 3300 2971
f 3301 2971 3300
f 3301 3300 3302
f 3302 3303 3301
f 3304 3301 3303
f 3304 3303 3305
f 3305 3607 3304
f 3584 3304 3607
f 3610 3609 3306
f 3610 3306 3307
f 3615 3610 3307
f 3308 3615 3307
f 3308 3307 3309
f 3308 3309 3310
f 3308 3310 3611
f 3615 3308 3611
f 3617 3035 3616
f 3035 3617 3036
f 3618 3036 3617
f 3623 3042 3620
f 3041 3620 3042
f 3620 3041 3618
f 3036 3618 3041
f 3036 3041 3038
f 3613 3044 3622
f 3310 3044 3613
f 3611 3310 3613
f 3047 3044 3310
f 3047 3310 3309
f 3047 3309 3048
f 3311 3048 3309
f 3309 3307 3311
f 3311 3307 3312
f 3311 3312 3313
f 3313 3314 3311
f 3048 3311 3314
f 3049 3048 3314
f 3049 3314 3064
f 3049 3064 3051
f 3066 3064 3314
f 3066 3314 3313
f 3066 3313 3315
f 3066 3315 3067
f 3067 3315 3316
f 3316 3070 3067
f 3070 3316 3317
f 3070 3317 3072
f 3318 3072 3317
f 3318 3317 3319
f 3318 3319 3320
f 3318 3320 3321
f 3322 3318 3321
f 3321 3323 3322
f 3324 3322 3323
f 3323 3325 3324
f 3088 3324 3325
f 3325 3089 3088
f 3326 3089 3325
f 3326 3325 3327
f 3326 3327 3328
f 3326 3328 3091
f 3326 3091 3089
f 3091 3328 3092
f 3093 3092 3328
f 3328 3095 3093
f 3328 3327 3095
f 3095 3327 3096
f 3329 3096 3327
f 3329 3327 3323
f 3323 3321 3329
f 3329 3321 3330
f 3330 3331 3329
f 3331 3096 3329
f 3096 3331 3098
f 3098 3331 3332
f 3098 3332 3333
f 3333 3099 3098
f 3333 3102 3099
f 3333 3299 3102
f 3334 3299 3333
f 3334 3333 3332
f 3334 3332 3335
f 3334 3335 3336
f 3334 3336 3300
f 3299 3334 3300
f 3302 3300 3336
f 3337 3302 3336
f 3336 3338 3337
f 3339 3337 3338
f 3338 3320 3339
f 3339 3320 3319
f 3339 3319 3340
f 3341 3339 3340
f 3341 3340 3342
f 3341 3342 3343
f 3341 3343 3344
f 3344 3337 3341
f 3341 3337 3339
f 3337 3344 3302
f 3302 3344 3303
f 3305 3303 3344
f 3344 3343 3305
f 3305 3343 3608
f 3607 3305 3608
f 3345 3608 3343
f 3342 3345 3343
f 3345 3342 3346
f 3345 3346 3624
f 3608 3345 3624
f 3609 3624 3346
f 3346 3306 3609
f 3306 3346 3347
f 3348 3306 3347
f 3348 3347 3349
f 3348 3349 3350
f 3350 3313 3348
f 3312 3348 3313
f 3348 3312 3306
f 3312 3307 3306
f 3315 3313 3350
f 3350 3316 3315
f 3350 3349 3316
f 3316 3349 3317
f 3317 3349 3319
f 3340 3319 3349
f 3340 3349 3347
f 3347 3342 3340
f 3342 3347 3346
f 3338 3330 3320
f 3330 3321 3320
f 3330 3338 3335
f 3330 3335 3331
f 3335 3332 3331
f 3336 3335 3338
f 3325 3323 3327
f 3324 3088 3073
f 3072 3324 3073
f 3324 3072 3322
f 3318 3322 3072
f 3084 3073 3088
f 2973 3304 3584
f 3304 2973 3301
f 2973 2971 3301
f 3084 3086 3085
f 3056 2758 2755
f 3056 2755 2754
f 2754 3055 3056
f 3055 2754 3037
f 3037 3039 3055
f 3039 3053 3055
f 3053 3039 3351
f 3053 3351 3050
f 3045 3050 3351
f 3045 3351 3043
f 3040 3043 3351
f 3040 3351 3039
f 3045 3046 3050
f 3037 2754 2753
f 3599 3031 3597
f 3029 3597 3031
f 3599 3033 3031
f 3013 2717 2715
f 3013 2715 2714
f 2700 3001 2706
f 3001 2700 2699
f 3574 2972 3585
f 3574 2669 2972
f 2963 2665 2664
f 2664 2661 2963
f 2958 2963 2661
f 2958 2661 2660
f 2920 2644 2919
f 2643 2919 2644
f 2913 2919 2643
f 2643 2641 2913
f 2913 2914 2919
f 2879 2880 2885
f 2875 2874 2872
f 2580 2578 2581
f 2574 2843 2577
f 2574 2572 2843
f 2842 2843 2572
f 2567 2842 2572
f 2842 2567 2566
f 2780 2521 2520
f 2775 2780 2520
f 2766 2765 2767
f 2771 2508 2507
f 2771 2507 2768
f 2734 2757 2759
f 2735 2757 2734
f 2725 2737 2726
f 2728 2726 2737
f 2728 2737 2730
f 2733 2730 2737
f 2712 2489 2488
f 2704 2476 3352
f 2704 3352 2431
f 2704 2431 3353
f 2704 3353 2428
f 2429 2428 3353
f 2429 3353 2431
f 3352 3354 2431
f 3354 2432 2431
f 2437 2432 3354
f 2437 3354 3355
f 3356 2437 3355
f 3356 3355 2466
f 2465 3356 2466
f 3356 2465 2440
f 3356 2440 2438
f 2437 3356 2438
f 2468 2466 3355
f 3355 3354 2468
f 3357 2468 3354
f 3357 3354 3352
f 2474 3357 3352
f 2474 3352 2476
f 2474 2469 3357
f 3357 2469 2468
f 2413 2410 2409
f 2385 2384 2680
f 2662 2663 3555
f 3553 2662 3555
f 2358 2662 3553
f 2354 3358 2655
f 2652 2655 3358
f 2635 2652 3358
f 3358 2353 2635
f 2354 2353 3358
f 2639 2642 2638
f 2579 2305 2304
f 2304 2576 2579
f 2304 2300 2576
f 2575 2576 2300
f 2575 2300 2298
f 2573 2575 2298
f 2573 2298 2296
f 2573 2296 2571
f 2294 2571 2296
f 2287 2540 2291
f 2540 2287 2286
f 2263 2471 2498
f 2195 2190 2189
f 2189 2188 2419
f 2188 2415 2419
f 2412 2181 3359
f 3360 2412 3359
f 3359 2179 3360
f 2396 3360 2179
f 2396 2179 2178
f 2396 2397 3360
f 3361 3360 2397
f 2402 3361 2397
f 3361 2402 2404
f 2404 2407 3361
f 2412 3361 2407
f 3360 3361 2412
f 3359 2180 2179
f 3359 2181 2180
f 2395 2394 2393
f 2156 2360 2363
f 2156 2152 2360
f 2152 2156 2154
f 3362 2356 3537
f 3362 3537 2147
f 2147 2146 3362
f 3363 3362 2146
f 2146 2142 3363
f 2142 2141 3363
f 2346 3363 2141
f 2141 2343 2346
f 2348 3363 2346
f 3363 2348 3362
f 2348 2350 3362
f 2356 3362 2350
f 2350 2352 2356
f 2142 2146 2145
f 2145 2143 2142
f 2104 2101 2307
f 2096 2307 2101
f 2096 2101 2097
f 2283 2284 2288
f 2231 2044 2042
f 2041 2231 2042
f 2040 2038 2227
f 2037 2227 2038
f 2206 2019 2017
f 2177 1999 1993
f 1995 1993 1999
f 1995 1999 1996
f 1993 1995 1994
f 1993 1991 1990
f 1979 1963 2168
f 1963 1979 1964
f 1978 1964 1979
f 1964 1978 1975
f 1964 1975 1974
f 1964 1974 1965
f 2166 1961 3364
f 2161 2166 3364
f 2161 3364 1955
f 2161 1955 2159
f 2159 1955 1954
f 1956 1955 3364
f 1956 3364 1958
f 3364 1961 1958
f 2161 2163 2166
f 1952 1950 2153
f 2151 2153 1950
f 1950 1948 2151
f 2149 2151 1948
f 2120 1922 1921
f 3513 2116 3514
f 2116 3513 1917
f 2039 1899 1897
f 1895 2034 1897
f 1876 2024 1884
f 1876 1884 1878
f 2024 1876 1874
f 2018 2012 2013
f 1856 1997 1858
f 1973 1966 1965
f 1812 1811 1808
f 1808 1811 1809
f 1809 1811 1810
f 3627 1939 3520
f 3627 1938 1939
f 1938 3627 3365
f 1938 3365 1936
f 1936 3365 1925
f 1925 1927 1936
f 1925 3365 3628
f 3627 3628 3365
f 3631 3511 1919
f 1920 3631 1919
f 3630 3631 1920
f 1919 3511 1802
f 3515 3632 1915
f 3366 1915 3632
f 1164 3366 3632
f 1165 1041 1906
f 1906 1908 1165
f 1164 1165 1908
f 3366 1164 1908
f 1910 3366 1908
f 1910 1913 3366
f 3366 1913 1915
f 1799 1898 1800
f 1896 1898 1799
f 1799 1798 1896
f 1890 1795 1794
f 1889 1793 1792
f 3367 1889 1792
f 3367 1792 3368
f 3367 3368 3369
f 3367 3369 1886
f 1886 1889 3367
f 1883 1886 3369
f 1883 3369 1882
f 1882 3369 1881
f 3370 1881 3369
f 3370 3369 3368
f 3371 3370 3368
f 3368 1791 3371
f 3371 1791 1790
f 3371 1790 1789
f 1789 1787 3371
f 3370 3371 1787
f 3370 1787 1786
f 3372 3370 1786
f 3372 1786 1785
f 1785 1784 3372
f 1880 3372 1784
f 3373 1880 1784
f 3373 1784 1782
f 3373 1782 1861
f 1861 1862 3373
f 1864 3373 1862
f 3373 1864 1880
f 1779 1861 1782
f 1861 1779 1778
f 1881 3372 1880
f 3372 1881 3370
f 1789 1788 1787
f 3368 1792 1791
f 1772 1765 1773
f 1765 1772 1766
f 1766 1772 1768
f 1829 1822 1831
f 1829 1823 1822
f 1824 1823 1829
f 1643 1639 1637
f 1804 1633 3487
f 3487 3486 1804
f 3504 3510 3506
f 3508 3506 3510
f 1623 1783 1625
f 1623 1781 1783
f 1781 1623 1622
f 1688 1687 1763
f 3374 1688 1763
f 3374 1763 1762
f 3374 1762 1761
f 3374 1761 1760
f 3374 1760 3375
f 3374 3375 1688
f 1689 1688 3375
f 1690 1689 3375
f 3375 3376 1690
f 3376 3377 1690
f 1692 1690 3377
f 3377 1693 1692
f 3377 3378 1693
f 3378 3379 1693
f 1695 1693 3379
f 1695 3379 1697
f 3379 3380 1697
f 3381 1697 3380
f 3380 1757 3381
f 1706 3381 1757
f 1706 1757 1707
f 3381 1706 3382
f 3381 3382 1697
f 1698 1697 3382
f 3383 1698 3382
f 3383 3382 1701
f 1701 1700 3383
f 3383 1700 1699
f 1699 1698 3383
f 1701 3382 1703
f 1706 1703 3382
f 3380 1758 1757
f 1758 3380 3379
f 3379 3378 1758
f 3378 1759 1758
f 3378 3377 1759
f 3376 1759 3377
f 3376 1760 1759
f 3376 3375 1760
f 1737 3384 1727
f 1727 3384 1728
f 1736 1728 3384
f 3384 3634 1736
f 3634 3384 1737
f 1737 1037 3634
f 1736 1732 1728
f 1729 1728 1732
f 1736 1734 1732
f 1663 1560 1557
f 1558 1557 1560
f 1638 1529 1528
f 1515 1509 1615
f 1509 1508 1615
f 1507 1615 1508
f 1515 1511 1509
f 3385 1574 1477
f 3385 1477 1476
f 3385 1476 1472
f 3385 1472 3386
f 3385 3386 3387
f 3387 1574 3385
f 3387 1570 1574
f 1570 3387 1568
f 1568 3387 1566
f 3387 3386 1566
f 1564 1566 3386
f 1470 1564 3386
f 3386 1471 1470
f 1471 3386 1472
f 1470 1465 1564
f 1473 1472 1476
f 1436 1435 1527
f 1527 1435 1434
f 1510 1491 1492
f 3465 3466 1487
f 1483 1487 3466
f 1468 1412 3388
f 1468 3388 3389
f 1468 3389 3390
f 3390 1455 1468
f 1455 3390 1453
f 3390 1388 1453
f 1388 1387 1453
f 1388 3390 1390
f 3389 1390 3390
f 1390 3389 3391
f 3391 1391 1390
f 1391 3391 1394
f 1394 1392 1391
f 3391 1397 1394
f 1395 1394 1397
f 3392 1397 3391
f 3393 3392 3391
f 3391 3389 3393
f 3388 3393 3389
f 1409 3393 3388
f 1409 3388 1410
f 3388 1412 1410
f 1409 3394 3393
f 3392 3393 3394
f 3394 1402 3392
f 1402 1398 3392
f 3392 1398 1397
f 1402 3394 1403
f 1407 1403 3394
f 1407 3394 1409
f 1404 1403 1407
f 1369 1443 1370
f 1400 1399 1398
f 1340 1338 1393
f 3395 1393 1338
f 1336 3395 1338
f 1336 1323 3395
f 1378 3395 1323
f 1378 1323 1321
f 1378 1379 3395
f 3395 1379 1393
f 1379 1381 1393
f 1323 1336 1324
f 1385 1389 1383
f 3452 3636 1343
f 3396 1343 3636
f 3636 3447 3396
f 1334 3396 3447
f 1335 3396 1334
f 1335 1337 3396
f 1337 1343 3396
f 1343 1337 1339
f 1322 1325 1314
f 1314 1315 1322