v -0.460409 -0.000211 0.549953
v -0.458623 -0.005357 0.539118
v -0.364360 -0.124125 0.697856
v -0.463851 0.002034 0.547986
v -0.402261 -0.094406 0.651892
v -0.314290 -0.157725 0.788199
v -0.412369 -0.092416 0.584663
v -0.441603 -0.054593 0.570908
v -0.452976 -0.016200 0.608243
v -0.435952 -0.063528 0.564862
v -0.356841 -0.133661 0.693555
v -0.290737 -0.219711 0.764799
v -0.278670 -0.244464 0.776018
v -0.293084 -0.215410 0.758400
v -0.287799 -0.226798 0.768238
v -0.260487 -0.263883 0.795282
v -0.252994 -0.290428 0.599096
v -0.225333 -0.291953 0.805812
v -0.305770 -0.196448 0.736348
v -0.220651 -0.297403 0.850491
v -0.250021 -0.305736 0.531135
v -0.242623 -0.388371 0.609186
v -0.266499 -0.420928 0.452715
v -0.247466 -0.422843 0.465510
v -0.242446 -0.322204 0.792247
v -0.443200 -0.045787 0.303121
v -0.241238 -0.309048 0.588997
v -0.222194 -0.311563 0.839569
v -0.251760 -0.407207 0.435927
v -0.275025 -0.411772 0.489394
v -0.253463 -0.428290 0.471771
v -0.324101 -0.328417 0.327559
v -0.517067 -0.060270 0.226833
v -0.419337 -0.151250 0.217303
v -0.464787 -0.028842 0.245116
v -0.260939 -0.382360 0.378742
v -0.459211 -0.028040 0.257434
v -0.344806 -0.276275 0.277446
v -0.453313 -0.039059 0.209900
v -0.361837 -0.260795 0.270704
v -0.298748 -0.296148 0.353214
v -0.433769 -0.091047 0.221411
v -0.259291 -0.370527 0.361958
v -0.384931 -0.179913 0.319517
v -0.269232 -0.367547 0.354082
v -0.276557 -0.371138 0.363007
v -0.333756 -0.262871 0.333187
v -0.388585 -0.209694 0.243140
v -0.266005 -0.374509 0.364760
v -0.410749 -0.166361 0.223585
v -0.304648 -0.347418 0.341797
v -0.436363 -0.106259 0.202829
v -0.428390 -0.126022 0.208791
v -0.460455 -0.068839 0.197306
v -0.462790 -0.036487 0.192175
v -0.457390 -0.064195 0.194258
v -0.448565 -0.048656 0.219931
v -0.443413 -0.066365 0.211937
v -0.402875 -0.160177 0.247407
v -0.386619 -0.195221 0.249482
v -0.338394 -0.264995 0.289856
v -0.327987 -0.275869 0.306208
v -0.254164 -0.327056 0.362849
v -0.252003 -0.330955 0.363953
v -0.267423 -0.355455 0.335529
v -0.319163 -0.298323 0.290249
v -0.288335 -0.333610 0.316598
v -0.326921 -0.281781 0.288308
v -0.316385 -0.295131 0.290467
v -0.332118 -0.273890 0.286790
v -0.337910 -0.271993 0.271897
v -0.341280 -0.264715 0.268336
v -0.353726 -0.255179 0.264218
v -0.345864 -0.257505 0.276941
v -0.356968 -0.242374 0.270826
v -0.367342 -0.233433 0.252953
v -0.386133 -0.204278 0.242712
v -0.379786 -0.215380 0.246700
v -0.394029 -0.190051 0.235383
v -0.392810 -0.186713 0.239142
v -0.401890 -0.171563 0.229006
v -0.411067 -0.145581 0.218441
v -0.413481 -0.141693 0.211992
v -0.417101 -0.141956 0.212314
v -0.410585 -0.149089 0.215495
v -0.429359 -0.113152 0.206300
v -0.419175 -0.133621 0.212194
v -0.433843 -0.102611 0.202745
v -0.442302 -0.074044 0.203096
v -0.450049 -0.060962 0.194983
v -0.457521 -0.042630 0.191339
v -0.450066 -0.049004 0.204616
v -0.431222 -0.115215 0.205538
v -0.446928 -0.082044 0.196817
v -0.363341 -0.233381 0.255410
v -0.427843 -0.108258 0.216631
v -0.307430 -0.296912 0.307943
v -0.362362 -0.241952 0.257270
v -0.253129 -0.343693 0.341037
v -0.297649 -0.303326 0.317928
v -0.255701 -0.350011 0.334889
v -0.270590 -0.336251 0.313025
v -0.293094 -0.314674 0.299777
v -0.283288 -0.315041 0.312892
v -0.278315 -0.314992 0.330782
v -0.256323 -0.328563 0.339600
v -0.252490 -0.336479 0.343256
v -0.259468 -0.350215 0.329162
v -0.257925 -0.339934 0.316466
v -0.260229 -0.330648 0.314835
v -0.262845 -0.331782 0.310001
v -0.270280 -0.331190 0.308799
v -0.276738 -0.324711 0.305950
v -0.302507 -0.305699 0.296336
v -0.307035 -0.305936 0.294411
v -0.323831 -0.275702 0.331595
v -0.345024 -0.254286 0.301058
v -0.460406 -0.034584 0.197139
v -0.467371 -0.049292 0.193884
v -0.369611 -0.217329 0.286220
v -0.453414 -0.035637 0.226770
v -0.472162 -0.033526 0.202242
v -0.449150 -0.105962 0.207358
v -0.488471 -0.036324 0.208292
v -0.481376 -0.039265 0.200322
v -0.427444 -0.092839 0.281078
v -0.251720 -0.322645 0.404392
v -0.447700 -0.039738 0.272949
v -0.502235 -0.039644 0.214192
v -0.253229 -0.316653 0.429420
v -0.248067 -0.315255 0.485539
v -0.342922 -0.226430 0.420435
v -0.410044 -0.117170 0.346368
v -0.448435 -0.033240 0.308035
v -0.503044 -0.035156 0.226134
v -0.533343 -0.049075 0.234763
v -0.527748 -0.043470 0.231039
v -0.457114 -0.021569 0.346293
v -0.431027 -0.067270 0.358233
v -0.408742 -0.107521 0.404444
v -0.293050 -0.270015 0.503319
v -0.365870 -0.195319 0.394642
v -0.426190 -0.079225 0.347649
v -0.420532 -0.093656 0.342456
v -0.384417 -0.153729 0.416676
v -0.443718 -0.040472 0.357624
v -0.242762 -0.373789 0.574336
v -0.448678 -0.031294 0.363047
v -0.241842 -0.350135 0.600206
v -0.247582 -0.291192 0.627417
v -0.239527 -0.301827 0.629069
v -0.360260 -0.178358 0.491522
v -0.441601 -0.045550 0.387949
v -0.414519 -0.093627 0.440328
v -0.527517 -0.036454 0.256730
v -0.406459 -0.301741 0.339652
v -0.550465 -0.042335 0.252626
v -0.359484 -0.368087 0.406155
v -0.336113 -0.381149 0.443397
v -0.346347 -0.377805 0.419095
v -0.347590 -0.370365 0.446093
v -0.323451 -0.391340 0.440918
v -0.356011 -0.371031 0.424512
v -0.393983 -0.347340 0.396024
v -0.382308 -0.355121 0.408455
v -0.413459 -0.322780 0.366838
v -0.417711 -0.332361 0.388067
v -0.434924 -0.259474 0.309326
v -0.407353 -0.338578 0.403922
v -0.365848 -0.364066 0.423032
v -0.425652 -0.322761 0.374622
v -0.380190 -0.354478 0.419005
v -0.393104 -0.348086 0.406009
v -0.343928 -0.356419 0.486840
v -0.394385 -0.343840 0.418367
v -0.427125 -0.326675 0.388032
v -0.419169 -0.323810 0.421269
v -0.436000 -0.319788 0.395389
v -0.419756 -0.331408 0.395535
v -0.449082 -0.294945 0.357260
v -0.454086 -0.307653 0.380629
v -0.454450 -0.300054 0.366234
v -0.462252 -0.298600 0.371269
v -0.451821 -0.309587 0.387613
v -0.263377 -0.320963 0.741000
v -0.344665 -0.320295 0.573493
v -0.448872 -0.308743 0.373379
v -0.288273 -0.314059 0.698156
v -0.329431 -0.312167 0.620458
v -0.361290 -0.304484 0.578958
v -0.381433 -0.335508 0.365021
v -0.404018 -0.317993 0.356272
v -0.308789 -0.289521 0.707151
v -0.300151 -0.312827 0.675884
v -0.391911 -0.131188 0.456380
v -0.292795 -0.287829 0.744150
v -0.271695 -0.288307 0.797663
v -0.288405 -0.277906 0.773349
v -0.297307 -0.260482 0.779642
v -0.291245 -0.247715 0.793695
v -0.402580 -0.122577 0.391007
v -0.293089 -0.224213 0.796747
v -0.292433 -0.235405 0.795046
v -0.295042 -0.207412 0.798269
v -0.325706 -0.145603 0.772712
v -0.420240 -0.074940 0.642450
v -0.300565 -0.184917 0.796574
v -0.294267 -0.209464 0.778799
v -0.444515 -0.040037 0.323822
v -0.319511 -0.161671 0.758084
v -0.291777 -0.218416 0.781671
v -0.250302 -0.345656 0.437199
v -0.409648 -0.038104 0.761073
v -0.342567 -0.144063 0.717484
v -0.330233 -0.154177 0.736171
v -0.450299 -0.038983 0.242997
v -0.411329 -0.028596 0.764550
v -0.401941 -0.106663 0.548709
v -0.405296 -0.030493 0.869374
v -0.263184 -0.391048 0.392511
v -0.405208 -0.148714 0.273513
v -0.426862 -0.044767 0.694630
v -0.480425 -0.057228 0.203324
v -0.470633 -0.031677 0.214839
v -0.462282 -0.088049 0.781077
v -0.321507 -0.149664 0.778184
v -0.358421 -0.231496 0.308448
v -0.376945 -0.211599 0.257814
v -0.297555 -0.206078 0.816312
v -0.316313 -0.286674 0.317461
v -0.299156 -0.218866 0.810712
v -0.286720 -0.323036 0.304109
v -0.298613 -0.235245 0.798906
v -0.257348 -0.335269 0.312749
v -0.303975 -0.239949 0.795177
v -0.255944 -0.332523 0.323199
v -0.298247 -0.193873 0.829640
v -0.253650 -0.341310 0.329982
v -0.396810 -0.148948 0.798597
v -0.261812 -0.324527 0.338413
v -0.445609 -0.059906 0.823655
v -0.441285 -0.055567 0.531301
v -0.298496 -0.305519 0.304619
v -0.269462 -0.344074 0.321447
v -0.298398 -0.182830 0.838145
v -0.436687 -0.087882 0.714635
v -0.269149 -0.314332 0.372569
v -0.313228 -0.294628 0.296634
v -0.455768 -0.011645 0.590382
v -0.372665 -0.233065 0.253366
v -0.450470 -0.053370 0.197531
v -0.482490 0.002274 0.564222
v -0.460977 0.008880 0.591918
v -0.439291 -0.085857 0.201583
v -0.455777 -0.002733 0.598060
v -0.463925 0.011527 0.598253
v -0.446108 -0.073048 0.196424
v -0.412010 -0.153844 0.217312
v -0.409176 -0.093301 0.612129
v -0.404915 -0.160033 0.230017
v -0.439038 -0.010818 0.683570
v -0.400429 -0.180137 0.229461
v -0.471664 0.016551 0.621159
v -0.368569 -0.228498 0.251156
v -0.476530 0.010351 0.596129
v -0.435383 -0.051801 0.640894
v -0.635149 -0.067816 0.353904
v -0.328904 -0.284506 0.282406
v -0.636451 -0.070146 0.353042
v -0.636917 -0.078206 0.350371
v -0.636710 -0.073752 0.349727
v -0.634438 -0.087921 0.351014
v -0.631778 -0.095382 0.354354
v -0.625682 -0.104341 0.351150
v -0.635212 -0.081460 0.347810
v -0.614784 -0.127359 0.369296
v -0.619175 -0.118776 0.364999
v -0.449825 -0.222938 0.605357
v -0.306082 -0.221014 0.814731
v -0.558292 -0.030070 0.437684
v -0.438798 -0.125864 0.754483
v -0.484831 0.017359 0.692904
v -0.466711 -0.095895 0.773401
v -0.466401 0.015848 0.616929
v -0.421504 -0.032674 0.729240
v -0.459712 0.013123 0.617106
v -0.398100 -0.025638 0.868828
v -0.469977 0.011178 0.593024
v -0.472634 0.005625 0.571769
v -0.432458 -0.122623 0.744370
v -0.436913 -0.094506 0.707312
v -0.318941 -0.161162 0.799214
v -0.423675 -0.046672 0.770588
v -0.407846 -0.143359 0.788507
v -0.465661 0.007619 0.578200
v -0.452871 0.011880 0.635284
v -0.457771 0.004497 0.588752
v -0.457330 0.025040 0.660990
v -0.311439 -0.160321 0.794848
v -0.435084 -0.058325 0.618352
v -0.389735 -0.110214 0.639960
v -0.438703 -0.055532 0.797875
v -0.438267 -0.081736 0.734925
v -0.423281 0.010417 0.811993
v -0.437183 -0.044971 0.650055
v -0.448706 0.024996 0.701664
v -0.344685 -0.177639 0.849812
v -0.412269 -0.014704 0.770279
v -0.473332 -0.051557 0.779875
v -0.462412 -0.099304 0.774313
v -0.440400 -0.056140 0.812051
v -0.431521 -0.071237 0.706861
v -0.297528 -0.191101 0.817913
v -0.440455 0.002189 0.681088
v -0.361700 -0.168884 0.839622
v -0.301745 -0.208806 0.825825
v -0.422883 -0.081546 0.657910
v -0.314000 -0.238518 0.788761
v -0.328027 -0.202225 0.832562
v -0.296507 -0.227690 0.801286
v -0.446133 -0.127801 0.763532
v -0.295689 -0.214051 0.804638
v -0.435880 -0.101301 0.707585
v -0.317785 -0.153684 0.783145
v -0.320873 -0.153696 0.785733
v -0.408732 -0.021574 0.886042
v -0.371033 -0.159916 0.821029
v -0.397220 -0.016461 0.831796
v -0.437090 -0.057204 0.770357
v -0.406180 -0.000365 0.827290
v -0.452515 -0.028923 0.582735
v -0.448188 -0.011214 0.643824
v -0.453909 0.020717 0.739601
v -0.438563 0.015588 0.784423
v -0.460034 0.023398 0.721060
v -0.300035 -0.186288 0.847363
v -0.504321 0.010237 0.664843
v -0.439646 -0.022532 0.672701
v -0.640797 -0.067756 0.438602
v -0.426569 -0.056743 0.671613
v -0.619909 -0.100122 0.483171
v -0.574866 -0.136930 0.540091
v -0.517237 -0.166987 0.602024
v -0.480447 -0.176016 0.652482
v -0.311953 -0.168953 0.773064
v -0.414422 -0.189950 0.728009
v -0.330748 -0.141466 0.764916
v -0.341521 -0.206166 0.808816
v -0.298006 -0.190595 0.804570
v -0.317031 -0.194918 0.851714
v -0.292548 -0.220551 0.791521
v -0.294087 -0.240896 0.794704
v -0.279746 -0.289345 0.773189
v -0.300971 -0.265487 0.767517
v -0.310062 -0.196488 0.849627
v -0.302481 -0.172414 0.815109
v -0.428736 -0.054763 0.735892
v -0.248903 -0.303076 0.825032
v -0.458679 -0.110120 0.769437
v -0.319038 -0.276325 0.714527
v -0.454516 -0.070435 0.792066
v -0.412398 -0.296384 0.503709
v -0.377059 -0.289390 0.584796
v -0.256029 -0.314072 0.778265
v -0.324874 -0.355004 0.529097
v -0.459876 -0.122430 0.764775
v -0.432253 -0.074841 0.686055
v -0.317506 -0.329616 0.604286
v -0.418755 -0.042518 0.820443
v -0.412896 -0.082016 0.652011
v -0.308446 -0.208263 0.832859
v -0.323049 -0.197920 0.844105
v -0.344737 -0.217575 0.784789
v -0.478947 -0.200716 0.601030
v -0.414290 -0.223789 0.664638
v -0.513345 -0.182686 0.575209
v -0.445973 -0.312107 0.376357
v -0.328158 -0.220396 0.802753
v -0.434459 -0.319756 0.378284
v -0.566399 -0.152450 0.528819
v -0.586064 -0.144576 0.492576
v -0.565884 -0.166640 0.499465
v -0.537641 -0.194163 0.501633
v -0.503868 -0.211220 0.532214
v -0.601875 -0.141632 0.424105
v -0.620861 -0.112746 0.389944
v -0.624737 -0.108752 0.367664
v -0.591849 -0.151980 0.449228
v -0.578515 -0.169106 0.456404
v -0.624620 -0.102771 0.419574
v -0.603163 -0.122996 0.480647
v -0.612535 -0.119644 0.434551
v -0.605347 -0.125608 0.460834
v -0.602264 -0.118060 0.500540
v -0.612837 -0.111452 0.472277
v -0.642523 -0.071989 0.403105
v -0.641665 -0.069725 0.423325
v -0.637632 -0.061778 0.437708
v -0.636886 -0.063235 0.409950
v -0.638253 -0.066137 0.385994
v -0.641749 -0.076837 0.399584
v -0.576473 -0.153077 0.502199
v -0.531172 -0.171255 0.564464
v -0.488314 -0.186997 0.611968
v -0.641979 -0.077382 0.382479
v -0.628264 -0.102148 0.382653
v -0.634877 -0.092311 0.379353
v -0.414119 -0.207032 0.698395
v -0.393104 -0.220317 0.707195
v -0.636945 -0.087565 0.360592
v -0.639321 -0.076401 0.357424
v -0.363452 -0.226634 0.740728
v -0.638407 -0.082212 0.357646
v -0.320217 -0.218708 0.814249
v -0.633159 -0.065343 0.357012
v -0.640649 -0.078187 0.363843
v -0.618756 -0.053877 0.409168
v -0.423320 -0.051665 0.696051
v -0.485513 0.009336 0.606816
v -0.428145 0.014243 0.794079
v -0.463735 0.025206 0.659723
v -0.440984 0.019276 0.724725
v -0.447924 0.022622 0.685672
v -0.408700 0.001005 0.803770
v -0.397523 -0.021198 0.821776
v -0.429759 -0.076367 0.664956
v -0.420159 0.010514 0.806604
v -0.454262 0.025785 0.709798
v -0.615222 -0.048957 0.450762
v -0.642237 -0.074499 0.375682
v -0.471309 0.021752 0.648457
v -0.639181 -0.068491 0.373106
v -0.483540 0.016984 0.657067
v -0.637302 -0.063690 0.505862
v -0.313396 -0.211659 0.828768
v -0.637136 -0.058923 0.516717
v -0.393450 -0.201118 0.741590
v -0.503052 -0.174416 0.613226
v -0.423027 0.001270 0.750350
v -0.587000 -0.134513 0.512327
v -0.639518 -0.073460 0.443765
v -0.454162 0.025678 0.679349
v -0.460079 0.026494 0.677702
v -0.476614 0.021155 0.669253
v -0.627201 -0.093322 0.461935
v -0.639084 -0.063270 0.443625
v -0.415559 0.008017 0.793460
v -0.433087 0.015829 0.749598
v -0.490063 -0.081450 0.751792
v -0.460618 -0.009860 0.789774
v -0.413505 0.006350 0.813042
v -0.460148 -0.022185 0.798175
v -0.455108 0.009134 0.775476
v -0.424835 0.011751 0.764538
v -0.447176 0.023351 0.716809
v -0.402067 -0.007623 0.822383
v -0.634478 -0.093029 0.363895
v -0.442009 0.020216 0.705109
v -0.426954 -0.056575 0.723680
v -0.632397 -0.058530 0.434560
v -0.628142 -0.103165 0.363921
v -0.439001 -0.061221 0.757957
v -0.469477 -0.086629 0.775426
v -0.377603 -0.179111 0.801262
v -0.312289 -0.225652 0.809005
v -0.640876 -0.072571 0.429048
v -0.428837 -0.063766 0.688197
v -0.465493 0.025809 0.682852
v -0.398156 -0.024329 0.879744
v -0.385192 -0.155222 0.811804
v -0.403151 -0.033114 0.803117
v -0.428675 -0.049111 0.824063
v -0.352965 -0.188539 0.821372
v -0.436160 0.005112 0.818128
v -0.414985 0.002918 0.836886
v -0.402507 -0.006330 0.842063
v -0.338249 -0.191890 0.836222
v -0.393561 -0.027177 0.830422
v -0.467896 0.015636 0.738232
v -0.431354 0.011525 0.741269
v -0.432963 0.008716 0.813036
v -0.434974 -0.054032 0.853855
v -0.392516 -0.023416 0.847338
v -0.378686 -0.108014 0.700531
v -0.432274 0.016714 0.780390
v -0.469056 0.021075 0.718369
v -0.400918 -0.030613 0.798923
v -0.443127 -0.101016 0.741148
v -0.436324 0.016866 0.780204
v -0.484886 0.012016 0.721737
v -0.499163 0.012794 0.687330
v -0.440327 -0.105929 0.728401
v -0.475090 -0.108797 0.757565
v -0.425728 -0.001356 0.850365
v -0.431599 -0.004790 0.848095
v -0.442750 0.015126 0.780826
v -0.453165 -0.125881 0.764465
v -0.313646 -0.188592 0.860851
v -0.410126 -0.031883 0.891732
v -0.469726 -0.126723 0.754766
v -0.426262 -0.072714 0.651235
v -0.436138 0.003985 0.702369
v -0.413825 -0.039426 0.798054
v -0.435223 -0.009799 0.847007
v -0.434451 -0.018446 0.856364
v -0.435580 -0.061644 0.743941
v -0.414157 -0.040217 0.773504
v -0.415112 -0.011742 0.875836
v -0.430786 -0.085042 0.675464
v -0.451422 0.019648 0.653510
v -0.442174 -0.058178 0.836397
v -0.443156 0.020085 0.737886
v -0.406040 -0.012547 0.874060
v -0.450823 0.022498 0.666817
v -0.445434 -0.065333 0.826966
v -0.458486 -0.082474 0.784053
v -0.465578 -0.111928 0.766041
v -0.402810 -0.027412 0.888342
v -0.442463 -0.050357 0.594989
v -0.435267 -0.067251 0.736452
v -0.431324 -0.092365 0.685080
v -0.435028 -0.079181 0.721833
v -0.328098 -0.179020 0.843967
v -0.437421 -0.054803 0.831156
v -0.449833 -0.118334 0.759962
v -0.431235 -0.067437 0.722071
v -0.423143 -0.117986 0.731770
v -0.463862 -0.071932 0.790301
v -0.460276 -0.073155 0.796252
v -0.456935 -0.131292 0.764492
v -0.444439 -0.118642 0.751082
v -0.425255 0.007510 0.752413
v -0.445743 -0.020016 0.828307
v -0.435734 0.018147 0.761732
v -0.422659 -0.007893 0.744252
v -0.464415 0.025175 0.704210
v -0.426846 -0.028807 0.876836
v -0.475172 -0.078761 0.771081
v -0.395154 -0.025378 0.873545
v -0.427720 -0.048213 0.868339
v -0.403173 -0.151189 0.805223
v -0.480718 -0.116296 0.746695
v -0.429415 0.016188 0.777381
v -0.431805 -0.103495 0.704353
v -0.403154 -0.008184 0.860807
v -0.447186 0.006357 0.650625
v -0.443997 -0.005134 0.666088
v -0.454486 -0.072780 0.785664
v -0.423636 -0.049875 0.736946
v -0.481523 -0.130865 0.734961
v -0.411452 -0.004802 0.861634
v -0.470129 -0.165409 0.694086
v -0.487253 -0.152816 0.697157
v -0.506546 -0.144675 0.674175
v -0.495234 -0.146162 0.694064
v -0.415952 0.006865 0.784055
v -0.448925 -0.105164 0.757036
v -0.489877 -0.137825 0.714325
v -0.527363 -0.120616 0.667137
v -0.508722 -0.131085 0.689206
v -0.489475 -0.118766 0.732657
v -0.398011 -0.031265 0.808834
v -0.468854 -0.134811 0.747889
v -0.422074 -0.142063 0.789500
v -0.452369 -0.137918 0.760138
v -0.450772 -0.010234 0.810081
v -0.466365 0.005184 0.762734
v -0.476732 -0.004591 0.758808
v -0.471886 -0.016720 0.775437
v -0.535774 -0.097340 0.688977
v -0.522322 -0.090658 0.715262
v -0.513519 -0.095460 0.722073
v -0.401176 -0.033504 0.793845
v -0.460539 -0.078476 0.794396
v -0.421587 0.012355 0.791506
v -0.418575 -0.087653 0.665247
v -0.436044 -0.028519 0.854402
v -0.448618 0.001677 0.800537
v -0.496836 -0.012342 0.742331
v -0.506251 -0.018206 0.738208
v -0.352635 -0.173525 0.845256
v -0.459250 -0.088527 0.780784
v -0.507816 -0.008900 0.731889
v -0.450289 0.012515 0.776439
v -0.420364 0.002110 0.843859
v -0.543630 -0.077274 0.693991
v -0.472456 0.022666 0.702162
v -0.403979 -0.009469 0.803785
v -0.567420 -0.082562 0.657089
v -0.554512 -0.066750 0.688365
v -0.531945 -0.012341 0.722453
v -0.428065 -0.019129 0.871365
v -0.439825 0.018802 0.764894
v -0.526257 -0.002548 0.719604
v -0.548580 -0.062372 0.697928
v -0.528759 0.004916 0.707722
v -0.542350 0.003710 0.704728
v -0.426589 -0.046389 0.858619
v -0.557170 -0.002937 0.666817
v -0.599068 -0.026140 0.609058
v -0.436331 -0.112441 0.726176
v -0.626734 -0.043502 0.570218
v -0.632302 -0.053563 0.554941
v -0.435336 -0.052731 0.813168
v -0.617423 -0.079993 0.561153
v -0.606119 -0.082175 0.591562
v -0.394150 -0.128321 0.749356
v -0.575861 -0.096298 0.623349
v -0.560735 -0.117778 0.603627
v -0.441857 -0.135281 0.774627
v -0.565599 -0.109881 0.611573
v -0.613622 -0.092212 0.543790
v -0.424912 -0.009574 0.869015
v -0.606997 -0.098322 0.550215
v -0.449783 -0.031781 0.822233
v -0.575116 -0.114508 0.587310
v -0.551429 -0.123875 0.609142
v -0.419030 -0.039271 0.882650
v -0.524332 -0.155393 0.612548
v -0.512448 -0.162505 0.624203
v -0.455292 -0.069183 0.806689
v -0.475977 -0.170389 0.674788
v -0.413296 -0.169744 0.762570
v -0.496799 0.012071 0.702318
v -0.371473 -0.163310 0.834008
v -0.432046 -0.048747 0.861359
v -0.480927 0.017442 0.710146
v -0.383934 -0.159159 0.822305
v -0.445411 -0.147340 0.752687
v -0.458416 -0.054033 0.804154
v -0.456632 -0.162699 0.714510
v -0.456553 -0.177903 0.684727
v -0.407694 -0.002243 0.845735
v -0.561053 -0.139463 0.564674
v -0.578210 -0.123282 0.562577
v -0.439655 -0.113739 0.734467
v -0.537332 -0.142971 0.606147
v -0.634888 -0.079360 0.467313
v -0.624657 -0.106079 0.392789
v -0.640179 -0.067560 0.454009
v -0.641841 -0.073583 0.411917
v -0.613023 -0.105292 0.499900
v -0.638646 -0.061114 0.466241
v -0.636717 -0.058551 0.468601
v -0.606674 -0.039014 0.512622
v -0.547550 -0.011257 0.583548
v -0.639989 -0.081527 0.396526
v -0.522917 -0.002154 0.600397
v -0.513739 0.004915 0.711683
v -0.527466 0.007085 0.697569
v -0.536386 0.005437 0.691744
v -0.471197 0.011496 0.743180
v -0.607630 -0.031938 0.590804
v -0.633793 -0.050707 0.534648
v -0.635275 -0.067378 0.510852
v -0.633086 -0.076596 0.494431
v -0.636720 -0.055131 0.519390
v -0.638552 -0.064805 0.488988
v -0.638685 -0.061106 0.494674
v -0.514424 0.009275 0.694986
v -0.588870 -0.025598 0.581341
v -0.628406 -0.046830 0.531643
v -0.634822 -0.052898 0.510063
v -0.637608 -0.057108 0.499413
v -0.639366 -0.068761 0.464959
v -0.633684 -0.056973 0.543706
v -0.344911 -0.171652 0.836589
v -0.630809 -0.047282 0.549437
v -0.638028 -0.074281 0.459702
v -0.456237 0.026655 0.695421
v -0.402957 -0.024776 0.796118
v -0.591032 -0.122458 0.529781
v -0.442253 0.017534 0.690717
v -0.452521 0.023439 0.724282
v -0.463253 0.022296 0.642977
v -0.477887 0.015048 0.621988
v -0.490732 0.004757 0.592191
v -0.497911 -0.123703 0.716090
v -0.510727 -0.112216 0.710355
v -0.496586 -0.099889 0.736335
v -0.626852 -0.060507 0.366313
v -0.503637 -0.108935 0.722524
v -0.540577 -0.107017 0.663470
v -0.526445 -0.109588 0.688493
v -0.566865 -0.074352 0.667729
v -0.567209 -0.055393 0.683500
v -0.547976 -0.021680 0.711814
v -0.547303 -0.013172 0.712623
v -0.540246 -0.010396 0.717482
v -0.544104 -0.000817 0.711761
v -0.550757 0.000638 0.700597
v -0.544042 0.001926 0.708272
v -0.570827 -0.006746 0.681228
v -0.580946 -0.012435 0.653500
v -0.550815 -0.001714 0.705806
v -0.575846 -0.009003 0.667692
v -0.606098 -0.027932 0.617217
v -0.628169 -0.044983 0.577066
v -0.628130 -0.050227 0.579770
v -0.613738 -0.074363 0.585574
v -0.625097 -0.057245 0.581686
v -0.589758 -0.016743 0.648771
v -0.587263 -0.076561 0.636262
v -0.596988 -0.073519 0.624144
v -0.607956 -0.073179 0.602471
v -0.573770 -0.064883 0.668631
v -0.564412 -0.012428 0.698482
v -0.618183 -0.061197 0.596457
v -0.616676 -0.035089 0.605913
v -0.553302 -0.041066 0.704020
v -0.543856 -0.035097 0.713178
v -0.554746 -0.011498 0.706672
v -0.582589 -0.037770 0.676745
v -0.592519 -0.033499 0.666921
v -0.557488 -0.006016 0.702380
v -0.595050 -0.019936 0.660139
v -0.593362 -0.022304 0.666889
v -0.589963 -0.021682 0.672173
v -0.584747 -0.019724 0.678793
v -0.566798 -0.008414 0.693836
v -0.585484 -0.028974 0.677006
v -0.624080 -0.041057 0.584714
v -0.575916 -0.009850 0.681859
v -0.577169 -0.019378 0.687322
v -0.576272 -0.014300 0.686958
v -0.629423 -0.053465 0.570394
v -0.597285 -0.020745 0.647777
v -0.602288 -0.024987 0.648301
v -0.591358 -0.016882 0.658766
v -0.538424 0.002645 0.710897
v -0.605948 -0.028603 0.644186
v -0.609169 -0.030140 0.636245
v -0.611103 -0.030652 0.625683
v -0.612672 -0.033690 0.630892
v -0.616870 -0.035255 0.614787
v -0.604695 -0.066458 0.619117
v -0.604858 -0.026117 0.634704
v -0.589637 -0.017037 0.669251
v -0.618608 -0.050714 0.609908
v -0.599157 -0.023434 0.655509
v -0.611778 -0.048931 0.626561
v -0.613098 -0.059560 0.611243
v -0.581561 -0.053433 0.668484
v -0.589995 -0.054246 0.656341
v -0.622310 -0.047951 0.602811
v -0.642034 -0.068851 0.400298
v -0.624865 -0.050895 0.591281
v -0.623379 -0.041053 0.594709
v -0.640816 -0.066695 0.410410
v -0.627328 -0.045911 0.584706
v -0.624415 -0.044805 0.597677
v -0.569735 -0.042028 0.688408
v -0.600738 -0.033725 0.655758
v -0.603602 -0.030262 0.651522
v -0.619404 -0.042801 0.614915
v -0.605811 -0.038186 0.645634
v -0.610323 -0.035331 0.638299
v -0.613441 -0.039136 0.630803
v -0.620648 -0.039638 0.609714
v -0.629794 -0.049237 0.572760
v -0.482425 -0.032389 0.766732
v -0.559936 -0.003551 0.695880
v -0.514190 -0.001135 0.721340
v -0.490586 -0.037979 0.758050
v -0.521204 -0.010972 0.726538
v -0.509223 -0.086630 0.730456
v -0.454308 -0.041231 0.813339
v -0.442030 0.003732 0.810398
v -0.452302 0.001714 0.628332
v -0.607906 -0.032678 0.643125
v -0.427816 -0.094967 0.684635
v -0.616409 -0.043829 0.621688
v -0.401659 -0.242565 0.646043
v -0.303987 -0.215256 0.820906
v -0.458187 0.017446 0.748181
v -0.381791 -0.244448 0.675824
v -0.326954 -0.262982 0.726909
v -0.561237 -0.194458 0.443113
v -0.339622 -0.254305 0.723436
v -0.610533 -0.042134 0.634862
v -0.541103 -0.236189 0.385706
v -0.601009 -0.027733 0.655236
v -0.535111 -0.243665 0.378398
v -0.544592 -0.215375 0.433768
v -0.543598 -0.236000 0.371990
v -0.597420 -0.062197 0.637121
v -0.602402 -0.048820 0.642851
v -0.556469 -0.218335 0.360067
v -0.584614 -0.013097 0.665994
v -0.584574 -0.014885 0.676830
v -0.606661 -0.055662 0.628744
v -0.542876 -0.234499 0.363807
v -0.569947 -0.201210 0.358672
v -0.580712 -0.185368 0.356691
v -0.563263 -0.209121 0.392831
v -0.555257 -0.214360 0.406167
v -0.563790 -0.205286 0.353641
v -0.561553 -0.215025 0.377669
v -0.571138 -0.199123 0.389875
v -0.582009 -0.185904 0.372832
v -0.579414 -0.189863 0.365598
v -0.415009 -0.250374 0.605638
v -0.364947 -0.261067 0.668513
v -0.576831 -0.192361 0.360483
v -0.583865 -0.181794 0.359438
v -0.602613 -0.145858 0.345333
v -0.600203 -0.154707 0.352844
v -0.605976 -0.135190 0.340447
v -0.618058 -0.115166 0.344745
v -0.593931 -0.166632 0.359060
v -0.632703 -0.071512 0.341696
v -0.625035 -0.061802 0.339829
v -0.620319 -0.061404 0.326259
v -0.632483 -0.068391 0.343831
v -0.617290 -0.089080 0.326374
v -0.617195 -0.111077 0.339051
v -0.479137 -0.004526 0.511709
v -0.561360 -0.215262 0.366523
v -0.605544 -0.053160 0.324873
v -0.474387 0.000633 0.542171
v -0.615007 -0.056786 0.330105
v -0.590204 -0.026512 0.671909
v -0.580068 -0.025438 0.683572
v -0.589792 -0.042013 0.665974
v -0.596059 -0.025493 0.663242
v -0.468971 0.002891 0.552986
v -0.460565 0.004330 0.573294
v -0.597110 -0.029239 0.661861
v -0.458692 -0.001365 0.564723
v -0.403909 -0.019318 0.880766
v -0.464464 0.003692 0.561581
v -0.466541 -0.000036 0.531231
v -0.506771 -0.010341 0.511976
v -0.621813 -0.077548 0.326636
v -0.449220 -0.042041 0.551289
v -0.623504 -0.070060 0.327001
v -0.449177 -0.030008 0.612608
v -0.444974 -0.042650 0.607430
v -0.352111 -0.146335 0.673675
v -0.320754 -0.183640 0.698011
v -0.436114 -0.035670 0.671936
v -0.339589 -0.163935 0.672893
v -0.269840 -0.256520 0.716148
v -0.356527 -0.149842 0.639928
v -0.399126 -0.029656 0.822696
v -0.234279 -0.354584 0.695040
v -0.251320 -0.274960 0.729952
v -0.240188 -0.362150 0.682677
v -0.416996 -0.029398 0.889975
v -0.448325 -0.057782 0.823304
v -0.455485 -0.018653 0.574810
v -0.242022 -0.365914 0.669802
v -0.237529 -0.367407 0.662396
v -0.240784 -0.330104 0.609484
v -0.457111 -0.011395 0.554592
v -0.457154 -0.004610 0.578104
v -0.569795 -0.034220 0.691178
v -0.236571 -0.295300 0.687108
v -0.239081 -0.291924 0.683919
v -0.310558 -0.237697 0.548185
v -0.566789 -0.025306 0.696117
v -0.565431 -0.018194 0.697966
v -0.333379 -0.214322 0.516656
v -0.575518 -0.074237 0.656783
v -0.556512 -0.048131 0.698261
v -0.456124 -0.022010 0.412876
v -0.452407 -0.026923 0.394208
v -0.465322 -0.013468 0.423376
v -0.462786 -0.015881 0.401291
v -0.457852 -0.019746 0.388879
v -0.383270 -0.135661 0.517832
v -0.303265 -0.239327 0.581902
v -0.349537 -0.183594 0.539409
v -0.291413 -0.250009 0.600233
v -0.276729 -0.261671 0.626238
v -0.434094 -0.063848 0.503327
v -0.586327 -0.050532 0.284178
v -0.452800 -0.030387 0.458365
v -0.468378 -0.296601 0.377444
v -0.250298 -0.281484 0.678572
v -0.242504 -0.372469 0.652038
v -0.239796 -0.376094 0.643489
v -0.238127 -0.374440 0.642521
v -0.239526 -0.371481 0.656361
v -0.469397 -0.296163 0.387714
v -0.386374 -0.332863 0.462725
v -0.437332 -0.308843 0.423789
v -0.457558 -0.302775 0.397698
v -0.468979 -0.286977 0.361818
v -0.443652 -0.282590 0.478293
v -0.507323 -0.265888 0.388197
v -0.395036 -0.295493 0.538055
v -0.519468 -0.254040 0.363714
v -0.503423 -0.266695 0.395923
v -0.559940 -0.196545 0.340972
v -0.521767 -0.255334 0.379130
v -0.600608 -0.129637 0.330861
v -0.529435 -0.236321 0.351344
v -0.611054 -0.059071 0.310942
v -0.457105 -0.015225 0.524314
v -0.492061 -0.010716 0.480696
v -0.588260 -0.126077 0.316756
v -0.450879 -0.038292 0.502930
v -0.581469 -0.046328 0.301944
v -0.465734 -0.011906 0.442082
v -0.366175 -0.162050 0.518347
v -0.304017 -0.188452 0.854885
v -0.396985 -0.110057 0.580986
v -0.310260 -0.216848 0.637044
v -0.469147 -0.003745 0.507757
v -0.460557 -0.004624 0.521039
v -0.241428 -0.287267 0.699359
v -0.398168 -0.025917 0.860649
v -0.233727 -0.311612 0.700873
v -0.232908 -0.301456 0.710389
v -0.259553 -0.269339 0.707098
v -0.235112 -0.299083 0.688616
v -0.283780 -0.250236 0.647423
v -0.287984 -0.239921 0.673361
v -0.248809 -0.279000 0.711819
v -0.466592 -0.007596 0.478988
v -0.469909 -0.010692 0.448666
v -0.292723 -0.241314 0.634563
v -0.461737 -0.009709 0.480868
v -0.459878 -0.012042 0.486788
v -0.617613 -0.064266 0.318534
v -0.613133 -0.057209 0.319923
v -0.598000 -0.144664 0.338483
v -0.455884 -0.023901 0.498104
v -0.457835 -0.017717 0.475387
v -0.591414 -0.162978 0.346135
v -0.597697 -0.051679 0.304070
v -0.446638 -0.045092 0.493470
v -0.586357 -0.048674 0.292980
v -0.601287 -0.054315 0.301599
v -0.586422 -0.086315 0.292970
v -0.585892 -0.064296 0.282499
v -0.480154 -0.286016 0.371325
v -0.465393 -0.290553 0.414738
v -0.595920 -0.082765 0.300787
v -0.496077 -0.275161 0.372311
v -0.503899 -0.267607 0.368059
v -0.508540 -0.265682 0.371441
v -0.472467 -0.008194 0.473298
v -0.463201 -0.011231 0.460829
v -0.516596 -0.259431 0.371475
v -0.551658 -0.168573 0.311655
v -0.454881 -0.026676 0.474412
v -0.384494 -0.106331 0.684479
v -0.481520 -0.287340 0.378305
v -0.508165 -0.266697 0.378931
v -0.259158 -0.274862 0.664273
v -0.463192 -0.003628 0.515368
v -0.239029 -0.371830 0.624176
v -0.459493 -0.009054 0.509505
v -0.440602 -0.053293 0.483105
v -0.450622 -0.036466 0.572798
v -0.236724 -0.352829 0.664890
v -0.328493 -0.194958 0.619165
v -0.376127 -0.127648 0.620462
v -0.361257 -0.156489 0.581366
v -0.415993 -0.037502 0.874458
v -0.547295 -0.223036 0.353973
v -0.461383 -0.302635 0.386107
v -0.468994 -0.013761 0.414586
v -0.562624 -0.042613 0.275255
v -0.575356 -0.054780 0.269791
v -0.571448 -0.046429 0.270580
v -0.560685 -0.045329 0.258618
v -0.560293 -0.050538 0.256229
v -0.506283 -0.029335 0.307530
v -0.562543 -0.060806 0.260714
v -0.439111 -0.051764 0.432311
v -0.222506 -0.307553 0.829955
v -0.458554 -0.019815 0.370211
v -0.232331 -0.334004 0.781974
v -0.241145 -0.390457 0.599862
v -0.250869 -0.284793 0.648952
v -0.243231 -0.291558 0.654577
v -0.240429 -0.296509 0.646047
v -0.278980 -0.246531 0.702270
v -0.426846 -0.075858 0.544472
v -0.314780 -0.184756 0.721838
v -0.308416 -0.164575 0.799312
v -0.233529 -0.317934 0.825109
v -0.632508 -0.075977 0.340893
v -0.270267 -0.267863 0.818704
v -0.630868 -0.086462 0.342778
v -0.621749 -0.111853 0.352462
v -0.608540 -0.139395 0.374478
v -0.566404 -0.193209 0.430363
v -0.599032 -0.158584 0.362164
v -0.573925 -0.185983 0.423603
v -0.586528 -0.164177 0.341434
v -0.568032 -0.206642 0.367458
v -0.552338 -0.225820 0.379832
v -0.404149 -0.273994 0.571209
v -0.466085 -0.254780 0.503517
v -0.294569 -0.253350 0.789356
v -0.297901 -0.243118 0.794337
v -0.457042 0.006649 0.607126
v -0.377872 -0.274119 0.617902
v -0.406234 -0.034871 0.789719
v -0.303134 -0.229284 0.805089
v -0.403782 -0.032896 0.817236
v -0.341589 -0.133779 0.748105
v -0.513581 -0.008576 0.537284
v -0.429014 -0.017581 0.717037
v -0.450796 -0.065116 0.816196
v -0.333973 -0.182593 0.855720
v -0.411473 -0.087298 0.633044
v -0.432851 -0.081372 0.681947
v -0.288273 -0.244794 0.792281
v -0.281283 -0.255831 0.797854
v -0.267444 -0.265750 0.817279
v -0.267093 -0.261810 0.805230
v -0.287533 -0.230013 0.779726
v -0.249783 -0.273628 0.841219
v -0.233391 -0.282396 0.864357
v -0.225207 -0.290278 0.870305
v -0.229707 -0.283851 0.856721
v -0.258622 -0.269244 0.826092
v -0.220733 -0.297855 0.864391
v -0.223050 -0.309425 0.854714
v -0.224553 -0.288761 0.862719
v -0.224762 -0.310980 0.853402
v -0.225210 -0.298206 0.871461
v -0.227888 -0.299303 0.869660
v -0.232740 -0.305101 0.855141
v -0.221680 -0.292736 0.860530
v -0.231119 -0.300869 0.864554
v -0.237144 -0.283645 0.870438
v -0.239404 -0.279668 0.862769
v -0.247789 -0.275653 0.852212
v -0.256569 -0.287757 0.838052
v -0.239992 -0.299948 0.852007
v -0.228402 -0.286253 0.866621
v -0.247788 -0.280755 0.861683
v -0.274395 -0.257617 0.800031
v -0.235121 -0.289321 0.872934
v -0.247388 -0.284599 0.861208
v -0.431754 -0.051076 0.847500
v -0.252937 -0.280756 0.853088
v -0.259535 -0.297693 0.809921
v -0.425407 -0.046533 0.793547
v -0.271011 -0.271030 0.819118
v -0.277118 -0.276476 0.802443
v -0.289490 -0.270838 0.781392
v -0.289196 -0.263675 0.788800
v -0.553186 -0.225678 0.369576
v -0.286902 -0.253555 0.794470
v -0.589440 -0.173421 0.377935
v -0.607982 -0.142024 0.361970
v -0.616393 -0.123844 0.354704
v -0.631557 -0.081012 0.341114
v -0.260776 -0.274807 0.837591
v -0.259141 -0.272135 0.835545
v -0.226766 -0.305253 0.862433
v -0.295888 -0.274614 0.761760
v -0.230362 -0.314144 0.840535
v -0.299130 -0.178219 0.827323
v -0.316190 -0.200060 0.667848
v -0.246001 -0.372302 0.647375
v -0.271235 -0.271452 0.603622
v -0.366714 -0.346976 0.465560
v -0.241743 -0.301497 0.608718
v -0.246397 -0.394813 0.588182
v -0.227287 -0.301809 0.777985
v -0.270196 -0.326632 0.710380
v -0.222999 -0.300261 0.822822
v -0.227762 -0.332824 0.766946
v -0.225790 -0.323575 0.823853
v -0.557267 -0.040253 0.296248
v -0.555304 -0.041810 0.262732
v -0.461711 -0.015213 0.425052
v -0.584932 -0.055284 0.279268
v -0.534793 -0.244008 0.369640
v -0.368792 -0.129646 0.654698
v -0.420027 -0.024345 0.741292
v -0.376210 -0.135801 0.578150
v -0.404754 -0.015116 0.793758
v -0.323594 -0.186464 0.859844
v -0.375998 -0.116877 0.678393
v -0.446739 -0.041667 0.457861
v -0.607178 -0.062002 0.304639
v -0.593197 -0.048353 0.336657
v -0.487880 -0.281578 0.388499
v -0.531876 -0.244330 0.363674
v -0.569544 -0.038713 0.374545
v -0.462877 -0.006610 0.496637
v -0.454148 -0.306729 0.393494
v -0.377137 -0.320674 0.511019
v -0.227926 -0.321869 0.826035
v -0.233910 -0.343543 0.748651
v -0.230719 -0.289408 0.768408
v -0.226781 -0.313932 0.845648
v -0.271797 -0.305295 0.758343
v -0.285164 -0.258948 0.796238
v -0.263538 -0.288065 0.819950
v -0.281834 -0.265717 0.799608
v -0.244672 -0.292356 0.856464
v -0.239777 -0.306392 0.838893
v -0.238026 -0.294462 0.864485
v -0.240417 -0.284818 0.869561
v -0.251436 -0.276746 0.853035
v -0.250403 -0.294602 0.840022
v -0.625500 -0.091044 0.337981
v -0.613481 -0.127102 0.347735
v -0.439392 -0.093631 0.728650
v -0.500299 -0.026745 0.746232
v -0.630322 -0.094133 0.421801
v -0.639334 -0.078951 0.421937
v -0.621222 -0.103554 0.450914
v -0.531552 -0.086210 0.705701
v -0.531574 -0.077387 0.710343
v -0.627997 -0.066738 0.550920
v -0.598204 -0.041262 0.655143
v -0.642011 -0.069425 0.411107
v -0.618003 -0.111401 0.430254
v -0.600013 -0.133723 0.463862
v -0.579762 -0.157442 0.482526
v -0.406020 -0.340304 0.395999
v -0.405840 -0.334966 0.379331
v -0.383505 -0.352262 0.394359
v -0.228787 -0.283819 0.844576
v -0.236705 -0.278956 0.838927
v -0.288810 -0.225446 0.744978
v -0.471020 -0.022464 0.326886
v -0.380017 -0.210615 0.248502
v -0.369848 -0.224199 0.253603
v -0.405755 -0.172243 0.226112
v -0.425709 -0.123543 0.209342
v -0.357563 -0.244281 0.260602
v -0.333720 -0.274586 0.276031
v -0.309316 -0.309111 0.296880
v -0.269099 -0.361379 0.344195
v -0.255004 -0.359887 0.362035
v -0.306085 -0.288681 0.358175
v -0.388150 -0.187459 0.265863
v -0.436291 -0.088107 0.208928
v -0.466377 -0.040474 0.192272
v -0.451033 -0.068537 0.194194
v -0.401207 -0.185184 0.231081
v -0.395211 -0.193439 0.235170
v -0.390806 -0.202039 0.239585
v -0.402022 -0.195451 0.237340
v -0.252357 -0.343953 0.364922
v -0.387326 -0.227949 0.254935
v -0.454583 -0.030377 0.254352
v -0.241865 -0.393200 0.594799
v -0.283058 -0.236804 0.727153
v -0.253039 -0.299162 0.551536
v -0.414417 -0.180413 0.232717
v -0.243364 -0.397256 0.583710
v -0.227790 -0.324255 0.770557
v -0.247804 -0.425401 0.491200
v -0.351004 -0.360331 0.463334
v -0.265621 -0.421957 0.475200
v -0.465706 -0.018863 0.360272
v -0.317705 -0.367124 0.514655
v -0.245528 -0.413422 0.492327
v -0.510316 -0.037644 0.223304
v -0.319757 -0.393081 0.429009
v -0.246530 -0.424088 0.489968
v -0.278062 -0.417131 0.462285
v -0.223784 -0.290120 0.829766
v -0.453036 -0.024873 0.361941
v -0.247432 -0.405097 0.484043
v -0.239173 -0.380360 0.621288
v -0.237520 -0.299489 0.658603
v -0.248657 -0.411035 0.457909
v -0.250312 -0.352871 0.452156
v -0.250686 -0.423564 0.497059
v -0.301464 -0.404642 0.446268
v -0.243286 -0.276875 0.780430
v -0.248057 -0.321207 0.453693
v -0.282565 -0.410357 0.438295
v -0.337603 -0.246799 0.374912
v -0.404641 -0.136047 0.324628
v -0.292073 -0.408735 0.443623
v -0.306549 -0.399903 0.432967
v -0.240813 -0.277310 0.798433
v -0.262606 -0.372220 0.615841
v -0.262656 -0.420042 0.488711
v -0.249866 -0.271235 0.797485
v -0.230000 -0.342732 0.749068
v -0.237831 -0.360446 0.688885
v -0.246162 -0.319581 0.494569
v -0.247257 -0.400281 0.571981
v -0.240169 -0.385820 0.612503
v -0.234280 -0.334751 0.697504
v -0.242723 -0.399550 0.575131
v -0.230843 -0.286015 0.789586
v -0.274605 -0.418825 0.456302
v -0.251446 -0.365117 0.445343
v -0.485952 -0.031539 0.239805
v -0.289012 -0.283705 0.464213
v -0.340035 -0.379276 0.412670
v -0.240868 -0.389808 0.586100
v -0.221948 -0.292005 0.843542
v -0.220668 -0.302377 0.853179
v -0.244244 -0.313858 0.539744
v -0.250034 -0.334531 0.406977
v -0.292402 -0.220280 0.736267
v -0.311296 -0.397506 0.453264
v -0.269052 -0.254616 0.748329
v -0.246241 -0.312151 0.523014
v -0.226693 -0.333449 0.781493
v -0.294978 -0.405706 0.465837
v -0.227341 -0.285916 0.824499
v -0.255321 -0.393401 0.407020
v -0.249531 -0.423869 0.458412
v -0.338506 -0.302709 0.303124
v -0.226808 -0.329551 0.803322
v -0.240136 -0.368096 0.665529
v -0.283926 -0.233092 0.749764
v -0.257939 -0.411536 0.522449
v -0.229889 -0.335704 0.780409
v -0.332696 -0.363440 0.380433
v -0.243504 -0.317411 0.542648
v -0.231497 -0.345067 0.743809
v -0.458953 -0.026890 0.271247
v -0.251430 -0.325537 0.759502
v -0.245071 -0.416132 0.522164
v -0.337979 -0.375072 0.402384
v -0.256277 -0.380218 0.386930
v -0.310529 -0.399099 0.437644
v -0.327148 -0.389554 0.429614
v -0.248560 -0.274841 0.754107
v -0.231710 -0.338944 0.767386
v -0.228539 -0.332358 0.792728
v -0.317625 -0.395279 0.439112
v -0.248825 -0.297903 0.580950
v -0.435114 -0.062514 0.322790
v -0.265369 -0.282671 0.575555
v -0.246164 -0.418854 0.478314
v -0.254926 -0.383481 0.400569
v -0.274231 -0.248993 0.729662
v -0.346047 -0.207179 0.473749
v -0.242813 -0.275530 0.809763
v -0.245128 -0.406176 0.556211
v -0.254218 -0.407857 0.427721
v -0.258379 -0.406856 0.421623
v -0.251704 -0.415449 0.441402
v -0.460153 -0.025239 0.288027
v -0.488010 -0.032992 0.221575
v -0.257213 -0.397351 0.406948
v -0.249946 -0.316949 0.453119
v -0.312947 -0.276489 0.383476
v -0.303776 -0.402953 0.452375
v -0.316440 -0.392882 0.455662
v -0.293916 -0.399136 0.486220
v -0.231896 -0.347859 0.728140
v -0.233600 -0.281046 0.823730
v -0.530492 -0.037706 0.246828
v -0.252560 -0.413492 0.526021
v -0.232712 -0.342144 0.711461
v -0.345671 -0.347363 0.362425
v -0.247174 -0.419765 0.510793
v -0.234542 -0.287948 0.746655
v -0.276538 -0.415755 0.473700
v -0.541296 -0.039758 0.250238
v -0.247763 -0.388156 0.500103
v -0.249897 -0.328522 0.403135
v -0.243438 -0.306820 0.572590
v -0.451576 -0.029158 0.295522
v -0.252648 -0.310160 0.485301
v -0.292504 -0.380999 0.388094
v -0.430671 -0.066047 0.391272
v -0.402836 -0.113857 0.443259
v -0.234892 -0.348241 0.732201
v -0.253376 -0.362627 0.407488
v -0.245446 -0.421105 0.492948
v -0.313913 -0.243518 0.508046
v -0.260751 -0.311702 0.424219
v -0.250199 -0.388644 0.598508
v -0.315528 -0.388392 0.469111
v -0.362339 -0.186054 0.451192
v -0.243650 -0.411511 0.527969
v -0.265091 -0.423386 0.467133
v -0.255438 -0.311491 0.455338
v -0.248375 -0.358965 0.492745
v -0.237176 -0.329056 0.785931
v -0.300934 -0.363590 0.363742
v -0.242040 -0.383734 0.623010
v -0.272038 -0.301458 0.443513
v -0.286323 -0.297246 0.402779
v -0.243808 -0.409653 0.542381
v -0.242883 -0.405649 0.551846
v -0.315248 -0.392615 0.421766
v -0.443980 -0.055647 0.247810
v -0.260127 -0.400425 0.409357
v -0.231337 -0.344445 0.727969
v -0.245739 -0.411752 0.538438
v -0.275568 -0.246380 0.741862
v -0.246650 -0.337129 0.503424
v -0.236400 -0.283155 0.770686
v -0.245407 -0.354442 0.544018
v -0.248786 -0.410068 0.541472
v -0.359280 -0.218426 0.351018
v -0.333424 -0.384691 0.420326
v -0.327909 -0.375606 0.473751
v -0.247563 -0.326041 0.454428
v -0.244761 -0.417400 0.511610
v -0.462331 -0.000455 0.535754
v -0.440762 -0.035967 0.651281
v -0.429869 -0.050764 0.670814
v -0.446969 -0.024983 0.636221
v -0.306580 -0.176451 0.781900
v -0.224962 -0.326466 0.811814
v -0.280283 -0.239399 0.763934
v -0.455543 -0.023681 0.546942
v -0.445850 -0.063955 0.779771
v -0.425168 -0.074951 0.601971
v -0.426268 -0.036627 0.707996
v -0.352369 -0.144995 0.777946
v -0.272982 -0.254746 0.789565
v -0.234034 -0.281879 0.805290
v -0.225003 -0.324282 0.802304
v -0.282022 -0.357881 0.611027
v -0.244377 -0.411104 0.513011
v -0.416799 -0.283869 0.324660
v -0.239303 -0.379399 0.632962
v -0.608944 -0.135064 0.393179
v -0.582604 -0.179302 0.401399
v -0.437560 0.015657 0.724221
v -0.465639 0.000727 0.770338
v -0.452303 -0.085015 0.770869
v -0.323649 -0.243226 0.769124
v -0.427555 -0.062485 0.650384
v -0.424952 -0.069179 0.639642
v -0.304555 -0.199128 0.842038
v -0.456276 0.000338 0.787478
v -0.300548 -0.198177 0.835619
v -0.418640 -0.046582 0.721486
v -0.464026 -0.082520 0.784235
v -0.432386 0.013264 0.799003
v -0.394616 -0.021083 0.861512
v -0.403854 -0.032217 0.785873
v -0.411465 -0.146815 0.798522
v -0.431132 -0.153788 0.759715
v -0.435702 -0.040950 0.854727
v -0.445408 0.011827 0.662256
v -0.417034 0.004581 0.773784
v -0.397994 -0.014406 0.851999
v -0.419093 -0.004681 0.865164
v -0.398959 -0.017024 0.870154
v -0.397932 -0.027544 0.847455
v -0.460144 -0.143280 0.744904
v -0.479337 -0.139052 0.729655
v -0.467083 -0.154319 0.719340
v -0.471243 -0.142592 0.734967
v -0.480847 -0.158503 0.695576
v -0.498049 -0.156284 0.671595
v -0.522793 -0.131358 0.659330
v -0.393125 -0.155494 0.814267
v -0.537227 -0.121282 0.643822
v -0.426233 0.009449 0.816142
v -0.425477 -0.056601 0.708921
v -0.498132 0.000848 0.728738
v -0.518123 -0.100712 0.713163
v -0.484937 -0.016840 0.757519
v -0.525298 -0.101492 0.701944
v -0.559802 -0.126955 0.588346
v -0.518209 -0.148618 0.640939
v -0.603131 -0.107370 0.534654
v -0.488233 -0.164386 0.671059
v -0.544435 -0.129837 0.613016
v -0.368628 -0.165987 0.834133
v -0.508495 -0.158177 0.644432
v -0.437946 -0.151320 0.754734
v -0.398616 -0.177816 0.772741
v -0.499160 -0.170914 0.631249
v -0.445208 -0.111688 0.747651
v -0.568368 -0.125916 0.575680
v -0.441137 -0.169066 0.721980
v -0.615997 -0.096833 0.520006
v -0.442764 -0.195285 0.672410
v -0.629196 -0.087072 0.479384
v -0.590383 -0.111568 0.563250
v -0.639576 -0.064068 0.474674
v -0.578084 -0.027332 0.527328
v -0.533071 0.005538 0.705110
v -0.632853 -0.055086 0.475297
v -0.623067 -0.089782 0.509881
v -0.471821 -0.029864 0.780662
v -0.509284 0.008283 0.705158
v -0.635805 -0.059583 0.526078
v -0.637938 -0.060030 0.506830
v -0.638384 -0.059465 0.484685
v -0.637589 -0.069026 0.485145
v -0.634929 -0.054029 0.538754
v -0.522777 0.002612 0.713443
v -0.484558 -0.059977 0.764307
v -0.514760 -0.116828 0.698188
v -0.397855 -0.027753 0.814739
v -0.562144 -0.067678 0.679376
v -0.578918 -0.085060 0.637595
v -0.538554 -0.002647 0.715981
v -0.548577 -0.005502 0.710349
v -0.560729 -0.002505 0.686423
v -0.588570 -0.089555 0.615538
v -0.597691 -0.083792 0.607719
v -0.426811 -0.072316 0.441246
v -0.465139 -0.016502 0.387270
v -0.421368 -0.030167 0.885964
v -0.275833 -0.253706 0.684539
v -0.424579 -0.076074 0.485248
v -0.304852 -0.216873 0.669006
v -0.237668 -0.369814 0.646877
v -0.387419 -0.119581 0.583694
v -0.356550 -0.163153 0.823558
v -0.526814 -0.251314 0.372511
v -0.480350 -0.013827 0.427323
v -0.458074 -0.019287 0.443808
v -0.475210 -0.017509 0.382216
v -0.548887 -0.044388 0.247785
v -0.578506 -0.050333 0.273693
v -0.388425 -0.115626 0.612062
v -0.310760 -0.186564 0.736708
v -0.419069 -0.085702 0.558708
v -0.454202 -0.030236 0.533118
v -0.588763 -0.175500 0.366817
v -0.599196 -0.157029 0.376210
v -0.607037 -0.142956 0.354011
v -0.582456 -0.179965 0.351744
v -0.515022 -0.252998 0.405689
v -0.341721 -0.283323 0.660670
v -0.453617 -0.006682 0.617651
v -0.304877 -0.249308 0.783132
v -0.311241 -0.171315 0.817284
v -0.359330 -0.121283 0.723939
v -0.286203 -0.237683 0.785393
v -0.255167 -0.269378 0.820921
v -0.282251 -0.251325 0.793659
v -0.222735 -0.295298 0.871126
v -0.236896 -0.279443 0.853509
v -0.223766 -0.304908 0.863914
v -0.231064 -0.286083 0.870451
v -0.221168 -0.303356 0.861222
v -0.227461 -0.291913 0.874017
v -0.244074 -0.279759 0.864664
v -0.255151 -0.412648 0.433266
v -0.251088 -0.397656 0.445409
v -0.262432 -0.304912 0.467482
v -0.248540 -0.340217 0.726735
v -0.523287 -0.038107 0.234981
v -0.245766 -0.325497 0.500353
v -0.334574 -0.362875 0.490178
v -0.243738 -0.394410 0.543794
v -0.223017 -0.315010 0.840047
v -0.470054 -0.027220 0.271044
v -0.455780 -0.025364 0.299408
v -0.248475 -0.416868 0.457099
v -0.237995 -0.306273 0.636727
v -0.247347 -0.425719 0.471995
v -0.302390 -0.361573 0.560462
v -0.260320 -0.346616 0.683189
v -0.245369 -0.402841 0.566567
v -0.240178 -0.352645 0.710110
v -0.223969 -0.322278 0.819966
v -0.483195 -0.029684 0.262054
v -0.289830 -0.230242 0.708582
v -0.230578 -0.292884 0.754862
v -0.261878 -0.297753 0.516380
v -0.246175 -0.302809 0.570809
v -0.222677 -0.294722 0.828530
v -0.269231 -0.287780 0.532935
v -0.247654 -0.427638 0.478918
v -0.276370 -0.343976 0.655331
v -0.242056 -0.378894 0.635845
v -0.291167 -0.410210 0.449212
v -0.269234 -0.254859 0.774469
v -0.266258 -0.269562 0.649773
v -0.248522 -0.415926 0.523834
v -0.242912 -0.311842 0.818561
v -0.253675 -0.269110 0.771572
v -0.260828 -0.425073 0.462016
v -0.460856 -0.019428 0.358422
v -0.298975 -0.287205 0.399223
v -0.261568 -0.263531 0.740175
v -0.227298 -0.310965 0.779768
v -0.237047 -0.331261 0.664104
v -0.261414 -0.262138 0.770470
v -0.226577 -0.288847 0.806402
v -0.228886 -0.328290 0.805441
v -0.251576 -0.426529 0.483976
v -0.291081 -0.410119 0.457418
v -0.358541 -0.323977 0.339507
v -0.358888 -0.335120 0.352590
v -0.253102 -0.396330 0.423269
v -0.296552 -0.406584 0.458177
v -0.228758 -0.339485 0.758509
v -0.241549 -0.396116 0.580005
v -0.226039 -0.330478 0.790199
v -0.222164 -0.300382 0.868601
v -0.245478 -0.274729 0.840905
v -0.281602 -0.246659 0.787985
v -0.416862 -0.088276 0.519868
v -0.444553 -0.036357 0.629349
v -0.429336 -0.262749 0.552052
v -0.396474 -0.114858 0.527034
v -0.412970 -0.093341 0.489016
v -0.583493 -0.067924 0.652429
v -0.632761 -0.050009 0.525528
v -0.616542 -0.039853 0.546615
v -0.529551 0.003701 0.660572
v -0.612382 -0.043681 0.489991
v -0.631881 -0.069803 0.524231
v -0.520203 0.005983 0.706217
v -0.625527 -0.050411 0.483915
v -0.584508 -0.124058 0.545111
v -0.550736 -0.139186 0.584625
v -0.429068 -0.178318 0.723952
v -0.377109 -0.161929 0.827945
v -0.398876 -0.162155 0.796026
v -0.495822 -0.165221 0.654741
v -0.545306 -0.117903 0.632357
v -0.585846 -0.109976 0.578264
v -0.625623 -0.077409 0.534781
v -0.552835 -0.115928 0.621074
v -0.556313 -0.104908 0.636719
v -0.604832 -0.095508 0.565361
v -0.596541 -0.095554 0.588567
v -0.540821 -0.098761 0.677286
v -0.588473 -0.097659 0.600964
v -0.630912 -0.059845 0.552551
v -0.606894 -0.087800 0.577918
v -0.622292 -0.066443 0.573997
v -0.620620 -0.039395 0.573080
v -0.632440 -0.050371 0.554743
v -0.626588 -0.043857 0.555010
v -0.547808 0.002377 0.694919
v -0.572746 -0.011459 0.640213
v -0.550467 0.000680 0.682081
v -0.535783 -0.047443 0.717111
v -0.538348 0.005201 0.701718
v -0.518571 -0.025089 0.731917
v -0.539893 -0.059405 0.708783
v -0.533005 0.001050 0.714796
v -0.533350 -0.023908 0.722296
v -0.518408 -0.050007 0.731430
v -0.557122 -0.078569 0.674840
v -0.523031 -0.072286 0.721761
v -0.538115 -0.089616 0.693011
v -0.501233 -0.044835 0.747518
v -0.548665 -0.085956 0.679131
v -0.487965 -0.001656 0.741557
v -0.501401 0.005639 0.718251
v -0.455942 -0.078091 0.782987
v -0.502962 -0.065764 0.743072
v -0.445426 -0.086036 0.753746
v -0.476289 -0.150884 0.715714
v -0.454189 -0.108789 0.766763
v -0.462686 -0.032149 0.209709
v -0.472629 -0.035971 0.196865
v -0.229693 -0.340251 0.762293
v -0.227396 -0.335538 0.770164
v -0.298119 -0.343760 0.611120
v -0.282635 -0.292454 0.449358
v -0.244415 -0.274622 0.823374
v -0.224165 -0.319018 0.833744
v -0.271866 -0.389732 0.554278
v -0.252941 -0.420330 0.504092
v -0.320339 -0.262384 0.405451
v -0.250170 -0.428588 0.467025
v -0.270039 -0.307278 0.413024
v -0.431216 -0.190738 0.248788
v -0.257940 -0.384493 0.386721
v -0.254570 -0.364423 0.380304
v -0.457460 -0.033114 0.217656
v -0.255707 -0.371587 0.378092
v -0.257339 -0.373270 0.371742
v -0.457127 -0.053884 0.192007
v -0.456044 -0.039548 0.195378
v -0.422722 -0.120859 0.220014
v -0.456539 -0.036067 0.201866
v -0.367490 -0.225727 0.261689
v -0.413118 -0.139706 0.232196
v -0.259702 -0.318110 0.387626
v -0.362746 -0.232946 0.265363
v -0.256887 -0.361926 0.351954
v -0.630392 -0.093713 0.347691
v -0.258944 -0.360728 0.345097
v -0.274104 -0.350821 0.331648
v -0.263172 -0.364189 0.348063
v -0.255928 -0.322278 0.379223
v -0.244618 -0.359424 0.683243
v -0.224551 -0.287716 0.848515
v -0.302066 -0.192332 0.768489
v -0.256636 -0.425161 0.481515
v -0.249848 -0.321716 0.426965
v -0.262684 -0.409052 0.425260
v -0.404090 -0.230634 0.265510
v -0.306299 -0.377573 0.513672
v -0.245209 -0.383830 0.619022
v -0.236397 -0.353408 0.713709
v -0.253741 -0.378779 0.415321
v -0.255637 -0.424984 0.457096
v -0.254418 -0.419817 0.445847
v -0.241477 -0.318028 0.582837
v -0.237522 -0.340164 0.752182
v -0.273238 -0.249287 0.761693
v -0.228267 -0.296810 0.769141
v -0.421571 -0.126720 0.213624
v -0.432247 -0.101439 0.206737
v -0.426019 -0.116502 0.211769
v -0.439046 -0.092836 0.199798
v -0.416218 -0.135083 0.218448
v -0.336132 -0.269711 0.271682
v -0.290365 -0.305878 0.335950
v -0.263136 -0.346475 0.323320
v -0.288834 -0.314300 0.303332
v -0.269948 -0.322382 0.320468
v -0.253847 -0.331718 0.339940
v -0.254747 -0.338708 0.320941
v -0.261964 -0.336193 0.312052
v -0.272427 -0.324296 0.309443
v -0.255100 -0.354393 0.347829
v -0.346408 -0.244362 0.333720
v -0.252747 -0.351251 0.393385
v -0.464567 -0.030391 0.226792
v -0.491272 -0.044247 0.205907
v -0.457946 -0.030347 0.239010
v -0.424327 -0.111320 0.239991
v -0.453034 -0.029868 0.273204
v -0.435350 -0.066776 0.300926
v -0.262928 -0.417576 0.442306
v -0.451181 -0.027729 0.321280
v -0.461858 -0.022479 0.320115
v -0.453658 -0.024491 0.333129
v -0.448339 -0.031677 0.337882
v -0.242480 -0.401853 0.564571
v -0.237924 -0.311364 0.636847
v -0.245006 -0.298292 0.602150
v -0.375342 -0.359491 0.406111
v -0.307557 -0.385778 0.491511
v -0.417605 -0.308829 0.354103
v -0.403803 -0.109087 0.474317
v -0.439242 -0.050004 0.354071
v -0.320868 -0.247566 0.459321
v -0.428768 -0.070152 0.377169
v -0.533270 -0.040862 0.238136
v -0.455434 -0.024441 0.316420
v -0.256405 -0.344182 0.323762
v -0.407727 -0.337317 0.386516
v -0.420859 -0.328613 0.381135
v -0.363812 -0.358974 0.441381
v -0.589270 -0.149784 0.468022
v -0.615896 -0.121964 0.390063
v -0.377122 -0.348120 0.442292
v -0.466952 -0.006318 0.775585
v -0.481650 -0.144972 0.718153
v -0.327394 -0.149053 0.780230
v -0.355663 -0.249272 0.708074
v -0.592070 -0.166525 0.352436
v -0.608620 -0.135049 0.344898
v -0.626568 -0.098605 0.345256
v -0.626816 -0.066746 0.333364
v -0.331315 -0.176848 0.668123
v -0.629081 -0.065002 0.341559
v -0.611172 -0.114490 0.332800
v -0.310027 -0.200458 0.699354
v -0.301752 -0.207291 0.724788
v -0.338579 -0.158241 0.694242
v -0.339561 -0.173938 0.638695
v -0.240036 -0.283497 0.739964
v -0.235610 -0.358187 0.693246
v -0.234173 -0.353546 0.707854
v -0.236186 -0.362855 0.671869
v -0.237552 -0.364926 0.672424
v -0.232852 -0.288024 0.873770
v -0.253019 -0.285456 0.849055
v -0.231164 -0.294338 0.872089
v -0.241938 -0.288790 0.865795
v -0.278706 -0.280330 0.793090
v -0.274470 -0.272569 0.811527
v -0.274990 -0.262195 0.807192
v -0.267183 -0.279387 0.823454
v -0.262482 -0.277771 0.834956
v -0.278287 -0.306556 0.738477
v -0.337670 -0.340606 0.538383
v -0.598644 -0.057256 0.294990
v -0.604659 -0.069508 0.303931
v -0.494046 -0.271947 0.363234
v -0.521613 -0.027186 0.368440
v -0.512227 -0.205699 0.310521
v -0.475782 -0.289653 0.393912
v -0.497241 -0.275385 0.378054
v -0.514906 -0.260677 0.382067
v -0.570509 -0.050197 0.265602
v -0.235817 -0.292178 0.710585
v -0.583993 -0.051528 0.278930
v -0.486172 -0.264850 0.348204
v -0.572196 -0.200571 0.373525
v -0.312925 -0.255421 0.763744
v -0.576610 -0.047436 0.678311
v -0.605155 -0.033547 0.648682
v -0.640734 -0.066566 0.422605
v -0.635712 -0.087914 0.407243
v -0.616134 -0.037680 0.624221
v -0.642012 -0.069986 0.387202
v -0.639625 -0.083662 0.376720
v -0.566142 -0.090453 0.647237
v -0.555909 -0.088306 0.665220
v -0.421611 0.012065 0.781031
v -0.445376 0.020019 0.749786
v -0.445308 0.018439 0.762978
v -0.640394 -0.072010 0.366713
v -0.501749 0.006693 0.628373
v -0.630311 -0.050278 0.507757
v -0.602025 -0.032671 0.562634
v -0.520269 0.008426 0.684775
v -0.635725 -0.055557 0.490400
v -0.426527 -0.038945 0.873512
v -0.433731 0.007890 0.721867
v -0.449116 0.016529 0.766455
v -0.443573 0.014405 0.677340
v -0.414465 -0.023188 0.887806
v -0.445925 -0.001019 0.655713
v -0.422185 -0.019708 0.881662
v -0.419803 -0.042391 0.843644
v -0.477891 0.005838 0.743972
v -0.421568 -0.101112 0.693782
v -0.446879 -0.071661 0.764675
v -0.400604 -0.103368 0.695295
v -0.455738 -0.095888 0.773188
v -0.447677 -0.062866 0.806177
v -0.458606 0.018992 0.636947
v -0.428523 0.015504 0.769069
v -0.410460 -0.005128 0.782496
v -0.418847 -0.127365 0.753124
v -0.473674 0.022885 0.688659
v -0.631627 -0.089261 0.442239
v -0.473943 -0.183722 0.644351
v -0.365247 -0.202144 0.781700
v -0.486496 0.012921 0.631148
v -0.548542 -0.016963 0.542560
v -0.491425 0.013650 0.661233
v -0.642670 -0.073078 0.389658
v -0.402126 -0.031188 0.837910
v -0.399777 -0.092622 0.671718
v -0.455095 -0.118278 0.765909
v -0.336477 -0.147860 0.780975
v -0.438454 0.014177 0.703023
v -0.430867 -0.004404 0.720688
v -0.640217 -0.081254 0.367826
v -0.429107 -0.065435 0.666866
v -0.334661 -0.157993 0.802105
v -0.441370 -0.121385 0.749044
v -0.549259 -0.162992 0.544261
v -0.566126 -0.178219 0.471335
v -0.420618 -0.328782 0.404208
v -0.442724 -0.316019 0.387800
v -0.356858 -0.334511 0.515874
v -0.304622 -0.271745 0.749676
v -0.297345 -0.203653 0.767492
v -0.429140 -0.069461 0.660899
v -0.321667 -0.292565 0.287316
v -0.341464 -0.263205 0.272238
v -0.332650 -0.284741 0.281601
v -0.345876 -0.264512 0.268283
v -0.347356 -0.257760 0.266242
v -0.372447 -0.222506 0.249500
v -0.408249 -0.158478 0.221542
v -0.454602 -0.051576 0.192461
v -0.453740 -0.033045 0.240325
v -0.461939 -0.024004 0.303932
v -0.485986 -0.103198 0.226800
v -0.459109 -0.021792 0.332618
v -0.420031 -0.086871 0.389715
v -0.335642 -0.220119 0.484528
v -0.389744 -0.154008 0.376089
v -0.242005 -0.399765 0.560895
v -0.383361 -0.148687 0.445177
v -0.290951 -0.259409 0.556705
v -0.373570 -0.353505 0.387958
v -0.360177 -0.369352 0.415550
v -0.344298 -0.378553 0.429732
v -0.439788 -0.317843 0.382063
v -0.334318 -0.385201 0.431424
v -0.314290 -0.157725 0.788199
v -0.242623 -0.388371 0.609186
v -0.253463 -0.428290 0.471771
v -0.253463 -0.428290 0.471771
v -0.260939 -0.382360 0.378742
v -0.260939 -0.382360 0.378742
v -0.462790 -0.036487 0.192175
v -0.316385 -0.295131 0.290467
v -0.341280 -0.264715 0.268336
v -0.413481 -0.141693 0.211992
v -0.410585 -0.149089 0.215495
v -0.429359 -0.113152 0.206300
v -0.419175 -0.133621 0.212194
v -0.433843 -0.102611 0.202745
v -0.363341 -0.233381 0.255410
v -0.448872 -0.308743 0.373379
v -0.325706 -0.145603 0.772712
v -0.420240 -0.074940 0.642450
v -0.409648 -0.038104 0.761073
v -0.263184 -0.391048 0.392511
v -0.321507 -0.149664 0.778184
v -0.257348 -0.335269 0.312749
v -0.257348 -0.335269 0.312749
v -0.445609 -0.059906 0.823655
v -0.445609 -0.059906 0.823655
v -0.445609 -0.059906 0.823655
v -0.298398 -0.182830 0.838145
v -0.368569 -0.228498 0.251156
v -0.328904 -0.284506 0.282406
v -0.636710 -0.073752 0.349727
v -0.625682 -0.104341 0.351150
v -0.398100 -0.025638 0.868828
v -0.398100 -0.025638 0.868828
v -0.311439 -0.160321 0.794848
v -0.344685 -0.177639 0.849812
v -0.361700 -0.168884 0.839622
v -0.317785 -0.153684 0.783145
v -0.371033 -0.159916 0.821029
v -0.300035 -0.186288 0.847363
v -0.640797 -0.067756 0.438602
v -0.426569 -0.056743 0.671613
v -0.330748 -0.141466 0.764916
v -0.302481 -0.172414 0.815109
v -0.412896 -0.082016 0.652011
v -0.445973 -0.312107 0.376357
v -0.642523 -0.071989 0.403105
v -0.641665 -0.069725 0.423325
v -0.639321 -0.076401 0.357424
v -0.640649 -0.078187 0.363843
v -0.640649 -0.078187 0.363843
v -0.423320 -0.051665 0.696051
v -0.642237 -0.074499 0.375682
v -0.642237 -0.074499 0.375682
v -0.642237 -0.074499 0.375682
v -0.398156 -0.024329 0.879744
v -0.398156 -0.024329 0.879744
v -0.403151 -0.033114 0.803117
v -0.403151 -0.033114 0.803117
v -0.393561 -0.027177 0.830422
v -0.434974 -0.054032 0.853855
v -0.392516 -0.023416 0.847338
v -0.378686 -0.108014 0.700531
v -0.400918 -0.030613 0.798923
v -0.400918 -0.030613 0.798923
v -0.313646 -0.188592 0.860851
v -0.410126 -0.031883 0.891732
v -0.410126 -0.031883 0.891732
v -0.442174 -0.058178 0.836397
v -0.442174 -0.058178 0.836397
v -0.445434 -0.065333 0.826966
v -0.445434 -0.065333 0.826966
v -0.458486 -0.082474 0.784053
v -0.402810 -0.027412 0.888342
v -0.460276 -0.073155 0.796252
v -0.460276 -0.073155 0.796252
v -0.456935 -0.131292 0.764492
v -0.395154 -0.025378 0.873545
v -0.395154 -0.025378 0.873545
v -0.427720 -0.048213 0.868339
v -0.427720 -0.048213 0.868339
v -0.403173 -0.151189 0.805223
v -0.398011 -0.031265 0.808834
v -0.398011 -0.031265 0.808834
v -0.398011 -0.031265 0.808834
v -0.422074 -0.142063 0.789500
v -0.401176 -0.033504 0.793845
v -0.401176 -0.033504 0.793845
v -0.401176 -0.033504 0.793845
v -0.460539 -0.078476 0.794396
v -0.460539 -0.078476 0.794396
v -0.352635 -0.173525 0.845256
v -0.426589 -0.046389 0.858619
v -0.441857 -0.135281 0.774627
v -0.419030 -0.039271 0.882650
v -0.455292 -0.069183 0.806689
v -0.371473 -0.163310 0.834008
v -0.371473 -0.163310 0.834008
v -0.432046 -0.048747 0.861359
v -0.432046 -0.048747 0.861359
v -0.383934 -0.159159 0.822305
v -0.640179 -0.067560 0.454009
v -0.638646 -0.061114 0.466241
v -0.636720 -0.055131 0.519390
v -0.638552 -0.064805 0.488988
v -0.638685 -0.061106 0.494674
v -0.638685 -0.061106 0.494674
v -0.637608 -0.057108 0.499413
v -0.628169 -0.044983 0.577066
v -0.595050 -0.019936 0.660139
v -0.575916 -0.009850 0.681859
v -0.602288 -0.024987 0.648301
v -0.605948 -0.028603 0.644186
v -0.609169 -0.030140 0.636245
v -0.612672 -0.033690 0.630892
v -0.616870 -0.035255 0.614787
v -0.589637 -0.017037 0.669251
v -0.599157 -0.023434 0.655509
v -0.627328 -0.045911 0.584706
v -0.624415 -0.044805 0.597677
v -0.620648 -0.039638 0.609714
v -0.620648 -0.039638 0.609714
v -0.629794 -0.049237 0.572760
v -0.584574 -0.014885 0.676830
v -0.618058 -0.115166 0.344745
v -0.240188 -0.362150 0.682677
v -0.240188 -0.362150 0.682677
v -0.240188 -0.362150 0.682677
v -0.448325 -0.057782 0.823304
v -0.586327 -0.050532 0.284178
v -0.468378 -0.296601 0.377444
v -0.242504 -0.372469 0.652038
v -0.239796 -0.376094 0.643489
v -0.238127 -0.374440 0.642521
v -0.239526 -0.371481 0.656361
v -0.304017 -0.188452 0.854885
v -0.481520 -0.287340 0.378305
v -0.241145 -0.390457 0.599862
v -0.308416 -0.164575 0.799312
v -0.406234 -0.034871 0.789719
v -0.403782 -0.032896 0.817236
v -0.341589 -0.133779 0.748105
v -0.450796 -0.065116 0.816196
v -0.333973 -0.182593 0.855720
v -0.553186 -0.225678 0.369576
v -0.299130 -0.178219 0.827323
v -0.225790 -0.323575 0.823853
v -0.225790 -0.323575 0.823853
v -0.323594 -0.186464 0.859844
v -0.227926 -0.321869 0.826035
v -0.227926 -0.321869 0.826035
v -0.233910 -0.343543 0.748651
v -0.642011 -0.069425 0.411107
v -0.425709 -0.123543 0.209342
v -0.357563 -0.244281 0.260602
v -0.333720 -0.274586 0.276031
v -0.241865 -0.393200 0.594799
v -0.241865 -0.393200 0.594799
v -0.243364 -0.397256 0.583710
v -0.247804 -0.425401 0.491200
v -0.247804 -0.425401 0.491200
v -0.246530 -0.424088 0.489968
v -0.246530 -0.424088 0.489968
v -0.250686 -0.423564 0.497059
v -0.250686 -0.423564 0.497059
v -0.230000 -0.342732 0.749068
v -0.237831 -0.360446 0.688885
v -0.242723 -0.399550 0.575131
v -0.242723 -0.399550 0.575131
v -0.226693 -0.333449 0.781493
v -0.249531 -0.423869 0.458412
v -0.226808 -0.329551 0.803322
v -0.240136 -0.368096 0.665529
v -0.229889 -0.335704 0.780409
v -0.231497 -0.345067 0.743809
v -0.245071 -0.416132 0.522164
v -0.231710 -0.338944 0.767386
v -0.228539 -0.332358 0.792728
v -0.245128 -0.406176 0.556211
v -0.254218 -0.407857 0.427721
v -0.251704 -0.415449 0.441402
v -0.257213 -0.397351 0.406948
v -0.231896 -0.347859 0.728140
v -0.247174 -0.419765 0.510793
v -0.247174 -0.419765 0.510793
v -0.234892 -0.348241 0.732201
v -0.243650 -0.411511 0.527969
v -0.242040 -0.383734 0.623010
v -0.242040 -0.383734 0.623010
v -0.243808 -0.409653 0.542381
v -0.245739 -0.411752 0.538438
v -0.224962 -0.326466 0.811814
v -0.224962 -0.326466 0.811814
v -0.224962 -0.326466 0.811814
v -0.239303 -0.379399 0.632962
v -0.427555 -0.062485 0.650384
v -0.424952 -0.069179 0.639642
v -0.424952 -0.069179 0.639642
v -0.418640 -0.046582 0.721486
v -0.464026 -0.082520 0.784235
v -0.394616 -0.021083 0.861512
v -0.394616 -0.021083 0.861512
v -0.403854 -0.032217 0.785873
v -0.403854 -0.032217 0.785873
v -0.411465 -0.146815 0.798522
v -0.393125 -0.155494 0.814267
v -0.368628 -0.165987 0.834133
v -0.368628 -0.165987 0.834133
v -0.639576 -0.064068 0.474674
v -0.639576 -0.064068 0.474674
v -0.638384 -0.059465 0.484685
v -0.638384 -0.059465 0.484685
v -0.638384 -0.059465 0.484685
v -0.634929 -0.054029 0.538754
v -0.397855 -0.027753 0.814739
v -0.397855 -0.027753 0.814739
v -0.526814 -0.251314 0.372511
v -0.359330 -0.121283 0.723939
v -0.223017 -0.315010 0.840047
v -0.245369 -0.402841 0.566567
v -0.240178 -0.352645 0.710110
v -0.247654 -0.427638 0.478918
v -0.248522 -0.415926 0.523834
v -0.377109 -0.161929 0.827945
v -0.632440 -0.050371 0.554743
v -0.229693 -0.340251 0.762293
v -0.227396 -0.335538 0.770164
v -0.227396 -0.335538 0.770164
v -0.224165 -0.319018 0.833744
v -0.250170 -0.428588 0.467025
v -0.250170 -0.428588 0.467025
v -0.250170 -0.428588 0.467025
v -0.262684 -0.409052 0.425260
v -0.236397 -0.353408 0.713709
v -0.336132 -0.269711 0.271682
v -0.242480 -0.401853 0.564571
v -0.235610 -0.358187 0.693246
v -0.235610 -0.358187 0.693246
v -0.234173 -0.353546 0.707854
v -0.237552 -0.364926 0.672424
v -0.583993 -0.051528 0.278930
v -0.616134 -0.037680 0.624221
v -0.642012 -0.069986 0.387202
v -0.642670 -0.073078 0.389658
v -0.399777 -0.092622 0.671718
v -0.347356 -0.257760 0.266242
v -0.372447 -0.222506 0.249500
v -0.408249 -0.158478 0.221542
v -0.360177 -0.369352 0.415550
v -0.439788 -0.317843 0.382063
v -0.439788 -0.317843 0.382063
f 832 4 1305
f 826 831 4
f 831 827 1
f 831 1 4
f 829 1 827
f 855 900 2
f 855 1312 900
f 285 1315 1008
f 984 345 6
f 1078 3 11
f 1356 470 239
f 1010 1082 523
f 519 838 300
f 492 601 323
f 6 210 324
f 7 1314 259
f 7 908 218
f 308 1079 535
f 1550 1725 548
f 1005 503 471
f 345 983 210
f 345 1309 1420
f 1590 1757 19
f 208 211 12
f 1017 15 211
f 1017 211 351
f 1017 1311 15
f 1017 13 1311
f 1498 1435 1317
f 13 1317 1473
f 1435 1039 1317
f 1039 1016 1317
f 1317 16 1473
f 1016 1022 1434
f 1434 1561 1185
f 1434 1497 1561
f 1185 1561 1240
f 1497 1126 1561
f 1126 1254 1561
f 1437 1021 1125
f 1437 1125 1126
f 1125 1210 1254
f 1125 1254 1126
f 1589 1125 1021
f 1589 1166 1210
f 1589 1210 1125
f 1021 1025 1589
f 1025 1030 1589
f 1589 1200 1166
f 1467 20 1070
f 1030 20 1200
f 20 974 1070
f 1440 28 1201
f 1440 1024 28
f 1024 1451 28
f 1026 1999 1024
f 1096 1562 1999
f 1096 1999 1026
f 2009 28 1451
f 1093 1562 1096
f 1093 1096 1060
f 2009 1461 28
f 1072 1461 2009
f 364 25 1476
f 1283 985 25
f 1486 1283 976
f 1486 976 1231
f 1958 1495 1214
f 1214 1495 1319
f 1214 1319 1310
f 1283 1486 1093
f 1972 1927 1930
f 1973 1931 1486
f 1974 1461 1072
f 974 1319 1155
f 974 1155 1482
f 974 1482 1070
f 1166 1467 18
f 1200 1467 1166
f 1485 1166 18
f 1210 1318 1254
f 1254 1240 1561
f 1240 1318 1182
f 1182 1175 1185
f 1185 1175 1477
f 1484 1185 1477
f 1311 1603 1295
f 1216 1311 1295
f 14 1127 1204
f 19 1309 1590
f 1420 1309 19
f 19 1664 983
f 1127 1216 1151
f 1484 1481 1206
f 1484 1477 1481
f 1477 1229 1481
f 1477 1175 1229
f 1318 1297 1175
f 1319 1495 1071
f 1208 1071 1495
f 1208 1558 1071
f 976 1218 1231
f 1954 2007 1950
f 976 1283 1602
f 1230 1557 2007
f 1230 2007 1954
f 1446 1602 1283
f 185 1223 364
f 1094 1186 1557
f 1946 1293 1493
f 1071 1493 1293
f 1155 1191 1482
f 1319 1071 1155
f 1070 1482 1068
f 1464 1095 1485
f 1297 1193 1260
f 1297 1229 1175
f 843 1238 1295
f 1204 1463 1664
f 840 1663 1409
f 840 983 1663
f 1660 959 1666
f 840 1409 1062
f 1663 1664 1409
f 1151 981 1463
f 843 981 1151
f 1068 914 1604
f 1193 1095 1260
f 1068 1482 914
f 1482 1191 914
f 1155 1257 1191
f 1271 1221 1094
f 1253 1597 1669
f 1963 2019 846
f 1460 2014 1966
f 1460 1668 2014
f 1187 2017 2001
f 1966 1932 1602
f 1221 1186 1094
f 1470 1320 1183
f 1470 1183 1458
f 852 1588 1063
f 881 884 1215
f 1183 1563 1276
f 1276 1596 1063
f 1276 1063 1183
f 1063 1471 882
f 1063 882 881
f 882 1471 1323
f 1913 1975 883
f 1285 1169 1975
f 1285 1190 1169
f 1285 22 1190
f 22 977 1190
f 1169 1190 1199
f 1169 1199 954
f 883 1975 1169
f 958 954 147
f 1455 915 914
f 917 915 1455
f 858 917 1170
f 858 1170 980
f 859 980 979
f 912 979 978
f 880 978 952
f 1474 978 1064
f 978 979 150
f 980 150 979
f 980 1170 151
f 1483 149 854
f 954 1199 147
f 1190 1918 1199
f 1154 1150 1067
f 1494 1774 1199
f 1192 1774 1494
f 1192 1633 1774
f 1459 2016 1948
f 1459 1241 2016
f 1189 1067 1276
f 1563 1217 1276
f 22 1937 977
f 1067 1150 1783
f 1067 1783 1276
f 1160 1595 1457
f 1160 1302 1595
f 1449 1302 1160
f 174 1157 1449
f 1449 161 1302
f 1302 1277 1637
f 1637 1252 1595
f 1217 1256 1299
f 1289 1288 1279
f 1289 1279 1774
f 2016 1241 1289
f 1633 1289 1774
f 1288 1294 1279
f 1475 1224 1967
f 2003 1279 1294
f 1475 1259 1224
f 1256 1217 1475
f 1475 1564 1259
f 1217 1564 1475
f 1252 30 1217
f 1251 1252 1277
f 1277 1252 1637
f 1251 1205 1252
f 1250 1492 1209
f 1261 30 1209
f 1261 1165 1158
f 1261 1158 1184
f 30 1184 1217
f 1184 1564 1217
f 1964 1173 1164
f 1965 1942 1273
f 1944 1156 1943
f 1564 1591 1945
f 1945 1487 1940
f 1591 1487 1945
f 1158 1280 1591
f 1280 1478 31
f 1280 1784 1591
f 1591 1784 1487
f 1487 1784 1469
f 1942 2002 1456
f 1273 1942 1456
f 1273 1456 1236
f 1321 1273 1236
f 1161 1321 1236
f 1601 1296 1448
f 1601 1448 1220
f 1202 27 1220
f 1265 27 1202
f 1265 21 1466
f 1168 1236 1454
f 1168 1454 1171
f 1236 24 1454
f 1469 1784 1566
f 2002 2010 1456
f 1599 1212 2011
f 1280 23 1478
f 1194 23 1280
f 1177 1628 23
f 1194 1177 23
f 1180 1177 1194
f 1290 1225 1177
f 1777 1258 1219
f 1301 1198 1225
f 1301 1225 1290
f 1163 1301 1290
f 1227 1163 1290
f 1227 1290 1181
f 1290 1177 1181
f 1174 1227 1181
f 1174 1181 1180
f 1174 1180 1472
f 1488 1174 1472
f 1488 1472 1165
f 1488 1165 1261
f 1488 1261 1209
f 1250 1209 1205
f 1174 1250 1227
f 1232 1250 1205
f 162 1232 1205
f 162 1228 1232
f 1781 1228 162
f 1781 1301 1228
f 160 1198 1301
f 160 1301 1781
f 160 158 1198
f 1777 1225 158
f 1225 1777 1219
f 1417 137 136
f 1643 137 1417
f 157 1643 1417
f 1262 1643 157
f 155 1262 1074
f 1128 1159 1770
f 1159 1405 1479
f 1405 975 1479
f 867 153 148
f 153 1404 1269
f 1269 154 1771
f 195 1775 1270
f 195 906 1775
f 1278 863 1239
f 863 860 1274
f 860 1776 1274
f 1066 27 1265
f 1066 1265 1635
f 1455 1634 1601
f 151 1170 1455
f 980 151 1066
f 980 1066 1635
f 150 980 1635
f 17 1064 150
f 1064 978 150
f 1235 1776 1064
f 1239 863 1772
f 1775 906 152
f 1639 1270 154
f 1639 154 1503
f 154 1404 1503
f 870 866 867
f 1686 971 1073
f 157 1074 1262
f 1417 136 970
f 970 136 972
f 947 1769 1687
f 1638 180 156
f 166 180 1638
f 166 1638 192
f 1123 1777 1124
f 1636 1124 158
f 1778 1636 158
f 163 2029 1779
f 163 1779 159
f 159 1781 1251
f 159 1251 1277
f 170 163 161
f 2029 170 1636
f 1636 170 165
f 170 1648 172
f 165 170 172
f 172 173 165
f 173 164 165
f 1122 1646 164
f 1122 164 173
f 1123 171 166
f 898 1687 1568
f 187 180 166
f 187 166 379
f 379 166 171
f 379 171 1647
f 379 1647 176
f 176 1647 167
f 176 167 179
f 1646 1647 1123
f 179 167 1122
f 179 1122 169
f 169 173 175
f 172 1648 1651
f 1065 174 1755
f 1755 174 1682
f 1753 169 177
f 176 178 1780
f 1754 1780 178
f 1754 181 377
f 1754 377 1780
f 181 187 377
f 187 182 180
f 183 180 182
f 889 1694 168
f 964 879 181
f 187 183 182
f 964 181 184
f 964 184 1091
f 1755 1092 1065
f 186 1755 1682
f 362 886 1092
f 887 177 362
f 890 887 362
f 189 186 368
f 368 1559 194
f 186 1682 368
f 194 1470 188
f 188 1470 1069
f 194 193 189
f 186 189 190
f 1092 190 363
f 892 997 362
f 892 1002 997
f 363 190 1002
f 1428 1002 190
f 360 189 193
f 189 360 1428
f 802 1501 997
f 998 890 1501
f 777 1428 360
f 360 193 1756
f 1756 196 1059
f 1044 353 1097
f 1681 353 196
f 1681 1097 353
f 1097 364 1044
f 358 364 1476
f 25 364 1223
f 353 1676 198
f 1059 198 1048
f 1059 1048 354
f 354 1756 1059
f 1696 1756 354
f 199 999 1430
f 999 1098 1051
f 999 1051 200
f 200 1000 999
f 352 1000 200
f 1013 352 200
f 203 352 1013
f 233 1000 352
f 233 352 203
f 320 233 203
f 231 320 202
f 1433 1013 1498
f 1013 200 1435
f 1435 200 1051
f 1435 1051 1014
f 1435 1014 1039
f 1014 1051 1098
f 1014 1098 1678
f 1039 1678 1016
f 987 1015 1678
f 1016 1015 1022
f 1015 987 1057
f 1015 1057 1022
f 1022 1057 1018
f 1057 1034 1018
f 1034 1497 1018
f 1033 1437 1497
f 1033 1497 1034
f 1033 1019 1437
f 1439 1037 1019
f 1439 1441 1020
f 1439 1020 1037
f 1020 1441 1436
f 1436 1441 1027
f 1030 1023 20
f 1436 1027 1496
f 1023 1440 1201
f 1023 1201 20
f 1438 1496 1027
f 1438 1027 1058
f 1026 1438 1058
f 985 1093 1060
f 1476 985 1102
f 1102 1060 1029
f 1096 1026 1058
f 1096 1058 1029
f 1036 1102 1029
f 1031 1029 1058
f 1027 1674 1028
f 1441 1674 1027
f 1040 1674 1672
f 1439 1019 1033
f 1442 1104 1032
f 1105 1442 1034
f 1057 1056 1105
f 1057 1105 1034
f 1105 1043 1038
f 1056 1043 1105
f 1056 1680 1043
f 1680 1673 1043
f 1680 1679 1673
f 1679 1099 1035
f 1679 1035 1673
f 1099 1044 1106
f 1099 1679 1047
f 1676 197 1099
f 1676 1099 1047
f 1046 1679 1680
f 987 1046 1056
f 987 1056 1057
f 1046 1680 1056
f 1677 1679 1046
f 1677 1047 1679
f 987 1678 1046
f 999 1049 1098
f 199 354 1048
f 199 1049 999
f 199 1048 1049
f 1048 1676 1047
f 1048 1047 1100
f 1049 1048 1100
f 1098 1049 1100
f 1098 1100 1678
f 1100 1046 1678
f 1046 1100 1677
f 1677 1100 1047
f 1099 197 1044
f 1044 358 1106
f 1106 358 1102
f 1106 1102 1036
f 1036 1029 1103
f 1101 1106 1036
f 1041 1675 1104
f 1043 1041 1038
f 1041 1673 1675
f 1035 1106 1673
f 1673 1101 1675
f 1101 1103 1675
f 1673 1106 1101
f 1043 1673 1041
f 1105 1038 1442
f 1442 1038 1104
f 1038 1041 1104
f 1672 1032 1104
f 1672 1104 1040
f 1104 1675 1040
f 1040 1675 1103
f 1040 1103 1674
f 1674 1031 1028
f 1103 1029 1031
f 1103 1031 1674
f 1101 1036 1103
f 1099 1106 1035
f 1442 1033 1034
f 1442 1032 1033
f 1032 1439 1033
f 1672 1439 1032
f 1439 1672 1441
f 1441 1672 1674
f 1028 1058 1027
f 1028 1031 1058
f 1060 1096 1029
f 1102 985 1060
f 1026 1024 1438
f 1438 1024 1440
f 1438 1440 1496
f 1496 1440 1023
f 1436 1496 1023
f 1436 1023 1030
f 1020 1436 1030
f 1020 1030 1025
f 1020 1025 1037
f 1037 1025 1021
f 1037 1021 1019
f 1437 1019 1021
f 1437 1126 1497
f 1022 1018 1497
f 1022 1497 1434
f 1678 1015 1016
f 1014 1678 1039
f 1013 1435 1498
f 203 1013 1433
f 202 203 1433
f 202 1433 1017
f 351 202 1017
f 322 231 202
f 204 351 211
f 229 322 204
f 349 204 208
f 1590 1309 207
f 324 210 226
f 226 210 205
f 205 215 347
f 347 214 1006
f 830 326 518
f 507 213 1003
f 984 356 1309
f 207 356 1061
f 349 207 1061
f 245 237 313
f 245 313 1061
f 907 1334 336
f 907 1332 1334
f 529 528 574
f 528 538 463
f 366 517 500
f 1356 628 470
f 621 630 528
f 359 1743 1554
f 1009 630 621
f 1515 327 628
f 856 249 851
f 1726 1724 1732
f 1421 10 1314
f 242 835 8
f 472 1042 524
f 769 332 1429
f 242 982 1499
f 242 903 835
f 957 1312 331
f 667 292 1749
f 850 630 1009
f 982 10 1421
f 1312 957 1422
f 459 506 520
f 1314 7 1421
f 1855 548 361
f 497 530 321
f 1412 1749 1744
f 219 287 469
f 237 1334 229
f 1334 316 229
f 316 231 229
f 316 774 231
f 1004 235 233
f 1329 1696 318
f 465 318 235
f 1004 465 235
f 435 279 774
f 371 774 316
f 1332 371 316
f 1332 316 1334
f 372 1929 319
f 372 350 1929
f 418 1335 1359
f 1339 1003 213
f 1820 1431 1916
f 1743 359 366
f 367 246 291
f 314 261 547
f 10 8 1314
f 1315 222 841
f 7 1419 908
f 526 459 520
f 1011 301 259
f 488 557 1374
f 1308 841 1306
f 1045 604 311
f 477 319 1924
f 1369 1819 625
f 835 1422 957
f 300 1314 8
f 851 9 331
f 338 332 261
f 1008 1079 285
f 581 473 307
f 259 1419 7
f 355 907 498
f 217 285 1079
f 499 849 618
f 255 297 1001
f 827 253 297
f 256 1001 253
f 297 253 1001
f 256 253 295
f 289 288 295
f 289 295 831
f 252 289 826
f 820 252 826
f 252 820 817
f 1382 901 280
f 429 280 1089
f 1382 1007 833
f 677 289 252
f 265 289 677
f 289 265 288
f 288 256 295
f 256 284 286
f 296 1001 286
f 1008 338 261
f 547 261 332
f 1500 838 837
f 557 1552 1328
f 5 1083 301
f 769 546 1720
f 296 546 769
f 519 957 838
f 769 1001 296
f 1729 286 284
f 1362 1110 761
f 263 284 288
f 265 263 288
f 265 677 419
f 266 300 838
f 648 252 1007
f 646 1007 1738
f 1738 1007 1382
f 1508 1382 280
f 400 681 415
f 432 415 267
f 267 415 1661
f 267 1661 814
f 267 814 269
f 269 432 267
f 269 814 811
f 269 811 271
f 411 1811 270
f 411 270 413
f 1811 811 986
f 1811 986 270
f 413 270 275
f 275 270 986
f 413 275 272
f 413 272 410
f 275 986 1055
f 410 272 273
f 410 273 457
f 275 1055 988
f 275 988 272
f 272 988 1583
f 273 1583 1658
f 273 1658 274
f 387 406 461
f 461 1812 989
f 461 989 387
f 387 277 386
f 387 989 1054
f 387 1054 277
f 1378 374 278
f 374 384 278
f 375 773 776
f 409 776 412
f 776 1655 412
f 375 802 773
f 998 278 384
f 383 1427 384
f 802 1002 773
f 278 1501 802
f 1655 803 779
f 779 777 1329
f 235 1430 999
f 235 999 1000
f 1430 1696 199
f 777 360 1696
f 779 803 777
f 996 798 818
f 996 818 1050
f 796 781 784
f 784 781 1427
f 890 362 1501
f 1501 362 997
f 783 1413 896
f 783 1077 1413
f 781 783 1427
f 785 792 1077
f 785 1077 783
f 781 785 783
f 781 996 785
f 1050 785 996
f 788 963 792
f 788 895 963
f 1925 818 788
f 797 895 788
f 818 797 788
f 793 797 818
f 1426 797 793
f 1426 994 797
f 794 805 1426
f 805 794 801
f 804 801 794
f 801 804 1695
f 1695 804 995
f 798 795 1695
f 795 799 1695
f 799 795 993
f 1325 800 1695
f 1656 1426 805
f 1656 994 1426
f 1656 931 994
f 1423 992 810
f 992 807 810
f 1656 928 931
f 1656 806 928
f 992 1425 807
f 1425 806 807
f 806 897 928
f 1425 1657 806
f 806 808 897
f 1108 1657 1425
f 808 1662 897
f 1108 816 1657
f 1054 1108 1425
f 1054 1425 1053
f 276 277 1054
f 276 1054 1053
f 1423 1052 992
f 1424 1052 385
f 992 1053 1425
f 992 1424 1053
f 1424 992 1052
f 1423 800 1052
f 385 1052 1325
f 800 1325 1052
f 993 1325 799
f 991 993 796
f 796 778 991
f 990 385 1324
f 1424 385 990
f 1053 1424 990
f 276 1053 990
f 809 816 1108
f 1107 815 816
f 1107 1658 1583
f 988 1107 1583
f 415 812 1661
f 415 681 812
f 681 417 1086
f 681 819 821
f 821 927 812
f 812 927 813
f 812 813 1661
f 813 926 1659
f 834 815 1107
f 816 815 1662
f 815 834 1684
f 926 836 1659
f 813 927 899
f 833 1007 817
f 911 1305 2
f 835 903 1422
f 835 957 519
f 1798 1744 1654
f 9 837 331
f 850 767 630
f 511 850 515
f 1306 1500 1308
f 841 305 1306
f 266 1500 305
f 1722 369 1005
f 261 314 502
f 1008 1315 338
f 1078 839 844
f 839 214 1665
f 1665 842 839
f 1665 840 842
f 840 1660 842
f 983 345 1420
f 214 215 1665
f 350 498 1929
f 305 1500 1306
f 1654 1744 1749
f 1499 1421 218
f 1078 301 1083
f 907 355 1332
f 218 1502 1499
f 350 355 498
f 11 839 1078
f 214 839 11
f 215 840 1665
f 215 210 840
f 210 983 840
f 842 1666 844
f 842 1660 1666
f 1062 1409 909
f 1664 1463 1409
f 1463 981 919
f 981 1407 919
f 916 843 1481
f 847 920 916
f 847 1229 920
f 1667 912 920
f 1260 912 1667
f 1260 1464 1692
f 1604 915 1464
f 1604 914 915
f 1293 1963 846
f 1293 958 1257
f 1293 846 958
f 2017 1187 1670
f 2017 1670 846
f 1671 1953 853
f 1671 853 1670
f 852 848 1588
f 853 1915 1410
f 914 1483 854
f 1692 858 859
f 859 858 980
f 912 859 979
f 880 912 978
f 1474 875 918
f 875 1064 874
f 918 874 923
f 923 874 872
f 872 959 909
f 1503 1404 1408
f 1408 973 1084
f 1415 973 866
f 868 1075 869
f 1405 869 870
f 1405 870 975
f 1686 1414 1416
f 1414 965 1416
f 965 1405 1416
f 965 868 869
f 965 869 1405
f 1415 1084 973
f 301 1078 1419
f 871 961 906
f 1080 961 871
f 960 1419 1078
f 1342 482 626
f 331 1312 851
f 956 876 1408
f 956 1408 1084
f 933 1084 903
f 930 948 878
f 1415 945 930
f 945 1415 1075
f 905 945 1075
f 1073 1089 1686
f 904 1073 934
f 937 972 936
f 947 902 972
f 898 1694 1685
f 1076 967 937
f 1418 967 1076
f 1693 1418 1076
f 877 1418 2021
f 934 1073 966
f 968 934 966
f 968 1074 969
f 1691 967 1418
f 968 1691 1418
f 967 972 937
f 972 33 947
f 1691 970 972
f 969 970 1691
f 969 1691 968
f 1417 970 969
f 969 1074 157
f 969 157 1417
f 966 1073 1074
f 1691 972 967
f 968 966 1074
f 1686 1416 971
f 922 965 1414
f 922 868 965
f 922 905 868
f 1415 866 1075
f 878 1415 930
f 878 1084 1415
f 868 905 1075
f 877 934 968
f 968 1418 877
f 950 938 1911
f 1917 879 885
f 885 879 964
f 888 885 964
f 888 964 1091
f 1427 894 939
f 891 951 1087
f 891 1087 894
f 896 1690 1427
f 1997 893 946
f 1413 946 896
f 1077 1088 1997
f 792 898 1088
f 792 1088 1077
f 963 898 792
f 940 902 1684
f 940 936 902
f 926 1085 1684
f 899 926 813
f 820 910 817
f 900 1422 929
f 900 1312 1422
f 671 425 1396
f 261 502 1746
f 1983 217 671
f 340 1307 1832
f 1345 483 328
f 293 329 549
f 5 301 1011
f 844 960 1078
f 218 1421 7
f 1720 314 547
f 771 317 521
f 535 1008 1746
f 1407 918 919
f 916 880 952
f 916 920 880
f 952 1474 916
f 1474 918 1407
f 923 909 919
f 906 959 873
f 500 542 550
f 1822 1748 1330
f 484 607 1432
f 610 321 1857
f 1308 837 9
f 338 1308 332
f 830 518 1836
f 1411 1080 1502
f 1080 844 961
f 959 906 961
f 961 1666 959
f 1080 960 844
f 1080 1411 960
f 547 332 1720
f 542 500 493
f 242 10 982
f 1429 9 255
f 933 876 956
f 933 956 1084
f 945 924 930
f 945 921 924
f 905 922 945
f 901 817 944
f 817 910 921
f 817 921 944
f 921 910 1090
f 955 930 925
f 955 925 1090
f 1090 910 953
f 901 1414 1686
f 935 1683 899
f 899 1683 1085
f 899 1085 926
f 821 819 927
f 953 911 955
f 910 832 953
f 927 819 932
f 927 932 935
f 927 935 899
f 898 947 1687
f 898 1685 942
f 942 1685 941
f 1689 941 950
f 1689 1917 1087
f 939 1688 888
f 894 1087 1688
f 1087 1917 885
f 951 1689 1087
f 951 943 1689
f 942 893 898
f 946 893 943
f 946 943 951
f 951 891 1690
f 946 951 1690
f 896 946 1690
f 895 994 947
f 943 893 942
f 943 942 1689
f 1689 942 941
f 894 1688 939
f 1087 885 1688
f 941 1685 938
f 941 938 950
f 902 936 972
f 940 937 936
f 1684 937 940
f 935 932 934
f 932 819 1086
f 1086 904 934
f 1086 1073 904
f 1086 1089 1073
f 901 944 1414
f 1910 1076 1683
f 1683 937 1684
f 1683 1076 937
f 1910 1683 935
f 935 934 877
f 932 1086 934
f 1683 1684 1085
f 901 1686 280
f 953 955 1090
f 955 900 930
f 900 929 930
f 903 242 933
f 1422 903 929
f 1090 925 924
f 921 1090 924
f 922 944 921
f 922 921 945
f 925 930 924
f 929 948 930
f 929 903 948
f 1500 837 1308
f 9 851 249
f 1307 266 305
f 918 923 919
f 875 874 918
f 923 872 909
f 920 912 880
f 1692 859 912
f 1692 917 858
f 1257 958 1191
f 1670 853 1410
f 1670 1410 954
f 846 1670 954
f 958 846 954
f 1464 915 917
f 1692 1464 917
f 1692 912 1260
f 916 1474 843
f 843 1474 1407
f 919 909 1409
f 1666 961 844
f 294 239 607
f 523 292 667
f 503 1045 507
f 1330 501 1331
f 370 576 1724
f 1342 626 1715
f 955 911 2
f 955 2 900
f 953 832 1305
f 953 1305 911
f 820 832 910
f 833 817 901
f 280 1686 1089
f 417 1089 1086
f 926 1684 836
f 836 1684 834
f 1662 1684 897
f 931 928 994
f 928 897 994
f 994 897 902
f 902 947 994
f 897 1684 902
f 895 947 963
f 963 947 898
f 1088 898 893
f 1088 893 1997
f 1690 894 1427
f 1690 891 894
f 1427 939 890
f 939 888 887
f 178 887 888
f 1091 184 178
f 1091 178 888
f 178 177 887
f 362 177 886
f 1688 885 888
f 1911 889 183
f 938 889 1911
f 1685 1694 889
f 1685 889 938
f 1693 1076 1910
f 1414 944 922
f 903 878 948
f 903 1084 878
f 1499 1408 876
f 1847 1719 849
f 1406 618 849
f 367 291 1012
f 1080 871 1502
f 1502 1639 1503
f 869 1075 870
f 1075 866 870
f 866 973 867
f 973 1408 1404
f 1502 871 1639
f 873 959 863
f 863 959 860
f 872 860 959
f 874 1776 872
f 1064 1776 874
f 875 1474 1064
f 1410 883 1169
f 1410 1169 954
f 1912 1913 883
f 881 1914 884
f 1915 883 1410
f 1953 1915 853
f 852 1215 2020
f 852 2020 1906
f 1907 1671 1670
f 1908 1670 1187
f 2017 846 2019
f 1597 2018 1669
f 1191 1483 914
f 1464 1260 1095
f 1667 920 1229
f 843 1407 981
f 919 1409 1463
f 909 959 1062
f 844 839 842
f 983 1664 1663
f 1499 1503 1408
f 1008 535 1079
f 1406 1715 618
f 332 1308 9
f 1011 259 1314
f 242 1499 876
f 1719 1847 326
f 1411 218 908
f 1305 1 2
f 820 826 832
f 826 4 832
f 831 295 827
f 829 827 856
f 297 856 827
f 856 851 855
f 851 1312 855
f 305 841 1307
f 549 329 462
f 876 933 242
f 856 855 829
f 289 831 826
f 1007 252 817
f 833 901 1382
f 429 1089 417
f 815 1684 1662
f 1661 813 1659
f 812 681 821
f 681 1086 819
f 1661 1659 814
f 1659 836 811
f 1659 811 814
f 836 834 986
f 836 986 811
f 986 834 1055
f 1055 834 988
f 834 1107 988
f 1107 816 1658
f 1658 816 274
f 274 816 809
f 1812 1905 989
f 989 1905 1054
f 1054 1905 1108
f 816 1662 1657
f 1657 1662 808
f 806 1657 808
f 807 806 1656
f 807 1656 810
f 810 1656 1423
f 1423 1656 805
f 800 1423 805
f 800 805 801
f 800 801 1695
f 1325 1695 799
f 993 795 796
f 798 1695 995
f 995 818 798
f 995 793 818
f 804 793 995
f 804 1426 793
f 804 794 1426
f 994 895 797
f 1925 788 792
f 1925 792 785
f 783 896 1427
f 1427 890 998
f 996 781 796
f 996 795 798
f 996 796 795
f 778 796 784
f 998 384 1427
f 998 1501 278
f 776 1002 803
f 1696 360 1756
f 1329 777 1696
f 776 803 1655
f 773 1002 776
f 784 1427 383
f 993 991 389
f 389 991 778
f 778 784 1752
f 278 802 375
f 414 1329 318
f 279 465 1004
f 435 414 465
f 371 435 774
f 355 435 371
f 355 371 1332
f 487 671 562
f 1396 562 671
f 1412 327 1987
f 1045 293 507
f 1348 219 1741
f 1431 1808 1926
f 1654 1749 325
f 1732 527 290
f 841 222 1307
f 332 9 1429
f 845 478 1741
f 838 331 837
f 8 835 519
f 518 326 1847
f 502 1716 1746
f 511 767 850
f 960 1411 1419
f 310 582 225
f 1718 510 514
f 296 1729 510
f 510 298 514
f 334 1337 489
f 298 1729 675
f 423 1718 514
f 357 459 549
f 671 217 308
f 1078 1083 3
f 1503 1499 1502
f 1341 564 1874
f 1341 623 564
f 482 1342 511
f 8 10 242
f 249 255 9
f 539 1338 1347
f 266 838 1500
f 841 1308 338
f 292 523 1431
f 546 314 1720
f 526 520 303
f 303 488 1109
f 1816 667 1872
f 769 1720 332
f 462 1313 548
f 1731 1081 308
f 1386 767 452
f 1345 1347 1338
f 261 1746 1008
f 1315 841 338
f 1419 259 301
f 420 304 427
f 509 521 317
f 213 549 1335
f 300 8 519
f 292 1782 325
f 1502 218 1411
f 1743 366 497
f 523 1082 1431
f 1431 299 292
f 1732 607 1726
f 962 598 1722
f 526 1359 459
f 1748 467 367
f 1728 302 311
f 443 468 670
f 426 509 501
f 312 526 522
f 1876 1728 1923
f 1876 1855 361
f 546 1343 314
f 302 329 293
f 366 359 517
f 294 541 239
f 290 601 281
f 623 1516 1862
f 357 506 459
f 1340 623 1862
f 564 623 1340
f 516 1336 225
f 303 520 1552
f 488 1552 557
f 1005 1741 1722
f 1732 294 607
f 771 1724 576
f 1042 1722 598
f 1316 1744 1922
f 311 241 1728
f 541 294 1985
f 1863 1995 1921
f 427 575 420
f 767 615 452
f 1916 1431 1846
f 530 565 1874
f 476 1345 456
f 453 1333 578
f 1922 1432 1316
f 328 456 1345
f 330 456 424
f 633 330 475
f 424 451 330
f 475 451 427
f 521 509 323
f 427 304 475
f 311 604 524
f 550 542 561
f 496 1708 1717
f 1708 333 775
f 566 450 452
f 490 627 624
f 486 335 536
f 333 674 335
f 335 428 536
f 569 450 1652
f 767 1386 630
f 568 1362 569
f 1506 1382 645
f 1511 1508 429
f 1384 429 460
f 640 441 665
f 339 466 441
f 1379 1734 445
f 445 1113 341
f 341 1113 395
f 395 642 341
f 642 395 394
f 395 391 394
f 394 672 1366
f 342 440 402
f 402 380 342
f 342 1751 634
f 403 619 637
f 619 403 343
f 343 620 619
f 438 620 343
f 438 343 404
f 1735 1378 632
f 1735 632 344
f 1378 346 1514
f 408 437 346
f 477 348 319
f 437 1736 464
f 464 1372 437
f 573 1920 1984
f 601 544 323
f 369 503 1005
f 1328 1552 1725
f 1728 1313 329
f 281 321 610
f 636 1750 601
f 516 1328 1550
f 317 501 509
f 462 506 357
f 292 325 1749
f 604 472 524
f 293 1045 302
f 1358 585 475
f 424 1731 1344
f 674 455 428
f 222 1832 1307
f 1881 464 2004
f 633 545 476
f 1345 476 545
f 422 458 455
f 475 551 633
f 494 585 481
f 481 474 494
f 775 333 335
f 474 481 584
f 474 584 768
f 490 479 627
f 1542 1551 1546
f 2004 464 1877
f 1853 1870 1980
f 1708 775 1717
f 908 1419 1411
f 492 636 601
f 309 630 1386
f 424 556 447
f 584 453 768
f 1713 660 491
f 660 1387 624
f 1548 1362 568
f 490 624 1549
f 1362 1386 569
f 495 474 768
f 578 504 768
f 768 504 495
f 1988 464 315
f 464 1881 1986
f 500 550 563
f 1862 1516 1986
f 504 505 592
f 592 613 504
f 613 508 1346
f 508 613 1721
f 508 551 1346
f 1716 1326 480
f 508 513 551
f 513 545 551
f 513 830 1347
f 513 1347 545
f 1877 464 1988
f 1706 447 556
f 225 1336 463
f 495 494 474
f 439 532 1344
f 615 1342 577
f 311 524 241
f 575 451 447
f 1374 557 525
f 962 1722 219
f 1348 1842 913
f 1012 1758 367
f 1844 1864 1838
f 1985 294 1866
f 489 485 534
f 1758 1748 367
f 1554 525 557
f 323 291 492
f 1722 1741 219
f 1003 503 507
f 771 576 317
f 281 601 1750
f 291 509 1012
f 574 528 1336
f 1876 1313 1728
f 540 1879 1873
f 536 428 670
f 1003 471 503
f 497 321 525
f 281 1750 321
f 1516 464 1986
f 359 1554 1727
f 1875 962 1848
f 312 522 246
f 206 1977 501
f 1841 1042 1880
f 1741 478 1348
f 246 522 1109
f 1750 636 531
f 426 1758 1012
f 290 610 1732
f 303 1552 488
f 500 530 366
f 370 1724 1742
f 472 1045 503
f 472 604 1045
f 549 459 1335
f 845 1741 1005
f 462 1725 506
f 680 493 449
f 680 542 493
f 538 449 493
f 561 542 680
f 492 1374 636
f 225 463 283
f 524 1849 241
f 1724 1726 1742
f 1330 1758 501
f 493 283 463
f 510 1718 1343
f 1981 913 1842
f 1798 1654 1802
f 1824 1431 1926
f 1341 1874 629
f 1349 629 565
f 1352 1349 563
f 1350 1653 1352
f 1653 1553 1352
f 1653 553 1553
f 553 1353 1553
f 1351 552 631
f 1353 622 552
f 553 1367 1353
f 553 555 1354
f 1354 1517 1367
f 560 554 555
f 1355 1365 554
f 559 1357 1355
f 1357 637 1355
f 553 1653 555
f 558 555 1653
f 1874 565 629
f 1996 478 845
f 566 533 504
f 1386 452 569
f 1358 420 1337
f 627 282 624
f 1845 1839 1867
f 1731 439 1344
f 1360 1723 490
f 673 1745 1718
f 217 1079 308
f 1360 1548 1723
f 761 309 1386
f 568 569 1652
f 1362 761 1386
f 764 1546 1394
f 1394 538 309
f 449 766 680
f 572 682 680
f 1361 682 572
f 571 1361 572
f 679 1361 1363
f 1525 684 570
f 571 1114 1363
f 571 1363 1361
f 766 449 1551
f 1717 775 584
f 1551 1394 1546
f 1919 1431 1824
f 451 575 427
f 578 768 453
f 1548 1360 579
f 583 579 1360
f 579 583 580
f 579 580 1110
f 764 1110 1546
f 764 761 1110
f 579 1110 1362
f 1115 571 1544
f 1544 766 1551
f 1115 1114 571
f 586 1545 1114
f 1547 1545 586
f 1547 570 1545
f 1547 586 590
f 1115 1539 586
f 1538 1542 1546
f 765 1538 580
f 765 580 583
f 587 486 536
f 1360 763 583
f 583 763 765
f 711 1542 1541
f 1541 1542 1538
f 711 1536 1542
f 1536 1544 1542
f 595 586 1539
f 595 590 586
f 1543 1547 590
f 685 589 1705
f 1543 1397 685
f 590 1397 1543
f 865 595 1539
f 1536 710 865
f 687 711 1541
f 1399 591 765
f 1399 765 594
f 730 1399 1540
f 1538 591 1541
f 1393 1540 594
f 1328 1725 1550
f 1540 1393 596
f 1537 1383 650
f 692 730 597
f 1537 650 651
f 1533 1537 651
f 1533 651 1535
f 691 692 597
f 691 597 1533
f 1535 1401 1533
f 599 1401 1535
f 696 1401 599
f 696 1534 694
f 1530 653 1506
f 722 709 697
f 722 697 1530
f 722 1530 602
f 698 722 602
f 760 698 602
f 760 602 1531
f 1903 2005 726
f 726 2005 603
f 2005 1392 603
f 1392 666 603
f 1116 1520 605
f 700 1528 606
f 606 1528 1524
f 1403 1524 1526
f 1519 1526 1524
f 1403 1526 1402
f 703 1402 1398
f 608 1398 1402
f 1704 589 1398
f 1398 589 864
f 589 685 864
f 706 864 685
f 1397 686 706
f 865 686 590
f 865 752 686
f 710 857 865
f 715 712 1400
f 695 715 1400
f 1400 690 695
f 690 730 692
f 762 715 695
f 1401 691 1533
f 720 715 762
f 720 762 693
f 723 720 693
f 723 693 696
f 789 723 696
f 696 694 789
f 789 702 729
f 727 729 702
f 702 1534 697
f 697 1534 600
f 733 697 709
f 735 733 709
f 735 709 759
f 759 709 748
f 1901 748 751
f 750 751 748
f 701 699 726
f 726 1527 701
f 603 1527 726
f 603 666 1527
f 1527 1116 1529
f 1527 1529 701
f 701 1529 708
f 708 700 705
f 742 708 705
f 742 705 736
f 736 1403 704
f 725 862 707
f 720 725 707
f 724 823 861
f 823 857 861
f 823 713 857
f 1117 744 824
f 714 1117 824
f 782 753 828
f 740 782 828
f 740 828 825
f 740 825 716
f 825 828 714
f 825 714 822
f 1890 729 727
f 728 782 740
f 727 697 737
f 728 754 782
f 728 731 754
f 731 770 1698
f 731 1698 754
f 732 770 731
f 737 697 733
f 732 757 770
f 732 734 757
f 734 758 757
f 734 1701 758
f 1701 772 758
f 1701 755 772
f 1896 1902 755
f 739 772 755
f 755 745 739
f 739 742 741
f 736 791 742
f 741 742 791
f 741 791 787
f 787 791 786
f 770 757 756
f 757 780 756
f 739 741 772
f 772 741 780
f 758 772 780
f 757 758 780
f 780 741 787
f 780 787 756
f 770 756 1698
f 1698 756 753
f 754 1698 753
f 782 754 753
f 753 756 1117
f 756 787 1117
f 787 786 744
f 857 713 752
f 713 1697 752
f 747 701 708
f 747 708 739
f 747 739 745
f 1902 1900 755
f 1900 745 755
f 745 1900 747
f 1899 747 1900
f 699 747 1899
f 701 747 699
f 739 708 742
f 736 704 786
f 786 703 1504
f 786 1504 744
f 1504 864 706
f 744 1504 706
f 744 706 743
f 1697 743 686
f 736 786 791
f 2022 1896 755
f 2022 733 1896
f 1895 733 2022
f 1894 733 1895
f 1894 737 733
f 1894 1893 737
f 1892 737 1893
f 1892 727 737
f 1892 1898 727
f 1898 1890 727
f 717 825 822
f 1890 738 729
f 718 822 719
f 719 721 823
f 1897 718 719
f 1897 719 790
f 738 789 729
f 738 1904 789
f 790 725 1891
f 1904 723 789
f 721 713 823
f 719 823 724
f 725 719 724
f 790 719 725
f 719 822 721
f 822 714 721
f 714 713 721
f 714 824 713
f 717 822 718
f 1897 717 718
f 716 717 1897
f 716 825 717
f 828 753 714
f 753 1117 714
f 787 744 1117
f 743 824 744
f 743 1697 824
f 1697 713 824
f 724 861 862
f 725 724 862
f 1891 725 720
f 707 712 715
f 712 862 687
f 862 861 687
f 687 861 711
f 861 857 711
f 857 710 711
f 752 865 857
f 707 862 712
f 707 715 720
f 1697 686 752
f 743 706 686
f 1504 703 864
f 703 1398 864
f 1529 605 700
f 700 606 705
f 705 606 1403
f 705 1403 736
f 704 1403 703
f 1402 703 1403
f 786 704 703
f 708 1529 700
f 1903 726 699
f 699 1899 1889
f 699 1889 1903
f 750 722 698
f 750 748 722
f 748 709 722
f 697 727 702
f 789 694 702
f 693 1401 696
f 693 762 1401
f 762 691 1401
f 762 695 691
f 691 695 692
f 692 695 690
f 690 1399 730
f 1400 689 1399
f 1400 1399 690
f 1541 689 688
f 688 687 1541
f 711 710 1536
f 865 590 595
f 1400 688 689
f 1400 712 688
f 712 687 688
f 686 1397 590
f 706 685 1397
f 1398 608 1704
f 589 1704 1705
f 1547 1705 1525
f 683 1525 1705
f 1522 683 1705
f 1357 559 683
f 679 1395 678
f 561 680 682
f 1361 679 682
f 1363 684 1395
f 683 559 684
f 679 1363 1395
f 764 1394 309
f 682 678 561
f 679 678 682
f 684 559 1395
f 617 1368 1518
f 609 1364 617
f 1521 1522 609
f 1521 1518 1522
f 616 609 611
f 616 1375 609
f 608 616 611
f 1526 616 608
f 1519 616 1526
f 1524 1380 1519
f 1528 1523 1524
f 605 1523 1528
f 605 612 1523
f 1520 612 605
f 614 1366 1523
f 1524 1523 1380
f 1523 1366 1380
f 612 1366 614
f 612 1377 1366
f 1520 1385 612
f 1364 1513 617
f 617 1513 1368
f 1365 619 1370
f 1513 637 1368
f 342 634 635
f 635 1375 616
f 1377 642 1366
f 1379 341 1385
f 1379 1385 656
f 638 669 1112
f 669 441 1112
f 665 441 669
f 1390 644 643
f 1991 1883 1381
f 1390 1714 644
f 1384 1714 1711
f 1384 1711 1511
f 1506 1712 1382
f 1510 649 1387
f 1387 1549 624
f 530 563 565
f 649 1393 763
f 596 1510 650
f 651 650 1713
f 651 1713 1507
f 1535 651 1507
f 1535 1507 599
f 653 661 1712
f 1506 653 1712
f 1506 1532 1530
f 1532 1506 662
f 1531 668 654
f 1531 654 1994
f 1392 1388 666
f 657 654 1505
f 657 1505 663
f 1884 436 1388
f 1527 1509 1116
f 666 1388 1527
f 1388 1509 1527
f 434 655 1388
f 434 1388 436
f 655 656 1509
f 1509 656 1385
f 1509 1385 1520
f 1391 656 655
f 658 1391 434
f 658 434 659
f 1391 665 669
f 1989 665 1391
f 1989 1391 658
f 1992 1990 1885
f 664 1886 1389
f 1888 663 1714
f 662 1506 1508
f 599 648 1534
f 650 1510 660
f 662 1711 1505
f 434 1389 659
f 655 434 1391
f 434 436 1389
f 657 663 1888
f 1884 664 1389
f 1884 1389 436
f 663 1505 1711
f 1534 661 600
f 660 1713 650
f 1387 660 1510
f 1507 1713 337
f 1507 648 599
f 1711 662 1508
f 1714 663 1711
f 1888 1714 1390
f 664 1993 1886
f 1885 1887 1992
f 1509 1388 655
f 1994 654 657
f 1392 1884 1388
f 654 668 662
f 654 662 1505
f 668 1532 662
f 653 600 661
f 596 650 1383
f 1510 596 1393
f 649 1510 1393
f 1549 649 763
f 490 1549 1360
f 480 448 454
f 649 1549 1387
f 1534 648 646
f 1534 646 661
f 1712 661 1382
f 1506 645 1508
f 1711 1508 1511
f 644 1714 1384
f 1381 1883 1882
f 1989 640 665
f 1379 445 341
f 642 394 1366
f 1391 669 638
f 1391 638 656
f 656 638 1379
f 1385 341 642
f 1385 642 1377
f 1512 672 342
f 672 1512 1380
f 672 1380 1366
f 1512 635 1380
f 1512 342 635
f 1375 635 634
f 634 1364 1375
f 634 1513 1364
f 1365 1354 554
f 1365 1370 1354
f 1373 1370 620
f 1370 1373 1517
f 344 622 1367
f 552 632 631
f 631 632 1376
f 1376 1514 1341
f 1517 1373 344
f 622 344 632
f 632 1378 1376
f 1376 1378 1514
f 620 438 1373
f 344 1367 1517
f 552 622 632
f 1341 1514 623
f 1514 346 623
f 623 346 1372
f 1349 1351 629
f 1371 1376 1341
f 629 631 1376
f 629 1376 1371
f 1351 631 629
f 328 483 425
f 767 511 1342
f 1836 1347 830
f 1836 539 1347
f 563 530 500
f 1109 522 303
f 1822 418 467
f 1843 1998 3
f 1715 626 1860
f 1516 1372 464
f 623 1372 1516
f 1367 622 1353
f 1517 1354 1370
f 619 620 1370
f 637 1365 1355
f 637 619 1365
f 1518 1368 1357
f 1368 637 1357
f 1364 609 1375
f 635 616 1519
f 635 1519 1380
f 612 1385 1377
f 612 614 1523
f 1509 1520 1116
f 1522 1704 608
f 1522 608 611
f 611 609 1522
f 527 1724 290
f 1522 1518 683
f 617 1521 609
f 617 1518 1521
f 1518 1357 683
f 570 1547 1525
f 1705 1547 1543
f 1522 1705 1704
f 1402 1526 608
f 606 1524 1403
f 605 1528 700
f 1529 1116 605
f 602 1532 668
f 602 668 1531
f 602 1530 1532
f 697 653 1530
f 697 600 653
f 694 1534 702
f 1534 696 599
f 1537 1533 597
f 597 730 1537
f 730 1383 1537
f 730 1540 596
f 730 596 1383
f 1393 594 763
f 591 1538 765
f 1536 1539 1544
f 689 1541 591
f 1540 1399 594
f 1399 689 591
f 1536 865 1539
f 685 1705 1543
f 1539 1115 1544
f 594 765 763
f 1549 763 1360
f 1538 1110 580
f 1538 1546 1110
f 586 1114 1115
f 1551 1542 1544
f 1345 1338 483
f 458 1326 1745
f 607 484 1726
f 1548 579 1362
f 621 528 529
f 1823 1922 1744
f 1544 572 766
f 1544 571 572
f 1545 1363 1114
f 570 1363 1545
f 683 684 1525
f 1363 570 684
f 1876 361 1313
f 680 766 572
f 1716 502 1745
f 439 480 532
f 1723 567 652
f 452 615 533
f 516 225 582
f 450 566 1333
f 504 578 566
f 483 1840 425
f 1983 487 1868
f 1349 565 563
f 1350 1352 563
f 1350 563 550
f 425 1840 1396
f 464 581 315
f 464 473 581
f 678 550 561
f 550 678 558
f 560 555 558
f 678 560 558
f 1395 560 678
f 1395 559 560
f 559 1355 560
f 1355 554 560
f 554 1354 555
f 1367 553 1354
f 1353 552 1351
f 1352 1351 1349
f 1352 1553 1351
f 1351 1553 1353
f 1653 1350 558
f 550 558 1350
f 629 1371 1341
f 1924 319 1929
f 1924 307 477
f 1909 1805 1851
f 473 477 307
f 671 487 1983
f 1866 294 1732
f 1987 1817 1412
f 1861 598 1875
f 219 1348 913
f 239 1316 607
f 1728 329 302
f 667 1010 523
f 1919 299 1431
f 1316 1432 607
f 557 1328 1727
f 962 1875 598
f 507 293 213
f 323 544 521
f 1854 219 469
f 1499 982 1421
f 370 206 317
f 771 521 544
f 545 633 551
f 551 475 585
f 1346 585 494
f 613 1346 494
f 1346 551 585
f 534 512 1707
f 545 1347 1345
f 5 1825 2025
f 1708 593 1707
f 489 1337 420
f 1923 1728 241
f 1724 527 1732
f 1865 1005 471
f 1849 524 1841
f 557 1727 1554
f 601 290 544
f 1009 1806 850
f 1550 1871 516
f 667 1749 1412
f 1858 1813 1982
f 1725 1552 520
f 1316 1412 1744
f 303 522 526
f 771 544 1724
f 548 1725 462
f 293 549 213
f 1109 488 492
f 1758 1330 1748
f 370 317 576
f 1515 1878 327
f 1817 1872 1412
f 1359 1335 459
f 285 1800 1979
f 1715 1860 618
f 467 418 1359
f 517 310 283
f 1978 1011 1314
f 1850 1852 1807
f 1010 667 1816
f 615 577 533
f 5 2025 1083
f 670 428 306
f 1727 582 310
f 1708 334 489
f 444 1733 468
f 479 584 775
f 424 1344 556
f 472 369 1722
f 1782 292 299
f 588 425 1081
f 1822 467 1748
f 1358 1337 481
f 538 493 463
f 424 588 1731
f 1859 1837 1814
f 1005 1996 845
f 505 533 577
f 222 1315 1979
f 366 530 497
f 764 309 761
f 567 1327 1333
f 219 913 287
f 1551 449 1394
f 311 302 1045
f 652 567 479
f 1744 1798 1823
f 217 1983 1800
f 1333 1652 450
f 531 525 321
f 1333 1327 1652
f 485 543 534
f 225 283 310
f 422 1326 458
f 1708 496 334
f 1550 548 1871
f 327 470 628
f 1654 325 1802
f 503 369 472
f 309 538 528
f 11 3 1998
f 567 1333 453
f 592 537 1721
f 1715 1406 537
f 849 1721 1406
f 454 1730 1706
f 453 479 567
f 775 486 479
f 652 479 490
f 488 1374 492
f 1818 325 1782
f 543 420 575
f 291 323 509
f 524 1042 1841
f 671 1081 425
f 450 569 452
f 481 585 1358
f 517 283 493
f 484 1742 1726
f 1846 1431 1082
f 630 309 528
f 1316 239 327
f 535 1746 439
f 463 1336 528
f 439 1716 480
f 543 485 420
f 448 480 1326
f 556 454 1706
f 512 422 455
f 512 534 448
f 424 456 588
f 1978 1314 300
f 1708 489 593
f 593 489 534
f 627 486 587
f 326 508 1719
f 1719 508 1721
f 849 1719 1721
f 1721 613 592
f 838 957 331
f 505 577 592
f 568 1723 1548
f 652 490 1723
f 1802 325 1818
f 327 1412 1316
f 1431 1820 1808
f 525 1554 1743
f 471 1003 1869
f 548 1313 361
f 526 312 1359
f 1356 239 541
f 1743 497 525
f 426 1012 509
f 1842 1348 478
f 206 501 317
f 598 1880 1042
f 1725 520 506
f 1871 548 1856
f 246 367 312
f 312 367 467
f 516 1727 1328
f 329 1313 462
f 452 533 566
f 1750 531 321
f 335 486 775
f 290 1724 544
f 462 357 549
f 310 359 1727
f 1042 472 1722
f 962 219 1848
f 582 1727 516
f 913 1981 287
f 290 281 610
f 1109 291 246
f 1866 1732 610
f 1758 426 501
f 636 1374 531
f 1359 312 467
f 451 475 330
f 266 1976 300
f 1854 1848 219
f 489 420 485
f 1327 568 1652
f 949 2025 1843
f 513 326 830
f 486 627 479
f 326 513 508
f 494 495 613
f 495 504 613
f 525 531 1374
f 239 470 327
f 493 500 517
f 1976 1307 340
f 1843 1083 949
f 505 504 533
f 517 359 310
f 667 1412 1872
f 282 627 587
f 1733 587 536
f 1109 492 291
f 479 453 584
f 660 624 491
f 1713 491 337
f 491 624 282
f 568 567 1723
f 448 422 512
f 1337 334 481
f 1342 615 767
f 1800 285 217
f 1372 346 437
f 473 1736 348
f 473 348 477
f 372 414 435
f 319 378 414
f 378 319 348
f 373 378 348
f 437 412 1736
f 404 1735 438
f 403 384 376
f 382 1751 380
f 381 440 391
f 1120 1649 391
f 784 1751 382
f 1121 1752 382
f 276 1650 386
f 387 386 406
f 392 1119 1650
f 385 388 1120
f 1649 389 1121
f 388 1649 1120
f 406 639 390
f 1700 406 1111
f 391 392 393
f 395 392 391
f 395 1113 1119
f 395 1119 392
f 1113 390 1119
f 641 1112 466
f 641 466 397
f 1821 398 1699
f 1821 1699 1828
f 339 397 466
f 1821 446 398
f 1112 1700 1734
f 445 1734 1113
f 441 466 1112
f 460 417 399
f 1118 749 746
f 1118 746 396
f 1702 400 432
f 405 1703 647
f 647 1703 407
f 1827 401 641
f 1112 641 401
f 1112 401 647
f 1700 1112 647
f 1700 407 406
f 1703 1747 410
f 1703 410 457
f 1703 457 407
f 407 461 406
f 407 457 461
f 430 1709 416
f 1833 1830 1747
f 269 271 1829
f 269 1709 432
f 400 399 681
f 399 417 681
f 1710 677 648
f 1710 1737 419
f 1737 676 419
f 282 1733 444
f 431 263 676
f 421 443 298
f 298 443 442
f 423 306 458
f 1718 502 314
f 578 1333 566
f 556 1344 454
f 447 451 424
f 1730 454 448
f 536 670 468
f 1739 282 444
f 333 1708 1707
f 337 1739 1710
f 1507 1710 648
f 661 1738 1382
f 433 1737 1739
f 455 674 512
f 431 676 1737
f 1326 1716 1745
f 423 458 673
f 1739 1737 1710
f 1508 645 1382
f 532 454 1344
f 443 670 442
f 1745 673 458
f 1342 537 577
f 568 1327 567
f 458 306 455
f 306 423 670
f 442 670 423
f 468 421 444
f 443 421 468
f 1716 439 1746
f 444 421 431
f 433 444 431
f 674 333 512
f 1740 2023 1834
f 2024 1833 405
f 405 1747 1703
f 405 1833 1747
f 1835 1702 432
f 1835 432 1709
f 429 417 460
f 646 1738 661
f 1507 337 1710
f 1739 444 433
f 1326 422 448
f 496 481 334
f 335 674 428
f 588 328 425
f 328 588 456
f 1707 512 333
f 308 535 439
f 1718 423 673
f 442 423 514
f 442 514 298
f 1081 1731 588
f 575 447 1706
f 421 298 675
f 421 675 431
f 431 675 263
f 263 675 284
f 1729 284 675
f 1710 419 677
f 646 648 1007
f 432 400 415
f 1709 269 1829
f 1709 1829 416
f 1831 411 413
f 1830 413 1747
f 1747 413 410
f 647 407 1700
f 401 2024 405
f 401 405 647
f 396 2023 1740
f 1827 2024 401
f 746 400 1702
f 746 2023 396
f 746 749 400
f 400 749 399
f 398 460 399
f 1699 398 399
f 1699 399 749
f 1828 1699 749
f 1828 749 1118
f 641 397 1933
f 641 1933 1827
f 1734 1700 1111
f 1734 1111 390
f 1734 390 1113
f 391 393 1120
f 381 402 440
f 392 385 393
f 1111 406 390
f 639 386 390
f 390 386 1119
f 1119 386 1650
f 393 385 1120
f 1121 382 402
f 1649 388 389
f 392 1650 385
f 406 386 639
f 1324 1650 990
f 385 1650 1324
f 389 388 993
f 1121 389 1752
f 382 1752 784
f 1751 383 403
f 784 383 1751
f 1649 1121 381
f 1649 381 391
f 1121 402 381
f 382 380 402
f 403 376 343
f 343 376 404
f 384 404 376
f 375 409 408
f 373 412 1329
f 373 1329 378
f 437 409 412
f 378 1329 414
f 404 374 1378
f 384 374 404
f 1378 375 408
f 409 437 408
f 412 373 1736
f 372 435 350
f 1799 1011 1978
f 1011 1825 5
f 214 11 1998
f 308 1081 671
f 502 1718 1745
f 537 1406 1721
f 350 435 355
f 319 414 372
f 373 348 1736
f 346 1378 408
f 404 1378 1735
f 1373 438 344
f 438 1735 344
f 1751 403 637
f 1751 637 1513
f 634 1751 1513
f 342 380 1751
f 440 342 672
f 394 391 672
f 391 440 672
f 638 1734 1379
f 1112 1734 638
f 640 339 441
f 1882 446 1821
f 643 398 446
f 1883 446 1882
f 643 644 398
f 644 1384 460
f 644 460 398
f 1384 1511 429
f 337 491 1739
f 491 282 1739
f 534 543 1730
f 433 431 1737
f 282 587 1733
f 1730 543 575
f 456 330 476
f 633 476 330
f 306 428 455
f 496 584 481
f 1717 584 496
f 537 1342 1715
f 592 577 537
f 1976 266 1307
f 300 1976 1978
f 1736 473 464
f 949 1083 2025
f 1061 313 349
f 336 237 245
f 336 1334 237
f 1979 1832 222
f 536 468 1733
f 1825 1011 1799
f 1998 1006 214
f 534 1707 593
f 1358 304 420
f 480 454 532
f 538 1394 449
f 1730 575 1706
f 534 1730 448
f 1358 475 304
f 1731 308 439
f 1718 314 1343
f 298 510 1729
f 510 1343 296
f 1343 546 296
f 435 465 279
f 465 414 318
f 779 1329 412
f 412 1655 779
f 409 375 776
f 1378 278 375
f 403 383 384
f 389 778 1752
f 388 1325 993
f 385 1325 388
f 1650 276 990
f 277 276 386
f 461 457 273
f 461 273 1812
f 273 272 1583
f 1508 280 429
f 648 677 252
f 419 676 265
f 676 263 265
f 286 1729 296
f 1429 255 769
f 769 255 1001
f 1001 256 286
f 288 284 256
f 253 827 295
f 856 297 255
f 255 249 856
f 215 214 347
f 774 279 231
f 279 1004 231
f 318 1430 235
f 1696 1430 318
f 233 235 1000
f 320 1004 233
f 231 1004 320
f 229 231 322
f 237 229 204
f 237 204 313
f 215 205 210
f 210 6 345
f 984 6 1815
f 1590 207 1757
f 204 211 208
f 1757 349 208
f 349 1757 207
f 345 984 1309
f 356 207 1309
f 1979 1315 285
f 3 1083 1843
f 313 204 349
f 322 202 351
f 322 351 204
f 320 203 202
f 1696 354 199
f 1044 197 353
f 196 353 198
f 196 198 1059
f 1048 198 1676
f 1676 353 197
f 364 358 1044
f 1102 358 1476
f 193 196 1756
f 803 1428 777
f 803 1002 1428
f 802 997 1002
f 1002 892 363
f 1092 363 892
f 189 1428 190
f 368 194 189
f 194 188 196
f 193 194 196
f 196 188 1681
f 1681 185 1097
f 364 1097 185
f 1681 1069 185
f 188 1069 1681
f 190 1755 186
f 1092 1755 190
f 892 362 1092
f 890 939 887
f 368 1682 365
f 365 1457 368
f 1449 1160 365
f 1682 174 1449
f 177 175 886
f 886 1065 1092
f 1682 1449 365
f 178 1753 177
f 184 181 1754
f 184 1754 178
f 181 183 187
f 181 1911 183
f 889 180 183
f 2030 1826 1797
f 2031 187 379
f 176 2031 379
f 178 176 179
f 178 179 1753
f 179 169 1753
f 177 169 175
f 175 1651 886
f 886 1651 1065
f 1065 1157 174
f 1648 161 1157
f 1065 1648 1157
f 1651 1648 1065
f 175 172 1651
f 173 172 175
f 169 1122 173
f 1122 167 1646
f 167 1647 1646
f 1647 171 1123
f 180 889 168
f 1694 898 168
f 180 168 1322
f 1646 1123 164
f 164 1123 1124
f 164 1124 165
f 165 1124 1636
f 170 2029 163
f 1648 170 161
f 161 163 159
f 161 159 1302
f 1302 159 1277
f 162 1205 1251
f 1251 1781 162
f 1779 1781 159
f 1779 160 1781
f 1778 158 160
f 2029 160 1779
f 1124 1777 158
f 1123 191 1777
f 1123 166 191
f 180 1322 156
f 1074 1073 155
f 1416 1405 1159
f 973 153 867
f 870 867 1167
f 973 1404 153
f 871 195 1270
f 871 1270 1639
f 871 906 195
f 873 152 906
f 860 872 1776
f 152 873 863
f 1404 154 1269
f 152 863 1278
f 1235 1064 17
f 150 1635 17
f 1634 854 1601
f 149 1298 854
f 147 1450 1263
f 958 147 149
f 147 1199 1450
f 1199 1774 1450
f 1450 1774 1321
f 1450 1321 1168
f 147 1263 1282
f 1282 1298 147
f 854 1298 1296
f 1601 854 1296
f 1466 1233 1635
f 1468 1235 1152
f 1235 1233 1152
f 1468 1152 1465
f 1465 1152 21
f 1171 1444 1168
f 1628 1599 23
f 1490 1258 191
f 191 192 1489
f 192 156 1489
f 1643 129 137
f 1162 129 1643
f 971 1452 1462
f 1768 1245 1452
f 1128 1768 1452
f 1768 1453 1245
f 139 1234 26
f 144 133 126
f 133 1179 126
f 1773 1179 133
f 1773 44 1179
f 1641 1178 132
f 1565 141 1197
f 132 1772 1641
f 132 142 1278
f 139 209 1640
f 209 139 26
f 1640 209 1632
f 1631 1632 1629
f 1631 1629 1644
f 1770 1631 1644
f 1128 1452 971
f 1128 1770 1630
f 1159 1479 1770
f 1479 975 138
f 148 1632 1167
f 148 146 1632
f 153 1269 1640
f 1269 1642 139
f 1269 1771 1642
f 1642 1771 139
f 1771 143 139
f 1239 132 1278
f 1274 141 1641
f 201 1773 133
f 140 201 144
f 140 144 143
f 143 1771 140
f 138 1167 1631
f 1770 138 1631
f 1631 1167 1632
f 1632 146 1640
f 201 145 1773
f 142 1773 145
f 132 1239 1772
f 1235 1468 1776
f 141 1776 1468
f 1274 1776 141
f 1772 863 1274
f 1278 145 152
f 145 1775 152
f 140 1270 1775
f 1771 154 140
f 1775 201 140
f 1641 1772 1274
f 1278 142 145
f 145 201 1775
f 1269 139 1640
f 153 1640 146
f 153 146 148
f 138 975 1167
f 1770 1479 138
f 1262 1255 1447
f 1262 1447 1643
f 33 1769 947
f 1255 135 1447
f 1255 155 135
f 1128 1630 1768
f 1630 1770 1644
f 1632 134 1629
f 1632 209 134
f 139 143 1234
f 144 201 133
f 1641 141 1565
f 141 1468 1197
f 1197 1465 1560
f 1207 131 21
f 1172 1282 1195
f 29 1454 1244
f 1443 1961 1600
f 1244 1454 1951
f 1961 1212 1600
f 1593 1600 1628
f 1219 1268 1225
f 1258 1489 51
f 1489 1258 1490
f 156 1213 1489
f 1568 1769 123
f 1769 33 223
f 137 1623 136
f 129 1623 137
f 155 1196 135
f 971 1462 1196
f 1462 1452 1196
f 1452 1245 1222
f 1245 1453 1626
f 1245 1626 1222
f 1453 1266 1626
f 26 128 134
f 1627 26 1234
f 126 1627 144
f 1300 1178 1620
f 1178 1641 1565
f 1300 132 1178
f 1300 142 132
f 1560 1445 1286
f 131 1207 1188
f 1263 1598 1195
f 1242 1961 1443
f 1243 1242 1443
f 1491 29 1211
f 212 1282 1172
f 1448 1296 1203
f 1448 1203 1303
f 1296 1282 212
f 1286 1445 1275
f 1281 1248 130
f 1296 212 1203
f 1272 212 1195
f 1272 1195 1598
f 1444 1491 1598
f 220 36 1569
f 220 1569 1247
f 220 1247 1292
f 220 1292 1593
f 1292 1247 1243
f 168 1568 1594
f 1162 124 129
f 135 124 1162
f 1196 1452 35
f 1627 128 26
f 1627 1291 128
f 1249 1197 1480
f 1560 1286 1287
f 1567 1286 1275
f 130 1592 127
f 1248 1176 1592
f 1248 1592 130
f 1176 1264 1592
f 1303 1264 1176
f 1303 1203 1264
f 1226 1211 1569
f 2013 1786 1801
f 46 49 1593
f 1284 51 46
f 168 1594 1148
f 1594 1568 1148
f 129 125 1623
f 124 125 129
f 1246 122 135
f 224 1196 1622
f 35 1622 1196
f 35 1624 1622
f 1452 37 35
f 1149 1624 37
f 1452 1222 37
f 37 1222 1149
f 1149 216 1767
f 1149 1222 1626
f 1149 1626 216
f 1626 128 216
f 1625 126 1179
f 221 1625 1179
f 44 221 1179
f 227 1300 1620
f 1565 1249 47
f 1178 1565 47
f 1249 1480 1138
f 1287 1480 1560
f 247 1275 1580
f 1580 127 1587
f 1592 1264 127
f 1570 1621 1272
f 1570 1272 1598
f 49 1787 1593
f 36 43 1573
f 49 43 1787
f 46 45 49
f 32 67 51
f 1568 1146 1148
f 1148 1146 48
f 223 54 1769
f 125 1141 1623
f 1556 55 1141
f 1556 1141 125
f 122 1788 1556
f 1555 118 122
f 1571 1577 1555
f 1571 39 1577
f 1622 1624 1571
f 1622 1571 1555
f 216 39 121
f 39 216 57
f 1291 42 58
f 126 1625 42
f 1625 221 1579
f 221 59 1579
f 221 44 59
f 120 1139 44
f 1139 120 228
f 1620 75 227
f 1624 1149 1767
f 1622 1555 224
f 135 122 124
f 122 1556 124
f 124 1556 125
f 122 1246 224
f 1624 1767 121
f 1624 121 1571
f 1767 216 121
f 216 1291 57
f 126 42 1291
f 120 1300 227
f 47 117 1620
f 47 1249 116
f 116 1249 230
f 1249 1138 230
f 41 1138 1480
f 41 1480 1287
f 247 1287 1567
f 127 63 1587
f 127 1264 64
f 127 64 63
f 1203 1621 1147
f 1572 1226 1573
f 1586 1584 43
f 1136 45 46
f 1585 65 1136
f 1585 1136 46
f 32 1213 67
f 1213 38 1761
f 38 40 1762
f 40 73 1762
f 40 250 73
f 250 98 73
f 48 78 250
f 1145 77 48
f 48 1146 1145
f 1145 1144 79
f 1144 1143 79
f 1143 262 79
f 1146 1153 1143
f 1143 1131 262
f 1153 1568 50
f 50 258 1765
f 50 34 258
f 34 84 258
f 53 84 34
f 53 1132 87
f 53 93 86
f 53 52 93
f 52 86 93
f 52 1608 88
f 94 1608 52
f 1142 257 94
f 56 1142 54
f 1142 90 257
f 1142 1574 90
f 1574 1766 90
f 119 1574 54
f 1574 91 1766
f 1574 1141 91
f 1788 1575 91
f 55 91 1141
f 122 118 1788
f 1555 1577 118
f 1571 121 39
f 57 58 92
f 58 251 92
f 96 1606 42
f 96 42 1625
f 1576 1607 96
f 1625 1609 1605
f 1625 1605 1576
f 59 260 1579
f 60 80 260
f 1139 60 59
f 228 60 1139
f 228 1129 60
f 1578 1130 228
f 1581 95 1578
f 75 1581 120
f 61 62 70
f 62 230 68
f 62 68 70
f 62 116 230
f 75 1620 117
f 75 120 227
f 47 61 117
f 47 62 61
f 116 62 47
f 41 97 230
f 1147 1570 1137
f 1137 1573 43
f 1137 43 1582
f 1584 1582 43
f 65 108 1586
f 1585 1612 65
f 67 1585 51
f 67 1135 232
f 1135 115 103
f 115 69 114
f 115 66 69
f 1135 1213 66
f 66 1759 69
f 1761 66 1213
f 1761 1759 66
f 268 69 1759
f 268 1759 1761
f 68 1789 1810
f 97 243 248
f 100 1611 243
f 105 1611 247
f 106 63 1615
f 107 64 1264
f 1147 1137 1619
f 1147 1619 99
f 1619 1582 1584
f 1619 1584 101
f 108 101 1584
f 108 1584 1586
f 1612 108 65
f 244 1612 1585
f 102 1612 244
f 102 232 112
f 102 67 232
f 232 113 112
f 103 232 1135
f 114 1613 103
f 114 103 115
f 1613 243 104
f 243 97 100
f 1789 248 114
f 243 114 248
f 243 1613 114
f 243 1611 104
f 104 1611 105
f 105 247 240
f 240 247 1580
f 240 1580 1587
f 63 106 1587
f 106 1615 236
f 1615 107 236
f 1615 64 107
f 107 238 1616
f 107 1616 236
f 107 99 238
f 238 101 1645
f 238 1645 1616
f 238 99 101
f 108 1612 109
f 1612 1617 109
f 109 234 1616
f 236 1616 1803
f 236 1803 110
f 110 1614 240
f 110 240 236
f 113 1618 111
f 113 111 112
f 1618 104 1614
f 1613 104 1618
f 1613 1618 113
f 103 1613 113
f 103 113 232
f 112 111 1617
f 111 110 1803
f 111 1804 1617
f 1617 1804 109
f 102 112 1617
f 1612 102 1617
f 110 111 1618
f 110 1618 1614
f 236 240 106
f 109 1616 1645
f 108 109 1645
f 101 108 1645
f 240 1587 106
f 1614 105 240
f 104 105 1614
f 67 102 244
f 99 1619 101
f 1147 99 107
f 63 64 1615
f 41 1611 100
f 97 41 100
f 97 248 230
f 1134 1610 70
f 38 1762 71
f 71 72 2015
f 1762 1763 72
f 1790 1760 61
f 1790 61 1610
f 71 2015 1936
f 70 1610 61
f 61 1760 74
f 98 1796 1133
f 1130 1578 95
f 76 250 264
f 78 1764 250
f 1131 81 262
f 1765 81 1131
f 1765 1131 50
f 260 2028 85
f 82 260 85
f 1794 1609 83
f 87 1791 84
f 87 84 53
f 1605 1609 1794
f 1934 1605 1794
f 1605 1607 1576
f 1934 1607 1605
f 1934 1793 1607
f 1132 53 86
f 1793 1795 1606
f 1606 96 1607
f 86 52 88
f 1606 1140 42
f 1608 254 1606
f 1608 1606 1795
f 1608 94 257
f 1608 257 254
f 91 251 1766
f 1575 118 1577
f 1575 251 91
f 1575 92 251
f 251 90 1766
f 90 251 257
f 251 58 89
f 251 89 257
f 257 89 254
f 89 1140 254
f 254 1140 1606
f 1793 1606 1607
f 258 1792 1765
f 84 1792 258
f 83 82 85
f 1791 1792 84
f 1609 82 83
f 1609 1579 82
f 82 1579 260
f 2028 260 81
f 260 80 81
f 81 80 79
f 81 79 262
f 79 80 77
f 79 77 1145
f 80 60 1129
f 80 1129 77
f 77 1129 78
f 77 78 48
f 1129 228 2027
f 1129 1764 78
f 228 1130 2027
f 264 250 1764
f 1809 2027 1130
f 1130 95 1809
f 98 250 76
f 98 76 1796
f 76 264 1796
f 1581 75 95
f 75 1935 95
f 73 98 1133
f 73 1763 1762
f 73 1133 1763
f 75 2026 1935
f 75 74 2026
f 2026 74 1760
f 1790 2026 1760
f 1762 72 71
f 1761 38 71
f 1761 71 1936
f 1134 68 1810
f 1936 268 1761
f 1134 70 68
f 230 248 68
f 68 248 1789
f 1135 66 115
f 1213 1135 67
f 244 1585 67
f 1136 65 1586
f 1137 1582 1619
f 1147 107 1203
f 1203 107 1264
f 41 230 1138
f 61 74 117
f 75 117 74
f 1578 120 1581
f 120 1578 228
f 59 60 260
f 1625 1579 1609
f 1625 1576 96
f 1140 58 42
f 1140 89 58
f 39 57 92
f 39 92 1575
f 1575 1577 39
f 118 1575 1788
f 1574 119 1141
f 54 1574 56
f 1142 56 1574
f 1142 94 54
f 54 94 123
f 94 52 123
f 53 123 52
f 123 53 34
f 1568 34 50
f 1153 50 1131
f 1153 1131 1143
f 1146 1143 1144
f 1146 1144 1145
f 1148 48 250
f 1148 250 40
f 51 1585 46
f 45 1136 1586
f 45 1586 49
f 49 1586 43
f 1570 1572 1573
f 1570 1573 1137
f 1621 1570 1147
f 1611 1287 247
f 41 1287 1611
f 47 1620 1178
f 44 1139 59
f 57 1291 58
f 224 1555 122
f 1141 119 1623
f 1623 119 223
f 119 54 223
f 1769 54 123
f 168 1148 40
f 1213 40 38
f 36 1573 1569
f 1569 1573 1226
f 1598 1237 1226
f 1598 1226 1572
f 1570 1598 1572
f 212 1272 1621
f 212 1621 1203
f 1580 130 127
f 1275 130 1580
f 1567 1275 247
f 1287 1286 1567
f 120 44 1300
f 126 1291 1627
f 216 128 1291
f 35 37 1624
f 1196 224 1246
f 1623 223 33
f 1568 123 34
f 1258 51 1284
f 1568 1153 1146
f 168 40 1213
f 1284 46 1268
f 1268 46 1593
f 1962 1569 1211
f 1226 1237 1211
f 1172 1195 212
f 1281 130 1275
f 1445 1267 1281
f 1480 1197 1560
f 1565 1197 1249
f 44 142 1300
f 128 1266 134
f 1626 1266 128
f 1623 33 136
f 1489 1213 32
f 32 51 1489
f 1219 1258 1284
f 1219 1284 1268
f 1292 1243 1593
f 1962 29 1960
f 1247 1242 1243
f 1962 1211 29
f 1491 1211 1237
f 1491 1237 1598
f 1248 131 1176
f 131 1248 1267
f 1281 1267 1248
f 1445 1281 1275
f 131 1188 1176
f 1188 1303 1176
f 1188 1448 1303
f 1598 1263 1444
f 1960 29 1244
f 1491 1444 29
f 1282 1263 1195
f 1267 21 131
f 1445 1465 1267
f 1465 1445 1560
f 135 1196 1246
f 135 1162 1447
f 1243 1443 1593
f 1593 1443 1600
f 1171 1454 29
f 1444 1171 29
f 1220 1448 1188
f 1202 1220 1188
f 1207 1202 1188
f 1465 21 1267
f 1468 1465 1197
f 142 44 1773
f 1627 143 144
f 1234 143 1627
f 134 209 26
f 1644 1629 134
f 1644 134 1266
f 1453 1644 1266
f 1630 1644 1453
f 1630 1453 1768
f 155 971 1196
f 1447 1162 1643
f 1322 168 1213
f 191 1489 1490
f 1268 1593 1177
f 1593 1628 1177
f 1628 1600 1599
f 1600 1212 1599
f 1454 24 1951
f 1263 1168 1444
f 1282 1296 1298
f 1233 1466 1152
f 1235 17 1233
f 1265 1466 1635
f 27 1601 1220
f 1304 1321 1279
f 1304 1965 1273
f 1304 1273 1321
f 1956 1965 1304
f 1956 1304 1279
f 1774 1279 1321
f 149 147 1298
f 1455 1601 27
f 151 1455 27
f 151 27 1066
f 1233 17 1635
f 1270 140 154
f 867 148 1167
f 975 870 1167
f 1416 1159 1128
f 971 1416 1128
f 1073 971 155
f 1262 155 1255
f 136 33 972
f 1687 1769 1568
f 1638 156 192
f 166 192 191
f 1198 158 1225
f 1228 1301 1163
f 1228 1163 1232
f 1232 1163 1227
f 1232 1227 1250
f 1174 1492 1250
f 1488 1492 1174
f 1488 1209 1492
f 1165 1194 1280
f 1165 1280 1158
f 1165 1180 1194
f 1472 1180 1165
f 1181 1177 1180
f 898 1568 168
f 156 1322 1213
f 1777 191 1258
f 1268 1177 1225
f 1478 23 1599
f 1478 1599 1785
f 1785 1599 2012
f 1456 2010 1951
f 1456 1951 24
f 1236 1456 24
f 1236 1168 1161
f 1207 1265 1202
f 1265 1207 21
f 1152 1466 21
f 1263 1450 1168
f 1321 1161 1168
f 1940 1487 1469
f 1941 2002 1942
f 1184 1158 1591
f 1184 1591 1564
f 1564 1945 1259
f 30 1261 1184
f 1209 30 1252
f 1205 1209 1252
f 1563 1252 1217
f 1595 1252 1563
f 1256 1475 1299
f 1299 1475 1971
f 1299 1971 1970
f 1299 1970 1959
f 1241 1288 1289
f 1959 2000 1299
f 1302 1637 1595
f 1157 161 1449
f 1160 1457 365
f 1559 368 1457
f 1457 1320 1559
f 1457 1183 1320
f 1183 1457 1563
f 1457 1595 1563
f 1217 1189 1276
f 1299 2000 1189
f 1299 1189 1217
f 2000 1949 1189
f 1189 1949 1154
f 1189 1154 1067
f 1192 1494 1939
f 1939 1494 1938
f 1938 1494 1199
f 1938 1199 1918
f 1483 958 149
f 914 854 1634
f 978 1474 952
f 917 1455 1170
f 1455 914 1634
f 1191 958 1483
f 1783 1968 1596
f 1276 1783 1596
f 1968 1471 1596
f 1969 1323 1471
f 1596 1471 1063
f 1458 1183 1063
f 1063 881 1215
f 1063 1215 852
f 1063 1588 1458
f 1559 1320 1470
f 194 1559 1470
f 1069 1470 1458
f 185 1069 1446
f 1069 1458 1446
f 1460 1966 1602
f 1460 1602 1446
f 1446 1458 1460
f 1588 848 1947
f 1588 1947 1460
f 1458 1588 1460
f 1253 1271 1597
f 1271 1253 1221
f 1955 1963 1293
f 1955 1293 1946
f 1071 1293 1257
f 1071 1257 1155
f 1297 1260 1667
f 1297 1667 1229
f 1229 847 916
f 1229 916 1481
f 1238 843 1151
f 840 1062 959
f 840 959 1660
f 1204 1151 1463
f 1238 1151 1295
f 1206 843 1295
f 1481 843 1206
f 1193 1297 1318
f 1485 1095 1193
f 1485 18 1464
f 18 1604 1464
f 2008 2006 1493
f 1558 1493 1071
f 2006 1946 1493
f 1094 1557 1230
f 1932 1957 1602
f 1446 1283 1223
f 185 1446 1223
f 25 1223 1283
f 1602 1957 976
f 1957 1218 976
f 1954 1950 1958
f 1958 1950 1495
f 1467 1070 1068
f 1467 1068 1604
f 18 1467 1604
f 1210 1485 1193
f 1210 1193 1318
f 1182 1318 1175
f 1473 1484 1206
f 1473 1206 1603
f 1603 1206 1295
f 1216 1295 1151
f 1127 1151 1204
f 983 1420 19
f 19 1757 1664
f 1757 1204 1664
f 1757 14 1204
f 14 12 1127
f 12 15 1127
f 15 1216 1127
f 15 1311 1216
f 13 1603 1311
f 13 1473 1603
f 1473 16 1484
f 16 1185 1484
f 1240 1182 1185
f 1254 1318 1240
f 1166 1485 1210
f 28 1319 974
f 28 1461 1319
f 1310 1319 1461
f 1486 1952 1973
f 1486 1231 1952
f 1476 25 985
f 1283 1093 985
f 1928 1562 1093
f 1201 28 974
f 974 20 1201
f 1467 1200 20
f 1030 1200 1589
f 1434 1185 16
f 1016 1434 16
f 1016 16 1317
f 1498 1317 13
f 1433 1498 13
f 1433 13 1017
f 211 15 12
f 14 208 12
f 208 14 1757
f 829 855 2
f 1 829 2
f 4 1 1305