v 0.075849 -0.396740 -0.399692
v 0.334057 -0.199584 -0.398332
v 0.344125 -0.159712 -0.396783
v 0.358926 -0.062612 -0.576781
v 0.417306 -0.085218 -0.449471
v -0.023857 -0.033913 -0.821535
v -0.023936 -0.031154 -0.821115
v 0.429954 -0.234436 -0.345490
v 0.317945 0.072419 -0.625688
v 0.223412 -0.091211 -0.607728
v 0.080960 -0.469183 -0.348672
v 0.431190 0.016617 -0.348680
v 0.157913 -0.467434 -0.294207
v 0.198602 0.057085 -0.728459
v 0.286664 -0.340129 -0.473500
v 0.378614 -0.333420 -0.326534
v 0.324748 -0.184521 -0.406887
v 0.271617 -0.281254 -0.414397
v 0.336539 0.068631 -0.603196
v 0.176582 -0.173460 -0.644015
v 0.254657 -0.423785 -0.334823
v 0.249256 -0.429563 -0.323790
v 0.401303 -0.199524 -0.439626
v 0.443883 -0.207705 -0.331934
v 0.357997 0.059158 -0.553611
v 0.213227 -0.146426 -0.749398
v 0.273127 -0.250269 -0.445771
v 0.446750 0.026791 -0.368106
v 0.161442 -0.214328 -0.630627
v 0.410907 -0.240563 -0.385494
v 0.131917 -0.254673 -0.710915
v 0.311977 -0.040905 -0.665516
v 0.192702 -0.000866 -0.650192
v 0.461225 0.020803 -0.330443
v 0.298667 -0.003441 -0.691026
v 0.277196 0.019030 -0.716400
v 0.329516 -0.007212 -0.415130
v 0.081976 -0.471529 -0.339412
v 0.023356 -0.411162 -0.369607
v 0.016464 -0.391516 -0.418658
v 0.017285 -0.393917 -0.411350
v 0.015704 -0.388986 -0.425946
v 0.052577 -0.454969 -0.322339
v 0.056196 -0.458948 -0.317051
v -0.026912 -0.048168 -0.813513
v -0.027270 -0.054408 -0.811433
v -0.027533 -0.060817 -0.809210
v -0.027535 -0.067416 -0.806717
v -0.027317 -0.073933 -0.804274
v -0.026893 -0.080468 -0.801597
v -0.026412 -0.086940 -0.798749
v -0.025923 -0.093377 -0.795708
v 0.017339 -0.199807 -0.794558
v 0.014904 -0.193843 -0.797193
v 0.012227 -0.187372 -0.799963
v 0.009595 -0.180772 -0.802516
v 0.006847 -0.173792 -0.805130
v 0.004328 -0.166751 -0.807490
v -0.000054 -0.152559 -0.811490
v 0.002054 -0.159651 -0.809627
v -0.014385 -0.098363 -0.822105
v -0.016007 -0.090571 -0.822544
v -0.017843 -0.082848 -0.822566
v -0.019611 -0.075075 -0.822473
v -0.021211 -0.067201 -0.822331
v -0.022560 -0.059216 -0.822236
v -0.023310 -0.051693 -0.822024
v -0.026094 -0.037666 -0.815859
v -0.023884 -0.038568 -0.821761
v 0.021693 -0.209992 -0.789733
v 0.019600 -0.205196 -0.792066
v 0.025795 -0.218118 -0.785352
v 0.023785 -0.214270 -0.787482
v 0.027111 -0.224734 -0.778872
v 0.030132 -0.243307 -0.758442
v 0.029259 -0.237272 -0.765200
v 0.030978 -0.249358 -0.751548
v 0.031799 -0.255382 -0.744431
v 0.084018 -0.483957 -0.287036
v 0.083923 -0.482075 -0.295234
v 0.083752 -0.485671 -0.279395
v -0.024172 -0.130303 -0.775064
v -0.024713 -0.118253 -0.782518
v -0.024489 -0.124258 -0.778971
v -0.024978 -0.112119 -0.786108
v -0.023698 -0.044683 -0.821861
v -0.025556 -0.034010 -0.816550
v 0.020482 -0.400339 -0.389365
v 0.021994 -0.402336 -0.382335
v 0.032486 -0.261319 -0.737313
v 0.035225 -0.285046 -0.707978
v 0.034565 -0.279303 -0.715237
v -0.017743 -0.196785 -0.721175
v -0.018265 -0.191284 -0.726364
v -0.018914 -0.185476 -0.731728
v -0.019598 -0.179489 -0.737124
v -0.020851 -0.166840 -0.747691
v -0.021591 -0.160405 -0.752877
v -0.022292 -0.154107 -0.757749
v -0.022843 -0.148107 -0.762284
v -0.023369 -0.142113 -0.766731
v -0.023878 -0.136081 -0.771035
v -0.015668 -0.218016 -0.700270
v -0.015422 -0.223122 -0.695028
v -0.016035 -0.212784 -0.705515
v 0.040449 -0.315421 -0.666712
v 0.039618 -0.310727 -0.673360
v 0.038796 -0.306013 -0.679950
v 0.037782 -0.301055 -0.686797
v -0.011010 -0.259301 -0.653415
v -0.010140 -0.264900 -0.646423
v -0.011752 -0.254001 -0.659960
v -0.012588 -0.248751 -0.666344
v -0.013343 -0.243604 -0.672439
v -0.014025 -0.238586 -0.678298
v -0.015070 -0.228359 -0.689603
v -0.014649 -0.233486 -0.684065
v 0.045718 -0.346693 -0.619298
v 0.044916 -0.342351 -0.626259
v 0.044122 -0.337979 -0.633155
v 0.041973 -0.324671 -0.653325
v 0.041272 -0.320106 -0.659992
v -0.007503 -0.281743 -0.624575
v -0.006616 -0.287262 -0.617170
v -0.008481 -0.276086 -0.632039
v -0.005702 -0.292742 -0.609683
v -0.003834 -0.303411 -0.594668
v -0.002847 -0.308596 -0.587193
v -0.004750 -0.298164 -0.602110
v -0.001919 -0.313627 -0.579847
v -0.009302 -0.270499 -0.639299
v 0.052547 -0.379816 -0.562411
v 0.051620 -0.375771 -0.569717
v 0.050696 -0.371704 -0.576968
v 0.049783 -0.367607 -0.584182
v 0.048138 -0.359370 -0.598344
v 0.047284 -0.355144 -0.605435
v 0.046435 -0.350887 -0.612465
v 0.076193 -0.458021 -0.387096
v 0.055703 -0.392057 -0.539704
v 0.054648 -0.388016 -0.547337
v 0.056865 -0.396167 -0.531831
v 0.058129 -0.400338 -0.523697
v 0.064085 -0.417694 -0.488390
v 0.062567 -0.413355 -0.497456
v 0.061038 -0.408980 -0.506427
v 0.069333 -0.434309 -0.451369
v 0.068346 -0.430373 -0.460566
v 0.002698 -0.334242 -0.547600
v 0.001555 -0.329064 -0.556110
v 0.013025 -0.377404 -0.457850
v 0.012466 -0.373829 -0.466715
v 0.014133 -0.383701 -0.441087
v 0.010688 -0.366264 -0.484657
v 0.006095 -0.349046 -0.520827
v 0.007184 -0.353628 -0.511806
v 0.008419 -0.357955 -0.502721
v 0.009506 -0.362205 -0.493725
v 0.004921 -0.344274 -0.529909
v 0.003815 -0.339308 -0.538851
v 0.011586 -0.370098 -0.475767
v 0.074040 -0.451544 -0.406202
v 0.073028 -0.448400 -0.415206
v 0.072053 -0.445126 -0.424148
v 0.071144 -0.441721 -0.433093
v 0.075102 -0.454750 -0.396840
v 0.077445 -0.461205 -0.377105
v 0.078695 -0.464121 -0.367360
v 0.079908 -0.466806 -0.357822
v 0.018223 -0.396107 -0.404018
v 0.019202 -0.398235 -0.396682
v 0.014941 -0.386506 -0.433240
v 0.013608 -0.380707 -0.449207
v 0.049095 -0.450764 -0.327736
v 0.045699 -0.446217 -0.333524
v 0.059856 -0.462791 -0.311760
v 0.063526 -0.466626 -0.306039
v 0.067072 -0.470400 -0.300042
v 0.083751 -0.480119 -0.303696
v 0.083494 -0.478091 -0.312395
v 0.082337 -0.485002 -0.275869
v 0.083172 -0.475937 -0.321331
v 0.082686 -0.473737 -0.330371
v 0.042255 -0.441345 -0.339443
v 0.038601 -0.436187 -0.345208
v 0.034871 -0.430986 -0.350325
v 0.031266 -0.425788 -0.355191
v 0.027847 -0.420565 -0.360384
v 0.022421 -0.407053 -0.373423
v 0.025166 -0.415662 -0.365256
v 0.079831 -0.482795 -0.279205
v 0.076928 -0.480241 -0.283414
v 0.073775 -0.477316 -0.288331
v 0.070459 -0.473979 -0.294093
v 0.070334 -0.438154 -0.442073
v -0.000699 -0.318801 -0.572139
v 0.000453 -0.323968 -0.564242
v 0.067064 -0.426235 -0.469921
v 0.065600 -0.421981 -0.479241
v 0.059489 -0.404576 -0.515293
v 0.053600 -0.383928 -0.554911
v 0.071015 -0.310201 -0.576099
v 0.409444 0.039830 -0.458433
v 0.284028 0.081180 -0.692204
v 0.337547 0.026857 -0.499970
v 0.448177 -0.198733 -0.326031
v 0.418947 -0.270593 -0.325015
v 0.205858 -0.439238 -0.317855
v 0.389133 -0.000544 -0.365816
v 0.031520 -0.244021 -0.670273
v 0.179962 0.057597 -0.757814
v 0.277265 -0.027960 -0.719190
v 0.279828 -0.048444 -0.714024
v 0.402092 0.043454 -0.457754
v 0.168666 0.003765 -0.682841
v 0.029902 -0.223782 -0.691632
v 0.152227 -0.393033 -0.377816
v 0.049015 -0.363556 -0.591222
v 0.042711 -0.329178 -0.646610
v 0.127249 -0.191989 -0.676899
v 0.117388 -0.165666 -0.702337
v 0.043353 -0.333543 -0.639985
v 0.036035 -0.290647 -0.700749
v 0.036896 -0.295972 -0.693688
v -0.016573 -0.207511 -0.710806
v -0.017100 -0.202201 -0.715968
v -0.020231 -0.173207 -0.742525
v 0.033888 -0.273376 -0.722646
v 0.033145 -0.267277 -0.730092
v -0.025506 -0.099719 -0.792675
v -0.025213 -0.105944 -0.789541
v 0.028290 -0.231122 -0.771976
v -0.026519 -0.042509 -0.814847
v -0.012731 -0.106421 -0.821098
v -0.011106 -0.114420 -0.819755
v -0.009093 -0.122501 -0.818129
v -0.006885 -0.130241 -0.816588
v -0.004532 -0.137850 -0.814955
v -0.002236 -0.145278 -0.813279
v 0.315189 -0.293697 -0.380646
v 0.304886 -0.184667 -0.618343
v 0.393200 -0.010610 -0.360736
v 0.319404 -0.380484 -0.351563
v 0.317669 -0.215043 -0.405615
v 0.463923 -0.119600 -0.310349
v 0.260706 -0.235076 -0.483798
v 0.436271 -0.209894 -0.350517
v 0.182188 0.019966 -0.666387
v 0.039012 -0.200725 -0.711421
v 0.294266 0.075848 -0.685168
v 0.182843 -0.186226 -0.747366
v 0.424860 0.032162 -0.424135
v 0.047277 -0.262102 -0.646294
v 0.051656 -0.294881 -0.603070
v 0.376384 0.050305 -0.528840
v 0.037250 -0.273644 -0.634289
v 0.021157 0.014669 -0.810585
v 0.208820 -0.197882 -0.716418
v 0.278058 -0.282338 -0.405795
v 0.277654 -0.357646 -0.454717
v 0.055718 -0.166167 -0.734465
v 0.117846 -0.239908 -0.640540
v 0.129323 -0.477070 -0.291738
v 0.239979 -0.268046 -0.618948
v 0.230970 -0.215109 -0.681019
v 0.304774 -0.389350 -0.354441
v 0.446705 -0.012913 -0.316074
v 0.282244 -0.294792 -0.543265
v 0.309749 -0.321547 -0.472209
v 0.227382 -0.439923 -0.311057
v 0.046567 -0.294996 -0.692750
v -0.003325 -0.017723 -0.818371
v 0.271426 0.014597 -0.545293
v 0.421356 0.004523 -0.339897
v 0.385747 -0.264649 -0.416561
v 0.074304 -0.344310 -0.614971
v 0.450689 -0.064695 -0.368705
v 0.343294 0.065701 -0.585383
v 0.405690 -0.218838 -0.350149
v 0.293007 -0.076117 -0.688349
v -0.005696 -0.048812 -0.810906
v 0.021221 -0.006483 -0.806939
v 0.102387 -0.377290 -0.440568
v 0.398660 -0.273941 -0.377915
v 0.220714 -0.127190 -0.750998
v 0.292308 -0.018846 -0.700294
v 0.231555 -0.126882 -0.742949
v 0.309533 -0.084125 -0.452568
v 0.043502 -0.369992 -0.477113
v 0.467707 -0.045382 -0.300198
v 0.134658 0.047324 -0.778119
v 0.134398 -0.474256 -0.300539
v 0.191036 -0.153733 -0.760882
v 0.046104 -0.232483 -0.679240
v 0.080188 0.034883 -0.795329
v 0.189614 -0.165827 -0.756591
v 0.148078 -0.082882 -0.710489
v 0.049296 -0.401109 -0.394515
v 0.124990 -0.288204 -0.581175
v 0.099861 -0.274510 -0.612066
v 0.278119 -0.089993 -0.704938
v 0.244903 -0.319634 -0.402725
v 0.427162 -0.121277 -0.342562
v 0.121478 -0.237520 -0.735193
v 0.323273 0.072881 -0.622675
v -0.011424 -0.028789 -0.816294
v 0.192312 -0.366132 -0.393565
v 0.047988 -0.180148 -0.726357
v 0.325059 -0.355194 -0.394311
v 0.096347 -0.229457 -0.662648
v 0.220927 -0.348376 -0.526824
v 0.393012 -0.074333 -0.505884
v 0.377115 -0.041654 -0.541304
v -0.000188 -0.014854 -0.814889
v 0.226058 -0.234540 -0.667203
v 0.124953 -0.005659 -0.794506
v 0.142952 -0.032769 -0.720505
v 0.144788 -0.054352 -0.718200
v 0.426898 -0.146120 -0.409806
v 0.374209 -0.136888 -0.529206
v 0.269661 0.077618 -0.705386
v 0.190817 -0.388472 -0.371465
v 0.225061 -0.015395 -0.603065
v 0.274006 -0.406158 -0.356975
v 0.261014 -0.389628 -0.411234
v 0.202204 -0.310391 -0.480116
v 0.209092 -0.115039 -0.759859
v 0.218977 -0.313506 -0.452930
v 0.298182 -0.183214 -0.448983
v 0.309755 -0.188617 -0.423698
v 0.009793 -0.157562 -0.752867
v 0.468142 -0.108475 -0.312430
v 0.266453 -0.302269 -0.401468
v 0.104707 -0.106257 -0.742182
v 0.136560 -0.328758 -0.514917
v 0.151546 0.025812 -0.708267
v 0.337709 0.062845 -0.582867
v 0.228254 -0.436227 -0.330182
v 0.350329 -0.318949 -0.349895
v 0.438631 0.030472 -0.379815
v 0.165490 -0.016327 -0.691476
v 0.123797 -0.313414 -0.547306
v 0.280477 0.072977 -0.669122
v 0.073224 -0.272853 -0.625343
v 0.473364 -0.075970 -0.304178
v 0.472473 -0.080234 -0.302467
v 0.179193 0.013515 -0.668190
v 0.397590 -0.279386 -0.335591
v 0.157401 0.021299 -0.698133
v 0.190299 -0.251641 -0.678396
v 0.271316 -0.060377 -0.722140
v 0.300461 0.034102 -0.564226
v 0.278574 -0.020648 -0.508986
v 0.297092 -0.403592 -0.330178
v 0.130775 -0.124436 -0.713674
v 0.162848 0.054449 -0.761654
v 0.276462 -0.226912 -0.461660
v 0.334610 -0.152286 -0.403742
v 0.056958 -0.406376 -0.379846
v 0.217160 -0.408184 -0.416146
v 0.278978 -0.195850 -0.479980
v 0.148587 -0.008381 -0.710621
v 0.230155 -0.039880 -0.751774
v 0.112855 0.025507 -0.748424
v 0.315515 -0.008995 -0.661343
v 0.322481 -0.388786 -0.321240
v 0.409342 -0.042047 -0.352092
v 0.027521 -0.293377 -0.608895
v 0.439816 -0.222382 -0.328439
v 0.321665 -0.196051 -0.586209
v 0.196842 0.010948 -0.643171
v 0.287408 -0.255170 -0.416011
v 0.321661 -0.389157 -0.324594
v 0.276129 -0.254678 -0.596142
v 0.333254 -0.057832 -0.625699
v 0.249368 0.013548 -0.569907
v 0.177742 -0.457727 -0.302585
v 0.309214 -0.130694 -0.446583
v 0.065818 -0.062348 -0.781492
v 0.022274 0.012279 -0.807523
v 0.018759 -0.123465 -0.815686
v 0.168017 -0.197864 -0.747787
v 0.108287 -0.213600 -0.765549
v 0.287861 -0.143995 -0.486627
v 0.229311 -0.047475 -0.600260
v 0.292678 -0.167665 -0.468238
v 0.258714 -0.237795 -0.632045
v 0.092874 -0.418385 -0.476248
v 0.185890 -0.456973 -0.309785
v 0.242694 0.071559 -0.712316
v 0.304763 0.079092 -0.656483
v 0.086780 -0.203733 -0.780498
v 0.140201 -0.230236 -0.733444
v 0.233046 -0.103563 -0.747928
v 0.086092 -0.391944 -0.530583
v 0.304370 0.069520 -0.634509
v 0.434550 -0.233324 -0.333810
v 0.217771 0.028613 -0.637798
v 0.389277 0.046709 -0.481006
v 0.474967 -0.031501 -0.305290
v 0.169567 -0.142875 -0.667008
v 0.053685 0.028104 -0.795783
v 0.439065 0.025078 -0.391937
v 0.344965 -0.001604 -0.403497
v 0.262623 -0.084474 -0.726411
v 0.138097 -0.474318 -0.287958
v 0.315993 0.035427 -0.657147
v 0.313804 0.073321 -0.650605
v 0.351877 -0.093092 -0.585226
v 0.318666 -0.264971 -0.530556
v 0.280603 -0.275053 -0.568815
v 0.167619 -0.461083 -0.317107
v 0.376716 -0.219659 -0.476003
v 0.130389 -0.357998 -0.570545
v 0.440791 -0.043867 -0.325915
v 0.443241 -0.150367 -0.326818
v 0.403941 0.005979 -0.357915
v 0.214999 -0.444225 -0.319825
v 0.275285 -0.263945 -0.426554
v 0.102410 -0.005520 -0.756593
v 0.128539 -0.405161 -0.369940
v 0.302294 -0.232280 -0.584916
v 0.363002 -0.351808 -0.325932
v 0.211745 -0.349153 -0.401767
v 0.378562 -0.080442 -0.535552
v 0.221467 -0.292259 -0.480719
v 0.429975 0.014712 -0.417588
v 0.322394 -0.120971 -0.422847
v 0.093824 -0.472708 -0.294203
v 0.132460 -0.473579 -0.288584
v 0.191370 0.060136 -0.744140
v 0.059854 -0.324226 -0.649419
v 0.014931 -0.047236 -0.806430
v 0.223264 -0.273168 -0.502101
v 0.220723 -0.135706 -0.602750
v 0.093519 -0.226542 -0.758887
v 0.189848 -0.199113 -0.730838
v 0.285693 -0.199412 -0.633143
v 0.399971 0.019204 -0.400530
v 0.268460 -0.050647 -0.726320
v 0.372261 0.041064 -0.490659
v 0.199083 -0.247253 -0.560364
v 0.006186 -0.228995 -0.688948
v 0.027504 -0.374820 -0.466958
v 0.098668 -0.386605 -0.417916
v 0.454253 -0.179634 -0.322333
v 0.370172 -0.251151 -0.461281
v 0.241699 -0.106218 -0.741018
v 0.180106 -0.092649 -0.670051
v 0.039089 -0.395901 -0.411550
v 0.072102 -0.116486 -0.758406
v 0.179690 -0.274647 -0.659529
v 0.268042 -0.171059 -0.513622
v 0.335384 -0.367180 -0.352967
v 0.406097 -0.222855 -0.411960
v 0.408888 -0.267096 -0.362436
v 0.356806 0.023099 -0.578663
v 0.032976 -0.111071 -0.776687
v 0.313562 -0.199472 -0.413683
v 0.243145 -0.121684 -0.734007
v 0.167360 -0.180094 -0.761964
v 0.160076 -0.139009 -0.777468
v 0.119542 -0.264054 -0.613690
v 0.463521 0.008476 -0.332996
v 0.472763 0.016304 -0.296082
v 0.288076 -0.051646 -0.702012
v 0.198245 -0.352908 -0.409973
v 0.064090 -0.379183 -0.560620
v 0.347357 -0.275835 -0.475019
v 0.150638 0.036134 -0.778980
v 0.058166 0.013389 -0.787377
v 0.230294 -0.393288 -0.436158
v 0.250785 -0.246371 -0.490114
v 0.312314 -0.256788 -0.396209
v 0.232335 -0.303586 -0.448360
v 0.206863 -0.090401 -0.763131
v 0.118650 -0.412068 -0.476972
v 0.084376 -0.437628 -0.437500
v 0.166417 -0.286317 -0.551304
v 0.475055 -0.042627 -0.293606
v 0.217759 -0.001382 -0.612243
v 0.208754 -0.030601 -0.631724
v 0.459427 -0.158392 -0.315151
v 0.096870 -0.087387 -0.754554
v 0.085373 -0.404804 -0.377854
v 0.249664 -0.182238 -0.540352
v 0.397035 -0.021241 -0.497527
v 0.420432 -0.038794 -0.444468
v 0.292567 -0.255833 -0.575077
v 0.153307 -0.302370 -0.541657
v 0.295861 -0.402395 -0.320563
v 0.288317 -0.410130 -0.317943
v 0.378767 -0.265323 -0.355382
v 0.195164 -0.304012 -0.611730
v 0.155636 -0.274664 -0.674726
v 0.156965 -0.195275 -0.757047
v 0.058070 0.024705 -0.789149
v 0.342690 -0.120040 -0.400474
v 0.154655 -0.467927 -0.305927
v 0.199496 -0.329818 -0.572293
v 0.293583 0.021990 -0.698089
v 0.239057 -0.279886 -0.471054
v 0.044943 -0.044454 -0.795734
v 0.335458 -0.014962 -0.404232
v 0.040656 -0.055401 -0.795534
v 0.241005 -0.174798 -0.703551
v 0.285395 -0.023053 -0.709814
v 0.299987 -0.217484 -0.423522
v 0.201896 -0.269257 -0.533668
v 0.229842 -0.158745 -0.726700
v 0.073093 -0.198771 -0.701497
v 0.103726 -0.345940 -0.505186
v 0.331672 0.067298 -0.617626
v 0.253355 -0.057739 -0.559281
v 0.359098 -0.132676 -0.559605
v 0.375948 -0.204939 -0.373455
v 0.237769 -0.425245 -0.351455
v 0.277264 -0.416585 -0.322295
v 0.345231 0.031952 -0.601064
v 0.090530 0.026635 -0.768369
v 0.353826 -0.099283 -0.393843
v 0.388162 -0.117953 -0.506720
v 0.320755 -0.052231 -0.428543
v 0.173606 -0.245146 -0.590382
v -0.008534 -0.088267 -0.796820
v 0.127584 -0.016827 -0.735097
v 0.158350 -0.032439 -0.702334
v 0.469443 -0.088219 -0.304364
v 0.214388 -0.190299 -0.587919
v 0.197377 -0.183765 -0.613869
v 0.163627 -0.356530 -0.441065
v 0.140062 0.046548 -0.761893
v 0.093781 -0.480108 -0.299531
v 0.190899 -0.332767 -0.457186
v -0.007352 -0.202898 -0.715558
v 0.268660 -0.410857 -0.325175
v 0.285300 -0.405894 -0.342078
v 0.388238 -0.318437 -0.326006
v 0.395055 -0.311645 -0.326948
v 0.278475 -0.376734 -0.417496
v 0.262312 0.002203 -0.729586
v 0.106090 -0.366914 -0.462587
v 0.117668 -0.354460 -0.481596
v 0.427274 0.031123 -0.394622
v 0.323858 -0.023848 -0.420432
v 0.462053 -0.020121 -0.302258
v 0.269575 -0.228157 -0.628984
v 0.245435 -0.205858 -0.674504
v 0.279429 -0.172667 -0.659982
v 0.259530 -0.117193 -0.717514
v 0.361449 -0.002839 -0.386864
v 0.166710 -0.115803 -0.680729
v 0.422526 -0.261795 -0.334039
v 0.056084 -0.037199 -0.790728
v 0.288293 -0.120950 -0.490664
v 0.140286 -0.304465 -0.549002
v 0.472971 -0.070008 -0.307902
v 0.241440 -0.006207 -0.574094
v 0.285971 -0.289273 -0.396331
v 0.140240 -0.215139 -0.648412
v 0.356481 0.060978 -0.564791
v 0.264866 0.022298 -0.571587
v 0.414190 -0.276377 -0.337694
v 0.262472 -0.355865 -0.474655
v 0.086987 -0.292754 -0.683612
v 0.089870 -0.301033 -0.582256
v 0.048580 -0.383402 -0.444965
v 0.365444 0.012324 -0.423848
v 0.265710 0.070041 -0.713099
v 0.250758 0.069812 -0.721741
v 0.373614 0.032139 -0.468243
v 0.100887 -0.055997 -0.758594
v 0.263179 -0.423822 -0.315726
v 0.363012 -0.341066 -0.353031
v 0.188834 -0.222903 -0.594733
v 0.357269 -0.152552 -0.554126
v 0.212234 -0.255805 -0.656911
v 0.271802 0.079762 -0.697616
v 0.247747 -0.305829 -0.419768
v 0.333058 -0.289485 -0.481589
v 0.319970 -0.293943 -0.495322
v 0.144153 -0.375989 -0.415468
v 0.399903 -0.135080 -0.476141
v 0.429766 -0.121886 -0.411467
v 0.183161 -0.177981 -0.753310
v 0.179662 -0.369473 -0.522528
v 0.059432 -0.435036 -0.346273
v 0.287533 -0.230905 -0.436231
v 0.112917 -0.478679 -0.296492
v 0.398768 -0.295853 -0.348560
v 0.381163 0.022035 -0.433708
v 0.167402 -0.266210 -0.574257
v 0.174375 0.052480 -0.764358
v 0.132882 -0.264126 -0.604865
v 0.302770 0.077533 -0.669502
v 0.114034 -0.433577 -0.432198
v 0.294702 -0.206497 -0.441064
v 0.079169 -0.018188 -0.776330
v 0.262395 -0.328476 -0.518751
v 0.247464 -0.316173 -0.551403
v 0.336423 -0.343987 -0.396115
v 0.453781 -0.130064 -0.347630
v 0.279346 -0.064361 -0.711384
v 0.241231 -0.090506 -0.578921
v 0.212875 -0.386622 -0.465645
v 0.040643 -0.218273 -0.782935
v 0.323765 -0.011307 -0.422258
v 0.222380 -0.442659 -0.314603
v 0.449320 -0.187805 -0.319975
v 0.032037 -0.165207 -0.742698
v 0.237885 0.041976 -0.650321
v 0.445964 0.015122 -0.377907
v 0.183697 -0.045549 -0.669684
v 0.231982 -0.305318 -0.580499
v 0.106840 -0.318012 -0.549946
v 0.261123 0.032922 -0.725173
v 0.007736 -0.029299 -0.810767
v 0.177678 -0.221924 -0.718320
v 0.295438 0.055779 -0.689919
v 0.160701 -0.080697 -0.696724
v 0.147798 -0.472338 -0.291653
v 0.191213 -0.067254 -0.658806
v 0.024879 -0.327130 -0.558401
v 0.032652 -0.140914 -0.759249
v 0.405852 -0.055185 -0.478998
v 0.323222 -0.159685 -0.413758
v 0.182573 -0.022501 -0.669377
v 0.075294 -0.215301 -0.775965
v 0.060842 -0.020596 -0.788367
v 0.332332 0.004156 -0.435809
v 0.384588 -0.315479 -0.328892
v 0.358547 0.056723 -0.566338
v 0.311807 -0.395537 -0.319347
v 0.033944 0.018105 -0.809722
v 0.149379 -0.214940 -0.743661
v 0.088870 -0.110794 -0.751419
v 0.382852 0.005753 -0.379550
v 0.246376 -0.125522 -0.564999
v 0.076654 -0.373876 -0.459960
v 0.039301 0.025295 -0.803062
v 0.472713 -0.066625 -0.299075
v 0.386547 0.026652 -0.514706
v 0.142759 -0.467031 -0.320528
v 0.112155 -0.461683 -0.359247
v 0.183537 -0.269742 -0.553996
v 0.115108 -0.322325 -0.632306
v 0.457355 -0.159665 -0.315052
v 0.255058 -0.156553 -0.700345
v 0.164295 -0.381553 -0.388950
v 0.297271 -0.374095 -0.398598
v 0.266140 0.057500 -0.716627
v 0.443900 -0.084469 -0.383488
v 0.306433 -0.240127 -0.405432
v 0.023069 -0.001179 -0.815196
v 0.168022 -0.370149 -0.407765
v 0.472218 0.001708 -0.289806
v 0.301723 -0.324993 -0.372882
v 0.457863 0.022611 -0.331681
v 0.345513 0.054425 -0.595304
v 0.123020 -0.286421 -0.677090
v 0.041207 0.025240 -0.805072
v 0.253633 -0.279202 -0.447988
v 0.204357 -0.178239 -0.736612
v 0.136644 -0.162999 -0.689253
v 0.347396 -0.183092 -0.553851
v 0.116825 -0.197540 -0.774385
v 0.442795 0.000153 -0.318797
v 0.297592 -0.045333 -0.475894
v 0.404548 -0.171149 -0.449672
v 0.204972 -0.074608 -0.638081
v 0.246794 -0.259650 -0.482950
v 0.254551 -0.311715 -0.402356
v 0.207798 -0.275656 -0.637744
v 0.301063 -0.229602 -0.415050
v 0.203921 -0.421331 -0.396834
v 0.122892 -0.096312 -0.731126
v 0.185850 -0.317915 -0.487476
v 0.015672 0.002042 -0.814176
v 0.016243 -0.068913 -0.800048
v 0.364611 -0.177872 -0.527257
v 0.265603 -0.207048 -0.497659
v 0.092151 -0.399725 -0.386094
v 0.471797 0.013495 -0.291266
v 0.139627 -0.203543 -0.759758
v 0.320062 0.002087 -0.445791
v 0.161953 -0.467191 -0.299499
v 0.149155 -0.347104 -0.578274
v 0.136032 -0.179863 -0.679051
v 0.161317 -0.160213 -0.667717
v 0.475011 -0.022227 -0.290731
v 0.407613 -0.290766 -0.333674
v 0.381073 -0.182401 -0.493115
v 0.036147 -0.008762 -0.800616
v 0.348085 0.042299 -0.526718
v 0.444459 0.024830 -0.353333
v 0.419526 -0.271149 -0.328465
v 0.111934 0.037071 -0.790330
v 0.138082 0.030404 -0.729462
v 0.303239 0.054302 -0.605877
v 0.367275 0.050507 -0.520201
v 0.410347 0.032633 -0.459947
v 0.391410 0.042657 -0.499439
v 0.465200 -0.088555 -0.307423
v 0.101491 -0.189999 -0.782801
v 0.098629 -0.472919 -0.327658
v 0.335440 -0.062094 -0.406449
v 0.329602 -0.122632 -0.411951
v 0.046383 -0.254739 -0.742067
v 0.158659 -0.176870 -0.767995
v 0.204540 -0.234617 -0.685393
v 0.262577 -0.192085 -0.666522
v 0.372603 -0.238591 -0.468299
v 0.094518 -0.312517 -0.654530
v 0.118357 -0.390105 -0.398099
v 0.478271 -0.006203 -0.288295
v 0.452797 -0.178223 -0.328634
v 0.477143 0.006528 -0.290666
v 0.302069 0.067910 -0.676264
v 0.476021 0.002455 -0.298429
v 0.228779 0.013890 -0.598369
v 0.234335 -0.185410 -0.562273
v 0.296691 0.008854 -0.495479
v 0.406713 -0.247613 -0.341148
v 0.336641 -0.376737 -0.327327
v 0.190797 -0.391713 -0.473553
v 0.325874 -0.118100 -0.622472
v 0.446650 -0.026893 -0.380058
v 0.131629 0.006904 -0.726699
v 0.009049 -0.010787 -0.811500
v 0.190401 -0.456032 -0.305078
v 0.339653 -0.085774 -0.403561
v 0.247252 -0.253037 -0.628435
v 0.217269 0.019475 -0.619898
v 0.397821 -0.162667 -0.363067
v 0.223541 0.025313 -0.748132
v 0.068274 0.027633 -0.802280
v 0.007222 -0.186988 -0.729465
v 0.272313 -0.094852 -0.523914
v 0.448017 0.011994 -0.317627
v 0.034443 -0.352870 -0.512865
v 0.168366 -0.329307 -0.487097
v 0.126042 -0.373517 -0.435035
v 0.368486 -0.151358 -0.383018
v 0.348325 -0.264996 -0.374712
v 0.168196 -0.294234 -0.642774
v 0.128965 0.021819 -0.730250
v 0.179183 -0.384015 -0.378939
v 0.077213 -0.221336 -0.679427
v 0.147115 0.014594 -0.708784
v 0.229163 0.007381 -0.594522
v 0.394586 -0.257164 -0.406011
v 0.091674 -0.465398 -0.358401
v 0.312398 -0.159654 -0.431169
v 0.249878 -0.430741 -0.316515
v 0.336749 0.050745 -0.559435
v 0.117800 -0.479851 -0.284131
v 0.106944 -0.182222 -0.697477
v 0.058362 -0.359218 -0.496695
v 0.040128 0.017099 -0.797719
v 0.250472 -0.200602 -0.528030
v 0.255198 -0.079488 -0.734941
v 0.454033 -0.130602 -0.318094
v 0.063484 -0.090282 -0.774406
v 0.260203 -0.003061 -0.542122
v 0.085651 -0.248777 -0.648023
v 0.211707 -0.363377 -0.385129
v 0.171436 -0.193586 -0.637002
v 0.324117 -0.335269 -0.430723
v 0.243710 -0.291285 -0.587835
v 0.308187 -0.088532 -0.661240
v 0.303120 0.046932 -0.679230
v 0.477453 -0.008395 -0.295740
v 0.259798 -0.263334 -0.604762
v 0.305455 -0.018116 -0.456471
v 0.145318 -0.472970 -0.294756
v 0.133978 -0.231753 -0.637927
v 0.188764 -0.455755 -0.303568
v 0.274713 -0.048250 -0.520239
v 0.244353 -0.342176 -0.515628
v 0.405884 -0.292302 -0.325363
v 0.113916 0.014464 -0.743605
v 0.187755 -0.293517 -0.520285
v 0.255203 0.006835 -0.554558
v 0.062948 -0.230545 -0.675849
v 0.230242 -0.327418 -0.551071
v 0.155611 -0.131091 -0.687452
v 0.475249 0.012947 -0.288342
v 0.090087 0.036088 -0.781544
v 0.025170 -0.386500 -0.436686
v 0.102414 -0.151493 -0.721259
v 0.214891 -0.214133 -0.696495
v 0.254471 -0.322802 -0.394356
v 0.345263 0.062515 -0.591710
v 0.367658 0.044083 -0.552108
v 0.108360 -0.361156 -0.575416
v 0.473168 -0.009996 -0.309395
v 0.356137 -0.184650 -0.387778
v 0.282917 0.074532 -0.698504
v 0.394426 -0.296158 -0.330623
v 0.266139 0.039178 -0.613087
v 0.232919 -0.007928 -0.748143
v 0.026399 -0.179075 -0.733119
v 0.214997 0.061373 -0.743458
v 0.414564 0.008401 -0.454720
v 0.438898 -0.224870 -0.325113
v 0.074039 0.034206 -0.793378
v 0.379758 -0.157854 -0.509012
v 0.415854 -0.090197 -0.351679
v 0.203028 -0.355626 -0.529403
v 0.138027 0.044387 -0.780297
v 0.315492 0.075934 -0.642043
v 0.387540 -0.321888 -0.330947
v 0.215177 -0.170810 -0.597489
v 0.278043 -0.216943 -0.628664
v 0.150816 -0.405906 -0.471735
v 0.465027 0.003492 -0.296542
v 0.333152 -0.317989 -0.443407
v 0.429561 -0.248290 -0.325990
v 0.333541 -0.378049 -0.322160
v 0.460794 0.015508 -0.306496
v 0.262393 -0.387415 -0.349447
v 0.122417 -0.335342 -0.513386
v 0.023882 0.020291 -0.808213
v 0.023915 -0.016962 -0.817376
v 0.080206 -0.166336 -0.723907
v 0.146739 -0.105165 -0.705920
v 0.336668 -0.116678 -0.405348
v 0.243435 -0.214068 -0.529633
v 0.284696 -0.004517 -0.710939
v 0.295317 0.078605 -0.663772
v 0.317483 0.061893 -0.649004
v 0.272557 -0.314629 -0.527813
v 0.143239 -0.192151 -0.766770
v 0.125261 -0.220025 -0.751688
v 0.085966 -0.135079 -0.740933
v 0.455529 0.009436 -0.307469
v 0.363124 -0.314423 -0.397070
v 0.213834 -0.332339 -0.428132
v 0.234197 -0.325563 -0.410773
v 0.081052 -0.460167 -0.314121
v 0.324002 0.034551 -0.538410
v 0.362439 -0.023887 -0.382408
v 0.372882 -0.337560 -0.325779
v 0.369941 -0.112393 -0.546008
v 0.265907 -0.139426 -0.528443
v 0.389705 0.049730 -0.490623
v 0.114647 -0.479353 -0.283123
v 0.206022 -0.290533 -0.503162
v 0.099318 -0.070348 -0.757173
v 0.249436 -0.356373 -0.376421
v 0.190538 0.023181 -0.658941
v 0.292304 -0.316482 -0.502187
v 0.307326 -0.008956 -0.454003
v 0.203457 0.047884 -0.702777
v 0.366474 -0.239612 -0.372162
v 0.240554 -0.074441 -0.745870
v 0.304194 -0.401298 -0.323478
v 0.107257 -0.298268 -0.577963
v 0.303921 -0.386237 -0.330814
v 0.247864 -0.413588 -0.370656
v 0.474104 0.011581 -0.299835
v 0.105360 -0.123502 -0.734383
v 0.241058 -0.159114 -0.564274
v 0.297918 -0.363010 -0.419466
v 0.061572 -0.389282 -0.426246
v 0.340230 -0.374127 -0.323448
v 0.205397 -0.372856 -0.497750
v 0.477985 -0.027734 -0.290523
v 0.100651 -0.427306 -0.351712
v 0.427270 -0.248643 -0.325516
v 0.285831 -0.117715 -0.682654
v 0.286661 -0.004801 -0.494312
v 0.357966 -0.350400 -0.326522
v 0.054903 -0.071763 -0.784977
v 0.177600 -0.313029 -0.611711
v 0.199955 -0.445357 -0.333868
v 0.244213 -0.318019 -0.402053
v 0.334678 -0.248288 -0.523712
v 0.165092 -0.435264 -0.394310
v 0.124045 -0.075946 -0.735442
v 0.236084 -0.132748 -0.580153
v 0.130044 -0.060113 -0.732783
v 0.331250 -0.099023 -0.412174
v 0.304944 0.002133 -0.468577
v 0.183032 -0.197324 -0.621792
v 0.346730 -0.022849 -0.601843
v 0.332778 0.020483 -0.626933
v 0.152697 -0.324650 -0.508947
v 0.250685 0.068225 -0.694903
v 0.139242 -0.313715 -0.633074
v 0.377483 -0.082524 -0.378685
v 0.166894 -0.161078 -0.770066
v 0.324953 -0.166231 -0.600397
v 0.056494 -0.225554 -0.771825
v 0.380099 -0.311675 -0.367002
v 0.369107 0.006446 -0.398008
v 0.042694 -0.087042 -0.784564
v 0.290786 -0.268218 -0.403903
v 0.051518 -0.331242 -0.548206
v 0.432378 0.032816 -0.401716
v 0.221747 -0.440236 -0.311705
v 0.410402 0.041620 -0.445420
v 0.108244 -0.102227 -0.800868
v 0.407532 -0.108582 -0.467372
v 0.129193 -0.039190 -0.735062
v 0.216470 -0.304449 -0.594752
v 0.067496 -0.145410 -0.744105
v 0.247705 0.026653 -0.600629
v 0.226985 0.068863 -0.730697
v 0.309565 -0.210984 -0.592674
v 0.147387 -0.279009 -0.576665
v 0.292165 0.081806 -0.679861
v 0.377709 0.053071 -0.519901
v 0.312687 0.014421 -0.666016
v 0.465551 -0.125097 -0.310832
v 0.476456 -0.050332 -0.296582
v 0.072981 0.029532 -0.783705
v 0.418418 -0.254764 -0.329372
v 0.118498 -0.470897 -0.324779
v 0.456726 0.000051 -0.352638
v 0.085029 0.018671 -0.769139
v 0.436582 -0.225560 -0.324766
v 0.407842 0.043036 -0.457132
v 0.349954 -0.350750 -0.359841
v 0.411307 -0.286552 -0.325968
v 0.366146 -0.347992 -0.329972
v 0.274736 -0.418400 -0.318337
v 0.153164 -0.344576 -0.474401
v 0.127783 -0.443155 -0.330864
v 0.470542 -0.046529 -0.317671
v 0.351167 -0.325610 -0.401611
v 0.298877 -0.286892 -0.532547
v 0.170092 -0.410916 -0.448467
v 0.329654 -0.040222 -0.412090
v 0.122686 0.045659 -0.779237
v 0.354807 -0.219253 -0.515992
v 0.317381 -0.388809 -0.334778
v 0.464118 0.018209 -0.308480
v 0.365036 -0.270652 -0.450478
v 0.337797 -0.152853 -0.587328
v 0.342800 -0.034495 -0.396973
v 0.232322 -0.257340 -0.507077
v 0.121801 -0.146339 -0.710441
v 0.455688 -0.147002 -0.316066
v 0.158816 -0.247465 -0.704077
v 0.071490 -0.241389 -0.750491
v 0.341128 0.017270 -0.468497
v 0.423973 0.025293 -0.383509
v 0.272961 -0.416774 -0.329532
v 0.222241 0.022135 -0.618309
v 0.057197 -0.107224 -0.769814
v 0.014450 0.000744 -0.811412
v 0.308327 -0.343248 -0.440443
v 0.120457 -0.202278 -0.769855
v 0.147920 0.036993 -0.733611
v 0.013638 -0.104226 -0.785194
v 0.450490 -0.191273 -0.320812
v 0.457915 0.018389 -0.344086
v 0.226758 -0.207384 -0.559230
v 0.116923 -0.217038 -0.662830
v 0.209956 -0.163769 -0.742086
v 0.144154 -0.201427 -0.656801
v 0.458589 -0.161846 -0.319569
v 0.309002 -0.126049 -0.645556
v 0.302528 0.018351 -0.684172
v 0.318407 -0.240784 -0.554911
v 0.032187 -0.096040 -0.817622
v 0.089835 -0.452026 -0.398672
v 0.411013 0.037726 -0.433017
v 0.258638 -0.424010 -0.316277
v 0.214181 0.050537 -0.747955
v 0.012481 -0.057933 -0.821043
v -0.010283 -0.154047 -0.757456
v 0.448513 -0.165123 -0.348040
v 0.089351 -0.326175 -0.545247
v 0.240947 -0.331010 -0.397078
v 0.355625 -0.246925 -0.491065
v 0.107432 -0.037163 -0.754536
v 0.169607 -0.308757 -0.517892
v 0.343463 -0.367147 -0.337731
v 0.007991 -0.267758 -0.643653
v 0.417678 -0.181980 -0.346335
v 0.441221 -0.184369 -0.326116
v 0.110512 0.042273 -0.779073
v 0.205756 0.016991 -0.632720
v 0.401481 -0.019663 -0.355088
v -0.011262 -0.117204 -0.782253
v 0.296245 0.021840 -0.536993
v 0.310279 -0.063442 -0.664567
v 0.084182 -0.361053 -0.485008
v 0.260379 -0.049171 -0.733149
v 0.422843 -0.251377 -0.346104
v 0.264310 -0.093670 -0.721640
v 0.288335 0.036119 -0.702842
v 0.304047 -0.002167 -0.464232
v 0.026670 0.020601 -0.805714
v 0.275140 -0.007609 -0.720773
v 0.104073 0.033380 -0.765718
v 0.032090 -0.032092 -0.802312
v 0.234289 -0.367995 -0.481372
v 0.154231 -0.184211 -0.660305
v 0.304692 0.013439 -0.499854
v 0.139695 -0.384217 -0.520325
v 0.079104 -0.047536 -0.775526
v 0.467017 -0.082864 -0.323214
v 0.212617 -0.248421 -0.542436
v 0.248352 -0.379510 -0.445979
v 0.339803 -0.006831 -0.401816
v 0.376024 -0.008240 -0.373539
v 0.398660 0.034600 -0.441798
v 0.301165 -0.403641 -0.319670
v 0.146088 -0.152696 -0.686511
v 0.186448 -0.125970 -0.653150
v 0.260991 -0.292327 -0.417859
v 0.147235 -0.384149 -0.394692
v 0.326068 -0.378992 -0.324595
v 0.389520 -0.239150 -0.434074
v 0.153224 -0.247271 -0.607291
v 0.070882 -0.342802 -0.523820
v 0.170795 -0.065971 -0.686097
v 0.335010 -0.098091 -0.614105
v 0.281827 0.003008 -0.507951
v 0.224821 -0.346071 -0.394416
v 0.106405 -0.257155 -0.628845
v 0.200913 -0.207275 -0.593300
v 0.077570 0.004471 -0.775009
v 0.469707 0.011701 -0.313664
v 0.434336 -0.218392 -0.327020
v 0.159717 -0.458341 -0.333757
v 0.346312 -0.053644 -0.396133
v 0.332438 -0.002858 -0.416401
v 0.460950 -0.134492 -0.326280
v 0.335220 -0.221692 -0.546082
v 0.352100 -0.347908 -0.331522
v 0.229033 -0.440264 -0.311923
v 0.430703 -0.245815 -0.329471
v 0.185485 -0.455724 -0.315532
v 0.249718 0.018507 -0.578441
v 0.196021 -0.407497 -0.436407
v 0.189039 -0.347050 -0.432537
v 0.001273 -0.071236 -0.802453
v 0.290298 -0.070103 -0.491376
v 0.057880 -0.273335 -0.717092
v 0.183115 0.028208 -0.676644
v 0.096690 -0.252627 -0.728863
v 0.243334 -0.232428 -0.652919
v 0.100143 -0.405327 -0.374335
v 0.267894 -0.289778 -0.565508
v 0.367154 -0.343891 -0.338060
v 0.377253 -0.000412 -0.538686
v 0.336965 -0.026858 -0.401933
v 0.197629 0.033863 -0.673974
v 0.055422 -0.129256 -0.758929
v 0.151149 -0.297845 -0.648148
v 0.452341 -0.090996 -0.319506
v 0.242465 -0.146595 -0.721202
v 0.075103 -0.088451 -0.768610
v 0.198734 -0.156154 -0.625910
v 0.443908 -0.187576 -0.346930
v 0.139637 -0.466967 -0.297018
v 0.394900 0.045877 -0.489157
v 0.380841 -0.284745 -0.402778
v 0.165705 -0.325445 -0.601543
v 0.280026 0.008084 -0.518488
v 0.255561 -0.095077 -0.554085
v 0.213126 -0.056799 -0.626739
v 0.130611 -0.393241 -0.385404
v 0.463977 -0.135853 -0.315085
v 0.204926 -0.109274 -0.632482
v 0.155185 0.046278 -0.747129
v 0.401725 -0.301251 -0.331412
v 0.088446 -0.344916 -0.514061
v 0.279271 0.079798 -0.685751
v 0.417681 -0.001519 -0.341578
v 0.364780 -0.291720 -0.425516
v 0.263365 0.057072 -0.656708
v 0.353885 -0.359690 -0.324108
v 0.363898 -0.200046 -0.514325
v 0.092937 -0.196957 -0.693710
v 0.297389 -0.149264 -0.650511
v 0.281398 0.050461 -0.706894
v 0.476155 -0.001858 -0.287293
v 0.222061 -0.183636 -0.716031
v 0.289070 0.066398 -0.695602
v 0.262280 -0.264621 -0.450443
v 0.263970 -0.134044 -0.703130
v 0.227584 -0.230981 -0.538890
v 0.478121 -0.023613 -0.293916
v 0.438333 0.013738 -0.331834
v 0.327729 -0.078006 -0.417434
v 0.347858 -0.366768 -0.328387
v 0.392001 -0.114122 -0.369632
v 0.409578 -0.280831 -0.326112
v 0.350206 -0.304236 -0.435027
v 0.139202 -0.352715 -0.470244
v 0.129703 -0.454580 -0.368604
v 0.274112 -0.318503 -0.387767
v 0.346615 -0.008656 -0.394802
v 0.373982 -0.328761 -0.352176
v 0.348074 -0.017166 -0.392199
v 0.316520 -0.363249 -0.392200
v 0.144491 -0.458198 -0.308528
v 0.379033 0.051465 -0.507523
v 0.021299 -0.254683 -0.659456
v 0.362040 -0.056052 -0.386024
v 0.083802 0.019829 -0.801986
v 0.225387 -0.146719 -0.738780
v 0.387741 -0.318230 -0.338708
v 0.030656 -0.063337 -0.797514
v 0.001738 -0.316383 -0.586159
v 0.000991 -0.316988 -0.582299
v 0.000140 -0.312714 -0.588780
v -0.005843 -0.154344 -0.797258
v -0.007324 -0.154937 -0.793419
v -0.007043 -0.150260 -0.798344
v 0.052151 -0.439163 -0.395933
v 0.052113 -0.441087 -0.388260
v 0.050097 -0.437257 -0.396127
v -0.004428 -0.179763 -0.774774
v -0.005592 -0.181060 -0.770677
v -0.005964 -0.175777 -0.775760
v 0.053589 -0.425529 -0.446729
v 0.055385 -0.427025 -0.446302
v 0.055064 -0.428827 -0.439939
v 0.030566 -0.349442 -0.590367
v 0.029175 -0.346298 -0.593967
v 0.030549 -0.346779 -0.595757
v 0.005860 -0.212992 -0.757740
v 0.006781 -0.218352 -0.752694
v 0.004739 -0.213910 -0.754326
v -0.009245 -0.219158 -0.715851
v -0.008852 -0.215911 -0.720980
v -0.007618 -0.222077 -0.716119
v 0.008225 -0.339021 -0.555853
v 0.009819 -0.342856 -0.551789
v 0.008586 -0.342261 -0.549043
v -0.006011 -0.189716 -0.759986
v -0.006980 -0.185176 -0.762817
v -0.005425 -0.186555 -0.764962
v 0.016437 -0.358395 -0.534439
v 0.014002 -0.353708 -0.538648
v 0.015605 -0.354404 -0.542178
v 0.081907 -0.479070 -0.304346
v 0.080745 -0.479040 -0.301362
v 0.043257 -0.431490 -0.393046
v 0.045352 -0.433524 -0.393467
v 0.045819 -0.436116 -0.384469
v 0.062419 -0.459637 -0.341736
v 0.061359 -0.459700 -0.337210
v 0.059500 -0.456444 -0.346959
v 0.024766 -0.401597 -0.424345
v 0.022050 -0.397498 -0.426764
v 0.023028 -0.397278 -0.433059
v 0.051219 -0.380476 -0.559209
v 0.050268 -0.376461 -0.566494
v 0.040981 -0.325739 -0.650283
v 0.040962 -0.329446 -0.643968
v 0.006555 -0.337625 -0.553420
v 0.004912 -0.336435 -0.550329
v 0.004527 -0.332916 -0.557683
v -0.012452 -0.114694 -0.816257
v 0.076098 -0.478510 -0.290174
v 0.031720 -0.301621 -0.677668
v 0.030699 -0.297112 -0.683405
v 0.032761 -0.298988 -0.683291
v 0.045862 -0.370024 -0.573745
v 0.046994 -0.368993 -0.577572
v 0.048056 -0.373194 -0.570302
v 0.002178 -0.287003 -0.643443
v 0.003643 -0.286816 -0.647700
v 0.004443 -0.291953 -0.640561
v 0.040315 -0.390550 -0.515860
v 0.038486 -0.387270 -0.520253
v 0.040277 -0.388115 -0.522163
v -0.003593 -0.173102 -0.783918
v -0.002093 -0.176861 -0.783098
v -0.003302 -0.178275 -0.779026
v 0.011340 -0.315000 -0.616030
v 0.013335 -0.318680 -0.613812
v 0.012447 -0.319911 -0.609279
v 0.017431 -0.296203 -0.662330
v 0.015706 -0.293511 -0.663453
v 0.016676 -0.292343 -0.667346
v 0.020557 -0.317600 -0.631533
v 0.020125 -0.313298 -0.638326
v 0.022141 -0.317770 -0.634352
v 0.034970 -0.429715 -0.358122
v 0.032638 -0.426543 -0.360297
v 0.033557 -0.426549 -0.366330
v 0.012396 -0.195325 -0.791121
v 0.010643 -0.192696 -0.791093
v 0.011276 -0.189409 -0.795926
v 0.008453 -0.319043 -0.600683
v 0.007263 -0.319187 -0.596860
v 0.006442 -0.314732 -0.603676
v 0.055732 -0.397140 -0.527848
v 0.026554 -0.348884 -0.583386
v 0.028271 -0.350489 -0.583580
v 0.028456 -0.353362 -0.577776
v -0.008138 -0.178988 -0.767016
v -0.006733 -0.181674 -0.767539
v 0.041740 -0.433575 -0.376972
v 0.043281 -0.434680 -0.379375
v 0.044441 -0.437409 -0.372278
v 0.007258 -0.325277 -0.584208
v 0.006008 -0.321107 -0.589254
v 0.007463 -0.322746 -0.590273
v -0.019976 -0.101475 -0.806084
v -0.020827 -0.097110 -0.806760
v -0.019283 -0.097415 -0.810379
v 0.048468 -0.434075 -0.402843
v 0.047853 -0.431464 -0.410546
v 0.050150 -0.435526 -0.402993
v 0.064042 -0.444331 -0.410561
v 0.061464 -0.441143 -0.415281
v 0.062953 -0.441365 -0.418030
v 0.004942 -0.269318 -0.679980
v 0.003005 -0.265832 -0.681062
v 0.003935 -0.263909 -0.686072
v 0.015999 -0.241918 -0.738864
v 0.015990 -0.245433 -0.734272
v 0.014719 -0.242871 -0.735448
v 0.026903 -0.330150 -0.620884
v 0.025208 -0.325964 -0.625458
v 0.026795 -0.326056 -0.628257
v -0.003031 -0.160205 -0.797893
v -0.001573 -0.160881 -0.800517
v -0.001912 -0.165965 -0.794893
v 0.002220 -0.297914 -0.623817
v 0.000285 -0.291665 -0.630128
v 0.002593 -0.295054 -0.630089
v 0.027068 -0.266392 -0.723260
v 0.025641 -0.260536 -0.729289
v 0.027488 -0.261768 -0.730151
v 0.021701 -0.360253 -0.545803
v 0.019021 -0.356315 -0.547868
v 0.020008 -0.355062 -0.553611
v -0.000404 -0.299830 -0.612623
v -0.002439 -0.295768 -0.614359
v -0.001348 -0.294591 -0.619976
v 0.048411 -0.368285 -0.580888
v 0.047428 -0.364020 -0.588227
v 0.047010 -0.374194 -0.566616
v 0.046239 -0.375736 -0.562112
v 0.044862 -0.371323 -0.569507
v 0.009367 -0.283434 -0.666969
v 0.010090 -0.281022 -0.672598
v 0.011452 -0.286489 -0.666502
v 0.073061 -0.468743 -0.330670
v 0.075077 -0.471405 -0.323240
v 0.072264 -0.469211 -0.325950
v -0.012083 -0.188296 -0.746876
v -0.013446 -0.184446 -0.747743
v -0.012403 -0.183380 -0.751738
v -0.018887 -0.132977 -0.786293
v -0.018322 -0.137963 -0.783275
v -0.019847 -0.135067 -0.782032
v 0.017542 -0.285000 -0.681045
v 0.016765 -0.286584 -0.677037
v 0.015768 -0.281788 -0.682740
v 0.011663 -0.222873 -0.756199
v 0.012363 -0.220617 -0.760429
v 0.013306 -0.226263 -0.754695
v 0.008453 -0.354029 -0.516229
v 0.009433 -0.358159 -0.507452
v 0.009732 -0.270103 -0.689111
v 0.009370 -0.273189 -0.683627
v 0.008400 -0.269129 -0.687717
v -0.013577 -0.163831 -0.769826
v -0.015389 -0.158595 -0.770704
v -0.014140 -0.157856 -0.774551
v 0.005240 -0.322037 -0.585181
v 0.050839 -0.415903 -0.469096
v 0.049083 -0.412091 -0.476216
v 0.051401 -0.414414 -0.474716
v 0.002513 -0.328441 -0.561243
v 0.003189 -0.332198 -0.554673
v 0.007916 -0.211607 -0.763460
v 0.008969 -0.216641 -0.759238
v 0.007362 -0.214716 -0.758460
v 0.064416 -0.448061 -0.398328
v 0.064775 -0.450412 -0.390257
v 0.062507 -0.446321 -0.399802
v 0.017834 -0.291473 -0.671040
v 0.018590 -0.296033 -0.664923
v 0.057236 -0.430809 -0.438748
v -0.007225 -0.189693 -0.757213
v 0.007035 -0.341310 -0.545877
v 0.025509 -0.298593 -0.672949
v 0.026698 -0.297157 -0.677194
v 0.027595 -0.302048 -0.670685
v 0.030830 -0.303795 -0.672843
v 0.032849 -0.306580 -0.671139
v 0.032149 -0.309052 -0.666076
v -0.012849 -0.200911 -0.729581
v -0.013432 -0.203794 -0.724269
v -0.014241 -0.198828 -0.728459
v 0.005466 -0.175203 -0.800813
v 0.004813 -0.178367 -0.795986
v 0.003846 -0.172481 -0.800315
v -0.000926 -0.313025 -0.584552
v 0.000204 -0.317960 -0.577388
v 0.028391 -0.393962 -0.470140
v 0.030353 -0.397467 -0.465993
v 0.029532 -0.397820 -0.461474
v -0.007428 -0.164260 -0.784177
v -0.006112 -0.165765 -0.785732
v -0.006290 -0.170137 -0.780741
v 0.010650 -0.358850 -0.510679
v 0.011877 -0.359739 -0.513196
v 0.012386 -0.362317 -0.507210
v 0.060724 -0.426552 -0.458767
v 0.059474 -0.423108 -0.466332
v 0.062199 -0.426179 -0.462490
v 0.039780 -0.436954 -0.348549
v 0.041569 -0.438838 -0.349628
v 0.035875 -0.380848 -0.530679
v 0.034546 -0.381262 -0.526590
v 0.033636 -0.377139 -0.534771
v 0.018105 -0.308437 -0.642771
v 0.019978 -0.309142 -0.645326
v 0.000194 -0.283815 -0.643707
v 0.000770 -0.282620 -0.647515
v 0.078161 -0.480422 -0.286636
v 0.012487 -0.284345 -0.672139
v -0.004761 -0.174431 -0.779828
v -0.004935 -0.169406 -0.784633
v 0.009580 -0.213471 -0.764321
v 0.000304 -0.178456 -0.786576
v 0.002093 -0.181999 -0.786532
v 0.000748 -0.183838 -0.781716
v 0.001596 -0.303886 -0.610823
v 0.002018 -0.301140 -0.617317
v 0.003414 -0.306338 -0.611558
v -0.003867 -0.168598 -0.787871
v 0.006096 -0.208977 -0.763145
v 0.004465 -0.208831 -0.760042
v 0.049693 -0.410410 -0.482209
v 0.050122 -0.408468 -0.488596
v 0.052314 -0.412988 -0.480616
v -0.017634 -0.143698 -0.779720
v -0.019291 -0.141000 -0.778149
v 0.022886 -0.356764 -0.557310
v 0.024191 -0.360826 -0.550972
v 0.022288 -0.358481 -0.551755
v 0.050468 -0.423576 -0.445107
v 0.052243 -0.427754 -0.436280
v 0.049656 -0.424947 -0.438414
v 0.038617 -0.404619 -0.470761
v 0.038376 -0.406276 -0.464601
v 0.036209 -0.401515 -0.472954
v 0.021150 -0.328526 -0.612643
v 0.021504 -0.326313 -0.617610
v 0.023044 -0.330383 -0.613047
v 0.048000 -0.401940 -0.502120
v 0.047715 -0.399100 -0.509110
v 0.050148 -0.403258 -0.502829
v -0.006294 -0.280977 -0.629832
v -0.005946 -0.285512 -0.622726
v 0.006173 -0.333799 -0.561404
v 0.043440 -0.389029 -0.526433
v 0.044116 -0.387036 -0.532690
v 0.045776 -0.391823 -0.524089
v 0.009537 -0.317964 -0.605667
v 0.010851 -0.323853 -0.597472
v 0.063204 -0.432601 -0.445736
v 0.064588 -0.435977 -0.438328
v 0.062278 -0.433530 -0.441194
v 0.002466 -0.166373 -0.803750
v 0.020618 -0.300346 -0.661506
v 0.020017 -0.295626 -0.668284
v 0.022337 -0.300357 -0.664518
v 0.058228 -0.414756 -0.487076
v 0.060797 -0.416878 -0.485572
v 0.060464 -0.419283 -0.478696
v 0.015508 -0.299231 -0.653475
v 0.013935 -0.295757 -0.655945
v 0.014761 -0.294828 -0.659325
v -0.015691 -0.194073 -0.730413
v -0.015054 -0.200024 -0.724607
v -0.016731 -0.195710 -0.725457
v 0.046479 -0.359711 -0.595565
v 0.044051 -0.355743 -0.599981
v 0.045659 -0.355481 -0.602713
v 0.065415 -0.447686 -0.402030
v 0.066453 -0.447052 -0.406587
v 0.068062 -0.450689 -0.397288
v 0.023611 -0.261665 -0.724696
v 0.024369 -0.259761 -0.728341
v 0.025132 -0.263658 -0.724270
v 0.034440 -0.423701 -0.384782
v 0.036213 -0.425395 -0.386635
v 0.036672 -0.427669 -0.378844
v 0.018624 -0.350296 -0.560929
v 0.017774 -0.351289 -0.556133
v 0.055232 -0.404983 -0.507607
v 0.056814 -0.408442 -0.501382
v 0.054271 -0.406506 -0.502122
v -0.003920 -0.257114 -0.677518
v -0.002976 -0.255227 -0.682899
v -0.001974 -0.260676 -0.676961
v 0.029830 -0.306296 -0.667197
v -0.003494 -0.164918 -0.792435
v -0.002348 -0.171136 -0.788633
v 0.019777 -0.379514 -0.482926
v 0.018956 -0.376164 -0.490585
v 0.021283 -0.380626 -0.485708
v 0.045415 -0.395290 -0.514494
v 0.045800 -0.398016 -0.508125
v 0.011282 -0.215312 -0.765267
v 0.010109 -0.209926 -0.769659
v 0.011819 -0.211591 -0.770926
v -0.007351 -0.227008 -0.710602
v -0.006103 -0.227282 -0.713175
v 0.005032 -0.328947 -0.568837
v 0.003864 -0.328899 -0.564937
v 0.003234 -0.325459 -0.570958
v 0.020745 -0.401012 -0.398085
v 0.041216 -0.429521 -0.392317
v 0.040553 -0.426508 -0.401984
v 0.000503 -0.227655 -0.727691
v 0.002392 -0.230316 -0.728249
v 0.001591 -0.234045 -0.721750
v 0.063659 -0.453570 -0.374466
v 0.065461 -0.454670 -0.375143
v 0.066075 -0.456778 -0.367851
v 0.052870 -0.426421 -0.442185
v 0.051439 -0.422339 -0.451275
v 0.010750 -0.278362 -0.678288
v 0.012754 -0.280638 -0.678733
v 0.030143 -0.336851 -0.614368
v 0.029077 -0.332325 -0.620868
v 0.031379 -0.336703 -0.616722
v 0.034202 -0.322517 -0.646564
v 0.036452 -0.325388 -0.644799
v 0.035620 -0.328370 -0.638448
v -0.004344 -0.153572 -0.801393
v -0.003426 -0.150792 -0.805942
v -0.002651 -0.155554 -0.803231
v 0.051317 -0.419976 -0.458149
v 0.052060 -0.419333 -0.461984
v 0.053348 -0.423033 -0.453767
v -0.009739 -0.178283 -0.763950
v -0.011216 -0.177232 -0.761582
v -0.011041 -0.172400 -0.767302
v 0.024135 -0.346250 -0.583668
v 0.023054 -0.348029 -0.577255
v 0.021491 -0.342862 -0.584664
v 0.000392 -0.272178 -0.664340
v 0.001170 -0.269775 -0.670317
v 0.002405 -0.275319 -0.664229
v -0.001132 -0.233214 -0.716955
v -0.001713 -0.236536 -0.711325
v -0.002827 -0.230946 -0.715993
v 0.022913 -0.322933 -0.626716
v 0.020714 -0.321880 -0.624137
v 0.010156 -0.222289 -0.754105
v 0.010711 -0.218623 -0.759899
v 0.046015 -0.400522 -0.501663
v 0.043812 -0.399063 -0.500783
v 0.043953 -0.396556 -0.507912
v -0.024767 -0.079901 -0.807118
v -0.023617 -0.079691 -0.809964
v -0.024169 -0.084358 -0.805960
v 0.030129 -0.395279 -0.472158
v 0.027736 -0.390701 -0.478308
v 0.029961 -0.392526 -0.480273
v 0.054593 -0.430438 -0.433590
v 0.053820 -0.431303 -0.428916
v 0.014037 -0.298793 -0.651087
v 0.016037 -0.303533 -0.647033
v -0.000829 -0.266394 -0.670585
v 0.000088 -0.264166 -0.676520
v 0.006693 -0.302598 -0.627185
v 0.005396 -0.303406 -0.622512
v 0.004546 -0.298513 -0.629048
v 0.002763 -0.320289 -0.580935
v 0.004590 -0.323447 -0.579974
v 0.003939 -0.324653 -0.575020
v 0.039280 -0.401016 -0.483623
v 0.040476 -0.401245 -0.486136
v 0.041764 -0.404215 -0.480753
v 0.063192 -0.439472 -0.424733
v 0.063714 -0.437512 -0.431961
v 0.066358 -0.442498 -0.421653
v 0.019058 -0.325806 -0.613323
v 0.019697 -0.323625 -0.618838
v 0.033966 -0.403459 -0.459028
v 0.032000 -0.399325 -0.465965
v 0.034046 -0.401583 -0.465609
v 0.001690 -0.313245 -0.592442
v -0.000565 -0.308382 -0.595390
v -0.016855 -0.148841 -0.776661
v -0.018490 -0.147658 -0.773854
v 0.018859 -0.316606 -0.630008
v 0.021793 -0.284546 -0.689288
v 0.020299 -0.278366 -0.696089
v 0.022736 -0.282039 -0.694551
v 0.072542 -0.457397 -0.381781
v 0.074761 -0.459068 -0.379970
v 0.074587 -0.460357 -0.374265
v 0.025244 -0.231374 -0.767384
v 0.023605 -0.231927 -0.764207
v 0.023225 -0.226700 -0.770567
v 0.039581 -0.421328 -0.417794
v 0.040236 -0.420734 -0.422365
v 0.041890 -0.424429 -0.415238
v 0.069479 -0.441728 -0.430030
v 0.068023 -0.442064 -0.426240
v 0.066945 -0.438506 -0.435164
v 0.031842 -0.417008 -0.399181
v 0.033565 -0.418726 -0.400960
v 0.033975 -0.421246 -0.392853
v 0.034851 -0.355678 -0.585606
v 0.035972 -0.360117 -0.578366
v 0.033779 -0.356645 -0.581526
v 0.038134 -0.368535 -0.564081
v 0.037470 -0.369933 -0.559786
v 0.035776 -0.365332 -0.566792
v 0.035457 -0.297400 -0.689533
v 0.033729 -0.296727 -0.688259
v 0.033310 -0.292529 -0.694188
v 0.049464 -0.418056 -0.459551
v 0.048129 -0.414341 -0.467140
v 0.050059 -0.416879 -0.464530
v 0.004128 -0.271327 -0.674774
v 0.002061 -0.267648 -0.675914
v -0.018491 -0.109423 -0.804733
v -0.018809 -0.103450 -0.807803
v -0.017396 -0.105903 -0.809866
v 0.002381 -0.188963 -0.779272
v 0.000985 -0.188193 -0.777177
v 0.043008 -0.391271 -0.519943
v 0.041043 -0.386501 -0.527946
v 0.028123 -0.239821 -0.760373
v 0.026474 -0.236715 -0.762175
v 0.027301 -0.234148 -0.766676
v -0.022931 -0.128156 -0.780019
v -0.022905 -0.121943 -0.784622
v 0.047719 -0.440064 -0.374986
v 0.045296 -0.437128 -0.377548
v -0.012617 -0.153593 -0.782318
v -0.011474 -0.151629 -0.786943
v -0.011043 -0.157644 -0.782162
v -0.001367 -0.156192 -0.805469
v -0.002141 -0.151386 -0.808094
v 0.017302 -0.345245 -0.568952
v 0.015630 -0.340250 -0.575389
v 0.017266 -0.341763 -0.576633
v 0.032715 -0.382349 -0.518844
v 0.031195 -0.378909 -0.524152
v 0.032631 -0.379985 -0.525041
v 0.009252 -0.336490 -0.565314
v 0.007033 -0.332587 -0.567223
v 0.008002 -0.331730 -0.572211
v -0.025542 -0.082918 -0.803501
v 0.018067 -0.393334 -0.420741
v 0.023702 -0.355167 -0.562919
v 0.021364 -0.351971 -0.564343
v 0.021772 -0.349166 -0.571743
v 0.071298 -0.469658 -0.320386
v 0.070534 -0.470264 -0.314387
v 0.068032 -0.466798 -0.324137
v 0.018469 -0.312754 -0.635921
v -0.014379 -0.206112 -0.718947
v -0.012588 -0.209580 -0.719343
v -0.013306 -0.211423 -0.715096
v 0.013662 -0.369504 -0.489117
v 0.011788 -0.365657 -0.492999
v 0.012838 -0.366187 -0.496249
v 0.022325 -0.405865 -0.380338
v 0.045287 -0.419843 -0.442327
v 0.045956 -0.422935 -0.434265
v 0.043789 -0.419182 -0.439814
v -0.013748 -0.228228 -0.692979
v -0.013653 -0.232389 -0.687961
v -0.020942 -0.137673 -0.777001
v 0.011721 -0.198456 -0.786392
v -0.008081 -0.207089 -0.734000
v -0.006495 -0.212257 -0.731386
v -0.008033 -0.212553 -0.727154
v 0.033979 -0.286458 -0.704286
v 0.032592 -0.287348 -0.701189
v 0.032295 -0.283007 -0.707074
v 0.015120 -0.370542 -0.492167
v 0.015927 -0.373944 -0.484571
v 0.043935 -0.377905 -0.553604
v 0.042223 -0.375820 -0.555336
v 0.042661 -0.373647 -0.560905
v 0.036093 -0.405855 -0.458468
v 0.036138 -0.403837 -0.465356
v -0.008515 -0.172400 -0.773356
v -0.009283 -0.167068 -0.776971
v -0.008001 -0.168062 -0.779023
v 0.010896 -0.355828 -0.521254
v 0.010164 -0.356251 -0.516671
v 0.008818 -0.352522 -0.522369
v 0.017110 -0.330293 -0.600241
v 0.018959 -0.334914 -0.595329
v 0.016956 -0.333947 -0.592473
v -0.008519 -0.183995 -0.760567
v 0.030001 -0.422407 -0.364448
v 0.031349 -0.423573 -0.367435
v 0.007295 -0.198991 -0.777396
v 0.005739 -0.198731 -0.774659
v 0.005737 -0.193756 -0.780402
v -0.001264 -0.187341 -0.773278
v 0.000229 -0.190198 -0.773342
v -0.000571 -0.193422 -0.767864
v -0.019591 -0.118042 -0.796121
v -0.020897 -0.114648 -0.795146
v -0.019740 -0.112207 -0.799914
v 0.002983 -0.209186 -0.756574
v 0.001271 -0.204225 -0.758986
v 0.002811 -0.203897 -0.762573
v 0.001702 -0.192420 -0.773863
v 0.003048 -0.194416 -0.774278
v 0.025426 -0.292183 -0.683256
v 0.027643 -0.294713 -0.682720
v 0.020081 -0.394835 -0.426579
v 0.020301 -0.394272 -0.430730
v 0.044873 -0.360143 -0.592531
v -0.018528 -0.158690 -0.762688
v -0.016986 -0.158872 -0.766508
v -0.017065 -0.164264 -0.760706
v 0.021162 -0.234310 -0.757275
v 0.021492 -0.238282 -0.752554
v 0.020072 -0.235900 -0.753506
v 0.020579 -0.338818 -0.591083
v 0.019412 -0.338615 -0.588682
v 0.013430 -0.273186 -0.691584
v 0.011600 -0.271843 -0.690136
v 0.011917 -0.268852 -0.695204
v -0.016939 -0.126526 -0.796276
v -0.018330 -0.122335 -0.796185
v -0.017027 -0.121382 -0.800116
v 0.024294 -0.276841 -0.704707
v 0.025501 -0.282338 -0.698425
v 0.023650 -0.279879 -0.699224
v 0.036807 -0.302496 -0.683234
v 0.037133 -0.306844 -0.676614
v 0.035127 -0.301282 -0.682925
v -0.008944 -0.254895 -0.667088
v -0.007087 -0.261797 -0.661115
v -0.008969 -0.258613 -0.661001
v -0.010619 -0.143045 -0.796897
v -0.012211 -0.144993 -0.791435
v -0.012606 -0.136764 -0.798027
v -0.006219 -0.136634 -0.812413
v -0.007587 -0.138020 -0.808209
v 0.030669 -0.376242 -0.529663
v 0.029501 -0.376136 -0.526876
v 0.023336 -0.316894 -0.638139
v 0.025464 -0.320277 -0.636069
v 0.024312 -0.321700 -0.631486
v 0.028676 -0.388137 -0.489537
v 0.029913 -0.388119 -0.493726
v 0.031402 -0.392519 -0.485319
v 0.050134 -0.433802 -0.409246
v 0.051998 -0.437032 -0.403530
v 0.048039 -0.380195 -0.555105
v 0.047970 -0.377605 -0.560756
v 0.049864 -0.380913 -0.556243
v 0.028458 -0.383890 -0.501820
v 0.029480 -0.383369 -0.506561
v 0.031223 -0.388256 -0.497721
v 0.024238 -0.255710 -0.733630
v 0.022987 -0.257190 -0.729792
v 0.075156 -0.469885 -0.331041
v 0.053272 -0.402252 -0.511263
v 0.019499 -0.349681 -0.564743
v 0.020750 -0.353720 -0.558825
v -0.005165 -0.246264 -0.690584
v -0.006875 -0.240548 -0.694244
v -0.004945 -0.241724 -0.697273
v 0.020167 -0.224109 -0.769161
v 0.020634 -0.229308 -0.763069
v 0.018751 -0.225406 -0.765205
v 0.030606 -0.379713 -0.520462
v 0.032222 -0.384081 -0.512865
v 0.029870 -0.380288 -0.516766
v 0.006069 -0.344019 -0.535320
v 0.021367 -0.393071 -0.441964
v 0.023795 -0.396986 -0.438912
v 0.005474 -0.224474 -0.742147
v 0.007249 -0.229312 -0.739373
v 0.005434 -0.229683 -0.735264
v 0.036860 -0.344483 -0.611095
v 0.038898 -0.347224 -0.608998
v 0.037826 -0.349561 -0.602858
v 0.029138 -0.408001 -0.420777
v 0.029155 -0.409876 -0.413382
v 0.027260 -0.405249 -0.422084
v 0.022505 -0.371237 -0.519184
v 0.022264 -0.373105 -0.512972
v 0.020161 -0.368047 -0.520374
v 0.048088 -0.420506 -0.448363
v 0.046134 -0.417674 -0.451699
v 0.046627 -0.416586 -0.456527
v 0.034673 -0.291707 -0.697347
v 0.035364 -0.344232 -0.609168
v 0.035020 -0.347541 -0.602228
v -0.002019 -0.194542 -0.763301
v -0.003638 -0.190567 -0.764333
v -0.002458 -0.189094 -0.768741
v 0.023496 -0.341423 -0.592206
v 0.021047 -0.336585 -0.596755
v 0.023051 -0.337225 -0.599822
v -0.011187 -0.120502 -0.814947
v 0.042971 -0.345700 -0.617627
v 0.043777 -0.343762 -0.622276
v 0.044679 -0.347561 -0.616446
v 0.028597 -0.372576 -0.533654
v 0.029888 -0.372700 -0.536687
v 0.074307 -0.472185 -0.316846
v 0.076424 -0.475457 -0.306655
v 0.073296 -0.472666 -0.311200
v 0.023949 -0.271962 -0.711082
v 0.025392 -0.275267 -0.708578
v 0.043624 -0.440540 -0.352522
v 0.044346 -0.443070 -0.342901
v 0.025465 -0.414619 -0.370647
v 0.025590 -0.412907 -0.378487
v 0.027608 -0.417727 -0.370969
v -0.009842 -0.225610 -0.706272
v -0.011107 -0.226844 -0.701578
v -0.011577 -0.220948 -0.707760
v -0.013646 -0.170404 -0.762900
v -0.012195 -0.173009 -0.763798
v -0.012597 -0.175994 -0.759605
v -0.009729 -0.126584 -0.813409
v -0.008951 -0.131919 -0.810608
v 0.021398 -0.222669 -0.773049
v 0.022701 -0.221142 -0.777021
v 0.041761 -0.340968 -0.624710
v 0.040787 -0.342943 -0.619784
v 0.020003 -0.341841 -0.583191
v 0.045708 -0.381786 -0.547904
v 0.045694 -0.384758 -0.541002
v 0.043409 -0.379918 -0.548177
v 0.061189 -0.457323 -0.349108
v 0.042932 -0.339384 -0.629039
v 0.029190 -0.328502 -0.628061
v 0.027563 -0.323156 -0.634830
v 0.029733 -0.325562 -0.634189
v 0.030994 -0.403075 -0.448884
v 0.032546 -0.406819 -0.441254
v 0.030162 -0.403331 -0.444246
v 0.013035 -0.232522 -0.746132
v 0.014482 -0.238689 -0.740526
v 0.012881 -0.239467 -0.736726
v 0.018884 -0.395777 -0.413446
v 0.022186 -0.267624 -0.714492
v 0.023711 -0.268165 -0.716064
v -0.012380 -0.197347 -0.735119
v -0.013951 -0.195549 -0.733118
v -0.013535 -0.191835 -0.738751
v 0.028815 -0.300553 -0.674979
v 0.057370 -0.448871 -0.374522
v 0.059797 -0.451573 -0.370878
v 0.059064 -0.452478 -0.364314
v 0.079467 -0.471615 -0.333639
v 0.077559 -0.470988 -0.332054
v 0.077247 -0.469211 -0.339807
v 0.015100 -0.362824 -0.517136
v 0.015044 -0.360261 -0.524403
v 0.016900 -0.364818 -0.518020
v 0.039705 -0.417956 -0.429984
v 0.038285 -0.414113 -0.437850
v 0.040118 -0.416312 -0.437013
v 0.001226 -0.218401 -0.741135
v 0.002552 -0.221024 -0.740682
v 0.001682 -0.221999 -0.737458
v 0.021153 -0.308074 -0.649318
v 0.022247 -0.312241 -0.644203
v -0.018125 -0.116062 -0.801330
v -0.010579 -0.232734 -0.695391
v -0.011961 -0.234192 -0.689878
v -0.012439 -0.227854 -0.696970
v 0.015676 -0.384779 -0.444749
v 0.005901 -0.328093 -0.573625
v 0.015857 -0.368379 -0.502676
v 0.013951 -0.366471 -0.500801
v 0.013719 -0.363891 -0.508238
v 0.026172 -0.383931 -0.493849
v 0.024899 -0.380120 -0.501229
v 0.027359 -0.384069 -0.497578
v 0.034044 -0.410670 -0.433100
v 0.033050 -0.410812 -0.428510
v 0.031729 -0.407174 -0.436243
v 0.011792 -0.226467 -0.751706
v 0.008245 -0.336667 -0.561406
v 0.006838 -0.272619 -0.679044
v 0.008782 -0.275674 -0.678389
v 0.008034 -0.277955 -0.673074
v 0.024325 -0.402553 -0.417267
v 0.021913 -0.398978 -0.418339
v 0.033408 -0.368992 -0.553719
v 0.032043 -0.364646 -0.560659
v 0.033672 -0.366380 -0.560296
v 0.032627 -0.351842 -0.589246
v 0.038363 -0.312458 -0.669007
v 0.036503 -0.309723 -0.671077
v 0.015852 -0.200961 -0.790760
v 0.014850 -0.202302 -0.787420
v 0.014054 -0.197620 -0.791475
v -0.019873 -0.106417 -0.803224
v 0.024072 -0.219556 -0.781132
v 0.022158 -0.215580 -0.783341
v -0.024627 -0.075480 -0.809915
v 0.046006 -0.364703 -0.584874
v 0.044737 -0.365637 -0.581148
v 0.079165 -0.468707 -0.346919
v 0.078691 -0.467121 -0.353502
v 0.056037 -0.437621 -0.413494
v 0.058498 -0.440118 -0.411306
v 0.057953 -0.441619 -0.404666
v 0.010260 -0.341155 -0.557366
v 0.007107 -0.349645 -0.523600
v -0.009364 -0.207080 -0.730764
v -0.009741 -0.202436 -0.735742
v -0.002709 -0.289012 -0.626144
v -0.001102 -0.291588 -0.626259
v 0.020920 -0.290725 -0.677877
v 0.021327 -0.287910 -0.683119
v 0.023121 -0.293937 -0.676559
v -0.020358 -0.143778 -0.772907
v 0.012580 -0.304094 -0.638726
v 0.014231 -0.309671 -0.632474
v 0.011831 -0.306432 -0.632869
v 0.024571 -0.225109 -0.774588
v 0.059214 -0.439211 -0.416376
v 0.056516 -0.435274 -0.422658
v 0.047769 -0.406279 -0.489637
v 0.045418 -0.403614 -0.491714
v 0.046199 -0.402779 -0.495887
v -0.023707 -0.108746 -0.791643
v -0.024023 -0.102048 -0.795339
v -0.022506 -0.105237 -0.797277
v 0.011529 -0.328056 -0.590501
v 0.009477 -0.324602 -0.592070
v 0.003171 -0.282644 -0.653678
v 0.005243 -0.286706 -0.651862
v 0.046227 -0.425407 -0.426811
v 0.048625 -0.430091 -0.418124
v 0.045928 -0.427105 -0.419985
v -0.006413 -0.236031 -0.701301
v 0.054196 -0.440764 -0.396455
v 0.002312 -0.261275 -0.686394
v 0.001042 -0.261694 -0.682711
v 0.046467 -0.431318 -0.406291
v 0.047836 -0.434674 -0.398256
v 0.034887 -0.410323 -0.438189
v 0.035947 -0.409976 -0.443688
v 0.037223 -0.414030 -0.434334
v 0.049321 -0.372404 -0.573701
v 0.039583 -0.337835 -0.627414
v 0.037692 -0.335226 -0.629338
v 0.038230 -0.331827 -0.636110
v 0.026682 -0.406086 -0.415586
v 0.059884 -0.460650 -0.325257
v 0.062696 -0.463125 -0.323588
v 0.062857 -0.464500 -0.316214
v 0.016149 -0.379996 -0.464736
v 0.014685 -0.378804 -0.461076
v 0.013811 -0.375057 -0.470186
v 0.038415 -0.417724 -0.425907
v 0.036206 -0.414177 -0.429687
v -0.001962 -0.268732 -0.663957
v -0.004231 -0.263376 -0.666525
v -0.002965 -0.262498 -0.671388
v -0.008663 -0.224090 -0.710935
v 0.034627 -0.386674 -0.512231
v 0.036968 -0.391643 -0.504611
v 0.034640 -0.389053 -0.505388
v 0.043372 -0.433460 -0.385284
v 0.054667 -0.445408 -0.379419
v 0.053943 -0.446237 -0.373335
v 0.052058 -0.442917 -0.380476
v 0.035265 -0.418179 -0.410829
v 0.036812 -0.422114 -0.403196
v 0.035235 -0.420405 -0.402624
v 0.034921 -0.305104 -0.676531
v 0.034842 -0.309376 -0.669438
v 0.046951 -0.395705 -0.516544
v 0.048362 -0.395361 -0.520059
v 0.034096 -0.343557 -0.608254
v 0.033496 -0.340362 -0.613336
v 0.003119 -0.308489 -0.606440
v 0.003967 -0.312885 -0.600146
v 0.001950 -0.308054 -0.603947
v 0.004540 -0.241466 -0.718240
v 0.002972 -0.239024 -0.718185
v 0.003593 -0.236112 -0.723116
v 0.025998 -0.246569 -0.748387
v 0.024060 -0.247763 -0.743985
v 0.024069 -0.243087 -0.750133
v 0.014520 -0.205562 -0.783054
v 0.016376 -0.206792 -0.784690
v 0.015780 -0.210668 -0.779041
v 0.071965 -0.466501 -0.338870
v 0.069803 -0.463734 -0.346390
v 0.071482 -0.464772 -0.346287
v 0.043611 -0.366808 -0.577020
v 0.041049 -0.363117 -0.580633
v 0.042440 -0.362255 -0.584615
v -0.007359 -0.218079 -0.721902
v -0.006282 -0.217258 -0.725516
v -0.021962 -0.117565 -0.790421
v -0.023492 -0.114983 -0.788220
v 0.024333 -0.375804 -0.512217
v 0.066640 -0.450783 -0.393434
v -0.022578 -0.097600 -0.801953
v 0.035662 -0.317930 -0.656351
v 0.033855 -0.314551 -0.659372
v 0.035396 -0.314321 -0.662012
v 0.040746 -0.336119 -0.632035
v 0.014019 -0.284929 -0.674404
v 0.015818 -0.287940 -0.672907
v 0.014683 -0.288803 -0.669306
v 0.041864 -0.416038 -0.443935
v 0.042686 -0.415375 -0.448772
v 0.035721 -0.422897 -0.394632
v 0.037304 -0.424338 -0.396423
v -0.024430 -0.095269 -0.798590
v 0.024228 -0.404024 -0.409339
v 0.024979 -0.406727 -0.402099
v 0.023298 -0.403743 -0.404569
v 0.057240 -0.451549 -0.361863
v 0.059204 -0.454494 -0.355511
v 0.056832 -0.410771 -0.495220
v 0.058755 -0.412504 -0.493986
v 0.030360 -0.408624 -0.424510
v 0.028685 -0.404287 -0.433350
v 0.030999 -0.407630 -0.431004
v 0.028554 -0.359507 -0.564572
v 0.028236 -0.362132 -0.557997
v 0.026762 -0.357738 -0.564629
v -0.021202 -0.123017 -0.788277
v 0.015265 -0.247179 -0.730656
v 0.016877 -0.249289 -0.730538
v -0.021128 -0.102815 -0.802306
v 0.025082 -0.313749 -0.646813
v 0.023041 -0.309863 -0.649857
v 0.025067 -0.310007 -0.653174
v 0.015164 -0.381955 -0.452583
v 0.058434 -0.417848 -0.479033
v 0.060304 -0.421707 -0.471700
v 0.030521 -0.342974 -0.603292
v 0.029883 -0.338782 -0.610101
v 0.032198 -0.341684 -0.608692
v -0.013623 -0.145219 -0.787816
v -0.013945 -0.140163 -0.791734
v 0.032102 -0.362258 -0.566068
v 0.030302 -0.360854 -0.565480
v 0.030310 -0.357843 -0.572042
v 0.008769 -0.204384 -0.773853
v 0.008373 -0.208311 -0.768470
v 0.065666 -0.467772 -0.309316
v 0.064775 -0.465834 -0.316740
v 0.067052 -0.468167 -0.312939
v 0.058829 -0.409847 -0.501036
v 0.061235 -0.414334 -0.493036
v 0.024454 -0.334289 -0.608504
v 0.025319 -0.338565 -0.601802
v 0.022933 -0.333419 -0.607008
v 0.030805 -0.282781 -0.705359
v 0.037203 -0.433264 -0.353199
v 0.037710 -0.422081 -0.407253
v 0.049936 -0.442643 -0.373189
v 0.052205 -0.444804 -0.372621
v 0.052161 -0.446501 -0.364717
v 0.005887 -0.183822 -0.792066
v 0.006112 -0.180307 -0.796447
v 0.007314 -0.184411 -0.794130
v 0.035746 -0.373658 -0.547982
v 0.037239 -0.374230 -0.549563
v 0.038007 -0.377452 -0.543619
v -0.017438 -0.169000 -0.754719
v -0.018546 -0.163376 -0.757791
v 0.079620 -0.470458 -0.339437
v 0.057974 -0.426878 -0.452408
v 0.058149 -0.424080 -0.461038
v 0.060743 -0.429259 -0.450922
v 0.052031 -0.402381 -0.508809
v 0.050966 -0.398954 -0.515622
v 0.051582 -0.447622 -0.357224
v 0.049514 -0.443709 -0.366475
v 0.042684 -0.400241 -0.494820
v -0.001046 -0.258561 -0.682546
v -0.001787 -0.204499 -0.751950
v -0.001911 -0.199451 -0.757784
v -0.000232 -0.204465 -0.755397
v 0.014155 -0.248838 -0.726638
v 0.013914 -0.244620 -0.731697
v 0.053229 -0.418630 -0.466622
v -0.007829 -0.235101 -0.699008
v -0.008008 -0.230098 -0.705165
v 0.015180 -0.222166 -0.763430
v 0.017169 -0.227419 -0.759952
v 0.015117 -0.226925 -0.757145
v -0.004521 -0.270815 -0.653205
v -0.005369 -0.271887 -0.648870
v -0.006312 -0.267265 -0.654236
v -0.015047 -0.211730 -0.709850
v -0.001596 -0.218276 -0.735082
v -0.000258 -0.222734 -0.732367
v -0.001577 -0.223651 -0.728294
v 0.018453 -0.220162 -0.771546
v 0.016659 -0.220415 -0.768268
v 0.012133 -0.367960 -0.486876
v 0.069313 -0.462125 -0.352893
v 0.068851 -0.460071 -0.361066
v 0.072073 -0.463885 -0.352196
v 0.060561 -0.410782 -0.501149
v 0.077450 -0.478373 -0.295363
v 0.078819 -0.478151 -0.300527
v 0.004448 -0.278665 -0.663478
v 0.003179 -0.273191 -0.669648
v -0.017457 -0.134642 -0.788216
v -0.015727 -0.136404 -0.790863
v -0.016745 -0.140268 -0.785066
v -0.018356 -0.128586 -0.791159
v -0.016873 -0.131296 -0.792616
v 0.016788 -0.362628 -0.524161
v 0.015407 -0.358596 -0.530461
v -0.013031 -0.120258 -0.810587
v -0.013900 -0.112173 -0.814379
v -0.002494 -0.303986 -0.597982
v 0.021894 -0.404291 -0.388705
v -0.008765 -0.189143 -0.754041
v -0.006982 -0.195948 -0.750234
v 0.020821 -0.217297 -0.779045
v 0.000987 -0.194602 -0.769863
v 0.002580 -0.198091 -0.769082
v 0.001119 -0.198941 -0.764951
v 0.047188 -0.407939 -0.483696
v 0.016579 -0.371601 -0.495261
v 0.017502 -0.375106 -0.487492
v 0.030139 -0.322467 -0.640339
v 0.028753 -0.317553 -0.646543
v 0.030472 -0.319671 -0.645708
v 0.018563 -0.339178 -0.585321
v 0.032317 -0.410954 -0.424424
v 0.034220 -0.414347 -0.420392
v 0.028049 -0.341787 -0.600968
v 0.026136 -0.336853 -0.606854
v 0.027885 -0.337263 -0.609302
v 0.019855 -0.273063 -0.703186
v 0.018322 -0.273090 -0.700471
v 0.038574 -0.430923 -0.373585
v 0.039506 -0.433353 -0.366779
v 0.037288 -0.429879 -0.371271
v 0.016907 -0.385695 -0.447730
v 0.034997 -0.339656 -0.617155
v 0.032593 -0.335712 -0.620582
v 0.025226 -0.360360 -0.554817
v 0.059095 -0.434581 -0.431168
v 0.061155 -0.438285 -0.423920
v 0.058990 -0.436859 -0.423658
v 0.040685 -0.436211 -0.358352
v 0.017053 -0.280510 -0.687161
v 0.019230 -0.286053 -0.682370
v 0.032235 -0.395790 -0.477958
v 0.033815 -0.397016 -0.479172
v 0.003741 -0.299706 -0.624773
v 0.021572 -0.295174 -0.671902
v 0.024225 -0.300322 -0.667890
v 0.021043 -0.304695 -0.654848
v 0.022782 -0.305097 -0.657387
v 0.000097 -0.219208 -0.737701
v 0.024423 -0.266094 -0.719889
v 0.022802 -0.264132 -0.720187
v 0.015005 -0.277485 -0.687996
v 0.015331 -0.274158 -0.693728
v 0.021121 -0.389264 -0.455586
v 0.019798 -0.388835 -0.450961
v 0.018623 -0.384786 -0.459819
v 0.033771 -0.405126 -0.452514
v 0.036045 -0.407814 -0.451523
v 0.076700 -0.466053 -0.353827
v -0.003757 -0.250604 -0.687849
v -0.001975 -0.252876 -0.688740
v 0.022186 -0.402850 -0.400845
v 0.021106 -0.399839 -0.408633
v 0.045600 -0.387118 -0.535302
v 0.043714 -0.383452 -0.540567
v 0.079731 -0.476766 -0.309737
v 0.078602 -0.476794 -0.306386
v 0.033150 -0.281033 -0.711111
v 0.034999 -0.426079 -0.376788
v 0.035614 -0.428427 -0.368840
v 0.028287 -0.306235 -0.664801
v 0.054033 -0.433504 -0.422005
v 0.034278 -0.373390 -0.545327
v -0.009949 -0.249644 -0.672733
v -0.008485 -0.252387 -0.672611
v 0.036955 -0.322121 -0.651118
v 0.037083 -0.318577 -0.657275
v 0.038986 -0.323439 -0.651678
v 0.032012 -0.319702 -0.648006
v 0.032036 -0.323980 -0.640636
v 0.031787 -0.327623 -0.633915
v 0.033938 -0.329267 -0.634400
v 0.021597 -0.313929 -0.640014
v 0.049718 -0.399887 -0.511001
v 0.005195 -0.219281 -0.748336
v 0.003685 -0.219823 -0.744617
v 0.003090 -0.226406 -0.734796
v 0.004050 -0.224294 -0.739531
v 0.035624 -0.337192 -0.622651
v 0.035188 -0.333925 -0.627959
v 0.036750 -0.336804 -0.625116
v 0.019328 -0.343208 -0.578612
v 0.001761 -0.215394 -0.746117
v -0.000010 -0.214367 -0.743610
v 0.044522 -0.421927 -0.433026
v 0.020246 -0.393031 -0.436149
v 0.019050 -0.214297 -0.780015
v 0.019864 -0.211103 -0.785349
v 0.025131 -0.385625 -0.484516
v 0.025034 -0.383568 -0.490966
v 0.027065 -0.387396 -0.486370
v 0.028864 -0.399898 -0.451654
v 0.001245 -0.289292 -0.636980
v 0.047735 -0.444738 -0.352724
v 0.048845 -0.444497 -0.359517
v 0.051303 -0.449082 -0.348167
v 0.019708 -0.219099 -0.774966
v -0.023129 -0.068038 -0.817068
v -0.023282 -0.074539 -0.813574
v -0.024271 -0.071208 -0.812798
v 0.035855 -0.354462 -0.589770
v 0.034033 -0.352118 -0.591405
v 0.034528 -0.350281 -0.595821
v 0.037096 -0.358916 -0.582804
v 0.038299 -0.357183 -0.588357
v 0.052153 -0.398737 -0.518375
v -0.000665 -0.180438 -0.782314
v 0.020969 -0.250471 -0.735661
v 0.019331 -0.246991 -0.737739
v 0.021566 -0.246634 -0.741756
v 0.020058 -0.385499 -0.463959
v 0.000389 -0.299006 -0.616771
v 0.000466 -0.296018 -0.622366
v 0.046014 -0.444537 -0.344886
v 0.048328 -0.448050 -0.338629
v 0.046665 -0.446547 -0.337589
v 0.001867 -0.277910 -0.658383
v -0.000125 -0.275273 -0.657781
v -0.000350 -0.185267 -0.777783
v -0.011693 -0.166332 -0.771884
v -0.010120 -0.169291 -0.772707
v -0.015059 -0.142884 -0.786648
v -0.015944 -0.146325 -0.781245
v 0.001582 -0.281535 -0.651407
v 0.029741 -0.251352 -0.747174
v 0.027876 -0.247599 -0.749738
v 0.028896 -0.245523 -0.753915
v -0.001430 -0.301272 -0.606937
v -0.001335 -0.304427 -0.600874
v -0.002745 -0.300910 -0.603404
v 0.031323 -0.268612 -0.725995
v 0.021106 -0.345051 -0.579083
v -0.004989 -0.217016 -0.728940
v -0.004553 -0.228682 -0.715009
v -0.003495 -0.234078 -0.710476
v -0.009978 -0.209921 -0.725698
v 0.032686 -0.413307 -0.417605
v 0.033226 -0.416174 -0.409134
v 0.070546 -0.466518 -0.334469
v 0.041769 -0.401737 -0.488140
v 0.038951 -0.397836 -0.492078
v -0.025295 -0.043819 -0.817791
v -0.004467 -0.286802 -0.624817
v -0.004557 -0.290912 -0.616887
v 0.018785 -0.391662 -0.433285
v 0.037937 -0.426831 -0.388676
v 0.039370 -0.427986 -0.390909
v 0.035959 -0.332590 -0.631580
v 0.025994 -0.380058 -0.505058
v 0.033310 -0.406280 -0.446477
v 0.036713 -0.383956 -0.524714
v 0.037905 -0.384235 -0.526828
v 0.028177 -0.320383 -0.640751
v -0.013112 -0.188809 -0.743489
v -0.011909 -0.193482 -0.741136
v 0.026690 -0.355033 -0.570338
v -0.012789 -0.237381 -0.683386
v 0.006902 -0.265906 -0.689408
v 0.006261 -0.260657 -0.695882
v 0.008233 -0.265452 -0.692821
v -0.018266 -0.095012 -0.814389
v -0.019157 -0.091845 -0.814188
v -0.010613 -0.213908 -0.718900
v 0.031184 -0.314852 -0.654941
v 0.032952 -0.317248 -0.653623
v 0.016449 -0.268480 -0.703908
v 0.014557 -0.263828 -0.707196
v 0.016220 -0.263592 -0.710315
v 0.010162 -0.294616 -0.649858
v 0.010290 -0.291667 -0.655182
v 0.012260 -0.297614 -0.649199
v 0.024406 -0.304927 -0.660517
v 0.049829 -0.394529 -0.524730
v 0.052465 -0.396513 -0.524269
v 0.029346 -0.258466 -0.737126
v 0.027728 -0.257389 -0.736419
v 0.028166 -0.252914 -0.743005
v 0.023659 -0.384986 -0.480790
v 0.024272 -0.388083 -0.473397
v 0.022055 -0.383833 -0.478257
v 0.056822 -0.432752 -0.431805
v 0.017635 -0.241799 -0.741769
v 0.017413 -0.246067 -0.735735
v 0.007283 -0.295707 -0.641081
v 0.008305 -0.300252 -0.635435
v 0.006365 -0.296122 -0.638016
v 0.033524 -0.324737 -0.641706
v 0.067593 -0.446498 -0.410942
v 0.065066 -0.443563 -0.415451
v -0.003568 -0.296692 -0.608878
v 0.009407 -0.346618 -0.540858
v 0.019428 -0.346917 -0.570785
v -0.022775 -0.084558 -0.809476
v 0.065477 -0.462080 -0.340601
v 0.066564 -0.464009 -0.334089
v 0.064409 -0.461630 -0.339055
v 0.013737 -0.313034 -0.625365
v 0.016017 -0.315397 -0.626100
v 0.011489 -0.345795 -0.550200
v 0.037358 -0.341555 -0.617330
v 0.025662 -0.363721 -0.548032
v 0.027342 -0.368108 -0.541713
v 0.024582 -0.364439 -0.543407
v -0.010728 -0.241238 -0.683443
v -0.011709 -0.243885 -0.676865
v 0.039333 -0.317272 -0.662308
v 0.026459 -0.303471 -0.666518
v 0.027089 -0.362390 -0.554638
v 0.028783 -0.365778 -0.550720
v 0.027254 -0.364965 -0.548928
v 0.006024 -0.274687 -0.673876
v 0.007254 -0.280182 -0.667646
v -0.022070 -0.140192 -0.771779
v -0.021375 -0.147013 -0.767101
v 0.067572 -0.463799 -0.338919
v 0.033381 -0.304338 -0.675651
v 0.062878 -0.429911 -0.452989
v 0.054450 -0.392938 -0.535883
v 0.044934 -0.392664 -0.520275
v -0.004971 -0.200620 -0.749361
v -0.004374 -0.206972 -0.742957
v -0.006058 -0.202069 -0.745155
v -0.024377 -0.057616 -0.817744
v -0.024125 -0.063027 -0.816748
v -0.025695 -0.063337 -0.812594
v -0.003027 -0.281108 -0.639633
v -0.004245 -0.282723 -0.632969
v -0.005244 -0.276019 -0.641951
v 0.003481 -0.176213 -0.795617
v 0.004015 -0.181942 -0.790516
v 0.053594 -0.451100 -0.348941
v 0.054789 -0.453908 -0.339465
v 0.035005 -0.377175 -0.537941
v 0.037253 -0.380984 -0.533499
v 0.014707 -0.283221 -0.678509
v 0.058998 -0.407240 -0.507843
v 0.056921 -0.405890 -0.508087
v 0.016325 -0.307719 -0.640435
v 0.016693 -0.312495 -0.632701
v 0.017041 -0.361378 -0.528567
v 0.018229 -0.364368 -0.524180
v -0.010977 -0.203401 -0.731192
v -0.011001 -0.198824 -0.736815
v 0.070415 -0.445116 -0.421125
v 0.071231 -0.448359 -0.411819
v -0.012873 -0.130539 -0.802782
v -0.014165 -0.130455 -0.799802
v -0.013749 -0.125627 -0.804708
v 0.018000 -0.263142 -0.713954
v 0.020176 -0.265119 -0.714777
v 0.019758 -0.268696 -0.709169
v 0.026479 -0.351769 -0.577133
v 0.038087 -0.412091 -0.444313
v 0.003357 -0.293109 -0.635753
v -0.003683 -0.268718 -0.659085
v -0.002651 -0.274534 -0.652021
v -0.003545 -0.221919 -0.726053
v -0.003445 -0.216921 -0.732594
v 0.072753 -0.455924 -0.387895
v 0.014914 -0.268819 -0.700697
v 0.013328 -0.268951 -0.697656
v 0.013019 -0.264140 -0.703982
v 0.040323 -0.371743 -0.561037
v 0.038921 -0.367574 -0.567623
v 0.038627 -0.339944 -0.622225
v 0.039904 -0.345158 -0.614345
v 0.011360 -0.330572 -0.584875
v 0.013527 -0.335905 -0.579315
v 0.011506 -0.334498 -0.576584
v 0.015610 -0.328939 -0.599330
v 0.040445 -0.410616 -0.457076
v 0.040339 -0.412508 -0.450392
v -0.013651 -0.179918 -0.752375
v 0.034943 -0.319903 -0.652104
v -0.000547 -0.252875 -0.692269
v 0.001031 -0.257243 -0.689361
v -0.000303 -0.256676 -0.687155
v 0.007500 -0.344813 -0.538555
v 0.005368 -0.340088 -0.542730
v 0.040136 -0.351552 -0.602458
v 0.040144 -0.353995 -0.597682
v 0.046898 -0.390915 -0.528433
v 0.036653 -0.385991 -0.519328
v 0.039048 -0.390672 -0.512532
v 0.036750 -0.388631 -0.512405
v 0.000813 -0.252875 -0.695220
v 0.020993 -0.261979 -0.720335
v 0.018990 -0.259626 -0.720304
v 0.012516 -0.314077 -0.620465
v 0.010217 -0.309533 -0.623472
v 0.011737 -0.309763 -0.626512
v 0.081052 -0.481049 -0.292749
v -0.017927 -0.090459 -0.818019
v -0.017242 -0.095347 -0.816762
v 0.032547 -0.348403 -0.596152
v 0.033030 -0.346265 -0.601171
v 0.044117 -0.423060 -0.427934
v 0.042294 -0.418747 -0.436565
v 0.006163 -0.235660 -0.728974
v 0.007591 -0.238551 -0.728019
v 0.006902 -0.240169 -0.724482
v 0.024812 -0.294392 -0.678720
v 0.015818 -0.347906 -0.558609
v 0.014295 -0.343841 -0.563494
v 0.016429 -0.346648 -0.563136
v -0.020202 -0.093024 -0.810802
v -0.021630 -0.090601 -0.808746
v 0.027619 -0.410701 -0.401285
v 0.025934 -0.407738 -0.403763
v 0.026273 -0.406975 -0.408953
v -0.001835 -0.181897 -0.778351
v 0.076966 -0.467660 -0.346835
v 0.032225 -0.419484 -0.390989
v 0.029879 -0.414708 -0.397892
v 0.068911 -0.463928 -0.342751
v -0.001060 -0.175836 -0.786492
v -0.000514 -0.172185 -0.791606
v 0.013004 -0.302001 -0.643304
v 0.014503 -0.306438 -0.638843
v 0.047661 -0.423956 -0.436063
v -0.000311 -0.166348 -0.797819
v 0.012537 -0.244597 -0.729275
v 0.010646 -0.244429 -0.726132
v 0.010861 -0.239279 -0.733222
v 0.068895 -0.446469 -0.413641
v 0.013037 -0.326847 -0.597113
v 0.011711 -0.321745 -0.603810
v 0.013833 -0.325035 -0.602741
v 0.028325 -0.410309 -0.406999
v 0.051837 -0.404037 -0.504091
v 0.019177 -0.290186 -0.675599
v 0.027002 -0.396805 -0.454983
v 0.027573 -0.399347 -0.447850
v 0.025045 -0.394316 -0.455365
v 0.038781 -0.425455 -0.398701
v 0.036622 -0.393434 -0.498413
v 0.041980 -0.420502 -0.429322
v 0.021356 -0.254469 -0.730980
v 0.020090 -0.251773 -0.732482
v 0.032120 -0.376782 -0.531991
v 0.020652 -0.331511 -0.605836
v 0.018487 -0.327642 -0.608516
v 0.057085 -0.454189 -0.348615
v 0.054555 -0.450753 -0.354927
v 0.056979 -0.452719 -0.355483
v 0.012787 -0.345906 -0.553994
v 0.011977 -0.341321 -0.562432
v 0.014422 -0.346811 -0.556876
v 0.001002 -0.176112 -0.790712
v 0.081423 -0.475783 -0.318459
v 0.081520 -0.477320 -0.311504
v 0.078568 -0.473844 -0.320713
v 0.005695 -0.291648 -0.644336
v 0.022625 -0.272478 -0.708360
v 0.021032 -0.361418 -0.540996
v 0.021742 -0.364819 -0.534282
v 0.019474 -0.360097 -0.539697
v -0.014559 -0.217148 -0.704603
v 0.042205 -0.392576 -0.514738
v 0.041666 -0.394144 -0.509352
v -0.005870 -0.158837 -0.792924
v -0.004617 -0.159369 -0.795299
v -0.005100 -0.164023 -0.789754
v 0.048243 -0.439511 -0.379897
v 0.047713 -0.437386 -0.386766
v -0.005043 -0.251300 -0.683660
v -0.004121 -0.185105 -0.769583
v -0.002920 -0.183599 -0.773967
v -0.015307 -0.164588 -0.764685
v 0.031989 -0.391409 -0.490633
v 0.027454 -0.372579 -0.530558
v 0.025536 -0.368782 -0.535182
v 0.026675 -0.369321 -0.536884
v 0.005846 -0.267387 -0.684977
v 0.057108 -0.420061 -0.470454
v 0.058328 -0.419873 -0.473299
v -0.008810 -0.153361 -0.791373
v -0.008670 -0.148178 -0.796597
v 0.026148 -0.252303 -0.740955
v 0.019271 -0.304123 -0.652596
v 0.061115 -0.436117 -0.430758
v 0.062301 -0.436908 -0.430968
v -0.003084 -0.291445 -0.620418
v 0.056455 -0.444523 -0.389035
v 0.058804 -0.448610 -0.380088
v 0.056301 -0.446117 -0.382270
v 0.001655 -0.323603 -0.569574
v 0.002115 -0.321501 -0.576016
v 0.034665 -0.384193 -0.519054
v 0.057531 -0.428889 -0.445469
v 0.059936 -0.431021 -0.443955
v 0.059342 -0.432654 -0.437809
v 0.014763 -0.329398 -0.596376
v -0.015550 -0.206586 -0.714888
v 0.004916 -0.261764 -0.691387
v 0.040621 -0.366033 -0.573926
v 0.038522 -0.364053 -0.574431
v 0.039071 -0.361846 -0.580124
v 0.065476 -0.461284 -0.344847
v 0.064437 -0.459080 -0.352202
v 0.066742 -0.461879 -0.345966
v 0.013063 -0.371484 -0.478687
v 0.029687 -0.310482 -0.659968
v -0.015502 -0.124650 -0.801299
v -0.020215 -0.128770 -0.786440
v 0.072815 -0.451833 -0.402834
v 0.018894 -0.331307 -0.602283
v 0.008397 -0.219184 -0.754807
v 0.050693 -0.431144 -0.420655
v 0.052050 -0.431558 -0.423195
v 0.053431 -0.435224 -0.414520
v 0.043121 -0.427749 -0.407436
v 0.043112 -0.429372 -0.401094
v 0.041159 -0.425259 -0.409273
v 0.008438 -0.183550 -0.797287
v 0.007022 -0.179486 -0.799165
v 0.029306 -0.416776 -0.386193
v 0.029287 -0.418094 -0.380094
v 0.027327 -0.413385 -0.388269
v 0.043989 -0.372863 -0.564825
v -0.010681 -0.187419 -0.751347
v -0.009053 -0.194800 -0.746689
v 0.010640 -0.362162 -0.499373
v 0.010684 -0.353119 -0.528041
v 0.009194 -0.351134 -0.527711
v 0.009325 -0.349231 -0.533514
v 0.022279 -0.400879 -0.411164
v 0.058670 -0.445987 -0.390301
v -0.024596 -0.067266 -0.813766
v -0.017881 -0.099680 -0.812588
v -0.016205 -0.100794 -0.816106
v 0.008676 -0.285980 -0.661109
v 0.026727 -0.241849 -0.755753
v 0.060872 -0.448007 -0.389111
v 0.061169 -0.450045 -0.381644
v 0.009498 -0.259978 -0.703207
v 0.009994 -0.265883 -0.695835
v 0.007908 -0.260521 -0.699356
v 0.000060 -0.238807 -0.712409
v -0.000593 -0.242347 -0.706408
v -0.010306 -0.219895 -0.712221
v -0.006572 -0.257823 -0.669158
v 0.032719 -0.386966 -0.506006
v -0.009942 -0.258917 -0.657454
v -0.009180 -0.264029 -0.651091
v 0.038044 -0.432295 -0.363625
v 0.036419 -0.430912 -0.360868
v 0.015673 -0.317966 -0.620696
v 0.005677 -0.188462 -0.786465
v 0.007263 -0.189051 -0.788842
v 0.025314 -0.345087 -0.588536
v -0.010271 -0.149425 -0.791785
v 0.041772 -0.379606 -0.545999
v 0.041781 -0.382067 -0.540166
v 0.039407 -0.376890 -0.547795
v -0.001893 -0.286987 -0.632156
v 0.024202 -0.315189 -0.642788
v -0.005397 -0.266492 -0.658101
v 0.017033 -0.337960 -0.584062
v 0.031549 -0.312017 -0.660338
v 0.016524 -0.351320 -0.552500
v 0.022839 -0.381957 -0.487379
v 0.023206 -0.380905 -0.492257
v 0.072408 -0.458791 -0.375766
v 0.074439 -0.461716 -0.368172
v 0.005360 -0.297021 -0.633951
v 0.028450 -0.356396 -0.571280
v 0.069332 -0.457381 -0.374070
v 0.067902 -0.457405 -0.370164
v 0.066524 -0.454285 -0.379448
v 0.061836 -0.447534 -0.393595
v 0.019684 -0.398251 -0.406128
v 0.048879 -0.419437 -0.453810
v 0.044311 -0.413774 -0.458672
v 0.044685 -0.416713 -0.450445
v 0.042479 -0.412603 -0.456983
v 0.062552 -0.420898 -0.477679
v 0.054838 -0.416671 -0.475435
v 0.055433 -0.419819 -0.467782
v -0.012457 -0.159691 -0.776668
v 0.037217 -0.401221 -0.476999
v 0.035338 -0.397859 -0.481371
v -0.016937 -0.153417 -0.772070
v -0.018386 -0.153630 -0.768080
v -0.007140 -0.269221 -0.648263
v 0.023818 -0.380103 -0.497348
v 0.021517 -0.376515 -0.499738
v 0.040898 -0.395504 -0.503802
v 0.030014 -0.366266 -0.552604
v 0.030653 -0.369490 -0.546483
v 0.007389 -0.307592 -0.619962
v 0.008388 -0.307051 -0.623499
v 0.007924 -0.347546 -0.532695
v 0.077185 -0.474459 -0.313857
v -0.000508 -0.249492 -0.696952
v -0.004999 -0.231657 -0.710203
v -0.006194 -0.231553 -0.707466
v 0.042774 -0.409615 -0.467388
v 0.041170 -0.405603 -0.475102
v 0.043440 -0.408390 -0.472878
v 0.000371 -0.248010 -0.700898
v 0.001927 -0.246195 -0.706646
v 0.001948 -0.251940 -0.698955
v -0.010637 -0.163643 -0.777196
v -0.009197 -0.162083 -0.782164
v 0.016015 -0.259247 -0.715956
v 0.016938 -0.257065 -0.720419
v 0.010536 -0.227904 -0.747634
v 0.009349 -0.311396 -0.617841
v 0.010475 -0.316487 -0.610908
v 0.013401 -0.200556 -0.786925
v 0.026383 -0.228343 -0.772989
v 0.050483 -0.385130 -0.547930
v 0.048007 -0.383410 -0.547909
v 0.045526 -0.378002 -0.556015
v 0.027886 -0.404653 -0.427933
v -0.014170 -0.149175 -0.782842
v -0.013739 -0.154617 -0.778626
v 0.009007 -0.239052 -0.730096
v 0.007405 -0.234387 -0.733104
v 0.009068 -0.234133 -0.736616
v 0.028451 -0.376420 -0.523272
v 0.027570 -0.377689 -0.517129
v 0.026528 -0.410100 -0.397353
v -0.025149 -0.039226 -0.818387
v 0.050287 -0.406092 -0.495510
v 0.031926 -0.369343 -0.549749
v 0.030633 -0.364564 -0.557845
v -0.011256 -0.249128 -0.669915
v 0.050003 -0.441054 -0.380240
v 0.031062 -0.420297 -0.380921
v 0.031366 -0.422241 -0.373536
v 0.068608 -0.449348 -0.403191
v 0.070589 -0.452462 -0.396202
v 0.048014 -0.404348 -0.495632
v -0.021794 -0.073755 -0.817784
v 0.040668 -0.433697 -0.371182
v 0.043260 -0.437225 -0.367458
v 0.057561 -0.459167 -0.322859
v 0.060722 -0.462783 -0.316425
v 0.025508 -0.401085 -0.430455
v 0.026212 -0.400677 -0.436116
v 0.050019 -0.428074 -0.429270
v 0.046900 -0.410280 -0.476048
v 0.074833 -0.475184 -0.303115
v 0.074383 -0.476092 -0.296991
v 0.011718 -0.350441 -0.539341
v 0.013403 -0.355417 -0.531775
v 0.011234 -0.352038 -0.533065
v 0.039060 -0.371840 -0.558585
v 0.063850 -0.423536 -0.472468
v 0.065418 -0.426549 -0.466682
v 0.062767 -0.423698 -0.470320
v 0.056329 -0.416518 -0.478856
v 0.029513 -0.420003 -0.372548
v -0.019435 -0.166256 -0.752348
v 0.073217 -0.454405 -0.394512
v 0.005520 -0.283495 -0.657999
v 0.006461 -0.282358 -0.662154
v 0.007857 -0.289165 -0.653875
v 0.022507 -0.242439 -0.748629
v 0.022795 -0.238131 -0.754883
v -0.007479 -0.144976 -0.802253
v 0.058660 -0.456944 -0.340812
v 0.039925 -0.380525 -0.540278
v 0.040485 -0.368839 -0.567707
v 0.070349 -0.449911 -0.404866
v 0.064558 -0.423028 -0.474998
v 0.019794 -0.371991 -0.507464
v 0.022341 -0.375663 -0.505618
v 0.001517 -0.209631 -0.752828
v -0.000138 -0.209563 -0.749483
v 0.029097 -0.267202 -0.724985
v 0.028897 -0.271961 -0.718204
v -0.006612 -0.161166 -0.788964
v 0.014302 -0.302642 -0.645072
v 0.025620 -0.223235 -0.778561
v 0.022277 -0.232910 -0.760949
v -0.018794 -0.176655 -0.742587
v -0.017462 -0.179454 -0.742896
v -0.018037 -0.182230 -0.738143
v -0.005994 -0.148727 -0.802214
v -0.025652 -0.049837 -0.816285
v -0.019827 -0.082647 -0.817868
v -0.018975 -0.087194 -0.817317
v -0.020178 -0.088175 -0.813792
v 0.061588 -0.456401 -0.355018
v 0.062147 -0.455149 -0.362929
v 0.076747 -0.463239 -0.366916
v 0.031888 -0.387218 -0.502767
v 0.032946 -0.390086 -0.497403
v 0.009379 -0.295765 -0.645936
v -0.004946 -0.258446 -0.672720
v 0.018651 -0.363172 -0.528962
v -0.017164 -0.111821 -0.806494
v -0.014424 -0.134864 -0.795357
v -0.015626 -0.130660 -0.796107
v 0.082305 -0.483566 -0.284062
v 0.023962 -0.376965 -0.507432
v 0.060528 -0.460015 -0.331895
v -0.020944 -0.078922 -0.817094
v -0.022264 -0.079223 -0.813619
v 0.005197 -0.276712 -0.668638
v 0.022654 -0.275792 -0.703781
v 0.021737 -0.277043 -0.700433
v 0.015741 -0.236481 -0.745646
v 0.008864 -0.189599 -0.791259
v 0.009770 -0.187251 -0.795629
v 0.004310 -0.232757 -0.729079
v 0.005321 -0.238392 -0.723795
v 0.057811 -0.457205 -0.335435
v 0.057093 -0.457404 -0.330754
v 0.028615 -0.414041 -0.393095
v 0.030603 -0.417942 -0.388602
v -0.008205 -0.158535 -0.787938
v -0.007060 -0.177056 -0.771811
v 0.024741 -0.407750 -0.395893
v 0.007650 -0.270657 -0.683882
v 0.044064 -0.406876 -0.478988
v 0.045761 -0.411294 -0.470378
v 0.021295 -0.272784 -0.705889
v 0.012304 -0.294024 -0.655571
v 0.010815 -0.288889 -0.660983
v 0.012739 -0.291587 -0.660693
v -0.008049 -0.263417 -0.655461
v 0.029609 -0.314813 -0.652535
v 0.043655 -0.424388 -0.421939
v 0.064304 -0.427561 -0.462261
v 0.025176 -0.332496 -0.613261
v -0.003680 -0.144126 -0.811292
v 0.010945 -0.233802 -0.740524
v -0.003780 -0.275732 -0.646864
v 0.017838 -0.388675 -0.440746
v 0.007325 -0.348217 -0.528611
v 0.047284 -0.415379 -0.462052
v -0.011596 -0.181064 -0.756293
v 0.074987 -0.466636 -0.346757
v 0.074310 -0.467440 -0.341071
v 0.041451 -0.431576 -0.384869
v 0.038850 -0.429821 -0.379925
v 0.038857 -0.421966 -0.412186
v 0.037496 -0.418005 -0.421074
v 0.023487 -0.393374 -0.451713
v 0.024747 -0.396922 -0.443892
v 0.022398 -0.393115 -0.447158
v -0.002197 -0.227635 -0.721657
v 0.039048 -0.403137 -0.476473
v 0.013524 -0.349887 -0.546648
v 0.052198 -0.384583 -0.551543
v 0.031349 -0.373097 -0.539386
v 0.032146 -0.359596 -0.572131
v 0.033809 -0.363844 -0.566220
v 0.008450 -0.304160 -0.628831
v 0.010128 -0.305442 -0.630501
v 0.068975 -0.444930 -0.418898
v 0.055644 -0.425063 -0.452893
v 0.055792 -0.422768 -0.459929
v 0.056131 -0.448936 -0.369685
v 0.042224 -0.410383 -0.463155
v 0.016777 -0.273114 -0.697796
v -0.024976 -0.088851 -0.801166
v 0.067231 -0.461142 -0.351256
v 0.026265 -0.286504 -0.693410
v 0.027426 -0.285658 -0.696395
v 0.027754 -0.290422 -0.689615
v 0.024643 -0.284555 -0.693902
v 0.026032 -0.289385 -0.688541
v 0.023994 -0.287172 -0.688836
v 0.020652 -0.377362 -0.493797
v -0.009146 -0.141204 -0.801884
v 0.010336 -0.335657 -0.570562
v 0.040718 -0.375643 -0.553085
v 0.038810 -0.373337 -0.554715
v 0.013633 -0.289936 -0.665244
v 0.018111 -0.268413 -0.706792
v -0.014331 -0.210314 -0.713711
v -0.013341 -0.215643 -0.709667
v 0.007007 -0.207138 -0.767276
v 0.030995 -0.262523 -0.733842
v 0.029322 -0.262617 -0.731522
v 0.012297 -0.349194 -0.544258
v 0.068208 -0.468320 -0.316403
v 0.069768 -0.470783 -0.308802
v -0.016994 -0.187784 -0.734502
v -0.017322 -0.190912 -0.729679
v -0.023390 -0.090248 -0.804323
v -0.009497 -0.247425 -0.677640
v -0.007378 -0.251843 -0.676591
v 0.030372 -0.354519 -0.579343
v 0.006987 -0.299996 -0.632758
v 0.008800 -0.330381 -0.577799
v 0.042135 -0.370010 -0.567884
v 0.031167 -0.288369 -0.697694
v 0.013007 -0.192776 -0.795115
v 0.003812 -0.280799 -0.658284
v 0.015223 -0.336796 -0.581899
v 0.011342 -0.299171 -0.644529
v 0.010612 -0.300886 -0.639922
v 0.032774 -0.373285 -0.542308
v 0.025294 -0.410747 -0.386608
v -0.009343 -0.231309 -0.700270
v 0.068714 -0.453182 -0.389438
v 0.008552 -0.243623 -0.723240
v 0.006668 -0.244383 -0.718594
v 0.076777 -0.464714 -0.360295
v -0.001550 -0.209547 -0.746246
v 0.065456 -0.465377 -0.322167
v 0.020637 -0.382854 -0.475293
v 0.001009 -0.166231 -0.800910
v 0.001053 -0.161121 -0.805932
v 0.025800 -0.371775 -0.528130
v 0.045287 -0.428034 -0.414238
v 0.045366 -0.431480 -0.401409
v 0.047928 -0.386577 -0.540543
v 0.037334 -0.352368 -0.596470
v 0.008650 -0.249294 -0.716022
v 0.010198 -0.253426 -0.713453
v 0.009020 -0.254573 -0.709706
v 0.018820 -0.388895 -0.445505
v 0.017127 -0.384149 -0.454719
v 0.032069 -0.397362 -0.472406
v 0.011620 -0.362380 -0.503607
v 0.021842 -0.227886 -0.766935
v 0.060189 -0.443939 -0.402366
v 0.060841 -0.442676 -0.408469
v 0.013404 -0.277583 -0.684937
v 0.011248 -0.275312 -0.684138
v -0.007381 -0.272922 -0.641189
v 0.049100 -0.377186 -0.563222
v 0.023844 -0.408707 -0.385088
v 0.023678 -0.409603 -0.378875
v 0.014524 -0.372810 -0.481529
v 0.026921 -0.346600 -0.588915
v 0.029186 -0.349262 -0.587935
v 0.030686 -0.332831 -0.622760
v 0.031306 -0.330721 -0.627555
v 0.044795 -0.440649 -0.358240
v 0.046022 -0.440909 -0.363226
v -0.001835 -0.273114 -0.656867
v -0.000556 -0.278642 -0.650761
v 0.063452 -0.451268 -0.383384
v 0.040151 -0.414314 -0.443951
v 0.014043 -0.322417 -0.608324
v 0.038679 -0.392573 -0.506378
v 0.014111 -0.209328 -0.777712
v -0.004908 -0.220915 -0.724075
v -0.005805 -0.222852 -0.719450
v 0.042039 -0.436960 -0.362502
v -0.014060 -0.222856 -0.698753
v 0.019260 -0.237779 -0.749785
v 0.018364 -0.233574 -0.753868
v 0.026990 -0.400294 -0.441460
v -0.025771 -0.077335 -0.805964
v -0.025694 -0.070861 -0.809465
v 0.025768 -0.393572 -0.461214
v 0.027906 -0.396852 -0.458569
v 0.029174 -0.294518 -0.685330
v 0.029836 -0.298758 -0.679506
v -0.012874 -0.221948 -0.703204
v -0.014696 -0.120700 -0.806410
v -0.014741 -0.116050 -0.809667
v 0.007103 -0.203463 -0.771870
v 0.012889 -0.203998 -0.781942
v 0.011053 -0.201918 -0.781162
v 0.074825 -0.457730 -0.385413
v 0.064682 -0.430432 -0.454783
v 0.066649 -0.433645 -0.448987
v 0.065359 -0.434139 -0.445214
v 0.053307 -0.388792 -0.543720
v 0.036783 -0.396053 -0.491078
v 0.036946 -0.398842 -0.483405
v 0.010522 -0.346149 -0.546055
v 0.004614 -0.311218 -0.605510
v -0.008099 -0.241584 -0.689737
v -0.006762 -0.245843 -0.687262
v -0.008450 -0.245289 -0.683657
v -0.004708 -0.145803 -0.807662
v -0.005946 -0.140279 -0.809949
v 0.004343 -0.203717 -0.765943
v 0.026689 -0.379170 -0.510263
v 0.024763 -0.374229 -0.518137
v 0.039190 -0.354987 -0.594280
v 0.017598 -0.320705 -0.619732
v 0.018276 -0.318491 -0.625251
v 0.015309 -0.376278 -0.473455
v 0.032394 -0.275325 -0.718104
v -0.021695 -0.126822 -0.784027
v 0.018532 -0.250671 -0.731564
v 0.017870 -0.254112 -0.725849
v 0.019346 -0.281681 -0.689420
v 0.030190 -0.413316 -0.404900
v 0.054793 -0.448874 -0.364553
v -0.000234 -0.160558 -0.803756
v 0.050111 -0.391480 -0.532683
v 0.047664 -0.389269 -0.533797
v -0.004502 -0.211263 -0.737410
v -0.006314 -0.206798 -0.738654
v 0.042708 -0.368379 -0.572321
v 0.039096 -0.384317 -0.529243
v 0.014938 -0.350501 -0.549778
v 0.043570 -0.361072 -0.588730
v 0.041279 -0.357838 -0.591830
v -0.012804 -0.148915 -0.786299
v 0.022106 -0.341161 -0.589772
v -0.010724 -0.137801 -0.801352
v 0.008648 -0.223508 -0.749720
v 0.017725 -0.381016 -0.468440
v -0.020677 -0.119374 -0.792344
v 0.008828 -0.297944 -0.640822
v 0.007371 -0.292808 -0.646375
v 0.005378 -0.246948 -0.712768
v 0.068230 -0.437543 -0.440498
v -0.007412 -0.200184 -0.744233
v 0.030681 -0.383370 -0.510232
v 0.055319 -0.455780 -0.331306
v 0.050242 -0.388345 -0.540235
v 0.025973 -0.358608 -0.560660
v 0.038549 -0.319150 -0.658229
v 0.057080 -0.400833 -0.520916
v 0.035295 -0.414404 -0.424832
v 0.014810 -0.230947 -0.751215
v 0.025533 -0.396852 -0.448095
v -0.013858 -0.175426 -0.757004
v -0.015486 -0.170758 -0.757892
v -0.005685 -0.254084 -0.677655
v 0.080178 -0.481903 -0.285643
v 0.049798 -0.448718 -0.342506
v 0.002367 -0.171600 -0.798186
v 0.002355 -0.176612 -0.792856
v 0.001033 -0.171597 -0.795350
v 0.049609 -0.438592 -0.389034
v 0.020242 -0.370648 -0.513118
v 0.019336 -0.230955 -0.758896
v 0.014512 -0.340919 -0.570757
v 0.069352 -0.466683 -0.329701
v 0.061562 -0.452489 -0.372748
v 0.064378 -0.462782 -0.332576
v 0.023412 -0.365760 -0.536843
v 0.019663 -0.395202 -0.421898
v 0.020377 -0.397399 -0.415626
v 0.003994 -0.316828 -0.592359
v 0.003316 -0.214589 -0.750475
v 0.036875 -0.332015 -0.633882
v -0.015251 -0.189858 -0.736699
v 0.041985 -0.334708 -0.636208
v 0.013874 -0.222755 -0.760364
v 0.034925 -0.361051 -0.574294
v 0.032744 -0.357758 -0.577224
v 0.024708 -0.240311 -0.754861
v 0.024821 -0.372262 -0.523947
v 0.063572 -0.459668 -0.346045
v 0.019126 -0.372740 -0.502259
v -0.010188 -0.197178 -0.741050
v 0.035546 -0.368051 -0.560361
v 0.017073 -0.298897 -0.657091
v 0.038231 -0.408205 -0.457903
v 0.038231 -0.410186 -0.451047
v 0.012792 -0.357227 -0.524516
v -0.016501 -0.184130 -0.740220
v -0.014827 -0.180261 -0.748994
v -0.014720 -0.185630 -0.743093
v -0.016282 -0.179781 -0.745811
v 0.037161 -0.314474 -0.664139
v 0.070464 -0.457278 -0.377327
v 0.072032 -0.459928 -0.370005
v 0.044201 -0.428084 -0.410268
v 0.048289 -0.427048 -0.427401
v -0.000415 -0.230247 -0.722360
v 0.032775 -0.422055 -0.382696
v 0.022412 -0.252520 -0.735192
v 0.023377 -0.250959 -0.738770
v 0.034040 -0.399513 -0.472317
v 0.031826 -0.400905 -0.459915
v 0.053858 -0.438272 -0.404863
v 0.055962 -0.439767 -0.405443
v 0.056105 -0.442102 -0.397486
v 0.051467 -0.434330 -0.411821
v 0.024748 -0.252591 -0.738603
v 0.051999 -0.429586 -0.429631
v 0.025791 -0.267750 -0.719659
v 0.017670 -0.303937 -0.649708
v -0.000386 -0.199211 -0.761376
v -0.014609 -0.105562 -0.817053
v -0.015779 -0.109943 -0.811328
v 0.041591 -0.350892 -0.605841
v 0.009089 -0.199364 -0.780382
v 0.008528 -0.193701 -0.785896
v 0.010040 -0.196088 -0.785956
v -0.010803 -0.192223 -0.745473
v -0.009744 -0.238781 -0.689358
v 0.004223 -0.193832 -0.777307
v 0.042175 -0.355872 -0.597079
v 0.016716 -0.322729 -0.614108
v 0.009314 -0.328094 -0.584255
v 0.011135 -0.258827 -0.707861
v 0.011928 -0.255116 -0.714294
v -0.010627 -0.254031 -0.663688
v 0.026624 -0.392893 -0.466889
v 0.024664 -0.390393 -0.467228
v 0.017139 -0.369506 -0.504602
v 0.018112 -0.372714 -0.498079
v 0.056704 -0.414613 -0.484747
v 0.055592 -0.411187 -0.492042
v 0.019904 -0.255940 -0.726789
v 0.070540 -0.454296 -0.389268
v -0.017860 -0.174008 -0.748064
v -0.016063 -0.175157 -0.751418
v -0.011386 -0.124804 -0.811019
v 0.012641 -0.250676 -0.721558
v 0.010395 -0.249398 -0.719175
v 0.033187 -0.424323 -0.374817
v 0.005550 -0.315201 -0.600289
v 0.007221 -0.250414 -0.711794
v 0.007623 -0.255484 -0.705746
v 0.006123 -0.251678 -0.707959
v -0.016047 -0.201313 -0.720141
v 0.016450 -0.387757 -0.437004
v -0.004600 -0.192617 -0.759792
v -0.003632 -0.198874 -0.754592
v -0.005581 -0.194620 -0.755168
v 0.054257 -0.455593 -0.327117
v 0.052768 -0.452541 -0.336818
v 0.054365 -0.442945 -0.388428
v -0.001435 -0.245117 -0.700934
v -0.002479 -0.239688 -0.705602
v 0.023156 -0.405971 -0.392447
v 0.020828 -0.367067 -0.525350
v 0.020209 -0.363883 -0.531990
v 0.022623 -0.368911 -0.526150
v 0.027315 -0.344102 -0.594748
v 0.025239 -0.342160 -0.594419
v -0.001465 -0.214017 -0.740805
v -0.011483 -0.132842 -0.804010
v 0.041746 -0.422237 -0.422695
v 0.039824 -0.429979 -0.384301
v 0.026381 -0.279948 -0.703308
v 0.028755 -0.283098 -0.702121
v 0.011431 -0.264423 -0.700680
v -0.022552 -0.134089 -0.775969
v 0.040527 -0.408637 -0.463615
v 0.063128 -0.419144 -0.483223
v 0.057636 -0.442962 -0.398834
v -0.021221 -0.084053 -0.813446
v 0.037305 -0.372192 -0.554447
v 0.035550 -0.370669 -0.554290
v 0.013358 -0.217713 -0.765864
v 0.013635 -0.213113 -0.772238
v 0.014870 -0.217645 -0.768669
v 0.018995 -0.300072 -0.658902
v -0.021056 -0.108893 -0.798538
v -0.004572 -0.236811 -0.704648
v 0.030949 -0.277569 -0.713107
v 0.032186 -0.293624 -0.690958
v 0.054900 -0.398773 -0.522705
v 0.023645 -0.390202 -0.463794
v 0.022760 -0.386920 -0.471028
v -0.015309 -0.152749 -0.776653
v 0.033872 -0.310855 -0.665520
v 0.062829 -0.462214 -0.329486
v 0.007097 -0.224079 -0.745855
v -0.006665 -0.249767 -0.681709
v 0.031006 -0.411737 -0.415530
v 0.031459 -0.414462 -0.407274
v 0.040759 -0.407049 -0.469369
v 0.013241 -0.360858 -0.515721
v 0.015444 -0.365657 -0.509675
v -0.001789 -0.308361 -0.591469
v -0.008727 -0.236812 -0.694574
v 0.045010 -0.412517 -0.464695
v 0.028858 -0.277185 -0.710842
v 0.027158 -0.271782 -0.716005
v 0.031572 -0.353280 -0.584286
v 0.043633 -0.352205 -0.606213
v -0.012371 -0.169246 -0.767143
v 0.027019 -0.276436 -0.709214
v 0.048933 -0.413855 -0.470726
v 0.014476 -0.318120 -0.617679
v 0.033324 -0.394492 -0.485479
v 0.022407 -0.389798 -0.459783
v 0.021483 -0.386236 -0.467640
v -0.019452 -0.171411 -0.746655
v 0.040189 -0.321768 -0.655947
v 0.017874 -0.237327 -0.748029
v 0.003539 -0.243932 -0.712894
v 0.004430 -0.249836 -0.707084
v -0.003195 -0.205035 -0.748107
v 0.004220 -0.198648 -0.771832
v 0.068303 -0.435000 -0.447792
v 0.066687 -0.431113 -0.456196
v 0.043315 -0.425436 -0.416899
v 0.019376 -0.241809 -0.744665
v -0.022250 -0.111728 -0.793519
v 0.027327 -0.415485 -0.379558
v 0.031588 -0.402258 -0.454016
v 0.034262 -0.390969 -0.498805
v -0.003931 -0.225533 -0.720356
v 0.044023 -0.394726 -0.513117
v 0.038911 -0.434773 -0.355731
v 0.017875 -0.205671 -0.788586
v 0.018527 -0.368407 -0.513546
v 0.018392 -0.366451 -0.518961
v 0.036187 -0.352370 -0.594596
v 0.026630 -0.332646 -0.615817
v 0.024985 -0.328606 -0.620201
v 0.029309 -0.403651 -0.439160
v 0.010518 -0.205860 -0.775441
v 0.017859 -0.359133 -0.537250
v 0.068040 -0.454179 -0.383966
v 0.027299 -0.312463 -0.652821
v 0.005398 -0.309766 -0.610420
v 0.056101 -0.454072 -0.344612
v 0.076391 -0.461604 -0.373204
v 0.041570 -0.384515 -0.533863
v 0.016009 -0.251850 -0.725746
v 0.002384 -0.311684 -0.597972
v 0.068631 -0.470858 -0.304079
v -0.011779 -0.206885 -0.724886
v 0.016518 -0.232125 -0.752680
v 0.034077 -0.393529 -0.490787
v 0.001321 -0.224811 -0.732981
v -0.005448 -0.263619 -0.662873
v -0.006325 -0.143584 -0.806049
v 0.057006 -0.403166 -0.515066
v 0.036388 -0.418143 -0.416236
v 0.042190 -0.347945 -0.612391
v 0.044687 -0.350747 -0.610434
v 0.006341 -0.308522 -0.615383
v 0.004121 -0.303870 -0.617973
v 0.071234 -0.460991 -0.363319
v -0.003210 -0.147541 -0.809224
v 0.003984 -0.254821 -0.699349
v 0.051124 -0.451819 -0.332536
v -0.008418 -0.201485 -0.740028
v 0.054702 -0.412439 -0.486946
v 0.074269 -0.463090 -0.361555
v 0.033653 -0.333532 -0.626260
v 0.033899 -0.361547 -0.571310
v 0.014094 -0.258056 -0.714330
v 0.029930 -0.291455 -0.691229
v 0.007427 -0.313811 -0.608151
v -0.009815 -0.155451 -0.787116
v 0.018373 -0.216311 -0.776311
v 0.038625 -0.327381 -0.644387
v -0.019747 -0.149073 -0.769324
v -0.010158 -0.182762 -0.758102
v 0.021892 -0.259179 -0.725555
v 0.054103 -0.413803 -0.482071
v 0.052452 -0.410343 -0.488218
v 0.008446 -0.312686 -0.612951
v 0.009957 -0.302193 -0.635952
v 0.017288 -0.277188 -0.692766
v 0.025730 -0.305129 -0.662525
v 0.027544 -0.308652 -0.659685
v 0.026082 -0.308310 -0.657686
v 0.039698 -0.396345 -0.498401
v 0.012922 -0.259983 -0.709576
v 0.029135 -0.369006 -0.544072
v 0.052258 -0.389776 -0.539984
v 0.052827 -0.393565 -0.532053
v 0.006650 -0.326892 -0.578786
v 0.061469 -0.434650 -0.436090
v 0.025327 -0.271046 -0.714429
v 0.025950 -0.389392 -0.475751
v 0.023718 -0.235970 -0.759066
v 0.017437 -0.368044 -0.510321
v 0.028384 -0.334681 -0.615254
v 0.029806 -0.400019 -0.454913
v -0.003003 -0.212901 -0.738707
v -0.009544 -0.174194 -0.768986
v -0.011959 -0.215276 -0.713820
v 0.053474 -0.416540 -0.473025
v -0.000893 -0.285406 -0.638090
v 0.046928 -0.440635 -0.369099
v -0.016188 -0.117218 -0.805305
v 0.000467 -0.307363 -0.600659
v -0.019745 -0.123378 -0.791783
v -0.002800 -0.209608 -0.743477
v 0.072374 -0.473133 -0.305730
v 0.005779 -0.203495 -0.769095
v 0.017474 -0.212289 -0.779859
v 0.037059 -0.364486 -0.570923
v 0.044617 -0.405100 -0.485690
v 0.025039 -0.350975 -0.575471
v 0.024738 -0.353594 -0.568983
v 0.012520 -0.339281 -0.568806
v -0.003513 -0.247186 -0.693282
v -0.003140 -0.243179 -0.699563
v -0.012202 -0.127267 -0.807027
v -0.010568 -0.129787 -0.808665
v 0.000379 -0.235195 -0.717681
v 0.026208 -0.318057 -0.641381
v -0.021396 -0.152129 -0.762129
v -0.014775 -0.176351 -0.753530
v 0.052815 -0.407795 -0.495904
v -0.001831 -0.279833 -0.645297
v 0.017233 -0.355267 -0.545008
v -0.008622 -0.268361 -0.645237
v -0.003224 -0.195174 -0.759988
v 0.026801 -0.315423 -0.646895
v 0.070429 -0.455875 -0.382972
v 0.008959 -0.228879 -0.743244
v 0.065895 -0.439326 -0.430711
v 0.053942 -0.421738 -0.459159
v 0.023063 -0.327151 -0.619153
v 0.040463 -0.359087 -0.587977
v 0.007941 -0.179392 -0.801082
v 0.003298 -0.318707 -0.586200
v 0.046864 -0.420617 -0.444622
v -0.019978 -0.153161 -0.764678
v -0.007198 -0.172639 -0.776207
v 0.017629 -0.391189 -0.428456
v 0.018321 -0.378483 -0.479854
v 0.016823 -0.377411 -0.476687
v 0.023692 -0.368747 -0.529847
v -0.007564 -0.275638 -0.635780
v -0.006167 -0.277691 -0.636356
v 0.004020 -0.188177 -0.783466
v 0.018078 -0.209933 -0.783862
v -0.009798 -0.135175 -0.805872
v 0.023420 -0.290076 -0.683307
v 0.047233 -0.435202 -0.393673
v -0.020207 -0.158418 -0.758555
v 0.016921 -0.326695 -0.606931
v 0.064855 -0.458045 -0.358568
v 0.030535 -0.272104 -0.720159
v 0.002666 -0.257689 -0.692474
v 0.074309 -0.464746 -0.354134
v 0.012645 -0.328687 -0.592239
v 0.014720 -0.332343 -0.589977
v 0.015181 -0.322464 -0.610953
v -0.024660 -0.051924 -0.818519
v 0.026002 -0.256664 -0.734943
v 0.059605 -0.445109 -0.396316
v -0.021411 -0.131745 -0.780972
v 0.007216 -0.193877 -0.783300
v 0.039006 -0.381664 -0.535688
v 0.054604 -0.401528 -0.515332
v 0.018362 -0.276691 -0.695331
v 0.021162 -0.269344 -0.710557
v 0.005994 -0.255491 -0.702612
v 0.036537 -0.377414 -0.540687
v 0.066701 -0.459018 -0.359711
v 0.025122 -0.236427 -0.760519
v 0.012301 -0.207646 -0.776617
v 0.015433 -0.325965 -0.604797
v 0.064142 -0.455864 -0.366095
v 0.000395 -0.304060 -0.607096
v 0.030382 -0.256945 -0.740594
v 0.045925 -0.443265 -0.350941
v 0.040041 -0.331854 -0.638654
v 0.005731 -0.318067 -0.594832
v 0.017023 -0.215726 -0.774820
v 0.001692 -0.239509 -0.714983
v -0.025896 -0.056312 -0.814334
v -0.001905 -0.248413 -0.695393
v -0.006177 -0.255577 -0.674019
v 0.020761 -0.240513 -0.748476
v 0.014916 -0.254271 -0.720802
v 0.015315 -0.214463 -0.773547
v 0.080483 -0.473678 -0.326114
v 0.063080 -0.445058 -0.405780
v -0.005133 -0.212889 -0.733798
v 0.047546 -0.445861 -0.346002
v 0.019102 -0.381865 -0.472124
v 0.038127 -0.394875 -0.498321
v -0.012839 -0.179148 -0.755462
v 0.013149 -0.332114 -0.586420
v 0.071578 -0.473738 -0.299642
v -0.023857 -0.033913 -0.821535
v -0.023857 -0.033913 -0.821535
v -0.023857 -0.033913 -0.821535
v -0.023936 -0.031154 -0.821115
v -0.023936 -0.031154 -0.821115
v 0.080960 -0.469183 -0.348672
v 0.446750 0.026791 -0.368106
v 0.081976 -0.471529 -0.339412
v 0.023356 -0.411162 -0.369607
v 0.016464 -0.391516 -0.418658
v 0.017285 -0.393917 -0.411350
v 0.017285 -0.393917 -0.411350
v 0.017285 -0.393917 -0.411350
v 0.015704 -0.388986 -0.425946
v 0.052577 -0.454969 -0.322339
v 0.056196 -0.458948 -0.317051
v -0.026912 -0.048168 -0.813513
v -0.027270 -0.054408 -0.811433
v -0.027533 -0.060817 -0.809210
v -0.027533 -0.060817 -0.809210
v -0.027535 -0.067416 -0.806717
v -0.027317 -0.073933 -0.804274
v -0.027317 -0.073933 -0.804274
v -0.026893 -0.080468 -0.801597
v -0.026412 -0.086940 -0.798749
v -0.025923 -0.093377 -0.795708
v 0.017339 -0.199807 -0.794558
v 0.014904 -0.193843 -0.797193
v 0.012227 -0.187372 -0.799963
v 0.009595 -0.180772 -0.802516
v 0.006847 -0.173792 -0.805130
v 0.004328 -0.166751 -0.807490
v -0.000054 -0.152559 -0.811490
v 0.002054 -0.159651 -0.809627
v -0.014385 -0.098363 -0.822105
v -0.016007 -0.090571 -0.822544
v -0.017843 -0.082848 -0.822566
v -0.019611 -0.075075 -0.822473
v -0.021211 -0.067201 -0.822331
v -0.022560 -0.059216 -0.822236
v -0.022560 -0.059216 -0.822236
v -0.023310 -0.051693 -0.822024
v -0.026094 -0.037666 -0.815859
v -0.023884 -0.038568 -0.821761
v 0.021693 -0.209992 -0.789733
v 0.019600 -0.205196 -0.792066
v 0.025795 -0.218118 -0.785352
v 0.025795 -0.218118 -0.785352
v 0.023785 -0.214270 -0.787482
v 0.027111 -0.224734 -0.778872
v 0.030132 -0.243307 -0.758442
v 0.029259 -0.237272 -0.765200
v 0.030978 -0.249358 -0.751548
v 0.031799 -0.255382 -0.744431
v 0.084018 -0.483957 -0.287036
v 0.083923 -0.482075 -0.295234
v 0.083752 -0.485671 -0.279395
v 0.083752 -0.485671 -0.279395
v -0.024172 -0.130303 -0.775064
v -0.024713 -0.118253 -0.782518
v -0.024489 -0.124258 -0.778971
v -0.024978 -0.112119 -0.786108
v -0.023698 -0.044683 -0.821861
v -0.023698 -0.044683 -0.821861
v -0.025556 -0.034010 -0.816550
v -0.025556 -0.034010 -0.816550
v 0.020482 -0.400339 -0.389365
v 0.021994 -0.402336 -0.382335
v 0.021994 -0.402336 -0.382335
v 0.032486 -0.261319 -0.737313
v 0.035225 -0.285046 -0.707978
v 0.034565 -0.279303 -0.715237
v -0.017743 -0.196785 -0.721175
v -0.018265 -0.191284 -0.726364
v -0.018914 -0.185476 -0.731728
v -0.019598 -0.179489 -0.737124
v -0.020851 -0.166840 -0.747691
v -0.021591 -0.160405 -0.752877
v -0.022292 -0.154107 -0.757749
v -0.022843 -0.148107 -0.762284
v -0.023369 -0.142113 -0.766731
v -0.023878 -0.136081 -0.771035
v -0.015668 -0.218016 -0.700270
v -0.015422 -0.223122 -0.695028
v -0.016035 -0.212784 -0.705515
v 0.040449 -0.315421 -0.666712
v 0.039618 -0.310727 -0.673360
v 0.038796 -0.306013 -0.679950
v 0.037782 -0.301055 -0.686797
v -0.011010 -0.259301 -0.653415
v -0.010140 -0.264900 -0.646423
v -0.011752 -0.254001 -0.659960
v -0.012588 -0.248751 -0.666344
v -0.013343 -0.243604 -0.672439
v -0.014025 -0.238586 -0.678298
v -0.015070 -0.228359 -0.689603
v -0.014649 -0.233486 -0.684065
v 0.045718 -0.346693 -0.619298
v 0.044916 -0.342351 -0.626259
v 0.044122 -0.337979 -0.633155
v 0.041973 -0.324671 -0.653325
v 0.041272 -0.320106 -0.659992
v -0.007503 -0.281743 -0.624575
v -0.006616 -0.287262 -0.617170
v -0.008481 -0.276086 -0.632039
v -0.005702 -0.292742 -0.609683
v -0.005702 -0.292742 -0.609683
v -0.003834 -0.303411 -0.594668
v -0.002847 -0.308596 -0.587193
v -0.002847 -0.308596 -0.587193
v -0.004750 -0.298164 -0.602110
v -0.001919 -0.313627 -0.579847
v -0.009302 -0.270499 -0.639299
v 0.052547 -0.379816 -0.562411
v 0.051620 -0.375771 -0.569717
v 0.050696 -0.371704 -0.576968
v 0.049783 -0.367607 -0.584182
v 0.048138 -0.359370 -0.598344
v 0.047284 -0.355144 -0.605435
v 0.046435 -0.350887 -0.612465
v 0.076193 -0.458021 -0.387096
v 0.055703 -0.392057 -0.539704
v 0.054648 -0.388016 -0.547337
v 0.056865 -0.396167 -0.531831
v 0.058129 -0.400338 -0.523697
v 0.064085 -0.417694 -0.488390
v 0.062567 -0.413355 -0.497456
v 0.061038 -0.408980 -0.506427
v 0.069333 -0.434309 -0.451369
v 0.068346 -0.430373 -0.460566
v 0.002698 -0.334242 -0.547600
v 0.001555 -0.329064 -0.556110
v 0.013025 -0.377404 -0.457850
v 0.012466 -0.373829 -0.466715
v 0.014133 -0.383701 -0.441087
v 0.010688 -0.366264 -0.484657
v 0.006095 -0.349046 -0.520827
v 0.007184 -0.353628 -0.511806
v 0.008419 -0.357955 -0.502721
v 0.009506 -0.362205 -0.493725
v 0.004921 -0.344274 -0.529909
v 0.003815 -0.339308 -0.538851
v 0.011586 -0.370098 -0.475767
v 0.074040 -0.451544 -0.406202
v 0.073028 -0.448400 -0.415206
v 0.072053 -0.445126 -0.424148
v 0.071144 -0.441721 -0.433093
v 0.075102 -0.454750 -0.396840
v 0.077445 -0.461205 -0.377105
v 0.078695 -0.464121 -0.367360
v 0.079908 -0.466806 -0.357822
v 0.018223 -0.396107 -0.404018
v 0.019202 -0.398235 -0.396682
v 0.014941 -0.386506 -0.433240
v 0.013608 -0.380707 -0.449207
v 0.049095 -0.450764 -0.327736
v 0.045699 -0.446217 -0.333524
v 0.059856 -0.462791 -0.311760
v 0.063526 -0.466626 -0.306039
v 0.067072 -0.470400 -0.300042
v 0.083751 -0.480119 -0.303696
v 0.083494 -0.478091 -0.312395
v 0.082337 -0.485002 -0.275869
v 0.082337 -0.485002 -0.275869
v 0.083172 -0.475937 -0.321331
v 0.082686 -0.473737 -0.330371
v 0.042255 -0.441345 -0.339443
v 0.038601 -0.436187 -0.345208
v 0.034871 -0.430986 -0.350325
v 0.031266 -0.425788 -0.355191
v 0.027847 -0.420565 -0.360384
v 0.022421 -0.407053 -0.373423
v 0.022421 -0.407053 -0.373423
v 0.022421 -0.407053 -0.373423
v 0.025166 -0.415662 -0.365256
v 0.025166 -0.415662 -0.365256
v 0.025166 -0.415662 -0.365256
v 0.079831 -0.482795 -0.279205
v 0.076928 -0.480241 -0.283414
v 0.073775 -0.477316 -0.288331
v 0.070459 -0.473979 -0.294093
v 0.070334 -0.438154 -0.442073
v -0.000699 -0.318801 -0.572139
v -0.000699 -0.318801 -0.572139
v -0.000699 -0.318801 -0.572139
v 0.000453 -0.323968 -0.564242
v 0.067064 -0.426235 -0.469921
v 0.065600 -0.421981 -0.479241
v 0.059489 -0.404576 -0.515293
v 0.053600 -0.383928 -0.554911
v 0.277265 -0.027960 -0.719190
v 0.049015 -0.363556 -0.591222
v 0.042711 -0.329178 -0.646610
v 0.043353 -0.333543 -0.639985
v 0.036035 -0.290647 -0.700749
v 0.036896 -0.295972 -0.693688
v -0.016573 -0.207511 -0.710806
v -0.017100 -0.202201 -0.715968
v -0.020231 -0.173207 -0.742525
v 0.033888 -0.273376 -0.722646
v 0.033145 -0.267277 -0.730092
v -0.025506 -0.099719 -0.792675
v -0.025213 -0.105944 -0.789541
v 0.028290 -0.231122 -0.771976
v -0.026519 -0.042509 -0.814847
v -0.012731 -0.106421 -0.821098
v -0.011106 -0.114420 -0.819755
v -0.009093 -0.122501 -0.818129
v -0.006885 -0.130241 -0.816588
v -0.004532 -0.137850 -0.814955
v -0.002236 -0.145278 -0.813279
v 0.021157 0.014669 -0.810585
v 0.021157 0.014669 -0.810585
v -0.003325 -0.017723 -0.818371
v -0.003325 -0.017723 -0.818371
v 0.421356 0.004523 -0.339897
v 0.292308 -0.018846 -0.700294
v 0.244903 -0.319634 -0.402725
v 0.244903 -0.319634 -0.402725
v 0.244903 -0.319634 -0.402725
v -0.011424 -0.028789 -0.816294
v -0.011424 -0.028789 -0.816294
v -0.011424 -0.028789 -0.816294
v -0.011424 -0.028789 -0.816294
v -0.000188 -0.014854 -0.814889
v 0.056958 -0.406376 -0.379846
v 0.112855 0.025507 -0.748424
v 0.459427 -0.158392 -0.315151
v 0.058070 0.024705 -0.789149
v 0.285395 -0.023053 -0.709814
v 0.090530 0.026635 -0.768369
v 0.040643 -0.218273 -0.782935
v 0.164295 -0.381553 -0.388950
v 0.254551 -0.311715 -0.402356
v 0.015672 0.002042 -0.814176
v 0.471797 0.013495 -0.291266
v 0.475249 0.012947 -0.288342
v 0.475249 0.012947 -0.288342
v 0.475249 0.012947 -0.288342
v 0.254471 -0.322802 -0.394356
v 0.254471 -0.322802 -0.394356
v 0.438898 -0.224870 -0.325113
v 0.023882 0.020291 -0.808213
v 0.023882 0.020291 -0.808213
v 0.455529 0.009436 -0.307469
v 0.244213 -0.318019 -0.402053
v 0.244213 -0.318019 -0.402053
v 0.432378 0.032816 -0.401716
v 0.465551 -0.125097 -0.310832
v 0.014450 0.000744 -0.811412
v 0.014450 0.000744 -0.811412
v 0.450490 -0.191273 -0.320812
v 0.026670 0.020601 -0.805714
v 0.339803 -0.006831 -0.401816
v 0.229033 -0.440264 -0.311923
v 0.100143 -0.405327 -0.374335
f 996 640 823
f 305 278 19
f 733 985 720
f 336 1044 698
f 465 34 658
f 37 884 995
f 34 28 658
f 884 1031 685
f 854 1076 889
f 985 733 851
f 404 896 630
f 938 465 658
f 695 12 938
f 571 591 1010
f 441 694 205
f 14 1070 854
f 37 1031 884
f 658 695 938
f 1008 404 1031
f 295 935 291
f 912 204 578
f 1052 854 955
f 376 1038 950
f 1044 955 698
f 820 683 938
f 913 1103 846
f 390 909 431
f 841 988 205
f 909 390 578
f 988 352 562
f 698 364 336
f 658 340 695
f 948 544 1010
f 1044 851 950
f 640 806 661
f 908 352 800
f 746 349 336
f 783 1064 376
f 532 955 1070
f 1052 398 611
f 399 214 902
f 561 19 278
f 913 846 923
f 902 900 923
f 935 806 984
f 532 356 984
f 274 417 209
f 441 700 694
f 321 578 204
f 685 630 722
f 571 1010 441
f 788 984 806
f 685 722 884
f 900 340 28
f 950 851 733
f 544 340 902
f 948 695 544
f 1064 1022 884
f 439 12 948
f 9 391 830
f 278 305 9
f 948 591 439
f 551 1008 1098
f 1076 343 889
f 356 532 431
f 209 417 551
f 935 984 356
f 336 248 851
f 995 884 1022
f 465 683 787
f 343 396 830
f 908 562 352
f 913 25 700
f 376 950 733
f 699 352 755
f 12 439 568
f 1064 884 722
f 273 988 562
f 955 532 998
f 336 851 1044
f 278 9 337
f 321 909 578
f 591 948 1010
f 1089 938 12
f 441 205 571
f 1052 955 1044
f 913 561 25
f 902 846 399
f 441 1010 399
f 1002 722 630
f 497 640 996
f 830 912 1073
f 700 1103 913
f 854 1070 955
f 722 273 1064
f 248 336 349
f 1002 988 273
f 19 811 305
f 1010 969 214
f 336 3427 746
f 683 465 938
f 950 1038 908
f 1008 1031 37
f 12 896 637
f 694 755 841
f 25 337 700
f 637 551 417
f 695 340 544
f 947 630 568
f 431 211 356
f 562 908 1038
f 912 578 1073
f 998 917 520
f 783 376 720
f 562 1038 273
f 578 390 1073
f 836 739 274
f 788 998 532
f 900 902 340
f 417 1089 637
f 739 820 1089
f 12 568 896
f 841 205 694
f 1076 854 611
f 685 1031 630
f 637 404 551
f 399 846 1103
f 14 532 1070
f 497 520 917
f 661 806 295
f 912 830 391
f 947 205 1002
f 909 211 431
f 902 923 846
f 938 1089 820
f 214 399 1010
f 520 364 998
f 402 806 640
f 1038 376 273
f 9 830 396
f 988 841 352
f 1103 700 399
f 1044 950 398
f 205 947 571
f 854 1052 611
f 836 683 739
f 1073 889 343
f 404 637 896
f 1008 551 404
f 806 402 788
f 984 788 532
f 398 1052 1044
f 998 698 955
f 699 800 352
f 800 699 1076
f 390 14 889
f 1064 273 376
f 278 25 561
f 396 755 337
f 947 568 591
f 969 1010 544
f 441 399 700
f 699 396 1076
f 700 755 694
f 305 811 391
f 431 532 14
f 985 851 248
f 211 291 356
f 720 376 733
f 404 630 1031
f 611 800 1076
f 390 889 1073
f 611 908 800
f 214 969 902
f 908 611 398
f 988 1002 205
f 698 998 364
f 1073 343 830
f 935 356 291
f 739 1089 417
f 340 658 28
f 820 739 683
f 402 640 497
f 295 806 935
f 273 722 1002
f 14 854 889
f 398 950 908
f 591 568 439
f 637 1089 12
f 278 337 25
f 699 755 396
f 9 396 337
f 700 337 755
f 305 391 9
f 783 1022 1064
f 917 788 402
f 1002 630 947
f 396 343 1076
f 12 695 948
f 630 896 568
f 640 661 823
f 274 739 417
f 14 390 431
f 811 912 391
f 998 788 917
f 571 947 591
f 352 841 755
f 969 544 902
f 402 497 917
f 449 1069 670
f 30 284 751
f 697 291 810
f 1106 697 470
f 470 316 1106
f 476 327 462
f 462 327 892
f 327 293 892
f 961 296 26
f 663 258 437
f 961 663 585
f 461 296 585
f 585 251 382
f 461 585 496
f 833 709 461
f 833 461 496
f 382 437 618
f 791 437 258
f 791 315 710
f 315 791 265
f 489 411 374
f 315 732 264
f 732 773 264
f 769 264 1048
f 411 1048 773
f 1048 268 832
f 268 932 852
f 269 932 581
f 768 817 601
f 817 1094 931
f 601 931 924
f 931 837 895
f 931 895 1099
f 574 1099 1049
f 1049 1099 1108
f 1049 1108 812
f 843 423 16
f 538 16 539
f 799 339 631
f 339 348 493
f 1013 1069 449
f 2 855 516
f 17 459 244
f 459 626 330
f 428 753 626
f 378 386 753
f 386 329 753
f 453 386 384
f 845 863 453
f 863 638 881
f 881 435 863
f 297 552 620
f 1020 620 449
f 435 10 1069
f 10 435 881
f 1003 414 687
f 504 1098 3454
f 384 555 845
f 386 378 384
f 753 428 378
f 428 626 707
f 827 626 358
f 3 2 797
f 797 2 516
f 898 474 653
f 932 489 410
f 581 410 580
f 580 410 469
f 580 469 1075
f 580 1075 1094
f 1094 1075 837
f 837 1075 895
f 470 697 810
f 837 931 1094
f 1108 895 590
f 590 1071 1108
f 1108 1099 895
f 1108 1071 812
f 799 631 780
f 799 780 1093
f 348 799 1093
f 855 744 493
f 855 493 723
f 516 855 279
f 743 3 797
f 358 3 498
f 827 358 498
f 707 827 883
f 731 498 521
f 1030 706 731
f 539 812 1071
f 545 523 934
f 668 1042 288
f 353 778 1042
f 558 514 778
f 323 482 385
f 323 385 558
f 481 323 558
f 353 558 778
f 774 853 872
f 774 872 353
f 1098 1009 551
f 551 1009 209
f 607 853 774
f 607 774 545
f 810 291 593
f 607 545 504
f 353 1042 668
f 774 668 523
f 545 774 523
f 504 545 934
f 504 934 1051
f 941 842 1100
f 941 1030 842
f 306 281 617
f 1105 521 891
f 734 797 516
f 279 855 723
f 723 493 348
f 918 348 1093
f 691 925 1071
f 925 691 696
f 469 939 1075
f 705 11 752
f 606 74 72
f 36 994 829
f 374 547 489
f 547 387 548
f 387 1046 548
f 1046 265 548
f 548 265 1083
f 258 1083 791
f 732 1046 387
f 387 547 374
f 773 374 411
f 732 387 773
f 315 265 1046
f 265 791 1083
f 814 438 422
f 966 878 410
f 878 977 469
f 939 469 977
f 939 447 275
f 939 275 1062
f 1062 1075 939
f 1062 275 284
f 590 284 456
f 563 590 456
f 207 1093 780
f 918 1093 207
f 207 696 818
f 818 870 207
f 723 348 918
f 516 279 982
f 982 734 516
f 1092 743 303
f 521 743 1092
f 1105 891 367
f 842 1030 1105
f 842 1105 986
f 209 1074 3416
f 1015 649 655
f 1086 1056 550
f 1085 671 662
f 818 922 870
f 270 970 901
f 827 707 626
f 593 211 803
f 717 861 465
f 764 783 750
f 750 558 764
f 764 558 353
f 3416 667 3445
f 909 321 570
f 433 1109 505
f 47 48 49
f 405 460 448
f 736 697 1106
f 437 791 710
f 666 709 833
f 496 382 635
f 635 618 945
f 635 382 618
f 945 618 350
f 618 437 710
f 673 577 264
f 315 577 710
f 577 315 264
f 673 264 769
f 832 268 852
f 15 852 269
f 924 574 1049
f 474 744 855
f 244 653 474
f 244 674 653
f 588 597 357
f 597 361 357
f 681 357 361
f 721 959 828
f 813 530 529
f 1025 529 530
f 530 20 885
f 1058 20 530
f 1013 401 1058
f 401 1013 552
f 401 552 786
f 880 297 882
f 882 297 318
f 880 882 978
f 882 318 905
f 978 572 880
f 1004 849 572
f 959 1087 828
f 627 33 215
f 401 1012 689
f 689 1012 1001
f 1001 664 688
f 1001 688 962
f 636 862 334
f 451 636 1057
f 763 1057 874
f 951 1053 451
f 451 1053 907
f 451 907 835
f 825 835 907
f 757 221 790
f 688 221 220
f 220 960 560
f 960 776 560
f 1079 960 757
f 1079 825 511
f 825 1079 757
f 88 89 41
f 458 1053 951
f 956 897 679
f 525 956 1041
f 3222 1041 281
f 239 903 59
f 238 381 239
f 237 381 238
f 3222 525 1041
f 236 381 237
f 987 956 525
f 82 331 624
f 82 624 956
f 624 458 956
f 331 610 624
f 610 802 308
f 261 511 825
f 310 960 1079
f 1024 262 310
f 262 776 960
f 463 262 1024
f 594 262 463
f 594 911 1018
f 911 479 592
f 490 479 911
f 782 645 592
f 979 782 479
f 848 645 782
f 326 328 426
f 672 333 1014
f 925 780 539
f 850 821 657
f 538 780 631
f 537 266 354
f 324 540 537
f 266 537 540
f 266 540 650
f 1007 564 325
f 540 325 564
f 983 944 416
f 1000 564 1007
f 1000 311 779
f 867 809 311
f 809 500 311
f 586 500 809
f 586 1063 500
f 1063 687 890
f 875 1063 1054
f 1045 31 660
f 708 76 946
f 894 628 436
f 894 436 946
f 232 606 76
f 894 76 606
f 628 73 392
f 73 704 392
f 71 903 73
f 757 790 825
f 239 381 903
f 235 967 236
f 234 967 235
f 231 987 230
f 231 85 987
f 41 170 171
f 229 708 228
f 229 90 708
f 92 228 271
f 645 848 509
f 96 535 227
f 1097 766 850
f 93 226 535
f 225 535 226
f 281 1041 679
f 225 105 535
f 105 103 535
f 109 271 108
f 224 271 109
f 223 271 224
f 223 91 271
f 708 946 1043
f 1045 1043 946
f 1043 1045 565
f 565 660 713
f 713 660 646
f 646 660 890
f 586 687 1063
f 586 809 867
f 605 725 867
f 472 1000 1007
f 472 1007 325
f 472 325 860
f 927 1011 492
f 492 1011 633
f 491 859 536
f 789 173 153
f 561 793 19
f 536 859 821
f 508 459 330
f 847 406 430
f 433 999 617
f 328 839 475
f 1025 1006 1087
f 534 838 326
f 534 326 677
f 326 782 677
f 490 979 479
f 299 463 300
f 463 1024 300
f 765 1024 310
f 748 765 310
f 331 802 610
f 987 82 956
f 102 973 82
f 112 110 981
f 120 276 119
f 276 120 432
f 222 432 120
f 219 432 222
f 230 987 525
f 29 885 767
f 678 634 654
f 561 632 793
f 752 139 644
f 847 181 81
f 306 617 314
f 387 374 773
f 651 1081 616
f 592 479 782
f 485 1067 682
f 635 684 496
f 761 991 351
f 693 629 471
f 277 1005 652
f 392 704 666
f 1098 504 1100
f 754 573 970
f 502 579 662
f 467 838 1040
f 554 1004 629
f 916 345 557
f 267 367 415
f 190 485 359
f 992 553 563
f 380 952 282
f 421 217 1047
f 3435 3450 257
f 3450 3435 3425
f 3425 3435 272
f 86 654 824
f 967 903 381
f 392 666 628
f 628 666 954
f 628 954 383
f 436 383 834
f 436 834 304
f 834 383 684
f 834 684 635
f 834 635 393
f 304 393 31
f 393 945 31
f 452 495 945
f 945 350 452
f 452 350 673
f 673 769 906
f 906 769 614
f 494 906 500
f 875 745 494
f 1054 495 745
f 660 495 1054
f 495 660 31
f 31 945 495
f 31 1045 304
f 1045 436 304
f 219 121 432
f 3421 3425 272
f 6 3422 3414
f 129 128 126
f 66 972 65
f 972 61 62
f 218 468 135
f 218 136 468
f 61 967 234
f 967 381 236
f 903 704 73
f 500 785 311
f 779 311 785
f 864 540 260
f 650 540 864
f 650 1101 266
f 266 243 937
f 819 1016 633
f 536 821 208
f 1107 1056 510
f 657 240 1097
f 559 792 1097
f 259 372 18
f 1014 18 419
f 579 1014 662
f 475 579 502
f 426 475 502
f 509 848 434
f 509 434 1006
f 848 426 434
f 509 442 524
f 524 592 645
f 560 776 1018
f 524 575 29
f 524 442 575
f 1006 434 942
f 502 942 434
f 27 1085 419
f 372 419 18
f 372 259 898
f 559 1097 240
f 873 1016 819
f 866 1091 423
f 866 423 1077
f 866 366 373
f 937 980 724
f 937 454 980
f 243 454 937
f 243 1101 454
f 864 953 1101
f 15 953 864
f 599 779 600
f 785 500 906
f 600 785 614
f 614 769 600
f 600 832 599
f 599 832 15
f 953 15 269
f 953 768 1101
f 1101 768 309
f 454 924 980
f 980 924 1049
f 980 1049 926
f 898 559 474
f 949 518 22
f 754 518 927
f 372 674 508
f 419 372 27
f 588 27 372
f 27 588 357
f 244 459 674
f 508 597 588
f 246 357 681
f 760 828 246
f 1025 885 575
f 529 1025 959
f 1025 530 885
f 885 20 767
f 1001 20 689
f 20 1001 767
f 29 1001 962
f 29 962 560
f 575 442 1006
f 1025 575 1006
f 942 1087 1006
f 473 828 1087
f 473 942 671
f 671 1085 473
f 473 1085 246
f 1085 27 246
f 357 246 27
f 1087 942 473
f 29 767 1001
f 959 1025 1087
f 828 473 246
f 674 898 653
f 474 240 744
f 339 240 657
f 423 1091 926
f 1091 980 926
f 454 601 924
f 15 832 852
f 785 906 614
f 779 785 600
f 564 779 599
f 564 599 15
f 260 15 864
f 1101 309 454
f 1077 873 819
f 1016 1034 859
f 339 859 1034
f 559 240 474
f 419 1085 1014
f 671 502 662
f 942 502 671
f 1006 442 509
f 524 29 1018
f 29 560 1018
f 1018 592 524
f 645 509 524
f 502 434 426
f 259 333 559
f 259 559 898
f 792 333 672
f 657 821 339
f 564 1000 779
f 500 875 494
f 1054 745 875
f 946 436 1045
f 628 383 436
f 281 433 617
f 503 505 379
f 1004 379 849
f 790 943 862
f 862 355 334
f 943 664 1012
f 943 1012 355
f 334 355 676
f 676 484 334
f 849 484 676
f 1004 572 978
f 1004 978 598
f 598 629 1004
f 693 999 554
f 282 617 999
f 693 282 999
f 3448 403 252
f 282 952 729
f 380 3412 3451
f 827 731 883
f 957 963 483
f 207 925 696
f 833 684 954
f 247 24 369
f 923 203 1061
f 824 316 972
f 654 1106 824
f 634 1106 654
f 994 1081 1084
f 461 709 296
f 366 633 1011
f 913 1061 702
f 949 537 354
f 702 255 913
f 781 420 728
f 728 420 526
f 728 526 362
f 317 318 527
f 527 318 1020
f 620 1020 318
f 622 1020 449
f 613 1020 622
f 604 10 881
f 604 881 638
f 604 638 1065
f 1065 638 845
f 1065 845 738
f 738 845 555
f 378 555 384
f 555 378 288
f 378 428 288
f 707 883 428
f 1090 428 883
f 523 288 1090
f 1042 555 288
f 934 523 1090
f 288 523 668
f 1066 613 670
f 613 622 670
f 613 482 627
f 482 613 1066
f 428 1090 288
f 1042 738 555
f 341 527 613
f 527 341 362
f 913 255 561
f 215 362 341
f 811 408 595
f 811 595 912
f 263 775 621
f 371 347 33
f 347 215 33
f 215 341 627
f 371 33 481
f 811 513 408
f 595 250 912
f 204 912 250
f 798 204 250
f 3437 717 465
f 861 34 465
f 749 362 215
f 861 1027 34
f 362 749 728
f 613 627 341
f 1020 613 527
f 482 33 627
f 514 385 604
f 778 514 1042
f 514 738 1042
f 482 1066 385
f 670 10 1066
f 10 385 1066
f 10 604 385
f 1065 514 604
f 1065 738 514
f 883 706 1090
f 670 1069 10
f 622 449 670
f 526 978 905
f 598 978 420
f 811 19 513
f 913 923 1061
f 1029 876 412
f 921 1026 781
f 1026 420 781
f 1026 598 420
f 923 252 203
f 471 1026 921
f 1026 471 598
f 420 978 526
f 317 905 318
f 318 297 620
f 362 317 527
f 362 526 317
f 526 905 317
f 285 448 287
f 13 730 777
f 3448 252 923
f 316 903 967
f 724 866 373
f 736 1106 634
f 1106 316 824
f 393 635 945
f 972 316 967
f 360 860 517
f 430 1060 847
f 380 282 759
f 759 282 471
f 471 282 693
f 999 503 554
f 554 503 379
f 554 379 1004
f 471 629 598
f 484 849 379
f 484 379 1057
f 1109 679 897
f 897 458 951
f 897 956 458
f 433 679 1109
f 505 1109 897
f 999 505 503
f 999 433 505
f 729 617 282
f 824 972 86
f 86 972 66
f 972 967 61
f 495 452 745
f 494 745 452
f 494 673 906
f 452 673 494
f 304 834 393
f 678 654 86
f 581 580 817
f 518 857 1011
f 792 672 877
f 866 819 366
f 141 201 468
f 395 146 200
f 708 1043 228
f 271 565 432
f 276 432 713
f 414 646 687
f 1003 687 586
f 815 1003 586
f 725 586 867
f 860 325 324
f 517 860 21
f 21 949 22
f 537 949 324
f 573 754 927
f 266 1101 243
f 621 406 756
f 850 766 322
f 1023 307 766
f 766 3440 1023
f 424 1023 839
f 976 839 1023
f 307 1023 424
f 467 424 838
f 792 766 1097
f 508 674 459
f 3211 3268 189
f 424 839 838
f 534 677 741
f 928 741 888
f 677 979 741
f 888 979 490
f 556 888 490
f 342 556 299
f 615 342 858
f 858 342 299
f 299 300 858
f 202 566 344
f 300 765 344
f 784 344 765
f 443 210 216
f 478 148 198
f 973 227 737
f 150 623 197
f 216 294 249
f 737 216 249
f 737 249 802
f 802 331 737
f 973 737 331
f 968 165 195
f 167 139 752
f 1104 443 115
f 256 254 253
f 975 615 566
f 655 1040 531
f 655 467 1040
f 714 682 1067
f 270 754 970
f 22 517 21
f 338 517 22
f 194 429 178
f 193 429 194
f 193 192 429
f 460 287 448
f 172 42 789
f 182 183 705
f 183 38 705
f 114 981 115
f 131 125 981
f 981 1104 115
f 981 256 1104
f 981 368 256
f 368 254 256
f 368 623 254
f 623 899 254
f 202 254 899
f 899 1019 202
f 1019 975 202
f 202 975 566
f 975 512 615
f 512 822 615
f 822 1095 335
f 543 742 1095
f 531 928 1095
f 582 531 1095
f 582 1095 742
f 655 531 582
f 655 307 467
f 307 3433 747
f 307 747 766
f 817 580 1094
f 766 747 322
f 270 1035 754
f 22 754 608
f 876 517 338
f 517 876 675
f 879 675 876
f 933 1039 879
f 477 1003 815
f 1003 795 414
f 175 587 184
f 184 587 185
f 185 587 186
f 533 179 180
f 179 533 80
f 196 623 368
f 197 623 196
f 990 1019 758
f 990 512 1072
f 372 508 588
f 542 512 990
f 283 542 639
f 742 542 283
f 283 445 742
f 714 742 445
f 1015 714 1067
f 655 582 1015
f 1019 990 1072
f 981 125 123
f 123 124 981
f 124 3306 981
f 3306 368 981
f 3306 196 368
f 1019 1072 975
f 512 542 543
f 542 742 543
f 729 952 314
f 421 322 217
f 322 747 217
f 929 821 322
f 208 377 901
f 717 715 772
f 3455 730 608
f 730 418 608
f 418 730 389
f 596 933 879
f 596 815 933
f 815 596 477
f 468 276 395
f 177 178 840
f 176 840 44
f 176 177 840
f 789 151 173
f 789 153 172
f 302 976 3440
f 1077 843 873
f 41 171 88
f 752 11 169
f 168 752 169
f 168 167 752
f 395 200 143
f 199 395 388
f 876 1029 879
f 208 821 929
f 869 322 421
f 1102 208 929
f 1060 377 208
f 1037 389 412
f 388 198 199
f 166 968 139
f 162 968 166
f 164 968 163
f 164 165 968
f 163 968 162
f 478 596 968
f 1096 968 596
f 643 1096 1029
f 643 1029 412
f 643 412 499
f 1060 208 1102
f 869 421 187
f 777 270 901
f 714 1 682
f 1 714 445
f 1067 3456 217
f 1067 485 3456
f 445 283 639
f 289 639 758
f 623 159 740
f 623 160 159
f 567 450 865
f 40 450 789
f 1 865 298
f 359 1 298
f 1 445 865
f 445 639 865
f 567 865 639
f 444 567 289
f 567 639 289
f 289 758 740
f 158 444 157
f 158 154 444
f 157 444 156
f 156 289 740
f 155 740 159
f 155 156 740
f 154 161 444
f 152 444 161
f 444 289 156
f 430 13 1060
f 406 621 13
f 292 499 775
f 292 643 499
f 919 643 292
f 919 644 643
f 644 139 968
f 151 789 152
f 623 150 149
f 149 160 623
f 147 478 195
f 147 148 478
f 3413 3443 634
f 665 1033 370
f 145 146 395
f 36 997 541
f 944 245 762
f 976 1023 3440
f 819 866 1077
f 250 619 1084
f 868 480 916
f 496 684 833
f 286 212 507
f 954 666 833
f 1030 941 706
f 15 260 564
f 446 206 716
f 756 79 589
f 145 395 144
f 144 395 199
f 142 468 143
f 140 468 142
f 644 919 752
f 589 263 756
f 263 292 775
f 406 13 430
f 847 756 406
f 929 1060 1102
f 174 929 869
f 3375 187 1047
f 3376 3426 3372
f 3212 3373 298
f 3212 298 450
f 140 141 468
f 138 276 137
f 138 118 276
f 40 3212 450
f 468 136 276
f 137 276 136
f 817 768 269
f 636 835 862
f 559 333 792
f 221 664 943
f 538 843 16
f 134 468 133
f 134 135 468
f 133 468 132
f 132 468 201
f 873 843 631
f 554 629 693
f 954 684 383
f 373 857 937
f 1082 690 715
f 346 345 916
f 798 1081 651
f 775 686 621
f 609 647 983
f 206 369 24
f 315 1046 732
f 360 517 675
f 963 716 1032
f 922 609 1028
f 812 926 1049
f 518 354 857
f 943 790 221
f 589 79 533
f 372 898 674
f 433 281 679
f 705 752 919
f 492 633 491
f 540 564 260
f 3207 403 3448
f 484 636 334
f 127 128 129
f 182 533 180
f 756 3257 79
f 191 847 1060
f 429 191 1060
f 840 929 174
f 587 174 869
f 175 174 587
f 186 587 187
f 122 271 121
f 122 106 271
f 121 271 432
f 192 191 429
f 81 756 847
f 178 429 929
f 840 178 929
f 840 174 44
f 118 119 276
f 111 981 110
f 111 131 981
f 188 187 3375
f 533 705 589
f 182 705 533
f 117 115 443
f 682 359 485
f 13 377 1060
f 1036 696 553
f 245 944 647
f 3456 485 190
f 389 876 418
f 991 761 856
f 3201 3415 86
f 1097 850 657
f 876 338 418
f 915 332 346
f 116 443 104
f 116 117 443
f 769 1048 832
f 245 647 3449
f 405 351 603
f 1091 866 724
f 756 263 621
f 113 981 114
f 579 672 1014
f 377 777 901
f 245 528 703
f 1014 333 18
f 709 666 704
f 484 1057 636
f 876 389 1037
f 724 373 937
f 1077 423 843
f 730 13 621
f 208 901 536
f 335 1095 928
f 961 585 296
f 1011 373 366
f 818 369 805
f 22 518 754
f 916 641 346
f 862 835 790
f 451 1057 951
f 546 267 415
f 1088 916 400
f 862 943 355
f 1030 731 521
f 575 885 29
f 113 112 981
f 207 780 925
f 581 932 410
f 87 233 306
f 3452 647 609
f 18 333 259
f 741 531 1040
f 821 859 339
f 275 751 284
f 3446 3434 3418
f 332 915 1068
f 3391 440 991
f 874 379 505
f 217 3433 1067
f 528 641 703
f 358 17 2
f 1091 724 980
f 621 686 730
f 839 3419 579
f 107 271 106
f 107 108 271
f 268 1048 411
f 927 518 1011
f 818 1036 369
f 956 679 1041
f 962 688 220
f 970 492 491
f 812 16 926
f 104 443 103
f 359 298 3373
f 587 869 187
f 429 1060 929
f 263 589 292
f 589 919 292
f 705 919 589
f 634 678 3413
f 819 633 366
f 13 777 377
f 17 626 459
f 86 3415 678
f 873 1034 1016
f 729 314 617
f 1039 675 879
f 101 973 102
f 968 195 478
f 968 1096 644
f 644 1096 643
f 775 499 686
f 450 298 865
f 789 450 567
f 789 567 444
f 789 444 152
f 101 100 973
f 1085 662 1014
f 84 82 987
f 99 973 100
f 99 98 973
f 98 97 973
f 97 227 973
f 623 740 899
f 740 758 899
f 758 639 990
f 187 421 1047
f 412 389 499
f 389 686 499
f 1029 1096 879
f 478 388 596
f 95 535 96
f 478 198 388
f 95 94 535
f 94 93 535
f 271 91 92
f 388 477 596
f 596 879 1096
f 412 876 1037
f 929 322 869
f 992 30 8
f 388 395 477
f 395 143 468
f 90 78 708
f 706 934 1090
f 1 359 682
f 395 1003 477
f 730 1035 270
f 747 3433 217
f 1015 1067 649
f 1015 582 714
f 742 714 582
f 639 542 990
f 758 1019 899
f 3309 130 3383
f 128 3384 126
f 3263 3240 67
f 3423 7 3265
f 83 987 85
f 83 84 987
f 276 795 395
f 395 795 1003
f 418 338 608
f 22 608 338
f 3455 608 754
f 536 901 970
f 649 307 655
f 543 1095 822
f 543 822 512
f 1072 512 975
f 533 79 80
f 77 708 78
f 77 75 708
f 606 232 74
f 815 586 933
f 933 586 725
f 1039 933 725
f 1039 360 675
f 928 531 741
f 335 928 888
f 822 335 342
f 822 342 615
f 615 858 566
f 254 202 344
f 253 254 344
f 1104 256 253
f 1104 253 210
f 210 443 1104
f 103 443 535
f 70 71 73
f 60 903 58
f 55 903 54
f 54 903 53
f 71 53 903
f 3432 3247 73
f 737 227 535
f 535 443 737
f 216 737 443
f 216 210 294
f 210 253 294
f 253 784 294
f 344 784 253
f 344 566 300
f 566 858 300
f 342 335 556
f 888 556 335
f 1040 534 741
f 1040 838 534
f 322 821 850
f 424 467 307
f 536 970 491
f 573 927 492
f 21 324 949
f 324 21 860
f 860 360 472
f 360 605 472
f 360 1039 605
f 1039 725 605
f 795 646 414
f 276 646 795
f 713 646 276
f 565 713 432
f 271 1043 565
f 1043 271 228
f 3201 86 69
f 68 233 87
f 1057 379 874
f 3204 3424 3202
f 626 17 358
f 64 65 972
f 63 64 972
f 82 973 331
f 308 802 249
f 308 249 511
f 784 748 511
f 784 511 249
f 294 784 249
f 784 765 748
f 765 300 1024
f 463 299 594
f 299 911 594
f 299 556 911
f 556 490 911
f 838 328 326
f 838 839 328
f 3447 3420 3441
f 293 296 709
f 601 454 309
f 949 354 518
f 325 540 324
f 472 605 1000
f 867 1000 605
f 646 890 687
f 75 76 708
f 63 972 62
f 59 903 60
f 56 903 55
f 52 230 525
f 51 52 525
f 50 525 3222
f 50 51 525
f 46 3219 45
f 58 903 57
f 57 903 56
f 3432 73 628
f 606 628 894
f 946 76 894
f 565 1045 660
f 660 1054 890
f 890 1054 1063
f 500 1063 875
f 1000 867 311
f 354 266 937
f 373 1011 857
f 491 1016 859
f 174 43 44
f 3419 672 579
f 839 579 475
f 328 475 426
f 326 426 848
f 848 782 326
f 1018 911 592
f 594 1018 776
f 594 776 262
f 310 262 960
f 748 310 1079
f 748 1079 511
f 308 511 261
f 610 308 261
f 610 261 624
f 40 789 42
f 39 3376 3372
f 3219 3222 281
f 3219 281 45
f 11 705 38
f 306 233 281
f 458 624 1053
f 624 261 907
f 624 907 1053
f 261 825 907
f 757 960 220
f 962 220 560
f 757 220 221
f 835 825 790
f 897 951 763
f 897 763 874
f 951 1057 763
f 221 688 664
f 1012 664 1001
f 401 689 20
f 401 786 1012
f 826 355 1012
f 826 1012 786
f 826 786 552
f 676 355 826
f 880 676 826
f 849 676 880
f 849 880 572
f 905 978 882
f 880 826 297
f 826 552 297
f 449 552 1013
f 1069 1013 1058
f 1069 1058 435
f 1058 813 435
f 863 435 813
f 813 721 863
f 863 721 486
f 486 453 863
f 453 681 361
f 361 386 453
f 760 453 486
f 760 486 721
f 681 453 760
f 361 597 329
f 330 753 329
f 753 330 626
f 329 597 330
f 386 361 329
f 529 721 813
f 813 1058 530
f 1058 401 20
f 959 721 529
f 828 760 721
f 246 681 760
f 330 597 508
f 244 474 2
f 2 474 855
f 744 240 339
f 1034 631 339
f 631 1034 873
f 768 601 309
f 953 269 768
f 600 769 832
f 350 577 673
f 350 710 577
f 618 710 350
f 903 462 704
f 255 632 561
f 750 481 558
f 835 636 451
f 872 764 353
f 19 793 513
f 3207 34 958
f 570 321 569
f 816 3436 3445
f 816 656 3436
f 997 3391 991
f 706 941 1051
f 803 909 570
f 667 816 3445
f 211 909 803
f 1074 667 3416
f 285 26 293
f 961 26 1107
f 293 26 296
f 1056 648 510
f 438 711 549
f 422 910 966
f 977 712 447
f 939 977 447
f 447 712 275
f 1017 275 712
f 275 1017 751
f 284 30 456
f 992 563 456
f 847 191 3363
f 982 279 983
f 303 743 734
f 842 242 1009
f 394 285 327
f 327 285 293
f 1107 287 460
f 1107 460 1056
f 549 241 438
f 438 241 910
f 910 241 370
f 1033 936 977
f 712 977 936
f 413 712 936
f 413 1017 712
f 751 1017 30
f 30 992 456
f 553 992 8
f 1028 870 922
f 922 3442 3452
f 922 3452 609
f 983 279 1028
f 734 416 303
f 242 1074 209
f 903 363 476
f 394 448 285
f 549 1086 1080
f 893 370 241
f 413 936 1078
f 247 455 23
f 455 30 1017
f 206 957 369
f 983 1028 609
f 1009 242 209
f 593 291 211
f 590 563 691
f 470 971 316
f 316 801 903
f 801 363 903
f 476 856 327
f 856 394 327
f 405 993 460
f 1080 1086 871
f 893 940 665
f 893 665 370
f 247 23 669
f 24 247 1059
f 206 24 1059
f 206 1059 716
f 446 957 206
f 957 446 963
f 3449 647 3428
f 762 303 416
f 303 762 1055
f 1055 808 303
f 415 808 1055
f 986 267 667
f 986 667 1074
f 971 735 316
f 735 616 316
f 616 801 316
f 856 363 991
f 761 405 448
f 871 550 301
f 1080 871 964
f 964 893 1080
f 726 940 964
f 692 413 1078
f 692 680 807
f 669 1059 247
f 974 716 1059
f 974 1032 716
f 1032 1068 963
f 762 245 1055
f 1022 764 872
f 573 492 970
f 971 803 570
f 801 616 541
f 363 801 541
f 991 541 997
f 363 541 991
f 991 440 351
f 405 301 993
f 301 405 603
f 280 964 871
f 940 726 576
f 1059 669 319
f 375 409 1021
f 375 1021 989
f 466 213 3417
f 32 989 3417
f 989 32 375
f 409 375 4
f 425 844 409
f 652 602 584
f 1032 602 1005
f 332 1032 1005
f 245 346 528
f 550 1056 460
f 528 346 641
f 703 641 290
f 290 641 480
f 415 1055 290
f 267 546 816
f 267 816 667
f 995 872 853
f 3419 839 976
f 761 448 394
f 971 651 616
f 440 3391 213
f 466 603 213
f 440 213 351
f 301 603 280
f 989 770 280
f 770 964 280
f 770 989 1021
f 770 1021 726
f 726 515 576
f 576 807 680
f 807 576 320
f 583 319 669
f 522 583 669
f 320 522 807
f 522 320 844
f 515 1021 409
f 522 669 807
f 320 576 515
f 1021 515 726
f 409 844 515
f 515 844 320
f 319 974 1059
f 974 319 602
f 602 319 584
f 669 692 807
f 770 726 964
f 280 603 466
f 351 213 603
f 3417 3430 829
f 32 35 365
f 32 365 375
f 375 886 4
f 4 425 409
f 652 584 5
f 652 1005 602
f 346 332 345
f 557 332 1005
f 557 345 332
f 480 868 690
f 290 690 546
f 868 715 690
f 546 656 816
f 730 686 389
f 997 36 829
f 1081 798 1084
f 616 1081 36
f 501 965 35
f 965 771 407
f 965 407 914
f 914 365 965
f 35 965 365
f 501 35 829
f 312 425 313
f 5 312 625
f 652 5 488
f 277 652 727
f 930 557 1005
f 930 400 916
f 1082 717 3438
f 872 995 1022
f 403 612 427
f 612 920 727
f 612 727 427
f 727 488 427
f 642 804 487
f 519 659 457
f 659 407 831
f 513 659 831
f 750 783 720
f 793 632 659
f 255 642 794
f 255 702 642
f 701 702 1061
f 427 488 804
f 321 204 798
f 3436 656 3439
f 3453 3444 380
f 252 701 203
f 661 736 634
f 3427 781 746
f 3429 471 921
f 3427 921 781
f 759 3429 3453
f 3431 921 3427
f 513 831 408
f 595 408 718
f 595 718 250
f 619 771 501
f 619 501 994
f 407 887 914
f 914 887 365
f 313 4 886
f 487 625 312
f 313 425 4
f 487 312 313
f 625 488 5
f 727 652 488
f 277 727 930
f 930 1005 277
f 1088 400 796
f 1088 796 772
f 861 717 719
f 3429 921 3431
f 3429 759 471
f 487 488 625
f 505 897 874
f 930 727 920
f 464 796 920
f 1027 464 958
f 1027 958 34
f 861 719 1027
f 1027 719 796
f 1027 796 464
f 719 772 796
f 400 930 920
f 400 920 796
f 1050 487 313
f 457 1050 313
f 457 313 886
f 407 519 887
f 519 457 887
f 804 488 487
f 642 487 1050
f 886 887 457
f 1081 994 36
f 958 464 920
f 958 920 612
f 985 750 720
f 248 347 371
f 717 1082 715
f 717 772 719
f 715 1088 772
f 887 886 365
f 965 501 771
f 994 1084 619
f 818 3442 922
f 937 857 354
f 690 1082 656
f 985 481 750
f 985 371 481
f 371 985 248
f 491 633 1016
f 248 349 347
f 1084 798 250
f 250 718 619
f 619 718 771
f 718 831 771
f 408 831 718
f 831 407 771
f 349 215 347
f 349 749 215
f 746 728 749
f 746 781 728
f 349 746 749
f 736 295 697
f 661 295 736
f 1061 203 701
f 634 3443 661
f 37 607 504
f 3444 3412 380
f 3453 380 759
f 403 427 252
f 252 427 701
f 701 427 804
f 701 804 642
f 701 642 702
f 794 642 457
f 632 255 794
f 794 457 659
f 632 794 659
f 3454 37 504
f 793 659 513
f 519 407 659
f 1050 457 642
f 3207 958 612
f 3207 612 403
f 697 295 291
f 979 677 782
f 1036 818 696
f 1082 3439 656
f 868 1088 715
f 868 916 1088
f 930 916 557
f 5 904 312
f 886 375 365
f 501 829 994
f 35 3417 829
f 651 569 798
f 569 321 798
f 546 690 656
f 290 480 690
f 641 916 480
f 904 5 584
f 312 904 522
f 312 522 425
f 35 32 3417
f 3391 829 3430
f 997 829 3391
f 541 616 36
f 971 569 651
f 971 570 569
f 213 3391 3417
f 415 290 546
f 1055 703 290
f 245 3449 346
f 425 522 844
f 466 3417 989
f 466 989 280
f 583 522 904
f 583 904 319
f 319 904 584
f 602 1032 974
f 669 23 692
f 576 680 665
f 576 665 940
f 993 301 550
f 871 301 280
f 405 761 351
f 735 971 616
f 510 1083 961
f 1055 245 703
f 915 483 1068
f 446 716 963
f 680 692 1078
f 964 940 893
f 783 764 1022
f 986 367 267
f 762 416 944
f 944 983 647
f 3452 3428 647
f 650 864 1101
f 23 413 692
f 1078 665 680
f 1080 893 241
f 550 871 1086
f 993 550 460
f 856 761 394
f 363 856 476
f 593 803 971
f 242 986 1074
f 808 415 367
f 416 982 983
f 777 730 270
f 957 805 369
f 369 397 247
f 247 397 8
f 30 247 8
f 247 30 455
f 23 455 1017
f 23 1017 413
f 665 1078 936
f 665 936 1033
f 549 1080 241
f 470 593 971
f 1100 1009 1098
f 367 891 808
f 891 1092 808
f 808 1092 303
f 734 982 416
f 397 369 1036
f 1036 553 8
f 1036 8 397
f 910 370 1033
f 648 1086 549
f 1056 1086 648
f 1107 26 287
f 285 287 26
f 810 593 470
f 37 995 607
f 483 963 1068
f 607 995 853
f 842 986 242
f 1105 367 986
f 279 723 1028
f 723 918 1028
f 1028 918 870
f 1033 977 878
f 1033 878 966
f 910 1033 966
f 438 910 422
f 438 814 711
f 506 648 711
f 648 549 711
f 510 648 506
f 961 1107 510
f 1100 842 1009
f 45 281 233
f 891 521 1092
f 924 931 574
f 870 918 207
f 563 553 696
f 563 696 691
f 878 469 410
f 410 422 966
f 489 814 422
f 814 547 711
f 547 548 711
f 548 506 711
f 506 1083 510
f 548 1083 506
f 547 814 489
f 489 422 410
f 284 590 1062
f 269 581 817
f 590 691 1071
f 925 539 1071
f 743 797 734
f 521 1105 1030
f 1100 1051 941
f 1051 1100 504
f 774 353 668
f 481 482 323
f 481 33 482
f 514 558 385
f 706 1051 934
f 706 883 731
f 827 498 731
f 3 521 498
f 3 743 521
f 538 539 780
f 332 1068 1032
f 1062 590 895
f 895 1075 1062
f 411 489 932
f 268 411 932
f 539 16 812
f 339 799 348
f 358 2 3
f 552 449 620
f 863 845 638
f 888 741 979
f 453 384 845
f 244 2 17
f 339 493 744
f 538 631 843
f 16 423 926
f 574 931 1099
f 601 817 931
f 852 932 269
f 264 773 1048
f 382 251 437
f 382 496 585
f 704 892 709
f 462 892 704
f 892 293 709
f 437 251 585
f 437 585 663
f 1083 258 663
f 1083 663 961
f 462 903 476
f 1110 1111 1112
f 1113 1114 1115
f 1116 1117 1118
f 1119 1120 1121
f 1122 1123 1124
f 1125 1126 1127
f 1128 1129 1130
f 1131 1132 1133
f 1134 1135 1136
f 1137 1138 1139
f 1140 1141 1142
f 1143 3256 1144
f 1145 1146 1147
f 1148 1149 1150
f 1151 1152 1153
f 1154 1155 3314
f 1156 3393 1157
f 1158 1159 1160
f 3406 3407 1161
f 3380 1162 3379
f 1163 1164 1165
f 1166 1167 1168
f 1169 1170 1171
f 1172 1173 1174
f 1175 1176 1177
f 1178 1179 1180
f 1181 1182 1183
f 1184 1185 1186
f 1187 1188 1189
f 1190 1191 1192
f 1193 1194 1195
f 3324 3325 1196
f 1197 1198 1199
f 1200 1201 1138
f 1202 1203 1204
f 1205 1206 1207
f 1208 1209 1210
f 1211 1212 1213
f 1214 1215 1216
f 1217 1218 1219
f 1220 1221 1222
f 1223 1224 1225
f 1226 1227 1228
f 1229 1230 1231
f 1232 1233 1234
f 1235 1236 1237
f 1238 1239 1240
f 1241 1242 3317
f 1243 1244 1245
f 1246 1247 1248
f 1249 1250 1251
f 1252 1253 1254
f 1255 1256 1257
f 1258 1259 1260
f 1261 1262 1263
f 3338 1264 1265
f 1266 1267 1268
f 1269 1270 1271
f 1205 1272 1206
f 1273 1274 1275
f 1276 1160 1277
f 1278 1279 1280
f 1281 1282 1283
f 1183 1284 1285
f 1124 1123 1286
f 1137 1287 1138
f 1158 1136 1288
f 1289 1290 1291
f 1292 1293 1294
f 1295 1296 1297
f 1298 1299 1300
f 3312 1301 1302
f 1303 1304 1305
f 1306 1307 1308
f 1309 1310 1311
f 1312 1313 1314
f 1315 1316 3367
f 1317 1318 1319
f 1320 1321 1185
f 1322 1323 1169
f 3378 3379 1324
f 1325 1248 1247
f 1175 1326 1327
f 1328 1279 1278
f 1329 1330 1331
f 1332 1333 1334
f 1327 1335 1175
f 1336 1128 1337
f 1338 1339 1340
f 1341 1342 1256
f 1343 1344 1345
f 1346 1347 1348
f 1349 1350 1351
f 1352 1353 1354
f 1355 1356 1357
f 3303 1358 1359
f 1158 1360 1134
f 1361 1362 1363
f 1193 1364 1365
f 1366 1367 1368
f 3234 3232 1369
f 3315 3314 1155
f 1370 1371 1372
f 1373 1374 1375
f 1376 1377 1378
f 1379 1380 1381
f 1382 1383 1384
f 1385 1386 1387
f 1388 1389 1390
f 1391 1392 1393
f 1394 1237 1395
f 1396 1397 1398
f 1399 1400 1401
f 1294 1402 1292
f 1403 1228 1404
f 1405 1406 1407
f 1118 1211 1213
f 1408 1356 1409
f 1410 1411 1412
f 1413 1133 1414
f 1415 1416 1417
f 3352 1418 3353
f 1419 1420 1145
f 1421 1422 1423
f 1424 1425 1426
f 1122 1427 1428
f 1429 1430 1325
f 1431 1432 1433
f 1434 1435 1436
f 1437 1438 1439
f 1440 1441 1442
f 1443 1444 1445
f 1446 1447 1448
f 1449 1450 1451
f 1452 1453 1454
f 1184 1455 1456
f 1457 1279 1458
f 1459 1460 1461
f 1462 1463 1464
f 1465 1466 1467
f 1468 1469 1347
f 1470 1376 1471
f 1472 1401 1473
f 1474 1475 1476
f 1477 1478 1479
f 1480 1481 1482
f 1483 1484 1485
f 1486 1487 1352
f 1488 1489 1490
f 1491 1112 1492
f 1493 1494 1341
f 1495 1184 1456
f 1496 1497 1498
f 1499 1500 1501
f 1502 1503 1504
f 1505 1506 1507
f 1508 1509 1510
f 1511 1512 1513
f 1514 1515 1516
f 1517 1518 1519
f 1520 1521 1522
f 1523 1524 1525
f 1218 1526 1527
f 1528 1529 1530
f 1531 1532 1331
f 1533 1534 1361
f 1535 1536 1537
f 1538 3261 1539
f 1540 1541 1147
f 1542 1543 1544
f 3233 1545 1546
f 1547 1548 1549
f 1550 1551 1552
f 1553 1554 1555
f 3224 1556 3225
f 3210 3214 1557
f 1558 1559 1560
f 1561 1562 1563
f 1184 1495 1564
f 1565 1566 1567
f 1568 1569 1570
f 3269 3267 1571
f 1572 1573 1574
f 3296 1575 1576
f 1257 1342 1577
f 1578 1191 1190
f 1579 1580 1581
f 1582 1583 1584
f 1568 1585 1586
f 1587 1588 1589
f 1590 1490 1591
f 1592 1593 1594
f 1595 1596 1597
f 1598 1599 1600
f 1138 1601 1200
f 1602 1603 1188
f 1604 1605 1606
f 1607 1608 1609
f 1610 1611 1612
f 1613 1614 1615
f 1616 1531 1617
f 1290 1618 1619
f 1620 1621 1152
f 1382 1622 1383
f 1623 1624 1625
f 1626 1627 1628
f 1629 1448 1630
f 1631 1632 1633
f 1634 1635 1636
f 1637 1638 1639
f 1640 1641 1642
f 1643 1644 1645
f 1646 1647 1648
f 1649 1650 3409
f 1651 1551 1652
f 1484 1368 1367
f 1653 1654 1655
f 1656 1657 1658
f 1659 1660 1213
f 1661 1662 1663
f 1664 1665 1666
f 1667 1389 1668
f 1249 1669 1250
f 1396 1398 1670
f 1439 1546 1545
f 1671 1672 1394
f 1395 1237 1236
f 1673 1674 1675
f 1676 1677 1678
f 1679 1680 1681
f 1261 1457 1458
f 3342 1682 3341
f 1683 1684 1153
f 1685 1686 1687
f 1688 1689 1690
f 1691 1692 1693
f 1694 1695 1696
f 1697 1698 1699
f 3396 1520 1700
f 1701 1690 1702
f 1465 1303 1466
f 1703 1704 1705
f 1706 1707 1708
f 3408 1709 3407
f 1710 1711 1712
f 1651 1713 1714
f 1715 1716 1717
f 1718 1719 1637
f 1316 1720 1721
f 1722 1723 1724
f 1725 1726 1727
f 1728 1729 1730
f 1731 3409 1732
f 1504 1733 1734
f 1735 1710 1736
f 1737 1630 1448
f 1738 1739 1740
f 1150 1741 1148
f 3299 1711 1742
f 1743 1744 1745
f 1746 1747 1748
f 1749 1750 1751
f 3213 3210 1752
f 1753 1754 1718
f 1755 1756 1757
f 1758 1291 1290
f 1759 1760 1761
f 1762 1763 1764
f 3288 1640 3289
f 1765 1766 1767
f 1768 1769 1770
f 1771 1772 1773
f 1774 1775 1321
f 1776 1610 1612
f 1777 1778 1779
f 3335 3355 1780
f 1415 1479 1781
f 1782 1783 1784
f 1785 1786 1787
f 1788 1789 1790
f 1261 1791 1457
f 1553 1792 1554
f 1793 1794 1795
f 1796 1797 1152
f 1798 1799 1800
f 1514 1516 1801
f 1641 1802 1803
f 1804 1805 1806
f 1529 1807 1208
f 3249 1808 1809
f 1810 1463 1462
f 1811 1167 1812
f 1228 1403 1226
f 3206 1813 1814
f 1815 1816 1817
f 1134 1792 1818
f 3337 3341 1819
f 1820 1821 1579
f 1822 1823 1240
f 1824 1825 1826
f 1827 1577 1342
f 1828 1829 1830
f 1831 1734 1808
f 1832 1816 1833
f 1834 1835 1836
f 1837 1838 1839
f 1365 1840 1841
f 1842 1843 1170
f 1844 1845 1846
f 1675 1674 1847
f 1116 1660 1848
f 1849 1218 1850
f 1851 1211 1852
f 1853 1854 1855
f 1856 1168 1167
f 1857 1858 1859
f 1693 1692 1860
f 1861 1862 1863
f 1864 1865 1866
f 1348 1697 1346
f 1432 1225 1743
f 1855 1867 1868
f 1869 1870 1871
f 1872 1133 1413
f 1873 1874 1875
f 1145 1876 1419
f 1877 1878 1879
f 1880 1881 1882
f 1883 1803 1884
f 1885 1363 1886
f 1701 1887 1888
f 1889 1890 1891
f 1892 1893 1894
f 1895 1896 1897
f 1898 1899 1900
f 1901 1902 1903
f 1904 1905 1906
f 1907 1581 1908
f 1909 1539 1910
f 1911 1695 1694
f 1281 1912 1282
f 1838 1913 1839
f 1914 1915 1916
f 1857 1917 1735
f 1918 1919 1920
f 1921 1922 1574
f 1923 1882 1924
f 1925 1838 3402
f 1926 1927 1928
f 1929 1761 1930
f 1931 1932 1373
f 1856 3315 1155
f 1933 1934 1935
f 1936 1937 1938
f 1909 1939 1539
f 1940 1221 1941
f 1839 1913 1942
f 1943 1944 1945
f 3355 1946 1780
f 1947 1375 1948
f 1949 1950 1951
f 1647 1952 1953
f 1954 1955 1956
f 1328 1458 1279
f 1957 1411 1958
f 1959 1960 1961
f 1183 1920 1919
f 3312 1302 3385
f 1962 1963 1932
f 1964 1965 1966
f 1584 1583 1967
f 1187 1968 3369
f 1881 1880 1969
f 1970 1971 1972
f 1973 1974 1975
f 1976 1977 1978
f 1979 1980 1625
f 1948 1314 1313
f 1762 1764 1981
f 1982 1983 1984
f 1985 1986 1670
f 1987 1988 1972
f 1835 1989 1460
f 1990 1401 1400
f 1991 1992 1993
f 1994 1995 1940
f 1275 1996 1273
f 1997 1998 1847
f 1999 2000 2001
f 2002 2003 2004
f 3397 2005 3285
f 2006 2007 2008
f 2009 1678 2010
f 3340 2011 3336
f 2012 2013 2014
f 2015 1963 1962
f 2016 1716 2017
f 2018 1451 2019
f 2020 2021 2022
f 2020 2023 2024
f 2025 1766 2026
f 1161 2027 2028
f 3308 3311 2029
f 1418 2030 3353
f 2031 1287 2032
f 1734 2033 1809
f 2034 2035 2036
f 1274 2037 1338
f 2038 2039 1585
f 2040 2041 2042
f 1630 1737 2043
f 2044 1789 2045
f 2046 2047 2048
f 2049 1497 2050
f 2051 2052 2053
f 2054 1780 1946
f 2055 1888 2056
f 1343 1558 2057
f 2058 2059 2060
f 1316 2061 1720
f 1258 2062 2063
f 2064 1658 2065
f 2066 1231 1476
f 1372 2067 2068
f 2069 1370 2070
f 1292 1402 1758
f 1771 1773 2071
f 2072 1754 2073
f 2074 2075 2062
f 2076 2077 2078
f 2079 2080 1854
f 2081 1814 1813
f 2082 2083 1400
f 1928 2084 2085
f 2086 1362 2087
f 1942 1209 1208
f 2088 1144 2089
f 1582 2090 3271
f 2091 2053 2092
f 2093 1291 1402
f 1815 2094 1833
f 2095 1798 1976
f 1643 2096 2097
f 2098 2099 2100
f 2042 2101 2102
f 2103 2102 2104
f 2105 1775 1653
f 1986 1985 2106
f 2107 1685 2108
f 2109 1772 2110
f 2111 2112 2113
f 1251 1715 1561
f 2114 2043 1737
f 2115 1771 2116
f 2117 1574 1573
f 1621 2118 1152
f 2119 2120 2033
f 2121 2122 2123
f 1748 2124 1746
f 1186 1655 1455
f 1231 1230 2125
f 2126 2127 2128
f 1676 2129 1733
f 2130 2131 2132
f 2133 2134 2135
f 2136 2133 2137
f 2138 1670 1986
f 1329 1331 2139
f 2140 2141 2142
f 2078 2143 2076
f 1778 1575 1779
f 2144 1240 2145
f 2146 2147 2148
f 2149 2150 1449
f 2151 2139 1331
f 2152 2153 1445
f 1607 1609 1705
f 2154 2155 2022
f 2156 1170 1169
f 2157 2158 2159
f 2160 2161 2162
f 3400 2163 3401
f 1448 1447 2164
f 2165 1908 1580
f 2166 1454 2167
f 1581 2168 1820
f 2169 1880 2170
f 2171 1901 1249
f 2172 1481 2173
f 1110 1477 1111
f 3244 3264 2174
f 1845 1212 1846
f 1359 2175 2176
f 1620 2177 1621
f 1869 1472 1449
f 2178 1924 2179
f 2113 2180 1858
f 1786 2181 1787
f 1853 2182 1854
f 1173 2183 2184
f 2185 2041 2040
f 3305 1358 3303
f 2186 2187 1757
f 1936 1938 2188
f 3297 2189 3295
f 2190 2191 2192
f 2193 1210 2194
f 1131 2195 1132
f 1175 1335 1404
f 2101 2196 2197
f 2198 2199 2200
f 2201 2202 2203
f 1945 2070 2204
f 2138 2205 2206
f 1186 1455 1184
f 2207 2208 2209
f 2210 2211 2212
f 2060 1833 2213
f 2214 2215 1220
f 2216 2217 2218
f 2219 2104 2102
f 1341 2155 1493
f 2220 1386 2221
f 2160 2222 1239
f 1916 2099 1914
f 1136 2223 1288
f 2224 1671 1547
f 1463 2225 1464
f 2226 2227 2228
f 2229 1829 2230
f 2030 1571 3267
f 1818 2231 1135
f 2111 2232 2055
f 2233 2234 2235
f 2038 1585 1783
f 2189 2236 2237
f 3286 3302 2238
f 1291 2239 1289
f 2240 2241 2242
f 2243 1795 2244
f 1709 1161 3407
f 3281 2245 2246
f 1259 1284 1919
f 2226 2247 2227
f 2248 1883 1884
f 1984 1312 2249
f 3322 3324 2250
f 1533 2251 1408
f 2252 2253 2254
f 2255 2256 2257
f 2258 2259 2260
f 2261 1299 2262
f 2263 2264 2128
f 2265 2266 1317
f 2267 1918 1430
f 2268 1962 2269
f 2270 1564 2271
f 2025 2272 2273
f 2248 1884 1293
f 1185 1184 1564
f 2274 2275 1821
f 2276 3345 2277
f 2278 2279 2280
f 2281 2282 2283
f 1291 2093 2239
f 1197 2284 1446
f 1468 2213 1833
f 1769 2285 1770
f 1231 2125 2286
f 2287 2288 2002
f 2289 2290 2008
f 1499 2291 1500
f 2292 2293 2294
f 1247 1795 1794
f 2295 1517 2296
f 1731 1709 3408
f 2297 1736 2298
f 2299 2300 2301
f 2302 1598 1600
f 2303 1922 2304
f 1253 2305 1254
f 2197 2306 1434
f 2307 2308 2309
f 2310 1682 2311
f 2312 2313 1690
f 2314 1886 1363
f 2315 2316 2317
f 2307 2318 2308
f 1973 2262 1299
f 2319 2282 2320
f 2321 2322 2323
f 2324 2016 2017
f 2193 2325 2326
f 2327 2328 2135
f 2117 2329 2330
f 2331 2332 2333
f 1826 2334 1289
f 2335 2336 2337
f 1159 1288 2311
f 1931 1398 1397
f 3296 3284 1575
f 2338 1209 2339
f 2340 2341 2342
f 2178 1392 1923
f 1607 2343 2151
f 2081 1813 2344
f 2345 2346 1511
f 2171 2347 1901
f 2348 2349 1329
f 2350 2351 1828
f 2352 1573 1572
f 2353 1228 1227
f 2354 2355 2356
f 1485 2357 2220
f 2358 2359 2360
f 2340 2361 2346
f 1357 2106 2362
f 1284 2363 1371
f 2364 2365 2366
f 1881 1969 2367
f 1874 2368 1875
f 1770 2369 1768
f 3255 2324 3256
f 2140 2370 2371
f 1714 2372 1651
f 2373 2374 1486
f 2375 2376 2377
f 2378 2379 2380
f 2381 1329 2349
f 2053 2091 1393
f 2382 2383 2384
f 1171 1170 2385
f 3316 3315 1856
f 2386 1753 1718
f 2375 2377 1150
f 2387 2388 2389
f 1834 1338 2037
f 3285 2390 3283
f 2391 2392 1172
f 2393 2394 2395
f 2396 1147 2397
f 1523 1440 1428
f 2082 1400 2398
f 2399 1119 2400
f 1624 1270 2401
f 2402 1658 1657
f 2403 2404 2405
f 2406 1793 1217
f 1313 2407 2408
f 2409 2410 1114
f 1896 1895 2411
f 2069 1774 2412
f 1787 1664 1657
f 1429 1325 1247
f 2413 2414 1483
f 2176 2175 2415
f 2416 2417 2418
f 1876 1145 1147
f 1417 2419 2420
f 2421 1552 1318
f 3312 3310 1301
f 2422 2423 2424
f 2302 2425 2360
f 3294 3295 2237
f 3398 2426 3397
f 2190 2427 2191
f 2428 2429 2430
f 2431 2432 2433
f 3343 3336 2434
f 2093 1402 2435
f 1582 1700 1583
f 2436 1634 1636
f 1255 1257 2437
f 3344 3348 2438
f 2439 1707 1599
f 1280 2440 1129
f 2441 2442 2443
f 2312 1690 1689
f 2444 2445 2446
f 2447 1975 2448
f 2449 2450 2451
f 1245 1244 2452
f 3409 1731 3408
f 2453 2031 2454
f 1569 3340 2455
f 2456 2457 2458
f 1309 1596 1310
f 1742 1735 1917
f 2085 2459 1928
f 2416 2460 2417
f 2130 2132 2461
f 2462 2326 2463
f 3208 3366 1981
f 2244 1246 2464
f 2159 2465 1535
f 2460 2466 2467
f 2468 2469 2470
f 1453 2471 2472
f 3205 3203 3266
f 1715 1251 1250
f 1725 1727 2473
f 1644 1643 2474
f 1680 1875 2475
f 1280 1129 1128
f 2476 2477 3290
f 2478 2479 2092
f 2230 2480 2229
f 1701 1888 2055
f 2481 1973 2482
f 2483 1446 1706
f 1543 1647 2484
f 2485 2486 2487
f 1966 1708 2373
f 2259 2488 1822
f 3231 2448 1298
f 1944 2489 1775
f 2002 2490 2287
f 2043 2114 2491
f 2492 2435 1402
f 1395 1236 2493
f 2494 2495 2121
f 2496 1501 2497
f 2498 2286 1171
f 1669 1249 1901
f 2499 2188 2284
f 2500 2501 2502
f 2503 1283 1282
f 3340 1569 2011
f 2504 1752 2085
f 2430 2136 2137
f 2505 1697 1699
f 2506 2507 2508
f 2509 1375 1374
f 1278 1280 1336
f 2510 2407 2511
f 1544 2512 1542
f 2513 1351 2514
f 1895 2209 2411
f 2515 2516 1494
f 1954 1800 1799
f 2003 2260 2517
f 1259 1258 2363
f 1513 1923 1392
f 2518 2495 2519
f 2520 1460 1989
f 2521 2522 2241
f 2523 1474 2524
f 2284 1199 2499
f 1552 2372 1318
f 2310 2525 1682
f 2526 2089 1716
f 1652 1551 1679
f 2527 2318 2307
f 2528 2529 1414
f 2530 2531 2532
f 2533 2534 2535
f 2536 2537 1593
f 1790 1789 1935
f 2281 2538 2539
f 2374 2373 2439
f 2540 1457 1791
f 2541 1178 2542
f 1482 1481 2172
f 2543 1190 1806
f 2544 1537 1502
f 1661 2545 2546
f 1118 1852 1211
f 1661 2547 1244
f 1883 1165 1642
f 1246 1795 1247
f 1549 2491 2114
f 1934 1933 2548
f 2549 1542 2550
f 2551 2552 2553
f 1423 1894 1893
f 2554 1681 2555
f 2556 1927 2341
f 2174 2557 3244
f 3271 3395 1582
f 1355 1357 2558
f 2559 2521 2560
f 3294 2561 3293
f 2562 2396 2397
f 2450 2563 2564
f 2565 2566 1387
f 1339 2567 2558
f 2542 1180 2359
f 3238 2568 3239
f 1781 1555 1554
f 2569 1202 2570
f 2571 1861 2572
f 1529 1528 1807
f 2548 2573 2574
f 2391 1174 1533
f 2352 1348 2575
f 1274 2576 2037
f 2577 2016 2578
f 2579 2580 2581
f 2295 2582 1517
f 2583 2584 2585
f 2144 1333 1332
f 1966 1352 1354
f 2408 2586 1947
f 2587 1602 1724
f 2588 1980 1979
f 1923 1513 1512
f 3348 3321 2589
f 2087 1740 1739
f 2293 2292 2075
f 2590 2591 2592
f 2593 1627 2594
f 1824 2067 2363
f 2410 2595 1115
f 2254 2032 2252
f 1150 2596 2375
f 2597 2487 2486
f 1131 2473 2195
f 2156 1169 1323
f 1863 1959 3359
f 2598 2296 2429
f 2565 2220 2599
f 2583 2509 2600
f 1440 1442 1428
f 2519 2601 2602
f 2603 2115 2604
f 2105 1321 1775
f 2605 2606 1232
f 2607 2393 2395
f 2270 2608 1471
f 2544 1831 2609
f 1626 2610 2594
f 1536 1535 2465
f 2611 2612 2613
f 1113 1115 2614
f 2174 2615 3217
f 2197 1434 2101
f 2616 2617 2618
f 2585 1948 1375
f 2619 1761 2620
f 3350 3351 2621
f 2428 2430 1905
f 1666 2622 2623
f 1176 1404 2348
f 2201 2624 2592
f 1871 2625 1399
f 1711 1710 1735
f 2626 2273 2272
f 1776 1528 2627
f 2628 2629 2279
f 3364 2630 3258
f 1786 2602 2631
f 2596 1149 2632
f 2568 2633 2634
f 2498 1171 2218
f 3236 2463 2326
f 2427 2406 1219
f 2018 2019 2635
f 2636 1639 2637
f 2214 1220 2638
f 1191 2639 2640
f 2641 2331 2642
f 2643 2644 2264
f 3286 1802 3287
f 2637 1498 1497
f 2645 2346 2646
f 2647 1306 2537
f 1642 1165 1521
f 2098 1435 2306
f 1120 2648 1121
f 1928 1927 2649
f 2190 2650 2406
f 2651 2652 2532
f 2653 2386 2636
f 1843 2590 2592
f 2654 2655 2656
f 2626 2272 1140
f 2477 2476 2657
f 1220 2215 1221
f 2224 1549 2114
f 1216 1483 2221
f 2196 2658 2435
f 2329 2659 2369
f 2660 1314 2585
f 1862 1861 2632
f 1964 1354 2661
f 3411 2662 3410
f 2540 1749 2663
f 2197 1915 2306
f 2002 2664 2003
f 2054 2665 1780
f 1682 2666 3341
f 1234 2605 1232
f 1523 2505 2667
f 1366 1984 2249
f 1254 2668 2453
f 2669 2670 2014
f 2671 1419 1876
f 2138 1986 2205
f 2672 2051 1393
f 2673 2674 1505
f 2675 2676 2677
f 1143 2383 3361
f 2678 2289 2008
f 1734 1831 1504
f 2594 1897 2593
f 2513 2679 1349
f 2642 1894 2641
f 1178 2322 2321
f 2680 2231 2378
f 2059 1215 2060
f 3390 3323 2681
f 2213 2058 2060
f 2372 1714 2682
f 2683 2684 1954
f 2685 2686 2322
f 2277 2357 2687
f 1629 1599 1707
f 2688 2689 1982
f 1111 1302 1301
f 1877 2690 1878
f 1677 2610 1626
f 2508 2691 2506
f 2692 2075 2292
f 2169 2044 2045
f 2556 2649 1927
f 3254 2157 3253
f 2693 3225 1556
f 2433 2432 2694
f 2695 2696 2697
f 2698 2699 2700
f 2701 2494 1407
f 2410 2702 2595
f 1194 1193 1841
f 1555 2703 1553
f 2704 2705 2582
f 2656 1248 2706
f 2677 2676 1684
f 1856 1241 3316
f 2049 2707 2283
f 2708 2709 2005
f 2679 1480 2531
f 1567 2708 1565
f 2710 1278 1336
f 1903 2670 1901
f 2207 2711 2712
f 1911 2631 1695
f 2094 1815 2443
f 2498 1476 2286
f 2713 1141 2579
f 2714 2715 1961
f 2716 1379 2717
f 2718 2339 1913
f 2097 2719 2720
f 2683 1956 2721
f 2722 2218 2217
f 2301 2703 2723
f 2452 1589 2724
f 1967 1583 2725
f 1192 2726 1190
f 2018 2727 1451
f 1264 1819 1597
f 1325 1920 2706
f 1548 2300 2728
f 2088 2384 2383
f 2729 2730 2624
f 2522 2731 2682
f 2622 1666 1665
f 2649 2451 2732
f 1388 1668 1389
f 1998 2733 1725
f 1387 2734 1912
f 2333 2735 2736
f 2081 2737 1814
f 1182 1378 2706
f 2604 2116 2738
f 3368 1968 1315
f 2713 2231 2680
f 1612 1528 1776
f 2297 2113 1858
f 2044 2169 1933
f 2714 1961 2739
f 2695 2697 2699
f 2740 1405 2212
f 2741 2742 1369
f 3298 3320 1712
f 3406 1161 2028
f 1418 2504 2084
f 2403 2743 2404
f 1846 2744 2659
f 2491 1600 2043
f 1983 2511 2407
f 2309 1850 1990
f 1851 1852 2745
f 1955 1936 2499
f 2746 1739 1738
f 2274 1820 2168
f 1726 1725 2733
f 2136 2429 1515
f 1702 1690 2747
f 2748 2749 2750
f 2077 2751 2752
f 1434 2306 1435
f 2753 1490 1489
f 1363 2251 1361
f 1143 1144 2088
f 1265 2754 2455
f 1806 1190 2726
f 1463 2634 2225
f 2610 2755 1503
f 2461 2257 2256
f 2722 2217 2685
f 2756 1816 2757
f 1513 1391 2345
f 3269 1571 3374
f 1764 2670 2669
f 1174 1534 1533
f 3297 1576 2189
f 1730 1729 1444
f 1632 2758 2759
f 2517 2260 2760
f 1154 1663 2761
f 2650 1794 1793
f 2762 2763 2030
f 1568 1586 2764
f 1198 2765 2766
f 2767 1743 2768
f 3230 3229 1192
f 2126 2769 2770
f 2288 2771 2772
f 2773 2466 2503
f 2243 1217 1793
f 2304 1921 2774
f 3390 1154 3314
f 1204 2770 2570
f 2775 2360 1180
f 2464 2591 2244
f 2520 2776 2316
f 1898 1900 2777
f 1837 3403 1838
f 2778 2779 1908
f 2323 2322 2686
f 2061 2052 2780
f 3283 2390 2781
f 1240 2144 1238
f 2782 2783 1628
f 2574 2676 2784
f 2785 2786 1810
f 2364 2787 2788
f 2789 1164 2790
f 1473 1401 1990
f 1727 2791 2709
f 1494 1493 2515
f 2027 2792 2793
f 1957 2794 1604
f 1620 1152 1797
f 1578 2795 2796
f 3349 1500 2797
f 3267 3353 2030
f 3358 2571 2572
f 2798 2799 2800
f 1925 1913 1838
f 2801 2681 3323
f 2802 1480 2803
f 3294 2237 2561
f 2234 1713 2405
f 2315 2421 1318
f 2804 1136 1135
f 2657 2004 2517
f 1889 2805 1890
f 2806 2807 2808
f 2309 1990 2083
f 3410 2809 2810
f 1359 1358 2175
f 2811 1337 1615
f 1541 1876 1147
f 1705 1609 1703
f 2555 2812 2813
f 1926 1797 1796
f 1438 1437 2809
f 2415 1822 1240
f 1621 2177 2118
f 2814 2137 2747
f 2815 2816 1487
f 1866 2817 1864
f 2090 2818 3272
f 2259 1822 2175
f 1538 1539 2819
f 2820 2821 1941
f 3252 1537 3404
f 1825 2822 1496
f 1907 1133 1132
f 2823 2361 1692
f 2824 1971 1878
f 1227 2825 2353
f 2826 2827 2746
f 2828 2829 2253
f 1868 1788 1853
f 1733 1504 2755
f 2795 1898 2777
f 1904 1245 2830
f 2184 2831 1174
f 2330 1921 1574
f 1914 2306 1915
f 2378 2832 2680
f 1489 1304 1465
f 2833 1906 2834
f 2549 1952 2835
f 1707 1706 2836
f 1158 1160 1360
f 1379 1297 1380
f 1794 2650 1267
f 1464 2718 2693
f 1622 1811 2833
f 1646 1648 2837
f 1745 2103 2768
f 2440 1457 2838
f 1826 2068 2067
f 2839 2078 1864
f 1610 2840 1611
f 1292 1758 2790
f 2841 2842 2624
f 2447 2640 2639
f 1892 2736 2843
f 2799 2844 2800
f 2565 2599 2566
f 1276 1416 1160
f 2254 2845 2032
f 1681 1680 2846
f 2644 2571 2847
f 1448 2164 1737
f 2579 2804 2713
f 1834 2037 1835
f 2794 1605 1604
f 3291 3290 2477
f 2156 1323 2772
f 1696 2273 2626
f 1679 2554 1652
f 3410 1649 3409
f 2546 2848 2746
f 2419 1417 1416
f 2665 2118 2177
f 2544 3404 1537
f 1213 1116 1118
f 2849 1937 2240
f 2850 2100 2099
f 3389 2851 3325
f 1784 1311 1310
f 1788 2852 1789
f 1256 2022 1341
f 2403 1652 2554
f 2001 2853 1263
f 1634 2436 2629
f 2675 2854 2676
f 2855 2856 1728
f 2857 2398 1399
f 2680 1142 1141
f 1377 1470 2654
f 2858 2324 2630
f 1951 1888 1887
f 2126 2128 2859
f 1253 1252 2186
f 2860 2861 2862
f 2863 1852 1118
f 2864 1696 1695
f 2706 1920 1182
f 1677 1626 2865
f 1364 2359 1365
f 2337 2336 2866
f 2227 2247 2867
f 1424 2868 2467
f 2869 1149 1148
f 2387 2870 2388
f 1130 1337 1128
f 2087 2486 2485
f 1726 1779 2791
f 1664 2812 1665
f 2222 2160 2162
f 2871 1797 2872
f 1613 1615 1337
f 1272 2873 1206
f 1868 2852 1788
f 2115 2603 2874
f 1796 1151 1860
f 1929 2824 2690
f 2036 1609 2034
f 2875 1859 1858
f 1953 2021 2628
f 2304 1922 1921
f 1379 2876 1756
f 2877 1742 1917
f 1262 2878 1263
f 2224 1559 1671
f 1516 2879 2880
f 3208 1813 3206
f 2633 3238 2616
f 2594 2881 1897
f 2408 1948 1313
f 3239 2130 3241
f 2882 2743 2555
f 2226 2883 2431
f 2735 2333 2332
f 1226 1403 2394
f 1669 2670 1763
f 2701 2884 2519
f 2885 1821 2275
f 2886 1800 2684
f 2887 1182 1181
f 2595 2702 1650
f 2756 1283 2503
f 1947 1373 1375
f 2560 1936 1955
f 2888 2889 1590
f 2456 2890 1595
f 2613 2891 2716
f 1680 1679 1550
f 2512 1271 2550
f 1243 1662 1244
f 2203 2654 1470
f 2892 2893 2894
f 1916 2895 2099
f 2896 2496 2897
f 1715 2526 1716
f 1956 2499 1199
f 2247 2433 2347
f 2444 2898 2745
f 2575 2899 2352
f 1341 2022 2155
f 1549 2728 2491
f 1503 2755 1504
f 2763 2762 1723
f 1590 2889 2080
f 2900 2008 1421
f 2563 2646 2901
f 2902 2142 2903
f 2904 1351 1591
f 1377 2656 1378
f 1305 1304 2905
f 2906 2907 2908
f 1666 2402 1657
f 2579 1141 2580
f 1266 1632 2759
f 1721 1720 2146
f 2441 2443 2909
f 2693 1556 1464
f 2910 2903 1896
f 2851 1196 3325
f 2666 1597 1819
f 1271 2512 1269
f 1256 2020 2022
f 2442 2911 2094
f 2596 2632 2643
f 2072 1390 2912
f 2621 2497 1501
f 1376 2887 2913
f 1683 1153 2118
f 1614 2914 2036
f 2106 1357 1356
f 2652 1524 2667
f 2261 2262 2861
f 2816 2230 2271
f 1744 1743 1225
f 2915 2028 2916
f 2817 2839 1864
f 1689 2298 2917
f 1993 1992 2914
f 2918 2919 2920
f 2701 2495 2494
f 1693 1860 1151
f 2885 2921 2454
f 2922 2808 2236
f 2923 1617 1531
f 2313 2924 2834
f 2815 2925 2480
f 1207 1841 2926
f 2927 2749 2928
f 2785 3223 2786
f 2476 2929 1645
f 2310 1288 2223
f 2930 2787 2931
f 2932 2933 1782
f 1717 1716 2577
f 2934 2935 1373
f 3395 1700 1582
f 1353 1352 1487
f 1130 1129 2107
f 2513 2514 2803
f 2221 1483 1485
f 2572 1863 3359
f 2319 2320 2936
f 2291 2937 2566
f 2024 2023 1634
f 1198 2766 2721
f 2065 2904 2064
f 2454 2032 2845
f 1903 2012 2014
f 2938 2939 2894
f 2562 2863 1879
f 1508 1510 2844
f 1709 2940 2027
f 1337 1130 1613
f 2941 2942 2355
f 1557 1752 3210
f 2943 2092 1189
f 2805 1195 2944
f 2945 2946 2947
f 1381 2948 3273
f 2665 2177 2949
f 2950 2951 2952
f 2428 2598 2429
f 1144 3256 2324
f 1616 2034 1608
f 2844 3347 1508
f 3404 2544 3250
f 2847 2953 2954
f 2955 1116 1848
f 1319 2682 2731
f 2401 1269 1728
f 2189 1778 2236
f 1528 1530 2627
f 2472 2956 2957
f 1616 1617 2035
f 1755 1295 1756
f 2084 2958 1418
f 2012 1902 2694
f 2438 3348 2589
f 2870 2387 1235
f 2959 2960 2961
f 2003 2517 2004
f 3223 2785 3224
f 1965 2962 2963
f 2442 2441 2575
f 2864 2602 2601
f 2964 2071 2006
f 2761 1243 1168
f 2837 1648 2965
f 1507 1506 2966
f 2521 1937 2560
f 2910 1896 2411
f 1926 2342 2341
f 2178 2967 2672
f 2968 2969 2696
f 2474 1643 2097
f 1597 2666 2457
f 2468 2927 2970
f 2380 2336 2335
f 2942 2735 2355
f 2505 1428 1346
f 3259 2971 3282
f 1796 1152 1151
f 2303 1350 2972
f 1374 2973 2509
f 2363 2063 1824
f 2929 2561 1643
f 1708 1966 1965
f 2167 1453 2957
f 2974 2908 2907
f 2975 2618 2339
f 1770 2774 2330
f 2976 2977 2886
f 1489 2905 1304
f 2331 2333 2642
f 2978 2979 2980
f 1735 1736 1857
f 1912 1281 1385
f 1285 2981 1181
f 1363 1885 2251
f 2268 3328 2015
f 1859 1436 1435
f 2786 2132 1810
f 2818 2163 3400
f 2575 1348 2911
f 2827 2086 1739
f 2982 1942 1807
f 2957 2983 2167
f 1376 1378 2887
f 1828 1830 2730
f 2002 2288 2664
f 2090 2984 2818
f 3338 1265 3339
f 1522 2985 2725
f 2367 1419 2179
f 1856 1155 1168
f 1196 2851 2986
f 2355 2735 2551
f 2987 2988 2931
f 2683 2721 2880
f 1126 1125 2766
f 2463 2916 1530
f 2989 2155 2549
f 1326 1177 1119
f 3316 1241 3317
f 2712 1234 2208
f 2990 1884 1916
f 1862 2991 2739
f 2328 2327 1949
f 1518 1517 2582
f 1650 1649 2810
f 1685 2107 2992
f 2993 2808 2807
f 2630 3364 2858
f 1355 1409 1356
f 2130 2461 2256
f 2994 2995 1692
f 3297 3296 1576
f 1871 1472 1869
f 2996 1349 2679
f 2997 1765 2998
f 2404 2743 2870
f 2029 1492 2999
f 1282 2502 2773
f 1674 2806 3000
f 2316 1173 1172
f 3001 2530 2532
f 2290 2289 2165
f 2146 2148 1721
f 2278 1648 2279
f 1318 1317 2183
f 3002 3003 2606
f 1784 1310 2997
f 2737 2621 3351
f 2064 2753 1467
f 1239 2222 2176
f 1792 1360 1554
f 1801 3004 1125
f 1324 2016 2858
f 3317 1242 3392
f 2316 1172 2392
f 2669 2344 1764
f 2997 1595 2890
f 2637 1497 2049
f 2566 2599 2589
f 2351 2271 1829
f 1260 2074 2062
f 2908 2974 2460
f 1705 2400 1607
f 2964 2116 2071
f 2238 1802 3286
f 1973 1299 1974
f 3005 1383 2917
f 3388 3387 2600
f 2795 1578 2543
f 1166 1812 1167
f 1153 1152 2118
f 2145 1240 1823
f 1445 3006 2152
f 2704 2487 2705
f 1751 1995 2354
f 3007 3002 2969
f 1525 3008 1273
f 2480 2925 3009
f 2999 1301 3310
f 1691 2548 1933
f 2862 2349 2353
f 1886 2106 1885
f 1894 1423 1422
f 2629 2436 2279
f 3249 3248 1808
f 2293 1631 1633
f 2286 1476 1231
f 1658 3010 2065
f 3011 3012 2987
f 2588 3013 3277
f 3014 2100 2850
f 2891 2613 2612
f 2926 2299 2301
f 2361 2340 2342
f 1251 2171 1249
f 2110 1687 2109
f 1572 1922 2507
f 1514 2134 2133
f 2783 2782 3015
f 2607 1114 2393
f 2534 3016 3017
f 1449 1451 2149
f 1991 2738 3018
f 2546 1738 2547
f 2937 1387 2566
f 1197 1199 2284
f 3019 2035 1617
f 2330 2774 1921
f 3329 3020 3021
f 3022 2966 2659
f 3023 2142 2141
f 1382 1242 1622
f 1781 1554 1415
f 1611 1909 3024
f 1749 2540 1791
f 1360 1792 1134
f 2654 2203 2202
f 1328 1411 1410
f 1120 2399 1139
f 3025 1724 1723
f 2832 2378 2380
f 2974 2907 1817
f 2232 1688 2055
f 3011 2143 3012
f 1746 3026 2182
f 2734 1387 2937
f 2096 2237 2719
f 2353 2741 2862
f 2922 1777 3000
f 1475 1474 2523
f 1405 2039 1406
f 2295 2598 1589
f 2050 2198 2707
f 2171 2867 2247
f 2109 1773 1772
f 2406 2427 2190
f 2533 2472 2534
f 1875 2368 3027
f 2921 2453 2454
f 1189 1603 2564
f 1735 1742 1711
f 2779 3028 2166
f 1461 2391 3029
f 2155 2989 1493
f 2478 2061 3030
f 2530 2506 2691
f 3252 3251 1535
f 2552 2551 2332
f 3343 2434 1866
f 2901 2345 1391
f 3227 3031 1804
f 2864 3032 3033
f 2820 1941 2215
f 3028 2778 2289
f 2135 1702 3034
f 2182 1853 1747
f 3329 3021 3330
f 2751 1683 2118
f 2632 2991 1862
f 2685 2217 2686
f 3035 3036 1223
f 2158 2209 1895
f 2707 2198 2200
f 2365 3037 2784
f 2203 2729 2201
f 3038 1412 1411
f 3039 2389 2960
f 3040 1282 1912
f 1166 1243 1245
f 2041 3041 2658
f 2087 1739 2086
f 2337 2866 1547
f 1334 3042 2805
f 2320 2539 2821
f 1147 1146 2397
f 1173 2316 2315
f 2798 2249 1314
f 2264 3043 2643
f 1975 2482 1973
f 2621 3044 3350
f 1449 2150 1869
f 1312 1983 1313
f 1752 1557 2872
f 1885 2106 1356
f 2016 1324 1162
f 2025 3033 1767
f 2939 1979 2856
f 1873 1550 2421
f 2527 2533 2318
f 1361 3045 1362
f 1774 2069 1944
f 1940 1941 3046
f 1922 2303 2508
f 1890 3047 1891
f 1959 3048 3360
f 1273 1996 1441
f 2927 2468 2750
f 1295 3049 1296
f 3038 1411 1957
f 3270 3401 2711
f 1887 1701 1702
f 1462 1464 1556
f 2638 2853 3050
f 1216 2059 1483
f 3051 2623 3027
f 2109 1422 3052
f 2813 2812 1911
f 3053 1644 2474
f 1181 2981 2887
f 2975 2339 2225
f 2115 2108 1772
f 1360 1416 1415
f 1777 2922 1778
f 1933 1935 2044
f 3054 2614 2595
f 1262 1410 2978
f 2309 2083 2307
f 2508 2972 2691
f 3040 2896 2500
f 2574 1934 2548
f 2958 2084 2649
f 1191 2640 1192
f 2331 2641 1687
f 1132 2168 1581
f 1256 1342 1257
f 3360 3048 3381
f 2813 2882 2555
f 2114 2164 1560
f 2986 2851 3055
f 2674 2673 3056
f 3005 3057 3058
f 2049 2283 2653
f 1475 3059 3060
f 1585 2039 1586
f 2897 3061 2500
f 3288 3287 1641
f 1485 2687 2357
f 1198 2721 1199
f 2798 3021 2799
f 2436 2792 2280
f 3062 2662 3411
f 1461 1460 2392
f 3005 2917 3057
f 1527 1450 1473
f 1905 2830 2428
f 2514 1351 2065
f 1235 1345 2235
f 2934 1373 1947
f 1325 1430 1918
f 1841 1840 2299
f 2162 2029 3311
f 2449 2646 2563
f 2427 3063 2191
f 2954 3064 2859
f 1274 3008 2576
f 2608 2350 2203
f 2332 2551 2735
f 2809 2614 3054
f 1930 1761 2619
f 3307 2222 3311
f 2994 2169 2170
f 1215 2757 1832
f 2124 2365 2364
f 1969 2673 1420
f 2144 2145 1333
f 1579 1821 3065
f 1343 1559 1558
f 2934 2586 3066
f 2166 1414 2779
f 2876 2893 1757
f 1218 1527 1850
f 2894 2612 2938
f 2544 1502 1831
f 2923 1606 1605
f 2897 3067 3061
f 2103 2104 3068
f 3069 2880 2879
f 2941 3070 2928
f 2868 1760 2417
f 1717 1561 1715
f 1286 2424 2058
f 1865 3334 1866
f 2697 3071 2789
f 1193 3072 1364
f 1476 2498 1474
f 3018 2951 1991
f 1929 2377 2824
f 1915 2492 1294
f 1543 2484 3073
f 1696 2959 1694
f 2699 1619 1618
f 1813 3208 1981
f 3320 3058 1712
f 2009 3074 2129
f 2098 2100 3075
f 1425 2773 2502
f 3290 3292 2476
f 1822 2415 2175
f 2499 1956 1955
f 3010 2402 3051
f 1302 1111 2420
f 1888 1433 2056
f 1176 2348 2139
f 2390 3285 2005
f 3076 1494 2516
f 2827 2314 2086
f 3405 2174 3217
f 1760 2868 2620
f 1443 3077 1444
f 3024 1910 1837
f 2955 1848 2416
f 1498 2700 1496
f 2069 2412 2981
f 2002 2004 2490
f 1431 1951 1950
f 2319 3078 2073
f 3079 3080 3066
f 2523 3081 3059
f 1986 2106 1886
f 2686 3082 1830
f 2512 2152 1269
f 1970 1988 1540
f 2700 1498 2698
f 3071 2725 2985
f 3349 3044 1500
f 1330 1329 2381
f 2692 3083 2075
f 2925 1486 2374
f 1668 3078 2370
f 3084 3085 3086
f 1683 2077 2677
f 1299 2261 1300
f 2533 2535 2318
f 2944 1195 1194
f 2982 3024 1839
f 3018 2252 2951
f 2750 2945 2748
f 2632 1149 2991
f 2186 1252 2187
f 1495 1456 2816
f 3226 2693 1925
f 2492 1915 2197
f 3005 3058 1384
f 2172 2173 3087
f 2019 1526 2635
f 3300 1742 2877
f 2981 1285 1370
f 3070 3088 2928
f 2838 1457 2540
f 3354 3335 2949
f 1714 2234 3089
f 1466 2123 1467
f 1654 1744 1225
f 1895 2881 2465
f 1880 1882 2170
f 2771 2150 2772
f 2046 2048 1949
f 3007 3003 3002
f 2747 1690 2814
f 1383 1622 2924
f 1375 2509 2585
f 2574 1684 2676
f 3090 3091 2848
f 2730 2729 1828
f 1272 3092 1478
f 2198 2050 2692
f 2324 2858 2016
f 3371 1602 3370
f 1368 3093 2423
f 1399 1401 1871
f 2478 2053 2052
f 1719 1718 3094
f 2813 2961 2882
f 2538 2281 2200
f 2210 3095 2211
f 2689 1983 1982
f 1664 1787 2181
f 2252 3018 2253
f 2936 2370 3078
f 3047 2873 1491
f 1661 1663 2545
f 3096 2594 2610
f 2994 1691 1933
f 1765 1767 3097
f 2621 1501 3044
f 1786 2518 2602
f 1309 1264 1596
f 3203 3244 2557
f 3098 3035 1223
f 2985 1165 3071
f 2998 1782 1784
f 3079 2586 2510
f 1297 1296 1380
f 2149 1451 2727
f 2883 1148 1741
f 2913 1471 1376
f 2953 2571 3216
f 2622 2846 2475
f 1769 1854 2285
f 1993 2604 1991
f 2778 2165 2289
f 1438 2809 3062
f 1862 2739 1960
f 2124 3099 1746
f 2233 2235 1344
f 3083 2062 2075
f 2006 3100 2964
f 2450 2587 3025
f 3101 1445 2153
f 3234 2742 3233
f 3102 2195 2473
f 1959 1961 3048
f 2538 2200 3070
f 1663 1662 2761
f 1290 1619 1758
f 2036 2035 1615
f 1532 1608 2151
f 1300 3232 1298
f 1295 2274 3049
f 3103 2511 1996
f 2125 1230 3104
f 1872 1998 1725
f 3071 2697 2696
f 2240 2242 2057
f 1541 3105 1204
f 1701 2055 1688
f 1590 1591 2888
f 2627 2916 3106
f 2869 2991 1149
f 3344 2277 3345
f 1492 2161 3107
f 1610 3108 2840
f 2392 2520 2316
f 1695 2631 2602
f 1802 1641 3287
f 2218 1171 2385
f 1359 2176 3304
f 1499 2937 2291
f 1669 1901 2670
f 1625 2401 2856
f 2822 1825 2063
f 3109 2253 3018
f 2578 3110 2577
f 2980 1999 2978
f 1202 2967 2671
f 1587 1738 1740
f 2811 3019 3111
f 2683 1954 1956
f 1708 1965 2963
f 1734 1809 1808
f 2989 2550 1271
f 3090 2848 2545
f 2684 1519 2886
f 3112 2119 3074
f 2961 2960 2388
f 1656 1658 1467
f 2501 2013 1426
f 2217 3082 2686
f 1674 1673 2807
f 3001 2667 1699
f 2240 1937 2241
f 2458 2310 2223
f 3113 2296 1517
f 2236 2719 2237
f 2651 3114 2576
f 1731 2940 1709
f 1547 1671 1394
f 3115 3116 1447
f 1343 1345 1672
f 1776 1636 1635
f 2584 2583 2600
f 2336 3117 2866
f 2287 2490 3053
f 1409 3029 1408
f 2140 2371 2141
f 2804 1135 2231
f 1355 2558 2567
f 2706 1378 2656
f 3118 1675 3119
f 1687 2110 1685
f 2637 1639 1498
f 3016 1893 1892
f 2995 1511 2823
f 2403 2554 2743
f 2770 3105 2127
f 1178 2541 2322
f 1284 1259 2363
f 2991 2869 2739
f 1232 2912 1390
f 3061 2013 2501
f 1345 1344 2235
f 3399 2611 3276
f 1605 3019 2923
f 1175 1177 1326
f 2785 1810 1462
f 1973 2481 2262
f 2714 1562 2715
f 2827 2826 2205
f 3120 2940 3121
f 2584 2600 3387
f 1797 1926 2459
f 2176 2415 1239
f 1452 2900 3122
f 3072 3042 3059
f 3123 1654 2489
f 2169 2045 1880
f 1526 1217 2243
f 2246 3124 3280
f 2900 1421 1423
f 1381 3274 2717
f 2672 1393 1392
f 2855 2305 3125
f 3307 2176 2222
f 3397 2426 2005
f 2732 2762 2958
f 2054 1946 2752
f 2952 2252 2032
f 2456 2581 2890
f 2988 2212 2211
f 1506 1768 2966
f 3125 2856 2855
f 2313 2814 1690
f 2935 3126 1398
f 1176 1175 1404
f 2399 1705 1704
f 1235 2387 1236
f 2860 1300 2261
f 3227 1804 3228
f 2786 2461 2132
f 2367 1969 1420
f 3127 2258 2664
f 2701 2519 2495
f 2581 2223 2579
f 2405 1713 2403
f 1599 1629 1630
f 2287 2771 2288
f 2070 1944 2069
f 2681 2801 2545
f 2484 2409 3073
f 3091 2826 2848
f 3343 1866 3334
f 1656 1785 1787
f 2635 2244 2591
f 2919 2639 2920
f 1232 1390 1233
f 1574 1922 1572
f 2389 3128 1236
f 1939 2840 3108
f 2462 1530 1529
f 2517 3129 2477
f 2871 2872 1557
f 3095 2930 2211
f 2418 2417 1759
f 2789 2790 1619
f 1408 1885 1356
f 2133 3034 2137
f 2674 3056 2852
f 3101 1200 1443
f 3040 1912 2734
f 2208 2411 2209
f 2506 1698 2507
f 2833 2924 1622
f 1514 2136 1515
f 2962 2046 1126
f 3071 2969 2725
f 1783 1311 1784
f 2203 1470 2608
f 2798 2660 3021
f 3130 2951 2950
f 2749 2748 2942
f 1951 1887 1702
f 1709 2027 1161
f 2581 2456 2458
f 1814 2737 3351
f 1355 2567 1459
f 2370 2902 1668
f 1953 1648 1647
f 2575 2911 2442
f 1305 3026 3099
f 2129 3074 2119
f 1783 2754 1311
f 1456 1353 1487
f 1231 2066 1229
f 1287 2952 2032
f 2680 2832 1142
f 1943 1945 3131
f 2212 2988 2740
f 1623 2516 1624
f 1321 2412 1774
f 1243 2761 1662
f 2568 2634 2131
f 2021 1953 2154
f 2412 2887 2981
f 2457 1595 1597
f 1199 2721 1956
f 3132 2734 2937
f 2166 2528 1414
f 3101 1592 1200
f 2540 2663 3133
f 1489 1488 2905
f 3215 2953 3216
f 1843 2385 1170
f 1510 1509 3134
f 1518 2886 1519
f 3135 1442 1441
f 1270 2515 2989
f 1456 1455 3136
f 2362 3126 1357
f 1196 3091 2250
f 2616 2975 2633
f 2814 2834 3137
f 2248 1293 1163
f 3231 3138 2448
f 1491 1110 1112
f 1328 1278 1958
f 1366 2249 2800
f 3301 3014 3302
f 2121 2210 2494
f 2748 2736 2735
f 1953 1952 2154
f 1491 3139 1110
f 3140 1572 2507
f 2543 1898 2795
f 1502 1537 1536
f 1904 2830 1905
f 3094 2912 3003
f 2559 2560 1798
f 2516 1623 3141
f 2913 2412 1321
f 2478 2092 2053
f 2093 3085 2239
f 2970 2927 2294
f 1592 3142 2648
f 3354 2949 3143
f 2327 2134 1801
f 2851 3389 3055
f 3386 1276 3332
f 3136 3036 2661
f 1898 1805 1899
f 1747 1746 2182
f 1594 3142 1592
f 2637 2653 2636
f 1229 1333 2145
f 1758 1619 2790
f 1169 2286 2125
f 1586 3144 3145
f 1381 2717 1379
f 3079 2510 1340
f 2850 2099 2895
f 3109 3100 2253
f 2815 1486 2925
f 2824 2377 2376
f 1394 1395 2337
f 1475 3060 2066
f 1691 1693 2548
f 2459 2872 1797
f 3231 1298 3232
f 1778 2922 2236
f 1350 1591 1351
f 1321 2105 1185
f 1489 1465 2753
f 3358 3216 2571
f 3020 2844 2799
f 2259 2258 2488
f 2388 2870 3146
f 2973 1963 3326
f 3121 2965 3120
f 3233 1546 3411
f 2703 3117 2379
f 2027 2280 2792
f 1911 2181 2631
f 1798 1800 2977
f 1563 2867 1561
f 1116 1213 1660
f 3399 3277 3013
f 1325 1918 1920
f 3147 2760 3148
f 2488 3104 1230
f 3256 1143 3361
f 1757 2893 2186
f 1189 1188 1603
f 2025 2273 3033
f 1886 2314 2205
f 1842 2149 2727
f 2570 2770 2769
f 1666 1657 1664
f 1499 1501 2496
f 3009 2321 2229
f 3025 2732 2451
f 2855 1728 1730
f 1870 1869 2287
f 3052 1773 2109
f 1306 2647 2607
f 2179 1419 2671
f 2182 3026 2079
f 1660 2909 2906
f 1272 1478 3139
f 2162 2161 2029
f 2481 1606 3149
f 3409 1650 1732
f 1955 1799 2560
f 1425 2502 2501
f 2764 2434 2011
f 3226 1925 3402
f 2779 2778 3028
f 3026 1746 3099
f 3076 2246 1827
f 1759 1761 2690
f 1796 1860 2342
f 3130 1992 2951
f 2007 1421 2008
f 1997 1847 1674
f 3031 3150 1899
f 2531 2530 2996
f 2864 2601 3032
f 2399 2400 1705
f 2665 2949 1780
f 1349 2996 2972
f 2891 2612 2894
f 1985 1670 1398
f 2665 2751 2118
f 1987 2263 2128
f 2702 3151 1650
f 2781 2791 1779
f 2962 1965 2046
f 2127 2126 2770
f 3014 2850 2238
f 2656 1377 2654
f 1998 1997 2733
f 2634 2633 2975
f 2024 2629 2021
f 2319 2936 3078
f 2399 1120 1119
f 2490 2004 1644
f 2775 1180 1179
f 2194 2617 2325
f 1371 1370 1285
f 1468 1124 2213
f 2823 2346 2361
f 2159 1535 3251
f 1876 1203 2671
f 2885 2454 3065
f 2294 3088 2199
f 1739 2746 2827
f 1564 1495 2271
f 2353 2349 1228
f 2660 2585 2584
f 3045 2486 1362
f 2970 1633 2469
f 1793 2406 2650
f 1573 2352 2899
f 2768 3068 2056
f 2303 2304 2888
f 1657 1656 1787
f 2224 1560 1559
f 1384 3058 3319
f 2678 2008 2900
f 2329 1846 2659
f 2426 1565 2708
f 2665 2054 2751
f 3152 2700 1618
f 2863 2397 3153
f 1204 1203 1541
f 2297 2298 2232
f 1865 1864 2752
f 2614 1437 1113
f 3035 2048 2661
f 3400 3272 2818
f 2245 1577 1827
f 1646 2837 2702
f 1909 1611 2840
f 1162 3380 2578
f 1847 2983 1675
f 3279 3124 3154
f 1597 1596 1264
f 1442 2688 1123
f 1726 2733 1777
f 3089 2522 2682
f 2154 2549 2155
f 1938 1937 2849
f 1745 2768 1743
f 1264 1309 1265
f 2300 1548 2866
f 3277 3278 2588
f 2695 1638 2696
f 2925 2374 3155
f 2023 2020 1255
f 2107 1129 2992
f 2521 2559 2522
f 3280 3281 2246
f 1368 2423 1984
f 2087 1362 2486
f 1944 2070 1945
f 2274 1755 2275
f 3003 1232 2606
f 2957 2956 3119
f 2700 3152 1496
f 2200 2281 2707
f 1873 2421 2317
f 3156 2694 2432
f 2068 2204 1372
f 2878 1999 2001
f 1388 2073 3078
f 2818 3157 2163
f 2198 2692 2292
f 1849 3158 1219
f 1681 2554 1679
f 1173 2315 2183
f 2600 2509 2973
f 3361 2383 3362
f 1850 2309 2308
f 2644 2643 1861
f 1612 2982 1807
f 3067 3159 3061
f 2150 2149 2156
f 2364 2366 2787
f 2062 3083 2822
f 3048 1961 2715
f 1342 1341 1494
f 2817 1866 2434
f 2233 1344 2057
f 2902 2370 2140
f 2487 1978 1977
f 3160 2358 3161
f 2550 1542 2512
f 2373 1486 1352
f 3224 2785 1556
f 1207 2926 1205
f 1537 3252 1535
f 2245 2971 1577
f 1472 1871 1401
f 1594 2537 1306
f 1484 1483 2414
f 2994 2170 2995
f 1631 2075 2074
f 2063 2363 1258
f 3021 2584 3330
f 2877 1157 3394
f 2663 2356 2553
f 1413 1414 2529
f 2082 2398 1673
f 3148 2260 2259
f 2759 2758 1430
f 2243 2244 2635
f 1623 1625 1980
f 2318 2535 3158
f 3162 1179 3009
f 2993 2720 2808
f 1639 2698 1498
f 1518 2705 2976
f 1397 1932 1931
f 2257 2786 3221
f 1467 2753 1465
f 1391 1393 2091
f 3013 2588 2938
f 1932 1397 1962
f 2259 1358 3148
f 2255 3163 3242
f 1233 1667 3164
f 1729 1445 1444
f 1728 1269 3006
f 1220 1222 1750
f 1269 2152 3006
f 1793 1795 2243
f 2487 1977 2976
f 1845 1844 2899
f 2497 2621 2737
f 1997 1674 3000
f 1177 1176 2343
f 3385 2419 3386
f 3065 2845 2829
f 2172 2651 1482
f 2823 1511 2346
f 2793 2916 2028
f 1676 1733 2755
f 1620 3143 2177
f 2878 2978 1999
f 1191 2920 2639
f 2462 2193 2326
f 2037 2576 3114
f 2845 3065 2454
f 1115 2595 2614
f 1646 2484 1647
f 1266 2469 1632
f 1824 1826 2067
f 1426 1425 2501
f 1553 1818 1792
f 2503 2466 3165
f 2984 2606 3157
f 1369 2860 2741
f 2226 2431 2247
f 1346 1427 1347
f 2885 2275 2187
f 1995 1222 1940
f 2260 2664 2258
f 3166 2971 1538
f 3318 3392 1382
f 3393 1156 3301
f 3236 3235 2463
f 2159 2158 2465
f 1179 3162 2775
f 2919 3167 2482
f 3139 1491 2873
f 2156 2772 2150
f 2657 2476 1645
f 3101 2153 1592
f 1996 1275 3103
f 2879 1519 3069
f 2173 1480 2802
f 2793 2792 3106
f 1606 2481 3167
f 1162 2578 2016
f 2982 1611 3024
f 1865 2752 1946
f 2895 2238 2850
f 2030 1418 2958
f 2119 2033 2129
f 2708 1567 2709
f 1858 1857 2297
f 2412 2913 2887
f 2072 2912 3094
f 1656 1467 2123
f 3134 1367 1510
f 3056 2045 2852
f 1548 1547 2866
f 1534 3168 3045
f 3103 1340 2510
f 1189 2564 2943
f 3399 3013 2611
f 2138 2206 3169
f 3092 1555 1781
f 2319 2073 1753
f 2542 2359 1364
f 1587 1589 2547
f 3170 1497 2822
f 1139 2950 1137
f 1751 1750 1222
f 2418 1877 2955
f 1347 1469 2911
f 2123 1466 2121
f 3121 1731 1732
f 2066 3060 1229
f 2727 1843 1842
f 1248 2655 1246
f 1642 1641 1883
f 2483 2963 2765
f 1543 1542 2835
f 1422 1421 3052
f 1697 1348 3140
f 2323 1830 2229
f 1301 1112 1111
f 3077 1601 2031
f 1702 2747 3034
f 2653 3171 2386
f 2111 2113 2232
f 1201 1139 1138
f 1292 2790 1163
f 1319 2731 2265
f 2191 3063 3172
f 1687 2552 2331
f 2593 1896 2142
f 3084 2204 2068
f 3221 3220 2257
f 2095 3173 2265
f 1767 3032 3097
f 2463 1530 2462
f 3174 2694 3156
f 2465 2881 3175
f 2181 2812 1664
f 2910 3164 1667
f 1167 1811 1241
f 3010 3051 2514
f 1914 2098 2306
f 1137 2952 1287
f 2025 2026 2272
f 2964 2738 2116
f 1779 1575 2781
f 1202 2671 1203
f 1391 2091 2901
f 1964 1966 1354
f 1930 2377 1929
f 3379 1162 1324
f 3345 2276 3346
f 1316 1721 3367
f 2591 2590 2018
f 2078 2752 1864
f 2982 1839 1942
f 2452 1244 2547
f 2376 3043 2263
f 3084 2239 3085
f 1845 1659 1212
f 2698 1639 1638
f 3171 2653 2283
f 2596 2643 3043
f 2914 1703 1609
f 1193 1195 3072
f 2988 3012 2740
f 2764 2011 1568
f 1338 1275 1274
f 1374 1963 2973
f 1860 1692 2361
f 3091 3090 2250
f 3176 2796 2795
f 2240 2057 2849
f 3057 2917 2298
f 2896 3132 2496
f 2066 1476 1475
f 3233 2825 1545
f 2904 2065 1351
f 2704 1588 1740
f 2815 2480 2230
f 3145 2764 1586
f 1291 1758 1402
f 2597 3045 3168
f 3358 2572 3359
f 3377 3209 1722
f 2885 3065 1821
f 1944 1775 1774
f 2831 2184 2266
f 1753 2073 1754
f 1151 1153 2573
f 2083 2082 3118
f 2694 1902 2347
f 1566 3049 2195
f 2121 1466 3095
f 1226 1439 1227
f 1871 1870 2625
f 2704 2582 2295
f 3019 2811 2035
f 2040 2042 2102
f 1473 1990 1850
f 1561 1717 1562
f 1939 3108 2437
f 1625 1624 2401
f 1278 2710 1958
f 1403 1404 1335
f 2558 1357 3126
f 1154 2761 1155
f 3105 1541 1540
f 2465 3175 1536
f 2836 1706 1446
f 2444 1507 2898
f 1306 2607 1307
f 1260 2758 2074
f 1790 1747 1788
f 2804 2579 2223
f 2652 2651 2576
f 2902 2140 2142
f 3098 1431 1950
f 3172 2946 2470
f 2714 1563 1562
f 1424 2467 2773
f 3395 3396 1700
f 2669 3159 2344
f 2796 3038 2918
f 2432 2619 2620
f 3177 2775 3162
f 1480 2173 1481
f 3162 3009 2925
f 3339 2455 3340
f 1220 1750 2638
f 1424 3178 2868
f 1878 2690 2824
f 2270 2271 2351
f 1303 3095 1466
f 1736 2297 1857
f 3179 3107 2160
f 2523 2524 2541
f 2215 2141 2820
f 2766 3004 2721
f 3254 3270 3180
f 1637 2636 2386
f 1616 2035 2034
f 3393 3394 1157
f 1867 2674 1868
f 1747 1790 1748
f 2902 2903 1667
f 2942 2928 2749
f 1469 2094 2911
f 2491 3161 1600
f 1121 1308 1326
f 2231 1818 2378
f 1797 2871 1620
f 1829 1828 2351
f 2376 1972 2824
f 1928 2649 2084
f 1142 3039 1140
f 2161 2160 3107
f 2815 1487 1486
f 2278 3120 2965
f 1227 1439 1545
f 2968 2696 1638
f 1301 2999 1112
f 3250 2609 3248
f 2801 3322 2250
f 2704 1740 2485
f 1979 2939 2938
f 1298 1974 1299
f 2493 3128 2832
f 1661 2546 2547
f 1313 1983 2407
f 1123 1122 1442
f 3157 2818 2984
f 3002 2984 1967
f 1720 2769 3181
f 1917 1859 3182
f 3276 2613 3275
f 2944 3183 1890
f 1372 1371 2067
f 1461 3029 1409
f 2620 1761 1760
f 2944 1194 3183
f 2009 3184 3074
f 1719 3094 3007
f 1703 3130 1704
f 2219 1434 1436
f 3122 1423 3185
f 3167 2918 1604
f 2157 3254 3180
f 2821 2936 2320
f 3078 1668 1388
f 1673 1675 3118
f 1846 1212 2744
f 2746 1738 2546
f 1993 2914 1614
f 1533 3029 2391
f 1696 2864 3033
f 1330 3149 1531
f 2689 1996 2511
f 3178 2620 2868
f 1127 1949 2327
f 3079 3066 2586
f 1207 1206 3183
f 1140 3039 2626
f 1584 2984 2090
f 2232 2298 1689
f 1882 1512 2170
f 2457 2525 2458
f 2319 1753 2282
f 1485 3134 1509
f 3218 3186 3220
f 2512 1544 2536
f 1446 3115 1447
f 2286 1169 1171
f 1507 3022 2898
f 1741 2619 2883
f 2609 1808 3248
f 2453 2921 1252
f 2622 1665 2846
f 1565 2948 1380
f 2389 2388 2960
f 1234 1233 3164
f 2276 1509 1508
f 2307 2083 3187
f 2704 2485 2487
f 1721 2148 3357
f 1862 1960 1863
f 3188 2625 2474
f 2112 3068 2104
f 3386 2419 1276
f 2655 2464 1246
f 2413 3093 2414
f 1631 2293 2075
f 2992 1686 1685
f 3043 2375 2596
f 1453 2167 1454
f 1484 2414 3093
f 2512 2536 2152
f 3368 3369 1968
f 3234 1369 2742
f 1516 2880 3004
f 2196 2435 2492
f 3347 3346 1508
f 2593 2142 3189
f 1207 1194 1841
f 2895 1916 1884
f 2077 2752 2078
f 3009 1179 2321
f 3225 2693 3226
f 1875 1680 1873
f 3044 1501 1500
f 3170 3083 2692
f 1154 2681 1663
f 2405 2404 2235
f 2471 3185 2534
f 1497 1496 2822
f 3102 1727 2709
f 1778 2189 1576
f 3232 1300 1369
f 3362 2382 3365
f 3097 2884 2932
f 2387 2389 1236
f 2343 1607 2400
f 3344 2438 2277
f 2528 2167 2983
f 2234 1714 1713
f 1464 2225 2718
f 2493 2335 1395
f 2874 1613 1130
f 3070 2941 3190
f 3067 2081 3159
f 3347 2844 3382
f 1132 2195 2168
f 1618 2334 3152
f 1958 2794 1957
f 2422 1123 2688
f 2095 2265 2731
f 2394 2393 1113
f 1189 2479 1187
f 2464 2592 2591
f 1992 3130 1703
f 1915 1294 2990
f 1640 1520 3289
f 3149 1606 2923
f 3155 2374 2439
f 3327 3326 1963
f 2853 1749 1263
f 2209 2157 3180
f 3092 1781 1478
f 3270 2711 3180
f 2960 2626 3039
f 2580 2026 1766
f 2899 2575 2441
f 1728 3006 1729
f 3065 2829 1579
f 2310 2458 2525
f 1527 2019 1450
f 1484 1367 3134
f 2058 2213 1286
f 2776 2520 3087
f 2895 1884 1803
f 2628 2021 2629
f 1942 1913 1209
f 2046 1965 2047
f 3170 2822 3083
f 2015 3327 1963
f 2483 2765 1197
f 2032 2454 2031
f 2036 2914 1609
f 1468 1427 1124
f 1811 1622 1242
f 2904 1490 2753
f 2281 2539 2320
f 2102 2103 2040
f 3191 3184 2010
f 2979 3191 2980
f 2923 1531 3149
f 3054 2595 1650
f 1919 2267 1259
f 1492 1112 2999
f 2190 1268 2650
f 2921 2885 2187
f 2094 1469 1833
f 3136 2661 1354
f 2965 3121 3151
f 2562 1879 1971
f 2382 3192 3365
f 1628 2783 2865
f 1879 1878 1971
f 3334 1865 3333
f 1214 3193 1215
f 2596 1150 1149
f 2765 2962 2766
f 2237 3295 2189
f 3323 3322 2801
f 2452 2724 2830
f 2046 1127 1126
f 2549 2550 2989
f 2058 2424 2413
f 2221 1386 1214
f 1677 2865 1678
f 2617 2616 3237
f 2802 2803 3051
f 2124 1748 2365
f 3194 2828 2290
f 3195 2126 2859
f 2291 2797 1500
f 1570 2455 2754
f 2277 2687 2276
f 1975 1974 2448
f 2953 2847 2571
f 3147 3313 2760
f 2983 2529 2528
f 1684 2573 1153
f 2954 2953 3064
f 2756 2757 1283
f 1549 1548 2728
f 2006 2008 2290
f 1355 1459 1409
f 2438 2599 2277
f 2220 2221 1485
f 2016 2577 1716
f 2965 1648 2278
f 1610 1776 1635
f 1971 2824 1972
f 3022 2744 2898
f 2460 3165 2466
f 2526 2384 2088
f 2869 2227 1563
f 1368 1984 1366
f 1841 2299 2926
f 2970 2294 2293
f 1225 1432 1223
f 2940 3120 2027
f 3170 2692 2050
f 2497 2737 3067
f 1770 2330 2369
f 1317 1319 2265
f 1608 2034 1609
f 2668 1444 3077
f 1312 1314 2249
f 3342 3331 2311
f 3015 3050 2783
f 1433 1888 1951
f 2953 3215 3064
f 1529 1210 2462
f 1415 1417 1479
f 2275 1755 2187
f 2024 1634 2629
f 3352 2504 1418
f 1561 2867 1251
f 3196 2740 3012
f 1176 2139 2343
f 3135 1441 1996
f 2367 1420 1419
f 2607 2395 1307
f 1208 1210 1529
f 1230 1229 2145
f 2154 2022 2021
f 2468 2970 2469
f 2396 1540 1147
f 3374 1571 3209
f 2158 1895 2465
f 2644 2847 2264
f 1762 1981 3366
f 3271 2090 3272
f 2849 1558 3116
f 2552 1687 1686
f 2117 1573 1844
f 3007 2968 1719
f 1354 1353 3136
f 3354 3143 3214
f 3055 2268 2269
f 2416 1848 2908
f 2254 2829 2845
f 2617 2194 2618
f 3197 3087 2173
f 1941 2821 3046
f 3292 3293 2929
f 2907 2906 2443
f 2892 2305 1253
f 3097 2998 1765
f 2111 2055 3068
f 2153 2152 2536
f 1770 2285 2774
f 1383 2924 2917
f 1745 1744 2185
f 2928 3088 2927
f 1757 1756 2876
f 1352 1966 2373
f 1523 1525 1440
f 2445 1145 1420
f 3096 3175 2881
f 3145 2839 2817
f 2756 1817 1816
f 2731 2522 2559
f 2178 1923 1924
f 3405 3243 2557
f 2305 2855 3198
f 1478 1781 1479
f 1607 2151 1608
f 1982 1984 2423
f 1270 1624 2515
f 1722 1724 3371
f 2006 2290 3100
f 1766 1765 2890
f 1261 1263 1791
f 3196 2143 2839
f 3142 1308 1121
f 2388 3146 2961
f 2471 3122 3185
f 2410 2409 2484
f 1302 2419 3385
f 1898 2543 1805
f 2440 2838 1129
f 3011 2076 2143
f 2166 2167 2528
f 3172 2947 2946
f 1676 1678 2009
f 1626 2594 1627
f 1959 1863 1960
f 1987 1972 2376
f 2936 2820 2371
f 1703 2914 1992
f 2054 2752 2751
f 1114 1113 2393
f 1875 3027 2475
f 1903 2014 2670
f 1532 1531 1616
f 3304 3303 1359
f 1408 2251 1885
f 2517 2760 3129
f 1499 2496 3132
f 2500 2896 2897
f 2165 1580 3194
f 1725 2473 1872
f 3194 1580 2829
f 2031 2453 3077
f 1198 1197 2765
f 3153 2397 1146
f 2573 1684 2574
f 1538 2819 3166
f 2736 2748 2945
f 2238 3302 3014
f 2092 2943 2091
f 2231 2713 2804
f 1239 1238 2160
f 1262 2978 2878
f 1271 1270 2989
f 1224 3036 1455
f 1682 3342 2311
f 1158 1134 1136
f 1459 1836 1460
f 1239 2415 1240
f 1696 3033 2273
f 2814 2313 2834
f 2268 3055 3389
f 2289 2678 3028
f 1347 2911 1348
f 1723 1722 2763
f 2538 3070 3190
f 2519 2884 2601
f 1242 1382 3392
f 1949 1127 2046
f 3251 3253 2159
f 1978 3168 3173
f 2230 2816 2815
f 2363 2067 1371
f 2338 2339 2618
f 1514 1801 2134
f 1166 1168 1243
f 2174 3405 2557
f 1939 2437 2819
f 3179 1332 1891
f 1293 1884 2990
f 1876 1541 1203
f 2185 3123 3131
f 1954 2684 1800
f 2679 2803 1480
f 2440 1279 1457
f 3095 2210 2121
f 1580 1579 2829
f 3298 1711 3299
f 1835 3114 1989
f 1492 3107 1491
f 1335 1327 2395
f 2178 2672 1392
f 1192 2640 3230
f 3067 2897 2497
f 1228 2349 1404
f 1285 1181 1183
f 1727 1726 2791
f 2691 2972 2996
f 1414 1133 2779
f 1305 2905 3026
f 3125 2892 2939
f 3145 3196 2839
f 2652 2667 3001
f 2541 2542 3081
f 2385 2216 2218
f 1712 3058 1710
f 1273 1441 1525
f 1261 1458 1262
f 1943 3131 3123
f 2675 2677 2076
f 2963 1706 1708
f 2652 2576 1524
f 1804 1899 1805
f 2013 3061 2014
f 2714 2739 1563
f 2369 2330 2329
f 1180 2542 1178
f 3171 2283 2282
f 1400 1399 2398
f 2211 2931 2988
f 2534 2472 2471
f 1764 1763 2670
f 2605 1234 2712
f 2798 2800 2249
f 2179 2967 2178
f 3027 2623 2622
f 3255 3258 2630
f 2301 3117 2703
f 1252 1254 2453
f 2758 1632 1631
f 2351 2350 2608
f 2569 2672 1202
f 1960 2739 1961
f 2234 2405 2235
f 2643 2632 1861
f 2999 3308 2029
f 1431 3098 1432
f 1570 1569 2455
f 2553 2356 2551
f 2216 2385 2842
f 2534 3017 3063
f 2723 3092 1205
f 3299 1742 3300
f 2044 1935 1789
f 1676 2009 2129
f 1447 1560 2164
f 2401 1728 2856
f 1784 2997 2998
f 3014 3301 1156
f 2812 2555 1665
f 1388 1390 2072
f 1172 1174 2391
f 2924 2313 2312
f 2386 1718 1637
f 1849 1219 1218
f 3187 3119 2956
f 1461 2392 2391
f 1981 1764 2344
f 1318 2183 2315
f 2865 2000 1678
f 2394 1437 1226
f 3153 2745 1852
f 1125 1127 1801
f 1867 1505 2674
f 1815 1833 1816
f 1650 3151 1732
f 1952 1647 2835
f 1659 2909 1660
f 2976 1977 2977
f 1276 1277 3332
f 1660 2906 1848
f 1235 2235 2870
f 2974 3165 2460
f 1969 3056 2673
f 1503 1502 3175
f 3059 3042 3060
f 1165 2248 1163
f 1819 1264 3337
f 1130 2107 2874
f 1645 1644 2657
f 2581 2458 2223
f 1343 2057 1344
f 1406 2038 2933
f 2979 2978 1412
f 1895 1897 2881
f 1699 2506 3001
f 2428 2830 2724
f 2026 2580 1141
f 3084 3086 2204
f 2926 2301 2723
f 1214 1385 3193
f 1904 1906 1812
f 1957 2918 3038
f 1332 1238 2144
f 1815 1817 2907
f 2473 1727 3102
f 1394 1672 1237
f 2838 2540 3133
f 3007 2969 2968
f 2317 1874 1873
f 2611 2938 2612
f 2532 1482 2651
f 2368 2173 2802
f 3089 2241 2522
f 1707 2439 2373
f 3039 1142 3128
f 1589 1588 2295
f 2248 1165 1883
f 2247 2431 2433
f 2701 2933 2884
f 2489 1653 1775
f 2268 2015 1962
f 1434 2219 2101
f 1482 2531 1480
f 2868 2417 2467
f 2269 1962 1397
f 1614 2603 1993
f 2358 2360 2425
f 1610 1635 3108
f 1767 3033 3032
f 2642 2736 1892
f 2018 2635 2591
f 2756 3165 1817
f 2702 2410 1646
f 1599 1630 1600
f 3238 2633 2568
f 2728 3199 3161
f 2061 2478 2052
f 2776 2317 2316
f 2362 1398 3126
f 2524 1474 2685
f 2609 3250 2544
f 2811 3111 1336
f 2500 2502 3040
f 2668 3077 2453
f 1755 2274 1295
f 2774 2889 2304
f 2994 1933 2169
f 2998 2932 1782
f 2094 2443 2442
f 1696 2626 2959
f 3112 3150 2119
f 2649 2732 2958
f 1613 2603 1614
f 1704 1139 2399
f 1429 1267 2759
f 1214 1216 2221
f 3259 1538 2971
f 3191 2777 1900
f 3000 2806 2922
f 2941 2928 2942
f 3149 1330 2262
f 2730 2841 2624
f 2488 2258 3104
f 1159 1277 1160
f 3071 2696 2969
f 3112 3074 3184
f 1936 2560 1937
f 2520 2392 1460
f 3158 2308 2318
f 2646 2346 2345
f 2668 1730 1444
f 2331 2552 2332
f 2982 1612 1611
f 2798 1314 2660
f 1505 1507 2446
f 1988 2127 3105
f 3133 2992 2838
f 1942 1208 1807
f 1205 2926 2723
f 1477 1479 2420
f 1829 2229 1830
f 3113 2429 2296
f 2151 2343 2139
f 2068 1826 1289
f 2857 3188 2720
f 2831 2266 3168
f 1661 1244 1662
f 2636 1637 1639
f 2447 3230 2640
f 1970 1972 1988
f 2580 1766 2890
f 1132 1581 1907
f 1827 1494 3076
f 1256 1255 2020
f 1417 2420 1479
f 2574 2784 1934
f 1565 1296 1566
f 1209 1913 2339
f 2278 2280 3120
f 1769 1768 1855
f 2452 2547 1589
f 2683 3069 2684
f 1955 1954 1799
f 2945 2843 2736
f 2950 1139 1704
f 1931 1373 2935
f 2930 2931 2211
f 2007 2006 2071
f 2487 2976 2705
f 3119 2983 2957
f 3198 1254 2305
f 1785 1656 2123
f 1339 1834 2567
f 2479 3030 1968
f 3402 1838 3403
f 2214 3015 3023
f 2267 1430 2758
f 3245 3249 1809
f 1574 2117 2330
f 2541 3081 2523
f 1224 1455 1655
f 3327 2015 3328
f 1929 2690 1761
f 2302 3177 1598
f 2657 1644 2004
f 2525 2457 2666
f 2627 1530 2916
f 2196 2101 2658
f 1312 1984 1983
f 2312 1689 2917
f 2698 1638 2695
f 3135 2689 2688
f 3128 2389 3039
f 1154 3390 2681
f 2543 1806 1805
f 2198 2292 2199
f 1803 1883 1641
f 2056 3068 2055
f 2854 2784 2676
f 2068 1289 2239
f 2893 2892 1253
f 1882 1881 1924
f 3103 2510 2511
f 3331 3332 1277
f 1604 1606 3167
f 3145 3144 3196
f 1836 2567 1834
f 2151 1331 1532
f 2235 2404 2870
f 1565 1380 1296
f 1169 2125 1322
f 2903 2142 1896
f 2807 1673 2398
f 2808 2922 2806
f 2233 2057 2242
f 2327 2135 2134
f 3028 1454 2166
f 3097 2601 2884
f 2857 2625 3188
f 1847 1998 2529
f 3108 2023 2437
f 3197 1874 3087
f 1307 1327 1308
f 1391 1513 1392
f 2108 1685 2110
f 1752 2872 2085
f 3155 2439 1598
f 1260 2062 1258
f 1217 1526 1218
f 3199 2299 1840
f 3360 3359 1959
f 3198 2855 1730
f 1493 2989 2515
f 2890 1765 2997
f 3098 2048 3035
f 2325 2193 2194
f 2776 3087 1874
f 3062 3411 1546
f 1917 3182 2877
f 1826 3152 2334
f 1117 2955 1877
f 1416 1276 2419
f 2097 2096 2719
f 2088 2383 1143
f 1463 2131 2634
f 2470 2469 2192
f 1439 1438 1546
f 2077 1683 2751
f 1724 3025 2587
f 1471 1320 2270
f 3298 1712 1711
f 2569 2780 2052
f 1857 1859 1917
f 2782 3023 3015
f 2366 2675 3011
f 3336 2011 2434
f 2418 1759 1877
f 2072 3094 1754
f 2122 2495 2518
f 3052 2071 1773
f 2122 1785 2123
f 3162 2925 3155
f 2124 2788 3099
f 1948 2585 1314
f 3164 2208 1234
f 2936 2371 2370
f 2381 2349 2862
f 1237 1672 1345
f 2431 2883 2432
f 1958 2710 2794
f 2766 1125 3004
f 3070 2200 2199
f 2446 2445 1420
f 2860 1369 1300
f 2646 2449 2645
f 2831 1534 1174
f 2027 2793 2028
f 1663 2681 2545
f 1822 2488 1823
f 2613 2716 3275
f 1812 2833 1811
f 2804 2223 1136
f 1540 2396 1970
f 1209 2338 1210
f 1367 1366 2800
f 2728 3161 2491
f 3027 2802 3051
f 2513 1349 1351
f 2834 1906 3137
f 2843 3016 1892
f 1545 2825 1227
f 1456 3136 1353
f 1889 1891 1332
f 3109 2738 2964
f 2614 2809 1437
f 2206 2205 2826
f 2722 2685 1474
f 2019 1451 1450
f 2436 3106 2792
f 1934 3037 1935
f 3187 2527 2307
f 1274 1273 3008
f 2496 2497 2897
f 1289 2334 1290
f 1225 1655 1654
f 1452 3122 2471
f 2995 2170 1512
f 2819 1539 1939
f 2303 2888 1350
f 1505 2446 2673
f 2110 1772 2108
f 1113 1437 2394
f 2076 2677 2077
f 2095 1976 3173
f 2018 2590 2727
f 2033 2120 1809
f 1410 1412 2978
f 3001 2532 2652
f 1245 1904 1166
f 2593 1897 1896
f 1743 2767 1432
f 1899 1804 3031
f 2302 1600 2425
f 2299 3199 2300
f 3183 2873 1890
f 1651 1552 1551
f 1988 1987 2127
f 3128 2493 1236
f 1217 1219 2406
f 3321 2797 2589
f 3072 1195 3042
f 1131 1133 1872
f 1381 1380 2948
f 1877 1879 1117
f 2628 2279 1648
f 3069 1519 2684
f 2456 1595 2457
f 2402 1666 3051
f 2337 1395 2335
f 3176 3038 2796
f 2606 2984 3002
f 3020 2799 3021
f 3046 2539 3190
f 2566 2589 2291
f 1563 2739 2869
f 3159 2014 3061
f 1230 2145 1823
f 2305 2892 3125
f 2257 3220 3186
f 1796 2342 1926
f 1762 3192 1763
f 2770 1204 3105
f 2041 2658 2042
f 1328 1410 1458
f 1346 1697 2505
f 2420 1111 1477
f 3191 2979 2777
f 3066 3080 3126
f 2242 3089 2234
f 1128 1336 1280
f 3016 2534 3185
f 2645 2449 2451
f 3310 3308 2999
f 1919 1918 2267
f 2857 1399 2625
f 2492 1402 1294
f 3259 3261 1538
f 1686 2553 2552
f 1158 1288 1159
f 1416 1360 1160
f 1718 1754 3094
f 2215 2214 2141
f 1595 1310 1596
f 2122 2121 2495
f 3047 1491 3107
f 3200 3381 3048
f 1940 1222 1221
f 3338 3337 1264
f 1951 2328 1949
f 1302 2420 2419
f 3243 3266 3203
f 3037 1934 2784
f 1424 1426 3178
f 3196 3012 2143
f 1938 2849 3116
f 2605 2163 3157
f 1928 2459 1926
f 2533 2956 2472
f 3279 3154 3278
f 1223 1432 3098
f 3005 1384 1383
f 1484 3093 1368
f 2527 3187 2956
f 2995 1512 1511
f 2266 3173 3168
f 1281 1283 3193
f 2206 2826 3091
f 1242 1241 1811
f 2001 2000 3050
f 1803 1802 2895
f 3079 1340 3080
f 1595 2997 1310
f 1849 1850 2308
f 2746 2848 2826
f 3154 2588 3278
f 2312 2917 2924
f 2381 2862 2861
f 2555 2846 1665
f 1659 1213 1212
f 1925 2718 1913
f 2730 1830 3082
f 2343 2400 1177
f 2864 1695 2602
f 2428 2724 2598
f 3349 3350 3044
f 1272 1205 3092
f 2478 3030 2479
f 2444 2745 2445
f 1413 2529 1998
f 3378 2858 3364
f 2344 3159 2081
f 2979 3176 2777
f 2514 3051 2803
f 2103 1745 2040
f 3195 2859 2147
f 2578 3200 3110
f 2886 2977 1800
f 2980 2010 1999
f 3170 2050 1497
f 2828 2253 3100
f 1207 3183 1194
f 1178 2321 1179
f 2516 2515 1624
f 2608 2270 2351
f 2209 3180 2207
f 2583 2585 2509
f 3163 2255 3186
f 2109 1687 2641
f 3109 3018 2738
f 3063 2535 2534
f 2045 3056 1880
f 3352 3213 2504
f 1477 3139 1478
f 2708 2005 2426
f 2233 2242 2234
f 2788 2930 1305
f 1753 2386 3171
f 2335 2493 2380
f 2823 1692 2995
f 1557 3214 3143
f 2771 2287 1869
f 1396 1670 3169
f 1964 2047 1965
f 2348 1404 2349
f 2463 3235 2915
f 1562 1717 3110
f 3016 2843 3017
f 1472 1473 1450
f 1166 1904 1812
f 1183 1182 1920
f 1782 2933 2038
f 2562 1971 1970
f 3328 2268 3389
f 2000 1999 2010
f 2180 2104 1436
f 2563 2450 2449
f 3064 2147 2859
f 1908 1581 1580
f 2466 2773 2467
f 1215 2059 1216
f 2605 2712 2163
f 2694 2347 2433
f 2135 2328 1702
f 3075 3182 1859
f 2042 2658 2101
f 2252 2952 2951
f 1410 1262 1458
f 2292 2294 2199
f 1303 1465 1304
f 2889 2774 2285
f 3357 2148 3356
f 3008 1525 1524
f 1801 1516 3004
f 2724 1589 2598
f 1587 1740 1588
f 2784 2854 2365
f 3320 3319 3058
f 1975 2447 2639
f 1468 1833 1469
f 2617 3237 2325
f 2293 1633 2970
f 1893 3185 1423
f 2028 2915 3406
f 1799 1798 2560
f 1523 1428 2505
f 2898 1851 2745
f 1827 1342 1494
f 2689 3135 1996
f 1690 1701 1688
f 2070 1372 2204
f 3148 2760 2260
f 1925 2693 2718
f 1824 2063 1825
f 2416 2418 2955
f 3300 2877 3394
f 1976 2977 1977
f 2957 1453 2472
f 1557 3143 2871
f 1618 1290 2334
f 1923 1512 1882
f 1388 2072 2073
f 2767 2056 1433
f 1915 2990 1916
f 2007 3052 1421
f 3090 2545 2801
f 1905 3137 1906
f 2668 1254 3198
f 2539 3046 2821
f 2505 1699 2667
f 1204 2570 1202
f 1509 2276 2687
f 2470 2946 2468
f 3237 2616 3238
f 2900 1423 3122
f 2380 2379 2336
f 2761 1168 1155
f 3059 1475 2523
f 2422 1286 1123
f 1482 2532 2531
f 3133 1686 2992
f 3055 2269 3169
f 2738 1991 2604
f 2686 1830 2323
f 3195 2146 3181
f 1292 1163 1293
f 1364 3081 2542
f 2400 1119 1177
f 1186 1185 2105
f 2097 2720 2474
f 1969 1880 3056
f 2447 2448 3138
f 1633 1632 2469
f 3169 2206 2986
f 1995 1751 1222
f 1145 2445 1146
f 2177 3143 2949
f 1339 3080 1340
f 3172 2470 2191
f 2918 3167 2919
f 2425 3161 2358
f 1612 1807 1528
f 1248 2656 2655
f 2762 2030 2958
f 1840 1365 3160
f 2069 2981 1370
f 2683 2880 3069
f 1785 2518 1786
f 3000 1777 2733
f 3011 2987 2366
f 2382 2384 3192
f 1187 3369 1188
f 2039 1405 3144
f 3146 2870 2743
f 1581 1820 1579
f 3020 3382 2844
f 2340 2346 2645
f 3189 3023 2782
f 2913 1320 1471
f 2853 2638 1749
f 1945 2204 3086
f 2361 2342 1860
f 2421 1550 1552
f 3085 2093 2435
f 1843 2727 2590
f 2192 1266 1268
f 1635 2023 3108
f 1180 2360 2359
f 1931 2935 1398
f 2966 1768 2369
f 1468 1347 1427
f 1834 1339 1338
f 2891 2893 2876
f 2283 2707 2281
f 3289 1520 3396
f 3035 2661 3036
f 2861 2262 1330
f 2822 2063 2062
f 2987 2931 2787
f 2197 2196 2492
f 1117 1879 2863
f 3151 2702 2837
f 1945 3041 3131
f 3023 3189 2142
f 3059 3081 3072
f 3124 3141 3154
f 2698 2695 2699
f 2711 3401 2163
f 2993 2398 2857
f 2126 3181 2769
f 2422 2424 1286
f 3403 1837 3262
f 2310 2311 1288
f 1902 1901 2347
f 2329 1844 1846
f 1253 2186 2893
f 2459 2085 2872
f 2716 2876 1379
f 2732 1723 2762
f 2562 1970 2396
f 1867 1506 1505
f 3076 3141 2246
f 3008 1524 2576
f 2425 1600 3161
f 2076 3011 2675
f 1569 1568 2011
f 3066 2935 2934
f 2482 3167 2481
f 1415 1554 1360
f 2033 1734 1733
f 2735 2942 2748
f 1605 3111 3019
f 3174 1426 2013
f 2717 3275 2716
f 2206 3091 2986
f 2768 2103 3068
f 2873 1272 3139
f 2869 2228 2227
f 2277 2599 2357
f 2020 2024 2021
f 2660 2584 3021
f 3273 2948 3398
f 2615 3163 3186
f 1572 3140 2352
f 2019 1527 1526
f 2159 3253 2157
f 1503 3175 3096
f 3095 1303 2930
f 2053 1393 2051
f 2900 1452 2678
f 1818 1135 1134
f 3156 2432 2620
f 1645 2929 1643
f 1472 1450 1449
f 1350 2888 1591
f 2314 2827 2205
f 2517 2477 2657
f 1945 3086 3041
f 1115 1114 2410
f 1849 2308 3158
f 3229 3228 2726
f 1594 1593 2537
f 2519 2602 2518
f 2892 2894 2939
f 1820 2274 1821
f 3217 2615 3218
f 3173 2266 2265
f 1980 3154 1623
f 2146 3195 2147
f 2605 3157 2606
f 1523 2667 1524
f 2624 2842 2592
f 1747 1853 1788
f 1439 1226 1437
f 1601 1138 1287
f 3022 2659 2744
f 2905 2079 3026
f 1331 1330 1531
f 1730 2668 3198
f 3291 2477 3129
f 2538 3190 2539
f 3319 3318 1384
f 3362 2383 2382
f 1568 1570 1585
f 2537 3073 2647
f 1778 1576 1575
f 3080 1339 2558
f 2672 2569 2051
f 2642 1892 1894
f 1508 3346 2276
f 1507 2966 3022
f 3036 3136 1455
f 1268 1267 2650
f 1484 3134 1485
f 1448 1629 2836
f 2548 1693 2573
f 1836 1835 1460
f 2450 2564 2587
f 2933 2701 1406
f 1643 2561 2096
f 2568 2130 3239
f 1613 2874 2603
f 1358 3305 3147
f 1385 1214 1386
f 1642 1521 1520
f 1842 2156 2149
f 3075 1435 2098
f 1635 1634 2023
f 1454 3028 2678
f 2012 3174 2013
f 2757 1215 3193
f 1334 1889 1332
f 3365 3192 3366
f 1182 2887 1378
f 3113 2879 1515
f 2058 2413 2059
f 2352 3140 1348
f 2256 3241 2130
f 2119 3150 2120
f 2704 2295 1588
f 2962 2765 2963
f 1188 3370 1602
f 1277 1159 3331
f 1426 3174 3178
f 2238 2895 1802
f 1477 1110 3139
f 3037 1748 1790
f 1516 1515 2879
f 1812 1906 2833
f 1720 3181 2146
f 2635 1526 2243
f 2116 2604 2115
f 1731 3121 2940
f 1126 2766 2962
f 2836 1446 1448
f 2114 1737 2164
f 1751 2356 2663
f 3075 2100 1157
f 2838 2992 1129
f 2503 1282 2773
f 1994 2354 1995
f 2485 1740 2087
f 1818 2379 2378
f 2993 2807 2398
f 1552 1651 2372
f 2859 2128 2954
f 1543 3073 1544
f 1445 1729 3006
f 2409 1114 2647
f 1121 2648 3142
f 2767 2768 2056
f 1536 3175 1502
f 1266 2759 1267
f 3245 2120 3246
f 2941 2354 1994
f 1443 1445 3101
f 1532 1616 1608
f 3196 3144 2740
f 2424 2423 3093
f 2098 1914 2099
f 2655 2202 2464
f 2516 3141 3076
f 1305 2930 1303
f 2840 1939 1909
f 2831 3168 1534
f 3100 3109 2964
f 1872 2473 1131
f 2586 2407 2510
f 1710 3057 1736
f 2829 2828 3194
f 3037 2365 1748
f 1488 2080 2079
f 1751 2354 2356
f 1985 1398 2362
f 3047 3107 1891
f 1710 3058 3057
f 3235 3406 2915
f 1338 1340 1275
f 3127 2664 2288
f 2690 1877 1759
f 1320 1564 2270
f 3137 2137 2814
f 1720 2780 2769
f 1206 2873 3183
f 2573 1693 1151
f 2592 2842 1843
f 2627 3106 1776
f 2285 2080 2889
f 1752 2504 3213
f 2108 2874 2107
f 2638 3050 3015
f 1363 1362 2314
f 1987 2376 2263
f 1163 2790 1164
f 2891 2894 2893
f 2971 2245 3282
f 2026 1140 2272
f 1697 3140 1698
f 1628 2865 1626
f 2500 3061 2501
f 3113 1517 1519
f 2594 3096 2881
f 2426 3398 2948
f 1819 3341 2666
f 2869 1148 2228
f 2430 2429 2136
f 3177 2302 2360
f 2212 1405 1407
f 2994 1692 1691
f 1333 1229 3060
f 3305 3313 3147
f 2358 3160 1365
f 1930 1150 2377
f 2794 3111 1605
f 3089 2242 2241
f 1459 2567 1836
f 1874 3197 2368
f 1779 1726 1777
f 1640 3288 1641
f 1813 1981 2344
f 2441 2909 1845
f 2259 2175 1358
f 1504 1831 1502
f 3075 1157 3182
f 1485 1509 2687
f 3231 3230 3138
f 2114 1560 2224
f 1470 1377 1376
f 3098 1950 2048
f 2168 2195 3049
f 2754 1265 1309
f 3371 3377 1722
f 2715 3200 3048
f 2236 2808 2719
f 2712 2208 2207
f 2975 2225 2634
f 2847 2954 2264
f 2535 3063 3158
f 1910 3024 1909
f 2615 3186 3218
f 2430 2137 1905
f 1397 1396 2269
f 2174 3264 2615
f 2833 2834 2924
f 3236 2325 3237
f 3123 2185 1744
f 2239 3084 2068
f 2162 3311 2222
f 2549 2835 1542
f 2172 3087 1989
f 1211 1851 1212
f 2345 2901 2646
f 1462 1556 2785
f 2756 2503 3165
f 3260 1539 3261
f 2622 2475 3027
f 2625 1870 2474
f 1694 2813 1911
f 3246 2120 3031
f 1636 1776 3106
f 1628 1627 3189
f 1771 2071 2116
f 2976 2886 1518
f 2778 1908 2165
f 2369 2659 2966
f 3150 3031 2120
f 2188 2499 1936
f 2578 3380 3200
f 2366 2854 2675
f 1248 1325 2706
f 1839 3024 1837
f 2219 2102 2101
f 2628 1648 1953
f 2440 1280 1279
f 2413 1483 2059
f 1669 2384 1250
f 2180 1436 2875
f 2184 2183 1317
f 1707 2373 1708
f 1658 2402 3010
f 2750 2468 2946
f 1492 2029 2161
f 2811 1615 2035
f 2329 2117 1844
f 3015 2214 2638
f 1518 2582 2705
f 1733 2129 2033
f 2907 2443 1815
f 1201 1200 2648
f 1549 2224 1547
f 1159 2311 3331
f 2048 2047 2661
f 2012 1903 1902
f 2086 2314 1362
f 1631 2074 2758
f 3242 3163 3264
f 1192 3229 2726
f 1789 2852 2045
f 2168 3049 2274
f 1590 1488 1490
f 2570 2769 2780
f 1640 1642 1520
f 1137 2950 2952
f 2563 2901 2943
f 2554 2555 2743
f 2536 1593 2153
f 1334 3060 3042
f 1533 1408 3029
f 2245 1827 2246
f 2353 2825 2741
f 1298 2448 1974
f 1964 2661 2047
f 2788 2124 2364
f 1306 1308 1594
f 2662 3062 2809
f 2095 2559 1798
f 1992 1991 2951
f 2880 2721 3004
f 3041 3086 3085
f 1550 1679 1551
f 1371 1285 1284
f 3199 2728 2300
f 1287 2031 1601
f 2427 3158 3063
f 1614 2036 1615
f 2010 1678 2000
f 1307 2395 1327
f 1232 3003 2912
f 2192 1268 2190
f 2866 2301 2300
f 2860 2862 2741
f 2786 2257 2461
f 2803 2679 2513
f 2475 2846 1680
f 3023 2141 2214
f 1433 1432 2767
f 1320 1185 1564
f 1682 2525 2666
f 3162 3155 3177
f 3063 3017 3172
f 2264 2954 2128
f 2408 2407 2586
f 1592 2153 1593
f 1795 1246 2244
f 1856 1167 1241
f 2533 2527 2956
f 3123 2489 1943
f 2217 2216 2841
f 2338 2194 1210
f 2184 1174 1173
f 1582 1584 2090
f 1452 1454 2678
f 3047 1890 2873
f 3128 1142 2832
f 2800 1510 1367
f 3227 3246 3031
f 2555 1681 2846
f 2113 2112 2180
f 2443 2906 2909
f 3123 1744 1654
f 1979 2938 2588
f 3131 3041 2041
f 3387 3330 2584
f 3116 3115 2188
f 1442 3135 2688
f 1989 3087 2520
f 2257 3186 2255
f 2091 2943 2901
f 3053 2474 1870
f 2564 1603 2587
f 3151 2837 2965
f 1499 3132 2937
f 1833 2060 1832
f 2604 1993 2603
f 1382 1384 3318
f 1854 1769 1855
f 3357 3367 1721
f 3016 3185 1893
f 3179 2160 1238
f 3040 2502 1282
f 1322 2772 1323
f 2813 1694 2961
f 1122 1124 1427
f 2192 2191 2470
f 1281 3193 1385
f 1255 2437 2023
f 2974 1817 3165
f 2397 2863 2562
f 2623 3051 1666
f 2526 1250 2384
f 1750 1749 2638
f 2685 2322 2524
f 2549 2154 1952
f 3053 2490 1644
f 3166 2819 2437
f 2546 2545 2848
f 3081 1364 3072
f 3103 1275 1340
f 2481 3149 2262
f 2436 2280 2279
f 1146 2445 2745
f 2038 1406 2039
f 1808 2609 1831
f 1315 3030 1316
f 2645 2451 2556
f 1183 1919 1284
f 1900 3112 3184
f 2722 1474 2498
f 2483 1197 1446
f 2128 2127 1987
f 2810 2809 3054
f 2355 2551 2356
f 1652 2403 1713
f 3378 1324 2858
f 1818 1553 2379
f 1722 3209 2763
f 2139 2348 1329
f 2147 3064 3356
f 2749 2927 2750
f 2193 2462 1210
f 2297 2232 2113
f 1522 2725 1583
f 2732 3025 1723
f 2038 1783 1782
f 2294 2927 3088
f 3160 3161 3199
f 3133 2553 1686
f 2172 1989 3114
f 1487 2816 1456
f 1676 2755 1677
f 3105 1540 1988
f 1257 1577 3166
f 2115 1772 1771
f 2421 2315 2317
f 1741 1150 1930
f 1946 3333 1865
f 2012 2694 3174
f 3040 2734 3132
f 3030 1315 1968
f 2171 1251 2867
f 2723 2703 1555
f 1334 1333 3060
f 2781 1575 3284
f 3043 2264 2263
f 3062 1546 1438
f 1700 1520 1522
f 2967 1202 2672
f 2972 2508 2303
f 3147 3148 1358
f 3118 3187 2083
f 2729 2203 2350
f 2985 1522 1521
f 1841 1193 1365
f 1602 3371 1724
f 3038 3176 1412
f 1562 3110 2715
f 2839 2143 2078
f 3009 2229 2480
f 2108 2115 2874
f 2390 2005 2709
f 2288 2772 3127
f 3066 3126 2935
f 1566 1296 3049
f 3283 2781 3284
f 1230 1823 2488
f 2506 1699 1698
f 1389 1233 1390
f 1763 3192 2384
f 3133 2663 2553
f 2938 2611 3013
f 1116 2955 1117
f 2219 1436 2104
f 2947 3172 3017
f 1625 2856 1979
f 2185 2040 1745
f 2408 1947 1948
f 2990 1294 1293
f 3142 1594 1308
f 3281 3282 2245
f 2689 2511 1983
f 1674 2807 2806
f 2793 3106 2916
f 1944 1943 2489
f 2933 2932 2884
f 2089 2017 1716
f 2710 1336 3111
f 3002 1967 2969
f 3159 2669 2014
f 2441 1845 2899
f 3349 2797 3321
f 3113 1515 2429
f 2187 1252 2921
f 3127 2772 1322
f 1567 1566 3102
f 2422 1982 2423
f 2688 1982 2422
f 2580 2890 2581
f 2882 2961 3146
f 2985 1521 1165
f 3236 2326 2325
f 2866 3117 2301
f 2929 3293 2561
f 3233 2742 2825
f 2986 3055 3169
f 1951 1702 2328
f 1938 3116 2188
f 2079 2905 1488
f 1316 3030 2061
f 1584 1967 2984
f 2172 3114 2651
f 2337 1547 1394
f 1840 3160 3199
f 1900 3184 3191
f 1907 1908 2779
f 2463 2915 2916
f 2254 2253 2829
f 2001 3050 2853
f 1889 1334 2805
f 1855 1768 1867
f 2802 3027 2368
f 3191 2010 2980
f 2230 1829 2271
f 1806 2726 3228
f 2321 2323 2229
f 2218 2722 2498
f 3369 3370 1188
f 1760 1759 2417
f 1558 1560 3116
f 1872 1413 1998
f 1407 1406 2701
f 2592 2202 2201
f 2800 2844 1510
f 2789 1619 2697
f 1343 1672 1559
f 2350 1828 2729
f 2810 3054 1650
f 1447 3116 1560
f 1235 1237 1345
f 2171 2247 2347
f 2736 2642 2333
f 2394 1403 2395
f 2971 3166 1577
f 2529 2983 1847
f 1506 1867 1768
f 2281 2320 2282
f 2250 3090 2801
f 1513 2345 1511
f 3351 3206 1814
f 2967 2179 2671
f 2138 3169 1670
f 2027 3120 2280
f 1975 2639 2482
f 1790 1935 3037
f 2677 1684 1683
f 1659 1845 2909
f 1573 2899 1844
f 2805 3042 1195
f 1156 1157 2100
f 1440 1525 1441
f 2184 1317 2266
f 1190 2543 1578
f 2888 2304 2889
f 1407 2494 2210
f 2601 3097 3032
f 1309 1311 2754
f 2832 2380 2493
f 1372 2070 1370
f 3195 3181 2126
f 1852 2863 3153
f 2730 3082 2841
f 3279 3280 3124
f 2375 3043 2376
f 2648 1200 1592
f 2122 2518 1785
f 3073 2537 1544
f 3188 2474 2720
f 3141 1623 3154
f 3156 3178 3174
f 1863 2572 1861
f 1587 2547 1738
f 2600 2973 3388
f 2571 2644 1861
f 2455 3339 1265
f 1148 2883 2228
f 2987 3012 2988
f 1669 1763 2384
f 1907 2779 1133
f 1578 2920 1191
f 1940 3046 1994
f 1156 2100 3014
f 1757 2187 1755
f 3144 1586 2039
f 2743 2882 3146
f 2764 2817 2434
f 1305 3099 2788
f 2592 2464 2202
f 2791 2781 2390
f 2256 2255 3241
f 3092 2723 1555
f 3156 2620 3178
f 2987 2787 2366
f 3140 2507 1698
f 3155 1598 3177
f 2411 2208 3164
f 2079 1854 2182
f 2944 1890 2805
f 3355 3333 1946
f 1850 1527 1473
f 1859 2875 1436
f 2327 1801 1127
f 3304 2176 3307
f 1453 1452 2471
f 1550 1873 1680
f 2795 2777 3176
f 1786 2631 2181
f 2003 2664 2260
f 3190 1994 3046
f 2064 1467 1658
f 1429 2759 1430
f 2613 3276 2611
f 3164 2910 2411
f 2147 3356 2148
f 1741 1930 2619
f 2207 3180 2711
f 1463 1810 2131
f 2979 1412 3176
f 2195 3102 1566
f 1427 1346 1428
f 1601 1443 1200
f 2426 2948 1565
f 3368 1315 3367
f 2424 3093 2413
f 3200 2715 3110
f 2165 3194 2290
f 2699 2697 1619
f 3169 2269 1396
f 2530 2691 2996
f 1269 2401 1270
f 1910 3262 1837
f 3111 2794 2710
f 2173 2368 3197
f 1673 3118 2082
f 2438 2589 2599
f 1653 2489 1654
f 1719 2968 1637
f 3003 3007 3094
f 1602 2587 1603
f 1121 1326 1119
f 3381 3200 3380
f 1652 1713 1651
f 1320 2913 1321
f 1932 1374 1373
f 3223 3221 2786
f 1911 2812 2181
f 3124 2246 3141
f 2446 1420 2673
f 1630 2043 1600
f 2788 2787 2930
f 2947 2843 2945
f 1157 2877 3182
f 3114 1835 2037
f 1753 3171 2282
f 2051 2569 2052
f 2776 1874 2317
f 2565 1387 1386
f 1428 1442 1122
f 2763 3209 1571
f 1810 2132 2131
f 1389 1667 1233
f 1978 3173 1976
f 1471 2608 1470
f 1926 2341 1927
f 1941 1221 2215
f 2324 2017 1144
f 2065 3010 2514
f 1957 1604 2918
f 2530 3001 2506
f 3080 2558 3126
f 2854 2366 2365
f 2593 3189 1627
f 2026 1141 1140
f 1783 1570 2754
f 2959 2626 2960
f 2096 2561 2237
f 3326 3388 2973
f 2298 1736 3057
f 1349 2972 1350
f 3119 1675 2983
f 1429 1794 1267
f 2524 2322 2541
f 2220 2357 2599
f 2150 2771 1869
f 1832 2060 1215
f 2007 2071 3052
f 3119 3187 3118
f 2711 2163 2712
f 1533 1361 2251
f 1628 3189 2782
f 1118 1117 2863
f 2861 2860 2261
f 1330 2381 2861
f 3104 1322 2125
f 2435 2658 3085
f 2947 3017 2843
f 3100 2290 2828
f 1704 3130 2950
f 2654 2202 2655
f 1374 1932 1963
f 2095 2731 2559
f 3096 2610 1503
f 1558 2849 2057
f 2085 2084 2504
f 2630 2324 3255
f 3000 2733 1997
f 2486 3045 2597
f 2135 3034 2133
f 1620 2871 3143
f 1599 1598 2439
f 2867 1563 2227
f 2744 1212 1851
f 3117 2336 2379
f 1543 2835 1647
f 1720 2061 2780
f 3163 2615 3264
f 1196 2250 3324
f 1717 2577 3110
f 2879 3113 1519
f 1429 1247 1794
f 1912 1385 1387
f 2796 2920 1578
f 2225 2339 2718
f 1798 2977 1976
f 2226 2228 2883
f 3077 1443 1601
f 2563 2943 2564
f 2432 2883 2619
f 1751 2663 1749
f 1328 1958 1411
f 2961 1694 2959
f 1379 1756 1297
f 2367 2179 1924
f 3179 1238 1332
f 2080 1488 1590
f 2775 3177 2360
f 1164 3071 1165
f 2000 2865 2783
f 1707 2836 1629
f 3356 3064 3215
f 1968 1187 2479
f 2194 2338 2618
f 3193 1283 2757
f 2645 2556 2340
f 1425 1424 2773
f 2975 2616 2618
f 2809 3410 2662
f 1250 2526 1715
f 2385 1843 2842
f 2556 2451 2649
f 2896 3040 3132
f 3245 1809 2120
f 1990 1400 2083
f 2783 3050 2000
f 1514 2133 2136
f 1570 1783 1585
f 3127 3104 2258
f 3260 1910 1539
f 1260 1259 2267
f 3089 2682 1714
f 3112 1900 1899
f 1114 2607 2647
f 2910 1667 2903
f 2536 1544 2537
f 1381 3273 3274
f 3121 1732 3151
f 3071 1164 2789
f 2570 2780 2569
f 2105 1653 1186
f 2220 2565 1386
f 1762 3366 3192
f 1124 1286 2213
f 1446 2284 3115
f 1407 2210 2212
f 2908 2460 2416
f 2820 2141 2371
f 2109 2641 1422
f 2796 2918 2920
f 3179 1891 3107
f 2637 2049 2653
f 1490 2904 1591
f 3097 2932 2998
f 1224 1223 3036
f 3045 1361 1534
f 2291 2589 2797
f 2597 3168 1978
f 2080 2285 1854
f 2232 1689 1688
f 3102 2709 1567
f 2452 2830 1245
f 3125 2939 2856
f 2267 2758 1260
f 3129 2760 3313
f 2941 2355 2354
f 3137 1905 2137
f 2358 1365 2359
f 1671 1559 1672
f 1409 1459 1461
f 1967 2725 2969
f 1422 2641 1894
f 2852 1868 2674
f 2720 2719 2808
f 2112 2104 2180
f 2444 2446 1507
f 2740 3144 1405
f 1806 3228 1804
f 1522 1583 1700
f 1668 2902 1667
f 2934 1947 2586
f 1816 1832 2757
f 2755 2610 1677
f 2188 3115 2284
f 1120 1139 1201
f 2703 2379 1553
f 3053 1870 2287
f 2460 2467 2417
f 2996 2679 2531
f 3291 3129 3313
f 1571 2030 2763
f 3410 2810 1649
f 2929 2476 3292
f 1618 2700 2699
f 2557 3243 3203
f 1335 2395 1403
f 1266 2192 2469
f 3025 2451 2450
f 3274 3275 2717
f 1653 1655 1186
f 2936 2821 2820
f 1638 1637 2968
f 1337 2811 1336
f 2185 3131 2041
f 2009 2010 3184
f 2410 2484 1646
f 2716 2891 2876
f 2341 2340 2556
f 1636 3106 2436
f 1146 2745 3153
f 2217 2841 3082
f 1141 2713 2680
f 3145 2817 2764
f 1994 3190 2941
f 2447 3138 3230
f 3262 1910 3260
f 1319 1318 2372
f 2857 2720 2993
f 2050 2707 2049
f 2487 2597 1978
f 3166 2437 1257
f 2390 2709 2791
f 1858 2180 2875
f 2742 2741 2825
f 1617 2923 3019
f 1825 1496 3152
f 3075 1859 1435
f 1851 2898 2744
f 2682 1319 2372
f 1433 1951 1431
f 2647 3073 2409
f 2092 2479 1189
f 3329 3382 3020
f 1196 2986 3091
f 2508 2507 1922
f 1791 1263 1749
f 2624 2201 2729
f 2483 1706 2963
f 2081 3067 2737
f 3112 1899 3150
f 3034 2747 2137
f 2904 2753 2064
f 2526 2088 2089
f 1224 1655 1225
f 2017 2089 1144
f 3085 2658 3041
f 1295 1297 1756
f 2131 2130 2568
f 2908 1848 2906
f 3070 2199 3088
f 1842 1170 2156
f 3242 3241 2255
f 2157 2209 2158
f 1826 1825 3152
f 1326 1308 1327
f 1980 2588 3154
f 2816 2271 1495
f 2216 2842 2841
f 2295 2296 2598
f 2946 2945 2750
f 2111 3068 2112
f 1924 1881 2367
f 1950 1949 2048
f 3335 1780 2949
f 1322 3104 3127
f 2427 1219 3158
f 2521 2241 1937
f 2919 2482 2639
f 1868 1853 1855
f 1120 1201 2648
f 2362 2106 1985
f 2878 2001 1263
f 2025 1767 1766
f 1886 2205 1986