v -0.459818 0.042378 0.601782
v -0.460234 0.058906 0.609814
v -0.471878 0.009707 0.604554
v -0.462472 0.019822 0.607476
v -0.465875 0.014156 0.605249
v -0.476925 0.006638 0.597383
v -0.633013 -0.065056 0.353012
v -0.537825 -0.014501 0.537329
v -0.621977 -0.059687 0.359836
v -0.635269 -0.063984 0.347836
v -0.631971 -0.059538 0.337664
v -0.642684 -0.017289 0.337218
v -0.641639 0.068635 0.342440
v -0.639303 0.076407 0.339409
v -0.635482 0.097792 0.342770
v -0.637740 0.094257 0.349955
v -0.415123 0.270543 0.644232
v -0.631886 0.116041 0.351444
v -0.610612 0.187559 0.410040
v -0.586517 0.236628 0.443670
v -0.553193 0.283431 0.502151
v -0.552245 0.286683 0.490644
v -0.634221 0.115386 0.366132
v -0.618910 0.167231 0.400919
v -0.636823 0.100204 0.353630
v -0.634476 0.111831 0.359784
v -0.641527 0.074425 0.346923
v -0.640023 0.086179 0.351880
v -0.644331 0.061060 0.348764
v -0.644913 0.034530 0.339894
v -0.647610 0.017956 0.345146
v -0.641886 -0.045228 0.345118
v -0.634831 -0.065643 0.352791
v -0.467838 0.013744 0.618050
v -0.473311 0.010632 0.616532
v -0.462639 0.025026 0.621092
v -0.465040 0.020114 0.625337
v -0.459672 0.039868 0.619982
v -0.459324 0.062330 0.620689
v -0.460602 0.075707 0.632358
v -0.464099 0.118021 0.624452
v -0.463332 0.136009 0.623849
v -0.461750 0.171595 0.628993
v -0.443436 0.214698 0.656719
v -0.446462 0.207532 0.652089
v -0.439784 0.227184 0.661549
v -0.435233 0.235101 0.655375
v -0.440163 0.234585 0.662887
v -0.436045 0.253157 0.657891
v -0.432727 0.284078 0.655753
v -0.430348 0.315382 0.649294
v -0.435381 0.333569 0.644062
v -0.423136 0.312041 0.649983
v -0.427855 0.295943 0.653440
v -0.428212 0.330696 0.646159
v -0.424114 0.254921 0.647892
v -0.426494 0.249681 0.647949
v -0.426901 0.270562 0.653853
v -0.433696 0.226699 0.638465
v -0.470668 0.186330 0.688603
v -0.455991 0.179466 0.605695
v -0.440993 0.213993 0.637282
v -0.459281 0.160551 0.601195
v -0.460026 0.034053 0.604167
v -0.459534 0.030960 0.587597
v -0.460760 0.158789 0.613668
v -0.464492 0.011640 0.578783
v -0.476202 0.004589 0.580234
v -0.621517 -0.058881 0.335151
v -0.615728 -0.057502 0.336040
v -0.637579 0.061030 0.328349
v -0.633790 0.094302 0.333627
v -0.632335 0.103279 0.335537
v -0.635014 0.077828 0.327985
v -0.629127 0.113203 0.334286
v -0.627305 0.125557 0.343126
v -0.623161 0.139602 0.346752
v -0.625110 0.139378 0.359200
v -0.630961 0.115086 0.344772
v -0.598269 0.213467 0.418508
v -0.569252 0.262969 0.424671
v -0.565598 0.269453 0.471939
v -0.511020 0.328718 0.533016
v -0.499670 0.336316 0.549775
v -0.514820 0.315876 0.559110
v -0.517227 0.317736 0.545661
v -0.611771 0.187637 0.425848
v -0.627381 0.145893 0.399903
v -0.578346 0.249711 0.476105
v -0.641260 0.088019 0.363882
v -0.641817 0.082086 0.357191
v -0.645906 0.064959 0.361174
v -0.649626 0.032383 0.357205
v -0.649621 0.017980 0.353159
v -0.646725 0.043512 0.349034
v -0.649977 -0.008900 0.354746
v -0.647071 -0.028905 0.350384
v -0.647903 -0.035162 0.356094
v -0.643303 -0.055127 0.353357
v -0.641378 -0.059787 0.353495
v -0.637394 -0.066467 0.370186
v -0.629942 -0.062904 0.376692
v -0.472753 0.012588 0.627002
v -0.480943 0.007923 0.616428
v -0.469598 0.016365 0.636695
v -0.466579 0.018970 0.632226
v -0.458288 0.062089 0.634188
v -0.457007 0.047451 0.643759
v -0.464787 0.092639 0.640782
v -0.458769 0.066080 0.647455
v -0.466118 0.129260 0.636342
v -0.464486 0.140497 0.628624
v -0.463508 0.156006 0.626101
v -0.463868 0.161129 0.632032
v -0.466458 0.140979 0.637944
v -0.465407 0.158110 0.652263
v -0.445231 0.020090 0.724567
v -0.445758 0.218385 0.666874
v -0.451249 0.199530 0.654375
v -0.446234 0.221401 0.669039
v -0.459397 0.180118 0.635990
v -0.445934 0.238802 0.667194
v -0.443135 0.269199 0.659896
v -0.481254 0.186933 0.694797
v -0.447418 0.245457 0.665195
v -0.445084 0.255338 0.661849
v -0.439280 0.282424 0.657591
v -0.439024 0.306735 0.651468
v -0.447726 0.318735 0.647109
v -0.462290 0.315413 0.643673
v -0.453491 0.323294 0.643883
v -0.461216 0.307841 0.647888
v -0.458749 0.302662 0.650646
v -0.450294 0.262037 0.662052
v -0.449627 0.270121 0.660640
v -0.453165 0.241057 0.668973
v -0.451632 0.252471 0.664058
v -0.454188 0.207618 0.674566
v -0.462404 0.176248 0.660812
v -0.447798 0.211611 0.665405
v -0.455485 0.198361 0.671584
v -0.470320 0.008618 0.787906
v -0.456065 0.010579 0.716159
v -0.467077 0.148121 0.658467
v -0.468478 0.139499 0.655258
v -0.468871 0.125598 0.654342
v -0.467508 0.132641 0.644086
v -0.469365 0.115448 0.655807
v -0.466980 0.118226 0.642352
v -0.461168 0.077133 0.645203
v -0.463994 0.082442 0.656227
v -0.438426 0.028871 0.794901
v -0.459903 0.067666 0.660539
v -0.453557 0.042378 0.666976
v -0.454102 0.038825 0.665457
v -0.466925 0.019555 0.654497
v -0.466890 0.019308 0.645750
v -0.459398 0.028188 0.656731
v -0.478539 0.010216 0.628186
v -0.526501 -0.005749 0.583163
v -0.636781 -0.064250 0.399405
v -0.640964 -0.066393 0.374935
v -0.643819 -0.065252 0.376345
v -0.646361 -0.058262 0.373293
v -0.643971 -0.060010 0.363741
v -0.642757 -0.066128 0.370206
v -0.646748 -0.048410 0.361243
v -0.649278 -0.042883 0.368140
v -0.650997 -0.027762 0.366613
v -0.649781 -0.023128 0.358054
v -0.652750 0.002726 0.369351
v -0.651424 -0.002345 0.360111
v -0.652007 0.023572 0.368458
v -0.649405 0.046223 0.365339
v -0.651680 0.010993 0.361114
v -0.641924 0.099359 0.396385
v -0.591765 0.226344 0.489534
v -0.584916 0.237583 0.492438
v -0.554411 0.267474 0.554380
v -0.551153 0.276051 0.541866
v -0.622318 0.166517 0.449758
v -0.631569 0.140959 0.436617
v -0.606056 0.201437 0.469601
v -0.638065 0.117453 0.411813
v -0.652984 0.029505 0.383605
v -0.645915 0.084596 0.403514
v -0.652832 0.011918 0.371092
v -0.650271 -0.042599 0.376147
v -0.653295 -0.010578 0.377259
v -0.647583 -0.057391 0.388366
v -0.646877 -0.060170 0.397080
v -0.641003 -0.064859 0.402619
v -0.642910 -0.065920 0.379433
v -0.645466 -0.062465 0.384586
v -0.630211 -0.060032 0.408424
v -0.625408 -0.055078 0.432788
v -0.467387 0.017618 0.666386
v -0.456899 0.024685 0.676030
v -0.462307 0.019406 0.674422
v -0.449017 0.032818 0.697612
v -0.448559 0.037916 0.702117
v -0.445151 0.030393 0.796834
v -0.454564 0.053933 0.683237
v -0.465159 0.081687 0.668359
v -0.468362 0.093216 0.663651
v -0.468984 0.130652 0.660637
v -0.466892 0.147162 0.665411
v -0.465437 0.162723 0.667211
v -0.471317 0.004337 0.730795
v -0.461621 0.184003 0.672235
v -0.459664 0.209325 0.680876
v -0.458207 0.203274 0.679509
v -0.456263 0.223948 0.677404
v -0.463081 0.235626 0.673639
v -0.458575 0.258936 0.663149
v -0.468158 0.236695 0.672723
v -0.467969 0.224973 0.680558
v -0.465250 0.211675 0.684585
v -0.468507 0.194157 0.688189
v -0.484155 0.008640 0.753384
v -0.448539 0.044397 0.726183
v -0.467784 0.145838 0.685389
v -0.469072 0.134586 0.688940
v -0.479761 0.201047 0.691810
v -0.447131 0.013883 0.728773
v -0.470610 0.109366 0.681137
v -0.469531 0.096765 0.677863
v -0.465660 0.080869 0.681522
v -0.446567 0.043769 0.743313
v -0.443280 0.033131 0.728655
v -0.429148 0.013258 0.774474
v -0.445659 0.010571 0.737006
v -0.472412 0.013580 0.676429
v -0.530185 -0.002165 0.618872
v -0.637742 -0.063034 0.415798
v -0.640063 -0.063134 0.422721
v -0.636600 -0.059621 0.447695
v -0.513597 0.004962 0.647375
v -0.490139 0.009997 0.674993
v -0.477161 0.010624 0.685730
v -0.446851 0.005762 0.748160
v -0.431398 0.005551 0.779735
v -0.432759 0.002243 0.787672
v -0.429772 0.005978 0.788595
v -0.426362 0.015204 0.781556
v -0.426778 0.013461 0.789553
v -0.427507 0.020488 0.789492
v -0.429965 0.023338 0.789231
v -0.432491 0.027577 0.784468
v -0.454572 0.056057 0.734200
v -0.436024 0.031953 0.780538
v -0.453871 0.000685 0.765028
v -0.464311 0.077914 0.720430
v -0.465538 0.080653 0.729131
v -0.469090 0.094716 0.716425
v -0.497004 0.058828 0.758909
v -0.470720 0.107471 0.710772
v -0.470551 0.132815 0.699374
v -0.463207 0.042389 0.784384
v -0.502790 0.144984 0.707760
v -0.470614 0.142859 0.699473
v -0.524298 0.225657 0.655207
v -0.541056 0.012635 0.712231
v -0.532440 0.017928 0.720848
v -0.473433 0.164966 0.691612
v -0.472843 0.181559 0.690952
v -0.510821 0.246760 0.652873
v -0.475302 0.189353 0.692352
v -0.509946 0.135919 0.709824
v -0.479068 0.161551 0.697906
v -0.482505 0.156638 0.702769
v -0.478783 0.130962 0.717555
v -0.545361 0.005013 0.699971
v -0.530832 0.026808 0.723505
v -0.470916 0.098423 0.722072
v -0.463829 0.074990 0.738675
v -0.465801 0.076087 0.745423
v -0.461590 0.066997 0.745649
v -0.479570 0.004793 0.724764
v -0.452826 0.051830 0.751290
v -0.468229 0.016845 0.794613
v -0.471359 0.004186 0.757344
v -0.434887 0.028645 0.789874
v -0.478393 0.007959 0.698887
v -0.433699 0.025278 0.798480
v -0.430910 0.022435 0.797617
v -0.433505 0.021101 0.804284
v -0.431413 0.007160 0.802167
v -0.429106 0.011656 0.797702
v -0.431599 0.004379 0.797554
v -0.434221 0.001556 0.798414
v -0.436071 -0.000288 0.786909
v -0.441871 -0.001252 0.787760
v -0.507728 0.006965 0.656176
v -0.527765 0.000909 0.639548
v -0.586346 -0.023897 0.588911
v -0.611831 -0.042665 0.497860
v -0.635568 -0.057307 0.464366
v -0.638659 -0.058814 0.455986
v -0.643358 -0.059195 0.440546
v -0.642179 -0.057947 0.453204
v -0.642853 -0.056251 0.462256
v -0.640762 -0.057455 0.461074
v -0.639440 -0.055037 0.479983
v -0.635120 -0.055804 0.475437
v -0.633346 -0.052451 0.497322
v -0.516037 0.005273 0.664865
v -0.492332 0.007299 0.694401
v -0.492935 0.006045 0.708419
v -0.443718 -0.001572 0.802564
v -0.439679 0.001043 0.808417
v -0.434580 0.008062 0.809540
v -0.432547 0.011600 0.806418
v -0.437316 0.024382 0.804144
v -0.482616 0.026138 0.773499
v -0.437233 0.019286 0.809590
v -0.479372 0.009321 0.764438
v -0.445914 0.035729 0.787499
v -0.448223 0.046242 0.751075
v -0.463339 0.064008 0.758226
v -0.467463 0.067590 0.760526
v -0.472063 0.085564 0.745037
v -0.476102 0.087254 0.747282
v -0.476029 0.097469 0.735432
v -0.480209 0.100448 0.737950
v -0.481464 0.107801 0.734250
v -0.481685 0.117032 0.727634
v -0.486567 0.121978 0.726325
v -0.483253 0.135111 0.718316
v -0.487728 0.134772 0.719301
v -0.485790 0.149824 0.709333
v -0.434833 0.002415 0.779442
v -0.514531 0.055835 0.737084
v -0.502896 0.212165 0.677197
v -0.464633 0.001967 0.763518
v -0.484094 0.098135 0.742020
v -0.481989 0.088790 0.748584
v -0.474273 0.075560 0.759845
v -0.479102 0.076629 0.760859
v -0.466710 0.055774 0.771657
v -0.468783 0.048718 0.778713
v -0.458111 0.037500 0.790063
v -0.461785 0.012159 0.698542
v -0.446400 0.017082 0.812489
v -0.449446 0.044058 0.771817
v -0.440881 0.015929 0.813453
v -0.443831 0.012369 0.815611
v -0.443909 0.008186 0.817985
v -0.446750 0.004457 0.814869
v -0.449184 0.001108 0.809253
v -0.444737 -0.000230 0.808765
v -0.467728 0.003275 0.780176
v -0.485062 0.006039 0.741088
v -0.493431 0.005958 0.717744
v -0.500825 0.005590 0.711190
v -0.530294 0.002224 0.672940
v -0.528795 0.001957 0.655259
v -0.626145 -0.046977 0.525185
v -0.626804 -0.048261 0.515734
v -0.632735 -0.049688 0.515844
v -0.637698 -0.052041 0.502673
v -0.641206 -0.051195 0.498310
v -0.547600 -0.001708 0.662907
v -0.526798 0.002957 0.686271
v -0.503566 0.008148 0.726722
v -0.500560 0.010214 0.733857
v -0.490834 0.012150 0.751284
v -0.474175 0.007982 0.773802
v -0.449177 0.011548 0.813133
v -0.440896 0.037709 0.761844
v -0.458683 0.015472 0.804279
v -0.466423 0.082951 0.693498
v -0.487278 0.067087 0.765117
v -0.481440 0.059323 0.770996
v -0.475497 0.011433 0.777458
v -0.484635 0.197482 0.692300
v -0.496287 0.007454 0.729094
v -0.500830 0.130317 0.717797
v -0.520309 0.003803 0.700483
v -0.457269 0.188553 0.658536
v -0.449253 -0.001448 0.792257
v -0.549397 0.160234 0.667800
v -0.639480 -0.051584 0.501639
v -0.627114 -0.043697 0.552684
v -0.630247 -0.045269 0.544531
v -0.634033 -0.046374 0.539549
v -0.636199 -0.048393 0.526307
v -0.477680 0.106818 0.730998
v -0.476619 0.182143 0.693130
v -0.634121 0.105944 0.563924
v -0.611853 0.152511 0.585041
v -0.606550 0.157777 0.593335
v -0.444678 0.038705 0.733497
v -0.451342 0.023199 0.805026
v -0.637677 0.086927 0.568173
v -0.649894 0.007514 0.533254
v -0.645469 -0.027513 0.533738
v -0.486473 0.005729 0.718188
v -0.647625 -0.011002 0.538316
v -0.644428 0.046726 0.561296
v -0.640399 0.076120 0.564593
v -0.638371 -0.057258 0.466060
v -0.632036 0.092745 0.586146
v -0.608696 0.128505 0.615974
v -0.634438 0.081355 0.585991
v -0.632589 -0.054563 0.478993
v -0.645265 0.029041 0.563413
v -0.643942 -0.025933 0.545936
v -0.440935 -0.000041 0.778484
v -0.635705 -0.035574 0.569454
v -0.625484 -0.042125 0.562729
v -0.624779 -0.039277 0.581821
v -0.620149 -0.037316 0.590288
v -0.429786 0.019022 0.799016
v -0.606473 -0.030714 0.600577
v -0.612444 -0.032142 0.608110
v -0.586288 -0.016357 0.646189
v -0.568680 -0.005783 0.670721
v -0.561310 -0.002107 0.679032
v -0.555182 0.000537 0.685909
v -0.550007 0.003058 0.694632
v -0.473548 0.101129 0.727237
v -0.471570 0.091501 0.734848
v -0.541774 0.009320 0.709435
v -0.539043 0.006421 0.707111
v -0.475068 0.126911 0.714760
v -0.475966 0.141921 0.709631
v -0.536050 0.009077 0.711608
v -0.481991 0.151451 0.707629
v -0.477873 0.153145 0.704114
v -0.484454 0.168678 0.696382
v -0.490542 0.171494 0.696244
v -0.500396 0.071432 0.751135
v -0.475313 0.214925 0.686140
v -0.497079 0.107148 0.733678
v -0.511012 0.202689 0.677791
v -0.452366 0.018418 0.807782
v -0.476477 0.175579 0.692608
v -0.535394 0.021803 0.719414
v -0.432571 0.026090 0.765155
v -0.508492 0.221862 0.668775
v -0.548045 0.028798 0.709830
v -0.547736 0.016199 0.709323
v -0.470669 0.152792 0.695415
v -0.472254 0.146057 0.701574
v -0.474789 0.138260 0.708865
v -0.472425 0.136431 0.704813
v -0.441882 0.008309 0.749623
v -0.470100 0.117221 0.696286
v -0.564157 0.002718 0.689232
v -0.468263 0.091359 0.702796
v -0.460517 0.067604 0.732830
v -0.435724 0.032379 0.763981
v -0.569047 0.003689 0.688998
v -0.568727 -0.000191 0.684766
v -0.430030 0.023838 0.780426
v -0.427520 0.016420 0.793310
v -0.428470 0.008925 0.780660
v -0.574374 -0.005416 0.675521
v -0.574691 0.000563 0.683588
v -0.576184 -0.007568 0.669152
v -0.438399 0.001865 0.773582
v -0.462526 0.008558 0.711033
v -0.500632 0.008227 0.653512
v -0.587922 -0.013309 0.657475
v -0.594432 -0.018144 0.646739
v -0.559926 -0.016173 0.575695
v -0.640574 -0.061285 0.434919
v -0.605563 -0.026638 0.626011
v -0.615582 -0.031648 0.612765
v -0.620804 -0.033973 0.606096
v -0.639623 -0.064537 0.409540
v -0.627585 -0.038143 0.585180
v -0.563979 -0.019520 0.559606
v -0.632553 -0.033767 0.583744
v -0.480899 0.012780 0.664835
v -0.638138 -0.032612 0.565711
v -0.469835 0.010828 0.692296
v -0.643260 0.015784 0.572771
v -0.442136 0.017310 0.735904
v -0.641917 0.030960 0.578731
v -0.428809 0.018795 0.775800
v -0.640157 0.039495 0.584605
v -0.452428 0.051581 0.718943
v -0.636603 0.059095 0.591452
v -0.462133 0.072331 0.673179
v -0.629650 0.087136 0.598567
v -0.624684 0.093441 0.608080
v -0.620877 0.094106 0.615894
v -0.483693 0.142815 0.714737
v -0.633586 0.052875 0.603655
v -0.459368 0.030126 0.796263
v -0.637644 0.013832 0.594047
v -0.469184 0.157881 0.687123
v -0.640087 -0.014638 0.574911
v -0.469584 0.170958 0.684920
v -0.635825 -0.019011 0.586289
v -0.464875 0.191893 0.684153
v -0.630422 -0.030795 0.595373
v -0.468290 0.203383 0.688529
v -0.627335 -0.027623 0.606416
v -0.463670 0.224741 0.680025
v -0.625659 -0.019299 0.616946
v -0.631623 -0.017285 0.600566
v -0.633654 -0.002843 0.602603
v -0.458574 0.231600 0.675595
v -0.630247 0.040597 0.614753
v -0.464507 0.003679 0.741485
v -0.627069 0.060581 0.618467
v -0.460065 0.194543 0.678433
v -0.624964 0.070757 0.618998
v -0.627114 0.031488 0.623809
v -0.466202 0.152901 0.673889
v -0.633441 0.006730 0.607240
v -0.468790 0.131593 0.676993
v -0.627292 -0.010139 0.617548
v -0.469629 0.102875 0.664485
v -0.623964 -0.023607 0.617823
v -0.457054 0.058010 0.663682
v -0.451663 0.042568 0.680919
v -0.451627 0.038069 0.679192
v -0.621251 -0.012314 0.631145
v -0.458126 0.020335 0.682702
v -0.563640 -0.023433 0.520113
v -0.482907 0.012073 0.651915
v -0.614994 0.058791 0.640026
v -0.644166 -0.063982 0.389872
v -0.619624 0.028720 0.637924
v -0.645476 -0.061576 0.401035
v -0.622473 0.022747 0.633123
v -0.652175 -0.025045 0.373357
v -0.652464 -0.031625 0.385094
v -0.612162 0.074414 0.639405
v -0.604779 0.090429 0.644075
v -0.602332 0.081370 0.650038
v -0.633619 0.132811 0.419710
v -0.595976 0.063167 0.661890
v -0.538592 0.284985 0.563547
v -0.546950 0.275846 0.559153
v -0.580113 0.035222 0.683138
v -0.576788 0.003664 0.685238
v -0.580481 -0.001038 0.679500
v -0.649392 0.057151 0.380213
v -0.588883 -0.008505 0.667643
v -0.593699 -0.013879 0.658735
v -0.651134 -0.021291 0.364112
v -0.652582 -0.010073 0.369855
v -0.603861 -0.018627 0.646711
v -0.615811 -0.028514 0.622960
v -0.619043 -0.028982 0.618553
v -0.647845 -0.052091 0.370356
v -0.622610 -0.031127 0.609527
v -0.624887 -0.029361 0.608612
v -0.639146 -0.065684 0.389886
v -0.641790 -0.065733 0.386343
v -0.616313 -0.026132 0.626891
v -0.484285 0.009943 0.637494
v -0.610258 -0.021835 0.637744
v -0.463448 0.023122 0.650853
v -0.610534 -0.016956 0.643104
v -0.600643 -0.012158 0.656583
v -0.456756 0.053988 0.647819
v -0.595763 -0.008358 0.663653
v -0.592150 -0.005132 0.669110
v -0.467302 0.112895 0.644408
v -0.454961 0.047406 0.660451
v -0.593374 0.016521 0.672740
v -0.468381 0.107374 0.651411
v -0.597132 0.008479 0.669281
v -0.467826 0.142452 0.646400
v -0.603153 -0.005312 0.659314
v -0.464018 0.167379 0.651161
v -0.608417 -0.012540 0.649832
v -0.611425 -0.013226 0.645648
v -0.471242 0.006139 0.781293
v -0.460364 0.053914 0.767917
v -0.618150 -0.011657 0.636193
v -0.451331 0.233335 0.672475
v -0.616661 -0.018834 0.634480
v -0.615866 -0.002448 0.642409
v -0.451771 0.303875 0.651724
v -0.451734 0.222407 0.674692
v -0.611268 0.011382 0.651552
v -0.450718 0.293409 0.655018
v -0.612081 0.000017 0.648670
v -0.438946 0.335878 0.642393
v -0.603476 0.010782 0.661528
v -0.443499 0.284784 0.657766
v -0.593771 0.046460 0.667891
v -0.601383 0.025726 0.663003
v -0.442512 0.246137 0.662639
v -0.437880 0.298049 0.654384
v -0.605081 0.049217 0.654946
v -0.593499 0.008246 0.672874
v -0.444811 0.226566 0.668349
v -0.593580 0.030034 0.670935
v -0.588928 -0.004239 0.672167
v -0.463531 0.166249 0.637212
v -0.447442 0.230399 0.670707
v -0.583039 0.002364 0.680459
v -0.566108 0.027070 0.695111
v -0.444884 0.038133 0.779755
v -0.462302 0.173044 0.641894
v -0.575718 0.025271 0.687153
v -0.466469 0.108796 0.641407
v -0.571172 0.034124 0.690848
v -0.578288 0.063355 0.678240
v -0.461870 0.026953 0.640940
v -0.465297 0.113349 0.635326
v -0.565854 0.062254 0.688926
v -0.464181 0.022504 0.639112
v -0.553774 0.036201 0.704479
v -0.621753 -0.056577 0.395451
v -0.557371 0.024841 0.702414
v -0.642311 -0.061926 0.360344
v -0.568731 0.008266 0.692360
v -0.563801 0.018645 0.696869
v -0.648569 -0.029970 0.355738
v -0.641130 -0.064523 0.360949
v -0.448396 -0.001115 0.803835
v -0.647578 0.027067 0.346800
v -0.559671 0.031235 0.700554
v -0.495691 0.199789 0.687232
v -0.644937 0.073902 0.367654
v -0.650412 0.005424 0.355224
v -0.526314 0.112323 0.710136
v -0.644415 0.067941 0.355464
v -0.510530 0.189523 0.684545
v -0.621698 0.164817 0.424354
v -0.556250 0.101214 0.683968
v -0.470482 0.345636 0.597267
v -0.564069 0.091379 0.681210
v -0.514150 0.170394 0.690809
v -0.569695 0.263905 0.456658
v -0.469906 0.339228 0.608946
v -0.490990 0.122924 0.725356
v -0.504038 0.101511 0.732855
v -0.620976 0.149919 0.357859
v -0.495255 0.081815 0.750033
v -0.486733 0.160470 0.700410
v -0.628068 0.120659 0.339085
v -0.617546 0.166206 0.383384
v -0.493352 0.097746 0.741398
v -0.629467 0.120431 0.345604
v -0.526985 0.198585 0.668864
v -0.469332 0.081511 0.747485
v -0.493766 0.043895 0.762729
v -0.551516 0.118540 0.682471
v -0.634969 -0.049604 0.334183
v -0.503583 0.027797 0.745153
v -0.484553 0.083266 0.753823
v -0.471076 0.007637 0.587148
v -0.637767 -0.040199 0.334605
v -0.510006 0.019851 0.736611
v -0.521913 0.012094 0.724853
v -0.466057 0.011535 0.589203
v -0.451007 0.007825 0.735286
v -0.518668 0.021055 0.731409
v -0.462936 0.099699 0.609701
v -0.458609 0.175162 0.615496
v -0.501980 0.063291 0.751827
v -0.555034 0.052749 0.700367
v -0.448591 0.201859 0.641991
v -0.510953 0.036790 0.739497
v -0.508661 0.152871 0.700940
v -0.427058 0.245507 0.645601
v -0.503361 0.187341 0.689046
v -0.432986 0.261479 0.656430
v -0.427305 0.302725 0.652264
v -0.489606 0.215538 0.681299
v -0.420129 0.322268 0.647625
v -0.481248 0.212872 0.685932
v -0.554542 0.122293 0.677655
v -0.431804 0.275099 0.655748
v -0.554666 0.133857 0.673347
v -0.433980 0.240838 0.654926
v -0.571634 0.082642 0.678170
v -0.589924 0.082260 0.662925
v -0.436486 0.228533 0.656180
v -0.438774 0.219985 0.649305
v -0.578578 0.107868 0.664141
v -0.571673 0.111022 0.668959
v -0.457328 0.180546 0.616325
v -0.463257 0.110214 0.610946
v -0.561942 0.118885 0.673590
v -0.461482 0.079989 0.619978
v -0.579515 0.133688 0.652840
v -0.561855 0.132401 0.668588
v -0.458602 0.044407 0.631630
v -0.461371 0.030193 0.627708
v -0.549424 0.101288 0.691260
v -0.495399 0.116418 0.728214
v -0.464218 0.017779 0.615850
v -0.473880 0.084494 0.750204
v -0.641214 -0.056556 0.349386
v -0.515724 0.218508 0.666152
v -0.492353 0.062456 0.763406
v -0.647538 0.008166 0.344863
v -0.644037 0.056357 0.344035
v -0.524719 0.233311 0.649718
v -0.638709 0.093327 0.354265
v -0.521956 0.060157 0.729424
v -0.440125 0.033756 0.741622
v -0.636480 0.106053 0.362837
v -0.623449 0.150564 0.379146
v -0.459249 0.003636 0.743154
v -0.579145 0.248999 0.450472
v -0.472585 0.027476 0.786385
v -0.593322 0.223740 0.430086
v -0.634426 0.108835 0.353732
v -0.634751 0.103412 0.346408
v -0.445484 0.026866 0.716886
v -0.633048 0.109613 0.346835
v -0.645498 0.017174 0.339653
v -0.493374 0.008866 0.739643
v -0.525927 0.167566 0.684921
v -0.537812 0.098208 0.704793
v -0.628995 -0.062830 0.346949
v -0.494633 0.208587 0.683235
v -0.468892 0.011672 0.609084
v -0.497355 0.224869 0.672497
v -0.507937 0.050552 0.744887
v -0.501396 0.234517 0.665584
v -0.499244 0.182097 0.692409
v -0.521269 0.220948 0.660644
v -0.480856 0.194971 0.694234
v -0.500392 0.249449 0.658383
v -0.477892 0.264136 0.660605
v -0.499793 0.268852 0.647635
v -0.499611 0.091174 0.741552
v -0.475737 0.285180 0.652574
v -0.469584 0.272906 0.658809
v -0.481528 0.270343 0.657776
v -0.459191 0.292745 0.654288
v -0.489513 0.301272 0.630853
v -0.483076 0.301422 0.637997
v -0.482848 0.294694 0.643192
v -0.495801 0.303731 0.620492
v -0.463502 0.324143 0.636144
v -0.467832 0.005911 0.562552
v -0.517802 0.307056 0.572473
v -0.481052 0.315361 0.625920
v -0.525072 0.300814 0.566604
v -0.522149 0.289562 0.594732
v -0.555123 0.277711 0.517832
v -0.533761 0.279035 0.587936
v -0.597760 0.212931 0.506706
v -0.642731 0.102786 0.422498
v -0.620287 0.171550 0.473503
v -0.617992 0.176807 0.459763
v -0.632397 0.139994 0.447897
v -0.644325 0.095743 0.420913
v -0.654150 0.004866 0.384181
v -0.653386 -0.024547 0.388584
v -0.649602 -0.049897 0.386088
v -0.649594 -0.050929 0.396495
v -0.654717 0.015681 0.399076
v -0.634931 0.133598 0.456088
v -0.629695 0.148330 0.458856
v -0.613662 0.184578 0.491826
v -0.606447 0.197599 0.502454
v -0.654782 -0.010470 0.398588
v -0.631144 0.144628 0.474777
v -0.641643 0.111199 0.453230
v -0.655128 -0.009630 0.412127
v -0.654108 -0.023125 0.420162
v -0.646861 -0.053734 0.439754
v -0.646473 -0.059109 0.410550
v -0.645182 -0.060209 0.418902
v -0.649022 -0.050764 0.428523
v -0.654659 0.033493 0.460103
v -0.645044 -0.050424 0.474236
v -0.655330 0.017980 0.455210
v -0.649210 0.073981 0.485262
v -0.478989 0.327222 0.613453
v -0.646387 0.090081 0.480506
v -0.626787 0.146346 0.526865
v -0.637597 0.120783 0.505877
v -0.654605 -0.007085 0.469299
v -0.654658 0.005688 0.478912
v -0.653608 -0.019536 0.467680
v -0.631744 0.133450 0.524844
v -0.593670 0.189841 0.585049
v -0.639784 0.107093 0.523528
v -0.651595 0.043868 0.505176
v -0.649791 -0.033623 0.488403
v -0.643345 -0.048546 0.496160
v -0.640093 -0.049710 0.508718
v -0.638612 -0.049596 0.514141
v -0.652231 -0.020548 0.488825
v -0.650846 -0.021634 0.503871
v -0.652846 0.024768 0.502300
v -0.648437 0.068372 0.513372
v -0.636008 0.112190 0.543400
v -0.622949 0.142098 0.560527
v -0.599074 0.160631 0.607475
v -0.638278 0.106955 0.536761
v -0.608143 0.178124 0.553910
v -0.603878 0.128181 0.624674
v -0.589159 0.126092 0.646281
v -0.571518 0.162176 0.646202
v -0.570604 0.171064 0.641934
v -0.553140 0.161550 0.663454
v -0.552725 0.189942 0.649601
v -0.523694 0.247044 0.641224
v -0.583311 0.208693 0.584214
v -0.563193 0.223951 0.606664
v -0.538375 0.228396 0.638971
v -0.516887 0.250006 0.645597
v -0.553726 0.248500 0.593245
v -0.594536 0.208712 0.544644
v -0.627862 0.151017 0.498500
v -0.655534 0.003156 0.416669
v -0.653068 0.049067 0.433138
v -0.642549 0.108027 0.462993
v -0.634641 0.133539 0.483371
v -0.654153 0.036551 0.421832
v -0.648877 0.079849 0.460090
v -0.655042 0.029148 0.450229
v -0.642821 0.104763 0.485868
v -0.645172 0.097508 0.468389
v -0.620208 0.168762 0.500300
v -0.627645 0.148638 0.511312
v -0.590266 0.211386 0.555955
v -0.632846 0.135432 0.507583
v -0.566822 0.227694 0.595095
v -0.540765 0.241150 0.624604
v -0.547058 0.244735 0.610820
v -0.582221 0.221354 0.563479
v -0.563123 0.243092 0.579722
v -0.533808 0.244239 0.631088
v -0.509424 0.267144 0.640260
v -0.507670 0.293091 0.616032
v -0.545652 0.265877 0.583784
v -0.535886 0.270918 0.596253
v -0.503159 0.309758 0.599080
v -0.528945 0.266183 0.615566
v -0.525494 0.275206 0.609695
v -0.554166 0.262301 0.567162
v -0.516264 0.279386 0.619568
v -0.592612 0.166101 0.614044
v -0.509017 0.296289 0.608877
v -0.570583 0.197843 0.622124
v -0.579209 0.195715 0.609505
v -0.493822 0.314567 0.608373
v -0.557417 0.207787 0.631798
v -0.575601 0.187217 0.623631
v -0.567883 0.197078 0.626620
v -0.580079 0.187871 0.615966
v -0.515888 0.046940 0.735506
v -0.550885 0.258979 0.583265
v -0.531108 0.231356 0.644685
v -0.506724 0.288317 0.622986
v -0.552201 0.175091 0.657675
v -0.514912 0.273485 0.627975
v -0.595185 0.140567 0.630579
v -0.563306 0.238314 0.587425
v -0.574984 0.130019 0.658640
v -0.537035 0.253704 0.617046
v -0.574893 0.221428 0.585853
v -0.602840 0.115676 0.634412
v -0.600712 0.201665 0.530743
v -0.631809 0.140718 0.495396
v -0.611789 0.089746 0.634290
v -0.649437 0.076572 0.455164
v -0.607961 0.104546 0.632935
v -0.647188 0.088265 0.463501
v -0.594719 0.105193 0.649159
v -0.648319 0.081618 0.447124
v -0.655199 0.019872 0.420139
v -0.618628 0.111170 0.608788
v -0.597379 0.179291 0.590061
v -0.585756 0.211223 0.572354
v -0.636541 0.105460 0.551416
v -0.512765 0.269445 0.634436
v -0.646232 0.069483 0.532801
v -0.652429 0.002197 0.508501
v -0.538264 0.232747 0.635789
v -0.575727 0.213146 0.595332
v -0.647871 0.060973 0.528682
v -0.558353 0.189253 0.644056
v -0.653404 -0.007264 0.490963
v -0.560872 0.168090 0.653428
v -0.651833 -0.028531 0.474067
v -0.584042 0.160002 0.632601
v -0.653522 0.039277 0.482667
v -0.605172 0.146609 0.608601
v -0.629609 0.134466 0.538861
v -0.643587 0.094489 0.515065
v -0.651038 0.060161 0.488693
v -0.652339 -0.009783 0.501126
v -0.599108 0.181651 0.581892
v -0.645317 0.083613 0.519361
v -0.647283 0.083615 0.489306
v -0.648484 -0.034220 0.500713
v -0.650291 0.066477 0.418254
v -0.641619 -0.047794 0.510028
v -0.622174 0.166207 0.488732
v -0.569734 0.246013 0.551723
v -0.632478 0.125990 0.538417
v -0.580613 0.238555 0.523128
v -0.615244 0.169120 0.539700
v -0.627329 0.154781 0.467433
v -0.649909 0.063889 0.402896
v -0.638503 0.114539 0.516554
v -0.474261 0.349825 0.581528
v -0.590483 0.198972 0.579633
v -0.486272 0.331221 0.594080
v -0.650848 -0.037251 0.460899
v -0.452285 0.333077 0.636891
v -0.650064 -0.042551 0.451852
v -0.456081 0.340871 0.625818
v -0.455056 0.357282 0.603426
v -0.649146 -0.048201 0.440137
v -0.446325 0.352794 0.622260
v -0.644265 -0.057568 0.445994
v -0.647946 -0.055559 0.412564
v -0.446348 0.342354 0.633218
v -0.416403 0.351444 0.640920
v -0.653826 -0.023760 0.399559
v -0.425538 0.339722 0.643600
v -0.653983 0.034919 0.410379
v -0.637619 0.125124 0.465895
v -0.413162 0.337627 0.644249
v -0.412678 0.322597 0.645913
v -0.419745 0.297257 0.649774
v -0.654171 0.027088 0.401169
v -0.644079 0.101135 0.446462
v -0.410082 0.299604 0.643068
v -0.421367 0.278184 0.650147
v -0.419310 0.256357 0.641677
v -0.429452 0.232819 0.632028
v -0.653233 0.033460 0.394022
v -0.442477 0.212038 0.616166
v -0.638735 0.119542 0.436384
v -0.455607 0.176825 0.597311
v -0.449040 0.199832 0.615997
v -0.458100 0.167061 0.597968
v -0.450498 0.194398 0.598039
v -0.461744 0.131428 0.604138
v -0.516099 0.301347 0.587563
v -0.461657 0.016311 0.570684
v -0.459200 0.034141 0.575509
v -0.468573 0.007374 0.575795
v -0.459537 0.026164 0.571934
v -0.476422 0.001548 0.557045
v -0.467099 0.327039 0.629473
v -0.620800 -0.052268 0.320446
v -0.605806 -0.050877 0.369882
v -0.629499 -0.050676 0.327511
v -0.630363 0.097146 0.326078
v -0.473265 0.295105 0.649087
v -0.491889 0.290632 0.639065
v -0.628762 0.107143 0.328029
v -0.625401 0.128312 0.338278
v -0.623041 0.135863 0.339337
v -0.616303 0.162152 0.359303
v -0.600672 0.204352 0.391905
v -0.561957 0.275203 0.450223
v -0.571795 0.260511 0.446618
v -0.533738 0.309758 0.495232
v -0.530446 0.311990 0.506726
v -0.494430 0.345925 0.536900
v -0.522534 0.319306 0.517434
v -0.486978 0.191958 0.693416
v -0.460518 0.026559 0.598095
v -0.462767 0.021807 0.615548
v -0.483937 0.354155 0.546429
v -0.448667 0.368366 0.594385
v -0.461390 0.075678 0.608678
v -0.484892 0.349819 0.555972
v -0.431264 0.364937 0.623612
v -0.436550 0.364273 0.618435
v -0.468292 0.010317 0.596247
v -0.397821 0.348512 0.639356
v -0.400194 0.336865 0.640956
v -0.410799 0.318136 0.645287
v -0.638426 -0.055479 0.343409
v -0.400828 0.305462 0.634771
v -0.408787 0.282704 0.639622
v -0.636875 0.089168 0.340014
v -0.411632 0.272233 0.639766
v -0.415710 0.265074 0.643273
v -0.421197 0.246921 0.628720
v -0.413559 0.264452 0.638934
v -0.419728 0.250713 0.634677
v -0.431224 0.229324 0.625449
v -0.440438 0.217606 0.602550
v -0.642814 0.074111 0.353189
v -0.639785 0.083562 0.347631
v -0.644541 0.047583 0.342180
v -0.456605 0.165338 0.579242
v -0.461436 0.089307 0.579950
v -0.465626 0.006980 0.555596
v -0.646054 0.002466 0.341456
v -0.638668 -0.064154 0.353072
v -0.462183 0.012202 0.553076
v -0.635264 -0.066483 0.361315
v -0.631165 -0.064720 0.362404
v -0.470114 0.002592 0.547551
v -0.466743 0.016407 0.621785
v -0.520786 -0.019380 0.453398
v -0.618286 -0.054503 0.321662
v -0.459914 0.036473 0.628757
v -0.463098 0.089005 0.625654
v -0.464472 0.100045 0.626477
v -0.620836 0.131245 0.325008
v -0.618046 0.144783 0.331218
v -0.455802 0.189788 0.645220
v -0.452831 0.193190 0.631348
v -0.613079 0.160401 0.336190
v -0.439675 0.222201 0.657266
v -0.432580 0.248302 0.654583
v -0.438528 0.244143 0.660148
v -0.603458 0.193113 0.369020
v -0.526504 0.320043 0.483661
v -0.422732 0.328075 0.646650
v -0.435998 0.322031 0.647785
v -0.441675 0.371936 0.599814
v -0.417527 0.317066 0.647871
v -0.423958 0.267075 0.651815
v -0.428544 0.258198 0.653234
v -0.414289 0.359099 0.638501
v -0.466448 0.185377 0.683286
v -0.409611 0.367893 0.634948
v -0.446769 0.203794 0.627259
v -0.454313 0.189036 0.619404
v -0.382171 0.346754 0.635125
v -0.398509 0.323919 0.637900
v -0.462080 0.085291 0.608335
v -0.460788 0.062534 0.593659
v -0.400633 0.314452 0.636631
v -0.405430 0.295810 0.638380
v -0.489510 -0.001060 0.560600
v -0.507856 -0.005818 0.550766
v -0.401841 0.286229 0.631953
v -0.410433 0.263699 0.624330
v -0.636628 0.078549 0.332600
v -0.417939 0.251262 0.623476
v -0.422252 0.245061 0.616297
v -0.627146 0.127949 0.346355
v -0.627692 0.129810 0.353373
v -0.432787 0.231891 0.595513
v -0.436695 0.226532 0.590540
v -0.440335 0.218477 0.577474
v -0.555164 0.284320 0.469687
v -0.611284 0.182731 0.393573
v -0.445396 0.203950 0.578029
v -0.541281 0.301765 0.483617
v -0.454985 0.167858 0.567421
v -0.459726 0.023642 0.549655
v -0.601666 0.209893 0.453713
v -0.461633 0.013152 0.530490
v -0.632675 0.128111 0.389110
v -0.648056 0.050453 0.360034
v -0.470663 0.001126 0.537820
v -0.647886 0.047276 0.356530
v -0.470611 -0.000493 0.524258
v -0.475118 -0.001847 0.526431
v -0.608525 -0.054464 0.337850
v -0.645349 -0.044016 0.352442
v -0.649768 0.000174 0.353019
v -0.606060 -0.052625 0.315101
v -0.647330 -0.039681 0.356507
v -0.616464 -0.045819 0.309765
v -0.609438 -0.049369 0.308205
v -0.634705 -0.065578 0.375981
v -0.639390 -0.066049 0.359846
v -0.614838 0.144312 0.320093
v -0.468938 0.015871 0.628269
v -0.459224 0.034158 0.642893
v -0.610759 0.163266 0.330871
v -0.457392 0.040247 0.645088
v -0.608874 0.168116 0.331613
v -0.605547 0.179713 0.340667
v -0.453605 0.004190 0.744901
v -0.464676 0.122059 0.630729
v -0.466210 0.152524 0.641459
v -0.440222 0.028237 0.735768
v -0.576133 0.250438 0.408407
v -0.481832 0.004908 0.732371
v -0.543385 0.300840 0.449622
v -0.504953 0.342971 0.499198
v -0.436004 0.264593 0.658104
v -0.442479 0.237697 0.664933
v -0.492387 0.351124 0.525262
v -0.440275 0.266223 0.659500
v -0.429860 0.394829 0.576225
v -0.450003 0.379757 0.568254
v -0.443657 0.312654 0.649681
v -0.445955 0.293682 0.655361
v -0.455818 0.317128 0.645939
v -0.448871 0.284429 0.658070
v -0.390263 0.389954 0.627908
v -0.453199 0.272387 0.660526
v -0.410652 0.390681 0.612272
v -0.412051 0.400375 0.595877
v -0.460316 0.001268 0.787866
v -0.450952 0.217049 0.673245
v -0.452065 0.200744 0.662771
v -0.392487 0.408166 0.607077
v -0.389447 0.401351 0.618746
v -0.467168 0.149028 0.650142
v -0.434789 0.031356 0.772659
v -0.384921 0.397442 0.624168
v -0.467681 0.124002 0.645013
v -0.465637 0.104252 0.636772
v -0.371071 0.394194 0.628981
v -0.467120 0.096809 0.651484
v -0.369925 0.389669 0.629886
v -0.373841 0.363368 0.631687
v -0.463972 0.020750 0.662978
v -0.470536 0.016557 0.647682
v -0.488868 0.006073 0.617388
v -0.377025 0.322837 0.622931
v -0.383646 0.315989 0.623358
v -0.505620 0.000745 0.597258
v -0.385355 0.300236 0.617104
v -0.643994 -0.063345 0.370412
v -0.394958 0.288493 0.623046
v -0.648272 -0.040305 0.360568
v -0.645017 -0.055222 0.361227
v -0.435651 0.228441 0.570095
v -0.436731 0.224755 0.559205
v -0.650043 -0.032813 0.364252
v -0.441905 0.208990 0.559772
v -0.651100 0.025035 0.362110
v -0.458109 0.119735 0.535520
v -0.613474 0.186029 0.447119
v -0.647488 0.063661 0.372471
v -0.459771 0.040863 0.537076
v -0.459572 0.031339 0.525566
v -0.596167 0.219665 0.472570
v -0.460396 0.019404 0.537904
v -0.612475 0.188787 0.462563
v -0.464776 0.003377 0.520278
v -0.651126 0.049681 0.389297
v -0.637886 0.120369 0.422877
v -0.466036 0.001037 0.512479
v -0.471849 -0.002392 0.513225
v -0.653108 0.017837 0.375377
v -0.478101 -0.004961 0.508597
v -0.648342 -0.053308 0.376107
v -0.604104 -0.053091 0.319643
v -0.612968 -0.047401 0.308287
v -0.644226 -0.061839 0.412300
v -0.609359 0.157927 0.318497
v -0.633168 -0.061098 0.412881
v -0.603080 0.179708 0.328639
v -0.471757 0.015998 0.660889
v -0.598182 0.192097 0.332556
v -0.595428 0.204285 0.351737
v -0.461119 0.023977 0.662281
v -0.456238 0.031923 0.663488
v -0.453242 0.048816 0.678009
v -0.552890 0.286218 0.416607
v -0.516119 0.333832 0.468968
v -0.468332 0.137498 0.666041
v -0.458717 0.063482 0.678538
v -0.467234 0.144336 0.676367
v -0.467071 0.005067 0.725482
v -0.455988 0.007157 0.729652
v -0.461927 0.198618 0.683440
v -0.459030 0.214989 0.680030
v -0.465394 0.265390 0.661354
v -0.475686 0.233534 0.673704
v -0.468653 0.216736 0.684348
v -0.463416 0.202031 0.685053
v -0.469887 0.180542 0.687322
v -0.468930 0.165306 0.683991
v -0.364210 0.395275 0.625914
v -0.467055 0.158708 0.678571
v -0.360073 0.392375 0.624904
v -0.468966 0.148591 0.691746
v -0.496828 0.159551 0.700406
v -0.513350 0.100398 0.726446
v -0.468758 0.090563 0.675843
v -0.461800 0.069929 0.692056
v -0.459847 0.001095 0.762564
v -0.431534 0.018165 0.764356
v -0.432843 0.011116 0.764083
v -0.372455 0.318703 0.615468
v -0.466596 0.014886 0.680721
v -0.378320 0.314489 0.618011
v -0.491525 0.009679 0.649075
v -0.501002 0.006230 0.635736
v -0.595190 -0.032914 0.530290
v -0.642866 -0.063943 0.401377
v -0.638211 -0.061955 0.430609
v -0.493449 0.010047 0.660817
v -0.399884 0.278099 0.599362
v -0.468493 0.006957 0.710975
v -0.414321 0.263978 0.577426
v -0.434805 0.005420 0.770190
v -0.428232 0.242625 0.559719
v -0.427092 0.011724 0.782795
v -0.436591 0.222851 0.545438
v -0.426337 0.018077 0.785494
v -0.449741 0.177422 0.536969
v -0.452169 0.162158 0.531187
v -0.451405 0.047018 0.694386
v -0.444636 0.041085 0.765265
v -0.455503 0.135423 0.523262
v -0.460151 0.025874 0.506283
v -0.458267 0.108573 0.520989
v -0.472691 0.109641 0.718079
v -0.463349 0.003907 0.503237
v -0.471233 0.118777 0.705568
v -0.461556 0.008471 0.502279
v -0.472027 -0.003686 0.502668
v -0.466792 -0.000435 0.505315
v -0.470197 -0.004320 0.490945
v -0.577227 -0.044005 0.324749
v -0.609976 0.131600 0.302184
v -0.603406 0.172111 0.317747
v -0.601490 0.171095 0.311425
v -0.596401 0.185282 0.313772
v -0.592047 0.202213 0.327363
v -0.570957 0.251167 0.366508
v -0.528363 0.319873 0.442445
v -0.489613 0.360479 0.491026
v -0.434676 0.402605 0.542260
v -0.475312 0.158196 0.697526
v -0.477055 0.167944 0.693894
v -0.389564 0.422018 0.587604
v -0.475382 0.201174 0.691418
v -0.474236 0.207971 0.689102
v -0.376359 0.420103 0.599501
v -0.550494 0.070020 0.700832
v -0.367496 0.414733 0.606396
v -0.369839 0.416812 0.605040
v -0.474582 0.150215 0.703053
v -0.369720 0.413842 0.610926
v -0.361799 0.405032 0.616924
v -0.354522 0.396396 0.614444
v -0.475190 0.114795 0.721757
v -0.482208 0.218214 0.682603
v -0.353102 0.388736 0.617853
v -0.355950 0.385286 0.622722
v -0.468193 0.084084 0.739962
v -0.353830 0.356134 0.620951
v -0.457248 0.058355 0.749541
v -0.455280 0.051251 0.763092
v -0.360023 0.335912 0.616472
v -0.439716 0.033403 0.785166
v -0.359614 0.327402 0.609309
v -0.365171 0.325091 0.614599
v -0.364475 0.320131 0.605047
v -0.431587 0.025687 0.792627
v -0.375300 0.308553 0.604452
v -0.374508 0.307425 0.595215
v -0.379691 0.299782 0.595105
v -0.428803 0.008618 0.792585
v -0.381405 0.296134 0.586117
v -0.386540 0.288700 0.589322
v -0.393925 0.282778 0.591931
v -0.503884 0.007746 0.668169
v -0.411821 0.269630 0.562307
v -0.560955 -0.014600 0.590562
v -0.437930 0.217413 0.530038
v -0.454125 0.144994 0.517135
v -0.465922 -0.001064 0.489951
v -0.640553 -0.059566 0.447068
v -0.470380 -0.005705 0.477410
v -0.472457 -0.007590 0.470321
v -0.508860 -0.022668 0.393676
v -0.641201 -0.054826 0.477084
v -0.595867 -0.046138 0.294067
v -0.637557 -0.056151 0.475558
v -0.594739 0.185643 0.309726
v -0.591296 0.198261 0.316804
v -0.585202 0.209208 0.314570
v -0.472272 0.004104 0.741630
v -0.578133 0.228088 0.327114
v -0.437663 0.004927 0.812524
v -0.550139 0.286359 0.387809
v -0.541040 0.300010 0.395709
v -0.510111 0.341425 0.436132
v -0.483034 0.006561 0.706535
v -0.460034 0.386962 0.510096
v -0.442661 0.022408 0.808592
v -0.400170 0.423104 0.568020
v -0.455873 0.046883 0.775069
v -0.395405 0.424550 0.572300
v -0.472149 0.080599 0.752874
v -0.384539 0.425676 0.582683
v -0.383747 0.425340 0.586138
v -0.376436 0.426863 0.586496
v -0.478617 0.114507 0.726444
v -0.373904 0.425581 0.589150
v -0.482009 0.125905 0.722584
v -0.373081 0.421930 0.596785
v -0.488551 0.141920 0.715595
v -0.370489 0.421642 0.596166
v -0.450250 0.024698 0.699732
v -0.365769 0.415222 0.601983
v -0.488896 0.206752 0.686637
v -0.356488 0.402843 0.606433
v -0.351715 0.396419 0.605082
v -0.350772 0.390269 0.613046
v -0.348720 0.389742 0.608669
v -0.346063 0.384435 0.607364
v -0.477082 0.068728 0.766189
v -0.348633 0.377563 0.616878
v -0.492789 0.019213 0.755293
v -0.346761 0.371357 0.615945
v -0.458200 0.062500 0.713797
v -0.347854 0.360012 0.616206
v -0.462297 0.005987 0.724850
v -0.351112 0.353177 0.615956
v -0.482617 0.013029 0.764972
v -0.354247 0.337347 0.608123
v -0.442195 0.002582 0.813588
v -0.357035 0.326112 0.600842
v -0.455196 0.002006 0.800045
v -0.362483 0.319631 0.595558
v -0.465775 0.002183 0.774237
v -0.374978 0.305247 0.583138
v -0.513456 0.004126 0.694654
v -0.389608 0.288063 0.575271
v -0.541068 -0.001092 0.653231
v -0.399176 0.283355 0.562576
v -0.629430 -0.048408 0.521223
v -0.406195 0.277451 0.551773
v -0.636673 -0.053881 0.490539
v -0.436712 0.217769 0.514095
v -0.636078 -0.050351 0.514121
v -0.445719 0.186781 0.505311
v -0.447663 0.177400 0.500706
v -0.462127 0.023761 0.471662
v -0.465124 -0.000825 0.474086
v -0.464454 0.001883 0.464399
v -0.466145 -0.002622 0.462123
v -0.468182 -0.006475 0.454540
v -0.576782 -0.045373 0.294181
v -0.473127 -0.009159 0.457570
v -0.453664 0.007703 0.807985
v -0.488862 0.008513 0.746926
v -0.588264 -0.033039 0.274494
v -0.474159 0.005463 0.717766
v -0.587661 0.197293 0.305195
v -0.577694 0.223451 0.314842
v -0.566063 0.254166 0.346357
v -0.547682 0.286220 0.368068
v -0.438896 0.405183 0.516102
v -0.402464 0.426358 0.552235
v -0.441662 0.400693 0.525566
v -0.428437 0.412151 0.524645
v -0.380018 0.431630 0.570403
v -0.395117 0.428253 0.562647
v -0.524902 0.319882 0.390385
v -0.378404 0.428162 0.583294
v -0.575764 0.229735 0.320956
v -0.473512 0.043055 0.781270
v -0.486353 0.077226 0.759418
v -0.584309 0.208089 0.309986
v -0.375067 0.429881 0.578937
v -0.373546 0.429679 0.576226
v -0.373674 0.427775 0.583178
v -0.378248 0.429306 0.578088
v -0.376662 0.431224 0.573927
v -0.370637 0.424630 0.585680
v -0.363168 0.415604 0.589897
v -0.390297 0.428982 0.568104
v -0.362129 0.414795 0.585868
v -0.355709 0.402712 0.601312
v -0.343042 0.379604 0.602178
v -0.340127 0.364767 0.602673
v -0.341882 0.373495 0.607869
v -0.339083 0.370087 0.601711
v -0.345889 0.350928 0.601823
v -0.352721 0.330913 0.591258
v -0.349398 0.339089 0.595359
v -0.358045 0.323093 0.584892
v -0.353711 0.330127 0.598183
v -0.382293 0.297177 0.567076
v -0.416804 0.257980 0.515786
v -0.451263 0.157010 0.485746
v -0.445655 0.183406 0.487913
v -0.464360 0.003973 0.441890
v -0.472794 -0.010984 0.438697
v -0.579915 -0.044944 0.288649
v -0.482351 0.067754 0.766612
v -0.491362 0.072839 0.759398
v -0.584076 -0.042425 0.280981
v -0.476360 0.239127 0.669811
v -0.488966 0.080970 0.754515
v -0.576272 0.220485 0.305500
v -0.571970 0.234539 0.316809
v -0.572299 0.231082 0.310851
v -0.567211 0.244173 0.320455
v -0.563610 0.255144 0.336177
v -0.516402 0.204650 0.673350
v -0.516668 0.331306 0.401576
v -0.481024 0.372428 0.450802
v -0.414128 0.424310 0.523384
v -0.397753 0.431658 0.544620
v -0.384270 0.434036 0.559844
v -0.375583 0.434761 0.561589
v -0.372629 0.431061 0.565727
v -0.367224 0.424089 0.571009
v -0.357496 0.406855 0.587129
v -0.340024 0.376128 0.592898
v -0.343810 0.381936 0.588876
v -0.338947 0.362367 0.597323
v -0.341141 0.355128 0.589553
v -0.352099 0.332257 0.582188
v -0.355425 0.330298 0.569948
v -0.372803 0.308690 0.565109
v -0.355373 0.326925 0.581857
v -0.388447 0.297593 0.543858
v -0.633134 -0.047376 0.532381
v -0.642605 -0.042758 0.522159
v -0.462758 0.086785 0.451756
v -0.648311 -0.018046 0.527355
v -0.465050 0.032066 0.442859
v -0.463613 0.018042 0.448650
v -0.467177 -0.007267 0.435458
v -0.474252 -0.012627 0.430157
v -0.469667 -0.009894 0.430588
v -0.608866 0.140457 0.606794
v -0.570997 -0.042929 0.277949
v -0.634107 0.098445 0.573267
v -0.599637 0.133478 0.285935
v -0.571949 0.194983 0.274631
v -0.569532 0.232632 0.305145
v -0.563319 0.244613 0.307381
v -0.646349 -0.020680 0.538255
v -0.566778 0.237655 0.305524
v -0.561194 0.252728 0.317322
v -0.556928 0.259023 0.316372
v -0.549761 0.274614 0.331542
v -0.638894 0.076156 0.572224
v -0.545465 0.285241 0.349429
v -0.469865 0.383648 0.444610
v -0.423683 0.419728 0.508149
v -0.411541 0.428575 0.514315
v -0.637710 0.068737 0.582238
v -0.390828 0.436536 0.544654
v -0.377809 0.437572 0.553619
v -0.372732 0.433321 0.555385
v -0.374667 0.436600 0.550667
v -0.368385 0.427020 0.562419
v -0.633636 -0.039961 0.565256
v -0.345543 0.382702 0.525242
v -0.346381 0.385697 0.560344
v -0.339254 0.374718 0.581142
v -0.344654 0.382791 0.575009
v -0.337722 0.366839 0.575540
v -0.337433 0.363385 0.577114
v -0.337743 0.361452 0.584351
v -0.346294 0.347063 0.571579
v -0.359212 0.330440 0.554398
v -0.566104 -0.002986 0.679261
v -0.366863 0.320362 0.550020
v -0.382219 0.305857 0.537183
v -0.560804 0.000349 0.685843
v -0.383117 0.305510 0.528486
v -0.395157 0.290917 0.525477
v -0.435970 0.217200 0.475218
v -0.458118 0.126457 0.446532
v -0.465599 0.087845 0.428049
v -0.464953 0.001643 0.420265
v -0.468231 -0.010917 0.414839
v -0.471145 -0.013333 0.409187
v -0.475184 -0.015875 0.405060
v -0.556679 -0.041447 0.282547
v -0.567395 -0.038556 0.263945
v -0.572858 -0.032270 0.261176
v -0.601674 0.096012 0.277919
v -0.554878 0.252319 0.297009
v -0.554851 0.256610 0.303898
v -0.539785 0.017457 0.715544
v -0.553427 0.263558 0.314103
v -0.547250 0.273085 0.315243
v -0.524316 0.307680 0.327202
v -0.498249 0.351207 0.393387
v -0.433540 0.414467 0.483980
v -0.403472 0.432836 0.523321
v -0.394828 0.438012 0.526992
v -0.380587 0.443299 0.534245
v -0.564298 -0.000848 0.684651
v -0.375760 0.439873 0.542538
v -0.583058 -0.007994 0.670211
v -0.375782 0.438147 0.548710
v -0.571656 -0.002979 0.680044
v -0.372975 0.436318 0.543470
v -0.585163 -0.010512 0.665339
v -0.580841 -0.011007 0.660343
v -0.339843 0.371665 0.560607
v -0.341813 0.376351 0.554864
v -0.602579 -0.021855 0.640065
v -0.600090 -0.023418 0.633834
v -0.339395 0.362899 0.562093
v -0.345795 0.350275 0.556183
v -0.351600 0.342904 0.544488
v -0.609858 -0.027581 0.625808
v -0.621403 -0.035893 0.597195
v -0.624933 -0.037340 0.591025
v -0.372612 0.317736 0.532188
v -0.383836 0.303647 0.512902
v -0.375577 0.312552 0.507854
v -0.627020 -0.034180 0.595370
v -0.425721 0.240313 0.475380
v -0.637944 -0.028413 0.572900
v -0.439188 0.211329 0.444780
v -0.642077 -0.006342 0.572275
v -0.452050 0.162306 0.440138
v -0.643860 0.023286 0.570319
v -0.638194 0.050451 0.588821
v -0.454568 0.153784 0.434570
v -0.633372 0.068240 0.597505
v -0.467159 0.013186 0.404420
v -0.627016 0.091581 0.603728
v -0.464567 0.002354 0.409119
v -0.466392 -0.009341 0.400297
v -0.623717 0.084140 0.615460
v -0.630419 0.060399 0.609741
v -0.470486 -0.014256 0.400509
v -0.633907 0.041979 0.604631
v -0.469069 -0.014849 0.387186
v -0.640281 -0.002299 0.581784
v -0.545278 -0.039745 0.268768
v -0.638298 -0.006774 0.585760
v -0.560563 -0.041663 0.272812
v -0.630302 -0.027051 0.599293
v -0.561299 -0.038529 0.259627
v -0.626927 -0.030789 0.602321
v -0.550012 0.259818 0.296468
v -0.625493 -0.025692 0.612328
v -0.547543 0.268098 0.304087
v -0.628629 -0.017067 0.609663
v -0.514588 0.327318 0.360849
v -0.628738 -0.023246 0.606037
v -0.470393 0.382545 0.423477
v -0.416469 0.429323 0.478995
v -0.632541 0.028884 0.609843
v -0.627368 0.049954 0.620189
v -0.405456 0.435540 0.500797
v -0.621012 0.079631 0.623039
v -0.395584 0.441725 0.505766
v -0.618677 0.070837 0.630133
v -0.382953 0.444369 0.526882
v -0.631788 0.016490 0.612615
v -0.376115 0.443752 0.529137
v -0.630980 0.007630 0.614584
v -0.627958 -0.001582 0.619559
v -0.374512 0.441547 0.530553
v -0.623472 -0.018295 0.622956
v -0.621826 -0.025877 0.619884
v -0.371614 0.436699 0.533970
v -0.618252 0.001930 0.639527
v -0.617809 0.014262 0.641758
v -0.346434 0.349573 0.544460
v -0.384713 0.300023 0.486466
v -0.617626 0.046429 0.639314
v -0.612047 0.043916 0.647256
v -0.403365 0.273918 0.478140
v -0.616323 0.028536 0.643389
v -0.417774 0.253293 0.469077
v -0.449846 0.179343 0.423310
v -0.622982 -0.001225 0.630125
v -0.623455 -0.011124 0.627412
v -0.458905 0.137846 0.423460
v -0.620817 0.051841 0.632579
v -0.466746 0.008165 0.399784
v -0.609228 0.065180 0.646051
v -0.464467 -0.001179 0.392455
v -0.607742 0.081070 0.643753
v -0.464815 -0.004642 0.385636
v -0.466849 -0.014365 0.381354
v -0.595744 0.081998 0.657044
v -0.601649 0.062851 0.655713
v -0.465160 -0.008573 0.376089
v -0.586692 0.038258 0.676560
v -0.469529 -0.017180 0.372951
v -0.573206 0.013212 0.689523
v -0.475787 -0.020210 0.364051
v -0.580085 0.007169 0.683550
v -0.491264 -0.022479 0.367463
v -0.489284 -0.025136 0.335384
v -0.584527 -0.004471 0.674221
v -0.578181 -0.003824 0.677054
v -0.539686 -0.036975 0.246323
v -0.598695 -0.016571 0.652994
v -0.554175 -0.026236 0.242577
v -0.607479 -0.023608 0.636644
v -0.546912 0.263110 0.293792
v -0.612218 -0.026166 0.630535
v -0.541465 0.273703 0.297280
v -0.539738 0.279324 0.303304
v -0.618867 -0.031803 0.613532
v -0.623609 -0.034457 0.601303
v -0.536574 0.282206 0.299567
v -0.618414 -0.024438 0.626894
v -0.455580 0.395682 0.409765
v -0.613862 -0.022371 0.633940
v -0.431981 0.417890 0.443013
v -0.385109 0.447553 0.509603
v -0.381313 0.449165 0.505834
v -0.606102 -0.015955 0.648025
v -0.380936 0.447702 0.513397
v -0.377103 0.445855 0.521087
v -0.593149 -0.000382 0.670783
v -0.596652 -0.012443 0.659373
v -0.375666 0.446056 0.516917
v -0.371682 0.439245 0.523585
v -0.589434 0.004680 0.675708
v -0.587678 0.020670 0.677552
v -0.370041 0.434834 0.526558
v -0.598789 -0.005317 0.663482
v -0.365972 0.424058 0.529021
v -0.341068 0.374331 0.536450
v -0.610031 -0.008806 0.649687
v -0.606189 -0.009549 0.654388
v -0.339527 0.362675 0.533037
v -0.613592 -0.015943 0.640786
v -0.340944 0.357588 0.533180
v -0.614117 -0.010377 0.642949
v -0.347974 0.346339 0.532156
v -0.619099 -0.007186 0.636220
v -0.352863 0.338048 0.513333
v -0.367721 0.320559 0.500844
v -0.614940 0.012508 0.646662
v -0.607278 0.028451 0.655511
v -0.474131 0.046566 0.368598
v -0.606771 0.000390 0.656062
v -0.470107 0.030152 0.387260
v -0.468295 0.009780 0.375385
v -0.598543 0.039276 0.664574
v -0.601612 0.042170 0.660775
v -0.464504 -0.009170 0.367420
v -0.597310 0.020214 0.668229
v -0.464430 -0.013755 0.367813
v -0.600310 0.001395 0.664418
v -0.470520 -0.019126 0.362422
v -0.583634 0.011086 0.681072
v -0.467224 -0.018579 0.353646
v -0.501609 -0.031397 0.285506
v -0.574093 0.007267 0.688159
v -0.586134 -0.000870 0.676980
v -0.550712 -0.032658 0.245247
v -0.575484 0.035892 0.687011
v -0.551346 -0.012479 0.235331
v -0.570839 0.044857 0.688956
v -0.537590 0.276250 0.291567
v -0.575647 0.052170 0.683401
v -0.529998 0.289722 0.296030
v -0.529632 0.294255 0.305367
v -0.558716 0.078701 0.689653
v -0.568350 0.071530 0.684589
v -0.471455 0.379337 0.395807
v -0.562848 0.037173 0.697095
v -0.431738 0.418023 0.433074
v -0.410860 0.435060 0.459883
v -0.565315 0.012766 0.695365
v -0.564580 0.007752 0.693628
v -0.396475 0.443560 0.487758
v -0.556068 0.014991 0.702972
v -0.387465 0.449584 0.487433
v -0.561381 0.011157 0.697482
v -0.385511 0.449490 0.496757
v -0.559436 0.045060 0.698070
v -0.378853 0.450794 0.498996
v -0.378253 0.449306 0.506190
v -0.505377 0.168183 0.695158
v -0.559986 0.060410 0.694066
v -0.375091 0.446903 0.511013
v -0.554516 0.090939 0.688742
v -0.372990 0.444403 0.509960
v -0.371350 0.440536 0.514782
v -0.519163 0.083444 0.728009
v -0.562220 0.082973 0.685631
v -0.349123 0.342748 0.511063
v -0.511312 0.233764 0.660381
v -0.358058 0.330776 0.490924
v -0.536907 0.188776 0.665611
v -0.377212 0.308067 0.477675
v -0.386423 0.297132 0.457294
v -0.532736 0.168584 0.679300
v -0.444231 0.203557 0.412229
v -0.442965 0.208912 0.399731
v -0.520364 0.116411 0.713202
v -0.530885 0.140320 0.693489
v -0.470504 0.101093 0.370421
v -0.476030 0.048205 0.351787
v -0.532677 0.090190 0.712785
v -0.474242 0.032545 0.354360
v -0.466058 0.001279 0.357875
v -0.497931 0.036787 0.755352
v -0.491399 0.196558 0.690297
v -0.464919 -0.018176 0.348171
v -0.513034 0.013274 0.731156
v -0.462275 -0.015590 0.340852
v -0.521775 0.008053 0.719214
v -0.465752 -0.019698 0.337745
v -0.476592 -0.022685 0.340265
v -0.516907 0.016405 0.731187
v -0.543284 -0.028792 0.236351
v -0.541424 0.264444 0.283110
v -0.451144 0.043090 0.778373
v -0.526215 0.291544 0.289238
v -0.513530 0.158124 0.696440
v -0.520907 0.300741 0.293177
v -0.489693 0.057140 0.766999
v -0.488252 0.230540 0.672422
v -0.520860 0.306694 0.307923
v -0.493490 0.152174 0.705798
v -0.516125 0.314055 0.312342
v -0.487063 0.357274 0.356851
v -0.520106 0.146952 0.698158
v -0.511597 0.063799 0.740064
v -0.445935 0.405312 0.423674
v -0.476593 0.222566 0.681659
v -0.399287 0.443300 0.467972
v -0.388489 0.450541 0.474001
v -0.555868 0.114876 0.679442
v -0.562418 0.106690 0.677412
v -0.378868 0.453237 0.485275
v -0.377471 0.451988 0.493085
v -0.580407 0.073939 0.673681
v -0.584347 0.094065 0.663991
v -0.373515 0.450307 0.488909
v -0.572075 0.121164 0.664829
v -0.373222 0.448306 0.495860
v -0.370000 0.442259 0.488938
v -0.576690 0.092266 0.670858
v -0.564102 0.149744 0.659527
v -0.366369 0.429187 0.490831
v -0.338859 0.362383 0.509530
v -0.572904 0.148569 0.651985
v -0.554581 0.147014 0.668332
v -0.340164 0.356600 0.513219
v -0.533965 0.216522 0.651905
v -0.351213 0.339273 0.501012
v -0.361420 0.325743 0.471009
v -0.541344 0.193798 0.658532
v -0.519686 0.176246 0.685182
v -0.404773 0.273635 0.432658
v -0.429649 0.237238 0.412463
v -0.464369 0.004520 0.791104
v -0.497934 0.051404 0.758547
v -0.476897 0.041677 0.339822
v -0.540570 0.172207 0.670765
v -0.461119 -0.015358 0.328016
v -0.534271 0.116191 0.701131
v -0.464258 -0.019675 0.330858
v -0.546873 0.150709 0.674403
v -0.466329 -0.021396 0.323729
v -0.543048 0.083776 0.704322
v -0.474718 -0.024867 0.313922
v -0.522696 -0.036579 0.250160
v -0.522645 -0.035110 0.234575
v -0.534653 -0.024800 0.227477
v -0.529645 -0.028880 0.227342
v -0.521078 0.292892 0.280079
v -0.472292 0.005343 0.769530
v -0.514035 0.304413 0.282675
v -0.447990 0.040081 0.712894
v -0.508875 0.318295 0.298167
v -0.510016 0.318917 0.303858
v -0.501280 0.330403 0.307403
v -0.503173 0.043411 0.750144
v -0.532715 0.048740 0.720969
v -0.495892 0.341593 0.327088
v -0.550448 0.132349 0.678156
v -0.503923 0.057173 0.750363
v -0.418101 0.429120 0.425076
v -0.523369 0.040915 0.729125
v -0.381545 0.453616 0.472696
v -0.504548 0.084790 0.741014
v -0.494162 0.127898 0.721635
v -0.375676 0.454386 0.480865
v -0.493017 0.280437 0.645470
v -0.510428 0.073264 0.739776
v -0.495312 0.264601 0.653416
v -0.485392 0.258982 0.660982
v -0.356781 0.404686 0.474722
v -0.481687 0.286872 0.649350
v -0.340748 0.373066 0.510111
v -0.474968 0.276168 0.657199
v -0.488752 0.277448 0.650679
v -0.346783 0.345039 0.493905
v -0.367748 0.318761 0.456134
v -0.372901 0.313817 0.424677
v -0.468961 0.312932 0.640406
v -0.465798 0.307804 0.646238
v -0.442863 0.211775 0.377919
v -0.450289 0.194576 0.368721
v -0.474597 0.312181 0.636481
v -0.472046 0.123885 0.319883
v -0.533101 0.295025 0.555412
v -0.569067 0.258592 0.513395
v -0.478447 0.036443 0.314474
v -0.564673 0.266556 0.505975
v -0.460570 -0.017138 0.316919
v -0.603293 0.205049 0.491765
v -0.610561 0.191900 0.482031
v -0.459989 -0.014825 0.309733
v -0.636599 0.127197 0.442029
v -0.622192 0.167218 0.461907
v -0.496805 -0.033816 0.238904
v -0.516236 -0.035602 0.240018
v -0.653437 0.021709 0.380898
v -0.511095 0.307670 0.281564
v -0.651264 -0.043911 0.396663
v -0.507724 0.311695 0.280904
v -0.501664 0.321434 0.284819
v -0.641667 0.109099 0.433505
v -0.492327 0.339747 0.304327
v -0.588891 0.222203 0.533187
v -0.523021 0.171418 0.210047
v -0.408301 0.437148 0.427649
v -0.638674 0.121647 0.455676
v -0.394514 0.447430 0.453427
v -0.652734 -0.034579 0.408966
v -0.652061 -0.039156 0.401858
v -0.375337 0.455841 0.468936
v -0.364257 0.424880 0.476065
v -0.645868 -0.058220 0.425544
v -0.339532 0.369268 0.480809
v -0.648428 -0.045196 0.464627
v -0.341010 0.353592 0.483174
v -0.459652 -0.017299 0.303942
v -0.475454 0.024701 0.318386
v -0.369861 0.448473 0.467428
v -0.461037 -0.020705 0.287805
v -0.459958 -0.015475 0.300292
v -0.606492 0.187281 0.540394
v -0.654049 0.037432 0.472909
v -0.467359 -0.025718 0.286636
v -0.482893 0.348303 0.297969
v -0.489314 0.324215 0.600845
v -0.645107 0.092049 0.499607
v -0.505937 -0.034839 0.231848
v -0.488523 0.341574 0.296437
v -0.622187 0.153781 0.538322
v -0.435060 0.407500 0.356926
v -0.618010 0.155182 0.557319
v -0.416573 0.428918 0.400947
v -0.653893 0.019393 0.490875
v -0.614971 0.173559 0.529510
v -0.383300 0.455134 0.443415
v -0.650506 -0.026470 0.498338
v -0.378837 0.456863 0.451013
v -0.651405 -0.014774 0.505611
v -0.372571 0.457079 0.451228
v -0.370028 0.450259 0.460181
v -0.603832 0.156496 0.601579
v -0.601989 0.142758 0.617407
v -0.361602 0.418109 0.461515
v -0.596806 0.121159 0.640177
v -0.584997 0.165808 0.626928
v -0.339099 0.358420 0.471967
v -0.561469 0.177422 0.648153
v -0.548515 0.206001 0.643527
v -0.574163 0.208840 0.604012
v -0.350235 0.339022 0.442392
v -0.393136 0.289515 0.415928
v -0.546772 0.223213 0.632919
v -0.525909 0.262814 0.624013
v -0.397621 0.284906 0.376775
v -0.388789 0.295366 0.402754
v -0.628205 0.151405 0.487519
v -0.655068 0.027235 0.437648
v -0.447762 0.204284 0.347093
v -0.439354 0.220748 0.361336
v -0.652611 -0.032238 0.445833
v -0.652701 0.051996 0.468730
v -0.463874 -0.005115 0.291395
v -0.478694 0.033141 0.291862
v -0.655268 -0.009728 0.433213
v -0.651324 -0.040740 0.434957
v -0.459824 -0.016159 0.285789
v -0.600386 0.199803 0.539275
v -0.459738 -0.016708 0.276982
v -0.461996 -0.022812 0.282201
v -0.461507 -0.023267 0.271346
v -0.459955 -0.021194 0.276364
v -0.465490 -0.026546 0.269990
v -0.467240 -0.027902 0.262680
v -0.488420 -0.032440 0.249383
v -0.492921 -0.033708 0.224943
v -0.513929 -0.023173 0.213267
v -0.488791 0.332721 0.276371
v -0.493627 0.327395 0.277192
v -0.509596 -0.025828 0.212881
v -0.500347 -0.028484 0.210022
v -0.514222 -0.017572 0.210556
v -0.477639 0.355132 0.301995
v -0.502124 0.313147 0.272313
v -0.593876 0.177590 0.600276
v -0.590071 0.192027 0.590931
v -0.547753 0.249299 0.604247
v -0.490962 0.311968 0.616801
v -0.501497 0.284615 0.633668
v -0.444541 0.393622 0.327359
v -0.454292 0.389003 0.351438
v -0.389592 0.450839 0.418404
v -0.469345 0.370623 0.331717
v -0.406958 0.435665 0.390873
v -0.384515 0.454446 0.428896
v -0.479325 0.357654 0.319080
v -0.469816 0.365374 0.309893
v -0.373002 0.459084 0.436400
v -0.371203 0.458117 0.439355
v -0.476461 0.354517 0.295522
v -0.483552 0.345757 0.292453
v -0.489409 0.336358 0.285653
v -0.485157 0.337989 0.278310
v -0.491231 0.332195 0.280908
v -0.365025 0.431369 0.446479
v -0.360426 0.415207 0.441534
v -0.471220 -0.028799 0.261961
v -0.339670 0.368070 0.464682
v -0.463909 -0.025047 0.277454
v -0.346106 0.343750 0.456268
v -0.459513 -0.019234 0.282120
v -0.413184 0.264518 0.374274
v -0.424616 0.247984 0.355569
v -0.473427 0.016654 0.296643
v -0.482204 0.071800 0.278328
v -0.440073 0.222150 0.329786
v -0.453515 0.192103 0.329794
v -0.479306 0.092986 0.290688
v -0.481290 0.044520 0.269878
v -0.434280 0.230093 0.373820
v -0.480005 0.036410 0.276940
v -0.429081 0.240044 0.375557
v -0.466775 0.002365 0.264392
v -0.384671 0.300279 0.420660
v -0.459380 -0.019119 0.269163
v -0.357357 0.330628 0.440828
v -0.459474 -0.020893 0.261136
v -0.462031 -0.025172 0.261672
v -0.341062 0.372496 0.471842
v -0.641144 0.108687 0.420901
v -0.373590 0.456769 0.457284
v -0.371210 0.455257 0.453278
v -0.374905 0.457698 0.452021
v -0.506747 -0.021156 0.207761
v -0.374993 0.458686 0.443983
v -0.528799 0.067568 0.204643
v -0.379239 0.457324 0.443411
v -0.485477 0.335512 0.274562
v -0.413895 0.432062 0.416260
v -0.403410 0.439718 0.404898
v -0.476801 0.352436 0.290446
v -0.473263 0.356639 0.291545
v -0.475272 0.359709 0.309667
v -0.393202 0.447013 0.398992
v -0.487054 0.346597 0.307942
v -0.369950 0.459405 0.425523
v -0.459441 -0.018035 0.292337
v -0.641066 0.106599 0.410583
v -0.655101 0.002299 0.401212
v -0.368928 0.458412 0.427299
v -0.582211 0.153364 0.639129
v -0.465643 0.366717 0.299201
v -0.353479 0.334476 0.461474
v -0.583815 0.139608 0.645188
v -0.607708 0.157909 0.314256
v -0.460513 -0.013638 0.294152
v -0.341118 0.370452 0.450586
v -0.350080 0.338932 0.468487
v -0.465392 -0.002235 0.311462
v -0.381784 0.454951 0.458201
v -0.339037 0.365149 0.482313
v -0.463677 0.006474 0.451401
v -0.540241 0.259681 0.275709
v -0.479620 0.347906 0.286877
v -0.374178 0.456251 0.462986
v -0.461962 0.169312 0.310202
v -0.482081 0.046000 0.245936
v -0.385559 0.453203 0.459652
v -0.463309 -0.005174 0.262135
v -0.432360 0.415162 0.395328
v -0.459040 -0.019538 0.240112
v -0.446276 0.400925 0.379559
v -0.459342 -0.024215 0.235256
v -0.507236 0.314358 0.284514
v -0.466319 -0.030706 0.224899
v -0.565433 0.141548 0.243600
v -0.478649 -0.032505 0.216665
v -0.470088 -0.025181 0.301724
v -0.493143 -0.025571 0.203811
v -0.461595 -0.019243 0.308697
v -0.514191 0.018453 0.200876
v -0.463681 -0.022011 0.304862
v -0.461031 -0.012956 0.320574
v -0.475709 0.345903 0.273181
v -0.462721 -0.008501 0.334469
v -0.473602 0.351876 0.280414
v -0.467080 0.141554 0.336364
v -0.463529 0.361429 0.277614
v -0.459558 0.167518 0.353572
v -0.434954 0.226137 0.402124
v -0.460244 0.368842 0.288098
v -0.407456 0.270911 0.412448
v -0.456220 0.374319 0.292950
v -0.381620 0.455658 0.409378
v -0.395581 0.285889 0.429663
v -0.343351 0.349748 0.489298
v -0.431293 0.404889 0.323877
v -0.341178 0.353745 0.494223
v -0.372122 0.460606 0.408818
v -0.351269 0.392809 0.493518
v -0.369495 0.460477 0.415021
v -0.370657 0.446821 0.483298
v -0.367405 0.457419 0.419821
v -0.371397 0.449790 0.480819
v -0.364909 0.442636 0.418893
v -0.360499 0.417813 0.414378
v -0.375560 0.453564 0.483635
v -0.374762 0.454472 0.476282
v -0.340374 0.366189 0.437949
v -0.376716 0.455111 0.474305
v -0.340705 0.354517 0.424870
v -0.385583 0.452713 0.465503
v -0.356739 0.332798 0.393173
v -0.404517 0.440173 0.454265
v -0.405338 0.275709 0.353034
v -0.403064 0.441672 0.441219
v -0.480858 0.041103 0.230442
v -0.498625 0.335236 0.314068
v -0.481085 0.043265 0.220612
v -0.506930 0.324828 0.311046
v -0.465256 -0.000287 0.244126
v -0.506631 0.323604 0.305561
v -0.459195 -0.024183 0.225635
v -0.508268 0.317211 0.293864
v -0.463602 -0.030156 0.215272
v -0.471450 -0.029782 0.199330
v -0.509201 0.108817 0.189866
v -0.482066 -0.021424 0.195382
v -0.498877 0.031535 0.189757
v -0.486648 -0.025704 0.200634
v -0.461318 0.360847 0.271898
v -0.531029 -0.033950 0.234635
v -0.530122 -0.037548 0.254297
v -0.454752 0.374183 0.287434
v -0.480883 -0.027939 0.290230
v -0.446885 0.384670 0.297735
v -0.469514 -0.023313 0.319018
v -0.384244 0.452345 0.387642
v -0.377971 0.457287 0.397094
v -0.462139 -0.018802 0.324310
v -0.461969 -0.017513 0.334600
v -0.368694 0.461870 0.400846
v -0.461836 -0.012712 0.334522
v -0.366340 0.460564 0.404902
v -0.364952 0.458480 0.403029
v -0.478862 0.057804 0.324225
v -0.417333 0.257186 0.409238
v -0.364072 0.454557 0.401774
v -0.396935 0.283765 0.445388
v -0.363012 0.440844 0.399601
v -0.361940 0.424279 0.410248
v -0.352249 0.336874 0.479994
v -0.339686 0.358277 0.506297
v -0.344496 0.348273 0.403565
v -0.445852 0.213197 0.288541
v -0.338751 0.365782 0.519943
v -0.338943 0.365569 0.506709
v -0.465065 0.167778 0.242796
v -0.479129 0.110979 0.225001
v -0.371903 0.444968 0.501106
v -0.371515 0.447311 0.490552
v -0.483288 0.065073 0.208248
v -0.375542 0.450508 0.496325
v -0.480206 0.041238 0.209750
v -0.476942 0.029279 0.215627
v -0.375529 0.452241 0.489227
v -0.377119 0.453155 0.487949
v -0.461355 -0.014358 0.217615
v -0.382404 0.451947 0.485818
v -0.459184 -0.024917 0.215589
v -0.460181 -0.029346 0.208778
v -0.392559 0.448063 0.469493
v -0.416410 0.430935 0.438494
v -0.464175 -0.031174 0.206505
v -0.466220 -0.030522 0.201411
v -0.457219 0.392281 0.390111
v -0.493477 0.347477 0.341703
v -0.472153 -0.025672 0.195127
v -0.513286 0.313346 0.299712
v -0.483098 0.010365 0.186150
v -0.484419 0.019219 0.187036
v -0.520925 0.304541 0.301996
v -0.524161 0.295465 0.291236
v -0.479729 0.030662 0.196299
v -0.530611 0.283295 0.286286
v -0.483407 0.038662 0.191719
v -0.488371 0.020586 0.186948
v -0.497922 -0.028671 0.309905
v -0.484053 0.004453 0.187392
v -0.469903 -0.021803 0.336038
v -0.468167 -0.020169 0.343443
v -0.495672 0.043641 0.187038
v -0.462515 -0.011837 0.342862
v -0.494162 0.052469 0.186456
v -0.463149 -0.012994 0.349987
v -0.472092 0.024913 0.361677
v -0.495698 0.061443 0.185187
v -0.447110 0.200142 0.389301
v -0.490464 0.070590 0.186892
v -0.485734 0.066260 0.190354
v -0.435726 0.221996 0.427747
v -0.485325 0.070361 0.192166
v -0.375381 0.309898 0.471149
v -0.368071 0.318891 0.482190
v -0.472991 0.140496 0.221171
v -0.340772 0.373300 0.523610
v -0.439967 0.224086 0.259899
v -0.338813 0.363931 0.524085
v -0.371364 0.442543 0.505849
v -0.381211 0.305619 0.356456
v -0.391792 0.293383 0.331173
v -0.376457 0.448426 0.509024
v -0.374923 0.448223 0.503991
v -0.341956 0.352768 0.403236
v -0.351490 0.339496 0.371501
v -0.376771 0.450106 0.501486
v -0.365596 0.323668 0.358589
v -0.381911 0.450651 0.497431
v -0.391145 0.445987 0.496710
v -0.443043 0.216700 0.219416
v -0.419048 0.257601 0.294801
v -0.409923 0.435387 0.469294
v -0.451750 0.200828 0.238437
v -0.404081 0.439101 0.477130
v -0.416863 0.430488 0.448985
v -0.484410 0.092162 0.188855
v -0.482125 0.100764 0.190698
v -0.523024 0.305946 0.314350
v -0.478666 0.370029 0.380232
v -0.469817 0.153550 0.207519
v -0.475725 0.129031 0.201857
v -0.527023 0.295773 0.300413
v -0.489972 0.079870 0.184976
v -0.531660 0.285138 0.291642
v -0.543525 0.264806 0.288082
v -0.492766 0.099641 0.182287
v -0.487601 0.083077 0.187614
v -0.547324 -0.037322 0.249998
v -0.499049 0.094916 0.183898
v -0.543769 -0.034396 0.242733
v -0.471554 -0.020567 0.352056
v -0.453481 0.371559 0.277262
v -0.452596 0.370764 0.273580
v -0.466555 -0.016750 0.364386
v -0.463688 -0.014776 0.357338
v -0.440274 0.388351 0.288751
v -0.416604 0.418919 0.331314
v -0.464139 -0.012190 0.361412
v -0.382245 0.452158 0.371685
v -0.464202 -0.004190 0.373759
v -0.470265 0.018104 0.369140
v -0.368674 0.461695 0.389149
v -0.367712 0.461647 0.380519
v -0.376655 0.309540 0.489341
v -0.411566 0.263756 0.448436
v -0.364859 0.462008 0.388569
v -0.364645 0.460740 0.397478
v -0.358376 0.331611 0.507974
v -0.363666 0.458657 0.395236
v -0.360529 0.330313 0.517136
v -0.343653 0.352456 0.532866
v -0.340144 0.362238 0.419663
v -0.340670 0.363382 0.405905
v -0.338999 0.366763 0.531918
v -0.340572 0.356790 0.413345
v -0.339208 0.365134 0.536789
v -0.342843 0.378278 0.538778
v -0.438708 0.226300 0.287080
v -0.430399 0.240088 0.301969
v -0.369791 0.436857 0.509205
v -0.364463 0.422245 0.500538
v -0.451057 0.202530 0.273959
v -0.340614 0.359460 0.405425
v -0.373929 0.442788 0.521875
v -0.341039 0.358139 0.388452
v -0.375457 0.444592 0.522858
v -0.377738 0.447631 0.513718
v -0.352317 0.338850 0.350233
v -0.345916 0.347475 0.356797
v -0.429241 0.420119 0.454639
v -0.388133 0.446402 0.506822
v -0.468781 0.156472 0.191591
v -0.474369 0.141563 0.185180
v -0.451604 0.400566 0.436031
v -0.510104 0.329480 0.345557
v -0.476787 0.138375 0.180603
v -0.540825 0.280680 0.310705
v -0.479852 0.127818 0.181075
v -0.541551 0.275856 0.301380
v -0.471028 0.149544 0.195843
v -0.472760 0.142780 0.192670
v -0.543774 0.268252 0.294122
v -0.549106 0.257512 0.290491
v -0.453882 0.195193 0.218842
v -0.552923 -0.037963 0.254045
v -0.477448 0.129644 0.184356
v -0.498347 -0.024207 0.359164
v -0.483002 0.116469 0.181907
v -0.480506 0.113786 0.186054
v -0.481087 -0.019255 0.382854
v -0.474528 -0.018943 0.374735
v -0.485433 0.106406 0.182994
v -0.464918 -0.012351 0.374094
v -0.489643 0.117875 0.179667
v -0.465740 -0.009404 0.384152
v -0.447225 0.374839 0.271091
v -0.498355 0.106790 0.183079
v -0.465541 -0.006688 0.393367
v -0.464947 0.000727 0.384118
v -0.437424 0.388928 0.282151
v -0.470972 0.060302 0.394103
v -0.427729 0.399200 0.286487
v -0.448916 0.176272 0.439870
v -0.430903 0.232674 0.439037
v -0.408631 0.266432 0.472370
v -0.381778 0.451263 0.361506
v -0.393608 0.290132 0.496693
v -0.351328 0.341249 0.524310
v -0.365671 0.461606 0.367016
v -0.341627 0.357222 0.555400
v -0.339558 0.367489 0.556897
v -0.375203 0.440663 0.537007
v -0.362389 0.461582 0.381990
v -0.377308 0.442900 0.533766
v -0.360536 0.457861 0.376299
v -0.360416 0.459848 0.375137
v -0.377999 0.444931 0.526035
v -0.380126 0.446203 0.521199
v -0.360520 0.452907 0.374337
v -0.347547 0.383107 0.392578
v -0.389085 0.444104 0.515505
v -0.402644 0.437165 0.504505
v -0.342063 0.368310 0.388806
v -0.410821 0.431612 0.498659
v -0.342384 0.370104 0.372053
v -0.344536 0.349486 0.369154
v -0.418494 0.428527 0.467832
v -0.498661 0.347400 0.371370
v -0.342521 0.352734 0.360458
v -0.543725 0.275100 0.307017
v -0.379606 0.307412 0.316282
v -0.549565 0.262991 0.300322
v -0.409540 0.270738 0.277672
v -0.556306 0.242206 0.286845
v -0.421008 0.254121 0.247050
v -0.550370 -0.039453 0.259492
v -0.456224 0.188973 0.201660
v -0.555055 -0.040921 0.269567
v -0.470934 0.155883 0.179940
v -0.473414 -0.017633 0.384815
v -0.477733 0.144743 0.177944
v -0.472770 -0.016123 0.394839
v -0.475972 0.155046 0.176160
v -0.467224 -0.012428 0.394772
v -0.480853 0.153047 0.175722
v -0.464753 -0.000910 0.402040
v -0.465508 -0.004165 0.407434
v -0.488998 0.137168 0.178460
v -0.469105 0.041277 0.407665
v -0.482171 0.298232 0.232142
v -0.437968 0.381665 0.266912
v -0.447924 0.177239 0.456571
v -0.431441 0.228583 0.466095
v -0.430032 0.394193 0.277838
v -0.420305 0.248833 0.478569
v -0.422766 0.402292 0.282104
v -0.418664 0.406150 0.282885
v -0.365429 0.325867 0.525858
v -0.363729 0.461375 0.353917
v -0.365634 0.325858 0.532962
v -0.360640 0.462388 0.366217
v -0.360010 0.461479 0.368814
v -0.365797 0.324577 0.540669
v -0.358765 0.455462 0.363729
v -0.353861 0.339604 0.553043
v -0.341090 0.364182 0.372329
v -0.341253 0.357044 0.362080
v -0.345836 0.347574 0.347568
v -0.357039 0.333101 0.318665
v -0.430284 0.236931 0.201305
v -0.452374 0.197430 0.183686
v -0.459988 0.181492 0.185515
v -0.463713 0.174049 0.177448
v -0.467729 0.167716 0.176529
v -0.465621 0.178942 0.174368
v -0.478348 0.163384 0.175061
v -0.483002 0.252339 0.204970
v -0.425374 0.395072 0.269730
v -0.415411 0.408020 0.279867
v -0.406656 0.418061 0.288736
v -0.384254 0.445670 0.336415
v -0.360485 0.462868 0.355316
v -0.357614 0.460610 0.358193
v -0.356035 0.447540 0.339403
v -0.357006 0.433256 0.344237
v -0.336861 0.372519 0.179545
v -0.451883 0.198031 0.173794
v -0.345240 0.358766 0.171494
v -0.454923 0.195319 0.169209
v -0.342622 0.347459 0.166047
v -0.394728 0.426715 0.284845
v -0.340113 0.344810 0.175696
v -0.356830 0.462559 0.341144
v -0.356575 0.461907 0.343375
v -0.355722 0.457585 0.345457
v -0.384391 0.301064 0.264555
v -0.340463 0.361756 0.334066
v -0.415712 0.259435 0.214946
v -0.438542 0.223403 0.179522
v -0.442472 0.215651 0.182026
v -0.450480 0.200512 0.170180
v -0.450569 0.201158 0.168613
v -0.452753 0.202340 0.168767
v -0.458363 0.197856 0.169911
v -0.436980 0.228413 0.174477
v -0.435746 0.227026 0.182312
v -0.425109 0.243666 0.188255
v -0.402206 0.276833 0.210247
v -0.344395 0.347815 0.283917
v -0.342681 0.351503 0.302068
v -0.342185 0.376324 0.296510
v -0.352307 0.437668 0.304925
v -0.352345 0.420349 0.304966
v -0.348606 0.411246 0.279582
v -0.341179 0.353778 0.292793
v -0.342207 0.351205 0.284818
v -0.360313 0.326735 0.244114
v -0.373168 0.313216 0.245303
v -0.411984 0.263163 0.195920
v -0.416060 0.257075 0.183770
v -0.414411 0.259165 0.177397
v -0.422039 0.248717 0.178147
v -0.434527 0.241192 0.166934
v -0.440203 0.238036 0.168186
v -0.422898 0.252590 0.168085
v -0.413874 0.262565 0.168829
v -0.407702 0.267780 0.178350
v -0.346213 0.343840 0.259009
v -0.342997 0.348714 0.264218
v -0.339341 0.355802 0.263127
v -0.341462 0.350254 0.254413
v -0.371322 0.312383 0.200983
v -0.396114 0.282443 0.184143
v -0.396692 0.282030 0.171203
v -0.402971 0.274964 0.169969
v -0.408230 0.273878 0.164798
v -0.417603 0.262948 0.165381
v -0.409351 0.266138 0.172921
v -0.403600 0.272652 0.174175
v -0.443196 0.226846 0.167725
v -0.427415 0.240322 0.178743
v -0.450280 0.217475 0.168896
v -0.410549 0.405961 0.265047
v -0.397556 0.420991 0.274075
v -0.390958 0.426405 0.274154
v -0.365596 0.453578 0.305951
v -0.355366 0.462083 0.332513
v -0.353768 0.459943 0.331556
v -0.351819 0.456066 0.318832
v -0.354427 0.451745 0.331817
v -0.339357 0.368128 0.282714
v -0.339444 0.357701 0.279150
v -0.340734 0.353208 0.275577
v -0.337689 0.369168 0.252545
v -0.337484 0.361146 0.251339
v -0.343111 0.346037 0.232256
v -0.371740 0.311281 0.189673
v -0.395612 0.287247 0.165091
v -0.396210 0.289097 0.164414
v -0.405881 0.286593 0.165385
v -0.405884 0.280469 0.164915
v -0.423421 0.259512 0.165886
v -0.428066 0.386622 0.259509
v -0.417352 0.275482 0.166842
v -0.418635 0.285068 0.170853
v -0.386204 0.430281 0.274329
v -0.377725 0.440187 0.285349
v -0.360028 0.456413 0.301521
v -0.378328 0.442188 0.294963
v -0.358857 0.458892 0.312547
v -0.399328 0.290053 0.164880
v -0.383900 0.296398 0.173867
v -0.336639 0.361239 0.238937
v -0.338815 0.354804 0.248046
v -0.353141 0.332781 0.211386
v -0.340058 0.356372 0.285036
v -0.378835 0.302519 0.171864
v -0.338701 0.359814 0.271364
v -0.383498 0.300308 0.166196
v -0.338931 0.370115 0.270069
v -0.389379 0.295201 0.164755
v -0.387799 0.309602 0.164994
v -0.346270 0.393448 0.289518
v -0.406555 0.292038 0.167209
v -0.359017 0.440356 0.253158
v -0.354930 0.461422 0.334416
v -0.345362 0.453247 0.263269
v -0.355358 0.461635 0.320167
v -0.344272 0.451986 0.264585
v -0.388332 0.431206 0.282698
v -0.348589 0.444593 0.250553
v -0.398598 0.421418 0.277655
v -0.353834 0.432879 0.238489
v -0.401116 0.415947 0.268882
v -0.354494 0.425615 0.230085
v -0.453377 0.209850 0.169072
v -0.362860 0.396253 0.206176
v -0.437592 0.234128 0.168173
v -0.396204 0.317397 0.172363
v -0.443367 0.221413 0.168760
v -0.346574 0.431998 0.234936
v -0.416398 0.262215 0.166429
v -0.428797 0.267480 0.170025
v -0.398130 0.279496 0.174522
v -0.336958 0.375412 0.227080
v -0.335851 0.361542 0.226277
v -0.346296 0.340915 0.217196
v -0.372294 0.313823 0.164624
v -0.380700 0.302705 0.212652
v -0.363389 0.322285 0.166518
v -0.355286 0.329431 0.170485
v -0.426422 0.250977 0.166546
v -0.338353 0.349109 0.192820
v -0.344536 0.340296 0.182103
v -0.353756 0.332348 0.167398
v -0.370286 0.315687 0.232250
v -0.357068 0.336944 0.163701
v -0.364997 0.322852 0.163504
v -0.368408 0.322299 0.162301
v -0.351587 0.448830 0.309708
v -0.365126 0.380772 0.194461
v -0.344056 0.412034 0.214515
v -0.342265 0.413629 0.222683
v -0.340697 0.403331 0.213344
v -0.431266 0.234263 0.182360
v -0.336700 0.379184 0.211804
v -0.335419 0.368373 0.216320
v -0.448276 0.204848 0.175531
v -0.448388 0.210772 0.168225
v -0.338373 0.351057 0.211272
v -0.345085 0.340822 0.196609
v -0.335643 0.373620 0.213570
v -0.355939 0.460000 0.348492
v -0.355536 0.438034 0.330636
v -0.333564 0.364134 0.195028
v -0.333928 0.358966 0.193220
v -0.336632 0.350198 0.175182
v -0.357357 0.462219 0.333598
v -0.345953 0.340028 0.170319
v -0.400713 0.421920 0.285010
v -0.396647 0.426932 0.291152
v -0.346796 0.342464 0.164316
v -0.337171 0.351558 0.171326
v -0.459547 0.189767 0.170378
v -0.468080 0.188787 0.172738
v -0.334196 0.366402 0.177783
v -0.350438 0.342066 0.164335
v -0.349479 0.342078 0.319722
v -0.456313 0.190258 0.177623
v -0.344266 0.367858 0.176747
v -0.332968 0.369479 0.184642
v -0.335091 0.377584 0.192703
v -0.358664 0.462991 0.350889
v -0.357591 0.461352 0.354201
v -0.373284 0.452560 0.329302
v -0.409953 0.418637 0.302704
v -0.412971 0.410914 0.282539
v -0.421320 0.396640 0.265616
v -0.431641 0.336038 0.211791
v -0.473584 0.167743 0.174393
v -0.465058 0.175674 0.175420
v -0.472378 0.163921 0.175384
v -0.465479 0.167621 0.181654
v -0.456807 0.188899 0.187901
v -0.356428 0.349649 0.168129
v -0.339542 0.383100 0.187410
v -0.449057 0.203704 0.195689
v -0.381392 0.334107 0.172689
v -0.352474 0.338644 0.327123
v -0.350074 0.341517 0.339123
v -0.342839 0.352141 0.352060
v -0.338122 0.383751 0.190630
v -0.358619 0.448979 0.359272
v -0.345045 0.388456 0.191742
v -0.359410 0.460137 0.369291
v -0.360532 0.462873 0.360361
v -0.348713 0.380822 0.185652
v -0.420659 0.407827 0.295000
v -0.432712 0.390554 0.274864
v -0.346452 0.398199 0.200568
v -0.337976 0.377609 0.183365
v -0.433347 0.387575 0.269593
v -0.343241 0.405035 0.207314
v -0.481932 0.138330 0.177055
v -0.485102 0.138261 0.177026
v -0.335762 0.368048 0.176899
v -0.495033 0.153407 0.184006
v -0.337777 0.367629 0.176133
v -0.472674 0.156516 0.177442
v -0.339098 0.354627 0.169184
v -0.481520 0.146297 0.176152
v -0.336001 0.351663 0.180851
v -0.474129 0.147977 0.179728
v -0.335175 0.354266 0.191393
v -0.466239 0.163872 0.188470
v -0.344755 0.414452 0.246725
v -0.424767 0.248023 0.233688
v -0.343033 0.412192 0.217795
v -0.413803 0.264542 0.260963
v -0.344572 0.418802 0.222342
v -0.403382 0.278812 0.285236
v -0.347833 0.418888 0.221166
v -0.348449 0.343304 0.351225
v -0.357524 0.409690 0.216688
v -0.341136 0.357975 0.376345
v -0.341932 0.354017 0.370162
v -0.357190 0.403430 0.210038
v -0.343781 0.374276 0.377578
v -0.350065 0.407346 0.210215
v -0.360123 0.436067 0.372528
v -0.353537 0.398762 0.379738
v -0.349851 0.423538 0.226775
v -0.345815 0.424409 0.226524
v -0.345323 0.415180 0.216680
v -0.377605 0.326538 0.167148
v -0.345569 0.433332 0.255862
v -0.344593 0.448739 0.265190
v -0.344502 0.443562 0.253368
v -0.336993 0.357175 0.228085
v -0.344367 0.445817 0.259808
v -0.346891 0.437078 0.240961
v -0.345001 0.452025 0.271621
v -0.345582 0.445930 0.268016
v -0.346132 0.454967 0.281264
v -0.346890 0.440824 0.245303
v -0.346598 0.458049 0.279819
v -0.345978 0.456412 0.278647
v -0.348048 0.422639 0.268759
v -0.348276 0.441312 0.280315
v -0.344916 0.436921 0.244144
v -0.344512 0.438602 0.252044
v -0.342891 0.413501 0.230894
v -0.364387 0.462606 0.376118
v -0.362494 0.462324 0.376000
v -0.362247 0.459642 0.385367
v -0.370649 0.459856 0.373903
v -0.370111 0.458214 0.355788
v -0.347557 0.458855 0.280435
v -0.433885 0.396038 0.295254
v -0.347884 0.459596 0.288650
v -0.431296 0.395569 0.285128
v -0.438962 0.384307 0.274050
v -0.347070 0.453078 0.286897
v -0.348788 0.459888 0.299092
v -0.350749 0.460674 0.303324
v -0.494867 0.118748 0.181118
v -0.354503 0.459097 0.299175
v -0.486813 0.112707 0.180577
v -0.488329 0.104628 0.181528
v -0.482254 0.110409 0.184615
v -0.363482 0.452827 0.294823
v -0.367654 0.445983 0.279058
v -0.479965 0.121141 0.183381
v -0.478906 0.117283 0.189714
v -0.367889 0.444898 0.275547
v -0.475372 0.132346 0.190218
v -0.375242 0.435018 0.264457
v -0.457437 0.186605 0.211531
v -0.432125 0.287660 0.181438
v -0.380018 0.414393 0.239616
v -0.483715 0.124898 0.179003
v -0.473539 0.141044 0.188705
v -0.379503 0.426030 0.254506
v -0.480221 0.134804 0.178759
v -0.353049 0.456635 0.282688
v -0.471575 0.150710 0.186051
v -0.347700 0.456010 0.270070
v -0.433477 0.234676 0.241100
v -0.349112 0.455646 0.269967
v -0.358166 0.450437 0.272142
v -0.341878 0.353983 0.386881
v -0.462844 0.172576 0.199152
v -0.365895 0.439508 0.259849
v -0.349177 0.342443 0.363981
v -0.370167 0.432155 0.252810
v -0.341228 0.356026 0.399649
v -0.371411 0.422607 0.241065
v -0.447282 0.210870 0.267557
v -0.353105 0.446413 0.256723
v -0.352005 0.449761 0.260928
v -0.347393 0.344180 0.391169
v -0.456894 0.189482 0.249720
v -0.349855 0.460168 0.305683
v -0.404363 0.277533 0.324110
v -0.348898 0.457290 0.300640
v -0.343505 0.373517 0.401112
v -0.349631 0.454995 0.304499
v -0.362681 0.456394 0.390664
v -0.357355 0.417177 0.223419
v -0.337542 0.358036 0.242609
v -0.363516 0.460728 0.391429
v -0.356555 0.408152 0.385647
v -0.353378 0.335233 0.259081
v -0.419302 0.254236 0.171991
v -0.365125 0.462449 0.383707
v -0.418088 0.254170 0.191261
v -0.340414 0.362076 0.324357
v -0.376839 0.456436 0.378663
v -0.367734 0.462197 0.393150
v -0.342042 0.353236 0.326947
v -0.342219 0.352483 0.313181
v -0.432146 0.400240 0.306093
v -0.371284 0.460441 0.384810
v -0.358636 0.329836 0.272638
v -0.446695 0.378857 0.278832
v -0.345328 0.347019 0.295590
v -0.340451 0.365605 0.316050
v -0.502216 0.070001 0.187138
v -0.446095 0.382102 0.286158
v -0.340931 0.369841 0.310059
v -0.455472 0.367099 0.272170
v -0.341111 0.355754 0.317171
v -0.489591 0.088421 0.183188
v -0.344000 0.376343 0.331528
v -0.491939 0.077506 0.183366
v -0.441865 0.217986 0.176937
v -0.439038 0.222033 0.191007
v -0.464690 0.168644 0.220903
v -0.494334 0.081726 0.183477
v -0.353159 0.408214 0.334177
v -0.486924 0.093805 0.185275
v -0.416903 0.402595 0.269478
v -0.461233 0.181678 0.175714
v -0.458553 0.185234 0.236280
v -0.481120 0.102647 0.197178
v -0.389154 0.294511 0.237820
v -0.477710 0.120476 0.193954
v -0.393281 0.434949 0.315856
v -0.427329 0.245080 0.275419
v -0.340826 0.359981 0.371337
v -0.373872 0.314054 0.341362
v -0.359150 0.420373 0.381557
v -0.488910 0.097818 0.181843
v -0.340814 0.362609 0.388885
v -0.394078 0.290447 0.305476
v -0.347903 0.343844 0.381109
v -0.482185 0.089117 0.210265
v -0.484210 0.077660 0.199190
v -0.409904 0.270373 0.301971
v -0.344432 0.349087 0.384784
v -0.484465 0.060306 0.197815
v -0.483628 0.088812 0.197941
v -0.483868 0.052191 0.200544
v -0.485813 0.078666 0.191180
v -0.484495 0.048207 0.192069
v -0.489976 0.041988 0.188836
v -0.488284 0.071884 0.189546
v -0.494001 0.070686 0.184095
v -0.484602 0.068724 0.198222
v -0.492482 0.057252 0.187441
v -0.497670 0.050714 0.186780
v -0.493109 0.067421 0.184702
v -0.494375 0.057569 0.185338
v -0.493752 0.032368 0.187582
v -0.479740 0.036294 0.202834
v -0.491385 0.000359 0.191207
v -0.477930 0.022483 0.191974
v -0.462685 -0.013389 0.204054
v -0.482614 0.041157 0.197384
v -0.461720 -0.023676 0.195686
v -0.481445 0.031033 0.190499
v -0.484755 0.038288 0.189688
v -0.459688 -0.027158 0.197720
v -0.466209 -0.019519 0.191375
v -0.481106 -0.014624 0.191032
v -0.462633 -0.018518 0.198707
v -0.465689 -0.007546 0.198015
v -0.464301 -0.028660 0.195416
v -0.459443 -0.026480 0.202879
v -0.468187 -0.002817 0.194605
v -0.459487 -0.024188 0.207511
v -0.470886 0.005006 0.194554
v -0.474376 0.012901 0.192645
v -0.468418 0.004906 0.217827
v -0.479549 0.008915 0.187492
v -0.474770 0.021820 0.225901
v -0.471151 -0.017010 0.189665
v -0.464690 -0.006457 0.209545
v -0.483400 0.057423 0.208387
v -0.482932 0.026033 0.188655
v -0.479326 0.037353 0.216619
v -0.482976 0.072694 0.215365
v -0.457794 0.186956 0.264866
v -0.339711 0.358333 0.427553
v -0.454087 0.194701 0.289370
v -0.468921 0.154316 0.254176
v -0.448816 0.205529 0.305491
v -0.341131 0.354087 0.416668
v -0.341650 0.368328 0.419611
v -0.340879 0.353554 0.430667
v -0.474496 0.020078 0.251981
v -0.361816 0.446238 0.384440
v -0.473396 0.131819 0.281784
v -0.528182 0.239852 0.243124
v -0.366194 0.458662 0.409967
v -0.479548 0.096989 0.278850
v -0.366346 0.461588 0.397606
v -0.470419 0.138582 0.304037
v -0.450904 0.198504 0.333331
v -0.371990 0.460562 0.398282
v -0.340864 0.353140 0.462483
v -0.515414 0.288888 0.265580
v -0.452605 0.374500 0.282451
v -0.481454 0.062581 0.294877
v -0.456795 0.370935 0.284243
v -0.476807 0.099910 0.308874
v -0.454396 0.186079 0.348454
v -0.489195 -0.019510 0.197119
v -0.450200 0.197821 0.353726
v -0.479779 -0.027984 0.199444
v -0.470110 -0.030994 0.206069
v -0.460338 -0.026974 0.227623
v -0.459326 -0.027515 0.218239
v -0.475002 0.030016 0.342326
v -0.463216 -0.006734 0.233514
v -0.471437 0.016495 0.350504
v -0.470569 0.011465 0.232038
v -0.459413 -0.019952 0.226726
v -0.452716 0.181960 0.388243
v -0.441089 0.210859 0.417276
v -0.480257 0.099142 0.249777
v -0.339598 0.360308 0.523362
v -0.347927 0.343062 0.403842
v -0.444579 0.198640 0.425076
v -0.339761 0.361862 0.432370
v -0.344324 0.376574 0.419572
v -0.339774 0.366473 0.544420
v -0.340397 0.361428 0.542355
v -0.362748 0.432560 0.403784
v -0.541185 0.283789 0.321409
v -0.365791 0.454906 0.413869
v -0.367517 0.459365 0.415518
v -0.561856 0.224008 0.279700
v -0.368555 0.459282 0.420903
v -0.443060 0.198455 0.440948
v -0.405169 0.432426 0.355813
v -0.359764 0.332603 0.540820
v -0.391633 0.447272 0.389483
v -0.404593 0.434538 0.512193
v -0.448202 0.385956 0.307914
v -0.465785 0.007726 0.415192
v -0.463858 0.363521 0.283515
v -0.338739 0.371293 0.569599
v -0.464109 0.365359 0.289466
v -0.581901 0.199715 0.295166
v -0.470823 0.352026 0.274373
v -0.465689 0.068590 0.439341
v -0.515646 0.073681 0.194720
v -0.462141 0.084587 0.464330
v -0.458426 0.053984 0.627761
v -0.483573 0.333059 0.267862
v -0.452332 0.152470 0.478290
v -0.476834 -0.031463 0.208836
v -0.465489 -0.000107 0.449981
v -0.462925 0.009564 0.460228
v -0.483707 -0.030317 0.205560
v -0.459906 0.099258 0.481923
v -0.461619 0.041137 0.489295
v -0.459301 -0.021131 0.248382
v -0.425705 0.245338 0.541780
v -0.461556 0.012421 0.489371
v -0.477083 0.027475 0.244570
v -0.460942 0.074177 0.506770
v -0.452879 0.154705 0.520180
v -0.470540 0.145217 0.277110
v -0.452243 0.197491 0.310365
v -0.400327 0.278175 0.586811
v -0.368833 0.405861 0.619011
v -0.375312 0.411854 0.612666
v -0.346560 0.344159 0.425354
v -0.460268 0.019397 0.510562
v -0.340013 0.355324 0.438047
v -0.456769 0.126974 0.528009
v -0.365570 0.447944 0.420011
v -0.348159 0.385330 0.437675
v -0.363529 0.426336 0.435758
v -0.459480 0.028122 0.538299
v -0.371222 0.459046 0.431640
v -0.646093 0.075103 0.526617
v -0.375800 0.459036 0.426180
v -0.622357 0.129751 0.581845
v -0.653840 0.002676 0.493760
v -0.649850 0.058509 0.510037
v -0.469141 0.360328 0.289902
v -0.426518 0.241340 0.598796
v -0.480941 0.340384 0.273852
v -0.366171 0.442778 0.434055
v -0.480101 0.343586 0.278032
v -0.404123 0.275078 0.619862
v -0.542527 0.094503 0.215730
v -0.398039 0.292775 0.630287
v -0.498473 -0.012424 0.198436
v -0.384835 0.323820 0.628921
v -0.498023 -0.022547 0.203983
v -0.390925 0.336395 0.637713
v -0.491115 -0.032601 0.216021
v -0.383984 0.356192 0.634852
v -0.459765 -0.022872 0.255546
v -0.461850 -0.026192 0.249581
v -0.460397 -0.022785 0.265734
v -0.389882 0.367012 0.636755
v -0.385140 0.363906 0.635197
v -0.654869 0.024499 0.467921
v -0.459432 -0.018062 0.255233
v -0.410552 0.268007 0.634307
v -0.460859 -0.012623 0.271820
v -0.472504 0.014557 0.272272
v -0.615380 0.160331 0.348626
v -0.478871 0.032141 0.264752
v -0.625452 -0.050403 0.322465
v -0.482391 0.063156 0.275962
v -0.460214 0.021412 0.578588
v -0.460169 0.060964 0.568857
v -0.459399 0.039385 0.583212
v -0.461767 0.107303 0.587971
v -0.476320 0.324298 0.621256
v -0.436061 0.220684 0.631038
v -0.461919 0.091742 0.596300
v -0.521376 0.097061 0.720990
v -0.440682 0.213850 0.628882
v -0.460656 0.278188 0.658284
v -0.543809 0.041855 0.712304
v -0.434350 0.224520 0.620575
v -0.459921 0.021517 0.561265
v -0.625194 0.123280 0.331094
v -0.531751 0.207833 0.659537
v -0.566061 0.138281 0.662804
v -0.413364 0.260381 0.630599
v -0.377399 0.378365 0.633981
v -0.632603 -0.024560 0.593318
v -0.374501 0.374538 0.632215
v -0.544300 0.111833 0.692879
v -0.386142 0.333365 0.634178
v -0.630029 -0.043551 0.555814
v -0.379630 0.339018 0.633028
v -0.638161 -0.044060 0.538182
v -0.391552 0.301247 0.625246
v -0.642313 -0.036394 0.537983
v -0.400862 0.281803 0.624860
v -0.641062 -0.030481 0.555290
v -0.408479 0.267037 0.617560
v -0.429166 0.240839 0.576716
v -0.542704 0.202647 0.651824
v -0.452986 0.170913 0.553075
v -0.547373 0.188748 0.655169
v -0.642290 0.091819 0.532292
v -0.636015 0.119799 0.525856
v -0.454116 0.162913 0.549904
v -0.459802 0.109543 0.546964
v -0.646787 0.009225 0.552807
v -0.641852 0.082703 0.550517
v -0.420577 0.252384 0.587548
v -0.394136 0.286750 0.618440
v -0.618050 0.135657 0.588019
v -0.591610 0.209191 0.343771
v -0.472771 0.358730 0.296720
v -0.342481 0.349877 0.438498
v -0.642754 -0.054804 0.470565
v -0.405358 0.273679 0.589578
v -0.474833 0.049189 0.777812
v -0.462351 0.005800 0.489761
v -0.454543 0.003973 0.804392
v -0.421707 0.253526 0.549038
v -0.354140 0.393021 0.617171
v -0.459272 0.058345 0.757916
v -0.469361 0.012434 0.792695
v -0.442216 -0.002077 0.796105
v -0.462276 0.074527 0.480494
v -0.476578 0.194310 0.694032
v -0.462548 0.013922 0.466344
v -0.488073 0.092033 0.746543
v -0.454323 0.020305 0.693968
v -0.457834 0.120221 0.469778
v -0.465025 -0.027588 0.256003
v -0.475851 0.014462 0.655346
v -0.336750 0.365012 0.585931
v -0.638908 0.110861 0.398092
v -0.464891 0.077525 0.443271
v -0.369144 0.444308 0.472325
v -0.646780 0.073324 0.384311
v -0.466465 0.032494 0.790845
v -0.572183 0.219706 0.294634
v -0.463566 0.056479 0.460371
v -0.396037 0.435407 0.534803
v -0.463317 0.023963 0.629649
v -0.569570 0.262916 0.480190
v -0.468185 0.074319 0.416690
v -0.543018 0.294879 0.512564
v -0.340220 0.362335 0.553126
v -0.426638 0.241375 0.437147
v -0.631930 0.127609 0.380636
v -0.456018 0.155405 0.418373
v -0.460440 0.069160 0.613476
v -0.428755 0.235261 0.463452
v -0.340375 0.371749 0.549287
v -0.339825 0.369933 0.541955
v -0.434005 0.232601 0.651581
v -0.347873 0.385597 0.469576
v -0.460804 0.021059 0.493905
v -0.373160 0.454258 0.468748
v -0.519088 0.300295 0.287397
v -0.465377 0.336064 0.620739
v -0.531852 0.266774 0.268837
v -0.550469 0.235596 0.270551
v -0.534812 0.285821 0.302190
v -0.339999 0.355602 0.476847
v -0.496417 0.325999 0.280891
v -0.652671 0.047158 0.411584
v -0.338968 0.360731 0.481402
v -0.468051 0.003893 0.297010
v -0.398972 0.444512 0.447590
v -0.462132 0.151031 0.368348
v -0.469550 0.008289 0.329940
v -0.652255 -0.037818 0.419681
v -0.368096 0.455936 0.426906
v -0.461072 0.013338 0.507985
v -0.341774 0.353106 0.504191
v -0.463345 0.159948 0.330431
v -0.480099 0.077749 0.299824
v -0.480320 0.046232 0.300443
v -0.339018 0.358436 0.463948
v -0.434272 0.231275 0.361079
v -0.467130 0.151295 0.308168
v -0.476752 0.113078 0.284576
v -0.480994 0.082742 0.281916
v -0.448878 0.203940 0.324566
v -0.482754 0.058302 0.252590
v -0.514811 -0.005963 0.207074
v -0.343591 0.348755 0.421864
v -0.458704 0.182282 0.292234
v -0.483297 0.067232 0.240139
v -0.481466 0.093672 0.225705
v -0.478539 0.034781 0.207661
v -0.473524 0.018208 0.206323
v -0.470131 -0.021971 0.191898
v -0.476851 -0.005484 0.187721
v -0.477917 0.018198 0.189591
v -0.473349 0.004911 0.190179
v -0.472197 -0.007581 0.188776
v -0.468242 -0.010849 0.190504
v -0.465965 -0.011352 0.195412
v -0.465279 -0.016046 0.192837
v -0.465362 -0.025550 0.193014
v -0.463673 -0.020676 0.193008
v -0.461790 -0.026656 0.193611
v -0.460151 -0.021527 0.204050
v -0.467817 -0.000252 0.200032
v -0.473139 0.013721 0.199033
v -0.476662 0.027774 0.205024
v -0.492611 0.062531 0.185992
v -0.489155 0.062954 0.189431
v -0.490616 0.052257 0.188897
v -0.486927 0.048798 0.189636
v -0.485005 0.057536 0.190230
v -0.483419 0.047281 0.200807
v -0.483279 0.074038 0.205524
v -0.482945 0.083554 0.204930
v -0.480343 0.104410 0.204517
v -0.465608 0.353643 0.267586
v -0.352387 0.397855 0.361630
v -0.436605 0.228426 0.222769
v -0.461705 0.178141 0.178744
v -0.412008 0.265810 0.232603
v -0.464318 0.184305 0.171505
v -0.341615 0.355237 0.344389
v -0.340648 0.360499 0.351942
v -0.454388 0.193597 0.172672
v -0.418564 0.254354 0.201672
v -0.341272 0.368139 0.331545
v -0.339477 0.363384 0.292112
v -0.340069 0.360893 0.312851
v -0.340767 0.356305 0.307073
v -0.347805 0.343717 0.303359
v -0.364828 0.323708 0.299329
v -0.345007 0.348328 0.317652
v -0.340859 0.357602 0.330865
v -0.340348 0.370065 0.296300
v -0.414968 0.299939 0.175537
v -0.473526 0.205190 0.179228
v -0.353832 0.441076 0.249655
v -0.349334 0.434196 0.281032
v -0.350410 0.459392 0.310275
v -0.346691 0.457239 0.274036
v -0.364477 0.446536 0.273190
v -0.360193 0.447621 0.268289
v -0.365078 0.431929 0.246699
v -0.380591 0.421590 0.249396
v -0.364949 0.438177 0.256385
v -0.357663 0.444693 0.258449
v -0.353674 0.450944 0.265586
v -0.354511 0.453658 0.274878
v -0.349371 0.457220 0.276470
v -0.366456 0.443798 0.269796
v -0.383627 0.425469 0.259087
v -0.447543 0.247925 0.174723
v -0.384274 0.427694 0.264155
v -0.380017 0.433797 0.270570
v -0.376416 0.438860 0.277126
v -0.362186 0.450939 0.283516
v -0.368626 0.448154 0.290017
v -0.357949 0.455475 0.290102
v -0.350295 0.460325 0.295604
v -0.349003 0.451743 0.296918
v -0.347669 0.447657 0.283689
v -0.347337 0.458444 0.290158
v -0.348786 0.460093 0.295013
v -0.351208 0.430798 0.234712
v -0.346966 0.432967 0.265944
v -0.466299 -0.023929 0.300192
v -0.474185 0.037273 0.782759
v -0.466178 -0.022751 0.310365
v -0.483960 0.054680 0.771611
v -0.372530 0.460337 0.418401
v -0.371273 0.409280 0.616143
v -0.365045 0.402519 0.621302
v -0.474951 0.077310 0.353322
v -0.650835 0.065915 0.434866
v -0.466978 0.022994 0.794241
v -0.430493 0.239461 0.327414
v -0.340961 0.355769 0.523629
v -0.643125 -0.060925 0.428246
v -0.377344 0.456199 0.463069
v -0.421563 0.251782 0.384147
v -0.358889 0.329620 0.419401
v -0.502512 0.326098 0.298488
v -0.366850 0.320901 0.404760
v -0.510152 -0.031783 0.219968
v -0.461966 0.147603 0.616855
v -0.626620 -0.059349 0.334242
v -0.392279 0.289551 0.472844
v -0.461440 0.020499 0.594992
v -0.345039 0.348752 0.513242
v -0.534358 0.298402 0.540714
v -0.623162 0.157310 0.402228
v -0.634798 0.117600 0.376707
v -0.473929 0.014680 0.784490
v -0.462989 0.084707 0.643542
v -0.567756 0.264727 0.488893
v -0.438609 0.012197 0.749241
v -0.378600 0.308008 0.397185
v -0.434794 0.003245 0.805405
v -0.438276 -0.000208 0.801725
v -0.402903 0.441613 0.434047
v -0.459626 0.016393 0.689559
v -0.497277 0.075058 0.752605
v -0.627699 0.074069 0.611185
v -0.548120 0.050435 0.707288
v -0.460452 0.045849 0.779878
v -0.480442 0.044268 0.776291
v -0.649366 0.010170 0.537508
v -0.622948 0.107345 0.601584
v -0.641430 0.054911 0.572648
v -0.629868 0.101229 0.586390
v -0.641819 0.104495 0.508515
v -0.646556 0.040960 0.552028
v -0.466140 -0.029295 0.241971
v -0.637198 -0.041910 0.548766
v -0.614368 0.155132 0.572473
v -0.441476 0.200283 0.486828
v -0.640335 -0.042225 0.536246
v -0.635338 -0.044388 0.545188
v -0.632553 -0.044515 0.551479
v -0.466674 0.045011 0.430646
v -0.644366 -0.014626 0.557160
v -0.600980 0.138577 0.622390
v -0.633778 -0.029491 0.586896
v -0.646267 -0.045141 0.487220
v -0.458675 0.127120 0.550213
v -0.468645 0.023210 0.395766
v -0.368239 0.444876 0.457388
v -0.396845 0.445793 0.424169
v -0.441164 0.005502 0.816724
v -0.461958 0.011900 0.801558
v -0.446436 0.032085 0.712745
v -0.564063 0.227381 0.286577
v -0.482914 0.077359 0.227758
v -0.533706 0.013092 0.717391
v -0.482907 0.051390 0.224477
v -0.447194 0.185113 0.526880
v -0.339159 0.356949 0.449879
v -0.460756 0.080997 0.556335
v -0.369911 0.458151 0.433879
v -0.461507 -0.011117 0.309819
v -0.367113 0.449277 0.434397
v -0.420903 0.248530 0.602672
v -0.463264 0.071801 0.460636
v -0.415710 0.257422 0.595566
v -0.493190 0.335411 0.294104
v -0.640020 -0.038490 0.546505
v -0.483299 0.059502 0.225402
v -0.408803 0.271809 0.575700
v -0.437017 0.214082 0.491629
v -0.460055 0.374776 0.308829
v -0.593297 0.133224 0.637669
v -0.641492 0.097648 0.386734
v -0.634672 0.126207 0.403797
v -0.459155 0.033116 0.557350
v -0.466029 -0.000891 0.325436
v -0.424582 0.245669 0.413960
v -0.640455 0.017747 0.584309
v -0.606248 0.200605 0.444192
v -0.452402 0.154325 0.499704
v -0.457540 0.144289 0.559740
v -0.466262 0.132499 0.364659
v -0.339151 0.359746 0.442895
v -0.339671 0.357697 0.493904
v -0.453909 0.014612 0.708861
v -0.470058 -0.026976 0.281425
v -0.431911 0.233950 0.384455
v -0.493584 0.337201 0.300476
v -0.512393 -0.033420 0.224845
v -0.634223 -0.042144 0.556519
v -0.381896 0.455764 0.416720
v -0.370425 0.448721 0.474776
v -0.337730 0.371964 0.588134
v -0.371449 0.451944 0.470878
v -0.469464 0.006738 0.312511
v -0.638474 0.092463 0.557845
v -0.648812 0.028574 0.539218
v -0.483020 0.069917 0.254992
v -0.612244 0.140855 0.598228
v -0.342646 0.376116 0.487792
v -0.643291 -0.052135 0.481606
v -0.419714 0.258314 0.566235
v -0.459577 0.024594 0.518532
v -0.338856 0.362245 0.492898
v -0.655534 0.004331 0.443951
v -0.595948 0.194910 0.569343
v -0.459840 0.091803 0.508080
v -0.473578 0.052837 0.372833
v -0.469544 0.009107 0.248506
v -0.587617 0.061886 0.257912
v -0.639461 -0.066753 0.364333
v -0.459176 -0.022678 0.242211
v -0.464037 -0.023622 0.291122
v -0.467133 0.059282 0.427729
v -0.447602 0.002534 0.758881
v -0.370257 0.452407 0.454888
v -0.404314 0.273198 0.603897
v -0.503161 -0.033849 0.224325
v -0.493193 0.335977 0.568938
v -0.369363 0.456035 0.435413
v -0.339691 0.369610 0.518751
v -0.602051 0.185850 0.337076
v -0.644665 -0.059524 0.430306
v -0.597815 0.128979 0.633951
v -0.430881 0.008868 0.773398
v -0.617980 -0.039071 0.570540
v -0.490050 0.006885 0.736601
v -0.477739 0.036005 0.324310
v -0.371399 0.453883 0.461016
v -0.372300 0.455396 0.458956
v -0.383220 0.380137 0.633730
v -0.624791 0.042263 0.626808
v -0.635809 0.051007 0.597336
v -0.624710 0.054624 0.624572
v -0.424162 0.246796 0.525610
v -0.607741 0.196892 0.434894
v -0.341207 0.356456 0.565569
v -0.440212 0.036241 0.752272
v -0.636216 0.027178 0.598710
v -0.636517 0.004124 0.596625
v -0.606419 0.166592 0.582198
v -0.473876 0.019824 0.785392
v -0.459435 0.046616 0.618202
v -0.448391 -0.001424 0.782083
v -0.342683 0.373655 0.438754
v -0.500430 0.319871 0.278883
v -0.376886 0.458537 0.414781
v -0.463022 0.005902 0.474053
v -0.583378 0.227899 0.543278
v -0.460306 0.124143 0.573678
v -0.625155 -0.034439 0.314764
v -0.650521 0.035610 0.364239
v -0.641872 -0.022156 0.562698
v -0.501418 0.007129 0.680697
v -0.451559 0.011547 0.724338
v -0.615618 0.117234 0.305671
v -0.356612 0.401279 0.611886
v -0.588036 0.234229 0.460576
v -0.422035 0.246432 0.487722
v -0.627501 0.083940 0.606808
v -0.453003 0.033099 0.676320
v -0.645219 -0.043574 0.501645
v -0.448373 0.171715 0.488030
v -0.595515 0.178373 0.304176
v -0.643102 -0.013264 0.564204
v -0.460885 -0.019512 0.298896
v -0.430363 0.236425 0.401467
v -0.639578 0.004275 0.586521
v -0.524553 -0.018951 0.218074
v -0.461765 0.018209 0.478247
v -0.630990 0.068086 0.604976
v -0.654439 -0.014231 0.393424
v -0.393483 0.448393 0.438561
v -0.654873 -0.013263 0.451811
v -0.395920 0.390013 0.624927
v -0.455075 0.136495 0.504469
v -0.453535 0.040463 0.785010
v -0.339288 0.367906 0.497666
v -0.561167 -0.004772 0.667805
v -0.581145 0.241810 0.504010
v -0.472001 0.082351 0.377935
v -0.464271 -0.003427 0.363112
v -0.436108 0.016737 0.751467
v -0.346423 0.344832 0.583276
v -0.646362 0.022125 0.557301
v -0.647712 -0.040623 0.492267
v -0.445413 0.188515 0.448546
v -0.412927 0.260005 0.481467
v -0.594012 0.149986 0.625403
v -0.601070 0.170716 0.591748
v -0.642461 0.005287 0.574493
v -0.461012 0.098679 0.561437
v -0.450842 0.165140 0.452062
v -0.629584 0.053655 0.614011
v -0.590187 0.197477 0.311932
v -0.462860 -0.028054 0.234102
v -0.455911 0.141297 0.445631
v -0.523252 0.135912 0.701434
v -0.460973 0.101935 0.454018
v -0.489417 0.241792 0.666272
v -0.489828 0.115176 0.731044
v -0.518817 0.031558 0.732534
v -0.490746 0.106599 0.737357
v -0.488234 0.099190 0.742426
v -0.388829 0.450864 0.407149
v -0.638203 0.109611 0.386315
v -0.538711 0.156589 0.679617
v -0.476094 0.297955 0.645908
v -0.344979 0.345425 0.442293
v -0.341988 0.350152 0.451170
v -0.339283 0.363296 0.452906
v -0.343235 0.375731 0.452281
v -0.354936 0.400641 0.418061
v -0.368999 0.451496 0.443932
v -0.367994 0.447584 0.447110
v -0.366829 0.442676 0.443742
v -0.365313 0.435339 0.434829
v -0.370279 0.456177 0.441889
v -0.371157 0.456721 0.446372
v -0.370259 0.454148 0.447668
v -0.379354 0.457452 0.433037
v -0.372794 0.458125 0.443889
v -0.375739 0.458855 0.435729
v -0.462880 0.035365 0.464945
v -0.476943 -0.011958 0.444825
v -0.564478 0.250339 0.325631
v -0.396787 0.415396 0.260454
v -0.390429 0.353851 0.191545
v -0.407874 0.309766 0.175870
v -0.557722 0.266219 0.343679
v -0.540188 0.297835 0.375400
v -0.552504 0.276465 0.354486
v -0.544881 0.283738 0.340006
v -0.410865 0.278284 0.165457
v -0.504936 0.346433 0.418676
v -0.529800 0.310090 0.368661
v -0.398036 0.295586 0.164702
v -0.466578 0.385187 0.475640
v -0.489931 0.363357 0.434313
v -0.396724 0.284064 0.167310
v -0.412094 0.423479 0.532909
v -0.425825 0.416264 0.516713
v -0.389647 0.289942 0.171872
v -0.388308 0.431845 0.562236
v -0.409662 0.423488 0.540981
v -0.341007 0.350226 0.244797
v -0.378252 0.433636 0.565897
v -0.339819 0.358002 0.291788
v -0.375532 0.432874 0.568765
v -0.348631 0.341230 0.267740
v -0.369994 0.427637 0.569612
v -0.338394 0.364411 0.269119
v -0.362113 0.414772 0.578156
v -0.340219 0.376325 0.267178
v -0.357605 0.406475 0.566848
v -0.353564 0.455720 0.329710
v -0.337313 0.367898 0.593598
v -0.353770 0.461143 0.327660
v -0.342901 0.353308 0.595679
v -0.353805 0.461549 0.324275
v -0.349349 0.338012 0.588652
v -0.387218 0.433524 0.287741
v -0.351867 0.336245 0.571859
v -0.390964 0.428145 0.279388
v -0.363796 0.317887 0.571562
v -0.394561 0.422055 0.270463
v -0.374653 0.309289 0.553723
v -0.464438 0.203720 0.173345
v -0.445776 0.219857 0.167879
v -0.404118 0.278506 0.526575
v -0.429879 0.238436 0.175057
v -0.437225 0.231264 0.169048
v -0.426087 0.239855 0.491193
v -0.392625 0.294579 0.537111
v -0.432916 0.254963 0.168540
v -0.455036 0.140944 0.463888
v -0.440003 0.206808 0.470695
v -0.410111 0.269297 0.166473
v -0.464556 0.046459 0.450314
v -0.465599 -0.000892 0.433150
v -0.366095 0.316978 0.562281
v -0.359298 0.323482 0.571126
v -0.349688 0.339177 0.576512
v -0.346366 0.345872 0.590969
v -0.337598 0.362838 0.591635
v -0.339279 0.373124 0.598813
v -0.353274 0.399307 0.579628
v -0.359561 0.409602 0.532745
v -0.372960 0.430302 0.570725
v -0.374715 0.433417 0.564425
v -0.380017 0.434165 0.563038
v -0.390528 0.432830 0.557188
v -0.397020 0.417197 0.264303
v -0.387316 0.427273 0.268605
v -0.382834 0.434147 0.277947
v -0.379711 0.435499 0.274493
v -0.353403 0.460867 0.306949
v -0.344444 0.342496 0.208274
v -0.338677 0.347058 0.179072
v -0.343101 0.344572 0.167248
v -0.334100 0.359214 0.173380
v -0.348016 0.386822 0.190689
v -0.342621 0.398205 0.200500
v -0.342024 0.400451 0.203978
v -0.351737 0.367665 0.177646
v -0.343541 0.378463 0.183689
v -0.340632 0.372241 0.179273
v -0.355727 0.391213 0.197584
v -0.345074 0.407860 0.209427
v -0.350319 0.414178 0.217348
v -0.338324 0.352635 0.225512
v -0.643043 0.035197 0.572883
v -0.372053 0.459929 0.426074
v -0.546390 0.176509 0.662884
v -0.344256 0.440860 0.252471
v -0.340743 0.390383 0.193650
v -0.342548 0.384918 0.188823
v -0.366443 0.352508 0.175370
v -0.358054 0.362846 0.177436
v -0.356579 0.377716 0.187177
v -0.350117 0.390354 0.194098
v -0.340744 0.397354 0.203269
v -0.340634 0.402194 0.216312
v -0.338679 0.392492 0.203129
v -0.337994 0.387187 0.196337
v -0.336723 0.383594 0.195396
v -0.332906 0.367322 0.187809
v -0.335369 0.374587 0.185126
v -0.350770 0.352825 0.168514
v -0.350462 0.347134 0.166084
v -0.335864 0.361855 0.172673
v -0.333161 0.364381 0.179236
v -0.333489 0.356007 0.175748
v -0.338092 0.352763 0.169744
v -0.346532 0.340975 0.165617
v -0.350326 0.337051 0.165271
v -0.339980 0.346533 0.172229
v -0.333632 0.356418 0.182063
v -0.333161 0.361072 0.181706
v -0.334270 0.373132 0.195240
v -0.334043 0.369843 0.199172
v -0.341375 0.346714 0.213761
v -0.340269 0.347215 0.201203
v -0.336557 0.354970 0.210466
v -0.334704 0.363451 0.211275
v -0.335218 0.359562 0.212065
v -0.338476 0.389503 0.209848
v -0.341877 0.410771 0.222754
v -0.364094 0.387066 0.198817
v -0.379609 0.311924 0.162942
v -0.370800 0.323639 0.163142
v -0.374995 0.318329 0.163043
v -0.364928 0.328880 0.162830
v -0.361942 0.338323 0.165205
v -0.358606 0.331538 0.162935
v -0.356948 0.330737 0.164063
v -0.344044 0.340787 0.174377
v -0.340897 0.344798 0.186792
v -0.352408 0.331836 0.177387
v -0.374644 0.313912 0.163006
v -0.380896 0.304880 0.164164
v -0.365216 0.318003 0.170770
v -0.336186 0.366780 0.232021
v -0.339832 0.386481 0.234130
v -0.343288 0.422116 0.231979
v -0.343960 0.427810 0.240458
v -0.344065 0.427177 0.235231
v -0.344182 0.433861 0.243682
v -0.345125 0.429530 0.234380
v -0.345637 0.434020 0.238416
v -0.346625 0.427855 0.230185
v -0.349040 0.428986 0.231922
v -0.400982 0.328129 0.181801
v -0.376006 0.366454 0.190641
v -0.370898 0.395478 0.211178
v -0.365154 0.411922 0.223266
v -0.361385 0.420429 0.229655
v -0.359270 0.426337 0.234490
v -0.349234 0.438692 0.243405
v -0.346517 0.444203 0.250101
v -0.346618 0.446780 0.253206
v -0.345484 0.444905 0.252271
v -0.345137 0.455868 0.270161
v -0.346180 0.455280 0.267429
v -0.347306 0.449463 0.256568
v -0.348516 0.451861 0.261814
v -0.360167 0.430610 0.240409
v -0.396402 0.395432 0.233975
v -0.374926 0.411411 0.231364
v -0.386982 0.301899 0.163760
v -0.388300 0.304115 0.163578
v -0.374302 0.309651 0.167688
v -0.383393 0.298208 0.169272
v -0.373583 0.308543 0.171161
v -0.373516 0.308567 0.176243
v -0.340430 0.350068 0.234119
v -0.338501 0.353743 0.236653
v -0.336414 0.363501 0.236559
v -0.337436 0.372866 0.239866
v -0.341505 0.386148 0.253755
v -0.351068 0.457696 0.314705
v -0.352032 0.459829 0.320088
v -0.352347 0.461131 0.315345
v -0.565806 0.243514 0.313538
v -0.585061 -0.036609 0.274151
v -0.583449 -0.039878 0.277286
v -0.581002 -0.044243 0.283476
v -0.466820 -0.005097 0.443187
v -0.470423 -0.009057 0.444272
v -0.477639 -0.014173 0.425801
v -0.466540 -0.003679 0.450940
v -0.463201 0.012867 0.452538
v -0.441791 0.201442 0.504094
v -0.431412 0.228479 0.498681
v -0.399358 0.285980 0.545754
v -0.398212 0.286358 0.553271
v -0.381559 0.302495 0.551597
v -0.367660 0.313288 0.577479
v -0.378462 0.300650 0.572877
v -0.360726 0.320444 0.589693
v -0.400283 0.442816 0.415882
v -0.564680 0.191532 0.634700
v -0.587674 0.182664 0.607872
v -0.570318 0.203494 0.616701
v -0.347149 0.346278 0.596944
v -0.348820 0.351492 0.609493
v -0.349962 0.341719 0.601551
v -0.585058 0.192404 0.601843
v -0.589924 0.149325 0.632136
v -0.583850 0.112075 0.657424
v -0.601047 0.105281 0.642231
v -0.617229 0.092307 0.624490
v -0.612352 0.104890 0.625557
v -0.607347 0.098131 0.637005
v -0.614254 0.116370 0.614230
v -0.618488 0.140545 0.580105
v -0.612749 0.132539 0.605310
v -0.640479 0.093695 0.543781
v -0.647891 -0.028265 0.516038
v -0.648244 0.048475 0.536029
v -0.643877 0.077066 0.542298
v -0.645412 -0.038396 0.514768
v -0.652263 0.049664 0.489322
v -0.626659 0.142125 0.539894
v -0.647418 0.080589 0.498073
v -0.602916 0.176877 0.577221
v -0.605540 0.178192 0.564966
v -0.570242 0.240242 0.563383
v -0.571328 0.250352 0.531884
v -0.589867 0.225922 0.511293
v -0.649444 0.062102 0.390161
v -0.643706 0.095972 0.410287
v -0.509546 0.312716 0.580813
v -0.446410 0.334072 0.640119
v -0.454834 0.349019 0.616553
v -0.440102 0.353188 0.627826
v -0.424277 0.348273 0.640928
v -0.432887 0.351777 0.634859
v -0.418002 0.340342 0.644139
v -0.417394 0.309003 0.648355
v -0.427651 0.241358 0.642933
v -0.413546 0.304595 0.646127
v -0.450018 0.197361 0.607253
v -0.426512 0.240332 0.637281
v -0.454288 0.176059 0.581109
v -0.459567 0.044934 0.568425
v -0.471182 0.005246 0.570527
v -0.463320 0.011145 0.564683
v -0.603690 -0.043989 0.440960
v -0.636092 -0.026754 0.327906
v -0.620977 0.142558 0.340741
v -0.629884 0.090404 0.321866
v -0.612402 0.171190 0.359553
v -0.524106 0.321029 0.498116
v -0.411944 0.350692 0.641452
v -0.404900 0.352825 0.640526
v -0.403033 0.327563 0.641686
v -0.406016 0.315383 0.641659
v -0.413836 0.288968 0.645001
v -0.459444 0.026754 0.558317
v -0.459933 0.135929 0.582112
v -0.461274 0.016106 0.561900
v -0.463747 0.007650 0.544975
v -0.469593 0.003919 0.554769
v -0.466937 0.004106 0.544221
v -0.551688 -0.026101 0.457102
v -0.623066 -0.044101 0.315969
v -0.625840 0.117546 0.327579
v -0.620625 0.136910 0.330608
v -0.614210 0.156627 0.334134
v -0.616581 0.154323 0.341397
v -0.608743 0.175871 0.348844
v -0.611706 0.168730 0.347984
v -0.591002 0.219485 0.377892
v -0.467419 0.367554 0.555888
v -0.440528 0.383004 0.580879
v -0.421941 0.376479 0.618941
v -0.418854 0.369200 0.629350
v -0.422161 0.362521 0.633048
v -0.410657 0.371977 0.631836
v -0.408195 0.380111 0.626316
v -0.392484 0.328396 0.635606
v -0.390789 0.312295 0.627054
v -0.394856 0.307644 0.629188
v -0.406284 0.278177 0.633226
v -0.407448 0.271173 0.627110
v -0.416404 0.253838 0.610479
v -0.436545 0.227316 0.582314
v -0.441857 0.216589 0.592710
v -0.459679 0.134018 0.575084
v -0.460135 0.067221 0.549047
v -0.467423 0.001778 0.529101
v -0.460742 0.017309 0.551200
v -0.462870 0.008121 0.534230
v -0.486406 -0.007645 0.499730
v -0.592715 -0.049218 0.323664
v -0.609039 -0.052375 0.312860
v -0.615659 -0.054902 0.321617
v -0.607422 0.168118 0.325725
v -0.623168 0.087541 0.308420
v -0.613348 0.152557 0.324733
v -0.606635 0.174025 0.333126
v -0.603865 0.181179 0.335297
v -0.576877 0.244268 0.378949
v -0.603715 0.187170 0.350210
v -0.566861 0.263326 0.396549
v -0.529890 0.317433 0.467181
v -0.492213 0.353211 0.517632
v -0.471228 0.369242 0.539171
v -0.441530 0.390828 0.559626
v -0.396418 0.375350 0.634546
v -0.426416 0.387712 0.596131
v -0.387630 0.387057 0.631468
v -0.420682 0.398097 0.586779
v -0.401277 0.404894 0.602935
v -0.399375 0.399007 0.612907
v -0.402693 0.391129 0.619594
v -0.381764 0.393647 0.628134
v -0.378343 0.390036 0.630810
v -0.375009 0.385667 0.632127
v -0.373946 0.344357 0.631490
v -0.371068 0.356238 0.631244
v -0.376937 0.333551 0.629511
v -0.384452 0.309095 0.620588
v -0.405316 0.272186 0.612187
v -0.391216 0.293357 0.621582
v -0.408817 0.266477 0.607667
v -0.439515 0.216679 0.558313
v -0.460131 0.087273 0.528328
v -0.445629 0.194282 0.546255
v -0.460287 0.060016 0.521850
v -0.459744 0.022362 0.527832
v -0.462276 0.008282 0.519246
v -0.463173 0.006074 0.528070
v -0.468795 -0.000531 0.519226
v -0.468655 -0.001624 0.509713
v -0.592882 -0.049855 0.310348
v -0.608288 -0.042461 0.298754
v -0.597494 -0.048807 0.301095
v -0.604372 0.175478 0.326156
v -0.600104 0.187157 0.330553
v -0.591342 0.215140 0.362550
v -0.576766 0.237555 0.350065
v -0.521137 0.328690 0.456658
v -0.470481 0.375548 0.516850
v -0.439894 0.395483 0.550981
v -0.409934 0.406944 0.587640
v -0.401867 0.410280 0.592959
v -0.384326 0.414290 0.605367
v -0.383621 0.405907 0.616721
v -0.376538 0.407966 0.617560
v -0.373944 0.405372 0.620614
v -0.373728 0.396906 0.627189
v -0.367200 0.396926 0.626335
v -0.363316 0.399106 0.623790
v -0.364289 0.389658 0.627828
v -0.366606 0.383620 0.629471
v -0.358338 0.379680 0.625114
v -0.365397 0.365919 0.628909
v -0.361656 0.363293 0.626799
v -0.363490 0.349480 0.626562
v -0.370426 0.340038 0.628364
v -0.367491 0.335163 0.623847
v -0.370388 0.328725 0.622394
v -0.383339 0.305691 0.617836
v -0.385424 0.296911 0.613873
v -0.387207 0.292596 0.612977
v -0.393272 0.284999 0.611017
v -0.394218 0.283083 0.605278
v -0.409825 0.266347 0.595357
v -0.425316 0.248707 0.566239
v -0.433695 0.227820 0.536741
v -0.441535 0.206234 0.531493
v -0.450619 0.169255 0.521585
v -0.454552 0.147628 0.532770
v -0.460232 0.041838 0.515001
v -0.462500 0.006064 0.511475
v -0.468288 -0.002602 0.497852
v -0.464772 0.001035 0.497177
v -0.491183 -0.013170 0.457980
v -0.392970 0.421903 0.583018
v -0.381689 0.421900 0.594809
v -0.374151 0.415445 0.607836
v -0.367976 0.411235 0.613215
v -0.362432 0.408466 0.612706
v -0.359869 0.401552 0.618842
v -0.355700 0.389328 0.622206
v -0.354445 0.378516 0.622105
v -0.352148 0.364863 0.620651
v -0.355670 0.350868 0.620234
v -0.356891 0.342188 0.615333
v -0.358225 0.331917 0.611586
v -0.363688 0.322851 0.609579
v -0.368863 0.319062 0.611256
v -0.378637 0.303211 0.602400
v -0.384382 0.292497 0.597157
v -0.403019 0.277572 0.574795
v -0.463844 0.001696 0.485536
v -0.467475 -0.003351 0.482548
v -0.553501 -0.033331 0.380554
v -0.594143 -0.041137 0.286242
v -0.586318 0.213607 0.328221
v -0.554606 0.278561 0.379333
v -0.497449 0.354653 0.466668
v -0.454685 0.393564 0.499636
v -0.399751 0.418788 0.578820
v -0.381696 0.425067 0.589005
v -0.376825 0.423752 0.592874
v -0.371302 0.423636 0.591087
v -0.368363 0.420353 0.593619
v -0.361787 0.409829 0.606856
v -0.348844 0.385545 0.612973
v -0.351015 0.383559 0.617469
v -0.345436 0.380828 0.610469
v -0.345141 0.367673 0.613463
v -0.345966 0.357828 0.611646
v -0.352784 0.343442 0.609049
v -0.353306 0.333232 0.602055
v -0.369454 0.313763 0.600169
v -0.369177 0.312124 0.587590
v -0.385241 0.291222 0.579739
v -0.391615 0.288094 0.568745
v -0.405596 0.277184 0.562101
v -0.430148 0.233664 0.524517
v -0.439214 0.210929 0.509577
v -0.453667 0.145048 0.494582
v -0.466757 -0.004014 0.468951
v -0.470315 -0.006925 0.464562
v -0.475949 -0.010892 0.451814
v -0.607251 0.153551 0.309706
v -0.581840 0.216554 0.316171
v -0.417195 0.416627 0.545462
v -0.449262 0.399896 0.490472
v -0.405025 0.422322 0.560572
v -0.395654 0.430766 0.554340
v -0.349282 0.392017 0.587973
v -0.347551 0.388635 0.600823
v -0.342736 0.365540 0.608828
v -0.342604 0.358101 0.603945
v -0.646632 0.081545 0.508671
v -0.354151 0.401008 0.595739
v -0.569919 0.245194 0.336772
v -0.575294 0.235664 0.335150
v -0.580139 0.222060 0.321295
v -0.591911 0.186640 0.303942
v -0.483423 -0.016623 0.412159
v -0.350142 0.393814 0.607911
v -0.360676 0.410150 0.598393
v -0.368519 0.418266 0.599851
v -0.370926 0.420379 0.598902
v -0.385541 0.427270 0.577139
v -0.391083 0.425721 0.575752
v -0.525069 0.322787 0.418271
v -0.586282 0.210142 0.320258
v -0.476476 -0.008783 0.472328
v -0.416388 0.262625 0.551499
v -0.414887 0.265382 0.558706
v -0.394253 0.283611 0.581379
v -0.375067 0.311044 0.610024
v -0.363420 0.331031 0.617754
v -0.358036 0.344154 0.618458
v -0.350408 0.372407 0.619691
v -0.356716 0.393422 0.621145
v -0.359112 0.397400 0.621806
v -0.365061 0.412279 0.608431
v -0.372259 0.418392 0.602923
v -0.381716 0.418104 0.601351
v -0.387066 0.419240 0.595083
v -0.394864 0.417865 0.588759
v -0.419658 0.411503 0.556213
v -0.537156 0.308597 0.433762
v -0.585459 0.219417 0.340020
v -0.594028 0.196955 0.324641
v -0.599168 0.183755 0.320646
v -0.390537 0.285644 0.597368
v -0.388921 0.288627 0.606698
v -0.384003 0.295441 0.606265
v -0.380271 0.302772 0.608920
v -0.363304 0.342797 0.623879
v -0.358795 0.357558 0.624904
v -0.364684 0.355827 0.628269
v -0.356989 0.370020 0.624492
v -0.362501 0.374472 0.627371
v -0.361804 0.381878 0.627009
v -0.359067 0.387398 0.626255
v -0.370493 0.401175 0.623548
v -0.377267 0.400256 0.624420
v -0.380577 0.403366 0.621058
v -0.380481 0.411285 0.611629
v -0.387254 0.407938 0.612051
v -0.393583 0.413402 0.597846
v -0.405982 0.412264 0.582914
v -0.411992 0.412368 0.571112
v -0.450169 0.389748 0.538175
v -0.459643 0.378715 0.545735
v -0.493453 0.354302 0.506772
v -0.372004 0.350569 0.631419
v -0.395502 0.381361 0.632024
v -0.599451 0.192715 0.340878
v -0.614204 0.154576 0.330535
v -0.620482 0.125428 0.319326
v -0.465031 0.004609 0.534602
v -0.461814 0.012529 0.544967
v -0.444553 0.209716 0.588682
v -0.426903 0.237766 0.614531
v -0.402191 0.293534 0.634890
v -0.394655 0.320111 0.633689
v -0.403610 0.363467 0.637770
v -0.422268 0.369857 0.626047
v -0.421655 0.386721 0.604467
v -0.513537 0.334274 0.491878
v -0.610879 0.166861 0.338692
v -0.618266 0.147583 0.336557
v -0.621691 -0.048807 0.317264
v -0.433486 0.227890 0.608695
v -0.425691 0.239290 0.626566
v -0.415814 0.258420 0.636666
v -0.415463 0.275629 0.645354
v -0.404167 0.343932 0.641504
v -0.433365 0.371968 0.611233
v -0.514089 0.331203 0.508129
v -0.589907 0.226012 0.401167
v -0.622541 0.133091 0.332956
v -0.627249 -0.055110 0.328684
v -0.465719 0.008622 0.568170
v -0.445714 0.207485 0.602363
v -0.420672 0.263715 0.647939
v -0.411266 0.330694 0.644959
v -0.427941 0.350675 0.638174
v -0.459743 0.331271 0.632600
v -0.498305 0.320595 0.590179
v -0.647075 0.085326 0.430397
v -0.619363 0.165728 0.522061
v -0.558302 0.212762 0.626595
v -0.338962 0.362668 0.465116
v -0.428837 0.240984 0.363285
v -0.434132 0.232422 0.347337
v -0.464039 0.008664 0.436387
v -0.365892 0.433014 0.461205
v -0.456181 -0.000730 0.779789
v -0.631251 -0.037590 0.578148
v -0.468756 0.015529 0.386581
v -0.424262 0.248895 0.579480
v -0.597086 0.199539 0.555594
v -0.470690 0.076777 0.394242
v -0.461046 0.083904 0.496231
v -0.441530 0.202768 0.454849
v -0.399438 0.280172 0.613685
v -0.412641 0.259347 0.616126
v -0.472213 0.039317 0.380936
v -0.573286 0.240203 0.338614
v -0.367039 0.451998 0.428087
v -0.654048 -0.022308 0.444016
v -0.628246 -0.040641 0.573638
v -0.461504 -0.010587 0.245128
v -0.457927 0.111658 0.500721
v -0.476616 0.119991 0.256513
v -0.477970 0.073345 0.326734
v -0.344830 0.346013 0.467510
v -0.451111 0.189233 0.382464
v -0.342482 0.349800 0.470918
v -0.609326 0.190010 0.510716
v -0.342790 0.349868 0.480042
v -0.520958 0.289145 0.274866
v -0.650651 -0.046195 0.413138
v -0.512289 0.308554 0.285819
v -0.624425 0.143080 0.550654
v -0.348967 0.459584 0.286696
v -0.347822 0.457313 0.293919
v -0.353652 0.458286 0.291996
v -0.371669 0.440229 0.270423
v -0.366811 0.441794 0.265586
v -0.360215 0.445209 0.262583
v -0.440818 0.222061 0.309257
v -0.441081 0.209063 0.428710
v -0.460185 0.063898 0.539989
v -0.482150 0.080598 0.256947
v -0.625868 0.157854 0.479214
v -0.448882 0.381117 0.291865
v -0.393446 0.444577 0.377272
v -0.368622 0.461325 0.406144
v -0.364737 0.452040 0.408519
v -0.482166 0.047453 0.207409
v -0.459670 -0.020194 0.214390
v -0.483259 -0.008268 0.189822
v -0.488408 0.034510 0.188509
v -0.387588 0.445125 0.348935
v -0.426396 0.398257 0.279881
v -0.377532 0.451872 0.344623
v -0.363359 0.462585 0.368167
v -0.356824 0.421987 0.351989
v -0.401147 0.281401 0.164866
v -0.468312 -0.009703 0.425075
v -0.473783 -0.014172 0.416049
v -0.362976 0.322496 0.216123
v -0.340557 0.352444 0.265463
v -0.574386 -0.041972 0.273645
v -0.346029 0.343449 0.247641
v -0.353735 0.333680 0.237390
v -0.578496 -0.036758 0.269977
v -0.578927 0.211431 0.300540
v -0.470709 -0.011590 0.420782
v -0.466341 -0.004954 0.426221
v -0.464639 0.004626 0.427270
v -0.561196 0.250042 0.311217
v -0.431197 0.242182 0.168287
v -0.427692 0.243919 0.169732
v -0.558944 0.254367 0.312768
v -0.554292 0.264147 0.319640
v -0.563895 0.235977 0.295609
v -0.514517 0.331802 0.385972
v -0.345235 0.345776 0.272218
v -0.348295 0.342083 0.276534
v -0.481351 0.371059 0.414992
v -0.541797 0.291815 0.356184
v -0.344306 0.384736 0.292165
v -0.456095 0.395147 0.476703
v -0.387568 0.437199 0.547616
v -0.552437 0.268469 0.324286
v -0.339748 0.359380 0.301102
v -0.377801 0.435928 0.558826
v -0.349139 0.341451 0.288396
v -0.353965 0.335646 0.285912
v -0.375552 0.436397 0.555167
v -0.381232 0.438637 0.548585
v -0.370002 0.429436 0.560032
v -0.441434 0.222463 0.172604
v -0.445100 0.214496 0.170925
v -0.366387 0.423176 0.563923
v -0.341121 0.376293 0.571459
v -0.446305 0.209761 0.172800
v -0.337424 0.369650 0.581563
v -0.339336 0.358476 0.575879
v -0.351334 0.340666 0.563702
v -0.341059 0.365317 0.343228
v -0.361252 0.324391 0.560581
v -0.356605 0.461240 0.347645
v -0.375199 0.311066 0.545844
v -0.341084 0.354742 0.582065
v -0.355109 0.460054 0.340987
v -0.374748 0.314144 0.538001
v -0.361220 0.460053 0.329811
v -0.391188 0.296233 0.529681
v -0.367585 0.456152 0.328245
v -0.396366 0.288285 0.514247
v -0.372761 0.449317 0.309730
v -0.431328 0.227745 0.482176
v -0.407695 0.414900 0.280888
v -0.453668 0.151526 0.452476
v -0.404804 0.415456 0.275411
v -0.461752 0.112662 0.433034
v -0.410285 0.409281 0.271583
v -0.465682 0.013953 0.422518
v -0.461191 0.185078 0.172834
v -0.466582 -0.007284 0.419186
v -0.458530 0.186082 0.176073
v -0.466389 -0.008895 0.407654
v -0.457473 0.189652 0.171967
v -0.468784 -0.012452 0.404411
v -0.343481 0.351019 0.338847
v -0.520836 -0.031492 0.318451
v -0.341382 0.356600 0.354056
v -0.563967 -0.040668 0.265929
v -0.342612 0.371294 0.356062
v -0.572891 -0.039057 0.268606
v -0.570964 0.008085 0.246360
v -0.357556 0.458937 0.358643
v -0.358376 0.462517 0.352943
v -0.358991 0.462667 0.345534
v -0.381933 0.445509 0.325401
v -0.416337 0.409604 0.287703
v -0.420666 0.401754 0.275565
v -0.429330 0.388713 0.264720
v -0.468525 0.159361 0.183589
v -0.470197 0.176409 0.172876
v -0.470022 0.172343 0.174573
v -0.467915 0.163716 0.178433
v -0.462941 0.173556 0.185357
v -0.369290 0.430110 0.550748
v -0.345978 0.379733 0.354361
v -0.338670 0.360879 0.570507
v -0.346430 0.346493 0.332501
v -0.366596 0.424301 0.550197
v -0.371744 0.315497 0.269988
v -0.377545 0.439643 0.545840
v -0.378413 0.441606 0.539670
v -0.386038 0.440804 0.536222
v -0.396233 0.439489 0.515621
v -0.428346 0.417319 0.497777
v -0.444279 0.406651 0.463975
v -0.524107 0.313358 0.349707
v -0.546793 0.275174 0.319510
v -0.550005 0.267734 0.311812
v -0.554079 0.260269 0.308913
v -0.558339 0.252410 0.306492
v -0.561031 0.245687 0.302574
v -0.343384 0.352139 0.568948
v -0.399943 0.280752 0.493739
v -0.384544 0.445905 0.517768
v -0.369955 0.432599 0.542406
v -0.343387 0.354158 0.545032
v -0.465491 0.003778 0.396366
v -0.466875 -0.015803 0.370829
v -0.570062 -0.021598 0.253818
v -0.529849 0.297025 0.314425
v -0.465164 0.000079 0.370059
v -0.463724 -0.008123 0.355822
v -0.489440 -0.012371 0.193062
v -0.389497 0.450770 0.456602
v -0.377593 0.454333 0.479608
v -0.373811 0.452241 0.482154
v -0.340559 0.372294 0.497273
v -0.479250 0.044880 0.316937
v -0.462866 -0.020239 0.314343
v -0.641945 -0.052389 0.488822
v -0.427483 0.241849 0.394138
v -0.478898 0.036148 0.304664
v -0.471045 -0.031521 0.223253
v -0.537235 0.262322 0.606194
v -0.557345 0.237733 0.601017
v -0.551218 0.232253 0.617658
v -0.645047 -0.057841 0.436868
v -0.651729 -0.038612 0.387585
v -0.633418 0.138217 0.464746
v -0.653543 -0.018787 0.384742
v -0.549565 0.282183 0.528980
v -0.459873 0.321843 0.640666
v -0.466549 0.294441 0.651592
v -0.481497 0.278007 0.653911
v -0.488068 0.266626 0.656402
v -0.439399 0.035607 0.773565
v -0.542309 0.132920 0.686303
v -0.493598 0.250692 0.661259
v -0.499837 0.164873 0.697659
v -0.502721 0.116697 0.724795
v -0.458856 0.187293 0.666539
v -0.536689 -0.017857 0.226054
v -0.530524 -0.037091 0.245578
v -0.510860 0.027100 0.737849
v -0.494777 0.180456 0.693932
v -0.522442 0.075006 0.727065
v -0.587838 0.061018 0.670262
v -0.621684 0.036569 0.633520
v -0.612670 0.033902 0.647879
v -0.620504 -0.019621 0.628134
v -0.628983 0.019536 0.619779
v -0.382561 0.440741 0.541272
v -0.389220 0.441516 0.527129
v -0.558877 0.007373 0.696632
v -0.549639 0.011430 0.705473
v -0.447603 0.000683 0.769138
v -0.545636 0.022308 0.711723
v -0.434886 0.024077 0.753883
v -0.513157 0.122969 0.715029
v -0.495103 0.174056 0.695403
v -0.530912 0.184698 0.673023
v -0.493141 0.137324 0.716723
v -0.531792 0.064310 0.719906
v -0.487613 0.182791 0.694677
v -0.526174 0.020738 0.726417
v -0.525715 0.015089 0.724829
v -0.528998 0.006863 0.711845
v -0.529948 0.009843 0.717050
v -0.534715 0.006039 0.706802
v -0.539424 0.004500 0.701431
v -0.546120 0.007867 0.704405
v -0.550477 0.005968 0.699974
v -0.557680 0.003383 0.692570
v -0.575396 -0.010632 0.658013
v -0.595781 -0.022889 0.626822
v -0.616787 -0.037288 0.582962
v -0.621789 -0.039572 0.578304
v -0.630481 -0.040382 0.572845
v -0.630795 -0.042523 0.562853
v -0.637661 -0.038414 0.556316
v -0.645150 -0.004629 0.557400
v -0.639778 0.058805 0.578536
v -0.625296 0.111248 0.591840
v -0.626065 0.117804 0.582938
v -0.636309 0.084629 0.576392
v -0.647903 0.018920 0.547461
v -0.647786 -0.001195 0.543665
v -0.644967 -0.019113 0.549037
v -0.644703 0.062427 0.550140
v -0.642042 0.076929 0.554639
v -0.630078 0.112962 0.572841
v -0.619318 0.126009 0.594721
v -0.622559 0.137117 0.570271
v -0.650961 0.032890 0.518759
v -0.650674 0.003145 0.524731
v -0.651343 0.012009 0.520801
v -0.648785 -0.022777 0.518389
v -0.639449 -0.046354 0.524686
v -0.636881 -0.046288 0.533502
v -0.626247 -0.044497 0.545941
v -0.622575 -0.042901 0.549973
v -0.580814 -0.016047 0.636905
v -0.552549 -0.006795 0.633316
v -0.551952 -0.000871 0.677468
v -0.555569 -0.003652 0.664640
v -0.542449 0.000436 0.677339
v -0.544156 0.002300 0.691019
v -0.534643 0.002032 0.686962
v -0.531897 0.003902 0.699494
v -0.517807 0.005307 0.712061
v -0.511821 0.006547 0.719576
v -0.510103 0.008328 0.725649
v -0.514435 0.010005 0.726688
v -0.506692 0.011677 0.732205
v -0.504780 0.018057 0.739791
v -0.499424 0.013778 0.741150
v -0.496705 0.017652 0.748369
v -0.485500 0.017695 0.765155
v -0.453078 0.051944 0.701662
v -0.478645 0.018259 0.776123
v -0.488663 0.024287 0.764139
v -0.462880 0.072620 0.708256
v -0.487953 0.035329 0.768589
v -0.482213 0.037123 0.775594
v -0.487257 0.050123 0.769876
v -0.492989 0.053273 0.764057
v -0.496136 0.143306 0.711538
v -0.552869 0.083120 0.693993
v -0.521257 0.188356 0.678409
v -0.502978 0.202325 0.682465
v -0.491335 0.144937 0.712094
v -0.467952 0.076020 0.751493
v -0.482312 0.073526 0.763006
v -0.482252 0.225512 0.677629
v -0.535317 0.033766 0.719906
v -0.492371 0.087909 0.747874
v -0.476357 0.059919 0.771424
v -0.477855 0.005284 0.746828
v -0.373665 0.428890 0.579812
v -0.369356 0.425143 0.579470
v -0.365897 0.420651 0.582124
v -0.364716 0.416439 0.594566
v -0.403804 0.280425 0.541568
v -0.359600 0.409901 0.591786
v -0.388925 0.293462 0.558243
v -0.355825 0.326218 0.594844
v -0.350617 0.394818 0.601432
v -0.508950 0.004763 0.709583
v -0.538071 0.000499 0.664747
v -0.436815 0.007192 0.760550
v -0.626816 -0.045968 0.536177
v -0.639212 -0.053005 0.493729
v -0.626969 -0.049585 0.501964
v -0.577195 -0.018842 0.603564
v -0.517612 0.004571 0.676291
v -0.501842 0.006492 0.720708
v -0.452743 -0.000192 0.796515
v -0.477656 0.006593 0.757115
v -0.439521 0.010030 0.816278
v -0.494117 0.029190 0.757848
v -0.450502 0.029112 0.799297
v -0.466150 0.038358 0.787144
v -0.472145 0.066840 0.765328
v -0.477080 0.081922 0.755054
v -0.486009 0.108603 0.735578
v -0.479009 0.093164 0.742842
v -0.474272 0.091070 0.740307
v -0.436513 0.013976 0.812895
v -0.433616 0.016729 0.808315
v -0.503571 0.005403 0.697281
v -0.510074 0.005108 0.685354
v -0.644628 -0.054797 0.457132
v -0.643416 -0.056858 0.456836
v -0.633187 -0.056906 0.456395
v -0.437196 -0.000602 0.794079
v -0.489068 0.005895 0.727867
v -0.430240 0.015029 0.801036
v -0.462035 0.007553 0.798786
v -0.478149 0.026856 0.779454
v -0.468922 0.089078 0.729416
v -0.474765 0.107679 0.725542
v -0.477489 0.121730 0.721316
v -0.478988 0.139865 0.714077
v -0.479784 0.146141 0.710993
v -0.365249 0.407466 0.616304
v -0.483081 0.176559 0.694834
v -0.537640 0.069982 0.713390
v -0.481791 0.206224 0.689126
v -0.472918 0.198664 0.691437
v -0.472461 0.172957 0.689118
v -0.472004 0.158464 0.692998
v -0.504597 0.347597 0.451905
v -0.561229 0.268142 0.375624
v -0.591101 0.206604 0.333588
v -0.597032 0.190281 0.323810
v -0.598730 0.175160 0.308705
v -0.605100 0.165386 0.314851
v -0.475222 -0.006505 0.488316
v -0.472733 0.123779 0.710353
v -0.638149 -0.060396 0.443522
v -0.641745 -0.063335 0.414134
v -0.634467 -0.059947 0.431038
v -0.515877 0.001398 0.620062
v -0.480624 0.011258 0.678951
v -0.449459 0.017949 0.714222
v -0.437307 0.021500 0.745786
v -0.436992 0.031019 0.751410
v -0.457494 0.060957 0.695550
v -0.465270 0.079983 0.709115
v -0.469984 0.102613 0.697442
v -0.508007 0.126008 0.716655
v -0.460221 0.023896 0.799731
v -0.465758 0.180787 0.680257
v -0.441793 0.023592 0.732219
v -0.469628 0.208796 0.687739
v -0.473033 0.228276 0.678587
v -0.472936 0.254359 0.663674
v -0.460354 0.251844 0.665064
v -0.465490 0.175679 0.676644
v -0.441760 0.003563 0.764208
v -0.469907 0.118988 0.670376
v -0.595703 0.197016 0.332293
v -0.475698 0.013413 0.640776
v -0.648444 -0.009879 0.349247
v -0.639135 0.099933 0.371014
v -0.601906 0.205837 0.413896
v -0.632412 0.107261 0.340377
v -0.462399 0.016472 0.583054
v -0.459410 0.168129 0.611707
v -0.439527 0.216988 0.642680
v -0.430565 0.238422 0.647572
v -0.424981 0.288691 0.652333
v -0.434612 0.293322 0.655303
v -0.471017 0.196531 0.690512
v -0.461029 0.168853 0.621143
v -0.459254 0.067613 0.625441
v -0.637150 -0.061404 0.346008
v -0.646215 -0.010751 0.343670
v -0.630433 0.125225 0.361807
v -0.529346 0.307270 0.531792
v -0.640572 0.064411 0.337167
v -0.631305 -0.062429 0.342656
v -0.482453 0.003366 0.584796
v -0.463591 0.015969 0.598089
v -0.460966 0.030795 0.615853
v -0.468784 0.281570 0.656279
v -0.623454 -0.056491 0.327510
v -0.533200 0.284708 0.578859
v -0.650591 -0.044817 0.385383
v -0.616174 0.180605 0.478605
v -0.653961 -0.012111 0.475925
v -0.629711 0.126794 0.553118
v -0.642722 0.051229 0.338204
v -0.637216 -0.066706 0.356381
v -0.430039 0.306425 0.651997
v -0.433809 0.229416 0.646767
v -0.467391 0.009248 0.584711
v -0.631889 0.097812 0.330500
v -0.574955 0.255776 0.456672
v -0.618904 0.173233 0.436211
v -0.650491 0.045313 0.373869
v -0.465218 0.170693 0.672748
v -0.463004 0.245663 0.667534
v -0.476127 0.246461 0.666155
v -0.470215 0.112068 0.689701
v -0.470563 0.107917 0.672843
v -0.637579 0.061030 0.328349
v -0.426362 0.015204 0.781556
v -0.642179 -0.057947 0.453204
v -0.578288 0.063355 0.678240
v -0.652846 0.024768 0.502300
v -0.644541 0.047583 0.342180
v -0.427092 0.011724 0.782795
v -0.426337 0.018077 0.785494
v -0.369720 0.413842 0.610926
v -0.591296 0.198261 0.316804
v -0.373081 0.421930 0.596785
v -0.370489 0.421642 0.596166
v -0.436712 0.217769 0.514095
v -0.587661 0.197293 0.305195
v -0.566063 0.254166 0.346357
v -0.378248 0.429306 0.578088
v -0.363168 0.415604 0.589897
v -0.362129 0.414795 0.585868
v -0.572299 0.231082 0.310851
v -0.467177 -0.007267 0.435458
v -0.569532 0.232632 0.305145
v -0.468231 -0.010917 0.414839
v -0.469069 -0.014849 0.387186
v -0.469069 -0.014849 0.387186
v -0.466849 -0.014365 0.381354
v -0.466849 -0.014365 0.381354
v -0.541465 0.273703 0.297280
v -0.541465 0.273703 0.297280
v -0.539738 0.279324 0.303304
v -0.464430 -0.013755 0.367813
v -0.467224 -0.018579 0.353646
v -0.467224 -0.018579 0.353646
v -0.575647 0.052170 0.683401
v -0.464919 -0.018176 0.348171
v -0.464919 -0.018176 0.348171
v -0.464919 -0.018176 0.348171
v -0.462275 -0.015590 0.340852
v -0.580407 0.073939 0.673681
v -0.461119 -0.015358 0.328016
v -0.461119 -0.015358 0.328016
v -0.464258 -0.019675 0.330858
v -0.464258 -0.019675 0.330858
v -0.514035 0.304413 0.282675
v -0.460570 -0.017138 0.316919
v -0.460570 -0.017138 0.316919
v -0.459989 -0.014825 0.309733
v -0.459652 -0.017299 0.303942
v -0.459652 -0.017299 0.303942
v -0.461037 -0.020705 0.287805
v -0.461037 -0.020705 0.287805
v -0.459958 -0.015475 0.300292
v -0.653893 0.019393 0.490875
v -0.459824 -0.016159 0.285789
v -0.459824 -0.016159 0.285789
v -0.459955 -0.021194 0.276364
v -0.493627 0.327395 0.277192
v -0.514222 -0.017572 0.210556
v -0.489409 0.336358 0.285653
v -0.491231 0.332195 0.280908
v -0.459513 -0.019234 0.282120
v -0.459513 -0.019234 0.282120
v -0.459441 -0.018035 0.292337
v -0.459441 -0.018035 0.292337
v -0.460513 -0.013638 0.294152
v -0.459342 -0.024215 0.235256
v -0.459342 -0.024215 0.235256
v -0.514191 0.018453 0.200876
v -0.456220 0.374319 0.292950
v -0.508268 0.317211 0.293864
v -0.454752 0.374183 0.287434
v -0.462139 -0.018802 0.324310
v -0.462139 -0.018802 0.324310
v -0.461969 -0.017513 0.334600
v -0.461969 -0.017513 0.334600
v -0.460181 -0.029346 0.208778
v -0.483098 0.010365 0.186150
v -0.484419 0.019219 0.187036
v -0.484053 0.004453 0.187392
v -0.462515 -0.011837 0.342862
v -0.463149 -0.012994 0.349987
v -0.463149 -0.012994 0.349987
v -0.463149 -0.012994 0.349987
v -0.466555 -0.016750 0.364386
v -0.463688 -0.014776 0.357338
v -0.463688 -0.014776 0.357338
v -0.463688 -0.014776 0.357338
v -0.464139 -0.012190 0.361412
v -0.464139 -0.012190 0.361412
v -0.541551 0.275856 0.301380
v -0.541551 0.275856 0.301380
v -0.464918 -0.012351 0.374094
v -0.464918 -0.012351 0.374094
v -0.465740 -0.009404 0.384152
v -0.543725 0.275100 0.307017
v -0.336861 0.372519 0.179545
v -0.451883 0.198031 0.173794
v -0.450480 0.200512 0.170180
v -0.450569 0.201158 0.168613
v -0.450569 0.201158 0.168613
v -0.450569 0.201158 0.168613
v -0.339542 0.383100 0.187410
v -0.337976 0.377609 0.183365
v -0.335762 0.368048 0.176899
v -0.345323 0.415180 0.216680
v -0.346890 0.440824 0.245303
v -0.367654 0.445983 0.279058
v -0.367889 0.444898 0.275547
v -0.367889 0.444898 0.275547
v -0.349112 0.455646 0.269967
v -0.485813 0.078666 0.191180
v -0.461720 -0.023676 0.195686
v -0.459688 -0.027158 0.197720
v -0.459688 -0.027158 0.197720
v -0.464301 -0.028660 0.195416
v -0.452605 0.374500 0.282451
v -0.460338 -0.026974 0.227623
v -0.459326 -0.027515 0.218239
v -0.459765 -0.022872 0.255546
v -0.461850 -0.026192 0.249581
v -0.460397 -0.022785 0.265734
v -0.514811 -0.005963 0.207074
v -0.465362 -0.025550 0.193014
v -0.461790 -0.026656 0.193611
v -0.461790 -0.026656 0.193611
v -0.485005 0.057536 0.190230
v -0.461705 0.178141 0.178744
v -0.459176 -0.022678 0.242211
v -0.460885 -0.019512 0.298896
v -0.460885 -0.019512 0.298896
v -0.590187 0.197477 0.311932
v -0.557722 0.266219 0.343679
v -0.544881 0.283738 0.340006
v -0.340743 0.390383 0.193650
v -0.368363 0.420353 0.593619
v -0.430148 0.233664 0.524517
v -0.439214 0.210929 0.509577
v -0.466757 -0.004014 0.468951
v -0.512289 0.308554 0.285819
v -0.371669 0.440229 0.270423
v -0.563895 0.235977 0.295609
v -0.466582 -0.007284 0.419186
v -0.466389 -0.008895 0.407654
v -0.462866 -0.020239 0.314343
v -0.650961 0.032890 0.518759
v -0.364716 0.416439 0.594566
v -0.644628 -0.054797 0.457132
v -0.643416 -0.056858 0.456836
v -0.642722 0.051229 0.338204
f 970 2910 1031
f 2910 2 1031
f 1 1031 2
f 3182 38 1
f 1004 690 4199
f 1004 4199 38
f 4199 690 36
f 4199 36 967
f 693 4 967
f 966 4 3048
f 693 34 5
f 693 5 4
f 4198 3048 4
f 720 5 34
f 974 656 4198
f 974 4198 5
f 652 4211 656
f 652 656 974
f 4197 946 68
f 1034 4197 1114
f 1034 946 4197
f 949 613 9
f 7 718 999
f 33 4196 7
f 10 4196 33
f 653 978 32
f 71 12 4192
f 714 71 995
f 30 991 71
f 991 699 4195
f 991 4195 4207
f 699 29 4195
f 29 13 4195
f 27 14 13
f 27 13 29
f 14 1038 4195
f 14 72 1038
f 14 981 72
f 28 16 990
f 25 16 701
f 711 4181 15
f 25 704 710
f 713 4181 711
f 713 710 18
f 26 710 704
f 18 644 79
f 18 710 26
f 18 26 23
f 4193 18 23
f 19 958 1047
f 20 3197 707
f 3197 89 707
f 4213 89 634
f 89 82 634
f 89 2903 82
f 2903 3055 82
f 82 3055 1046
f 3055 22 1046
f 3055 21 22
f 4194 86 83
f 85 3158 84
f 4194 180 3050
f 3985 4194 2905
f 1795 21 3055
f 709 80 3175
f 80 4180 3175
f 4180 87 3175
f 4180 19 87
f 1047 24 19
f 24 642 3051
f 642 88 3051
f 642 705 88
f 4193 3052 2908
f 4193 23 3052
f 90 4179 704
f 92 91 989
f 92 989 627
f 92 627 29
f 1057 29 95
f 621 31 94
f 94 31 698
f 94 698 1062
f 1062 698 995
f 1062 995 4178
f 4178 995 4192
f 995 71 4192
f 4178 4192 97
f 97 4192 32
f 97 32 1061
f 1061 32 99
f 99 32 695
f 99 695 100
f 619 100 996
f 978 649 4191
f 619 996 1068
f 1068 996 4208
f 1068 4208 3150
f 3150 4208 998
f 1067 998 999
f 1067 999 102
f 102 9 613
f 613 195 102
f 613 949 3508
f 1034 1114 1117
f 35 34 103
f 103 34 1001
f 103 1001 1070
f 1070 1001 37
f 1070 37 106
f 690 1004 1071
f 1071 1004 1073
f 689 1073 1004
f 108 1073 689
f 108 689 2767
f 2767 3182 2
f 562 2767 107
f 2767 2 39
f 107 4190 40
f 39 2910 4190
f 686 4190 2910
f 40 1005 150
f 1006 109 1005
f 659 1006 1005
f 1006 659 684
f 609 1107 41
f 609 41 1077
f 1077 42 111
f 112 111 42
f 42 940 3045
f 42 3045 112
f 113 115 112
f 3045 66 113
f 4161 3177 453
f 113 66 4183
f 4189 113 4183
f 598 114 43
f 3181 3053 281
f 598 43 603
f 683 4189 660
f 2898 708 3035
f 603 43 121
f 119 1009 663
f 1169 60 266
f 1010 1026 663
f 1100 119 45
f 663 45 119
f 1100 45 44
f 1100 44 140
f 4184 663 62
f 44 1012 140
f 118 140 1012
f 118 1012 46
f 118 46 595
f 1012 680 4210
f 212 1168 1163
f 679 1012 4210
f 498 1024 510
f 48 595 46
f 48 46 47
f 47 679 2914
f 4210 2914 679
f 268 4188 2886
f 268 124 389
f 1085 48 1014
f 1085 1014 591
f 1168 4188 219
f 591 1014 49
f 49 1013 1022
f 126 591 49
f 126 49 668
f 668 49 1022
f 1084 126 668
f 1084 668 58
f 1084 58 674
f 123 1087 674
f 50 674 4186
f 674 50 127
f 54 50 4186
f 588 127 4187
f 128 592 4209
f 4209 669 53
f 51 4209 53
f 52 586 129
f 52 55 921
f 921 586 52
f 921 55 3498
f 3498 55 1017
f 1017 51 671
f 671 51 53
f 1020 53 3499
f 3499 53 669
f 3499 54 926
f 930 3518 4186
f 58 1021 930
f 1021 1022 3786
f 1022 56 3786
f 1013 676 666
f 3500 666 4185
f 3503 3500 4185
f 4185 4210 3503
f 59 3503 4210
f 2834 59 4184
f 4184 62 2834
f 2837 2834 62
f 2837 1026 934
f 62 663 2837
f 1026 2837 663
f 937 934 1026
f 937 1027 3502
f 3995 380 1100
f 1027 939 3502
f 1027 683 939
f 683 61 939
f 61 4183 936
f 63 938 936
f 63 936 4183
f 66 3045 63
f 684 940 41
f 684 2832 940
f 684 659 2832
f 659 2835 2832
f 659 1030 2835
f 686 1030 1005
f 1030 970 1031
f 970 686 2910
f 1031 1 2831
f 966 3048 2829
f 966 2829 65
f 3048 4182 2829
f 944 67 4211
f 8 3554 1035
f 1002 8 3525
f 3046 3783 4201
f 3509 649 653
f 3509 653 12
f 1038 3511 74
f 1038 72 3511
f 72 951 3511
f 72 4212 951
f 72 954 4212
f 72 73 954
f 75 3527 954
f 75 954 73
f 4181 713 641
f 713 18 79
f 713 79 641
f 644 18 1041
f 76 955 641
f 1041 18 1042
f 1041 956 955
f 1041 955 76
f 77 956 1041
f 78 1042 4193
f 77 1042 78
f 638 77 78
f 638 78 2908
f 705 638 2908
f 1015 642 1047
f 4180 958 19
f 4180 80 3781
f 20 707 81
f 4213 960 707
f 634 959 960
f 82 959 634
f 22 21 1049
f 2905 961 21
f 2905 4194 962
f 86 84 83
f 86 85 84
f 631 635 913
f 631 1833 635
f 775 635 1833
f 906 908 631
f 906 3790 908
f 1833 908 3790
f 3492 906 3158
f 4202 3492 741
f 3985 180 4194
f 745 3985 2905
f 3488 3985 745
f 3488 745 1793
f 178 3055 89
f 178 89 1133
f 3197 1133 89
f 3175 87 1129
f 1129 87 4214
f 4214 87 629
f 19 629 87
f 19 24 629
f 24 3051 182
f 24 182 629
f 3051 88 182
f 705 3113 88
f 3113 705 1054
f 3052 3245 2908
f 3052 4179 3245
f 23 4179 3052
f 23 704 4179
f 4179 90 2897
f 90 624 2897
f 92 1130 624
f 1055 174 92
f 174 1055 1057
f 174 1057 3191
f 3191 1057 93
f 1127 3191 93
f 1127 93 94
f 1127 94 175
f 175 94 625
f 175 625 172
f 172 625 1062
f 172 1062 96
f 172 96 170
f 172 170 546
f 170 618 1125
f 1125 618 98
f 1125 98 1121
f 1121 98 1064
f 165 615 1119
f 1119 615 619
f 1119 619 166
f 615 100 619
f 162 3150 101
f 101 3150 998
f 162 101 554
f 554 101 1067
f 1067 101 998
f 554 1067 161
f 161 1067 102
f 196 613 3508
f 524 1187 3525
f 159 103 4177
f 4177 103 105
f 4177 105 1113
f 1113 105 157
f 106 37 2902
f 106 2902 611
f 559 157 611
f 608 611 2902
f 608 2902 690
f 1071 608 690
f 1154 1071 1073
f 1154 1073 155
f 1073 108 155
f 155 108 566
f 562 108 2767
f 519 562 110
f 107 40 110
f 150 3054 151
f 109 151 3054
f 1109 151 109
f 1109 109 1107
f 568 1107 605
f 565 568 605
f 1106 111 147
f 570 147 115
f 252 1076 3154
f 1103 570 1078
f 115 1078 570
f 1079 703 4161
f 486 1178 1159
f 4159 117 225
f 372 1178 228
f 139 603 121
f 380 139 121
f 380 121 1009
f 353 1081 4092
f 4077 4075 315
f 602 1202 345
f 140 141 1100
f 140 118 138
f 1099 138 118
f 268 2886 124
f 118 120 1099
f 1099 120 595
f 1099 595 582
f 599 582 595
f 122 578 599
f 136 578 122
f 125 136 122
f 123 127 135
f 127 123 674
f 588 1095 127
f 592 588 4187
f 1091 584 1093
f 581 584 128
f 1090 128 51
f 129 133 581
f 129 581 1090
f 129 1092 132
f 129 132 133
f 910 3986 3493
f 3986 130 131
f 130 1787 1092
f 1092 1787 132
f 581 133 734
f 581 734 584
f 734 2838 584
f 584 2838 1093
f 1093 2838 1095
f 1095 1165 215
f 135 134 123
f 134 137 126
f 137 125 126
f 4217 214 136
f 214 506 136
f 119 380 1009
f 136 506 578
f 506 213 578
f 213 1164 582
f 582 1164 1099
f 1164 211 1099
f 211 138 1099
f 212 138 211
f 575 1741 142
f 212 510 138
f 141 138 510
f 1315 1741 1098
f 1076 1162 657
f 3995 141 210
f 3995 210 139
f 2883 142 4132
f 209 1161 508
f 3124 2889 4159
f 208 572 139
f 452 250 1307
f 208 513 116
f 207 116 513
f 3066 1354 2877
f 207 144 116
f 116 1103 1078
f 318 1701 3216
f 1202 602 3990
f 207 145 144
f 145 206 147
f 4175 146 206
f 146 148 1106
f 148 568 565
f 517 1109 568
f 205 151 1109
f 204 486 151
f 151 486 153
f 423 275 422
f 519 566 562
f 520 154 566
f 562 566 108
f 155 154 521
f 158 1154 198
f 198 1153 158
f 158 559 608
f 158 608 1071
f 197 156 1112
f 559 611 608
f 1150 1113 156
f 1150 156 197
f 2892 1113 1150
f 4177 1113 2892
f 525 4177 2892
f 557 4177 525
f 195 613 196
f 195 161 102
f 555 193 162
f 166 619 3150
f 166 3150 162
f 194 164 1119
f 1143 551 164
f 1143 164 190
f 188 168 551
f 188 1125 168
f 531 169 1125
f 531 546 169
f 531 547 546
f 173 187 1141
f 1127 173 3191
f 1804 4215 173
f 173 4215 3191
f 174 3191 4215
f 174 4215 92
f 543 4215 1137
f 1130 92 4215
f 1130 4215 543
f 2897 1130 543
f 624 1130 2897
f 3112 2897 186
f 176 3112 186
f 3245 3112 176
f 3245 176 2894
f 3113 2894 184
f 1054 2908 2894
f 1054 2894 3113
f 2908 3245 2894
f 3245 4179 3112
f 4179 2897 3112
f 4214 629 182
f 1129 4214 181
f 1129 3118 3175
f 1129 1052 3118
f 1052 183 1133
f 177 178 1133
f 177 3489 178
f 3489 3219 178
f 3219 1793 3055
f 178 3219 3055
f 901 3488 1793
f 179 539 180
f 538 743 1792
f 538 4202 743
f 4202 741 743
f 539 839 538
f 839 539 179
f 899 179 180
f 899 180 3488
f 747 3489 1797
f 4204 183 1135
f 750 1129 1801
f 1801 1129 181
f 181 182 759
f 4214 182 181
f 536 3113 1138
f 3113 184 1138
f 184 2894 1955
f 2894 3491 1955
f 2894 176 3491
f 176 186 3491
f 1137 3490 543
f 1804 173 1141
f 1804 1141 753
f 753 1141 187
f 189 547 3984
f 3984 531 532
f 531 1125 188
f 4203 188 755
f 188 551 1143
f 755 1143 190
f 755 190 756
f 190 164 194
f 917 190 191
f 190 194 191
f 191 194 527
f 191 527 529
f 529 527 1188
f 192 1188 554
f 4155 192 472
f 195 1148 235
f 4156 195 196
f 4156 196 4128
f 4128 196 3508
f 8 160 1259
f 476 525 2892
f 476 2892 1150
f 476 1150 233
f 233 1150 197
f 233 197 1183
f 1183 197 199
f 3061 199 523
f 1180 3222 4012
f 508 1309 706
f 200 521 520
f 3154 1076 241
f 712 3091 230
f 520 521 154
f 3091 1759 230
f 1155 1201 520
f 1155 520 566
f 1155 566 519
f 1155 203 1201
f 484 1759 4073
f 4073 203 4162
f 1159 4162 203
f 228 486 204
f 376 224 4142
f 517 205 1109
f 227 517 4220
f 148 517 568
f 1738 633 628
f 226 4220 4175
f 226 4175 4219
f 4175 148 146
f 1677 645 2843
f 4219 4175 449
f 515 449 4175
f 145 1158 206
f 1227 224 1226
f 576 3065 1283
f 223 515 1160
f 145 207 1158
f 636 692 3240
f 3065 3216 1283
f 223 1160 222
f 222 1160 513
f 1172 222 513
f 462 4174 1194
f 208 116 572
f 343 3124 143
f 319 250 280
f 494 1172 1170
f 4216 1170 1172
f 4216 208 139
f 2888 337 336
f 367 220 1311
f 1170 4216 4173
f 1283 345 1243
f 510 1024 4167
f 1163 498 510
f 4168 712 1079
f 1168 211 500
f 1164 218 211
f 218 1164 213
f 1167 218 213
f 502 1167 213
f 3991 648 2849
f 4217 1386 216
f 4171 4218 4217
f 732 728 1165
f 1163 510 212
f 4217 4218 1386
f 1386 1166 216
f 723 727 1675
f 214 4170 217
f 4170 1714 217
f 1714 434 217
f 217 434 1167
f 434 1227 1167
f 1167 1227 4169
f 1227 1226 4169
f 500 4169 1226
f 218 500 211
f 266 60 389
f 498 219 60
f 498 1163 219
f 1169 1024 60
f 4144 1169 438
f 371 437 4166
f 1169 4144 4167
f 4144 265 496
f 250 484 1307
f 1170 4173 496
f 496 265 1170
f 265 4145 1170
f 394 492 4166
f 4145 494 1170
f 4145 444 494
f 1174 444 445
f 444 1174 494
f 1172 1174 222
f 445 261 1174
f 1232 4138 427
f 1174 261 258
f 4115 492 394
f 1177 228 204
f 4085 1708 4081
f 258 1208 449
f 258 449 223
f 1293 490 331
f 449 4164 4219
f 4083 716 1738
f 452 4076 253
f 1178 1307 4162
f 4073 4162 484
f 370 453 3177
f 249 456 1104
f 456 1198 482
f 456 482 440
f 1180 482 231
f 245 482 1198
f 245 1196 231
f 245 231 482
f 1196 458 231
f 231 458 3164
f 1181 3164 1194
f 4168 480 117
f 242 1194 3164
f 4159 2889 1295
f 523 2889 3061
f 480 232 225
f 232 241 657
f 240 4158 233
f 463 478 343
f 1190 476 239
f 238 4157 1186
f 474 8 467
f 297 3508 1187
f 1189 236 235
f 235 472 161
f 1188 192 4155
f 1263 468 4154
f 299 1263 4154
f 299 4154 237
f 299 237 4128
f 4107 4128 3508
f 297 4107 3508
f 1187 524 296
f 296 524 474
f 467 8 1259
f 234 4157 295
f 295 4157 238
f 294 464 1257
f 464 1185 1190
f 3193 1257 239
f 284 308 4158
f 308 284 1279
f 284 4158 240
f 508 1161 1309
f 409 4010 4174
f 292 409 332
f 243 292 332
f 4130 3166 377
f 1295 3200 200
f 3200 521 200
f 1759 3091 201
f 243 244 290
f 1253 290 244
f 289 1253 246
f 289 246 457
f 289 457 4131
f 414 4131 457
f 414 457 247
f 414 247 248
f 414 248 286
f 1249 286 248
f 1249 248 249
f 1249 249 283
f 1104 251 249
f 4130 377 354
f 370 1202 3990
f 4073 1201 203
f 4163 4076 372
f 4134 423 1240
f 250 1242 280
f 1242 250 452
f 1741 4132 142
f 276 278 452
f 452 254 276
f 255 4134 254
f 4134 255 275
f 275 255 257
f 463 143 1162
f 275 257 1206
f 378 3994 1772
f 1236 1206 4153
f 261 445 447
f 426 1236 4153
f 1245 3990 602
f 451 372 227
f 1744 1677 3353
f 426 4153 447
f 446 426 447
f 281 3090 371
f 4132 3090 2883
f 427 446 445
f 1232 427 445
f 1223 430 1232
f 438 431 1224
f 124 2886 726
f 3237 1711 1684
f 1393 696 645
f 1226 2886 4143
f 673 1766 675
f 626 1684 1746
f 645 725 2843
f 210 4167 4173
f 124 726 965
f 1734 700 852
f 728 1777 4171
f 124 965 4018
f 4140 438 389
f 431 640 270
f 271 640 331
f 271 331 429
f 602 345 318
f 270 430 1223
f 409 4174 462
f 429 331 4138
f 430 4138 1232
f 4138 331 490
f 490 4137 4138
f 4137 427 4138
f 4137 490 329
f 329 272 4137
f 272 446 4137
f 670 1706 721
f 272 329 1291
f 272 1291 4136
f 1291 327 4136
f 3177 393 229
f 327 1289 4136
f 242 3164 458
f 4136 1289 1236
f 388 1236 1289
f 1236 388 4135
f 4135 388 422
f 324 422 388
f 427 4137 446
f 422 324 423
f 4121 423 324
f 423 4134 275
f 4121 322 423
f 322 1240 423
f 1240 322 646
f 4086 277 646
f 321 320 277
f 320 576 2882
f 4159 1295 117
f 346 1281 344
f 1192 478 463
f 279 1273 1081
f 343 1183 3061
f 1273 282 4092
f 152 318 202
f 314 287 285
f 4123 414 287
f 4123 313 4131
f 4123 4131 414
f 312 288 313
f 3058 290 288
f 3058 288 312
f 291 290 3058
f 3059 291 3058
f 4129 291 3059
f 2884 4129 3059
f 293 4129 2884
f 3183 293 381
f 293 3183 409
f 1179 252 3799
f 279 209 1273
f 4108 474 1259
f 4107 297 4055
f 1269 298 305
f 300 468 1263
f 767 916 4126
f 4127 302 4126
f 2875 302 303
f 402 298 1269
f 402 1269 304
f 304 1269 305
f 304 305 1325
f 305 306 1325
f 1321 4057 357
f 4109 4125 1319
f 1257 3193 4125
f 3193 308 4124
f 309 354 355
f 1279 398 309
f 1081 398 279
f 1081 353 4130
f 4092 282 4112
f 381 4111 1098
f 310 351 620
f 310 311 351
f 3056 480 3222
f 351 311 1313
f 1313 311 1275
f 1313 1275 3089
f 4113 3089 1275
f 4113 1275 312
f 4113 312 4122
f 1162 3194 657
f 484 221 1759
f 229 393 221
f 3065 342 3216
f 370 319 1202
f 1279 309 308
f 338 4117 321
f 1285 338 321
f 4118 1285 694
f 325 336 4120
f 326 325 388
f 327 4119 326
f 490 1293 330
f 462 332 409
f 1176 1683 2836
f 667 633 724
f 3062 639 1771
f 2879 4132 1315
f 3090 4132 1337
f 293 409 292
f 675 1748 1732
f 329 330 328
f 382 3353 803
f 1179 335 508
f 1711 269 665
f 441 721 723
f 648 630 691
f 328 3240 4119
f 4119 3240 3242
f 4119 3243 336
f 326 336 325
f 3243 2888 336
f 232 448 241
f 2888 651 337
f 336 337 4120
f 337 651 4118
f 651 339 4118
f 4118 339 338
f 338 1303 4117
f 696 441 1675
f 4117 340 321
f 4091 2877 341
f 654 4069 650
f 398 354 309
f 2877 1354 341
f 341 1354 4116
f 1183 343 478
f 202 3216 4115
f 1311 375 4074
f 4072 1305 367
f 200 201 3091
f 4166 437 394
f 316 314 1281
f 394 344 1281
f 344 437 369
f 463 1162 1309
f 152 1245 318
f 1281 346 316
f 316 346 4122
f 369 347 344
f 346 347 4113
f 348 347 369
f 346 4113 4122
f 3194 4159 225
f 2879 350 1337
f 4112 317 220
f 280 1202 319
f 1098 1741 352
f 368 317 1757
f 4110 377 365
f 4102 355 4110
f 379 1319 4102
f 364 1319 379
f 363 4057 1321
f 1323 359 358
f 1327 306 360
f 4106 361 383
f 3974 1267 304
f 787 3974 362
f 897 362 383
f 897 383 788
f 383 361 788
f 789 361 1327
f 4052 789 1327
f 4052 1327 387
f 387 1327 360
f 387 360 1412
f 1412 360 1323
f 1412 1323 385
f 385 1323 4105
f 385 4105 4054
f 4054 4105 4055
f 3165 4055 1187
f 296 4108 4056
f 4056 4108 4057
f 4057 363 4059
f 4174 4104 1194
f 1181 4104 3056
f 363 1321 4103
f 4161 703 3177
f 4062 364 4063
f 364 379 4063
f 4063 379 4064
f 4102 4110 4065
f 4065 365 4066
f 4066 365 4068
f 365 366 4068
f 341 259 3065
f 199 3061 1183
f 1305 4071 367
f 4072 367 1311
f 375 368 575
f 2883 3053 142
f 349 1337 350
f 1180 4012 440
f 1337 349 369
f 348 369 349
f 371 369 437
f 4076 1307 1178
f 4166 3035 371
f 1317 352 1757
f 155 521 3200
f 492 2898 4166
f 319 3177 229
f 708 2898 3027
f 3066 3027 1354
f 3029 3066 2877
f 373 3029 374
f 1383 4091 1303
f 697 373 1384
f 1383 1303 4087
f 651 1387 1355
f 2888 4090 651
f 373 1383 4087
f 339 4087 1303
f 4018 432 4140
f 1701 318 345
f 202 318 3216
f 1076 706 1162
f 4114 647 1690
f 3991 1746 1684
f 3991 3246 1748
f 436 334 441
f 804 2862 2860
f 1734 262 700
f 3994 637 435
f 260 269 378
f 2836 626 1746
f 4114 650 4071
f 2836 717 1687
f 700 267 809
f 643 435 637
f 382 1732 1748
f 382 1744 3353
f 3240 328 636
f 4080 697 256
f 373 697 1705
f 4079 3029 1705
f 697 4080 1705
f 4080 1742 647
f 3029 4079 3066
f 3066 4079 4078
f 647 4078 4079
f 1690 647 1763
f 3027 3066 4078
f 4114 4077 647
f 3035 4166 2898
f 315 4075 4072
f 315 4078 4077
f 1338 367 715
f 4133 4074 3181
f 1279 279 398
f 4075 4114 1305
f 3035 3181 281
f 3053 4074 375
f 523 198 2889
f 4072 4074 315
f 4068 366 4070
f 4021 4064 1695
f 4021 1695 4022
f 4024 4063 4023
f 4061 4063 4024
f 3218 4059 4058
f 3218 4057 4059
f 4029 296 4056
f 415 296 4029
f 3165 1187 4030
f 385 4054 384
f 4053 1412 386
f 4052 387 4053
f 1413 3481 3201
f 1413 3201 897
f 3478 3481 397
f 3478 895 3481
f 1846 4051 1415
f 877 1846 399
f 4050 3136 4048
f 4048 3136 785
f 876 880 4043
f 876 4043 3480
f 3477 3480 2868
f 2863 3480 3477
f 874 3477 3135
f 874 3135 390
f 4045 4206 390
f 4045 2798 4047
f 2798 2871 3475
f 391 2871 3138
f 392 3138 1849
f 1421 887 1849
f 3138 3476 1421
f 2798 4038 4046
f 2798 4046 2871
f 4045 4038 2798
f 4045 3070 4038
f 390 3135 1423
f 3135 4044 401
f 3135 401 395
f 3135 2868 4044
f 3477 2868 3135
f 2868 3480 4044
f 3480 4043 4044
f 4043 3479 3072
f 880 3479 4043
f 3479 3136 3072
f 3479 785 3136
f 3067 3136 396
f 1428 399 1415
f 1415 4051 397
f 1415 397 1428
f 1428 397 408
f 1428 408 4042
f 3136 2867 4040
f 4040 2867 3224
f 399 4041 396
f 3067 396 4041
f 3067 4041 2867
f 3136 3067 2867
f 4043 3072 400
f 3069 4043 400
f 401 4044 4043
f 3069 401 4043
f 1433 395 401
f 4046 3068 871
f 3476 871 3474
f 3138 4046 3476
f 3070 1514 3068
f 403 487 3070
f 405 1512 403
f 405 1438 1512
f 4039 1433 1438
f 403 4039 405
f 401 3069 1433
f 3136 3224 3072
f 3136 4040 3224
f 399 4042 3081
f 4042 408 2857
f 4042 2857 3192
f 477 4034 410
f 4034 2857 3106
f 4034 3129 1444
f 4032 3800 1444
f 1444 3129 4033
f 4033 3813 4032
f 3800 4032 3813
f 3800 3813 473
f 473 3813 412
f 4033 2851 411
f 4033 411 3813
f 3129 3079 2851
f 3129 2851 4033
f 3129 3078 3079
f 2855 3077 3106
f 397 3481 2855
f 3106 3077 3074
f 3106 3074 4034
f 3077 2853 3078
f 3077 3078 3074
f 3074 3078 3129
f 3074 3129 4034
f 2855 3106 2857
f 2855 2857 408
f 152 283 1245
f 397 2855 408
f 1759 1201 4073
f 3481 3077 2855
f 3077 3481 1413
f 3077 1413 4052
f 3077 4052 4053
f 3077 4053 2853
f 2853 4053 3078
f 3078 4053 386
f 3078 386 385
f 3078 385 3079
f 3079 385 2851
f 2851 385 384
f 2851 384 411
f 411 4055 4031
f 473 412 1499
f 1499 412 413
f 1499 413 1498
f 4031 4055 3165
f 4031 3165 4030
f 413 416 1498
f 4030 1187 415
f 1498 416 470
f 416 415 469
f 415 4029 469
f 469 4029 1493
f 1493 4029 466
f 4029 417 466
f 466 417 465
f 4029 4056 417
f 417 1489 465
f 4056 4028 1489
f 4056 3218 4028
f 1489 4028 461
f 4028 418 461
f 461 418 459
f 4028 3218 418
f 459 418 1486
f 418 1454 1486
f 418 419 1454
f 1486 1454 455
f 1454 419 1482
f 1454 1482 455
f 419 1457 1482
f 418 3218 419
f 419 420 1457
f 1457 4027 450
f 1457 450 1482
f 2883 281 3053
f 420 421 4027
f 4027 4026 4008
f 4026 4009 4008
f 4026 4025 4009
f 273 4025 4026
f 4025 425 424
f 263 4009 424
f 4024 4023 425
f 425 428 424
f 4023 4021 428
f 428 3094 263
f 428 263 424
f 4023 4063 4021
f 4022 655 4020
f 381 3799 3183
f 4020 658 4019
f 2836 1672 1176
f 4083 1738 628
f 1750 717 691
f 2843 262 1734
f 670 721 334
f 2860 1734 852
f 1772 3994 692
f 2862 1737 2860
f 1703 1666 633
f 3993 432 4014
f 4011 1473 439
f 706 252 1179
f 4013 1176 637
f 2860 2843 1734
f 4016 4085 4081
f 4016 1772 330
f 256 697 433
f 4018 965 724
f 4160 4012 3222
f 1711 3237 269
f 612 614 442
f 648 691 2849
f 1737 1677 2843
f 4161 4012 1079
f 350 620 351
f 4008 1659 1661
f 4008 1661 1657
f 450 4008 1657
f 450 1657 454
f 455 450 454
f 460 455 454
f 1583 1486 460
f 465 1488 544
f 466 465 545
f 466 545 1585
f 469 1492 1587
f 1497 469 1587
f 1497 1587 1589
f 470 1497 1589
f 1593 1498 471
f 475 3800 473
f 475 473 1503
f 1505 477 410
f 1505 475 3083
f 1505 3083 497
f 495 1505 497
f 495 3192 1505
f 3204 3192 495
f 1507 3204 495
f 2867 4035 3230
f 2867 3230 479
f 1509 2867 479
f 479 3117 1509
f 3351 481 483
f 4035 3204 1507
f 3192 3081 4042
f 3081 3192 3204
f 4035 3081 3204
f 3224 2867 1509
f 407 3224 1509
f 407 1509 3351
f 3072 407 3351
f 400 3072 3351
f 3069 400 3351
f 3199 1514 487
f 3199 488 1514
f 1517 489 488
f 871 489 3474
f 3199 1517 488
f 3199 3063 1517
f 3210 1512 1518
f 481 1509 3117
f 483 481 3117
f 1512 3210 3063
f 3199 487 1512
f 3199 1512 3063
f 485 3172 1512
f 485 1510 3172
f 1510 483 3178
f 1510 3178 3172
f 483 3117 3178
f 479 3230 3117
f 3117 3230 3207
f 1524 3207 1522
f 1524 495 497
f 1524 497 505
f 2847 504 497
f 504 2847 1526
f 504 1526 1534
f 1526 499 1528
f 1526 1528 501
f 499 1503 1528
f 497 3083 2847
f 2847 3083 499
f 2847 499 1526
f 3083 475 499
f 1503 499 475
f 1528 553 501
f 1534 1526 501
f 1530 501 553
f 518 503 1530
f 1532 503 516
f 505 504 1532
f 505 1532 516
f 3179 505 514
f 493 3179 3178
f 1518 3233 509
f 509 1538 3173
f 491 507 1518
f 491 1520 507
f 3117 3207 493
f 3179 1524 505
f 1524 3179 3207
f 493 3207 3179
f 1520 3178 1537
f 1518 507 3233
f 3063 1518 509
f 3063 509 511
f 511 509 3173
f 511 3173 1542
f 1540 511 1542
f 3173 1538 3171
f 1537 3178 1544
f 4005 1546 1562
f 3178 514 1544
f 1546 1547 1562
f 1547 516 1563
f 516 1549 1563
f 503 518 1549
f 518 1530 1550
f 4004 1550 1595
f 522 4004 577
f 1562 522 577
f 1562 577 1621
f 1552 1562 1621
f 1553 1562 1552
f 4002 528 1559
f 1556 1559 1557
f 526 1556 1557
f 526 1557 1567
f 1565 1556 526
f 1565 4002 1556
f 4002 530 528
f 4005 1562 530
f 512 4005 530
f 512 530 4002
f 3171 512 4002
f 3173 3171 1565
f 1565 526 1542
f 533 1542 526
f 864 533 1569
f 1569 1567 535
f 864 1569 534
f 534 1569 535
f 3473 864 534
f 534 535 868
f 534 868 3470
f 1572 868 535
f 535 1567 1573
f 1572 537 678
f 4001 1721 678
f 4001 678 537
f 1721 4001 607
f 4001 1575 1647
f 604 540 1609
f 1577 1579 1640
f 1579 541 1640
f 541 1579 600
f 541 600 542
f 541 542 460
f 460 454 541
f 454 616 1640
f 454 1640 541
f 1577 1640 616
f 1645 1643 606
f 4001 1647 607
f 1727 1721 677
f 1721 1651 677
f 1647 610 1651
f 1663 1667 1645
f 1650 610 1667
f 3062 433 1384
f 1732 382 803
f 1673 1650 1669
f 1675 267 725
f 1673 1669 630
f 632 1718 1727
f 4165 269 4013
f 630 1717 1718
f 3246 1680 1744
f 4017 4141 3064
f 1712 333 722
f 1708 260 4081
f 4141 4017 1672
f 1672 4017 4000
f 4017 3064 1764
f 1738 716 633
f 1717 630 648
f 4019 274 264
f 4015 4083 645
f 4088 1714 4170
f 612 442 2839
f 4076 4163 253
f 1772 4016 378
f 2843 2860 1737
f 3064 1663 612
f 1386 4218 3239
f 3154 4010 252
f 1769 4089 274
f 670 1297 672
f 1764 2839 4089
f 3998 658 654
f 4083 628 436
f 650 664 3998
f 4218 4171 3239
f 667 1691 623
f 4016 1293 4085
f 3992 3239 1777
f 4084 667 623
f 1176 1672 1771
f 685 1717 673
f 675 685 673
f 721 1706 3239
f 685 1718 1717
f 681 1722 1727
f 1722 678 1721
f 1722 1721 1727
f 3469 1572 678
f 3469 678 1722
f 3469 1722 681
f 3469 681 1724
f 1724 682 688
f 682 685 688
f 2844 1724 688
f 2844 858 1724
f 3469 858 687
f 1731 687 858
f 1731 858 1728
f 1961 687 1731
f 801 1958 1961
f 801 1961 1731
f 1732 2844 688
f 1728 1732 803
f 640 1708 331
f 267 700 262
f 1775 702 1712
f 4141 1687 1750
f 1684 716 1680
f 623 1691 1297
f 662 1663 3064
f 667 4084 628
f 264 274 439
f 850 333 702
f 317 1311 220
f 4081 260 378
f 1771 637 1176
f 1384 433 697
f 1338 715 3166
f 119 1100 380
f 1393 645 4083
f 651 4087 339
f 330 329 490
f 3053 3181 4074
f 730 637 1771
f 724 965 1691
f 4119 3242 3243
f 4018 4014 432
f 1690 650 4114
f 703 393 3177
f 3246 1684 1680
f 1744 1748 3246
f 716 1684 1711
f 431 432 1175
f 730 1771 639
f 3062 1771 433
f 724 633 1666
f 664 1763 722
f 1711 665 1703
f 2849 691 717
f 730 643 637
f 1717 648 673
f 3999 4014 4018
f 2836 1683 626
f 665 1666 1703
f 330 1772 328
f 626 1683 1684
f 4013 269 3237
f 4165 3994 378
f 1229 3064 4141
f 665 269 260
f 4090 639 1387
f 4013 1683 1176
f 1387 639 1384
f 1708 640 1175
f 1229 662 3064
f 1667 1229 1650
f 3353 1737 2862
f 3994 4165 4013
f 3240 435 3242
f 3243 3242 643
f 854 803 3353
f 433 1775 661
f 4017 1764 702
f 441 1393 436
f 4085 331 1708
f 691 1669 4082
f 3991 2849 1746
f 4141 1750 1229
f 726 1226 224
f 1667 662 1229
f 636 1772 692
f 435 3240 692
f 1691 965 376
f 650 1690 1763
f 4083 1680 716
f 439 4089 4011
f 1683 3237 1684
f 4170 1166 4088
f 1293 4016 330
f 4089 2839 442
f 725 696 1675
f 1683 4013 3237
f 658 3241 4019
f 4081 378 4016
f 805 852 809
f 274 3241 1769
f 267 729 809
f 4171 1777 3239
f 376 4142 1691
f 1297 719 623
f 333 850 722
f 1776 267 727
f 1776 727 3989
f 729 267 1776
f 1896 832 953
f 3989 3992 1777
f 1386 3239 1706
f 723 3992 727
f 4088 1706 670
f 733 3989 1777
f 4200 1781 732
f 2838 1165 1095
f 952 1779 731
f 735 953 736
f 1790 736 737
f 735 736 1790
f 742 735 1790
f 738 735 742
f 742 2833 1895
f 2833 742 947
f 947 1790 739
f 2833 947 2919
f 2833 2919 775
f 775 1895 2833
f 775 2919 635
f 2919 3494 635
f 3789 912 947
f 918 3789 910
f 918 3495 912
f 912 915 3494
f 915 973 3494
f 915 912 3495
f 919 3496 921
f 3497 918 3493
f 3497 3493 3788
f 3788 3493 586
f 3788 586 3496
f 3496 586 921
f 3514 3498 3515
f 977 3499 3517
f 3499 3501 3517
f 3501 926 929
f 926 4186 3518
f 3518 930 3777
f 983 17 3786
f 3777 3786 17
f 3786 931 983
f 3786 56 931
f 986 931 666
f 666 3503 986
f 3503 932 3775
f 987 3775 932
f 2840 934 3774
f 2834 2837 2840
f 988 3774 934
f 934 3785 988
f 939 3785 3502
f 939 61 936
f 63 992 3504
f 63 3504 938
f 63 940 3120
f 940 3520 3120
f 2835 1030 1031
f 943 3114 3505
f 943 3505 2831
f 2831 1 65
f 945 2829 2841
f 2829 942 2841
f 942 67 3507
f 740 994 3507
f 740 3507 3784
f 3523 994 740
f 946 1000 3523
f 3554 1059 946
f 1002 3554 8
f 4201 948 1003
f 4201 1003 3557
f 2827 3773 948
f 2842 1007 3527
f 3782 1007 2842
f 956 1008 3528
f 956 3528 3782
f 77 3510 956
f 3510 1008 956
f 3510 77 3772
f 3530 3772 77
f 3530 77 638
f 2825 3530 638
f 2825 638 957
f 1015 3512 642
f 958 3533 1015
f 709 81 1080
f 1046 1049 1082
f 1049 961 1016
f 962 964 3780
f 83 84 963
f 84 971 968
f 971 3534 968
f 971 3158 3534
f 906 969 3535
f 969 913 1019
f 913 3779 1019
f 3494 973 3779
f 973 915 972
f 3767 919 3514
f 975 3515 3778
f 3515 3498 924
f 3515 924 3778
f 3778 924 976
f 924 3787 976
f 976 3787 3516
f 3787 925 3516
f 3516 925 977
f 3516 3517 1029
f 3517 929 979
f 3517 979 1032
f 929 1033 979
f 1036 3765 980
f 3544 1036 980
f 980 982 3544
f 3544 982 2822
f 985 2822 982
f 3776 2845 985
f 2822 985 2845
f 3776 986 2845
f 1039 2845 986
f 931 986 3776
f 986 984 1039
f 984 986 3503
f 984 3775 1039
f 1040 1039 3775
f 3503 3775 984
f 3775 3764 1040
f 3774 988 1043
f 1044 1043 988
f 3548 1044 988
f 3785 939 3763
f 3763 939 1048
f 939 936 3504
f 939 3504 1048
f 992 63 3120
f 3520 940 3189
f 2832 993 3231
f 993 1031 3098
f 3114 943 945
f 2841 942 3521
f 942 3507 3521
f 997 3522 3762
f 1056 3524 1000
f 3557 1063 70
f 3557 1003 1066
f 3773 3526 1065
f 3773 1065 948
f 3526 3773 2827
f 71 3925 3190
f 71 3190 3509
f 1007 1069 3760
f 3560 1069 1007
f 1008 3510 3772
f 3759 3560 1008
f 1011 1072 3759
f 1011 3759 3529
f 3771 1072 1011
f 3531 3532 3512
f 1015 1152 3564
f 3533 3781 3563
f 3781 1080 3565
f 81 959 1156
f 959 1082 1156
f 959 1046 1082
f 1049 3566 1082
f 1016 3513 3770
f 3513 3780 3770
f 83 963 1086
f 963 968 3568
f 968 3534 3568
f 3534 906 1089
f 3534 3158 906
f 3779 973 3536
f 3537 3768 3538
f 3539 3538 1025
f 1025 3788 1023
f 3767 3514 3515
f 3768 3540 3576
f 3767 3515 2818
f 2818 3515 975
f 2819 975 2814
f 2814 975 1028
f 1028 976 2812
f 2812 3541 2850
f 1029 3517 1032
f 1029 3766 3541
f 1032 979 3542
f 2854 3543 979
f 979 3765 2854
f 3765 2808 2854
f 1036 3544 2856
f 2806 2856 3545
f 3544 3545 2856
f 2858 2806 3545
f 3544 2822 3545
f 3545 1037 2858
f 1037 3545 2845
f 2822 2845 3545
f 1037 3808 2858
f 3808 1037 2845
f 2845 1039 3808
f 2802 1043 3802
f 2859 3802 1043
f 1043 1044 2859
f 3547 2859 1044
f 3547 1045 1123
f 1044 3548 3547
f 1045 3547 3548
f 3504 992 1050
f 1050 2861 3504
f 1050 2865 2861
f 1050 3120 2865
f 3120 3520 3549
f 2866 3085 3189
f 2866 2832 3231
f 3231 993 3098
f 3114 1131 3505
f 3114 3519 1051
f 1051 3519 2841
f 1051 2841 3552
f 3552 997 3762
f 3553 3761 3593
f 3553 3593 1053
f 3551 1136 3593
f 3551 3593 3761
f 1058 3594 1136
f 1058 1136 3551
f 1059 1140 3594
f 1059 3594 1058
f 1142 1140 1059
f 1002 3639 3554
f 3525 3659 1002
f 1060 1144 3555
f 948 1066 1003
f 1065 3597 1145
f 1069 3560 1147
f 1069 1147 3689
f 3560 1215 1147
f 3558 1215 3560
f 1072 3771 1074
f 3771 3561 1074
f 3561 3599 3558
f 3561 3558 1074
f 3532 3561 3771
f 3561 1149 3599
f 3532 3531 1075
f 3532 1075 3561
f 3562 3600 1149
f 3562 1149 3561
f 3161 3600 3562
f 3758 1075 3531
f 3758 3531 3564
f 1152 2872 3758
f 3533 3602 3601
f 3781 3565 3563
f 81 3565 1080
f 81 1156 3565
f 1156 1082 3730
f 3566 1016 1157
f 1016 3770 1157
f 3780 3567 3755
f 1086 3568 3567
f 1089 3569 3534
f 1089 1088 3569
f 3535 3571 3573
f 969 1019 3769
f 969 3769 3571
f 3769 3779 1096
f 3757 3539 1025
f 3757 1094 3214
f 3570 3767 3170
f 1094 3757 3572
f 3572 3570 3578
f 3572 3578 3577
f 1094 3572 3577
f 3576 3575 1096
f 3769 1096 3575
f 1097 3571 3769
f 3573 3571 1097
f 3535 969 3571
f 1097 3606 3573
f 1097 3607 3606
f 1097 3574 3607
f 3574 3750 3607
f 3575 3749 1101
f 3575 1102 3749
f 3576 3214 1102
f 1102 3609 3749
f 1102 1105 3747
f 1102 3747 3609
f 3576 3540 3214
f 1094 3577 1105
f 1105 3746 3747
f 1105 3577 3746
f 3577 3612 3746
f 3578 3570 3170
f 3170 3579 3578
f 3578 1108 3612
f 1108 1110 1171
f 1110 3579 3616
f 3579 3170 2846
f 3579 2846 3616
f 3616 2846 2848
f 2848 2819 1111
f 2819 2814 1111
f 3581 3619 3618
f 1111 1028 3581
f 3581 1028 3756
f 3581 3756 3740
f 3756 3620 3740
f 1028 3580 3756
f 1028 2852 3580
f 3580 3621 3620
f 2852 2850 3582
f 2810 3582 2850
f 3621 3582 3622
f 3582 3623 3622
f 3582 2810 3623
f 2810 1115 3623
f 3766 1032 3542
f 3170 3767 2818
f 3170 2818 2846
f 2846 2818 2848
f 2818 2819 2848
f 1111 2814 1028
f 1028 2812 2852
f 2812 2850 2852
f 3541 2810 2850
f 3541 3766 2810
f 3766 3542 2810
f 1116 2810 3542
f 1116 1184 1115
f 1116 3583 1184
f 2854 3542 3543
f 3583 3624 1184
f 3585 2854 2808
f 2808 1036 3585
f 3585 3625 1118
f 1036 1120 3585
f 1036 2856 1120
f 2870 1120 2856
f 3807 2870 2856
f 2856 2806 3807
f 2806 2858 3584
f 3586 3584 2858
f 2858 3808 3586
f 3629 3586 3808
f 3808 3546 3629
f 3104 3629 3546
f 3546 3102 3104
f 2869 3104 3102
f 3102 2802 2869
f 3802 2869 2802
f 2859 1123 1195
f 1123 3631 1195
f 1123 1124 3631
f 1123 1045 3587
f 1123 3587 1124
f 1045 1048 3587
f 1126 3589 3587
f 2865 3120 3634
f 1128 2790 3085
f 2866 1205 1128
f 3231 3098 3588
f 3547 1123 2859
f 3098 3550 3835
f 2794 1134 3591
f 3592 1136 3636
f 3592 3636 2933
f 1139 1207 3636
f 1139 3636 1136
f 1139 3595 1211
f 1139 1211 1207
f 1210 3637 1211
f 1210 1211 3595
f 1002 3705 3639
f 3190 3597 1065
f 4151 3689 1962
f 1151 3600 3161
f 1151 3161 3758
f 1151 3732 4149
f 1151 4149 3600
f 4176 1218 3732
f 4176 3732 1151
f 3758 4148 1218
f 3758 1218 4176
f 2872 4148 3758
f 2872 3731 4148
f 3601 3602 3731
f 3602 3563 1219
f 3563 4147 1219
f 3565 4147 3563
f 1156 1276 3565
f 3603 1278 1220
f 1082 3566 3603
f 3566 1157 3603
f 1157 3770 3663
f 3770 1083 1221
f 1083 3755 1221
f 3755 3604 1221
f 3567 3568 3604
f 3568 3753 3604
f 3754 3569 3753
f 1088 3752 3569
f 1088 3573 3752
f 1088 3535 3573
f 3752 3606 3751
f 3751 3607 3665
f 3607 3750 3728
f 3750 3574 1101
f 3750 3726 3727
f 3750 3608 3726
f 1101 3749 3608
f 3608 3748 3642
f 3608 3642 3726
f 3748 3610 2786
f 3747 3611 3610
f 3610 3031 2786
f 3610 3611 3031
f 3611 2785 3031
f 3611 3745 2785
f 3745 3032 2785
f 3577 3578 3612
f 3745 3613 3614
f 3745 3614 3032
f 3614 1171 3723
f 3614 3723 3645
f 1110 3615 1171
f 1173 3722 3723
f 1173 3615 3744
f 1110 3616 3615
f 3744 3743 1239
f 3744 1239 3646
f 3616 2848 3743
f 3743 2848 3742
f 3617 3647 1239
f 3617 1239 3743
f 2848 1111 3742
f 3617 3742 3647
f 3618 3742 1111
f 3742 3741 3647
f 3581 3740 3619
f 3739 3620 1241
f 3756 3580 3620
f 3620 3649 1241
f 3620 3738 3649
f 3649 3738 3720
f 3738 3622 3720
f 1244 3720 3622
f 1244 3622 3719
f 3623 3719 3622
f 1247 3719 3623
f 3623 1182 1247
f 1182 3653 1247
f 1182 3718 3653
f 3718 3737 1250
f 3654 1250 3737
f 3737 3736 3654
f 1252 3654 3736
f 3585 3626 3625
f 3655 1252 3736
f 3585 2870 3626
f 3735 3626 2870
f 3736 3735 3655
f 2870 3627 3735
f 3734 3655 3735
f 3807 3628 3627
f 3807 1191 3628
f 3807 3156 1191
f 2876 1191 3156
f 3156 3629 2876
f 3629 3104 1193
f 3104 2869 1193
f 3802 1193 2869
f 3630 3802 2859
f 2859 1195 3630
f 1197 3632 1260
f 3587 3589 3632
f 3589 3096 3632
f 3589 1199 3096
f 3504 2861 1199
f 3633 3096 1199
f 1200 2781 3633
f 1200 3634 2781
f 3120 3085 3634
f 1203 1261 3634
f 2790 3215 1203
f 1205 3215 2790
f 2866 3588 1205
f 1205 3588 3146
f 3146 3588 2780
f 3588 3590 2780
f 3142 3635 1132
f 1204 2788 2916
f 2788 2933 2916
f 2933 2778 2916
f 3142 3591 1053
f 3142 1053 2788
f 2788 1053 2933
f 2933 1053 3592
f 1209 2778 2933
f 1209 1207 2878
f 1209 2878 2778
f 1207 3638 2878
f 3638 3637 1262
f 3638 1262 3657
f 1212 3658 1262
f 1212 1262 3637
f 4152 1264 3658
f 4152 3658 1212
f 4152 3714 1264
f 4152 3554 3714
f 1066 3660 1268
f 1066 3597 3660
f 3190 1339 3597
f 1216 4150 3689
f 4150 1217 1270
f 3733 3600 4149
f 1271 1217 3733
f 1218 3713 1271
f 1218 1271 3732
f 3602 3702 3731
f 3565 3662 4147
f 3565 1276 3662
f 1220 1278 3712
f 3603 1157 4146
f 4146 1157 3663
f 3604 1280 1221
f 3753 3605 1222
f 3605 3729 1222
f 3605 3569 3729
f 3569 3752 3729
f 3751 3665 3752
f 3640 1225 1286
f 3640 1286 3710
f 3728 3750 3727
f 3728 3727 1225
f 1225 1287 1286
f 1225 3727 3666
f 1225 3666 1287
f 3727 3641 3666
f 3641 3667 3666
f 3641 1228 3667
f 1228 1292 3667
f 3726 3642 1228
f 1228 3709 1292
f 1228 3725 3709
f 3725 1231 3708
f 3725 3708 3709
f 1231 1296 3708
f 3748 2786 3642
f 2786 1233 3642
f 1231 1230 1296
f 2786 3031 3643
f 2786 3643 1233
f 3031 2785 4139
f 3031 4139 3643
f 3724 3644 3670
f 4139 2785 3032
f 4139 3032 1234
f 3196 1298 3670
f 3196 3670 3644
f 3032 3645 1234
f 3032 3614 3645
f 1171 1173 3723
f 1173 3744 3646
f 1173 3646 3722
f 1238 1300 2881
f 1238 3672 1300
f 3721 1306 1304
f 3741 3619 3648
f 3721 3648 1306
f 3619 3739 3648
f 3674 1306 3648
f 3648 3739 1241
f 1308 1241 1310
f 3649 1310 1241
f 3649 3720 1310
f 3465 1310 3720
f 3720 3650 3465
f 3676 3465 3650
f 3650 1244 3676
f 1312 3676 1244
f 1244 3651 1312
f 1248 1246 3652
f 1318 1251 1252
f 1252 1254 1318
f 1254 1255 3680
f 1255 3717 3680
f 1320 3680 3717
f 3681 1320 3717
f 1256 2784 3717
f 3656 2784 2876
f 3717 3656 3681
f 1322 3681 3656
f 2876 3108 3656
f 3656 3682 1322
f 1258 3108 1193
f 1193 3141 1258
f 3716 1258 3141
f 3141 3715 3716
f 3141 2880 3715
f 3096 3452 3632
f 3452 3096 1328
f 3096 3633 1328
f 3119 3633 2781
f 1261 3215 3119
f 2781 3634 1261
f 3815 3146 2774
f 3146 2780 3805
f 2775 2780 3590
f 2775 3590 3635
f 2775 3635 1204
f 2775 1204 2916
f 2878 3638 3657
f 2778 2878 3187
f 2878 3657 3187
f 3657 3658 1331
f 3657 1331 3187
f 1264 3686 1331
f 1264 1331 3658
f 1265 3687 3686
f 1265 3686 1264
f 3714 1336 3687
f 3714 3687 1265
f 3639 3688 1336
f 3639 1336 3714
f 1002 1266 3705
f 1213 3920 3659
f 3555 1335 1213
f 3596 1335 3555
f 3596 3598 1335
f 1214 1424 3195
f 2762 1424 3689
f 3203 2762 3689
f 1270 1341 3704
f 1271 1356 1341
f 4230 4234 3234
f 1272 1356 1271
f 3661 3713 1218
f 3713 3690 1272
f 3703 3713 3661
f 1274 3661 3731
f 3702 1274 3731
f 3602 3701 3810
f 3602 1392 3701
f 3602 1343 1392
f 3602 1219 1343
f 4147 3662 1344
f 1276 1344 3662
f 1280 3664 1221
f 3604 3753 1347
f 1222 3691 1347
f 1222 3729 3691
f 3729 3693 3691
f 3729 3752 3693
f 3752 1282 3693
f 3752 3665 1282
f 1282 3665 1284
f 3665 3640 3711
f 1286 1360 3710
f 1286 1352 1360
f 1288 1359 1352
f 1288 1290 1362
f 1288 1362 1359
f 1290 3668 1362
f 3668 3669 1362
f 1296 1230 3724
f 1296 3724 3670
f 3707 1298 1366
f 3707 3670 1298
f 1299 4101 1298
f 1299 3706 4101
f 1300 1235 2881
f 3706 1301 3696
f 3706 3696 4101
f 3671 1300 3672
f 1301 1302 3696
f 1369 1367 3673
f 3674 3697 1369
f 3648 1241 1308
f 3648 1308 3674
f 3675 3698 3697
f 3675 3465 3698
f 3465 3676 1371
f 3676 3466 1371
f 1312 3466 3676
f 1312 3677 3466
f 1314 1375 3677
f 1316 3679 3459
f 3679 1318 3457
f 1376 3681 4099
f 3681 1322 4099
f 3455 4099 1322
f 3455 1324 3454
f 1258 1324 3682
f 1258 3716 3715
f 1258 3715 1324
f 2777 3631 3683
f 3632 3452 3684
f 3633 3202 1329
f 3215 3815 2890
f 3215 2890 2769
f 3815 2774 2890
f 3146 3805 2774
f 2885 3805 2780
f 2775 2885 2780
f 3209 2916 2778
f 1332 1333 2771
f 1332 2771 1969
f 1334 2771 1333
f 1334 3450 2771
f 1336 3448 1334
f 1336 3688 3448
f 3264 1381 3448
f 3264 3448 3688
f 3659 3920 1266
f 3598 1385 3446
f 3598 3446 1382
f 3660 1339 1385
f 3704 2762 3203
f 1356 1388 3860
f 1356 1342 1388
f 1342 1390 1388
f 3703 3690 3713
f 1274 1353 3703
f 1353 1389 1390
f 1353 1390 1342
f 1274 1391 1389
f 1274 1389 1353
f 3702 1391 1274
f 3702 3265 1391
f 3701 3702 3810
f 3269 1432 1392
f 4235 3272 4351
f 3271 4352 1343
f 1343 4147 3271
f 1344 3874 3271
f 1344 1276 3270
f 1277 3712 1351
f 1394 1351 3712
f 3712 3274 1394
f 1278 4146 3278
f 4146 3663 1395
f 3663 1221 3277
f 3664 3692 3277
f 1280 1347 1345
f 1345 1348 3281
f 1347 3691 1348
f 1348 3691 1396
f 3284 3280 3691
f 3691 1346 3284
f 3691 3693 1346
f 3693 1282 1350
f 1350 3331 3694
f 1282 1284 1350
f 1350 3283 3331
f 1350 1364 3283
f 1364 1398 3283
f 1398 1349 3286
f 1349 3288 3286
f 1349 1361 3288
f 1361 3328 3288
f 1361 1358 3328
f 1358 1357 4093
f 1358 4093 4094
f 1359 1362 4094
f 4094 1362 4095
f 3669 4096 4095
f 4095 1365 3292
f 1363 3707 1365
f 1365 4098 1402
f 1365 1402 3292
f 1363 4096 3707
f 3700 3695 3326
f 3695 3700 4101
f 3700 3707 1366
f 3700 1366 1298
f 3700 1298 4101
f 4101 3696 3695
f 3696 1302 1367
f 3893 3302 1408
f 3325 1403 1367
f 1370 1368 3296
f 1370 3296 3325
f 1368 1405 3296
f 1405 1368 3698
f 3698 3298 1405
f 3698 1371 3298
f 3464 3298 1371
f 1373 1372 3300
f 1314 4100 1375
f 1407 3300 1372
f 1314 1316 4100
f 3459 4100 1316
f 1372 1374 1410
f 1372 1410 1407
f 3457 1409 3304
f 1318 1254 3458
f 1376 1409 3458
f 4099 3455 1411
f 3313 1411 3455
f 3455 3454 3313
f 3454 4097 3313
f 3715 2880 1377
f 2880 3174 1377
f 3174 3453 3312
f 3174 3312 1377
f 3683 3684 3109
f 3683 3109 3453
f 1326 4356 4355
f 3684 3452 3109
f 3452 3076 3109
f 3683 3453 3174
f 3452 1328 3076
f 1328 1379 3076
f 1328 1329 1379
f 1378 2769 3202
f 3119 3685 1378
f 3685 2769 1378
f 2885 2774 3805
f 3263 3318 2900
f 2772 2887 3187
f 2772 3187 1332
f 2772 1332 1969
f 3447 3448 1418
f 3447 4240 3319
f 1381 1420 1418
f 1381 1418 3448
f 1419 1420 1381
f 1382 1422 1335
f 3446 3856 1422
f 3446 1422 1382
f 1385 3859 3856
f 1385 3856 3446
f 3445 3859 1385
f 3445 3444 3859
f 1385 1339 3444
f 3444 1339 3859
f 3925 3963 1339
f 3860 2762 1341
f 1388 1390 3869
f 4239 1426 4360
f 1390 1429 4241
f 3443 1427 1429
f 3443 1429 1390
f 1392 3868 3265
f 1392 3878 3868
f 1432 3878 1392
f 1277 1351 3275
f 1351 1394 3870
f 3274 3278 3873
f 3664 3281 1436
f 1396 3691 3280
f 3284 1346 1397
f 1397 3694 1439
f 3331 1398 3877
f 3331 3877 3694
f 1398 3330 3880
f 3880 1399 1441
f 3880 1441 3883
f 1399 3329 1441
f 1400 3885 1441
f 1400 3290 1443
f 1400 1443 3885
f 1358 4094 3290
f 1358 3290 3328
f 1401 3327 3888
f 3327 1401 4095
f 4094 4095 1401
f 3327 3292 3294
f 3327 4095 3292
f 3695 1404 1448
f 1447 1403 3132
f 3296 3891 3132
f 3296 3324 2893
f 3324 1406 1451
f 3324 1451 2893
f 1406 3898 1451
f 3464 3323 3298
f 1373 3323 3464
f 3223 3898 1406
f 1373 3300 3323
f 1374 3321 1410
f 1374 3457 3304
f 1374 3304 3321
f 3895 1408 3321
f 3320 3895 3321
f 3320 3306 1455
f 1376 3456 1409
f 3897 3306 3456
f 1411 3313 1456
f 1459 3902 3313
f 3715 1377 3309
f 3453 3109 1460
f 3453 1460 3906
f 3109 3316 1460
f 3109 3076 3316
f 3076 2269 3316
f 3076 1379 2269
f 1379 3202 2269
f 3202 2769 2269
f 3232 2269 2769
f 2769 3908 3232
f 3315 3236 3908
f 2769 2890 3315
f 2890 1461 3236
f 2890 3238 3910
f 2890 3910 1461
f 2774 3238 2890
f 3318 3153 2764
f 1416 3318 3263
f 1416 3263 1417
f 1380 3319 3863
f 1380 3863 3797
f 3862 3852 3914
f 3862 3914 2264
f 3861 1464 4361
f 3861 3914 3852
f 3853 1465 1464
f 3853 1464 3861
f 3705 1466 1465
f 3705 1465 3853
f 3705 2207 1466
f 1266 2207 3705
f 1266 1580 2207
f 1266 2204 1580
f 1422 1525 1335
f 1339 3963 1469
f 1424 1983 1470
f 2762 3092 1425
f 2899 3092 2762
f 3869 3092 2899
f 1429 3955 3869
f 1429 1427 3955
f 1427 3954 3955
f 1427 3864 3954
f 1391 3265 1430
f 1391 1430 3443
f 3867 3953 3954
f 3867 3954 3864
f 1431 3953 3867
f 1431 1474 3953
f 3868 1474 1431
f 1432 3951 3878
f 4352 1476 1432
f 3874 1476 4352
f 3874 3950 1476
f 3275 3950 3874
f 3275 1351 3870
f 1394 3274 1477
f 3274 3873 1477
f 3277 3876 3949
f 3876 3692 1478
f 3948 1478 3692
f 3692 3664 3948
f 1396 1479 1437
f 1479 2901 1480
f 3280 3284 2901
f 3284 1397 2901
f 1439 3946 2901
f 3877 4006 3946
f 3877 3946 1439
f 3877 1439 3694
f 3877 3884 4006
f 3884 1440 1485
f 3884 1485 3944
f 1440 3883 1442
f 1440 1442 1485
f 1442 1441 1487
f 1441 3885 3938
f 3885 1443 3942
f 3885 3942 3938
f 1443 3888 3942
f 3888 3327 3942
f 1445 3326 1446
f 3695 1448 1446
f 1404 1447 3889
f 3889 1447 2760
f 1447 3891 2760
f 3132 3891 1447
f 1403 1447 1404
f 3891 1449 2760
f 3891 2893 1449
f 2893 1451 1449
f 1450 1449 1451
f 1450 3940 1449
f 3891 3296 2893
f 1450 3892 3940
f 3892 3956 3176
f 3892 3176 3940
f 3223 1452 3898
f 3223 3322 1452
f 2754 2282 1453
f 2280 1453 1455
f 1453 2280 2754
f 3320 1455 3895
f 1455 3900 2280
f 1500 2280 3900
f 3456 1456 3897
f 3900 1456 1458
f 3900 1458 1500
f 3456 1411 1456
f 1458 1459 1501
f 1459 3309 3904
f 3309 1377 3957
f 3316 2269 3806
f 3232 3908 1508
f 3908 1511 1508
f 1461 1564 3236
f 1462 3910 3238
f 2764 3153 2904
f 1416 2266 3080
f 1462 3238 1414
f 1462 1414 2895
f 3153 3318 3080
f 3080 3318 1416
f 1416 3912 3086
f 1416 1417 3912
f 3912 1417 3797
f 3912 3863 2758
f 1515 1463 2264
f 3916 3918 1516
f 4362 1516 2264
f 3918 2261 1516
f 3918 1519 2261
f 2207 2257 2259
f 1467 2255 1523
f 1525 2255 1467
f 1422 3922 1525
f 3922 1468 1527
f 1472 2249 1471
f 3953 1531 2249
f 3953 2249 1472
f 3952 1531 3953
f 3952 2247 1531
f 1475 2194 2247
f 1475 2247 3952
f 3951 2194 1475
f 2747 2194 3951
f 3873 3278 1535
f 3278 2191 1535
f 1435 3949 2191
f 3948 2241 1478
f 3948 1436 2241
f 1436 1437 2241
f 2241 2239 1539
f 2241 2756 2239
f 2756 1541 2239
f 1479 1480 3947
f 3947 1480 4007
f 3946 1543 4007
f 3946 4007 2901
f 3946 1481 1543
f 1481 3945 2231
f 3945 2229 2231
f 1483 2229 3945
f 1483 1487 2229
f 1485 1442 1487
f 3959 3938 1612
f 3938 3942 1612
f 1446 1448 1491
f 3889 2760 1490
f 2912 1491 1490
f 1449 3940 1494
f 1494 2906 2228
f 1494 2227 2906
f 1452 1495 3956
f 1495 3960 2227
f 1452 3893 1495
f 2282 1495 3893
f 1495 1554 3960
f 1495 1496 1554
f 1496 2282 2754
f 2754 2277 2275
f 2275 1502 2167
f 1459 3904 1501
f 3904 3309 3957
f 3198 2272 3227
f 3198 3312 1504
f 3198 1504 2272
f 3806 2752 1506
f 3806 3226 2752
f 2269 3226 3806
f 3312 3906 2270
f 3312 2270 1504
f 3906 1460 2270
f 3226 2220 1561
f 3226 1561 2752
f 3226 2269 2220
f 1564 2909 1511
f 1511 3908 3236
f 1564 1461 3910
f 2904 1462 2764
f 3153 3080 2266
f 2266 3086 1628
f 2266 1416 3086
f 2758 1513 3912
f 2758 3863 1463
f 2758 1463 1515
f 2758 1515 1566
f 1566 1515 3961
f 3961 1515 2263
f 3961 2263 1568
f 1568 2263 2264
f 1568 2264 2215
f 2215 2264 1516
f 2215 2261 2212
f 2215 2212 1570
f 1521 1571 4313
f 4243 2212 2261
f 2257 1576 4245
f 2257 4245 4244
f 2208 1576 2257
f 2207 1578 2208
f 1523 3920 1467
f 2255 2253 1523
f 1527 1642 2202
f 1527 2202 2253
f 1469 1642 1527
f 1469 3963 1586
f 3149 2807 3925
f 2750 1425 3092
f 3092 2921 2750
f 1471 2200 3869
f 1471 1529 2200
f 1529 1588 2200
f 2249 2199 1588
f 2249 1588 1529
f 2249 1590 2199
f 2249 1531 1590
f 4314 2196 4247
f 2247 1590 1531
f 2247 1591 4309
f 2194 1591 2247
f 2747 3964 2194
f 2192 1476 3950
f 1477 3873 1652
f 3873 1535 1596
f 2191 1713 1535
f 3949 2187 2191
f 3949 2244 2187
f 3949 1478 2244
f 1478 2241 1536
f 2241 1539 1658
f 1539 2239 1658
f 2239 1541 1658
f 3947 1541 2756
f 3947 2188 1541
f 3947 2238 2188
f 2238 3958 1599
f 3958 1543 2235
f 3958 2235 1602
f 2235 2234 1603
f 2234 2183 1603
f 2234 1545 2181
f 2234 2181 2183
f 2229 1551 1548
f 1548 1551 1607
f 1548 1607 2181
f 1551 1610 1607
f 1487 3959 1551
f 1551 1612 1610
f 1446 1491 1613
f 1446 1613 2174
f 1491 2912 1613
f 2228 2912 1490
f 2906 2227 2745
f 2754 2275 1496
f 2275 2167 2225
f 2167 1502 1623
f 2224 3047 1555
f 2224 3957 3047
f 3957 3227 1558
f 3227 2272 1560
f 1506 3834 2108
f 1506 2741 3834
f 2752 2741 1506
f 2911 2221 2907
f 2911 2270 2221
f 2270 2108 2221
f 2270 1506 2108
f 2752 1561 2741
f 2266 3809 3147
f 1628 3809 2266
f 1561 2220 1508
f 1561 1508 1511
f 1561 1511 2909
f 3804 2904 2218
f 3086 1513 3801
f 3801 1513 1566
f 1566 3961 1629
f 3961 1568 2216
f 2216 1568 1570
f 2216 1570 2157
f 2157 1570 2212
f 2157 2212 1574
f 1574 2210 1632
f 1574 1632 2157
f 4311 3962 1634
f 2210 4250 1632
f 3962 2151 1634
f 3962 1576 2151
f 1636 2151 1576
f 1578 2148 1636
f 1697 2148 1578
f 1580 1581 1697
f 3920 1639 2095
f 2202 2147 2145
f 2202 2145 1584
f 2251 2921 3092
f 2251 1700 1970
f 2199 1646 2142
f 2199 1590 1646
f 1594 1648 1646
f 1594 1646 1590
f 1594 2194 2922
f 1649 2922 2194
f 1476 3964 2747
f 2135 1707 3964
f 2191 2187 1598
f 2244 1536 2129
f 1536 2131 2129
f 1536 2241 2131
f 2241 1658 2131
f 1541 1662 2126
f 2188 2125 1662
f 2188 1662 1541
f 2188 1599 2125
f 1599 2188 2238
f 1600 1602 1665
f 1602 2119 1665
f 2184 2119 1602
f 2184 1668 2119
f 2184 1606 1668
f 1606 2181 1670
f 2181 1671 1670
f 2181 1607 1671
f 1545 1548 2181
f 1610 2178 2177
f 1445 1446 2174
f 1613 2113 1445
f 1613 3160 2113
f 2744 2173 2171
f 2744 2171 2913
f 2171 2173 1616
f 1613 2912 2913
f 2744 2745 2173
f 1616 1618 2739
f 1618 2168 3037
f 1618 3037 2739
f 2745 3960 1618
f 1618 3960 2168
f 2225 2167 1622
f 1502 1501 2161
f 2161 1501 1555
f 3047 3957 1558
f 3047 1558 2222
f 3047 2222 2162
f 2222 1560 2162
f 1560 2907 2162
f 2929 1561 2909
f 2929 2909 1564
f 2929 1564 3910
f 3220 1685 1462
f 3033 3220 3804
f 3033 3804 2218
f 3147 3809 1626
f 3801 1628 3086
f 3801 1629 2158
f 1629 2733 2158
f 1689 1629 2216
f 1689 2216 3965
f 2157 3221 3965
f 3221 2157 1632
f 3221 1632 3966
f 2155 3966 1632
f 2152 2102 3966
f 2152 3966 2155
f 1638 1692 4300
f 4251 4301 4304
f 2148 2098 4254
f 2148 4254 4252
f 1697 2097 2098
f 1697 2098 2148
f 1523 2253 2040
f 1642 1586 1699
f 2921 2711 1425
f 1646 1648 2141
f 2141 1648 1702
f 2141 1702 2092
f 1648 2090 1702
f 1594 2922 1648
f 1649 2139 1648
f 1649 1648 2922
f 2192 1765 1476
f 2192 2084 1765
f 2245 1710 2084
f 2136 1652 2083
f 1596 2083 1652
f 2191 1654 1713
f 2191 1598 1654
f 1598 2080 1654
f 1598 2132 2080
f 2187 2244 1655
f 2244 2129 1655
f 2129 1715 1655
f 2129 2131 1715
f 2131 1658 1715
f 1662 2125 2076
f 1662 2076 1660
f 2125 1664 1720
f 1664 2070 1720
f 1600 2125 1599
f 2123 2070 1664
f 2123 2120 1725
f 2123 1725 2070
f 2120 2067 1725
f 1606 1670 1668
f 1670 2116 2067
f 1670 1671 2177
f 1670 2177 2116
f 1607 2177 1671
f 2178 1612 3327
f 3160 2063 2064
f 2115 2739 1730
f 2115 1730 2063
f 2115 2171 1616
f 2115 1616 2739
f 3049 2934 1733
f 3037 2168 3049
f 2225 1622 1674
f 2225 1674 3049
f 1674 1735 3049
f 1623 2111 1676
f 2161 1678 2110
f 2162 2907 3116
f 2733 2103 2158
f 2108 2737 1997
f 2736 2741 1561
f 2736 1561 2929
f 3121 2929 3910
f 3121 3910 1685
f 3147 1626 1686
f 1686 1626 3809
f 1686 3809 1743
f 1688 1743 3809
f 1688 3809 2103
f 2733 1629 1689
f 1689 3965 3221
f 3966 1992 1689
f 1992 3966 2102
f 1992 2102 2100
f 2100 1694 2050
f 2100 2050 1992
f 4257 1696 2048
f 1694 4293 2050
f 1696 1747 2048
f 1696 2097 1747
f 2097 1749 1747
f 2097 1697 1749
f 1697 2044 1749
f 1751 2044 1697
f 1581 2042 1751
f 2095 2042 1581
f 2095 1639 2042
f 1584 2039 1753
f 2147 2039 1584
f 2147 1699 1755
f 1699 1754 1755
f 1699 3996 1754
f 1699 1644 3996
f 2711 1983 1425
f 1702 2918 1756
f 1702 2090 2918
f 1704 2918 2090
f 1648 2139 1704
f 1704 2031 2918
f 1704 2089 2031
f 2086 2031 2089
f 1761 1760 2086
f 1709 2029 1761
f 2027 2029 1709
f 1476 1762 2027
f 2025 1762 1476
f 2084 1900 1765
f 1710 1900 2084
f 1710 2136 1900
f 2083 1979 2136
f 1713 1654 1946
f 1654 1768 1946
f 1654 2080 1768
f 2076 3969 1770
f 1719 1773 3969
f 1719 3969 2076
f 1719 2074 2014
f 1719 2014 1773
f 2074 3970 2014
f 2073 3970 2074
f 2073 1723 3970
f 1723 1725 2068
f 1725 2067 1726
f 1725 1726 2068
f 2120 1670 2067
f 2177 1729 1819
f 1676 1736 2059
f 1736 2111 2110
f 2161 2110 2111
f 2110 3047 1679
f 1679 3047 2056
f 2056 3047 2162
f 2162 1739 2056
f 2002 2056 1739
f 1999 1739 2162
f 2907 2221 1740
f 2907 1740 3116
f 3116 1740 3206
f 2221 2108 1997
f 2221 1997 1740
f 3206 1740 1997
f 1788 1997 1682
f 1788 1682 2105
f 2929 1996 2736
f 3819 2105 2736
f 2723 1685 3033
f 2053 3147 1686
f 2053 1686 1743
f 1825 2731 2733
f 2930 1825 2733
f 2930 1689 1992
f 2930 1992 3115
f 1745 1992 2050
f 2047 1796 1990
f 2047 1990 1745
f 1749 3973 4264
f 1749 4264 4291
f 2044 3028 3973
f 2044 3973 1749
f 1751 1985 3028
f 1751 3028 2044
f 2042 1985 1751
f 3920 1802 1639
f 1752 1803 3920
f 1753 1803 1752
f 2039 3044 1753
f 2039 1755 3044
f 2719 2920 1970
f 3823 2719 1970
f 1758 3825 1805
f 2031 1981 3825
f 3042 2031 1760
f 1765 1952 2025
f 1903 1952 1765
f 2136 1979 1898
f 2083 1977 1979
f 2080 3060 1813
f 2023 3060 2080
f 2080 2132 2023
f 2019 1967 1975
f 2019 1975 3968
f 1770 3039 1967
f 1770 1967 2019
f 1770 1818 3039
f 1770 2017 1818
f 2017 2917 1818
f 2015 2917 2017
f 2015 1773 3970
f 3970 2011 3131
f 3970 3131 3133
f 2068 1726 2009
f 2009 1726 2896
f 1726 2177 1819
f 2178 3327 1778
f 1778 3327 2007
f 1445 2915 2007
f 1445 3139 2915
f 3217 3971 3160
f 3217 2064 3143
f 2110 1784 1736
f 1785 1784 1679
f 1931 1679 2056
f 2056 2002 1931
f 1999 2054 1919
f 2054 3116 3040
f 3040 3116 3975
f 3975 3116 3206
f 3975 3206 1997
f 3975 1997 3126
f 3126 1997 1788
f 3126 1788 1927
f 1788 2105 1789
f 1866 1788 1789
f 1866 1789 2726
f 1789 2736 2724
f 2724 2736 1996
f 1994 2929 3121
f 1994 3121 1791
f 2723 3033 3817
f 2053 1743 3972
f 3972 1743 3167
f 3972 3167 1794
f 1794 3167 1825
f 2930 1921 1825
f 1966 2927 3134
f 3100 1990 1796
f 3100 1796 1799
f 4266 1987 1824
f 1799 4267 3100
f 1989 3205 1824
f 1989 1824 1987
f 3026 3152 3205
f 3026 3205 1989
f 1985 1831 3152
f 1985 3152 3026
f 2042 3125 1831
f 2042 1831 1985
f 1882 2042 1639
f 1802 1882 1639
f 1802 1803 1835
f 1803 3157 1835
f 1753 3128 3157
f 1753 3157 1803
f 1753 3044 3128
f 1755 1754 3208
f 3996 1988 3208
f 2719 2921 2920
f 1805 3825 1807
f 1807 3185 1891
f 1807 1981 3185
f 1808 3185 1981
f 2031 1909 1808
f 3042 1909 2031
f 3042 3105 1909
f 3127 1836 3105
f 3127 3105 3042
f 1810 1836 3127
f 1952 1832 1836
f 1952 1836 1810
f 1979 1901 1838
f 1977 1901 1979
f 1596 1946 1977
f 1946 1840 1977
f 1768 1813 1946
f 1813 3088 1946
f 3060 3088 1813
f 3060 3212 3088
f 3060 2023 3212
f 2023 2928 3212
f 2928 1815 3968
f 3968 1843 3212
f 1967 1845 1843
f 1967 1843 3968
f 1967 1940 1845
f 3039 1938 1940
f 3039 1940 1967
f 3039 1972 1938
f 1972 3169 1938
f 2917 3168 1972
f 2917 3133 1848
f 2917 1848 3168
f 2015 3970 3133
f 2015 3133 2917
f 3133 1826 1848
f 3133 3131 1826
f 1826 3087 1848
f 1826 2896 3087
f 2011 2009 2896
f 2011 2896 3131
f 2896 1726 3798
f 1729 2178 1819
f 2178 1778 1819
f 1778 2915 2792
f 3139 3971 1821
f 1821 1936 3139
f 3143 1968 3217
f 3971 3217 1821
f 3123 2005 2003
f 3123 2003 1823
f 1823 2003 3822
f 3822 2003 3818
f 1965 1960 1917
f 2002 1859 1931
f 3040 3975 3126
f 3040 3126 1929
f 1929 3126 1927
f 1825 1921 1871
f 2927 2824 1921
f 2927 1921 3134
f 1921 2930 3134
f 1966 3100 1870
f 1963 1870 3100
f 1963 3100 1828
f 1963 1954 1874
f 1827 4273 4282
f 4269 1918 4274
f 4270 3152 1877
f 4270 1877 4280
f 1831 1916 1877
f 1831 1877 3152
f 3125 1880 1916
f 3125 1916 1831
f 1914 1880 3125
f 2042 1882 3977
f 1835 3157 1883
f 3128 3044 3157
f 1755 1887 1888
f 1755 1888 3044
f 1755 1884 1887
f 1755 1889 1884
f 1755 3208 1889
f 3185 2768 1891
f 3185 1886 2768
f 3185 2924 1886
f 4278 1911 4276
f 1909 1886 2924
f 1836 1908 1909
f 1832 1908 1836
f 1952 1890 1832
f 1950 1890 1952
f 1903 1904 1950
f 1977 1840 1901
f 1947 1901 1840
f 1946 3460 1947
f 3088 1902 1899
f 3088 3212 1902
f 1843 3260 1902
f 1843 1902 3212
f 1944 3262 3260
f 1944 3260 1843
f 1944 1942 3262
f 1942 1940 3261
f 1940 3258 3261
f 1847 3258 1940
f 3169 3168 3155
f 3169 3155 1939
f 1939 3155 3253
f 1939 3253 3259
f 1972 3168 3169
f 1848 3087 3254
f 3087 3255 3254
f 3087 3256 3255
f 2896 3798 3087
f 3256 3798 1912
f 3798 2793 1912
f 3798 1913 2793
f 1851 1778 1913
f 1913 1778 3252
f 1778 2792 3252
f 2915 3139 1936
f 1821 1968 3794
f 2926 1854 3794
f 2926 3794 1968
f 2926 2923 1854
f 2923 1823 3822
f 2923 3822 3820
f 3820 3822 3818
f 3818 1965 1917
f 1859 1999 1862
f 1863 1859 1862
f 1999 1919 1862
f 3040 1929 3795
f 3795 1929 1927
f 3795 1927 2939
f 2939 1927 1867
f 1866 2726 2724
f 1866 2724 1924
f 2716 1866 1924
f 1925 2713 2723
f 2721 1922 2936
f 2940 2935 1994
f 2940 1994 2715
f 1926 2937 1871
f 1870 1930 2927
f 1876 1879 1932
f 1878 1932 4275
f 1878 2817 1932
f 1880 1935 4340
f 1880 4340 1878
f 1881 2891 1935
f 1881 1935 1880
f 1914 2891 1881
f 1882 1802 3977
f 1883 3157 2813
f 3157 3044 2813
f 1888 1887 2811
f 1887 1941 2811
f 1812 2504 2807
f 1885 1945 2768
f 1910 1945 1885
f 4279 1909 1910
f 1910 1909 2805
f 1909 1971 2805
f 1907 1949 1948
f 2873 1949 1907
f 3110 1959 1904
f 1947 1951 1901
f 1899 3244 1947
f 1902 3186 3130
f 1902 3130 1899
f 3260 2797 3186
f 3260 3186 1902
f 3262 3352 2797
f 3262 2797 3260
f 3262 2795 3352
f 1905 2795 3262
f 1905 1906 3099
f 1905 3099 2795
f 1906 3257 3159
f 3257 3253 3159
f 1847 1939 3259
f 1847 3259 3258
f 3155 1848 3254
f 3155 3254 3253
f 3254 3255 2804
f 3255 3256 2804
f 3087 3798 3256
f 3256 1912 2793
f 2915 3251 2792
f 3251 1964 3184
f 3250 1964 1915
f 3097 3122 3250
f 2718 3818 3249
f 3249 3818 1917
f 1784 1785 1933
f 1933 1785 3041
f 1919 3040 1920
f 1920 3795 2939
f 1920 2939 3796
f 1920 3796 3036
f 3796 2939 1867
f 3796 1867 1866
f 1866 1923 3796
f 1923 1866 2943
f 2943 1866 2716
f 2943 2716 1924
f 2943 1924 2783
f 2783 1924 2947
f 1791 2710 2715
f 2941 2723 2713
f 2713 1925 2942
f 1926 2944 2828
f 1926 2826 1974
f 1926 1928 2826
f 1930 3148 2824
f 1930 2824 2927
f 2815 2821 1934
f 2815 2776 2821
f 2816 3151 2776
f 2816 2776 2815
f 4339 3073 3235
f 2816 3235 3151
f 3977 1802 1984
f 1883 2813 1984
f 1883 1984 1802
f 3044 1888 2773
f 3044 2773 2813
f 1888 2811 1986
f 1941 2809 2811
f 2719 2768 2267
f 2768 2719 1891
f 1945 1910 2803
f 2803 1991 2768
f 2803 2805 1991
f 1993 2763 1991
f 1993 1991 2805
f 2805 1971 1993
f 2801 2759 1993
f 2801 2761 2759
f 1959 2761 2801
f 3110 2000 1959
f 1897 2757 3110
f 1901 2755 3839
f 1901 1951 2755
f 3244 2046 1951
f 2001 2046 3244
f 3130 3186 2001
f 3030 3352 2008
f 3352 2751 2008
f 1953 2751 3352
f 1953 1957 2010
f 1953 2010 2751
f 1906 3159 3099
f 3253 3254 2804
f 3253 2804 3101
f 2804 2746 2012
f 2804 3256 2746
f 2792 2237 3252
f 2792 3251 3184
f 1964 2016 3184
f 3250 2016 1964
f 3122 2016 3250
f 2016 3122 2742
f 2874 3097 3249
f 2874 2789 3097
f 2874 2707 2789
f 2874 3249 3248
f 2787 1858 2020
f 1933 3041 1858
f 2020 1858 3041
f 3041 1785 3043
f 3057 1785 1931
f 1931 1863 3057
f 3057 1863 1862
f 2022 1862 1919
f 3036 3796 1923
f 1923 2943 2704
f 2704 2943 2783
f 2704 2783 2947
f 2704 2947 2702
f 1973 2940 2782
f 2782 2940 2715
f 2782 2715 2710
f 3816 2710 2941
f 3816 2941 2713
f 3816 2713 2738
f 2738 2713 3836
f 3137 2944 2948
f 2944 3107 2948
f 2944 1974 3107
f 1974 3095 3107
f 2944 1926 1974
f 2826 2024 1974
f 2826 2708 2779
f 2779 2708 2693
f 1980 1978 4347
f 4285 3235 2729
f 4286 4336 2030
f 2770 2813 2773
f 1888 2037 2727
f 1888 2727 2773
f 2725 2035 2037
f 2809 3967 2725
f 2809 2673 3967
f 2034 2625 2765
f 2763 2038 2976
f 1995 2038 2763
f 1998 2722 2759
f 2000 2041 2722
f 2000 2722 1998
f 2043 3838 2000
f 2757 2556 2043
f 1897 2619 2757
f 2004 2619 1897
f 2755 2045 3839
f 3186 2717 2046
f 2006 2049 2717
f 2006 2717 3186
f 2006 3840 2049
f 2008 2051 3840
f 2008 3840 2006
f 2749 2712 2008
f 2749 2010 2748
f 2749 2748 2712
f 1957 2932 2010
f 2748 2791 3841
f 2012 2057 2791
f 2791 2804 2012
f 3256 2793 2058
f 2793 2013 2058
f 2793 1913 2013
f 2792 2743 2237
f 2743 3184 2706
f 2016 2706 3184
f 2742 2169 2016
f 2707 2874 2946
f 2946 2874 2787
f 2020 3041 3043
f 3057 2117 3043
f 2124 3043 2117
f 2117 3057 1862
f 2601 2022 1919
f 3833 1923 2704
f 2062 3833 2704
f 2062 2704 2702
f 2702 2947 2700
f 2738 2066 3816
f 1973 2782 2703
f 2703 2782 3816
f 2949 3836 3093
f 3836 2948 3093
f 3836 2949 2738
f 3836 3137 2948
f 3093 3107 2699
f 2024 2026 3095
f 3095 1974 2024
f 2026 2024 2698
f 2024 2072 2698
f 2024 2779 2693
f 2693 2072 2024
f 2693 2708 2734
f 2708 3148 2734
f 2734 2028 2691
f 2732 2691 2028
f 2028 3814 2732
f 3814 2735 2075
f 3814 2075 2732
f 2735 2030 2077
f 2730 2077 2030
f 4337 2032 2078
f 2730 4295 2077
f 2032 3977 2081
f 2032 2081 2078
f 2728 2082 2081
f 2728 2081 3977
f 2728 2033 2082
f 2033 2727 2085
f 2035 2085 2727
f 2673 2096 3844
f 2036 2094 2673
f 2036 2673 1988
f 2671 2094 2036
f 2099 2663 2671
f 2668 2101 2099
f 2146 2636 2625
f 2034 2146 2625
f 2038 2380 2976
f 2038 2628 2380
f 2149 2150 2628
f 2720 2622 2149
f 2626 2622 2720
f 2043 2153 2626
f 2043 2626 3838
f 2043 2556 2153
f 2004 2473 2619
f 1838 2753 2154
f 3839 2615 2156
f 2045 2615 3839
f 2046 2620 2615
f 2717 2159 2620
f 2717 2620 2046
f 2717 2616 2159
f 2049 2714 2616
f 2049 2616 2717
f 2714 2051 2164
f 2008 2712 2051
f 2052 2605 2166
f 2052 2055 2605
f 2012 2746 2057
f 3256 2058 2746
f 2013 1913 3252
f 2701 2169 2742
f 2172 2180 2169
f 2018 2705 2701
f 2066 2738 2949
f 2699 2974 2654
f 2699 2069 2973
f 2699 3107 2069
f 2069 2696 2658
f 3107 3095 2696
f 2696 3842 2660
f 3095 2026 3842
f 3842 2972 2660
f 2071 2672 3842
f 2698 2071 2026
f 2071 2950 2672
f 2072 2966 2950
f 2072 2951 2966
f 2072 2693 2951
f 2691 2951 2693
f 2691 2075 2695
f 2075 2735 3843
f 2075 3843 2963
f 2963 3843 2688
f 2688 2686 2963
f 2686 2680 2963
f 2685 2962 4332
f 2960 4343 4334
f 2953 2956 2694
f 3844 2953 2682
f 2088 2692 2087
f 4297 4296 4298
f 2697 2954 2692
f 2094 2697 2088
f 2679 2678 2697
f 2678 2091 2674
f 2093 2091 2678
f 2093 2678 2679
f 2676 2091 2093
f 2672 2950 2966
f 2091 2966 2965
f 2674 2954 2697
f 2674 2697 2678
f 2951 2965 2966
f 2691 2965 2951
f 2965 2964 2689
f 2691 2695 2964
f 2964 2687 2689
f 2964 2684 2687
f 2964 2695 2684
f 2695 2675 2684
f 2675 2683 2958
f 2675 2958 2684
f 2695 2075 2675
f 2683 2677 2961
f 2694 2681 2952
f 2957 2959 2681
f 2957 2681 2694
f 2956 2957 2694
f 2692 2955 2956
f 2692 2956 2953
f 2674 2965 2690
f 2674 2690 2954
f 2954 2690 2955
f 2954 2955 2692
f 2690 2965 2689
f 2690 2689 2955
f 2689 2687 2955
f 2955 2687 2957
f 2955 2957 2956
f 2687 2684 2958
f 2687 2958 2957
f 2958 2959 2957
f 2958 2683 2959
f 2959 2683 2961
f 2959 2961 2681
f 2681 2961 2960
f 2681 2960 2952
f 2677 4344 4342
f 4331 2960 2961
f 2677 2963 2680
f 2677 2680 4344
f 2683 2963 2677
f 2963 2683 2675
f 2075 2963 2675
f 2965 2691 2964
f 2674 2091 2965
f 2966 2091 2672
f 2676 3842 2672
f 2972 3842 2676
f 2970 2662 2679
f 2970 2679 2663
f 2663 2679 3845
f 2969 2970 2663
f 2101 2667 2969
f 2670 2667 2101
f 2104 2669 2967
f 2104 2967 2670
f 2636 2665 2625
f 2669 2106 2967
f 2632 2665 2636
f 2664 2107 2968
f 2664 2968 2106
f 2664 2106 2144
f 2664 2144 2661
f 2664 2661 2109
f 2655 2666 2109
f 2642 2975 2659
f 2973 2666 2655
f 2969 2971 2970
f 2106 2968 2967
f 2967 2968 2667
f 2967 2667 2670
f 2968 2969 2667
f 2968 2107 2969
f 2109 2666 2658
f 2109 2658 2107
f 2107 2658 4345
f 2107 2971 2969
f 4345 2658 2662
f 2971 2662 2970
f 2660 2662 2658
f 2658 2696 2660
f 2666 2069 2658
f 2973 2069 2666
f 2974 2699 2973
f 2974 2973 2655
f 2975 2949 2654
f 2975 2066 2949
f 2138 2066 2975
f 3816 2066 2138
f 2112 3816 2138
f 2112 2703 3816
f 2175 2114 2646
f 2601 2656 2652
f 2117 2118 2248
f 2117 2248 2991
f 2588 2182 2593
f 2182 2651 2180
f 2182 2180 2593
f 2243 2653 2122
f 2243 2122 2591
f 2122 2020 2124
f 2991 2648 2117
f 2652 2118 2601
f 2127 2585 2114
f 2635 2137 2589
f 2137 2138 2197
f 2112 2138 2137
f 2138 2198 2197
f 2138 2573 2198
f 2138 2644 2573
f 2975 2642 2571
f 2642 2134 2571
f 2209 2638 2650
f 2638 2133 2144
f 2630 2144 2140
f 2630 2140 2632
f 2566 2209 2650
f 2214 2211 2146
f 2214 2146 2034
f 2563 2211 2214
f 2504 2265 2034
f 2294 2996 2504
f 2622 2559 2213
f 2556 2558 2217
f 2556 2217 2153
f 2619 2495 2556
f 2154 2473 2004
f 3839 2223 3846
f 2156 2223 3839
f 2156 2615 2223
f 2620 2160 2553
f 2620 2553 2615
f 2160 2612 2550
f 2612 2163 2230
f 2608 2552 2163
f 2608 2166 2605
f 2608 2605 2552
f 2055 2709 2605
f 2709 2791 2057
f 2746 2527 2057
f 2746 2058 2649
f 2522 2647 2283
f 2243 2591 2186
f 2250 2128 2516
f 2646 2114 2585
f 2575 2589 2254
f 2635 2589 2575
f 2589 2189 2512
f 2589 2137 2189
f 2189 3933 2512
f 2137 2197 2189
f 2189 2583 3933
f 2197 2198 2583
f 2197 2583 2189
f 2198 2579 2190
f 2198 2190 2583
f 2190 2510 2583
f 2193 2510 2190
f 2258 2193 2581
f 2258 2581 2501
f 2193 2190 2203
f 2193 2203 2195
f 2501 2581 2578
f 2573 2644 2571
f 2195 2570 2205
f 2195 2205 2578
f 2996 2462 2504
f 2559 2622 2217
f 2559 2499 2268
f 2496 2499 2559
f 2558 3847 2271
f 2219 2273 3847
f 2219 3847 2558
f 2556 3930 2273
f 2556 2273 2219
f 2495 3930 2556
f 3846 2298 2154
f 2223 3848 3846
f 2226 2276 2554
f 2550 2278 3849
f 2550 3849 2226
f 2551 2278 2550
f 2551 2279 2278
f 2551 2230 2492
f 2551 2492 2279
f 2163 2552 2230
f 2605 2709 2236
f 2746 2649 2527
f 2237 2603 2525
f 2240 2283 2242
f 2647 2983 2283
f 2523 2284 2647
f 2284 2523 2243
f 2284 2243 2246
f 2285 2520 2185
f 2285 2185 2487
f 2185 2124 2286
f 3943 2248 2652
f 2313 2652 2518
f 2250 2516 2313
f 2127 2201 2484
f 2201 2254 2484
f 2589 2289 2254
f 2589 3937 2289
f 2589 2512 3937
f 2512 2480 3937
f 2512 3933 2480
f 2506 2256 2510
f 2506 2510 2258
f 2508 2258 2501
f 2262 2260 2508
f 2260 2479 2506
f 2293 2262 2504
f 2294 2576 2996
f 2295 2475 3932
f 2274 2296 3931
f 2274 3931 2273
f 3930 2474 2296
f 3930 2296 2274
f 2473 2297 3930
f 2276 2226 2493
f 2276 2493 2299
f 2279 2300 2278
f 2279 3926 2300
f 2279 2492 3926
f 2230 2233 2492
f 2233 2232 2281
f 2490 2709 2302
f 2709 2527 2302
f 2527 3850 2302
f 2527 2649 3850
f 2649 2637 3850
f 2649 2609 2977
f 2609 2528 2977
f 2528 2237 2977
f 2237 2525 3923
f 2237 3923 3939
f 2525 2242 3923
f 2283 3894 3923
f 2284 2983 2647
f 3919 2285 2487
f 3919 2487 3941
f 2652 2313 3943
f 2250 2313 2518
f 2516 2980 2643
f 2478 2979 2290
f 2478 2290 2291
f 3935 2479 2477
f 3934 2292 3935
f 2292 3913 2640
f 2292 2640 2478
f 2981 3913 2292
f 2639 2360 2475
f 3907 3909 3911
f 2297 2457 3907
f 2458 2457 2297
f 2386 2473 2645
f 3929 3905 2645
f 2554 3901 3903
f 2276 3901 2554
f 3928 2470 2311
f 3928 2311 2310
f 3927 3896 2470
f 3927 2471 3896
f 2471 2300 2312
f 2471 2312 2450
f 2300 3926 2312
f 3926 2301 2312
f 2281 2236 2490
f 2283 2983 3894
f 2465 2486 2286
f 2252 2514 2980
f 2978 2127 2287
f 2304 2445 2288
f 2306 2984 3917
f 2306 3917 2461
f 2481 2466 2288
f 2481 2289 3915
f 2481 3915 2466
f 2478 2640 2979
f 2289 4346 2640
f 2289 2640 3915
f 3913 3915 2640
f 2461 3913 2981
f 2321 2461 2981
f 2321 2981 2462
f 3012 2341 2996
f 2360 2380 2475
f 3911 2360 2639
f 3911 2411 2360
f 3909 2411 3911
f 2409 2361 2411
f 2409 2411 3909
f 2308 3303 2409
f 2308 2407 3303
f 2458 3301 2407
f 2458 2407 2308
f 2386 3301 2458
f 2310 2364 2455
f 2310 2403 2364
f 2470 3896 2311
f 2311 3899 2365
f 3899 3295 2365
f 3899 2312 3295
f 2471 2450 3896
f 2312 2301 2367
f 3850 2637 2302
f 3939 3923 2631
f 2983 2314 3894
f 2992 3941 2465
f 2465 2286 2990
f 2465 2990 2992
f 2980 2315 2325
f 2514 2315 2980
f 2514 2287 2315
f 2287 2323 2442
f 3887 2633 3890
f 2634 2484 2317
f 2484 2288 2445
f 2484 2445 2317
f 3887 3890 2446
f 2304 2318 2445
f 2446 3890 2319
f 2446 4318 2320
f 2304 2984 2306
f 2304 2306 4319
f 4316 4320 4317
f 2320 4318 2306
f 2320 2306 2321
f 2446 2321 2413
f 2446 2413 2359
f 3887 2446 2417
f 3887 3886 2633
f 2316 2633 3886
f 2316 3886 2322
f 2316 2322 2323
f 2322 3310 2442
f 2442 3310 2358
f 2324 2442 2358
f 2287 2442 2324
f 2985 2324 2613
f 2985 2613 2336
f 2985 2336 2325
f 2985 2325 2315
f 3943 2335 2334
f 2621 2334 2610
f 2621 2991 3943
f 3882 2621 3872
f 3881 3882 3872
f 3881 3872 2326
f 2332 3879 2989
f 2989 3879 2988
f 2987 2988 3879
f 2328 2627 2994
f 2637 2328 3875
f 2637 3875 2400
f 2302 2637 2330
f 2329 2302 2330
f 2977 3939 2631
f 2631 3923 2986
f 2629 2614 2993
f 2617 3941 2992
f 2618 2992 2990
f 2618 2989 2629
f 2988 2624 2614
f 2627 2986 2624
f 2631 2986 2627
f 2627 2624 2987
f 2987 2624 2988
f 2986 2614 2624
f 2629 2988 2614
f 2989 2988 2629
f 2327 2989 2618
f 2327 2618 2990
f 2327 2990 2623
f 2990 2286 3881
f 2990 3881 2623
f 2286 3882 3881
f 2991 2621 3882
f 3882 2286 2991
f 2617 2992 2618
f 2617 2618 2629
f 2617 2629 2993
f 2614 2314 2993
f 2614 2986 3894
f 2614 3894 2314
f 2637 2977 2631
f 2367 2301 2329
f 2437 3295 2367
f 2637 2400 2331
f 2328 2994 2368
f 2994 2987 2368
f 2332 3287 3879
f 2332 2393 3287
f 2370 2333 2326
f 2326 3872 3871
f 3872 2621 2610
f 2643 2325 2426
f 2613 2337 2336
f 2337 2338 2344
f 2613 2324 2339
f 2613 2339 2337
f 2358 2339 2324
f 2358 3310 2339
f 2342 2611 3866
f 2429 2342 3865
f 2429 3865 2340
f 3865 3866 3311
f 3314 2379 2341
f 2342 2419 2343
f 2354 2342 2429
f 2354 2429 2379
f 2611 2342 2343
f 2338 2339 2611
f 2611 2343 2355
f 2611 2355 2338
f 2344 2338 2355
f 2350 2337 2344
f 2433 2426 3854
f 2335 2433 2334
f 2334 3858 2610
f 2395 2369 2370
f 2395 2372 3291
f 2347 2348 2391
f 2347 2391 2372
f 2426 2349 3854
f 2349 2350 2374
f 2350 2421 2351
f 2350 2351 3282
f 3851 3279 2353
f 3317 2352 2343
f 2353 3317 2354
f 2378 2353 2379
f 2381 2379 3314
f 2381 3273 2379
f 2340 2415 2341
f 2415 3311 2357
f 2341 2357 2359
f 2341 2359 3307
f 2341 3307 2996
f 3332 3266 2380
f 3305 3333 3332
f 2362 3333 3305
f 2362 3303 2383
f 2362 2383 3333
f 2407 3334 2383
f 2407 2383 3303
f 2384 3015 3334
f 2384 3334 2407
f 3903 2387 2385
f 3903 2385 2363
f 3901 2405 2387
f 3299 3442 2405
f 3297 2365 3441
f 3441 2366 3440
f 2310 2311 2365
f 2310 2365 2403
f 2365 3295 2366
f 2312 2367 3295
f 2366 3295 2437
f 2366 2437 2604
f 2329 2545 2998
f 2329 2330 2545
f 2330 2331 2545
f 3291 2372 2371
f 2372 2391 2607
f 3285 3857 2373
f 2349 2374 3398
f 3279 3432 3282
f 3279 3282 2351
f 2375 2398 3279
f 2351 2352 3279
f 2375 3279 3851
f 2376 2375 3851
f 2376 3851 2378
f 2388 2376 2378
f 3429 2398 2376
f 2377 3273 2381
f 2401 2377 2381
f 2995 2382 2576
f 3412 3268 2995
f 3412 2416 3268
f 2577 2594 3428
f 3427 2577 3428
f 3412 2995 2576
f 2576 2382 3012
f 2420 3314 3012
f 3014 3013 3333
f 3015 3014 3335
f 2384 2569 3015
f 3017 3016 2569
f 3017 2569 2384
f 2363 2385 2568
f 2387 3336 2564
f 2387 2564 2385
f 3442 2562 3336
f 3442 2600 2562
f 3299 3297 3441
f 3441 3440 2999
f 2604 2437 3020
f 3293 2371 3438
f 3438 2371 3402
f 2371 3437 3402
f 2372 2390 3437
f 2372 3437 2371
f 2607 3436 2536
f 2607 2536 2390
f 2391 3285 3436
f 3436 3435 3350
f 3285 2373 3435
f 3285 3435 3436
f 3435 2373 3350
f 2373 3858 2424
f 2424 3858 2392
f 2424 2392 3337
f 2374 2350 3434
f 3434 3433 3401
f 3434 2350 2394
f 3433 2394 3431
f 2389 3432 2394
f 2389 2394 2350
f 3400 3431 2396
f 2389 3282 3432
f 3279 2398 2396
f 3279 2396 3432
f 2376 2398 2375
f 3389 3399 3429
f 2532 2399 2401
f 2476 3413 3267
f 3428 3417 3416
f 2997 2410 3426
f 2997 3426 3003
f 2597 3425 2596
f 3424 2404 3421
f 2404 2406 3421
f 3423 3000 3422
f 2544 2539 2406
f 3424 3421 3420
f 3424 3420 2408
f 3424 2408 2997
f 3419 3420 3421
f 3024 2412 3417
f 3024 3417 2410
f 2412 2606 3416
f 3416 3415 3428
f 3415 3414 3427
f 2606 2521 3414
f 2521 2414 3414
f 3414 3413 2476
f 3357 2485 3412
f 2485 2532 2416
f 3413 3359 3357
f 2414 3347 3388
f 2521 2524 2414
f 3410 2530 2529
f 2412 2529 2606
f 3411 2529 2412
f 2533 3405 3406
f 3410 3408 2530
f 3408 3406 2517
f 3405 2533 3404
f 2533 2513 2549
f 2540 2533 2548
f 2540 2548 3354
f 2537 2540 3354
f 2534 2539 2540
f 2544 2541 2539
f 2540 2560 3021
f 2546 3025 2533
f 3021 2546 2533
f 2437 2329 2998
f 2437 2998 2546
f 3021 2437 2546
f 3021 2533 2540
f 3021 2560 3020
f 3828 2560 2541
f 2557 2544 2543
f 3827 2555 2582
f 2564 3019 3829
f 3019 2562 3023
f 3023 2562 2561
f 2561 2562 2600
f 2600 3442 2999
f 3442 3441 2999
f 2999 3440 2604
f 2999 2604 2602
f 2600 2999 2602
f 3829 2582 3018
f 3018 2582 3016
f 2569 3016 2587
f 2569 2587 3001
f 2569 3001 2572
f 4327 3001 3010
f 4327 3010 3830
f 3830 3010 3831
f 3830 3831 2574
f 2574 3011 3013
f 3004 2577 3427
f 2590 3005 2592
f 2574 2590 3011
f 3831 2590 2574
f 3831 3832 2590
f 3002 3832 3831
f 3001 3002 3010
f 2587 3002 3001
f 2582 3009 3008
f 2555 3000 3009
f 3000 2555 2543
f 2543 2544 3422
f 3000 2543 3422
f 2584 3000 3423
f 3425 2584 3423
f 2586 2584 3425
f 2586 3425 3007
f 3007 3425 2597
f 2587 3007 3002
f 3007 2597 3006
f 3832 3002 3007
f 2597 2596 3006
f 3006 2596 2402
f 2402 3003 2592
f 2402 2997 3003
f 3003 3426 2594
f 3004 3003 2594
f 2592 3003 3004
f 3005 2402 2592
f 3005 3006 2402
f 3005 2590 3006
f 3832 3006 2590
f 3832 3007 3006
f 3008 4329 3007
f 3008 3007 2587
f 3009 2584 2586
f 3009 4329 3008
f 3009 3000 2584
f 2582 2555 3009
f 3829 3827 2582
f 3016 2582 3008
f 2587 3016 3008
f 3002 3831 3010
f 2590 2592 3011
f 3011 2592 2580
f 2580 2592 3004
f 3004 2594 2577
f 3412 2576 2476
f 3011 2580 3004
f 3014 2574 3013
f 3014 3830 2574
f 3015 3830 3014
f 4326 4328 4359
f 2569 3830 3015
f 2568 3018 3016
f 2568 3016 3017
f 2385 3829 3018
f 2385 3018 2568
f 2564 3829 2385
f 3336 3019 2564
f 3336 2562 3019
f 2561 2600 3828
f 2600 2602 3828
f 3020 2437 3021
f 2604 3020 2560
f 2602 2604 2560
f 2602 2560 3828
f 2561 3828 3022
f 3023 2561 3022
f 3023 3022 2557
f 3023 2557 3019
f 3019 2557 3827
f 3019 3827 3829
f 2557 2543 3827
f 3827 2543 2555
f 2557 3022 2544
f 3022 2541 2544
f 3022 3828 2541
f 2998 2545 3025
f 2331 3439 2513
f 2546 2998 3025
f 2560 2540 2539
f 2541 2560 2539
f 2534 2537 2535
f 2535 2547 3421
f 2538 2547 3409
f 2542 3421 2538
f 4325 2538 3418
f 3419 3421 2542
f 3419 4325 3418
f 2538 3409 2418
f 2538 2418 3024
f 3024 2418 3411
f 3024 3411 2412
f 3024 2410 3418
f 2538 3024 3418
f 2538 3421 2547
f 2535 3354 2547
f 2548 3407 2547
f 2548 2547 3354
f 2548 2533 3407
f 2537 3354 2535
f 2406 2534 2535
f 2406 2535 3421
f 2539 2534 2406
f 2534 2540 2537
f 3025 2513 2533
f 3025 2545 2513
f 2545 2331 2513
f 3439 2422 3403
f 3438 2444 2422
f 3438 3402 2444
f 3402 2423 3384
f 3437 2423 3402
f 2423 3385 3384
f 2423 2536 3385
f 2536 3383 3385
f 2536 3350 3383
f 3437 2536 2423
f 3437 2390 2536
f 2536 3436 3350
f 3350 2373 2447
f 3350 2447 3383
f 2392 3398 2448
f 3431 2427 3401
f 3389 3391 3399
f 2435 2427 2425
f 2436 2435 3399
f 2436 3399 3391
f 2427 2432 2428
f 3398 3401 2428
f 2444 3384 2452
f 2511 2430 2509
f 2509 2430 3397
f 2509 3397 3338
f 2456 3396 3398
f 3375 2456 2432
f 3394 3375 3395
f 2427 2435 3395
f 2427 3395 2432
f 3394 3395 2435
f 2434 3394 3392
f 2464 2459 3394
f 2464 3394 2434
f 2482 3369 3393
f 2485 3393 2532
f 2482 3393 2485
f 3393 3392 2532
f 2532 3392 3390
f 3392 3394 2436
f 3392 2436 3390
f 3390 2436 3391
f 2438 3359 3413
f 2526 2497 3347
f 2526 3347 2414
f 2526 2414 2524
f 2531 2439 3348
f 4324 3348 2526
f 2517 2439 2531
f 2440 3387 2441
f 2440 2441 2515
f 2515 2441 3361
f 2549 3362 2441
f 2549 2441 3387
f 2549 3386 3362
f 2533 2549 3404
f 3406 3404 2515
f 3406 2515 2517
f 2549 3387 2440
f 3404 2549 2440
f 3404 2440 2515
f 2517 2531 2519
f 2530 2517 2519
f 2529 2530 2519
f 2529 2519 2521
f 3408 2517 2530
f 2519 4324 2526
f 2519 2526 3349
f 3349 2526 2521
f 2526 2524 2521
f 2519 3349 2521
f 2513 3403 3386
f 3403 2422 2443
f 2443 2422 2449
f 2422 2444 2449
f 2444 3402 3384
f 2449 2444 3380
f 2443 3380 3379
f 2453 3378 2452
f 2511 3377 2453
f 3377 2509 3372
f 3377 3372 3378
f 3376 2456 3339
f 3369 2307 2459
f 2507 3373 2307
f 2507 2307 3369
f 3376 3339 2460
f 2460 2454 3376
f 3340 3373 2507
f 3372 2509 2454
f 3372 2454 2460
f 2463 3371 3340
f 2463 3340 3370
f 3367 2463 2503
f 2505 4323 2305
f 3370 3340 2507
f 3370 2507 2305
f 3369 2482 3368
f 2467 2505 2305
f 2303 4323 2505
f 2303 2505 2467
f 3346 2303 2467
f 3367 2503 4315
f 2498 3367 4315
f 4322 2303 3346
f 2489 3367 2498
f 3365 2469 3367
f 3365 3367 2489
f 3363 3364 2489
f 2441 3363 3361
f 3361 3343 2500
f 2500 3343 3342
f 2500 3342 2497
f 2439 2515 2500
f 2439 2500 3348
f 3348 2497 2526
f 3348 2500 2497
f 2497 3360 3347
f 3360 3341 3359
f 2494 3344 3359
f 2491 2494 3359
f 2491 3359 3341
f 3359 3358 3357
f 3344 2482 3357
f 3344 2305 2482
f 3345 3346 2467
f 4322 3346 3345
f 2483 2489 2498
f 4321 4322 3345
f 2494 3345 3344
f 2491 3356 3345
f 2491 3345 2494
f 2491 3355 3356
f 2497 2491 3360
f 3342 2491 2497
f 2441 3386 3363
f 3343 3361 3342
f 3342 3361 4353
f 3342 3355 2491
f 2491 3341 3360
f 3361 2489 4353
f 3361 3363 2489
f 4353 2489 2483
f 3355 4321 3356
f 3356 4321 3345
f 3345 2467 3344
f 2305 3344 2467
f 3368 2482 2305
f 3357 2482 2485
f 3358 3344 3357
f 3359 3344 3358
f 3360 3359 3347
f 3361 2500 2515
f 3362 3386 2441
f 3363 3386 3365
f 3363 3365 3364
f 3364 3365 2489
f 3386 2469 3365
f 3386 2443 2469
f 2443 3379 2469
f 3379 3380 3366
f 3379 3366 2468
f 3379 2468 3367
f 3379 3367 2469
f 3368 2305 3369
f 3369 2459 2464
f 2305 2507 3369
f 2503 2463 3370
f 4323 3370 2305
f 3367 2468 2463
f 2468 3366 3371
f 2468 3371 2463
f 3366 3378 3371
f 3371 3378 3340
f 3378 3372 3340
f 3340 3372 2460
f 3340 2460 3373
f 3373 2460 3339
f 3373 3339 2307
f 3339 3374 2459
f 3339 2459 2307
f 3375 3394 2459
f 3375 2459 3374
f 3375 3374 2456
f 2456 3374 3339
f 3396 2456 3376
f 3396 3376 2309
f 2454 3338 2309
f 2454 2309 3376
f 2509 3338 2454
f 3377 2511 2509
f 3378 2453 3377
f 3378 3366 2452
f 3380 2452 3366
f 2449 3380 2443
f 2447 2373 3381
f 3337 2392 2448
f 3337 2448 3382
f 2447 3381 3337
f 2447 3337 3382
f 3386 3403 2443
f 2513 3386 2549
f 2517 2515 2439
f 3388 3347 2438
f 3347 3359 2438
f 2532 3391 2399
f 3391 3389 2399
f 2532 3390 3391
f 3394 2435 2436
f 3393 2434 3392
f 3369 2434 3393
f 3369 2464 2434
f 2432 3395 3375
f 2428 2432 2456
f 2428 2456 3398
f 2431 3398 3396
f 2431 3396 2309
f 2431 2309 3338
f 2431 3338 3397
f 2511 3385 3383
f 2511 3383 2430
f 2511 2453 3385
f 2453 3384 3385
f 2452 3384 2453
f 2444 2452 3380
f 3383 2447 3382
f 3383 3382 2430
f 2448 3397 2430
f 2448 2430 3382
f 2448 3398 2431
f 2448 2431 3397
f 2427 2428 3401
f 3431 2425 2427
f 2435 2425 3399
f 3400 3429 3399
f 3400 3399 2425
f 3400 2425 3431
f 3431 3401 3433
f 3434 3401 3398
f 2424 3337 3381
f 2373 2424 3381
f 3439 3438 2422
f 2513 3439 3403
f 3405 3404 3406
f 3407 2533 3406
f 3407 3406 3408
f 2547 3407 3408
f 2547 3408 3409
f 3409 3408 2418
f 3410 3411 2418
f 3410 2418 3408
f 3410 2529 3411
f 2521 2606 2529
f 2414 3388 3414
f 3388 2438 3414
f 3414 2438 3413
f 3267 3357 3412
f 3267 3413 3357
f 3415 2606 3414
f 3416 2606 3415
f 3417 2412 3416
f 2410 3417 3426
f 3418 2410 2997
f 3418 2997 2408
f 3419 3418 2408
f 3419 2408 3420
f 3422 2544 2406
f 3422 2406 2404
f 3423 3422 2404
f 3423 2404 3425
f 3424 3425 2404
f 3424 2997 2596
f 3424 2596 3425
f 2596 2997 2402
f 3426 3417 2594
f 2594 3417 3428
f 3428 3415 3427
f 2485 2416 3412
f 2532 2401 2416
f 2399 3389 3430
f 3389 3429 3430
f 3429 3400 2398
f 2398 3400 2396
f 3432 2396 3431
f 3432 3431 2394
f 3434 2394 3433
f 2374 3434 3398
f 2349 3398 2392
f 2349 2392 3854
f 2607 2391 3436
f 2390 2372 2607
f 3439 3293 3438
f 2331 2400 3439
f 2604 3440 2366
f 3442 3299 3441
f 2405 3442 3336
f 2405 3336 2387
f 2363 2568 3905
f 3905 2568 3017
f 3905 3017 2386
f 2386 3017 2384
f 3015 3335 3334
f 3334 3335 3014
f 3334 3014 2383
f 2383 3014 3333
f 3333 3013 3332
f 3013 3011 3332
f 3332 3011 3266
f 3266 3011 2380
f 3011 3004 2380
f 2380 3004 3427
f 3314 2341 3012
f 2382 2420 3012
f 2476 3267 3412
f 3414 2476 3427
f 3268 2416 2995
f 2416 2401 2995
f 2995 2401 2382
f 2382 2401 2381
f 2377 2378 3273
f 3273 2378 2379
f 2378 3851 2353
f 2377 3276 2388
f 2377 2388 2378
f 2401 3276 2377
f 2401 2399 3276
f 2399 3430 3276
f 3430 3429 3276
f 3276 3429 2388
f 3429 2376 2388
f 2350 3282 2389
f 3858 3854 2392
f 2373 3857 3858
f 3285 2348 3857
f 2391 2348 3285
f 2397 3291 2371
f 3293 2397 2371
f 2400 3293 3439
f 3293 2328 2397
f 3293 3875 2328
f 2393 2332 2333
f 2393 2333 2370
f 2987 3287 2393
f 2987 2393 2369
f 2369 2393 2370
f 2610 2345 3289
f 2346 3871 3289
f 2346 3289 2345
f 2370 2326 3871
f 2370 3871 2346
f 2987 2369 2395
f 2987 2395 3291
f 2987 3291 2368
f 2368 2397 2328
f 3875 3293 2400
f 2365 2366 3441
f 2364 2403 2365
f 2364 2365 3297
f 2364 3297 3299
f 2364 3299 2455
f 2455 3299 2405
f 2455 2405 3901
f 3901 2387 3903
f 3903 2363 3905
f 2386 2384 3301
f 3301 2384 2407
f 3303 2362 2409
f 2409 2362 3305
f 2409 3305 2361
f 3305 3332 2411
f 3305 2411 2361
f 2411 3332 2360
f 3332 2380 2360
f 2576 3012 2996
f 2359 2413 3307
f 3307 2413 2321
f 3308 2446 2359
f 3308 2417 2446
f 2357 2417 3308
f 2357 3308 2359
f 2340 3865 2415
f 2415 3865 3311
f 3310 3311 3866
f 2322 3311 3310
f 2322 3886 3311
f 2417 3311 3886
f 2357 3311 2417
f 2341 2415 2357
f 2420 2381 3314
f 2382 2381 2420
f 2354 2419 2342
f 2350 2344 2356
f 2350 2356 2421
f 2355 2356 2344
f 2355 2343 2352
f 2355 2352 2356
f 2419 3317 2343
f 2354 3317 2419
f 2379 2353 2354
f 3317 2353 3279
f 3317 3279 2352
f 2421 2356 2352
f 2421 2352 2351
f 2350 2349 2426
f 2433 3854 3858
f 2334 2433 3858
f 2348 2345 3857
f 2348 2346 2345
f 2347 3855 2346
f 2347 2346 2348
f 2372 2395 2347
f 2397 2368 3291
f 2395 2370 2347
f 2370 2346 3855
f 2370 3855 2347
f 2610 3857 2345
f 2610 3858 3857
f 2433 2643 2426
f 2426 2325 2350
f 2341 2379 2429
f 2341 2429 2340
f 3866 3865 2342
f 3310 3866 2611
f 3310 2611 2339
f 2337 2339 2338
f 2336 2337 2350
f 2325 2336 2350
f 2335 2643 2433
f 3872 2610 3289
f 3872 3289 3871
f 2332 2326 2333
f 3287 2987 3879
f 2330 2637 2331
f 2367 2329 2437
f 2301 2451 2329
f 2451 2302 2329
f 2631 2328 2637
f 2631 2627 2328
f 2994 2627 2987
f 2327 2332 2989
f 2332 2327 2623
f 2332 2623 2326
f 2326 2623 3881
f 2621 3943 2334
f 2313 2335 3943
f 2313 2643 2335
f 2985 2287 2324
f 2322 2442 2323
f 3887 2417 3886
f 2321 2446 2320
f 2445 2318 2319
f 2445 2319 3890
f 2317 2445 3890
f 2317 3890 2633
f 2317 2633 2316
f 2634 2317 2316
f 2634 2316 2323
f 2634 2323 2287
f 2315 2287 2985
f 2643 2980 2325
f 2617 3919 3941
f 2993 2982 3919
f 2993 3919 2617
f 2982 2993 2983
f 2314 2983 2993
f 3923 3894 2986
f 2301 2302 2451
f 3896 2450 2312
f 3896 2312 3899
f 2311 3896 3899
f 3928 2310 2455
f 3928 2455 2276
f 2276 2455 3901
f 2472 3903 3905
f 2472 3905 3929
f 2645 3905 2386
f 2473 2386 2458
f 2458 2308 2457
f 2457 2308 2409
f 2457 2409 3907
f 3907 2409 3909
f 3427 2476 2267
f 2476 2294 2267
f 2294 2476 2576
f 3307 2321 2462
f 2321 2306 2461
f 2461 3917 3913
f 3913 3917 3915
f 2466 3915 3917
f 2466 3917 2984
f 2288 2466 2984
f 2288 2984 2304
f 2127 2484 2634
f 2127 2634 2287
f 3941 2487 2486
f 3941 2486 2465
f 2982 2488 2285
f 2982 2285 3919
f 2982 3921 2488
f 2982 2983 3921
f 3939 2977 2237
f 2490 2302 2301
f 2281 2490 2301
f 3926 2492 2281
f 3926 2281 2301
f 2278 2300 2471
f 2278 2471 2493
f 2493 2471 3927
f 2299 2493 3927
f 2299 3927 2470
f 2299 2470 2276
f 2276 2470 3928
f 2554 3903 3848
f 3848 3903 2472
f 3848 2472 2298
f 2298 2472 3929
f 2473 2458 2297
f 2297 3907 3930
f 3930 3907 2474
f 2474 3907 3911
f 2474 3911 2296
f 2296 3911 3931
f 3931 3911 2639
f 3931 2639 2295
f 2639 2475 2295
f 2475 2380 3932
f 2380 3427 2267
f 3307 2462 2996
f 3934 3935 2477
f 3934 2477 2293
f 2484 2254 2481
f 2481 2254 2289
f 3936 2480 3933
f 2256 2506 3936
f 2256 3936 3933
f 2291 3936 2506
f 2291 2506 2479
f 2477 2479 2293
f 2462 3934 2293
f 2462 2981 3934
f 2981 2292 3934
f 2292 2478 3935
f 3935 2478 2479
f 2479 2478 2291
f 2480 3936 2291
f 2480 2291 2290
f 3937 2480 2290
f 3937 2290 4346
f 3937 4346 2289
f 2484 2481 2288
f 2978 2287 2514
f 2585 2978 2514
f 2516 2252 2980
f 2313 2516 2643
f 2248 3943 2991
f 2487 2286 2486
f 2285 2186 2520
f 2488 2186 2285
f 3921 2246 2186
f 3921 2186 2488
f 3921 2284 2246
f 3921 2983 2284
f 3923 2242 2283
f 3252 2237 2528
f 2649 2977 2637
f 2236 2709 2490
f 2232 2236 2281
f 2492 2233 2281
f 3849 2278 2493
f 2226 3849 2493
f 2223 2554 3848
f 3848 2298 3846
f 2298 3929 2154
f 2154 3929 2645
f 2473 3930 2495
f 3930 2274 2273
f 2273 3931 3847
f 3847 3931 2271
f 2271 3931 2295
f 2271 2295 2496
f 2496 2295 2499
f 2295 3932 2499
f 2499 3932 2268
f 3932 2380 2268
f 2462 2293 2504
f 2508 2265 2262
f 2502 2508 2501
f 2265 2508 2502
f 2504 2262 2265
f 2293 2479 2262
f 2479 2260 2262
f 2260 2506 2258
f 2260 2258 2508
f 2258 2510 2193
f 2256 2583 2510
f 2256 3933 2583
f 2575 2254 2201
f 2585 2127 2978
f 2252 2585 2514
f 2185 2286 2487
f 2186 2591 2185
f 2186 2185 2520
f 2246 2243 2186
f 2523 2522 2588
f 2523 2588 2243
f 2523 2647 2522
f 2240 2242 2525
f 2525 2603 2240
f 2528 2609 3252
f 2709 2057 2527
f 2552 2605 2236
f 2552 2236 2232
f 2230 2552 2232
f 2230 2232 2233
f 2612 2230 2551
f 2550 2612 2551
f 2160 2550 2226
f 2160 2226 2553
f 2553 2226 2554
f 2553 2554 2615
f 2554 2223 2615
f 2753 3846 2154
f 2645 2473 2154
f 2619 2473 2495
f 2556 2219 2558
f 2558 2271 2217
f 2217 2271 2496
f 2217 2496 2559
f 2559 2268 2213
f 2213 2268 2380
f 2565 2209 2566
f 2565 2566 2143
f 2211 2565 2143
f 2265 2211 2563
f 2502 2501 2211
f 2502 2211 2265
f 2501 2578 2211
f 2211 2578 2565
f 2565 2578 2205
f 2565 2205 2209
f 2209 2205 2567
f 2570 2206 2567
f 2570 2567 2205
f 2570 2571 2206
f 2203 2573 2571
f 2203 2571 2570
f 2130 2201 2127
f 2201 2635 2575
f 2198 2573 2579
f 2573 2190 2579
f 2573 2203 2190
f 2203 2570 2195
f 2581 2195 2578
f 2193 2195 2581
f 2646 2585 2252
f 2646 2252 2516
f 2128 2646 2516
f 2250 2518 2128
f 2648 2991 2286
f 2286 2124 2648
f 2591 2124 2185
f 2243 2657 2653
f 2588 2657 2243
f 2588 2522 2182
f 2522 2651 2182
f 2522 2283 2651
f 2651 2283 2240
f 2121 2593 2180
f 2061 2740 2598
f 2117 1862 2118
f 2128 1919 3036
f 3036 2176 2128
f 2646 2176 2175
f 2062 2595 2175
f 2062 2179 2595
f 2947 2065 2700
f 2700 2065 2599
f 2700 2599 2595
f 2179 2700 2595
f 2175 2595 2114
f 2176 2646 2128
f 1919 2128 2601
f 2740 2020 2598
f 2121 2172 2705
f 2121 2705 2061
f 2121 2180 2172
f 2170 2706 2169
f 2170 2169 2180
f 2706 2170 2240
f 2013 3252 2609
f 2013 2609 2649
f 2058 2013 2649
f 2051 2052 2166
f 2051 2166 2164
f 2164 2166 2608
f 2714 2164 2608
f 2714 2608 2163
f 2714 2163 2616
f 2159 2616 2163
f 2159 2163 2612
f 2159 2612 2160
f 2159 2160 2620
f 3839 3846 2753
f 2153 2217 2626
f 2626 2217 2622
f 2622 2213 2149
f 2149 2213 2150
f 2628 2150 2213
f 2628 2213 2380
f 2380 2267 2768
f 2294 2504 1812
f 2265 2563 2034
f 2563 2214 2034
f 2143 2636 2146
f 2143 2146 2211
f 2566 2650 2143
f 2650 2636 2143
f 2650 2638 2630
f 2650 2630 2636
f 2638 2144 2630
f 2636 2630 2632
f 2140 2144 2106
f 2140 2106 2632
f 2133 2659 4330
f 2133 2661 2144
f 2134 2659 2133
f 2659 2134 2642
f 2595 2127 2114
f 2595 2599 2130
f 2595 2130 2127
f 2599 2641 2130
f 2065 2703 2635
f 2703 2112 2137
f 2703 2137 2635
f 2209 2133 2638
f 2567 2134 2133
f 2567 2133 2209
f 2206 2134 2567
f 2571 2134 2206
f 2644 2975 2571
f 2138 2975 2644
f 2641 2635 2201
f 2130 2641 2201
f 2656 2128 2518
f 2656 2518 2652
f 2248 2118 2652
f 2122 2124 2591
f 2653 2020 2122
f 2240 2170 2651
f 2170 2180 2651
f 2121 2588 2593
f 2588 2121 2061
f 2588 2061 2657
f 2657 2061 2598
f 2657 2598 2653
f 2653 2598 2020
f 2117 2648 2124
f 1862 2601 2118
f 2656 2601 2128
f 2599 2065 2641
f 2065 2635 2641
f 2654 2974 2659
f 2654 2659 2975
f 2659 2974 2655
f 2659 2655 4330
f 4330 2655 2109
f 2664 2109 2107
f 2632 2106 2669
f 2632 2669 2665
f 2665 2669 2625
f 2625 2669 2104
f 2670 2668 2625
f 2670 2625 2104
f 2670 2101 2668
f 2969 2099 2101
f 2663 2099 2969
f 3845 2671 2663
f 3845 2094 2671
f 2094 2096 2673
f 2094 2088 2096
f 3845 2697 2094
f 3845 2679 2697
f 2662 2676 2093
f 2662 2093 2679
f 2972 2676 2662
f 2972 2662 2660
f 2672 2091 2676
f 2697 2692 2088
f 2096 2087 2692
f 2692 2953 2096
f 2096 2953 3844
f 2953 2694 2682
f 2682 2694 2035
f 2694 2952 2035
f 2035 2952 2085
f 2085 2952 2960
f 2085 2960 2033
f 2033 2960 4334
f 2033 2685 2082
f 2082 2685 4332
f 2082 4332 2081
f 2078 2081 4332
f 4295 4333 2686
f 4295 2686 2688
f 4295 2688 2077
f 2077 2688 3843
f 2735 2077 3843
f 2732 2075 2691
f 2693 2734 2691
f 2072 2950 2698
f 2071 2698 2950
f 2026 2071 3842
f 3095 3842 2696
f 2069 3107 2696
f 2654 3093 2699
f 2949 3093 2654
f 2065 2947 2703
f 2702 2700 2179
f 2702 2179 2062
f 2062 2175 3833
f 2176 3036 2175
f 2022 2601 1862
f 2124 2020 3043
f 2061 2946 2740
f 2705 2946 2061
f 2705 2018 2946
f 2172 2169 2701
f 2172 2701 2705
f 2743 2706 2603
f 2603 2706 2240
f 2743 2603 2237
f 3841 2791 2709
f 2055 3841 2709
f 2748 3841 2055
f 2712 2748 2055
f 2712 2055 2052
f 2051 2712 2052
f 3840 2051 2714
f 2049 3840 2714
f 2046 2615 2045
f 1901 3839 2753
f 2757 2619 2556
f 3838 2626 2000
f 2000 2626 2720
f 4288 4335 4290
f 2041 2720 2722
f 2722 2720 2149
f 2722 2149 2759
f 2759 2149 1995
f 2149 2628 1995
f 1995 2628 2038
f 2976 2380 2768
f 1988 2625 2668
f 1988 2668 2036
f 2668 2099 2036
f 2099 2671 2036
f 3967 2673 3844
f 3844 2682 3967
f 3967 2682 2725
f 2682 2035 2725
f 2035 2727 2037
f 2773 2727 2033
f 2770 2773 2033
f 2770 2033 2728
f 2770 2728 1984
f 1984 2728 3977
f 3977 2032 1982
f 3235 1982 2032
f 3235 2032 4337
f 2729 3235 4337
f 4336 2730 2030
f 1980 2030 2735
f 1980 2735 1978
f 3814 1978 2735
f 2734 3148 2028
f 3093 2948 3107
f 2947 1973 2703
f 3833 2175 3036
f 2787 2020 2740
f 2787 2740 2946
f 2018 2707 2946
f 2707 2018 2701
f 2707 2701 2789
f 2701 2742 3122
f 2701 3122 2789
f 2706 2016 2169
f 2792 3184 2743
f 2932 3811 2791
f 2932 2791 2748
f 2010 2932 2748
f 2751 2010 2749
f 2008 2751 2749
f 3030 2008 2006
f 3030 2006 3186
f 2001 3186 2046
f 1951 2046 2045
f 1951 2045 2755
f 1901 2753 1838
f 1897 1838 2154
f 1897 2154 2004
f 2757 2043 3110
f 3110 2043 2000
f 1959 2000 1998
f 1959 1998 2761
f 2761 1998 2759
f 2759 1995 1993
f 1993 1995 2763
f 1991 2763 2976
f 1991 2976 2768
f 2719 2267 2711
f 2267 2294 2711
f 2711 2294 1812
f 2504 2034 2807
f 2765 2625 1988
f 1988 2673 2809
f 2811 2809 2725
f 2811 2725 1986
f 2725 2037 1986
f 1986 2037 1888
f 1984 2813 2770
f 3073 3977 1982
f 3073 1982 3235
f 3151 3235 4285
f 4347 1978 2776
f 2821 2776 1978
f 2821 1978 3814
f 2823 2821 3814
f 1976 2823 3814
f 3814 2028 1976
f 1976 2028 1930
f 2028 3148 1930
f 2708 2824 3148
f 2826 2779 2024
f 2782 2710 3816
f 1923 3833 3036
f 1920 3036 1919
f 1785 3057 3043
f 3248 1858 2787
f 3248 2787 2874
f 3122 3097 2789
f 3101 2804 2791
f 3101 2791 3811
f 3253 3101 3811
f 3159 3253 3811
f 3159 3811 2932
f 3099 3159 2932
f 2795 3099 2932
f 2795 2932 1957
f 2795 1957 1953
f 3352 2795 1953
f 2797 3352 3030
f 2797 3030 3186
f 1899 3130 2001
f 1899 2001 3244
f 1947 3244 1951
f 1959 2801 2873
f 2873 2801 1949
f 1949 2801 1993
f 1949 1993 1948
f 1948 1993 1971
f 2805 2803 1910
f 1945 2803 2768
f 2807 2034 1943
f 2034 2765 1943
f 1943 2765 1988
f 2945 4287 4277
f 1889 1988 2809
f 1889 2809 1941
f 1914 3977 3073
f 2891 1914 3073
f 2891 3073 4339
f 2891 4339 4338
f 2891 4338 1935
f 1935 4338 1934
f 1935 1934 2817
f 1932 2817 1934
f 1932 1934 2821
f 2823 1932 2821
f 2823 1876 1932
f 2823 1976 1870
f 1870 1976 1930
f 2708 2826 2824
f 2826 1921 2824
f 3137 2828 2944
f 2828 3137 1922
f 3137 3836 1922
f 3836 2942 1922
f 2713 2942 3836
f 2710 1791 2941
f 1973 2947 1924
f 3040 3795 1920
f 1917 1858 3248
f 1917 3248 3249
f 3097 2718 3249
f 3097 3794 2938
f 3097 2938 2718
f 3097 3250 3794
f 3250 1915 3794
f 1936 1915 1964
f 2915 1936 1964
f 2915 1964 3251
f 3798 1851 1913
f 3258 3259 3253
f 3258 3253 3257
f 3261 3258 3257
f 3261 3257 1906
f 3261 1906 1942
f 1942 1906 1905
f 3262 1942 1905
f 3460 3088 1899
f 3460 1899 1947
f 1898 1838 1897
f 1897 3110 1900
f 1900 3110 1903
f 1903 3110 1904
f 1904 1959 1950
f 1950 1959 2873
f 1950 2873 1890
f 1890 2873 1907
f 1890 1907 1832
f 1832 1907 1948
f 1832 1948 1971
f 1832 1971 1908
f 1908 1971 1909
f 4279 1910 1885
f 4279 1885 1886
f 1885 2768 1886
f 1943 1988 3925
f 1887 1884 1941
f 1884 1889 1941
f 2042 3977 1914
f 1914 1881 1880
f 1880 1878 1916
f 1916 1878 4275
f 1916 4275 1877
f 4280 1877 4275
f 4281 1879 1876
f 1874 4281 1876
f 1874 1876 2823
f 2823 1963 1874
f 1963 2823 1870
f 1921 2826 1871
f 2826 1928 1871
f 1871 1928 1926
f 2828 2937 1926
f 2937 2828 2721
f 2828 1922 2721
f 2942 2936 1922
f 1925 2936 2942
f 1925 2723 2936
f 2941 1791 2723
f 1973 2935 2940
f 1924 2724 1973
f 1859 1863 1931
f 1960 1784 1933
f 1960 1933 1858
f 1858 1917 1960
f 2718 3820 3818
f 2718 1854 2923
f 2718 2923 3820
f 2718 2938 1854
f 2938 3794 1854
f 1821 3794 1915
f 1821 1915 1936
f 3798 1819 1851
f 3168 1848 3155
f 1938 3169 1939
f 1938 1939 1847
f 1938 1847 1940
f 1845 1940 1942
f 1845 1942 1944
f 1845 1944 1843
f 1946 3088 3460
f 1840 1946 1947
f 1900 1898 1897
f 1903 1950 1952
f 1836 1909 3105
f 1808 1909 2924
f 1808 2924 3185
f 1891 2719 3823
f 2711 1812 1983
f 1812 2807 1983
f 3208 1988 4341
f 4341 1889 3208
f 1802 1835 1883
f 2042 1914 3125
f 3152 4270 4283
f 3152 4283 3205
f 4348 1954 1963
f 4349 4284 4271
f 4349 4271 4268
f 3100 4267 1828
f 1870 2927 1966
f 1871 3976 1825
f 1871 2937 3976
f 2937 2721 2053
f 2936 2053 2721
f 2936 3817 2053
f 2936 2723 3817
f 2715 1994 1791
f 2935 2929 1994
f 2935 1996 2929
f 1973 1996 2935
f 2724 1996 1973
f 2724 2726 1789
f 1788 1866 1867
f 1927 1788 1867
f 2054 3040 1919
f 1739 1999 1859
f 1859 2002 1739
f 1960 2059 1736
f 1960 1736 1784
f 1965 2059 1960
f 2059 1965 3818
f 2926 3123 1823
f 2926 1823 2923
f 3123 2926 3143
f 1968 3143 2926
f 1821 3217 1968
f 2007 2915 1778
f 1778 1851 1819
f 1726 1819 3798
f 3131 2896 1826
f 1818 2917 1972
f 1818 1972 3039
f 3968 1975 1967
f 2928 3968 3212
f 1979 1838 1898
f 2025 1952 1810
f 2025 1810 3127
f 2025 3127 1762
f 1762 3127 3042
f 2031 1808 1981
f 1981 1807 3825
f 1805 1807 1891
f 1805 1891 1758
f 1756 1758 1891
f 1756 1891 3823
f 2719 2711 2921
f 2807 1943 3925
f 3925 1988 1644
f 3996 1644 1988
f 3996 3208 1754
f 1803 1802 3920
f 1985 3026 1989
f 1985 1989 3028
f 3028 1989 1987
f 3028 1987 3973
f 4363 1987 4266
f 4363 4266 4265
f 1745 1990 1992
f 1990 3100 1992
f 1992 3100 3115
f 1966 3115 3100
f 1966 3134 3115
f 3134 2930 3115
f 1825 3976 1794
f 3976 2937 1794
f 2937 3972 1794
f 2053 3972 2937
f 1679 1931 1785
f 2059 3818 1783
f 2003 1783 3818
f 2005 2934 1783
f 2005 1783 2003
f 3123 2934 2005
f 2060 2934 3123
f 2060 3123 1730
f 3123 3143 1730
f 2064 1730 3143
f 2064 3217 3160
f 1780 3160 3971
f 1445 1780 3971
f 3139 1445 3971
f 1723 2068 2009
f 1723 2009 2011
f 3970 1723 2011
f 1773 2014 3970
f 3969 1773 2015
f 3969 2015 2017
f 3969 2017 1770
f 1770 2019 1716
f 2079 1716 2019
f 2079 2019 3968
f 1715 2079 3968
f 1715 3968 1815
f 2021 1715 1815
f 2021 1815 2928
f 2132 2021 2928
f 2132 2928 2023
f 2080 1813 1768
f 1596 1977 2083
f 2136 1898 1900
f 1765 1900 1903
f 2027 1762 2029
f 1762 3042 2029
f 2029 3042 1761
f 1761 3042 1760
f 1760 2031 2086
f 4289 4358 4263
f 2031 1758 2918
f 2918 1758 1756
f 2147 1755 2039
f 3997 1753 2040
f 2040 1753 1752
f 1749 4291 1747
f 4261 4292 4259
f 4262 4260 4294
f 2050 4293 1745
f 1825 3167 2731
f 3167 1743 2731
f 3817 3147 2053
f 3033 3147 3817
f 1791 1685 2723
f 1791 3121 1685
f 1789 3819 2736
f 2105 3819 1789
f 2162 3116 2054
f 2162 2054 1999
f 2110 1679 1784
f 1676 2111 1736
f 1735 1676 2059
f 1735 2059 1783
f 1735 1783 3049
f 2934 3049 1783
f 2060 1733 2934
f 1730 2739 1733
f 1730 1733 2060
f 2064 2063 1730
f 1780 1445 2113
f 1780 2113 3160
f 1445 2007 3327
f 2177 2178 1729
f 2067 2116 2177
f 2067 2177 1726
f 2070 1725 1723
f 1720 2070 1723
f 1720 1723 2073
f 1720 2073 2074
f 1720 2074 2125
f 2125 2074 1719
f 2125 1719 2076
f 1660 2076 1770
f 1660 1770 1716
f 1660 1716 1658
f 1658 1716 2079
f 1715 1658 2079
f 1655 1715 2021
f 2132 1655 2021
f 1713 1946 1596
f 1765 2025 1476
f 1476 2027 1709
f 1709 1761 1707
f 1761 2086 1707
f 1707 2086 2089
f 2089 1704 2139
f 1648 1704 2090
f 2092 1702 1756
f 1756 3823 2092
f 2092 3823 1700
f 3823 1970 1700
f 2920 2921 1970
f 1586 1644 1699
f 1642 1699 2147
f 1584 1753 2253
f 2253 1753 3997
f 2253 3997 2040
f 2040 1752 3920
f 1581 1751 1697
f 2097 1696 2098
f 2098 1696 4257
f 2098 4257 4254
f 4255 1694 2100
f 4256 4299 4302
f 1689 3221 3966
f 1689 2930 2733
f 2733 2731 2103
f 2731 1688 2103
f 2731 1743 1688
f 3033 1685 3220
f 2105 2741 2736
f 2105 1681 2741
f 1682 1681 2105
f 1681 1682 2737
f 2737 1682 1997
f 1555 3047 2110
f 1555 2110 1678
f 2161 1555 1678
f 1623 2161 2111
f 2165 1623 1676
f 2165 1676 1735
f 2165 1735 1622
f 1674 1622 1735
f 1733 3037 3049
f 2739 3037 1733
f 2115 2063 3160
f 2115 3160 2171
f 1668 1670 2120
f 1668 2120 2119
f 1665 2119 2120
f 1665 2120 2123
f 1600 1665 2123
f 1600 2123 1664
f 1600 1664 2125
f 2126 1662 1660
f 1658 2126 1660
f 2187 1655 2132
f 2187 2132 1598
f 2136 1710 2245
f 2245 2084 2192
f 1476 1709 2135
f 2135 1709 1707
f 1707 2089 1649
f 1649 2089 2139
f 1646 2141 2092
f 1646 2092 1700
f 2142 1646 1700
f 2145 2147 1584
f 1523 2040 3920
f 2148 4252 1636
f 1636 4252 4305
f 1636 4305 2151
f 4303 4306 4307
f 2151 4308 1634
f 1632 4250 2155
f 3965 2216 2157
f 3801 2158 1628
f 2158 2103 1628
f 2103 3809 1628
f 3147 3033 2218
f 2737 3834 2741
f 2737 2741 1681
f 2108 3834 2737
f 1502 2161 1623
f 2167 1623 2165
f 2167 2165 1622
f 1620 2225 3049
f 1620 3049 2168
f 1616 2745 1618
f 2745 1616 2173
f 3160 1613 2913
f 3160 2913 2171
f 2174 1613 1445
f 1610 1612 2178
f 1607 1610 2177
f 1603 2183 2181
f 1603 2181 1606
f 1603 1606 2235
f 2235 1606 2184
f 1602 2235 2184
f 1599 3958 1602
f 1599 1602 1600
f 1658 1541 2126
f 1535 1713 1596
f 3873 1596 1652
f 1477 1652 2136
f 1477 2136 2245
f 1533 2245 2192
f 1476 2135 3964
f 3964 1707 1649
f 3964 1649 2194
f 2194 1594 1591
f 1591 1594 1590
f 4249 4248 4310
f 1588 2199 2142
f 1588 2142 2200
f 2200 2142 1700
f 2200 1700 3869
f 3869 1700 2251
f 1970 2921 2251
f 1983 2807 3149
f 3925 1644 3963
f 3963 1644 1586
f 1469 1586 1642
f 1642 2147 2202
f 2253 2202 1584
f 3920 2095 1581
f 2204 1581 1580
f 1580 1697 2207
f 2207 1697 1578
f 1578 1636 2208
f 2208 1636 1576
f 1576 3962 4311
f 1576 4312 4245
f 4246 2210 1574
f 4246 1574 2212
f 2215 1570 1568
f 3961 2216 1629
f 1566 1629 3801
f 2218 2266 3147
f 1462 3804 3220
f 1462 1685 3910
f 3227 1560 2222
f 1558 3227 2222
f 1501 2224 1555
f 1496 2275 2225
f 1496 2225 1620
f 1496 1620 2168
f 1554 1496 2168
f 1554 2168 3960
f 2745 2227 3960
f 2744 2906 2745
f 2228 2906 2744
f 2913 2912 2744
f 2228 2744 2912
f 3942 3327 1612
f 3959 1612 1551
f 2229 1487 1551
f 2231 2229 1548
f 2231 1548 1545
f 2231 1545 1481
f 1481 1545 2234
f 1543 1481 2234
f 1543 2234 2235
f 4007 1543 3958
f 3958 2238 4007
f 3947 4007 2238
f 1478 1536 2244
f 3870 2245 1533
f 3950 1533 2192
f 2249 1529 1471
f 2750 2921 1425
f 1468 1469 1527
f 3922 1527 2253
f 3922 2253 1525
f 1525 2253 2255
f 3920 1581 2204
f 2207 2208 2257
f 2257 4244 2259
f 2259 4244 2261
f 2259 2261 1519
f 2261 2215 1516
f 2264 2263 1515
f 1513 2758 1566
f 3912 1513 3086
f 3153 2266 2218
f 2904 3153 2218
f 2904 3804 1462
f 3236 1564 1511
f 3232 1508 2220
f 2269 3232 2220
f 3316 3806 1506
f 1460 3316 1506
f 1460 1506 2270
f 1504 2270 2911
f 1504 2911 2907
f 1504 2907 1560
f 2272 1504 1560
f 1377 3227 3957
f 3957 2224 3904
f 3904 2224 1501
f 1458 1501 2275
f 1502 2275 1501
f 1500 1458 2275
f 1500 2275 2277
f 1500 2277 2280
f 2280 2277 2754
f 2282 1496 1495
f 3176 3956 2227
f 1495 2227 3956
f 3940 3176 1494
f 1494 3176 2227
f 1449 1494 2760
f 2228 2760 1494
f 1490 2760 2228
f 1491 3889 1490
f 1448 3889 1491
f 3294 1445 3327
f 3959 1441 3938
f 1487 1441 3959
f 3944 1485 1487
f 3944 1487 1483
f 3944 1483 3945
f 3944 3945 3884
f 4006 3884 3945
f 4006 3945 1481
f 4006 1481 3946
f 2901 4007 1480
f 1479 3947 2756
f 1437 1479 2756
f 1437 2756 2241
f 1395 3949 1435
f 1435 2191 3278
f 3870 1477 2245
f 3870 1533 3275
f 3275 1533 3950
f 1476 2747 1432
f 1432 2747 3951
f 3951 1475 3878
f 3878 1475 3952
f 3878 3952 3868
f 3868 3952 1474
f 1474 3952 3953
f 3954 3953 1472
f 3954 1472 1471
f 3954 1471 3955
f 3955 1471 3869
f 3869 2251 3092
f 1470 1983 3149
f 3859 1469 3924
f 3924 1469 1468
f 3924 1468 3856
f 3856 1468 3922
f 3856 3922 1422
f 1335 1525 1467
f 1335 1467 1213
f 1213 1467 3920
f 2207 2259 1466
f 1466 2259 1519
f 1465 1466 1519
f 1465 1519 3918
f 1465 3918 3916
f 1465 3916 1464
f 4242 4362 2264
f 4242 2264 3914
f 1463 3319 3862
f 1463 3862 2264
f 3863 3319 1463
f 3912 3797 3863
f 1462 2895 2764
f 3453 3906 3312
f 1377 3312 3198
f 1377 3198 3227
f 3902 1459 1458
f 3902 1458 3313
f 1456 3313 1458
f 3897 1456 3900
f 3897 3900 1455
f 3306 3897 1455
f 3895 1455 1453
f 1408 3895 1453
f 3893 1408 1453
f 2282 3893 1453
f 3322 3302 3893
f 3893 1452 3322
f 3898 1452 3956
f 3956 3892 3898
f 1451 3898 3892
f 1451 3892 1450
f 1404 3889 1448
f 3326 3695 1446
f 3294 3326 1445
f 3290 1401 3888
f 3290 3888 1443
f 3329 1400 1441
f 1442 3883 1441
f 3880 3883 1440
f 3880 1440 1398
f 1398 1440 3884
f 3877 1398 3884
f 1397 1439 2901
f 3280 2901 1479
f 1396 3280 1479
f 3281 1396 1437
f 3281 1437 1436
f 3664 1436 3948
f 3876 1478 3949
f 3277 3949 1395
f 1395 1435 3278
f 1394 1477 3870
f 1434 3874 4352
f 3868 1431 3265
f 3265 1431 1430
f 1430 1431 3867
f 1430 3867 3864
f 1430 3864 3443
f 3443 3864 1427
f 4241 1429 3869
f 3860 3869 2899
f 3860 2899 2762
f 1425 1983 1424
f 1339 1469 3859
f 3859 3924 3856
f 1266 3920 2204
f 3705 3853 3449
f 3449 3853 3861
f 3449 3861 1419
f 1419 3861 3852
f 1419 3852 1420
f 1420 3852 3862
f 1420 3862 1418
f 3319 4240 3862
f 3319 2771 3447
f 1380 2771 3319
f 3797 1969 1380
f 1417 3451 1969
f 1417 1969 3797
f 3318 2764 2900
f 2764 3103 2900
f 2895 3103 2764
f 1414 3103 2895
f 1414 2766 3103
f 3238 2774 2766
f 3238 2766 1414
f 2890 3236 3315
f 3908 2769 3315
f 4097 3309 1459
f 3313 4097 1459
f 1411 3456 4099
f 1409 3456 3306
f 1409 3306 3320
f 3304 1409 3320
f 3320 3321 3304
f 1410 3321 1408
f 1407 1410 1408
f 1407 1408 3302
f 1407 3302 3322
f 1407 3322 3300
f 3322 3223 3300
f 3323 3300 3223
f 1406 3323 3223
f 3298 3323 1406
f 1405 3298 1406
f 1405 1406 3324
f 1405 3324 3296
f 3325 3296 3132
f 3132 1403 3325
f 1404 1367 1403
f 3695 3696 1404
f 1402 3326 3294
f 3292 1402 3294
f 3290 4094 1401
f 1400 3328 3290
f 3288 3328 1400
f 3288 1400 3329
f 3288 3329 3286
f 3286 3329 1399
f 3330 3286 1399
f 3330 1399 3880
f 1398 3286 3330
f 3331 3283 1398
f 1346 3694 1397
f 1348 1396 3281
f 1345 3281 3664
f 3277 3692 3876
f 4146 1395 3278
f 1278 3278 3274
f 3270 1277 3275
f 3270 3275 3874
f 3270 3874 1344
f 3271 3874 1434
f 3271 1434 4352
f 3269 4352 1432
f 1391 3443 1389
f 1389 3443 1390
f 1388 3869 3860
f 2762 1425 1424
f 1470 3149 71
f 1385 3444 3445
f 3705 3449 3639
f 3639 3449 1419
f 3639 1419 3264
f 3264 1419 1381
f 3448 3447 1334
f 3450 1334 3447
f 3450 3447 2771
f 1969 2771 1380
f 3451 2772 1969
f 3451 1417 2887
f 3451 2887 2772
f 2887 1417 1330
f 3263 1330 1417
f 3263 2900 2775
f 2900 3103 2775
f 2775 3103 2885
f 2766 2885 3103
f 2885 2766 2774
f 3633 3119 1378
f 3633 1378 3202
f 3202 1379 1329
f 4097 3715 3309
f 3454 1324 4097
f 4099 3456 1376
f 1318 3458 3457
f 1409 3457 3458
f 3459 3679 3457
f 3459 3457 1374
f 4100 3459 1374
f 4100 1374 1372
f 1375 4100 1372
f 1373 3677 1372
f 1375 1372 3677
f 3466 3677 1373
f 3464 3466 1373
f 1371 3466 3464
f 3465 1371 3698
f 3698 1368 3697
f 3697 1368 1370
f 1369 3697 1370
f 1369 1370 3325
f 1367 1369 3325
f 1302 3673 1367
f 1404 3696 1367
f 3326 1402 3700
f 3700 1402 3707
f 1402 4098 3707
f 3707 4098 1365
f 4237 4238 4365
f 4095 4096 1365
f 1362 3669 4095
f 1359 4094 4093
f 1352 1359 4093
f 1352 4093 1357
f 1360 1352 1357
f 4236 1357 1358
f 1360 1358 1361
f 3710 1360 1361
f 3710 1361 1349
f 1398 3710 1349
f 3711 3710 1398
f 3711 1398 1364
f 1284 3711 1364
f 1350 1284 1364
f 3693 1350 3694
f 3693 3694 1346
f 1347 1348 1345
f 1280 1345 3664
f 1221 3664 3277
f 3663 3277 1395
f 3712 1278 3274
f 1276 1277 3270
f 4147 1344 3271
f 1343 3269 1392
f 1392 3265 3701
f 3701 3265 3702
f 1353 1342 3703
f 3690 3703 1342
f 3690 1342 1356
f 3690 1356 1272
f 1341 1356 3860
f 1341 2762 3704
f 3925 1339 3190
f 3660 1385 1268
f 1268 1385 3598
f 3598 1382 1335
f 3639 3264 3688
f 1336 1334 3687
f 3687 1334 1333
f 3687 1333 3686
f 4357 1333 1332
f 4357 1332 1331
f 3187 1331 1332
f 2887 2778 3187
f 2778 2887 3209
f 2887 1330 3209
f 1330 2916 3209
f 2916 1330 2775
f 1330 3263 2775
f 3215 2769 3685
f 3215 3685 3119
f 3633 1329 1328
f 1260 3632 3684
f 1260 3684 4233
f 3631 1260 4233
f 3631 4233 3683
f 2777 3683 3174
f 2880 2777 3174
f 1324 3715 4097
f 1322 3682 3455
f 1324 3455 3682
f 3680 1320 1376
f 3681 1376 1320
f 1254 3680 3458
f 1376 3458 3680
f 1251 1318 3679
f 3678 1251 3679
f 3679 1316 3678
f 3678 1316 1248
f 1248 1316 1314
f 1246 1248 1314
f 1246 1314 3677
f 3651 1246 3677
f 3677 1312 3651
f 1310 3465 3675
f 1308 1310 3675
f 1308 3675 3697
f 3674 1308 3697
f 1306 3674 1369
f 1306 1369 1304
f 3673 1304 1369
f 1304 3673 3672
f 3671 3672 3673
f 3671 3673 1302
f 3671 1302 1301
f 3671 1301 1300
f 1300 1301 3706
f 1300 3706 1235
f 1299 3196 1235
f 1299 1235 3706
f 1299 1298 3196
f 1296 3670 3707
f 1296 3707 4096
f 4096 3708 1296
f 3669 3708 4096
f 3709 3708 3669
f 3709 3669 1294
f 3709 1294 1292
f 4231 4232 4354
f 1292 3669 3668
f 3667 1292 3668
f 3667 3668 1290
f 3667 1290 1288
f 3666 3667 1288
f 3666 1288 1352
f 1287 3666 1352
f 1287 1352 1286
f 3640 3710 3711
f 3665 3711 1284
f 3753 1222 1347
f 3604 1347 1280
f 1156 3712 1277
f 1219 4147 1343
f 3602 3810 3702
f 1274 3703 3661
f 3713 1272 1271
f 1217 1271 4350
f 1217 4350 1341
f 1217 1341 1270
f 1270 3704 4150
f 3704 3203 4150
f 3203 3689 4150
f 3689 1424 1214
f 1424 1470 3559
f 3149 3925 71
f 3597 1339 3660
f 3554 3639 3714
f 3714 1265 1264
f 3658 3657 1262
f 3146 3815 1205
f 3815 3215 1205
f 1203 3215 1261
f 3119 2781 1261
f 1197 1260 3631
f 1195 3631 2777
f 1195 2777 2880
f 3108 1258 3682
f 3682 3656 3108
f 2784 3656 3717
f 3734 1256 1255
f 3717 1255 1256
f 3655 3734 1255
f 3655 1255 1254
f 1254 1252 3655
f 1252 1251 3654
f 1250 3654 1251
f 1250 1251 3678
f 3718 1250 3678
f 3653 3718 1248
f 3678 1248 3718
f 1247 3653 3652
f 1248 3652 3653
f 3652 1246 1247
f 3719 1247 3651
f 1246 3651 1247
f 3651 1244 3719
f 3720 1244 3650
f 3741 3648 3721
f 3647 3741 3721
f 3647 3721 1304
f 3647 1304 3672
f 3647 3672 1239
f 1239 3672 1238
f 1239 1238 3646
f 1238 2881 3646
f 3722 3646 2881
f 3722 2881 1235
f 3722 1235 3723
f 3645 3723 1235
f 3645 1235 3196
f 3645 3196 1234
f 3196 3644 1234
f 4139 1234 3644
f 3643 4139 3644
f 3643 3644 3724
f 4229 3643 3724
f 4229 3724 1230
f 3642 4229 1230
f 3642 1230 1231
f 3642 1231 3725
f 1228 3642 3725
f 3726 1228 3641
f 3726 3641 3727
f 3640 3728 1225
f 3665 3728 3640
f 3665 3607 3728
f 3603 4146 1278
f 1220 3712 3730
f 3730 3712 1156
f 1156 1277 1276
f 3731 3661 4148
f 4148 3661 1218
f 3732 1271 4149
f 4149 1271 3733
f 1215 3733 1217
f 1215 1217 4150
f 1215 4150 1216
f 1215 1216 4151
f 4151 1216 3689
f 3195 1424 3559
f 1470 71 3559
f 1066 1268 3598
f 3659 1266 1002
f 4152 1212 1210
f 1210 1212 3637
f 3637 3638 1211
f 1207 1211 3638
f 1207 1209 3636
f 2933 3636 1209
f 1204 3142 2788
f 3635 3142 1204
f 3588 3835 3590
f 1128 1205 2790
f 2790 1203 3085
f 3085 1203 3634
f 2865 3634 1200
f 2865 1200 3633
f 2861 2865 3633
f 2861 3633 1199
f 3504 1199 3589
f 3587 3632 1197
f 1124 3587 1197
f 1124 1197 3631
f 3630 1195 2880
f 3802 3630 3141
f 2880 3141 3630
f 1193 3802 3141
f 3629 1193 3108
f 3108 2876 3629
f 1191 2876 2784
f 2784 1256 1191
f 3628 1191 3734
f 1256 3734 1191
f 3627 3628 3735
f 3734 3735 3628
f 3626 3735 3736
f 3625 3626 3736
f 3736 3737 3625
f 1118 3625 3737
f 3624 1118 3718
f 3737 3718 1118
f 1182 1184 3718
f 3624 3718 1184
f 1115 1184 1182
f 1115 1182 3623
f 3621 3622 3738
f 3620 3621 3738
f 3620 3739 3740
f 3619 3740 3739
f 3618 3619 3741
f 3618 3741 3742
f 3743 3742 3617
f 3616 3743 3744
f 3615 3616 3744
f 1171 3615 1173
f 3613 1171 3614
f 3613 1108 1171
f 3612 1108 3613
f 3612 3613 3745
f 3746 3612 3745
f 3746 3745 3611
f 3747 3746 3611
f 3609 3747 3610
f 3609 3610 3748
f 3749 3609 3748
f 3608 3749 3748
f 3750 1101 3608
f 3751 3606 3607
f 3752 3573 3606
f 3569 3605 3753
f 3754 3753 3568
f 3567 3604 3755
f 3770 1221 3663
f 1082 3603 1220
f 1082 1220 3730
f 1152 3601 3731
f 1152 3731 2872
f 3758 4176 1151
f 3600 3733 1149
f 1149 3733 3599
f 3599 3733 1215
f 3599 1215 3558
f 1147 1215 4151
f 1147 4151 1962
f 1147 1962 3689
f 3689 1214 3195
f 1145 3597 1066
f 3556 1066 3598
f 3556 3598 1063
f 1144 1063 3598
f 1144 3598 3596
f 1144 3596 3555
f 3554 4152 1142
f 1142 4152 1210
f 1142 1210 1140
f 1210 3595 1140
f 1140 3595 1139
f 1140 1139 3594
f 3594 1139 1136
f 1136 3592 3593
f 1053 3593 3592
f 1134 1053 3591
f 1132 2794 3591
f 1132 3591 3142
f 2794 1132 1131
f 1132 3635 1131
f 3590 3835 1131
f 3590 1131 3635
f 3588 3098 3835
f 3231 3588 2866
f 2866 1128 3085
f 1048 3504 3589
f 1048 3589 1126
f 1048 1126 3587
f 3584 3586 3156
f 3629 3156 3586
f 3156 3807 3584
f 2806 3584 3807
f 2870 3807 3627
f 2870 3585 1120
f 2854 3585 1118
f 1118 3624 2854
f 2854 3624 3583
f 3542 2854 3583
f 3583 1116 3542
f 1116 1115 2810
f 2852 3582 3621
f 2852 3621 3580
f 1111 3581 3618
f 3578 3579 1110
f 3578 1110 1108
f 3214 1094 1105
f 3214 1105 1102
f 3576 1102 3575
f 3769 3575 3574
f 3575 1101 3574
f 1097 3769 3574
f 3570 3572 3757
f 3570 3757 1025
f 3214 3539 3757
f 3214 3540 3539
f 3536 3768 3576
f 1096 3536 3576
f 3536 1096 3779
f 3535 1088 1089
f 3534 3569 3754
f 3534 3754 3568
f 3780 3755 1083
f 3563 3602 3533
f 3564 1152 3758
f 3758 3161 1075
f 1075 3161 3562
f 1075 3562 3561
f 1072 1074 3558
f 1072 3558 3560
f 1072 3560 3759
f 1069 3689 3760
f 3689 3195 3760
f 3760 3195 3511
f 3195 3559 3511
f 3190 1065 3526
f 948 1065 1145
f 948 1145 1066
f 3557 1066 3556
f 3557 3556 1063
f 70 1063 1144
f 1060 70 1144
f 1060 3555 949
f 949 3555 1213
f 949 1213 3659
f 3554 1142 1059
f 1059 1058 3551
f 1059 3551 1056
f 1056 3551 3761
f 1056 3761 3524
f 3522 3524 3761
f 3522 3761 3553
f 3522 3553 1053
f 3522 1053 3762
f 3762 1053 1134
f 3552 3762 1134
f 1051 3552 1134
f 1051 1134 2794
f 3114 1051 2794
f 2794 1131 3114
f 3835 3505 1131
f 3550 3098 2830
f 2832 2866 3189
f 3189 3085 3120
f 3189 3120 3549
f 992 3120 1050
f 3763 1048 1045
f 3548 3763 1045
f 3774 1043 2802
f 3764 3774 2802
f 1040 3764 3102
f 2802 3102 3764
f 1039 1040 3546
f 3102 3546 1040
f 3546 3808 1039
f 3765 1036 2808
f 3765 979 1033
f 979 3543 3542
f 1029 1032 3766
f 3516 1029 3541
f 976 3516 2812
f 3541 2812 3516
f 975 976 1028
f 2818 975 2819
f 3768 3537 3540
f 3540 3537 3539
f 1025 1023 3570
f 3570 1023 3767
f 3767 1023 919
f 3538 3788 1025
f 3537 3538 3539
f 3536 972 3768
f 972 3536 973
f 3779 3769 1019
f 1089 906 3535
f 963 3568 1086
f 83 1086 3567
f 83 3567 3780
f 3770 3780 1083
f 961 3513 1016
f 1049 1016 3566
f 3533 3601 1015
f 1015 3601 1152
f 3512 1015 3564
f 3512 3564 3531
f 3532 3771 2825
f 2825 3771 1011
f 2825 1011 3530
f 3530 1011 3529
f 3530 3529 3759
f 3530 3759 3772
f 3772 3759 1008
f 1008 3560 3528
f 3528 3560 1007
f 3528 1007 3782
f 1007 3760 3527
f 954 3527 3760
f 954 3760 3511
f 951 954 3511
f 69 3557 70
f 3508 949 3659
f 1059 1056 946
f 946 1056 1000
f 1000 3524 3523
f 994 3523 3524
f 994 3524 3522
f 994 3522 997
f 994 997 3507
f 3521 3507 997
f 3521 997 3552
f 3521 3552 2841
f 3519 945 2841
f 945 3519 3114
f 3505 3835 2830
f 3550 2830 3835
f 3098 1031 2830
f 2832 2835 993
f 3520 3189 3549
f 3763 3548 3785
f 3548 988 3785
f 987 2840 3764
f 3774 3764 2840
f 3775 987 3764
f 983 931 985
f 3776 985 931
f 983 985 982
f 983 982 17
f 3777 17 982
f 982 980 3777
f 3765 3518 980
f 3777 980 3518
f 3765 1033 3518
f 929 3518 1033
f 3517 3501 929
f 3517 3516 977
f 3778 976 975
f 3514 919 921
f 3514 921 3498
f 1023 3496 919
f 3788 3496 1023
f 3538 3497 3788
f 3768 3495 3497
f 3768 3497 3538
f 972 3495 3768
f 972 915 3495
f 969 631 913
f 3494 3779 913
f 969 906 631
f 84 968 963
f 964 83 3780
f 962 3780 3513
f 962 3513 961
f 960 959 81
f 709 1080 3781
f 958 3781 3533
f 957 3512 3532
f 957 3532 2825
f 956 3782 955
f 955 3782 2842
f 955 2842 641
f 75 641 2842
f 75 2842 3527
f 954 951 4212
f 74 3511 71
f 3511 3559 71
f 3190 3526 950
f 3526 2827 950
f 950 2827 3783
f 3783 2827 948
f 3783 948 4201
f 3046 4201 3557
f 3046 3557 69
f 9 70 1060
f 949 9 1060
f 1035 3554 1034
f 1034 3554 946
f 946 3523 740
f 946 740 3506
f 3506 740 3784
f 3506 3784 944
f 67 944 3784
f 67 3784 3507
f 4182 67 942
f 4182 942 2829
f 945 65 2829
f 65 945 943
f 2831 65 943
f 1031 2831 3505
f 1031 3505 2830
f 993 2835 1031
f 2832 3189 940
f 938 3504 936
f 937 3502 3785
f 934 937 3785
f 934 2840 2837
f 59 2834 987
f 2840 987 2834
f 987 932 59
f 3503 59 932
f 3500 3503 666
f 931 57 666
f 931 56 57
f 1021 3786 3777
f 930 1021 3777
f 926 3518 929
f 3499 926 3501
f 977 1020 3499
f 925 1020 977
f 671 1020 925
f 671 925 3787
f 3787 924 1017
f 3787 1017 671
f 3498 1017 924
f 3495 918 3497
f 3494 913 635
f 3494 2919 912
f 918 910 3493
f 912 3789 918
f 2919 947 912
f 3790 836 1833
f 3492 3790 906
f 3492 941 3790
f 4202 941 3492
f 839 851 834
f 899 839 179
f 3188 899 3488
f 1811 3488 901
f 3489 901 3219
f 1811 901 3489
f 761 747 1797
f 1798 760 1797
f 1798 1797 183
f 4204 1798 183
f 1135 750 749
f 749 1801 3837
f 750 1801 749
f 1801 903 3837
f 1801 759 903
f 181 759 1801
f 182 935 1800
f 182 536 935
f 536 1138 935
f 1138 1937 1809
f 1138 1809 935
f 1937 928 1809
f 1937 748 928
f 748 752 928
f 1937 752 748
f 1937 3491 752
f 752 3491 186
f 1955 3491 1937
f 184 1955 1937
f 1138 184 1937
f 3490 1137 904
f 753 3984 3211
f 4203 755 1806
f 1806 756 3824
f 757 753 1956
f 933 757 927
f 933 927 922
f 933 922 2925
f 1137 933 2925
f 904 1137 2925
f 904 2925 814
f 904 814 896
f 186 904 896
f 752 186 3791
f 752 3791 928
f 758 1800 1814
f 898 760 4204
f 4204 760 1798
f 822 3821 760
f 760 761 1797
f 761 862 747
f 862 1811 3489
f 1811 3188 3488
f 822 3792 3821
f 898 822 760
f 898 3837 1864
f 1864 3837 763
f 903 759 763
f 763 3983 816
f 3983 923 816
f 923 1814 815
f 758 1814 923
f 1814 764 815
f 1800 935 764
f 1800 764 1814
f 935 928 764
f 928 3791 869
f 3791 3034 869
f 3791 186 3034
f 896 3034 186
f 896 814 3034
f 935 1809 928
f 870 922 927
f 927 757 870
f 765 813 1956
f 765 920 766
f 920 762 3211
f 766 920 1816
f 1816 920 1817
f 2931 1817 3824
f 1817 1806 3824
f 3824 756 917
f 768 1146 769
f 914 770 767
f 914 1873 770
f 1822 911 914
f 1822 914 767
f 772 1822 767
f 909 1822 786
f 1868 909 884
f 1868 1873 911
f 1868 2931 1873
f 3812 781 3213
f 773 2820 819
f 1865 773 819
f 771 819 2820
f 814 819 771
f 814 771 1869
f 774 1869 890
f 818 1869 774
f 867 818 774
f 821 867 776
f 823 812 825
f 3792 822 823
f 3792 902 1842
f 1842 902 862
f 902 1829 862
f 902 798 1829
f 798 3486 1829
f 3803 873 824
f 873 829 824
f 3145 892 907
f 3486 3485 3145
f 3486 3145 3803
f 902 1839 798
f 777 3483 1837
f 777 3792 823
f 823 782 777
f 823 825 782
f 825 2864 782
f 825 778 2864
f 816 778 825
f 778 905 2864
f 816 820 778
f 820 3071 778
f 820 776 1834
f 776 894 1834
f 820 821 776
f 776 774 894
f 3213 781 779
f 781 884 790
f 781 790 4205
f 779 781 4205
f 773 780 2820
f 2820 780 1841
f 2820 1841 886
f 2820 886 1830
f 1869 771 1830
f 1869 1830 886
f 1869 886 3482
f 1869 3482 890
f 894 774 3484
f 1834 894 3484
f 777 888 3483
f 1837 1839 902
f 1839 3486 798
f 3485 892 3145
f 892 783 907
f 783 872 1893
f 872 1892 1893
f 892 3229 872
f 892 3180 3229
f 3486 3180 3485
f 3485 3180 892
f 3075 391 3180
f 1839 3075 3486
f 1839 4047 3075
f 3826 4206 795
f 3826 3483 4206
f 3483 888 4206
f 900 2864 794
f 782 2864 900
f 2864 784 797
f 905 784 2864
f 784 2863 797
f 2863 889 893
f 3071 889 784
f 889 3699 893
f 3699 793 893
f 3484 774 3699
f 3699 774 793
f 2800 793 774
f 1834 3484 3699
f 1834 3699 889
f 3071 1834 889
f 3826 1839 1837
f 3826 1837 3483
f 888 777 782
f 888 782 900
f 905 3071 784
f 780 779 882
f 4205 882 779
f 786 790 884
f 884 909 786
f 3225 786 1822
f 3225 1822 3084
f 3225 3084 3201
f 3084 787 3201
f 1844 895 3478
f 882 790 1846
f 2799 882 877
f 1841 2799 877
f 780 882 2799
f 1841 780 2799
f 4272 792 4364
f 785 1841 4048
f 2800 785 3479
f 2800 3479 880
f 2800 880 793
f 797 2863 3477
f 797 3477 794
f 2863 2796 3480
f 2796 876 3480
f 893 2796 2863
f 2796 793 880
f 4050 4048 4225
f 4051 1846 791
f 791 3478 4051
f 1844 3478 791
f 1846 877 891
f 1841 877 4050
f 4225 1841 4050
f 876 2796 880
f 874 794 3477
f 794 874 4206
f 4206 4045 4047
f 3075 3475 391
f 3229 392 1849
f 3229 1892 872
f 1892 796 841
f 887 404 1850
f 1421 404 887
f 1421 3476 3474
f 1421 3474 404
f 3228 841 1850
f 3228 856 3468
f 799 3163 856
f 1852 3111 3163
f 3163 3111 856
f 1961 3111 800
f 800 868 3469
f 800 3470 868
f 799 3472 861
f 404 3474 3472
f 864 3473 866
f 3473 534 3470
f 866 3473 3470
f 864 1542 533
f 3471 1540 1542
f 3471 1542 864
f 1517 511 1540
f 489 1517 1540
f 489 1540 3471
f 3471 3474 489
f 3471 3472 3474
f 3471 864 3472
f 864 866 3472
f 404 3472 799
f 3472 866 861
f 866 3470 861
f 3163 861 1852
f 1852 861 3470
f 1852 3470 800
f 868 1572 3469
f 1961 1958 3111
f 1958 801 802
f 885 3468 1958
f 3468 3111 1958
f 3468 856 3111
f 1853 3228 3468
f 1853 3468 885
f 3228 1853 841
f 1853 885 3461
f 3461 885 1958
f 3461 1958 802
f 639 3062 1384
f 3992 723 3239
f 881 802 1855
f 883 854 2862
f 883 2862 804
f 804 2860 1856
f 1748 1766 3991
f 333 1712 702
f 4083 436 1393
f 665 3993 1666
f 1748 1744 382
f 1672 2836 1687
f 723 1675 441
f 1744 1680 4015
f 3793 846 1860
f 3980 3463 3793
f 3463 807 1857
f 1857 844 3463
f 1893 3467 1857
f 841 1853 847
f 841 847 849
f 1853 3461 847
f 843 3463 847
f 844 849 3463
f 3462 841 849
f 1892 3462 3467
f 3462 844 3467
f 3462 849 844
f 848 846 3793
f 848 3461 846
f 848 3793 3463
f 848 3463 843
f 849 847 3463
f 848 843 847
f 848 847 3461
f 1892 841 3462
f 1893 1892 3467
f 783 1893 907
f 879 860 806
f 826 879 1857
f 1857 807 826
f 807 3979 826
f 807 3463 3980
f 3980 3793 827
f 827 1860 831
f 875 831 832
f 832 805 809
f 855 831 875
f 1861 827 831
f 859 827 1861
f 837 859 1861
f 859 837 3978
f 1894 828 859
f 828 3980 859
f 857 810 830
f 810 851 830
f 810 3978 835
f 3978 838 835
f 838 842 835
f 1896 855 875
f 832 1896 875
f 735 853 1896
f 738 853 735
f 833 840 853
f 833 738 842
f 842 1895 845
f 842 836 744
f 842 845 836
f 1895 775 845
f 744 836 941
f 838 840 842
f 842 840 833
f 853 855 1896
f 853 840 855
f 838 837 840
f 839 830 851
f 830 839 3487
f 851 810 834
f 810 835 834
f 835 746 834
f 835 744 746
f 835 842 744
f 842 738 1895
f 833 853 738
f 953 1774 737
f 735 1896 953
f 1861 831 855
f 840 1861 855
f 840 837 1861
f 838 3978 837
f 810 1894 3978
f 830 860 857
f 873 830 3487
f 873 860 830
f 829 873 3487
f 907 806 873
f 826 857 860
f 3979 810 826
f 3979 807 3980
f 827 859 3980
f 879 826 860
f 806 860 873
f 1875 1829 811
f 1875 811 862
f 862 1829 1875
f 3792 862 3821
f 3792 1842 862
f 822 812 823
f 898 1864 812
f 812 863 825
f 1864 863 812
f 1864 816 863
f 1864 763 816
f 816 923 820
f 923 815 820
f 815 821 820
f 815 928 821
f 764 928 815
f 928 867 821
f 928 869 867
f 869 818 867
f 869 865 818
f 1869 865 869
f 1865 814 817
f 1872 813 765
f 766 1872 765
f 3812 1872 766
f 3812 3213 1872
f 1865 870 3144
f 3144 773 1865
f 814 1865 819
f 3034 814 1869
f 865 1869 818
f 3812 766 1868
f 766 2931 1868
f 817 814 2925
f 757 813 870
f 2931 766 1816
f 813 1872 3144
f 813 3144 870
f 817 870 1865
f 1869 869 3034
f 822 898 812
f 1829 3803 811
f 3803 824 811
f 826 810 857
f 3979 1894 810
f 3979 3980 1894
f 3980 828 1894
f 1894 859 3978
f 832 809 729
f 832 831 805
f 878 831 1860
f 878 1860 808
f 827 3793 1860
f 1893 1857 879
f 806 1893 879
f 907 1893 806
f 3467 844 1857
f 1860 846 3461
f 1860 3461 1856
f 808 1860 1856
f 808 1856 852
f 852 1856 2860
f 831 878 808
f 805 831 808
f 805 808 852
f 1293 331 4085
f 717 2836 1746
f 3243 643 2888
f 3246 3991 1684
f 724 1666 4014
f 3999 4018 724
f 435 692 3994
f 670 334 719
f 702 1775 4000
f 637 3994 4013
f 4165 378 269
f 1775 1771 1672
f 645 696 725
f 645 1677 4015
f 4084 719 334
f 1769 702 1764
f 4084 623 719
f 643 4090 2888
f 1175 260 1708
f 1856 3461 881
f 1856 881 804
f 630 1669 691
f 1742 1767 1763
f 854 3353 2862
f 267 262 725
f 2843 725 262
f 804 1855 883
f 881 1855 804
f 3461 802 881
f 802 801 1855
f 1855 801 883
f 854 883 803
f 1728 803 883
f 1731 1728 883
f 801 1731 883
f 1852 800 3111
f 861 3163 799
f 799 856 3082
f 3228 3082 856
f 1850 3082 3228
f 799 3082 1850
f 404 799 1850
f 887 1850 841
f 796 887 841
f 1849 887 796
f 796 1892 1849
f 3229 1849 1892
f 3180 391 392
f 3475 3075 4047
f 1839 795 4047
f 4206 4047 795
f 4206 900 794
f 2864 797 794
f 2796 893 793
f 891 877 882
f 1846 891 882
f 791 1846 790
f 790 1844 791
f 790 786 1844
f 786 3225 895
f 786 895 1844
f 3481 895 3225
f 3481 3225 3201
f 788 361 789
f 897 789 4052
f 788 789 897
f 3201 787 897
f 787 362 897
f 787 3140 3974
f 1822 772 3084
f 787 3084 772
f 787 772 3140
f 790 882 4205
f 886 1841 785
f 886 785 3482
f 890 3482 785
f 890 785 2800
f 774 890 2800
f 2863 784 889
f 4206 888 900
f 795 1839 3826
f 3075 3180 3486
f 392 3229 3180
f 892 872 783
f 905 778 3071
f 820 1834 3071
f 2820 1830 771
f 781 1868 884
f 3812 1868 781
f 3144 3213 779
f 779 780 3144
f 780 773 3144
f 777 1837 3792
f 1837 902 3792
f 3145 907 873
f 3803 3145 873
f 1829 3486 3803
f 863 816 825
f 867 774 776
f 3213 3144 1872
f 1868 911 909
f 1822 909 911
f 3140 1267 3974
f 3140 2875 1267
f 772 2875 3140
f 772 4126 302
f 772 302 2875
f 767 4126 772
f 1873 914 911
f 2931 3824 1873
f 3824 917 770
f 1873 3824 770
f 767 770 917
f 767 917 1820
f 916 767 3981
f 916 3981 300
f 300 3038 468
f 3981 3162 3038
f 3981 3038 300
f 767 1820 3162
f 767 3162 3981
f 1820 769 3038
f 1820 3038 3162
f 917 768 769
f 917 769 1820
f 1816 1817 2931
f 762 920 765
f 1956 762 765
f 1956 813 757
f 922 870 817
f 922 817 2925
f 3983 758 923
f 763 759 3983
f 3837 903 763
f 898 749 3837
f 862 811 1811
f 811 3188 1811
f 811 824 3188
f 824 899 3188
f 824 829 899
f 829 3487 899
f 761 3821 862
f 760 3821 761
f 749 898 4204
f 3983 759 758
f 759 751 758
f 751 182 758
f 758 182 1800
f 1956 753 762
f 762 753 3211
f 3211 3984 920
f 920 3984 754
f 920 754 532
f 920 532 1817
f 1817 532 3982
f 1817 3982 1806
f 1806 3982 4203
f 756 1806 755
f 3982 188 4203
f 532 188 3982
f 754 3984 532
f 753 189 3984
f 1804 753 757
f 1804 757 933
f 1804 933 185
f 759 182 751
f 4204 1135 749
f 747 862 3489
f 899 3487 839
f 834 4202 839
f 834 746 4202
f 746 744 941
f 3488 180 3985
f 941 836 3790
f 836 845 1833
f 845 775 1833
f 3789 947 739
f 3789 739 910
f 910 739 3986
f 3986 1786 130
f 739 1786 3986
f 739 1790 1786
f 947 742 1790
f 1895 738 742
f 130 1786 1787
f 132 1787 3987
f 132 3987 133
f 3987 1787 952
f 1787 3247 952
f 1786 3247 1787
f 1786 737 3247
f 1790 737 1786
f 736 953 737
f 3247 737 1779
f 3247 1779 952
f 3987 952 731
f 133 3987 734
f 732 1781 728
f 2838 4200 732
f 734 4200 2838
f 3987 4200 734
f 3987 731 4200
f 731 1781 4200
f 1781 731 3988
f 1779 3988 731
f 737 1774 1782
f 737 1782 1779
f 1779 1782 3988
f 3988 1782 3989
f 3988 3989 733
f 3988 733 1781
f 1781 733 728
f 728 733 1777
f 672 1714 1237
f 434 1714 672
f 4089 439 274
f 274 4019 3241
f 1297 4142 672
f 256 661 1767
f 3989 727 3992
f 1782 1776 3989
f 1782 729 1776
f 1774 729 1782
f 953 832 1774
f 832 729 1774
f 3241 3998 664
f 334 721 441
f 664 650 1763
f 1771 1775 433
f 809 852 700
f 436 4084 334
f 664 850 3241
f 4089 1769 1764
f 1677 1744 4015
f 643 730 4090
f 1748 675 1766
f 3993 665 1175
f 2849 717 1746
f 4088 1166 1386
f 4082 1229 1750
f 633 716 1711
f 4140 124 4018
f 628 633 667
f 1677 1737 3353
f 4015 1680 4083
f 436 628 4084
f 691 4082 1750
f 1393 441 696
f 4088 1237 1714
f 1181 1180 231
f 1666 3993 4014
f 1691 667 724
f 434 672 4142
f 1775 1672 4000
f 4141 1672 1687
f 4088 1386 1706
f 702 4000 4017
f 1669 1650 4082
f 2839 3064 612
f 3993 1175 432
f 1687 717 1750
f 665 260 1175
f 4014 3999 724
f 672 1237 670
f 432 431 4140
f 1766 673 648
f 721 3239 723
f 1712 1767 661
f 1675 727 267
f 639 4090 730
f 256 1767 1742
f 1766 648 3991
f 328 1772 636
f 1769 3241 850
f 722 1763 1767
f 722 1767 1712
f 1712 661 1775
f 664 722 850
f 2839 1764 3064
f 3998 3241 658
f 431 1175 640
f 633 1711 1703
f 1769 850 702
f 670 719 1297
f 141 3995 1100
f 3799 1098 1317
f 4112 220 4092
f 1757 4112 282
f 435 643 3242
f 726 376 965
f 4133 708 4078
f 1229 4082 1650
f 480 4168 4160
f 1295 712 117
f 726 224 376
f 4089 442 4011
f 708 4133 3181
f 4142 1297 1691
f 335 1317 282
f 1701 1283 3216
f 661 256 433
f 670 1237 4088
f 322 694 1285
f 3027 4116 1354
f 4118 694 323
f 688 675 1732
f 1728 2844 1732
f 800 3469 687
f 800 687 1961
f 2844 1728 858
f 858 3469 1724
f 682 1718 685
f 682 1727 1718
f 1724 681 682
f 681 1727 682
f 677 632 1727
f 675 688 685
f 251 1104 3990
f 341 4116 259
f 1387 651 4090
f 1281 202 4115
f 658 1698 654
f 658 4020 1698
f 4020 655 1698
f 4022 1695 655
f 655 1695 4067
f 655 4067 1693
f 1698 655 1693
f 1693 654 1698
f 4069 654 1693
f 4071 4069 4070
f 3998 654 650
f 1242 452 278
f 1285 646 322
f 1240 646 277
f 632 630 1718
f 1673 630 632
f 1653 601 622
f 610 1647 1645
f 610 1645 1667
f 1645 1653 1663
f 1645 606 1653
f 606 601 1653
f 3183 4010 409
f 622 614 612
f 1659 614 617
f 617 1661 1659
f 310 620 381
f 617 1656 1661
f 1656 1657 1661
f 617 1577 1656
f 1656 1577 616
f 616 454 1657
f 1656 616 1657
f 601 617 614
f 622 601 614
f 1653 622 612
f 1663 1653 612
f 1663 662 1667
f 1651 610 1650
f 1673 1651 1650
f 632 677 1673
f 677 1651 1673
f 1647 1651 1721
f 4258 4224 4253
f 1647 540 1645
f 1643 604 606
f 540 604 1643
f 1645 540 1643
f 601 606 604
f 604 617 601
f 604 1577 617
f 1583 460 542
f 1582 542 1641
f 544 1582 597
f 544 597 564
f 544 564 563
f 545 544 563
f 545 563 1605
f 1585 545 1605
f 1585 1605 561
f 1585 561 548
f 1492 1585 548
f 1587 548 1601
f 1587 1601 558
f 1589 1587 558
f 1589 558 1597
f 1589 1597 556
f 549 1589 556
f 1597 579 1595
f 1597 1617 579
f 1597 560 1617
f 560 558 1601
f 560 574 1617
f 1601 573 560
f 1601 548 561
f 1601 1615 573
f 1601 561 1615
f 561 571 1615
f 561 1611 571
f 561 563 1611
f 1604 1611 563
f 1604 563 564
f 1604 564 597
f 1608 594 1604
f 1609 567 594
f 1609 594 1608
f 1609 1608 1637
f 1609 1637 604
f 1637 1608 600
f 1637 600 1579
f 542 600 1641
f 1608 1641 600
f 1582 1641 597
f 1604 597 1641
f 1608 1604 1641
f 1575 1609 540
f 1630 596 589
f 590 596 1630
f 1633 587 569
f 567 569 594
f 587 1635 569
f 569 1604 594
f 1627 571 1635
f 1619 574 1614
f 580 577 1619
f 1552 580 585
f 1624 1552 585
f 1624 585 583
f 1559 1624 583
f 1559 583 1625
f 4003 1559 1625
f 1557 593 1567
f 593 1625 1631
f 583 585 1627
f 1625 587 590
f 537 1631 1630
f 1567 593 1573
f 590 1630 1631
f 590 1633 596
f 590 587 1633
f 587 1627 1635
f 537 1630 589
f 537 589 4001
f 1573 593 537
f 593 1631 537
f 590 1631 1625
f 1625 583 587
f 583 1627 587
f 585 1619 1614
f 580 1619 585
f 1557 4003 1625
f 1557 1625 593
f 1559 1553 1624
f 1553 1552 1624
f 1552 1621 577
f 1552 577 580
f 4004 1595 579
f 577 4004 579
f 577 579 1619
f 1619 579 1617
f 1619 1617 574
f 574 560 573
f 1614 574 573
f 1614 573 1615
f 585 1614 1615
f 585 1615 1627
f 1627 1615 571
f 1635 571 1611
f 1635 1611 1604
f 569 1635 1604
f 1633 569 567
f 1633 567 596
f 589 596 1575
f 589 1575 4001
f 596 1609 1575
f 596 567 1609
f 561 1605 563
f 1597 558 560
f 1595 556 1597
f 1595 550 549
f 1595 549 556
f 1550 550 1595
f 552 550 1550
f 1530 553 552
f 1530 552 1550
f 1528 552 553
f 1593 552 1528
f 1593 1528 1503
f 1593 471 552
f 471 470 1592
f 471 1592 552
f 552 1592 550
f 550 1592 470
f 550 470 549
f 549 470 1589
f 1587 1492 548
f 1492 466 1585
f 545 465 544
f 1488 1484 544
f 544 1484 1582
f 1484 1583 1582
f 1582 1583 542
f 1637 1579 1577
f 1637 1577 604
f 1575 540 1647
f 1572 1573 537
f 535 1573 1572
f 1567 1569 533
f 533 526 1567
f 1565 3171 4002
f 1547 1563 1562
f 1556 4002 1559
f 1557 1559 4003
f 528 530 1559
f 530 1553 1559
f 530 1562 1553
f 1562 1563 522
f 1563 1549 4004
f 1563 4004 522
f 1549 518 1550
f 1549 1550 4004
f 516 503 1549
f 505 516 1547
f 1546 505 1547
f 514 505 1546
f 1544 514 1546
f 1544 1546 4005
f 1537 1544 4005
f 507 1537 4005
f 507 4005 512
f 507 512 3171
f 1538 507 3171
f 1542 3173 1565
f 509 3233 1538
f 3233 507 1538
f 507 1520 1537
f 514 3178 3179
f 505 497 504
f 504 1534 1532
f 1532 1534 1530
f 1532 1530 503
f 1534 501 1530
f 1522 495 1524
f 1507 495 1522
f 3230 1507 1522
f 3207 3230 1522
f 3178 3117 493
f 1520 3172 3178
f 491 3172 1520
f 491 1512 3172
f 1518 1512 491
f 1518 3063 3210
f 1517 3063 511
f 3068 489 871
f 3068 488 489
f 3068 1514 488
f 3070 487 1514
f 403 1512 487
f 1438 485 1512
f 485 1438 4036
f 485 4036 1510
f 1510 4036 483
f 483 4036 3069
f 483 3069 3351
f 481 3351 1509
f 1507 3230 4035
f 2857 477 1505
f 2857 1505 3192
f 475 1505 410
f 475 410 3800
f 473 1499 1503
f 1503 1499 1498
f 1503 1498 1593
f 1498 470 471
f 470 416 1497
f 416 469 1497
f 469 1493 1492
f 1492 1493 466
f 465 1489 1488
f 1488 1489 1484
f 1489 461 1484
f 1484 461 1583
f 461 459 1583
f 459 1486 1583
f 1486 455 460
f 455 1482 450
f 450 4027 4008
f 4008 4009 1659
f 1659 4009 443
f 614 1659 4011
f 443 4011 1659
f 442 614 4011
f 3056 4104 448
f 4011 443 1473
f 443 263 1473
f 263 443 4009
f 1473 263 3094
f 1473 3094 264
f 453 440 4161
f 1473 264 439
f 4020 4019 264
f 264 3094 4020
f 3094 4022 4020
f 428 4021 4022
f 428 4022 3094
f 425 4023 428
f 4024 425 4025
f 421 273 4026
f 4058 4060 4061
f 419 3218 420
f 3218 4058 420
f 4058 4061 420
f 420 4061 421
f 421 4061 273
f 4061 4024 273
f 273 4024 4025
f 4009 4025 424
f 4027 421 4026
f 1457 420 4027
f 417 4056 1489
f 413 4030 415
f 413 415 416
f 413 4031 4030
f 412 4031 413
f 412 411 4031
f 3813 411 412
f 1444 4033 4032
f 410 1444 3800
f 410 4034 1444
f 2857 4034 477
f 4035 399 3081
f 4035 4041 399
f 2867 4041 4035
f 407 3072 3224
f 1438 1433 3069
f 1438 3069 4036
f 405 4039 1438
f 3070 3068 4037
f 4046 871 3476
f 4046 4037 3068
f 4038 3070 4037
f 4045 1423 3070
f 1423 403 3070
f 1423 4039 403
f 4039 1423 395
f 4039 395 1433
f 399 1428 4042
f 4051 3478 397
f 399 396 4049
f 4050 4049 396
f 3136 4050 396
f 1423 3135 395
f 4045 390 1423
f 4037 4046 4038
f 4046 3138 2871
f 1421 1849 3138
f 391 3138 392
f 3475 2871 391
f 4047 2798 3475
f 4206 874 390
f 4049 4050 877
f 399 4049 877
f 1415 399 1846
f 1413 897 4052
f 387 1412 4053
f 1412 385 386
f 384 4054 4055
f 384 4055 411
f 1187 296 415
f 4056 4057 3218
f 4059 363 4058
f 4058 363 4060
f 4060 4062 4061
f 4061 4062 4063
f 4063 4064 4021
f 4064 4065 1695
f 1695 4065 4067
f 4065 4066 4067
f 4066 4068 4067
f 1693 4067 4068
f 1693 4068 4069
f 4068 4070 4069
f 202 314 152
f 1307 4076 452
f 647 4077 4078
f 4080 647 4079
f 4080 4079 1705
f 254 452 253
f 277 4086 321
f 4087 1355 373
f 1355 1384 373
f 1383 373 374
f 1383 374 4091
f 4091 374 2877
f 3029 2877 374
f 1338 353 220
f 4112 1757 317
f 4069 4071 650
f 200 520 201
f 394 437 344
f 209 1340 1161
f 1384 1355 1387
f 1192 1340 284
f 353 4092 220
f 4130 353 3166
f 369 371 1337
f 3090 1337 371
f 2879 1337 4132
f 375 142 3053
f 3124 3194 143
f 1104 440 453
f 367 1338 220
f 366 715 4070
f 377 366 365
f 4065 4110 365
f 4064 4102 4065
f 379 4102 4064
f 4062 356 364
f 4060 356 4062
f 4060 4103 356
f 363 4103 4060
f 4111 381 620
f 4105 358 4055
f 1323 358 4105
f 361 306 1327
f 362 4106 383
f 362 3974 4106
f 3974 304 4106
f 304 1325 4106
f 4106 1325 361
f 1325 306 361
f 360 306 4107
f 360 4107 1323
f 1323 4107 359
f 359 4107 358
f 358 4107 4055
f 4055 297 1187
f 4057 4108 1259
f 1321 357 4103
f 4103 357 356
f 356 4109 364
f 364 4109 1319
f 1319 4125 4124
f 1319 4124 4102
f 4124 355 4102
f 354 4110 355
f 4110 354 377
f 1273 508 335
f 3799 335 1179
f 4111 1315 1098
f 350 1315 620
f 4111 620 1315
f 350 351 349
f 1313 349 351
f 349 1313 3089
f 348 349 3089
f 348 3089 4113
f 347 348 4113
f 1242 2882 1243
f 1081 4130 398
f 4072 1311 4074
f 1279 1340 279
f 344 347 346
f 1759 221 393
f 1309 1192 463
f 345 1283 1701
f 4115 394 1281
f 315 4074 4133
f 4075 4077 4114
f 315 4133 4078
f 3166 715 377
f 4115 342 492
f 1154 1295 198
f 2898 492 4116
f 4116 342 259
f 240 233 478
f 4091 341 340
f 1303 4091 4117
f 340 4117 4091
f 339 1303 338
f 4118 338 1285
f 337 4118 323
f 323 4120 337
f 3154 241 4174
f 4119 336 326
f 328 4119 327
f 4163 451 253
f 2879 1315 350
f 1273 335 282
f 373 1705 3029
f 242 332 1194
f 266 389 438
f 1291 329 328
f 1291 328 327
f 231 3164 1181
f 327 326 1289
f 1289 326 388
f 388 325 324
f 325 4120 324
f 324 4120 4121
f 323 4121 4120
f 322 323 694
f 323 322 4121
f 1285 321 4086
f 1285 4086 646
f 576 320 321
f 340 576 321
f 575 352 1741
f 367 4070 715
f 576 340 3065
f 367 4071 4070
f 3181 3035 708
f 1281 314 202
f 309 355 4124
f 279 1340 209
f 703 230 393
f 316 287 314
f 316 4122 4123
f 316 4123 287
f 4122 313 4123
f 4072 4075 1305
f 4122 312 313
f 3177 319 370
f 1275 311 3058
f 1275 3058 312
f 311 3059 3058
f 281 2883 3090
f 310 2884 3059
f 310 3059 311
f 2884 381 293
f 2884 310 381
f 252 3183 3799
f 232 657 225
f 354 398 4130
f 4124 308 309
f 4125 3193 4124
f 4109 307 1257
f 4109 1257 4125
f 356 357 307
f 356 307 4109
f 4057 295 357
f 296 474 4108
f 306 406 4107
f 305 406 306
f 1267 402 304
f 2875 303 402
f 2875 402 1267
f 303 299 402
f 302 301 303
f 4127 301 302
f 4223 4367 4366
f 301 4126 916
f 301 916 1263
f 916 300 1263
f 301 1263 299
f 301 299 303
f 299 4128 402
f 402 4128 298
f 298 4128 305
f 305 4128 406
f 406 4128 4107
f 474 467 1259
f 4057 234 295
f 295 238 357
f 357 238 307
f 307 238 294
f 307 294 1257
f 3193 239 308
f 3183 252 4010
f 293 292 4129
f 291 4129 243
f 292 243 4129
f 291 243 290
f 1245 251 3990
f 288 290 1253
f 288 1253 289
f 288 289 313
f 4131 313 289
f 414 286 287
f 285 287 286
f 285 286 1249
f 283 285 1249
f 285 283 152
f 1315 4132 1741
f 345 1202 280
f 1243 2882 576
f 2882 1242 278
f 2882 278 320
f 277 320 278
f 277 278 276
f 277 276 254
f 1240 277 254
f 1240 254 4134
f 422 275 1206
f 4135 422 1206
f 1236 4135 1206
f 4136 1236 426
f 1305 4114 4071
f 272 4136 426
f 272 426 446
f 429 4138 430
f 270 271 430
f 429 430 271
f 640 271 270
f 431 270 1224
f 4140 431 438
f 1226 726 2886
f 434 4142 1227
f 1227 4142 224
f 4143 2886 4188
f 1311 317 375
f 268 219 4188
f 268 389 60
f 3027 2898 4116
f 438 1224 4144
f 266 438 1169
f 708 3027 4078
f 1224 270 265
f 1224 265 4144
f 270 1223 265
f 265 1223 4145
f 1223 1232 4145
f 1340 1192 1161
f 4145 1232 444
f 1232 445 444
f 446 447 445
f 4140 389 124
f 261 447 258
f 4153 258 447
f 3065 259 342
f 3056 448 232
f 4153 1208 258
f 251 1245 283
f 4080 256 1742
f 4153 1206 1208
f 257 449 1208
f 257 1208 1206
f 4164 449 257
f 255 4164 257
f 255 451 4164
f 255 254 451
f 706 1076 252
f 319 229 250
f 1201 1759 201
f 1742 1763 647
f 453 370 1104
f 377 715 366
f 283 249 251
f 651 1355 4087
f 3154 4174 4010
f 249 248 456
f 247 456 248
f 247 457 4228
f 247 1198 456
f 246 4222 4228
f 246 4228 457
f 246 1253 4227
f 246 4227 4222
f 1253 244 458
f 1253 458 4227
f 244 243 242
f 244 242 458
f 242 243 332
f 4174 448 4104
f 462 1194 332
f 240 478 284
f 1309 1162 706
f 1192 284 478
f 239 4158 308
f 1257 1190 239
f 1257 464 1190
f 294 1186 464
f 238 1186 294
f 237 4156 4128
f 237 4154 4156
f 4154 468 1189
f 4154 1189 4156
f 468 236 1189
f 3038 4155 236
f 3038 236 468
f 769 1146 4155
f 769 4155 3038
f 1146 1188 4155
f 4155 472 235
f 4155 235 236
f 1189 235 4156
f 1259 160 4057
f 4057 160 234
f 234 160 4157
f 464 1186 1185
f 1190 1185 525
f 1190 525 476
f 239 476 4158
f 476 233 4158
f 478 233 1183
f 1079 4160 4168
f 343 3061 3124
f 3124 4159 3194
f 3056 232 480
f 280 1242 1243
f 3222 1181 3056
f 1180 1181 3222
f 370 3990 1104
f 200 712 1295
f 482 1180 440
f 4012 4161 440
f 1079 230 703
f 1307 484 4162
f 1159 1178 4162
f 281 371 3035
f 486 228 1178
f 372 4076 1178
f 1177 372 228
f 1177 227 372
f 4164 451 227
f 4164 227 4220
f 4219 4164 226
f 4220 226 4164
f 3194 225 657
f 480 225 117
f 515 223 449
f 258 223 222
f 1174 258 222
f 494 1174 1172
f 284 1340 1279
f 3124 3061 2889
f 229 221 250
f 3091 712 200
f 4167 496 4173
f 496 4167 4144
f 1757 282 1317
f 498 60 1024
f 1168 219 1163
f 1168 500 4188
f 508 706 1179
f 4169 500 218
f 1167 4169 218
f 217 1167 502
f 4170 214 216
f 1166 4170 216
f 728 4171 1165
f 732 1165 2838
f 1165 4171 215
f 215 4171 4172
f 4171 4217 4172
f 4217 216 214
f 214 217 506
f 500 1226 4143
f 217 502 506
f 502 213 506
f 209 508 1273
f 212 211 1168
f 1759 393 230
f 4167 210 510
f 3194 1162 143
f 210 4173 4216
f 368 375 317
f 1309 1161 1192
f 712 230 1079
f 4216 1172 208
f 484 250 221
f 208 1172 513
f 448 4174 241
f 345 280 1243
f 1160 207 513
f 451 4163 372
f 575 142 375
f 368 1757 575
f 1160 515 1158
f 1160 1158 207
f 341 3065 340
f 515 206 1158
f 515 4175 206
f 3799 1317 335
f 4220 148 4175
f 4220 517 148
f 227 1177 205
f 227 205 517
f 204 151 205
f 204 205 1177
f 486 1159 153
f 153 1159 519
f 203 519 1159
f 203 1155 519
f 201 520 1201
f 1154 3200 1295
f 2889 198 1295
f 1153 198 199
f 1112 1153 199
f 523 199 198
f 1181 1194 4104
f 197 1112 199
f 1185 557 525
f 1186 1114 557
f 1186 557 1185
f 4157 1117 1186
f 4157 160 1117
f 4156 1148 195
f 235 1148 4156
f 235 161 195
f 472 192 161
f 192 554 161
f 1188 555 554
f 527 555 1188
f 194 1119 163
f 194 163 193
f 194 193 527
f 527 193 555
f 768 529 1188
f 768 1188 1146
f 917 191 529
f 917 529 768
f 917 756 190
f 755 188 1143
f 532 531 188
f 3984 547 531
f 753 547 189
f 753 171 547
f 753 187 171
f 1804 185 4215
f 4215 185 933
f 1137 4215 933
f 2897 543 3490
f 2897 3490 904
f 2897 904 186
f 750 1135 1129
f 183 1797 1133
f 1797 177 1133
f 1797 3489 177
f 3219 901 1793
f 839 4202 538
f 4202 746 941
f 539 538 1792
f 539 1792 180
f 183 1052 1135
f 1129 1135 1052
f 182 88 536
f 88 3113 536
f 173 1127 175
f 173 175 187
f 187 175 171
f 171 175 172
f 171 172 547
f 547 172 546
f 546 170 169
f 169 170 1125
f 1125 1121 168
f 168 1121 167
f 168 167 551
f 551 167 1122
f 551 1122 164
f 164 1122 165
f 164 165 1119
f 1119 166 163
f 163 166 162
f 163 162 193
f 555 162 554
f 1117 1114 1186
f 1114 104 557
f 557 104 159
f 159 4177 557
f 156 1113 157
f 156 157 559
f 156 559 1112
f 1153 1112 559
f 1153 559 158
f 1071 1154 158
f 1154 155 3200
f 154 155 566
f 285 152 314
f 519 110 153
f 153 110 150
f 153 150 151
f 568 1109 1107
f 148 565 149
f 148 149 1106
f 146 1106 147
f 206 146 147
f 145 147 570
f 570 1103 145
f 1103 144 145
f 144 1103 116
f 440 1104 456
f 1243 576 1283
f 603 139 572
f 343 143 463
f 380 3995 139
f 4160 1079 4012
f 510 210 141
f 381 1098 3799
f 1098 352 1317
f 138 141 140
f 352 575 1757
f 213 582 599
f 578 213 599
f 268 60 219
f 4217 136 137
f 125 137 136
f 4172 4217 137
f 215 4172 137
f 215 137 134
f 1095 215 134
f 1095 134 135
f 1095 135 127
f 1093 1095 588
f 131 130 1092
f 3493 3986 131
f 3493 131 586
f 586 131 129
f 129 131 1092
f 1018 1090 51
f 129 1090 1018
f 581 128 1090
f 128 584 592
f 584 1091 592
f 1091 1093 592
f 592 1093 588
f 134 1087 123
f 134 126 1087
f 1087 126 1084
f 126 125 591
f 4143 4188 500
f 122 591 125
f 591 122 1085
f 122 599 1085
f 48 1085 599
f 599 595 48
f 120 118 595
f 4160 3222 480
f 1338 3166 353
f 1273 4092 1081
f 572 116 598
f 572 598 603
f 342 4115 3216
f 1078 114 116
f 4168 117 712
f 598 116 114
f 1078 113 114
f 342 4116 492
f 1078 115 113
f 1245 602 318
f 657 241 1076
f 254 253 451
f 115 147 112
f 147 111 112
f 111 1106 1077
f 1106 149 1077
f 149 565 609
f 149 609 1077
f 565 605 609
f 605 1107 609
f 1107 109 1006
f 109 3054 1005
f 150 1005 3054
f 150 110 40
f 107 110 562
f 105 106 611
f 105 611 157
f 105 1070 106
f 103 1070 105
f 159 35 103
f 104 35 159
f 160 1035 1117
f 160 8 1035
f 474 524 8
f 1187 3508 3525
f 619 1068 3150
f 165 100 615
f 1122 99 100
f 1122 100 165
f 1122 1061 99
f 167 1061 1122
f 1121 1061 167
f 1064 1061 1121
f 98 97 1061
f 98 1061 1064
f 618 97 98
f 170 97 618
f 170 4178 97
f 96 4178 170
f 1062 4178 96
f 94 1062 625
f 94 93 95
f 94 95 621
f 93 1057 95
f 1055 92 29
f 1055 29 1057
f 92 624 91
f 90 91 624
f 705 2908 1054
f 1133 3197 1052
f 1793 1795 3055
f 1793 21 1795
f 1793 745 21
f 180 1792 3050
f 1792 86 3050
f 1792 85 86
f 1792 743 85
f 743 741 85
f 741 3158 85
f 3492 3158 741
f 908 1833 631
f 84 3158 971
f 4194 83 964
f 4194 964 962
f 2905 962 961
f 1049 21 961
f 22 1049 1046
f 82 1046 959
f 4213 634 960
f 707 960 81
f 20 81 709
f 80 709 3781
f 4180 3781 958
f 958 1015 1047
f 3512 957 705
f 3512 705 642
f 705 957 638
f 1042 77 1041
f 644 1041 76
f 644 76 641
f 644 641 79
f 4181 641 75
f 4181 75 73
f 4181 73 15
f 981 15 73
f 981 73 72
f 4195 1038 74
f 4195 74 71
f 3509 3190 649
f 3190 950 649
f 950 3783 11
f 950 11 649
f 3783 3046 11
f 11 3046 4196
f 718 4196 3046
f 718 3046 69
f 718 69 70
f 946 3506 68
f 68 3506 944
f 68 944 652
f 652 944 4211
f 656 4211 67
f 656 67 4182
f 656 4182 4198
f 3048 4198 4182
f 64 966 65
f 64 65 1
f 1030 686 970
f 659 1005 1030
f 63 3045 940
f 4183 66 63
f 660 4189 4183
f 660 4183 61
f 660 61 683
f 1010 1027 937
f 1010 937 1026
f 4210 680 59
f 4184 59 680
f 4167 1024 1169
f 47 2914 4185
f 4210 4185 2914
f 676 47 4185
f 676 4185 666
f 1013 666 57
f 1013 57 56
f 1022 1013 56
f 668 1022 1021
f 1021 58 668
f 674 58 930
f 674 930 4186
f 54 4186 926
f 669 54 3499
f 671 53 1020
f 55 52 129
f 55 129 1018
f 55 1018 1017
f 1017 1018 51
f 51 128 4209
f 4209 592 669
f 592 4187 669
f 669 4187 54
f 4187 127 54
f 54 127 50
f 1087 1084 674
f 49 1014 1013
f 676 1013 1014
f 4216 139 210
f 48 676 1014
f 47 676 48
f 47 46 679
f 1012 679 46
f 1012 44 680
f 4184 680 44
f 44 45 4184
f 663 4184 45
f 663 1009 1010
f 1009 121 1010
f 1027 1010 121
f 121 43 683
f 121 683 1027
f 43 4189 683
f 43 114 4189
f 114 113 4189
f 113 112 3045
f 42 1077 940
f 1077 41 940
f 41 1107 684
f 1107 1006 684
f 1005 40 686
f 4190 686 40
f 4190 107 39
f 39 107 2767
f 2767 689 3182
f 689 1004 38
f 689 38 3182
f 690 2902 36
f 37 967 36
f 37 36 2902
f 1001 693 967
f 1001 967 37
f 1001 34 693
f 35 720 34
f 35 3 720
f 104 6 3
f 104 3 35
f 1114 4197 6
f 1114 6 104
f 1035 1034 1117
f 3525 8 524
f 999 9 102
f 998 7 999
f 998 33 7
f 4208 10 33
f 4208 33 998
f 996 4191 10
f 996 10 4208
f 100 978 4191
f 100 4191 996
f 695 32 978
f 695 978 100
f 4192 12 32
f 698 714 995
f 31 714 698
f 621 30 714
f 621 714 31
f 621 95 30
f 95 991 30
f 95 29 699
f 95 699 991
f 29 627 27
f 989 27 627
f 989 91 990
f 989 990 27
f 91 28 990
f 28 91 16
f 701 16 91
f 701 91 90
f 25 701 90
f 90 704 25
f 23 26 704
f 24 1047 642
f 3118 709 3175
f 3118 1052 709
f 1052 3197 20
f 89 3055 2903
f 745 2905 21
f 3050 86 4194
f 89 4213 707
f 20 709 1052
f 78 4193 2908
f 4193 1042 18
f 710 713 711
f 710 711 25
f 16 25 711
f 16 711 15
f 990 16 15
f 990 15 981
f 27 990 981
f 27 981 14
f 14 4195 13
f 4207 4195 71
f 4226 4368 4221
f 30 71 714
f 71 3509 12
f 12 653 32
f 653 649 978
f 4191 649 11
f 4191 11 10
f 10 11 4196
f 4196 718 7
f 718 70 999
f 9 999 70
f 3508 3659 3525
f 4197 68 6
f 6 68 652
f 6 652 974
f 6 974 3
f 3 974 5
f 3 5 720
f 4 5 4198
f 967 4 966
f 4199 967 966
f 4199 966 64
f 38 4199 64
f 38 64 1
f 3182 1 2
f 2910 39 2