# https://github.com/mikedh/trimesh
v -0.50668970 -0.08777919 0.45686413
v -0.51322414 -0.09577422 0.44778845
v -0.51315053 -0.08424774 0.44559465
v -0.50035847 -0.07776505 0.46489298
v -0.49871071 -0.09128384 0.46978313
v -0.50447348 -0.10251565 0.46101227
v -0.50789645 -0.07469161 0.45106545
v -0.49374024 -0.06724159 0.47298942
v -0.49226941 -0.08120968 0.47866621
v -0.50088542 -0.06409658 0.45889892
v -0.12074606 -0.35243167 0.43819834
v -0.10558426 -0.35483997 0.43696497
v -0.11580866 -0.36046493 0.42240883
v -0.13148488 -0.35660054 0.42631990
v -0.13556839 -0.34924734 0.44025101
v -0.12561003 -0.34490816 0.45198324
v -0.11093066 -0.34749658 0.45076404
v -0.14012878 -0.34175128 0.45348280
v -0.14594409 -0.35314560 0.42866202
v -0.15027822 -0.34569726 0.44206623
v -0.24772080 -0.31488875 0.44636202
v -0.25665613 -0.30579534 0.45604101
v -0.24177459 -0.30969311 0.45914106
v -0.23177706 -0.31715252 0.45257489
v -0.23842156 -0.32319463 0.43777486
v -0.25390084 -0.32076858 0.43181259
v -0.26315038 -0.31247191 0.44013895
v -0.24469418 -0.30126402 0.47129117
v -0.22748080 -0.30896915 0.46917865
v -0.27142211 -0.30462093 0.44808445
v -0.26792689 -0.29932140 0.45939605
v -0.25937991 -0.29787330 0.46742883
v -0.52004576 -0.10332602 0.43750114
v -0.51983424 -0.08899264 0.43550575
v -0.51254179 -0.10751105 0.44908784
v -0.51620089 -0.07401171 0.43619778
v -0.52891973 -0.09664798 0.42200688
v -0.52512363 -0.08010823 0.42307559
v -0.52645831 -0.11247979 0.42773000
v -0.51662664 -0.11848213 0.44127351
v -0.13733138 -0.33021094 0.47586929
v -0.13149017 -0.32514469 0.48671958
v -0.12147606 -0.33143084 0.47846936
v -0.13060130 -0.33743025 0.46482084
v -0.14339766 -0.33513303 0.46485311
v -0.14409725 -0.32266311 0.48675292
v -0.15345718 -0.32827778 0.47342860
v -0.20435710 -0.14144883 0.68578297
v -0.20168422 -0.13426647 0.69384505
v -0.19337650 -0.14354685 0.68867688
v -0.19974157 -0.15004009 0.67950509
v -0.21234004 -0.14453545 0.67900391
v -0.21379200 -0.13473106 0.68765804
v -0.18749041 -0.13524874 0.69922122
v -0.17977615 -0.14627499 0.69176123
v -0.18634319 -0.15348538 0.68196273
v -0.21194356 -0.12513411 0.69757616
v -0.19803588 -0.12540031 0.70391411
v -0.38490139 0.04106116 0.66355962
v -0.39220619 0.04248721 0.64714462
v -0.38795589 0.05327559 0.65476675
v -0.37637815 0.04010170 0.68003318
v -0.38004689 0.02653269 0.67216555
v -0.38954777 0.02935763 0.65464741
v -0.38072181 0.05506361 0.67106885
v -0.38933856 0.06406577 0.64664150
v -0.38512033 0.06323564 0.65892864
v -0.39327074 0.05464470 0.63990260
v -0.10949452 0.00757731 0.86312193
v -0.09536923 0.00870746 0.86724707
v -0.09821439 -0.00105054 0.85761796
v -0.12214189 0.00732977 0.85950511
v -0.12084223 0.01624613 0.86798743
v -0.10649373 0.01721195 0.87264368
v -0.11396531 -0.00275965 0.85238453
v -0.11818918 0.02618425 0.87769938
v -0.13588953 0.01423304 0.86129304
v -0.13270547 0.02536351 0.87238259
v -0.10978065 -0.38506182 0.36352036
v -0.09743315 -0.38701019 0.36078541
v -0.21936359 -0.28903253 0.50595747
v -0.23385456 -0.28650565 0.50129365
v -0.22585620 -0.28044388 0.51507496
v -0.21439818 -0.28369617 0.51681052
v -0.20664131 -0.28970368 0.51202039
v -0.22559099 -0.29526047 0.49268316
v -0.20876903 -0.29841446 0.49732205
v -0.09179283 -0.08413673 0.77906929
v -0.10301211 -0.07733841 0.78327106
v -0.09040630 -0.07524040 0.78796977
v -0.10443826 -0.08633838 0.77415890
v -0.09281983 -0.09347382 0.76980417
v -0.07920993 -0.08158508 0.78383976
v -0.08038983 -0.09053702 0.77502311
v -0.07760048 -0.07270119 0.79263411
v -0.10137916 -0.06864439 0.79211692
v -0.08906575 -0.06671330 0.79649304
v -0.11573659 -0.07908569 0.77839207
v -0.11392919 -0.07024824 0.78752713
v -0.16137745 0.06137408 0.88984763
v -0.18107384 0.06666509 0.88269126
v -0.16971434 0.04999325 0.87668886
v -0.14688578 0.06414231 0.89960308
v -0.14402760 0.05240530 0.89119476
v -0.15290316 0.04624652 0.88209515
v -0.18542123 0.05595968 0.87256599
v -0.41606551 0.05464277 0.50950510
v -0.40974033 0.06049007 0.52334776
v -0.41761161 0.04975409 0.52621763
v -0.42446247 0.04350775 0.51288119
v -0.42364607 0.04898247 0.49597119
v -0.40691082 0.06557884 0.50789754
v -0.41396397 0.06105608 0.49120150
v -0.41090556 0.05719097 0.54069886
v -0.41892457 0.04473753 0.54179403
v -0.42487217 0.03882836 0.52915654
v -0.46746100 -0.03908612 0.51156186
v -0.47082781 -0.05273303 0.51022349
v -0.47322526 -0.04311897 0.50247253
v -0.46392097 -0.04741041 0.52105793
v -0.47163237 -0.03232911 0.49907947
v -0.46419983 -0.02543459 0.50999940
v -0.45917846 -0.03432311 0.52516787
v 0.03927287 -0.38299404 0.35758049
v 0.06218991 -0.37738689 0.36382932
v 0.04992152 -0.37794103 0.36787330
v -0.14357859 0.03521548 0.87694995
v -0.14033979 0.04260604 0.88464510
v -0.14717043 0.02596262 0.86746014
v -0.15748137 0.03701839 0.87239666
v -0.13018290 0.03507038 0.88185769
v -0.16105769 0.02778366 0.86308937
v -0.17015738 0.03808173 0.86726759
v -0.53312748 0.00240921 0.35633469
v -0.52431793 0.01172605 0.36234235
v -0.52128379 0.02407910 0.35786688
v -0.00442282 0.06139618 0.91405137
v -0.02067991 0.05968219 0.91456521
v 0.00745065 0.05311139 0.90584502
v -0.00813445 0.05045445 0.90592455
v 0.00941902 0.06520372 0.91481719
v 0.00446966 -0.01251937 0.85164524
v 0.01161278 -0.02093409 0.84356852
v -0.00211333 -0.01952179 0.84595216
v -0.00741880 -0.01078055 0.85402700
v 0.00398217 -0.00114121 0.86153107
v 0.01651994 -0.01027219 0.85235892
v -0.25376935 -0.14083908 0.66083642
v -0.24679179 -0.15310743 0.65304093
v -0.26463288 -0.14593201 0.64982576
v -0.25769947 -0.13018755 0.66843911
v -0.24586344 -0.13545719 0.67029917
v -0.26489240 -0.13537480 0.65945764
v -0.24271550 -0.14456599 0.66347833
v -0.36462419 -0.21501409 0.51708537
v -0.37685920 -0.21536701 0.50677490
v -0.37572411 -0.20614354 0.51883247
v -0.35343358 -0.21431213 0.52647950
v -0.35285825 -0.22281348 0.51617761
v -0.36350560 -0.20676830 0.52790243
v -0.36432395 -0.22410247 0.50573407
v -0.39060590 -0.20485803 0.50770004
v -0.38504391 -0.19602938 0.52248870
v -0.37244260 -0.19824398 0.53050652
v -0.18683391 -0.12634998 0.70805982
v -0.17787212 -0.12395385 0.71409293
v -0.17881470 -0.13130518 0.70672655
v -0.19132438 -0.11560404 0.71617534
v -0.20799266 -0.11569174 0.70835183
v -0.00323030 -0.12337595 0.74946971
v -0.01847018 -0.12806505 0.74488653
v -0.01718940 -0.11706450 0.75548096
v -0.00722760 -0.13505528 0.73808811
v 0.00734165 -0.11559327 0.75671759
v 0.01000137 -0.12329801 0.74924818
v 0.00737797 -0.13134789 0.74141543
v -0.00477146 -0.11324912 0.75921114
v 0.01985238 -0.11909551 0.75270303
v 0.01832508 -0.12719459 0.74496327
v -0.09864850 -0.26729264 0.58116743
v -0.10907210 -0.26077550 0.58744841
v -0.09318192 -0.26036880 0.59113758
v -0.10944684 -0.27069855 0.57447485
v -0.09673485 -0.27553447 0.57058342
v -0.08494210 -0.26868380 0.58162892
v -0.10061960 -0.25266471 0.59961480
v -0.08675518 -0.25248235 0.60228485
v -0.07887287 -0.25990428 0.59393567
v -0.12507711 -0.26626013 0.57640986
v -0.12338073 -0.25547970 0.59082973
v -0.11256169 -0.25196828 0.59797232
v 0.04104087 -0.08408641 0.78358548
v 0.03595545 -0.09298002 0.77594084
v 0.02807006 -0.08586024 0.78328160
v 0.04906713 -0.09168703 0.77560575
v 0.03165306 -0.07698535 0.79107419
v 0.04601253 -0.07373325 0.79240262
v 0.05443322 -0.08278287 0.78306773
v -0.14297161 -0.36065514 0.41368958
v -0.13502567 -0.36804821 0.39953515
v -0.14846706 -0.36566196 0.40043581
v -0.15727925 -0.36132567 0.40669849
v -0.15476371 -0.35623804 0.41885222
v -0.12869336 -0.36277777 0.41374187
v -0.17176454 -0.28046441 0.54166376
v -0.17378189 -0.29014650 0.52696661
v -0.18870199 -0.28331695 0.53020229
v -0.16238596 -0.27457096 0.55361592
v -0.15525644 -0.28223103 0.54569725
v -0.17453283 -0.26972144 0.55530699
v -0.16026046 -0.28938987 0.53360259
v -0.18740529 -0.27327130 0.54492751
v -0.16086133 -0.26518845 0.56653574
v -0.17734906 -0.25992755 0.56703654
v -0.18799628 -0.26420530 0.55700061
v -0.28556921 -0.21462936 0.56881509
v -0.29593291 -0.21670957 0.56052108
v -0.29927283 -0.20861790 0.56781493
v -0.29014626 -0.20508532 0.57699220
v -0.27670704 -0.20797058 0.58130265
v -0.27381005 -0.22365579 0.56461330
v -0.28785765 -0.22359797 0.55683476
v -0.27551329 -0.21590479 0.57299744
v -0.31466827 -0.20312676 0.56466349
v -0.30241827 -0.19782358 0.57773662
v -0.30706324 -0.21375882 0.55735999
v -0.30018989 -0.22236691 0.55121021
v -0.44561001 0.06546501 0.42101185
v -0.45522634 0.05756596 0.41709711
v -0.46300476 0.06088709 0.40294032
v -0.43567462 0.06695764 0.43326592
v -0.07176385 -0.26623284 0.58660409
v -0.05859974 -0.26892342 0.58424682
v -0.07229162 -0.27387466 0.57638457
v -0.06431145 -0.25965462 0.59584802
v -0.06057961 -0.27853762 0.57120970
v -0.07477378 -0.28341539 0.56302212
v -0.08361679 -0.27711148 0.57059003
v 0.06698720 -0.04330075 0.81621139
v 0.05092916 -0.04674920 0.81582581
v 0.05705691 -0.03725189 0.82325895
v 0.06845704 -0.03228002 0.82551514
v 0.08209954 -0.03821603 0.81768181
v 0.06534131 -0.05538552 0.80584629
v 0.07801144 -0.04875113 0.80935556
v 0.04336275 -0.03474822 0.82756128
v 0.05558146 -0.02800409 0.83153293
v 0.03871861 -0.05411493 0.81096785
v 0.03406047 -0.04411112 0.82046848
v 0.05081153 -0.05706648 0.80672285
v -0.44991085 0.01808519 0.49106828
v -0.44089116 0.03205866 0.48670653
v -0.44016793 0.02562972 0.50422285
v -0.45423107 0.00386311 0.50340317
v -0.45856498 0.00711269 0.48734748
v -0.44995399 0.02729516 0.47318378
v -0.45860871 0.01486582 0.47458069
v -0.44625808 0.01475683 0.50821636
v -0.43221557 0.03764947 0.49980389
v -0.43202981 0.03204306 0.51717340
v -0.43916471 0.01872659 0.52290351
v -0.44095715 0.03958308 0.46992356
v -0.43196238 0.04418144 0.48264902
v -0.06184774 -0.22891767 0.63421517
v -0.07720268 -0.22822062 0.63324863
v -0.06956959 -0.21868314 0.64532441
v -0.07066998 -0.23659320 0.62409697
v -0.05495162 -0.22183986 0.64329836
v -0.04463467 -0.22863620 0.63587664
v -0.05411832 -0.23879831 0.62288911
v -0.08667245 -0.22023896 0.64102618
v -0.08359516 -0.20943410 0.65377127
v -0.05535641 -0.21353630 0.65292539
v -0.06738661 -0.20791639 0.65797381
v -0.09164052 -0.22924959 0.62973497
v -0.08296183 -0.23524517 0.62412982
v -0.02835076 -0.23163440 0.63277602
v -0.02747989 -0.24046051 0.62197619
v -0.03906568 -0.23699891 0.62599815
v -0.03065273 -0.22254003 0.64373305
v -0.01376397 -0.22482782 0.64085840
v -0.01429971 -0.23561215 0.62781520
v -0.03293211 -0.21492845 0.65276250
v -0.02089608 -0.21550425 0.65216120
v -0.04340379 -0.21860600 0.64795985
v 0.20871617 -0.26189800 0.52751138
v 0.20114458 -0.25644674 0.53965531
v 0.14873419 -0.35991069 0.36366618
v 0.16235583 -0.35645822 0.36409902
v 0.13528925 -0.36318389 0.36326337
v -0.49606579 -0.20733685 0.39894918
v -0.48933488 -0.21725572 0.39507656
v -0.49760162 -0.21274815 0.39120763
v -0.49476587 -0.19769387 0.41070919
v -0.48246281 -0.21062827 0.41039030
v -0.50495111 -0.20757338 0.38826204
v -0.50633864 -0.19754735 0.39729817
v 0.01389190 -0.28869803 0.55538395
v 0.01906908 -0.29475765 0.54568629
v 0.00595141 -0.29640916 0.54484453
v -0.00105407 -0.28943889 0.55581281
v 0.00797654 -0.28053493 0.56769774
v 0.02161281 -0.28218613 0.56378572
v 0.02948462 -0.28791910 0.55421214
v -0.00920786 -0.29752872 0.54449401
v -0.00149556 -0.30469378 0.53280852
v 0.01453897 -0.30236360 0.53453056
v -0.34976601 -0.27399181 0.44294148
v -0.36657473 -0.26758080 0.44045775
v -0.35705950 -0.26382065 0.45397853
v -0.33425872 -0.27541708 0.45232169
v -0.33540284 -0.28282117 0.43896587
v -0.34840192 -0.28332360 0.42822281
v -0.36185353 -0.27687865 0.42877202
v -0.34385945 -0.26778906 0.45770402
v -0.37627917 -0.27147537 0.42634682
v -0.38132385 -0.26189440 0.43786060
v -0.37239734 -0.25691967 0.45280669
v -0.35929146 -0.25509733 0.46582914
v -0.34941985 -0.26119182 0.46406006
v 0.22206771 -0.31649707 0.42110828
v 0.21163231 -0.32125982 0.41789969
v 0.21413817 -0.31644309 0.42674755
v 0.23226857 -0.31694391 0.41286832
v 0.22043753 -0.32250820 0.40894830
v 0.23288915 -0.31014084 0.42688754
v 0.22085885 -0.31113047 0.43319062
v 0.20647887 -0.31900428 0.42629922
v 0.20962042 -0.31379679 0.43516621
v 0.10088824 -0.36603295 0.37614233
v 0.10064548 -0.37081514 0.36253981
v 0.09060792 -0.37056214 0.36898618
v 0.09975842 -0.36127215 0.38970333
v 0.11242943 -0.36088890 0.38364233
v 0.11247187 -0.36597622 0.36955242
v 0.08834667 -0.36660358 0.38133911
v 0.08637193 -0.37615744 0.35462520
v 0.07621439 -0.37291973 0.36971730
v -0.06848373 -0.02981614 0.83507503
v -0.08453856 -0.02834423 0.83429478
v -0.07781431 -0.02010967 0.84318189
v -0.06428110 -0.01975401 0.84512083
v -0.07797158 -0.03624894 0.82772682
v -0.05475890 -0.03629010 0.83021542
v -0.06656876 -0.04032588 0.82527838
v -0.05371826 -0.02668949 0.83939824
v -0.07247807 -0.01316181 0.85048135
v -0.08547588 -0.00981363 0.85174123
v -0.09180380 -0.01906386 0.84195576
v -0.09200516 -0.03746613 0.82419097
v -0.09909513 -0.02653187 0.83338352
v 0.06048598 -0.18836165 0.67583627
v 0.06128033 -0.17967980 0.68537390
v 0.07180274 -0.18448611 0.67799900
v 0.06747021 -0.19293758 0.66931057
v 0.05364440 -0.19662839 0.66754589
v 0.04931974 -0.18760143 0.67853185
v 0.08064317 -0.18965869 0.67023835
v 0.08582368 -0.18046577 0.67941004
v 0.07603606 -0.17543387 0.68718244
v 0.04704526 -0.17869874 0.68879705
v 0.05709094 -0.17134136 0.69531133
v 0.06802997 -0.17122309 0.69346470
v -0.22857212 -0.33717413 0.41836641
v -0.23882890 -0.33468508 0.41643667
v -0.23145432 -0.33114584 0.42784907
v -0.23308533 -0.34154375 0.40659744
v -0.21742028 -0.33667129 0.42613011
v -0.22185782 -0.34168117 0.41367685
v -0.22003469 -0.32703985 0.44220677
v -0.20474376 -0.34064593 0.42604475
v -0.21078476 -0.34418002 0.41542663
v -0.20435897 -0.33474447 0.43731755
v 0.14228852 -0.25325815 0.57101125
v 0.15221128 -0.24543287 0.57802681
v 0.15611889 -0.25068574 0.56905682
v 0.15392681 -0.25880106 0.55836829
v 0.13646612 -0.26416764 0.55779558
v 0.12468433 -0.25841395 0.57045956
v 0.13101024 -0.24996496 0.57992008
v 0.14117257 -0.24479667 0.58323532
v 0.15019008 -0.23945343 0.58700540
v 0.16056579 -0.23878428 0.58367991
v 0.16238633 -0.24507553 0.57427460
v 0.16910140 -0.25038474 0.56377287
v -0.16892377 -0.00261449 0.83293030
v -0.16251898 -0.01443787 0.82514937
v -0.17548431 -0.01100022 0.82251918
v -0.17083901 0.01066289 0.84371722
v -0.15622826 0.00180068 0.84238538
v -0.18409468 -0.00104698 0.82713607
v -0.18086983 0.00655693 0.83533591
v -0.15293746 -0.00917084 0.83379657
v -0.15805998 0.01095187 0.84985331
v -0.14567831 0.00673717 0.85103695
v -0.14158791 -0.00429104 0.84247989
v -0.27760384 -0.01997216 0.75416616
v -0.28595822 -0.00745662 0.75804025
v -0.27179413 -0.01318513 0.76395681
v -0.27025861 -0.03011028 0.75070104
v -0.28040967 -0.02729370 0.74595983
v -0.26688049 -0.02296504 0.75919653
v -0.28999753 -0.01843737 0.74613479
v 0.21085323 -0.34453084 0.36178479
v 0.22636302 -0.33793406 0.36742660
v 0.22356335 -0.33184399 0.38473766
v 0.23465033 -0.33157564 0.37732465
v 0.21315016 -0.33858142 0.37553756
v 0.24143561 -0.33340454 0.36758952
v 0.19677774 -0.35023324 0.35678089
v 0.19817016 -0.34354975 0.37353394
v -0.47126601 -0.06610116 0.51152050
v -0.47647395 -0.07549233 0.50325131
v -0.47747550 -0.06132678 0.50046559
v -0.46627572 -0.07878669 0.51850642
v -0.46325600 -0.06175873 0.52395584
v -0.52139507 -0.06837695 0.42403193
v -0.51578547 -0.06174529 0.43037807
v -0.50829110 -0.06035261 0.44326993
v 0.05566609 -0.14211516 0.72630690
v 0.04603753 -0.14516090 0.72443511
v 0.05313586 -0.13643839 0.73228968
v 0.06376691 -0.13899651 0.72810154
v 0.05942671 -0.14777568 0.71986442
v 0.04866157 -0.15341667 0.71564625
v 0.03450749 -0.15524886 0.71533984
v 0.03154755 -0.14494318 0.72617900
v 0.03903698 -0.13605373 0.73434684
v -0.29143062 0.03564042 0.78420107
v -0.30552176 0.04355029 0.77627584
v -0.29853826 0.04976564 0.78665625
v -0.30297193 0.03017117 0.77031490
v -0.27926584 0.02556142 0.78760645
v -0.28817983 0.01940341 0.77608111
v -0.27744807 0.03529917 0.79565314
v -0.28649395 0.04656405 0.79545996
v -0.15271071 -0.12373945 0.72381942
v -0.16209197 -0.11459330 0.72910651
v -0.14601043 -0.11438956 0.73498897
v -0.16579076 -0.12331947 0.71947095
v -0.14606059 -0.13355411 0.71663702
v -0.15799408 -0.13052590 0.71547088
v -0.13846324 -0.12595643 0.72642468
v -0.30783664 -0.06045623 0.69580301
v -0.30936220 -0.06884744 0.68712002
v -0.32095567 -0.05849098 0.68616335
v -0.29884506 -0.07025303 0.69438270
v -0.29789993 -0.06183492 0.70262387
v -0.31613798 -0.04959663 0.69825435
v -0.30402281 -0.05233837 0.70603865
v -0.09896948 -0.06156291 0.79954219
v -0.10238407 -0.05354690 0.80654530
v -0.08917327 -0.05813258 0.80476813
v -0.11243188 -0.06036453 0.79753310
v -0.07709745 -0.05411925 0.81059565
v -0.07665502 -0.06356738 0.80155766
v -0.09065346 -0.04868884 0.81360937
v -0.11772243 -0.04837339 0.80786121
v -0.10470598 -0.04357215 0.81571206
v -0.11735449 -0.14101514 0.71793890
v -0.12406517 -0.14937071 0.70792281
v -0.12790247 -0.14279684 0.71335434
v -0.10817817 -0.15279908 0.70864661
v -0.12243919 -0.12858975 0.72864991
v -0.10873122 -0.13413641 0.72688085
v -0.09871567 -0.14309880 0.72043496
v -0.13176678 -0.13610144 0.71869890
v -0.13855593 -0.14453613 0.70833674
v -0.43697760 0.00319903 0.55195403
v -0.43170327 0.00836969 0.56122395
v -0.43443025 -0.00383195 0.56287226
v -0.44149276 -0.00780455 0.54888868
v -0.43486102 0.01468599 0.54442545
v -0.44065312 0.00339067 0.54214022
v -0.16947364 -0.32912243 0.46520832
v -0.18536537 -0.32848805 0.45882755
v -0.18154594 -0.32199386 0.47232271
v -0.17328080 -0.33604845 0.45076360
v -0.15605577 -0.33707562 0.45628360
v -0.16778904 -0.32200851 0.47863569
v -0.18909171 -0.33527376 0.44449812
v -0.20180482 -0.32750722 0.45189350
v -0.19722463 -0.32051886 0.46680421
v -0.19135995 -0.31445448 0.48036338
v -0.17827143 -0.31653294 0.48333056
v 0.20756071 -0.27581806 0.50602190
v 0.21339590 -0.28107275 0.49372687
v 0.19876458 -0.28201091 0.50057218
v 0.19796403 -0.27532498 0.51213887
v 0.20831812 -0.26908726 0.51648015
v 0.19542011 -0.26787556 0.52520284
v 0.18957078 -0.28087309 0.50754781
v 0.18787180 -0.27580999 0.51666800
v -0.28366244 -0.09057216 0.68732663
v -0.27879224 -0.10295037 0.67974200
v -0.29276775 -0.09675038 0.67556859
v -0.30129886 -0.08196575 0.68200606
v -0.28787035 -0.07871067 0.69504406
v -0.27455707 -0.08463960 0.69899412
v -0.26688339 -0.09792293 0.69192917
v -0.30460025 -0.09271368 0.67042657
v -0.31565757 -0.08470537 0.66845095
v -0.31809268 -0.07204411 0.67700706
v 0.05525951 -0.09993064 0.76706610
v 0.04330002 -0.09903176 0.76950193
v 0.06334430 -0.09050987 0.77462323
v -0.24795210 -0.26737193 0.52125000
v -0.25624961 -0.27360936 0.50718353
v -0.26356952 -0.26402007 0.51686873
v -0.24227239 -0.25941080 0.53574975
v -0.23078117 -0.26991927 0.52742750
v -0.25463574 -0.26010282 0.52778047
v -0.24084708 -0.27697052 0.51140338
v -0.09548524 -0.12172237 0.74195241
v -0.07970972 -0.12100287 0.74574692
v -0.08308568 -0.13035333 0.73610856
v -0.09661810 -0.13240517 0.73138349
v -0.10206008 -0.11142694 0.75043092
v -0.08963045 -0.11384696 0.75079191
v -0.10871062 -0.12536404 0.73539387
v -0.10877176 -0.11699741 0.74346825
v -0.11721577 -0.10824104 0.74967072
v -0.12022121 -0.11813685 0.73936758
v -0.03508661 -0.20217436 0.66731476
v -0.04461644 -0.20075200 0.66835323
v -0.03712901 -0.19344887 0.67679181
v -0.02785138 -0.20799155 0.66087848
v -0.04198671 -0.20903679 0.65914869
v -0.02414717 -0.19915095 0.67093473
v -0.01226531 -0.20618730 0.66284044
v -0.10849845 -0.03338928 0.82469793
v -0.11430385 -0.02202020 0.83420876
v -0.11635043 -0.03932486 0.81709777
v -0.12429073 -0.03088487 0.82304235
v 0.18927820 -0.22702945 0.58705859
v -0.26507225 -0.27855974 0.49430937
v -0.27316693 -0.28207801 0.48367721
v -0.27780541 -0.27533392 0.49117916
v -0.27022054 -0.27068828 0.50301834
v -0.25061243 -0.28383105 0.49517517
v -0.26318241 -0.28548165 0.48477053
v -0.28788892 -0.28009707 0.47702987
v -0.27237533 -0.29056704 0.47062527
v -0.28992746 -0.27109967 0.48985518
v -0.28124001 -0.26894744 0.49876078
v -0.27315275 0.01436834 0.78435144
v -0.25752861 0.00718341 0.79005426
v -0.26845682 0.00242100 0.77888962
v -0.27925058 0.00816012 0.77530412
v -0.26509545 0.02312525 0.79655688
v -0.23288663 -0.25425069 0.54801987
v -0.24575586 -0.24926319 0.54754486
v -0.23523092 -0.24615218 0.55739319
v -0.22519515 -0.25107230 0.55634471
v -0.22828017 -0.26169228 0.54040667
v -0.22062288 -0.25782448 0.54977508
v -0.24825953 -0.23850967 0.56005968
v -0.23449329 -0.23907318 0.56676346
v -0.22415131 -0.24474706 0.56496807
v -0.25960493 -0.24406975 0.54667428
v -0.25605364 -0.25304405 0.53671743
v 0.06942953 -0.09984956 0.76489357
v 0.06513715 -0.08180334 0.78237118
v 0.07366196 -0.08464966 0.77830205
v 0.07507696 -0.09202813 0.77122632
v 0.06051159 -0.11027872 0.75649100
v 0.04484501 -0.10726663 0.76152753
v 0.07689878 -0.10795899 0.75590259
v 0.08434311 -0.09738582 0.76439042
v -0.16042986 -0.38074196 0.35783075
v -0.08496078 -0.32059439 0.50513541
v -0.07089813 -0.32422495 0.50089937
v -0.08130407 -0.32870770 0.49185849
v -0.08268078 -0.31108597 0.52088929
v -0.07051174 -0.31682579 0.51326816
v -0.09360608 -0.32708476 0.49279318
v -0.10042460 -0.32084341 0.50206861
v -0.09513042 -0.31497708 0.51270220
v -0.08016328 -0.33636338 0.47810224
v -0.08933133 -0.33234656 0.48428635
v -0.06931451 -0.33138298 0.48850644
v 0.14884271 -0.30676325 0.48329771
v 0.13486200 -0.30922045 0.48557833
v 0.13955844 -0.30104813 0.49798354
v 0.16345245 -0.30684582 0.47568920
v 0.15163755 -0.31441090 0.46748844
v 0.15444144 -0.29807524 0.49623857
v 0.16169201 -0.30112596 0.48720179
v 0.13626390 -0.31603182 0.47211487
v -0.12384157 -0.06413102 0.79078587
v -0.12800690 -0.05554248 0.79793531
v -0.13319085 -0.04567508 0.80603692
v -0.12612025 -0.03998999 0.81376727
v 0.00130785 -0.19926519 0.67034041
v 0.00457139 -0.20968989 0.65807919
v 0.01172925 -0.19186907 0.67806697
v 0.01470380 -0.20105808 0.66741250
v 0.00012960 -0.19072827 0.68004757
v -0.01088818 -0.19510560 0.67545825
v 0.02772778 -0.20264072 0.66428644
v 0.01828028 -0.20837387 0.65861489
v 0.02509117 -0.19367449 0.67484527
v -0.13867522 -0.03526904 0.81437478
v 0.10483270 -0.07415457 0.78109927
v 0.09632737 -0.06743334 0.78903817
v 0.16016207 -0.29072420 0.50610661
v 0.16757839 -0.29443037 0.49603138
v 0.15238675 -0.28662299 0.51648725
v 0.16649418 -0.28298510 0.51574401
v 0.17143129 -0.28788156 0.50527760
v 0.14898633 -0.29381854 0.50617947
v -0.33023867 -0.23464767 0.51658739
v -0.32032028 -0.23435591 0.52350742
v -0.32285282 -0.24123330 0.51240160
v -0.34071103 -0.22973065 0.51589498
v -0.33067622 -0.22766576 0.52552763
v -0.33701525 -0.23931990 0.50530286
v -0.31431772 -0.24899206 0.50694963
v -0.32661766 -0.24693443 0.50169283
v -0.30910030 -0.24185148 0.52040139
v -0.07578092 -0.37025490 0.40719893
v -0.09371172 -0.36821565 0.40959593
v -0.08495126 -0.36295695 0.42320529
v -0.09021958 -0.37403968 0.39606352
v -0.06603451 -0.37753133 0.38999569
v -0.08094862 -0.37720885 0.38940169
v -0.07108239 -0.36210460 0.42688436
v -0.05995796 -0.36604369 0.41872960
v -0.05943094 -0.37221990 0.40407148
v -0.09949317 -0.36172149 0.42343428
v -0.09086097 -0.35644450 0.43654936
v -0.07913990 -0.35773806 0.43567670
v -0.10660835 -0.36631115 0.41153503
v -0.10581629 -0.37288088 0.39586537
v -0.17288634 -0.13905301 0.70156216
v -0.16524028 -0.14903085 0.69474453
v -0.17268672 -0.15632327 0.68472062
v -0.17928611 -0.16198670 0.67643126
v -0.19269341 -0.16168930 0.67101549
v -0.36183481 -0.17255993 0.56376825
v -0.35192178 -0.18269140 0.56141559
v -0.36617496 -0.18146549 0.55226153
v -0.37774243 -0.17006154 0.55383542
v -0.36970028 -0.16299621 0.56632719
v -0.34751460 -0.17406589 0.57256653
v -0.35733318 -0.16411141 0.57449449
v -0.37929289 -0.18179162 0.54182294
v -0.35598093 -0.19146641 0.54987262
v -0.36917594 -0.19044257 0.54124992
v -0.06330716 -0.05951899 0.80713544
v -0.06391958 -0.06976407 0.79727586
v -0.06481166 -0.04958935 0.81653834
v -0.04872229 -0.05367620 0.81400914
v -0.04927324 -0.06593019 0.80231474
v -0.07818675 -0.04454488 0.81968309
v -0.33039269 -0.20235749 0.55566664
v -0.32734567 -0.19372247 0.56680820
v -0.31579184 -0.19385903 0.57395027
v -0.32005291 -0.21130073 0.55226346
v -0.00211510 -0.26808362 0.58586525
v -0.00730125 -0.26188650 0.59436252
v 0.00559830 -0.26269323 0.59245446
v -0.00437545 -0.27515354 0.57627904
v -0.01375598 -0.26927567 0.58475191
v 0.00848113 -0.27078818 0.58122525
v -0.25729088 -0.22684632 0.56969147
v -0.26506928 -0.23438164 0.55611616
v -0.27925633 -0.23240504 0.55069103
v -0.26599981 -0.21683049 0.57703911
v -0.04894083 -0.10954471 0.76098414
v -0.06239068 -0.11035510 0.75874342
v -0.05833071 -0.10208030 0.76715093
v -0.04346914 -0.11864852 0.75276132
v -0.05481417 -0.11653455 0.75375854
v -0.04316908 -0.09904070 0.77142853
v -0.03211236 -0.11022634 0.76145944
v -0.06953413 -0.10389481 0.76395903
v -0.06909056 -0.09623022 0.77136300
v -0.05713623 -0.09301681 0.77594034
v -0.06583385 -0.11894339 0.74999288
v -0.07730457 -0.11041966 0.75637728
v -0.13070612 0.00163372 0.85158896
v -0.12552591 -0.01092951 0.84155535
v -0.13921511 -0.01500390 0.83347159
v -0.15221323 0.01730947 0.85787307
v -0.11894139 -0.36744877 0.40578748
v -0.10820934 -0.27758559 0.56566748
v -0.10297541 -0.28309334 0.55913124
v -0.11316707 -0.28184128 0.55878891
v -0.11892092 -0.27616628 0.56504577
v -0.11203664 -0.28792863 0.55039694
v -0.12369655 -0.28365748 0.55364311
v -0.22468757 0.00689386 0.81134108
v -0.21338830 0.00540605 0.81683372
v -0.21765518 -0.00193051 0.80827749
v -0.23079591 -0.00038641 0.80152670
v -0.23749425 0.01391062 0.80873997
v -0.22381864 0.01685508 0.81974942
v -0.05799661 -0.29671178 0.54564696
v -0.07346951 -0.30254152 0.53532158
v -0.07283755 -0.29291225 0.54972376
v -0.06034527 -0.28744106 0.55883535
v -0.04764657 -0.29035837 0.55562181
v -0.05800433 -0.30551855 0.53237142
v -0.04583736 -0.29617249 0.54739990
v -0.04742729 -0.30154946 0.53926867
v 0.03418967 -0.37803270 0.37384623
v 0.02582486 -0.38448691 0.35829629
v 0.02155772 -0.37502202 0.38641048
v 0.03667689 -0.37093699 0.39240374
v 0.04883657 -0.37266465 0.38330386
v 0.01703102 -0.38136945 0.37023379
v 0.08990364 -0.35220359 0.41748103
v 0.09971602 -0.34594221 0.42737461
v 0.10223830 -0.35039772 0.41583088
v 0.09717826 -0.35611576 0.40433082
v 0.07942249 -0.35905104 0.40560320
v 0.08498155 -0.34749934 0.43068664
v 0.07549007 -0.35372703 0.42044803
v 0.11152611 -0.33849554 0.43818178
v 0.11440830 -0.34571016 0.42049310
v 0.09475636 -0.34066629 0.44141469
v 0.10925806 -0.35174375 0.40895274
v -0.44532604 -0.12121832 0.52866022
v -0.43461747 -0.13218013 0.53317757
v -0.44512278 -0.13373510 0.52119291
v -0.45507538 -0.10872544 0.52402394
v -0.44368850 -0.10889635 0.53721797
v -0.43373848 -0.12035165 0.54157375
v -0.45768848 -0.12297159 0.51368878
v -0.42098680 -0.11968370 0.55483698
v -0.42362777 -0.13122806 0.54485852
v -0.43219963 -0.10837520 0.54994740
v -0.42880521 -0.01031212 0.57716616
v -0.42032509 -0.01827942 0.59331853
v -0.42839288 -0.02335773 0.57951650
v -0.42165707 0.00019754 0.58902116
v -0.43632440 -0.01954614 0.56428623
v -0.42868778 0.00192755 0.57313978
v -0.41401455 -0.00818025 0.60584340
v -0.41380353 0.00567270 0.60545625
v -0.42457964 0.01432078 0.57491994
v -0.41785501 0.01525341 0.59248012
v 0.07114041 -0.11807085 0.74730825
v 0.08962032 -0.10610533 0.75511609
v 0.08539871 -0.11516274 0.74736507
v -0.12797710 -0.37795301 0.37752191
v -0.12531856 -0.38305783 0.36477010
v -0.14288302 -0.37954934 0.36805163
v -0.13537900 -0.37418617 0.38462357
v -0.12273373 -0.37337322 0.39053368
v -0.11432678 -0.37898112 0.37854860
v -0.14892545 -0.37145902 0.38629791
v -0.15796153 -0.37554914 0.37237024
v -0.35690297 -0.09956406 0.62365252
v -0.36981941 -0.08961170 0.61921542
v -0.35835791 -0.08384391 0.63303842
v -0.34471067 -0.10875124 0.62702900
v -0.35404899 -0.11292229 0.61669025
v -0.36873958 -0.10536104 0.60984738
v -0.34504584 -0.09669722 0.63542071
v -0.38035748 -0.08115755 0.61496415
v -0.37323980 -0.07557920 0.62490988
v -0.38108303 -0.09209223 0.60773640
v -0.10997357 -0.18562719 0.67444180
v -0.12012076 -0.19247484 0.66459200
v -0.12507465 -0.18344771 0.67291022
v -0.11604670 -0.17640686 0.68271525
v -0.10011825 -0.17749179 0.68531692
v -0.09347203 -0.18807002 0.67535207
v -0.10484305 -0.19537618 0.66511067
v -0.13267930 -0.18961971 0.66418712
v -0.14121668 -0.18140145 0.67024714
v -0.13032550 -0.17435852 0.68096093
v -0.13153054 -0.19811168 0.65529527
v -0.11625426 -0.20213830 0.65502256
v -0.31553389 0.02719671 0.75627634
v -0.31161873 0.01142094 0.74999989
v -0.32476863 0.02017725 0.74250242
v -0.30113620 0.01607015 0.76268258
v -0.31483475 0.04039791 0.76499357
v -0.32339545 0.03966148 0.75537422
v -0.32893544 0.03417574 0.74590600
v -0.37766401 -0.06209750 0.62903222
v -0.36594080 -0.06907567 0.63604860
v -0.37935010 -0.04965181 0.63512126
v -0.37049594 -0.05845182 0.63868909
v -0.38715730 -0.06806245 0.61591860
v -0.38928089 -0.05265499 0.62239603
v -0.15183553 -0.25673639 0.58062727
v -0.16734553 -0.25367476 0.57886472
v -0.14312341 -0.26620901 0.57125737
v -0.15713244 -0.24689652 0.59106834
v -0.13718126 -0.25745858 0.58443048
v -0.14497198 -0.25038902 0.59097143
v -0.17269407 -0.24325328 0.58972277
v -0.18440130 -0.24946058 0.57737479
v -0.22452663 -0.13757091 0.67961228
v -0.22676406 -0.12549524 0.68975815
v -0.14955694 -0.27465106 0.55808117
v 0.13461822 -0.14103626 0.70887516
v 0.13845897 -0.12950553 0.71951674
v -0.36038689 0.06414412 0.71138060
v -0.35025209 0.05526043 0.72630452
v -0.35653915 0.04985616 0.71519061
v -0.36395512 0.05133908 0.70338898
v -0.36876142 0.06419372 0.69589483
v -0.34872174 0.03828114 0.72274987
v -0.35815753 0.04058718 0.71019564
v -0.33995612 0.04326218 0.73660148
v -0.34164313 0.05688309 0.73994983
v -0.34847978 0.06606462 0.73266233
v 0.03140826 -0.29775581 0.53893743
v -0.43086919 0.05356577 0.46376795
v -0.43910418 0.05462290 0.44604606
v -0.42999009 0.06266671 0.44848836
v -0.44204530 0.04543513 0.45617124
v -0.41728890 0.06427443 0.47094325
v -0.42344384 0.05416320 0.48071810
v -0.42297263 0.06510454 0.45669842
v -0.44724222 0.05540467 0.43152905
v -0.44939893 0.04450329 0.44395911
v -0.33129166 -0.26903372 0.46488474
v -0.32146734 -0.27634825 0.46011331
v -0.32294923 -0.28228608 0.44918409
v -0.32054215 -0.29113588 0.43573649
v -0.33616498 -0.29057006 0.42498108
v -0.21533086 0.04736358 0.84780031
v -0.23027597 0.04945863 0.83937888
v -0.22679776 0.05714774 0.84704595
v -0.19962935 0.04100127 0.85295743
v -0.20629582 0.03515550 0.84448623
v -0.21914723 0.06038490 0.85435191
v -0.21957338 0.03564258 0.83654878
v -0.20594990 0.05367869 0.85830691
v -0.23585511 0.04126030 0.82999545
v -0.20358063 0.02332943 0.83684417
v -0.21685876 0.02377453 0.82939711
v -0.22922048 0.02946030 0.82595636
v 0.08786590 -0.36196663 0.39406880
v 0.11067515 -0.35597934 0.39754585
v 0.09322466 -0.30202561 0.51553182
v 0.09037588 -0.29424024 0.52919588
v 0.10366679 -0.29578206 0.52207724
v 0.10687685 -0.30328301 0.50820859
v 0.09402293 -0.30910988 0.50315981
v 0.08232403 -0.30786797 0.50942127
v 0.08208721 -0.30146313 0.52028433
v -0.48448568 -0.22955013 0.38500254
v -0.47478808 -0.24259494 0.37817109
v -0.48686950 -0.23756635 0.37193933
v -0.49738906 -0.22931981 0.37071031
v -0.47534620 -0.22416112 0.40193480
v -0.46779570 -0.23665729 0.39381478
v -0.49943165 -0.21831420 0.38216244
v -0.48257371 -0.24650495 0.36427510
v -0.49483116 -0.23920786 0.36057942
v -0.46753640 -0.25545050 0.36727387
v -0.45913183 -0.24915055 0.38546431
v 0.23568771 -0.32735353 0.38676801
v 0.24595690 -0.32702259 0.37982221
v 0.21785633 -0.32821805 0.39756515
v 0.23066073 -0.32389576 0.39843677
v 0.20648046 -0.33469993 0.38991764
v 0.03244106 -0.12540288 0.74547500
v 0.04913677 -0.12745523 0.74161983
v 0.02146072 -0.13692866 0.73501779
v 0.05850192 -0.12047953 0.74709355
v 0.06463216 -0.12880300 0.73800509
v 0.04639094 -0.11747279 0.75161386
v 0.03218536 -0.11360330 0.75688809
v -0.42206961 -0.03486103 0.58858666
v -0.41170751 -0.01994854 0.60811945
v -0.41208881 -0.03254867 0.60365045
v -0.40609250 -0.00285741 0.62104212
v -0.40732977 -0.01452045 0.61688182
v -0.25063776 0.02699601 0.80969837
v -0.25109229 0.01558642 0.80098250
v -0.23677644 0.02443809 0.81731258
v -0.24259213 0.03452880 0.82077498
v -0.25538822 0.04039858 0.81580383
v -0.26547019 0.03645066 0.80566423
v -0.45381883 -0.06250642 0.53870350
v -0.45714904 -0.04938571 0.53300388
v -0.45038094 -0.05228223 0.54436522
v -0.44542719 -0.06200003 0.55090689
v -0.44766814 -0.07403803 0.54554236
v -0.45681788 -0.07502940 0.53283103
v -0.45014079 -0.03802253 0.54299250
v -0.29709701 -0.00760547 0.74917818
v -0.28802423 -0.03034861 0.73760656
v -0.29775512 -0.02278492 0.73643461
v -0.30254105 -0.01302047 0.74042001
v -0.29881655 0.00277401 0.75543334
v -0.28856636 0.00617830 0.76641592
v -0.27687755 -0.00185178 0.76944612
v -0.30747499 -0.00162692 0.74477424
v -0.49394436 0.02226459 0.39704996
v -0.48391093 0.03147802 0.40329897
v -0.48657245 0.01924944 0.41178494
v -0.49629929 0.00938290 0.40562617
v -0.50200525 0.02574860 0.38230933
v -0.49073670 0.03719666 0.38813720
v -0.50454519 0.01171206 0.39056185
v -0.47695584 0.02899560 0.41704305
v -0.47924165 0.01604661 0.42843661
v -0.48935675 0.00850295 0.41845506
v -0.48085287 0.04215679 0.39717511
v -0.47481102 0.04000768 0.40812597
v -0.54081554 -0.07874376 0.39435542
v -0.54352161 -0.08944842 0.39447137
v -0.54767588 -0.07969175 0.38187155
v -0.53464450 -0.08333607 0.40756527
v -0.53549362 -0.07023431 0.39932385
v -0.54163844 -0.07069693 0.38832420
v -0.55319332 -0.07400813 0.36830787
v -0.54601852 -0.06422895 0.37630542
v -0.55106198 -0.09386393 0.38220422
v -0.55603452 -0.08659398 0.36917931
v -0.54644568 -0.10224706 0.39383242
v -0.53874458 -0.09850052 0.40626202
v -0.53989933 -0.14853749 0.39464910
v -0.54488221 -0.15855414 0.38060091
v -0.55057126 -0.14493227 0.38071908
v -0.53541088 -0.13517359 0.40848024
v -0.52840566 -0.15184909 0.40914764
v -0.53136300 -0.16431175 0.39561272
v -0.54644788 -0.13564827 0.39172515
v -0.55561613 -0.15250294 0.36825737
v -0.55828185 -0.14171315 0.36991383
v -0.55558545 -0.13210231 0.37768361
v -0.53798987 -0.17317356 0.37907345
v -0.55128328 -0.16750204 0.36425164
v -0.33380879 0.01560608 0.73017933
v -0.34362335 0.02422284 0.72340199
v -0.33680813 0.02909273 0.73395410
v -0.34350439 0.01217715 0.71733997
v -0.32099693 0.00471900 0.73651813
v -0.33202400 0.00409061 0.72511424
v -0.35414953 0.02657764 0.71082818
v -0.54177378 -0.18301187 0.36512243
v -0.01690423 -0.30546406 0.53286498
v -0.01088558 -0.31347465 0.51958652
v 0.00753116 -0.31207854 0.51989369
v -0.35668865 0.00633615 0.69881138
v -0.36652442 0.00862459 0.68732252
v -0.36340642 0.02007979 0.69606047
v -0.35350106 0.01393772 0.70659177
v -0.34811950 0.00473409 0.70822684
v -0.34790504 -0.00509922 0.70222503
v -0.35855875 -0.00404034 0.69049084
v -0.24031661 -0.29331015 0.48683066
v -0.23151159 -0.30052668 0.48075091
v -0.25509433 -0.29211075 0.47944440
v -0.03580395 -0.33485010 0.48351302
v -0.04693237 -0.32993795 0.49241612
v -0.03290108 -0.32476488 0.50145506
v -0.02203862 -0.33752589 0.47795073
v -0.03360968 -0.34310670 0.46780445
v -0.02333766 -0.33039134 0.49126917
v -0.04833491 -0.33662679 0.48027907
v -0.04408456 -0.34107634 0.47194505
v -0.01121230 -0.33125530 0.48884377
v -0.00825354 -0.33878408 0.47434182
v -0.02002287 -0.34617478 0.46088199
v -0.46743042 -0.21911142 0.41683099
v -0.48154135 -0.19898261 0.42439629
v -0.47190503 -0.20911498 0.42390532
v -0.44967283 -0.08591778 0.53978613
v -0.45208611 -0.09710143 0.53282799
v -0.45785633 -0.08646529 0.52908354
v -0.43991425 -0.08492129 0.55191860
v -0.44147601 -0.09699074 0.54532910
v -0.46230895 -0.09490936 0.52043524
v -0.46824962 -0.01848875 0.49507837
v -0.47726381 -0.02753497 0.48269148
v -0.47181799 -0.01164581 0.47951344
v -0.46334455 -0.00444108 0.49145563
v -0.46021778 -0.01116431 0.50679741
v -0.00268476 -0.04399308 0.82367603
v -0.00241804 -0.05558928 0.81290087
v -0.01642825 -0.04747277 0.82078341
v 0.01012260 -0.04884325 0.81848583
v 0.00772346 -0.04046767 0.82634969
v -0.01410422 -0.03645272 0.83099949
v -0.00064277 -0.03462160 0.83219970
v 0.01448669 -0.05888355 0.80897737
v 0.00482162 -0.06647288 0.80257753
v -0.01887451 -0.05829566 0.81068091
v -0.00838411 -0.06493855 0.80443007
v -0.03658395 -0.36871226 0.41255823
v -0.02113176 -0.36584522 0.41840568
v -0.02434664 -0.37199960 0.40380063
v -0.04827337 -0.37356757 0.40103767
v -0.04998082 -0.36882210 0.41265806
v -0.04521362 -0.36249654 0.42726606
v -0.03683145 -0.37546856 0.39578450
v -0.02960335 -0.36141742 0.42921869
v -0.04603290 -0.35493553 0.44394166
v -0.03596271 -0.35701715 0.43940054
v -0.05803608 -0.35897363 0.43483706
v -0.19363941 0.02891057 0.84707862
v -0.18613155 0.03469258 0.85598567
v -0.18698157 0.01692247 0.84091467
v -0.17946873 0.02325680 0.85020451
v -0.19068941 0.04708569 0.86291411
v -0.26694031 -0.10909087 0.68191668
v -0.25225748 -0.11118993 0.68885922
v -0.26190810 -0.11915188 0.67596345
v -0.27487214 -0.11441125 0.67218730
v -0.28794615 -0.10881935 0.66850112
v -0.46560053 0.04857546 0.41248629
v -0.46894496 0.03816123 0.41937880
v -0.47301569 0.05124011 0.39924625
v -0.20226179 -0.04509051 0.77751055
v -0.20040832 -0.05752681 0.76664020
v -0.21672483 -0.04964819 0.76558399
v -0.20882724 -0.03229046 0.78611949
v -0.19651276 -0.03733738 0.78787551
v -0.18676937 -0.04541366 0.78491697
v -0.21858404 -0.03717882 0.77622115
v -0.18801571 -0.05501822 0.77506772
v -0.18661289 -0.06526922 0.76582727
v -0.19875463 -0.06812266 0.75738659
v -0.21035530 -0.06114960 0.75819371
v -0.04512946 -0.30771511 0.52974871
v -0.04039299 -0.30366882 0.53635098
v -0.03206797 -0.30598008 0.53262311
v -0.05549769 -0.31402330 0.51905451
v -0.03739963 -0.31491705 0.51816607
v -0.02417573 -0.31163678 0.52344662
v -0.02399349 -0.31769593 0.51340962
v -0.04862056 -0.32194354 0.50625064
v -0.07369217 0.02569613 0.88602524
v -0.08691306 0.02765641 0.88598704
v -0.07718227 0.03202403 0.89131646
v -0.06585951 0.03082935 0.89121327
v -0.07726269 0.01846033 0.87902347
v -0.06192826 0.02001006 0.88179644
v -0.09179701 0.01804912 0.87644654
v -0.10306808 0.02687523 0.88215110
v -0.09939529 0.03583719 0.89105425
v -0.08638976 0.03739260 0.89479588
v -0.07381566 0.03910979 0.89778604
v -0.03897801 -0.25374784 0.60496973
v -0.04042491 -0.24494582 0.61604253
v -0.02725404 -0.24887003 0.61143547
v -0.04909466 -0.26051769 0.59581325
v -0.05518308 -0.25055638 0.60813637
v -0.02713162 -0.25598473 0.60238741
v -0.03449573 -0.26171032 0.59484669
v -0.01420135 -0.25369519 0.60518796
v -0.02077840 -0.26201463 0.59453413
v -0.39788277 0.04527192 0.63102095
v -0.39699855 0.03202851 0.63811533
v -0.22372271 -0.05880342 0.75323556
v -0.23327603 -0.04702063 0.75875090
v -0.22869282 -0.03967864 0.76820094
v 0.12614188 -0.36063156 0.37612963
v 0.12235365 -0.36695782 0.36064034
v -0.17916599 0.04584557 0.86865920
v -0.17370726 0.03015506 0.85900212
v -0.17992719 0.03896760 0.86291536
v -0.16582003 0.01971502 0.85400191
v -0.15740432 -0.18351857 0.66253283
v -0.15463593 -0.17447975 0.67305523
v -0.14524703 -0.19192004 0.65772904
v -0.14333737 -0.17116079 0.68031373
v -0.44317887 -0.14621630 0.51441419
v -0.44060611 -0.16035604 0.50577967
v -0.45544202 -0.14828881 0.50001249
v -0.45332613 -0.13704378 0.51025112
v -0.42848583 -0.15500394 0.52212038
v -0.43510225 -0.14227869 0.52562605
v -0.42311907 -0.14369075 0.53632932
v -0.51970962 -0.16409502 0.41197447
v -0.51886850 -0.15477011 0.42060520
v -0.52319643 -0.14336199 0.42208785
v -0.53160233 -0.12234113 0.41888879
v -0.52659007 -0.13202308 0.42337140
v -0.53972938 -0.11991026 0.40663420
v -0.54435401 -0.12656444 0.39819577
v -0.35665331 -0.29114123 0.40803091
v -0.34790235 -0.29052666 0.41604551
v -0.34827022 -0.29679776 0.40430981
v -0.35889425 -0.29546387 0.39816728
v -0.36917177 -0.28754699 0.40426714
v -0.35909732 -0.28490597 0.41716585
v -0.33895474 -0.29602761 0.41312176
v -0.33671088 -0.30253502 0.40280910
v -0.35060037 -0.30445952 0.38770641
v -0.51480684 0.00056647 0.38433827
v -0.52368985 0.00164274 0.37035398
v -0.51421506 0.01519122 0.37379284
v -0.52314176 -0.00876748 0.37879771
v -0.50625811 -0.00190534 0.39979869
v -0.51684599 -0.01382581 0.39258742
v -0.50945873 0.03103770 0.36822116
v -0.53234115 -0.01133622 0.36655316
v -0.45008344 0.03547147 0.45774028
v -0.45909474 0.03276826 0.44416342
v -0.45908972 0.04377920 0.42844315
v 0.06411662 -0.20006321 0.66174038
v 0.03866919 -0.19538693 0.67124170
v 0.05568045 -0.20646417 0.65568550
v 0.04135083 -0.20486547 0.65985671
v -0.27177010 -0.24017670 0.54493503
v -0.28437122 -0.24082908 0.53675268
v -0.29270379 -0.23095385 0.54481427
v -0.49428057 -0.18486992 0.42447058
v -0.50862247 -0.17429371 0.41737682
v -0.50024292 -0.17116906 0.43086090
v -0.50697816 -0.18631175 0.40783306
v -0.47833856 -0.18869340 0.43885842
v -0.48859364 -0.17606773 0.43999839
v -0.35502411 -0.07316511 0.64346547
v -0.36064877 -0.06206456 0.64598410
v -0.41711590 -0.04816386 0.59195174
v -0.41901998 -0.06158859 0.58461578
v -0.42611643 -0.04742406 0.58006361
v -0.40920271 -0.04623249 0.60263925
v -0.40898121 -0.05843803 0.59769767
v -0.41547299 -0.04038217 0.59691855
v -0.42918332 -0.05780663 0.57341364
v -0.43512264 -0.04745438 0.56739460
v -0.43193161 -0.03455364 0.57329736
v -0.40882035 -0.06941335 0.59296922
v -0.41412606 -0.07727770 0.58353881
v -0.42728869 -0.07159051 0.57121116
v -0.33180247 -0.21935199 0.53525918
v -0.31914131 -0.22597178 0.53514849
v -0.34216632 -0.22116521 0.52599578
v -0.08340413 0.06607302 0.91946034
v -0.07170321 0.05886970 0.91471460
v -0.08405132 0.05611764 0.91113430
v -0.09756176 0.06435937 0.91590079
v -0.07167081 0.04867393 0.90612425
v -0.05897960 0.05233281 0.90990698
v -0.06111606 0.06324405 0.91887803
v -0.11538417 0.03691440 0.88806578
v -0.05004635 -0.37917884 0.38623864
v -0.05605410 -0.37582368 0.39526876
v -0.56470875 -0.14450616 0.35679182
v -0.39097774 -0.17357786 0.53996280
v -0.39267549 -0.16235288 0.54858581
v -0.40297840 -0.16581157 0.53671746
v -0.39108702 -0.18475473 0.52918453
v -0.40164533 -0.17625735 0.52834875
v -0.46415278 -0.13361130 0.50045476
v -0.47617411 -0.13039943 0.48871400
v -0.47172786 -0.11919243 0.49919931
v -0.46927950 -0.14318137 0.48878271
v 0.10859014 -0.25974717 0.57418239
v 0.10158966 -0.26940285 0.56290423
v 0.09352442 -0.26203241 0.57576387
v 0.10074376 -0.25307055 0.58586109
v 0.11712578 -0.24991311 0.58483781
v 0.11439584 -0.26510823 0.56480577
v -0.49371709 -0.05386565 0.46706275
v -0.50000347 -0.05096123 0.45323067
v -0.51141199 -0.04962978 0.43044343
v -0.50476295 -0.04802081 0.44208931
v -0.01998149 -0.16525901 0.70757245
v -0.03613419 -0.16894878 0.70304818
v -0.03042103 -0.15743037 0.71535275
v -0.01551305 -0.15560821 0.71760842
v -0.00779485 -0.16196947 0.71104263
v -0.00710479 -0.17283208 0.69956507
v -0.02303237 -0.17395553 0.69838255
v -0.02277704 -0.14922563 0.72396914
v -0.04262055 -0.16066459 0.71133089
v -0.03421673 -0.14742035 0.72528035
v -0.04179682 -0.15377714 0.71843671
v -0.03351687 -0.18147430 0.68991931
v -0.05145685 -0.17698304 0.69335952
v -0.05228392 -0.16578926 0.70509719
v -0.00872492 0.02620936 0.88613898
v -0.02108811 0.03027319 0.89058260
v -0.01196330 0.03851320 0.89665393
v -0.02075628 0.02054492 0.88228698
v -0.00815749 0.01528836 0.87685082
v 0.00294984 0.03300019 0.89042690
v 0.00621261 0.02051595 0.87967952
v 0.05951805 -0.23885226 0.61510697
v 0.06441981 -0.24888399 0.60117362
v 0.04967070 -0.24716019 0.60645040
v 0.04295504 -0.23756120 0.61983295
v 0.05518629 -0.22980365 0.62739603
v 0.07073411 -0.22966151 0.62434114
v 0.07451932 -0.23962971 0.61081107
v 0.06136554 -0.25744637 0.59062032
v 0.05367556 -0.25447895 0.59619677
v 0.07266375 -0.25622555 0.58952073
v 0.07976503 -0.24784882 0.59884069
v -0.38573803 -0.25382277 0.44690677
v -0.39535369 -0.25536128 0.43643763
v -0.39104405 -0.26541928 0.42418702
v -0.39633980 -0.24516342 0.45089174
v -0.38285273 -0.24909641 0.45641275
v -0.37317216 -0.24643569 0.46796940
v -0.02885914 -0.03938697 0.82833129
v -0.03163311 -0.05067401 0.81765794
v -0.04337839 -0.04297473 0.82454707
v -0.04147049 -0.03253924 0.83447651
v -0.02641637 -0.02560789 0.84113985
v 0.10276570 -0.28968905 0.53225726
v 0.09634122 -0.28527598 0.54124477
v 0.11365499 -0.28934877 0.52868246
v 0.10965385 -0.28343507 0.53949142
v -0.22228549 -0.11529383 0.70160225
v -0.23163191 -0.10533614 0.70595319
v -0.21826622 -0.10633334 0.71205523
v -0.23620346 -0.11384980 0.69554648
v -0.24310539 -0.10484837 0.70004731
v -0.24218326 -0.09474187 0.70983368
v -0.22703085 -0.09703163 0.71614682
v -0.20530506 -0.10635488 0.71845008
v -0.21467324 -0.09831196 0.72140562
v -0.01445853 -0.10512742 0.76683980
v -0.02787277 -0.09972219 0.77165347
v -0.01787612 -0.09354667 0.77774323
v -0.00527962 -0.09692974 0.77458857
v 0.00369803 -0.10502513 0.76678499
v -0.11826835 -0.09753876 0.75971957
v -0.10742625 -0.10337979 0.75691494
v -0.13204397 -0.11037221 0.74333612
v -0.13129230 -0.10000128 0.75350828
v -0.13186787 -0.11943831 0.73474152
v 0.00489243 -0.16236713 0.71018918
v -0.01875922 -0.18064410 0.69134593
v -0.00855580 -0.18514199 0.68642233
v 0.00911788 -0.17093032 0.70101105
v 0.00696008 -0.18149820 0.68975569
v -0.00135618 -0.15328637 0.71975598
v 0.01650798 -0.15125772 0.72089481
v 0.01987277 -0.16350557 0.70808063
v -0.50963047 -0.22978762 0.35521317
v -0.52801226 -0.06954429 0.41253473
v -0.52085349 -0.05682191 0.41779652
v -0.38573196 0.01562719 0.66051092
v -0.39439123 0.01863855 0.64502432
v -0.37627145 0.01154229 0.67460701
v -0.38077640 0.00049571 0.66358169
v -0.39028336 0.00705578 0.65097632
v -0.37203303 0.02864901 0.68606465
v -0.37212223 0.01915434 0.68357933
v 0.10310232 -0.31097245 0.49633124
v 0.10481682 -0.31781279 0.48293370
v 0.09465628 -0.31507928 0.49227906
v 0.11480602 -0.30904132 0.49481408
v 0.12406417 -0.29981298 0.50696896
v 0.12717118 -0.30688774 0.49331531
v 0.12250750 -0.31490944 0.48067983
v -0.02196422 -0.08155758 0.78887090
v -0.00579047 -0.08729606 0.78357554
v -0.03227940 -0.09064311 0.78005223
v -0.04629856 -0.08791127 0.78180670
v -0.03726163 -0.08212789 0.78784199
v -0.10569146 -0.09553091 0.76491949
v -0.11726076 -0.08818776 0.76907870
v -0.24028597 -0.35880217 0.36396039
v -0.25369353 -0.35668013 0.35876712
v -0.24910769 -0.35066229 0.37563948
v -0.23483278 -0.35497512 0.37656567
v -0.22692663 -0.36096489 0.36841453
v -0.21886285 -0.36746742 0.35833781
v -0.10174758 -0.34227849 0.46312238
v -0.09608512 -0.34939769 0.45014767
v -0.11609613 -0.33999117 0.46409338
v 0.10471882 -0.27760567 0.55001659
v 0.09063216 -0.27843724 0.55327799
v 0.11418201 -0.27136414 0.55593250
v 0.11573620 -0.27719634 0.54675921
v -0.34548517 -0.20233936 0.54571358
v -0.34160556 -0.19274533 0.55847009
v -0.33242694 -0.21090597 0.54485550
v -0.34321875 -0.21255719 0.53577156
v -0.36020700 -0.19939672 0.53859816
v -0.35334759 -0.20710054 0.53509143
v 0.03708864 0.05038278 0.89818103
v -0.37670553 -0.30723507 0.35995479
v -0.36316815 -0.31468310 0.35618648
v -0.27499402 -0.05774810 0.72285255
v -0.26614732 -0.06867138 0.71908687
v -0.27833985 -0.06744277 0.71198767
v -0.28994434 -0.05656022 0.71321079
v -0.26905732 -0.04882699 0.73483892
v -0.26074963 -0.06055542 0.72981296
v -0.28525158 -0.04379219 0.72784539
v -0.28884731 -0.06853947 0.70352517
v -0.26965097 -0.07697550 0.70930501
v -0.27992411 -0.07540411 0.70378600
v -0.25927355 -0.07745049 0.71554867
v -0.25323614 -0.07142085 0.72471049
v -0.17856062 -0.19152002 0.64609965
v -0.16254155 -0.19414597 0.64933318
v -0.17442727 -0.20042724 0.63821102
v -0.19079794 -0.19583660 0.63649979
v -0.19050108 -0.18438592 0.64871256
v -0.17486174 -0.18212267 0.65742234
v 0.02857447 0.04357655 0.89473232
v 0.02304313 0.05293429 0.90296709
v 0.03972684 0.04015552 0.88982444
v 0.02245415 0.06375146 0.91124825
v 0.01521683 0.04113974 0.89516451
v 0.01564298 0.05864635 0.90878815
v 0.02770527 0.03375241 0.88715799
v -0.37050404 -0.27961442 0.41724501
v -0.38592593 -0.27684041 0.40938954
v 0.10718821 -0.08468099 0.77093908
v -0.07347501 -0.19097329 0.67567059
v -0.08378774 -0.18028598 0.68552215
v -0.06834156 -0.17951848 0.68873856
v -0.06513974 -0.19982684 0.66730982
v -0.07566694 -0.20132562 0.66416252
v -0.08859450 -0.19842405 0.66507806
v -0.05877350 -0.18571140 0.68334277
v -0.05433018 -0.19450703 0.67429887
v -0.08954041 -0.17279627 0.69247990
v -0.07805931 -0.17239389 0.69490259
v -0.17542250 -0.05394569 0.78187586
v -0.16330773 -0.06248055 0.77863112
v -0.17676880 -0.06194113 0.77349852
v -0.17324431 -0.04503802 0.79145534
v -0.16445828 -0.05296018 0.78752136
v -0.36841066 -0.05032106 0.64636558
v -0.37865784 -0.03668438 0.64437560
v -0.36473982 -0.04161592 0.65667832
v -0.35596739 -0.05439964 0.65619840
v -0.08052444 -0.09986219 0.76600771
v -0.09366943 -0.10407036 0.75936125
v 0.11494005 -0.29571214 0.51779381
v 0.12622638 -0.29005881 0.52232752
v 0.13873771 -0.29225915 0.51331373
v -0.16624257 -0.16670174 0.67679464
v -0.15371621 -0.16696485 0.68114291
v -0.16623930 -0.17572514 0.66752362
v 0.06514191 -0.26412389 0.58063737
v 0.05056974 -0.26300151 0.58534193
v 0.17583200 -0.32858445 0.42455822
v 0.16270680 -0.33109570 0.42682590
v 0.17417351 -0.32260655 0.43840908
v 0.17143805 -0.33471525 0.41338387
v 0.18454100 -0.33036881 0.41504943
v 0.18666161 -0.32352878 0.42889890
v -0.33757793 -0.00324280 0.71457431
v -0.34757622 -0.01839962 0.69308699
v -0.33739568 -0.01536511 0.70635815
v 0.12328527 -0.35542663 0.39177647
v 0.12079716 -0.35036027 0.40596212
v 0.13399914 -0.34977285 0.39984576
v 0.13445258 -0.35470793 0.38701091
v 0.13205541 -0.34319658 0.41677420
v -0.51050515 -0.16293421 0.42521166
v -0.51109740 -0.15093592 0.43346145
v -0.50324266 -0.16157636 0.43567473
v 0.19863448 -0.31810237 0.43307905
v 0.19862343 -0.32476499 0.41860266
v 0.20211925 -0.31082843 0.44578158
v 0.18861527 -0.31607544 0.44332658
v 0.20824583 -0.32748715 0.40596277
v 0.19463195 -0.33254356 0.40330298
v 0.00115524 0.04306774 0.89884489
v 0.01544465 0.02964882 0.88592581
v 0.02496676 0.02072368 0.87712169
v -0.48755898 0.00091713 0.43025182
v -0.49726637 -0.00232404 0.41555249
v -0.41267098 -0.13153644 0.55515091
v -0.40905166 -0.12406484 0.56342602
v -0.41502983 -0.13935272 0.54746556
v -0.40499315 -0.14135632 0.55506951
v -0.40112748 -0.13300720 0.56442599
v -0.42069596 -0.28846191 0.35826800
v -0.43305373 -0.28070593 0.36104862
v -0.42311738 -0.28093301 0.37005054
v -0.40997226 -0.28565317 0.37333282
v -0.40805729 -0.29299274 0.36109492
v -0.33231240 0.04728992 0.74850993
v -0.12103086 -0.23769541 0.61334124
v -0.13460872 -0.23412003 0.61384477
v -0.12386609 -0.22795985 0.62401537
v -0.10762167 -0.23160297 0.62369863
v -0.10745695 -0.24366574 0.60932892
v -0.12166133 -0.24670522 0.60231135
v -0.13112592 -0.24185362 0.60569579
v -0.13388627 -0.24898511 0.59613709
v -0.14438096 -0.24143612 0.60207513
v -0.26594184 -0.18994008 0.60666008
v -0.25606388 -0.19957667 0.60179746
v -0.27095558 -0.19851862 0.59482956
v -0.27813493 -0.18932401 0.60050627
v -0.25468528 -0.19078272 0.61190712
v -0.27577161 -0.17929322 0.61190543
v -0.26001749 -0.18238439 0.61761056
v -0.28695632 -0.19591414 0.58862167
v -0.26189763 -0.20826538 0.58907341
v -0.24462961 -0.19593412 0.61167858
v -0.24322173 -0.20483568 0.60277946
v -0.25084510 -0.20862467 0.59462317
v -0.27042323 -0.24870374 0.53431447
v -0.26381126 -0.25647799 0.52751210
v -0.19983364 -0.25851978 0.55914092
v -0.21293595 -0.25238136 0.56079198
v -0.19946017 -0.25040497 0.56967643
v -0.20016921 -0.26646895 0.54834667
v -0.20962981 -0.26048137 0.55183176
v -0.18966361 -0.25661462 0.56619946
v -0.21187903 -0.24335735 0.57270348
v -0.19839742 -0.24161926 0.58104606
v 0.13828809 -0.16135032 0.68630719
v 0.12905751 -0.16738545 0.68250245
v 0.12833933 -0.15915159 0.69174770
v 0.13990732 -0.15185705 0.69598061
v 0.14986117 -0.15832165 0.68586495
v 0.14425009 -0.17000617 0.67474059
v 0.11972555 -0.16446905 0.68847450
v 0.11814099 -0.15870856 0.69514455
v 0.12491878 -0.15133165 0.70101844
v 0.12778306 -0.17698552 0.67208160
v 0.11613353 -0.17225981 0.68081150
v 0.04035650 -0.36420453 0.40840208
v 0.04671692 -0.35739591 0.42273634
v 0.05497559 -0.36110863 0.41102305
v 0.05073228 -0.36696086 0.39785061
v 0.02902830 -0.36007061 0.42176938
v 0.02469482 -0.36810806 0.40343435
v 0.01096985 -0.36527205 0.41412944
v 0.00979987 -0.37243773 0.39658112
v -0.25666185 -0.00626851 0.78004737
v -0.26622321 -0.00758580 0.77252213
v -0.25665371 -0.01929633 0.76908893
v -0.31744989 -0.27032259 0.47253211
v -0.30686713 -0.27949913 0.46514267
v -0.30245172 -0.27186703 0.48032934
v -0.32957106 -0.26097803 0.47860233
v -0.31250003 -0.26371015 0.48619142
v -0.31542961 -0.28121730 0.45645360
v -0.29291181 -0.28964662 0.45813745
v -0.31028506 -0.28652832 0.45115760
v -0.08700896 -0.16501826 0.70101492
v -0.09892712 -0.16827694 0.69526752
v -0.07498752 -0.16573507 0.70236718
v -0.06512431 -0.17028156 0.69895670
v -0.02068781 0.04798844 0.90522936
v -0.27914263 -0.16685549 0.62200789
v -0.26540112 -0.17234817 0.62458686
v -0.29096775 -0.17135102 0.61080604
v -0.29342708 -0.15972969 0.62009932
v -0.28124631 -0.15583358 0.63102332
v -0.26863539 -0.16242514 0.63228409
v -0.29615483 -0.14626537 0.63041751
v -0.28011978 -0.14557969 0.64101704
v -0.27054038 -0.15369418 0.63932912
v -0.33737434 -0.18401404 0.57001913
v -0.33166716 -0.17465510 0.58254955
v -0.34456751 -0.16604233 0.58175032
v -0.32348435 -0.18590326 0.57719616
v 0.10710937 -0.16489375 0.69133279
v -0.13367772 -0.27621760 0.56097173
v -0.43315410 -0.27256012 0.37512490
v -0.44889049 -0.26225489 0.37621551
v -0.43570814 -0.26425607 0.38646831
v -0.44547976 -0.27296609 0.36230442
v -0.42618054 -0.26939776 0.38729918
v -0.41903023 -0.27657951 0.38157589
v -0.08472374 0.04631752 0.90276121
v -0.05837552 0.04017071 0.89960349
v -0.09700656 0.04417591 0.89896697
v -0.09658358 0.05329667 0.90684601
v -0.33280914 -0.02831985 0.70085509
v -0.32946875 -0.01416248 0.71530845
v -0.32828484 -0.02210595 0.71043756
v -0.32364583 -0.03881151 0.70091757
v -0.33118089 -0.03688125 0.69551413
v -0.34004210 -0.03473518 0.68826456
v -0.32127526 -0.03069988 0.70990171
v -0.16937579 -0.01925137 0.81781183
v -0.14985825 -0.01934773 0.82566657
v -0.15899395 -0.02387935 0.81787079
v -0.13797395 -0.02492670 0.82458848
v -0.14812553 -0.02769255 0.81844381
v -0.07310718 -0.00502858 0.85798502
v -0.06192630 -0.01066080 0.85387635
v -0.06093865 -0.00017296 0.86361710
v -0.05159304 -0.01740719 0.84827681
v -0.04950930 -0.00797313 0.85712506
v -0.08454202 0.00090506 0.86193119
v -0.07360047 0.00306306 0.86544625
v 0.02489850 -0.30782033 0.52412407
v 0.02072478 -0.31712944 0.50944415
v 0.04198701 -0.30490597 0.52546827
v 0.03340167 -0.31238194 0.51505296
v -0.41560998 -0.10091629 0.57065159
v -0.42929145 -0.09573902 0.55923633
v -0.42077556 -0.08703383 0.57214122
v -0.42216661 -0.10783012 0.56058722
v -0.40278073 -0.10751784 0.57911863
v -0.41159749 -0.11376618 0.56737700
v -0.40626876 -0.09257723 0.58405716
v 0.14200597 -0.32104872 0.45948230
v 0.12866859 -0.32488317 0.45843267
v 0.15384962 -0.32165261 0.45197256
v 0.13966164 -0.32770124 0.44705979
v -0.38966176 -0.11317652 0.58728853
v -0.39798299 -0.12192091 0.57447693
v -0.39516059 -0.10191714 0.58938521
v -0.53724693 -0.02599409 0.36835859
v -0.54299450 -0.03982943 0.36728027
v -0.37542536 0.06584651 0.68182037
v -0.37218536 0.05224685 0.68853633
v -0.15692514 -0.32042530 0.48584973
v -0.15215882 -0.31357374 0.49900411
v -0.13375519 -0.31717641 0.49941545
v -0.25716795 -0.33365746 0.40529525
v -0.24897452 -0.33223693 0.41417025
v -0.24528863 -0.33776435 0.40587848
v -0.25161143 -0.34174052 0.39292168
v -0.25782534 -0.32689025 0.41785332
v -0.26811598 -0.33555279 0.39307164
v -0.27050026 -0.32753476 0.40712321
v -0.28201949 -0.32153087 0.40987104
v -0.27047641 -0.31897589 0.42323674
v -0.28681693 -0.32841342 0.39265975
v -0.34500628 -0.32035766 0.36021659
v -0.39959474 -0.19123159 0.51502124
v -0.38888737 -0.21670945 0.49510500
v -0.40491859 -0.19901612 0.50181207
v -0.40216254 -0.20877974 0.49313463
v -0.37961816 -0.19031301 0.53318617
v -0.41525498 -0.18873523 0.50346975
v -0.40893213 -0.18090947 0.51729411
v -0.40042410 -0.18341319 0.52257265
v -0.14980416 -0.15217689 0.69714109
v -0.15890466 -0.15911927 0.68714014
v -0.15701970 -0.14016834 0.70639383
v -0.13337824 -0.15708888 0.69754003
v -0.14563645 -0.16230245 0.68854523
v 0.09526919 -0.18644010 0.67037636
v 0.10321442 -0.19334056 0.66036831
v 0.08884718 -0.19548064 0.66160249
v 0.10113769 -0.17631022 0.68028287
v 0.11217789 -0.18344767 0.66927595
v 0.09612176 -0.20182520 0.65229719
v 0.08270473 -0.20377011 0.65335461
v 0.07539202 -0.19800073 0.66181753
v 0.11565882 -0.19205299 0.65839893
v 0.11106982 -0.20103558 0.64905417
v -0.08430344 -0.28974998 0.55285819
v -0.08602953 -0.29690136 0.54213693
v -0.09809355 -0.29119201 0.54844822
v -0.08998043 -0.28350549 0.56081248
v -0.08796860 -0.30389861 0.53132658
v -0.09918179 -0.30018628 0.53494470
v -0.02206353 -0.18926570 0.68191329
v -0.16346057 -0.34247316 0.44300992
v -0.17703692 -0.34336069 0.43508582
v -0.16158328 -0.34968564 0.42952297
v -0.30942259 -0.01958054 0.72920605
v -0.31287043 -0.00762863 0.73550936
v -0.31030736 -0.03145223 0.71877367
v -0.32035452 -0.02118157 0.71842191
v -0.32334623 -0.00824621 0.72525641
v -0.29848209 -0.03198143 0.72799567
v -0.21693403 -0.16941759 0.65226215
v -0.23122045 -0.16247124 0.65212034
v -0.21952319 -0.15885657 0.66151421
v -0.21452532 -0.17844724 0.64427867
v -0.22732621 -0.17406043 0.64256516
v -0.20375551 -0.17640099 0.65125126
v -0.20540281 -0.16594197 0.66109517
v 0.07040774 -0.15315503 0.71230187
v 0.08552090 -0.14834830 0.71415819
v 0.07917878 -0.15790310 0.70551535
v 0.06663583 -0.16318991 0.70240489
v 0.05760157 -0.15733405 0.71022684
v 0.07326317 -0.14384429 0.72141563
v 0.07905848 -0.16611813 0.69672234
v 0.05446021 -0.16471964 0.70292361
v 0.09353450 -0.15831803 0.70176046
v 0.11062835 -0.15388485 0.70222748
v 0.09046297 -0.17029053 0.68956499
v -0.07480520 -0.38827856 0.35991844
v -0.08687669 -0.38620479 0.36464794
v -0.00183368 -0.37067558 0.40388842
v 0.00172036 -0.36000378 0.42852325
v 0.01583893 -0.35861164 0.42874428
v -0.00224617 -0.36597321 0.41555873
v -0.13482535 -0.16640339 0.68782553
v -0.12170659 -0.16652657 0.69141860
v -0.41647936 -0.20083580 0.48921231
v 0.00673761 -0.37855411 0.38110859
v -0.00711385 -0.38136986 0.37648974
v -0.00343756 -0.37617084 0.39002065
v 0.00215824 -0.38414240 0.36645852
v 0.07110744 -0.31363446 0.50299848
v 0.06992580 -0.30563763 0.51709890
v 0.08377040 -0.31487274 0.49663874
v 0.06008459 -0.31194721 0.50921534
v 0.06361884 -0.30064652 0.52719675
v 0.07480101 -0.29727074 0.52930794
v 0.05596281 -0.30624488 0.52000935
v -0.31970474 -0.15793256 0.60525692
v -0.33458702 -0.16062920 0.59305741
v -0.33238971 -0.14946191 0.60414746
v -0.30506092 -0.16460925 0.60856014
v -0.31656766 -0.17066281 0.59584212
v -0.30856816 -0.15281852 0.61685286
v -0.32154373 -0.14804541 0.61261827
v -0.39927476 -0.05601610 0.60962263
v -0.40072638 -0.04208139 0.61469092
v -0.39057254 -0.03878251 0.62883178
v -0.40237583 -0.02684611 0.61968652
v -0.44567752 -0.19989923 0.46181473
v -0.45520819 -0.20296479 0.44872543
v -0.46239745 -0.19118725 0.45367435
v -0.43219918 -0.19913505 0.47614254
v -0.43062950 -0.21199493 0.46280341
v -0.44239087 -0.19392271 0.47190770
v -0.44519072 -0.21089135 0.44990423
v -0.45085985 -0.18792884 0.46939875
v -0.44830680 -0.21846500 0.43775847
v -0.45536609 -0.20985472 0.44081015
v -0.43520581 -0.22128797 0.44724789
v -0.17042338 -0.20987955 0.62943280
v -0.16153472 -0.20461988 0.63845177
v -0.15445886 -0.21418522 0.63031799
v -0.18304022 -0.20571859 0.62907073
v -0.18214045 -0.21531948 0.61876261
v -0.16727669 -0.21808097 0.62143450
v 0.04196320 -0.25539248 0.59714534
v -0.34016776 -0.26304262 0.46799900
v 0.06180404 -0.27975888 0.55944199
v 0.06718427 -0.28568225 0.54939723
v 0.05468259 -0.28781848 0.54932649
v 0.07064342 -0.27170246 0.56870534
v 0.07597590 -0.27912875 0.55661553
v 0.04543051 -0.28150143 0.56056122
v 0.05590443 -0.27219631 0.57153554
v 0.04188207 -0.29021906 0.54852628
v 0.06322229 -0.29364178 0.53830422
v 0.04795319 -0.29580700 0.53867922
v 0.07980745 -0.28773898 0.54261171
v -0.20448455 -0.18615790 0.64083733
v -0.22024363 -0.18616835 0.63362970
v -0.24412232 0.00620366 0.79838703
v -0.40981272 -0.14838384 0.54532610
v -0.41388706 -0.15652731 0.53481646
v -0.46859168 0.02984322 0.43049603
v -0.09033005 -0.15458860 0.71086926
v -0.07890513 -0.15987051 0.70773510
v -0.09868455 -0.16074687 0.70297564
v -0.17185992 -0.08468967 0.75357268
v -0.18773495 -0.08718609 0.74443022
v -0.18546139 -0.07588569 0.75616411
v -0.17248676 -0.09591096 0.74268877
v -0.17062797 -0.07238536 0.76591684
v -0.15685936 -0.08290497 0.76120619
v -0.15835423 -0.09368454 0.75030294
v -0.30436316 -0.32171385 0.39197905
v -0.30670015 -0.31547980 0.40234122
v -0.29498023 -0.31860487 0.40547317
v -0.31804015 -0.31538129 0.39335189
v -0.30242329 -0.32823929 0.38043662
v -0.31738123 -0.32345685 0.37766986
v -0.30297215 -0.31011310 0.41525440
v -0.31329503 -0.31099410 0.40567987
v -0.28705389 -0.31390626 0.42030486
v -0.04759989 0.05768886 0.91446204
v -0.03334318 0.05240729 0.90966333
v -0.04506858 0.04627948 0.90495054
v -0.03709621 0.06410371 0.91931111
v -0.24502921 -0.32814315 0.42453814
v -0.39604481 -0.28697193 0.38309832
v -0.39473651 -0.28090449 0.39519368
v -0.38339273 -0.28736934 0.39291472
v -0.39762091 -0.29349922 0.36936657
v -0.38509989 -0.29450732 0.37819851
v -0.40623228 -0.27923005 0.38832888
v -0.33431205 0.06073024 0.75165399
v -0.32578385 0.06576036 0.76482146
v -0.32461811 0.05080514 0.75959309
v -0.31583907 0.05277952 0.77066888
v 0.01843055 -0.10951887 0.76188170
v 0.01673336 -0.10098736 0.77001998
v 0.03067678 -0.10257461 0.76746361
v -0.20322106 -0.35098465 0.40574038
v -0.21936840 -0.34849884 0.40097134
v -0.19815799 -0.34618652 0.41877379
v -0.20804560 -0.35669096 0.39029759
v -0.22290396 -0.35545234 0.38358018
v -0.23597624 -0.34803847 0.39085174
v -0.19170940 -0.35162596 0.41106567
v -0.19144815 -0.35800872 0.39713088
v -0.55418688 -0.06236730 0.36020499
v -0.54748826 -0.05232583 0.36679817
v -0.30809411 0.05402466 0.77979664
v -0.30453252 0.06139845 0.78722564
v -0.29361309 0.05836297 0.79606233
v -0.31464919 0.06377803 0.77751449
v -0.10781087 0.05031580 0.90198371
v -0.10763409 0.04281347 0.89548919
v -0.11848635 0.04764929 0.89671238
v -0.10920156 0.05945970 0.90935637
v -0.11814216 0.05560794 0.90370465
v -0.10066701 -0.01070507 0.84812064
v -0.11149477 -0.01297045 0.84354987
v -0.14577576 -0.29992902 0.52307263
v -0.15334103 -0.29454244 0.52869953
v -0.14552495 -0.29089132 0.53667632
v -0.15374850 -0.30510540 0.51215812
v -0.16142773 -0.29750836 0.52102928
v -0.13558238 -0.30402533 0.52010593
v -0.14119669 -0.30831824 0.51147467
v -0.12908943 -0.29808463 0.53093997
v -0.00710699 -0.28281268 0.56574639
v -0.02037137 -0.27855499 0.57219560
v -0.01800346 -0.28962305 0.55656882
v -0.03721765 -0.27672700 0.57481609
v -0.02819536 -0.26949721 0.58463076
v -0.03437327 -0.28630805 0.56162072
v 0.18736124 -0.34976529 0.36494020
v 0.17571789 -0.35293235 0.36457451
v -0.13301867 -0.28290417 0.55223066
v -0.13259813 -0.28837801 0.54447913
v -0.14169930 -0.28269605 0.54975250
v -0.12199230 -0.29094650 0.54363854
v -0.32820227 -0.04484668 0.69141549
v -0.33741703 -0.04926120 0.67869906
v -0.33002755 -0.06283489 0.67433806
v -0.31250339 -0.04120881 0.70866648
v -0.31079596 -0.18816927 0.58280863
v -0.31767824 -0.18025155 0.58632074
v -0.30615836 -0.18106527 0.59255493
v -0.29943694 -0.18929020 0.58838320
v -0.15256068 -0.05693735 0.78827031
v -0.14947984 -0.06557918 0.78093481
v -0.15377628 -0.07299662 0.77202516
v 0.14141533 -0.28191392 0.52884675
v 0.15134959 -0.27235585 0.53946165
v 0.15890990 -0.27766010 0.52777400
v 0.12435128 -0.28107760 0.53736745
v 0.13783059 -0.27311609 0.54404069
v -0.01086224 -0.14585189 0.72742468
v -0.02306479 -0.13931014 0.73376752
v 0.00439529 -0.14230603 0.73059375
v -0.23830036 0.06177626 0.84198047
v -0.24606148 0.05427404 0.83156889
v -0.25794727 0.05170147 0.82132724
v -0.26051457 0.06337662 0.82649335
v -0.24758589 0.04441429 0.82414225
v -0.36501177 -0.30618266 0.37217721
v -0.35285305 -0.31212439 0.37053446
v 0.11917821 -0.24024283 0.59723709
v 0.10987830 -0.23518150 0.60689405
v 0.12168267 -0.23320878 0.60569535
v 0.10638792 -0.24430504 0.59594662
v 0.13038394 -0.23533299 0.59991049
v 0.12997778 -0.24299197 0.58981521
v -0.01222243 -0.36898033 0.40997308
v -0.00961993 -0.36408935 0.42123411
v -0.01364420 -0.37422802 0.39696226
v -0.39868693 0.00631246 0.63562616
v -0.38933634 -0.00578854 0.64817287
v -0.49985088 0.03777186 0.37550631
v -0.49313912 0.05044698 0.37419332
v -0.48217809 0.05133436 0.38710930
v -0.14251778 -0.05163842 0.79708395
v -0.14554596 -0.04265819 0.80483684
v -0.15541726 -0.03424321 0.80929514
v -0.48574770 -0.00818657 0.44439124
v -0.49650188 -0.01417477 0.42889795
v -0.47745611 0.00568489 0.44512847
v -0.46849383 0.01969886 0.44477665
v -0.26268347 -0.04079272 0.74630504
v -0.27597303 -0.03700391 0.74062114
v -0.25795914 -0.03189812 0.75728936
v -0.24841970 -0.04371771 0.75272683
v -0.25443245 -0.05234815 0.74119468
v -0.37609868 -0.22486587 0.49543589
v -0.38653790 -0.22642872 0.48489337
v -0.36359755 -0.23409302 0.49292147
v -0.37602514 -0.23212301 0.48600150
v 0.05226781 -0.01789871 0.84075014
v 0.06121051 -0.00792508 0.84742955
v 0.06775016 -0.01958051 0.83643146
v 0.04472475 -0.02504898 0.83588688
v 0.03884268 -0.01756239 0.84320750
v 0.04568174 -0.00849527 0.84979523
v -0.43679965 -0.06030526 0.56279770
v -0.44349714 -0.04925574 0.55479002
v -0.44079751 -0.03521038 0.55874674
v -0.43834371 -0.07281617 0.55773116
v -0.08171927 0.00981393 0.87057336
v -0.06803512 0.01000095 0.87232614
v -0.45748074 -0.26608192 0.36144962
v -0.44255348 -0.25456387 0.39466718
v -0.45302003 -0.00552600 0.51898891
v -0.45700197 -0.01849984 0.52103605
v -0.44706462 0.00648642 0.51978430
v -0.44650478 -0.00279690 0.53299204
v -0.45158794 -0.01253774 0.52947000
v -0.04932962 -0.14605445 0.72545588
v -0.06362328 -0.15036984 0.71955602
v -0.06345076 -0.14062958 0.72923690
v -0.05257758 -0.15637499 0.71480405
v -0.05214129 -0.13469426 0.73637243
v -0.03826172 -0.13793222 0.73440937
v -0.13011985 0.04498886 0.89049915
v -0.13133009 0.05645036 0.89983757
v -0.27822289 -0.26327927 0.50903404
v 0.01239301 -0.35342902 0.44115045
v -0.01390904 -0.35879053 0.43364026
v -0.00103431 -0.35279508 0.44490626
v 0.14688113 -0.35027404 0.39079147
v 0.14583168 -0.34412350 0.40671939
v -0.39147338 -0.02550864 0.63544618
v -0.38256021 -0.02097998 0.64992198
v -0.40004712 -0.01515823 0.62830711
v -0.39263366 -0.01481335 0.63975466
v -0.24424293 -0.16741022 0.64061165
v -0.23703844 -0.18040900 0.63139123
v -0.25176192 -0.17599095 0.62835822
v -0.25760672 -0.16730824 0.63374785
v -0.25861465 -0.15836519 0.64165947
v -0.42065528 0.03764968 0.55519768
v -0.42466855 0.03529626 0.54233229
v -0.41368088 0.04981840 0.55665504
v -0.43065575 0.02788078 0.53445151
v -0.42724170 0.02712760 0.55047437
v -0.42270476 0.02771624 0.56604378
v -0.41529868 0.04063357 0.57295703
v 0.12889832 -0.12327446 0.72861205
v 0.12021564 -0.11678791 0.73745558
v 0.12407284 -0.13333062 0.71985190
v 0.11525510 -0.12637279 0.72931436
v 0.12415044 -0.10611042 0.74663536
v -0.18564517 -0.34795882 0.42185735
v -0.18031701 -0.35450173 0.41084242
v -0.19310087 -0.34137482 0.43095941
v -0.53971004 -0.05010558 0.37921190
v -0.53242359 -0.03568528 0.38259236
v -0.52751898 -0.02051876 0.38035929
v -0.30085757 -0.10299413 0.66451517
v -0.29724280 -0.11460153 0.65718603
v -0.31027166 -0.10775092 0.65374522
v -0.31290710 -0.09658756 0.66093778
v -0.32582864 -0.08976480 0.65622191
v -0.32069172 -0.10074685 0.65166452
v -0.43132816 -0.08268072 0.56266914
v -0.01505882 -0.32315432 0.50356480
v 0.00249261 -0.33206886 0.48578131
v -0.00108843 -0.32509830 0.49895585
v -0.04825388 -0.28239146 0.56673260
v -0.04947493 -0.27502640 0.57676007
v -0.11191076 -0.21313916 0.64388951
v -0.12618995 -0.21818325 0.63458257
v -0.12849201 -0.20819581 0.64507554
v -0.11410964 -0.22250593 0.63281925
v -0.10035582 -0.20539160 0.65510076
v -0.10140228 -0.22176243 0.63651076
v -0.09677476 -0.21396710 0.64631370
v -0.04222948 -0.02359377 0.84287874
v -0.03830942 -0.01513642 0.85080447
v -0.03603500 -0.38058768 0.38205017
v -0.02493186 -0.37767064 0.38919429
v -0.02349187 -0.38387468 0.37170808
v -0.04440509 -0.38590682 0.36732834
v -0.06208320 -0.38409954 0.37241560
v -0.47668026 -0.05047640 0.49899443
v -0.06081336 -0.32081237 0.50763256
v -0.05893663 -0.32707337 0.49700759
v -0.05793585 -0.33425460 0.48420265
v -0.39980349 0.06252712 0.60787465
v -0.31593023 -0.13916321 0.62369735
v -0.46066188 -0.21407827 0.43021551
v -0.43926970 -0.22892778 0.43360116
v -0.45335219 -0.22498060 0.42439367
v -0.33810787 -0.24929660 0.49006632
v -0.34945292 -0.24022262 0.49501623
v -0.35134864 -0.23185611 0.50526389
v 0.10210888 -0.14652988 0.71211811
v 0.11768067 -0.14368707 0.71099696
v 0.10940661 -0.13626107 0.72086419
v -0.17833978 -0.17054798 0.66808426
v -0.20397837 -0.28281907 0.52357705
v -0.21537740 -0.27646186 0.52667389
v -0.20178074 -0.27491544 0.53585772
v -0.19630262 -0.28877226 0.51876314
v -0.21516382 -0.26687412 0.54022523
v -0.28994927 0.06655799 0.80380625
v -0.50514201 -0.14272541 0.44669983
v -0.49804627 -0.15578023 0.44650549
v -0.51669748 -0.13459170 0.43561905
v -0.21455785 -0.31881183 0.46000613
v -0.20835663 -0.31126874 0.47655848
v -0.27376791 -0.34427395 0.37060014
v -0.26437461 -0.34990820 0.36565913
v -0.27899812 -0.34793448 0.35817013
v -0.27830924 -0.33817823 0.37973991
v -0.26413627 -0.34346485 0.37980321
v -0.28342047 -0.34164921 0.36835247
v -0.29238442 -0.34226253 0.35940361
v -0.46010116 -0.23099726 0.40955054
v -0.44354857 -0.23757380 0.41786938
v -0.45245461 -0.24279633 0.40163012
v 0.08433626 -0.21626933 0.63786916
v 0.09663407 -0.21639393 0.63446705
v 0.08453569 -0.22340154 0.62894226
v 0.07698348 -0.21181175 0.64503096
v 0.08968037 -0.20965008 0.64459549
v 0.07361414 -0.22000047 0.63577633
v 0.06224081 -0.21513392 0.64407329
v 0.06940343 -0.20591813 0.65375128
v -0.16151701 -0.23541669 0.60332337
v -0.14748393 -0.23195282 0.61235222
v 0.05328093 -0.22221694 0.63716191
v 0.04434525 -0.21571208 0.64646605
v 0.06294822 -0.22342587 0.63384636
v 0.04209525 -0.22671985 0.63346395
v -0.46664986 -0.20224967 0.43728602
v -0.12816785 -0.02079840 0.83158300
v -0.22209855 -0.14822632 0.67064718
v -0.23277712 -0.15154469 0.66201452
v -0.23425405 -0.14143920 0.67094104
v -0.20868750 -0.15497814 0.67050581
v -0.35718508 -0.24582513 0.48113765
v -0.32093112 -0.25477837 0.49396437
v -0.34575293 -0.25597948 0.47465902
v -0.02989850 0.03968604 0.89895157
v -0.25277270 -0.09926127 0.69949869
v -0.25908527 -0.08765253 0.70624720
v -0.23325323 -0.08683665 0.72216066
v -0.24772937 -0.08227550 0.71808890
v -0.33167391 -0.07435121 0.66343355
v -0.00434261 -0.24030101 0.62175325
v 0.00708017 -0.24221425 0.61862617
v -0.00292783 -0.24754257 0.61264579
v -0.01508794 -0.24440568 0.61699668
v 0.00339056 -0.23180458 0.63163485
v -0.23939087 -0.05566893 0.74725879
v -0.24619876 -0.06390273 0.73573501
v -0.27019810 -0.12566588 0.66506262
v -0.27815571 -0.13396939 0.65264108
v -0.28361053 -0.12076898 0.66093198
v 0.15092401 -0.17844948 0.66294953
v 0.16180570 -0.17992246 0.65739637
v 0.15004544 -0.18775228 0.65233297
v 0.15945549 -0.17202678 0.66734594
v 0.13917165 -0.18180314 0.66299755
v 0.12607974 -0.18675438 0.66143903
v 0.13612999 -0.19023901 0.65416440
v -0.33201594 -0.09805775 0.64488295
v -0.34226380 -0.08341236 0.64734459
v -0.33551675 -0.10629808 0.63597726
v -0.32258751 -0.11075861 0.64223162
v -0.40206830 -0.08021104 0.59468415
v -0.39950793 -0.06882111 0.60304806
v -0.39053057 -0.08043117 0.60582632
v -0.39314840 -0.09193379 0.59693124
v -0.16806326 -0.30544808 0.50584543
v -0.16766694 -0.31463191 0.49114625
v -0.12600305 -0.30909788 0.51480597
v 0.18037353 -0.33722077 0.40170090
v 0.17497239 -0.34385851 0.38894893
v 0.16706582 -0.34123303 0.40070851
v 0.18957084 -0.33986366 0.38896414
v 0.18248188 -0.34674823 0.37636357
v 0.16870215 -0.35021527 0.37673101
v 0.16142798 -0.34737788 0.38899564
v 0.15589972 -0.34452445 0.39973274
v 0.15839460 -0.33896045 0.41151590
v -0.18323229 -0.30874991 0.49379825
v -0.19927157 -0.30680092 0.48900900
v -0.19427453 -0.30203815 0.49929879
v -0.18366292 -0.30033647 0.50712498
v -0.20894524 -0.30508851 0.48664543
v -0.30186379 -0.17424973 0.60161738
v -0.29123071 -0.18298130 0.59940507
v -0.06740138 -0.12978838 0.73923708
v -0.07461322 -0.13710763 0.73108167
v -0.05401915 -0.12461303 0.74601079
v -0.04128380 -0.12830635 0.74362112
v -0.22156966 -0.09075990 0.72487154
v -0.21084803 -0.09094434 0.73014098
v -0.20464469 -0.09858538 0.72609332
v -0.22171916 -0.08088124 0.73382064
v -0.03463590 0.02697348 0.88836551
v 0.09175197 -0.04724016 0.80776840
v 0.08380690 -0.05902784 0.79912197
v 0.22582390 -0.28375770 0.48167760
v 0.21303355 -0.28998897 0.47843880
v 0.19978894 -0.28953528 0.48694268
v 0.18364790 -0.28914459 0.49660284
v 0.13698800 -0.20962902 0.63029130
v 0.12457680 -0.20533735 0.63969213
v 0.13985498 -0.19864786 0.64278608
v 0.14916349 -0.20455748 0.63232163
v 0.13576294 -0.22055466 0.61698961
v 0.12280361 -0.21558481 0.62760877
v 0.14970695 -0.21267540 0.62196792
v 0.12558138 -0.19572415 0.65102762
v 0.15653652 -0.19655691 0.63942671
v 0.11091093 -0.21114600 0.63682492
v 0.17397715 -0.29911328 0.48427685
v 0.17886468 -0.30568607 0.46941759
v 0.18805859 -0.29718675 0.47998919
v 0.19022999 -0.30189101 0.47019540
v 0.19242222 -0.30703110 0.45903017
v 0.16537616 -0.31370464 0.46152794
v 0.17770595 -0.31409091 0.45377231
v -0.12362480 0.06527695 0.91002944
v 0.14122169 -0.35710759 0.37633496
v 0.15496042 -0.35361620 0.37683894
v 0.05834096 -0.33316064 0.47112538
v 0.04888486 -0.33748793 0.46540254
v 0.04852969 -0.32973952 0.48041309
v 0.06374362 -0.32726798 0.48062505
v 0.06916871 -0.33235987 0.46909772
v 0.06085035 -0.33833296 0.45991548
v -0.49549510 -0.16636272 0.44105461
v -0.48685522 -0.16633253 0.45095279
v 0.17478993 -0.21741932 0.60606134
v 0.17875036 -0.22517971 0.59422812
v 0.17424835 -0.20830563 0.61801766
v 0.06491826 -0.34394737 0.44663407
v 0.04894801 -0.34472498 0.45035301
v 0.07427542 -0.33735455 0.45707786
v -0.37679831 -0.30116403 0.37226739
v -0.36982042 -0.29678779 0.38655872
v -0.36608474 0.03709335 0.69681655
v -0.46701178 -0.10678324 0.51004199
v -0.48358669 -0.11740429 0.48573459
v -0.48008001 -0.10335637 0.49438270
v -0.47590343 -0.17781761 0.45252919
v 0.09656056 -0.22575814 0.62283453
v 0.08524918 -0.23208049 0.61783526
v 0.10886429 -0.22056002 0.62577907
v 0.09746222 -0.23362916 0.61261399
v 0.10645122 -0.22828091 0.61682060
v 0.09888838 -0.24007349 0.60386748
v 0.08805869 -0.24007698 0.60686571
v -0.37064278 -0.23896666 0.48076267
v -0.31016410 -0.30103841 0.42615987
v -0.32589007 -0.29931639 0.41724347
v -0.30296414 -0.29513466 0.44178745
v -0.21242239 -0.07109828 0.74772993
v -0.19771454 -0.07721310 0.74926966
v -0.29349888 -0.30438651 0.43264612
v -0.27811854 -0.30956326 0.43471919
v -0.29036223 -0.29791872 0.44617606
v -0.28266020 -0.30282422 0.44331118
v -0.31518216 -0.30588105 0.41368073
v 0.16590682 -0.18761891 0.64673238
v -0.20729807 -0.19559362 0.62967705
v -0.21898308 -0.19600976 0.62400371
v -0.23223877 -0.19270320 0.62115900
v -0.21183863 -0.20286528 0.61989012
v -0.22339881 -0.20284226 0.61458210
v -0.19759833 -0.20651277 0.62208718
v -0.05335796 0.00913062 0.87249394
v -0.03732587 0.00676314 0.87069263
v -0.04757539 0.00057973 0.86502535
v -0.04493210 0.01787944 0.88051455
v -0.05137762 0.02859648 0.88981642
v -0.37491793 -0.13907759 0.58141312
v -0.38157082 -0.14524481 0.57159756
v -0.38854494 -0.13495685 0.57358733
v -0.38245390 -0.12627758 0.58458355
v -0.36775665 -0.13089776 0.59295082
v -0.36039943 -0.14395777 0.58866944
v -0.36841305 -0.15252048 0.57591931
v -0.39287597 -0.14369708 0.56361478
v 0.11123579 -0.10439748 0.75168771
v 0.10014129 -0.11108376 0.74802046
v 0.10077640 -0.09831523 0.75988409
v 0.11255724 -0.11161750 0.74451136
v 0.11871381 -0.09455035 0.75891609
v -0.09410469 -0.24621352 0.60891685
v -0.06618456 -0.16037629 0.70909016
v -0.03036014 -0.12228095 0.75009033
v 0.02093215 -0.17402952 0.69687126
v 0.03333466 -0.16687850 0.70332748
v 0.02239914 -0.18411567 0.68576596
v 0.03407357 -0.17674880 0.69263642
v 0.04522712 -0.17003378 0.69854293
v 0.03596423 -0.18616094 0.68202460
v -0.07221407 -0.25178689 0.60508008
v -0.47559530 -0.15216722 0.47516284
v -0.46365572 -0.16490648 0.47786968
v -0.47549605 -0.16582074 0.46408272
v -0.48705591 -0.15486737 0.46015763
v -0.48925518 -0.14132785 0.46703836
v -0.47971846 -0.13934889 0.47953139
v -0.46353156 -0.15436471 0.48690842
v -0.46323052 -0.17748160 0.46667716
v -0.45288890 -0.16250323 0.49144281
v -0.45028265 -0.17600855 0.48187233
v -0.47209617 0.06460757 0.38819400
v -0.12039772 -0.31692438 0.50386908
v -0.12106924 -0.32328119 0.49300190
v -0.50836694 -0.22047763 0.36877074
v -0.51277154 -0.21016971 0.37563629
v -0.52160984 -0.21382682 0.36006238
v -0.23698854 -0.13093999 0.67931771
v -0.24042554 -0.12116471 0.68647622
v -0.24928225 -0.12463361 0.67834809
v -0.21864139 -0.30336554 0.48382351
v -0.20457875 -0.36884274 0.36428916
v -0.18913515 -0.37060053 0.36910943
v -0.48833680 -0.05741614 0.47905329
v -0.48516816 -0.06900578 0.48825010
v -0.49274231 -0.04077601 0.46046076
v -0.48555553 -0.04329856 0.47679791
v -0.41319306 0.03629383 0.58895329
v -0.41821270 0.02695685 0.58223657
v -0.40909232 0.04772248 0.58828909
v -0.40812303 0.03888238 0.60351663
v -0.41346976 0.02669620 0.59753698
v -0.13902882 -0.21364394 0.63595160
v -0.14609672 -0.20367809 0.64467352
v -0.14027730 -0.22361279 0.62425932
v -0.15715792 -0.22488050 0.61726052
v -0.28083869 0.05613476 0.80592841
v -0.56428080 -0.09627946 0.35672650
v -0.56067981 -0.10951787 0.36821252
v -0.56235807 -0.12310063 0.36633284
v 0.07250559 -0.07646960 0.78591916
v 0.06090697 -0.07448555 0.78962931
v 0.07036244 -0.06697187 0.79472830
v 0.08125400 -0.07972898 0.78132635
v 0.08293377 -0.07140343 0.78840669
v -0.49607283 -0.14664680 0.45572203
v -0.42118235 -0.17664417 0.51014950
v -0.42769725 -0.16672600 0.51306898
v -0.41502756 -0.16839258 0.52340367
v -0.43282782 -0.17270887 0.50278097
v -0.42697772 -0.18168665 0.49981352
v -0.29939180 -0.23713458 0.53278508
v -0.30562994 -0.22848666 0.54031143
v -0.29454095 -0.24597682 0.52369191
v -0.31058782 -0.23372085 0.53051481
v -0.28271029 -0.24954465 0.52590301
v -0.34021280 -0.31435633 0.37684757
v -0.33290001 -0.31037556 0.39090934
v -0.16467724 -0.37012058 0.38284940
v -0.17299203 -0.37516893 0.36624418
v -0.17269187 -0.36260695 0.39658899
v -0.15840625 -0.36633598 0.39478166
v -0.17704972 -0.36883395 0.37997143
v -0.45900904 0.02345210 0.45920728
v 0.03706580 -0.33643895 0.47077480
v 0.03278383 -0.33039710 0.48330000
v 0.04081338 -0.32279331 0.49519920
v 0.05764727 -0.32008516 0.49549478
v 0.03905673 -0.34181355 0.45950622
v 0.02659345 -0.34240281 0.46143394
v 0.02628465 -0.33628255 0.47372590
v -0.08532010 -0.13924153 0.72707797
v -0.23037423 -0.06767108 0.74133266
v -0.23880494 -0.07549346 0.72943911
v -0.08113018 -0.24361610 0.61416978
v -0.06671004 -0.24432135 0.61503714
v 0.16816595 -0.22548649 0.59833768
v 0.16935069 -0.23196845 0.58920157
v 0.16239735 -0.22199434 0.60523599
v 0.15547984 -0.23073937 0.59648350
v 0.15107816 -0.22163488 0.61005056
v 0.16249897 -0.21451751 0.61479061
v -0.07761835 -0.38252884 0.37572934
v -0.05966655 -0.39012210 0.35528818
v 0.09322608 -0.24681498 0.59656528
v 0.08638756 -0.25500887 0.58748718
v -0.09417392 -0.23830826 0.61850802
v 0.09390851 -0.12198797 0.73891519
v 0.10728531 -0.11951481 0.73816720
v 0.10166806 -0.12908199 0.73008785
v 0.08852862 -0.13158080 0.73065790
v 0.08002453 -0.12513482 0.73878327
v 0.18702061 -0.26306380 0.53680569
v 0.17703460 -0.27282446 0.52669959
v -0.18512100 -0.03502075 0.79563169
v -0.19059455 -0.02367326 0.80362969
v -0.17916248 -0.02831419 0.80484823
v -0.19940363 -0.02799350 0.79512920
v -0.16994650 -0.03610369 0.80151084
v -0.18105888 -0.01875268 0.81281383
v -0.16898506 -0.02698897 0.81068106
v -0.40302242 0.03526596 0.62147735
v -0.40218110 0.04878080 0.61485430
v -0.39704206 0.05894305 0.62443362
v -0.40490011 0.05179329 0.60099175
v -0.40196674 0.02158123 0.62865825
v -0.40824548 0.02528016 0.61251631
v -0.40741984 0.01217555 0.61826455
v -0.03555055 -0.07301982 0.79645921
v -0.05081904 -0.07756187 0.79119194
v -0.03401328 -0.06181802 0.80706765
v -0.36417555 -0.02120141 0.67289015
v -0.37154241 -0.01161624 0.67015850
v -0.36115361 -0.01393020 0.68121302
v -0.36117446 -0.03219112 0.66792381
v -0.37207697 -0.02146056 0.66317872
v -0.35395445 -0.02647873 0.68028447
v -0.37960984 -0.01190476 0.65941562
v -0.37201635 -0.03058452 0.65668558
v -0.27004403 0.05974622 0.81689902
v -0.03697425 -0.29898768 0.54344285
v -0.50467639 0.04475087 0.36426039
v -0.49987607 0.05772445 0.36095493
v 0.18688013 -0.23512551 0.57714638
v 0.19746252 -0.23807024 0.56806025
v 0.17956761 -0.23180010 0.58502285
v 0.18410012 -0.24380036 0.56630279
v 0.17324583 -0.23962408 0.57706156
v -0.05480296 -0.20432480 0.66347507
v -0.52732510 -0.17770744 0.38993621
v -0.51889696 -0.17573571 0.40282355
v -0.51773290 -0.18733888 0.39344144
v -0.52889510 -0.18788920 0.37828997
v -0.36953626 -0.00148605 0.67828271
v 0.03368949 -0.02623991 0.83641124
v 0.02564436 -0.01841440 0.84424913
v 0.03125789 -0.00877933 0.85176291
v 0.02220073 -0.02653526 0.83754673
v 0.02755339 -0.03446722 0.82986747
v -0.48217920 -0.05382612 0.48935638
v -0.30005500 -0.04306944 0.71721265
v -0.22776796 -0.01328024 0.79241277
v -0.23612045 -0.01886605 0.78254940
v -0.24304131 -0.00573230 0.78932789
v -0.21299745 -0.01981350 0.79523570
v -0.22282620 -0.02536415 0.78464014
v -0.21988528 -0.00925976 0.80066323
v -0.20947395 -0.01097347 0.80514818
v 0.11691484 -0.33090732 0.45179595
v 0.10382409 -0.33305395 0.45339790
v 0.12633864 -0.33288794 0.44297496
v 0.11414662 -0.32432902 0.46632609
v 0.08860577 -0.33542523 0.45522679
v 0.09682759 -0.32735451 0.46795995
v 0.12430131 -0.33922517 0.43015293
v 0.05176821 0.00860051 0.86272138
v 0.04018124 0.01472343 0.86972415
v 0.05527194 0.01982239 0.87085061
v 0.05197632 -0.00049198 0.85533956
v 0.03873817 0.00210915 0.85972727
v -0.38321731 -0.23599409 0.47483356
v -0.38625927 -0.24261246 0.46309464
v 0.00060474 -0.25520796 0.60263859
v 0.01364456 -0.25571683 0.60082660
v 0.01906907 -0.26386747 0.58936824
v 0.16651347 -0.31943576 0.44952859
v 0.16147865 -0.32498651 0.44086566
v 0.00940513 -0.07473196 0.79477776
v 0.01910090 -0.07955545 0.78978044
v 0.00718641 -0.08293660 0.78730336
v 0.02052686 -0.06952810 0.79882889
v -0.00500015 -0.07527004 0.79473453
v 0.01710314 -0.08721045 0.78286172
v 0.00806064 -0.09352208 0.77741681
v -0.26769584 0.04816512 0.81168654
v -0.27576444 0.04452273 0.80309905
v -0.32730132 -0.32830723 0.35888882
v -0.33162759 -0.32085608 0.37091901
v -0.30981894 -0.33167978 0.36705627
v -0.32804727 -0.31705563 0.38176025
v -0.19599345 -0.29536162 0.50890997
v -0.44517267 -0.02279061 0.54830211
v 0.00194833 0.01003027 0.87140983
v -0.00724677 0.00624366 0.86901491
v 0.01464419 0.00984390 0.86968418
v -0.30294043 -0.33771631 0.36018823
v -0.29375313 -0.33548599 0.37268064
v -0.19660851 -0.01210770 0.81101862
v -0.20190814 -0.01898751 0.80211045
v 0.07966135 -0.34251848 0.44399067
v -0.49908472 -0.03952305 0.44679750
v -0.50480590 -0.04042456 0.43626525
v -0.49985917 -0.02909537 0.43640369
v -0.50891096 -0.03669255 0.42532911
v -0.10643805 -0.33521046 0.47549354
v -0.09811915 -0.33197390 0.48335906
v -0.09380443 -0.33707567 0.47470295
v -0.10756246 -0.32737034 0.48934181
v 0.09386800 -0.08939011 0.76978056
v 0.05611766 -0.06520089 0.79866663
v -0.42176435 -0.25611671 0.41241776
v -0.40720533 -0.25818804 0.42198148
v -0.41235783 -0.26493886 0.40699228
v -0.43277316 -0.25358164 0.40604166
v -0.43103055 -0.24746377 0.41655903
v -0.42686005 -0.26207554 0.39842634
v -0.41950524 -0.24980203 0.42381329
v -0.39781284 -0.00648596 0.63497221
v -0.40689613 -0.23550448 0.45531562
v -0.40533135 -0.22733279 0.46750851
v -0.39544798 -0.23600493 0.46461714
v -0.40753899 -0.24118624 0.44702857
v -0.41653424 -0.23678378 0.44490920
v -0.41965392 -0.22597467 0.45611311
v -0.39425904 -0.22909670 0.47492776
v -0.41478320 -0.21747408 0.47132287
v -0.40049868 -0.21960822 0.48155806
v -0.47801197 -0.04161377 0.49169090
v -0.48541549 -0.02916603 0.46634652
v -0.47920114 -0.01799421 0.46942503
v -0.49526781 -0.11493809 0.47156303
v -0.50609632 -0.11708528 0.45644407
v -0.49597187 -0.10234716 0.47360159
v -0.20465096 -0.08352105 0.74000876
v -0.19781934 -0.09381378 0.73371233
v -0.54191046 -0.10928787 0.40336667
v -0.53495020 -0.10989256 0.41457658
v -0.04366043 0.03623754 0.89647154
v -0.03161277 0.01615710 0.87895134
v -0.03428985 -0.35071879 0.45259313
v -0.02448223 -0.35448597 0.44412187
v -0.04543876 -0.34752582 0.45922057
v -0.39296985 0.06456031 0.63475584
v 0.02224344 0.00015147 0.86053017
v -0.01350346 -0.00142445 0.86267447
v -0.02328313 -0.01104147 0.85444805
v -0.02068790 0.00894749 0.87220031
v -0.02636817 -0.00034759 0.86420602
v -0.40737447 0.06100481 0.55613856
v -0.40752609 0.05737535 0.57262786
v 0.03235269 -0.27961062 0.56577435
v 0.02366082 -0.27349605 0.57559561
v 0.20768831 -0.30295639 0.45776031
v 0.22090838 -0.29906605 0.45691667
v 0.21540585 -0.30678770 0.44547487
v 0.21346152 -0.29626197 0.46687619
v 0.20086124 -0.29780344 0.47150616
v 0.07896191 -0.26344445 0.57801735
v 0.06704997 -0.35864068 0.41231250
v 0.06427760 -0.36359482 0.40101412
v 0.06153167 -0.35521643 0.42266621
v 0.07401170 -0.36659575 0.38851402
v 0.05989196 -0.36863174 0.38973380
v -0.21317646 -0.36240868 0.37413521
v -0.10926727 -0.16278688 0.69846494
v -0.11926562 -0.15775021 0.70093553
v -0.48325107 -0.08602705 0.49252011
v 0.01279748 -0.03235463 0.83327205
v 0.01940336 -0.04207914 0.82389610
v 0.00234821 -0.02692993 0.83900829
v 0.17642408 -0.26386748 0.54076746
v 0.18506364 -0.25373237 0.55156050
v 0.20205006 -0.24574939 0.55492059
v -0.08495982 -0.14703456 0.71949481
v -0.07633550 -0.15296965 0.71510384
v 0.16276245 -0.20479413 0.62695618
v 0.17132583 -0.19525420 0.63542015
v 0.05449494 -0.30027676 0.53016785
v -0.07457878 -0.14471465 0.72362529
v -0.50738766 -0.12995492 0.45036608
v -0.52402766 -0.12405238 0.42978581
v -0.49780588 -0.12846195 0.46343095
v -0.05715807 -0.35159356 0.45057538
v -0.06879072 -0.35525284 0.44212472
v -0.06733292 -0.34894535 0.45525327
v -0.05753689 -0.34274752 0.46814351
v -0.08033277 -0.35084114 0.44983440
v -0.07327013 -0.34344288 0.46544812
v -0.17455621 -0.29728152 0.51598540
v 0.07314986 -0.32087812 0.48936718
v 0.04614500 -0.31381906 0.50961470
v 0.16486021 -0.26883936 0.53871199
v 0.15721296 -0.26549144 0.54726226
v 0.16788146 -0.26028841 0.55006152
v -0.01281644 -0.35176951 0.44876424
v -0.00427212 -0.34591101 0.45975673
v 0.01116363 -0.34608060 0.45698464
v 0.02175407 -0.34870503 0.44941758
v 0.00593494 -0.33919634 0.47170286
v 0.01744344 -0.33936636 0.46949107
v -0.51617390 -0.19869121 0.38395518
v -0.00923703 -0.02706092 0.83949699
v -0.25050612 -0.21755456 0.58444568
v -0.24214773 -0.21237648 0.59486869
v -0.23511994 -0.21957681 0.59002159
v -0.23940407 -0.22943195 0.57600686
v -0.06811015 -0.31006240 0.52437075
v -0.34888122 -0.03781087 0.67668717
v -0.35174070 -0.04579752 0.66720426
v -0.34238876 -0.05915213 0.66580462
v -0.34572249 -0.14808976 0.59600157
v -0.35183524 -0.15605307 0.58513574
v -0.30430814 -0.25769581 0.50069188
v -0.38754469 -0.30056073 0.36417718
v -0.19371213 0.00985071 0.83142678
v -0.20830176 0.01333384 0.82617724
v -0.49028964 -0.09532553 0.48212042
v -0.47297391 -0.09100872 0.50679223
v -0.24151170 -0.34237670 0.39914058
v -0.41556835 -0.27106440 0.39416239
v -0.27963788 -0.29751186 0.45439209
v -0.10341958 -0.01831357 0.84040128
v -0.13764618 -0.06262858 0.78794155
v -0.15769507 -0.04580009 0.79716948
v -0.03038890 -0.29336526 0.55167400
v -0.02386822 -0.29860521 0.54371032
v -0.03901882 -0.29305362 0.55216399
v 0.17934186 -0.28167677 0.51148959
v -0.09788348 -0.30815353 0.52297858
v -0.10922331 -0.31369600 0.51181425
v -0.11236370 -0.30431191 0.52575814
v -0.19459631 -0.10358513 0.72607419
v -0.18383995 -0.10799481 0.72667449
v -0.17564666 -0.11531626 0.72315554
v -0.34794638 -0.06774985 0.65390287
v -0.18576882 -0.36491749 0.38463198
v -0.19862199 -0.36376200 0.37995542
v 0.13676228 -0.33514443 0.43257100
v 0.14130291 -0.23713952 0.59350632
v 0.14061695 -0.22909505 0.60432320
v -0.49168555 0.06204071 0.36728958
v 0.08382139 -0.13951517 0.72370348
v 0.07580602 -0.13472500 0.73015763
v 0.09528835 -0.13860570 0.72200174
v -0.02057484 -0.06913624 0.80052998
v 0.11934119 -0.22607760 0.61555751
v 0.12959322 -0.22889906 0.60856597
v -0.37540093 -0.11702589 0.59660775
v -0.35933465 -0.12209314 0.60586114
v -0.38389277 -0.10369078 0.59819402
v -0.30233676 -0.25016809 0.51297069
v -0.24306258 -0.02345609 0.77427316
v -0.24722768 -0.01478906 0.77916609
v -0.23207153 -0.02989380 0.77518224
v -0.24288083 -0.03372742 0.76512640
v -0.05775129 -0.08504773 0.78349049
v -0.06627982 -0.07906607 0.78814148
v -0.48935847 -0.10683837 0.48185631
v -0.48723652 -0.12880516 0.47635491
v 0.07028116 -0.34907568 0.43332658
v 0.05531400 -0.35061257 0.43539026
v 0.03977681 -0.35243493 0.43629133
v -0.41000663 -0.24676257 0.43664695
v -0.32366754 -0.30753544 0.40388338
v -0.18716105 -0.00861940 0.81898083
v -0.19862248 0.00043038 0.82084366
v -0.12669953 -0.07158114 0.78263139
v -0.13985006 -0.07256119 0.77745951
v -0.12877004 -0.08055405 0.77319530
v 0.17563867 -0.20117534 0.62644944
v -0.18558075 -0.29257847 0.51817692
v -0.03704100 -0.00459941 0.86049136
v 0.03411958 -0.26410229 0.58682365
v 0.02754523 -0.25564958 0.59910227
v 0.04057426 -0.27242970 0.57431519
v -0.28959364 -0.25538643 0.51341671
v -0.38298336 -0.15555546 0.56216888
v -0.39983183 -0.26792295 0.41287281
v -0.40244049 -0.27359005 0.40131882
v -0.24670713 -0.18631567 0.62060564
v 0.19224161 -0.24541507 0.56022668
v 0.03357073 -0.34740913 0.44920575
v 0.02534248 -0.35357820 0.43783736
v -0.29050579 -0.26383144 0.50050174
v -0.29994790 -0.26578837 0.49143853
v -0.10917826 -0.17037194 0.69074273
v -0.35043371 -0.12135450 0.61345979
v -0.34309887 -0.11985274 0.62007029
v -0.34445764 -0.12998705 0.61127555
v -0.54779573 -0.11565359 0.39348465
v -0.55546602 -0.11880700 0.37958311
v -0.55350702 -0.10646270 0.38169243
v -0.55035880 -0.12583976 0.38849871
v -0.55740127 -0.09854085 0.37169254
v -0.50770943 -0.01604987 0.40989462
v -0.17963112 -0.23345205 0.59878849
v -0.18636023 -0.24000343 0.58822240
v -0.19668714 -0.23163859 0.59383018
v -0.18805205 -0.22421879 0.60622423
v -0.17257390 -0.22537422 0.61103506
v -0.17301468 -0.10625056 0.73277321
v -0.16844247 -0.13148437 0.71064900
v -0.15952413 -0.10451617 0.73958188
v 0.00783329 -0.24953344 0.60940055
v 0.01996071 -0.24689851 0.61140876
v -0.32315745 -0.21753320 0.54306942
v -0.31246788 -0.21997510 0.54673741
v 0.14747318 -0.26682413 0.54948082
v 0.06184402 -0.37280939 0.37723061
v -0.47617523 -0.00515661 0.46169807
v -0.46611164 0.00206570 0.47593842
v -0.46766631 0.01025012 0.46035241
v -0.48511262 -0.01790809 0.45628448
v -0.22431874 -0.22740351 0.58611829
v -0.22283477 -0.21925885 0.59642662
v -0.21150034 -0.22479508 0.59528375
v -0.22446435 -0.23643001 0.57513152
v -0.21136305 -0.23429318 0.58403768
v -0.23056418 -0.21061781 0.60255439
v -0.21192685 -0.21328074 0.60826198
v -0.20095941 -0.22220143 0.60307544
v -0.20718566 -0.00378059 0.81266762
v -0.09527059 -0.38067552 0.37811375
v -0.49948634 -0.13791923 0.45692259
v 0.22390406 -0.29158789 0.46895119
v 0.08366332 -0.08711107 0.77409622
v 0.09291922 -0.07911744 0.77936210
v 0.02281640 -0.09394164 0.77620092
v 0.08726542 -0.32201748 0.48216659
v 0.07515697 -0.32672313 0.47788028
v 0.08197677 -0.33038600 0.46815931
v -0.00798642 -0.21546732 0.65192164
v -0.27468160 -0.25630312 0.52124771
v 0.14767455 -0.33719435 0.42185294
v -0.48371188 0.06256112 0.37611876
v -0.04689681 -0.18645447 0.68372474
v 0.03345488 -0.31811905 0.50527768
v -0.01377906 -0.01885568 0.84712245
v -0.42814032 -0.18985438 0.49019259
v -0.44029339 -0.18795458 0.48025526
v -0.43703494 -0.17988409 0.49176145
v -0.41106861 -0.21109292 0.48250187
v -0.42109940 -0.20825026 0.47650146
v 0.23061136 -0.30273920 0.44336872
v -0.51567002 -0.02229467 0.40131527
v -0.51559963 -0.03197206 0.40911687
v -0.50570714 -0.02552515 0.42193388
v -0.06750033 -0.33768224 0.47710771
v -0.42851149 0.01864314 0.55954537
v 0.02817711 0.00942732 0.86744304
v -0.41264879 0.01705489 0.60531361
v 0.12306043 -0.26629304 0.56001514
v 0.12536646 -0.27222955 0.55044980
v 0.00254283 -0.22042044 0.64549608
v -0.52455528 -0.20126948 0.37056321
v -0.53418749 -0.19395326 0.36550371
v -0.53182434 -0.20254652 0.35973549
v 0.15033601 -0.32975616 0.43689111
v 0.01582701 -0.21618648 0.64955806
v -0.04283495 -0.26869382 0.58544317
v -0.05552937 -0.04467925 0.82218178
v -0.42690757 -0.23983652 0.43098316
v -0.42761014 -0.23068372 0.44269870
v 0.04261893 -0.06341182 0.80216575
v 0.03416076 -0.06897217 0.79812508
v 0.02923427 -0.06112029 0.80571909
v -0.39782324 -0.15151398 0.55335206
v -0.45214403 -0.02318220 0.53457396
v 0.02435887 -0.05160740 0.81479189
v 0.04562654 -0.16133070 0.70777423
v 0.12538719 -0.32018684 0.46939128
v -0.23481605 -0.20142433 0.61069031
v -0.08746697 -0.34338287 0.46360556
v -0.11177308 -0.32057943 0.50006460
v -0.19877364 0.06060766 0.86769738
v -0.21220027 0.06651295 0.86294284
v -0.44773126 -0.01365697 0.53900461
v 0.24134503 -0.31772577 0.40462412
v 0.24361528 -0.32204404 0.39324397
v -0.44287460 -0.17038595 0.49491455
v 0.03532762 -0.24725631 0.60880676
v 0.02925583 -0.24031470 0.61854190
v 0.02969604 -0.23233571 0.62838971
v -0.52228084 -0.02708384 0.39375242
v -0.52502812 -0.03783416 0.39687545
v -0.53128192 -0.04812892 0.39293576
v -0.56237870 -0.13428337 0.36511923
v -0.33117695 -0.12855353 0.62192619
v -0.35333190 -0.13617773 0.59994260
v -0.33123211 -0.13960145 0.61305615
v -0.34152311 -0.14090661 0.60485154
v -0.33278095 -0.11666428 0.63012071
v -0.31901965 -0.12477996 0.63349700
v -0.49233148 -0.02907408 0.45173295
v -0.49187300 -0.01947504 0.44359061
v -0.14235020 -0.08180167 0.76753984
v -0.14413790 -0.09176822 0.75725220
v -0.13040262 -0.08996362 0.76350141
v -0.51602895 -0.04418893 0.41777489
v -0.52311473 -0.04621603 0.40624578
v -0.19617621 -0.21643107 0.61172069
v -0.16669568 -0.35587779 0.41444003
v 0.01801855 -0.23721661 0.62377214
v -0.18483106 -0.09912918 0.73454905
v -0.44189809 0.00836242 0.53241252
v -0.17412193 -0.35035131 0.42264099
v -0.30770054 -0.11971506 0.64559865
v -0.29344522 -0.12661850 0.64938281
v 0.02626936 -0.32437640 0.49572233
v 0.01222298 -0.32518843 0.49688601
v 0.01760071 -0.33246509 0.48261472
v 0.00739639 -0.31971335 0.50728498
v -0.52946474 -0.05853715 0.40311633
v -0.03019005 -0.13122065 0.74148398
v 0.04222242 0.02804770 0.87987880
v -0.11219198 -0.29564539 0.53897900
v -0.44067099 -0.24727701 0.40748870
v 0.10097245 -0.20797206 0.64361405
v -0.40357471 0.06068961 0.59063717
v -0.29031393 -0.13714162 0.64223442
v 0.08525317 -0.27082011 0.56589954
v -0.30375941 -0.13249042 0.63747979
v 0.01839997 -0.22958387 0.63314016
v -0.06836056 -0.08761087 0.77972672
v -0.01457285 -0.37882654 0.38488942
v -0.40346102 -0.15705097 0.54396463
v -0.19088760 -0.17366626 0.65962924
v 0.02749190 -0.22238131 0.64080883
v 0.02905864 -0.21177067 0.65336958
v 0.01348236 -0.22410058 0.64028470
v -0.14527242 -0.10240423 0.74666163
v -0.00240187 -0.31878476 0.51006241
v -0.01028207 -0.38574484 0.36455114
v -0.53738214 -0.06034296 0.38984176
f 814 820 816
f 107 112 113
f 107 108 112
f 1698 2123 1890
f 61 67 66
f 113 818 819
f 2551 2552 835
f 803 807 806
f 2552 833 835
f 1766 2098 2511
f 821 228 229
f 1697 1699 1696
f 68 2319 2190
f 804 811 812
f 1014 230 2098
f 815 231 821
f 1133 1135 1134
f 1703 2011 1704
f 2417 1765 2511
f 1679 1681 1680
f 2191 1873 2595
f 100 101 102
f 65 1510 1509
f 814 819 818
f 2417 2209 1765
f 61 66 68
f 100 104 103
f 814 816 815
f 1749 2206 1748
f 61 65 67
f 2189 2190 1873
f 1014 2098 1766
f 1012 229 230
f 2325 1827 2326
f 114 1827 2325
f 2011 1809 1704
f 108 109 114
f 803 805 804
f 1696 1699 1682
f 1765 1766 2511
f 807 1510 806
f 1681 1682 1680
f 2116 2595 2326
f 1697 431 1698
f 107 109 108
f 107 113 111
f 111 113 819
f 1469 1136 1703
f 1012 230 1014
f 803 806 805
f 2189 1873 2191
f 1747 1749 1748
f 101 106 102
f 1679 811 1378
f 2116 2191 2595
f 1697 1696 431
f 821 229 1102
f 1746 829 830
f 1054 68 2190
f 1765 2209 2208
f 104 1809 103
f 815 821 822
f 2261 2206 2123
f 814 815 817
f 1746 1747 829
f 1679 1378 1681
f 1012 1102 229
f 814 263 819
f 1698 436 2123
f 1054 2190 2189
f 109 115 114
f 115 1827 114
f 828 833 830
f 804 810 811
f 1469 1135 1136
f 1014 1766 908
f 61 68 60
f 107 110 109
f 263 111 819
f 2261 1748 2206
f 107 111 110
f 1827 1831 2326
f 59 65 61
f 815 822 817
f 822 821 1102
f 1831 2116 2326
f 903 1766 1765
f 909 1012 1014
f 2551 1006 106
f 65 62 1510
f 1698 431 436
f 828 835 833
f 1134 1138 1139
f 2551 835 1006
f 1765 2208 1764
f 814 817 262
f 60 68 1054
f 430 1696 1682
f 810 1378 811
f 909 1014 908
f 814 262 263
f 2189 2191 2117
f 903 908 1766
f 2117 2191 2116
f 805 808 804
f 805 806 809
f 1012 1013 1102
f 1510 2030 806
f 430 431 1696
f 903 1765 1764
f 109 116 115
f 59 61 60
f 1681 781 1682
f 2261 2123 2262
f 109 110 116
f 909 1013 1012
f 1671 1669 138
f 115 1825 1827
f 1668 1139 1138
f 263 259 111
f 59 62 65
f 828 830 829
f 2123 436 2262
f 111 259 110
f 1747 1748 1750
f 822 1100 817
f 804 808 810
f 1825 1831 1827
f 1054 2189 2188
f 1700 1703 1704
f 100 105 104
f 1681 1378 782
f 822 1102 1101
f 1668 1669 1671
f 1098 1764 2208
f 817 1100 262
f 2114 2116 1831
f 137 139 141
f 100 102 105
f 62 2030 1510
f 430 1682 781
f 899 909 908
f 2114 2117 2116
f 809 806 2030
f 2189 2117 2188
f 899 908 903
f 805 809 808
f 115 116 1826
f 1747 836 829
f 252 263 262
f 1013 1648 1102
f 115 1826 1825
f 822 1101 1100
f 881 1748 2261
f 60 1054 1055
f 252 259 263
f 1681 782 781
f 1700 1469 1703
f 110 260 116
f 909 905 1013
f 102 106 1061
f 110 259 260
f 1702 1704 1809
f 1101 1102 1648
f 902 903 1764
f 1747 1750 836
f 429 436 431
f 1006 1061 106
f 810 783 1378
f 899 905 909
f 1054 2188 1055
f 1750 1748 881
f 429 431 430
f 902 1764 1098
f 59 60 64
f 262 1100 256
f 1825 1830 1831
f 1013 905 1648
f 782 1378 783
f 828 831 835
f 898 899 903
f 1826 116 1828
f 252 262 256
f 2114 1831 2115
f 1808 1809 104
f 882 2261 2262
f 831 1006 835
f 1826 1829 1825
f 436 435 2262
f 116 260 1828
f 59 63 62
f 2114 2118 2117
f 898 903 902
f 1134 1135 1137
f 60 1055 64
f 253 259 252
f 1101 2150 1100
f 253 260 259
f 2117 2193 2188
f 62 1245 2030
f 936 810 808
f 1830 2115 1831
f 882 881 2261
f 1825 1829 1830
f 1100 2150 256
f 900 905 899
f 828 829 834
f 808 809 940
f 809 2030 940
f 1826 1828 1829
f 1101 1648 1773
f 430 781 432
f 1094 902 1098
f 1700 1704 1702
f 1094 1098 136
f 59 64 63
f 429 435 436
f 2114 2115 2118
f 2118 2193 2117
f 936 783 810
f 898 900 899
f 906 1648 905
f 63 1245 62
f 1101 1773 2150
f 777 781 782
f 2192 1055 2188
f 1808 1702 1809
f 834 829 836
f 882 2262 435
f 251 252 256
f 429 430 432
f 260 261 1828
f 251 253 252
f 253 261 260
f 1750 881 880
f 836 1750 880
f 900 906 905
f 898 902 904
f 2192 2188 2193
f 777 782 783
f 906 1773 1648
f 1466 1135 1469
f 1094 136 135
f 2525 1830 1829
f 128 104 105
f 2150 257 256
f 1063 1061 1006
f 1094 904 902
f 1241 64 1055
f 133 102 1061
f 1134 1137 1138
f 947 2030 1245
f 936 808 935
f 1829 1828 473
f 935 808 940
f 777 432 781
f 742 2115 1830
f 898 901 900
f 828 832 831
f 947 940 2030
f 251 256 257
f 2118 2115 743
f 2118 2527 2193
f 2192 1241 1055
f 1808 104 128
f 2488 2150 1773
f 473 1828 261
f 251 258 253
f 253 258 261
f 898 904 901
f 130 105 102
f 2525 1829 473
f 828 834 832
f 2525 742 1830
f 63 1246 1245
f 1240 63 64
f 900 907 906
f 2488 257 2150
f 831 1003 1006
f 1700 1468 1469
f 936 779 783
f 877 881 882
f 429 433 435
f 2118 743 2527
f 900 901 907
f 1094 135 1093
f 906 1772 1773
f 742 743 2115
f 2192 2193 2194
f 1240 64 1241
f 1092 904 1094
f 777 783 779
f 947 1245 1246
f 877 880 881
f 1003 1063 1006
f 2194 2193 2527
f 2488 1773 1772
f 251 257 255
f 836 880 839
f 133 1061 1063
f 882 435 550
f 1137 1135 1466
f 834 836 839
f 130 102 133
f 2581 473 261
f 258 1799 261
f 1092 1094 1093
f 429 432 434
f 251 254 258
f 907 1366 906
f 1700 1702 1701
f 2525 473 470
f 904 1096 901
f 2525 470 742
f 137 138 140
f 63 1242 1246
f 934 936 935
f 1366 1772 906
f 2487 257 2488
f 1240 1242 63
f 2581 261 1799
f 947 948 940
f 251 255 254
f 2192 1762 1241
f 907 901 1367
f 935 940 937
f 1092 1096 904
f 2487 255 257
f 429 434 433
f 741 2527 743
f 777 780 432
f 934 779 936
f 550 435 433
f 1466 1469 1468
f 254 1799 258
f 2192 2194 1762
f 474 473 2581
f 877 882 550
f 1096 1367 901
f 2194 2527 741
f 907 1367 1366
f 469 470 473
f 1240 1241 1244
f 1093 134 1099
f 737 743 742
f 946 947 1246
f 127 128 105
f 2486 2488 1772
f 832 1002 831
f 940 948 937
f 1092 1093 1095
f 742 470 739
f 469 473 474
f 1668 1138 1670
f 1700 1701 1468
f 2487 2488 2486
f 934 935 937
f 1002 1003 831
f 1244 1241 1762
f 877 879 880
f 880 879 839
f 946 1246 1242
f 777 779 778
f 1366 1770 1772
f 1800 2581 1799
f 780 434 432
f 1808 1140 1702
f 254 255 978
f 1093 1099 1095
f 2487 978 255
f 737 741 743
f 127 105 130
f 1092 1097 1096
f 737 742 739
f 1800 474 2581
f 945 948 947
f 1797 1799 254
f 1092 1095 1097
f 2486 1772 1770
f 834 837 832
f 133 1063 1062
f 131 1808 128
f 834 839 838
f 469 471 470
f 945 947 946
f 1240 1243 1242
f 1366 1367 1771
f 777 778 780
f 1096 2471 1367
f 1003 1062 1063
f 471 739 470
f 875 2194 741
f 1240 1244 1243
f 1797 1800 1799
f 875 1762 2194
f 469 474 472
f 1668 1670 1669
f 1366 1771 1770
f 977 2487 2486
f 977 978 2487
f 1140 1701 1702
f 1096 1097 2471
f 979 254 978
f 546 550 433
f 1842 1095 1099
f 546 433 434
f 934 938 779
f 1800 472 474
f 979 1797 254
f 949 937 948
f 2471 1771 1367
f 1842 1097 1095
f 469 472 471
f 946 1242 2220
f 877 550 878
f 934 937 939
f 945 949 948
f 737 740 741
f 1244 1762 1763
f 834 838 837
f 2486 1770 2489
f 832 837 1002
f 734 737 739
f 778 779 938
f 130 133 132
f 139 1306 141
f 734 739 471
f 1797 1801 1800
f 127 131 128
f 1242 1243 2220
f 740 875 741
f 1507 1842 1099
f 977 2486 2306
f 1771 2571 1770
f 2471 1097 2521
f 875 2294 1762
f 131 1140 1808
f 1244 1763 1243
f 879 698 839
f 1800 2553 472
f 877 697 879
f 975 978 977
f 2486 2489 2306
f 975 979 978
f 780 895 434
f 2571 2489 1770
f 945 946 951
f 1842 2560 1097
f 1800 1801 2553
f 934 939 938
f 2294 1763 1762
f 133 1062 132
f 2471 2523 1771
f 979 1798 1797
f 1097 2560 2521
f 838 839 698
f 1002 1005 1003
f 1797 1798 1801
f 949 1346 937
f 1669 1444 138
f 946 2220 951
f 546 434 549
f 471 472 738
f 1003 1005 1062
f 780 778 894
f 877 878 697
f 937 1346 939
f 2471 2521 2522
f 945 950 949
f 734 735 737
f 2279 2571 1771
f 737 735 740
f 734 471 738
f 1507 1841 1842
f 1137 1467 1138
f 546 547 550
f 1468 1701 1042
f 2279 1771 2523
f 976 977 2306
f 2471 2522 2523
f 740 876 875
f 549 434 895
f 1044 1137 1466
f 1842 1841 2560
f 1466 1468 1043
f 2268 472 2553
f 975 977 976
f 2571 2570 2489
f 878 550 547
f 975 122 979
f 127 130 129
f 875 1818 2294
f 2521 2560 2522
f 2306 2489 2305
f 2544 2553 1801
f 945 951 950
f 1243 2199 2220
f 2204 1243 1763
f 979 122 1798
f 780 894 895
f 2544 1801 1798
f 697 698 879
f 778 938 897
f 738 472 2268
f 2279 2570 2571
f 875 876 1818
f 2294 1819 1763
f 950 1346 949
f 2305 2489 2570
f 1508 1841 1507
f 976 2306 2305
f 1140 1042 1701
f 2204 2199 1243
f 130 132 129
f 2544 2268 2553
f 2522 2560 2561
f 1841 2561 2560
f 778 897 894
f 740 873 876
f 2279 2523 2280
f 734 738 736
f 2280 2523 2522
f 1002 837 1004
f 1818 1819 2294
f 1562 938 939
f 735 873 740
f 734 736 735
f 2200 951 2220
f 837 838 2392
f 975 976 121
f 975 121 122
f 546 549 548
f 1562 939 1346
f 838 698 2392
f 2200 2220 2199
f 2277 2570 2279
f 2544 1798 123
f 1798 122 123
f 1002 1004 1005
f 2204 1763 1817
f 1817 1763 1819
f 127 78 131
f 546 548 547
f 2278 2279 2280
f 2522 2561 2576
f 2112 2305 2570
f 697 878 1645
f 1508 1840 1841
f 1841 2562 2561
f 2575 2280 2522
f 132 1062 1064
f 1043 1468 1042
f 1559 897 938
f 2278 2277 2279
f 1064 1062 1005
f 549 895 896
f 976 2305 2113
f 1645 878 547
f 1818 876 1612
f 1791 738 2268
f 950 951 1347
f 1670 1138 1467
f 2575 2522 2576
f 2277 2112 2570
f 889 2268 2544
f 1562 1559 938
f 950 1348 1346
f 1612 876 873
f 1044 1466 1043
f 1841 1840 2562
f 117 122 121
f 121 976 2304
f 1816 1819 1818
f 1126 736 738
f 2202 2199 2204
f 2576 2561 2562
f 1508 1695 1840
f 693 698 697
f 398 895 894
f 2200 1347 951
f 117 123 122
f 735 874 873
f 2113 2305 2112
f 735 736 872
f 2278 2280 1161
f 890 894 897
f 76 1140 131
f 548 549 896
f 889 2544 123
f 127 129 78
f 2575 1161 2280
f 976 2113 2304
f 1562 1346 1471
f 2198 2200 2199
f 2202 2204 1817
f 1162 2277 2278
f 1126 738 1791
f 1816 1817 1819
f 1816 1818 1612
f 1791 2268 889
f 1044 1467 1137
f 1348 1471 1346
f 117 121 119
f 121 2304 119
f 950 1347 1348
f 2277 1160 2112
f 2198 2199 2202
f 837 2392 2391
f 398 896 895
f 1162 2278 1161
f 874 1612 873
f 837 2391 1004
f 2575 2576 1239
f 735 872 874
f 140 138 1444
f 2576 2562 2589
f 1840 2610 2562
f 1126 872 736
f 1162 1160 2277
f 398 894 890
f 1695 917 1840
f 694 2392 698
f 2575 1239 1161
f 1559 893 897
f 117 120 123
f 1159 2113 2112
f 697 1645 696
f 2576 2589 1239
f 693 694 698
f 890 897 893
f 2562 2610 2589
f 129 132 685
f 548 1429 547
f 1694 917 1695
f 1159 2112 1160
f 1840 917 2610
f 884 889 123
f 2226 2304 2113
f 119 2304 1869
f 76 131 78
f 693 697 696
f 2198 2203 2200
f 2200 2203 1347
f 1140 1041 1042
f 2202 1817 2205
f 419 1162 1161
f 132 1064 685
f 117 119 118
f 1645 547 2230
f 1558 1559 1562
f 548 896 1430
f 419 1160 1162
f 884 123 120
f 389 1005 1004
f 1562 1471 1561
f 418 1161 1239
f 1790 1791 889
f 1816 1327 1817
f 1125 1126 1791
f 2226 1869 2304
f 1816 1612 1611
f 117 118 120
f 1159 2110 2113
f 1064 1005 389
f 1348 1472 1471
f 1123 874 872
f 2198 2202 2201
f 118 119 1869
f 419 1161 418
f 2226 2113 2110
f 1610 1612 874
f 1120 872 1126
f 2589 2610 914
f 1694 916 917
f 915 2610 917
f 1238 1239 2589
f 1558 893 1559
f 10 1159 1160
f 1348 1347 1470
f 1817 1327 2205
f 548 1430 1429
f 884 885 889
f 1558 1562 1561
f 1125 1791 1790
f 547 1429 2230
f 398 399 896
f 10 1160 419
f 2202 2205 2201
f 417 418 1239
f 76 1041 1140
f 1790 889 885
f 915 914 2610
f 2198 2201 2203
f 1120 1126 1125
f 1471 1472 1561
f 403 398 890
f 1238 2589 914
f 1610 1611 1612
f 417 1239 1238
f 1816 1611 1327
f 403 890 893
f 1123 1121 874
f 1118 1123 872
f 414 1869 2226
f 1645 2230 696
f 137 140 139
f 1430 896 399
f 118 1869 414
f 1348 1470 1472
f 912 915 917
f 912 917 916
f 8 2110 1159
f 1118 872 1120
f 884 120 416
f 416 120 118
f 1610 874 1121
f 36 419 418
f 1475 1347 2203
f 10 8 1159
f 1004 2391 392
f 2442 2392 694
f 2442 2391 2392
f 693 695 694
f 2111 2226 2110
f 1035 1043 1042
f 36 418 417
f 910 914 915
f 693 696 695
f 1036 1044 1043
f 7 10 419
f 77 78 129
f 1118 1121 1123
f 1470 1347 1475
f 414 2226 2111
f 910 915 912
f 883 885 884
f 1558 892 893
f 913 1238 914
f 412 118 414
f 417 1238 38
f 389 1004 392
f 36 7 419
f 8 2111 2110
f 912 916 919
f 1125 1790 1789
f 1790 885 886
f 2201 2205 1328
f 1328 2205 1327
f 2384 2203 2201
f 412 416 118
f 1064 394 685
f 397 399 398
f 1120 1125 1124
f 403 893 892
f 1472 1476 1561
f 883 884 416
f 1669 1670 1929
f 910 913 914
f 77 129 685
f 397 398 403
f 36 417 38
f 1064 389 394
f 4 8 10
f 1470 1476 1472
f 913 38 1238
f 1558 1561 1560
f 1327 1611 786
f 789 1611 1610
f 4 10 7
f 910 912 911
f 2384 1475 2203
f 883 886 885
f 1789 1790 886
f 1430 1431 1429
f 1125 1789 1124
f 1118 1120 1119
f 1610 1121 1609
f 1035 1042 1041
f 1429 2429 2230
f 912 919 918
f 1118 1122 1121
f 910 911 913
f 414 2111 413
f 1430 399 1431
f 412 414 413
f 2498 694 695
f 36 3 7
f 73 76 78
f 8 9 2111
f 1120 1124 1119
f 1561 1476 1560
f 912 918 911
f 34 36 38
f 2228 696 2230
f 2442 694 2498
f 4 9 8
f 2233 695 696
f 1470 1475 1474
f 1558 1563 892
f 2201 1328 2385
f 789 786 1611
f 1326 1328 1327
f 2384 2201 2385
f 883 416 888
f 412 415 416
f 789 1610 1609
f 34 3 36
f 919 2124 2470
f 391 392 2391
f 918 919 2470
f 1035 1036 1043
f 1122 1609 1121
f 1118 1119 1122
f 1 4 7
f 1326 1327 786
f 913 37 38
f 1470 1473 1476
f 391 2391 2442
f 1431 2429 1429
f 403 892 891
f 1558 1560 1563
f 1 7 3
f 883 887 886
f 911 921 913
f 397 402 399
f 1044 1037 1467
f 397 403 401
f 1470 1474 1473
f 412 413 415
f 1789 886 1792
f 2111 2343 413
f 34 38 37
f 1789 1129 1124
f 416 415 888
f 911 918 920
f 2111 9 2343
f 2228 2233 696
f 1669 1929 1444
f 1431 399 402
f 1670 1467 2314
f 73 78 77
f 913 921 37
f 883 888 887
f 4 5 9
f 2384 1728 1475
f 1119 1124 1129
f 2124 2125 2470
f 2468 918 2470
f 911 920 921
f 403 891 401
f 2230 2429 2229
f 1 5 4
f 886 887 1792
f 2 3 34
f 1475 1727 1474
f 395 685 394
f 1036 1037 1044
f 891 892 1563
f 1 3 2
f 1730 1560 1476
f 2468 920 918
f 76 74 1041
f 1789 1792 1129
f 2498 695 2234
f 2228 2230 2229
f 1326 1329 1328
f 2385 1328 1329
f 386 389 392
f 2384 2385 1728
f 1119 1127 1122
f 784 786 789
f 2233 2234 695
f 1473 1730 1476
f 2468 2470 2125
f 395 77 685
f 1957 1609 1122
f 390 394 389
f 1326 786 787
f 34 37 33
f 1473 1474 1727
f 2394 415 413
f 789 1609 788
f 397 400 402
f 397 401 400
f 1728 1727 1475
f 2343 2394 413
f 2343 9 2393
f 2 34 33
f 921 920 2312
f 2393 9 5
f 971 888 415
f 921 2313 37
f 969 887 888
f 1 6 5
f 2428 2429 1431
f 1 2 6
f 2442 2498 2274
f 784 787 786
f 1957 1122 1127
f 2466 920 2468
f 1560 2227 1563
f 1119 1129 1128
f 73 74 76
f 921 2312 2313
f 972 1792 887
f 386 392 391
f 2467 2468 2125
f 1119 1128 1127
f 784 789 788
f 2466 2312 920
f 1957 788 1609
f 391 2442 2441
f 1129 1792 1849
f 969 888 971
f 1730 2227 1560
f 2428 2229 2429
f 33 37 39
f 1776 1431 402
f 37 2313 39
f 1326 787 1117
f 1326 1117 1329
f 2 33 35
f 1775 401 891
f 2466 2468 2467
f 2393 5 2309
f 969 972 887
f 2394 974 415
f 971 415 974
f 449 1473 1727
f 386 390 389
f 6 2309 5
f 2 35 6
f 2385 1329 2386
f 449 1730 1473
f 2467 2125 2126
f 2385 2386 1728
f 2274 2498 2234
f 891 1563 1289
f 972 1849 1792
f 2343 2393 2033
f 2343 2033 2394
f 390 395 394
f 2228 2231 2233
f 1775 400 401
f 400 1776 402
f 1081 2313 2312
f 2466 1081 2312
f 2441 2442 2274
f 1035 1041 1040
f 2233 2231 2234
f 1956 1957 1127
f 1129 1495 1128
f 1129 1849 1495
f 784 785 787
f 2466 2467 2469
f 2434 2393 2309
f 1034 1036 1035
f 1289 1563 2227
f 33 40 35
f 1956 1127 1128
f 969 971 970
f 33 39 40
f 1079 39 2313
f 2228 2229 2232
f 446 1727 1728
f 2428 1431 2431
f 785 1117 787
f 1081 1079 2313
f 2434 2033 2393
f 1670 2314 1929
f 2467 2126 931
f 1775 891 1289
f 970 971 974
f 6 35 2308
f 2466 1082 1081
f 1957 1958 788
f 6 2307 2309
f 784 788 763
f 969 973 972
f 2466 2469 1082
f 73 77 72
f 2394 2031 974
f 2467 931 2469
f 2431 1431 1776
f 2411 1329 1117
f 1730 450 2227
f 1040 1041 74
f 446 449 1727
f 2394 2033 2031
f 449 450 1730
f 972 1494 1849
f 2411 2386 1329
f 2428 2430 2229
f 1956 1958 1957
f 2307 2434 2309
f 2126 2563 931
f 969 970 973
f 1034 1037 1036
f 35 40 2308
f 1728 2386 1729
f 1079 2357 39
f 784 763 785
f 6 2308 2307
f 40 39 2357
f 2228 2232 2231
f 386 391 388
f 391 2441 388
f 1774 400 1775
f 2274 2234 2275
f 1774 1776 400
f 682 77 395
f 1849 1494 1495
f 972 973 1494
f 1082 2469 928
f 446 1728 1729
f 925 1081 1082
f 925 1079 1081
f 2231 2275 2234
f 2469 931 928
f 1956 1128 1499
f 2434 2032 2033
f 1495 1499 1128
f 788 1958 762
f 970 974 727
f 785 1116 1117
f 763 788 762
f 2064 1467 1037
f 2232 2229 2430
f 930 931 2563
f 727 974 2031
f 2307 2032 2434
f 1079 1080 2357
f 2411 1117 1116
f 925 1082 928
f 2428 2431 2430
f 40 2356 2308
f 1151 2031 2033
f 925 1080 1079
f 40 2357 1893
f 1286 1289 2227
f 970 728 973
f 924 928 931
f 444 450 449
f 444 449 446
f 2308 2358 2307
f 2064 2314 1467
f 1956 1959 1958
f 1775 1289 1287
f 924 931 930
f 1286 2227 450
f 390 396 395
f 1151 2033 2032
f 682 72 77
f 69 74 73
f 1493 1495 1494
f 2441 2274 2186
f 970 727 728
f 1080 1893 2357
f 386 393 390
f 40 1893 2356
f 2411 1934 2386
f 1956 1499 1959
f 763 757 785
f 1774 1775 1287
f 733 1494 973
f 1934 1729 2386
f 1493 1499 1495
f 2308 2356 2358
f 2307 2435 2032
f 1143 929 930
f 785 757 1116
f 922 925 928
f 2431 1776 1777
f 1774 1777 1776
f 762 1958 764
f 2307 2358 2435
f 69 73 72
f 733 973 728
f 925 1078 1080
f 922 928 924
f 924 930 929
f 1034 1035 1038
f 756 763 762
f 730 727 2031
f 2441 2186 388
f 2182 2274 2275
f 446 1729 503
f 764 1958 1959
f 1078 1893 1080
f 730 2031 1151
f 1035 1040 1038
f 2232 1018 2231
f 1493 1494 1496
f 2184 2275 2231
f 444 448 450
f 2411 1116 1953
f 386 388 387
f 733 1496 1494
f 396 682 395
f 1151 2032 1150
f 448 1286 450
f 444 446 445
f 2358 2356 2500
f 756 757 763
f 2435 1150 2032
f 724 728 727
f 1891 2356 1893
f 922 926 925
f 2431 1058 2430
f 2232 2430 1021
f 926 1078 925
f 1283 1287 1289
f 1283 1289 1286
f 756 762 764
f 1499 1506 1959
f 924 929 923
f 2182 2186 2274
f 922 924 923
f 390 393 396
f 503 1729 1934
f 1493 1497 1499
f 2411 1953 1934
f 1891 2500 2356
f 724 727 730
f 446 503 445
f 1116 757 1953
f 2092 2435 2358
f 386 387 393
f 729 733 728
f 1355 1893 1078
f 1774 1287 1778
f 2092 2358 2500
f 2184 2231 1018
f 1497 1506 1499
f 1040 74 70
f 1355 1891 1893
f 1149 730 1151
f 1149 1151 1150
f 1774 1778 1777
f 2182 2275 2184
f 724 729 728
f 1493 1496 1498
f 764 1959 2426
f 923 929 933
f 2435 2093 1150
f 444 447 448
f 2232 1021 1018
f 733 731 1496
f 926 1077 1078
f 1058 1021 2430
f 2431 1777 1057
f 2426 1959 1506
f 444 445 447
f 922 927 926
f 922 923 927
f 2092 2093 2435
f 1493 1498 1497
f 1891 2132 2500
f 2186 1477 388
f 1077 1355 1078
f 1034 1039 1037
f 1290 1286 448
f 69 70 74
f 2431 1057 1058
f 729 731 733
f 2092 2500 2132
f 387 388 1477
f 755 757 756
f 756 764 760
f 724 730 726
f 1496 731 1498
f 2093 1152 1150
f 1149 1150 1152
f 1149 1072 730
f 1283 1286 1285
f 1355 1892 1891
f 926 1076 1077
f 503 1934 502
f 1283 1288 1287
f 1892 2132 1891
f 923 933 932
f 761 1953 757
f 1290 448 447
f 1497 1504 1506
f 760 764 2426
f 926 927 1076
f 1847 1934 1953
f 724 725 729
f 923 932 927
f 1778 1287 1288
f 682 75 72
f 1072 726 730
f 1354 1355 1077
f 1285 1286 1290
f 2426 1506 1504
f 2091 2092 2132
f 497 445 503
f 2088 2093 2092
f 2183 2186 2182
f 724 726 725
f 755 761 757
f 755 756 760
f 69 72 75
f 1497 1498 1505
f 1354 1077 1076
f 140 1444 1179
f 729 732 731
f 1355 1356 1892
f 1778 1940 1777
f 731 1369 1498
f 497 447 445
f 1892 2091 2132
f 1354 1356 1355
f 2088 1152 2093
f 1039 2064 1037
f 1847 502 1934
f 2088 2092 2091
f 2184 1018 1019
f 933 941 932
f 1057 1777 1940
f 729 725 732
f 1149 1152 1071
f 1497 1505 1504
f 1149 1071 1072
f 2181 2182 2184
f 1034 1038 1039
f 2216 927 932
f 396 393 684
f 2217 1076 927
f 396 683 682
f 497 503 502
f 2186 2187 1477
f 1505 1498 1369
f 1017 1021 1058
f 387 1478 393
f 1952 1953 761
f 1290 447 498
f 1283 1285 1284
f 2424 2426 1504
f 1283 1284 1288
f 1952 1847 1953
f 1179 1444 1929
f 1793 1038 1040
f 2424 760 2426
f 1015 1018 1021
f 1069 726 1072
f 1368 1369 731
f 2216 2217 927
f 1354 1076 1111
f 1356 2020 1892
f 1368 731 732
f 1017 1058 1057
f 1074 725 726
f 2088 2094 1152
f 1892 2021 2091
f 387 1477 1479
f 2183 2187 2186
f 1354 1112 1356
f 1285 1290 1292
f 1793 1040 70
f 2217 1111 1076
f 1071 1152 2094
f 2181 2183 2182
f 497 498 447
f 1069 1072 1071
f 1778 1288 1941
f 2020 2021 1892
f 2219 932 941
f 2216 932 2219
f 1069 1074 726
f 2181 2184 1019
f 1356 1112 2020
f 2088 2091 2090
f 1354 1111 1112
f 755 760 759
f 725 1075 732
f 755 758 761
f 1290 498 1292
f 1778 1941 1940
f 1505 2068 1504
f 1015 1019 1018
f 1505 1369 1372
f 2090 2091 2021
f 1074 1075 725
f 1478 684 393
f 1368 1372 1369
f 682 683 75
f 1368 732 1370
f 2216 2218 2217
f 2424 1504 2068
f 1846 502 1847
f 387 1479 1478
f 2088 2089 2094
f 1015 1021 1017
f 2187 1479 1477
f 497 502 501
f 2219 941 2532
f 1987 1929 2314
f 396 684 683
f 1952 761 1954
f 2216 2219 2218
f 1285 1291 1284
f 755 759 758
f 2020 1112 1115
f 2217 1113 1111
f 1285 1292 1291
f 1075 1370 732
f 2088 2090 2089
f 69 71 70
f 2020 1115 2021
f 1056 1057 1940
f 2424 2425 760
f 1071 2094 2096
f 1952 1848 1847
f 1284 1294 1288
f 761 758 1954
f 1069 1071 1070
f 1110 1112 1111
f 2218 1113 2217
f 2425 759 760
f 2064 1987 2314
f 1017 1057 1056
f 1069 1073 1074
f 1846 501 502
f 2067 1505 1372
f 1941 1288 1294
f 1846 1847 1848
f 69 75 71
f 2067 2068 1505
f 1368 1370 1371
f 1368 1371 1372
f 2089 2096 2094
f 2090 2021 2034
f 1074 1073 1075
f 494 498 497
f 1110 1115 1112
f 1071 2096 1070
f 1110 1111 1113
f 1292 498 499
f 2219 2532 2531
f 2021 1115 2034
f 2218 2219 2377
f 2424 2068 2069
f 2183 2185 2187
f 1075 1646 1370
f 1069 1070 1073
f 2181 2185 2183
f 497 501 496
f 1284 1291 1293
f 2090 2095 2089
f 1292 499 1291
f 1952 1954 1955
f 2219 2531 2377
f 2532 2533 2531
f 2181 1019 1020
f 1941 2159 1940
f 1370 1646 1371
f 1952 1955 1848
f 2218 297 1113
f 2424 2069 2425
f 2464 758 759
f 1284 1293 1294
f 1372 1371 2072
f 1015 1020 1019
f 2090 2034 2095
f 2067 1372 2072
f 1954 758 2568
f 2463 759 2425
f 2218 2377 297
f 494 499 498
f 494 497 496
f 2089 2097 2096
f 1075 1073 1647
f 2159 1056 1940
f 1110 1114 1115
f 1075 1647 1646
f 1114 2034 1115
f 2065 2068 2067
f 1110 1113 294
f 2463 2464 759
f 1843 501 1846
f 2556 1070 2096
f 1478 1479 1481
f 1846 1848 1845
f 1794 1039 1038
f 1769 1479 2187
f 2464 2568 758
f 294 1113 297
f 2065 2069 2068
f 2089 2095 2097
f 1793 1794 1038
f 1015 1017 1016
f 2134 1073 1070
f 1371 1646 2543
f 1478 1480 684
f 1954 2568 1955
f 1941 1294 2160
f 2102 2377 2531
f 2556 2096 2097
f 1017 1056 1025
f 1371 2543 2072
f 1845 1848 1955
f 1843 496 501
f 1793 70 1487
f 2067 2072 2066
f 296 297 2377
f 1843 1846 1845
f 1291 499 1931
f 2463 2425 2465
f 2556 2136 1070
f 1291 1931 1293
f 1921 683 684
f 2065 2067 2066
f 1110 967 1114
f 2095 2034 1615
f 1769 2187 2185
f 2102 2531 2103
f 1110 294 967
f 1941 2160 2159
f 75 683 1706
f 1646 1647 2602
f 2425 2069 2565
f 2134 1070 2136
f 1114 1615 2034
f 296 2377 2102
f 1933 1294 1293
f 2135 1647 1073
f 2181 1324 2185
f 1646 2602 2543
f 70 71 1487
f 2463 2465 2464
f 2181 1020 1324
f 291 294 297
f 2134 2135 1073
f 1478 1481 1480
f 1016 1017 1025
f 1481 1479 1769
f 291 297 296
f 2095 1620 2097
f 2556 2097 2517
f 2465 2425 2565
f 1015 1022 1020
f 1039 2063 2064
f 1933 2160 1294
f 2464 2564 2568
f 2065 2070 2069
f 494 500 499
f 2453 2072 2543
f 2556 2517 2136
f 2066 2072 2453
f 494 496 495
f 2095 1615 1620
f 1921 684 1480
f 2568 2569 1955
f 2101 2102 2103
f 1146 2602 1647
f 1933 1293 1931
f 75 1705 71
f 1015 1016 1022
f 140 1363 139
f 2465 2564 2464
f 1845 1955 2583
f 2069 2070 2565
f 296 2102 855
f 2159 2046 1056
f 1843 1011 496
f 1114 967 1920
f 291 296 293
f 295 967 294
f 2133 2134 2136
f 1145 2543 2602
f 2135 1146 1647
f 291 295 294
f 1114 1920 1615
f 2065 2066 2071
f 1843 1845 1844
f 2097 2516 2517
f 1931 499 500
f 2097 1620 2516
f 2133 2135 2134
f 1056 2046 1025
f 296 855 293
f 2101 855 2102
f 2453 2543 1145
f 2517 2137 2136
f 2564 2569 2568
f 1145 2602 1146
f 2065 2071 2070
f 494 495 500
f 75 1706 1705
f 2569 2583 1955
f 291 293 292
f 2133 2136 2137
f 495 496 1011
f 2066 2453 2071
f 2465 2565 2567
f 291 292 295
f 295 968 967
f 1920 967 968
f 1843 1844 1011
f 1845 2583 1844
f 1613 1620 1615
f 293 855 292
f 2159 2160 1986
f 1920 1614 1615
f 1620 1618 2516
f 2135 1148 1146
f 2515 2517 2516
f 2133 1531 2135
f 2515 2137 2517
f 2465 2566 2564
f 1921 532 683
f 1321 1324 1020
f 1769 2185 2400
f 2101 852 855
f 2070 2387 2565
f 1933 1932 2160
f 1613 1615 1614
f 1324 2400 2185
f 532 1706 683
f 1613 1618 1620
f 2064 2063 1987
f 1321 1020 1022
f 1016 1025 1024
f 2101 1237 852
f 1793 1488 1794
f 1793 1487 1488
f 1144 1145 1146
f 2465 2567 2566
f 1215 1933 1931
f 603 1481 1769
f 603 1480 1481
f 2135 1531 1148
f 2133 2137 1530
f 2567 2565 2387
f 2159 1986 2046
f 2453 1145 643
f 2071 2453 644
f 849 292 855
f 1178 1929 1987
f 1920 968 1875
f 295 292 853
f 295 966 968
f 1930 1931 500
f 1622 1614 1920
f 1616 2516 1618
f 1144 1146 1148
f 2071 2388 2070
f 1024 1025 2046
f 2133 1530 1531
f 2515 2516 1616
f 2515 1530 2137
f 849 855 852
f 2564 1874 2569
f 1179 1929 1178
f 1622 1920 1875
f 1932 1986 2160
f 1613 1616 1618
f 1007 500 495
f 495 1011 1010
f 1016 1023 1022
f 2388 2387 2070
f 2453 643 644
f 1144 643 1145
f 2569 2598 2583
f 295 853 966
f 1011 1844 1944
f 1875 968 966
f 1844 2583 2584
f 849 853 292
f 1613 1614 1619
f 2564 2566 1874
f 1921 1480 534
f 1215 1932 1933
f 1930 1215 1931
f 1531 1532 1148
f 1619 1614 1622
f 1794 2060 1039
f 140 1179 1363
f 2071 644 646
f 71 348 1487
f 1016 1024 1023
f 2567 1604 2566
f 2567 2387 1604
f 2071 646 2388
f 849 852 851
f 1007 495 1010
f 1144 1148 1147
f 2515 1590 1530
f 2515 1616 1590
f 1321 1325 1324
f 851 852 857
f 1874 2598 2569
f 1011 1944 1010
f 1525 1531 1530
f 1621 1622 1875
f 1532 1147 1148
f 1613 1617 1616
f 2584 2583 2598
f 1705 348 71
f 1844 2584 1944
f 1525 1532 1531
f 1324 1325 2400
f 1768 1769 2400
f 603 1769 1768
f 1613 1619 1617
f 1321 1022 1323
f 1619 1622 1621
f 1875 966 1877
f 603 534 1480
f 1144 647 643
f 1903 966 853
f 1705 1706 2398
f 849 854 853
f 1930 500 1008
f 640 644 643
f 1007 1008 500
f 1621 1875 1877
f 1921 534 532
f 2566 1608 1874
f 1144 1147 647
f 1323 1022 1023
f 2566 1604 1608
f 1603 2387 2388
f 1024 2046 2047
f 1525 1147 1532
f 2060 2063 1039
f 849 851 850
f 640 646 644
f 2310 2046 1986
f 1527 1530 1590
f 1590 1616 2519
f 851 857 856
f 1525 1530 1527
f 532 2398 1706
f 1983 1986 1932
f 1903 1877 966
f 1603 1604 2387
f 1616 1617 2519
f 1903 853 854
f 1456 2388 646
f 849 850 854
f 1619 1621 1623
f 1930 1214 1215
f 1215 1216 1932
f 1619 1623 1617
f 642 643 647
f 851 856 850
f 640 643 642
f 1007 1010 1009
f 1603 2388 1456
f 2584 2598 2596
f 1942 1010 1944
f 2310 2047 2046
f 163 1147 1525
f 1621 1877 1876
f 1529 647 1147
f 1983 1932 1216
f 1930 1008 1214
f 1590 2519 2518
f 1451 2598 1874
f 1482 1488 1487
f 1943 1944 2584
f 640 645 646
f 1621 1876 1623
f 1602 1608 1604
f 1024 1654 1023
f 1527 1590 1528
f 1607 1874 1608
f 1007 1009 1008
f 645 1456 646
f 2519 1617 2302
f 1321 1322 1325
f 1903 1904 1877
f 1983 1984 1986
f 162 1525 1527
f 163 1529 1147
f 1602 1604 1603
f 1903 854 1905
f 1321 1323 1322
f 1942 1009 1010
f 1590 2518 1528
f 850 859 854
f 2310 1986 1984
f 1024 2047 1654
f 1211 1215 1214
f 850 856 858
f 1325 1735 2400
f 1623 2300 1617
f 642 647 649
f 1877 1904 1876
f 649 647 1529
f 162 163 1525
f 2519 2302 2518
f 1211 1216 1215
f 1794 1488 1484
f 1943 2584 2596
f 1451 2596 2598
f 1942 1944 1943
f 640 642 641
f 1767 1768 2400
f 1607 1451 1874
f 1903 1905 1904
f 162 1527 1528
f 1482 1487 348
f 2300 2302 1617
f 592 603 1768
f 854 859 1905
f 593 534 603
f 1602 1607 1608
f 640 641 645
f 2539 1623 1876
f 1705 2398 349
f 850 858 859
f 1323 1023 1656
f 1603 1456 1455
f 163 164 1529
f 2539 2300 1623
f 645 1455 1456
f 1705 349 348
f 1218 1983 1216
f 1008 1213 1214
f 164 649 1529
f 2303 1528 2518
f 2303 2518 2302
f 642 649 648
f 2538 1876 1904
f 1767 2400 1735
f 531 532 534
f 351 2398 532
f 1322 1735 1325
f 1008 1009 2106
f 1218 1984 1983
f 642 648 641
f 1602 1603 1606
f 1654 1656 1023
f 157 163 162
f 2538 2539 1876
f 1904 1905 2593
f 1794 1484 2060
f 593 603 592
f 1942 151 1009
f 1211 1214 1213
f 162 1528 1526
f 157 164 163
f 2296 2302 2300
f 2310 1653 2047
f 1943 2596 1452
f 859 1796 1905
f 1451 1452 2596
f 1322 1323 1656
f 645 641 1454
f 1942 1943 153
f 1603 1455 1606
f 1602 1605 1607
f 1526 1528 2303
f 2296 2303 2302
f 592 1768 1767
f 2299 2300 2539
f 1461 859 858
f 1278 649 164
f 1211 1212 1216
f 645 1454 1455
f 1905 1796 2593
f 1653 1654 2047
f 2310 1984 2311
f 1904 2593 2291
f 1278 648 649
f 2538 1904 2291
f 1008 2105 1213
f 1607 1448 1451
f 1212 1218 1216
f 151 2106 1009
f 2299 2539 2538
f 1008 2106 2105
f 1942 153 151
f 1482 1484 1488
f 157 162 156
f 1461 1796 859
f 1602 1606 1605
f 162 1526 156
f 1461 858 1795
f 2295 2296 2300
f 641 648 1275
f 593 533 534
f 1987 2063 2315
f 2295 2300 2299
f 157 160 164
f 1218 1985 1984
f 1454 641 1275
f 531 351 532
f 1278 164 160
f 1607 1605 1448
f 2296 2301 2303
f 351 349 2398
f 2593 1796 2290
f 2310 2311 1653
f 2593 2290 2291
f 1526 2303 1780
f 1449 1452 1451
f 1210 1211 1213
f 1943 1452 150
f 153 1943 150
f 1984 1985 2311
f 2538 2291 2293
f 531 534 533
f 1455 1732 1606
f 1454 1457 1455
f 2299 2538 2439
f 1449 1451 1448
f 2301 1780 2303
f 1274 648 1278
f 1210 1212 1211
f 1322 1736 1735
f 2295 2299 2298
f 1461 1462 1796
f 2295 2297 2296
f 155 157 156
f 155 160 157
f 1274 1275 648
f 2296 2297 2301
f 1461 1795 1463
f 1779 156 1526
f 2538 2293 2439
f 2287 2291 2290
f 1457 1732 1455
f 1278 160 1279
f 2290 1796 2292
f 1652 1656 1654
f 2299 2439 2298
f 148 151 153
f 151 152 2106
f 1779 1526 1780
f 1605 1606 1977
f 1212 1217 1218
f 2287 2293 2291
f 347 1482 348
f 1218 1217 1985
f 1652 1654 1653
f 1454 1275 657
f 1322 1656 1737
f 1462 2292 1796
f 1274 1278 1279
f 2104 2105 2106
f 799 1213 2105
f 1767 1735 2399
f 1454 657 1457
f 2295 2298 1198
f 2287 2290 2292
f 1605 1447 1448
f 1449 1453 1452
f 1732 1733 1606
f 1460 1462 1461
f 592 1767 591
f 458 593 592
f 2301 2247 1780
f 1460 1461 1463
f 148 153 150
f 2295 1198 2297
f 1452 1453 150
f 155 158 160
f 2301 2297 2247
f 1279 160 158
f 1210 1213 799
f 155 156 161
f 148 152 151
f 341 348 349
f 1977 1606 1733
f 1198 2298 2439
f 1779 161 156
f 1322 1737 1736
f 1178 1987 1180
f 2104 2106 152
f 1605 1977 1447
f 1779 1780 1782
f 1274 656 1275
f 2288 2439 2293
f 1985 2408 2311
f 2287 2288 2293
f 1445 1449 1448
f 1462 1464 2292
f 1731 1732 1457
f 458 533 593
f 1275 656 657
f 1736 2399 1735
f 1782 1780 2247
f 1653 2311 2580
f 2060 2061 2063
f 1274 1279 1277
f 1210 169 1212
f 2104 799 2105
f 1460 1464 1462
f 2287 2292 2289
f 1198 2248 2297
f 2247 2297 2248
f 1985 1217 2408
f 1212 169 1217
f 1731 1733 1732
f 1445 1448 1447
f 1279 158 1277
f 1457 657 658
f 1460 1463 1374
f 1198 2439 1196
f 155 159 158
f 155 161 159
f 2287 2289 2288
f 1449 1450 1453
f 1196 2439 2288
f 1731 1457 658
f 2396 2292 1464
f 1779 1782 1781
f 1767 2399 591
f 1779 1781 161
f 341 347 348
f 458 592 591
f 2408 2580 2311
f 1274 1276 656
f 2289 2292 2396
f 1274 1277 1276
f 2042 1782 2247
f 150 1453 1824
f 1652 1657 1656
f 1460 1465 1464
f 340 349 351
f 1445 1450 1449
f 148 154 152
f 1977 1733 1978
f 1198 1199 2248
f 1737 1656 1657
f 148 150 149
f 1977 1978 1447
f 1483 1484 1482
f 2060 1484 2062
f 1302 1306 139
f 531 533 459
f 1652 1653 1655
f 1460 1374 1375
f 1200 2247 2248
f 158 1132 1277
f 224 657 656
f 2104 152 1924
f 1210 799 57
f 1195 1198 1196
f 1465 2396 1464
f 1731 1734 1733
f 158 159 1132
f 2042 1781 1782
f 224 658 657
f 1460 1375 1465
f 1195 1199 1198
f 2289 2454 2288
f 2042 2247 1200
f 1653 2580 1655
f 1210 57 169
f 161 1880 159
f 1987 2315 1180
f 1450 1824 1453
f 531 350 351
f 161 1781 1880
f 1200 2248 1199
f 2104 798 799
f 1196 2288 1197
f 1978 1733 1734
f 347 1483 1482
f 149 150 1824
f 1924 152 154
f 2289 2396 2455
f 1731 658 225
f 148 149 154
f 1445 1447 1393
f 1277 1130 1276
f 656 1276 659
f 1737 2444 1736
f 458 459 533
f 1197 2288 2454
f 168 2408 1217
f 1277 1132 1130
f 2289 2455 2454
f 1465 1678 2396
f 2061 2315 2063
f 169 168 1217
f 1731 225 1734
f 1736 2444 2399
f 341 349 340
f 1978 1393 1447
f 224 656 659
f 2104 1924 798
f 317 1195 1196
f 1132 159 615
f 1445 1446 1450
f 224 225 658
f 1376 1465 1375
f 1926 1781 2042
f 615 159 1880
f 2455 2396 1678
f 1195 318 1199
f 2408 2409 2580
f 317 1196 1197
f 318 1200 1199
f 1926 2042 1200
f 1177 1179 1178
f 1879 1880 1781
f 1373 1376 1375
f 1823 1824 1450
f 1376 1678 1465
f 1130 2482 1276
f 53 57 799
f 1276 2482 659
f 1445 1393 1446
f 53 799 798
f 317 318 1195
f 531 459 350
f 616 1130 1132
f 1879 1781 1926
f 1978 1734 1395
f 591 2399 590
f 1446 1823 1450
f 616 1132 615
f 1924 154 1923
f 340 351 350
f 2455 1309 2454
f 1197 2454 1309
f 1652 1658 1657
f 168 2409 2408
f 154 149 1923
f 2060 2062 2061
f 58 169 57
f 1652 1655 1658
f 1674 2455 1678
f 225 1395 1734
f 318 319 1200
f 224 659 226
f 1926 1200 319
f 1391 1393 1978
f 218 225 224
f 1737 1657 2572
f 617 615 1880
f 317 1197 316
f 1655 2580 2477
f 1673 1678 1376
f 617 1880 1879
f 1820 149 1824
f 58 168 169
f 1674 1309 2455
f 1130 1131 2482
f 454 458 591
f 1737 2572 2444
f 1391 1978 1395
f 2483 659 2482
f 2580 2409 2477
f 1922 798 1924
f 1673 1674 1678
f 616 1131 1130
f 1820 1824 1823
f 309 318 317
f 1197 1309 316
f 1302 1304 1306
f 218 224 226
f 612 616 615
f 2483 226 659
f 1376 1377 1676
f 2443 2399 2444
f 1922 1924 1923
f 612 615 617
f 1394 1446 1393
f 219 1395 225
f 1673 1376 1676
f 1879 1926 1878
f 309 317 316
f 1131 2483 2482
f 218 219 225
f 1446 1822 1823
f 49 57 53
f 310 319 318
f 341 342 347
f 1926 319 1928
f 1483 1486 1484
f 452 459 458
f 2443 590 2399
f 53 798 52
f 149 1565 1923
f 49 58 57
f 309 310 318
f 617 1879 1878
f 1675 1309 1674
f 1388 1393 1391
f 2062 1484 1486
f 1673 1675 1674
f 454 591 590
f 612 613 616
f 616 613 1131
f 168 2410 2409
f 1820 1565 149
f 1308 316 1309
f 1878 1926 1928
f 1922 52 798
f 347 342 1483
f 1820 1823 1822
f 1394 1822 1446
f 1388 1394 1393
f 218 226 217
f 1390 1391 1395
f 612 617 614
f 1673 1676 1677
f 2483 227 226
f 310 320 319
f 1928 319 320
f 309 316 314
f 2410 2477 2409
f 1655 2479 1658
f 1655 2477 2479
f 1131 2139 2483
f 165 168 58
f 1673 1677 1675
f 1657 1658 2573
f 1657 2573 2572
f 612 614 613
f 1675 1087 1309
f 617 1878 619
f 452 458 454
f 219 220 1395
f 1308 314 316
f 216 219 218
f 217 226 227
f 1308 1309 1087
f 1388 1391 1390
f 1131 613 2141
f 48 49 53
f 48 53 52
f 1922 1923 1566
f 614 617 619
f 2483 2139 227
f 1677 1676 2390
f 308 310 309
f 216 218 217
f 1131 2141 2139
f 339 341 340
f 1390 1395 220
f 2572 2445 2444
f 1566 1923 1565
f 310 315 320
f 1631 1928 320
f 308 309 314
f 1182 1363 1179
f 459 457 350
f 168 166 2410
f 2443 2444 2445
f 1177 1178 1180
f 1878 1928 1435
f 165 166 168
f 1388 1392 1394
f 340 350 343
f 1394 2456 1822
f 2029 1675 1677
f 216 220 219
f 49 54 58
f 1820 1822 1821
f 614 620 613
f 1308 1088 314
f 308 315 310
f 315 1631 320
f 620 2141 613
f 1922 1925 52
f 2029 1087 1675
f 1878 1927 619
f 1677 2390 2028
f 1308 1087 1088
f 217 227 222
f 165 58 54
f 1631 1435 1928
f 1568 1565 1820
f 614 619 618
f 216 217 222
f 1109 227 2139
f 1392 2456 1394
f 452 457 459
f 1388 1390 1389
f 2410 438 2477
f 2443 99 590
f 2029 1677 2028
f 2138 2139 2141
f 1922 1566 1925
f 1878 1435 1927
f 454 590 99
f 48 50 49
f 339 342 341
f 438 2479 2477
f 308 314 313
f 614 618 620
f 1821 1822 2456
f 1388 1389 1392
f 48 52 51
f 1281 2028 2390
f 1088 313 314
f 1109 222 227
f 1927 618 619
f 216 223 220
f 1568 1820 1821
f 2138 2141 620
f 315 823 1631
f 1083 1088 1087
f 2607 1658 2479
f 1390 220 1396
f 1109 2139 2138
f 2573 1658 2607
f 1086 1087 2029
f 308 311 315
f 823 1435 1631
f 1564 1566 1565
f 50 54 49
f 51 52 1925
f 1083 1087 1086
f 2572 2573 2574
f 1390 1396 1389
f 165 167 166
f 1751 2029 2028
f 339 340 343
f 216 222 221
f 311 823 315
f 2572 2574 2445
f 1751 2028 1281
f 165 54 167
f 1564 1565 1568
f 216 221 223
f 2410 166 440
f 1088 1084 313
f 48 51 50
f 1083 1084 1088
f 1392 1397 2456
f 308 313 312
f 223 669 220
f 618 2427 620
f 1483 342 1485
f 1435 1436 1927
f 308 312 311
f 1389 1397 1392
f 220 669 1396
f 2138 620 2140
f 451 452 454
f 2410 440 438
f 1927 2389 618
f 668 222 1109
f 2062 2448 2061
f 1432 1435 823
f 2443 2445 98
f 1483 1485 1486
f 1086 2029 1091
f 1083 1086 1085
f 1566 1570 1925
f 1109 2138 1108
f 620 2427 2140
f 1751 1091 2029
f 2056 1821 2456
f 2061 2323 2315
f 1083 1085 1084
f 343 350 655
f 2443 98 99
f 221 222 668
f 457 655 350
f 221 669 223
f 618 2389 2427
f 311 824 823
f 1432 1436 1435
f 1084 827 313
f 1564 1570 1566
f 1927 1436 2389
f 1389 1396 1399
f 2062 1486 2448
f 312 313 827
f 2056 2456 1397
f 2138 2140 1108
f 166 167 2478
f 1085 1086 1091
f 668 1109 1108
f 1180 2315 2323
f 1568 1821 1644
f 1432 823 824
f 438 439 2479
f 454 99 96
f 1389 1398 1397
f 311 312 825
f 50 55 54
f 440 166 2478
f 1085 1089 1084
f 54 635 167
f 1564 1568 1567
f 1177 1182 1179
f 51 1925 639
f 439 2607 2479
f 1282 1752 1751
f 311 825 824
f 50 51 56
f 1084 1089 827
f 1389 1399 1398
f 1751 1752 1091
f 2573 2607 1227
f 2379 1396 669
f 453 457 452
f 451 454 96
f 2574 2573 1227
f 2140 2427 2452
f 1644 1821 2056
f 2427 2389 2452
f 221 666 669
f 2379 1399 1396
f 139 1363 1305
f 1085 1091 1090
f 2389 1436 2461
f 639 1925 1570
f 221 668 667
f 1567 1568 1644
f 1085 1090 1089
f 312 827 826
f 1432 1434 1436
f 1108 2140 2142
f 451 453 452
f 2056 1397 2548
f 437 438 440
f 2445 2574 1260
f 55 635 54
f 668 1108 1107
f 2548 1397 1398
f 635 2478 167
f 312 826 825
f 824 825 1437
f 1432 824 1433
f 50 56 55
f 2140 2452 2142
f 2445 1260 98
f 1564 1569 1570
f 2044 827 1089
f 56 51 639
f 1434 2461 1436
f 1091 1752 2143
f 2379 669 666
f 221 667 666
f 1564 1567 1569
f 2380 1398 1399
f 668 1107 667
f 2389 2461 2460
f 2389 2460 2452
f 1433 824 1437
f 1432 1433 1434
f 2044 1089 1090
f 437 439 438
f 1091 2144 1090
f 339 346 342
f 2379 2380 1399
f 440 2478 442
f 826 827 2044
f 1437 825 1439
f 1108 2142 1400
f 89 99 98
f 1091 2143 2144
f 1108 1400 1107
f 826 1439 825
f 1524 2143 1752
f 339 343 345
f 1644 2056 2055
f 437 440 442
f 2056 2548 2058
f 2548 1398 2495
f 89 96 99
f 1433 1437 1439
f 1485 342 346
f 2452 2509 2142
f 1434 544 2461
f 2380 2495 1398
f 439 1226 2607
f 2044 1090 2440
f 1567 1644 1643
f 2460 2461 544
f 1226 1227 2607
f 2144 2440 1090
f 345 343 655
f 639 1570 2603
f 2452 2460 1810
f 2055 2056 2058
f 667 1107 560
f 1569 2603 1570
f 2379 2381 2380
f 1400 2142 2509
f 635 1535 2478
f 455 655 457
f 1567 1643 1569
f 1224 2574 1227
f 826 2044 2043
f 1524 2264 2143
f 2379 666 2382
f 1433 542 1434
f 55 56 637
f 2452 1810 2509
f 55 636 635
f 557 666 667
f 2143 2266 2144
f 56 639 638
f 560 1107 1400
f 453 455 457
f 2058 2548 2495
f 1224 1260 2574
f 826 2045 1439
f 451 96 97
f 2478 1535 442
f 1434 542 544
f 2044 2440 2052
f 2460 544 545
f 2061 2448 2324
f 1433 1439 1438
f 2143 2264 2266
f 2380 2381 2495
f 1644 2055 2054
f 451 97 453
f 2460 545 1810
f 1485 1863 1486
f 826 2043 2045
f 2043 2044 2052
f 557 667 560
f 2379 2382 2381
f 2144 1662 2440
f 1644 2054 1643
f 91 98 1260
f 2144 2266 1662
f 1400 2509 1401
f 56 638 637
f 557 2382 666
f 1433 1438 542
f 437 443 439
f 55 637 636
f 1486 1863 2448
f 2045 1438 1439
f 636 1535 635
f 89 98 91
f 437 442 441
f 2055 2058 2057
f 2440 1666 2052
f 2061 2324 2323
f 561 560 1400
f 538 545 544
f 2440 1662 1666
f 639 2603 1884
f 1810 509 2509
f 538 544 542
f 1299 1569 1643
f 639 1884 638
f 1664 2266 2264
f 561 1400 1401
f 1299 2603 1569
f 539 1810 545
f 2491 2495 2381
f 2055 2057 2054
f 1228 1226 439
f 2058 2495 2496
f 509 1401 2509
f 1665 2043 2052
f 1664 1662 2266
f 2263 1664 2264
f 442 1535 441
f 90 96 89
f 1665 2052 1666
f 2048 2045 2043
f 538 539 545
f 552 557 560
f 539 509 1810
f 522 1227 1226
f 339 345 344
f 2045 2050 1438
f 443 1228 439
f 339 344 346
f 1660 1666 1662
f 437 441 443
f 2490 2381 2382
f 552 560 561
f 2058 2496 2057
f 522 1224 1227
f 1177 1180 1181
f 90 97 96
f 537 538 542
f 2491 2496 2495
f 557 558 2382
f 2048 2043 1665
f 1660 1665 1666
f 561 1401 512
f 1224 1259 1260
f 2490 2491 2381
f 2048 2050 2045
f 543 542 1438
f 2054 1298 1643
f 509 512 1401
f 1659 1662 1664
f 345 655 652
f 1335 637 638
f 1659 1660 1662
f 2263 2265 1664
f 91 1260 1259
f 536 539 538
f 455 652 655
f 636 637 1534
f 453 97 456
f 1299 1643 1298
f 1438 2050 2397
f 453 456 455
f 537 542 543
f 553 557 552
f 2054 2057 2059
f 1335 638 1884
f 536 538 537
f 553 558 557
f 1485 346 1862
f 636 1533 1535
f 539 508 509
f 1180 2323 1181
f 1300 2603 1299
f 1884 2603 1300
f 2382 558 2493
f 2490 2382 2493
f 1660 1661 1665
f 543 1438 2397
f 552 561 510
f 561 512 510
f 2048 2051 2050
f 1659 1664 1663
f 2496 2059 2057
f 507 512 509
f 2048 1665 1667
f 88 89 91
f 1659 1661 1660
f 1664 2265 1663
f 536 508 539
f 523 1226 1228
f 1534 637 1335
f 2050 2051 2397
f 2490 2492 2491
f 2054 2059 1298
f 2491 2492 2496
f 468 441 1535
f 1661 1667 1665
f 507 509 508
f 536 537 541
f 88 90 89
f 1485 1862 1863
f 522 1226 523
f 636 1534 1533
f 537 543 541
f 443 441 467
f 551 553 552
f 2048 2049 2051
f 507 510 512
f 522 1225 1224
f 1225 1259 1224
f 553 559 558
f 551 552 510
f 2048 1667 2049
f 1335 1884 1337
f 1295 1299 1298
f 2493 558 559
f 1533 468 1535
f 543 2397 31
f 464 1228 443
f 30 2397 2051
f 1659 1523 1661
f 1659 1663 1523
f 2490 2493 2494
f 1884 1300 1337
f 1295 1300 1299
f 2265 2273 1663
f 536 540 508
f 2490 2494 2492
f 2577 2059 2496
f 2492 2497 2496
f 536 541 540
f 90 95 97
f 2265 2272 2273
f 1661 1521 1667
f 30 2051 2049
f 30 31 2397
f 954 541 543
f 551 554 553
f 553 554 559
f 468 467 441
f 507 508 513
f 91 1259 92
f 2577 2496 2497
f 1534 1335 1336
f 543 31 32
f 456 97 95
f 344 345 2537
f 1663 2273 1523
f 1627 1298 2059
f 1661 1523 1521
f 523 1228 464
f 2537 345 652
f 507 511 510
f 551 510 555
f 464 443 467
f 954 543 32
f 2493 559 1408
f 2049 1667 1522
f 540 513 508
f 88 91 92
f 954 540 541
f 2494 2493 1408
f 1521 1522 1667
f 1533 1534 1537
f 456 650 455
f 1295 1298 1297
f 1066 1335 1337
f 30 2049 27
f 650 652 455
f 22 31 30
f 510 511 555
f 507 513 511
f 551 556 554
f 521 522 523
f 346 344 1204
f 2448 1863 2322
f 2492 2494 2474
f 2448 2322 2324
f 2492 2474 2497
f 1066 1336 1335
f 1627 1297 1298
f 1534 1336 1537
f 1628 2059 2577
f 1403 559 554
f 22 32 31
f 551 555 556
f 1065 1337 1300
f 27 2049 1522
f 522 518 1225
f 2273 1899 1523
f 1520 1521 1523
f 88 93 90
f 1902 1901 2273
f 346 1204 1862
f 1627 2059 1628
f 1295 1296 1300
f 22 30 27
f 1403 1408 559
f 1520 1522 1521
f 1225 1331 1259
f 954 952 540
f 2577 2497 2475
f 1182 1305 1363
f 1533 1536 468
f 2273 1901 1899
f 462 467 468
f 82 513 540
f 28 954 32
f 1403 554 556
f 90 93 95
f 2494 1408 1409
f 521 518 522
f 1066 1337 1065
f 22 28 32
f 1520 1523 1519
f 1533 1537 1536
f 1523 1899 1519
f 2475 2497 2474
f 1295 1297 1296
f 92 1259 1331
f 1296 1065 1300
f 511 513 83
f 2494 1409 2474
f 82 540 952
f 523 464 520
f 1628 2577 2475
f 511 1889 555
f 28 952 954
f 1889 556 555
f 27 1522 26
f 1520 1518 1522
f 82 83 513
f 21 22 27
f 521 523 520
f 1336 1068 1537
f 460 464 467
f 1896 1899 1901
f 1066 1068 1336
f 1624 1297 1627
f 1403 556 1406
f 1404 1408 1403
f 1896 1901 1898
f 1624 1627 1628
f 518 1331 1225
f 2321 2323 2324
f 462 468 461
f 88 92 94
f 460 467 462
f 26 1522 1518
f 456 95 651
f 1404 1409 1408
f 23 28 22
f 1889 1406 556
f 21 27 26
f 461 468 1536
f 1886 511 83
f 1886 1889 511
f 1514 1520 1519
f 1900 1519 1899
f 1896 1900 1899
f 21 23 22
f 88 94 93
f 1514 1518 1520
f 28 953 952
f 1203 344 2537
f 456 651 650
f 82 952 86
f 2472 2475 2474
f 2474 1409 2473
f 1625 1296 1297
f 1402 1403 1406
f 773 1066 1065
f 1896 1898 1897
f 1588 1536 1537
f 1588 1537 1068
f 2537 652 653
f 1628 2475 2476
f 1402 1404 1403
f 1624 1625 1297
f 81 83 82
f 464 465 520
f 773 1068 1066
f 1862 1205 1863
f 952 953 86
f 1896 1897 1900
f 650 653 652
f 1624 1628 1629
f 26 1518 1672
f 460 465 464
f 460 462 461
f 2472 2474 2473
f 1889 1405 1406
f 1204 344 1203
f 1296 1067 1065
f 23 29 28
f 81 82 86
f 21 26 25
f 1517 1519 1900
f 1514 1519 1517
f 1514 1515 1518
f 1886 83 84
f 28 29 953
f 514 518 521
f 1404 797 1409
f 2472 2476 2475
f 93 2433 95
f 81 84 83
f 21 24 23
f 1628 2476 1629
f 1515 1672 1518
f 1402 1406 1405
f 1330 92 1331
f 1887 1889 1886
f 514 521 520
f 2473 1409 797
f 25 26 1672
f 1181 2323 2270
f 1402 1407 1404
f 773 1065 1067
f 518 519 1331
f 1330 94 92
f 1887 1405 1889
f 21 25 24
f 1514 1516 1515
f 1897 1263 1900
f 2342 461 1536
f 23 24 29
f 2107 86 953
f 1514 1517 1516
f 1588 1068 774
f 2120 1296 1625
f 2433 651 95
f 1885 1886 84
f 1624 1626 1625
f 1404 1407 797
f 1517 1900 1263
f 1588 1589 1536
f 773 774 1068
f 29 2107 953
f 1302 139 1305
f 365 1672 1515
f 1624 1629 1626
f 1204 1205 1862
f 2321 2324 2322
f 81 85 84
f 1885 1887 1886
f 81 86 87
f 2120 1067 1296
f 1402 1405 215
f 2472 2473 796
f 365 1515 1516
f 1262 1263 1897
f 1177 1183 1182
f 514 519 518
f 1205 2322 1863
f 366 25 1672
f 2600 93 94
f 1402 215 1407
f 1203 2537 653
f 1517 2395 1516
f 460 461 463
f 796 2473 797
f 87 86 2107
f 2342 1536 1589
f 1885 84 85
f 517 520 465
f 1177 1181 1183
f 366 1672 365
f 2122 1629 2476
f 2472 1914 2476
f 81 87 85
f 1588 774 1589
f 1887 212 1405
f 25 370 24
f 1626 2120 1625
f 24 1894 29
f 1517 1263 1691
f 514 520 517
f 2321 2270 2323
f 2600 2433 93
f 365 1516 367
f 1517 1691 2395
f 460 466 465
f 773 1067 772
f 463 461 2342
f 1516 2395 367
f 214 797 1407
f 1895 2107 29
f 1405 212 215
f 1626 1629 2122
f 366 370 25
f 2472 796 1914
f 650 651 654
f 1261 1263 1262
f 1885 207 1887
f 214 1407 215
f 364 366 365
f 1885 85 1888
f 87 2107 1976
f 1331 519 681
f 1330 1331 681
f 767 774 773
f 1914 2122 2476
f 364 365 367
f 24 370 1894
f 1691 367 2395
f 1894 1895 29
f 1895 1976 2107
f 791 796 797
f 1330 678 94
f 650 654 653
f 85 87 2267
f 1263 1264 1691
f 1887 207 212
f 1261 1264 1263
f 460 463 466
f 767 773 772
f 1885 1888 207
f 2120 775 1067
f 791 797 214
f 85 2267 1888
f 517 465 466
f 2600 94 678
f 364 368 366
f 772 1067 775
f 1973 87 1976
f 368 370 366
f 2342 1589 2341
f 364 367 369
f 210 215 212
f 2119 2120 1626
f 768 1589 774
f 210 214 215
f 1687 367 1691
f 1973 1976 1895
f 514 515 519
f 87 1974 2267
f 463 2342 2341
f 796 793 1914
f 1626 2122 2121
f 1201 1204 1203
f 1973 1974 87
f 364 369 368
f 767 768 774
f 1691 1264 1690
f 1261 1265 1264
f 2196 651 2433
f 1687 369 367
f 1914 1915 2122
f 791 793 796
f 207 1888 2447
f 2447 1888 2267
f 1894 370 482
f 1894 483 1895
f 514 517 516
f 1687 1691 1690
f 205 212 207
f 2119 1626 2121
f 2600 2432 2433
f 368 373 370
f 1265 1690 1264
f 2341 1589 2462
f 2120 1857 775
f 205 210 212
f 484 1973 1895
f 515 681 519
f 768 2462 1589
f 1330 677 678
f 791 214 213
f 767 772 766
f 1330 681 677
f 2119 1857 2120
f 368 369 372
f 2122 1915 2121
f 210 213 214
f 1975 2267 1974
f 766 772 775
f 1201 1205 1204
f 1894 482 483
f 370 373 482
f 372 369 1687
f 1975 2447 2267
f 654 651 2196
f 484 1895 483
f 514 516 515
f 207 2447 206
f 1387 1914 793
f 1972 1974 1973
f 1387 1915 1914
f 517 466 2158
f 1203 653 1202
f 463 2341 1651
f 368 372 371
f 368 371 373
f 205 207 206
f 790 793 791
f 1265 2340 1690
f 463 1649 466
f 1687 1690 1689
f 1972 1973 484
f 765 768 767
f 1972 1975 1974
f 2196 2433 2432
f 2600 678 679
f 205 208 210
f 790 791 213
f 372 1687 1686
f 516 517 2158
f 1266 2340 1265
f 210 208 213
f 1975 2365 2447
f 765 767 766
f 206 2447 2365
f 1690 2340 1689
f 2119 2121 1856
f 2341 2462 1441
f 1687 1689 1686
f 766 775 776
f 2600 679 2432
f 476 483 482
f 1380 2121 1915
f 463 1651 1649
f 775 1857 776
f 373 481 482
f 2119 1856 1857
f 372 1688 371
f 477 484 483
f 1387 793 795
f 371 1839 373
f 1205 2514 2322
f 790 795 793
f 769 2462 768
f 2341 1441 1651
f 1387 1380 1915
f 372 1686 1688
f 1972 484 485
f 654 2197 653
f 2321 2322 145
f 2350 2158 466
f 205 206 211
f 2269 1181 2270
f 1266 2108 2340
f 1972 1960 1975
f 476 482 481
f 1201 1203 1202
f 672 678 677
f 671 677 681
f 1688 1839 371
f 373 1839 481
f 476 477 483
f 515 680 681
f 1960 2365 1975
f 205 209 208
f 765 769 768
f 1649 2350 466
f 477 485 484
f 1689 2340 2413
f 213 208 800
f 206 2365 1711
f 790 213 792
f 769 1441 2462
f 1381 1856 2121
f 1381 2121 1380
f 1686 1689 1693
f 205 211 209
f 1686 1692 1688
f 2413 2340 2108
f 672 679 678
f 765 766 771
f 1386 1387 795
f 1972 485 1961
f 206 1711 211
f 1385 1380 1387
f 1979 515 516
f 766 776 771
f 790 794 795
f 1688 1837 1839
f 516 2158 1980
f 1855 1857 1856
f 1960 1711 2365
f 1972 1961 1960
f 1693 1689 2413
f 800 208 209
f 213 800 792
f 1855 776 1857
f 653 2197 1202
f 1686 1693 1692
f 671 681 680
f 1692 1837 1688
f 1440 1651 1441
f 1385 1387 1386
f 1556 481 1839
f 477 480 485
f 476 481 478
f 1440 1649 1651
f 475 477 476
f 672 677 671
f 790 792 794
f 2196 2432 1257
f 1386 795 794
f 2413 2108 2109
f 679 1257 2432
f 654 2196 2195
f 1556 1839 1837
f 1961 485 480
f 2350 2355 2158
f 1708 211 1711
f 1979 680 515
f 145 2322 2514
f 1319 1441 769
f 2269 1183 1181
f 1858 1856 1381
f 1379 1380 1385
f 475 480 477
f 1379 1381 1380
f 478 481 1556
f 765 770 769
f 2412 1693 2413
f 1979 516 1980
f 475 476 478
f 1692 1693 1838
f 1709 209 211
f 1692 1838 1837
f 1960 1710 1711
f 1725 800 209
f 1855 1856 1858
f 1649 2351 2350
f 1980 2158 2355
f 765 771 770
f 2412 2413 2109
f 1319 1440 1441
f 1709 211 1708
f 1512 1960 1961
f 1859 771 776
f 792 800 1459
f 1385 1386 1384
f 1855 1859 776
f 1556 1837 2582
f 2582 1837 1838
f 1707 1708 1711
f 1725 209 1709
f 1961 480 1511
f 1440 1650 1649
f 654 2195 2197
f 1386 794 190
f 1512 1710 1960
f 1201 985 1205
f 1707 1711 1710
f 2412 2147 1693
f 792 189 794
f 1693 2147 1838
f 1379 1385 1384
f 2351 2355 2350
f 1725 1459 800
f 1649 1650 2351
f 478 1556 1555
f 146 2270 2321
f 1512 1961 1511
f 2149 2412 2109
f 475 47 480
f 1707 1709 1708
f 1312 1319 769
f 1386 190 1384
f 1858 1381 1382
f 1379 1382 1381
f 475 478 479
f 672 675 679
f 671 680 674
f 1312 769 770
f 792 1459 189
f 2582 1838 2578
f 1556 2582 1557
f 47 1511 480
f 2196 1257 1258
f 670 672 671
f 190 794 189
f 2149 2147 2412
f 1855 1858 1860
f 479 478 1555
f 2147 2578 1838
f 1555 1556 1557
f 2149 2109 2146
f 2378 2514 1205
f 1725 1709 1724
f 1319 1320 1440
f 675 1257 679
f 1980 2355 1804
f 1723 1459 1725
f 770 771 1316
f 1979 1980 1804
f 475 479 47
f 1512 1713 1710
f 1707 1710 1713
f 2195 2196 1258
f 1859 1316 771
f 1855 1861 1859
f 1979 1981 680
f 2582 2578 1557
f 1440 1442 1650
f 1379 1384 1383
f 1723 1725 1724
f 1182 1364 1305
f 46 1512 1511
f 1201 1202 982
f 1858 1382 1860
f 1707 1714 1709
f 1855 1860 1861
f 190 191 1384
f 2145 2147 2149
f 670 671 674
f 1182 1183 1364
f 46 1511 47
f 1312 1320 1319
f 1379 1383 1382
f 1320 1442 1440
f 2351 1803 2355
f 2145 2149 2146
f 674 680 1981
f 1724 1709 1714
f 1707 1713 1712
f 1723 692 1459
f 2147 202 2578
f 690 189 1459
f 479 1555 20
f 1555 1557 20
f 670 675 672
f 191 1383 1384
f 1557 2578 203
f 2351 1650 2079
f 1512 1513 1713
f 181 190 189
f 1707 1712 1714
f 146 2321 145
f 1723 1724 692
f 45 47 479
f 2145 2148 2147
f 985 2378 1205
f 46 1513 1512
f 1804 2355 1803
f 2147 2148 202
f 692 690 1459
f 203 2578 202
f 989 1202 2197
f 181 191 190
f 754 2145 2146
f 41 46 47
f 1650 1442 2079
f 1311 1312 770
f 1861 272 1859
f 1859 272 1316
f 1979 1804 1806
f 19 20 1557
f 1724 1726 692
f 19 1557 203
f 41 47 45
f 275 1860 1382
f 1713 1962 1712
f 1311 770 1316
f 1724 1714 1726
f 479 20 18
f 754 2146 570
f 2351 2079 1803
f 45 479 18
f 1979 1806 1981
f 690 183 189
f 2269 2270 146
f 2173 1382 1383
f 1861 1860 271
f 1201 982 985
f 181 189 183
f 1713 1513 1962
f 1962 1714 1712
f 2145 753 2148
f 1312 1313 1320
f 186 1383 191
f 1256 1258 1257
f 201 202 2148
f 46 42 1513
f 1320 1443 1442
f 754 753 2145
f 199 203 202
f 1256 1257 675
f 41 42 46
f 689 690 692
f 2195 2421 2197
f 181 186 191
f 275 1382 2173
f 670 674 673
f 199 19 203
f 673 674 1981
f 275 271 1860
f 692 1726 691
f 753 201 2148
f 199 202 201
f 1861 271 272
f 15 20 19
f 1443 2079 1442
f 15 18 20
f 41 45 44
f 2592 1726 1714
f 45 18 44
f 689 692 691
f 687 183 690
f 982 1202 989
f 749 754 570
f 1311 1313 1312
f 687 690 689
f 186 2078 1383
f 144 145 2514
f 2173 1383 2078
f 272 1315 1316
f 1513 2099 1962
f 1962 2407 1714
f 1320 1313 1443
f 1311 1316 1315
f 1802 1804 1803
f 1513 42 2100
f 749 753 754
f 180 181 183
f 2592 691 1726
f 41 43 42
f 2195 1258 1254
f 2592 1714 2407
f 199 14 19
f 1513 2100 2099
f 753 200 201
f 182 186 181
f 15 19 14
f 199 201 200
f 41 44 43
f 1802 1806 1804
f 2079 1805 1803
f 670 676 675
f 15 16 18
f 16 44 18
f 2421 989 2197
f 687 689 688
f 689 691 688
f 2378 144 2514
f 275 2173 276
f 43 2100 42
f 180 182 181
f 687 184 183
f 1806 1982 1981
f 749 750 753
f 2099 2406 1962
f 265 271 275
f 753 750 200
f 673 1981 1982
f 1962 2406 2407
f 186 187 2078
f 180 183 184
f 199 204 14
f 199 200 204
f 1176 2079 1443
f 670 673 676
f 266 272 271
f 2173 2078 2161
f 2592 1550 691
f 687 688 184
f 1802 1803 1805
f 2550 2099 2100
f 274 1315 272
f 182 187 186
f 1256 1254 1258
f 11 15 14
f 43 44 1269
f 11 16 15
f 265 275 276
f 16 1269 44
f 1256 675 1220
f 1311 1315 1314
f 688 691 1550
f 1311 1317 1313
f 2173 2161 276
f 2195 1254 2421
f 2592 2407 1553
f 2550 2406 2099
f 747 750 749
f 1176 1805 2079
f 43 2284 2100
f 1443 1313 1175
f 2161 2078 187
f 266 271 265
f 750 751 200
f 2550 2100 2284
f 266 274 272
f 2592 1553 1550
f 180 185 182
f 204 200 686
f 204 13 14
f 180 184 185
f 747 749 748
f 675 676 1220
f 274 1314 1315
f 2405 2407 2406
f 688 1551 184
f 11 14 13
f 747 751 750
f 1802 1807 1806
f 2281 43 1269
f 11 17 16
f 17 1269 16
f 688 1550 1551
f 2405 1553 2407
f 686 200 751
f 1806 1807 1982
f 2281 2284 43
f 182 188 187
f 2550 577 2406
f 1176 1443 1175
f 1317 1175 1313
f 1311 1314 1318
f 265 276 267
f 204 686 13
f 1311 1318 1317
f 267 276 2161
f 2550 2284 577
f 182 185 188
f 673 1982 2080
f 1802 1805 1173
f 985 986 2378
f 184 1551 238
f 184 238 185
f 2161 187 2087
f 2405 2406 578
f 142 146 145
f 142 145 144
f 980 985 982
f 747 752 751
f 578 2406 577
f 747 748 752
f 2269 2271 1183
f 1549 1550 1553
f 11 13 12
f 676 673 2080
f 11 12 17
f 17 1267 1269
f 2281 1269 1267
f 1548 1551 1550
f 1176 1171 1805
f 187 188 2087
f 2281 2282 2284
f 264 266 265
f 2405 1552 1553
f 274 2215 1314
f 633 13 686
f 686 751 634
f 2284 576 577
f 264 265 267
f 1548 1550 1549
f 266 273 274
f 267 2161 2162
f 1221 1256 1220
f 1549 1553 1552
f 1221 1254 1256
f 1805 1171 1173
f 2282 576 2284
f 634 751 752
f 748 79 752
f 2162 2161 2087
f 2421 990 989
f 981 982 989
f 232 188 185
f 2215 1318 1314
f 1802 1172 1807
f 633 686 634
f 2281 1267 2283
f 2281 2283 2282
f 630 12 13
f 1317 2512 1175
f 234 185 238
f 237 238 1551
f 17 1268 1267
f 17 12 1268
f 1802 1173 1172
f 1982 1807 2590
f 2405 578 574
f 630 13 633
f 571 578 577
f 2378 2346 144
f 1548 237 1551
f 1317 1318 2512
f 2405 574 1552
f 274 273 2215
f 1982 2590 2080
f 571 577 576
f 1164 1176 1175
f 232 185 234
f 264 268 266
f 2269 146 2271
f 235 2087 188
f 580 576 2282
f 266 268 273
f 2283 580 2282
f 1164 1171 1176
f 234 238 237
f 1548 1549 701
f 571 574 578
f 232 235 188
f 79 2499 752
f 634 752 2499
f 980 986 985
f 1267 2549 2283
f 1549 1552 700
f 1267 1268 2549
f 12 631 1268
f 622 633 634
f 630 631 12
f 1219 1220 676
f 267 2162 270
f 264 267 270
f 622 630 633
f 1548 701 237
f 2421 1254 2258
f 2215 525 1318
f 574 700 1552
f 573 576 580
f 2378 986 2346
f 571 576 573
f 1049 2162 2087
f 1165 1173 1171
f 1549 700 701
f 172 676 2080
f 2283 579 580
f 80 2499 79
f 2512 1174 1175
f 622 634 624
f 980 982 981
f 235 1049 2087
f 2283 2549 579
f 634 2499 624
f 981 989 990
f 2512 1318 526
f 1165 1172 1173
f 232 234 233
f 273 528 2215
f 623 631 630
f 1744 2590 1807
f 623 630 622
f 234 237 236
f 571 575 574
f 1744 1807 1172
f 1268 2363 2549
f 631 2363 1268
f 573 580 579
f 232 233 235
f 1219 1221 1220
f 1164 1175 1174
f 1049 270 2162
f 264 269 268
f 1165 1171 1164
f 273 268 285
f 525 526 1318
f 2383 700 574
f 571 573 572
f 237 701 702
f 528 525 2215
f 2421 2258 990
f 171 2080 2590
f 264 270 269
f 80 1583 2499
f 234 236 233
f 2383 574 575
f 1221 1255 1254
f 1219 676 172
f 571 572 575
f 623 632 631
f 579 2549 2364
f 236 237 702
f 631 632 2363
f 626 624 2499
f 273 285 528
f 699 701 700
f 573 579 581
f 2364 2549 2363
f 621 622 624
f 621 623 622
f 2512 526 1174
f 235 1048 1049
f 285 268 269
f 573 581 572
f 235 233 1048
f 1583 2169 2499
f 1165 1170 1172
f 172 2080 171
f 699 702 701
f 2383 704 700
f 2169 626 2499
f 1744 171 2590
f 621 624 626
f 2524 579 2364
f 1170 1744 1172
f 2524 581 579
f 623 627 632
f 524 525 528
f 1255 2258 1254
f 524 526 525
f 1046 270 1049
f 2360 2363 632
f 699 700 704
f 1870 575 572
f 236 1854 233
f 2361 2364 2363
f 142 144 143
f 621 627 623
f 1029 2383 575
f 279 269 270
f 1163 1165 1164
f 1853 236 702
f 144 2346 143
f 2361 2363 2360
f 1871 572 581
f 1582 2169 1583
f 1164 1174 1169
f 2360 632 627
f 283 528 285
f 1870 1029 575
f 1029 704 2383
f 1870 572 1871
f 1046 279 270
f 1045 1049 1048
f 2536 1048 233
f 1219 1222 1221
f 1853 1854 236
f 621 626 625
f 2524 1872 581
f 625 626 2169
f 699 703 702
f 2524 2364 2362
f 2536 233 1854
f 280 285 269
f 2361 2362 2364
f 1045 1046 1049
f 524 528 527
f 1871 581 1872
f 1554 1174 526
f 1853 702 703
f 142 147 146
f 980 984 986
f 621 628 627
f 1163 1164 1169
f 1165 1166 1170
f 699 704 706
f 1221 1222 1255
f 524 529 526
f 2360 627 1001
f 1868 2169 1582
f 2359 2361 2360
f 527 528 283
f 2524 2362 1872
f 280 283 285
f 621 625 629
f 625 2169 1868
f 699 705 703
f 1364 1183 1365
f 1870 1871 1033
f 277 269 279
f 1870 1033 1029
f 1026 704 1029
f 2359 2362 2361
f 1163 1166 1165
f 699 706 705
f 621 629 628
f 1170 1743 1744
f 1219 172 177
f 981 990 988
f 1001 627 628
f 2359 2360 1001
f 173 171 1744
f 1169 1174 1230
f 2536 1051 1048
f 1853 1718 1854
f 988 990 2258
f 1026 706 704
f 1045 1048 1051
f 277 280 269
f 1554 526 529
f 2344 2346 986
f 1871 1872 956
f 2536 1854 1718
f 524 527 529
f 170 172 171
f 1554 1230 1174
f 980 981 983
f 1046 278 279
f 2362 961 1872
f 1871 956 1033
f 629 625 1142
f 1853 703 1720
f 703 705 2403
f 1045 1047 1046
f 1872 961 956
f 2359 2318 2362
f 1166 1743 1170
f 1141 625 1868
f 1030 1029 1033
f 1026 1029 1030
f 995 628 629
f 706 2207 705
f 2359 1001 999
f 1026 1027 706
f 277 279 278
f 280 284 283
f 527 283 284
f 1853 1720 1718
f 173 1744 1743
f 1141 1142 625
f 996 1001 628
f 2362 962 961
f 2271 1365 1183
f 1720 703 2403
f 1046 1047 278
f 994 629 1142
f 1027 2207 706
f 2207 2403 705
f 2362 2318 962
f 1045 1051 1050
f 1719 2536 1718
f 1719 1051 2536
f 170 177 172
f 2359 999 2318
f 996 628 995
f 1868 2170 1867
f 995 629 994
f 1219 1223 1222
f 996 999 1001
f 170 171 173
f 1045 1050 1047
f 980 983 984
f 1163 1169 1168
f 2344 986 984
f 2256 2258 1255
f 956 957 1033
f 994 1142 1141
f 1026 1028 1027
f 1141 1868 1867
f 1163 1167 1166
f 955 956 961
f 1219 177 1223
f 527 530 529
f 1168 1169 1230
f 146 2320 2271
f 1026 1030 1028
f 955 961 962
f 1554 529 599
f 277 281 280
f 2401 2403 2207
f 1030 1033 957
f 2401 1720 2403
f 1027 1028 2207
f 142 143 147
f 2344 143 2346
f 1231 1230 1554
f 527 284 530
f 280 281 284
f 2318 959 962
f 2316 2318 999
f 955 957 956
f 991 995 994
f 1050 1051 1053
f 1222 2260 1255
f 1716 1718 1720
f 991 996 995
f 277 278 282
f 1053 1051 1719
f 996 1000 999
f 994 1141 997
f 1716 1719 1718
f 1163 1168 1167
f 1166 1234 1743
f 955 962 959
f 278 1047 1938
f 2254 988 2258
f 1864 1141 1867
f 2401 2207 2402
f 2207 1028 2402
f 2316 959 2318
f 530 599 529
f 2316 999 1000
f 1231 1554 599
f 991 994 997
f 1050 1052 1047
f 1030 1031 1028
f 997 1141 1864
f 981 988 987
f 1364 1307 1305
f 2401 1717 1720
f 1167 1234 1166
f 1168 1230 1231
f 277 282 281
f 1030 957 1032
f 996 998 1000
f 991 998 996
f 278 1938 282
f 2254 2258 2256
f 146 147 2320
f 1050 1053 1052
f 955 960 957
f 1030 1032 1031
f 173 1743 1745
f 1716 1720 1717
f 981 987 983
f 1047 1052 1938
f 284 2508 530
f 2256 1255 2260
f 1053 1719 664
f 955 959 958
f 284 281 2508
f 2401 2402 1717
f 1223 2260 1222
f 2316 1000 2317
f 1716 664 1719
f 170 174 177
f 2402 1028 942
f 1864 1867 1866
f 1031 942 1028
f 991 997 993
f 2316 965 959
f 955 958 960
f 997 1864 1865
f 1000 998 2317
f 170 173 176
f 1745 1743 1234
f 957 1850 1032
f 991 992 998
f 177 174 1223
f 960 1850 957
f 2316 2317 965
f 958 959 965
f 997 1865 993
f 1231 599 598
f 991 993 992
f 1168 1229 1167
f 594 599 530
f 661 1052 1053
f 1864 1866 1865
f 1935 282 1938
f 1031 1032 943
f 661 1053 664
f 2402 305 1717
f 1167 1229 1234
f 1715 1716 1717
f 2402 942 305
f 173 1745 176
f 1052 1937 1938
f 1812 2317 998
f 1031 943 942
f 1168 1231 1233
f 281 282 1939
f 663 664 1716
f 958 963 960
f 992 1812 998
f 281 2530 2508
f 1032 1850 943
f 2508 595 530
f 2345 984 983
f 594 598 599
f 965 2317 2371
f 960 963 1850
f 170 175 174
f 993 1865 1761
f 1935 1938 1937
f 1865 1866 2601
f 2344 984 2345
f 1715 663 1716
f 958 965 964
f 170 176 175
f 1759 992 993
f 2371 2317 1812
f 1231 598 1233
f 1935 1939 282
f 594 530 595
f 661 2249 1052
f 660 661 664
f 1761 1865 2601
f 958 964 963
f 1717 305 301
f 1759 993 1761
f 2249 1937 1052
f 1715 1717 301
f 1168 1232 1229
f 660 664 663
f 281 1939 2530
f 992 1760 1812
f 306 942 943
f 306 305 942
f 2254 2257 988
f 1759 1760 992
f 2344 2224 143
f 965 2371 2372
f 1866 1592 2601
f 1850 2608 943
f 1168 1233 1232
f 1223 1684 2260
f 2508 2530 595
f 965 2372 964
f 2256 2260 2259
f 963 1852 1850
f 1866 2609 1592
f 2254 2256 2255
f 1745 1234 1235
f 987 988 2257
f 1683 1223 174
f 1813 2371 1812
f 1761 2601 1593
f 1850 1852 2608
f 1935 1937 1936
f 1229 1235 1234
f 660 662 661
f 1584 1759 1761
f 594 596 598
f 661 662 2249
f 1587 1760 1759
f 963 964 1851
f 1585 1812 1760
f 1592 1593 2601
f 1715 302 663
f 1813 2372 2371
f 1935 1936 1939
f 300 301 305
f 300 305 306
f 2249 2480 1937
f 143 2222 147
f 596 1233 598
f 1584 1761 1593
f 660 663 665
f 963 1851 1852
f 1715 301 302
f 306 943 944
f 944 943 2608
f 1587 1759 1584
f 1585 1813 1812
f 1592 2609 1594
f 2372 2375 964
f 1302 1305 1301
f 1587 1585 1760
f 1936 1937 2480
f 594 595 597
f 1683 1684 1223
f 1745 867 176
f 2256 2259 2255
f 987 2545 983
f 175 176 179
f 175 178 174
f 660 665 662
f 2530 1939 2606
f 1851 964 2375
f 2588 2608 1852
f 663 302 665
f 595 2530 2535
f 1591 1593 1592
f 594 597 596
f 1229 1232 1236
f 662 2250 2249
f 1813 2373 2372
f 1591 1592 1594
f 2254 2255 2257
f 2250 2480 2249
f 944 2608 2588
f 1584 1593 1428
f 1427 1587 1584
f 2345 983 2545
f 298 301 300
f 2586 1852 1851
f 2259 2260 2504
f 298 302 301
f 2373 2375 2372
f 2504 2260 1684
f 300 306 307
f 1427 1585 1587
f 1936 2579 1939
f 2081 1232 1233
f 1683 174 178
f 1585 1811 1813
f 2535 2530 2606
f 306 944 307
f 1745 1235 867
f 2586 2588 1852
f 1591 1428 1593
f 1229 1236 1235
f 2224 2222 143
f 597 595 601
f 1939 2599 2606
f 1427 1584 1428
f 867 179 176
f 175 179 178
f 596 2083 1233
f 1813 1811 2373
f 595 2535 601
f 2481 1936 2480
f 662 665 2251
f 1851 2375 2587
f 2344 2345 2225
f 2579 2599 1939
f 1591 1594 712
f 662 2251 2250
f 1427 1586 1585
f 2586 1851 2587
f 1585 1586 1811
f 2250 2481 2480
f 1490 944 2588
f 2328 665 302
f 2373 2376 2375
f 298 300 299
f 2081 1236 1232
f 2271 2320 2526
f 300 307 299
f 2481 2579 1936
f 2081 1233 2083
f 2344 2225 2224
f 2586 1490 2588
f 298 303 302
f 1591 709 1428
f 2376 2587 2375
f 597 602 596
f 1489 307 944
f 2373 1811 2374
f 1426 1427 1428
f 2251 665 2328
f 1591 712 709
f 303 2328 302
f 1364 1365 1307
f 2604 2535 2606
f 1489 944 1490
f 987 2257 2542
f 596 602 2083
f 2271 2526 1365
f 2459 1811 1586
f 2255 2259 194
f 2604 2606 2599
f 2373 2156 2376
f 2585 2586 2587
f 597 601 600
f 1427 1425 1586
f 1426 1428 709
f 2251 2450 2250
f 2585 1490 2586
f 2250 2450 2481
f 2373 2374 2156
f 2459 2374 1811
f 601 2535 2605
f 1683 1685 1684
f 2376 2157 2587
f 298 299 304
f 298 304 303
f 987 2542 2545
f 299 307 813
f 2579 2559 2599
f 1426 1425 1427
f 194 2259 2504
f 597 600 602
f 2558 2579 2481
f 427 867 1235
f 2459 1586 1425
f 2376 2156 2157
f 1489 813 307
f 1685 2504 1684
f 1683 178 871
f 865 178 179
f 2223 2320 147
f 426 1235 1236
f 707 709 712
f 2604 2605 2535
f 2255 196 2257
f 865 179 867
f 707 712 708
f 2152 2587 2157
f 2585 2587 2152
f 2081 2082 1236
f 600 601 2605
f 2604 2599 2559
f 2251 2328 2449
f 303 2327 2328
f 2558 2559 2579
f 1489 1490 1492
f 2459 2458 2374
f 2585 2513 1490
f 299 813 304
f 2374 2458 2156
f 1426 709 710
f 2081 2083 2084
f 2251 2449 2450
f 303 304 2327
f 2557 2481 2450
f 1492 1490 2513
f 2557 2558 2481
f 2151 2157 2156
f 2223 147 2222
f 707 710 709
f 2086 2083 602
f 1421 1425 1426
f 2438 2459 1425
f 426 427 1235
f 2255 194 196
f 2151 2152 2157
f 1683 871 1685
f 2438 2458 2459
f 2458 2155 2156
f 1421 1426 710
f 2345 2545 249
f 2585 2152 2153
f 1489 1491 813
f 2081 2084 2082
f 2328 2327 2451
f 2585 2153 2513
f 426 1236 2082
f 865 871 178
f 2151 2156 2155
f 1489 1492 1491
f 1104 602 600
f 2449 2328 2451
f 1301 1305 1307
f 2084 2083 2086
f 304 813 1639
f 2604 2559 1919
f 2449 1630 2450
f 1106 600 2605
f 1187 2559 2558
f 304 1637 2327
f 1422 2438 1425
f 1421 1422 1425
f 428 867 427
f 2541 2542 2257
f 2557 2450 1630
f 2604 1917 2605
f 2345 249 2225
f 194 2504 193
f 707 711 710
f 1492 2513 2367
f 2086 602 1104
f 428 865 867
f 707 124 126
f 2016 2152 2151
f 2557 1187 2558
f 2541 2257 196
f 1685 193 2504
f 2458 2026 2155
f 2438 2026 2458
f 2153 2367 2513
f 2016 2153 2152
f 1421 710 1424
f 304 1639 1637
f 2015 2151 2155
f 1492 2367 1491
f 2221 2222 2224
f 813 1491 1641
f 2451 2327 1637
f 707 126 711
f 1639 813 1641
f 1104 600 1106
f 2221 2224 2225
f 1187 1919 2559
f 710 711 1424
f 2604 1919 1917
f 2016 2151 2015
f 1106 2605 1917
f 2015 2155 2026
f 2449 2451 1339
f 1421 1423 1422
f 1422 2437 2438
f 2449 1339 1630
f 1421 1424 1423
f 2438 2437 2026
f 2557 1630 1186
f 2084 2085 2082
f 2557 1186 1187
f 2542 248 2545
f 2084 2086 361
f 2154 2367 2153
f 2546 426 2082
f 2016 2154 2153
f 2367 1601 1491
f 421 427 426
f 2354 1641 1491
f 1634 1637 1639
f 1424 711 2339
f 2485 711 126
f 1634 1639 1641
f 2451 1637 1638
f 2086 1104 357
f 192 196 194
f 2014 2016 2015
f 2019 2015 2026
f 2337 1422 1423
f 567 1685 871
f 2337 2437 1422
f 2354 1491 1601
f 865 870 871
f 421 428 427
f 2485 2339 711
f 2451 1638 1339
f 2336 1423 1424
f 192 194 193
f 125 2485 126
f 2084 361 2085
f 2546 2082 2085
f 1192 1630 1339
f 1187 1188 1919
f 1192 1186 1630
f 2025 2026 2437
f 2336 1424 2339
f 356 1104 1106
f 2014 2015 2019
f 1916 1917 1919
f 248 249 2545
f 1598 1601 2367
f 2154 1598 2367
f 1685 505 193
f 361 2086 357
f 2014 2017 2016
f 2016 2017 2154
f 2019 2026 2025
f 1105 1106 1917
f 428 866 865
f 1632 1637 1634
f 1640 1641 2354
f 2335 2337 1423
f 425 426 2546
f 1634 1641 1640
f 1184 1187 1186
f 1632 1638 1637
f 2335 1423 2336
f 421 426 425
f 1916 1919 1188
f 356 357 1104
f 2337 2436 2437
f 1599 2354 1601
f 2540 2542 2541
f 2338 2339 2485
f 2025 2437 2436
f 1184 1188 1187
f 125 338 2485
f 2014 2019 2018
f 567 505 1685
f 1191 1192 1339
f 2336 2339 2338
f 356 1106 1105
f 567 871 870
f 2014 2018 2017
f 1640 2354 1599
f 1339 1638 1338
f 2541 196 197
f 1596 1601 1598
f 1185 1186 1192
f 866 870 865
f 2154 1595 1598
f 2335 719 2337
f 1916 1912 1917
f 2019 2025 2027
f 2154 2017 2366
f 1596 1599 1601
f 1634 1640 1633
f 2338 2485 338
f 1632 1634 1633
f 2337 719 2436
f 1191 1339 1338
f 2546 2085 1578
f 2335 2336 717
f 1105 1917 1912
f 2019 2027 2018
f 1184 1186 1185
f 2540 248 2542
f 361 362 2085
f 421 422 428
f 2246 2526 2320
f 1787 2223 2222
f 2154 2366 1595
f 1185 1192 1191
f 2336 2338 717
f 1787 2222 2221
f 192 197 196
f 1632 1635 1638
f 1596 1598 1595
f 2506 2017 2018
f 1916 1188 1918
f 2025 2436 2276
f 249 246 2225
f 2246 2320 2223
f 353 361 357
f 2335 717 719
f 1640 1599 1600
f 2366 2017 2506
f 428 422 866
f 1635 1338 1638
f 2025 2276 2027
f 352 357 356
f 192 193 195
f 425 2546 1575
f 2221 2225 246
f 195 193 505
f 362 1578 2085
f 1596 1600 1599
f 1916 1918 1912
f 719 718 2436
f 2338 338 336
f 1184 1189 1188
f 2507 2018 2027
f 1632 1633 1636
f 356 1105 1103
f 2546 1578 1575
f 2506 2018 2507
f 1633 1640 1642
f 421 425 424
f 353 362 361
f 1191 1338 1193
f 717 2338 840
f 718 2276 2436
f 1185 1191 1193
f 2540 2541 197
f 1632 1636 1635
f 352 353 357
f 1188 1189 1918
f 847 1596 1595
f 1640 1600 1642
f 2366 1597 1595
f 713 719 717
f 420 422 421
f 332 338 337
f 2338 336 840
f 1184 1185 1190
f 332 336 338
f 2366 2506 2505
f 2276 2239 2027
f 1596 848 1600
f 1913 1105 1912
f 713 718 719
f 352 356 355
f 2507 2027 2239
f 1635 2334 1338
f 1633 1642 1636
f 420 421 424
f 356 1103 355
f 847 1595 1597
f 425 1575 424
f 847 848 1596
f 1913 1103 1105
f 2506 2507 2505
f 504 505 567
f 1184 1190 1189
f 1193 1338 2334
f 2366 2505 1597
f 1911 1912 1918
f 866 868 870
f 716 717 840
f 722 2276 718
f 1185 1193 1194
f 713 717 716
f 567 870 566
f 1574 1578 362
f 1911 1918 1189
f 722 2239 2276
f 2597 1635 1636
f 333 840 336
f 1185 1194 1190
f 1574 1575 1578
f 330 336 332
f 195 505 504
f 1642 1600 843
f 1600 848 843
f 240 249 248
f 353 363 362
f 713 714 718
f 2597 2334 1635
f 2240 2507 2239
f 352 354 353
f 2505 2507 2240
f 866 422 869
f 192 198 197
f 192 195 198
f 1909 1913 1912
f 716 840 333
f 847 1597 846
f 420 423 422
f 330 333 336
f 842 848 847
f 1642 1271 1636
f 2243 1365 2526
f 714 722 718
f 330 332 331
f 1909 1912 1911
f 2505 1249 1597
f 352 355 354
f 2540 250 248
f 1193 2334 2172
f 713 716 715
f 1913 1545 1103
f 1574 362 363
f 1103 1545 355
f 420 424 423
f 1193 2172 1194
f 2597 1636 1271
f 566 870 868
f 713 715 714
f 1597 1249 846
f 842 843 848
f 842 847 846
f 1190 2036 1189
f 504 567 566
f 2236 2239 722
f 866 869 868
f 1571 424 1575
f 1908 1911 1189
f 2236 2240 2239
f 1642 843 1207
f 716 333 841
f 1786 1787 2221
f 1190 1194 2041
f 330 331 335
f 1571 1575 1574
f 240 246 249
f 1642 1207 1271
f 2505 2240 1248
f 422 423 869
f 2505 1248 1249
f 353 360 363
f 330 334 333
f 2597 1155 2334
f 715 716 723
f 354 360 353
f 1786 2221 246
f 2540 197 2286
f 714 720 722
f 2172 2334 1155
f 1908 1189 2036
f 1909 1544 1913
f 716 841 723
f 1247 846 1249
f 1906 1909 1911
f 1190 2041 2036
f 1913 1544 1545
f 354 355 358
f 330 335 334
f 841 333 334
f 2236 722 720
f 714 715 721
f 355 1545 358
f 842 844 843
f 1194 2172 2171
f 842 846 845
f 1906 1911 1908
f 1247 1249 1248
f 424 1576 423
f 2597 1271 1154
f 240 248 250
f 715 723 721
f 1194 2171 2041
f 1206 1207 843
f 2236 2238 2240
f 1574 363 1577
f 195 504 506
f 714 721 720
f 1247 845 846
f 1787 1788 2223
f 1571 1576 424
f 2240 2238 1248
f 1206 843 844
f 2597 1154 1155
f 842 845 844
f 1270 1271 1207
f 2540 2286 250
f 195 506 198
f 841 1350 723
f 1349 841 334
f 363 360 1577
f 1906 1910 1909
f 1156 2172 1155
f 335 1059 334
f 2235 2236 720
f 197 198 2128
f 1909 1910 1544
f 1571 1574 1573
f 1350 721 723
f 1156 2171 2172
f 1270 1154 1271
f 1247 1248 1250
f 2038 2036 2041
f 2235 2238 2236
f 744 868 869
f 566 868 744
f 354 359 360
f 1540 1545 1544
f 2035 1908 2036
f 335 1060 1059
f 354 358 359
f 1540 358 1545
f 1349 1350 841
f 1206 1209 1207
f 2419 869 423
f 1247 1250 845
f 2171 2040 2041
f 1574 1577 1573
f 1349 334 1059
f 720 721 2241
f 2246 2223 1788
f 1906 1908 1907
f 1270 1207 1209
f 504 566 562
f 197 2128 2286
f 1206 844 1208
f 845 1332 844
f 2238 1253 1248
f 2419 423 1576
f 2038 2041 2040
f 2035 2036 2038
f 2246 2243 2526
f 1153 1155 1154
f 2235 720 2237
f 1250 1248 1253
f 1350 1353 721
f 1153 1156 1155
f 1906 1907 1910
f 720 2241 2237
f 2035 1907 1908
f 1206 1208 1209
f 1060 290 1059
f 1332 1208 844
f 1353 2241 721
f 1756 2171 1156
f 1349 1351 1350
f 1544 1910 1543
f 2235 1501 2238
f 506 504 562
f 1756 2040 2171
f 1270 1272 1154
f 1349 1059 1352
f 1250 1251 845
f 1540 1544 1543
f 1307 1365 2591
f 1581 1577 360
f 1571 1572 1576
f 1270 1209 1273
f 1251 1332 845
f 2238 2547 1253
f 1581 360 359
f 1571 1573 1572
f 2235 2237 1501
f 1350 1351 1353
f 1538 358 1540
f 506 563 198
f 2238 1501 2547
f 1349 1352 1351
f 1538 359 358
f 1153 1154 1158
f 1270 1273 1272
f 2128 198 563
f 2012 1059 290
f 1158 1154 1272
f 744 869 2178
f 2419 2178 869
f 1352 1059 2012
f 1250 1253 1252
f 2035 2038 2039
f 2038 2040 1754
f 1907 2594 1910
f 2237 2241 2414
f 568 566 744
f 1209 1208 1741
f 1353 2414 2241
f 1332 1333 1208
f 1250 1252 1251
f 2594 1543 1910
f 241 246 240
f 1153 1157 1156
f 2418 2419 1576
f 1756 1754 2040
f 1783 1787 1786
f 1209 1741 1273
f 1756 1156 1157
f 1573 1577 1579
f 1786 246 247
f 562 566 568
f 2035 2037 1907
f 1251 1333 1332
f 589 1253 2547
f 2038 1754 2039
f 2237 1503 1501
f 1351 1352 1814
f 589 2547 1501
f 1351 1815 1353
f 288 2012 290
f 2418 1576 1572
f 1333 1741 1208
f 2035 2039 2037
f 1540 1543 1539
f 2237 2414 1503
f 583 1252 1253
f 1352 2012 1814
f 1273 2529 1272
f 244 250 2286
f 240 250 244
f 1579 1577 1581
f 1158 1272 2528
f 1538 1540 1539
f 1153 1158 379
f 583 1253 589
f 1353 2510 2414
f 1351 1814 1815
f 1573 1579 1572
f 1741 2529 1273
f 1907 2003 2594
f 1581 359 1541
f 1538 1541 359
f 1251 1252 584
f 1753 1754 1756
f 1500 1501 1503
f 1500 589 1501
f 1815 2510 1353
f 2529 2528 1272
f 1153 379 1157
f 1783 1788 1787
f 2037 2003 1907
f 506 562 565
f 1753 1756 1157
f 288 2013 2012
f 1251 1334 1333
f 1814 2012 2013
f 2594 1547 1543
f 1158 2528 379
f 506 564 563
f 583 584 1252
f 2129 2286 2128
f 2418 2177 2419
f 1503 2414 2534
f 2419 2177 2178
f 2422 2039 1754
f 241 247 246
f 2414 2510 2534
f 744 2178 746
f 2422 2037 2039
f 1539 1543 1547
f 1251 584 1334
f 1814 1970 1815
f 2127 2128 563
f 1738 1741 1333
f 568 744 746
f 582 583 589
f 1741 1742 2529
f 1753 1755 1754
f 2594 2003 1547
f 289 2013 288
f 506 565 564
f 1500 1503 1502
f 2591 1365 2243
f 1500 586 589
f 1815 1971 2510
f 1814 2013 1969
f 378 2528 2529
f 2418 1572 2420
f 2422 1754 1755
f 582 584 583
f 1738 1333 1334
f 1502 1503 2534
f 1814 1969 1970
f 1157 379 380
f 1815 1970 1971
f 1538 1539 1542
f 378 379 2528
f 1753 1157 1758
f 1783 1786 247
f 1458 1579 1581
f 582 589 586
f 1738 1742 1741
f 1538 1542 1541
f 2037 1999 2003
f 1458 1581 1541
f 562 568 569
f 2129 244 2286
f 1341 2534 2510
f 1500 1502 586
f 378 2529 1742
f 1579 1881 1572
f 2422 1999 2037
f 2127 563 564
f 1157 380 1758
f 584 611 1334
f 2418 2420 2177
f 289 1968 2013
f 2127 2129 2128
f 1341 2510 1971
f 1968 1969 2013
f 562 569 565
f 1753 1757 1755
f 1539 1547 1546
f 239 241 240
f 1965 1971 1970
f 1965 1970 1969
f 1502 2534 2253
f 582 587 584
f 2174 2178 2177
f 1753 1758 1757
f 2422 1755 2423
f 1995 1547 2003
f 2420 1572 1881
f 1341 2253 2534
f 239 240 244
f 587 611 584
f 374 380 379
f 1738 1334 608
f 1539 1546 1542
f 2174 746 2178
f 374 379 378
f 608 1334 611
f 289 1722 1968
f 2245 2246 1788
f 1502 2009 586
f 1995 2003 1999
f 1755 1757 2423
f 582 586 585
f 1964 1969 1968
f 1343 1341 1971
f 568 746 745
f 1965 1343 1971
f 378 1742 2484
f 1964 1965 1969
f 1738 1739 1742
f 1502 2253 2252
f 381 1758 380
f 582 588 587
f 1420 1541 1542
f 2502 564 565
f 2422 1998 1999
f 1502 2252 2009
f 1458 1541 1420
f 1458 1580 1579
f 1546 1547 2001
f 568 745 569
f 2422 2423 1998
f 585 586 2009
f 582 585 588
f 1739 2484 1742
f 1580 1881 1579
f 1342 2253 1341
f 2415 1757 1758
f 606 611 587
f 374 381 380
f 1967 1968 1722
f 2420 2176 2177
f 1995 2001 1547
f 606 608 611
f 1738 608 1740
f 2127 564 2130
f 1964 1968 1967
f 1340 1341 1343
f 1963 1343 1965
f 1963 1965 1964
f 1342 2252 2253
f 1738 1740 1739
f 2415 1758 381
f 2416 2423 1757
f 569 2502 565
f 374 378 377
f 378 2484 377
f 2174 2177 2176
f 1340 1342 1341
f 1546 1950 1542
f 587 588 607
f 1721 1967 1722
f 606 587 607
f 1994 1995 1999
f 2415 2416 1757
f 2242 2243 2246
f 2502 2130 564
f 2252 2010 2009
f 2416 1998 2423
f 1739 2369 2484
f 606 609 608
f 1883 2420 1881
f 1340 1343 1344
f 2127 2131 2129
f 1546 2001 1950
f 1994 1999 1998
f 1964 1967 1966
f 1963 1344 1343
f 1342 2010 2252
f 2004 588 585
f 1963 1964 1966
f 2005 585 2009
f 374 375 381
f 2174 2074 746
f 1740 608 609
f 241 242 247
f 745 746 2074
f 377 2484 2369
f 1416 1458 1420
f 1420 1542 1419
f 382 2415 381
f 2004 607 588
f 1458 1417 1580
f 1340 1345 1342
f 1883 2176 2420
f 374 377 376
f 2368 1739 1740
f 2005 2009 2010
f 1950 1419 1542
f 606 607 610
f 1301 1307 1303
f 2127 2130 2131
f 1721 411 1967
f 2368 2369 1739
f 2004 585 2005
f 374 376 375
f 1996 2001 1995
f 1340 1344 1345
f 375 382 381
f 606 610 609
f 1416 1417 1458
f 1989 244 2129
f 1967 411 1966
f 1783 1784 1788
f 1963 1362 1344
f 1360 2010 1342
f 1963 1966 1362
f 1580 1882 1881
f 239 242 241
f 1994 1996 1995
f 410 411 1721
f 2415 2166 2416
f 2167 1998 2416
f 1345 1360 1342
f 1950 2001 1951
f 569 2285 2502
f 2174 2176 2175
f 2242 2246 2245
f 2370 377 2369
f 2075 569 745
f 382 2166 2415
f 1740 609 2180
f 1882 1883 1881
f 239 244 245
f 1994 1998 2000
f 1783 247 1785
f 2004 1993 607
f 607 1993 610
f 1411 1416 1420
f 2368 2370 2369
f 2368 1740 2180
f 1358 1345 1344
f 2005 2010 2008
f 609 610 2404
f 1996 1951 2001
f 2174 2175 2074
f 1411 1420 1419
f 375 383 382
f 375 376 384
f 1358 1344 1362
f 2004 2005 2006
f 376 377 385
f 1360 2008 2010
f 411 864 1966
f 2167 2416 2166
f 1966 864 1362
f 2167 2000 1998
f 2503 2130 2502
f 1580 1417 1418
f 1989 2129 2131
f 1357 1360 1345
f 2370 385 377
f 2075 745 2074
f 1949 1419 1950
f 609 2404 2180
f 375 384 383
f 382 383 2166
f 2004 2006 1993
f 1412 1417 1416
f 2404 610 1993
f 1883 1835 2176
f 1949 1950 1951
f 1357 1345 1358
f 2075 2285 569
f 2245 1788 1784
f 1994 1997 1996
f 2005 2008 2007
f 2005 2007 2006
f 1580 1418 1882
f 376 385 384
f 2368 2347 2370
f 1994 2000 1997
f 2368 2180 2347
f 2503 2131 2130
f 1358 1362 1361
f 245 244 1989
f 1412 1416 1411
f 2175 2176 1835
f 404 408 411
f 411 408 864
f 1361 1362 864
f 2285 2503 2502
f 1360 1359 2008
f 1357 1359 1360
f 1412 1418 1417
f 242 1785 247
f 2165 2167 2166
f 1357 1358 328
f 492 2404 1993
f 2404 493 2180
f 1996 1947 1951
f 2166 383 2164
f 2214 383 384
f 2008 2333 2007
f 2006 2007 2333
f 1882 1834 1883
f 2168 2000 2167
f 1992 1993 2006
f 385 2214 384
f 1358 1361 322
f 1411 1419 1415
f 1358 322 328
f 492 493 2404
f 2175 2076 2074
f 2370 2348 385
f 2370 2347 2348
f 1949 1951 1947
f 2179 2347 2180
f 862 1361 864
f 1949 1415 1419
f 1357 329 1359
f 1996 1997 2002
f 1357 328 329
f 405 408 404
f 1834 1835 1883
f 2329 2008 1359
f 406 864 408
f 2165 2168 2167
f 2163 2165 2166
f 2214 2164 383
f 488 492 1993
f 2163 2166 2164
f 1410 1412 1411
f 1992 2006 2333
f 2352 1997 2000
f 2329 2333 2008
f 2073 2075 2074
f 1783 1785 1784
f 406 862 864
f 491 2180 493
f 488 1993 1992
f 1996 2002 1947
f 323 328 322
f 325 322 1361
f 323 329 328
f 491 2179 2180
f 325 1361 862
f 2179 2348 2347
f 1882 1418 801
f 2352 2000 2168
f 1307 2591 1303
f 405 406 408
f 489 493 492
f 385 2213 2214
f 2073 2074 2076
f 239 243 242
f 1359 329 2331
f 2175 1835 1833
f 1412 1413 1418
f 1410 1411 1415
f 2329 1359 2331
f 385 2348 2213
f 239 245 243
f 2002 1997 2352
f 2503 605 2131
f 489 492 488
f 1945 1949 1947
f 321 323 322
f 1989 2131 605
f 2175 1833 2076
f 2075 1310 2285
f 2214 2212 2164
f 1882 801 1834
f 489 491 493
f 321 322 325
f 323 327 329
f 2329 2332 2333
f 1945 1415 1949
f 1992 2333 1991
f 2165 2022 2168
f 2163 2022 2165
f 1410 1413 1412
f 2285 1310 2503
f 2163 2164 2023
f 406 863 862
f 327 2331 329
f 325 862 863
f 405 407 406
f 321 327 323
f 2332 1991 2333
f 487 488 1992
f 2164 2212 2023
f 2329 2331 2330
f 1418 1413 801
f 486 489 488
f 2210 2214 2213
f 2179 287 2348
f 1832 1835 1834
f 2210 2212 2214
f 2329 2330 2332
f 491 287 2179
f 2352 2168 2024
f 2348 2457 2213
f 2163 2023 2022
f 321 325 324
f 407 860 406
f 406 860 863
f 487 1992 1991
f 405 409 407
f 1947 2002 2053
f 489 490 491
f 325 863 324
f 1832 1833 1835
f 2022 2024 2168
f 486 488 487
f 1280 1302 1301
f 1945 1947 1946
f 1410 1415 1414
f 2002 2352 2353
f 321 326 327
f 2520 2331 327
f 486 490 489
f 2073 2077 2075
f 245 1989 1988
f 2520 2330 2331
f 2332 2501 1991
f 1945 1948 1415
f 1410 1414 1413
f 321 324 326
f 2349 2457 2348
f 2332 2330 2501
f 535 2023 2212
f 2073 2076 1836
f 287 2349 2348
f 286 287 491
f 286 491 490
f 1947 2053 1946
f 407 861 860
f 863 860 2555
f 2213 2457 2211
f 2210 2213 2211
f 535 2212 2210
f 407 409 861
f 326 2520 327
f 1836 2076 1833
f 2352 2024 2446
f 2554 324 863
f 2002 2353 2053
f 2503 604 605
f 2242 2244 2243
f 802 1834 801
f 2075 2077 1310
f 1310 604 2503
f 2352 2446 2353
f 487 1991 1990
f 2554 863 2555

