# https://github.com/mikedh/trimesh
v 0.36467284 0.44220832 0.69570422
v 0.37857046 0.42767447 0.69532049
v 0.35874152 0.45122456 0.70165004
v 0.45107288 0.31139269 0.67694693
v 0.44041985 0.32906770 0.68538741
v 0.54741007 0.11032050 0.55547925
v 0.55309626 0.09849511 0.54183917
v 0.60252777 -0.02946187 0.39673034
v 0.59244492 -0.00754248 0.42581690
v 0.60662329 -0.04029232 0.37947987
v 0.60976547 -0.04942405 0.37189172
v 0.56517159 0.06405856 0.51460197
v 0.40877529 0.37946138 0.69105175
v 0.42178619 0.35954441 0.69151749
v 0.42904933 0.34787424 0.69199367
v 0.34094528 0.47292650 0.70140198
v 0.34998780 0.46183206 0.70345344
v 0.57814860 0.03251681 0.47441903
v 0.57977721 0.02408607 0.46252461
v 0.57704161 0.03918156 0.48431434
v 0.54016285 0.13082633 0.57190899
v 0.54302427 0.12196528 0.56379059
v 0.53632555 0.14516291 0.58396461
v 0.46292131 0.29308267 0.66757802
v 0.51545237 0.19629040 0.61893397
v 0.50617935 0.21624138 0.63576126
v 0.50172534 0.22809589 0.64085280
v 0.38816990 0.41256616 0.69489983
v 0.52748445 0.17005839 0.59984060
v 0.53407073 0.15197803 0.58889834
v 0.27863203 0.55370893 0.69023033
v 0.29940217 0.52878859 0.69287413
v 0.30750749 0.52021008 0.69917068
v 0.31899102 0.49880852 0.69544367
v 0.45700188 0.30146986 0.67522723
v 0.33020635 0.48481661 0.69906675
v 0.52148516 0.18609941 0.60979990
v 0.60604564 -0.03614105 0.38971711
v 0.48760214 0.25620494 0.65052549
v 0.58649137 0.00604483 0.44604694
v 0.55813908 0.08384239 0.53294184
v 0.39735377 0.39860108 0.69684777
v 0.58403388 0.01406279 0.45658128
v 0.56048171 0.07574504 0.52282578
v 0.47556716 0.27622776 0.66353981
v 0.23572340 0.43280854 0.88459553
v 0.23437518 0.43788633 0.87883592
v 0.24139416 0.43165505 0.88334670
v 0.23143693 0.42671869 0.88890948
v 0.20160243 0.39717893 0.90998809
v 0.20579588 0.40992490 0.89867149
v 0.21231215 0.40531671 0.90568513
v 0.21280127 0.39689488 0.91256983
v 0.20681225 0.38527541 0.92100398
v 0.18697896 0.39251236 0.90761647
v 0.19407033 0.40430333 0.89805123
v 0.19255208 0.38391577 0.92023406
v 0.19660436 0.37480263 0.92979827
v 0.17894426 0.38050066 0.91715411
v 0.24606108 0.46889592 0.84345051
v 0.23354253 0.45790699 0.85336356
v 0.22961540 0.46739644 0.83802758
v 0.24000582 0.47677861 0.83152925
v 0.25155176 0.48159342 0.82916037
v 0.25876802 0.46399914 0.84937042
v 0.24779085 0.45590252 0.85976900
v 0.26019286 0.47450267 0.83799335
v 0.22943873 0.41520823 0.89763567
v 0.22270604 0.40428612 0.90606646
v 0.21879489 0.41640950 0.89633883
v 0.23441649 0.44868961 0.86637065
v 0.22314236 0.44038673 0.87156243
v 0.22462201 0.44919102 0.86079477
v 0.24285884 0.44697635 0.87037575
v 0.21085116 0.43166840 0.87482756
v 0.21366129 0.44253280 0.86204711
v 0.22120737 0.42947172 0.88367243
v 0.24488718 0.44080933 0.87577237
v 0.26373577 0.50723910 0.79849092
v 0.25182485 0.50591347 0.79785625
v 0.25861460 0.51433533 0.78856145
v 0.27151780 0.50817313 0.79622239
v 0.27255957 0.49980587 0.80468844
v 0.25745315 0.49488467 0.81290840
v 0.27024427 0.51516939 0.78639387
v 0.20910660 0.42083669 0.88762221
v 0.19946031 0.41384724 0.89013447
v 0.23162909 0.47727868 0.82592552
v 0.24078423 0.48658036 0.81832883
v 0.24462967 0.49723839 0.80614154
v 0.18402200 0.37128481 0.93005489
v 0.19116209 0.36808615 0.93497795
v 0.21833804 0.45424943 0.84870390
v 0.25959862 0.45390842 0.85882835
v 0.25347287 0.45327980 0.86285038
v 0.25247165 0.44767552 0.86735989
v 0.24688063 0.51466866 0.78322787
v 0.26028044 0.52492288 0.77377122
v 0.18542897 0.36057482 0.93885164
v 0.17267322 0.35955146 0.93650006
v 0.17552009 0.34786151 0.94553142
v 0.26416376 0.48419970 0.82644392
v 0.26999182 0.49084776 0.81676214
v 0.14493612 0.31460723 0.96379285
v 0.15710146 0.33437902 0.95259396
v 0.15285014 0.32373771 0.95947175
v 0.26995627 0.54618734 0.74010404
v 0.26972126 0.53885738 0.75378259
v 0.26222652 0.53517298 0.76069356
v 0.27006879 0.55288010 0.72779765
v 0.26919942 0.53205741 0.76460881
v 0.16574974 0.34161348 0.94949038
v 0.27475399 0.52435928 0.77168580
v 0.30546858 -0.24814823 0.49018554
v 0.31175762 -0.25466591 0.47512730
v 0.29738561 -0.25686373 0.48142865
v 0.29233256 -0.25135184 0.49378603
v 0.30002358 -0.24276204 0.50235896
v 0.31064754 -0.24043361 0.49900053
v 0.32054905 -0.24240345 0.48906813
v 0.32942775 -0.24906915 0.47208977
v 0.32102495 -0.25938376 0.46060048
v 0.30759291 -0.26436072 0.46156892
v 0.30044691 -0.26191744 0.47085731
v 0.28433339 -0.25989311 0.48510684
v 0.28966505 -0.26468088 0.47352541
v 0.19804634 0.36398493 0.93590399
v 0.20607085 0.37363785 0.92917952
v 0.46031042 0.00303425 0.63564008
v 0.45862286 0.01253376 0.64365552
v 0.46842965 0.01324857 0.63392166
v 0.45293924 -0.00765525 0.63553189
v 0.44991574 0.00167498 0.64497831
v 0.46228819 -0.00460925 0.62852494
v 0.46979534 0.00362068 0.62631291
v 0.21261576 0.19287851 0.89912983
v 0.21474954 0.18048141 0.89444506
v 0.20170841 0.18436362 0.90308082
v 0.22163140 0.20141170 0.89587391
v 0.22734782 0.18982185 0.88952894
v 0.19927953 0.19632494 0.90811600
v 0.21038629 0.20542508 0.90388175
v 0.42474953 0.00883205 0.67389103
v 0.41171367 0.00745234 0.68461581
v 0.42279782 0.01920316 0.68305666
v 0.43648864 0.01063596 0.66419204
v 0.42759126 -0.00067312 0.66443050
v 0.41531801 -0.00439853 0.67261914
v 0.43397574 0.02055858 0.67345947
v 0.41260653 0.01996292 0.69283897
v 0.39821112 0.00142561 0.69179859
v 0.40325222 0.01174627 0.69518350
v 0.40407063 -0.00456760 0.68227134
v 0.43124425 0.02989130 0.68236353
v 0.42166352 0.02821192 0.69028389
v 0.34717061 0.23458183 0.81174150
v 0.35360230 0.24860348 0.80586316
v 0.35992146 0.23472067 0.80141889
v 0.35310308 0.22443135 0.80728560
v 0.33985832 0.24637020 0.81716066
v 0.34203685 0.22014479 0.81593763
v 0.33426523 0.23278332 0.82187336
v 0.47575221 -0.12187360 0.52856242
v 0.48003449 -0.11183690 0.53401594
v 0.48786772 -0.11881356 0.52115237
v 0.46444560 -0.13049794 0.52943142
v 0.46829659 -0.11778372 0.53834451
v 0.47732119 -0.13012594 0.51949783
v 0.18847333 0.04282139 0.84664969
v 0.17462254 0.04441077 0.85303569
v 0.18478138 0.05360059 0.85475532
v 0.20233852 0.04000796 0.83922973
v 0.19084401 0.03205335 0.83877059
v 0.17732250 0.03436686 0.84552724
v 0.20063321 0.05284096 0.84783683
v 0.19330820 0.06174201 0.85617477
v 0.20460742 0.06551246 0.85358723
v 0.21638900 0.05976774 0.84512973
v 0.21404143 0.04737409 0.83882251
v 0.37227643 -0.15688365 0.56991959
v 0.37981834 -0.16052851 0.56055536
v 0.36881196 -0.16817999 0.55915951
v 0.35927674 -0.16265103 0.57216353
v 0.36418535 -0.15203582 0.58095977
v 0.37715041 -0.14549670 0.57917930
v 0.38518182 -0.15149372 0.56692729
v 0.35928558 -0.17869146 0.55289832
v 0.35554334 -0.17178482 0.56388590
v 0.38296012 -0.16735246 0.55034480
v 0.37345994 -0.17831795 0.54362363
v 0.39073646 -0.15795489 0.55577821
v 0.57076484 -0.09640741 0.45251389
v 0.56269093 -0.10757446 0.45473807
v 0.56120290 -0.09820841 0.46415219
v 0.57182433 -0.10481199 0.44448276
v 0.57735245 -0.08696929 0.44920178
v 0.58020613 -0.09487633 0.43918277
v 0.56928943 -0.08545221 0.46184460
v 0.58934248 -0.02729245 0.45099303
v 0.59050055 -0.03958963 0.44561913
v 0.58445097 -0.03714187 0.45926106
v 0.58445083 -0.02633024 0.46228733
v 0.58732703 -0.01634859 0.45730467
v 0.59184391 -0.01642308 0.44410122
v 0.59432288 -0.02834933 0.43755100
v 0.58449380 -0.04969821 0.45500154
v 0.57800456 -0.04693890 0.46782043
v 0.57760687 -0.03304789 0.47334273
v 0.28639038 0.27953789 0.86042933
v 0.30118045 0.27945479 0.84782615
v 0.29328003 0.26899095 0.85431368
v 0.29403334 0.29270754 0.85416306
v 0.27522731 0.28701971 0.87049641
v 0.28405944 0.29305332 0.86311471
v 0.28345766 0.26371259 0.86203948
v 0.27368658 0.27266507 0.87061651
v 0.13645022 0.12365060 0.91132486
v 0.14261839 0.10874163 0.90127398
v 0.12689631 0.11132844 0.90894578
v 0.12638319 0.13210853 0.91999711
v 0.13657272 0.13835082 0.91852179
v 0.12103198 0.12233315 0.91719131
v 0.15044533 0.12022149 0.90367354
v 0.15133639 0.13337437 0.90944213
v 0.16407430 0.12419935 0.89958528
v 0.15800052 0.11170017 0.89640772
v 0.38088646 -0.22739823 0.47054324
v 0.37665707 -0.22166797 0.48222170
v 0.38756907 -0.22036510 0.47643213
v 0.38537215 -0.23243030 0.45941194
v 0.37517540 -0.23435002 0.46369898
v 0.36678345 -0.23118343 0.47460616
v 0.39267246 -0.22458229 0.46633610
v 0.38680877 -0.21371030 0.48671278
v 0.39964576 -0.21456296 0.47615612
v 0.50733659 0.02754209 0.59776726
v 0.50521598 0.03975524 0.60636714
v 0.51418410 0.03810603 0.59421869
v 0.49725032 0.02632732 0.60927014
v 0.51759935 0.02946012 0.58581941
v 0.50984287 0.01556993 0.58876606
v 0.49892666 0.01515159 0.60127322
v 0.12940451 -0.07171147 0.77685644
v 0.13681787 -0.08056537 0.76673223
v 0.12315262 -0.08251370 0.76882470
v 0.14480924 -0.07128743 0.77263645
v 0.11610906 -0.07445728 0.77802293
v 0.12060368 -0.06842438 0.78228352
v 0.12527974 -0.06233960 0.78634930
v 0.13914859 -0.06196671 0.78264727
v 0.14741443 -0.05188569 0.78893485
v 0.15474667 -0.06123658 0.77838751
v 0.13291345 -0.05282356 0.79249965
v 0.27654574 0.30427438 0.87053325
v 0.26600381 0.28040479 0.87780505
v 0.26484761 0.29268385 0.88014876
v 0.29060014 0.48371986 0.80558237
v 0.29901971 0.47868569 0.79853872
v 0.29664710 0.46976183 0.81007843
v 0.28524100 0.47720011 0.81856387
v 0.27999994 0.48898807 0.81206906
v 0.28516414 0.49566693 0.79900342
v 0.29567339 0.48897284 0.79269347
v 0.36213553 -0.25627896 0.43614719
v 0.36374130 -0.24820115 0.44899506
v 0.37416426 -0.24973292 0.43871811
v 0.35020948 -0.26255754 0.43379577
v 0.35188816 -0.25519837 0.44560712
v 0.35901530 -0.26424083 0.42415478
v 0.37311590 -0.25782615 0.42517190
v 0.17078554 -0.01904890 0.80855986
v 0.18395086 -0.01752744 0.80485214
v 0.17719567 -0.02789246 0.79897695
v 0.17700043 -0.00754688 0.81538984
v 0.15677393 -0.02073172 0.81211455
v 0.16446514 -0.01152630 0.81682901
v 0.16447128 -0.02921736 0.80252391
v 0.60560044 -0.03815449 0.39925808
v 0.60158883 -0.02932770 0.40921117
v 0.60229139 -0.04207684 0.41368752
v 0.59865041 -0.02922296 0.42326179
v 0.59718577 -0.01878862 0.41767682
v 0.34214276 0.08173838 0.78546808
v 0.33815550 0.06918583 0.78196694
v 0.32886290 0.07957871 0.79348085
v 0.35406318 0.07832337 0.77527087
v 0.35016193 0.08926754 0.78320562
v 0.33851176 0.09269087 0.79286376
v 0.35296469 0.10205713 0.78638128
v 0.36209099 0.09211209 0.77560214
v 0.06845704 -0.03228002 0.82551514
v 0.08209954 -0.03821603 0.81768181
v 0.07801144 -0.04875113 0.80935556
v 0.52888328 -0.00948532 0.55330757
v 0.53173709 -0.02337634 0.54287504
v 0.51781691 -0.02328153 0.55885403
v 0.53914678 -0.00846943 0.54116795
v 0.52789676 0.00349403 0.56091070
v 0.53727551 0.00325386 0.54890258
v 0.51910504 -0.00766279 0.56592590
v 0.52143910 -0.03625944 0.54778747
v 0.51203674 -0.03673109 0.55768595
v 0.50354141 -0.03216742 0.56919825
v 0.50721546 -0.01639109 0.57453561
v 0.54343478 -0.01780759 0.53129766
v 0.53932044 -0.02938546 0.53093310
v 0.53129814 -0.03827886 0.53570778
v 0.19187322 -0.04692629 0.77726439
v 0.20563158 -0.04564426 0.77269944
v 0.19679925 -0.05583925 0.76762007
v 0.18620759 -0.05574092 0.77194802
v 0.18271159 -0.03846295 0.78801657
v 0.20003414 -0.03494848 0.78404689
v 0.17913985 -0.05057516 0.77909727
v 0.16939750 -0.04554623 0.78699696
v 0.19027056 -0.02653865 0.79503707
v 0.17023267 -0.03638562 0.79447545
v 0.37718679 -0.24083847 0.45161176
v 0.36507826 -0.24009810 0.46158929
v 0.35580545 -0.23897414 0.47005077
v 0.35161298 -0.24727935 0.45936135
v 0.16326708 0.29170219 0.96039022
v 0.17586264 0.28712982 0.95142321
v 0.16397804 0.28121238 0.95830181
v 0.17327970 0.30114740 0.95513120
v 0.15235949 0.29616276 0.96632940
v 0.16205368 0.30206003 0.96183142
v 0.15159862 0.28242920 0.96570851
v 0.18959558 0.28536082 0.94124882
v 0.18108655 0.27682615 0.94545258
v 0.17052781 0.27411651 0.95227513
v 0.18850351 0.29940165 0.94478373
v 0.57957150 -0.07603080 0.45179508
v 0.58505668 -0.08177436 0.43939687
v 0.58858991 -0.08784203 0.42945648
v 0.59385028 -0.07593250 0.42537543
v 0.58825544 -0.06897645 0.43999333
v 0.59850382 -0.05311558 0.42365169
v 0.59647436 -0.04100535 0.43066245
v 0.60704685 -0.05084712 0.39818406
v 0.60315844 -0.05436691 0.41124948
v 0.59121879 -0.05406945 0.43977338
v 0.35772263 0.42010377 0.75283766
v 0.36328621 0.41018479 0.75144444
v 0.35774838 0.40552323 0.76230852
v 0.34891862 0.41716298 0.76827950
v 0.34824540 0.43029127 0.75983550
v 0.36811466 0.41465998 0.74032800
v 0.35426749 0.43282684 0.74791839
v 0.36150138 0.42939784 0.73831459
v 0.44799701 0.01203183 0.65394662
v 0.43860397 0.00039403 0.65491977
v 0.44564029 0.02246029 0.66327308
v 0.44227419 0.03205501 0.67291933
v 0.22362291 -0.24496842 0.54500739
v 0.22897255 -0.24884949 0.53638301
v 0.21768066 -0.25384594 0.53499776
v 0.21219924 -0.24838126 0.54601987
v 0.22985699 -0.23627311 0.55413520
v 0.23623883 -0.24182418 0.54263384
v 0.21645578 -0.24075260 0.55484887
v 0.22805507 -0.25427062 0.52869419
v 0.23911966 -0.24937416 0.52974679
v 0.22125071 -0.26184616 0.52069140
v 0.20871617 -0.26189800 0.52751138
v 0.20114458 -0.25644674 0.53965531
v 0.49090164 0.22153212 0.66631910
v 0.48203572 0.21707405 0.67925412
v 0.48418840 0.23016314 0.67435007
v 0.49714418 0.21158714 0.65786500
v 0.48877010 0.21038142 0.67084046
v 0.49779981 0.22541767 0.65356222
v 0.49188379 0.23396613 0.66163364
v 0.47725936 0.23929292 0.68148022
v 0.48539408 0.24223714 0.66920859
v 0.47491298 0.22635671 0.68711601
v 0.25935068 -0.28608967 0.45577761
v 0.26225686 -0.27622019 0.47167330
v 0.27406269 -0.27728128 0.46194449
v 0.24450779 -0.28871410 0.46092703
v 0.24885427 -0.28165174 0.47083353
v 0.27529860 -0.28383223 0.44920209
v 0.26794035 -0.28990422 0.44286479
v 0.24508751 -0.29500264 0.44865459
v 0.25766209 -0.29530998 0.43946610
v 0.28449719 -0.27133183 0.46550412
v 0.28760189 -0.27671198 0.45371458
v 0.27568455 -0.26885974 0.47565716
v 0.25240949 -0.27338035 0.48298539
v 0.26381534 -0.26919219 0.48285670
v 0.42424330 0.12503899 0.73513470
v 0.43496149 0.12118173 0.72351494
v 0.42545994 0.11230798 0.73010111
v 0.41753146 0.11448260 0.73838376
v 0.41263613 0.12108532 0.74491681
v 0.42639734 0.13992012 0.73676530
v 0.43559913 0.13385609 0.72629786
v 0.41567597 0.13282092 0.74530016
v 0.43447935 0.10935661 0.72026600
v 0.44242974 0.11699813 0.71463044
v 0.44600073 0.12960656 0.71435724
v 0.23226857 -0.31694391 0.41286832
v 0.23288915 -0.31014084 0.42688754
v 0.31645390 0.21980900 0.83505841
v 0.32139506 0.23164816 0.83171332
v 0.32823755 0.21792494 0.82628148
v 0.31812736 0.20536212 0.83298910
v 0.30543604 0.21369779 0.84266917
v 0.30875264 0.22938126 0.84111321
v 0.61114441 -0.11231944 0.36712885
v 0.60628532 -0.10875471 0.37990884
v 0.61339566 -0.10013835 0.36632845
v 0.61191243 -0.12248888 0.35887056
v 0.60678228 -0.11951141 0.37239414
v 0.59937773 -0.12267258 0.38434546
v 0.60354805 -0.13055608 0.37050799
v 0.42406827 -0.24635786 0.40733115
v 0.41223129 -0.25234237 0.40568492
v 0.41513957 -0.24358397 0.41869731
v 0.42038829 -0.25486242 0.39502945
v 0.43454196 -0.24186036 0.40723206
v 0.43210806 -0.24886166 0.39695245
v 0.43049002 -0.23622485 0.41955993
v 0.56918516 -0.16818136 0.38659950
v 0.57690581 -0.15840713 0.38673724
v 0.57670096 -0.16908266 0.37594612
v 0.56721483 -0.17728739 0.37875364
v 0.55840227 -0.17432836 0.39249225
v 0.56582691 -0.16127476 0.39808293
v 0.48157672 -0.19350073 0.44308812
v 0.46639892 -0.19896018 0.44802037
v 0.47376448 -0.18822780 0.45662949
v 0.48426543 -0.18430340 0.45313354
v 0.49181204 -0.18473947 0.44606442
v 0.49688192 -0.19073754 0.43366104
v 0.48592967 -0.20037345 0.43006977
v 0.47222179 -0.20657492 0.43260799
v 0.30109885 0.18930722 0.84331898
v 0.30452629 0.17685325 0.83927006
v 0.29343911 0.17934515 0.84692231
v 0.29108848 0.19019773 0.85010192
v 0.29568801 0.20185196 0.84843733
v 0.30696839 0.19970295 0.84043984
v 0.31375275 0.18803482 0.83445937
v 0.49231713 0.11627951 0.65569259
v 0.49434474 0.12978966 0.65665043
v 0.50136844 0.12548542 0.64604019
v 0.48672889 0.12386231 0.66501267
v 0.49584432 0.10602634 0.64799452
v 0.48775030 0.10462128 0.65797285
v 0.47927317 0.11056394 0.67028134
v 0.50055852 0.11503679 0.64443697
v 0.50182251 0.13777804 0.64817082
v 0.51049966 0.13490130 0.63509678
v 0.50812872 0.12024451 0.63515798
v 0.48824338 0.13596884 0.66597201
v 0.49540446 0.14050924 0.65755862
v 0.15351169 -0.11653506 0.72772719
v 0.16105701 -0.10794997 0.73352471
v 0.16585971 -0.11845288 0.72162824
v 0.15188776 -0.12483338 0.72000958
v 0.14212474 -0.11988186 0.72804452
v 0.14679968 -0.11112465 0.73516967
v 0.25264948 0.10029564 0.84781206
v 0.24149945 0.10602118 0.85597609
v 0.25251579 0.11263929 0.85288653
v 0.26365526 0.10819610 0.84517313
v 0.26562238 0.09482638 0.83850143
v 0.23948386 0.09248629 0.85111792
v 0.25228058 0.08789238 0.84250607
v 0.16215834 -0.09646080 0.74403127
v 0.15141406 -0.10344311 0.74106988
v 0.14758826 -0.09636567 0.74892736
v 0.17160271 -0.10088825 0.73662355
v 0.17159866 -0.08448191 0.75173541
v 0.17524221 -0.09343458 0.74227543
v 0.15603376 -0.08766142 0.75422459
v 0.34697178 0.44393892 0.74887955
v 0.35533387 0.43993096 0.73840439
v 0.35092423 0.45082297 0.73256293
v 0.36107837 0.44170053 0.72333508
v 0.33695567 0.45327051 0.75671155
v 0.34113380 0.45995883 0.73990301
v 0.33970810 0.44012590 0.76517338
v 0.37014032 0.42585467 0.72604201
v 0.37061169 0.43339897 0.71448146
v 0.37900223 0.42123557 0.71305046
v 0.37742134 0.41250893 0.72649880
v 0.38287461 0.26721899 0.77811012
v 0.37293721 0.27898693 0.78518684
v 0.38520100 0.27841442 0.77394591
v 0.39374418 0.27159380 0.76702404
v 0.39244415 0.25800605 0.77056049
v 0.37105622 0.26263809 0.78947522
v 0.38079492 0.25374913 0.78194995
v 0.40523900 0.26368067 0.75701701
v 0.38935499 0.24434859 0.77527358
v 0.40111764 0.24737006 0.76376479
v 0.12186501 0.26394283 0.97760752
v 0.31358880 0.24360080 0.83777974
v 0.32687015 0.24515791 0.82746556
v 0.33610065 0.20986502 0.82025484
v 0.32928652 0.20485561 0.82499017
v 0.24143561 -0.33340454 0.36758952
v 0.39325206 0.28462207 0.76474948
v 0.38256669 0.29001485 0.77395359
v 0.28226900 0.24697031 0.86185563
v 0.27511804 0.23443688 0.86607259
v 0.26741144 0.24289747 0.87258403
v 0.28593836 0.23163200 0.85799157
v 0.29420526 0.25704545 0.85318161
v 0.29835803 0.24140806 0.84934763
v 0.27083356 0.25772442 0.87156670
v 0.25460597 0.23819442 0.88129379
v 0.25771366 0.25228633 0.88100622
v 0.26351247 0.22773041 0.87350934
v 0.27595266 0.22269414 0.86424944
v 0.47416965 0.18549286 0.69022608
v 0.48146767 0.17630642 0.68072953
v 0.47377924 0.17210946 0.69005742
v 0.48511053 0.18852664 0.67645417
v 0.46175345 0.18802250 0.70518908
v 0.47007442 0.19802494 0.69540595
v 0.48056947 0.20167195 0.68214592
v 0.46518048 0.17346391 0.70035416
v 0.45427197 0.17466904 0.71296920
v 0.45373860 0.19629061 0.71452327
v 0.46195574 0.20268504 0.70496969
v 0.45157362 0.18565883 0.71672094
v 0.36169406 -0.11122166 0.62483495
v 0.37286239 -0.11279042 0.61545264
v 0.36370374 -0.11915323 0.61582285
v 0.35883304 -0.10124604 0.63615809
v 0.37354356 -0.10109053 0.62583889
v 0.34739286 -0.11255932 0.63343745
v 0.35354647 -0.12062840 0.62139828
v 0.38243950 -0.10618792 0.61476031
v 0.38412968 -0.11577384 0.60446742
v 0.37115994 -0.12323977 0.60647446
v 0.21652426 -0.10113793 0.71856050
v 0.20581679 -0.10968526 0.71492456
v 0.20701104 -0.09788157 0.72563966
v 0.22053748 -0.10838385 0.70985654
v 0.22167998 -0.09076805 0.72595911
v 0.22769952 -0.09869095 0.71589911
v 0.20965555 -0.08654004 0.73504483
v 0.19187376 -0.10554137 0.72451645
v 0.19650938 -0.09317300 0.73435501
v 0.19307148 -0.11521441 0.71478870
v 0.19929948 -0.12091739 0.70669130
v 0.21246865 -0.11808630 0.70395852
v 0.30149950 -0.27248035 0.45152633
v 0.29593917 -0.27896974 0.44367389
v 0.30696148 -0.27706748 0.43909075
v 0.31483114 -0.26852395 0.44896149
v 0.29531942 -0.26865755 0.46274501
v 0.28596511 0.42972633 0.84784545
v 0.27422574 0.42955429 0.86036751
v 0.27777125 0.44203525 0.85118382
v 0.29108753 0.41885009 0.84600878
v 0.28175455 0.41803172 0.85675134
v 0.28932093 0.44206614 0.83827559
v 0.29912080 0.42697010 0.83283093
v 0.26455837 0.44158643 0.86330095
v 0.27029966 0.45109503 0.85347973
v 0.27963084 0.45658812 0.84066334
v 0.37420255 0.43247478 0.70261468
v 0.38269242 0.42165493 0.70041312
v 0.36527712 0.44279248 0.70785358
v 0.13829375 0.04938391 0.86900684
v 0.12622160 0.05156734 0.87440700
v 0.13800437 0.06087844 0.87633264
v 0.15279379 0.05466994 0.86731149
v 0.12835071 0.03832677 0.86490241
v 0.14598126 0.04225759 0.86183432
v 0.60011207 -0.06427068 0.41644532
v 0.60250633 -0.07730274 0.40446078
v 0.59480969 -0.06324913 0.42924628
v 0.60498306 -0.06222509 0.40376286
v 0.27779271 0.53223465 0.75919783
v 0.27892377 0.53907386 0.74621038
v 0.28541963 0.53136420 0.75163366
v 0.28672734 0.52226228 0.76292001
v 0.30947454 0.06127215 0.79647380
v 0.30083558 0.06895130 0.80587186
v 0.31447799 0.07380970 0.79997669
v 0.30405458 0.04777314 0.79199166
v 0.29597709 0.05660990 0.80203486
v 0.32305409 0.06626356 0.79058936
v 0.31797311 0.05469218 0.78751670
v 0.28943958 0.07546239 0.81596687
v 0.30557930 0.08327139 0.81006451
v 0.28953359 0.06370992 0.80982045
v 0.31851432 0.08389159 0.80239994
v 0.20756071 -0.27581806 0.50602190
v 0.21339590 -0.28107275 0.49372687
v 0.20831812 -0.26908726 0.51648015
v 0.21895376 -0.27131149 0.50681736
v 0.25344244 0.00778548 0.79310860
v 0.24836531 -0.00111170 0.78901707
v 0.24022547 0.00481677 0.79755031
v 0.25995865 0.01829658 0.79732987
v 0.26565611 0.01023367 0.78852556
v 0.26213279 -0.00091479 0.78199399
v 0.24391739 0.01636890 0.80413643
v 0.23715520 -0.00522954 0.79138642
v 0.22586459 0.00138415 0.80181880
v 0.23232262 0.01036841 0.80553551
v 0.24854878 -0.01141698 0.78087494
v 0.56584684 0.00101275 0.50614841
v 0.56594187 0.01335959 0.51000939
v 0.57109586 0.00662259 0.49852799
v 0.55817921 0.00084463 0.51846311
v 0.57062081 -0.00607070 0.49500267
v 0.56200087 -0.00981963 0.50832999
v 0.28206738 0.08359570 0.82428908
v 0.27159180 0.08411243 0.83042987
v 0.28033601 0.09401838 0.82991801
v 0.27569802 0.07452778 0.82344038
v 0.29269341 0.08994781 0.82088151
v 0.26106836 0.08326304 0.83573659
v 0.26396096 0.07441743 0.82979943
v 0.27666997 0.10622914 0.83706365
v 0.29261083 0.10567578 0.82743712
v 0.29908347 -0.16132190 0.61256506
v 0.28727999 -0.16174463 0.61912307
v 0.29475850 -0.15227309 0.62557545
v 0.31248487 -0.16061914 0.60514125
v 0.30314320 -0.16966365 0.60027746
v 0.30900748 -0.15170688 0.61749854
v 0.28795052 -0.17140900 0.60723405
v 0.30601110 -0.14282338 0.62925448
v 0.32008507 -0.14131430 0.62203418
v 0.32130149 -0.15147964 0.61005918
v 0.28748441 0.20844793 0.85479914
v 0.27795779 0.21006350 0.86138800
v 0.28652628 0.21871701 0.85649616
v 0.29449479 0.21368856 0.85047807
v 0.28231705 0.19737579 0.85679615
v 0.32372531 0.48624136 0.73844429
v 0.32155719 0.49610261 0.72341166
v 0.33035915 0.48323318 0.72438954
v 0.31506295 0.48982692 0.75414948
v 0.31560297 0.49914054 0.73738789
v 0.33238384 0.47352693 0.73864396
v 0.32462065 0.47541436 0.75358981
v 0.31338570 0.50828786 0.72409549
v 0.31623328 0.50686947 0.70821967
v 0.32625319 0.49191520 0.70993809
v 0.50863818 0.08368016 0.62172598
v 0.50995451 0.07039452 0.61418181
v 0.49797357 0.07267255 0.63150152
v 0.49999725 0.08657004 0.63498296
v 0.50923684 0.09792333 0.62637709
v 0.51749715 0.09256568 0.61240020
v 0.51612221 0.08210317 0.61048555
v 0.39779411 -0.26413123 0.39499353
v 0.38571798 -0.26800862 0.39679454
v 0.39290593 -0.25950340 0.40722656
v 0.40282622 -0.25753550 0.40341941
v 0.40881527 -0.26009451 0.39419549
v 0.40385122 -0.26696928 0.38500211
v 0.39267588 -0.27199876 0.38378554
v 0.40240032 -0.25126851 0.41489713
v 0.37989484 -0.26301944 0.41055211
v 0.38852838 -0.25269965 0.42272852
v 0.37854362 -0.27669206 0.38546902
v 0.37231691 -0.27213051 0.39917151
v 0.21601748 -0.21849071 0.58575938
v 0.20185389 -0.22249016 0.58725154
v 0.20733015 -0.21299379 0.59724941
v 0.22492028 -0.22319289 0.57494658
v 0.20980692 -0.22881215 0.57483602
v 0.22155565 -0.20913899 0.59545525
v 0.22997822 -0.21415456 0.58457313
v 0.18927820 -0.22702945 0.58705859
v 0.19114432 -0.21732206 0.59903395
v 0.19713273 -0.23029791 0.57897570
v 0.19953610 -0.20710901 0.60856077
v 0.21355139 -0.20311922 0.60719870
v 0.28561881 -0.31782277 0.37060125
v 0.27903742 -0.32475511 0.35920096
v 0.27267073 -0.32098137 0.37337183
v 0.29131270 -0.31189201 0.37974528
v 0.29882598 -0.31411217 0.36863267
v 0.28055143 -0.31401206 0.38336542
v 0.29038922 -0.32092159 0.35936745
v 0.30141292 -0.30671864 0.38327171
v 0.28952089 -0.30656276 0.39290106
v 0.22971745 0.33797591 0.91848915
v 0.22574924 0.32238920 0.92007876
v 0.21746607 0.33187108 0.92821888
v 0.24196590 0.33772550 0.90714910
v 0.23579074 0.32705621 0.91190337
v 0.23802496 0.35088730 0.91143821
v 0.22038337 0.34362453 0.92685931
v 0.22726446 0.35278536 0.92096547
v 0.24506763 -0.04356740 0.75643064
v 0.25269541 -0.05239628 0.74514952
v 0.23711914 -0.05440785 0.75110641
v 0.23267222 -0.04675998 0.75974100
v 0.23596623 -0.03683687 0.76644541
v 0.25194029 -0.03112291 0.76330463
v 0.25924683 -0.04014767 0.75211974
v 0.51670833 -0.19433548 0.41122396
v 0.52470022 -0.19019711 0.40910095
v 0.52287640 -0.19828988 0.39995268
v 0.50780604 -0.20313234 0.40727595
v 0.50816438 -0.19316422 0.42048831
v 0.51971429 -0.18642154 0.41864504
v 0.53501121 -0.19656714 0.39019717
v 0.52658447 -0.20432875 0.38817569
v 0.51509390 -0.20987584 0.39118984
v 0.53333790 -0.18891525 0.40203122
v 0.53041109 -0.18247493 0.41324276
v 0.24963456 -0.21890970 0.56763708
v 0.26336531 -0.22322348 0.55386802
v 0.24603938 -0.23143846 0.55206148
v 0.26488855 -0.21269720 0.56772338
v 0.23489739 -0.22677735 0.56477163
v 0.23678799 -0.21881904 0.57475794
v 0.24352825 -0.21095275 0.58178392
v 0.25676488 -0.20810782 0.57847571
v 0.25803097 -0.23282516 0.54328423
v 0.24919111 -0.24021552 0.53758060
v 0.27857742 -0.22181133 0.54691093
v 0.26930711 -0.23042201 0.54012492
v 0.27632781 -0.21388360 0.55942133
v 0.29671209 0.22492762 0.84972223
v 0.26899412 0.19968187 0.86575323
v 0.26614420 0.21310772 0.86967842
v 0.24590470 0.32315521 0.90176599
v 0.25286252 0.33756080 0.89637475
v 0.25778242 0.32588498 0.89052884
v 0.23467057 0.31464336 0.91096344
v 0.25416621 0.31268291 0.89252888
v 0.24326456 0.30713387 0.90185248
v 0.41393514 0.37072046 0.69628544
v 0.11177317 -0.06520169 0.78736296
v 0.11781303 -0.05382876 0.79575487
v 0.10170009 -0.05596738 0.79786575
v 0.10483270 -0.07415457 0.78109927
v 0.09632737 -0.06743334 0.78903817
v 0.10878321 -0.04308783 0.80731665
v 0.12639534 -0.04348466 0.80238647
v 0.48736664 0.02537634 0.62030593
v 0.47847371 0.01423173 0.62370195
v 0.47661625 0.02546941 0.63251770
v 0.48725607 0.03640961 0.62658351
v 0.49504084 0.03483976 0.61649727
v 0.48863237 0.01458565 0.61265130
v 0.28872898 0.46420529 0.82530052
v 0.27835889 0.47124700 0.83116730
v 0.29149881 0.45265974 0.82995602
v 0.29832951 0.45605095 0.81862060
v 0.20373973 0.02947183 0.83184039
v 0.19364864 0.02200036 0.83086588
v 0.17969768 0.02362925 0.83734923
v 0.21359703 0.02649413 0.82565297
v 0.20596886 0.02037163 0.82471549
v 0.21622514 0.03597867 0.83068296
v 0.21929511 0.23142382 0.90470131
v 0.20552226 0.22987848 0.91381252
v 0.21015966 0.24155558 0.91377514
v 0.22306466 0.24748370 0.90588623
v 0.23290274 0.24005539 0.89709676
v 0.22363304 0.21523175 0.89792524
v 0.20832771 0.21859333 0.90877770
v 0.23171884 0.22762461 0.89532972
v 0.19536070 0.23687713 0.92294069
v 0.21395720 0.25511547 0.91461033
v 0.20348175 0.24908968 0.92076817
v 0.26023183 0.26815868 0.88113955
v 0.25610353 0.28191609 0.88642801
v 0.24941214 0.27215832 0.89052429
v 0.24784256 0.26032025 0.88979937
v 0.26391949 -0.32872737 0.36155876
v 0.48437118 -0.23293961 0.38293728
v 0.49344520 -0.23511105 0.37168428
v 0.48083136 -0.24172720 0.37109877
v 0.48774094 -0.22467143 0.39338301
v 0.49546354 -0.22677494 0.38355038
v 0.47240524 -0.23895401 0.38266256
v 0.47619892 -0.23004435 0.39420773
v 0.34645602 -0.07264271 0.67068737
v 0.34974230 -0.08139205 0.66063011
v 0.33540491 -0.08345607 0.66868944
v 0.33409943 -0.07260343 0.67926786
v 0.35696024 -0.07254746 0.66331846
v 0.34432337 -0.06305742 0.68057491
v 0.35765420 -0.06249795 0.67150763
v 0.36107178 -0.07828511 0.65529583
v 0.34154329 -0.09172323 0.65699700
v 0.35673021 -0.08945462 0.64840178
v 0.32339142 -0.08122078 0.67874816
v 0.33044083 -0.09351010 0.66294202
v 0.32225449 -0.09085087 0.67077065
v 0.37935220 -0.01638187 0.69330296
v 0.38718557 -0.02277719 0.68192728
v 0.37187733 -0.03035364 0.68779869
v 0.39279115 -0.01058796 0.68706019
v 0.36563589 -0.02079469 0.70041068
v 0.37252433 -0.00884929 0.70464947
v 0.38557599 -0.00411381 0.69798795
v 0.35919890 -0.03091618 0.69702303
v 0.35129521 -0.02493929 0.70773723
v 0.35914104 -0.01267684 0.71181794
v 0.22213524 0.15513526 0.88298305
v 0.23539231 0.15800450 0.87666077
v 0.23117201 0.14609977 0.87539548
v 0.21674530 0.14277848 0.88181262
v 0.20620599 0.15306352 0.89068358
v 0.21464345 0.16673578 0.89051727
v 0.22783719 0.16502476 0.88280343
v 0.23921956 0.17051376 0.87785066
v 0.24642504 0.16163457 0.87147641
v 0.24467419 0.15048950 0.86939596
v 0.22652788 0.13355521 0.87371200
v 0.24097043 0.13729863 0.86743193
v 0.42165257 -0.00835654 0.66413433
v 0.42836008 -0.01142056 0.65573459
v 0.41508698 -0.01713232 0.66311477
v 0.13053428 0.07089936 0.88505697
v 0.14325656 0.07278054 0.88162961
v 0.15147731 0.06619707 0.87476191
v 0.12271728 0.06198461 0.88221971
v 0.11614984 0.07310462 0.89123981
v 0.12679311 0.07930701 0.89133676
v 0.13581645 0.07852904 0.88770234
v 0.33219642 -0.10120030 0.65457998
v 0.33376907 -0.11098253 0.64416484
v 0.32167689 -0.10960792 0.65350868
v 0.34503251 -0.10117856 0.64582265
v 0.32132411 -0.10016518 0.66276357
v 0.37966242 0.19865566 0.78539496
v 0.38413764 0.21112918 0.78181981
v 0.38942957 0.20270243 0.77720795
v 0.37237555 0.20808338 0.79163790
v 0.37599933 0.18530611 0.78759003
v 0.36779123 0.19404658 0.79481765
v 0.38758954 0.19108772 0.77833291
v 0.23497708 0.40684694 0.90028267
v 0.23933561 0.41922309 0.89159555
v 0.35003414 0.02349882 0.74598690
v 0.35831723 0.03004336 0.74434360
v 0.35654659 0.02174733 0.73995846
v 0.34715627 0.01430474 0.74134126
v 0.34033037 0.02085553 0.75090994
v 0.34762470 0.03059682 0.75250129
v 0.36873988 0.02544442 0.73315376
v 0.36905880 0.03868963 0.74179847
v 0.35723882 0.04026606 0.75177062
v 0.35845409 0.01571400 0.73411606
v 0.30913706 -0.07242478 0.69568316
v 0.29843152 -0.06822130 0.70602019
v 0.30999236 -0.06005771 0.70602977
v 0.32235102 -0.07197709 0.68766654
v 0.31405438 -0.07980124 0.68605902
v 0.30326659 -0.08466294 0.68834537
v 0.29499321 -0.07912267 0.69833652
v 0.32100122 -0.06254642 0.69684333
v 0.46721563 -0.06564504 0.58125587
v 0.46646173 -0.07822962 0.57254388
v 0.45778013 -0.07607514 0.58151326
v 0.45387839 -0.06815669 0.59081642
v 0.46162061 -0.05566821 0.59337710
v 0.47688865 -0.06964305 0.57000308
v 0.47535013 -0.05124783 0.58425687
v 0.47835353 -0.06020325 0.57542345
v 0.45429666 -0.08781206 0.57513483
v 0.44700235 -0.08024600 0.58717598
v 0.47665357 -0.08035892 0.56226233
v 0.46586901 -0.08955158 0.56423780
v 0.27406708 0.33784566 0.87468025
v 0.26348390 0.33814702 0.88561573
v 0.26945648 0.35057040 0.87960177
v 0.28018170 0.35054147 0.86826079
v 0.28494438 0.33789084 0.86344118
v 0.27871558 0.32335546 0.86948731
v 0.26767274 0.32638194 0.88073263
v 0.39216584 -0.13975332 0.57458655
v 0.36809550 -0.14341185 0.58780309
v 0.37512430 -0.13784550 0.58884147
v 0.38341765 -0.13629122 0.58457220
v 0.39975881 -0.14760519 0.56073702
v 0.39203691 -0.12948039 0.58530838
v 0.40328347 -0.12967552 0.57684427
v 0.40460918 -0.13762980 0.56779957
v 0.31707516 -0.21928997 0.52631877
v 0.30627208 -0.22747853 0.52141213
v 0.30476246 -0.21938248 0.53407245
v 0.31721223 -0.20949484 0.54000034
v 0.32875767 -0.21218862 0.52878078
v 0.32772207 -0.22052533 0.51758429
v 0.31745332 -0.22717152 0.51464142
v 0.33013887 -0.20455148 0.53847905
v 0.34034829 -0.20536866 0.53059665
v 0.33975299 -0.21416525 0.51864029
v 0.55727443 0.07409689 0.53786715
v 0.56175464 0.06620166 0.52685620
v 0.56768679 0.05380321 0.51171012
v 0.56355251 0.05559239 0.52311089
v 0.20987678 0.01199101 0.81702937
v 0.20260102 0.00364596 0.81387860
v 0.19767233 0.01271598 0.82266867
v 0.21413914 0.00456138 0.80961600
v 0.21756210 0.01932152 0.81890695
v 0.22159925 0.01102874 0.81107707
v 0.22975387 0.01864568 0.81272411
v 0.59154161 -0.00554918 0.43722406
v 0.25052012 0.05353735 0.82517069
v 0.25624408 0.06453260 0.82857087
v 0.26074978 0.05721952 0.82215606
v 0.25998731 0.04810505 0.81710003
v 0.24713464 0.04013524 0.81856811
v 0.24367985 0.06246412 0.83373295
v 0.23589793 0.04993916 0.83021863
v 0.23766366 0.07174524 0.84182875
v 0.25117603 0.07506897 0.83677545
v 0.23057876 0.06090229 0.83924565
v 0.14916997 -0.13462582 0.71099435
v 0.16227467 -0.12964677 0.71173634
v 0.13461822 -0.14103626 0.70887516
v 0.13845897 -0.12950553 0.71951674
v 0.15975330 -0.13943361 0.70259436
v 0.14779828 -0.14315561 0.70266707
v 0.27443181 0.55499921 0.71693802
v 0.28017492 0.54548117 0.73011351
v 0.27797331 0.55518107 0.70346497
v 0.28520225 0.54647564 0.71416880
v 0.29142824 0.53734474 0.72461688
v 0.28824132 0.53485052 0.73925250
v 0.32901990 0.11227219 0.80700282
v 0.31793253 0.10511087 0.81170217
v 0.31949230 0.11584982 0.81458677
v 0.32818387 0.09995531 0.80296786
v 0.32831591 0.12632471 0.81198424
v 0.33999869 0.11990136 0.80202684
v 0.33997618 0.10696859 0.79754253
v 0.34215783 0.13276611 0.80430188
v 0.34962509 0.12602857 0.79709940
v 0.35059422 0.11540966 0.79301750
v 0.36188225 -0.22241619 0.49136073
v 0.37513816 -0.21500095 0.49311358
v 0.26928590 0.17375875 0.86080083
v 0.27235329 0.18814598 0.86170097
v 0.28221116 0.18309463 0.85465559
v 0.25871525 0.18704039 0.86993529
v 0.28416424 0.16984692 0.85101788
v 0.27475372 0.15875086 0.85431935
v 0.25878019 0.15788667 0.86337990
v 0.25329389 0.17182686 0.86995346
v 0.60836024 -0.13870219 0.35472132
v 0.30941166 0.50947152 0.73597079
v 0.30569486 0.51836684 0.72783600
v 0.30233799 0.51651565 0.74193696
v 0.30755671 0.50476703 0.74896106
v 0.29791636 0.51344382 0.75683542
v 0.30273093 0.49953827 0.76682342
v 0.36848531 0.24762581 0.79338170
v 0.36407290 0.21975976 0.79843052
v 0.37244461 0.23307666 0.79108423
v 0.35353932 0.26045460 0.80503948
v 0.36125788 0.25792463 0.79866514
v 0.34465004 0.25836796 0.81263677
v 0.37926626 0.24234608 0.78459511
v 0.36433222 -0.28069641 0.38857556
v 0.37010063 -0.28516241 0.37505643
v 0.38611593 -0.28161403 0.36967250
v 0.35560797 -0.28909384 0.37832710
v 0.36172696 -0.29345019 0.36444583
v 0.37444512 -0.28920549 0.36328717
v 0.27076531 0.41689382 0.86843211
v 0.26241499 0.42736849 0.87211347
v 0.37130168 -0.04339879 0.67749595
v 0.38333190 -0.03453129 0.67549869
v 0.35677272 -0.04275308 0.68891877
v 0.36198863 -0.05170665 0.67756748
v 0.38243693 -0.04564486 0.66705482
v 0.37093320 -0.05471842 0.66828495
v 0.39377887 -0.02766804 0.67271548
v 0.39322920 -0.03675989 0.66581550
v 0.58878303 -0.00512064 0.45138026
v 0.58464159 -0.00574059 0.46504172
v 0.58579534 0.00528588 0.45962295
v 0.57847955 -0.00660520 0.47932267
v 0.58219642 0.00525251 0.47279407
v 0.58130238 -0.01814046 0.47055389
v 0.33225055 -0.25560615 0.45915147
v 0.33003454 -0.26344450 0.44697789
v 0.36630217 -0.13514220 0.59774689
v 0.38055122 -0.12851965 0.59452623
v 0.35882630 -0.12792821 0.61039656
v 0.35774773 -0.14603482 0.59197443
v 0.35219662 -0.13858381 0.60379230
v 0.39116386 -0.12151794 0.59385092
v 0.23568771 -0.32735353 0.38676801
v 0.24595690 -0.32702259 0.37982221
v 0.44061411 0.30989752 0.70244680
v 0.44743941 0.30344941 0.69576832
v 0.44262736 0.29704316 0.70605663
v 0.43211947 0.31614336 0.71109331
v 0.43807216 0.32282715 0.69810542
v 0.43395480 0.30295823 0.71474607
v 0.44603724 0.31492144 0.68885768
v 0.43563515 0.28999662 0.71758893
v 0.42833184 0.29559626 0.72430672
v 0.42258584 0.30800118 0.72624971
v 0.51977633 0.13951517 0.62197690
v 0.51702052 0.12624774 0.62347443
v 0.50857697 0.14931210 0.64032880
v 0.51563857 0.14651354 0.62949285
v 0.50026946 0.14762812 0.65207694
v 0.51592157 0.15607132 0.62988604
v 0.50294860 0.15898829 0.64955819
v 0.51161022 0.16370517 0.63689004
v 0.49227309 -0.21789432 0.39991593
v 0.48144164 -0.21970297 0.40595595
v 0.49374320 -0.21087188 0.40873004
v 0.50181220 -0.21367146 0.39782453
v 0.49652912 -0.22054095 0.39238234
v 0.48318391 -0.20942751 0.41959252
v 0.46999699 -0.21750956 0.41843280
v 0.46692531 -0.22743587 0.40566440
v 0.49594017 -0.20132782 0.42021538
v 0.11993506 -0.02223461 0.82203535
v 0.13299735 -0.02505019 0.81605543
v 0.12169154 -0.03309555 0.81249493
v 0.10596947 -0.02960739 0.81952002
v 0.10821284 -0.01775280 0.82882338
v 0.13112389 -0.01509264 0.82470253
v 0.11934134 -0.01224432 0.83034514
v 0.58338225 -0.17280118 0.36290128
v 0.42880578 0.17376147 0.73936806
v 0.42776061 0.15580809 0.73839949
v 0.41778812 0.16359605 0.74903977
v 0.43703542 0.16558707 0.73055343
v 0.44269897 0.17754281 0.72568355
v 0.42460768 0.18948313 0.74426738
v 0.43539390 0.18720142 0.73359777
v 0.41562123 0.17712660 0.75232204
v 0.49124832 -0.10569845 0.52975117
v 0.49349143 -0.09633795 0.53545778
v 0.49956202 -0.09843651 0.52839381
v 0.50223665 -0.10772841 0.51826884
v 0.48415358 -0.10035907 0.54023980
v 0.50210576 -0.08739875 0.53441311
v 0.50874154 -0.09438603 0.52311534
v 0.49036108 -0.08928916 0.54358123
v 0.43895281 0.15676629 0.72753892
v 0.44621716 0.16425627 0.72081991
v 0.43665930 0.14650918 0.72806202
v 0.44614184 0.15189461 0.71916328
v 0.46640978 0.02105075 0.64103624
v 0.45854762 0.02455042 0.65141718
v 0.46945822 0.02972696 0.64303676
v 0.47805504 0.03828464 0.63834381
v 0.23567626 0.25426476 0.89799459
v 0.22615417 0.26250187 0.90708596
v 0.23878975 0.26851312 0.89843800
v 0.24521672 0.24639950 0.88941003
v 0.50448759 -0.23704227 0.35877091
v 0.49008427 -0.24412629 0.35921086
v 0.50529841 -0.22743548 0.37373761
v 0.47768057 -0.25017191 0.35887027
v 0.46698948 -0.24849227 0.37048502
v 0.45434672 0.20660451 0.71348886
v 0.44741237 0.20287469 0.72117249
v 0.44821212 0.21617182 0.71912608
v 0.45998319 0.21496544 0.70633590
v 0.45771413 0.22842351 0.70703091
v 0.46629904 0.22355420 0.69800544
v 0.47098766 0.21209348 0.69356947
v 0.46755826 0.23561617 0.69429251
v 0.45834811 0.24448945 0.70307709
v 0.47012768 0.25111584 0.68697871
v 0.35267594 -0.05461181 0.68191714
v 0.33238713 -0.06305657 0.68882817
v 0.34210878 -0.05257724 0.69116441
v 0.57447329 0.01870026 0.49472993
v 0.57668579 0.00582095 0.48664061
v 0.51980064 0.10528075 0.61333743
v 0.52727653 0.09942699 0.59966155
v 0.52272629 0.08727827 0.60264832
v 0.52102364 0.07683509 0.60113173
v 0.53077893 0.08577983 0.58941571
v 0.29186401 -0.12215737 0.65959340
v 0.29651626 -0.12910157 0.64977015
v 0.28467714 -0.13098743 0.65466090
v 0.30095788 -0.11463125 0.66170731
v 0.30166893 -0.12182276 0.65415780
v 0.27688426 -0.12246353 0.66768338
v 0.29012167 -0.11341717 0.66925995
v 0.27842909 -0.14016418 0.64849048
v 0.27342257 -0.13379272 0.65799482
v 0.29029158 -0.13781438 0.64423054
v 0.30786329 -0.12614764 0.64586685
v 0.30188150 -0.13535396 0.63992142
v 0.19104783 0.27249332 0.93689925
v 0.17771551 0.26494053 0.94458525
v 0.33960044 0.26931562 0.81593364
v 0.34898038 0.26717386 0.80824572
v 0.33269871 0.25828245 0.82237315
v 0.39654262 0.21408365 0.77071230
v 0.37771997 0.22114688 0.78712320
v 0.38808553 0.22215499 0.77813100
v 0.39843663 0.19863246 0.76906301
v 0.31062067 0.02366413 0.77245693
v 0.30951276 0.01539038 0.76720854
v 0.30079027 0.01942341 0.77543220
v 0.32149766 0.02369752 0.76548696
v 0.30509783 0.02760545 0.77854265
v 0.31597196 0.03295819 0.77536034
v 0.31952852 0.01213288 0.75845316
v 0.30692699 0.00474626 0.76087806
v 0.29772070 0.00954639 0.77008073
v 0.48780022 -0.17076564 0.46707916
v 0.49342317 -0.17575873 0.45602056
v 0.48099937 -0.17880100 0.46288391
v 0.48740444 -0.16350917 0.47599125
v 0.49935611 -0.16329377 0.46571196
v 0.47813597 -0.17188700 0.47378201
v 0.50977491 -0.15092860 0.47021056
v 0.51326249 -0.15904170 0.45791780
v 0.49686215 -0.15354059 0.47900821
v 0.50687705 -0.16875964 0.45251147
v 0.34774663 -0.29716584 0.36752649
v 0.33947473 -0.29346058 0.38180688
v 0.33314930 -0.30326817 0.36572904
v 0.38852239 -0.09599294 0.61955889
v 0.39271935 -0.10503425 0.60827482
v 0.39725788 -0.11279303 0.59770577
v 0.39679426 0.18412573 0.76986835
v 0.40488652 0.17761905 0.76225997
v 0.39452198 0.16848055 0.77038418
v 0.38460028 0.17724884 0.77973221
v 0.41021878 0.19138331 0.75803488
v 0.35970830 0.30082866 0.79358463
v 0.37069706 0.29723964 0.78375717
v 0.35844318 0.28746275 0.79706023
v 0.35209524 0.29787406 0.80129322
v 0.35248911 0.31046001 0.79864803
v 0.36468985 0.31114664 0.78656377
v 0.35922453 0.27028866 0.79892467
v 0.34825197 0.27758967 0.80763374
v 0.34620418 0.28969857 0.80789996
v 0.37525567 0.31084194 0.77614549
v 0.38109568 0.30179084 0.77264145
v 0.38481133 0.40860288 0.71666255
v 0.38387223 0.39971838 0.72621484
v 0.37579865 0.40334616 0.73661389
v 0.38824702 0.41049421 0.70550414
v 0.39260744 0.39732250 0.71243494
v 0.36483518 0.16323642 0.79384702
v 0.36705844 0.14926904 0.78960761
v 0.35474464 0.15228507 0.79967787
v 0.35223531 0.16547759 0.80384426
v 0.37342615 0.17305008 0.78845442
v 0.37902656 0.16157636 0.78228553
v 0.36261720 0.17841720 0.79755536
v 0.61365014 -0.06511291 0.35770703
v 0.61368297 -0.07440338 0.36901805
v 0.61223626 -0.06011933 0.37191419
v 0.61668845 -0.08750852 0.35772130
v 0.60919803 -0.08106547 0.38505738
v 0.60924548 -0.06520981 0.38796225
v 0.61288519 -0.08730134 0.37215490
v 0.38713837 -0.24427317 0.43848922
v 0.38088052 -0.25112876 0.43133186
v 0.29408333 0.53769495 0.71205402
v 0.28959016 0.54276437 0.69871820
v 0.30058169 0.53006474 0.70538604
v 0.30017666 0.52867497 0.71916968
v 0.30800258 0.51906140 0.71352621
v 0.29738940 0.52712144 0.73346011
v 0.43427271 0.33536283 0.69464648
v 0.43029111 0.32900981 0.70674672
v 0.42715786 0.34108843 0.70340508
v 0.42349825 0.35135068 0.70075481
v 0.31415578 -0.13274372 0.63497798
v 0.32149133 -0.12094452 0.64241409
v 0.32689098 -0.12987476 0.62982848
v 0.29549321 -0.14325318 0.63525052
v 0.07271935 0.01071594 0.85993189
v 0.06263161 0.00356322 0.85651561
v 0.06194806 0.01214714 0.86350641
v 0.06730677 0.01819171 0.86699834
v 0.07936117 0.02145832 0.86655903
v 0.08864523 0.01046501 0.85586973
v 0.07617591 -0.00133245 0.84959730
v 0.51674587 -0.22690940 0.36407275
v 0.52909282 -0.21654033 0.36800854
v 0.08052720 0.17873284 0.96467998
v 0.08699828 0.18982376 0.96753104
v 0.20795052 0.30331873 0.93112261
v 0.21297065 0.31742756 0.92969477
v 0.22255592 0.30597446 0.91976537
v 0.19998856 0.29348761 0.93528472
v 0.19889277 0.30232650 0.93799960
v 0.19816944 0.31290026 0.93995191
v 0.21358501 0.28769750 0.92310561
v 0.22770722 0.29391377 0.91295042
v 0.23353416 0.30293121 0.90984706
v 0.34462722 0.46770962 0.71417600
v 0.33587013 0.47913545 0.71202065
v 0.34607676 0.46152777 0.72604529
v 0.33891922 0.47113451 0.72567658
v 0.35236860 0.45636102 0.71824566
v 0.48045058 -0.03787227 0.58855832
v 0.46828229 -0.04263908 0.59665580
v 0.47448213 -0.02971778 0.59965281
v 0.48552332 -0.04401645 0.57975753
v 0.49150073 -0.03463960 0.57997166
v 0.48748551 -0.02469635 0.59018925
v 0.46191887 -0.03423162 0.60836531
v 0.46851932 -0.01995378 0.61190148
v 0.48024396 -0.01857872 0.60130448
v 0.45571782 -0.04697980 0.60490250
v 0.45406135 0.03484833 0.66258285
v 0.46713129 0.03943787 0.65127977
v 0.38440388 -0.19328837 0.51683041
v 0.38330301 -0.18520537 0.52808826
v 0.39632275 -0.18781222 0.51549566
v 0.37395334 -0.19452542 0.52251025
v 0.39024242 -0.19780770 0.50658002
v 0.37765634 -0.20082145 0.51138961
v 0.39633658 -0.17919541 0.52647001
v 0.36890974 -0.18868159 0.53368873
v 0.38949069 -0.17412818 0.53756538
v 0.40736407 -0.17861336 0.51924325
v 0.41007789 -0.18629054 0.50750029
v 0.40143917 -0.19408727 0.50354462
v 0.35542573 0.05119081 0.75979296
v 0.34363914 0.04047146 0.76169897
v 0.34470814 0.05141158 0.76770996
v 0.35153186 0.06280454 0.76917528
v 0.36584325 0.06155164 0.75796251
v 0.36814144 0.05028582 0.74972062
v 0.35014617 -0.03522468 0.70013751
v 0.33892536 -0.03478345 0.70844256
v 0.33964084 -0.02444238 0.71650188
v 0.34612156 -0.01539615 0.71919869
v 0.29341915 0.52472828 0.74799183
v 0.44038262 -0.07184662 0.59925457
v 0.44067860 -0.09237859 0.58239041
v 0.43491481 -0.08477007 0.59333076
v 0.44596423 -0.10041378 0.57139986
v 0.45647741 -0.09723747 0.56571874
v 0.33088530 0.44903029 0.77172346
v 0.32816884 0.46207748 0.76319096
v 0.33299748 0.46481199 0.75044279
v 0.52480287 -0.07803462 0.51919387
v 0.53068512 -0.06454274 0.52149060
v 0.53595530 -0.07476764 0.50955542
v 0.52810084 -0.08492059 0.51128646
v 0.51428678 -0.08228693 0.52667167
v 0.52033355 -0.07174751 0.52780225
v 0.51935992 -0.08924405 0.51692710
v 0.52124075 -0.06120828 0.53344980
v 0.51020526 -0.07232971 0.53732459
v 0.42004106 -0.07955140 0.60948812
v 0.42932593 -0.06965786 0.61005953
v 0.42963539 -0.07891340 0.60239194
v 0.42329330 -0.08838521 0.59955799
v 0.41039877 -0.09060990 0.60768897
v 0.41019696 -0.08026758 0.61663493
v 0.41718581 -0.06896675 0.62037597
v 0.40332304 -0.02753722 0.66495686
v 0.40311695 -0.03785474 0.65690665
v 0.39323201 -0.04718139 0.65729403
v 0.40171475 -0.01642970 0.67502415
v 0.38876207 -0.23697541 0.44958950
v 0.39635828 -0.23050191 0.45442446
v 0.39683930 -0.23671534 0.44398853
v 0.40469092 -0.22220182 0.46112385
v 0.40849947 -0.22977479 0.44645945
v 0.19465556 -0.01748310 0.80070220
v 0.19333300 -0.00682888 0.80961413
v 0.20297679 -0.01382264 0.80017787
v 0.20250211 -0.02280973 0.79311856
v 0.21096016 -0.00539984 0.80330547
v 0.21331033 -0.01672076 0.79337149
v 0.18455317 -0.00146901 0.81731469
v 0.19002298 0.00431291 0.81953033
v 0.18162376 0.09719787 0.87958810
v 0.18342333 0.08590360 0.87331108
v 0.17017067 0.08840396 0.87987342
v 0.19518261 0.10425918 0.87703484
v 0.19213074 0.09297683 0.87319788
v 0.16731256 0.10191319 0.88778937
v 0.18122225 0.10940576 0.88542244
v 0.19617428 0.08342824 0.86678926
v 0.18601126 0.07663465 0.86743701
v 0.17400444 0.07662927 0.87215374
v 0.15795910 0.07768716 0.87889672
v 0.15627486 0.09127257 0.88688079
v 0.21543835 0.26973786 0.91723135
v 0.20371795 0.27280903 0.92725551
v 0.19985974 0.28244399 0.93278072
v 0.22932679 0.27970116 0.90842674
v 0.40137026 -0.12068316 0.58713019
v 0.18705840 -0.08666122 0.74405757
v 0.16179552 -0.07919944 0.75999985
v 0.17240872 -0.07154090 0.76312725
v 0.18572901 -0.07535140 0.75475738
v 0.46380528 0.14702961 0.69830603
v 0.47006439 0.13461292 0.68821794
v 0.45815558 0.13263321 0.70169501
v 0.45277181 0.14359705 0.71026125
v 0.45700242 0.15940502 0.70816911
v 0.46894463 0.16113641 0.69459971
v 0.47439876 0.15081677 0.68636351
v 0.47931593 0.12761358 0.67522397
v 0.46978976 0.11864440 0.68437879
v 0.46233992 0.12305425 0.69447490
v 0.48128824 0.14271316 0.67618845
v 0.10259077 0.02861288 0.86574305
v 0.11219643 0.03579711 0.86810775
v 0.11657356 0.02667548 0.86037539
v 0.10520073 0.01677251 0.85636162
v 0.09303494 0.02158102 0.86317389
v 0.08919216 0.03065094 0.87084390
v 0.09938288 0.04037402 0.87497442
v 0.13213780 0.02368015 0.85362525
v 0.11946175 0.01709432 0.85267399
v 0.11427066 0.04535315 0.87405482
v 0.51329596 0.19012821 0.63115252
v 0.51910706 0.18269644 0.62075011
v 0.51379189 0.17703565 0.63297105
v 0.50888844 0.18376983 0.64108414
v 0.50704562 0.19459655 0.64272859
v 0.51055176 0.20383415 0.63115518
v 0.50466671 0.20729092 0.64474601
v 0.23940658 -0.02384959 0.77544871
v 0.22480868 -0.03161365 0.77601542
v 0.22099571 -0.04399686 0.76739410
v 0.22362527 -0.05497971 0.75688611
v 0.33870388 -0.19726875 0.54266792
v 0.33551566 -0.18886728 0.55574866
v 0.35011679 -0.18845824 0.54667614
v 0.35064642 -0.19767291 0.53419594
v 0.32544826 -0.19852986 0.54961016
v 0.31914078 -0.18943947 0.56560563
v 0.34631892 -0.17953973 0.56048936
v 0.33321539 -0.17966857 0.56892391
v 0.36202084 -0.18521246 0.54289748
v 0.35871860 -0.19145526 0.53708047
v 0.04496468 0.05702992 0.90133510
v 0.05143507 0.04825110 0.89328758
v 0.03708864 0.05038278 0.89818103
v 0.04721754 0.06730154 0.90808129
v 0.05430068 0.05857697 0.90014504
v 0.03460517 0.06049632 0.90621787
v 0.08327438 0.04017998 0.87929610
v 0.08993181 0.05014711 0.88447183
v 0.10395183 0.05227906 0.88183106
v 0.22515345 0.08976034 0.85688286
v 0.23185848 0.08079861 0.84933385
v 0.21972584 0.07927258 0.85431143
v 0.21657986 0.09753338 0.86447630
v 0.22906757 0.10128497 0.86016499
v 0.21309839 0.08722272 0.86130764
v 0.32486370 -0.04091073 0.71284937
v 0.32189369 -0.05221016 0.70522097
v 0.31152044 -0.04794989 0.71548195
v 0.33372557 -0.04639184 0.70228747
v 0.32840952 -0.02910615 0.72032849
v 0.31462817 -0.03514426 0.72429251
v 0.33022346 -0.05537902 0.69698493
v 0.29956427 -0.04268763 0.72732423
v 0.29774378 -0.05674512 0.71643560
v 0.02857447 0.04357655 0.89473232
v 0.02304313 0.05293429 0.90296709
v 0.03972684 0.04015552 0.88982444
v 0.02245415 0.06375146 0.91124825
v 0.10718821 -0.08468099 0.77093908
v 0.23392864 -0.26478076 0.50861150
v 0.23332249 -0.25728702 0.52095973
v 0.51226692 -0.05858127 0.54427163
v 0.50370651 -0.05569166 0.55469009
v 0.51275014 -0.04681527 0.55101986
v 0.50232565 -0.06672485 0.54880955
v 0.52188661 -0.04873049 0.54024780
v 0.49472408 -0.06356405 0.55818761
v 0.49492662 -0.05368547 0.56451018
v 0.50373281 -0.04482075 0.56144781
v 0.18605694 0.13749611 0.89504293
v 0.20203233 0.13954554 0.88805563
v 0.19659950 0.12694512 0.88588191
v 0.18232880 0.15114590 0.90219603
v 0.19414803 0.14740487 0.89487985
v 0.17357344 0.13237583 0.89885654
v 0.17258472 0.14211943 0.90339052
v 0.18060621 0.12290989 0.89159503
v 0.21181208 0.12990416 0.87972525
v 0.24452956 -0.18624061 0.61315572
v 0.23082405 -0.18785829 0.61817564
v 0.23705742 -0.18105325 0.62349557
v 0.24505295 -0.19544321 0.60127478
v 0.23434962 -0.19518039 0.60716375
v 0.24597723 -0.17601663 0.62500253
v 0.25850973 -0.19011066 0.60079617
v 0.25844361 -0.17780273 0.61609875
v 0.30537967 0.44775687 0.81403525
v 0.30829365 0.43597099 0.81640184
v 0.29910789 0.44363178 0.82518843
v 0.30600140 0.45762387 0.80591508
v 0.31307933 0.44545562 0.80357814
v 0.32355022 0.44338125 0.78833111
v 0.31875123 0.43087208 0.80389544
v 0.31429825 0.45738310 0.79241852
v 0.41242878 0.06995632 0.72391224
v 0.40156261 0.07547565 0.73630937
v 0.41473627 0.08260361 0.72814932
v 0.40022644 0.06053582 0.72960448
v 0.42371644 0.07794183 0.71752634
v 0.42275566 0.06467813 0.71149585
v 0.41100361 0.05924020 0.71939916
v 0.40764269 0.09019293 0.73788728
v 0.41764296 0.09319835 0.73029391
v 0.42498197 0.08972384 0.72187229
v 0.26687025 -0.03018373 0.75633342
v 0.27959737 -0.03061137 0.74900336
v 0.27062272 -0.03757754 0.74825923
v 0.27628184 -0.01917916 0.76006032
v 0.26258043 -0.02286494 0.76456880
v 0.27915674 -0.04088164 0.74078320
v 0.26744240 -0.04660756 0.74237735
v 0.49319403 -0.14546735 0.49092188
v 0.48477142 -0.15606437 0.48664911
v 0.50019128 -0.13555443 0.49497918
v 0.50658141 -0.14123746 0.48351743
v 0.48027726 -0.14849105 0.49857384
v 0.49021452 -0.13714325 0.50193903
v 0.52568363 0.14421864 0.61301659
v 0.53046814 0.14385995 0.60352028
v 0.52598368 0.13249301 0.61048066
v 0.52783159 0.15201561 0.60901851
v 0.52207930 0.15279661 0.61951099
v 0.53111641 0.15548113 0.59891705
v 0.53484844 0.14442136 0.59256467
v 0.53337119 0.13352218 0.59672614
v 0.20251237 -0.16970122 0.65294019
v 0.20542196 -0.17843257 0.64142196
v 0.19016259 -0.17635354 0.65040772
v 0.20841922 -0.15984395 0.66161507
v 0.21478873 -0.16871397 0.64864474
v 0.19344117 -0.16537942 0.66174389
v 0.21810751 -0.17592182 0.63874840
v 0.21459485 -0.18276750 0.63216732
v 0.20379375 -0.19066802 0.62734860
v 0.19331880 -0.18525099 0.63852217
v 0.18041632 -0.18639235 0.64251757
v 0.18032139 -0.17031733 0.66146077
v 0.17479848 -0.17912474 0.65340698
v 0.40480484 -0.16995481 0.53164601
v 0.39631617 -0.16418106 0.54461534
v 0.23537633 -0.10607559 0.70522059
v 0.22538195 -0.11633815 0.69994680
v 0.34551867 -0.13073275 0.61661344
v 0.34374350 -0.12241494 0.62633908
v 0.33965387 -0.14181339 0.60878457
v 0.33316698 -0.13599498 0.61934053
v 0.33694041 -0.12786764 0.62538185
v 0.29794503 0.41101977 0.84014666
v 0.30520351 0.39887374 0.83441437
v 0.29547434 0.40017427 0.84592053
v 0.28885558 0.40804166 0.85171266
v 0.30604612 0.41293020 0.82938324
v 0.28760171 0.39548511 0.85581063
v 0.29666916 0.38719586 0.84690415
v 0.31440440 0.40654318 0.82071376
v 0.31623718 0.39204610 0.82259280
v 0.30800554 0.38219952 0.83452454
v 0.17011978 0.33553470 0.95223215
v 0.16315912 0.32507635 0.95749552
v 0.18343265 0.33769487 0.94789283
v 0.17612193 0.32526739 0.95305300
v 0.19073420 0.35065208 0.94233027
v 0.19737653 0.33965436 0.94163897
v 0.19047403 0.32622184 0.94578764
v 0.28729392 0.38429681 0.85798067
v 0.29156404 0.37459257 0.85441477
v 0.28145769 0.37529364 0.86537077
v 0.27870903 0.38858784 0.86661126
v 0.30044182 0.37448912 0.84449060
v 0.29673582 0.36311503 0.84980508
v 0.28611752 0.36292948 0.86136219
v 0.26938106 0.37758437 0.87795640
v 0.27525170 0.36335854 0.87298091
v 0.13990732 -0.15185705 0.69598061
v 0.14986117 -0.15832165 0.68586495
v 0.14425009 -0.17000617 0.67474059
v 0.55311938 -0.05624321 0.50011322
v 0.54604746 -0.06804802 0.50232307
v 0.54209809 -0.06103499 0.51089698
v 0.54740833 -0.04850131 0.51139380
v 0.56261103 -0.04520458 0.49269964
v 0.56260178 -0.05742499 0.48685336
v 0.55583446 -0.04360119 0.50295832
v 0.55394119 -0.06876089 0.49224302
v 0.55232021 -0.03570523 0.51128495
v 0.56251099 -0.03182281 0.49854524
v 0.36859874 -0.09201761 0.63763788
v 0.35414060 0.39520073 0.77265777
v 0.35532036 0.38305316 0.77609219
v 0.34664375 0.39155694 0.78416407
v 0.34798642 0.40448837 0.77674290
v 0.36223145 0.39086975 0.76347530
v 0.16599471 -0.06425348 0.77194034
v 0.16759268 -0.05567851 0.77890837
v 0.17637798 -0.06050414 0.77150413
v 0.15838660 -0.07143073 0.76813609
v 0.15928324 -0.05108911 0.78577508
v 0.18632908 -0.06440072 0.76427718
v 0.25337246 -0.02054948 0.77120185
v 0.26366648 -0.01334142 0.77154454
v 0.03246861 0.07151739 0.91466505
v 0.51377270 0.11257899 0.62468269
v 0.50458447 0.10803867 0.63662011
v 0.52258419 0.11822657 0.61288111
v 0.42948096 -0.25687259 0.38449680
v 0.41601357 -0.26406398 0.38125195
v 0.45223842 0.11787498 0.70429264
v 0.26758914 0.06507532 0.82291508
v 0.26994149 0.05553272 0.81626096
v 0.33506559 -0.12068704 0.63382504
v 0.23380019 0.20409946 0.88892439
v 0.24034474 0.21846610 0.88768518
v 0.24372034 0.19318237 0.88041721
v 0.24566661 0.20680154 0.88199104
v 0.15837360 0.20603064 0.93657089
v 0.15966107 0.19178095 0.93007187
v 0.14946072 0.19727774 0.93839518
v 0.14589982 0.20423581 0.94349089
v 0.17100738 0.21295183 0.93124867
v 0.17201427 0.20192455 0.92654981
v 0.14897734 0.21386881 0.94567125
v 0.16237819 0.22086799 0.93987348
v 0.13766016 0.19576199 0.94462681
v 0.14642111 0.18887265 0.93655801
v 0.17505544 0.19032242 0.92052048
v 0.16655861 0.18034147 0.92165329
v 0.15104533 0.17779637 0.92917409
v 0.45430140 -0.23509555 0.40329497
v 0.45289084 -0.24330325 0.39065648
v 0.44308390 -0.24246096 0.39969052
v 0.45536122 -0.22566566 0.41752338
v 0.44336661 -0.23501903 0.41187511
v 0.46412162 -0.23645506 0.39340474
v 0.44151768 -0.25026153 0.38728000
v 0.46179238 -0.24378778 0.38288776
v 0.45245319 -0.25152751 0.37653878
v 0.39935717 -0.08679148 0.61948534
v 0.40425211 -0.10259602 0.60184483
v 0.39911922 -0.09632063 0.61135779
v 0.41622863 -0.09946287 0.59548171
v 0.42838008 -0.09623530 0.58885847
v 0.09297969 0.18073127 0.96038901
v 0.10152727 0.19053117 0.96123963
v 0.10352238 0.17768799 0.95394635
v 0.09205764 0.16749249 0.95385423
v 0.34472134 -0.14943637 0.59697228
v 0.35090301 -0.15690780 0.58438810
v 0.33511816 -0.16123512 0.58984271
v 0.33243305 -0.15133735 0.60302124
v 0.34742651 0.32484941 0.80099194
v 0.35915438 0.32440002 0.78903017
v 0.34364008 0.30093552 0.80865453
v 0.34040735 0.31299551 0.80993065
v 0.36578000 0.33918094 0.77807689
v 0.37051533 0.32306467 0.77766588
v 0.35339464 0.33751135 0.79210939
v 0.34229701 0.33788737 0.80392726
v 0.33620133 0.32563071 0.81225453
v 0.39515873 0.08645223 0.74698561
v 0.40112661 0.10105949 0.74797942
v 0.41502503 0.10322057 0.73661198
v 0.23464670 -0.07222871 0.73682572
v 0.22287727 -0.07862869 0.73645995
v 0.22630631 -0.06591439 0.74616473
v 0.23518471 -0.08181292 0.72801612
v 0.24188002 -0.06313361 0.74132112
v 0.24689244 -0.07217997 0.73096291
v 0.58708958 -0.09826093 0.42506948
v 0.57789642 -0.10788299 0.43261639
v 0.59287538 -0.09941176 0.41375146
v 0.58595940 -0.11115335 0.41684267
v 0.59448572 -0.08857992 0.41729983
v 0.33287702 0.41152976 0.79422378
v 0.33928907 0.40217259 0.78970759
v 0.33032269 0.40106442 0.80203051
v 0.32323711 0.41388364 0.80612709
v 0.33053896 0.42555404 0.78982220
v 0.34017353 0.41477982 0.78238382
v 0.32230535 0.40048063 0.81261785
v 0.33690530 0.38916071 0.79761699
v 0.32650384 0.38903270 0.81071958
v 0.45230093 -0.10714461 0.56060904
v 0.43859561 -0.11312636 0.56598363
v 0.44829511 -0.11826386 0.55382127
v 0.46411077 -0.10086455 0.55645862
v 0.46031537 -0.11237475 0.54962651
v 0.47725983 -0.09249208 0.55231581
v 0.47241029 -0.10601351 0.54531021
v 0.27917211 0.04294465 0.80363633
v 0.28199717 0.05333551 0.80826971
v 0.28960835 0.04523136 0.79903320
v 0.28171508 0.03393193 0.79630466
v 0.27204461 0.03760120 0.80417100
v 0.27070268 0.04567349 0.80997296
v 0.29466966 0.03776904 0.79138481
v 0.27906312 0.06455123 0.81626676
v 0.15836450 0.15384655 0.91521624
v 0.15135548 0.16260414 0.92249248
v 0.16473494 0.16165228 0.91524063
v 0.14739622 0.14838144 0.91814850
v 0.16881331 0.15218413 0.90934932
v 0.16039132 0.14418115 0.91007814
v 0.16141146 0.17063853 0.92062028
v 0.17455812 0.17025434 0.91343303
v 0.17514324 0.15973149 0.90914793
v 0.13973480 0.15731218 0.92600633
v 0.13824657 0.16818307 0.93175156
v 0.42648625 0.25122698 0.73740022
v 0.41320334 0.24925461 0.75154769
v 0.41748730 0.26242036 0.74476346
v 0.42670346 0.26901624 0.73350073
v 0.43699214 0.26154780 0.72389279
v 0.43808362 0.24772551 0.72557711
v 0.43228385 0.23566521 0.73386117
v 0.41939871 0.23418273 0.74737387
v 0.44516443 0.27054682 0.71222383
v 0.44834551 0.25545700 0.71224251
v 0.43616668 0.27637345 0.72111491
v 0.18237893 0.31308682 0.95021487
v 0.40695001 0.16645770 0.75934406
v 0.13873701 0.00317924 0.83664437
v 0.15011243 -0.00140505 0.82956702
v 0.14115738 -0.00769700 0.82754466
v 0.12890853 0.01139497 0.84575205
v 0.14263763 0.01477550 0.84401211
v 0.12584598 0.00257993 0.84008302
v 0.12903615 -0.00543543 0.83297097
v 0.15308233 0.00781334 0.83549622
v 0.15516963 0.01747869 0.84185659
v 0.16823512 0.01318199 0.83413546
v 0.16354689 -0.00072680 0.82548048
v 0.12958536 0.24106834 0.96777057
v 0.14582454 0.24115439 0.95828910
v 0.13525750 0.22998611 0.96059469
v 0.11186006 0.24084838 0.97630248
v 0.12441163 0.25270031 0.97412750
v 0.12123455 0.22933383 0.96808692
v 0.13840645 0.25333324 0.96687999
v 0.46975335 -0.00685822 0.61946233
v 0.45888903 -0.01458140 0.62493658
v 0.47939882 0.00331442 0.61596953
v 0.47977039 -0.00824403 0.60831420
v 0.45476584 -0.02692022 0.62014903
v 0.44544655 -0.02095284 0.63303023
v 0.21805850 -0.15237182 0.66577669
v 0.21970042 -0.14600777 0.67206616
v 0.22831937 -0.14825062 0.66554328
v 0.22526662 -0.15884144 0.65510769
v 0.20898398 -0.14866389 0.67386812
v 0.22702710 -0.14016718 0.67492456
v 0.21651559 -0.14028921 0.67961275
v 0.29264190 0.51074776 0.77023131
v 0.28276875 0.51423542 0.77850755
v 0.35272318 0.36043717 0.78700308
v 0.36416644 0.35819755 0.77399548
v 0.35694741 0.34900464 0.78530409
v 0.34786014 0.34957342 0.79543581
v 0.35683359 0.37035999 0.77884812
v 0.34418603 0.36044467 0.79697341
v 0.34545646 0.37464746 0.79143710
v 0.37305736 0.36355782 0.76121962
v 0.37697114 0.34962940 0.76192106
v 0.36585509 0.37511017 0.76555515
v 0.20990187 -0.07471528 0.74559449
v 0.21402410 -0.06354133 0.75370639
v 0.40802167 0.23724350 0.75837804
v 0.39677502 0.23169302 0.76956261
v 0.40221116 0.27796171 0.75723758
v 0.41470798 0.27969399 0.74369903
v 0.19482891 0.07167530 0.86113332
v 0.20391680 0.09365738 0.86843408
v 0.20519019 0.08548616 0.86402354
v 0.20705517 0.07751228 0.85908096
v 0.18117904 0.06572284 0.86326759
v 0.06155802 0.06553911 0.90311900
v 0.06623500 0.05462424 0.89416034
v 0.05925331 0.07746115 0.91185750
v 0.07011746 0.07143244 0.90473271
v 0.07213824 0.06378837 0.89897484
v 0.08048235 0.05801929 0.89260315
v 0.07729260 0.04851387 0.88685769
v 0.06630635 0.03972616 0.88334076
v 0.40533790 0.34686331 0.72959563
v 0.41088895 0.35245586 0.71930858
v 0.41273262 0.33999359 0.72394724
v 0.40276258 0.33488148 0.73818440
v 0.39683248 0.34909778 0.73870384
v 0.40233934 0.35762558 0.72746985
v 0.23506134 -0.01435327 0.78523625
v 0.22518555 -0.02071980 0.78477067
v 0.22462056 -0.01021060 0.79341728
v 0.46822835 0.28048730 0.67437604
v 0.45951341 0.29142638 0.68158372
v 0.45941261 0.27695565 0.69106717
v 0.47510572 0.27050693 0.67097523
v 0.46888900 0.26697490 0.68244412
v 0.29639395 0.16703946 0.84285607
v 0.30627436 0.16563949 0.83623846
v 0.30067469 0.15392362 0.83737661
v 0.28792276 0.15720995 0.84610125
v 0.48709135 -0.08064952 0.55297214
v 0.48603979 -0.07137380 0.56069946
v 0.44455403 0.19209317 0.72435437
v 0.43578847 0.20339326 0.73305288
v 0.42798398 0.21424792 0.74068363
v 0.43624830 0.22151310 0.73139507
v 0.42124581 0.20410515 0.74765793
v 0.60868792 -0.09433428 0.38193126
v 0.60272508 -0.10046747 0.39303856
v 0.60493046 -0.08912636 0.39399488
v 0.59552491 -0.10606402 0.40387580
v 0.59927158 -0.09335771 0.40459622
v 0.59928280 -0.11172148 0.39266584
v 0.30648614 0.29607905 0.84294331
v 0.29799726 0.30665089 0.85061031
v 0.31003793 0.31182470 0.83912955
v 0.32036665 0.30191227 0.83001043
v 0.31558385 0.28467011 0.83528572
v 0.30060754 0.32331751 0.84782441
v 0.31470058 0.32734829 0.83365931
v 0.32006917 0.31620625 0.82925491
v 0.44962131 0.04504972 0.67343762
v 0.46039489 0.04559309 0.66237543
v 0.43824668 0.03929643 0.68154175
v 0.31704705 0.09327925 0.80749772
v 0.30568282 0.09807860 0.81652849
v 0.30818330 0.11180620 0.82031036
v 0.31395501 0.12430370 0.82090318
v 0.54035433 -0.17984249 0.40627569
v 0.53756838 -0.17373101 0.41660200
v 0.54522660 -0.17238023 0.41007929
v 0.54573463 -0.18549344 0.39319752
v 0.54887109 -0.17561231 0.40208430
v 0.42730574 0.28386225 0.72905240
v 0.44401502 0.28387408 0.70936404
v 0.42130174 0.29296837 0.73298956
v 0.47161937 -0.14694483 0.50728212
v 0.46830265 -0.14039421 0.51659165
v 0.47929208 -0.13891800 0.50931376
v 0.46037727 -0.15226798 0.51025314
v 0.46935980 -0.15419854 0.50124726
v 0.45565102 -0.14334370 0.52340755
v 0.34215886 -0.26127905 0.44202919
v 0.33724184 -0.26929614 0.43106922
v 0.34826863 -0.26882419 0.42380245
v 0.34124523 -0.25554831 0.45277767
v 0.20651786 0.11589233 0.87683280
v 0.22203228 0.12097265 0.87144528
v 0.21913498 0.10884284 0.86810469
v 0.20834658 0.10412048 0.87113923
v 0.19208864 0.11593028 0.88348314
v 0.45297909 0.30273081 0.68561823
v 0.25080023 -0.33457061 0.35729803
v 0.35886958 -0.27623341 0.40161394
v 0.35057646 -0.28443496 0.39177106
v 0.34608070 -0.27989351 0.40431673
v 0.35334558 -0.27213499 0.41374241
v 0.36621130 -0.26764903 0.41236012
v 0.28627657 -0.28384248 0.44149020
v 0.27700636 -0.28866200 0.43894022
v 0.42710736 0.22462634 0.74075476
v 0.41902521 0.21814060 0.74933564
v 0.06869330 0.11465755 0.93289174
v 0.06313241 0.12440525 0.94080863
v 0.07951779 0.12500828 0.93518558
v 0.07114251 0.10378676 0.92532774
v 0.05899762 0.10761585 0.93173828
v 0.05735208 0.11670134 0.93802572
v 0.08119233 0.11045015 0.92589534
v 0.06769938 0.13272995 0.94422131
v 0.07618441 0.13728362 0.94371278
v 0.09021879 0.13789211 0.93844106
v 0.09459875 0.12661279 0.93031716
v 0.09324218 0.11591370 0.92466597
v 0.28964621 -0.05121140 0.72604273
v 0.29066896 -0.03475811 0.73925233
v 0.30411546 -0.02890695 0.73600789
v 0.28758851 -0.04426019 0.73315119
v 0.28448704 -0.06038658 0.72110760
v 0.27796961 -0.05199937 0.73202537
v 0.28972879 -0.06637237 0.71285907
v 0.57254253 -0.02134182 0.48615609
v 0.56947798 -0.03551706 0.48633916
v 0.56531659 -0.01836713 0.49967476
v 0.52354680 -0.14769253 0.46054901
v 0.51874102 -0.14008978 0.47344081
v 0.40494436 0.38419049 0.69991381
v 0.40742891 0.37248032 0.70905829
v 0.39956175 0.38411515 0.71239073
v 0.39938396 0.39137596 0.70518756
v 0.41567506 0.35974040 0.70633051
v 0.41783772 -0.27040368 0.36765606
v 0.40411191 -0.27380430 0.37141489
v 0.42787447 -0.26441061 0.37160644
v 0.43922904 -0.25808315 0.37483856
v 0.46118488 0.06761350 0.67362877
v 0.45088581 0.05816765 0.67971561
v 0.45181215 0.06972679 0.68500169
v 0.47171439 0.08039226 0.66772633
v 0.47082844 0.06532921 0.66152418
v 0.46039923 0.07687934 0.67922687
v 0.46061912 0.05575083 0.66789950
v 0.43959680 0.04959208 0.68638809
v 0.44143093 0.06153032 0.69142684
v 0.45346256 0.08204762 0.68926107
v 0.44288716 0.07282710 0.69597329
v 0.31373984 -0.29473922 0.39927951
v 0.30294349 -0.30001218 0.39656770
v 0.30602769 -0.29277400 0.40919039
v 0.32616605 -0.29254454 0.39412117
v 0.31344630 -0.30033513 0.38768068
v 0.31961187 -0.28783223 0.40877295
v 0.31063625 -0.28379479 0.42348528
v 0.29569011 -0.29119764 0.42018940
v 0.29284241 -0.29868423 0.40708939
v 0.54575179 0.10254923 0.56616739
v 0.54510817 0.11391063 0.56713980
v 0.55125540 0.09939230 0.55211713
v 0.54265556 0.11112415 0.57494191
v 0.54125206 0.08917765 0.57299179
v 0.53769581 0.10210311 0.58272534
v 0.54891907 0.08986007 0.55873140
v 0.13545767 0.20866762 0.95160045
v 0.12518751 0.18989708 0.94891422
v 0.12680109 0.19973594 0.95258543
v 0.13514479 0.18177819 0.93967925
v 0.14109147 -0.04314780 0.79844671
v 0.13578065 -0.03460899 0.80730276
v 0.14672371 -0.03526608 0.80345969
v 0.15672744 -0.04046563 0.79572598
v 0.23354336 -0.29397211 0.45833935
v 0.23596860 -0.28641119 0.47066388
v 0.10475562 0.15823417 0.94328410
v 0.11567768 0.16396568 0.94111950
v 0.11551755 0.15368177 0.93593250
v 0.10627544 0.14439930 0.93522486
v 0.09238101 0.15212292 0.94546396
v 0.10614385 0.16830001 0.94791317
v 0.07888153 0.14734997 0.94841363
v 0.08130654 0.15788644 0.95331124
v 0.49899634 0.09714219 0.64059216
v 0.52698474 0.11129503 0.60402218
v 0.49764287 0.16871208 0.65800990
v 0.50636852 0.17267014 0.64536702
v 0.49217000 0.15213709 0.66362714
v 0.54443302 -0.20760994 0.36522112
v 0.34099192 -0.27556729 0.41654597
v 0.52709931 0.07188502 0.59022651
v 0.52775258 0.05914264 0.58439260
v 0.51850033 0.06385059 0.59949334
v 0.53647702 0.07391305 0.57654671
v 0.51634632 0.04990117 0.59651794
v 0.50780265 0.05481283 0.61011688
v 0.53726151 0.06168396 0.57140686
v 0.53371521 0.04942142 0.57221036
v 0.52344741 0.04305386 0.58403774
v 0.26698182 -0.07288888 0.71990019
v 0.27877074 -0.07200930 0.71413193
v 0.26677193 -0.08349774 0.71037809
v 0.25641414 -0.07763079 0.72126742
v 0.26010899 -0.06758671 0.72826232
v 0.27221042 -0.06368635 0.72513970
v 0.25084385 -0.08858097 0.71415036
v 0.24614631 -0.08142231 0.72312120
v 0.56655685 -0.18680849 0.36806602
v 0.55689223 -0.18621658 0.37992621
v 0.57438143 -0.17845110 0.36857900
v 0.55365059 -0.16572166 0.40797657
v 0.18444971 0.01336410 0.82832165
v 0.38493130 0.31169580 0.76608447
v 0.39186777 0.29965206 0.76229285
v 0.37932087 0.32034376 0.76935399
v 0.38713228 0.32383361 0.75992015
v 0.39450390 0.31421334 0.75522854
v 0.06121051 -0.00792508 0.84742955
v 0.06775016 -0.01958051 0.83643146
v 0.28862081 0.31443457 0.85953896
v 0.26327474 0.30645115 0.88316582
v 0.26968869 0.31554397 0.87794795
v 0.28823458 0.30214233 0.85965418
v 0.28974681 0.32731992 0.85859444
v 0.29302169 -0.02148492 0.74866298
v 0.28902054 -0.01093211 0.75942824
v 0.30355930 -0.00800544 0.75309084
v 0.30737556 -0.01800017 0.74288233
v 0.22577317 -0.20150458 0.60336602
v 0.23604252 -0.20404500 0.59482165
v 0.04296747 0.08023166 0.91817152
v 0.48969775 0.00303585 0.60471284
v 0.49103927 -0.00981518 0.59565795
v 0.50013121 0.00351578 0.59355090
v 0.58312333 0.01511680 0.46722718
v 0.48294784 0.15545503 0.67641077
v 0.48799498 0.16769091 0.67133259
v 0.21675739 0.37719393 0.92267722
v 0.22029783 0.39047334 0.91476363
v 0.26828526 0.39407321 0.87659486
v 0.27776371 0.40409894 0.86466802
v 0.54284111 0.05644499 0.56104015
v 0.54425806 0.06924906 0.56272766
v 0.54935492 0.04896946 0.54827267
v 0.53984074 0.04421738 0.56139312
v 0.55088009 0.06459180 0.54986476
v 0.50513176 -0.21955209 0.38616900
v 0.51610602 -0.21863825 0.37742211
v 0.15345183 -0.00990090 0.82186551
v 0.14361575 -0.01763131 0.81888747
v 0.14516809 -0.02732730 0.81053959
v 0.36927712 -0.06766107 0.65848237
v 0.42520650 -0.13270755 0.55754812
v 0.42619112 -0.12252164 0.56675289
v 0.43669374 -0.12496469 0.55646311
v 0.41330004 -0.14020965 0.55872299
v 0.41460395 -0.13047925 0.56767673
v 0.43588442 -0.13484460 0.54736207
v 0.42391550 -0.14255505 0.54839572
v 0.43481196 -0.14480394 0.53782393
v 0.42204482 -0.15254970 0.53900401
v 0.41157165 -0.14974487 0.54983313
v 0.12889832 -0.12327446 0.72861205
v 0.13352916 -0.11369817 0.73669283
v 0.12021564 -0.11678791 0.73745558
v 0.12407284 -0.13333062 0.71985190
v 0.13949236 -0.10466479 0.74361435
v 0.12415044 -0.10611042 0.74663536
v 0.37236572 0.12025404 0.77808083
v 0.37903499 0.10970150 0.76938544
v 0.36755230 0.10545256 0.77678311
v 0.36925063 0.13512062 0.78471265
v 0.38175361 0.13331226 0.77443354
v 0.38807449 0.12108404 0.76581404
v 0.36074741 0.11342104 0.78484271
v 0.35972253 0.12458165 0.78915769
v 0.37914421 0.14599648 0.77947801
v 0.38829812 0.14298656 0.77153544
v 0.39343461 0.13495101 0.76534181
v 0.06463650 0.08752210 0.91701415
v 0.05259922 0.08921457 0.92166754
v 0.06175849 0.09695449 0.92403613
v 0.07384788 0.09320647 0.91776249
v 0.07528377 0.08106808 0.90948226
v 0.03775571 0.09252905 0.92792984
v 0.04862931 0.10071189 0.93041867
v 0.19749009 -0.14566196 0.68196979
v 0.20704910 -0.14105190 0.68294577
v 0.19598934 -0.15524255 0.67208202
v 0.18469222 -0.15093442 0.68134773
v 0.18789242 -0.14113750 0.69060674
v 0.20033751 -0.13676154 0.69023112
v 0.18287580 -0.16088017 0.67112169
v 0.24266629 0.08154977 0.84440804
v 0.22530657 0.07034557 0.84700413
v 0.32629688 0.08982222 0.80002853
v 0.24290167 0.11659872 0.85940712
v 0.23612863 0.12467898 0.86576010
v 0.25237878 0.12682204 0.85796644
v 0.23183952 0.11305080 0.86363579
v 0.26160298 0.11832374 0.85015355
v 0.37951413 0.38915825 0.73998497
v 0.36846467 0.40002662 0.74981031
v 0.32771542 -0.01160580 0.73495439
v 0.31732384 -0.01006610 0.74293466
v 0.32907587 -0.00220942 0.74135770
v 0.34027932 -0.00632139 0.73047419
v 0.33347397 -0.01803512 0.72592716
v 0.31897147 -0.02152043 0.73271060
v 0.37720925 0.09621730 0.76569662
v 0.36930642 0.08230817 0.76583179
v 0.60850305 -0.04354118 0.38823889
v 0.61030170 -0.05220257 0.38301495
v 0.28852150 0.01445265 0.77898271
v 0.29311973 0.02681058 0.78498849
v 0.40914111 0.20834570 0.75917682
v 0.54459273 -0.07844272 0.49764912
v 0.53505994 -0.08719773 0.50235798
v 0.39566145 -0.06873871 0.63756455
v 0.40289235 -0.05823847 0.64057981
v 0.40838343 -0.06359910 0.63181162
v 0.39267636 -0.08069202 0.62981172
v 0.38505371 -0.07720958 0.63852717
v 0.38306289 -0.06814381 0.64770945
v 0.39363071 -0.05789312 0.64815200
v 0.40390890 -0.07492998 0.62599114
v 0.31884447 0.36051013 0.82568193
v 0.32396570 0.34850629 0.82180989
v 0.31289625 0.35054622 0.83346510
v 0.32836286 0.36296172 0.81454896
v 0.30853810 0.36527878 0.83645399
v 0.31997960 0.37541916 0.82172391
v 0.31632765 0.34008818 0.83092624
v 0.33665102 0.35182096 0.80739520
v 0.33137291 0.33768405 0.81548824
v 0.32253888 0.33594665 0.82492138
v 0.30210866 0.35090003 0.84494119
v 0.30713916 0.33829005 0.84056344
v 0.42754455 0.03957443 0.69205338
v 0.28877677 -0.07384487 0.70679543
v 0.38885261 0.05671989 0.73715412
v 0.39137482 0.04815979 0.72984234
v 0.37989405 0.06124386 0.74688682
v 0.39187877 0.06549165 0.73951362
v 0.37991663 0.04870111 0.73957182
v 0.55086022 0.07796183 0.55292257
v 0.55475287 0.08827665 0.54426961
v 0.54485575 0.08018264 0.56472231
v 0.39870421 0.37163160 0.72346632
v 0.39068645 0.38626884 0.72518554
v 0.38767654 0.37476643 0.73691767
v 0.57249901 0.03756684 0.50297071
v 0.57504066 0.03075318 0.49639065
v 0.56979096 0.02798029 0.50711688
v 0.57142573 0.04685202 0.50249668
v 0.57593561 0.03939072 0.49259124
v 0.56603514 0.04133885 0.51650752
v 0.55840069 0.03514053 0.52976154
v 0.55822148 0.04639743 0.53268785
v 0.56123997 0.02493649 0.52188816
v 0.10999802 -0.00931728 0.83520703
v 0.11751427 -0.00326754 0.83793838
v 0.09499624 -0.02153468 0.82893636
v 0.09911665 -0.01102462 0.83653823
v 0.59742011 -0.14367664 0.37019655
v 0.59583598 -0.13485978 0.38085372
v 0.59119899 -0.13160974 0.39127127
v 0.58668983 -0.14445355 0.38645925
v 0.48718997 -0.12986943 0.51158634
v 0.26793012 0.45917211 0.84958802
v 0.25292038 0.43603241 0.87488167
v 0.31565591 0.04374559 0.78247040
v 0.30478640 0.03595873 0.78420574
v 0.32653007 0.05022498 0.77947008
v 0.32445307 0.04155870 0.77554120
v 0.30130420 0.26596379 0.84769578
v 0.31162448 0.26926037 0.83917290
v 0.30642947 0.25576338 0.84346337
v 0.45752888 -0.25601665 0.36443156
v 0.32626402 0.27281340 0.82681237
v 0.33756380 0.28183390 0.81646369
v 0.58270626 -0.06275032 0.45289835
v 0.04576620 0.11306045 0.93930183
v 0.04984627 0.12378067 0.94484132
v 0.15092401 -0.17844948 0.66294953
v 0.16180570 -0.17992246 0.65739637
v 0.15945549 -0.17202678 0.66734594
v 0.49428191 -0.04367060 0.57152836
v 0.48584954 -0.05246985 0.57386924
v 0.49743356 -0.02501412 0.57993071
v 0.52642740 0.16266961 0.60992339
v 0.52485033 0.17598397 0.61000186
v 0.50294069 -0.17895058 0.44351167
v 0.24407356 0.28201652 0.89661746
v 0.25206284 0.29654022 0.89210072
v 0.25943321 0.37242783 0.88912321
v 0.25750948 0.38562669 0.88901808
v 0.26457533 0.36280578 0.88442432
v 0.34435719 -0.04239762 0.69826786
v 0.38218744 -0.05691276 0.65784241
v 0.16172601 -0.15458539 0.68591923
v 0.15964600 -0.16310272 0.67729261
v 0.15520607 -0.14882776 0.69428426
v 0.17181326 -0.14544994 0.69204948
v 0.17192601 -0.15693452 0.67967100
v 0.09175197 -0.04724016 0.80776840
v 0.08380690 -0.05902784 0.79912197
v 0.09612260 -0.03791590 0.81486598
v 0.40957806 0.11114160 0.74445548
v 0.42542690 0.10088312 0.72604973
v 0.22582390 -0.28375770 0.48167760
v 0.21303355 -0.28998897 0.47843880
v 0.22908944 -0.27490620 0.49482941
v 0.44346878 -0.05110050 0.61257013
v 0.42986320 -0.05680671 0.61968466
v 0.43764363 -0.04299499 0.62368741
v 0.43849241 -0.06171307 0.60874212
v 0.44900492 -0.05923706 0.60170393
v 0.44966678 -0.03910226 0.61602728
v 0.14341886 0.09499797 0.89387266
v 0.13320223 0.08699060 0.89339187
v 0.13005073 0.09857484 0.90086980
v 0.15349968 0.10162721 0.89333133
v 0.14504346 0.08356437 0.88709150
v 0.34035837 0.42748278 0.77420430
v 0.33325775 0.43704992 0.77809057
v 0.41477891 -0.11941806 0.57829172
v 0.40929694 -0.11054927 0.59076214
v 0.55265201 -0.10855682 0.46661622
v 0.55798869 -0.09022199 0.47391477
v 0.55239317 -0.10016386 0.47370904
v 0.56582413 -0.11702970 0.44213862
v 0.55223939 -0.11989396 0.45696657
v 0.26162116 0.03780861 0.80977782
v 0.17478993 -0.21741932 0.60606134
v 0.18621793 -0.20893791 0.61214118
v 0.17875036 -0.22517971 0.59422812
v 0.18332346 -0.20273771 0.62132008
v 0.19401883 -0.20059103 0.61936215
v 0.17424835 -0.20830563 0.61801766
v 0.17064489 -0.16624053 0.66983532
v 0.52446620 -0.21104032 0.38074340
v 0.50056278 -0.12387860 0.50560040
v 0.29167682 -0.22056708 0.54063585
v 0.30220013 -0.21132372 0.54705059
v 0.29372057 -0.22855899 0.52778012
v 0.56305152 -0.06940340 0.47992395
v 0.55339447 -0.08170146 0.48507324
v 0.28726124 -0.24546546 0.50634154
v 0.27952374 -0.25436299 0.49724481
v 0.20477089 -0.19944937 0.61600453
v 0.21276606 -0.19555435 0.61724550
v 0.22276294 -0.19543447 0.61262902
v 0.28487824 -0.29012252 0.43038236
v 0.27102385 -0.29524353 0.43024827
v 0.29682753 -0.28426276 0.43297063
v 0.02779093 0.08321004 0.92401868
v 0.49096131 0.07941078 0.64394349
v 0.48867812 0.06028513 0.63751332
v 0.48785096 0.06957943 0.64330119
v 0.49849187 0.05875738 0.62418685
v 0.16590682 -0.18761891 0.64673238
v 0.32125619 -0.27365971 0.43480787
v 0.11123579 -0.10439748 0.75168771
v 0.11871381 -0.09455035 0.75891609
v 0.57432498 -0.12103935 0.42645649
v 0.56458886 -0.12846718 0.43330097
v 0.55528397 -0.12939028 0.44430700
v 0.58078233 -0.12485413 0.41333616
v 0.56925698 -0.13677306 0.41860882
v 0.38789186 0.07407519 0.74719425
v 0.10455333 0.10855178 0.91612093
v 0.11510890 0.11313569 0.91463738
v 0.11635994 0.10235323 0.90814227
v 0.10662049 0.12165158 0.92270337
v 0.09212416 0.10337728 0.91769040
v 0.10353685 0.09543088 0.90885778
v 0.11822645 0.08793024 0.89925752
v 0.51982124 0.16758190 0.62279035
v 0.06400669 0.14338854 0.95178594
v 0.05528013 0.13342763 0.94895295
v 0.06847620 0.15578339 0.95720352
v 0.40143494 0.03047790 0.70984194
v 0.39392241 0.03660182 0.72028248
v 0.40787707 0.04071036 0.71092452
v 0.40197976 0.02090795 0.70276897
v 0.38949374 0.02216616 0.71417285
v 0.41328760 0.03200056 0.70037883
v 0.42439457 -0.20388055 0.47334201
v 0.41402718 -0.21303756 0.46790102
v 0.41205884 -0.20415764 0.48196779
v 0.42356916 -0.19478112 0.48636070
v 0.43474790 -0.19512026 0.47765492
v 0.43445188 -0.20315612 0.46692439
v 0.42662264 -0.21261472 0.45922627
v 0.10171866 0.08089307 0.90079512
v 0.44316581 0.10694656 0.71048642
v 0.43423780 0.09803097 0.71627624
v 0.44298148 0.09538370 0.70626041
v 0.43375274 0.08652742 0.71184086
v 0.33750091 0.05647451 0.77565680
v 0.36342119 0.07142118 0.76505123
v 0.37506685 0.07237524 0.75661652
v 0.53865098 -0.05323508 0.51927942
v 0.54132729 -0.04048438 0.52282168
v 0.54801678 -0.02666361 0.52121786
v 0.53101654 -0.05113085 0.52895432
v 0.25625130 0.20256107 0.87440871
v 0.11541960 0.19643755 0.95713432
v 0.12062180 0.20788548 0.95957482
v 0.11379226 0.18493678 0.95251188
v 0.10489778 0.20558688 0.96654020
v 0.11366901 0.21809243 0.96758279
v 0.12780985 0.21900647 0.96043099
v 0.25899004 0.35027468 0.89060310
v 0.25461650 0.36199790 0.89495090
v 0.24865206 0.35014736 0.90118814
v 0.40836338 0.22390648 0.75921486
v 0.18319423 0.21148897 0.92292323
v 0.17963349 0.22501687 0.92988824
v 0.19472274 0.22162023 0.91867892
v 0.19684648 0.20869392 0.91334204
v 0.18569880 0.19935062 0.91729617
v 0.18112745 0.24004431 0.93405802
v 0.17002553 0.23226556 0.93906899
v 0.44408317 -0.14681641 0.52867306
v 0.44826826 -0.13597804 0.53668115
v 0.44697140 -0.15413652 0.51850242
v 0.43338106 -0.15589813 0.52680703
v 0.29622197 -0.23623388 0.51478814
v 0.30825640 -0.23466572 0.50944291
v 0.28170801 -0.23849357 0.52050239
v 0.46632953 -0.17155424 0.48346730
v 0.46122494 -0.16292080 0.49762479
v 0.47323558 -0.15979878 0.49185831
v 0.47786318 -0.16471143 0.48255333
v 0.45595516 -0.18401581 0.47602423
v 0.44947250 -0.17555047 0.49150816
v 0.46918155 -0.18119185 0.46936726
v 0.44863589 -0.16363179 0.50640778
v 0.47944239 0.24952544 0.67533482
v 0.48456100 0.25366052 0.66446003
v 0.49105678 0.24544665 0.65729557
v 0.45599458 -0.12379804 0.54259469
v 0.44522713 -0.12763321 0.54738584
v 0.44567476 0.23555810 0.71921424
v 0.40750009 0.36296337 0.71704406
v 0.41923601 0.34669339 0.71149422
v 0.09414072 0.07202808 0.89777840
v 0.08834740 0.07863654 0.90381060
v 0.10331959 0.06985752 0.89346970
v 0.08812016 0.09027923 0.91112789
v 0.31077366 -0.11680657 0.65348332
v 0.38097299 0.03753360 0.73161167
v 0.40345742 0.04947338 0.72029622
v 0.25303453 0.02798682 0.80762074
v 0.23826255 0.02782874 0.81489837
v 0.26738145 0.02896573 0.80084555
v 0.23104932 0.03743501 0.82474529
v 0.22445667 0.02750911 0.82135423
v 0.48151648 0.26589965 0.66066260
v 0.33966329 -0.25011932 0.46320710
v 0.24990223 -0.13479752 0.66940609
v 0.26173140 -0.13233004 0.66577796
v 0.25186771 -0.14191358 0.66078996
v 0.23933925 -0.14026613 0.66885398
v 0.25315021 -0.12821193 0.67457550
v 0.24355187 -0.13079682 0.67675598
v 0.26171293 -0.12187524 0.67650922
v 0.26509837 -0.14262461 0.65311180
v 0.57051557 -0.04607361 0.48040889
v 0.40312669 0.29073916 0.75310448
v 0.47966309 0.06198510 0.64948335
v 0.48110957 0.07362652 0.65352624
v 0.48476899 0.08546470 0.65438069
v 0.46973117 0.05301751 0.65621855
v 0.47874911 0.05022769 0.64420566
v 0.21098668 0.36481108 0.93045558
v 0.23173591 0.38109655 0.91203172
v 0.22320004 0.36585816 0.92234862
v 0.20410585 0.35263871 0.93671597
v 0.21624956 0.35371100 0.92941664
v 0.53848775 -0.15472857 0.43718331
v 0.54523379 -0.14125281 0.44426963
v 0.54971016 -0.14746792 0.43262090
v 0.54927350 -0.15697815 0.42271453
v 0.53764158 -0.16541457 0.42609430
v 0.52875189 -0.16495651 0.43581235
v 0.52431968 -0.15860725 0.44760389
v 0.53359916 -0.14833224 0.44954818
v 0.54483444 -0.16683896 0.41686874
v 0.52616222 -0.17522523 0.42619537
v 0.44433131 -0.03255906 0.62560412
v 0.43422500 -0.03290377 0.63427231
v 0.27292742 -0.15528520 0.63483680
v 0.27253168 -0.16645477 0.62196602
v 0.26305708 -0.16022352 0.63459296
v 0.28227234 -0.15678015 0.62780752
v 0.27271774 -0.14770231 0.64348612
v 0.28390176 -0.14768292 0.63714894
v 0.26317096 -0.15241712 0.64342727
v 0.27488681 0.48222528 0.82379157
v 0.15414543 -0.03061686 0.80494112
v 0.52542797 -0.09455325 0.50707821
v 0.52176588 -0.10397655 0.50344097
v 0.51498912 -0.10040160 0.51268745
v 0.53348738 -0.10046919 0.49419656
v 0.54277498 -0.08881745 0.49280516
v 0.33326636 -0.28369263 0.40659854
v 0.32725611 -0.27906930 0.42012739
v 0.24776653 0.40831078 0.89128267
v 0.25975727 0.41424305 0.87951767
v 0.25855406 0.40094439 0.88461939
v 0.25074131 0.42332565 0.88282341
v 0.25001750 0.39522616 0.89394873
v 0.24014367 0.39557936 0.90173283
v 0.24544929 0.38423649 0.90066557
v 0.25070754 0.37344662 0.89784011
v 0.24486171 0.36240297 0.90464259
v 0.55150264 0.03620105 0.54131675
v 0.55317855 0.02569397 0.53544184
v 0.54608252 0.02577538 0.54601501
v 0.54235468 0.03423875 0.55419683
v 0.53804086 0.13458006 0.58352444
v 0.18688013 -0.23512551 0.57714638
v 0.19746252 -0.23807024 0.56806025
v 0.27835700 -0.00482369 0.77020943
v 0.27633272 0.00713318 0.78043338
v 0.28694067 0.00496207 0.77292927
v 0.29372902 -0.00086112 0.76454677
v 0.30597076 0.46910049 0.79616315
v 0.32194976 0.45885159 0.77781438
v 0.31322427 0.47013164 0.78232704
v 0.31821605 -0.17003586 0.59036621
v 0.31163033 -0.18176327 0.58020965
v 0.30535135 -0.17688629 0.59021736
v 0.32397224 -0.15903697 0.59970700
v 0.32271031 -0.17862038 0.57706565
v 0.33080970 -0.17185172 0.58011305
v 0.29774949 -0.18541555 0.58424237
v 0.29588443 -0.17731134 0.59547647
v 0.30600315 -0.18989670 0.57344764
v 0.09208811 -0.03081475 0.82186160
v 0.23009292 0.39598067 0.90791540
v 0.31143723 -0.31408720 0.35851102
v 0.05176821 0.00860051 0.86272138
v 0.04018124 0.01472343 0.86972415
v 0.05527194 0.01982239 0.87085061
v 0.05197632 -0.00049198 0.85533956
v 0.26366697 -0.19912511 0.58652971
v 0.26718773 -0.20514265 0.57671649
v 0.25078341 -0.20135115 0.59059908
v 0.55627818 -0.19650343 0.36747543
v 0.53446514 -0.20547391 0.37861518
v 0.54573155 -0.19637823 0.37913589
v 0.54713139 -0.09508844 0.48340937
v 0.56348108 -0.07952562 0.47360022
v 0.57271679 -0.06991968 0.46571182
v 0.31097319 -0.10753171 0.66239387
v 0.30052988 -0.10557558 0.67068038
v 0.31123530 -0.09807995 0.67114697
v 0.28976156 -0.10365304 0.67885346
v 0.30084909 -0.09551439 0.67989283
v 0.33912763 -0.28685749 0.39576845
v 0.32416078 -0.30066713 0.37850617
v 0.17588516 -0.10794074 0.72829536
v 0.18143938 -0.11609693 0.71835975
v 0.18313726 -0.09805101 0.73502512
v 0.34336526 0.20820061 0.81473050
v 0.35199863 0.21279561 0.80813653
v 0.24651734 0.18075056 0.87603652
v 0.23692104 0.18183611 0.88197255
v 0.58814676 -0.15851182 0.37070931
v 0.60070020 -0.15350223 0.35606945
v 0.21328110 -0.02728942 0.78478435
v 0.60975686 -0.04598552 0.38047367
v 0.28237520 -0.29708011 0.41827206
v 0.27693685 -0.31014694 0.39479312
v 0.26655843 -0.31638716 0.38874735
v 0.26775799 -0.30944067 0.40324462
v 0.27991639 -0.30414969 0.40543954
v 0.25938945 -0.32396470 0.37673458
v 0.25408750 -0.31502997 0.40118462
v 0.25396981 -0.32092293 0.38803917
v 0.53591915 -0.13903490 0.45701459
v 0.52869793 -0.13706712 0.46670345
v 0.54553719 -0.13152677 0.45392535
v 0.53828524 -0.12785043 0.46560558
v 0.40304559 0.30534718 0.74893916
v 0.41284468 0.29788307 0.74066490
v 0.40378147 0.31924748 0.74335593
v 0.41148068 0.31093981 0.73785461
v 0.09854960 0.21955457 0.97517591
v 0.25914757 -0.30805026 0.41259522
v 0.25808054 -0.30246630 0.42492425
v 0.26971075 -0.30276528 0.41593414
v 0.24613165 -0.31047551 0.41679781
v 0.24506995 -0.30274063 0.43347602
v 0.27915233 0.50663829 0.79210507
v 0.29160746 0.50157154 0.78336100
v 0.41838848 -0.05759638 0.62856662
v 0.37829715 0.01074950 0.71505796
v 0.39094312 0.00909305 0.70355091
v 0.37879430 0.00131289 0.70760598
v 0.36695272 0.01266958 0.72536994
v 0.37715161 0.01971558 0.72254857
v 0.36600767 0.00021861 0.71668164
v 0.35291968 -0.00590164 0.72176730
v 0.35307715 0.00488943 0.72993503
v 0.15630968 0.31708224 0.96197147
v 0.16683723 0.31318917 0.95868088
v 0.15415092 0.30773277 0.96462896
v 0.09172390 0.20818073 0.97375638
v 0.09311722 0.19896107 0.96917179
v 0.18761386 0.26104510 0.93619351
v 0.19269909 0.25186171 0.92955388
v 0.17946257 0.25235461 0.93938720
v 0.19616882 0.26373775 0.93057478
v 0.42154722 -0.10739224 0.58431749
v 0.42694830 -0.11349030 0.57465366
v 0.33766257 0.29267881 0.81521064
v 0.33321026 0.30193054 0.81817200
v 0.56178130 -0.15253338 0.41236914
v 0.55761318 -0.14635217 0.42421916
v 0.57395591 -0.14809006 0.40104276
v 0.55712939 -0.13823839 0.43323326
v 0.51259883 -0.11149669 0.50584864
v 0.37831263 0.33242146 0.76651652
v 0.30137919 0.49109430 0.78058503
v 0.16946648 -0.17364508 0.66187678
v 0.31951780 0.25749959 0.83300456
v 0.07414152 0.16718141 0.96119122
v 0.22458122 -0.13187593 0.68471982
v 0.21203378 -0.13381722 0.68834568
v 0.26947072 0.46759457 0.84119380
v 0.26973556 0.47662488 0.83301234
v 0.22428742 0.04439529 0.83239889
v 0.53026121 0.12178137 0.60107231
v 0.55745438 -0.02270043 0.50997429
v 0.55311412 -0.01355879 0.52009938
v 0.44119911 -0.00998847 0.64497287
v 0.43215198 -0.02186800 0.64444864
v 0.42205103 -0.02261145 0.65286967
v 0.45157091 0.29079928 0.69601492
v 0.14254730 0.30236111 0.96884501
v 0.14042027 0.29027694 0.97115999
v 0.14821778 0.02494268 0.84944727
v 0.16410059 0.02645366 0.84501256
v 0.22090838 -0.29906605 0.45691667
v 0.23294428 -0.09069771 0.72099728
v 0.23917205 -0.09502953 0.71397705
v 0.24696963 -0.09887260 0.70647736
v 0.24092077 -0.08743050 0.72023657
v 0.48624792 -0.06184104 0.56718011
v 0.49379677 -0.07209016 0.55319445
v 0.35166563 -0.23354833 0.48152671
v 0.15010951 -0.07994895 0.76319372
v 0.14357691 0.26784623 0.96767106
v 0.15833582 0.27090377 0.95952521
v 0.15416792 0.25651049 0.95810788
v 0.13199415 0.26177191 0.97285689
v 0.13080279 0.27167887 0.97486307
v 0.13882824 0.27919138 0.97186027
v 0.16764114 0.25417267 0.94838494
v 0.15898361 0.24542116 0.95134373
v 0.16575179 0.26400034 0.95278674
v 0.44372637 0.14106926 0.71966202
v 0.43365403 -0.10402088 0.57796484
v 0.21309903 -0.03673385 0.77703013
v 0.29476985 -0.19633826 0.57200905
v 0.28628100 -0.20569066 0.56472325
v 0.28328294 -0.20004909 0.57413563
v 0.30611461 -0.19630027 0.56501035
v 0.28490991 -0.19246484 0.58299125
v 0.29842543 -0.20407396 0.55940698
v 0.27470295 -0.19902911 0.58048892
v 0.27549649 -0.20621176 0.57049221
v 0.20205006 -0.24574939 0.55492059
v 0.22832693 -0.12331636 0.69170267
v 0.21808549 -0.12519702 0.69445605
v 0.23612668 -0.12630055 0.68497842
v 0.23740726 -0.11687475 0.69374672
v 0.20568215 -0.12767576 0.69730633
v 0.47725950 0.26002872 0.67360254
v 0.45997965 0.26064818 0.69673092
v 0.49779577 -0.07811189 0.54513675
v 0.43390877 0.06547417 0.70119849
v 0.43337137 0.07507938 0.70673277
v 0.42866915 0.05377806 0.69961325
v 0.44304176 0.08400955 0.70122959
v 0.17132583 -0.19525420 0.63542015
v 0.54161995 0.12170876 0.57609186
v 0.53907483 0.11414832 0.58311806
v 0.51534648 -0.16434545 0.44992183
v 0.51666480 -0.17057554 0.44106040
v 0.25888071 -0.09638764 0.70267668
v 0.28185858 -0.08257318 0.70286185
v 0.27317679 -0.09390093 0.69730919
v 0.24106445 -0.15135551 0.65588660
v 0.40566246 0.13832055 0.75562186
v 0.39762561 0.14691957 0.76449211
v 0.40904873 0.15341517 0.75562303
v 0.40693286 0.12714342 0.75178017
v 0.39909581 0.12749297 0.75863223
v 0.41723560 0.14579891 0.74673770
v 0.39957427 0.15790881 0.76474847
v 0.38967578 0.15398318 0.77245725
v 0.41806084 0.15467197 0.74766675
v 0.58011373 0.01644784 0.47980759
v 0.57837540 0.02893188 0.48492391
v 0.58094598 0.02370468 0.47352481
v 0.28899160 -0.21295428 0.55304367
v 0.11486852 0.00695115 0.84644142
v 0.10586946 -0.00208431 0.84193240
v 0.10139450 0.00605273 0.84933237
v 0.22696465 0.17558604 0.88614352
v 0.27793839 -0.10326650 0.68592477
v 0.26497356 -0.10487651 0.69144605
v 0.28874589 -0.09198033 0.69027154
v 0.27029341 -0.11304104 0.68071840
v 0.28096803 -0.11130145 0.67655295
v 0.25027309 -0.10828929 0.69575259
v 0.25923873 -0.11385469 0.68579691
v 0.55854598 0.01273742 0.52252783
v 0.55189425 0.00702876 0.53061166
v 0.55440258 0.01702973 0.53063050
v 0.54851528 -0.00500088 0.53031576
v 0.41151464 -0.19474117 0.49528040
v 0.42265343 -0.18535062 0.49939347
v 0.43502380 -0.18532761 0.49020258
v 0.39797950 -0.20372740 0.49280571
v 0.41982190 -0.17710169 0.51195619
v 0.43461932 -0.17388093 0.50479222
v 0.26948227 0.56308411 0.69488403
v 0.36708049 -0.21015456 0.50563835
v 0.34476673 -0.22781458 0.49512968
v 0.35073904 -0.21738160 0.50649095
v 0.38263883 -0.20691059 0.49938099
v 0.35398691 -0.20626638 0.52012360
v 0.36701320 -0.20181487 0.51743679
v 0.20448895 0.26039549 0.92324990
v 0.15771491 0.23347322 0.94784111
v 0.15120417 0.22352699 0.94827889
v 0.45101473 0.27817755 0.70248147
v 0.46062919 -0.19202204 0.46200345
v 0.45261449 -0.20312363 0.45308861
v 0.44612014 -0.19611080 0.46770698
v 0.45772840 -0.20977878 0.43962134
v 0.44477324 -0.21367222 0.44397493
v 0.43984210 -0.20763303 0.45652549
v 0.31239329 -0.08842352 0.67930576
v 0.38252871 0.08419191 0.75637281
v 0.34410064 -0.24285090 0.47203450
v 0.53343896 0.11199143 0.59322356
v 0.40106413 0.11637139 0.75352740
v 0.38009770 0.36127482 0.75351104
v 0.37760175 0.37359766 0.75095823
v 0.24880336 -0.12091673 0.68411402
v 0.48824774 0.04833480 0.63180775
v 0.49719797 0.04561843 0.61937362
v 0.32085521 -0.30712936 0.36694747
v 0.31176042 -0.30719234 0.37400421
v 0.27217684 0.11739234 0.84392193
v 0.27874176 0.12741121 0.84358847
v 0.28488946 0.11784112 0.83666722
v 0.26697895 0.12704955 0.85016590
v 0.39054353 -0.08795906 0.62520313
v 0.38160322 -0.08795024 0.63178819
v 0.41141865 -0.03842721 0.64960326
v 0.41281622 -0.02944579 0.65550587
v 0.41482123 -0.04364847 0.64262090
v 0.40450380 -0.04799147 0.64760416
v 0.42168361 -0.03346868 0.64477457
v 0.10258895 0.13262789 0.93044581
v 0.17794281 0.00365037 0.82363776
v 0.57107088 -0.05797927 0.47429809
v 0.57807363 -0.05751714 0.46342731
v 0.18697823 -0.12328254 0.70924861
v 0.19180944 -0.13103337 0.69955662
v 0.18134323 -0.13030295 0.70437755
v 0.17496344 -0.12549682 0.71149206
v 0.26718868 0.40633600 0.87507619
v 0.58230304 -0.13451219 0.40225889
v 0.33448005 0.04590690 0.77153013
v 0.33545265 0.02828092 0.75938321
v 0.32934521 0.03541324 0.76827214
v 0.42702522 -0.16728908 0.51848149
v 0.43835201 -0.16295249 0.51505800
v 0.41576045 -0.17116382 0.52225539
v 0.41882942 -0.16272267 0.52990193
v 0.35547984 0.13768628 0.79585760
v 0.44718684 -0.26021844 0.36468535
v 0.43688236 -0.26455583 0.36443514
v 0.24166024 0.37323962 0.90628548
v 0.23466853 0.36444966 0.91355364
v 0.49691113 0.23765979 0.64908475
v 0.50249338 0.21805651 0.64636664
v 0.20460896 0.32831610 0.93718490
v 0.21020353 0.34170548 0.93411402
v 0.11455696 0.17443486 0.94696106
v 0.39904265 -0.28326398 0.35613565
v 0.41339900 -0.27732423 0.35719358
v 0.42786218 -0.27163365 0.35744537
v 0.11540184 0.05449650 0.87981768
v 0.10947426 0.06210985 0.88658124
v 0.12557968 0.17119689 0.93974992
v 0.12278204 0.18049554 0.94573644
v 0.12748803 0.15819167 0.93245030
v 0.42185833 0.33414577 0.71547930
v 0.18609664 -0.19458401 0.63023105
v 0.21865002 -0.18877583 0.62292895
v 0.23846124 0.29360552 0.90363454
v 0.32578963 0.32614298 0.82268712
v 0.32935032 0.31410522 0.82045760
v 0.24434890 -0.25588731 0.51657401
v 0.24755966 -0.26190782 0.50505418
v 0.24324255 -0.26971806 0.49489045
v 0.32629989 0.19292795 0.82617018
v 0.33530095 0.18160137 0.81847371
v 0.32337502 0.18013194 0.82683238
v 0.33776963 0.19808758 0.81830993
v 0.30464924 0.48042141 0.78712845
v 0.26408540 -0.05733327 0.73503801
v 0.32941256 -0.14443665 0.61270058
v 0.59088646 -0.12047214 0.40094014
v 0.38523810 0.36526904 0.74524348
v 0.38707050 0.35434103 0.74803167
v 0.38938398 0.33858199 0.75193579
v 0.19926174 0.16458016 0.89821315
v 0.19363417 0.15582254 0.89819283
v 0.18587031 0.16283372 0.90471546
v 0.19042365 0.17498446 0.90646174
v 0.20427431 0.17416607 0.89853318
v 0.31196427 0.42119008 0.81833744
v 0.36219116 -0.19682950 0.52753857
v 0.33671031 -0.22323908 0.50754742
v 0.13481623 0.14919191 0.92457836
v 0.12312540 0.14401031 0.92746677
v 0.38940734 0.10635727 0.75979781
v 0.49719621 -0.01660207 0.58523391
v 0.50271802 -0.00645072 0.58520042
v 0.08223328 0.06947320 0.89980543
v 0.17563867 -0.20117534 0.62644944
v 0.19997602 -0.06673326 0.75678401
v 0.52656433 -0.13012718 0.47577389
v 0.50135096 0.18332680 0.65314695
v 0.07711475 0.03178033 0.87482483
v 0.19224161 -0.24541507 0.56022668
v 0.20945850 -0.23709820 0.56356214
v 0.45157292 0.10432971 0.70059086
v 0.25247246 -0.32956191 0.36863587
v 0.32623887 0.16649218 0.82276876
v 0.33974845 0.16692021 0.81328918
v 0.33316701 0.15616548 0.81613510
v 0.31378098 0.15884979 0.82989699
v 0.31483583 0.17247298 0.83164497
v 0.32295610 0.15087047 0.82203520
v 0.34842997 0.17852726 0.80847736
v 0.34319893 0.15450533 0.80865307
v 0.33363615 0.14295700 0.81285667
v 0.48857466 0.17963912 0.67166312
v 0.49355412 0.18779931 0.66489703
v 0.49399866 0.17748046 0.66397790
v 0.29105019 0.35052764 0.85674984
v 0.51601487 0.00902874 0.57828623
v 0.52515234 0.01423471 0.56937602
v 0.52016237 0.00320193 0.57040817
v 0.51983985 0.02005280 0.57873143
v 0.50826049 0.00378317 0.58466754
v 0.51230072 -0.00253445 0.57665439
v 0.51359258 -0.12001095 0.49761183
v 0.52214193 -0.12253242 0.48723979
v 0.51004945 -0.12945234 0.49213050
v 0.52243543 -0.11202370 0.49615106
v 0.51687912 -0.13280052 0.48263595
v 0.53093781 -0.11267663 0.48711836
v 0.53413085 -0.11977082 0.47763091
v 0.46340638 0.08534594 0.67974437
v 0.47046751 0.09480103 0.67534806
v 0.48077136 0.09514522 0.66311278
v 0.29936809 0.12261559 0.82949460
v 0.23917864 -0.27839902 0.48271183
v 0.25341034 -0.24714649 0.52466337
v 0.26164094 -0.23856496 0.53273023
v 0.25884060 -0.25432481 0.51020054
v 0.26699848 -0.24407961 0.52112798
v 0.22104347 -0.23212066 0.56463085
v 0.21476224 0.07035704 0.85186763
v 0.34444693 -0.16921246 0.57429583
v 0.46029554 0.11163288 0.69339965
v 0.46656290 0.10494110 0.68380626
v 0.45826301 0.10139845 0.69219227
v 0.22649244 -0.18015078 0.62975169
v 0.22883671 -0.16972179 0.64097091
v 0.35814191 0.45146616 0.71068648
v 0.17189387 -0.13458192 0.70341400
v 0.18099409 -0.13659582 0.69803694
v 0.18845562 0.18768342 0.91180789
v 0.28926464 0.12852768 0.83769310
v 0.29782659 0.13805186 0.83519081
v 0.30840275 0.13321152 0.82718256
v 0.55750675 0.05959766 0.53644579
v 0.34901748 0.20040438 0.81001241
v 0.36019199 0.20414880 0.80138281
v 0.35555700 0.19062397 0.80425517
v 0.34520341 0.18960717 0.81210947
v 0.37089166 0.38581062 0.75400744
v 0.38211401 0.02817814 0.72446214
v 0.49114641 0.19969085 0.66802823
v 0.22390406 -0.29158789 0.46895119
v 0.47838177 0.16395265 0.68344758
v 0.14617738 0.22958916 0.95388071
v 0.14080065 0.22064333 0.95357806
v 0.41446806 0.32431672 0.72913341
v 0.39564413 0.32608946 0.74983917
v 0.27611890 0.01976928 0.78966557
v 0.38924767 0.09467901 0.75547522
v 0.41557696 -0.22026058 0.45605399
v 0.32829341 0.28922408 0.82387460
v 0.09485142 0.06188076 0.89095437
v 0.17025598 0.11399910 0.89225999
v 0.24261509 0.23294751 0.88888242
v 0.25101465 0.22667528 0.88200305
v 0.27229068 -0.23626582 0.52973511
v 0.28130559 -0.22939015 0.53432304
v 0.32874137 0.05933149 0.78319762
v 0.54404858 -0.11689177 0.46944639
v 0.54221530 -0.10782421 0.47913157
v 0.45171599 0.09327944 0.69614385
v 0.32973975 0.01886756 0.75669135
v 0.33070723 -0.23216174 0.49819385
v 0.32633929 -0.22739823 0.50842945
v 0.23061136 -0.30273920 0.44336872
v 0.31094236 0.48334304 0.77171455
v 0.10921988 0.22774503 0.97358065
v 0.42320433 -0.22296636 0.44620133
v 0.49963418 0.19754621 0.65528045
v 0.53650518 0.01811793 0.55617247
v 0.52994971 0.03166032 0.57043794
v 0.23637417 -0.17499387 0.63116165
v 0.42414704 -0.04572179 0.63312432
v 0.41221146 -0.05280650 0.63746206
v 0.44938640 -0.21977366 0.43128864
v 0.43482726 -0.22451954 0.43502566
v 0.44266426 -0.22834896 0.42313650
v 0.46092791 -0.21595153 0.42803472
v 0.37224062 -0.08015531 0.64546548
v 0.34582507 0.14398419 0.80454007
v 0.23408894 -0.13393279 0.67814022
v 0.25438906 -0.14949754 0.65126654
v 0.23775958 -0.16139012 0.64627050
v 0.25108356 -0.15875354 0.64257048
v 0.51179760 -0.18259284 0.43076561
v 0.26248967 0.31737128 0.88512656
v 0.21024651 -0.05517233 0.76257740
v 0.16437291 0.13521626 0.90433852
v 0.22424895 0.05226342 0.83721497
v 0.49029705 0.09605760 0.65172380
v 0.16988737 0.05467892 0.86110312
v 0.16467611 0.06580471 0.86962562
v 0.33755386 0.36528013 0.80348247
v 0.42460109 0.32252307 0.71784847
v 0.40261474 -0.24171328 0.43118414
v 0.41916572 -0.23324367 0.43286280
v 0.46070098 0.09346515 0.68626136
v 0.31898882 -0.23403405 0.50329832
v 0.45306994 0.26836081 0.70313826
v 0.40914226 -0.15924053 0.54102038
v 0.27336163 -0.19064581 0.59194529
v 0.39315064 0.36218576 0.73665236
v 0.53664391 0.12310502 0.58893825
v 0.31154496 -0.20153603 0.55451362
v 0.28540547 -0.18291684 0.59471346
v 0.31975483 0.47160737 0.76845597
v 0.31788464 0.48004809 0.76198135
v 0.16066997 0.04449443 0.85820111
v 0.16621161 0.03683697 0.85130252
v 0.14167824 0.03270173 0.85692926
v 0.15438882 0.03457656 0.85396075
v 0.24134503 -0.31772577 0.40462412
v 0.24361528 -0.32204404 0.39324397
v 0.33683783 -0.23800581 0.48482815
v 0.17887978 0.18078580 0.91492160
v 0.08142390 -0.02609325 0.82816091
v 0.14255494 -0.08846220 0.75780989
v 0.34017632 0.00404973 0.73856508
v 0.31792708 0.00099568 0.75108863
v 0.33189406 0.00979175 0.74854792
v 0.38416762 0.23253112 0.78102227
v 0.08143263 0.10013945 0.91954496
v 0.49377305 0.24645077 0.64936631
v 0.25324441 -0.06238213 0.73635907
v 0.16922554 0.24277666 0.94340698
v 0.43393934 -0.21643443 0.44813548
v 0.31972951 0.13694631 0.82079514
v 0.31069581 0.14509357 0.82884932
v 0.25463655 0.14246943 0.86159503
v 0.26756459 0.14653078 0.85551661
v 0.26307532 0.13592702 0.85508792
v 0.19656122 -0.07754598 0.74860510
v 0.19996957 -0.08380792 0.74159448
v 0.27375321 -0.24908930 0.50920453
v 0.54468602 0.00216255 0.53877115
v 0.54635731 0.01418895 0.54127524
v 0.27271770 -0.17993629 0.60558518
v 0.25568936 -0.16791965 0.62951045
v 0.24269382 -0.16812971 0.63605543
v 0.05124702 0.03727718 0.88511820
v 0.33255887 0.37612141 0.80671334
v 0.13096696 -0.08866170 0.76105782
v 0.29594423 0.33796684 0.85211988
v 0.26821276 -0.25704929 0.50010065
v 0.25782518 -0.26417408 0.49499682
v 0.27148094 -0.26243400 0.48925125
v 0.44430606 -0.18725374 0.48079278
v 0.40138659 -0.15583635 0.55054728
v 0.05643596 0.03033589 0.87868310
v 0.06702050 0.02688493 0.87364737
v 0.04222242 0.02804770 0.87987880
v 0.41876188 0.04366262 0.70292309
v 0.09242583 -0.00188531 0.84538790
v 0.08340225 -0.01324106 0.83837482
v 0.13385501 -0.09659297 0.75286376
v 0.41556102 0.05191928 0.71092595
v 0.07212143 -0.01061492 0.84303229
v 0.11445244 0.13277369 0.92549695
v 0.28508585 0.13738851 0.84287321
v 0.29045554 0.14668642 0.84210052
v 0.28001910 0.14723403 0.84850404
v 0.27363779 0.13688713 0.84942942
v 0.25387269 0.21588458 0.87828016
v 0.59522288 -0.01730387 0.43084546
v 0.49313768 0.08884069 0.64525170
f 677 2109 2111
f 595 596 598
f 2059 2060 2061
f 2755 997 998
f 595 598 597
f 1937 1940 924
f 2684 2085 2086
f 2320 2323 1185
f 1185 2323 1892
f 2793 2321 2322
f 291 2758 1893
f 2110 2114 2109
f 2076 1492 1493
f 923 1491 926
f 2684 2423 1848
f 2707 1848 2423
f 2625 998 504
f 1770 2625 504
f 2076 1493 2061
f 2452 2300 2622
f 403 402 2371
f 677 2111 676
f 678 676 2299
f 293 2080 292
f 2754 2371 402
f 678 2299 2300
f 2081 743 741
f 2372 2707 403
f 291 292 2758
f 364 365 597
f 2114 2112 2617
f 2138 1942 2139
f 1937 1938 1939
f 677 2110 2109
f 357 366 365
f 2358 2755 998
f 366 358 2452
f 2077 1491 1492
f 596 2085 2087
f 596 2087 598
f 364 597 598
f 2357 2754 2755
f 2684 1849 2085
f 2110 2112 2114
f 2684 1848 1849
f 2356 998 2625
f 2372 403 2371
f 1455 2060 2136
f 1938 1942 1939
f 2060 2404 2061
f 2707 384 1848
f 2136 2465 1453
f 2077 926 1491
f 1892 1893 2799
f 357 358 366
f 2357 2371 2754
f 2452 2623 2300
f 2356 2358 998
f 2357 2755 2358
f 2584 2465 2617
f 921 924 923
f 2372 384 2707
f 670 676 678
f 921 923 926
f 357 365 364
f 2080 2081 741
f 670 677 676
f 2356 2625 777
f 678 2300 673
f 2584 2617 2112
f 2075 1492 2076
f 1455 2404 2060
f 2452 358 361
f 1937 924 462
f 2656 2085 1849
f 2656 2087 2085
f 380 1849 1848
f 1455 2136 1453
f 2076 2061 2115
f 2452 361 2623
f 1377 598 2087
f 380 1848 384
f 2075 2077 1492
f 364 598 1377
f 2584 1453 2465
f 2623 673 2300
f 2368 2371 2357
f 2369 2372 2371
f 2115 2061 2404
f 2353 2358 2356
f 1937 462 1938
f 2353 2357 2358
f 2110 2113 2112
f 677 679 2110
f 247 742 1376
f 670 678 673
f 739 743 742
f 357 364 362
f 355 358 357
f 2356 777 683
f 2368 2369 2371
f 1376 2139 245
f 385 384 2372
f 2584 2112 2113
f 380 381 1849
f 670 671 677
f 355 361 358
f 2656 1849 381
f 2353 2356 683
f 2368 2357 2354
f 2369 385 2372
f 2656 2591 2087
f 2110 679 2113
f 2353 2354 2357
f 2797 2139 1942
f 364 1377 1378
f 2077 925 926
f 364 1378 362
f 1377 2087 2591
f 356 357 362
f 671 679 677
f 682 683 777
f 2075 2076 2079
f 1455 1454 2404
f 377 380 384
f 921 926 925
f 355 357 356
f 1938 1941 1942
f 361 2661 2623
f 2076 2115 2079
f 921 461 924
f 739 741 743
f 2661 673 2623
f 2115 2404 1454
f 462 924 461
f 247 1376 245
f 377 384 385
f 2368 2370 2369
f 2584 1452 1453
f 669 670 673
f 2080 2082 292
f 1445 1455 1453
f 377 381 380
f 2368 2354 2370
f 2656 381 389
f 2353 683 686
f 2656 389 2591
f 2352 2354 2353
f 355 359 361
f 2075 2078 2077
f 739 742 247
f 669 671 670
f 2369 2129 385
f 1377 2589 1378
f 362 1378 363
f 1377 2591 2590
f 462 463 1938
f 1451 2584 2113
f 2797 1942 1941
f 679 2125 2113
f 681 683 682
f 356 362 363
f 2317 2758 292
f 361 359 2661
f 1445 1454 1455
f 2352 2353 686
f 2369 2370 2129
f 355 356 360
f 2320 1185 1186
f 1893 2758 2796
f 672 673 2661
f 245 2139 2784
f 1445 1453 1452
f 2077 2078 925
f 681 686 683
f 377 385 383
f 2797 2784 2139
f 1377 2590 2589
f 2370 2354 2355
f 1893 2796 2799
f 669 673 672
f 2075 2079 2078
f 1451 1452 2584
f 2352 2355 2354
f 377 378 381
f 2115 1454 1967
f 671 680 679
f 2079 2115 1967
f 385 2129 383
f 1938 463 1941
f 378 389 381
f 355 360 359
f 1378 2589 363
f 921 925 922
f 356 363 360
f 921 922 461
f 2125 1451 2113
f 2787 2591 389
f 1892 2799 1190
f 680 2125 679
f 1185 1892 1190
f 2082 2317 292
f 2787 2590 2591
f 458 462 461
f 2352 686 689
f 669 674 671
f 2370 2351 2129
f 681 684 686
f 2320 1186 2322
f 2370 2355 2351
f 720 2661 359
f 377 383 382
f 458 463 462
f 2352 689 2355
f 1777 383 2129
f 720 672 2661
f 2080 741 744
f 378 390 389
f 671 674 680
f 681 687 685
f 684 689 686
f 377 379 378
f 1445 1448 1454
f 390 2787 389
f 2590 2659 2589
f 2657 363 2589
f 739 247 248
f 681 685 684
f 360 363 725
f 1448 1967 1454
f 669 672 675
f 377 382 379
f 2125 2126 1451
f 382 383 1777
f 1444 1445 1452
f 680 2126 2125
f 718 359 360
f 925 2078 2670
f 2787 2659 2590
f 2079 1967 1964
f 2079 1964 2078
f 2128 2129 2351
f 1777 2129 2128
f 1444 1452 1451
f 925 2670 922
f 669 675 674
f 2355 1832 2351
f 689 1832 2355
f 243 247 245
f 2657 2589 2659
f 2080 744 2082
f 718 720 359
f 725 363 2657
f 473 2797 1941
f 739 740 741
f 684 688 689
f 472 1941 463
f 378 388 390
f 721 672 720
f 684 685 688
f 718 360 725
f 379 388 378
f 461 922 460
f 390 2788 2787
f 245 2784 244
f 382 1777 1776
f 2759 2784 2797
f 458 461 460
f 721 675 672
f 1350 1372 1374
f 674 1903 680
f 1443 1448 1445
f 1777 2128 1776
f 680 2127 2126
f 2786 2659 2787
f 1451 2126 2585
f 243 248 247
f 1443 1445 1444
f 2128 2351 1831
f 1831 2351 1832
f 689 1825 1832
f 379 382 387
f 689 688 1825
f 2786 2787 2788
f 390 388 2788
f 1444 1451 1450
f 458 459 463
f 680 1903 2127
f 1963 1967 1448
f 473 1941 472
f 685 2536 688
f 382 1776 387
f 2078 2671 2670
f 1963 1964 1967
f 249 739 248
f 1451 2585 1450
f 2319 2536 685
f 2317 2037 2758
f 674 675 1904
f 2759 2797 473
f 379 386 388
f 2657 2659 2660
f 725 2657 2658
f 2078 1964 1965
f 243 245 244
f 2126 2127 2585
f 1776 2128 2130
f 2670 2555 922
f 716 720 718
f 716 721 720
f 674 1904 1903
f 379 387 386
f 2130 2128 1831
f 718 725 724
f 740 744 741
f 472 463 459
f 2759 244 2784
f 1826 1831 1832
f 1826 1832 1825
f 721 722 675
f 2776 2659 2786
f 2078 1965 2671
f 688 1828 1825
f 460 922 2555
f 2657 2660 2658
f 2796 1190 2799
f 688 2536 1828
f 458 460 459
f 2796 2758 2037
f 725 2658 724
f 2788 388 125
f 1776 553 387
f 2786 2788 2124
f 249 740 739
f 2776 2660 2659
f 1776 2130 553
f 2319 2535 2536
f 1904 675 722
f 1443 1446 1448
f 1444 1450 1449
f 388 386 126
f 1443 1444 1447
f 1400 2127 1903
f 243 249 248
f 716 722 721
f 2671 2554 2670
f 1963 1448 1446
f 1824 1826 1825
f 2776 2786 2124
f 2124 2788 125
f 387 556 386
f 1824 1825 1828
f 1397 2585 2127
f 388 126 125
f 1904 1400 1903
f 2082 1029 2317
f 2130 1831 1830
f 2670 2554 2555
f 1961 1964 1963
f 718 724 717
f 1826 1830 1831
f 1450 2585 2667
f 716 718 717
f 1444 1449 1447
f 2339 1828 2536
f 552 387 553
f 1961 1965 1964
f 2339 2536 2535
f 2791 2793 2322
f 556 126 386
f 2698 2658 2660
f 553 2130 554
f 1400 1397 2127
f 727 724 2658
f 552 556 387
f 1443 1447 1446
f 1449 1450 2667
f 471 473 472
f 1184 1186 1185
f 1397 2667 2585
f 554 2130 1830
f 1824 1829 1826
f 2082 744 1029
f 2206 2660 2776
f 552 553 554
f 1824 1828 1827
f 471 472 459
f 2698 727 2658
f 1904 722 2326
f 2782 1374 2793
f 2123 2776 2124
f 1826 1829 1830
f 2759 473 477
f 716 723 722
f 117 2124 125
f 717 724 727
f 2671 1965 2553
f 2339 2535 1129
f 1827 1828 2339
f 1904 1399 1400
f 116 125 126
f 2698 2660 2206
f 2431 244 2759
f 556 124 126
f 460 2555 2341
f 2671 2553 2554
f 1184 1185 1190
f 2340 459 460
f 243 244 246
f 1824 1827 1829
f 1963 1446 1666
f 1961 1963 1666
f 2552 2555 2554
f 2206 2776 2123
f 552 123 556
f 1029 2037 2317
f 1904 2326 1399
f 117 2123 2124
f 716 717 719
f 116 117 125
f 116 126 124
f 723 2326 722
f 1449 2668 1447
f 1396 1397 1400
f 1961 1966 1965
f 1449 2667 2668
f 123 124 556
f 552 554 555
f 716 719 723
f 1398 2667 1397
f 554 1830 2137
f 471 477 473
f 243 250 249
f 2698 2699 727
f 1128 2339 1129
f 1829 2284 1830
f 1128 1827 2339
f 1396 1400 1399
f 2553 1965 1966
f 2698 2206 2699
f 2340 460 2341
f 1447 1665 1446
f 717 727 726
f 2431 2759 477
f 552 555 123
f 2552 2554 2553
f 2552 2341 2555
f 1829 1827 2283
f 1186 1187 2322
f 1396 1398 1397
f 471 459 474
f 554 2137 555
f 249 253 740
f 1830 2284 2137
f 246 244 2431
f 1398 2714 2667
f 740 745 744
f 117 118 2123
f 115 116 124
f 727 2699 726
f 2340 474 459
f 114 117 116
f 2714 2668 2667
f 1662 1666 1446
f 1961 1666 1962
f 1829 2283 2284
f 2204 2206 2123
f 1447 2668 1665
f 115 124 123
f 717 728 719
f 1127 1128 1129
f 1961 1962 1966
f 1128 2338 1827
f 723 2324 2326
f 243 246 250
f 2338 2283 1827
f 723 719 2325
f 717 726 728
f 1399 2326 1402
f 1662 1446 1665
f 2206 2120 2699
f 114 118 117
f 122 123 555
f 114 116 115
f 118 2204 2123
f 1396 1399 1402
f 723 2325 2324
f 2204 2120 2206
f 115 123 122
f 1396 1401 1398
f 990 555 2137
f 1398 1401 2714
f 2324 1402 2326
f 2796 2037 2038
f 250 253 249
f 2552 2553 550
f 1761 2137 2284
f 1864 2284 2283
f 2457 2553 1966
f 2451 2325 719
f 2118 726 2699
f 2552 549 2341
f 1127 970 1128
f 1128 1772 2338
f 2451 719 728
f 1662 1663 1666
f 2795 1190 2796
f 2714 2781 2668
f 2338 1773 2283
f 1668 1962 1666
f 122 555 990
f 740 253 745
f 2725 1665 2668
f 1962 2408 1966
f 2118 2699 2120
f 744 1028 1029
f 114 119 118
f 2782 2793 2791
f 2431 477 1303
f 471 474 476
f 990 2137 1761
f 1864 1761 2284
f 1128 970 1772
f 1864 2283 1773
f 2486 728 726
f 118 2205 2204
f 471 475 477
f 1663 1668 1666
f 2714 1401 2781
f 2338 1772 1773
f 114 115 120
f 2324 2325 2450
f 2340 2341 547
f 1184 1187 1186
f 1127 971 970
f 1662 1665 1664
f 550 2553 2457
f 2725 2668 2781
f 1396 1402 1403
f 1396 1403 1401
f 2552 550 549
f 2340 2342 474
f 2118 2486 726
f 2451 2450 2325
f 118 119 2205
f 115 122 121
f 2457 1966 2408
f 2204 890 2120
f 1668 2408 1962
f 1513 246 2431
f 1662 1664 1663
f 114 120 119
f 2445 2451 728
f 122 990 989
f 744 745 1028
f 2324 2743 1402
f 1030 2037 1029
f 2204 2205 890
f 549 547 2341
f 2445 728 2486
f 1762 1761 1864
f 115 121 120
f 1864 1773 1774
f 471 476 475
f 2324 2450 2743
f 1760 990 1761
f 1771 1773 1772
f 891 2118 2120
f 122 989 121
f 1772 970 967
f 475 1303 477
f 968 970 971
f 474 2342 476
f 2446 2450 2451
f 2473 1665 2725
f 1513 2431 1303
f 2780 2781 1401
f 891 2120 890
f 2740 2205 119
f 1762 1864 1774
f 2340 547 2342
f 1663 1667 1668
f 1664 1665 2473
f 990 1763 989
f 2446 2451 2445
f 1771 1774 1773
f 2740 119 120
f 250 246 252
f 1760 1763 990
f 2780 1401 1403
f 1771 1772 967
f 1663 1664 1667
f 267 1761 1762
f 2119 2486 2118
f 968 967 970
f 267 1760 1761
f 2795 2796 2038
f 2779 1403 1402
f 2726 2725 2781
f 968 971 972
f 2779 1402 2743
f 890 2205 895
f 1668 2407 2408
f 989 2236 121
f 891 2119 2118
f 2454 2457 2408
f 895 2205 2740
f 550 2457 551
f 2450 2448 2743
f 2445 2486 2449
f 2446 2448 2450
f 989 1763 2236
f 1030 2038 2037
f 541 549 550
f 250 251 253
f 1762 1774 269
f 2780 2726 2781
f 1513 252 246
f 121 2756 120
f 1668 1667 2407
f 2473 2725 2726
f 267 1762 269
f 1771 1775 1774
f 2740 120 2705
f 2119 2449 2486
f 889 891 890
f 268 1763 1760
f 2444 2446 2445
f 267 268 1760
f 1771 967 668
f 541 547 549
f 889 890 895
f 667 967 968
f 2454 2408 2407
f 121 2236 2527
f 968 972 969
f 2792 2322 1187
f 269 1774 1775
f 1664 2240 1667
f 2454 551 2457
f 895 2740 2706
f 2756 2705 120
f 2444 2445 2449
f 1664 2473 2240
f 1844 745 253
f 2444 2448 2446
f 1771 668 1775
f 1763 321 2236
f 121 2527 2756
f 541 550 551
f 2270 2780 1403
f 667 668 967
f 1302 476 2342
f 1184 1190 1189
f 2448 2747 2743
f 2740 2705 2706
f 2779 2743 2747
f 2791 2322 2792
f 268 321 1763
f 264 267 269
f 667 968 969
f 475 476 1302
f 891 892 2119
f 2270 1403 2779
f 264 268 267
f 250 252 251
f 1026 1029 1028
f 475 1304 1303
f 1513 1303 1304
f 2271 2726 2780
f 321 2527 2236
f 889 892 891
f 1667 2723 2407
f 547 548 2342
f 1026 1030 1029
f 889 895 894
f 895 2706 894
f 2119 2746 2449
f 2473 2726 2724
f 2240 2723 1667
f 269 1775 270
f 1775 668 665
f 2444 2449 2447
f 1844 253 251
f 2270 2271 2780
f 264 269 270
f 2444 2314 2448
f 658 668 667
f 2610 2706 2705
f 2453 2454 2407
f 265 321 268
f 264 265 268
f 2119 892 2746
f 1028 745 1845
f 2510 2705 2756
f 2795 1189 1190
f 2430 2756 2527
f 667 969 663
f 2314 2747 2448
f 2240 2473 2239
f 320 2527 321
f 2610 894 2706
f 2449 2746 2447
f 1510 252 1513
f 542 547 541
f 1302 2342 548
f 270 1775 665
f 1459 551 2454
f 2271 2275 2726
f 889 894 893
f 2779 2747 631
f 658 665 668
f 2239 2473 2724
f 889 893 892
f 2724 2726 2275
f 2455 2407 2723
f 658 667 663
f 2610 2705 2510
f 2270 2779 631
f 2510 2756 2430
f 320 2430 2527
f 2444 2447 2316
f 2575 1810 969
f 1510 1513 1304
f 541 551 543
f 542 548 547
f 2453 2407 2455
f 264 270 266
f 1844 1845 745
f 2444 2316 2314
f 264 266 265
f 2453 1459 2454
f 319 321 265
f 2240 2242 2723
f 969 1810 663
f 319 320 321
f 475 1302 1305
f 2314 2315 2747
f 898 894 2610
f 475 1305 1304
f 2269 2271 2270
f 1342 2746 892
f 893 894 898
f 659 665 658
f 2747 2315 631
f 2237 2240 2239
f 893 896 892
f 543 551 1459
f 270 665 666
f 657 658 663
f 2269 2275 2271
f 2455 2723 2242
f 1030 2035 2038
f 266 270 1169
f 1343 2447 2746
f 2237 2242 2240
f 252 1514 251
f 2511 2610 2510
f 232 2430 320
f 265 266 318
f 1184 1188 1187
f 1342 892 896
f 657 659 658
f 270 666 1169
f 663 1810 662
f 2316 2447 1343
f 319 265 318
f 2724 2275 2244
f 2239 2724 2244
f 540 542 541
f 659 666 665
f 319 232 320
f 626 2270 631
f 657 663 662
f 943 2510 2430
f 540 541 543
f 2309 2314 2316
f 2511 898 2610
f 2269 2270 2272
f 1343 2746 1342
f 2310 2315 2314
f 1510 1511 252
f 2453 2455 2456
f 1302 548 2775
f 2453 2456 1459
f 893 898 897
f 2795 2038 2488
f 893 897 896
f 266 1169 1168
f 626 2272 2270
f 2269 2273 2275
f 1026 1028 1027
f 2576 1809 1810
f 943 2511 2510
f 232 943 2430
f 2310 2314 2309
f 266 1168 318
f 2309 2316 1343
f 657 660 659
f 629 631 2315
f 1028 1845 1027
f 231 319 318
f 1168 1169 666
f 231 232 319
f 1523 662 1810
f 2273 2244 2275
f 657 662 661
f 2237 2239 2238
f 2237 2241 2242
f 1510 1304 1512
f 2455 2242 2532
f 1511 1514 252
f 659 664 666
f 1523 1810 1809
f 1338 1342 896
f 542 546 548
f 1844 251 1847
f 2310 629 2315
f 657 661 660
f 2238 2239 2244
f 1302 2774 1305
f 1026 1032 1030
f 659 660 664
f 2513 898 2511
f 625 626 631
f 1338 896 897
f 1523 661 662
f 543 1459 1458
f 897 898 2513
f 1302 2775 2774
f 2455 2532 2456
f 1272 318 1168
f 625 631 629
f 2269 2272 2274
f 2488 2038 2035
f 1844 1846 1845
f 1339 1343 1342
f 231 318 230
f 2269 2274 2273
f 2532 2242 2241
f 227 232 231
f 546 2775 548
f 2237 2238 2241
f 2737 1168 666
f 1459 2456 1458
f 1515 1304 1305
f 2309 1343 2312
f 228 943 232
f 1514 1847 251
f 1032 2035 1030
f 2737 666 664
f 1272 230 318
f 661 418 660
f 1338 1339 1342
f 540 543 545
f 943 2509 2511
f 1510 1512 1511
f 1523 1809 1811
f 660 418 664
f 627 2272 626
f 2308 2310 2309
f 2577 1811 1809
f 2273 1094 2244
f 540 544 542
f 227 228 232
f 227 231 230
f 420 661 1523
f 1272 1168 1274
f 1184 1189 1188
f 2308 629 2310
f 1338 897 1341
f 2509 2513 2511
f 1512 1304 1515
f 897 2513 1341
f 625 627 626
f 420 418 661
f 2737 1274 1168
f 2238 2244 1095
f 2274 2272 627
f 2308 2309 2312
f 2273 2274 1094
f 543 1458 545
f 1343 1345 2312
f 1339 1345 1343
f 228 944 943
f 542 544 546
f 1523 1811 1522
f 2577 2567 1811
f 2792 1187 1188
f 1844 1847 1846
f 943 944 2509
f 1272 1273 230
f 1094 1095 2244
f 419 664 418
f 420 1523 1522
f 2238 2243 2241
f 2737 664 419
f 625 629 628
f 2243 2532 2241
f 1272 1274 1273
f 227 230 233
f 540 545 544
f 1338 1340 1339
f 2496 2456 2532
f 227 229 228
f 2308 628 629
f 1338 1341 1340
f 417 418 420
f 2795 2489 1189
f 230 1273 233
f 2509 2514 2513
f 2496 1458 2456
f 2567 1812 1811
f 2513 2609 1341
f 1511 315 1514
f 2618 1305 2774
f 1522 1811 1812
f 2795 2488 2489
f 227 233 229
f 417 419 418
f 2737 1276 1274
f 1027 1845 1925
f 1846 1925 1845
f 1681 2774 2775
f 2308 2312 2313
f 228 234 944
f 1026 1027 1031
f 420 1522 422
f 2274 627 1183
f 1349 1374 2782
f 625 630 627
f 1681 2775 546
f 2312 1345 2313
f 1273 1274 1276
f 2513 2514 2609
f 2274 1096 1094
f 229 234 228
f 1515 1305 2618
f 1339 1344 1345
f 417 420 422
f 944 2512 2509
f 2737 419 2738
f 1026 1031 1032
f 625 628 630
f 2566 1812 2567
f 2243 2497 2532
f 1511 1512 314
f 2238 1095 1092
f 1514 315 1847
f 1339 1340 1344
f 1340 1341 1347
f 1347 1341 2609
f 1089 1095 1094
f 2238 1092 2243
f 1273 1275 233
f 2737 2738 1276
f 1522 1812 1551
f 2274 1183 1096
f 2509 1226 2514
f 2496 2532 2497
f 545 1458 2425
f 944 234 2512
f 1522 1551 422
f 2308 2311 628
f 1273 1276 1275
f 229 233 235
f 1512 1515 311
f 417 423 419
f 2509 2512 1226
f 545 2424 544
f 1089 1094 1096
f 417 422 421
f 229 235 234
f 632 1183 627
f 2609 2514 1224
f 1553 1812 2566
f 1580 546 544
f 2308 2313 1565
f 419 423 2738
f 2313 1345 2663
f 630 632 627
f 1275 235 233
f 1511 314 315
f 2618 2774 1681
f 2426 1458 2496
f 1032 2036 2035
f 2036 2488 2035
f 1340 1347 1346
f 1553 1551 1812
f 1344 2663 1345
f 1347 2609 1228
f 1089 1092 1095
f 1846 1847 2277
f 417 421 423
f 1226 1224 2514
f 1350 1374 1349
f 2308 1565 2311
f 1547 422 1551
f 545 2425 2424
f 630 628 634
f 2425 1458 2426
f 1512 311 314
f 1340 187 1344
f 1547 421 422
f 1553 2566 2053
f 1275 1276 2692
f 1580 1681 546
f 2609 1224 1228
f 2243 2494 2497
f 628 2311 634
f 2738 2710 1276
f 1350 1353 1373
f 234 2505 2512
f 1340 1346 187
f 1347 1228 1346
f 1098 1096 1183
f 1846 2277 1925
f 234 235 2505
f 2243 1092 2494
f 2512 1225 1226
f 2313 2663 1565
f 2692 1276 2710
f 1546 1551 1553
f 2164 235 1275
f 1547 1551 1546
f 1098 1183 632
f 1089 1096 1088
f 1221 1224 1226
f 421 1549 423
f 2492 2496 2497
f 2738 423 2718
f 1547 1549 421
f 1344 188 2663
f 2164 1275 2692
f 1515 2618 310
f 2424 1582 544
f 1344 187 188
f 2512 2505 1225
f 1699 2782 2791
f 1066 1553 2053
f 1515 310 311
f 1924 1027 1925
f 1221 1226 1225
f 2738 2718 2710
f 630 633 632
f 315 317 1847
f 1088 1096 1098
f 1087 1092 1089
f 630 634 633
f 1222 1228 1224
f 1580 544 1582
f 1699 2791 2792
f 1924 1031 1027
f 1346 1228 190
f 1546 1553 1552
f 2311 1566 634
f 2311 1565 1566
f 2492 2497 2494
f 2425 2427 2424
f 2426 2496 2470
f 2719 423 1549
f 187 1346 190
f 1066 1552 1553
f 2165 2505 235
f 1545 1547 1546
f 1221 1222 1224
f 2164 2165 235
f 1545 1549 1547
f 2719 2718 423
f 1087 1089 1088
f 2692 2710 2169
f 2618 1681 1682
f 2492 2470 2496
f 2164 2692 2169
f 1092 2495 2494
f 1564 1565 2663
f 2277 1847 277
f 2425 2426 1880
f 1180 1098 632
f 1222 190 1228
f 1232 1225 2505
f 1032 1031 1644
f 188 183 2663
f 2710 2718 2768
f 1546 1552 1550
f 2424 2427 1582
f 182 188 187
f 1221 1225 1223
f 1545 1546 1550
f 634 1566 2598
f 1180 632 633
f 308 314 311
f 634 2598 633
f 2710 2768 2169
f 312 315 314
f 783 1552 1066
f 1032 1644 2036
f 182 187 190
f 2425 1880 2427
f 2719 1549 1548
f 1088 1098 1097
f 1087 1093 1092
f 1545 1548 1549
f 1221 1223 1222
f 317 277 1847
f 1563 1566 1565
f 2502 2505 2165
f 1223 1225 1232
f 183 1564 2663
f 1581 1681 1580
f 780 1066 1065
f 2163 2165 2164
f 1093 2495 1092
f 2717 2718 2719
f 2163 2164 2169
f 2502 1232 2505
f 2487 2489 2488
f 1550 1552 783
f 1880 2426 2470
f 2491 2492 2494
f 1087 1088 1091
f 1563 1565 1564
f 182 183 188
f 275 1925 2277
f 1180 1097 1098
f 780 783 1066
f 308 311 310
f 2523 2768 2718
f 1321 1188 1189
f 2487 2488 2036
f 2491 2494 2495
f 2717 2719 1548
f 310 2618 2729
f 1545 1550 1024
f 1088 1097 1091
f 1222 1229 190
f 312 317 315
f 2717 2523 2718
f 1545 1024 1548
f 1579 1580 1582
f 1581 1682 1681
f 2524 2169 2768
f 1462 2598 1566
f 1222 1223 1227
f 2792 1188 2621
f 1582 2427 1881
f 2618 1682 2729
f 633 2598 1463
f 1550 783 784
f 1320 1189 2489
f 1563 1462 1566
f 1924 1925 275
f 2163 2169 2168
f 2163 2166 2165
f 182 190 189
f 1223 1232 1231
f 2166 2502 2165
f 1880 1881 2427
f 1180 633 1182
f 308 312 314
f 2502 1231 1232
f 2524 2768 2523
f 2472 2470 2492
f 1087 1091 1090
f 1222 1227 1229
f 1550 784 1024
f 778 783 780
f 1087 1090 1093
f 2524 2168 2169
f 1229 189 190
f 2717 1548 2720
f 183 184 1564
f 180 183 182
f 1579 1581 1580
f 2472 2492 2491
f 778 784 783
f 1462 1463 2598
f 275 2277 277
f 779 780 1063
f 1182 633 1463
f 1093 2336 2495
f 994 1563 1564
f 1024 1023 1548
f 1223 1230 1227
f 2717 2522 2523
f 1180 1181 1097
f 1640 1031 1924
f 1097 2227 1091
f 2491 2495 2336
f 1223 1231 1230
f 778 780 779
f 2163 2168 2167
f 2163 2167 2166
f 1548 1023 2720
f 182 189 181
f 1880 2470 1876
f 2717 2720 2522
f 2502 2503 1231
f 2166 2503 2502
f 180 184 183
f 2520 2524 2523
f 180 182 181
f 994 1564 184
f 1090 1091 2227
f 1640 1644 1031
f 1018 1024 784
f 1582 1881 1584
f 1180 1182 1181
f 995 1462 1563
f 1579 1582 1584
f 778 781 784
f 2524 2521 2168
f 308 310 309
f 1229 1227 1456
f 2520 2523 2522
f 1877 1881 1880
f 1018 1023 1024
f 2334 1093 1090
f 1181 2227 1097
f 1229 1457 189
f 995 1563 994
f 1876 2470 2472
f 778 779 782
f 309 310 2729
f 273 277 317
f 2167 2168 2521
f 1230 1456 1227
f 1460 1463 1462
f 2334 2336 1093
f 1018 784 781
f 1643 2036 1644
f 2520 2521 2524
f 1182 1463 1464
f 1230 1231 2506
f 778 782 781
f 2166 2167 2504
f 312 273 317
f 2503 2506 1231
f 2166 2504 2503
f 1581 1337 1682
f 2720 1023 437
f 2720 437 2522
f 181 189 191
f 1229 1456 1457
f 1337 2729 1682
f 779 1062 1064
f 1321 1189 1320
f 1877 1880 1876
f 1460 1462 995
f 2472 2491 2493
f 779 1064 782
f 2491 2336 2493
f 994 184 882
f 2333 1090 2227
f 191 189 1457
f 180 181 186
f 180 185 184
f 1643 2487 2036
f 1460 1464 1463
f 1877 1584 1881
f 2520 2522 431
f 1018 1022 1023
f 1017 1018 781
f 1230 2563 1456
f 1182 1527 1181
f 2789 2167 2521
f 782 1021 781
f 1579 1583 1581
f 2487 1320 2489
f 2333 2334 1090
f 1230 2506 2563
f 1182 1464 1527
f 2504 2167 2789
f 1023 1022 437
f 437 431 2522
f 1017 781 1021
f 181 191 186
f 1923 1924 275
f 2519 2521 2520
f 1062 1191 1064
f 185 882 184
f 308 313 312
f 1181 832 2227
f 991 995 994
f 180 186 185
f 1579 1584 1583
f 1064 1921 782
f 1699 2792 2621
f 2503 2507 2506
f 782 1921 1021
f 271 275 277
f 2503 2504 2507
f 1017 1019 1018
f 991 994 882
f 2334 2337 2336
f 2519 2520 431
f 1456 2742 1457
f 1018 1019 1022
f 2333 2227 832
f 191 1457 2790
f 1923 1640 1924
f 1460 1461 1464
f 1876 2472 2471
f 1460 995 993
f 1017 1021 1020
f 2211 2789 2521
f 308 309 313
f 1456 2563 2564
f 2561 2563 2506
f 1527 1464 1461
f 2337 2493 2336
f 271 277 273
f 2519 2211 2521
f 1921 1020 1021
f 1064 1191 1922
f 436 437 1022
f 2472 2493 2471
f 1064 1922 1921
f 2742 2790 1457
f 1017 1020 1019
f 1181 1527 831
f 2504 2789 2212
f 1456 2564 2742
f 185 883 882
f 991 993 995
f 1581 700 1337
f 430 431 437
f 2333 2335 2334
f 2561 2506 2507
f 186 191 885
f 1874 1877 1876
f 1181 831 832
f 309 2729 1336
f 1877 1878 1584
f 883 991 882
f 1581 1583 700
f 1337 1336 2729
f 2504 2212 2507
f 1349 2782 1699
f 191 2790 885
f 2561 2564 2563
f 1019 1025 1022
f 312 316 273
f 2519 431 432
f 1460 536 1461
f 430 437 436
f 2334 2335 2337
f 185 186 881
f 2211 2212 2789
f 436 1022 1025
f 1921 713 1020
f 1460 993 536
f 1638 1644 1640
f 1922 713 1921
f 1191 1192 1922
f 1322 1188 1321
f 2766 1583 1584
f 1019 1020 708
f 2333 832 834
f 185 884 883
f 430 432 431
f 535 1527 1461
f 2519 2213 2211
f 1638 1643 1644
f 2742 1936 2790
f 1874 1878 1877
f 186 885 881
f 312 313 316
f 1322 2621 1188
f 1019 708 1025
f 2333 834 2335
f 2561 2507 2562
f 2519 432 2213
f 185 881 884
f 1878 2766 1584
f 1935 2742 2564
f 535 831 1527
f 713 708 1020
f 2790 1936 885
f 883 992 991
f 1876 2471 1875
f 1923 275 276
f 991 539 993
f 1922 2116 713
f 271 276 275
f 1874 1876 1875
f 2561 2203 2564
f 1922 1192 2116
f 2337 859 2493
f 535 1461 536
f 2507 2212 2214
f 430 436 435
f 436 1025 435
f 830 832 831
f 1935 1936 2742
f 2207 2212 2211
f 2493 860 2471
f 883 884 992
f 536 993 532
f 430 433 432
f 313 309 2443
f 2562 2507 2214
f 830 834 832
f 2207 2211 2213
f 2561 2562 2203
f 2337 2335 2525
f 991 992 539
f 701 1337 700
f 1935 2564 2203
f 2443 309 1336
f 709 1025 708
f 701 1336 1337
f 539 532 993
f 713 2116 712
f 2213 432 1119
f 881 885 888
f 1643 1641 2487
f 707 708 713
f 1192 2328 2116
f 1936 1930 885
f 430 434 433
f 1923 1639 1640
f 430 435 434
f 435 1025 709
f 2493 859 860
f 433 1119 432
f 881 886 884
f 271 273 272
f 797 2335 834
f 2337 2525 859
f 700 1583 699
f 707 713 712
f 699 1583 2766
f 992 884 886
f 2208 2214 2212
f 530 535 536
f 833 831 535
f 2328 712 2116
f 1874 1879 1878
f 2207 2208 2212
f 888 885 1930
f 530 536 532
f 705 709 708
f 1933 1936 1935
f 1863 2328 1192
f 272 273 316
f 1875 2471 2014
f 830 831 833
f 705 708 707
f 2207 2213 1122
f 2213 1119 1122
f 860 2014 2471
f 2562 2202 2203
f 797 2525 2335
f 2562 2214 2202
f 2487 1325 1320
f 1874 1875 1879
f 1638 1640 1639
f 2597 2766 1878
f 830 796 834
f 1933 1930 1936
f 881 888 887
f 1935 2203 1934
f 881 887 886
f 433 434 1118
f 433 1118 1119
f 434 435 2067
f 531 532 539
f 2727 435 709
f 2328 711 712
f 796 797 834
f 707 712 711
f 992 538 539
f 1933 1935 1934
f 992 886 996
f 705 710 709
f 705 707 706
f 1117 1122 1119
f 530 532 531
f 2207 1122 2210
f 2597 1878 1879
f 1638 1641 1643
f 316 313 1280
f 2727 2067 435
f 2200 2203 2202
f 1863 2329 2328
f 1118 434 2067
f 2208 1757 2214
f 2207 2209 2208
f 530 533 535
f 1117 1119 1118
f 1931 888 1930
f 1757 2202 2214
f 2200 1934 2203
f 698 701 700
f 533 833 535
f 2727 709 710
f 2597 699 2766
f 858 859 2525
f 2328 2329 711
f 2349 313 2443
f 705 706 710
f 992 996 538
f 531 539 538
f 707 711 714
f 2207 2210 2209
f 1931 887 888
f 707 714 706
f 830 833 793
f 830 793 796
f 1927 1930 1933
f 1875 2014 1798
f 1641 1325 2487
f 698 700 699
f 2443 1336 1335
f 702 1336 701
f 854 860 859
f 886 887 1301
f 1317 1321 1320
f 795 2525 797
f 271 274 276
f 1117 1120 1122
f 886 1301 996
f 2210 1122 1120
f 855 2014 860
f 1863 2327 2329
f 1923 276 1648
f 1927 1931 1930
f 2208 2209 1758
f 1875 1796 1879
f 1933 1934 1932
f 2208 1758 1757
f 706 715 710
f 1118 2067 1126
f 2200 2202 1759
f 1117 1118 1121
f 858 2525 795
f 787 797 796
f 271 272 274
f 706 714 715
f 2349 1280 313
f 854 859 858
f 1923 1648 1639
f 2469 2067 2727
f 1757 1759 2202
f 1749 711 2329
f 530 531 534
f 1277 272 316
f 2727 710 2266
f 1749 714 711
f 1927 1933 1932
f 1875 1798 1796
f 2209 2210 1430
f 2200 2201 1934
f 1373 1353 1375
f 530 534 533
f 855 1798 2014
f 1117 1121 1120
f 531 538 537
f 1931 2101 887
f 1430 2210 1120
f 538 996 1132
f 854 855 860
f 1121 1118 1126
f 715 2266 710
f 702 1335 1336
f 1277 316 1280
f 787 796 793
f 2469 1126 2067
f 698 702 701
f 787 795 797
f 1301 887 2101
f 996 1301 1132
f 2327 1883 2329
f 2201 1932 1934
f 2469 2727 2266
f 533 794 833
f 1746 715 714
f 2349 2443 1335
f 1754 1757 1758
f 793 833 794
f 1797 2597 1879
f 2209 1433 1758
f 2200 1759 2201
f 1749 2329 1883
f 1746 714 1749
f 1927 1928 1931
f 531 537 534
f 1428 699 2597
f 2209 1430 1433
f 1317 1322 1321
f 1755 1759 1757
f 1121 1125 1120
f 1797 1879 1796
f 1125 1430 1120
f 1747 2266 715
f 1927 1932 1929
f 1931 1928 2101
f 1754 1758 1433
f 537 538 1131
f 1754 1755 1757
f 538 1132 1131
f 2327 1882 1883
f 2468 1126 2469
f 1746 1747 715
f 858 795 857
f 1121 1126 1124
f 276 274 1648
f 854 858 857
f 1638 1639 1645
f 698 699 704
f 1301 2102 1132
f 533 534 1504
f 1746 1749 1750
f 1927 1929 1928
f 2469 2266 2262
f 1301 2101 2102
f 2219 1932 2201
f 2468 1124 1126
f 786 787 793
f 533 1504 794
f 1371 1798 855
f 428 1749 1883
f 1428 2597 1797
f 2219 1929 1932
f 1759 166 2201
f 1371 1796 1798
f 1746 1748 1747
f 1429 1433 1430
f 2261 2266 1747
f 786 793 794
f 2468 2469 2263
f 787 788 795
f 1746 1750 1748
f 1429 1430 1125
f 428 1750 1749
f 1754 1433 1756
f 1428 704 699
f 1121 1123 1125
f 1755 166 1759
f 427 1883 1882
f 537 1130 534
f 2261 2262 2266
f 854 856 855
f 1121 1124 1123
f 2263 2469 2262
f 1754 1756 1755
f 1354 1699 2621
f 1638 1642 1641
f 2101 1928 2394
f 857 795 788
f 1319 1320 1325
f 2468 2263 1124
f 537 1131 1130
f 1555 1131 1132
f 427 428 1883
f 1748 2265 1747
f 1277 1278 272
f 1277 1280 1279
f 2102 1555 1132
f 1282 1280 2349
f 2218 2219 2201
f 1645 1639 1648
f 2261 1747 2265
f 698 703 702
f 1354 2621 1322
f 427 1882 1884
f 1792 1797 1796
f 1278 274 272
f 2101 2393 2102
f 1707 2349 1335
f 1748 1750 1885
f 854 857 861
f 2218 2201 166
f 1600 1928 1929
f 1429 1434 1433
f 1756 1433 1434
f 534 2542 1504
f 1371 855 856
f 2219 1601 1929
f 428 1885 1750
f 2101 2394 2393
f 1792 1796 1371
f 1755 1756 168
f 1748 1885 2265
f 785 787 786
f 1429 1125 1432
f 702 1334 1335
f 1755 168 166
f 534 1130 2542
f 1123 1432 1125
f 1600 2394 1928
f 2257 2262 2261
f 785 788 787
f 1802 1124 2263
f 2257 2263 2262
f 854 861 856
f 1123 1124 1802
f 698 704 703
f 1317 1320 1319
f 786 794 792
f 424 428 427
f 2721 794 1504
f 1556 1130 1131
f 1556 1131 1555
f 2218 1601 2219
f 2261 2265 2260
f 1600 1929 1601
f 1279 1280 1282
f 1638 1645 1642
f 427 1884 426
f 2102 1557 1555
f 1428 1797 1427
f 2260 2265 1885
f 428 429 1885
f 1429 1431 1434
f 2393 1557 2102
f 1282 2349 1707
f 1078 857 788
f 1756 1434 2043
f 424 427 426
f 2257 2261 2260
f 1756 2043 168
f 1277 1279 1278
f 1429 1432 1431
f 424 429 428
f 426 1884 1033
f 2257 2264 2263
f 2721 792 794
f 1424 704 1428
f 2264 1802 2263
f 167 2218 166
f 2542 2721 1504
f 1792 1795 1797
f 1123 1803 1432
f 1078 861 857
f 163 166 168
f 1123 1802 1803
f 1641 1324 1325
f 2393 2394 2442
f 1600 2442 2394
f 1707 1335 1334
f 702 703 1334
f 1348 1350 1349
f 1648 274 2549
f 2541 2542 1130
f 785 786 789
f 786 792 789
f 1603 1601 2218
f 1554 1130 1556
f 163 167 166
f 1265 1556 1555
f 2397 2260 1885
f 1797 1795 1427
f 1424 1428 1427
f 2397 1885 429
f 1599 1600 1601
f 424 426 425
f 2257 2260 2259
f 1265 1555 1557
f 785 790 788
f 2541 1130 1554
f 1365 1371 856
f 1278 1283 274
f 424 425 429
f 167 1603 2218
f 1370 1792 1371
f 1434 1431 2117
f 2043 1434 2117
f 2347 426 1033
f 2647 1431 1432
f 168 2043 165
f 2393 1558 1557
f 2264 2359 1802
f 1432 1803 2649
f 2257 2258 2264
f 790 1078 788
f 1802 2360 1803
f 1364 856 861
f 2393 2442 1558
f 163 168 165
f 1599 1601 1603
f 2541 1996 2542
f 1422 703 704
f 1247 2442 1600
f 1265 1554 1556
f 2647 1432 2649
f 2257 2259 2258
f 2542 1997 2721
f 2347 425 426
f 1283 2549 274
f 1802 2359 2360
f 1422 704 1424
f 2397 2398 2260
f 2260 2398 2259
f 1078 1369 861
f 1370 1795 1792
f 1599 1247 1600
f 1642 1324 1641
f 2647 2117 1431
f 2264 2258 2359
f 2721 1926 792
f 2397 429 2399
f 2399 429 425
f 2043 2117 165
f 163 164 167
f 789 792 1926
f 785 789 791
f 2541 1554 1996
f 1996 1997 2542
f 1365 1370 1371
f 2619 2649 1803
f 1364 1365 856
f 2360 2619 1803
f 1279 1282 1281
f 1265 1557 1264
f 1645 1648 1647
f 1364 861 1369
f 167 1605 1603
f 163 165 164
f 1264 1557 1558
f 785 791 790
f 1279 1281 1278
f 1282 1707 1708
f 2398 2400 2259
f 1245 1558 2442
f 2400 2258 2259
f 1319 1325 1324
f 1599 1603 1602
f 1427 1795 1793
f 1424 1427 1423
f 167 164 1605
f 2647 2649 2646
f 1245 2442 1247
f 1706 1707 1334
f 2347 2042 425
f 1265 1266 1554
f 2359 2362 2360
f 2645 2117 2647
f 1516 1334 703
f 2397 2144 2398
f 2359 2258 2361
f 2721 1997 1998
f 790 1079 1078
f 2399 425 2042
f 791 789 1926
f 2646 2649 2619
f 1599 1248 1247
f 2397 2399 2144
f 2360 2362 2619
f 1602 1603 1605
f 1079 1369 1078
f 1648 2549 1647
f 2721 1998 1926
f 1554 2000 1996
f 1370 1793 1795
f 2645 2647 2646
f 1422 1424 1423
f 165 2117 1045
f 2359 2361 2362
f 1422 1426 703
f 1599 1602 1248
f 2398 2144 2400
f 1278 1284 1283
f 1042 164 165
f 1645 1646 1642
f 1317 1323 1322
f 1261 1265 1264
f 2400 2142 2258
f 2347 2348 2039
f 1264 1558 1246
f 1554 1266 2000
f 2258 2142 2361
f 1993 1997 1996
f 1282 1708 1281
f 1427 1793 1423
f 1706 1708 1707
f 1261 1266 1265
f 2347 2039 2042
f 1245 1246 1558
f 2645 2401 2117
f 790 791 1077
f 1516 703 1426
f 1364 1369 1366
f 2646 2619 2651
f 2619 2362 2651
f 164 1046 1605
f 1042 165 1045
f 2399 2042 2557
f 870 1245 1247
f 1283 1284 2549
f 1363 1365 1364
f 790 1077 1079
f 870 1247 1248
f 2117 2401 1045
f 2144 2399 2557
f 1993 1998 1997
f 1993 1996 2000
f 2400 2144 2141
f 1042 1046 164
f 2645 2646 2648
f 1365 1368 1370
f 2400 2141 2142
f 1079 1366 1369
f 2361 2107 2362
f 1602 1605 1604
f 791 1926 980
f 1602 873 1248
f 1261 1264 1263
f 1263 1264 1246
f 2361 2142 2107
f 2645 2648 2401
f 1278 1281 904
f 1706 1334 609
f 1516 609 1334
f 2646 2651 2650
f 2040 2042 2039
f 2362 2701 2651
f 1645 1647 1646
f 1363 1364 1366
f 1604 1605 1046
f 1926 1998 2074
f 2646 2650 2648
f 1323 1354 1322
f 871 1246 1245
f 1278 904 1284
f 2557 2042 2041
f 1077 791 978
f 1370 1794 1793
f 1267 2000 1266
f 870 1248 873
f 2362 2107 2701
f 1261 1267 1266
f 1317 1319 1318
f 1422 1423 1425
f 2040 2041 2042
f 871 1245 870
f 2144 2557 2143
f 1602 1604 873
f 1363 1368 1365
f 1042 1045 1044
f 2140 2141 2144
f 1693 1349 1699
f 1042 1043 1046
f 1422 1425 1426
f 2106 2142 2141
f 978 791 980
f 2280 1045 2401
f 980 1926 2074
f 2279 2401 2648
f 1354 1698 1699
f 416 2040 2039
f 1993 2000 1995
f 416 2039 953
f 2106 2107 2142
f 1993 1999 1998
f 2140 2144 2143
f 1042 1044 1043
f 1370 1368 1794
f 1079 2073 1366
f 2702 2650 2651
f 2701 2702 2651
f 1261 1263 1262
f 1899 1423 1793
f 1077 977 1079
f 1263 1246 1244
f 1706 606 1708
f 1516 1426 1517
f 2280 2401 2279
f 1642 2421 1324
f 1267 1995 2000
f 1604 1046 1049
f 2557 2041 2599
f 2106 2141 2140
f 1999 2074 1998
f 1044 1045 1048
f 1043 1049 1046
f 871 1244 1246
f 1261 1262 1267
f 2648 2650 2281
f 2103 2701 2107
f 2557 2599 2143
f 1886 2549 1284
f 1048 1045 2280
f 2040 415 2041
f 863 870 873
f 1642 1646 2421
f 1708 607 1281
f 1077 978 977
f 2279 2648 2281
f 864 871 870
f 1886 1647 2549
f 416 415 2040
f 872 873 1604
f 1079 977 2073
f 2103 2702 2701
f 1363 1366 1240
f 1993 1995 1994
f 1706 609 606
f 1263 1244 1262
f 2702 2281 2650
f 1993 1994 1999
f 1516 1517 609
f 193 2107 2106
f 1899 1793 1794
f 1044 1047 1043
f 2599 2041 415
f 1899 1425 1423
f 193 2103 2107
f 1425 1517 1426
f 864 870 863
f 1240 1366 2073
f 2140 2143 1588
f 2278 2280 2279
f 1281 906 904
f 1043 1047 1049
f 863 873 872
f 1718 1604 1049
f 1044 1048 1047
f 975 978 980
f 2106 2140 1586
f 1363 1367 1368
f 1588 2143 2599
f 414 415 416
f 980 2074 979
f 2278 2279 2281
f 872 1604 1718
f 606 607 1708
f 1267 2375 1995
f 1317 1318 1323
f 414 416 413
f 871 865 1244
f 1048 2280 1258
f 2103 2105 2702
f 864 865 871
f 193 2106 195
f 975 977 978
f 1999 1270 2074
f 1586 2140 1588
f 2278 1258 2280
f 1267 1262 2089
f 2330 2281 2702
f 1281 607 906
f 2599 415 1730
f 1262 1244 2091
f 1363 1240 1367
f 2106 1586 195
f 904 905 1284
f 1994 1995 2716
f 194 2103 193
f 975 980 979
f 2330 2702 2105
f 1368 1983 1794
f 1239 2073 977
f 1047 2460 1049
f 1048 1256 1047
f 194 2105 2103
f 1994 2546 1999
f 1718 1049 2460
f 414 411 415
f 1267 2089 2375
f 1240 2073 1239
f 1728 1588 2599
f 1348 1353 1350
f 2074 1270 979
f 410 414 413
f 2278 2281 1992
f 2375 2716 1995
f 1319 1324 574
f 1048 1258 1256
f 862 864 863
f 863 872 867
f 1728 2599 1730
f 411 1730 415
f 1886 1284 905
f 1262 2091 2089
f 600 606 609
f 872 1718 1719
f 1368 1367 1983
f 2330 2282 2281
f 1899 1794 1902
f 192 193 195
f 2278 1255 1258
f 865 2092 1244
f 862 865 864
f 1646 1647 2422
f 1999 2546 1270
f 192 194 193
f 2091 1244 2092
f 410 411 414
f 1992 2281 2282
f 1585 1586 1588
f 1994 2716 2546
f 1899 1900 1425
f 2278 1992 1255
f 862 863 867
f 609 1517 604
f 1586 197 195
f 872 1719 867
f 2104 2330 2105
f 194 2104 2105
f 1425 2301 1517
f 1718 2460 2429
f 1587 1588 1728
f 805 1239 977
f 1260 2460 1047
f 1983 1902 1794
f 1260 1047 1256
f 903 904 906
f 1718 2429 1719
f 1252 1256 1258
f 975 800 977
f 1726 1728 1730
f 1585 1588 1587
f 1726 1730 411
f 192 195 197
f 1252 1258 1255
f 1240 1241 1367
f 1585 197 1586
f 975 979 976
f 2421 2752 1324
f 601 607 606
f 410 412 411
f 806 1240 1239
f 2375 2715 2716
f 1886 758 1647
f 1646 2422 2421
f 903 905 904
f 2375 2089 2715
f 2330 2122 2282
f 600 609 604
f 982 979 1270
f 192 198 194
f 1319 574 1318
f 2088 2089 2091
f 862 866 865
f 2104 2122 2330
f 866 2092 865
f 194 198 2104
f 1992 2282 1991
f 2546 2716 2545
f 800 805 977
f 1693 1699 1698
f 2088 2091 2092
f 1425 1900 2301
f 1254 1255 1992
f 1382 2429 2460
f 601 606 600
f 1729 1587 1728
f 862 867 869
f 908 906 607
f 2428 867 1719
f 1726 1729 1728
f 1269 1270 2546
f 1252 1257 1256
f 1725 1726 411
f 192 197 196
f 806 1241 1240
f 1382 2460 1260
f 1384 1719 2429
f 1257 1260 1256
f 1252 1255 1254
f 1725 411 412
f 805 806 1239
f 1899 1902 1901
f 1982 1983 1367
f 975 976 800
f 1585 1587 1589
f 1585 335 197
f 976 979 982
f 2715 2545 2716
f 2122 1991 2282
f 2301 604 1517
f 192 196 198
f 1254 1992 1991
f 1899 1901 1900
f 2428 869 867
f 1982 1367 1241
f 982 1270 1269
f 1384 2428 1719
f 1384 2429 1382
f 2104 2331 2122
f 1729 1589 1587
f 2104 198 2331
f 2543 2546 2545
f 758 2422 1647
f 1585 1589 335
f 903 906 908
f 2088 2090 2089
f 2089 2090 2715
f 1726 1727 1729
f 1725 1727 1726
f 2543 1269 2546
f 196 197 334
f 862 869 868
f 862 868 866
f 2088 2092 1218
f 866 1218 2092
f 1983 1979 1902
f 334 197 335
f 757 1886 905
f 601 608 607
f 1252 1253 1257
f 2752 574 1324
f 1725 412 1167
f 1252 1254 1253
f 1257 1259 1260
f 908 607 608
f 1379 1382 1260
f 196 333 198
f 1501 1991 2122
f 1254 1991 1495
f 2428 2063 869
f 1164 1167 412
f 802 805 800
f 1380 1384 1382
f 802 806 805
f 1384 1385 2428
f 2331 2121 2122
f 1978 1983 1982
f 2715 2547 2545
f 1729 577 1589
f 976 982 981
f 806 1242 1241
f 196 334 333
f 2331 198 2332
f 1725 1165 1727
f 335 1589 336
f 1729 1727 577
f 1901 1902 1979
f 599 600 604
f 1323 1355 1354
f 1379 1260 1259
f 599 601 600
f 1982 1241 1242
f 2543 2545 2547
f 1257 1253 1259
f 868 869 2063
f 1725 1167 1165
f 757 758 1886
f 1501 1495 1991
f 903 760 905
f 1978 1979 1983
f 334 335 336
f 982 1269 1268
f 800 976 799
f 2301 1900 2304
f 1501 2122 2121
f 1379 1380 1382
f 2428 1385 2063
f 333 2332 198
f 2088 2093 2090
f 2088 1218 2093
f 1380 1385 1384
f 1210 1218 866
f 2543 2544 1269
f 1254 1496 1253
f 1210 866 868
f 1254 1495 1496
f 2090 2268 2715
f 1900 1901 2304
f 336 1589 577
f 2331 2332 2121
f 577 1727 1165
f 982 1268 981
f 976 981 799
f 1162 1167 1164
f 2715 2268 2547
f 334 337 333
f 2421 2422 2753
f 2301 2302 604
f 903 908 907
f 2543 2547 2544
f 1269 2544 1268
f 760 757 905
f 334 336 337
f 1162 1165 1167
f 2421 2753 2752
f 1354 1355 1698
f 868 2063 1212
f 802 807 806
f 798 802 800
f 806 807 1242
f 2181 1259 1253
f 1318 1326 1323
f 1494 1495 1501
f 2062 2063 1385
f 1379 1259 1383
f 798 800 799
f 1379 1381 1380
f 2267 2090 2093
f 1380 1386 1385
f 2056 2332 333
f 1501 2121 1499
f 2178 1253 1496
f 1978 1982 1981
f 1494 1496 1495
f 1982 1242 1981
f 2267 2268 2090
f 2093 1218 1215
f 601 605 608
f 1210 1215 1218
f 599 604 603
f 337 2056 333
f 1209 1210 868
f 2550 2121 2332
f 2301 2304 2303
f 1166 577 1165
f 903 907 760
f 908 608 909
f 576 336 577
f 2062 1212 2063
f 1209 868 1212
f 599 605 601
f 2178 2181 1253
f 1901 1979 2761
f 336 578 337
f 1162 1166 1165
f 2181 1383 1259
f 2062 1385 1386
f 1494 1501 1499
f 1978 1980 1979
f 1379 1383 1381
f 1380 1381 1386
f 1348 1349 1352
f 2301 2303 2302
f 604 2302 603
f 2544 2547 2417
f 2550 1499 2121
f 981 1268 1271
f 576 578 336
f 2056 2551 2332
f 981 1271 799
f 2304 1901 1115
f 2550 2332 2551
f 908 909 907
f 576 577 579
f 2547 2268 2416
f 579 577 1166
f 1497 2178 1496
f 1494 1497 1496
f 2544 822 1268
f 1318 574 1326
f 2267 2093 1660
f 1242 807 2382
f 802 803 807
f 1978 1981 1980
f 1660 2093 1215
f 798 803 802
f 337 342 2056
f 2062 1213 1212
f 758 174 2422
f 1242 2382 1981
f 1162 1163 1166
f 1211 1215 1210
f 1980 2761 1979
f 337 578 342
f 1209 1211 1210
f 1161 1163 1162
f 2417 2547 2416
f 1209 1212 1213
f 608 605 909
f 1901 2761 1115
f 2267 1661 2268
f 2544 2417 822
f 1386 1381 302
f 798 799 801
f 2179 2181 2178
f 1494 1499 1498
f 2062 1386 303
f 307 1383 2181
f 822 1271 1268
f 173 758 757
f 301 1381 1383
f 576 338 578
f 2550 2245 1499
f 2056 206 2551
f 576 579 341
f 799 1271 801
f 2304 1116 2303
f 1494 1500 1497
f 1497 2179 2178
f 2550 2551 207
f 1661 2416 2268
f 756 757 760
f 2056 342 206
f 2062 303 1213
f 2267 1660 1661
f 579 1166 340
f 599 603 602
f 338 342 578
f 301 302 1381
f 760 907 759
f 576 341 338
f 1494 1498 1500
f 1166 1163 1987
f 303 1386 302
f 2304 1115 1116
f 2245 1498 1499
f 2179 307 2181
f 2753 2422 2751
f 599 602 605
f 1352 1349 1693
f 301 1383 307
f 2550 207 2245
f 207 2551 206
f 1209 1213 1214
f 579 340 341
f 1216 1660 1215
f 1209 1214 1211
f 340 1166 1987
f 1211 1216 1215
f 2752 575 574
f 2303 1988 2302
f 2381 2382 807
f 1980 1981 2760
f 798 804 803
f 2381 807 803
f 821 2417 2416
f 798 801 804
f 1500 1502 1497
f 1497 1502 2179
f 2752 2753 575
f 821 822 2417
f 11 1987 1163
f 1981 2382 2383
f 2234 907 909
f 603 2302 2690
f 2751 2422 174
f 173 174 758
f 303 2064 1213
f 339 342 338
f 200 206 342
f 280 338 341
f 756 760 759
f 1980 2762 2761
f 1116 1988 2303
f 173 757 756
f 1657 1661 1660
f 2064 1214 1213
f 148 1271 822
f 801 1271 153
f 1800 1498 2245
f 280 341 340
f 201 207 206
f 2179 306 307
f 2415 2416 1661
f 296 302 301
f 1500 1498 1503
f 1115 2761 1114
f 296 303 302
f 11 2350 1987
f 340 1987 1986
f 1981 2383 2760
f 208 2245 207
f 1211 1214 1217
f 2231 909 605
f 2234 759 907
f 1216 1657 1660
f 339 200 342
f 1211 1217 1216
f 295 301 307
f 280 339 338
f 1987 2350 1986
f 820 822 821
f 1500 1503 1502
f 1980 2760 2762
f 2415 821 2416
f 602 603 2690
f 201 206 200
f 2690 2302 1988
f 2381 2383 2382
f 804 2378 803
f 1800 1503 1498
f 2179 1502 2180
f 2381 803 2378
f 1109 1116 1115
f 148 153 1271
f 1800 2245 208
f 340 1986 278
f 280 340 278
f 820 148 822
f 201 208 207
f 2179 2180 306
f 1323 1326 1356
f 295 307 306
f 303 304 2064
f 2350 10 1986
f 2762 1114 2761
f 804 801 151
f 296 301 295
f 1323 1356 1355
f 2064 2614 1214
f 1657 132 1661
f 296 304 303
f 801 153 151
f 2230 605 602
f 2415 1661 132
f 2231 2234 909
f 1109 1115 1114
f 278 1986 38
f 280 281 339
f 339 205 200
f 1502 1503 2413
f 1110 1988 1116
f 1217 1214 1907
f 199 201 200
f 1216 1217 1659
f 1656 1657 1216
f 1502 2413 2180
f 820 821 147
f 304 2614 2064
f 279 280 278
f 201 202 208
f 1907 1214 2614
f 1799 1503 1800
f 2230 2231 605
f 1799 1800 208
f 1109 1110 1116
f 2415 352 821
f 2180 305 306
f 847 2760 2383
f 820 147 148
f 295 306 305
f 339 281 205
f 279 281 280
f 199 200 205
f 847 2762 2760
f 804 2377 2378
f 2381 2379 2383
f 199 202 201
f 2376 2381 2378
f 2753 2751 2750
f 1656 1216 1659
f 8 279 278
f 1657 134 132
f 756 759 761
f 804 151 2377
f 1659 1217 1907
f 821 352 147
f 144 153 148
f 294 296 295
f 2413 1503 1801
f 2234 761 759
f 1656 134 1657
f 571 1326 574
f 602 2690 2232
f 296 300 304
f 2753 2750 575
f 1799 1801 1503
f 2415 132 133
f 144 151 153
f 208 202 988
f 2704 1114 2762
f 2413 2414 2180
f 2615 2614 304
f 1989 2690 1988
f 1799 208 988
f 173 756 172
f 2414 305 2180
f 570 574 575
f 2376 2379 2381
f 1907 2614 2615
f 2415 133 352
f 2230 602 2232
f 279 282 281
f 295 305 297
f 169 174 173
f 281 2806 205
f 1110 1989 1988
f 2376 2378 2377
f 199 203 202
f 199 205 204
f 143 148 147
f 847 2383 853
f 294 300 296
f 1109 1114 1111
f 170 2751 174
f 853 2383 2379
f 129 132 134
f 294 295 297
f 1108 1110 1109
f 848 2762 847
f 988 202 203
f 2413 1801 615
f 143 144 148
f 282 2806 281
f 1355 1697 1698
f 2231 2233 2234
f 129 133 132
f 2644 2615 304
f 1656 1659 1658
f 204 205 2806
f 1656 135 134
f 199 204 203
f 151 152 2377
f 2413 615 2414
f 848 2704 2762
f 2644 304 300
f 1906 1659 1907
f 1111 1114 2704
f 144 152 151
f 146 147 352
f 1799 614 1801
f 756 761 172
f 2414 2501 305
f 1799 988 986
f 1108 1109 1111
f 1907 2615 1908
f 2501 297 305
f 1693 1698 1697
f 129 134 135
f 2234 2233 761
f 1656 1658 135
f 143 147 146
f 1658 1659 1906
f 615 1801 614
f 570 571 574
f 352 133 351
f 2376 2380 2379
f 984 988 203
f 1609 2232 2690
f 1108 1112 1110
f 169 173 172
f 846 847 853
f 1906 1907 1908
f 1799 986 614
f 170 2750 2751
f 1110 1112 1989
f 1989 1609 2690
f 294 298 300
f 910 204 2806
f 983 203 204
f 2230 915 2231
f 2644 2643 2615
f 169 170 174
f 2376 2377 2161
f 294 297 299
f 2641 2644 300
f 613 2414 615
f 844 848 847
f 984 986 988
f 129 130 133
f 146 352 351
f 2615 2643 1908
f 613 2501 2414
f 850 853 2379
f 2160 2377 152
f 844 847 846
f 910 2806 9
f 2501 2777 297
f 983 984 203
f 144 150 152
f 143 145 144
f 983 204 910
f 2230 2232 2108
f 2641 300 298
f 129 135 131
f 2559 2704 848
f 1111 2704 2559
f 294 299 298
f 130 351 133
f 610 615 614
f 2376 2161 2380
f 299 297 2777
f 2380 850 2379
f 2231 915 2233
f 1658 747 135
f 846 853 850
f 610 613 615
f 2639 2643 2644
f 2161 2377 2160
f 2639 2644 2641
f 129 131 130
f 1658 1906 751
f 143 146 149
f 1108 1111 1113
f 144 145 150
f 614 986 1081
f 1356 1326 2578
f 1108 1113 1112
f 1906 1908 242
f 2499 2777 2501
f 984 987 986
f 150 2160 152
f 613 2499 2501
f 131 135 747
f 983 985 984
f 844 849 848
f 610 614 612
f 143 149 145
f 2230 2108 915
f 2047 1989 1112
f 983 910 40
f 1908 2643 241
f 1658 751 747
f 1609 1610 2232
f 146 351 353
f 571 2578 1326
f 849 2559 848
f 844 846 845
f 2641 298 2640
f 2233 2411 761
f 612 614 1081
f 987 1081 986
f 1610 2108 2232
f 1906 242 751
f 984 985 987
f 2639 241 2643
f 2750 573 575
f 1989 1612 1609
f 761 179 172
f 2639 2641 2640
f 2778 299 2777
f 983 40 985
f 2380 2161 2682
f 845 846 850
f 1111 2559 2560
f 146 353 149
f 610 611 613
f 2380 2682 850
f 242 1908 241
f 130 1055 351
f 298 299 2712
f 131 1054 130
f 2498 2499 613
f 2499 2778 2777
f 1111 2560 1113
f 2047 1112 1113
f 844 845 849
f 2047 1612 1989
f 610 612 611
f 570 575 573
f 2157 2161 2160
f 145 155 150
f 298 2712 2640
f 611 2498 613
f 1055 353 351
f 131 747 748
f 2778 2712 299
f 1054 1055 130
f 150 2162 2160
f 2639 2642 241
f 761 2411 179
f 2639 2640 2642
f 985 1909 987
f 2483 1081 987
f 746 747 751
f 145 149 154
f 612 1081 1080
f 131 748 1054
f 2498 2500 2499
f 2499 2500 2778
f 169 172 175
f 242 239 751
f 1606 1610 1609
f 170 2733 2750
f 43 1909 985
f 612 1080 611
f 145 154 155
f 2158 2682 2161
f 2483 987 1909
f 155 2162 150
f 1234 2559 849
f 169 171 170
f 2157 2160 2162
f 845 850 851
f 850 2682 2228
f 236 242 241
f 149 353 354
f 746 748 747
f 2483 1080 1081
f 2233 915 917
f 2157 2158 2161
f 1610 1611 2108
f 1234 2560 2559
f 746 751 239
f 1608 1609 1612
f 1355 1356 2694
f 845 852 849
f 2233 917 2411
f 611 2034 2498
f 1054 1056 1055
f 149 354 154
f 914 915 2108
f 2560 2049 1113
f 2046 2047 1113
f 2778 2296 2712
f 2498 2034 2500
f 2642 240 241
f 2778 2500 2295
f 236 239 242
f 1054 748 1056
f 1055 1219 353
f 2713 2640 2712
f 2713 2642 2640
f 1606 1609 1608
f 850 2228 851
f 175 172 179
f 2483 1909 2485
f 236 241 240
f 611 1080 2028
f 1606 1611 1610
f 2778 2295 2296
f 2158 2228 2682
f 353 1219 354
f 2047 587 1612
f 1234 849 852
f 2046 1113 2049
f 845 851 852
f 2034 2295 2500
f 1909 19 2485
f 611 2028 2034
f 2483 2484 1080
f 914 2108 1611
f 154 2013 155
f 155 2013 2162
f 746 749 748
f 2733 573 2750
f 2157 2162 2159
f 746 239 750
f 2483 2485 2484
f 2713 240 2642
f 2297 2712 2296
f 1055 1056 1220
f 2157 2159 2158
f 748 1057 1056
f 169 175 171
f 354 1741 154
f 2560 2558 2049
f 1234 2558 2560
f 2411 2731 179
f 170 171 2733
f 2046 587 2047
f 2297 2713 2712
f 1055 1220 1219
f 2028 1080 2027
f 1608 1612 587
f 2027 1080 2484
f 1355 2694 1697
f 236 237 239
f 570 572 571
f 746 750 749
f 2032 2295 2034
f 154 1741 2013
f 2294 2296 2295
f 748 749 1057
f 236 240 238
f 911 915 914
f 18 2484 2485
f 911 917 915
f 917 2731 2411
f 237 750 239
f 2013 2794 2162
f 2162 2794 2159
f 1056 1057 1220
f 1219 1739 354
f 2294 2297 2296
f 2016 2228 2158
f 2031 2034 2028
f 2019 851 2228
f 2294 2295 2032
f 1606 1607 1611
f 236 238 237
f 354 1739 1741
f 2026 2028 2027
f 1606 1608 1607
f 2046 2049 2048
f 2713 1873 240
f 1238 852 851
f 2579 1356 2578
f 1233 1234 852
f 2027 2484 2030
f 2031 2032 2034
f 2158 2159 2229
f 2558 2048 2049
f 238 240 1873
f 826 2578 571
f 570 573 572
f 1219 1220 1740
f 2297 1919 2713
f 1235 2558 1234
f 2534 749 750
f 2026 2031 2028
f 2026 2027 2030
f 914 1611 1526
f 20 2030 2484
f 2016 2019 2228
f 1219 1740 1739
f 1741 1820 2013
f 237 2534 750
f 2016 2158 2229
f 2533 1057 749
f 1238 851 2019
f 2046 590 587
f 2294 2032 2033
f 1233 1235 1234
f 2251 1220 1057
f 1233 852 1238
f 2294 1918 2297
f 1608 587 588
f 175 179 178
f 2794 2798 2159
f 178 179 2731
f 1693 1697 1696
f 1739 1820 1741
f 2713 1872 1873
f 2046 2048 590
f 2013 2463 2794
f 1869 237 238
f 2713 1919 1872
f 2533 749 2534
f 2031 2033 2032
f 1607 1526 1611
f 2026 2030 2029
f 2297 1918 1919
f 2798 2229 2159
f 1869 238 1873
f 2026 2029 2031
f 1608 588 1607
f 911 914 913
f 2250 1740 1220
f 2251 1057 2533
f 2013 1820 2463
f 2175 2048 2558
f 2294 2033 1918
f 1352 1693 1692
f 917 920 2731
f 1235 2175 2558
f 913 914 1526
f 2250 1220 2251
f 237 1870 2534
f 175 176 171
f 2794 2463 2798
f 1819 1739 1740
f 2015 2019 2016
f 1869 1870 237
f 2694 1356 2579
f 911 916 917
f 572 826 571
f 2031 2029 901
f 2031 902 2033
f 1814 1820 1739
f 584 587 590
f 2016 2229 1415
f 2250 1819 1740
f 2533 2534 2135
f 1916 1919 1918
f 1238 2019 2017
f 1916 1872 1919
f 1866 1873 1872
f 1866 1869 1873
f 590 2048 2700
f 584 588 587
f 2031 901 902
f 1233 1238 1237
f 1418 2229 2798
f 1814 1739 1819
f 1691 2733 171
f 2175 2700 2048
f 1233 1236 1235
f 1918 2033 2676
f 2733 2734 573
f 2251 2533 2133
f 2534 1870 2135
f 178 2731 920
f 2015 2016 1415
f 2015 2017 2019
f 1821 2463 1820
f 916 920 917
f 826 2579 2578
f 2676 2033 902
f 2247 2250 2251
f 1236 2175 1235
f 1607 1613 1526
f 1415 2229 1418
f 1607 588 593
f 2533 2135 2133
f 1814 1821 1820
f 911 913 912
f 1417 2798 2463
f 1916 1871 1872
f 1867 1870 1869
f 1237 1238 2017
f 1866 1872 1871
f 1916 1918 1920
f 175 178 177
f 2247 2251 2133
f 1233 1237 1236
f 1867 1869 1866
f 2250 1817 1819
f 913 1526 1525
f 1920 1918 2676
f 1417 1418 2798
f 12 902 901
f 175 177 176
f 911 912 916
f 176 1691 171
f 590 2700 589
f 2247 1817 2250
f 572 573 825
f 2461 2463 1821
f 1607 593 1613
f 1813 1814 1819
f 900 2676 902
f 584 590 589
f 2015 1415 2018
f 2015 2018 2017
f 651 2135 1870
f 2461 1417 2463
f 12 900 902
f 284 2700 2175
f 1916 1917 1871
f 1613 1525 1526
f 1867 651 1870
f 1813 1819 1817
f 1916 1920 1917
f 584 585 588
f 1814 1815 1821
f 912 913 1525
f 1412 1415 1418
f 1236 284 2175
f 652 2133 2135
f 2134 2247 2133
f 1866 1871 1868
f 1865 1867 1866
f 1348 1352 1351
f 585 593 588
f 1691 2734 2733
f 1412 1418 1417
f 1920 2676 899
f 1813 1815 1814
f 899 2676 900
f 573 2734 825
f 1237 2017 2177
f 1692 1693 1696
f 1236 1237 2176
f 284 589 2700
f 652 2135 651
f 2248 1817 2247
f 2461 1821 1823
f 652 2134 2133
f 1969 178 920
f 1871 1917 1868
f 1865 1866 1868
f 2134 2248 2247
f 2018 2145 2017
f 1413 2018 1415
f 1815 1823 1821
f 2020 1917 1920
f 2461 2462 1417
f 1867 1085 651
f 916 918 920
f 1865 1085 1867
f 1412 1413 1415
f 44 899 900
f 2020 1920 899
f 584 589 586
f 1237 2177 2176
f 1813 1817 1816
f 177 178 2662
f 2177 2017 2145
f 1813 1818 1815
f 2461 1823 2462
f 584 586 585
f 1412 1417 1416
f 1917 2022 1868
f 591 1613 593
f 2248 1816 1817
f 652 2132 2134
f 2020 2022 1917
f 1236 286 284
f 2134 2132 2248
f 916 912 919
f 619 1525 1613
f 1417 2462 1416
f 1413 2145 2018
f 1236 2176 286
f 912 1525 622
f 650 652 651
f 2662 178 1969
f 651 1085 656
f 1687 176 177
f 585 591 593
f 1813 1816 1818
f 1865 1868 1086
f 1815 1822 1823
f 918 1969 920
f 1687 1691 176
f 1865 1086 1085
f 284 285 589
f 572 823 826
f 1815 1818 1822
f 2020 899 2021
f 650 651 656
f 2694 2616 1697
f 1837 1868 2022
f 1412 1414 1413
f 652 653 2132
f 1823 2464 2462
f 2021 899 41
f 2248 2132 2249
f 916 919 918
f 1412 1416 1414
f 591 619 1613
f 586 589 285
f 2020 1839 2022
f 2248 2249 1816
f 650 653 652
f 1985 2176 2177
f 1084 656 1085
f 619 622 1525
f 1837 1086 1868
f 1823 1822 2464
f 1084 1085 1086
f 2177 2145 2526
f 1348 1351 1353
f 912 622 919
f 1816 2652 1818
f 2020 2021 1839
f 2462 2174 1416
f 1818 2652 1822
f 1413 1576 2145
f 572 825 824
f 2694 2579 2225
f 283 284 286
f 1985 286 2176
f 1837 2022 1839
f 2807 2249 2132
f 2462 2464 2174
f 2807 2132 653
f 283 285 284
f 585 586 592
f 650 656 655
f 1985 2177 2526
f 655 656 1084
f 826 827 2579
f 1696 1697 2616
f 585 592 591
f 1690 177 2662
f 1414 1416 1421
f 2526 2145 1576
f 1414 1419 1413
f 1691 1294 2734
f 1816 2249 2654
f 1816 2653 2652
f 1421 1416 2174
f 650 654 653
f 1084 1086 1083
f 2739 1822 2652
f 2021 1835 1839
f 2464 1822 2703
f 1687 177 1690
f 1838 1086 1837
f 1419 1576 1413
f 586 285 594
f 650 655 654
f 2807 2732 2249
f 1833 1837 1839
f 2807 653 1858
f 2662 1969 1359
f 1293 1691 1687
f 655 1084 1083
f 1358 1969 918
f 1816 2654 2653
f 572 824 823
f 2021 7 1835
f 616 619 591
f 2739 2703 1822
f 2173 2174 2464
f 586 594 592
f 2734 1295 825
f 2654 2249 2732
f 617 622 619
f 283 286 287
f 1838 1083 1086
f 2739 2652 2653
f 654 1858 653
f 290 286 1985
f 1833 1839 1835
f 1968 918 919
f 1414 1421 1420
f 2807 1858 2732
f 2173 2464 2703
f 919 622 621
f 1414 1420 1419
f 1833 1838 1837
f 2172 1421 2174
f 2526 1576 2691
f 1985 2526 1984
f 283 288 285
f 655 1082 654
f 655 1083 1082
f 287 286 290
f 1293 1294 1691
f 1690 2662 1359
f 1970 594 285
f 2172 2174 2173
f 616 617 619
f 823 827 826
f 1358 1359 1969
f 1968 1358 918
f 591 592 620
f 2666 2703 2739
f 450 2654 2732
f 617 621 622
f 6 1833 1835
f 449 2732 1858
f 2739 2653 2665
f 654 1520 1858
f 616 591 620
f 1419 1577 1576
f 283 287 288
f 2084 1420 1421
f 290 1985 1984
f 1833 1836 1838
f 1838 2528 1083
f 2526 2691 1984
f 288 1970 285
f 2624 2173 2703
f 451 2653 2654
f 2172 2084 1421
f 827 2225 2579
f 450 2732 449
f 1294 1295 2734
f 1082 1083 1859
f 1419 1420 1578
f 2666 2739 2665
f 1576 1577 2691
f 1742 592 594
f 824 825 1295
f 1520 449 1858
f 2624 2703 2666
f 1519 654 1082
f 1968 919 470
f 919 621 470
f 6 1834 1833
f 2528 1859 1083
f 1833 1834 1836
f 450 451 2654
f 1519 1520 654
f 1836 2467 1838
f 2172 2173 2171
f 1838 2467 2528
f 1742 594 1970
f 451 2665 2653
f 1292 1687 1690
f 2694 2225 2223
f 1578 1420 2084
f 1419 1578 1577
f 1292 1293 1687
f 1352 1692 1351
f 2171 2173 2624
f 287 290 289
f 1082 1859 1521
f 452 449 1520
f 445 450 449
f 399 2084 2172
f 2664 2666 2665
f 1519 1082 1521
f 2664 2624 2666
f 616 618 617
f 287 289 288
f 2694 2223 2616
f 1836 1834 2466
f 1984 2691 2613
f 1836 2466 2467
f 399 2172 2171
f 1743 620 592
f 2528 2412 1859
f 445 451 450
f 290 1984 1945
f 1743 592 1742
f 1577 2613 2691
f 1690 1359 1362
f 2745 2528 2467
f 288 936 1970
f 616 620 618
f 1519 455 1520
f 445 449 452
f 617 468 621
f 1357 1359 1358
f 455 452 1520
f 1742 1970 936
f 1521 1859 2412
f 1578 2084 393
f 1834 22 2466
f 1968 469 1358
f 1314 2665 451
f 2745 2412 2528
f 2745 2467 2466
f 2171 2624 1524
f 1578 2083 1577
f 1314 2664 2665
f 399 393 2084
f 290 1945 289
f 2664 1524 2624
f 823 824 829
f 1519 1521 1010
f 468 470 621
f 1292 1690 1689
f 1968 470 469
f 1286 1294 1293
f 1519 1010 455
f 399 2171 400
f 1944 1984 2613
f 617 618 468
f 445 448 451
f 1690 1362 1689
f 1944 1945 1984
f 445 452 447
f 447 452 455
f 288 289 939
f 394 1578 393
f 394 2083 1578
f 288 939 936
f 1357 1362 1359
f 2171 1524 400
f 1521 2412 1437
f 2529 2613 1577
f 2745 2466 2298
f 2529 1577 2083
f 2745 1442 2412
f 1286 1293 1292
f 1314 451 1313
f 1357 1358 469
f 1315 2664 1314
f 934 1742 936
f 1010 1521 1437
f 1315 1524 2664
f 451 448 1313
f 392 393 399
f 934 1743 1742
f 2298 2466 21
f 392 399 400
f 445 447 446
f 445 446 448
f 618 620 624
f 823 828 827
f 1437 2412 1442
f 1743 624 620
f 2745 2298 1442
f 454 455 1010
f 447 455 454
f 1945 1949 289
f 824 1295 2098
f 1692 1696 1695
f 1287 1295 1294
f 394 395 2083
f 391 394 393
f 1944 2613 1948
f 1524 401 400
f 823 829 828
f 464 470 468
f 395 2529 2083
f 1010 1437 1009
f 1696 2616 1695
f 391 393 392
f 1307 1315 1314
f 2529 1948 2613
f 464 469 470
f 1943 1945 1944
f 289 942 939
f 1308 1524 1315
f 1307 1314 1313
f 447 453 446
f 933 936 939
f 454 1010 1009
f 392 400 401
f 446 456 448
f 448 456 1313
f 824 2098 829
f 933 934 936
f 1949 942 289
f 447 454 453
f 1436 1437 1442
f 618 623 468
f 1441 1442 2298
f 1292 1689 1688
f 1286 1287 1294
f 391 395 394
f 1943 1949 1945
f 1362 1688 1689
f 1308 401 1524
f 934 1744 1743
f 1435 1009 1437
f 1436 1442 1441
f 1441 2298 23
f 1307 1308 1315
f 1435 1437 1436
f 1357 1360 1362
f 1943 1944 1948
f 395 2477 2529
f 618 624 623
f 446 453 457
f 446 457 456
f 1743 1744 624
f 1286 1292 1289
f 391 392 397
f 454 1009 1012
f 1357 469 1361
f 392 401 397
f 1316 1313 456
f 2529 2478 1948
f 1307 1313 1316
f 454 1011 453
f 2170 2225 827
f 2477 2478 2529
f 391 398 395
f 938 939 942
f 933 939 938
f 1292 1688 1289
f 933 935 934
f 454 1012 1011
f 1435 1439 1009
f 464 468 467
f 1435 1436 1438
f 1362 1360 1688
f 395 398 2477
f 453 1013 457
f 1950 942 1949
f 1436 1441 1440
f 934 935 1744
f 1943 1950 1949
f 1009 1439 1012
f 467 468 623
f 1308 1309 401
f 1011 1013 453
f 1862 456 457
f 1306 1308 1307
f 464 465 469
f 1440 1441 30
f 2170 2223 2225
f 1357 1361 1360
f 2441 397 401
f 1436 1440 1438
f 1435 1438 1439
f 391 397 396
f 1862 1316 456
f 1943 1948 1947
f 391 396 398
f 2098 1295 1296
f 1287 1296 1295
f 1948 2478 1953
f 1307 1316 1312
f 1013 1862 457
f 2441 401 1309
f 1011 1012 1014
f 465 1361 469
f 1014 1012 1439
f 2474 2478 2477
f 938 942 941
f 1306 1309 1308
f 1950 941 942
f 2474 2477 398
f 1306 1307 1312
f 623 624 2539
f 2065 1439 1438
f 1947 1948 1953
f 1011 1015 1013
f 933 937 935
f 1440 2065 1438
f 933 938 937
f 624 1744 2655
f 1943 1946 1950
f 1285 1287 1286
f 828 829 2095
f 2441 1052 397
f 1285 1286 1289
f 1862 1910 1316
f 2474 1953 2478
f 397 1052 396
f 1015 1862 1013
f 2098 2095 829
f 2223 2224 2616
f 935 1745 1744
f 1316 1910 1312
f 1011 1014 1016
f 1943 1947 1946
f 2153 1014 1439
f 396 2479 398
f 464 467 466
f 2152 827 828
f 1011 1016 1015
f 1053 2441 1309
f 2065 2153 1439
f 2474 398 2479
f 467 623 2537
f 1440 29 2065
f 464 466 465
f 1688 1360 1767
f 624 2655 2539
f 938 941 940
f 1053 1052 2441
f 1306 1310 1309
f 2153 1016 1014
f 935 937 1745
f 1306 1312 1311
f 1950 2565 941
f 1744 1745 2655
f 1288 1289 1688
f 2537 623 2539
f 1015 1860 1862
f 938 940 937
f 1947 1953 1952
f 1862 1911 1910
f 1766 1360 1361
f 1312 1910 2685
f 2474 2475 1953
f 1053 1309 1310
f 1950 1946 2565
f 396 1052 1035
f 396 1035 2479
f 1015 1016 1861
f 2066 2153 2065
f 1306 1311 1310
f 29 2066 2065
f 1312 2685 1311
f 1862 1860 1911
f 1050 1052 1053
f 465 1974 1361
f 2475 1952 1953
f 1947 1951 1946
f 2565 940 941
f 2474 2479 2476
f 1910 1911 2685
f 1329 1016 2153
f 1015 1861 1860
f 466 467 1975
f 467 2537 1975
f 1947 1952 1951
f 1288 1688 1767
f 1766 1767 1360
f 2152 2170 827
f 2474 2476 2475
f 1050 1035 1052
f 1285 1289 1288
f 1861 1016 1329
f 1053 1310 1051
f 1971 465 466
f 1035 2482 2479
f 2170 2224 2223
f 1745 937 2769
f 2066 1328 2153
f 1050 1053 1051
f 1766 1361 1974
f 2476 2479 2482
f 2655 1745 2675
f 2655 2673 2539
f 1328 1329 2153
f 2685 520 1311
f 2152 828 2095
f 2094 2098 1296
f 1285 1290 1287
f 1287 1290 1296
f 1155 2565 1946
f 1911 1860 2637
f 2634 937 940
f 2537 2539 2538
f 525 1310 1311
f 2685 1911 519
f 2475 2481 1952
f 2094 2095 2098
f 1951 1155 1946
f 1971 1974 465
f 2722 940 2565
f 1861 2620 1860
f 1951 1952 2481
f 1050 1037 1035
f 1861 1329 1330
f 2685 519 520
f 2066 37 1328
f 525 1311 520
f 2475 2476 2480
f 1050 1051 1037
f 1745 2769 2675
f 2620 2637 1860
f 1036 2482 1035
f 2635 1911 2637
f 2539 2673 2538
f 526 1051 1310
f 2634 2769 937
f 2635 519 1911
f 2476 2482 1036
f 2537 2540 1975
f 1861 1330 2620
f 2475 2480 2481
f 525 526 1310
f 1327 1329 1328
f 2722 2634 940
f 1958 1695 2616
f 1327 1330 1329
f 466 1975 1973
f 2655 2675 2674
f 2655 2674 2673
f 2537 2538 2540
f 1155 1156 2565
f 2722 2565 1156
f 1034 1035 1037
f 1971 466 1973
f 2635 2637 2636
f 2476 1637 2480
f 1034 1036 1035
f 2636 2637 2620
f 518 520 519
f 2476 1036 1637
f 1051 1038 1037
f 1951 2481 1159
f 518 525 520
f 1764 1767 1766
f 1951 1159 1155
f 2635 521 519
f 1327 1328 25
f 1330 1331 2620
f 526 1038 1051
f 1764 1288 1767
f 1285 1288 1291
f 1327 1331 1330
f 1692 1695 1694
f 1766 1974 1765
f 2224 1958 2616
f 1973 1975 2540
f 2635 2636 521
f 2480 1135 2481
f 2675 2769 2770
f 1971 1972 1974
f 518 519 521
f 2801 2538 2673
f 522 526 525
f 1034 1037 1038
f 2636 2620 2711
f 2722 2633 2634
f 2620 1331 2711
f 518 522 525
f 2631 2769 2634
f 1285 1291 1290
f 2480 1637 1135
f 2094 1296 2097
f 2722 1156 2633
f 1159 2481 1135
f 1290 2097 1296
f 2674 2801 2673
f 2675 2770 2674
f 1041 1637 1036
f 1327 25 1332
f 1154 1156 1155
f 1327 1332 1331
f 526 529 1038
f 1034 1041 1036
f 2538 2804 2540
f 1154 1155 1159
f 1971 1973 1972
f 521 2636 2683
f 522 529 526
f 1764 1766 1765
f 2631 2770 2769
f 1974 1972 1765
f 2636 2711 2683
f 1692 1694 1351
f 2801 2804 2538
f 518 521 524
f 1034 1038 1040
f 2628 2634 2633
f 1333 2711 1331
f 1134 1135 1637
f 2628 2631 2634
f 1973 2540 2773
f 518 523 522
f 1332 1333 1331
f 2094 2096 2095
f 2152 2095 2096
f 1041 1134 1637
f 1764 1768 1288
f 521 2683 524
f 1720 1038 529
f 1768 1291 1288
f 1156 1157 2633
f 2804 2773 2540
f 518 524 523
f 1154 1157 1156
f 2674 2802 2801
f 1034 1039 1041
f 1136 1159 1135
f 522 527 529
f 1720 1040 1038
f 2683 2711 370
f 1154 1159 1158
f 1034 1040 1039
f 370 2711 1333
f 2674 2770 1716
f 1720 529 527
f 1332 26 1333
f 522 523 528
f 371 524 2683
f 1158 1159 1136
f 1133 1135 1134
f 522 528 527
f 2631 2629 2770
f 2801 2803 2804
f 2627 2628 2633
f 371 2683 370
f 2674 1716 2802
f 1972 1973 819
f 1041 1137 1134
f 1133 1136 1135
f 2627 2633 1157
f 2801 2802 2803
f 370 1333 2571
f 1073 523 524
f 26 2571 1333
f 1041 1039 1137
f 2771 1973 2773
f 1291 2695 1290
f 2626 2631 2628
f 1972 818 1765
f 1068 1720 527
f 1721 1040 1720
f 1154 1160 1157
f 2770 2629 1716
f 1154 1158 1160
f 2772 2773 2804
f 528 523 1073
f 2152 2151 2170
f 1764 1765 1395
f 368 524 371
f 2170 2226 2224
f 1721 1039 1040
f 1133 1134 1137
f 1290 226 2097
f 1067 527 528
f 367 371 370
f 368 1073 524
f 2626 2629 2631
f 1067 1068 527
f 2772 2804 2803
f 2626 2628 2627
f 2771 819 1973
f 1068 1721 1720
f 372 370 2571
f 1158 1136 839
f 2094 2097 218
f 367 368 371
f 1764 1389 1768
f 367 370 372
f 1972 819 818
f 1133 841 1136
f 1070 528 1073
f 1067 528 1070
f 2627 1157 2632
f 2771 2773 2772
f 1137 1039 1724
f 1158 839 1160
f 1717 2802 1716
f 1717 2803 2802
f 1290 2695 226
f 27 372 2571
f 1721 1724 1039
f 1395 1765 818
f 2632 1157 1160
f 1768 1394 1291
f 1136 841 839
f 1133 1137 1107
f 1067 1069 1068
f 2094 218 2096
f 1716 2629 1715
f 376 1073 368
f 1068 1069 1721
f 1764 1395 1389
f 367 369 368
f 1133 1107 841
f 1067 1070 1069
f 1070 1073 1072
f 1694 1695 1958
f 367 372 373
f 1291 1394 2695
f 2626 2630 2629
f 27 2570 372
f 2626 2627 2593
f 376 1072 1073
f 369 376 368
f 2772 2803 950
f 1137 1724 1990
f 367 373 369
f 2148 2152 2096
f 2627 2632 2593
f 1721 1722 1724
f 839 840 1160
f 1137 1990 1107
f 1714 1717 1716
f 372 2570 373
f 1717 950 2803
f 218 2097 226
f 2630 1715 2629
f 1714 1716 1715
f 835 839 841
f 2679 2632 1160
f 1721 1069 1723
f 1389 1394 1768
f 1070 1071 1069
f 1070 1072 1071
f 2771 817 819
f 837 841 1107
f 1721 1723 1722
f 2224 2226 1958
f 2771 2772 951
f 810 818 819
f 2679 1160 840
f 835 840 839
f 369 374 376
f 376 1074 1072
f 2626 2594 2630
f 369 373 375
f 2170 2151 2226
f 835 841 837
f 2626 2593 2594
f 1722 1779 1724
f 2570 2217 373
f 1990 1724 1779
f 1353 1351 1518
f 1074 1071 1072
f 1395 818 811
f 2632 2680 2593
f 2772 950 951
f 2679 2680 2632
f 376 374 1074
f 369 375 374
f 2148 2151 2152
f 375 373 2217
f 1990 1104 1107
f 2570 2765 2217
f 1069 1071 2220
f 837 1107 1104
f 439 1715 2630
f 810 819 817
f 1069 2220 1723
f 2771 951 817
f 1714 949 1717
f 949 950 1717
f 1714 1715 439
f 1778 1722 1723
f 1778 1779 1722
f 1388 1389 1395
f 226 2695 225
f 835 837 836
f 810 811 818
f 835 838 840
f 375 2215 374
f 1074 1075 1071
f 2679 840 2678
f 1990 1779 2192
f 1394 225 2695
f 375 2217 2216
f 1074 374 1076
f 836 837 1104
f 1990 2192 1104
f 444 2630 2594
f 2677 2680 2679
f 2592 2594 2593
f 2220 1071 1075
f 1778 1723 1631
f 2680 2595 2593
f 375 2216 2215
f 835 836 838
f 1388 1395 811
f 1631 1723 2220
f 2215 1076 374
f 39 2216 2217
f 439 2630 444
f 2678 840 838
f 2096 218 219
f 1714 439 440
f 1778 1632 1779
f 1074 1076 1075
f 2677 2679 2678
f 1714 440 949
f 223 218 226
f 1387 1394 1389
f 1779 1632 2192
f 2592 2593 2595
f 945 951 950
f 2677 2595 2680
f 945 950 949
f 951 816 817
f 836 1104 1106
f 2458 2215 2216
f 1778 1631 1632
f 2592 444 2594
f 809 810 817
f 2458 1076 2215
f 2148 2096 219
f 39 2235 2216
f 836 1105 838
f 1387 1389 1388
f 2192 1684 1104
f 1631 2220 1630
f 2220 1075 1634
f 223 226 225
f 2458 2216 2235
f 1076 2459 1075
f 808 811 810
f 1104 1684 1106
f 836 1106 1105
f 438 439 444
f 2678 838 961
f 438 440 439
f 809 817 816
f 2677 2678 2344
f 1392 225 1394
f 1632 1683 2192
f 2220 1634 1630
f 2677 2343 2595
f 1713 1076 2458
f 947 949 440
f 1625 1632 1631
f 1634 1075 2459
f 2192 1683 1684
f 838 1105 961
f 1387 1392 1394
f 808 810 809
f 2592 2595 503
f 1713 2459 1076
f 951 952 816
f 945 949 947
f 1625 1631 1630
f 1712 2458 2235
f 2677 2344 2343
f 945 952 951
f 2678 961 2344
f 2592 407 444
f 1712 1713 2458
f 1388 811 812
f 2763 1105 1106
f 502 2595 2343
f 2763 1106 1684
f 1632 1626 1683
f 503 2595 502
f 438 441 440
f 1712 2235 45
f 438 444 443
f 1625 1626 1632
f 1629 1630 1634
f 947 440 441
f 2592 503 407
f 1634 2459 2741
f 808 812 811
f 1625 1630 1629
f 498 1684 1683
f 962 961 1105
f 1713 1711 2459
f 1387 1388 1391
f 443 444 407
f 809 816 815
f 217 218 223
f 1709 1713 1712
f 2763 962 1105
f 161 2343 2344
f 2344 961 159
f 1709 1712 45
f 2763 1684 497
f 498 1683 1626
f 2741 2459 1711
f 161 502 2343
f 1634 2741 1633
f 1629 1634 1633
f 217 219 218
f 808 809 814
f 815 816 952
f 945 947 946
f 1388 812 1391
f 1709 1711 1713
f 498 497 1684
f 2730 225 1392
f 161 2344 159
f 2146 2151 2148
f 406 503 502
f 438 442 441
f 1625 1627 1626
f 438 443 442
f 1958 2226 1957
f 1625 1629 1628
f 809 815 814
f 158 961 962
f 406 407 503
f 945 948 952
f 1954 1694 1958
f 158 159 961
f 966 962 2763
f 223 225 224
f 947 441 639
f 2518 2741 1711
f 966 2763 497
f 1633 2741 2518
f 1387 1393 1392
f 406 502 161
f 2151 2150 2226
f 1625 1628 1627
f 2148 219 2147
f 1629 1633 1635
f 945 946 948
f 498 1626 496
f 947 639 946
f 1709 1710 1711
f 443 407 408
f 1629 1635 1628
f 496 1626 1627
f 2345 815 952
f 639 441 442
f 493 497 498
f 808 813 812
f 156 161 159
f 1752 1633 2518
f 808 814 813
f 2730 224 225
f 2418 2518 1711
f 960 962 966
f 1387 1391 1390
f 2730 1392 1393
f 404 407 406
f 156 159 158
f 443 408 442
f 1635 1633 1752
f 1709 24 1710
f 966 497 495
f 158 962 960
f 2345 952 948
f 493 498 496
f 1710 2418 1711
f 2604 1391 812
f 406 161 162
f 404 408 407
f 493 495 497
f 1752 2518 2418
f 815 2490 814
f 1387 1390 1393
f 1627 1628 1686
f 217 223 224
f 156 162 161
f 1751 1628 1635
f 960 966 495
f 2146 2148 2147
f 496 1627 1686
f 946 639 730
f 635 639 442
f 1351 1694 1905
f 1006 1635 1752
f 2345 2346 815
f 946 730 948
f 156 158 157
f 638 442 408
f 158 960 157
f 813 814 2490
f 1751 1686 1628
f 2146 2150 2151
f 1710 1769 2418
f 1006 1751 1635
f 404 406 405
f 1752 2418 1001
f 2604 1390 1391
f 493 496 492
f 815 2346 2490
f 635 442 638
f 405 406 162
f 1710 35 1769
f 2603 812 813
f 489 495 493
f 1006 1752 1001
f 2603 2604 812
f 1954 1958 1957
f 960 495 494
f 496 1686 1685
f 217 222 219
f 635 636 639
f 1000 2418 1769
f 1000 1001 2418
f 2345 948 1530
f 496 1685 492
f 404 409 408
f 156 160 162
f 489 493 492
f 636 730 639
f 2730 1393 1619
f 2147 219 222
f 1006 1007 1751
f 156 157 160
f 157 960 964
f 489 494 495
f 1751 1753 1686
f 2730 1619 224
f 2345 1530 2346
f 960 494 964
f 638 408 729
f 404 405 409
f 1004 1006 1001
f 730 2182 948
f 1751 1007 1753
f 635 638 637
f 1004 1007 1006
f 999 1001 1000
f 409 729 408
f 405 162 501
f 1005 1000 1769
f 1685 1686 2246
f 1393 1390 1618
f 137 813 2490
f 2226 2150 2764
f 948 2182 1530
f 489 492 491
f 635 637 636
f 162 160 501
f 1685 505 492
f 1005 1769 4
f 999 1004 1001
f 2226 2764 1957
f 2364 1686 1753
f 2604 2605 1390
f 157 964 963
f 2346 140 2490
f 637 638 729
f 2603 813 2607
f 157 965 160
f 999 1000 1005
f 2246 1686 2364
f 2603 2605 2604
f 491 492 505
f 636 731 730
f 489 490 494
f 1619 1393 1618
f 1753 1007 1008
f 1685 2246 505
f 1144 964 494
f 157 963 965
f 1004 1008 1007
f 405 500 409
f 2346 1530 140
f 489 491 490
f 730 731 2182
f 217 224 221
f 137 2607 813
f 405 501 500
f 999 1002 1004
f 2364 1753 1008
f 963 964 1144
f 137 2490 140
f 637 517 636
f 1144 494 490
f 999 1005 1003
f 160 1103 501
f 1004 1002 1008
f 965 1103 160
f 491 505 506
f 1390 1622 1618
f 1390 2605 1622
f 409 512 729
f 637 729 510
f 965 963 1102
f 999 1003 1002
f 636 517 731
f 2246 2364 2363
f 505 2246 1888
f 1102 963 1144
f 491 506 490
f 2182 1531 1530
f 217 220 222
f 2364 1008 2366
f 5 1003 1005
f 500 512 409
f 1617 224 1619
f 2146 2147 2149
f 637 510 517
f 505 1888 506
f 1002 2736 1008
f 2363 2364 2366
f 2603 2607 2606
f 1888 2246 2363
f 2603 2606 2605
f 500 501 2405
f 510 729 512
f 965 1102 1101
f 2805 2182 731
f 501 1103 2405
f 965 1101 1103
f 1528 140 1530
f 1002 1003 1177
f 2147 222 2149
f 1140 1144 490
f 1614 1619 1618
f 1102 1144 1145
f 217 221 220
f 1002 1177 2736
f 1528 1530 1531
f 2688 2366 1008
f 2805 1531 2182
f 138 2607 137
f 1139 490 506
f 1176 1003 5
f 2736 2688 1008
f 1617 221 224
f 136 137 140
f 1176 1177 1003
f 1148 506 1888
f 1102 1145 1101
f 517 516 731
f 1140 1145 1144
f 2363 2366 2365
f 500 2052 512
f 1888 2363 1891
f 1140 490 1139
f 508 517 510
f 500 2405 2052
f 2146 1791 2150
f 1616 1618 1622
f 1139 506 1148
f 2805 731 516
f 1101 2054 1103
f 2736 1177 2583
f 2688 2365 2366
f 1614 1617 1619
f 1621 1622 2605
f 138 2606 2607
f 1103 2054 2405
f 2363 2365 1891
f 2736 2583 2688
f 136 138 137
f 1887 1148 1888
f 1954 1955 1694
f 1176 1178 1177
f 1528 139 140
f 508 516 517
f 1887 1888 1891
f 507 510 512
f 1614 1618 1616
f 1101 1145 2055
f 2606 1621 2605
f 136 140 139
f 1375 1353 1518
f 1178 2583 1177
f 1140 1146 1145
f 2805 1529 1531
f 507 508 510
f 1101 2055 2054
f 1528 1531 1529
f 1139 1148 1147
f 511 512 2052
f 1176 15 1178
f 1138 1140 1139
f 2365 2689 1891
f 1703 2365 2688
f 2405 2051 2052
f 2688 2583 1702
f 1887 1147 1148
f 1146 2055 1145
f 1351 1905 1518
f 2405 2054 2051
f 1616 1622 1621
f 2146 2149 1791
f 2805 516 2697
f 507 512 511
f 1887 1891 1890
f 1178 2222 2583
f 2800 222 220
f 1140 1141 1146
f 1138 1141 1140
f 1703 2688 1702
f 1703 2689 2365
f 1891 2689 1890
f 1139 1147 1143
f 2583 2222 1702
f 2805 2697 1529
f 1138 1139 1143
f 15 1179 1178
f 509 516 508
f 1887 1889 1147
f 2150 1786 2764
f 2149 222 2800
f 1179 2222 1178
f 138 2672 2606
f 1887 1890 1889
f 2050 2052 2051
f 1146 2395 2055
f 2050 511 2052
f 2055 2693 2054
f 507 509 508
f 136 141 138
f 767 139 1528
f 2606 2757 1621
f 767 1528 1529
f 136 139 142
f 1569 1146 1141
f 1617 2611 221
f 1735 2051 2054
f 1700 1703 1702
f 1614 1615 1617
f 514 2697 516
f 2055 2395 2693
f 1701 1702 2222
f 1954 1957 1956
f 1138 1142 1141
f 1614 1616 1615
f 1703 2602 2689
f 2602 1890 2689
f 1147 1889 1572
f 1569 2395 1146
f 2764 1783 1957
f 1147 1572 1143
f 221 2612 220
f 1138 1143 1142
f 509 514 516
f 1808 2222 1179
f 1735 2054 2693
f 2402 1889 1890
f 1700 1702 1701
f 2606 2672 2757
f 507 511 215
f 138 141 2672
f 1142 1569 1141
f 1616 1621 1620
f 2050 211 511
f 1808 1701 2222
f 1808 1179 14
f 136 142 141
f 1529 2697 2696
f 1700 1704 1703
f 2402 1890 2602
f 2050 2051 210
f 1791 1786 2150
f 1572 1889 2402
f 767 142 139
f 1703 1704 2602
f 507 513 509
f 2396 2693 2395
f 1569 2396 2395
f 1568 1143 1572
f 211 215 511
f 1735 210 2051
f 1142 1143 1568
f 1955 1905 1694
f 514 2696 2697
f 1700 1701 1705
f 507 215 513
f 2050 210 211
f 767 1529 769
f 1616 1620 1615
f 2221 1701 1808
f 221 2611 2612
f 1142 1570 1569
f 1700 1705 1704
f 738 1808 14
f 2612 2800 220
f 1529 2696 769
f 1617 1623 2611
f 2221 1705 1701
f 1569 1570 2396
f 1621 2757 1543
f 1735 2693 1734
f 1615 1623 1617
f 509 515 514
f 1572 2402 1571
f 1704 2601 2602
f 2396 1734 2693
f 1679 2402 2602
f 1621 1543 1620
f 1568 1572 1571
f 509 513 515
f 1142 1568 1567
f 2221 1808 1805
f 738 1805 1808
f 1142 1567 1570
f 1704 1705 2744
f 1679 2602 2601
f 209 215 211
f 1731 210 1735
f 514 1061 2696
f 209 211 210
f 2197 2672 141
f 2757 2672 1542
f 142 2196 141
f 1704 2744 2601
f 1571 2402 1679
f 767 768 142
f 2221 2023 1705
f 2588 2396 1570
f 1731 1735 1734
f 2764 1786 1783
f 2588 1734 2396
f 2149 2800 2548
f 514 515 1061
f 216 513 215
f 2221 1805 2023
f 2023 2744 1705
f 1790 1791 2149
f 1568 1571 1573
f 1568 1573 1567
f 766 769 2696
f 762 767 769
f 1956 1957 1783
f 1804 1805 738
f 1567 1575 1570
f 209 216 215
f 2757 1542 1543
f 2600 2601 2744
f 2530 1679 2601
f 1804 738 13
f 2588 1570 1575
f 2197 1542 2672
f 2197 141 2196
f 1731 212 210
f 209 210 212
f 766 2696 1061
f 142 768 2196
f 773 515 513
f 2530 2601 2600
f 762 768 767
f 1806 2023 1805
f 2588 1738 1734
f 1672 1571 1679
f 1615 1620 1544
f 2025 2744 2023
f 1954 1956 1955
f 1673 1573 1571
f 773 513 216
f 1731 1734 1733
f 2025 2600 2744
f 1804 1806 1805
f 1567 1573 1574
f 1678 1679 2530
f 762 769 766
f 1567 1574 1575
f 1620 1543 1544
f 515 776 1061
f 1790 2149 2548
f 1733 1734 1738
f 1672 1673 1571
f 2611 1623 2582
f 2587 2588 1575
f 1615 1624 1623
f 1672 1679 1678
f 2611 2582 2612
f 2587 1738 2588
f 2530 2600 2531
f 1806 2024 2023
f 209 213 216
f 2024 2025 2023
f 209 212 214
f 773 776 515
f 1731 1732 212
f 2025 2531 2600
f 1804 1807 1806
f 1678 2530 2531
f 1673 1674 1573
f 1574 1573 1674
f 1731 1733 1732
f 1058 766 1061
f 2009 1575 1574
f 2612 1853 2800
f 209 214 213
f 2587 1575 2009
f 773 216 255
f 1804 42 1807
f 1058 1061 776
f 1615 1544 1624
f 2195 2196 768
f 1533 1543 1542
f 2193 2197 2196
f 1671 1673 1672
f 213 255 216
f 1806 1807 1153
f 762 763 768
f 1733 1738 1737
f 2587 1737 1738
f 1537 1542 2197
f 1672 1678 1680
f 1806 1153 2024
f 212 1897 214
f 762 766 765
f 1732 1897 212
f 1671 1674 1673
f 1678 2531 1680
f 1976 2531 2025
f 2024 1976 2025
f 2008 1574 1674
f 2800 1853 2548
f 2582 1623 1624
f 42 1153 1807
f 2587 2009 2010
f 2009 1574 2008
f 773 775 776
f 1058 765 766
f 1533 1544 1543
f 1671 1672 1675
f 2587 2010 1737
f 2195 768 763
f 1733 1736 1732
f 1672 1680 1675
f 773 255 774
f 2193 2196 2195
f 1671 1676 1674
f 2681 1680 2531
f 1733 1737 1736
f 2024 1153 1150
f 2681 2531 1976
f 2193 1537 2197
f 2024 1150 1976
f 213 214 254
f 2008 1674 1676
f 1782 1786 1791
f 1533 1542 1537
f 773 774 775
f 1894 1897 1732
f 213 256 255
f 254 214 1897
f 1058 776 1060
f 762 764 763
f 1852 2612 2582
f 762 765 764
f 1152 1153 42
f 2002 2010 2009
f 2002 2009 2008
f 775 1060 776
f 2010 2007 1737
f 1894 1732 1736
f 1671 1675 1677
f 1782 1791 1790
f 1149 1150 1153
f 255 256 774
f 1506 1675 1680
f 1671 1677 1676
f 213 254 256
f 2681 1509 1680
f 254 1897 1894
f 2002 2007 2010
f 1149 1153 1152
f 2008 1676 2735
f 1852 1853 2612
f 1151 1976 1150
f 1737 2012 1736
f 1058 1059 765
f 1977 2681 1976
f 1737 2007 2012
f 1506 1680 1509
f 1058 1060 1059
f 1506 1677 1675
f 2002 2008 2004
f 1151 1977 1976
f 1677 2735 1676
f 774 2068 775
f 2195 763 770
f 2008 2735 2004
f 1977 1509 2681
f 488 1150 1149
f 775 2068 1060
f 1894 1736 1898
f 488 1151 1150
f 1780 1783 1786
f 2002 2003 2007
f 1533 1541 1544
f 764 770 763
f 2193 1536 1537
f 764 765 771
f 1843 1624 1544
f 28 568 1152
f 2193 2195 2194
f 2003 2012 2007
f 487 1149 1152
f 774 256 2069
f 2012 2785 1736
f 2580 2582 1624
f 254 1895 256
f 254 1894 879
f 765 1059 771
f 1505 1506 1509
f 1790 2548 1789
f 2001 2002 2004
f 2783 2735 1677
f 1736 2785 1898
f 1507 1677 1506
f 488 1149 487
f 2001 2003 2002
f 487 1152 568
f 2783 2004 2735
f 1532 1533 1537
f 1151 348 1977
f 774 2069 2068
f 879 1894 1898
f 1977 345 1509
f 488 348 1151
f 1505 1507 1506
f 2194 2195 770
f 1895 2069 256
f 1505 1509 345
f 254 1896 1895
f 2003 2011 2012
f 1300 1059 1060
f 2193 2194 1536
f 254 879 1896
f 2068 1300 1060
f 1541 1843 1544
f 764 771 772
f 764 772 770
f 2012 2011 2785
f 1977 348 344
f 1597 2783 1677
f 1977 344 345
f 1789 2548 1853
f 1507 1597 1677
f 1852 2582 1851
f 1532 1537 1536
f 485 488 487
f 2001 2004 2006
f 2006 2004 2783
f 485 348 488
f 878 1898 2785
f 567 487 568
f 1534 1541 1533
f 2001 2005 2003
f 879 1898 878
f 1843 2580 1624
f 1505 1508 1507
f 1956 1783 1784
f 2 567 568
f 1297 771 1059
f 1505 345 1508
f 2003 2005 2011
f 2068 2069 2586
f 1532 1534 1533
f 2580 1851 2582
f 343 344 348
f 1896 2728 1895
f 343 345 344
f 485 487 486
f 2638 2785 2011
f 2001 2006 2005
f 1297 1059 1300
f 1895 736 2069
f 2068 2586 1300
f 567 486 487
f 879 880 1896
f 1597 1598 2783
f 1507 1591 1597
f 1780 1786 1782
f 2638 878 2785
f 1507 1508 1591
f 2006 2783 1598
f 772 771 2515
f 485 350 348
f 345 346 1508
f 1895 2728 736
f 343 348 350
f 874 879 878
f 1896 880 2728
f 1782 1790 1789
f 2390 770 772
f 343 346 345
f 1850 1853 1852
f 2194 770 2198
f 1297 2515 771
f 1487 2011 2005
f 874 880 879
f 2194 1539 1536
f 1487 2638 2011
f 737 2586 2069
f 1592 1597 1591
f 1592 1598 1597
f 737 2069 736
f 567 569 486
f 485 486 481
f 1532 1536 1539
f 1591 1508 1595
f 2006 1474 2005
f 877 878 2638
f 485 481 350
f 1595 1508 346
f 2390 772 2515
f 1473 2006 1598
f 2390 2198 770
f 2586 1202 1300
f 343 350 349
f 880 734 2728
f 874 878 877
f 567 1 569
f 734 736 2728
f 1534 1540 1541
f 1540 1843 1541
f 1487 2005 1486
f 343 347 346
f 1850 1852 1851
f 481 486 569
f 1473 1474 2006
f 1590 1592 1591
f 1532 1535 1534
f 1592 1596 1598
f 2005 1474 1486
f 1590 1591 1595
f 343 349 347
f 1488 2638 1487
f 1201 1297 1300
f 1780 1784 1783
f 874 875 880
f 1596 1473 1598
f 2194 2198 2199
f 737 1203 2586
f 349 350 479
f 1843 2581 2580
f 877 2638 1488
f 479 350 481
f 1297 1298 2515
f 1955 1956 1960
f 2194 2199 1539
f 1595 346 2099
f 875 734 880
f 1203 1202 2586
f 347 2099 346
f 732 737 736
f 1201 1300 1202
f 732 736 734
f 2390 2515 2392
f 1483 1487 1486
f 874 877 876
f 481 569 2669
f 1590 1593 1592
f 1592 1593 1596
f 1483 1488 1487
f 1534 1535 1540
f 2580 2574 1851
f 874 876 875
f 1590 1595 1594
f 1532 1539 1538
f 349 478 347
f 569 3 2669
f 349 479 478
f 1298 2392 2515
f 1854 1789 1853
f 1201 1298 1297
f 1471 1486 1474
f 1596 1472 1473
f 1532 1538 1535
f 1466 1474 1473
f 479 481 480
f 1594 1595 2099
f 737 735 1203
f 877 1488 1490
f 2390 2391 2198
f 875 733 734
f 484 2099 347
f 1483 1486 1471
f 481 2669 1208
f 1590 1594 1593
f 1850 1854 1853
f 732 735 737
f 1596 1593 1472
f 876 877 1490
f 732 734 733
f 479 480 478
f 1466 1473 1472
f 2580 2581 2574
f 2389 2390 2392
f 480 481 1208
f 478 484 347
f 1540 1841 1843
f 1197 1202 1203
f 1466 1471 1474
f 1483 1484 1488
f 1843 1841 2581
f 2198 2767 2199
f 2100 1594 2099
f 876 2189 875
f 1197 1201 1202
f 1484 1490 1488
f 484 2100 2099
f 2389 2391 2390
f 1197 1203 735
f 2189 733 875
f 1482 1483 1471
f 2669 17 1208
f 1539 2199 2516
f 1850 1851 1855
f 2198 2391 2767
f 1298 1099 2392
f 1472 1593 2608
f 1482 1484 1483
f 1594 1410 1593
f 1201 1299 1298
f 2072 876 1490
f 478 480 483
f 732 694 735
f 1466 1472 1469
f 478 482 484
f 480 1208 1206
f 1539 2517 1538
f 1467 1471 1466
f 732 733 693
f 1855 1851 2574
f 2389 2392 1099
f 2072 2189 876
f 1540 1535 1840
f 2100 1409 1594
f 484 1249 2100
f 2608 1593 1410
f 1472 2608 1469
f 1482 1471 1470
f 483 480 1206
f 1298 1299 1099
f 478 483 482
f 2516 2199 2767
f 1204 1208 17
f 732 693 694
f 1535 1538 1840
f 1956 1784 1960
f 1539 2516 2517
f 1484 1489 1490
f 1467 1470 1471
f 1204 1206 1208
f 1782 1789 1788
f 482 1249 484
f 1409 1410 1594
f 2189 2191 733
f 1465 1466 1469
f 1465 1467 1466
f 1197 735 691
f 1482 1485 1484
f 1195 1201 1197
f 1489 2072 1490
f 694 691 735
f 2100 1249 1409
f 2191 693 733
f 1955 1959 1905
f 1201 1198 1299
f 2389 1100 2391
f 1482 1470 1485
f 1540 1842 1841
f 2072 2190 2189
f 1484 1485 1489
f 483 1206 1207
f 2389 1099 1100
f 1204 1207 1206
f 2391 2438 2767
f 482 483 1251
f 2185 2574 2581
f 2189 2190 2191
f 2608 1410 1405
f 1195 1198 1201
f 1469 2608 563
f 1467 1468 1470
f 1465 1468 1467
f 482 1250 1249
f 2185 2581 1841
f 1540 1840 1842
f 2687 1538 2517
f 1465 1469 563
f 1780 1782 1781
f 1408 1410 1409
f 1489 2070 2072
f 690 694 693
f 329 1099 1299
f 1409 1249 2306
f 482 1251 1250
f 2072 2070 2190
f 1197 691 1196
f 2391 1100 2438
f 690 691 694
f 2516 2767 2439
f 2687 1840 1538
f 483 1207 645
f 563 2608 1405
f 1195 1197 1196
f 483 645 1251
f 1408 1405 1410
f 1485 1470 1915
f 2191 695 693
f 1204 16 1205
f 1204 1205 1207
f 1249 1250 2306
f 1465 560 1468
f 1198 329 1299
f 1915 1470 1468
f 2516 2686 2517
f 1485 1914 1489
f 1465 563 560
f 2439 2767 2438
f 2190 2293 2191
f 330 1100 1099
f 690 693 695
f 1408 1409 1411
f 1411 1409 2306
f 330 1099 329
f 1855 2574 1561
f 1854 1856 1789
f 1485 1915 1914
f 1489 2071 2070
f 2191 2293 695
f 2070 2292 2190
f 646 1250 1251
f 2687 2517 2686
f 1195 1199 1198
f 1850 1855 1562
f 1207 642 645
f 1205 642 1207
f 646 1251 645
f 1404 1405 1408
f 1468 560 561
f 690 692 691
f 563 1405 1406
f 1489 1914 2071
f 2748 2306 1250
f 2190 2292 2293
f 1915 1468 561
f 692 1196 691
f 1850 1562 1854
f 2185 1561 2574
f 557 560 563
f 2183 1841 1842
f 1780 1785 1784
f 1404 1406 1405
f 646 2748 1250
f 2070 2071 2292
f 2440 2438 1100
f 1408 1411 1407
f 2183 2185 1841
f 1404 1408 1407
f 1195 1196 1200
f 1789 1856 1788
f 1411 2306 2307
f 1650 2516 2439
f 332 329 1198
f 1650 2686 2516
f 557 561 560
f 690 695 697
f 1915 2556 1914
f 640 645 642
f 640 646 645
f 1195 1200 1199
f 2748 2307 2306
f 332 1198 1199
f 330 331 1100
f 1205 649 642
f 1205 36 649
f 563 1406 562
f 2569 695 2293
f 1782 1788 1787
f 1842 1840 2184
f 557 563 562
f 2568 2293 2292
f 1915 561 973
f 690 696 692
f 2188 1840 2687
f 646 2749 2748
f 2434 2439 2438
f 2071 1914 2287
f 331 2440 1100
f 1404 755 1406
f 323 330 329
f 1915 973 2556
f 690 697 696
f 1407 1411 2305
f 1404 1407 755
f 2071 2291 2292
f 2569 697 695
f 1411 2307 2305
f 692 2572 1196
f 2287 1914 2556
f 2569 2293 2568
f 1651 2687 2686
f 640 642 641
f 2434 2438 2440
f 557 558 561
f 641 642 649
f 332 1199 1200
f 2568 2292 2291
f 640 643 646
f 1782 1787 1781
f 2748 2708 2307
f 1196 2572 1200
f 646 643 2749
f 323 329 332
f 2749 2708 2748
f 562 1406 754
f 1855 1561 1562
f 755 754 1406
f 558 973 561
f 323 331 330
f 2289 2071 2287
f 2289 2291 2071
f 2183 1842 2184
f 2434 1650 2439
f 2184 1840 2188
f 692 696 2573
f 557 562 559
f 1407 259 755
f 1955 1960 1959
f 1407 2305 259
f 2596 2305 2307
f 2286 2556 973
f 1651 2686 1650
f 1780 1781 1785
f 2287 2556 2286
f 2749 643 2708
f 557 559 558
f 692 2573 2572
f 2596 2307 2708
f 640 641 644
f 1651 2188 2687
f 697 2256 696
f 640 644 643
f 2254 697 2569
f 2253 2569 2568
f 641 649 648
f 752 754 755
f 2253 2568 2291
f 2433 2440 331
f 649 34 648
f 566 562 754
f 558 974 973
f 258 2305 2596
f 752 755 259
f 2573 696 2256
f 258 259 2305
f 974 2286 973
f 332 1200 1636
f 2185 1560 1561
f 2285 2289 2287
f 2289 2290 2291
f 559 562 566
f 2254 2256 697
f 2434 2440 2433
f 2183 1560 2185
f 2285 2287 2286
f 323 324 331
f 2253 2254 2569
f 1481 1200 2572
f 641 647 644
f 2403 2596 2708
f 959 2708 643
f 1854 1857 1856
f 1854 1562 1857
f 323 332 325
f 752 566 754
f 641 648 647
f 957 643 644
f 2290 2253 2291
f 559 564 558
f 2285 2290 2289
f 2433 331 324
f 1480 2572 2573
f 258 2596 263
f 558 564 974
f 2403 2708 959
f 257 259 258
f 957 959 643
f 752 259 260
f 1481 1636 1200
f 2403 263 2596
f 954 644 647
f 974 2288 2286
f 559 566 565
f 332 1636 325
f 2434 1655 1650
f 954 957 644
f 2255 2573 2256
f 2285 2286 2288
f 559 565 564
f 1481 2572 1480
f 2252 2256 2254
f 1649 1651 1650
f 257 260 259
f 257 258 263
f 752 753 566
f 1174 647 648
f 322 324 323
f 1912 2254 2253
f 2290 2318 2253
f 1905 2131 1518
f 1559 1562 1561
f 1480 2573 2255
f 752 260 753
f 2285 842 2290
f 322 323 325
f 2183 2184 2186
f 954 647 955
f 1651 1654 2188
f 564 2045 974
f 1174 648 33
f 2184 2188 2187
f 2252 2255 2256
f 565 566 2044
f 2374 2403 959
f 974 2045 2288
f 2432 2434 2433
f 2374 263 2403
f 954 956 957
f 955 647 1174
f 1912 2252 2254
f 957 958 959
f 2290 842 2318
f 2285 2288 843
f 566 753 2409
f 257 263 262
f 1559 1561 1560
f 565 94 564
f 954 955 956
f 566 2409 2044
f 1649 1650 1655
f 2253 2318 1913
f 257 261 260
f 2285 843 842
f 1912 2253 1913
f 2433 324 328
f 957 956 958
f 565 2044 94
f 753 260 2276
f 2374 262 263
f 2432 1655 2434
f 2374 959 1669
f 2183 2186 1560
f 958 1669 959
f 1481 1478 1636
f 564 96 2045
f 257 262 261
f 1477 1481 1480
f 1649 1654 1651
f 1174 33 1172
f 1173 955 1174
f 2288 2045 48
f 564 94 96
f 260 261 2276
f 2154 1788 1856
f 322 328 324
f 325 1636 2385
f 1479 1480 2255
f 753 2410 2409
f 843 2288 48
f 955 1175 956
f 1654 2187 2188
f 2252 127 2255
f 1912 128 2252
f 753 2276 2410
f 842 69 2318
f 2057 1960 1784
f 322 325 327
f 1173 1174 1172
f 2044 2409 65
f 2432 2433 328
f 1243 958 956
f 2184 2187 2186
f 2044 65 94
f 1173 1175 955
f 68 842 843
f 1913 2318 69
f 2154 1787 1788
f 2057 1784 1785
f 78 2045 96
f 1477 1478 1481
f 2373 262 2374
f 78 48 2045
f 1243 956 1175
f 94 95 96
f 1477 1480 1479
f 1670 2374 1669
f 2252 128 127
f 2385 1636 1478
f 583 1669 958
f 54 1912 1913
f 68 69 842
f 1479 2255 127
f 2409 2410 67
f 103 2276 261
f 83 261 262
f 327 325 2385
f 2409 67 65
f 54 128 1912
f 843 48 49
f 1243 583 958
f 2276 102 2410
f 95 94 66
f 2373 2374 1670
f 65 66 94
f 68 843 49
f 1170 1173 1172
f 95 66 96
f 74 78 96
f 2373 83 262
f 1173 931 1175
f 1913 69 53
f 583 1670 1669
f 103 261 83
f 103 102 2276
f 102 67 2410
f 322 326 328
f 1172 32 1171
f 47 48 78
f 322 327 326
f 66 74 96
f 1243 1175 932
f 49 48 46
f 54 1913 53
f 1170 931 1173
f 2432 2435 1655
f 1562 2406 1857
f 46 48 47
f 1649 1655 1653
f 58 127 128
f 68 70 69
f 47 78 74
f 2156 1856 1857
f 1170 1172 1171
f 582 583 1243
f 931 932 1175
f 1559 1193 1562
f 60 65 67
f 58 128 54
f 68 49 70
f 46 47 49
f 582 1243 932
f 60 66 65
f 2373 82 83
f 99 1479 127
f 53 69 52
f 1475 1478 1477
f 2373 1670 85
f 2432 328 2437
f 1477 1479 101
f 583 113 1670
f 64 67 102
f 84 102 103
f 71 74 66
f 84 103 83
f 69 70 52
f 1559 1560 1194
f 1787 2155 1781
f 1476 2385 1478
f 58 92 127
f 2386 327 2385
f 71 47 74
f 2373 85 82
f 2388 1560 2186
f 1654 2709 2187
f 1170 930 931
f 580 583 582
f 2435 1653 1655
f 47 77 49
f 99 127 92
f 1649 1652 1654
f 79 83 82
f 60 67 64
f 1170 1171 930
f 50 54 53
f 113 85 1670
f 49 77 70
f 1781 2058 1785
f 2386 326 327
f 580 113 583
f 928 932 931
f 84 64 102
f 582 932 581
f 99 101 1479
f 79 84 83
f 60 61 66
f 1475 1477 101
f 50 53 52
f 71 66 61
f 54 57 58
f 1475 1476 1478
f 328 326 2420
f 79 82 85
f 928 931 930
f 2432 2436 2435
f 580 582 581
f 71 72 47
f 72 77 47
f 928 581 932
f 51 52 70
f 50 57 54
f 2432 2437 2436
f 2384 2386 2385
f 328 2420 2437
f 2384 2385 1476
f 58 91 92
f 2187 2367 2186
f 60 64 63
f 2154 1856 2156
f 1649 1653 1652
f 930 1171 929
f 99 92 91
f 111 113 580
f 1562 1193 2406
f 86 70 77
f 50 52 51
f 2388 1194 1560
f 79 85 81
f 98 85 113
f 58 57 91
f 89 64 84
f 71 61 73
f 79 80 84
f 580 581 108
f 71 73 72
f 86 51 70
f 1654 1652 2709
f 1171 31 929
f 60 62 61
f 1905 1959 2131
f 927 928 930
f 111 580 108
f 98 113 111
f 60 63 62
f 89 63 64
f 81 85 98
f 928 107 581
f 1475 101 112
f 2419 326 2386
f 99 100 101
f 79 81 80
f 72 75 77
f 2709 2367 2187
f 927 930 929
f 80 90 84
f 1559 1194 1193
f 75 86 77
f 99 91 100
f 107 108 581
f 89 84 90
f 499 1653 2435
f 1475 105 1476
f 2419 2420 326
f 50 51 56
f 2156 1857 2406
f 2154 2155 1787
f 50 55 57
f 73 61 93
f 72 73 76
f 2384 1476 106
f 108 109 111
f 110 107 928
f 110 928 927
f 86 87 51
f 109 98 111
f 499 2435 2436
f 2387 2388 2186
f 62 93 61
f 88 63 89
f 1475 112 105
f 72 76 75
f 88 62 63
f 91 57 59
f 2384 104 2386
f 81 97 80
f 31 2508 929
f 81 98 97

