# https://github.com/mikedh/trimesh
v 0.23842606 0.32689323 0.79203550
v 0.34513761 -0.18861412 0.32120928
v 0.33893881 -0.19746413 0.30876849
v 0.33326731 -0.19209638 0.32015666
v 0.33760560 -0.18339358 0.33289193
v 0.35498992 -0.19003108 0.31473443
v 0.34771930 -0.19510908 0.30929262
v 0.35428539 -0.18356899 0.32569197
v 0.34913910 -0.17858103 0.33591152
v 0.32270795 -0.19527683 0.31880872
v 0.32708957 -0.18752047 0.33028045
v 0.32798264 -0.20049401 0.30775865
v 0.34567250 -0.20250553 0.29734225
v 0.33382544 -0.20592526 0.29592122
v 0.15989146 -0.15624999 0.43429878
v 0.15307486 -0.15230798 0.44247260
v 0.16636554 -0.14714773 0.44660863
v 0.17281700 -0.15277767 0.43603675
v 0.16633081 -0.16167760 0.42378087
v 0.14759789 -0.15998787 0.43178399
v 0.15378673 -0.16332272 0.42466048
v 0.15671586 -0.14563603 0.45176213
v 0.14302095 -0.15588913 0.43964587
v 0.14523559 -0.14861211 0.45041152
v 0.08384989 0.07942806 0.70920903
v 0.07063354 0.07466838 0.70708460
v 0.07402065 0.08469189 0.71388093
v 0.09514132 0.08880308 0.71447535
v 0.09571015 0.07931540 0.70779094
v 0.09002151 0.06978168 0.70164858
v 0.07725046 0.06701457 0.70098659
v 0.08366721 0.09138087 0.71754557
v 0.24352743 0.32552220 0.77414064
v 0.24228576 0.32683646 0.77960557
v 0.24718553 0.32373292 0.77588353
v 0.25299004 0.31896570 0.77065240
v 0.25578829 0.31748255 0.77295818
v 0.25032902 0.32211783 0.77807293
v 0.29425129 0.24076001 0.74250709
v 0.29205131 0.23673408 0.74263619
v 0.29008435 0.24570808 0.74735809
v 0.29818435 0.23782966 0.73839126
v 0.29838549 0.23092434 0.73589803
v 0.29124164 0.24914620 0.74758519
v 0.29495663 0.24448448 0.74314242
v 0.28644707 0.24670112 0.75030724
v 0.28592762 0.25510585 0.75355295
v 0.28649903 0.23872933 0.74717880
v 0.29629837 0.22688193 0.73588007
v 0.29159138 0.22744506 0.73922092
v 0.35331543 -0.10043057 0.44461529
v 0.34374766 -0.10310924 0.44564567
v 0.34652026 -0.09471873 0.45482627
v 0.36393062 -0.10143703 0.43834366
v 0.35543902 -0.10811486 0.43394539
v 0.36151801 -0.09374291 0.44906653
v 0.34583494 -0.11113811 0.43442831
v 0.35548228 -0.09047683 0.45591191
v 0.34969669 -0.08448126 0.46578976
v 0.35783122 -0.08320908 0.46358747
v 0.36350855 -0.08596383 0.45757369
v 0.32163273 0.22049928 0.71108274
v 0.31873053 0.22254599 0.71479654
v 0.31603954 0.22947120 0.71788707
v 0.32520749 0.21777202 0.70639621
v 0.32682609 0.21201005 0.70483777
v 0.31983936 0.22644893 0.71255976
v 0.32267664 0.21456818 0.70977649
v 0.16568119 -0.06146914 0.56073790
v 0.17756177 -0.06156700 0.55691641
v 0.16743071 -0.07008803 0.55003339
v 0.15321938 -0.07007898 0.55431064
v 0.15453300 -0.05828693 0.56777123
v 0.16604448 -0.05399962 0.56927501
v 0.17516332 -0.05403674 0.56636954
v 0.25571987 0.25384026 0.77120809
v 0.25210728 0.24958790 0.77102215
v 0.25050047 0.25891244 0.77579426
v 0.26069341 0.25269340 0.76820975
v 0.25856894 0.24633736 0.76647386
v 0.25626529 0.26135372 0.77403482
v 0.25943789 0.26594653 0.77424252
v 0.26246199 0.25876643 0.76980580
v 0.24914482 0.26923934 0.78051175
v 0.25503537 0.26964609 0.77788286
v 0.27097085 -0.19079165 0.34441333
v 0.26189443 -0.19835306 0.33402743
v 0.25686440 -0.19144445 0.34766165
v 0.28191362 -0.18574125 0.34947416
v 0.28074348 -0.19175949 0.33961877
v 0.27391194 -0.19761529 0.33159304
v 0.27475931 -0.18393928 0.35485604
v 0.26659487 -0.18576570 0.35439971
v 0.27098414 -0.17881054 0.36458509
v 0.28340547 -0.17791124 0.36193143
v 0.44153350 0.03797812 0.53598229
v 0.43998439 0.03065813 0.53211287
v 0.43676386 0.04093980 0.54238397
v 0.44506536 0.02760794 0.52531735
v 0.43792252 0.04758558 0.54570746
v 0.44195978 0.04446562 0.53970876
v 0.44625656 0.03599016 0.52984220
v 0.48076717 -0.09139759 0.37710185
v 0.47675435 -0.08569571 0.38729385
v 0.48090749 -0.08261665 0.38670136
v 0.47683052 -0.09442771 0.37727808
v 0.48461940 -0.08909675 0.37575921
v 0.48406370 -0.09762531 0.36671872
v 0.48027233 -0.09858848 0.36930804
v 0.47685546 -0.10257333 0.36763533
v 0.47332269 -0.09821337 0.37586986
v 0.47196536 -0.09006794 0.38651845
v 0.41782681 0.10224418 0.57250707
v 0.42086401 0.09642120 0.56459355
v 0.42406183 0.09436776 0.56666650
v 0.41991402 0.10091339 0.57452578
v 0.41387626 0.10871094 0.58115981
v 0.41103385 0.10966528 0.57730862
v 0.41575000 0.10282669 0.56983666
v 0.40654183 0.11705688 0.58664737
v 0.41282801 0.11120888 0.58679207
v 0.40877605 0.11601660 0.58917697
v 0.41872790 0.10305297 0.57981145
v 0.09412544 0.09992534 0.72216802
v 0.10597809 0.09692753 0.71864946
v 0.07995756 0.10204061 0.72505675
v 0.09270410 0.11079116 0.72956710
v 0.10677903 0.10897590 0.72663084
v 0.09211959 0.12113917 0.73639105
v 0.10228180 0.11824690 0.73333425
v 0.39018178 0.14007717 0.62571145
v 0.38667719 0.14540042 0.62860716
v 0.39231743 0.13807919 0.62169869
v 0.38546749 0.14568679 0.63184049
v 0.39512572 0.13298165 0.61984874
v 0.39075053 0.13776862 0.62618410
v 0.39608336 0.13079717 0.59987419
v 0.39113337 0.13487673 0.60089161
v 0.39838225 0.12575614 0.59252960
v 0.39095103 0.13771781 0.60697855
v 0.40214071 0.12411801 0.59575279
v 0.39673884 0.13143241 0.60289508
v 0.11460277 0.07698654 0.70339579
v 0.10708872 0.08525243 0.71041225
v 0.11891660 0.08644979 0.70943912
v 0.12185729 0.06988236 0.69701170
v 0.10986488 0.06562109 0.69589694
v 0.12790966 0.08169397 0.70444876
v 0.10235898 0.07306961 0.70243465
v 0.11697212 0.09479888 0.71557865
v 0.12818276 0.09335092 0.71265893
v 0.29720340 0.03639210 0.61200574
v 0.29471293 0.04346625 0.61913481
v 0.30218521 0.04331453 0.61594277
v 0.30424313 0.03349257 0.60655781
v 0.29576167 0.02797819 0.60514921
v 0.28881023 0.03391606 0.61318355
v 0.26000456 0.25938166 0.68804351
v 0.26777930 0.25444648 0.68612946
v 0.26252717 0.26119375 0.69229269
v 0.26324395 0.25387382 0.68232469
v 0.25379418 0.26566016 0.69292118
v 0.25298650 0.26107408 0.68595680
v 0.31555627 -0.05211320 0.51764769
v 0.31783650 -0.04344463 0.52611499
v 0.32412000 -0.04471773 0.52206867
v 0.30794148 -0.06115483 0.51074613
v 0.30638402 -0.05426207 0.51907670
v 0.30991476 -0.04619142 0.52642243
v 0.32452666 -0.05307371 0.51280913
v 0.31714842 -0.06127135 0.50680428
v 0.29896551 -0.06051503 0.51507774
v 0.29886120 -0.05094311 0.52571088
v 0.44979712 0.02510454 0.51901001
v 0.44859399 0.01767493 0.51468319
v 0.44293352 0.01776596 0.51949503
v 0.45078943 0.03054592 0.52145870
v 0.45386109 0.02262299 0.51283556
v 0.45292702 0.01590168 0.50920556
v 0.45158597 0.01022619 0.50611132
v 0.44802205 0.00911380 0.50822314
v 0.19344589 -0.02811049 0.58869918
v 0.18411397 -0.03354510 0.58611478
v 0.18134109 -0.02721519 0.59368226
v 0.20463479 -0.02642372 0.58666405
v 0.20009008 -0.03465093 0.57950177
v 0.18897854 -0.03775167 0.57994423
v 0.19167395 -0.01859718 0.59915537
v 0.20275800 -0.01899436 0.59498351
v 0.17714166 -0.03488622 0.58696588
v 0.17935745 -0.04005201 0.58065165
v 0.23604683 0.07796656 0.67071371
v 0.23223760 0.06875491 0.66473282
v 0.22891916 0.07519247 0.67117739
v 0.23069442 0.08341690 0.67701174
v 0.23907535 0.08792948 0.67732320
v 0.24093838 0.07139060 0.66358597
v 0.24444001 0.08136910 0.67017693
v 0.42975311 0.03641535 0.54467663
v 0.43324207 0.02876317 0.53609920
v 0.42993608 0.02781506 0.53770076
v 0.43502404 0.03428543 0.53900807
v 0.42567728 0.03198524 0.54403808
v 0.43188798 0.04358963 0.54837155
v 0.42372641 0.04235627 0.55358293
v 0.42755111 0.04564122 0.55327699
v 0.36882941 0.12100761 0.64070627
v 0.37216741 0.11101599 0.63308794
v 0.36666308 0.11303794 0.63750610
v 0.37587518 0.11430926 0.63266157
v 0.36198010 0.12219307 0.64550554
v 0.36254176 0.13092394 0.64989777
v 0.36791487 0.13107235 0.64652700
v 0.37373126 0.12388141 0.63909237
v 0.35672204 -0.02127945 0.53198226
v 0.34872257 -0.02368069 0.53319921
v 0.35276603 -0.01598719 0.53916206
v 0.35885719 -0.01238293 0.53992709
v 0.35320011 -0.03221569 0.52234611
v 0.36464004 -0.01687428 0.53271158
v 0.36197250 -0.02675813 0.52394063
v 0.36666956 -0.03105533 0.51729931
v 0.36084325 -0.03588054 0.51500608
v 0.36920999 -0.02355230 0.52376966
v 0.32806792 0.12329666 0.66438758
v 0.32409026 0.11637026 0.66185047
v 0.32133730 0.12595133 0.66945471
v 0.32524556 0.13280657 0.67180309
v 0.33186102 0.12966602 0.66644714
v 0.33440704 0.12073662 0.65955308
v 0.33098870 0.11412328 0.65698115
v 0.32715267 0.10557403 0.65310369
v 0.31707078 0.11922057 0.66715137
v 0.31930018 0.10969852 0.65968001
v 0.31442093 0.12853252 0.67451626
v 0.31844872 0.13531642 0.67682517
v 0.08164926 0.00045485 0.64733823
v 0.06814585 -0.00290147 0.64594332
v 0.07495847 0.00768703 0.65454352
v 0.08855436 -0.00594559 0.64043121
v 0.07588180 -0.00971828 0.63877348
v 0.09416033 0.00365698 0.64836119
v 0.08793397 0.01039004 0.65528050
v 0.09980532 -0.00253157 0.64167283
v 0.09516721 -0.01055199 0.63486677
v 0.08416141 -0.01655619 0.63098270
v 0.22460745 0.12486826 0.70921650
v 0.21345753 0.11916377 0.70921599
v 0.21532923 0.12909483 0.71531985
v 0.23316557 0.13624673 0.71376220
v 0.23639923 0.12587952 0.70567931
v 0.23049403 0.11511740 0.70043331
v 0.21915955 0.11056621 0.70123998
v 0.22306525 0.13716827 0.71796458
v 0.21393240 0.13820095 0.72177234
v 0.20848629 0.12391309 0.71414019
v 0.20728608 0.13090182 0.71916540
v 0.20647299 0.10853586 0.70405919
v 0.20546869 0.11746781 0.71070003
v 0.17408914 0.04886127 0.66787908
v 0.16662955 0.04962221 0.67070388
v 0.17425051 0.05651083 0.67414647
v 0.16812794 0.03987011 0.66202590
v 0.17917840 0.04439938 0.66250821
v 0.18182419 0.05411335 0.66985293
v 0.15729850 0.04203131 0.66698729
v 0.17548807 0.03449682 0.65510450
v 0.16681521 0.03027619 0.65411411
v 0.15680475 0.02994019 0.65677547
v 0.50898151 -0.16238328 0.26085282
v 0.50549734 -0.15941514 0.26861644
v 0.50820039 -0.15391448 0.27296883
v 0.51255182 -0.15825275 0.26227142
v 0.50907493 -0.17033541 0.24976557
v 0.50471892 -0.16624254 0.25994260
v 0.51300674 -0.16606179 0.25134369
v 0.50096353 -0.16009870 0.27215591
v 0.50399361 -0.15439349 0.27691870
v 0.50856960 -0.14484820 0.28403379
v 0.50452820 -0.14766176 0.28511188
v 0.29978694 0.25366007 0.71265343
v 0.30680457 0.24522016 0.70660906
v 0.30541008 0.24866957 0.71181372
v 0.29875855 0.25713345 0.71793915
v 0.29203707 0.26313114 0.71946440
v 0.29370722 0.25814927 0.71289047
v 0.30132362 0.24940551 0.70675614
v 0.29440603 0.25382118 0.70641496
v 0.30281525 0.24553010 0.70152636
v 0.30981025 0.23971151 0.69990753
v 0.50004309 -0.13361965 0.30751687
v 0.49539600 -0.13208699 0.31429428
v 0.49713266 -0.12586577 0.32011887
v 0.50440466 -0.13047604 0.30634366
v 0.50465377 -0.13913839 0.29563791
v 0.50069204 -0.14285829 0.29532501
v 0.50106576 -0.12489753 0.31683960
v 0.49588917 -0.14027890 0.30340994
v 0.49829731 -0.11941176 0.32636746
v 0.49444048 -0.11898869 0.33110272
v 0.49275485 -0.12637572 0.32399236
v 0.49058676 -0.13455097 0.31577454
v 0.42628823 -0.09864888 0.40825175
v 0.42252726 -0.10432518 0.40351039
v 0.41820360 -0.10028067 0.41106350
v 0.43292219 -0.08888864 0.41594050
v 0.43279941 -0.10026345 0.40223467
v 0.42682026 -0.10744929 0.39697308
v 0.42360061 -0.09089993 0.41935752
v 0.43738498 -0.10355877 0.39527335
v 0.43315541 -0.10747576 0.39306604
v 0.43933343 -0.09576126 0.40354400
v 0.17279662 0.18152962 0.76011617
v 0.18046481 0.17698062 0.75560592
v 0.17176823 0.17124593 0.75433036
v 0.18281424 0.18861935 0.76171103
v 0.17278141 0.19191551 0.76602525
v 0.16370364 0.17503814 0.75839661
v 0.16367475 0.18488772 0.76408229
v 0.18937086 0.18083025 0.75550762
v 0.19293972 0.19060125 0.76016319
v 0.18094168 0.19983339 0.76845382
v 0.18889429 0.19778525 0.76529403
v 0.30408607 0.14175482 0.68786556
v 0.29715103 0.14135722 0.69089629
v 0.29796967 0.15009979 0.69591598
v 0.30442609 0.15279730 0.69441776
v 0.29983301 0.13299505 0.68429731
v 0.31163571 0.13786939 0.68180584
v 0.30723062 0.13106483 0.67959317
v 0.30948720 0.14618360 0.68798839
v 0.30748910 0.24318078 0.72873890
v 0.30657317 0.24151299 0.73028045
v 0.30244454 0.25019670 0.73543533
v 0.30873575 0.24355571 0.72639894
v 0.31147403 0.23764579 0.72345418
v 0.30374475 0.25158377 0.73255766
v 0.31126465 0.23452763 0.72417112
v 0.29886346 0.25884355 0.73926542
v 0.29868823 0.26098303 0.73794278
v 0.30199091 0.25638456 0.73277113
v 0.30705665 0.24792907 0.72717825
v 0.36696087 -0.16311134 0.35200088
v 0.37131751 -0.15183103 0.36673161
v 0.37852025 -0.15695894 0.35570159
v 0.35617750 -0.16409604 0.35549134
v 0.36233862 -0.15733931 0.36287815
v 0.37603610 -0.16641301 0.34272026
v 0.36625531 -0.17287886 0.33733770
v 0.35780606 -0.17129229 0.34366649
v 0.38844222 -0.15168084 0.35853384
v 0.38583044 -0.16042126 0.34699785
v 0.38227426 -0.14736591 0.36784164
v 0.36241755 -0.15018972 0.37335587
v 0.36925330 -0.14474393 0.37802027
v 0.37698193 -0.14225269 0.37778603
v 0.26249452 0.01662331 0.60790034
v 0.26298208 0.00874825 0.60037022
v 0.25402558 0.01048089 0.60537793
v 0.26703446 0.02533810 0.61408455
v 0.27029572 0.01644912 0.60472086
v 0.25722267 0.02181585 0.61465312
v 0.49627118 -0.18735651 0.23713857
v 0.49971141 -0.18028817 0.24457261
v 0.50090672 -0.18654932 0.23430773
v 0.49290016 -0.18012110 0.25071026
v 0.49338439 -0.19489900 0.22804141
v 0.49105225 -0.18915397 0.23876485
v 0.49928201 -0.19289586 0.22611988
v 0.43389676 -0.04843483 0.46146482
v 0.42957633 -0.05028884 0.46226600
v 0.43059830 -0.04329128 0.46915228
v 0.44021321 -0.04998196 0.45548846
v 0.43281792 -0.05705354 0.45270759
v 0.43600564 -0.04116452 0.46782784
v 0.42727103 -0.03812931 0.47674315
v 0.43192284 -0.03510132 0.47693087
v 0.42452615 -0.04621073 0.46980912
v 0.42579692 -0.05605456 0.45830445
v 0.35590524 -0.12340651 0.41368754
v 0.36712852 -0.11668627 0.41733430
v 0.36548886 -0.12473384 0.40747442
v 0.35986810 -0.13229007 0.39982536
v 0.36096817 -0.11208141 0.42623388
v 0.35132362 -0.13340059 0.40223799
v 0.34445268 -0.13090568 0.40874503
v 0.34487107 -0.12166066 0.42106180
v 0.35268490 -0.11530315 0.42593680
v 0.37370950 -0.12057567 0.40905213
v 0.37074323 -0.13052559 0.39709435
v 0.43303489 0.05084672 0.55230705
v 0.42812696 0.05283342 0.55783039
v 0.42835802 0.06197224 0.56338755
v 0.43407231 0.05757102 0.55535910
v 0.43901478 0.05307279 0.54768469
v 0.09960647 0.04337103 0.68070348
v 0.10571657 0.05309232 0.68719881
v 0.10792127 0.04369921 0.67966788
v 0.09145034 0.03838840 0.67789682
v 0.09094329 0.04883222 0.68601212
v 0.10169745 0.03314487 0.67219048
v 0.11564945 0.03975491 0.67513343
v 0.11500044 0.02932031 0.66670020
v 0.09371102 0.02066005 0.66318162
v 0.08414592 0.02778264 0.67026134
v 0.10516590 0.02271561 0.66305394
v 0.42985657 0.06850942 0.56545538
v 0.43512776 0.06299409 0.55691900
v 0.26220144 -0.09523725 0.48774803
v 0.25321631 -0.09527612 0.49082573
v 0.26385948 -0.08731595 0.49690413
v 0.25511483 -0.10272144 0.48072939
v 0.27306192 -0.09066212 0.48949116
v 0.26593284 -0.10034351 0.47996981
v 0.16483724 -0.01674608 0.60976666
v 0.17285590 -0.00717546 0.61692224
v 0.17671822 -0.01379251 0.60902796
v 0.17056290 -0.02415559 0.60033007
v 0.15723532 -0.02728918 0.60116452
v 0.15175340 -0.02030061 0.61010256
v 0.16042771 -0.00768872 0.62026715
v 0.16255026 -0.04829773 0.57677172
v 0.17265921 -0.04728265 0.57480211
v 0.14241623 -0.06663006 0.56160379
v 0.14080087 -0.07425634 0.55296523
v 0.13297744 -0.06554646 0.56559626
v 0.14096280 -0.05803036 0.57205157
v 0.13173976 -0.07300127 0.55704490
v 0.13195638 -0.08094923 0.54727363
v 0.14412007 -0.08016175 0.54478425
v 0.15696467 -0.07899673 0.54243786
v 0.40406903 0.12187535 0.60685651
v 0.40818959 0.11438965 0.60267323
v 0.40186690 0.12291537 0.61140209
v 0.40453752 0.12232636 0.60391447
v 0.41044529 0.11300491 0.59789409
v 0.39817437 0.13002733 0.61454123
v 0.40004594 0.12831603 0.61045066
v 0.41076675 0.10938769 0.59970019
v 0.40770196 0.11195898 0.60411660
v 0.41304418 0.10710300 0.59592599
v 0.40193693 0.12030966 0.61232053
v 0.39652277 0.12867703 0.61934812
v 0.18071468 -0.14484158 0.44591051
v 0.16496715 -0.13949854 0.45859483
v 0.17687099 -0.13844302 0.45662705
v 0.25633072 0.26846357 0.69852882
v 0.25991394 0.27038221 0.70361927
v 0.24925197 0.27680852 0.70561289
v 0.26593376 0.26290867 0.69706495
v 0.24681086 0.27326782 0.69913729
v 0.27156443 0.25565071 0.69046649
v 0.13832269 -0.02492288 0.60925116
v 0.14562658 -0.01334798 0.61906998
v 0.14448909 -0.03137074 0.60064211
v 0.13077838 -0.03671361 0.59883026
v 0.12501797 -0.02911026 0.60858478
v 0.13240846 -0.01805436 0.61810325
v 0.35282952 0.10558933 0.64039183
v 0.34522860 0.11038670 0.64737557
v 0.35082668 0.11543035 0.64767858
v 0.35740590 0.11089290 0.64136617
v 0.35949595 0.10119484 0.63407315
v 0.35485510 0.09596226 0.63298162
v 0.34828305 0.09958428 0.63872606
v 0.10755028 -0.04959856 0.59087754
v 0.12109885 -0.04653253 0.59071898
v 0.11459200 -0.05665590 0.58099958
v 0.11705927 -0.03950334 0.59955625
v 0.09708622 -0.05567219 0.58669468
v 0.09467748 -0.04825415 0.59557739
v 0.10329760 -0.05802430 0.58243959
v 0.10613543 -0.04159832 0.60012540
v 0.09428552 -0.06303553 0.57887804
v 0.10395531 -0.06449938 0.57472017
v 0.14110642 -0.19001919 0.38221939
v 0.13779854 -0.18344893 0.39486024
v 0.15042570 -0.18205741 0.39401254
v 0.15610593 -0.18711488 0.38362567
v 0.15032924 -0.19444218 0.37186360
v 0.13360405 -0.17830377 0.40494587
v 0.14594424 -0.17627024 0.40519574
v 0.15838230 -0.17493923 0.40413299
v 0.16302310 -0.18016508 0.39395308
v 0.26456020 0.11116354 0.68449672
v 0.25700750 0.10143164 0.68048446
v 0.25440001 0.11074852 0.68828553
v 0.27005033 0.12440552 0.69150848
v 0.27426978 0.11440889 0.68286350
v 0.26436589 0.10050396 0.67687681
v 0.27157868 0.10439251 0.67680578
v 0.25918376 0.12194409 0.69425555
v 0.28341823 -0.25928485 0.20361857
v 0.27464474 -0.26375363 0.19519479
v 0.26921173 -0.25886174 0.20853825
v 0.28522818 -0.26537437 0.18827378
v 0.29675769 -0.25911703 0.20018885
v 0.29328241 -0.25290978 0.21567055
v 0.28117538 -0.25499847 0.21442504
v 0.26332291 -0.26592302 0.19276857
v 0.28608501 0.06861040 0.64353863
v 0.28910896 0.06173928 0.63672730
v 0.28165512 0.06203100 0.63998415
v 0.28694709 0.07792059 0.65053365
v 0.29253566 0.07051368 0.64240242
v 0.28026411 0.07087099 0.64770626
v 0.29588002 0.07988561 0.64835303
v 0.30045029 0.07191199 0.64020840
v 0.29671667 0.06291059 0.63456226
v 0.17121835 0.02601069 0.64892949
v 0.18120017 0.02770186 0.64718765
v 0.17023726 0.01662378 0.64061269
v 0.16199303 0.02161260 0.64779933
v 0.18584295 0.03946242 0.65608609
v 0.37334248 -0.03103119 0.51404606
v 0.36729142 -0.03822712 0.50948092
v 0.36111266 -0.04473316 0.50547160
v 0.35408481 -0.04253187 0.51109218
v 0.27580266 0.29011193 0.76835338
v 0.27116102 0.29853539 0.77192500
v 0.27687454 0.29108944 0.76610576
v 0.28083869 0.28288584 0.76279839
v 0.27915189 0.28268017 0.76507075
v 0.27469397 0.28812909 0.76993490
v 0.27045872 0.29699592 0.77386548
v 0.27196439 0.29931497 0.76956541
v 0.28240041 0.28306655 0.76003666
v 0.27764431 0.29199364 0.76338926
v 0.26533991 0.30525391 0.77740827
v 0.26491318 0.30756271 0.77555171
v 0.48539636 -0.04662824 0.41396143
v 0.48307039 -0.03976462 0.42326908
v 0.48391482 -0.04912926 0.41535170
v 0.48706200 -0.05356504 0.40591492
v 0.45993170 -0.16604004 0.29645548
v 0.46569574 -0.16019170 0.30091121
v 0.46450348 -0.16979412 0.28782321
v 0.45693401 -0.17459058 0.28577621
v 0.45310904 -0.16672071 0.29996223
v 0.45886553 -0.15873942 0.30769834
v 0.17656866 0.12101610 0.72127807
v 0.18224617 0.11341053 0.71464051
v 0.17291473 0.11279431 0.71665597
v 0.16902091 0.12678175 0.72697087
v 0.17996197 0.13167653 0.72745900
v 0.16607481 0.11649324 0.72079462
v 0.18863740 0.12504368 0.72074553
v 0.19180162 0.11664209 0.71423949
v 0.17443874 0.10697298 0.71224021
v 0.18953292 0.10938033 0.70984945
v 0.18106914 0.10221844 0.70708149
v 0.16478359 0.10609560 0.71395967
v 0.24045324 0.29385965 0.79264677
v 0.23423615 0.29402168 0.79537569
v 0.23382541 0.30089281 0.79728202
v 0.23964673 0.30152711 0.79482086
v 0.24629761 0.28585318 0.78763988
v 0.23996354 0.28692273 0.79084602
v 0.24679257 0.29336557 0.78957161
v 0.23090307 0.30877806 0.79984995
v 0.22804886 0.30050015 0.79956600
v 0.22761055 0.30583234 0.80087489
v 0.23366669 0.28712922 0.79351059
v 0.22778479 0.29422081 0.79797465
v 0.32225985 0.17379061 0.69618995
v 0.32574258 0.16615785 0.69040326
v 0.32109597 0.16652519 0.69328195
v 0.31661241 0.17517841 0.70020699
v 0.31759046 0.18299919 0.70331736
v 0.32853641 0.17052439 0.69076455
v 0.32343388 0.18092534 0.69869825
v 0.32981408 0.16176377 0.68576581
v 0.32643150 0.15782453 0.68568070
v 0.24375884 0.26434606 0.78103443
v 0.24530195 0.25455102 0.77624667
v 0.23860841 0.26017752 0.78149096
v 0.23681913 0.26894643 0.78576627
v 0.24128123 0.27364727 0.78569170
v 0.23880879 0.28115524 0.78944994
v 0.24469722 0.27906430 0.78614677
v 0.23334669 0.27859237 0.79070102
v 0.22604125 0.31096266 0.73783286
v 0.22704198 0.31508938 0.74406144
v 0.22930232 0.30486953 0.73141280
v 0.23641317 0.30280890 0.73284930
v 0.23589096 0.30763904 0.73900366
v 0.50400277 -0.12356787 0.31478878
v 0.50154663 -0.11664527 0.32533708
v 0.26786654 0.30527480 0.77172088
v 0.26728287 0.30627229 0.76968262
v 0.27200905 0.30029149 0.76783444
v 0.26211891 0.31175636 0.77511742
v 0.48657832 -0.21011222 0.20919490
v 0.49391471 -0.20912721 0.20506064
v 0.48890367 -0.21617213 0.19738930
v 0.48276534 -0.21646220 0.20141320
v 0.48422261 -0.20459688 0.21993378
v 0.49026449 -0.20268515 0.21833610
v 0.47888812 -0.21110733 0.21312446
v 0.48624501 -0.19629690 0.23152305
v 0.47881397 -0.20222980 0.22767516
v 0.47317270 -0.20774398 0.22271581
v 0.46637996 -0.21002382 0.22345564
v 0.47054866 -0.19992159 0.23718831
v 0.47083701 -0.21499151 0.21215694
v 0.47937343 -0.19308714 0.24172125
v 0.26780110 0.19614997 0.73657146
v 0.26278235 0.20428691 0.74329004
v 0.27028955 0.20633000 0.74085384
v 0.27516294 0.19389938 0.73186957
v 0.27067991 0.18864183 0.73112103
v 0.26556443 0.18798226 0.73304160
v 0.26150638 0.19487310 0.73868796
v 0.26915367 0.21690597 0.74692683
v 0.27488305 0.21320854 0.74214641
v 0.27827509 0.20333175 0.73533585
v 0.26299631 0.21547036 0.74916271
v 0.25640220 0.20102748 0.74431196
v 0.25676688 0.21075599 0.74948666
v 0.16966017 0.07296416 0.68843294
v 0.18056534 0.07359706 0.68585395
v 0.17290173 0.06475900 0.68114712
v 0.16279447 0.06334192 0.68279757
v 0.16693167 0.08074381 0.69507224
v 0.17696760 0.08243791 0.69365949
v 0.15717707 0.07216773 0.69102614
v 0.16708667 0.05750997 0.67702936
v 0.18237700 0.06396378 0.67770162
v 0.18792055 0.08331224 0.69119358
v 0.19251420 0.07348209 0.68213070
v 0.30096178 0.19960098 0.72107065
v 0.30530740 0.20176182 0.71939362
v 0.30654606 0.19208506 0.71421585
v 0.29483881 0.20645508 0.72788194
v 0.29943147 0.20910668 0.72633345
v 0.29738813 0.19741962 0.72211861
v 0.30165707 0.19078276 0.71644552
v 0.30677702 0.18290382 0.70964984
v 0.31193812 0.18387550 0.70714245
v 0.31206242 0.19372562 0.71155248
v 0.30328116 0.21146525 0.72488736
v 0.30890206 0.20488240 0.71839167
v 0.40364295 0.11518132 0.61009046
v 0.39997296 0.11838851 0.61515453
v 0.39903449 0.12267805 0.61657054
v 0.40394783 0.11102819 0.60915137
v 0.40819007 0.10665899 0.60310243
v 0.40035626 0.11475668 0.61404879
v 0.39572140 0.12176318 0.62046953
v 0.39631065 0.12458311 0.62024762
v 0.49966754 -0.21242715 0.19493731
v 0.49454896 -0.21620085 0.19298964
v 0.49681034 -0.20057042 0.21631994
v 0.49993319 -0.20540066 0.20602626
v 0.48367170 -0.22360266 0.18844366
v 0.24265168 0.04366058 0.63966053
v 0.23709845 0.03202206 0.63147932
v 0.22961014 0.03980302 0.64114805
v 0.24108693 0.05371565 0.64890564
v 0.25121346 0.05452871 0.64572288
v 0.24804096 0.03420143 0.62930698
v 0.25406025 0.04425554 0.63583770
v 0.23647041 0.04715818 0.64505643
v 0.26039428 0.03488582 0.62516258
v 0.25895045 0.05211185 0.64071289
v 0.26212227 0.04632545 0.63451357
v 0.02723013 -0.04183366 0.61299663
v 0.03429556 -0.04821282 0.60613871
v 0.03235622 -0.03332090 0.62089121
v 0.03988265 -0.03886182 0.61496318
v 0.01898171 -0.03428490 0.62056767
v 0.03153962 -0.02312539 0.63040785
v 0.04397200 -0.02868667 0.62439873
v 0.36520696 0.02004050 0.56755571
v 0.36009952 0.01531129 0.56572945
v 0.35815236 0.02366685 0.57418378
v 0.37151376 0.02466157 0.56854500
v 0.37100386 0.01481012 0.55992143
v 0.36500358 0.02934296 0.57590275
v 0.36478482 0.01236388 0.56077194
v 0.37761116 0.00752098 0.54983860
v 0.36785755 0.00468282 0.55207468
v 0.37818758 0.01936916 0.56041588
v 0.30130059 -0.23760023 0.24671413
v 0.29585240 -0.24134874 0.24053491
v 0.29378454 -0.23730790 0.24961293
v 0.30295696 -0.23228070 0.25698725
v 0.31002984 -0.23532421 0.24847203
v 0.30350657 -0.24143267 0.23792490
v 0.28584391 -0.24376497 0.23827277
v 0.29467162 -0.24620119 0.23034615
v 0.28304867 -0.23738110 0.25264788
v 0.29324663 -0.23111906 0.26241646
v 0.27212939 -0.24441934 0.24081721
v 0.27114170 -0.23734168 0.25628927
v 0.28161080 -0.22981775 0.26861754
v 0.26842457 -0.23144237 0.26934306
v 0.26261915 -0.24257741 0.24762960
v 0.25836571 -0.23772867 0.25918778
v 0.26612355 -0.25212138 0.22527009
v 0.25918575 -0.24806179 0.23648493
v 0.27679930 -0.24884035 0.22975938
v 0.27997441 -0.06912451 0.51256074
v 0.26652334 -0.07707635 0.50822784
v 0.26933263 -0.06664902 0.51940222
v 0.28968927 -0.05971036 0.51960643
v 0.29106762 -0.06682832 0.51101881
v 0.28707177 -0.07496776 0.50310842
v 0.27562865 -0.08032741 0.50104506
v 0.27992347 -0.05872995 0.52443933
v 0.26141213 -0.06479334 0.52448983
v 0.27010381 -0.05659146 0.53055385
v 0.25757299 -0.07362080 0.51558370
v 0.25916786 -0.23187672 0.27120395
v 0.24968197 -0.23443099 0.26855081
v 0.25443274 -0.22853792 0.27932726
v 0.26425193 -0.22675650 0.28006637
v 0.11789094 0.05956335 0.69008442
v 0.12651188 0.05590297 0.68568020
v 0.11667875 0.04964127 0.68274551
v 0.12686294 0.06383425 0.69163967
v 0.12620186 0.04655488 0.67844583
v 0.13746868 0.05418084 0.68191103
v 0.13377311 0.06233674 0.68907578
v 0.09765506 -0.13482926 0.48399896
v 0.11296283 -0.13126121 0.48528642
v 0.10320944 -0.14029959 0.47439139
v 0.09041810 -0.12982217 0.49313033
v 0.10435959 -0.12683350 0.49398809
v 0.11545670 -0.13803030 0.47463916
v 0.11550107 -0.12355509 0.49575968
v 0.12719737 -0.12262751 0.49381199
v 0.12665274 -0.13173651 0.48087410
v 0.10934081 -0.14630042 0.46362042
v 0.24348165 -0.23021785 0.27890583
v 0.24485623 -0.24088659 0.25615011
v 0.23733196 -0.23680876 0.26685012
v 0.25920823 -0.22357586 0.28783623
v 0.25006155 -0.22405870 0.28945643
v 0.40247571 -0.11541125 0.40085636
v 0.40186047 -0.12337822 0.39072813
v 0.39437742 -0.12272694 0.39566014
v 0.40238659 -0.10674593 0.41202366
v 0.41011417 -0.10815928 0.40583938
v 0.39575794 -0.11345024 0.40709885
v 0.40940630 -0.11826787 0.39322041
v 0.27535730 0.25689314 0.69498304
v 0.26993895 0.26441110 0.70202257
v 0.28095988 0.24948026 0.68813547
v 0.27686931 0.24847996 0.68371290
v 0.18431275 0.09223316 0.69892247
v 0.17155392 0.09117099 0.70158578
v 0.19839908 0.08568082 0.68980688
v 0.19357125 0.09198545 0.69607276
v 0.24236236 0.32699040 0.78216437
v 0.24361989 0.32627273 0.78464447
v 0.24875191 0.32357872 0.78137375
v 0.22248565 0.30031217 0.80159517
v 0.24258800 0.32640170 0.78722842
v 0.24995932 0.32186829 0.78420670
v 0.24672789 0.32304482 0.78770151
v 0.15710170 0.01038381 0.63887422
v 0.14926786 0.01706345 0.64746078
v 0.16428969 0.00464970 0.63118283
v 0.15186894 -0.00151505 0.62901897
v 0.14465218 0.00452781 0.63706013
v 0.13703485 0.00968669 0.64415733
v 0.13995458 0.01861939 0.65159376
v 0.14630782 0.02508730 0.65559510
v 0.23599758 0.31181081 0.74467160
v 0.24438506 0.30428387 0.73968027
v 0.24454856 0.30871692 0.74578357
v 0.23539642 0.31553061 0.74936760
v 0.24439248 0.30001767 0.73397826
v 0.44745210 -0.16374219 0.30798862
v 0.44570116 -0.17093377 0.29846500
v 0.44105625 -0.16628331 0.30822391
v 0.44455644 -0.15689112 0.31966960
v 0.45221949 -0.15757545 0.31378598
v 0.43933196 -0.17360186 0.29835598
v 0.43276920 -0.17112573 0.30594353
v 0.43564681 -0.16106680 0.31913549
v 0.39056760 0.01900861 0.55367075
v 0.39196807 0.01071334 0.54534131
v 0.38511787 0.01435024 0.55229405
v 0.39232675 0.02635834 0.55927926
v 0.39732440 0.01851750 0.54951934
v 0.38519106 0.02513747 0.56196619
v 0.38608547 0.00423132 0.54242046
v 0.39857083 0.00706293 0.53834431
v 0.39284916 0.00078532 0.53558998
v 0.28065536 0.26377228 0.76024501
v 0.27658313 0.27429572 0.76622267
v 0.28299278 0.26589136 0.75892338
v 0.27624744 0.26686584 0.76442240
v 0.28086492 0.25627467 0.75763335
v 0.28257694 0.24739430 0.75320761
v 0.27567138 0.26100636 0.76284481
v 0.27768306 0.25256143 0.75835849
v 0.34996211 0.13258702 0.65831328
v 0.34348098 0.13400400 0.66279370
v 0.34484112 0.14229288 0.66663991
v 0.34794983 0.12485673 0.65497082
v 0.35641172 0.13146731 0.65391991
v 0.35526987 0.12174580 0.64907318
v 0.35095997 0.14115929 0.66237302
v 0.34554318 0.15076575 0.67060125
v 0.33960295 0.15183567 0.67478861
v 0.33872964 0.14327039 0.67071738
v 0.24052176 0.32663075 0.77218803
v 0.23825963 0.32691425 0.77014962
v 0.24631061 0.32208330 0.76769457
v 0.24761265 0.32249242 0.77049483
v 0.18225843 0.24064048 0.78905885
v 0.19017706 0.23775356 0.78581597
v 0.18422119 0.23234291 0.78462531
v 0.17706084 0.23492990 0.78752360
v 0.18878081 0.24616465 0.79010948
v 0.19631746 0.23539376 0.78314198
v 0.19232342 0.22888555 0.78090595
v 0.19616699 0.24248595 0.78657625
v 0.18547789 0.22520451 0.78077889
v 0.17714686 0.22619286 0.78321675
v 0.43952527 0.06916155 0.54128583
v 0.43845652 0.06842931 0.53631811
v 0.44411301 0.06043377 0.53093369
v 0.44000412 0.06908745 0.54580083
v 0.43492518 0.07763511 0.55139726
v 0.43458769 0.07609938 0.54559192
v 0.44340849 0.06301803 0.53729277
v 0.21219625 -0.05641830 0.55144793
v 0.21899776 -0.05961637 0.54547670
v 0.20785507 -0.06451423 0.54359446
v 0.22026633 -0.05098910 0.55478588
v 0.20227562 -0.05844632 0.55243294
v 0.21087233 -0.04862660 0.56059872
v 0.21556913 -0.06874196 0.53607731
v 0.20333151 -0.07462092 0.53314521
v 0.19371039 -0.06939769 0.54249878
v 0.30653826 0.05327335 0.62252423
v 0.31256747 0.06305108 0.62796340
v 0.31572850 0.05311058 0.61847666
v 0.30019272 0.05656459 0.62794165
v 0.30437015 0.06352452 0.63185396
v 0.31028799 0.04348349 0.61268351
v 0.29949396 0.04994275 0.62270694
v 0.04787386 -0.01770494 0.63435254
v 0.05374715 -0.00656396 0.64400862
v 0.06223938 -0.01342737 0.63698560
v 0.03852509 -0.01043167 0.64156100
v 0.05769246 -0.02385568 0.62767590
v 0.07059294 -0.01943771 0.63033579
v 0.39539389 -0.24805011 0.18936178
v 0.38358297 -0.24819613 0.19390297
v 0.32676260 -0.25668574 0.19662775
v 0.33655477 -0.25829487 0.18959460
v 0.44040010 0.00866762 0.51376647
v 0.43807878 0.01633387 0.52216066
v 0.43729057 0.02474813 0.52973511
v 0.44444723 0.00680868 0.50907574
v 0.44763671 -0.00017551 0.50034446
v 0.44246601 -0.00135158 0.50316650
v 0.23178782 -0.21387412 0.31437640
v 0.22589408 -0.21177921 0.31999056
v 0.23599786 -0.20781279 0.32454994
v 0.24158817 -0.21308325 0.31307996
v 0.23238617 -0.21958315 0.30314037
v 0.22259431 -0.21699404 0.31087845
v 0.20934803 -0.22087506 0.30667791
v 0.21535049 -0.21315653 0.32015651
v 0.22045715 -0.22245371 0.30071724
v 0.34989009 -0.17067159 0.34812586
v 0.35827994 -0.17784903 0.33315924
v 0.40752193 -0.02144457 0.50568227
v 0.41084754 -0.01232459 0.51285500
v 0.41526998 -0.01940032 0.50324533
v 0.41211589 -0.02793881 0.49646759
v 0.40690234 -0.03284968 0.49436335
v 0.40212933 -0.02827694 0.50178273
v 0.40454961 -0.00992223 0.51879346
v 0.40045211 -0.01987788 0.51125259
v 0.41630809 0.00239610 0.52375270
v 0.41060245 -0.00293781 0.52207501
v 0.41057727 0.00789874 0.53227219
v 0.41605252 -0.00825464 0.51375381
v 0.42240462 -0.00372427 0.51424697
v 0.42153730 0.00780426 0.52561074
v 0.41615587 0.01323069 0.53384181
v 0.40475241 0.00207832 0.53019504
v 0.44489753 0.06006084 0.53760131
v 0.44211671 0.06408603 0.54483331
v 0.43771201 0.07243134 0.55296137
v 0.43564671 0.07685142 0.55449006
v 0.44889935 0.05215725 0.52991584
v 0.44632641 0.05559222 0.53666068
v 0.44721808 0.05597106 0.53032249
v 0.44325812 0.05926311 0.54356547
v 0.43916777 0.06776846 0.55163816
v 0.40901951 -0.09746339 0.41985231
v 0.41829451 -0.11107993 0.39739432
v 0.15855663 0.05295569 0.67565635
v 0.14615224 0.04590477 0.67316815
v 0.14693816 0.03403301 0.66312141
v 0.07343835 -0.06233694 0.58451297
v 0.06298581 -0.07358220 0.57346347
v 0.06215945 -0.06373412 0.58531746
v 0.08005166 -0.05218546 0.59458067
v 0.08667547 -0.05864566 0.58576119
v 0.08139476 -0.06947716 0.57431250
v 0.06758146 -0.05575580 0.59330476
v 0.04831348 -0.07711354 0.57219220
v 0.05002553 -0.06787698 0.58271860
v 0.06332297 -0.08493285 0.55955478
v 0.05122089 -0.08404831 0.56316351
v 0.07357631 -0.07853509 0.56522103
v 0.05664845 -0.05869497 0.59212979
v 0.33514401 -0.14543934 0.39233916
v 0.33506328 -0.13803027 0.40294674
v 0.34356881 -0.13964022 0.39697505
v 0.34237513 -0.14933261 0.38351602
v 0.32911581 -0.15409664 0.38214275
v 0.32507257 -0.14606826 0.39562231
v 0.35238766 -0.14075992 0.39143305
v 0.25507054 0.24051352 0.76546525
v 0.24681342 0.24275299 0.77020080
v 0.38334115 0.13788909 0.59714129
v 0.35671993 0.17331619 0.66924109
v 0.35460726 0.17177456 0.67144246
v 0.35076368 0.18038115 0.67635881
v 0.35209742 0.18238806 0.67448215
v 0.36071530 0.16446861 0.66410780
v 0.36288811 0.16598978 0.66183825
v 0.35842345 0.17471560 0.66693186
v 0.34594353 0.18584369 0.68211176
v 0.34561794 0.19002062 0.68229812
v 0.34874845 0.17879142 0.67841771
v 0.35782674 0.16319799 0.66664028
v 0.35190800 0.17046964 0.67379680
v 0.26091901 0.30001090 0.78330240
v 0.26574497 0.29217291 0.77866267
v 0.26114395 0.29437480 0.78223710
v 0.25522781 0.30302542 0.78750728
v 0.26088449 0.30468412 0.78333357
v 0.26521472 0.29698207 0.77968140
v 0.25548440 0.30800769 0.78775808
v 0.26611662 0.28571269 0.77690278
v 0.26067960 0.28829413 0.78097833
v 0.25661483 0.29618532 0.78539116
v 0.27056870 0.28425921 0.77336230
v 0.26887740 0.29110436 0.77598388
v 0.19615361 0.26817697 0.79793069
v 0.18733842 0.25473606 0.79432019
v 0.19347595 0.25932140 0.79485110
v 0.27932625 -0.17229552 0.37242429
v 0.27079419 -0.17130750 0.37684480
v 0.28032474 -0.16555242 0.38280104
v 0.29147362 -0.16738009 0.37603776
v 0.23327083 0.20375327 0.75486318
v 0.22785305 0.19412461 0.75124557
v 0.22621996 0.20347992 0.75717707
v 0.24121018 0.20533435 0.75282918
v 0.23788969 0.19514284 0.74826854
v 0.22914975 0.21157017 0.76069702
v 0.23678942 0.21265525 0.75858096
v 0.21927743 0.19884634 0.75683349
v 0.23303771 0.18745741 0.74558312
v 0.22674650 0.18315758 0.74525028
v 0.21818691 0.18676764 0.75022987
v 0.22122925 0.20920782 0.76204021
v 0.23302197 0.26463060 0.78554155
v 0.22991410 0.27167715 0.78946598
v 0.13971935 0.16412263 0.75652490
v 0.14156937 0.15525195 0.75081692
v 0.12947777 0.15654766 0.75359369
v 0.14996470 0.16320456 0.75412988
v 0.13113064 0.16592152 0.75898763
v 0.13789140 0.17262800 0.76185903
v 0.14754145 0.17129632 0.75942773
v 0.15255953 0.15441894 0.74824146
v 0.14389927 0.14619142 0.74480029
v 0.13310225 0.14711343 0.74725223
v 0.12324643 0.14727091 0.74888593
v 0.11616905 0.15270456 0.75317608
v 0.28555699 -0.22221793 0.28245345
v 0.29376885 -0.22413961 0.27611360
v 0.28143739 -0.21608090 0.29545018
v 0.29526655 -0.21620436 0.29081189
v 0.27507112 -0.22449607 0.28124350
v 0.34853957 0.19154222 0.67675239
v 0.34635090 0.19566577 0.67760117
v 0.35209871 0.18770768 0.67174133
v 0.34352603 0.19831931 0.68227311
v 0.35362553 0.18359027 0.67168862
v 0.34681589 0.19190600 0.67992576
v 0.35704056 0.18208569 0.66479150
v 0.35682794 0.18098290 0.66701530
v 0.34981161 0.19183942 0.67195081
v 0.46642789 -0.12893684 0.34308926
v 0.47089654 -0.12414414 0.34588241
v 0.47049903 -0.13066596 0.33779192
v 0.46184393 -0.13492896 0.33849227
v 0.46141496 -0.12660411 0.34974191
v 0.46639954 -0.12106677 0.35322906
v 0.46740236 -0.13632811 0.33261692
v 0.46293066 -0.14320102 0.32656360
v 0.45670229 -0.14167955 0.33295990
v 0.45605851 -0.13289001 0.34520880
v 0.06434069 -0.09459669 0.54704877
v 0.07514711 -0.08601129 0.55560261
v 0.27148995 0.26874854 0.76825773
v 0.27139507 0.26010505 0.76516592
v 0.26586303 0.27793689 0.77479131
v 0.27133326 0.27643469 0.77076270
v 0.26746735 0.26935957 0.77099347
v 0.27965514 0.27696291 0.76405115
v 0.28351836 0.27524835 0.75993143
v 0.28583886 0.26699109 0.75660499
v 0.27333653 0.28526738 0.77112467
v 0.28583797 0.27498100 0.75694947
v 0.28853795 0.26702301 0.75376749
v 0.43378487 -0.17956437 0.29246446
v 0.44256539 -0.17976245 0.28695057
v 0.43483897 -0.18764014 0.27916936
v 0.42523087 -0.18675041 0.28599625
v 0.42695652 -0.17834930 0.29827215
v 0.41922396 -0.18152953 0.29759560
v 0.42296311 -0.17289969 0.30887386
v 0.28190408 0.28621791 0.74890018
v 0.28039788 0.28938419 0.75413345
v 0.27608446 0.29434965 0.75503349
v 0.28713688 0.27799405 0.74119870
v 0.28829715 0.27761976 0.74391753
v 0.28010117 0.28699116 0.74638234
v 0.28621197 0.28110410 0.74826565
v 0.27396988 0.29535312 0.75277756
v 0.27358216 0.29824719 0.75959612
v 0.26974615 0.30183189 0.75924488
v 0.28493760 0.28317341 0.75164942
v 0.28193444 0.28748328 0.75539238
v 0.27703236 0.29420330 0.75951042
v 0.31180208 -0.16321599 0.37522884
v 0.32073586 -0.16159156 0.37426142
v 0.31362212 -0.16976238 0.36428497
v 0.31647810 -0.15524621 0.38551318
v 0.30348565 -0.16847830 0.37009847
v 0.30460568 -0.16074599 0.38166361
v 0.32778620 -0.16060171 0.37297649
v 0.32531836 -0.16638335 0.36500903
v 0.34015886 0.16914754 0.68250923
v 0.34583036 0.15901631 0.67430419
v 0.34006959 0.16040640 0.67870706
v 0.33832889 0.17712126 0.68691331
v 0.34214028 0.17282201 0.68255946
v 0.34584312 0.16606484 0.67729381
v 0.33445980 0.16988494 0.68665240
v 0.33425325 0.17809377 0.69019501
v 0.33440487 0.16126840 0.68269695
v 0.35140254 0.14952462 0.66625567
v 0.35162680 0.15778470 0.66977454
v 0.35908673 0.00669204 0.55820101
v 0.35476978 -0.00074935 0.55318362
v 0.35177296 0.00424453 0.55930362
v 0.35267779 0.01362119 0.56760840
v 0.36090961 -0.00317464 0.54795354
v 0.34821214 -0.00365841 0.55334693
v 0.34372266 0.00492135 0.56352644
v 0.35359512 -0.00832604 0.54636544
v 0.25486847 0.27738800 0.71005326
v 0.26327963 0.27190595 0.70803804
v 0.27004702 0.26801431 0.70727309
v 0.26583750 0.27344590 0.71198947
v 0.25914154 0.27739815 0.71289995
v 0.18024215 -0.06956219 0.54666575
v 0.18158206 -0.07708013 0.53721779
v 0.17001880 -0.07837976 0.53924205
v 0.18987803 -0.06057451 0.55408034
v 0.43726287 -0.03136003 0.47721669
v 0.43245986 -0.02611839 0.48583339
v 0.44168906 -0.03837194 0.46687156
v 0.43777468 -0.01883130 0.48954922
v 0.44313510 -0.02808622 0.47650115
v 0.38113251 0.11682365 0.63049714
v 0.37624215 0.12736799 0.63902720
v 0.38643911 0.10438292 0.62040083
v 0.38098178 0.10834006 0.62614958
v 0.38582705 0.11792831 0.62776782
v 0.38850898 0.10987181 0.62193607
v 0.38080220 0.12688649 0.63540371
v 0.37775619 0.10387433 0.62553280
v 0.38834527 0.14384147 0.62434080
v 0.39454925 0.13572688 0.61679379
v 0.38077794 0.15267744 0.63583135
v 0.38241599 0.15134685 0.63154929
v 0.29293575 0.26468890 0.72341760
v 0.28901897 0.26815138 0.72429285
v 0.28307262 0.27323899 0.72601042
v 0.28612415 0.26660928 0.71859005
v 0.31154227 0.17634257 0.70369532
v 0.31475231 0.16730294 0.69724594
v 0.30727291 0.17242036 0.70398773
v 0.36070266 -0.25372130 0.19094608
v 0.37281709 -0.24737596 0.20000233
v 0.39089833 0.09661905 0.61306582
v 0.39531188 0.09269560 0.60776616
v 0.39236991 0.08908415 0.60746809
v 0.39210712 0.10111357 0.61481362
v 0.38738523 0.09541536 0.61455899
v 0.39463273 0.07881956 0.59927549
v 0.38775321 0.08571677 0.60810749
v 0.39706066 0.08499703 0.60182779
v 0.40108113 0.08669818 0.60006209
v 0.39707184 0.09736604 0.60918846
v 0.29315535 0.05315567 0.62797318
v 0.26685746 0.16058436 0.71630602
v 0.27334589 0.16511660 0.71628491
v 0.27289185 0.15561741 0.71071860
v 0.26660202 0.17171911 0.72311451
v 0.26726117 0.15205351 0.71086566
v 0.25969800 0.15416062 0.71522463
v 0.26066145 0.16496673 0.72151288
v 0.27728742 0.15044703 0.70560525
v 0.27194726 0.14670634 0.70552030
v 0.27977331 0.15874830 0.70960369
v 0.32119190 0.20232855 0.64709136
v 0.43561190 0.01002863 0.51842327
v 0.43792668 0.00233850 0.50985117
v 0.43286602 0.00094591 0.51197244
v 0.43030014 0.01158972 0.52342377
v 0.43322882 0.02016489 0.52892831
v 0.21464332 0.23323513 0.77691863
v 0.22166101 0.23131458 0.77375063
v 0.21562087 0.22437206 0.77202624
v 0.21824645 0.24179165 0.78006287
v 0.20725676 0.22895473 0.77686874
v 0.20955982 0.23959355 0.78154892
v 0.19962352 0.23023759 0.77968053
v 0.20220658 0.23724754 0.78246336
v 0.20883216 0.21734758 0.77031366
v 0.19881961 0.22059062 0.77487589
v 0.39501615 -0.09402413 0.43185495
v 0.38887281 -0.08703757 0.44350199
v 0.39805737 -0.08603695 0.43986726
v 0.40320464 -0.09058173 0.43156503
v 0.39981778 -0.09965385 0.42233654
v 0.38709550 -0.09819474 0.43091132
v 0.39223378 -0.10268282 0.42266993
v 0.39780435 -0.07753297 0.45002453
v 0.40476800 -0.08096345 0.44219923
v 0.35467057 0.17991984 0.64210422
v 0.34891711 0.18672814 0.64796567
v 0.34910318 0.18395817 0.64274287
v 0.35632614 0.17604488 0.63656355
v 0.36225703 0.17206841 0.63696184
v 0.35627917 0.18035864 0.64576879
v 0.44832028 -0.20133547 0.24916716
v 0.44216128 -0.19733344 0.25936951
v 0.45133535 -0.19132339 0.26347796
v 0.43955993 -0.20602099 0.24648517
v 0.45581186 -0.19714241 0.25141385
v 0.45472698 -0.20569887 0.23806892
v 0.44559224 -0.21010902 0.23611430
v 0.12589909 -0.16966095 0.42165872
v 0.12311766 -0.16307905 0.43330111
v 0.13564617 -0.16237912 0.43116311
v 0.14060992 -0.16934214 0.41829436
v 0.32868302 0.20389594 0.65625521
v 0.33498325 0.19668817 0.65017584
v 0.33503190 0.20038528 0.65682190
v 0.32598513 0.20919616 0.66269606
v 0.32054769 0.21072774 0.65995683
v 0.32669307 0.20181393 0.65091674
v 0.38146417 0.14759105 0.63858845
v 0.38061206 0.14599970 0.64014657
v 0.37628949 0.15382816 0.64497332
v 0.37837699 0.15389357 0.64089564
v 0.38557955 0.14350146 0.63306482
v 0.38593758 0.14024282 0.63338845
v 0.38504769 0.13762891 0.63453861
v 0.37494991 0.15230469 0.64716635
v 0.37916713 0.14404578 0.64185975
v 0.20600120 0.00107625 0.61389144
v 0.21329316 -0.00259866 0.60774556
v 0.20170274 -0.00907724 0.60536495
v 0.19906056 0.00496523 0.62005670
v 0.21011742 0.01107629 0.62200722
v 0.21441261 0.00501403 0.61475396
v 0.19708635 -0.00279614 0.61320686
v 0.21902482 0.01087609 0.61868944
v 0.22324609 0.00494995 0.61150099
v 0.33357407 0.06246383 0.61827648
v 0.32843828 0.06637771 0.62371079
v 0.33358935 0.07350259 0.62688166
v 0.33131439 0.05288628 0.61151908
v 0.32783840 0.05946457 0.61846568
v 0.34075037 0.06658664 0.61821917
v 0.33905482 0.05544571 0.61010508
v 0.40403628 -0.06131279 0.46526259
v 0.41036440 -0.05927387 0.46392219
v 0.40603537 -0.06996331 0.45427474
v 0.39941007 -0.05709837 0.47250963
v 0.40573285 -0.05306582 0.47346379
v 0.39823578 -0.06699606 0.46198108
v 0.39134874 -0.06183052 0.47150368
v 0.40129702 -0.04861868 0.48078322
v 0.39521391 -0.05069631 0.48179908
v 0.28078074 0.24244467 0.75234478
v 0.27402982 0.24778677 0.75865033
v 0.27831274 0.23651719 0.75130216
v 0.27208822 0.23970989 0.75628980
v 0.26904935 0.24769296 0.76154481
v 0.26791280 0.25527078 0.76534295
v 0.41169144 -0.15720503 0.33825886
v 0.40046149 -0.16082261 0.33893590
v 0.40549162 -0.15177047 0.34951469
v 0.40436605 -0.16735741 0.32714381
v 0.42116176 -0.15816925 0.33170726
v 0.41414864 -0.16534903 0.32502538
v 0.41413073 -0.14703654 0.35154265
v 0.42121597 -0.14963547 0.34386833
v 0.39577322 -0.15470015 0.35039919
v 0.40846498 -0.14324971 0.36001844
v 0.40162891 -0.14730285 0.35800703
v 0.39299319 -0.17041873 0.32832909
v 0.39188221 -0.16313438 0.33993700
v 0.23910352 0.24256276 0.77330356
v 0.23921786 0.25081912 0.77710731
v 0.25236104 0.23505223 0.76410741
v 0.24808926 0.23299638 0.76494088
v 0.24206522 0.23478870 0.76830078
v 0.51363917 -0.17440261 0.23909601
v 0.51233785 -0.18177652 0.23004606
v 0.50891533 -0.17821577 0.23876745
v 0.51657008 -0.18141190 0.22577486
v 0.50870312 -0.18562710 0.22820541
v 0.50439485 -0.17467601 0.24832334
v 0.50458843 -0.18249769 0.23685071
v 0.51321131 -0.18923457 0.21813181
v 0.28741193 0.02212218 0.60320154
v 0.29512828 0.01819142 0.59655488
v 0.28716689 0.01163830 0.59367480
v 0.27902537 0.01465533 0.59966230
v 0.27815996 0.02644337 0.61073478
v 0.28452695 -0.25011150 0.22466884
v 0.27552299 -0.25312725 0.22038083
v 0.47267187 -0.00362853 0.46187561
v 0.29088980 0.14672093 0.69712973
v 0.29285166 0.15605778 0.70195148
v 0.28485192 0.13854237 0.69463545
v 0.28310570 0.14891560 0.70204547
v 0.28699164 0.15671977 0.70508983
v 0.29235833 0.13519068 0.68911602
v 0.29770480 0.16182614 0.70298177
v 0.29005626 0.16463618 0.70834157
v 0.49606451 -0.16290269 0.27285010
v 0.49869853 -0.17050214 0.25959064
v 0.49142921 -0.16910160 0.26808744
v 0.49688185 -0.15634793 0.28121196
v 0.49184446 -0.15845262 0.28281587
v 0.48585985 -0.17014979 0.27133620
v 0.48749587 -0.16393991 0.27888171
v 0.48638290 -0.17740910 0.26018801
v 0.42680769 -0.08197048 0.42810488
v 0.42285173 -0.07732371 0.43605178
v 0.42767855 -0.07324671 0.43777225
v 0.43312546 -0.07730489 0.42956165
v 0.41993254 -0.08402738 0.42986849
v 0.33005715 -0.01068319 0.55453531
v 0.33917250 -0.00811103 0.55304062
v 0.33370288 -0.01588133 0.54781564
v 0.32720574 -0.01997780 0.54650823
v 0.32171367 -0.01508497 0.55375678
v 0.33341272 -0.00037692 0.56305862
v 0.32429967 -0.00512774 0.56243944
v 0.28956303 0.21511478 0.73502727
v 0.28514868 0.22254446 0.74104942
v 0.28910128 0.22272584 0.73876879
v 0.29381917 0.21665604 0.73316584
v 0.28949510 0.20748408 0.73144099
v 0.28435747 0.21420939 0.73756493
v 0.28479486 0.23135862 0.74516848
v 0.28123465 0.22850603 0.74605423
v 0.28115082 0.22269626 0.74342903
v 0.39633622 -0.02845149 0.50479202
v 0.39905173 -0.03907758 0.49218638
v 0.46456653 0.01916634 0.48782759
v 0.46241470 0.02396935 0.49598606
v 0.46110102 0.02720202 0.49576270
v 0.46748974 0.01128345 0.48056636
v 0.46529853 0.01672098 0.48855426
v 0.46356319 0.01919200 0.49437367
v 0.46008967 0.02783058 0.50358235
v 0.45816309 0.03356043 0.50551745
v 0.30821881 0.23518004 0.72793801
v 0.31303830 0.22739607 0.72168702
v 0.30292493 0.24441618 0.73496523
v 0.30999981 0.22741574 0.72482927
v 0.30499178 0.23567976 0.73146916
v 0.27259108 0.03560535 0.62107392
v 0.25112161 0.02638679 0.62113968
v 0.26953442 0.04515949 0.63059020
v 0.27847868 0.04486342 0.62682248
v 0.28108037 0.03699206 0.61896789
v 0.31643088 -0.14913889 0.39466366
v 0.31665498 -0.14353255 0.40270080
v 0.30742033 -0.15149618 0.39456109
v 0.30709684 -0.14215002 0.40832619
v 0.31758896 -0.13519252 0.41421639
v 0.32611484 -0.13682859 0.40842746
v 0.41704229 -0.02876114 0.49272122
v 0.41357044 -0.03739894 0.48576558
v 0.50520782 -0.20660807 0.19938196
v 0.51163355 -0.20927015 0.18921133
v 0.14682696 -0.08765961 0.53469967
v 0.14903987 -0.09399000 0.52607064
v 0.13664265 -0.09671386 0.52609686
v 0.15915751 -0.08735490 0.53143624
v 0.13412900 -0.08861117 0.53710652
v 0.15753846 -0.09806933 0.51825452
v 0.14430525 -0.10024567 0.51937128
v 0.13394982 -0.10554745 0.51533067
v 0.12418308 -0.10406451 0.51999209
v 0.12343099 -0.09676389 0.52968081
v 0.32891686 0.21584882 0.70077332
v 0.33326944 0.20830662 0.69637543
v 0.32837438 0.21494224 0.70223729
v 0.32390015 0.22253099 0.70675993
v 0.32631620 0.22096659 0.70225658
v 0.33232010 0.21219768 0.69598537
v 0.39884281 -0.00342052 0.52830423
v 0.40445186 0.01317712 0.54065956
v 0.31531091 0.14449969 0.68404647
v 0.37174644 0.15579685 0.61669900
v 0.37850137 0.14778441 0.60969678
v 0.37763470 0.15152287 0.61603870
v 0.37228017 0.15167221 0.60976111
v 0.36487239 0.16384748 0.62365386
v 0.36565766 0.15998640 0.61744998
v 0.37083762 0.15954233 0.62293403
v 0.22177548 -0.04275278 0.56331906
v 0.21525665 -0.03939725 0.56919927
v 0.22816376 -0.04568429 0.55789667
v 0.23152561 -0.03791210 0.56510670
v 0.22394547 -0.03403952 0.57191510
v 0.10035423 0.01346989 0.65599191
v 0.10589006 0.00635444 0.64865721
v 0.11422391 0.01720767 0.65651146
v 0.08207340 0.01670437 0.66143693
v 0.43140797 0.07711509 0.56616884
v 0.43556747 0.07218202 0.55869093
v 0.43566940 0.06775184 0.55790710
v 0.43084180 0.08181365 0.56670264
v 0.43119909 0.07269107 0.56553049
v 0.42650353 0.08282117 0.57447801
v 0.42743266 0.08524759 0.57313080
v 0.03526843 -0.06553599 0.58748596
v 0.04046442 -0.05503206 0.59842207
v 0.04685194 -0.06007717 0.59214813
v 0.25764520 0.17523960 0.72890636
v 0.25190083 0.18548133 0.73728289
v 0.25953732 0.18617572 0.73457656
v 0.25204762 0.16332974 0.72391713
v 0.24832213 0.17477331 0.73233315
v 0.26383139 0.18044713 0.72945020
v 0.26934695 0.18119172 0.72749388
v 0.25469980 -0.25306046 0.22632694
v 0.24770786 -0.25068374 0.23365822
v 0.25205564 -0.24469838 0.24591514
v 0.25569231 -0.25751705 0.21549308
v 0.17613868 -0.11206194 0.49416527
v 0.16328426 -0.11245003 0.49747184
v 0.17649809 -0.10283027 0.50633354
v 0.16725331 -0.11916861 0.48709389
v 0.18708554 -0.11166041 0.49137736
v 0.17808525 -0.12057793 0.48186983
v 0.18472896 -0.10582207 0.49992193
v 0.32780780 0.20044834 0.70237116
v 0.32859702 0.19438794 0.70007096
v 0.32410352 0.20232151 0.70607704
v 0.32406417 0.20762002 0.70736283
v 0.32954779 0.20344487 0.70124016
v 0.33237104 0.19412494 0.69679983
v 0.33436082 0.18549461 0.69272713
v 0.32901266 0.18707424 0.69732095
v 0.32350361 0.19647305 0.70474266
v 0.31996365 0.20997800 0.71165686
v 0.32031795 0.20462897 0.70989257
v 0.19044229 0.13710545 0.72817866
v 0.19890956 0.13301887 0.72309205
v 0.19993876 0.12279673 0.71601503
v 0.17195244 0.13765889 0.73335876
v 0.18269586 0.14267852 0.73386821
v 0.42207153 -0.16543349 0.32060148
v 0.41642047 -0.17079150 0.31569875
v 0.40862070 -0.17313949 0.31622749
v 0.41751790 -0.22769356 0.21970341
v 0.41636978 -0.23496708 0.20644002
v 0.41018437 -0.23282430 0.21354677
v 0.40782395 -0.22697740 0.22566275
v 0.42683160 -0.22955732 0.21150879
v 0.41678805 -0.22141399 0.23165358
v 0.42632160 -0.22013146 0.22908157
v 0.42092032 -0.21441490 0.24209257
v 0.41055853 -0.21771436 0.24136999
v 0.45025399 -0.18220864 0.27845167
v 0.44307279 -0.18884477 0.27245857
v 0.44985488 -0.17494902 0.28981568
v 0.24275755 0.00634492 0.60567964
v 0.24809453 0.00007722 0.59770003
v 0.23919175 -0.00270451 0.59830024
v 0.23512580 0.01263937 0.61443651
v 0.24718089 0.01694875 0.61398000
v 0.23217597 0.00085239 0.60429975
v 0.24809926 0.31905946 0.76352040
v 0.25390664 0.31535234 0.76283540
v 0.25385981 0.31255506 0.75813353
v 0.24073980 0.32414944 0.76646902
v 0.24459666 0.31964300 0.76158824
v 0.24833362 0.31431453 0.75614763
v 0.23468701 0.32562869 0.76467371
v 0.24035385 0.32047073 0.75956121
v 0.20938796 -0.20691429 0.33350757
v 0.21095719 -0.19967005 0.34646166
v 0.22124964 -0.20035401 0.34236241
v 0.20142309 -0.21518357 0.31985039
v 0.19379478 -0.21006133 0.33164839
v 0.19983006 -0.20261569 0.34405481
v 0.22356834 -0.20684759 0.32982380
v 0.23101470 -0.19391421 0.35109634
v 0.23369838 -0.20066325 0.33827233
v 0.21916568 -0.19355808 0.35509648
v 0.26686519 0.05542382 0.64037932
v 0.27591162 0.05405386 0.63564669
v 0.26678265 0.06652798 0.64959407
v 0.27418569 0.06376084 0.64438495
v 0.25977787 0.06025997 0.64722258
v 0.24365846 0.32384965 0.79269179
v 0.24100800 0.32452520 0.79498404
v 0.24691859 0.31998421 0.79251590
v 0.25067409 0.31845788 0.78947122
v 0.24686059 0.32238504 0.78995379
v 0.24134046 0.32165071 0.79567600
v 0.20962464 0.08953758 0.68909093
v 0.20243552 0.09648451 0.69664050
v 0.21908213 0.08761990 0.68444369
v 0.21184876 0.07830535 0.67964528
v 0.20316039 0.07894969 0.68306166
v 0.21990315 0.09838120 0.69224078
v 0.21165968 0.10081528 0.69681648
v 0.22202856 0.07821761 0.67605268
v 0.21403179 0.06778534 0.67044848
v 0.20256899 0.06755477 0.67414229
v 0.16185117 -0.03266057 0.59409350
v 0.15029623 -0.03850509 0.59122628
v 0.16104021 -0.04035270 0.58602644
v 0.17037375 -0.03325007 0.59083451
v 0.13786525 -0.04881198 0.58344391
v 0.13882978 -0.04010853 0.59287117
v 0.15113871 -0.04877281 0.57961598
v 0.24033100 -0.17819476 0.37519845
v 0.24204945 -0.18363575 0.36560517
v 0.23040743 -0.18556510 0.36574841
v 0.23723947 -0.17319418 0.38438369
v 0.24848970 -0.16983953 0.38625593
v 0.25181865 -0.17840686 0.37129551
v 0.23177645 -0.17820604 0.37779474
v 0.22374734 -0.18067345 0.37602585
v 0.23896794 -0.18884256 0.35764950
v 0.21607512 -0.18679017 0.36778685
v 0.24865604 -0.18666702 0.35842880
v 0.36623649 -0.23207315 0.23412480
v 0.36751485 -0.22488646 0.24753282
v 0.37838827 -0.22679056 0.23917572
v 0.36435098 -0.23891467 0.22115309
v 0.35730686 -0.23669014 0.22853478
v 0.35587525 -0.23031726 0.24181433
v 0.37342314 -0.23436326 0.22659400
v 0.30407592 0.25191962 0.71696979
v 0.30190667 0.25606463 0.72254118
v 0.29750422 0.26058358 0.72297462
v 0.30934101 0.24584851 0.71581256
v 0.31069428 0.24311510 0.71042865
v 0.31618910 0.23631477 0.70789954
v 0.31159366 0.24080444 0.70588540
v 0.31677731 0.23499302 0.70380736
v 0.28094168 0.27898217 0.73296196
v 0.28660853 0.27490024 0.73329179
v 0.27961334 0.28295555 0.73799023
v 0.27359975 0.28765771 0.73886327
v 0.27446545 0.28331257 0.73305751
v 0.28754506 0.27132415 0.72799080
v 0.29195862 0.26755233 0.72745210
v 0.38392510 0.14956780 0.62734598
v 0.38945503 0.14236561 0.61947603
v 0.37715511 0.15789191 0.63439933
v 0.38165448 0.15190189 0.62639790
v 0.43976222 0.05811609 0.54904138
v 0.44407628 0.04727447 0.53868210
v 0.45554286 0.00603814 0.49886462
v 0.45188931 0.00223180 0.49901850
v 0.40973961 0.03116380 0.55345766
v 0.41604174 0.02406287 0.54351834
v 0.41032867 0.01898071 0.54247665
v 0.40278726 0.03438925 0.56036031
v 0.40629959 0.04116934 0.56395687
v 0.41633215 0.03526786 0.55285602
v 0.41124399 0.04047677 0.56035056
v 0.40396368 0.02418980 0.55081904
v 0.08442854 -0.02624142 0.62135180
v 0.07643978 -0.02427147 0.62481431
v 0.09739494 -0.01905744 0.62588919
v 0.36408426 0.04008220 0.58560182
v 0.35940692 0.04887490 0.59525651
v 0.36620546 0.05046694 0.59321461
v 0.35939904 0.03295222 0.58178346
v 0.37122420 0.03473455 0.57748770
v 0.37077267 0.04394893 0.58552515
v 0.35624921 0.04027971 0.58957152
v 0.36659593 0.05994560 0.60064240
v 0.37431545 0.05382633 0.59179154
v 0.36167891 0.05614389 0.60008958
v 0.35215955 0.04879464 0.59862498
v 0.35584509 0.05712852 0.60368501
v 0.32636324 -0.11605474 0.43660984
v 0.31860104 -0.11513094 0.44102822
v 0.32583668 -0.10652494 0.44909577
v 0.32500859 -0.12306268 0.42792896
v 0.31794237 -0.12245853 0.43159683
v 0.33563521 -0.10940326 0.44121563
v 0.33434580 -0.11989639 0.42807113
v 0.32930229 -0.09532002 0.46165157
v 0.33687454 -0.09980815 0.45281769
v 0.31899541 -0.10037339 0.45974313
v 0.31405680 -0.10988607 0.44965295
v 0.30815545 -0.12083651 0.43755964
v 0.42857209 -0.15179980 0.33661386
v 0.42846163 -0.15947819 0.32570623
v 0.29410657 0.26883903 0.74264722
v 0.29687460 0.26480999 0.73784229
v 0.29570083 0.26534018 0.74236651
v 0.28261793 -0.15105539 0.40422436
v 0.28811446 -0.14518290 0.41098211
v 0.29369831 -0.15085111 0.40053991
v 0.27252580 -0.15538485 0.40108471
v 0.27770356 -0.14553379 0.41404808
v 0.28135801 -0.15787852 0.39432163
v 0.29711074 -0.15821498 0.38826047
v 0.28868640 -0.16008492 0.38840524
v 0.29766017 -0.13986196 0.41516957
v 0.28889220 -0.13811235 0.42092670
v 0.41382748 -0.17732329 0.30707220
v 0.40472988 -0.18110501 0.30589313
v 0.41046179 -0.18483236 0.29706163
v 0.42853189 -0.16599582 0.31610704
v 0.33082094 0.20774892 0.66558816
v 0.33959135 0.19872771 0.65938134
v 0.33704059 0.20318314 0.66489980
v 0.32309130 0.21755681 0.67465793
v 0.32246170 0.21505026 0.66927445
v 0.33197159 0.20951011 0.67069946
v 0.33892480 0.20286731 0.66745567
v 0.34334038 0.19680797 0.66114092
v 0.34280069 0.19365868 0.65354333
v 0.34806190 0.19006102 0.65384365
v 0.31798206 0.21667893 0.66744808
v 0.31395398 0.22360604 0.67532406
v 0.31391691 0.21783840 0.66554351
v 0.31040437 0.22316237 0.67109985
v 0.04669695 -0.04583682 0.60727455
v 0.24776598 -0.20066318 0.33414918
v 0.24278995 -0.19382458 0.34779688
v 0.24733747 -0.20746928 0.32193663
v 0.34528299 -0.16468970 0.35930467
v 0.34086126 -0.17445662 0.34595286
v 0.33302581 -0.17014499 0.35595747
v 0.34637815 -0.15607188 0.37187727
v 0.35445346 -0.15695922 0.36701039
v 0.33569756 -0.16020864 0.37019927
v 0.32992119 -0.17927793 0.34267729
v 0.32057773 -0.17588067 0.35181741
v 0.45863062 -0.00094482 0.49008309
v 0.45916595 -0.00723210 0.48409707
v 0.45580812 -0.00344830 0.49057249
v 0.45969916 0.00460776 0.49328653
v 0.46204200 -0.00479308 0.48310064
v 0.45177736 -0.00833252 0.48949330
v 0.45690045 -0.01233933 0.48144740
v 0.46164935 -0.01456295 0.47492771
v 0.23781924 0.30993213 0.79698598
v 0.24599782 0.30130973 0.79189906
v 0.29452505 0.26597287 0.72919419
v 0.29394594 0.26833664 0.73400291
v 0.28894388 0.27409132 0.73581940
v 0.29985329 0.25984246 0.72774145
v 0.17046426 -0.04068407 0.58279013
v 0.27890346 0.17737571 0.72096494
v 0.27491240 0.18350261 0.72628187
v 0.28081310 0.18473121 0.72415010
v 0.28496692 0.17429005 0.71630750
v 0.27934139 0.16924722 0.71605873
v 0.27385760 0.17471972 0.72173613
v 0.05867269 0.07088894 0.70518287
v 0.06599860 0.06508409 0.70053688
v 0.41811234 -0.04464117 0.47538954
v 0.41219934 -0.04879712 0.47438804
v 0.42154580 -0.03557846 0.48291623
v 0.41837817 -0.05504257 0.46390281
v 0.42244066 -0.02346002 0.49484257
v 0.42738872 -0.03018933 0.48493296
v 0.14351605 0.06623779 0.68980686
v 0.15101090 0.05914471 0.68251224
v 0.13454838 0.04370913 0.67430963
v 0.13432565 0.07196929 0.69612595
v 0.14706289 0.07780278 0.69766738
v 0.14150292 0.19278525 0.77261235
v 0.13538105 0.18201855 0.76762539
v 0.15888934 0.08450742 0.69985420
v 0.43131402 0.08235858 0.55299745
v 0.42931588 0.08294063 0.55027281
v 0.17215112 0.16133391 0.74822403
v 0.16152673 0.16404858 0.75227804
v 0.17867136 0.16835742 0.75094329
v 0.16327376 0.15290865 0.74504190
v 0.18185685 0.16125641 0.74576331
v 0.17474694 0.15020607 0.74064826
v 0.01626518 -0.00780107 0.64468700
v 0.02923589 -0.00195822 0.64939665
v 0.02346918 -0.01383311 0.63918637
v 0.00953726 -0.01582626 0.63768259
v 0.00372788 -0.00771725 0.64477168
v 0.01519913 0.00051133 0.65179905
v 0.02663291 0.01007402 0.65962425
v 0.14562425 0.17956836 0.76456973
v 0.46391593 0.00842112 0.49012297
v 0.46685738 0.00519552 0.48307252
v 0.46640654 0.00016860 0.48113819
v 0.46105615 0.01708176 0.49944978
v 0.46411093 0.01382795 0.49220362
v 0.46326385 0.00235052 0.48714778
v 0.46061028 0.01111870 0.49673066
v 0.46699192 0.00994766 0.48383260
v 0.46967085 0.00017773 0.47454450
v 0.46879209 -0.00207671 0.47568184
v 0.46873705 -0.00758631 0.47220119
v 0.46577375 -0.00605678 0.47756411
v 0.39668866 0.12385194 0.58640836
v 0.40367366 0.11765776 0.58314150
v 0.39077888 0.13188060 0.59454963
v 0.40132149 0.11705976 0.57900036
v 0.21265974 0.17720821 0.74642412
v 0.22050828 0.17622847 0.74325167
v 0.20422020 0.17748751 0.74924081
v 0.20997805 0.18422484 0.75142772
v 0.21465556 0.16828840 0.74040106
v 0.20803485 0.17033551 0.74378280
v 0.22303037 0.16702970 0.73682201
v 0.22735224 0.17481800 0.74008039
v 0.35360371 -0.14904684 0.37900647
v 0.36299950 -0.14085163 0.38643120
v 0.37213520 -0.13827080 0.38577550
v 0.39170360 -0.04455718 0.49032906
v 0.38777301 -0.05300165 0.48321011
v 0.38443617 -0.04375958 0.49496025
v 0.39145730 -0.03614401 0.49940807
v 0.45027101 0.04712606 0.52819447
v 0.44721957 0.05055290 0.53508111
v 0.45408296 0.03890931 0.51936208
v 0.45120344 0.04075922 0.52554132
v 0.45259232 0.04450587 0.52190220
v 0.44375407 0.05414413 0.54191342
v 0.44727393 0.04627671 0.53392717
v 0.13367124 -0.15581169 0.44228586
v 0.12165687 -0.15584438 0.44540688
v 0.13301945 -0.14871051 0.45362420
v 0.23732806 0.32051786 0.75746692
v 0.33363059 0.14398613 0.67401097
v 0.33667334 0.13478624 0.66698812
v 0.32916866 0.14031581 0.67429472
v 0.32954026 0.14893197 0.67907804
v 0.33331159 0.15271976 0.67898930
v 0.34193294 0.12631746 0.65910612
v 0.33712020 0.12610648 0.66152659
v 0.32164661 0.06287365 0.62389390
v 0.32383087 0.05256587 0.61454826
v 0.31737052 0.07221588 0.63317230
v 0.32512254 0.07335796 0.63061495
v 0.30911615 0.07339303 0.63768128
v 0.38031650 -0.13277151 0.38935495
v 0.38035744 -0.12399479 0.40122965
v 0.22360424 0.06778253 0.66708797
v 0.22581886 0.08736216 0.68188465
v 0.26208686 -0.15181021 0.40992088
v 0.26077335 -0.16191897 0.39486539
v 0.27100474 -0.16379294 0.38864772
v 0.28086080 -0.13566132 0.42726996
v 0.26860157 -0.14101589 0.42375550
v 0.23876166 0.31658715 0.75288634
v 0.24314723 0.31642664 0.75535173
v 0.24957722 0.30945209 0.75017763
v 0.50024605 -0.10585629 0.33813209
v 0.49655409 -0.11077717 0.33796142
v 0.28038030 0.28921017 0.75869029
v 0.28417276 0.28236027 0.75661069
v 0.27433337 0.29757159 0.76407063
v 0.28615190 0.28076232 0.75254920
v 0.36173779 -0.06251357 0.48563179
v 0.36151676 -0.05372477 0.49549267
v 0.36960833 -0.05612703 0.48895189
v 0.36755553 -0.06455497 0.48056939
v 0.36254193 -0.07038214 0.47633448
v 0.35394536 -0.06078979 0.49117967
v 0.35503304 -0.06934607 0.48102791
v 0.37906423 -0.05566572 0.48474433
v 0.37305292 -0.06264217 0.48002259
v 0.36810954 -0.04662551 0.50009062
v 0.37560884 -0.04663314 0.49636908
v 0.35412658 -0.05150348 0.50137717
v 0.18170330 0.01734201 0.63757774
v 0.17403580 0.00957548 0.63282699
v 0.18187080 0.00859648 0.62933778
v 0.19126687 0.01622385 0.63334742
v 0.19162417 0.02594535 0.64214158
v 0.19800825 0.11279050 0.70974554
v 0.19380704 0.10196833 0.70328017
v 0.42142897 0.02777464 0.54334653
v 0.42138645 0.01787720 0.53479860
v 0.37279450 -0.03998327 0.50493603
v 0.23589959 -0.25375812 0.22952548
v 0.24526090 -0.25620935 0.22138698
v 0.23282213 -0.26050171 0.21400732
v 0.22468438 -0.25646336 0.22581026
v 0.23965563 -0.24745128 0.24306140
v 0.22574184 -0.25034887 0.23994301
v 0.21516345 -0.26182819 0.21472867
v 0.20183971 -0.25900066 0.22456848
v 0.22404726 -0.26713344 0.19934746
v 0.20933153 -0.26873984 0.19835636
v 0.21389815 -0.25519123 0.23130651
v 0.20264900 -0.25321054 0.23847470
v 0.22980731 -0.09783183 0.49565302
v 0.24178345 -0.09634575 0.49343214
v 0.23238490 -0.10552274 0.48485343
v 0.23883149 -0.08884604 0.50386658
v 0.21938910 -0.10688506 0.48740017
v 0.21967561 -0.09854136 0.49816752
v 0.22680890 -0.08967097 0.50697601
v 0.23634734 -0.08310750 0.51183352
v 0.24578182 -0.07940258 0.51295162
v 0.25250872 -0.08550802 0.50312155
v 0.13992046 -0.12412672 0.48808634
v 0.15402912 -0.12383952 0.48440103
v 0.13914215 -0.13384883 0.47427220
v 0.14124290 -0.11554649 0.49972215
v 0.15051552 -0.11696813 0.49507971
v 0.15288057 -0.13342698 0.47101606
v 0.14288702 -0.14124207 0.46229290
v 0.13235168 -0.14242690 0.46344465
v 0.12427957 -0.14012339 0.46910341
v 0.16470060 -0.12702131 0.47681168
v 0.30013962 0.25999183 0.73253605
v 0.30415345 0.25391986 0.72634060
v 0.30462914 0.25283006 0.72837096
v 0.29391763 0.26925451 0.73782549
v 0.29852244 0.26235154 0.73175499
v 0.30916402 0.24571437 0.72284076
v 0.30530107 0.25203168 0.72224496
v 0.31060546 0.24427884 0.71854346
v 0.28251276 0.19375687 0.72818169
v 0.24409228 -0.10418130 0.48262718
v 0.30953047 -0.13142467 0.42259018
v 0.29845328 -0.13086097 0.42761404
v 0.31938050 -0.12820028 0.42326464
v 0.35645538 -0.07692714 0.47162598
v 0.36372974 -0.07792446 0.46701657
v 0.34978650 -0.07603010 0.47572912
v 0.34570090 -0.06938935 0.48519694
v 0.37051012 -0.07072946 0.47207166
v 0.29256302 -0.20877968 0.30544012
v 0.30274124 -0.20875926 0.30208424
v 0.30310357 -0.20076567 0.31624657
v 0.28251785 -0.20848671 0.30927430
v 0.28990409 -0.20200896 0.31856227
v 0.31136478 -0.25897720 0.19621388
v 0.29949944 -0.26473687 0.18590631
v 0.30731537 -0.25282055 0.21164628
v 0.32037639 -0.25188377 0.20965046
v 0.20260800 -0.17585640 0.39016903
v 0.20347401 -0.18167765 0.38017662
v 0.19344413 -0.18467191 0.37779121
v 0.18812753 -0.17776944 0.39105806
v 0.19614111 -0.16965450 0.40229279
v 0.20732661 -0.16761219 0.40235648
v 0.21606054 -0.17014797 0.39563118
v 0.21335040 -0.17933135 0.38126776
v 0.23293700 -0.01899390 0.58435632
v 0.22263725 -0.01994439 0.58706664
v 0.23022325 -0.01011024 0.59426561
v 0.22575264 -0.02621796 0.57950157
v 0.24220994 -0.01034420 0.58966930
v 0.24126150 -0.01931988 0.58101966
v 0.23487837 -0.02773788 0.57464965
v 0.45658482 -0.03673593 0.45758149
v 0.45210814 -0.03377033 0.46414689
v 0.45516548 -0.02783998 0.46779392
v 0.46171832 -0.03878504 0.45124903
v 0.45827920 -0.04651020 0.44600013
v 0.45160682 -0.04284894 0.45501559
v 0.46006772 -0.03040504 0.46115901
v 0.44735344 -0.03547300 0.46589283
v 0.44943798 -0.02557045 0.47449579
v 0.45854975 -0.02144461 0.47129098
v 0.45363147 -0.01869500 0.47808763
v 0.38586649 0.14598561 0.61874206
v 0.37757139 0.15544598 0.62552093
v 0.37514088 0.15964342 0.63224368
v 0.11545627 0.10321018 0.72156966
v 0.12116590 0.11181247 0.72643442
v 0.12611297 0.10316738 0.71979710
v 0.14072414 0.10286477 0.71687827
v 0.13381234 0.11272971 0.72491880
v 0.12903949 0.12112187 0.73133047
v 0.11533012 0.12158895 0.73373365
v 0.34447016 0.04752819 0.60112833
v 0.34780403 0.05897094 0.60891036
v 0.34898718 0.03931961 0.59214853
v 0.34243466 0.03840779 0.59437300
v 0.33602017 0.04353330 0.60158831
v 0.34828752 0.07103795 0.61812574
v 0.35375153 0.06527588 0.61110713
v 0.34263086 0.18390482 0.63589821
v 0.35150144 0.17520737 0.62963794
v 0.34997188 0.18004041 0.63655178
v 0.34231721 0.18837864 0.64321474
v 0.33493476 0.19291124 0.64373107
v 0.11074177 -0.07493219 0.56044714
v 0.10657856 -0.08237510 0.55239768
v 0.09779087 -0.07899708 0.55883297
v 0.11906869 -0.08006003 0.55189663
v 0.10411652 -0.07126083 0.56664671
v 0.11381057 -0.06626188 0.57001646
v 0.12261422 -0.06999985 0.56316827
v 0.42345708 0.05269486 0.56138877
v 0.41820283 0.05160371 0.56439516
v 0.41868141 0.06169312 0.57117665
v 0.42349003 0.06183432 0.56752659
v 0.42137533 0.03589385 0.55014318
v 0.41897287 0.04212854 0.55670227
v 0.12585700 0.03682880 0.67067684
v 0.44930062 -0.01614010 0.48400145
v 0.44641305 -0.00930081 0.49277793
v 0.44191831 -0.01094859 0.49446527
v 0.44475659 -0.01826685 0.48525388
v 0.16349797 0.14248511 0.73844498
v 0.15415196 0.14501666 0.74207331
v 0.18180811 -0.01865517 0.60240499
v 0.34728834 -0.25650940 0.18978727
v 0.31213160 -0.21891336 0.28001518
v 0.30755575 -0.21338887 0.29196654
v 0.31705593 -0.21213097 0.29096117
v 0.32610511 -0.21595110 0.28049974
v 0.31512409 -0.22659152 0.26410999
v 0.30347134 -0.22549034 0.27030858
v 0.30258613 -0.21966936 0.28189177
v 0.31494555 -0.20440356 0.30563548
v 0.32404215 -0.20780854 0.29627118
v 0.11272005 0.14079087 0.74633158
v 0.10439965 0.12894766 0.73994432
v 0.12465986 0.13924890 0.74368500
v 0.11675634 0.13209292 0.74031909
v 0.28964092 0.27380084 0.75054196
v 0.28776252 0.27468222 0.75391028
v 0.29269849 0.26665118 0.74798043
v 0.29169192 0.27194582 0.74682784
v 0.29445793 0.26596001 0.74491319
v 0.28925610 0.27657135 0.74755987
v 0.47254466 -0.00646271 0.46433808
v 0.47012165 0.00286217 0.47292985
v 0.47132830 -0.00893630 0.46663171
v 0.47557497 -0.01401760 0.45306600
v 0.47442313 -0.01576129 0.45612771
v 0.47891507 -0.02280118 0.44050607
v 0.47740674 -0.02315877 0.44538226
v 0.28104039 -0.12296167 0.44493926
v 0.27370147 -0.13070284 0.43678090
v 0.27339844 -0.12253317 0.44822369
v 0.28198391 -0.11590223 0.45406533
v 0.28982858 -0.11849231 0.44772702
v 0.28539573 -0.12709803 0.43768316
v 0.26571570 -0.12177943 0.45192188
v 0.27288415 -0.11508462 0.45839284
v 0.26426368 -0.12856609 0.44306650
v 0.26128246 -0.13655294 0.43273848
v 0.34334039 0.20039034 0.67851789
v 0.34614643 0.19700118 0.67299624
v 0.35334647 0.18780666 0.66553577
v 0.34040078 0.20364628 0.68380826
v 0.33732440 0.20830117 0.68468840
v 0.33942255 0.20556797 0.67968562
v 0.36433931 -0.00906456 0.54062594
v 0.36731451 -0.00377931 0.54432627
v 0.36955019 -0.00962148 0.53755448
v 0.37127178 -0.01598513 0.53041126
v 0.35390510 -0.19676011 0.30388085
v 0.14901691 0.08956299 0.70582963
v 0.13933556 0.08237576 0.70271895
v 0.13841000 0.09095236 0.70905185
v 0.23161780 0.02180191 0.62425764
v 0.24186286 0.02399574 0.62245089
v 0.22608304 0.01393572 0.61900690
v 0.41122838 0.10626685 0.57047928
v 0.40672515 0.11231754 0.57643127
v 0.41661935 0.09909758 0.56365676
v 0.20532522 -0.19448482 0.35730048
v 0.37428742 0.16086904 0.64315889
v 0.37134086 0.16375305 0.64836887
v 0.36750661 0.16956808 0.65067456
v 0.37023464 0.16651925 0.64419373
v 0.37706080 0.15798498 0.63797871
v 0.37122635 0.16218391 0.65016886
v 0.28789430 0.26198489 0.71300334
v 0.28090643 0.26873312 0.71690598
v 0.27837917 0.27423394 0.72294283
v 0.46961514 0.00561653 0.47197222
v 0.16324294 0.19465002 0.76965192
v 0.15267791 0.18779388 0.76791269
v 0.15396159 0.19891197 0.77378848
v 0.16322321 0.20277482 0.77411736
v 0.17140745 0.20135990 0.77157486
v 0.19415992 -0.22228340 0.30769846
v 0.18685144 -0.21744550 0.31908190
v 0.22082844 0.01970104 0.62624813
v 0.37661947 -0.01993461 0.52376949
v 0.37892138 -0.03700511 0.50500134
v 0.38089208 -0.02734386 0.51407776
v 0.39017197 -0.07398847 0.45820582
v 0.38028144 -0.08067555 0.45550880
v 0.38362368 -0.06953421 0.46680811
v 0.38193772 -0.09532883 0.43709961
v 0.37941423 -0.09027048 0.44451731
v 0.37074345 -0.09006930 0.44904546
v 0.37108064 -0.07989114 0.46109161
v 0.37685989 -0.07339551 0.46583003
v 0.37534600 -0.19671376 0.29454770
v 0.36628067 -0.20317178 0.28748618
v 0.36509188 -0.19326178 0.30485411
v 0.38518845 -0.19034349 0.30062308
v 0.38389102 -0.19879868 0.28714825
v 0.37573441 -0.20412207 0.28175934
v 0.37642226 -0.18971661 0.30573427
v 0.47524811 -0.22085177 0.19905102
v 0.25110896 0.30179689 0.78959089
v 0.25360858 0.29261810 0.78600255
v 0.24517020 0.30745329 0.79356581
v 0.38652430 -0.12572247 0.39582230
v 0.38878207 -0.13030975 0.38843189
v 0.38612779 -0.13800187 0.37915775
v 0.39599866 -0.13215689 0.38203957
v 0.39186227 -0.14270886 0.36958989
v 0.28573165 0.20181897 0.73068351
v 0.29253912 0.19940211 0.72579403
v 0.29771455 0.21870611 0.73159219
v 0.33949059 -0.08987708 0.46386618
v 0.33200970 -0.08503997 0.47294708
v 0.32178265 -0.09060407 0.47061638
v 0.34203150 -0.07995745 0.47458674
v 0.21184402 0.20614346 0.76329503
v 0.20998942 0.19351078 0.75676949
v 0.24539910 -0.26087669 0.21004606
v 0.07420783 0.09272325 0.71938232
v 0.12653158 0.13020979 0.73764537
v 0.13762867 0.12927287 0.73517672
v 0.13922259 0.12136577 0.72971896
v 0.20738982 0.16184560 0.73878279
v 0.21567386 0.15724872 0.73324942
v 0.20651219 0.15295819 0.73353576
v 0.20080841 0.16707392 0.74400430
v 0.19799166 0.15555469 0.73772877
v 0.16453880 -0.10370327 0.50884498
v 0.17125963 -0.09662996 0.51601552
v 0.15359830 -0.10892074 0.50513615
v 0.17341735 -0.08713881 0.52734342
v 0.18365620 -0.09184957 0.51824546
v 0.14383123 -0.10696984 0.51060479
v 0.12698301 -0.05961192 0.57417904
v 0.31989627 0.19563329 0.70712026
v 0.31871325 0.19032919 0.70580192
v 0.31473625 0.20043074 0.71258796
v 0.32400517 0.18831555 0.70138463
v 0.31808191 0.20270999 0.71101125
v 0.31393748 0.20774296 0.71590008
v 0.31089352 0.20849410 0.71843590
v 0.34155684 0.19971818 0.68563693
v 0.34228459 0.19703914 0.68566847
v 0.33772374 0.20395803 0.69050610
v 0.33718482 0.20675884 0.68929853
v 0.33011872 0.21677664 0.69622735
v 0.33426762 0.21191901 0.68997259
v 0.23779997 -0.04383349 0.55646341
v 0.22885789 -0.05296583 0.54955833
v 0.24185656 -0.03341600 0.56617174
v 0.24725716 -0.03782913 0.55953232
v 0.24734658 -0.04533554 0.55139875
v 0.23883573 -0.05338925 0.54554946
v 0.19065796 0.00721390 0.62508061
v 0.20051080 0.01425050 0.62834103
v 0.18980527 -0.00106541 0.61738656
v 0.20122995 0.02424053 0.63731535
v 0.21061526 0.02179890 0.63180909
v 0.18150569 0.00039443 0.62158128
v 0.19253391 -0.10485802 0.49877712
v 0.19828372 -0.10853021 0.49206722
v 0.20125060 -0.10033534 0.50189390
v 0.19154624 -0.09781085 0.50819917
v 0.20961766 -0.10355105 0.49498683
v 0.20634365 -0.11236180 0.48435323
v 0.19302481 -0.11788721 0.48103605
v 0.35078931 0.02300935 0.57703977
v 0.35318469 0.03139739 0.58336388
v 0.34431820 0.01729083 0.57477348
v 0.34499384 0.02911223 0.58510416
v 0.28530147 -0.19620375 0.33036356
v 0.29117663 -0.18796401 0.34257697
v 0.27806965 -0.20349951 0.31975498
v 0.29722808 -0.19394656 0.33021972
v 0.36294508 0.17579390 0.65302690
v 0.36068852 0.17829273 0.65833306
v 0.36299975 0.17537019 0.64904686
v 0.35764594 0.18255613 0.65921789
v 0.35765016 0.18234537 0.65625815
v 0.26446672 0.26544523 0.77127526
v 0.26325229 0.27391893 0.77504670
v 0.19918976 -0.08617641 0.52041392
v 0.18933457 -0.08099191 0.52995234
v 0.21335702 -0.07815498 0.52561459
v 0.43628562 -0.19441558 0.26752979
v 0.42703846 -0.19636612 0.26943582
v 0.48192925 -0.10647363 0.35835743
v 0.47648395 -0.11134474 0.35730264
v 0.47137634 -0.10622663 0.36779865
v 0.47578648 -0.12024942 0.34687094
v 0.47130772 -0.11592893 0.35590178
v 0.48099185 -0.11659687 0.34695114
v 0.46316204 -0.21805377 0.21186235
v 0.46759390 -0.22158118 0.20291133
v 0.45765565 -0.21345023 0.22320927
v 0.46239262 -0.20554684 0.23349783
v 0.46075931 -0.22567734 0.19986597
v 0.45516542 -0.22207451 0.20968188
v 0.18867836 -0.00998633 0.60891061
v 0.18186308 -0.00630630 0.61488674
v 0.11333403 -0.11005759 0.51494132
v 0.10224591 -0.11503872 0.51106770
v 0.10499646 -0.10743874 0.52059138
v 0.11502089 -0.10339824 0.52334198
v 0.12266720 -0.11165763 0.51028135
v 0.11113935 -0.11832807 0.50423113
v 0.24986835 0.11849695 0.69555095
v 0.25302336 0.12629387 0.69972809
v 0.25748984 0.13033342 0.70071163
v 0.26366309 0.13222587 0.69946099
v 0.24962452 0.10244039 0.68415564
v 0.24531626 0.10884071 0.69046701
v 0.24590143 0.12626048 0.70241980
v 0.24059736 0.11679374 0.69788481
v 0.20426533 -0.18666409 0.37135468
v 0.19356624 -0.19263325 0.36380870
v 0.38282230 -0.20514597 0.27680839
v 0.37761271 -0.20912441 0.27221864
v 0.38533663 -0.21093502 0.26541884
v 0.39154159 -0.20201223 0.27809185
v 0.33527390 -0.07491227 0.48345749
v 0.34535960 -0.05828229 0.49788060
v 0.33836251 -0.06631614 0.49199157
v 0.34110885 -0.05090424 0.50793063
v 0.34828376 -0.04904833 0.50673651
v 0.33566125 -0.05978936 0.50052920
v 0.30495560 -0.24687160 0.22566932
v 0.31393174 -0.24061773 0.23620641
v 0.31674504 -0.24641443 0.22290643
v 0.25635482 0.00260638 0.59705559
v 0.32848532 0.08386527 0.63704717
v 0.32065593 0.08115177 0.63858673
v 0.32246400 0.08940222 0.64389666
v 0.32751596 0.09455274 0.64526837
v 0.33299039 0.09070144 0.63998324
v 0.33635551 0.08396532 0.63349803
v 0.34174490 0.07735584 0.62603282
v 0.37037252 0.16061983 0.65238129
v 0.36544829 0.16888232 0.65753182
v 0.36900972 0.15893717 0.65443296
v 0.36449418 0.16742868 0.65962612
v 0.36005469 0.17529645 0.66423966
v 0.36496897 0.17160647 0.65612355
v 0.36095111 0.17584205 0.66205491
v 0.20444116 0.20015577 0.76223398
v 0.20195598 0.20891314 0.76775534
v 0.21642180 0.21538241 0.76697513
v 0.20118231 0.19235221 0.75880907
v 0.19672011 0.19991591 0.76433017
v 0.19000319 0.20938982 0.77129283
v 0.48098734 -0.17443504 0.26890703
v 0.48236655 -0.16559555 0.28067565
v 0.47608426 -0.16968093 0.27961094
v 0.47756301 -0.15890999 0.29389010
v 0.48541924 -0.15626917 0.29131842
v 0.24522105 0.22500549 0.76198804
v 0.25108844 0.21721877 0.75542027
v 0.24403310 0.21458031 0.75687022
v 0.23943618 0.22013670 0.76169141
v 0.23749158 0.22779296 0.76647435
v 0.25313945 0.22656346 0.75946901
v 0.28203335 -0.10745952 0.46506090
v 0.29184109 -0.10909215 0.45930459
v 0.30970957 -0.06827486 0.50193816
v 0.29917997 -0.06998827 0.50418061
v 0.13091130 -0.04478834 0.58998190
v 0.12622793 -0.05136302 0.58389423
v 0.21694990 -0.27289767 0.18581101
v 0.23019618 -0.27201419 0.18521821
v 0.45413533 0.04168043 0.51126768
v 0.45387080 0.04271860 0.51628161
v 0.45733178 0.03468650 0.50231400
v 0.44980181 0.05039643 0.52146848
v 0.45024576 0.04758832 0.51460648
v 0.40655460 -0.04327278 0.48357861
v 0.08031377 0.03894305 0.67961172
v 0.06972134 0.02960314 0.67326914
v 0.06894944 0.01723886 0.66322263
v 0.06648232 0.04072452 0.68226058
v 0.07820297 0.04834253 0.68706620
v 0.27614064 0.22896287 0.74912623
v 0.28437539 0.16482368 0.71114494
v 0.29527393 -0.17507178 0.36251069
v 0.29889479 -0.18049916 0.35240055
v 0.29018190 -0.18149021 0.35379857
v 0.30409317 -0.17442035 0.36045035
v 0.19818656 -0.05105860 0.56216204
v 0.20541284 -0.04135377 0.57043496
v 0.19369895 -0.04403762 0.57147980
v 0.18629152 -0.05300186 0.56393093
v 0.18272344 -0.04610890 0.57285373
v 0.28298540 0.08772744 0.65971143
v 0.29165322 0.08842809 0.65664137
v 0.27941252 0.07910727 0.65455916
v 0.27352033 0.08497727 0.66147032
v 0.27838864 0.09777973 0.66913727
v 0.28793732 0.09767544 0.66509376
v 0.32316091 -0.03789360 0.52975830
v 0.31561988 -0.03600741 0.53489081
v 0.32515120 -0.02968732 0.53745460
v 0.33227661 -0.03547529 0.52830997
v 0.33042434 -0.04591981 0.51805382
v 0.33298334 -0.02378282 0.54013260
v 0.34034375 -0.02468075 0.53594121
v 0.34319531 -0.03358094 0.52545900
v 0.33778891 -0.04344516 0.51745837
v 0.41507453 -0.18938915 0.28730014
v 0.30385862 0.08108419 0.64590463
v 0.29990426 0.08915494 0.65370319
v 0.30755377 0.08948480 0.65064352
v 0.31014385 0.08240604 0.64420933
v 0.22559834 0.30277422 0.72644131
v 0.23694312 0.29739498 0.72592997
v 0.22449818 0.29822461 0.71963513
v 0.23342099 0.29470531 0.72018809
v 0.37776213 0.04081877 0.57932975
v 0.37787916 0.02975080 0.56979413
v 0.38515935 0.04112747 0.57577608
v 0.38295353 0.03400002 0.57088514
v 0.38168215 0.04862330 0.58378531
v 0.09774931 -0.10473733 0.52598402
v 0.10916211 -0.09844506 0.53127962
v 0.09262972 -0.11263934 0.51666191
v 0.08829676 -0.10699393 0.52526395
v 0.09366101 -0.09794745 0.53585456
v 0.12105622 -0.08910474 0.54006358
v 0.10784458 -0.08939672 0.54320681
v 0.48113055 -0.07494793 0.39472386
v 0.48332982 -0.07153868 0.39576801
v 0.48495636 -0.08003955 0.38507368
v 0.47616110 -0.07457301 0.40011753
v 0.47953034 -0.06616235 0.40554597
v 0.48361186 -0.06373421 0.40303655
v 0.48664897 -0.07289013 0.39012640
v 0.25080919 -0.26878468 0.18873334
v 0.23969239 -0.26636565 0.19766506
v 0.20227809 0.03567231 0.64721839
v 0.19765521 0.04579138 0.65761984
v 0.20963411 0.04733659 0.65485605
v 0.21094562 0.03159463 0.64060183
v 0.21261749 0.04003093 0.64750323
v 0.19181102 0.03484565 0.65005526
v 0.21708717 0.05778469 0.66111436
v 0.22108650 0.04763402 0.65106580
v 0.20655056 0.05708161 0.66418192
v 0.48613075 -0.18669173 0.24642115
v 0.48024178 -0.18354326 0.25581060
v 0.29819677 0.23702779 0.68269374
v 0.29036090 0.24281531 0.68525336
v 0.29631264 0.23484195 0.67771483
v 0.30442462 0.23440043 0.68411131
v 0.29495987 0.24250160 0.68856220
v 0.30459801 0.23021852 0.67739951
v 0.30185295 -0.11254167 0.45098803
v 0.30998892 -0.10415152 0.45865932
v 0.31203117 -0.09614840 0.46786525
v 0.19796034 0.18359329 0.75470685
v 0.18364968 -0.19155212 0.36840667
v 0.17775167 -0.18623100 0.37937313
v 0.29483669 0.00824284 0.58743739
v 0.28681620 0.00200251 0.58472943
v 0.27929208 0.00451745 0.59006566
v 0.39950655 0.12889399 0.60366222
v 0.39408019 0.13537254 0.60772192
v 0.39288472 0.13756371 0.61210125
v 0.40399830 0.12340719 0.60176837
v 0.39801474 0.13131440 0.60984292
v 0.40749301 0.11844650 0.59465070
v 0.38955225 0.14085796 0.61239409
v 0.32273904 0.22216314 0.68331221
v 0.32893945 0.21632984 0.68117992
v 0.32099840 0.22589491 0.68871421
v 0.31530930 0.22972666 0.68794301
v 0.32705915 0.21625221 0.67750178
v 0.32057243 0.22269140 0.68121149
v 0.33410340 0.20927278 0.67387162
v 0.33601756 0.20843127 0.67616481
v 0.33365744 0.21223959 0.68189134
v 0.32675995 0.22031855 0.68693608
v 0.32128167 0.22753621 0.69352528
v 0.31652085 0.23214733 0.69474619
v 0.31427834 0.23323644 0.69338417
v 0.37623335 -0.11172157 0.41936480
v 0.38457413 -0.10698912 0.42122690
v 0.38223781 -0.11548033 0.41151502
v 0.37037125 -0.10721608 0.42797866
v 0.37919338 -0.10296206 0.42902187
v 0.37439595 -0.09794960 0.43763106
v 0.43342793 -0.20180957 0.25698113
v 0.43033386 -0.21055874 0.24383901
v 0.42412313 -0.20614205 0.25472418
v 0.41555763 -0.20331659 0.26395315
v 0.41630719 -0.21050071 0.25131739
v 0.45071713 0.04923599 0.52407839
v 0.31167640 0.09763211 0.65475963
v 0.31980761 0.09870617 0.65178508
v 0.31535131 0.08838793 0.64636220
v 0.30827724 0.10577333 0.66209195
v 0.31442872 0.10502008 0.65875494
v 0.30414792 0.09780934 0.65824259
v 0.30090811 0.10643214 0.66584134
v 0.31253633 0.11272014 0.66494172
v 0.30546228 0.11434777 0.66930780
v 0.24949042 0.20641082 0.75016544
v 0.24502078 0.19883038 0.74770269
v 0.25080642 0.19599141 0.74379701
v 0.13289783 -0.00099108 0.63514217
v 0.12682079 -0.01125946 0.62661652
v 0.12310230 -0.00512794 0.63377569
v 0.13910760 -0.00689783 0.62751053
v 0.12585513 0.00373348 0.64158641
v 0.25682718 0.21896203 0.75387994
v 0.25928674 0.22388212 0.75530658
v 0.46487823 -0.01196334 0.47385204
v 0.46827377 -0.01495458 0.46713988
v 0.45034639 -0.13991069 0.33960568
v 0.44982859 -0.13052285 0.35250516
v 0.45106730 -0.14893356 0.32672142
v 0.44357861 -0.13814242 0.34636961
v 0.44435353 -0.14723633 0.33341722
v 0.22442210 0.24709845 0.78071351
v 0.23195724 0.24700751 0.77807134
v 0.22692352 0.23894575 0.77590309
v 0.21859675 0.25235889 0.78497797
v 0.22569987 0.25501304 0.78393481
v 0.22634852 0.26472928 0.78792425
v 0.23262726 0.25715278 0.78247275
v 0.21936989 0.26128100 0.78872661
v 0.52001037 -0.20140885 0.19274709
v 0.42551740 0.01261979 0.52751055
v 0.42691395 0.00412434 0.51883386
v 0.41112262 -0.07611255 0.44431521
v 0.41180664 -0.08538715 0.43295483
v 0.41536878 -0.06723290 0.45205353
v 0.41727413 -0.07678830 0.43997574
v 0.31539629 0.22702996 0.71896327
v 0.31758359 0.22090260 0.71601775
v 0.31543035 0.21890085 0.71782201
v 0.44494685 -0.23721774 0.18757822
v 0.43731371 -0.24010522 0.18599094
v 0.26521111 0.25168859 0.76540229
v 0.26531546 0.24404827 0.76195499
v 0.23529566 -0.11296939 0.47403855
v 0.24691519 -0.11157062 0.47197539
v 0.21995276 -0.01356233 0.59452179
v 0.22189936 -0.00546095 0.60187286
v 0.31914872 0.01758877 0.58607430
v 0.31678998 0.02595310 0.59464674
v 0.32470695 0.02582544 0.59115405
v 0.31213354 0.01857227 0.58993441
v 0.32068362 0.00972062 0.57814007
v 0.31191116 0.00906180 0.58120403
v 0.32809603 0.01677503 0.58147752
v 0.33850948 -0.01730423 0.54426318
v 0.34593517 -0.01447063 0.54374980
v 0.15783426 0.20953314 0.77875872
v 0.16726937 0.22313771 0.78387011
v 0.16523229 0.21565202 0.78051071
v 0.16841223 0.20929716 0.77650381
v 0.25090751 0.29354161 0.72944717
v 0.25317977 0.29575399 0.73396493
v 0.24479276 0.29547566 0.72815960
v 0.25825463 0.28826697 0.72723239
v 0.25350948 0.28777779 0.72338564
v 0.22393603 0.22016663 0.76713269
v 0.25864099 -0.10945973 0.47073844
v 0.27541092 -0.09765264 0.47997566
v 0.27126678 -0.10658697 0.47005879
v 0.26238247 -0.11636344 0.46031422
v 0.25035185 -0.11896784 0.46087452
v 0.25957771 -0.18306890 0.36113568
v 0.29732416 0.25898713 0.74213906
v 0.24103647 0.27977756 0.70452938
v 0.23625806 0.27849318 0.69982622
v 0.24001243 0.28430693 0.71010423
v 0.23304282 0.28563654 0.70765502
v 0.24610236 0.28356304 0.71289805
v 0.23875939 0.28873478 0.71535354
v 0.23211817 0.29092515 0.71428835
v 0.24110471 0.31389346 0.79608651
v 0.23703715 0.32040436 0.79780716
v 0.24496159 0.31551122 0.79440474
v 0.24837121 0.30897720 0.79223865
v 0.23153490 0.31871807 0.79981104
v 0.25397482 -0.26316390 0.20212922
v 0.03900024 0.00733074 0.65700997
v 0.04138964 0.01583462 0.66401476
v 0.05203075 0.01234236 0.66053036
v 0.04551859 0.00081797 0.65107896
v 0.37912738 0.14440831 0.60414344
v 0.31394724 0.22765799 0.68242894
v 0.30558748 0.23765385 0.69079147
v 0.19756312 0.05627708 0.66655870
v 0.19116885 0.06092669 0.67248055
v 0.18902701 0.05011306 0.66419018
v 0.23220045 0.09379958 0.68440546
v 0.22498391 0.09347025 0.68685108
v 0.22777210 0.09962080 0.69040576
v 0.23502503 0.10566329 0.69207359
v 0.24179015 0.09856858 0.68431562
v 0.45684089 -0.18318470 0.27277697
v 0.46186411 -0.18871024 0.26090349
v 0.40457896 -0.24420351 0.19349818
v 0.41276720 -0.24214861 0.19392889
v 0.25815860 0.27416154 0.77787843
v 0.25126823 0.27712738 0.78239389
v 0.17928196 -0.21260075 0.33039608
v 0.17232587 -0.21991191 0.31759851
v 0.18055328 -0.22432999 0.30677668
v 0.18784251 -0.22770534 0.29820178
v 0.17702050 -0.23082901 0.29404643
v 0.27268748 0.24746183 0.67936720
v 0.10583382 -0.02610911 0.61670853
v 0.11348435 -0.01366158 0.62763184
v 0.09239432 -0.03111162 0.61461827
v 0.11935530 -0.02197484 0.61760811
v 0.11217708 -0.03272456 0.60816375
v 0.09962273 -0.03710697 0.60658327
v 0.08643859 -0.04176004 0.60460580
v 0.07987388 -0.03539790 0.61280174
v 0.28426619 0.05331514 0.63169428
v 0.28684347 0.04425332 0.62296765
v 0.23969043 -0.07644744 0.51868348
v 0.23058036 -0.08003207 0.51754215
v 0.24961364 -0.06779771 0.52526799
v 0.23597158 -0.07086921 0.52655586
v 0.42148234 0.09072465 0.58297439
v 0.41755974 0.09878835 0.58932606
v 0.42236283 0.09294574 0.58145801
v 0.42278315 0.08410942 0.57974193
v 0.41714020 0.09499650 0.58956705
v 0.41675638 0.10286861 0.58971083
v 0.42031813 0.09865495 0.58365855
v 0.42502002 0.09136625 0.57631089
v 0.41326791 0.10414484 0.59604596
v 0.22654565 0.28723829 0.79621947
v 0.22041436 0.29525631 0.80090549
v 0.41663365 -0.09161424 0.42266492
v 0.28846661 0.25785355 0.75228665
v 0.29095698 0.25887829 0.75019561
v 0.29320905 0.25093580 0.74639288
v 0.45965881 -0.09424341 0.39129345
v 0.45357471 -0.09415875 0.39583833
v 0.45665774 -0.08778952 0.40119653
v 0.46403160 -0.09847017 0.38297723
v 0.45961341 -0.10457213 0.37882553
v 0.46174310 -0.08349821 0.40234805
v 0.46587707 -0.09099422 0.39039728
v 0.45521265 -0.10068487 0.38676818
v 0.45237191 -0.08748457 0.40464757
v 0.45531597 -0.07978443 0.41148435
v 0.44972239 -0.10172218 0.38931049
v 0.44706762 -0.09298865 0.40172848
v 0.29902145 0.24167094 0.69086910
v 0.07532752 -0.03029233 0.61898239
v 0.06805736 -0.03666722 0.61361960
v 0.06716640 -0.02836989 0.62215027
v 0.07181810 -0.04552139 0.60361690
v 0.31001019 0.12163153 0.67211161
v 0.29003552 -0.13109345 0.43046836
v 0.25541048 -0.14532132 0.42187084
v 0.39798941 0.02904093 0.55850546
v 0.38849741 0.03333668 0.56741179
v 0.39354549 0.03331159 0.56469267
v 0.28373920 0.26243203 0.70988811
v 0.27352422 0.27580985 0.72108883
v 0.27504173 0.27122920 0.71568048
v 0.27482589 0.29210347 0.74762292
v 0.28181634 0.28280679 0.74091871
v 0.27439730 0.28996416 0.74339308
v 0.26943170 0.29669028 0.74858737
v 0.26812594 0.30025262 0.75309417
v 0.43666258 -0.21472741 0.23317805
v 0.43422923 -0.22223673 0.22118203
v 0.37019097 0.16258303 0.62867433
v 0.36977979 0.16501431 0.63416614
v 0.37604316 0.15532295 0.62189553
v 0.36380304 0.16774742 0.62996687
v 0.38330732 0.14721246 0.61584384
v 0.36872646 0.16771919 0.64030481
v 0.36374047 0.17245023 0.64085250
v 0.12156900 -0.14820940 0.45746743
v 0.34130607 0.19308179 0.68762678
v 0.33936895 0.19907171 0.68955080
v 0.34255831 0.18687722 0.68582331
v 0.42732338 -0.06457989 0.44785758
v 0.42185324 -0.06271613 0.45333290
v 0.28291576 -0.08340899 0.49467624
v 0.28525906 -0.09108361 0.48445629
v 0.28204315 0.11579199 0.68058377
v 0.27836867 0.10793922 0.67658514
v 0.27820746 0.12257523 0.68688978
v 0.26880786 0.09408466 0.67030981
v 0.28587236 0.12644859 0.68620300
v 0.29483696 0.12499696 0.68128942
v 0.27815201 0.13180324 0.69312377
v 0.28986745 0.11614682 0.67745803
v 0.30264087 0.12347876 0.67675609
v 0.29786906 0.11545134 0.67347166
v 0.25569845 -0.20448425 0.32493059
v 0.25514708 -0.21116820 0.31271236
v 0.25378161 0.31717820 0.76657582
v 0.25932496 0.31149853 0.76219720
v 0.26139765 0.31077986 0.76445273
v 0.26575105 0.30483113 0.75841785
v 0.26082854 0.30818935 0.75798729
v 0.42281207 0.09067733 0.55588600
v 0.42661372 0.08886285 0.55833666
v 0.45921384 -0.23319061 0.18702373
v 0.48751645 -0.10437195 0.35534540
v 0.48808666 -0.09515153 0.36524951
v 0.41844672 0.07103424 0.57736877
v 0.42288709 0.07056024 0.57338424
v 0.36068239 0.17710156 0.64683380
v 0.35651623 0.18291054 0.65348164
v 0.35452862 0.18402348 0.65145781
v 0.41850416 -0.19464893 0.27688532
v 0.09710106 0.06143867 0.69465615
v 0.26475045 0.22596832 0.75366954
v 0.25790112 0.23163667 0.75984816
v 0.26187665 0.23701441 0.76047771
v 0.26885575 0.23315101 0.75502835
v 0.27214500 0.22291688 0.74839373
v 0.28041160 0.21035720 0.73783000
v 0.27829587 0.21880488 0.74313062
v 0.29077747 0.19218914 0.72310671
v 0.28677315 0.19324755 0.72576480
v 0.46965523 -0.14455473 0.31982722
v 0.46406167 -0.15159751 0.31418720
v 0.47635284 -0.14187159 0.31832956
v 0.47436124 -0.15054151 0.30808002
v 0.46916948 -0.15282471 0.30884079
v 0.47287740 -0.13583527 0.32911998
v 0.45769834 -0.15027426 0.32043722
v 0.41314065 0.08245086 0.58827093
v 0.41859557 0.07790562 0.58125547
v 0.41282971 0.07167203 0.58207180
v 0.42584726 0.07127491 0.57106215
v 0.42161753 0.07919620 0.57908242
v 0.19326161 -0.19888830 0.35264858
v 0.33533729 -0.12933170 0.41491680
v 0.32640845 -0.12875159 0.41957171
v 0.42740053 0.07683810 0.57181445
v 0.41830958 0.08818441 0.58624996
v 0.42567930 0.07600209 0.57351457
v 0.49096350 -0.09072215 0.36656600
v 0.49240391 -0.10122555 0.35346361
v 0.48773859 -0.08739099 0.37413230
v 0.48907868 -0.08180521 0.37811299
v 0.37223416 0.09099866 0.62050446
v 0.37793459 0.08449815 0.61297015
v 0.37282490 0.08138718 0.61358382
v 0.36730748 0.08678410 0.62027921
v 0.36598892 0.09659727 0.62760142
v 0.37101702 0.10236756 0.62851435
v 0.37744461 0.09405340 0.61961061
v 0.40077105 0.07749821 0.59446438
v 0.25144670 0.30101308 0.73989761
v 0.25500587 0.30145487 0.74304462
v 0.25941185 0.29442903 0.73656845
v 0.26521646 0.29321562 0.73945541
v 0.25874711 0.30157977 0.74604829
v 0.34941844 0.16548848 0.67443686
v 0.34561308 0.17184562 0.67955820
v 0.34947800 0.16948445 0.67569648
v 0.35411154 0.16217732 0.66953841
v 0.35716303 0.15397763 0.66423345
v 0.35702340 0.14800829 0.66181225
v 0.16456038 -0.21509097 0.32902769
v 0.15580728 -0.21018474 0.34071906
v 0.17211057 -0.20751031 0.34193819
v 0.18099633 -0.19908682 0.35546041
v 0.18650566 -0.20520631 0.34270293
v 0.16558571 -0.20242891 0.35320489
v 0.47166586 -0.15746220 0.30049410
v 0.06139588 -0.05153095 0.59917986
v 0.05908446 -0.04464787 0.60680409
v 0.19474449 -0.14358055 0.44357706
v 0.18399659 -0.14998785 0.43710408
v 0.18964166 -0.13697181 0.45496956
v 0.18007251 -0.15665249 0.42786029
v 0.38049565 -0.00297983 0.53847634
v 0.37325799 -0.00231003 0.54278268
v 0.37335523 0.13650204 0.64499681
v 0.37183148 0.13170403 0.64417107
v 0.36746744 0.13883770 0.65041833
v 0.36663529 0.14661170 0.65407451
v 0.37157164 0.14649766 0.64980415
v 0.37831928 0.13635872 0.64091730
v 0.20288481 -0.09306059 0.51067640
v 0.21278212 -0.09386670 0.50640136
v 0.20961132 -0.08708518 0.51596191
v 0.49403351 -0.07846679 0.37286683
v 0.49032342 -0.07512668 0.38250895
v 0.49075444 -0.06777962 0.38765679
v 0.49270542 -0.08473380 0.37000094
v 0.49609065 -0.08849703 0.36113067
v 0.48852840 -0.06043532 0.39795487
v 0.48753096 -0.06508284 0.39601940
v 0.31997720 0.21448414 0.71261265
v 0.31153824 0.22015733 0.72168773
v 0.31565308 0.21145362 0.71572055
v 0.46095324 0.02252264 0.50159469
v 0.32748921 -0.22480118 0.26328959
v 0.33851715 -0.21985201 0.26868212
v 0.33462557 -0.22823450 0.25410780
v 0.32275984 -0.23296248 0.24890909
v 0.35082952 -0.21928245 0.26501645
v 0.34345869 -0.22506301 0.25698422
v 0.34005763 -0.21113397 0.28418183
v 0.34707075 -0.21393022 0.27641114
v 0.34576717 0.17743507 0.68097290
v 0.30220699 -0.10211209 0.46427498
v 0.29227705 -0.09847733 0.47263057
v 0.30441122 -0.09269832 0.47514643
v 0.29313262 -0.08065735 0.49404784
v 0.42692211 0.02145355 0.53434236
v 0.47991733 -0.12543741 0.33686246
v 0.48622834 -0.11361493 0.34575563
v 0.48504361 -0.12238509 0.33619356
v 0.34219813 0.19179033 0.64921280
v 0.25095433 0.31043937 0.79097262
v 0.18794558 -0.15865204 0.42241796
v 0.19862375 -0.15620874 0.42307939
v 0.19133058 -0.16369607 0.41336524
v 0.19169704 -0.15212431 0.43150598
v 0.17783690 -0.16480908 0.41544841
v 0.18321978 -0.17129830 0.40328559
v 0.16555127 -0.16873492 0.41252458
v 0.17051996 -0.17313285 0.40381906
v 0.25930399 0.28201544 0.77986868
v 0.25284605 0.28430004 0.78395903
v 0.51884695 -0.18851608 0.21293941
v 0.37127934 0.06439615 0.60174797
v 0.36547801 0.07080280 0.60957952
v 0.36004847 0.06404948 0.60711053
v 0.37230134 0.07250089 0.60739238
v 0.37708093 0.06511867 0.59926873
v 0.38571194 -0.03273427 0.50600907
v 0.38706325 -0.02365539 0.51468022
v 0.39090266 -0.02809776 0.50810775
v 0.47364192 -0.18930008 0.25187775
v 0.47408277 -0.17990587 0.26595595
v 0.47475455 -0.12827021 0.33753355
v 0.49461871 -0.09394646 0.35832058
v 0.24217869 0.28991092 0.71906538
v 0.24589958 0.29093385 0.72276602
v 0.45596724 -0.12368532 0.35731391
v 0.46163096 -0.11819454 0.36038664
v 0.45472977 -0.06029085 0.43394930
v 0.44948669 -0.05899285 0.43921852
v 0.45326932 -0.05242387 0.44358230
v 0.45984411 -0.06101467 0.42921355
v 0.45641803 -0.06895802 0.42301123
v 0.45772649 -0.05476945 0.43767777
v 0.45132902 -0.06566167 0.43049646
v 0.44749254 -0.05099871 0.44933890
v 0.47098721 -0.16501492 0.29017750
v 0.46957351 -0.17412387 0.27788495
v 0.44911454 0.03855186 0.52788077
v 0.45386700 0.03030120 0.51715951
v 0.38318398 0.10147637 0.62085072
v 0.13180583 -0.11346224 0.50528271
v 0.46771627 -0.18159702 0.26799105
v 0.46306337 -0.17870489 0.27552650
v 0.14601209 0.11614443 0.72489428
v 0.27508576 0.27975756 0.72824910
v 0.27079264 0.28114764 0.72660128
v 0.23842609 -0.16648217 0.39479036
v 0.22699689 -0.17319434 0.38743527
v 0.22823997 -0.16421470 0.40151955
v 0.24984978 -0.16022077 0.40103173
v 0.23962637 -0.15828489 0.40730735
v 0.23194829 -0.24350474 0.25381265
v 0.20468621 0.18622373 0.75424523
v 0.16209605 -0.13425946 0.46717494
v 0.17387051 -0.13089212 0.46854637
v 0.15413512 -0.14045096 0.46031970
v 0.31392652 -0.08735073 0.47783579
v 0.32359579 -0.07972711 0.48283763
v 0.40937546 -0.21100043 0.25388262
v 0.40140820 -0.22322921 0.23564939
v 0.40000169 -0.21637434 0.24880101
v 0.33133070 0.20542412 0.69949499
v 0.33427807 0.19974412 0.69593246
v 0.33645403 0.19311177 0.69285255
v 0.29158486 0.27310301 0.74306226
v 0.21086170 0.24950469 0.78588666
v 0.20299961 0.24635647 0.78658526
v 0.46852085 -0.03581965 0.44786516
v 0.46453904 -0.03287497 0.45471247
v 0.46709693 -0.02768730 0.45719923
v 0.47248618 -0.03891057 0.44048129
v 0.46946009 -0.04527546 0.43743428
v 0.47069876 -0.03009835 0.45086059
v 0.46584720 -0.03981624 0.44653874
v 0.46310278 -0.02446427 0.46424588
v 0.46581646 -0.01948084 0.46615603
v 0.46891223 -0.02299184 0.45947877
v 0.18473717 -0.12515383 0.47349180
v 0.18584966 -0.13104128 0.46477142
v 0.23585360 0.27371011 0.69298516
v 0.24136996 0.26619492 0.68593686
v 0.24447684 0.26983682 0.69289363
v 0.22662681 0.28041612 0.69670355
v 0.44861334 -0.08276862 0.41280097
v 0.28502325 0.10707745 0.67315646
v 0.29304285 0.10683242 0.66955287
v 0.29629365 0.09780087 0.66164206
v 0.01555611 -0.02371566 0.63048788
v 0.42806496 0.08938823 0.56752658
v 0.42396441 0.09562770 0.57152025
v 0.42775553 0.08987489 0.56510004
v 0.42394111 0.09555971 0.57438712
v 0.43257685 0.08135412 0.56178734
v 0.42708841 0.08987934 0.57140196
v 0.43170958 0.08357517 0.56000873
v 0.38927802 -0.17834459 0.31796877
v 0.39790742 -0.17705991 0.31564468
v 0.39004233 -0.18314185 0.31000533
v 0.38288843 -0.18381475 0.31234769
v 0.38292564 -0.17686450 0.32331223
v 0.36823205 0.07859807 0.61399842
v 0.36255183 0.08145948 0.61892541
v 0.36115397 0.09143019 0.62666672
v 0.32639006 -0.06122841 0.50293271
v 0.32962725 -0.06891916 0.49281681
v 0.31808534 -0.07108349 0.49522137
v 0.33274833 -0.05250140 0.50988074
v 0.39617751 -0.10661019 0.41564432
v 0.44572456 -0.04361996 0.45850301
v 0.20199197 -0.23494078 0.27956053
v 0.21738967 -0.23339958 0.27913155
v 0.21059393 -0.23913474 0.26859953
v 0.19870696 -0.24331939 0.26202345
v 0.18725415 -0.23959315 0.27279809
v 0.19903250 -0.22783552 0.29520912
v 0.21230938 -0.22778417 0.29202235
v 0.18829488 -0.23302484 0.28687579
v 0.25355467 0.31704135 0.78629851
v 0.23636510 0.15706948 0.72594736
v 0.23285020 0.16825450 0.73413036
v 0.24249034 0.16607816 0.72927225
v 0.24096690 0.14665915 0.71767328
v 0.23017845 0.14699535 0.72180176
v 0.24453773 0.15690573 0.72283563
v 0.22650361 0.15731552 0.72960791
v 0.25034190 0.15123138 0.71705865
v 0.16380886 -0.19096982 0.37472353
v 0.16728510 -0.18470416 0.38493448
v 0.17186801 -0.19481123 0.36566053
v 0.15857212 -0.19819236 0.36290100
v 0.17507726 -0.17888581 0.39283061
v 0.30413561 0.22316354 0.72875729
v 0.30116213 0.22077131 0.73008947
v 0.30184765 0.23095849 0.73318601
v 0.29740773 0.24406259 0.74082096
v 0.30161357 0.23645826 0.73496366
v 0.23811876 -0.22521522 0.29043756
v 0.22531855 -0.22678519 0.29071882
v 0.24607733 -0.21854853 0.30131310
v 0.23082512 -0.23200892 0.27857953
v 0.32861269 0.19630558 0.64368435
v 0.22013992 0.14721757 0.72544943
v 0.21060208 0.14633235 0.72806248
v 0.34178672 0.20213829 0.67369107
v 0.34837788 0.19415907 0.66830462
v 0.25829408 -0.21822061 0.29843361
v 0.26821774 -0.22019021 0.29170727
v 0.21582705 -0.12962979 0.45742795
v 0.22623193 -0.12129249 0.46574289
v 0.22856745 -0.12861310 0.45477629
v 0.20979139 -0.13896053 0.44581226
v 0.20243658 -0.13432104 0.45490722
v 0.21519275 -0.12153162 0.46902564
v 0.22075245 -0.13518047 0.44791156
v 0.20696719 -0.12727428 0.46362575
v 0.20452268 -0.14787184 0.43411159
v 0.21989198 -0.14311279 0.43648553
v 0.07781412 -0.11443926 0.51755926
v 0.07118820 -0.10099629 0.53718349
v 0.07966045 -0.10490921 0.53004268
v 0.16115686 0.13221315 0.73235722
v 0.15779828 0.12166248 0.72612939
v 0.03265743 0.02165274 0.66896726
v 0.04747945 0.02537884 0.67147566
v 0.04992102 0.01886500 0.66615344
v 0.46552581 -0.10507746 0.37382991
v 0.46214556 -0.11092507 0.36916492
v 0.46882412 -0.09805323 0.37972848
v 0.46647869 -0.11283082 0.36353456
v 0.45291966 -0.10864803 0.37851052
v 0.45704193 -0.11426641 0.36859446
v 0.29809982 -0.08749619 0.48392550
v 0.30727330 -0.08500937 0.48336038
v 0.30569893 -0.07751979 0.49281764
v 0.31380331 -0.08014395 0.48648255
v 0.12167428 -0.11803561 0.50183837
v 0.27790901 0.14218330 0.70005533
v 0.44949985 -0.11958707 0.36695099
v 0.23288431 0.22027981 0.76415672
v 0.22973400 0.22925411 0.77000862
v 0.39702964 0.03775073 0.56652249
v 0.39135607 0.04026435 0.57175601
v 0.39505164 0.04632252 0.57472424
v 0.40074833 0.04343869 0.56912441
v 0.44322795 -0.21893935 0.22215673
v 0.45072743 -0.21872543 0.21829176
v 0.44673637 -0.22522139 0.20893318
v 0.43762067 -0.22744102 0.20986331
v 0.45046364 -0.21347403 0.22756216
v 0.38274734 0.09473814 0.61697308
v 0.25377006 0.31330488 0.78857138
v 0.24922006 0.31519640 0.79190115
v 0.33549417 0.20156779 0.69447866
v 0.33015828 0.21005327 0.70068729
v 0.47285915 -0.08138229 0.39568146
v 0.33714351 0.02207684 0.58234240
v 0.33716313 0.03226322 0.59140528
v 0.33156896 0.02619493 0.58852073
v 0.32988957 0.03428842 0.59637677
v 0.40296711 0.10845835 0.60950702
v 0.40752492 0.10280648 0.60286368
v 0.40116453 0.10729079 0.61078953
v 0.39847913 0.11399202 0.61567897
v 0.40532152 0.10105822 0.60438163
v 0.43024054 -0.11457911 0.38581042
v 0.43790718 -0.11158463 0.38481230
v 0.25527408 -0.12608945 0.44950356
v 0.28132762 -0.10013249 0.47468522
v 0.11572955 -0.00288795 0.63782385
v 0.11673052 0.00659697 0.64650671
v 0.12849326 0.01547006 0.65168213
v 0.26757824 -0.01388488 0.57667178
v 0.27107689 -0.00445347 0.58459949
v 0.27604353 -0.01302169 0.57425475
v 0.26873284 -0.02011619 0.56995563
v 0.26130018 -0.02044774 0.57243325
v 0.26009706 -0.01148639 0.58187543
v 0.28555396 -0.00734831 0.57617147
v 0.28412190 -0.01692170 0.56722257
v 0.27986411 -0.00361207 0.58204735
v 0.27465112 -0.02501794 0.56263690
v 0.26263470 -0.00059509 0.59157921
v 0.27104799 0.00660362 0.59523065
v 0.20266919 0.25731013 0.79162632
v 0.19539974 0.25122098 0.79079407
v 0.21210505 0.25900147 0.78985488
v 0.20649514 0.26670108 0.79469659
v 0.30211464 0.00394036 0.58042152
v 0.30380805 0.01529113 0.59034770
v 0.31705322 0.00003846 0.57050721
v 0.30801258 -0.00144973 0.57287377
v 0.19008758 0.22043001 0.77715451
v 0.35765171 0.17186188 0.63019616
v 0.31459981 0.07951931 0.64005539
v 0.44441892 -0.05774738 0.44415996
v 0.44546178 -0.06663163 0.43353243
v 0.29369276 -0.00165258 0.57848247
v 0.29235612 -0.01104807 0.56984646
v 0.30019392 -0.00577127 0.57188282
v 0.19290512 -0.12503460 0.47117973
v 0.19700292 -0.12938152 0.46373818
v 0.20370137 -0.12132697 0.47296745
v 0.31689307 0.23384963 0.70006350
v 0.31224135 0.23882331 0.70217743
v 0.31549036 0.23441325 0.69811809
v 0.32314814 0.22648871 0.69657300
v 0.28866989 -0.05222188 0.52833684
v 0.48117834 -0.14788762 0.30629765
v 0.48587979 -0.14081944 0.31186052
v 0.48673720 -0.14798097 0.30160995
v 0.48127389 -0.13913109 0.31801124
v 0.49002229 -0.15119235 0.29442451
v 0.39878446 0.05276827 0.57776100
v 0.39499806 0.05954448 0.58521943
v 0.39909314 0.06162376 0.58437410
v 0.39340905 0.05391782 0.58174810
v 0.40356719 0.05592122 0.57734751
v 0.40374744 0.04852472 0.57147597
v 0.38841857 0.04984246 0.58118941
v 0.38403933 -0.16887856 0.33512455
v 0.39599782 -0.14721751 0.36109134
v 0.25799970 0.07876458 0.66285444
v 0.25206719 0.08371749 0.66905411
v 0.25929509 0.09096106 0.67175058
v 0.26618078 0.07650876 0.65783616
v 0.25987058 0.06936493 0.65464469
v 0.25372101 0.07020991 0.65774045
v 0.24934529 0.07493847 0.66321094
v 0.26521507 0.08518153 0.66499280
v 0.34100204 -0.25163681 0.20301760
v 0.35288106 -0.25040022 0.20134209
v 0.36282444 -0.24582833 0.20731190
v 0.29265079 0.17356169 0.71213151
v 0.29489079 0.18269664 0.71597058
v 0.29992926 0.17256280 0.70790174
v 0.28772554 0.18499009 0.72086414
v 0.29649952 0.19075586 0.71930412
v 0.30124724 0.18200651 0.71224158
v 0.34636070 -0.04196842 0.51520378
v 0.22654308 0.10604233 0.69548331
v 0.34700582 0.19536454 0.66646268
v 0.34072316 0.20233435 0.67024277
v 0.34548951 0.19603923 0.66377945
v 0.35179554 0.18912886 0.65999802
v 0.35281084 0.18853707 0.66265964
v 0.35013506 0.18980974 0.65729583
v 0.25615485 0.19281519 0.73980865
v 0.42968270 0.08614126 0.55916017
v 0.15579695 0.17031061 0.75727305
v 0.47079728 -0.01419961 0.46417709
v 0.47181164 -0.02246482 0.45607001
v 0.38407241 -0.23350403 0.22371912
v 0.37351410 -0.24027069 0.21460278
v 0.39148237 -0.23655037 0.21460732
v 0.38306353 -0.24135513 0.20843078
v 0.39150880 -0.22479355 0.23718265
v 0.39633928 -0.23013981 0.22493118
v 0.42258722 -0.23858197 0.19634313
v 0.40763126 -0.23864074 0.20338169
v 0.43245176 -0.23534285 0.19771093
v 0.21368008 0.26635263 0.79259153
v 0.21884576 0.26979377 0.79244830
v 0.25563301 -0.13312330 0.43957042
v 0.24080015 -0.12921303 0.44989278
v 0.24753878 -0.13384736 0.44117803
v 0.39494501 0.12851803 0.62199904
v 0.39130829 0.13105132 0.62664707
v 0.39095037 0.13507233 0.62684852
v 0.16132894 0.09532102 0.70714375
v 0.17071550 0.10037003 0.70849547
v 0.15270174 0.10006178 0.71247537
v 0.27340804 0.07368740 0.65270543
v 0.24956896 -0.13984583 0.43185755
v 0.42835256 -0.00458403 0.50971825
v 0.42665761 -0.01384930 0.50180924
v 0.42060402 -0.01375131 0.50565304
v 0.31878342 -0.02500796 0.54496773
v 0.25330712 -0.00582450 0.59001960
v 0.06890503 0.05487247 0.69275928
v 0.08378356 0.05836995 0.69398825
v 0.35893907 0.16750264 0.62371337
v 0.21678787 0.29273320 0.70765010
v 0.21560562 0.28507251 0.69666527
v 0.21942156 0.28727659 0.70180582
v 0.22592151 0.28637630 0.70439772
v 0.22291658 0.29360585 0.71244584
v 0.22301181 -0.23932368 0.26515409
v 0.23675569 0.06140192 0.65698205
v 0.22718288 0.05911400 0.65861253
v 0.09677269 -0.08801169 0.54784737
v 0.29756537 0.24532740 0.69545808
v 0.30807350 0.23864934 0.69544167
v 0.29995891 0.24574473 0.69863318
v 0.34293642 -0.23166458 0.24424803
v 0.35041037 -0.22585953 0.25274763
v 0.41208075 0.10279411 0.59754010
v 0.41303125 0.09642304 0.59478380
v 0.05184177 -0.05270665 0.59946040
v 0.35225490 -0.24383262 0.21567187
v 0.33946599 -0.24481353 0.21846773
v 0.34739785 -0.23785038 0.23002639
v 0.24961968 -0.15299535 0.41225647
v 0.24105705 -0.14918360 0.42073177
v 0.14594826 0.13721203 0.73875096
v 0.15489010 0.13693238 0.73679308
v 0.14906720 0.12779912 0.73203046
v 0.13537636 0.13818840 0.74128247
v 0.33571382 0.01101079 0.57280651
v 0.30324663 -0.18573577 0.34211856
v 0.42090043 0.09927309 0.58064644
v 0.41557794 0.10650622 0.58950183
v 0.30994002 0.21593873 0.72175369
v 0.25189585 0.13447583 0.70565192
v 0.26808152 0.28669977 0.73241281
v 0.26275575 0.28812103 0.73026323
v 0.26624659 0.28212481 0.72444447
v 0.35615038 -0.20253793 0.29294193
v 0.36867407 -0.21089436 0.27292761
v 0.35694837 -0.21073456 0.27814187
v 0.37420548 -0.18371639 0.31647778
v 0.36391649 -0.18248749 0.32312325
v 0.31569722 0.23702627 0.71169108
v 0.31521910 0.23744201 0.71414532
v 0.31449369 0.23775101 0.71642791
v 0.20256790 0.27422428 0.79883571
v 0.41052307 0.09358126 0.59620526
v 0.41604933 0.08626940 0.58771246
v 0.40688629 0.09282942 0.59906127
v 0.40728515 0.08396867 0.59381378
v 0.39305064 -0.19366141 0.29140898
v 0.39543186 -0.18571736 0.30320948
v 0.32137651 0.22925528 0.70159449
v 0.32252423 0.22745307 0.70365828
v 0.32766439 0.22085805 0.69567724
v 0.27115718 0.13674169 0.69935792
v 0.15477636 0.11056391 0.71927809
v 0.44301079 -0.10276114 0.39254511
v 0.44582833 -0.11079555 0.38062196
v 0.44186492 -0.08621780 0.41332425
v 0.33851509 0.09221327 0.63843503
v 0.34491713 0.09227902 0.63537650
v 0.34216538 0.08576765 0.63208221
v 0.33355163 0.09858972 0.64526640
v 0.34042886 0.10168778 0.64402544
v 0.33405598 0.10645510 0.65038785
v 0.35891093 -0.22255521 0.25560445
v 0.36809197 -0.21802733 0.26022824
v 0.37719770 -0.21893361 0.25453880
v 0.26276545 -0.17649188 0.37104572
v 0.26512473 -0.04959780 0.54015966
v 0.25617853 -0.04648710 0.54688740
v 0.26699109 -0.03748582 0.55251364
v 0.26005408 -0.05904156 0.53153381
v 0.27300766 -0.04914603 0.53774446
v 0.27518992 -0.04228435 0.54431953
v 0.25358775 -0.05616409 0.53712637
v 0.25580548 -0.03741941 0.55680162
v 0.24773295 -0.05257086 0.54330011
v 0.40957955 0.11557196 0.59611615
v 0.41435871 0.10913669 0.58811568
v 0.26809527 0.29649019 0.77675374
v 0.46731188 -0.05359035 0.43090087
v 0.47221961 -0.05467829 0.42510859
v 0.46990756 -0.06131397 0.42038712
v 0.46426168 -0.04625982 0.44129022
v 0.46217544 -0.05375584 0.43517344
v 0.46501395 -0.06079247 0.42524172
v 0.33126649 -0.25021530 0.20972298
v 0.37568832 -0.01037877 0.53375520
v 0.36067738 -0.21640026 0.26636133
v 0.37542218 -0.21373826 0.26491600
v 0.31883914 0.04356107 0.60912866
v 0.32707857 0.04355214 0.60556487
v 0.32192753 0.03453595 0.60003438
v 0.31355704 0.03433058 0.60340582
v 0.14524799 0.09586721 0.71115818
v 0.28523706 0.25053459 0.69297984
v 0.28422612 0.25545684 0.69963156
v 0.27832282 0.25798847 0.69878223
v 0.29204214 0.24815976 0.69493729
v 0.30913840 -0.02951632 0.54433721
v 0.30380206 -0.02297034 0.55325561
v 0.31305532 -0.01955610 0.55291620
v 0.29858159 -0.03300292 0.54499058
v 0.30433498 -0.03993419 0.53536742
v 0.30819491 -0.01407214 0.56045358
v 0.31601579 -0.01016756 0.56104764
v 0.29404934 -0.02550501 0.55458182
v 0.29933390 -0.01540567 0.56271555
v 0.25295680 -0.02883386 0.56690692
v 0.05464759 -0.03530338 0.61686328
v 0.31960907 0.23061621 0.70976310
v 0.28106519 -0.04831776 0.53552678
v 0.10524208 -0.00823343 0.63504106
v 0.21387366 -0.03027898 0.57938388
v 0.21269763 -0.02018088 0.59033397
v 0.23469380 0.23681676 0.77213114
v 0.06058743 0.00468012 0.65332584
v 0.05807404 0.02229954 0.66837723
v 0.35690633 0.14011834 0.65814223
v 0.36242216 0.13939490 0.65418958
v 0.40720277 0.05974944 0.57788554
v 0.40858159 0.04952999 0.56923726
v 0.40466161 0.06864137 0.58590811
v 0.40987488 0.06546246 0.58013198
v 0.41234276 0.05552872 0.57133917
v 0.40299359 0.06320933 0.58316452
v 0.30638497 0.22703941 0.72809105
v 0.26011634 0.28001445 0.71718486
v 0.25169496 0.28390679 0.71694701
v 0.26790476 0.27530134 0.71607908
v 0.26256584 0.28185800 0.72141546
v 0.25876468 0.13680323 0.70450699
v 0.26419295 0.14320897 0.70646398
v 0.25569890 0.14373908 0.71021206
v 0.26089039 -0.17034749 0.38154753
v 0.21985981 0.02990856 0.63590476
v 0.22791178 0.02865056 0.63185347
v 0.21888001 0.03781889 0.64333188
v 0.24503872 0.18247189 0.73821954
v 0.24027402 0.17604134 0.73616593
v 0.23917271 0.18523557 0.74205511
v 0.24507487 0.19061696 0.74296843
v 0.23329420 0.17922315 0.74062522
v 0.37805931 0.07487267 0.60606670
v 0.38331433 0.06780098 0.59796597
v 0.38245080 0.05766520 0.59061633
v 0.38818939 0.07026166 0.59710769
v 0.38932822 0.06103145 0.58951185
v 0.38403253 0.07810604 0.60507657
v 0.27845363 0.23924920 0.67136637
v 0.34537899 0.11919768 0.65291223
v 0.34036937 0.11912274 0.65547409
v 0.33766460 0.11209532 0.65232634
v 0.23057652 -0.15658404 0.41276355
v 0.22626339 -0.15055251 0.42329828
v 0.23635360 -0.14026062 0.43546324
v 0.39379751 0.06821077 0.59233711
v 0.09331618 -0.11895397 0.50792797
v 0.08427466 -0.12040053 0.50797188
v 0.38212957 0.08745180 0.61261460
v 0.39652238 0.11127960 0.61639377
v 0.39335666 0.12016271 0.62243715
v 0.50429825 -0.18968431 0.22644500
v 0.50817614 -0.19237239 0.21862858
v 0.21188739 -0.15335237 0.42346366
v 0.21073260 0.27461178 0.79675985
v 0.21082809 0.28422297 0.80039475
v 0.21805621 0.27828281 0.79597986
v 0.21780519 0.28777204 0.79941995
v 0.17331460 0.21697135 0.77942156
v 0.17804998 0.20921600 0.77423835
v 0.24847733 0.14235409 0.71211498
v 0.24291635 0.13538038 0.70963472
v 0.37452911 -0.17533877 0.32964348
v 0.21776522 -0.16061041 0.41037512
v 0.20390300 -0.16182492 0.41264590
v 0.32511891 -0.23998221 0.23379358
v 0.32826991 -0.24552761 0.22097437
v 0.33602965 -0.23916480 0.23162546
v 0.33237742 -0.23450466 0.24250571
v 0.44304100 -0.12874169 0.35929028
v 0.43686799 -0.12776502 0.36451934
v 0.44124345 -0.12008096 0.37177229
v 0.43655357 -0.13600381 0.35366725
v 0.43364374 -0.12161432 0.37457937
v 0.42923460 -0.13208040 0.36338469
v 0.49075701 -0.14398501 0.30339874
v 0.48428619 -0.13178498 0.32498986
v 0.48856898 -0.12697803 0.32726802
v 0.49802618 -0.14582140 0.29424694
v 0.49489701 -0.14950946 0.29227845
v 0.33245715 0.21472390 0.68966603
v 0.32907371 0.21905135 0.69155079
v 0.47429723 -0.03236552 0.44418358
v 0.47445841 -0.04799806 0.42946421
v 0.47642839 -0.04175053 0.43302315
v 0.49798826 -0.09680901 0.35052638
v 0.49652639 -0.10173081 0.34776051
v 0.46225594 -0.19832352 0.24538275
v 0.40195700 -0.18874187 0.29512001
v 0.29312669 -0.04344799 0.53609754
v 0.30156212 0.02399835 0.59922852
v 0.41444770 0.04569431 0.56246190
v 0.41458542 0.06120589 0.57386616
v 0.32804756 0.21980408 0.68945246
v 0.33345954 0.21328930 0.68617817
v 0.50012237 -0.15091520 0.28542613
v 0.26667711 0.30631842 0.76441227
v 0.27057373 0.30235338 0.76454925
v 0.26348834 0.31029247 0.76921340
v 0.26025216 0.31305257 0.76852058
v 0.31738417 0.20919007 0.65471782
v 0.31057322 0.21445662 0.65738894
v 0.31250635 0.21597152 0.66134714
v 0.17239322 0.00129301 0.62539616
v 0.48030889 -0.03110425 0.43451456
v 0.48078459 -0.03849346 0.42905329
v 0.47853270 -0.03064857 0.43885025
v 0.30425818 0.22113154 0.66278503
v 0.29470990 0.22863308 0.66702713
v 0.40632275 -0.12846495 0.38141524
v 0.40180779 -0.13937142 0.36899670
v 0.31991303 -0.18450926 0.33803091
v 0.12647258 0.02666444 0.66198823
v 0.13764246 0.02588080 0.65861277
v 0.44652483 0.05462833 0.52232611
v 0.29075279 0.26697343 0.75094007
v 0.29536278 0.25938975 0.74507913
v 0.29333090 0.25919526 0.74766090
v 0.30753655 0.22241561 0.66739029
v 0.30378650 0.22785428 0.67286335
v 0.29967233 0.22836172 0.67033867
v 0.27656762 0.26235216 0.70389326
v 0.29066875 0.25308886 0.70153963
v 0.28202612 0.26024912 0.70509348
v 0.28474167 -0.02601038 0.55773792
v 0.29097220 -0.01904011 0.56241607
v 0.28646274 -0.03601796 0.54660915
v 0.08743907 -0.09270329 0.54423290
v 0.07782541 -0.09312555 0.54596128
v 0.08669749 -0.08625917 0.55257430
v 0.08197201 -0.09798256 0.53870414
v 0.08484512 -0.07845094 0.56269775
v 0.46761624 -0.19258383 0.25101231
v 0.39721606 0.10384897 0.61246005
v 0.40171590 0.10176560 0.60783307
v 0.39342435 0.10511804 0.61601541
v 0.39148588 0.11283752 0.62117029
v 0.40208929 0.09441271 0.60375840
v 0.32668126 0.00534212 0.57143660
v 0.27450827 0.26762967 0.71005840
v 0.26912693 0.27730051 0.71978454
v 0.38687575 0.12215016 0.62880082
v 0.39133038 0.11861658 0.62375445
v 0.23210471 0.05146294 0.65034694
v 0.20631341 0.13847464 0.72441418
v 0.30533437 0.16280694 0.69974836
v 0.31085233 0.16310086 0.69709415
v 0.31135532 0.15419674 0.69178917
v 0.26274210 0.30364165 0.75260045
v 0.32193073 0.14233024 0.67932448
v 0.19511008 0.17390957 0.74980611
v 0.25435506 0.06370579 0.65219572
v 0.24681625 0.06423428 0.65550534
v 0.45691586 0.01347064 0.50302156
v 0.45758163 0.02014442 0.50645374
v 0.04524630 0.04142641 0.68411472
v 0.04565959 0.04897232 0.68978584
v 0.05215789 0.03617343 0.67972887
v 0.03780600 0.03278681 0.67766206
v 0.05561926 0.04662313 0.68752129
v 0.05903435 0.03078130 0.67511043
v 0.43973079 0.06323501 0.55056260
v 0.24910323 0.09238468 0.67683731
v 0.15501693 -0.16908924 0.41483818
v 0.37801047 -0.06562935 0.47416044
v 0.51649569 -0.19587997 0.20479731
v 0.51058675 -0.19916959 0.20584485
v 0.50356459 -0.19812236 0.21416887
v 0.31834299 0.23095688 0.71311920
v 0.46817346 -0.08247169 0.39843326
v 0.46527013 -0.07509071 0.40921299
v 0.46035764 -0.07494780 0.41326342
v 0.45028182 -0.07342205 0.42243831
v 0.38724124 -0.00552976 0.53253868
v 0.42212485 -0.07036703 0.44451479
v 0.38829960 -0.11868610 0.40423245
v 0.21968609 -0.08406007 0.51632685
v 0.46742162 -0.22780695 0.19187624
v 0.47777496 -0.03556497 0.43646405
v 0.48006327 -0.04495942 0.42511331
v 0.47846904 -0.05065714 0.42218025
v 0.48021246 -0.05829472 0.41270473
v 0.47671845 -0.05683881 0.41819307
v 0.48201910 -0.05413882 0.41420776
v 0.22382979 0.27292997 0.79209453
v 0.22510151 0.27955904 0.79409665
v 0.46252236 -0.06797981 0.41940046
v 0.30648792 0.21400811 0.72368628
v 0.33813103 0.19490802 0.69136497
v 0.31878143 -0.19086481 0.32785684
v 0.32438079 0.14987677 0.68243164
v 0.31818017 0.15136540 0.68661502
v 0.32012810 0.15862657 0.68964167
v 0.38998160 -0.11065673 0.41377530
v 0.36710398 0.15696854 0.65638776
v 0.36420320 0.15546689 0.65888049
v 0.37331676 0.15026521 0.64894665
v 0.37720052 0.14256745 0.64367097
v 0.47046777 -0.07477117 0.40519647
v 0.18629606 0.17084946 0.75043980
v 0.18258109 0.21795663 0.77774265
v 0.42361259 -0.11595382 0.38802815
v 0.42168381 -0.14058026 0.35627207
v 0.42913800 -0.14276391 0.34889106
v 0.41533914 -0.13951131 0.36140672
v 0.42013478 -0.13221874 0.36857399
v 0.43662029 -0.14624093 0.33960248
v 0.42567548 -0.12332154 0.37717595
v 0.30873204 0.02522823 0.59736927
v 0.26605136 0.29709049 0.74583971
v 0.25699011 0.31638003 0.77982269
v 0.25716631 0.31473437 0.78206473
v 0.25113808 0.32174493 0.78200037
v 0.25501980 0.31871040 0.77864290
v 0.25922732 0.31473097 0.77414198
v 0.27008629 -0.21177391 0.30705237
v 0.26591844 -0.20453507 0.32169284
v 0.38455351 0.14319647 0.60870655
v 0.38476637 0.13998548 0.60253524
v 0.43916900 -0.15318212 0.32834834
v 0.30992857 -0.19074743 0.33123306
v 0.31394612 -0.19641622 0.32008434
v 0.44403561 -0.07682357 0.42288333
v 0.43900822 -0.07176322 0.43210331
v 0.43925658 -0.06185796 0.44310701
v 0.43832593 -0.08019006 0.42280147
v 0.34060600 0.17963593 0.68597337
v 0.40029061 -0.24175461 0.20038942
v 0.40099015 -0.23559797 0.21230676
v 0.09434074 -0.07106165 0.56934796
v 0.25742296 0.31165755 0.78529103
v 0.26292894 0.30522834 0.78122053
v 0.31326970 0.23743509 0.71999770
v 0.29932172 0.25292119 0.73988123
v 0.29792060 0.25179872 0.74163455
v 0.42819123 -0.02245454 0.49232251
v 0.46763473 -0.06786495 0.41531259
v 0.47188282 -0.06825676 0.41111584
v 0.10887748 -0.00017739 0.64204592
v 0.39351675 -0.01939582 0.51553863
v 0.28626427 0.24206942 0.68099053
v 0.28203216 0.24127998 0.67676664
v 0.29100643 0.23507749 0.67399168
v 0.09841836 -0.12228050 0.50200319
v 0.38800046 0.12588678 0.62916747
v 0.38346562 0.12948937 0.63431350
v 0.21313379 -0.24958438 0.24471999
v 0.22111480 -0.24552404 0.25207561
v 0.32900913 0.17922881 0.69427694
v 0.20041745 0.14418995 0.72985185
v 0.19174212 0.14647634 0.73383920
v 0.48982399 -0.11998582 0.33464140
v 0.49130947 -0.11154171 0.34305382
v 0.34915812 -0.20824521 0.28584319
v 0.00379961 -0.02367666 0.63066544
v 0.15368828 -0.20432705 0.35258748
v 0.47295578 -0.01727690 0.45832295
v 0.36379862 0.10652041 0.63517199
v 0.36120009 0.11487812 0.64173774
v 0.21209224 -0.01169874 0.59915151
v 0.24241395 -0.06095089 0.53574039
v 0.38983337 0.07622719 0.60042604
v 0.39951175 0.06974221 0.58999013
v 0.18687009 0.15324841 0.73943874
v 0.19194240 -0.25041560 0.24721704
v 0.21171191 -0.24428463 0.25705492
v 0.45631459 0.03647022 0.51295757
v 0.45764131 0.03088911 0.51054261
v 0.45791794 0.02579880 0.50872457
v 0.45515164 0.03338465 0.51638385
v 0.41654223 -0.12336684 0.38242397
v 0.38950752 0.12873369 0.62838362
v 0.38304961 0.13510697 0.63626474
v 0.14398059 0.18555324 0.76825492
v 0.47454786 -0.06353228 0.41356269
v 0.25680085 0.30650694 0.75154063
v 0.30893780 -0.17821144 0.35250191
v 0.31263153 -0.18299666 0.34327451
v 0.29578705 -0.12349655 0.43874875
v 0.39251909 -0.24197153 0.20323061
v 0.31102931 -0.00694779 0.56631857
v 0.39450665 -0.21204368 0.25921519
v 0.38795651 -0.21841674 0.25064797
v 0.39506415 -0.20691002 0.26801863
v 0.40347564 -0.20707720 0.26359238
v 0.47830214 -0.13364744 0.32766218
v 0.29562268 0.25138720 0.74413045
v 0.30019902 0.24387506 0.73798882
v 0.28688575 0.23496142 0.67085037
v 0.40631926 0.07571177 0.58945581
v 0.33696532 0.18750381 0.69119778
v 0.34058501 0.18493030 0.68738916
v 0.26351908 -0.02823915 0.56356618
v 0.25413191 -0.02004911 0.57553082
v 0.30541392 -0.00879984 0.56682437
v 0.22836895 -0.06417198 0.53697681
v 0.39821610 -0.01222516 0.52011616
v 0.39321490 -0.00899455 0.52600091
v 0.43161739 -0.01837625 0.49418703
v 0.43257458 -0.01025971 0.50149731
v 0.43768714 -0.00643388 0.50174343
v 0.36198679 0.14699782 0.65784769
v 0.36046378 0.15477533 0.66191949
v 0.26069932 0.30969031 0.78191226
v 0.26583339 0.30286555 0.77832394
v 0.38410694 -0.06120562 0.47603071
v 0.47549827 -0.02527571 0.44803139
v 0.44181020 -0.23278790 0.19766724
v 0.43386318 -0.15436881 0.32988831
v 0.43538163 0.07516040 0.55848553
v 0.52061557 -0.19447971 0.20232111
v 0.20363059 -0.24824975 0.24988566
v 0.34870705 0.08274874 0.62669032
v 0.35648675 0.07459859 0.61686470
v 0.05426863 0.05835871 0.69630584
v 0.40877171 -0.19764278 0.27699588
v 0.39995975 -0.20196872 0.27415730
v 0.43328269 -0.06767802 0.44052802
v 0.45144177 -0.23077241 0.19603657
v 0.21379210 -0.11531877 0.47799100
v 0.22381100 -0.11402227 0.47645598
v 0.46914373 -0.18644766 0.25956769
v 0.22483474 -0.07489087 0.52566748
v 0.22064144 -0.07150631 0.53113493
v 0.51527648 -0.20272399 0.19578607
v 0.13643881 0.03546592 0.66706655
v 0.38778942 -0.01479631 0.52319554
v 0.38196015 -0.01209496 0.52888729
v 0.41156191 -0.13436145 0.37053692
v 0.35065746 0.09142361 0.63196509
v 0.35586589 0.08632062 0.62575523
v 0.24963646 -0.01521542 0.58208193
v 0.24593619 -0.02412976 0.57438258
v 0.15508897 0.17813808 0.76198617
v 0.40049870 -0.19591203 0.28407182
v 0.40743662 -0.19126979 0.28825972
v 0.19158997 0.16361582 0.74456871
v 0.48658405 -0.05730822 0.40433665
v 0.48490668 -0.05793372 0.40659124
v 0.22930870 -0.13535933 0.44490070
v 0.38298726 -0.01952757 0.52098033
v 0.27771546 -0.03335497 0.55282714
v 0.08933739 -0.12392993 0.50191171
v 0.31515875 0.15889154 0.69249624
v 0.23806850 -0.12054231 0.46285016
f 477 482 481
f 3268 1738 3315
f 476 480 479
f 1162 1164 1163
f 2701 3259 2523
f 2117 1735 1736
f 2684 3268 3315
f 1355 912 1357
f 2358 2360 2359
f 2360 2688 2359
f 2518 2357 2356
f 727 734 730
f 2520 2523 2519
f 1734 1737 1738
f 3132 1008 2730
f 2173 2731 2729
f 725 727 726
f 1733 1736 1735
f 1355 1357 1356
f 1733 1737 1734
f 3050 3346 3247
f 476 479 478
f 729 3247 728
f 2172 3051 3050
f 477 478 482
f 2681 2688 2685
f 2518 2356 2520
f 1165 481 482
f 2681 2685 2684
f 1929 2357 2358
f 905 914 913
f 1671 1672 1163
f 2698 480 2701
f 1162 1165 1164
f 3250 3315 1738
f 2173 2729 2172
f 3134 2730 2731
f 1737 3250 1738
f 2698 479 480
f 1929 2356 2357
f 2684 3315 3269
f 2358 2359 1928
f 2686 2359 2688
f 1671 1163 1164
f 725 726 729
f 1733 1730 1737
f 2701 2523 2700
f 913 1008 1009
f 905 912 911
f 726 727 730
f 3250 3269 3315
f 1733 1735 1729
f 1757 734 2431
f 2681 2686 2688
f 1929 2358 1928
f 2681 2684 2683
f 2684 3269 2683
f 1757 730 734
f 2118 2185 1735
f 2698 2701 2700
f 1672 1673 2431
f 2686 1928 2359
f 1733 1729 1730
f 3132 2730 3134
f 2520 2521 2523
f 1732 3250 1737
f 2520 2356 2522
f 1732 1737 1730
f 478 483 482
f 478 479 484
f 1671 1673 1672
f 3250 3251 3269
f 3132 1009 1008
f 1735 2185 1729
f 2051 3050 3247
f 1165 482 3167
f 2698 2699 479
f 2700 2523 2521
f 1929 1425 2356
f 1732 3251 3250
f 2172 3050 2051
f 1164 1165 20
f 2681 2687 2686
f 2520 2522 2521
f 2681 2683 2682
f 2898 2683 3269
f 1424 1929 1928
f 478 484 483
f 1671 1164 23
f 1727 1730 1729
f 2699 484 479
f 1425 2522 2356
f 2898 3269 3251
f 1727 1732 1730
f 2686 869 1928
f 483 3167 482
f 729 2055 3247
f 1967 1729 2185
f 2681 2682 2687
f 2698 2700 2208
f 2173 2174 2731
f 1424 1425 1929
f 1757 2431 1756
f 2431 1673 1756
f 2898 2682 2683
f 1732 2623 3251
f 1164 20 23
f 726 731 729
f 1165 3167 21
f 2698 2208 2699
f 3134 2731 2174
f 2686 2687 869
f 1165 21 20
f 2170 2173 2172
f 1727 1729 1728
f 1424 1928 869
f 1728 1729 1967
f 726 730 733
f 2334 2185 2184
f 2898 3251 2623
f 2700 2521 2207
f 2051 3247 2055
f 2334 1967 2185
f 1727 1731 1732
f 1757 733 730
f 1732 1731 2623
f 2489 2521 2522
f 1671 24 1673
f 2208 2700 2207
f 1671 23 24
f 2699 2702 484
f 1425 1426 2522
f 729 731 2055
f 483 484 2579
f 913 1009 915
f 905 913 915
f 2711 2682 2898
f 3131 3132 3134
f 2709 2687 2682
f 1727 1728 1366
f 483 2578 3167
f 2052 2172 2051
f 2334 2184 500
f 1727 1366 1731
f 1728 1967 1368
f 869 2687 871
f 2334 1368 1967
f 737 2898 2623
f 2699 2208 2702
f 1421 1425 1424
f 2489 2522 1426
f 2521 2065 2207
f 870 1424 869
f 2489 2065 2521
f 484 2702 2579
f 2709 2682 2711
f 2709 871 2687
f 2170 2174 2173
f 2052 2170 2172
f 737 2711 2898
f 16 23 20
f 736 2623 1731
f 483 2579 2578
f 1365 1366 1728
f 1755 1756 1673
f 1365 1728 1368
f 1357 912 916
f 1421 1426 1425
f 19 21 3167
f 736 737 2623
f 15 20 21
f 1751 1757 1756
f 868 869 871
f 1421 1424 870
f 495 2334 500
f 1367 1731 1366
f 726 732 731
f 495 1368 2334
f 905 906 912
f 3131 3134 2174
f 1755 1673 24
f 16 24 23
f 19 3167 2578
f 868 870 869
f 726 733 732
f 3133 1009 3132
f 1788 2208 2207
f 736 1731 1367
f 1751 733 1757
f 701 1366 1365
f 15 16 20
f 700 1365 1368
f 2050 2051 2055
f 2208 1789 2702
f 1912 2489 1426
f 2708 2709 2711
f 2709 867 871
f 494 495 500
f 1788 2207 2065
f 701 1367 1366
f 737 735 2711
f 1357 2909 1356
f 3131 3133 3132
f 1912 2065 2489
f 700 1368 495
f 15 21 19
f 2055 731 2747
f 715 737 736
f 1421 1422 1426
f 868 871 867
f 2577 2579 2702
f 701 1365 700
f 2050 2052 2051
f 1751 1756 1755
f 1788 1789 2208
f 2708 2711 735
f 2576 2578 2579
f 2708 867 2709
f 868 864 870
f 715 735 737
f 1421 870 1427
f 736 1367 699
f 1422 1912 1426
f 668 1356 1568
f 701 698 1367
f 493 495 494
f 16 22 24
f 715 736 699
f 2576 19 2578
f 906 916 912
f 2577 2702 1789
f 700 495 1244
f 667 669 671
f 2747 731 732
f 1427 870 864
f 863 868 867
f 493 494 496
f 2064 1788 2065
f 699 1367 698
f 863 864 868
f 2064 2065 1912
f 1421 1423 1422
f 694 701 700
f 1755 24 2627
f 2576 2579 2577
f 667 668 670
f 495 499 1244
f 493 499 495
f 1421 1427 1423
f 694 698 701
f 2708 735 739
f 715 716 735
f 702 700 1244
f 3135 915 1009
f 2708 2710 867
f 2170 2171 2174
f 2052 2171 2170
f 15 17 16
f 2054 2055 2747
f 2627 24 22
f 714 715 699
f 694 700 702
f 2050 2055 2054
f 15 19 18
f 1749 733 1751
f 1422 1430 1912
f 1749 732 733
f 3131 2174 2901
f 863 867 866
f 716 739 735
f 493 496 497
f 714 716 715
f 1427 864 865
f 863 865 864
f 695 699 698
f 3133 3135 1009
f 2708 739 2710
f 1244 499 1243
f 2064 1787 1788
f 1786 1789 1788
f 16 17 22
f 702 1244 1243
f 1423 1430 1422
f 695 698 694
f 866 867 2710
f 1357 916 2909
f 1751 1755 1754
f 493 498 499
f 2576 2530 19
f 2064 1912 1468
f 2577 1789 1790
f 2050 2053 2052
f 714 699 697
f 863 866 865
f 3131 2901 3133
f 1786 1788 1787
f 493 497 498
f 1423 1427 1429
f 498 1243 499
f 695 697 699
f 1430 1468 1912
f 694 702 690
f 15 18 17
f 1755 2627 1754
f 905 915 909
f 716 738 739
f 2576 2577 2574
f 714 717 716
f 18 19 2530
f 1427 865 1429
f 702 1243 690
f 2612 2747 732
f 1786 1790 1789
f 739 2717 2710
f 692 695 694
f 716 717 738
f 714 697 717
f 1782 497 1783
f 2052 2053 2171
f 1356 2909 1568
f 2064 1793 1787
f 1423 1428 1430
f 739 738 2717
f 692 694 690
f 2577 1790 2574
f 498 691 1243
f 865 866 1571
f 866 2710 2450
f 445 2627 22
f 690 1243 691
f 2064 1468 1793
f 1423 1429 1428
f 498 497 1784
f 2572 2530 2576
f 2054 2747 2612
f 904 906 905
f 17 445 22
f 2572 2576 2574
f 1786 1787 1793
f 695 696 697
f 2659 1628 3258
f 2717 2450 2710
f 1782 1784 497
f 738 717 2718
f 697 988 717
f 1571 866 2450
f 692 696 695
f 1429 865 1569
f 2050 2054 1321
f 738 2718 2717
f 2171 2176 2174
f 2076 691 498
f 1461 1468 1430
f 1749 1751 1750
f 1749 1752 732
f 685 690 691
f 2176 2901 2174
f 865 1571 1569
f 1751 1754 1750
f 2076 498 1784
f 2050 1321 2053
f 686 692 690
f 2625 1754 2627
f 1461 1430 1428
f 696 988 697
f 988 2718 717
f 18 2530 2528
f 1786 1791 1790
f 685 686 690
f 17 18 444
f 1752 2612 732
f 445 2625 2627
f 909 915 3135
f 1468 1466 1793
f 1429 1570 1428
f 1782 1785 1784
f 685 691 689
f 2574 1790 3068
f 1571 2450 2449
f 2076 689 691
f 1786 1793 1792
f 692 693 696
f 3219 2450 2717
f 1429 1569 1570
f 668 1568 670
f 3219 2717 2718
f 1461 1466 1468
f 686 693 692
f 2572 2575 2530
f 1571 2449 1569
f 2076 1784 2078
f 1782 855 1785
f 684 686 685
f 2572 2574 2573
f 444 18 2528
f 904 905 909
f 17 446 445
f 3133 2901 1836
f 1786 1792 1791
f 984 988 696
f 1791 3068 1790
f 684 685 689
f 3133 1836 3135
f 1461 1428 1467
f 2530 2575 2528
f 2078 1784 1785
f 1428 1570 1467
f 986 2718 988
f 1320 2054 2612
f 2076 2077 689
f 3220 2449 2450
f 17 444 446
f 2573 2574 3068
f 2171 2053 1322
f 684 687 686
f 696 693 985
f 3219 3220 2450
f 2619 1793 1466
f 686 687 693
f 3219 2718 986
f 2076 2078 2077
f 984 986 988
f 984 696 985
f 2625 1758 1754
f 906 910 916
f 667 670 669
f 2572 2573 2575
f 1320 1321 2054
f 684 689 688
f 87 1569 2449
f 1461 1465 1466
f 2619 1792 1793
f 855 2979 1785
f 1749 1753 1752
f 688 689 2077
f 1749 1750 1753
f 88 1570 1569
f 1750 1754 1758
f 2078 1785 3070
f 1461 1467 1460
f 684 688 687
f 2053 1321 1322
f 445 2626 2625
f 1469 1467 1570
f 3220 87 2449
f 855 856 2841
f 3070 1785 2979
f 1861 693 687
f 2619 1466 1465
f 916 2525 2909
f 1861 985 693
f 855 2841 2979
f 3069 2077 2078
f 88 1569 87
f 3067 3068 1791
f 1780 3219 986
f 3067 1791 1792
f 445 446 2626
f 1459 1465 1461
f 3069 2078 3070
f 984 987 986
f 2022 3220 3219
f 984 985 987
f 1459 1461 1460
f 444 2528 2527
f 1460 1467 1469
f 2527 2528 2575
f 88 1469 1570
f 1855 2841 856
f 1752 1982 2612
f 2556 688 2077
f 1860 687 688
f 1835 2901 2176
f 2022 3219 1780
f 2626 1758 2625
f 2573 3068 3057
f 2911 3070 2979
f 3069 2556 2077
f 1861 1862 985
f 1861 687 1860
f 2171 2175 2176
f 2727 2575 2573
f 91 87 3220
f 2841 2911 2979
f 1320 2612 1982
f 2619 2620 1792
f 2619 1465 1462
f 987 985 1862
f 904 910 906
f 444 2529 446
f 1835 1836 2901
f 1777 1780 986
f 3069 3070 3071
f 2022 91 3220
f 1777 986 987
f 1860 688 2556
f 1855 2842 2841
f 1459 1462 1465
f 2171 1322 2175
f 3067 3057 3068
f 2911 3071 3070
f 3067 1792 2620
f 1460 1469 1464
f 86 88 87
f 909 3135 3233
f 2727 2527 2575
f 444 2527 2529
f 1459 1460 1464
f 3069 3072 2556
f 88 2320 1469
f 1856 1862 1861
f 1855 1101 2842
f 2910 2911 2841
f 2727 2573 3057
f 3069 3071 3072
f 1750 1758 1372
f 1856 1861 1860
f 1836 3233 3135
f 86 87 91
f 1753 1979 1752
f 2910 2841 2842
f 2022 1780 1781
f 910 2525 916
f 1315 1321 1320
f 1857 987 1862
f 2618 2619 1462
f 2626 446 2650
f 1777 1781 1780
f 1315 1322 1321
f 1750 1370 1753
f 2618 2620 2619
f 1464 1469 2320
f 2553 1860 2556
f 2911 2912 3071
f 1777 987 1778
f 2020 91 2022
f 86 93 88
f 93 2320 88
f 1856 1857 1862
f 1752 1979 1982
f 2556 3072 2555
f 2529 2650 446
f 1459 1463 1462
f 2910 2912 2911
f 1857 1778 987
f 1101 2843 2842
f 2020 2022 1781
f 3071 2905 3072
f 1459 1464 1463
f 2553 2556 2555
f 2910 2842 2843
f 86 91 90
f 2626 1374 1758
f 1856 1860 1859
f 3067 2620 3046
f 3071 2912 2905
f 1750 1372 1370
f 2020 90 91
f 2905 2555 3072
f 2618 1462 1463
f 2553 1859 1860
f 2526 1568 2909
f 3067 3047 3057
f 1777 1779 1781
f 1856 1858 1857
f 1101 1102 2843
f 1320 1982 1319
f 1777 1778 1779
f 1464 2320 2960
f 2910 1474 2912
f 86 92 93
f 2722 2527 2727
f 1374 1372 1758
f 2910 2843 1473
f 2529 2527 2723
f 1753 1370 1979
f 93 94 2320
f 2626 2650 2649
f 1856 1859 1858
f 2618 2622 2620
f 2727 3057 2728
f 1857 1863 1778
f 86 90 89
f 3067 3046 3047
f 2910 1473 1474
f 2020 1781 2023
f 2553 2555 2554
f 1835 2176 1837
f 2558 2555 2905
f 1475 2905 2912
f 1315 1320 1319
f 86 89 92
f 1464 3027 1463
f 2622 3046 2620
f 94 2960 2320
f 1858 1863 1857
f 1474 1475 2912
f 2626 2649 1374
f 92 94 93
f 2553 2554 1859
f 2864 2843 1102
f 1464 2960 3027
f 2175 1837 2176
f 1779 2023 1781
f 2020 2021 90
f 2525 2526 2909
f 1778 1863 1779
f 2529 2812 2650
f 2554 2555 2558
f 1473 2843 2864
f 2722 2723 2527
f 2558 2905 2906
f 1834 1836 1835
f 2618 1463 2621
f 904 909 908
f 3057 3047 2728
f 2906 2905 1475
f 1322 1317 2175
f 1858 1859 1864
f 2020 2023 2021
f 2021 89 90
f 2722 2727 2728
f 1470 1474 1473
f 2866 1102 854
f 1315 1317 1322
f 1858 1864 1863
f 2529 2723 2812
f 2618 2621 2622
f 1470 1475 1474
f 2864 1102 2866
f 1838 3233 1836
f 1473 2864 1476
f 2554 2558 2557
f 94 955 2960
f 2811 2649 2650
f 2554 2559 1859
f 92 89 95
f 92 95 94
f 2558 2906 2557
f 1470 1473 1476
f 1779 1863 3225
f 955 3027 2960
f 474 909 3233
f 1318 1982 1979
f 2906 1475 2957
f 1463 3027 1692
f 1864 1859 14
f 1779 3224 2023
f 2811 2650 2812
f 1369 1370 1372
f 672 2659 671
f 3283 2866 854
f 2021 2134 89
f 1369 1372 1374
f 3283 854 853
f 2914 3047 3046
f 2622 2914 3046
f 1463 1692 2621
f 1470 1471 1475
f 2559 14 1859
f 1318 1319 1982
f 669 672 671
f 12 1863 1864
f 2906 2957 2557
f 2863 2864 2866
f 2554 2557 2560
f 2021 2023 2920
f 2863 1476 2864
f 1779 3225 3224
f 1977 1979 1370
f 2134 95 89
f 2554 2560 2559
f 1471 2957 1475
f 1834 1838 1836
f 954 955 94
f 954 94 95
f 1470 1476 1472
f 10 3225 1863
f 2913 2622 2621
f 1834 1835 1837
f 3283 2865 2866
f 904 907 910
f 3231 3283 853
f 2920 2023 3224
f 12 1864 14
f 1314 1315 1319
f 2649 2015 1374
f 10 1863 12
f 2863 2866 2865
f 1693 3027 955
f 2021 2133 2134
f 1470 1472 1471
f 2722 2728 2725
f 3231 853 2352
f 2981 2557 2957
f 2812 2723 2726
f 2719 2723 2722
f 2863 1472 1476
f 3047 3048 2728
f 2021 2920 2133
f 2913 2914 2622
f 1693 1692 3027
f 2811 2015 2649
f 2560 2557 2930
f 2559 2560 3257
f 1471 2958 2957
f 3224 3225 3193
f 908 909 474
f 3231 3232 3283
f 3283 3232 2865
f 2132 95 2134
f 2559 13 14
f 10 3193 3225
f 2981 2930 2557
f 2914 3048 3047
f 2958 2981 2957
f 1977 1318 1979
f 2870 3231 2352
f 954 956 955
f 2811 2812 2813
f 2863 2865 2868
f 3 12 14
f 3257 2560 2930
f 2559 3257 13
f 2132 2134 2133
f 1471 1472 2959
f 2719 2722 2725
f 1317 429 2175
f 2175 429 1837
f 1691 2621 1692
f 2920 3224 3281
f 2719 2726 2723
f 1369 1374 1373
f 1693 955 956
f 2870 2352 2353
f 2870 3232 3231
f 2863 2867 1472
f 1471 2959 2958
f 954 95 957
f 2913 2621 1691
f 3232 2868 2865
f 1314 1319 1318
f 4 10 12
f 2728 3343 2725
f 3 14 13
f 1313 1317 1315
f 1369 1371 1370
f 2812 2726 2813
f 3115 3224 3193
f 1373 1374 2015
f 2863 2868 2867
f 3002 670 1568
f 2920 3280 2133
f 2407 2525 910
f 2958 2929 2981
f 2132 957 95
f 3048 3343 2728
f 1977 1370 1371
f 11 3193 10
f 2981 2929 2930
f 4 12 3
f 3281 3224 3115
f 2811 2813 2015
f 1313 1315 1314
f 2920 3281 3280
f 1543 1692 1693
f 2870 1397 3232
f 904 908 907
f 3257 2930 2928
f 1396 2870 2353
f 1838 475 3233
f 954 957 956
f 3286 2959 1472
f 3257 2928 13
f 2913 2410 2914
f 2132 2133 2135
f 2958 2959 2982
f 3286 1472 2867
f 4 11 10
f 2958 2982 2929
f 3232 1398 2868
f 11 3115 3193
f 2133 3280 2135
f 1396 1397 2870
f 1396 2353 2869
f 1543 1691 1692
f 1397 1398 3232
f 3 13 7
f 2631 2867 2868
f 1693 956 1545
f 474 3233 475
f 1943 2930 2929
f 2914 2884 3048
f 1943 2928 2930
f 2913 1691 2410
f 1902 13 2928
f 2631 2868 1398
f 2068 2982 2959
f 2719 2725 2721
f 2982 2067 2929
f 7 13 1902
f 1543 1693 1545
f 2719 2724 2726
f 2132 2135 1045
f 2 4 3
f 3286 2068 2959
f 2132 1045 957
f 3343 2721 2725
f 3281 3115 1579
f 2914 2410 2884
f 3281 1579 3280
f 1395 1397 1396
f 1369 1373 1375
f 957 1547 956
f 2726 2724 2813
f 3286 2867 2632
f 2 3 7
f 1395 1398 1397
f 1396 2869 1399
f 4 5 11
f 2631 2632 2867
f 1578 3115 11
f 2526 3002 1568
f 2068 2067 2982
f 1977 1978 1318
f 956 1547 1545
f 1947 2929 2067
f 1943 2929 1947
f 1834 1837 1840
f 1043 2135 3280
f 1369 1375 1371
f 1834 1839 1838
f 2407 2526 2525
f 2869 2871 1399
f 1395 1396 1399
f 2 5 4
f 3048 2875 3343
f 3285 2068 3286
f 1403 2631 1398
f 2813 2014 2015
f 1578 1579 3115
f 1943 1944 2928
f 1944 1902 2928
f 3285 3286 2632
f 2010 1373 2015
f 7 1902 6
f 5 1578 11
f 1045 2135 1043
f 1579 1043 3280
f 1395 1400 1398
f 1977 1371 1978
f 1314 1318 1316
f 2066 2067 2068
f 2871 2289 3311
f 1403 2632 2631
f 2 7 6
f 2066 1947 2067
f 2884 2876 3048
f 2407 910 907
f 957 1546 1547
f 1317 430 429
f 1543 1544 1691
f 1400 1403 1398
f 957 1045 1046
f 1540 1543 1545
f 1695 2410 1691
f 1313 430 1317
f 2719 2721 2720
f 1942 1943 1947
f 669 670 673
f 2719 2720 2724
f 3343 2875 2721
f 1399 2871 2759
f 1944 6 1902
f 428 1837 429
f 3285 3287 2068
f 1395 1399 1401
f 3323 2813 2724
f 3048 2876 2875
f 2871 3311 2759
f 1313 1314 1316
f 1942 1944 1943
f 1395 1401 1400
f 957 1046 1546
f 2066 2068 2069
f 2009 1375 1373
f 2010 2015 2014
f 1838 1839 475
f 2066 1946 1947
f 3285 2632 3288
f 1891 2884 2410
f 1041 1045 1043
f 1403 2630 2632
f 1542 1545 1547
f 2 6 8
f 2068 3287 2069
f 2 9 5
f 2288 3322 3311
f 1540 1544 1543
f 3323 2014 2813
f 1942 1947 1946
f 1574 1579 1578
f 1573 1578 5
f 1399 2759 2423
f 1544 1695 1691
f 1400 1402 1403
f 1579 1048 1043
f 3285 3288 3287
f 1041 1046 1045
f 1401 1399 2423
f 2009 1373 2010
f 3288 2632 2630
f 1540 1545 1542
f 2066 2069 1946
f 1834 1840 1839
f 1400 1401 1402
f 1542 1547 1546
f 2759 3311 2758
f 2 8 9
f 908 474 470
f 1695 1891 2410
f 2874 2876 2884
f 1840 1837 428
f 1944 2932 6
f 2242 2630 1403
f 3322 2758 3311
f 1942 1948 1944
f 1402 2242 1403
f 1573 5 9
f 1574 1048 1579
f 1573 1574 1578
f 2069 3287 3320
f 2874 2884 1891
f 2932 8 6
f 3288 3320 3287
f 1041 1043 1042
f 2012 1371 1375
f 1978 1980 1318
f 2756 2423 2759
f 1942 1946 1945
f 2721 2875 3348
f 1042 1043 1048
f 2756 2759 2758
f 1401 2423 2422
f 472 474 475
f 2721 3348 2720
f 1946 2069 2941
f 2724 2720 3324
f 3323 2724 3324
f 2458 2046 3322
f 1401 2239 1402
f 3288 2630 2241
f 1046 1305 1546
f 1540 1541 1544
f 1942 1945 1948
f 1944 1948 2931
f 3322 2047 2758
f 2242 2241 2630
f 1318 1980 1316
f 1944 2931 2932
f 9 8 873
f 1041 1044 1046
f 1540 1542 1541
f 1978 1371 1981
f 3338 2069 3320
f 2009 2012 1375
f 2756 2422 2423
f 2240 2242 1402
f 1401 2422 2239
f 2778 2875 2876
f 2932 873 8
f 3288 3319 3320
f 1542 1546 1305
f 3322 2046 2047
f 1946 2941 1945
f 3338 2941 2069
f 2756 2758 2757
f 1573 9 872
f 425 429 430
f 2778 2876 2874
f 2240 1402 2239
f 2047 2757 2758
f 1041 1042 1044
f 3288 2241 3319
f 2240 2241 2242
f 1544 1694 1695
f 2010 2014 2013
f 425 428 429
f 1042 1048 1047
f 1572 1574 1573
f 2009 2010 2011
f 1046 1044 1305
f 3338 3320 3319
f 1574 1577 1048
f 3323 1743 2014
f 1313 1316 431
f 1313 431 430
f 1945 2670 1948
f 350 9 873
f 1890 2874 1891
f 1883 1891 1695
f 472 470 474
f 2670 2931 1948
f 2756 1161 2422
f 2043 2046 3181
f 2756 2757 2760
f 2012 1981 1371
f 350 872 9
f 2042 2047 2046
f 1541 1549 1544
f 1572 1573 872
f 349 873 2932
f 1158 2239 2422
f 1577 1047 1048
f 1945 2941 2942
f 2044 2757 2047
f 3066 2932 2931
f 3338 3092 2941
f 2756 2760 1161
f 2042 2046 2043
f 2238 2240 2239
f 1542 1548 1541
f 2875 2319 3348
f 3323 3324 1743
f 1572 1577 1574
f 2292 2720 3348
f 2292 3324 2720
f 3338 3319 3339
f 2778 2874 1890
f 2043 3181 1949
f 1158 2422 1161
f 2241 2466 3319
f 2240 2035 2241
f 2009 2011 2012
f 908 471 907
f 1945 2669 2670
f 1544 1549 1694
f 2778 2319 2875
f 2042 2044 2047
f 2044 2760 2757
f 1042 1047 921
f 1042 921 1044
f 1883 1695 1694
f 350 873 349
f 2010 2013 2011
f 1542 1305 1306
f 2238 2239 1158
f 3066 349 2932
f 1883 1890 1891
f 2942 2941 3092
f 1945 2942 2669
f 3338 3339 3092
f 1743 2013 2014
f 1978 1981 1980
f 2670 2671 2931
f 1303 1305 1044
f 2241 2035 2466
f 2238 2035 2240
f 605 2042 2043
f 3066 2931 2671
f 350 346 872
f 921 1047 1577
f 3319 2156 3339
f 605 2043 1949
f 1541 1548 1549
f 468 475 1839
f 1572 872 346
f 1160 1161 2760
f 1542 1306 1548
f 3319 2466 2156
f 2044 1160 2760
f 2667 2670 2669
f 603 2044 2042
f 3002 673 670
f 1155 1158 1161
f 2667 2671 2670
f 908 470 471
f 655 596 1949
f 605 603 2042
f 3092 3339 1552
f 2238 1158 1156
f 1840 428 426
f 1303 1304 1305
f 1551 2942 3092
f 1572 1575 1577
f 1155 1161 1160
f 343 350 349
f 1303 1044 922
f 2668 2669 2942
f 922 1044 921
f 1888 2778 1890
f 599 605 1949
f 2238 2034 2035
f 2156 1552 3339
f 1304 1306 1305
f 2045 1160 2044
f 472 475 468
f 603 2045 2044
f 1155 1156 1158
f 348 349 3066
f 595 596 655
f 343 346 350
f 599 1949 596
f 2667 2669 2668
f 1024 2466 2035
f 1694 1549 2409
f 2407 2405 2526
f 1551 3092 1552
f 1840 1983 1839
f 2238 1156 2034
f 1743 3324 1741
f 1024 2156 2466
f 2292 3348 2293
f 1572 346 1576
f 2293 3348 2319
f 2831 3066 2671
f 1741 3324 2292
f 602 603 605
f 1551 2668 2942
f 920 921 1577
f 1884 1890 1883
f 1316 1980 1075
f 1883 1694 1887
f 2539 2012 2011
f 1572 1576 1575
f 602 605 599
f 1316 1075 431
f 2318 2319 2778
f 2667 1223 2671
f 343 349 348
f 425 430 72
f 1770 1549 1548
f 1155 1160 1159
f 1303 922 1304
f 920 1577 1575
f 1023 2035 2034
f 348 3066 2831
f 1026 1552 2156
f 424 428 425
f 593 596 595
f 2045 3091 1160
f 593 599 596
f 1884 1888 1890
f 1023 1024 2035
f 2318 2778 1888
f 1743 1744 2013
f 1694 2409 1887
f 72 430 431
f 603 604 2045
f 2667 2668 1223
f 1026 2156 1024
f 2013 2540 2011
f 2831 2671 1223
f 1155 1157 1156
f 602 604 603
f 1550 1551 1552
f 917 922 921
f 2409 1549 1770
f 1156 1405 2034
f 343 347 346
f 1160 3091 1159
f 346 347 1576
f 594 595 652
f 1769 1548 1306
f 2012 2031 1981
f 602 599 601
f 2407 907 2368
f 1155 1159 1157
f 2405 3002 2526
f 593 595 594
f 1551 1394 2668
f 917 921 920
f 1550 1552 1026
f 1882 1884 1883
f 593 597 599
f 2045 604 3091
f 1882 1883 1887
f 1023 2034 1405
f 1304 1307 1306
f 1157 1405 1156
f 594 652 651
f 597 601 599
f 602 601 604
f 1550 1394 1551
f 424 426 428
f 1576 1657 1575
f 1840 426 1983
f 1981 2032 1980
f 1769 1770 1548
f 1025 1026 1024
f 1304 922 1308
f 2539 2011 2540
f 343 348 345
f 352 348 2831
f 1021 1024 1023
f 2668 1215 1223
f 1657 920 1575
f 2539 2031 2012
f 593 594 598
f 1744 2540 2013
f 593 598 597
f 1768 2292 2293
f 2831 1223 1224
f 2315 2293 2319
f 1768 1741 2292
f 3091 2351 1159
f 2668 1394 1215
f 1739 1743 1741
f 1983 468 1839
f 1769 1306 1307
f 3091 604 3136
f 594 651 654
f 2315 2319 2318
f 354 1576 347
f 1157 1159 2351
f 1021 1025 1024
f 343 344 347
f 466 470 472
f 1884 1889 1888
f 1550 1026 1027
f 1739 1744 1743
f 1022 1023 1405
f 2409 3282 1887
f 917 918 922
f 1304 1308 1307
f 2409 1770 3282
f 2318 1888 1889
f 352 2831 1224
f 669 673 672
f 601 606 604
f 597 600 601
f 345 348 352
f 651 1311 654
f 1157 1404 1405
f 1550 1393 1394
f 354 1657 1576
f 1025 1027 1026
f 3091 3136 2351
f 594 653 598
f 1021 1023 1022
f 424 425 72
f 343 345 344
f 594 654 653
f 597 598 600
f 917 920 919
f 922 918 1308
f 604 2591 3136
f 1550 1027 1393
f 1213 1224 1223
f 1882 1885 1884
f 1213 1223 1215
f 1022 1405 1404
f 1882 1887 1886
f 601 600 606
f 344 354 347
f 1157 2351 2350
f 1075 1980 1074
f 606 2591 604
f 1157 2350 1404
f 471 2368 907
f 1657 923 920
f 1217 1215 1394
f 2031 2032 1981
f 1217 1394 1393
f 3171 654 1311
f 1021 781 1025
f 3136 3325 2351
f 653 367 598
f 600 598 367
f 917 919 918
f 1884 1885 1889
f 1312 3170 1311
f 1886 1887 3282
f 653 654 3171
f 1025 781 1027
f 2591 3325 3136
f 1021 1022 780
f 431 1075 71
f 919 920 923
f 1769 1307 1771
f 466 472 468
f 1769 1534 1770
f 352 1224 1220
f 2032 1074 1980
f 3328 3170 1312
f 345 352 351
f 1027 1392 1393
f 3171 1311 3170
f 2539 2540 2541
f 1768 2293 412
f 2315 412 2293
f 1307 1308 2491
f 1021 780 781
f 1882 1886 1885
f 72 431 71
f 1534 3282 1770
f 354 1658 1657
f 1022 1404 1406
f 466 471 470
f 2614 2350 2351
f 2613 2351 3325
f 2195 606 600
f 1213 1220 1224
f 653 369 367
f 1217 1393 1392
f 344 355 354
f 653 3171 369
f 1768 1740 1741
f 2318 1889 2317
f 368 600 367
f 2315 2318 2317
f 2196 2591 606
f 345 353 344
f 2539 2541 2031
f 1404 2350 538
f 1739 1741 1740
f 1027 781 1553
f 1212 1213 1215
f 2614 2351 2613
f 1212 1215 1217
f 780 1022 776
f 1658 923 1657
f 1308 918 2490
f 1307 2491 1771
f 1027 1553 1392
f 352 1220 351
f 1745 2540 1744
f 2592 3325 2591
f 2195 600 368
f 1022 1406 776
f 1404 538 1406
f 2195 2196 606
f 3328 3169 3170
f 345 351 353
f 3056 3171 3170
f 3328 2278 3169
f 1739 1745 1744
f 354 355 1658
f 2614 538 2350
f 2592 2613 3325
f 1769 1771 1527
f 363 367 369
f 919 386 918
f 2196 2592 2591
f 363 368 367
f 3171 3055 369
f 777 781 780
f 1308 2490 2491
f 1217 1392 1216
f 3056 3055 3171
f 1769 1527 1534
f 344 356 355
f 919 923 385
f 1214 1220 1213
f 777 780 776
f 1885 2111 1889
f 2278 3314 3169
f 344 353 356
f 424 427 426
f 1237 3170 3169
f 1237 3056 3170
f 1212 1217 1216
f 2608 2614 2613
f 781 782 1553
f 2203 1886 3282
f 1212 1214 1213
f 1536 1392 1553
f 363 369 365
f 2490 918 386
f 365 369 3055
f 2608 2613 2592
f 2195 368 366
f 426 427 1983
f 776 1406 539
f 1406 538 539
f 351 1220 2832
f 777 782 781
f 1885 1886 2112
f 2195 1261 2196
f 919 385 386
f 363 366 368
f 2491 1526 1771
f 2614 537 538
f 1534 2203 3282
f 1216 1392 1536
f 1889 2111 2317
f 414 412 2315
f 3180 2541 2540
f 1234 3055 3056
f 2196 2100 2592
f 1658 383 923
f 355 1659 1658
f 3314 2582 3169
f 410 1768 412
f 1527 1771 1526
f 2608 537 2614
f 775 777 776
f 1536 1553 782
f 414 2315 2317
f 351 1957 353
f 1237 3169 2582
f 1234 3056 1237
f 2195 366 1261
f 355 356 1659
f 1236 365 3055
f 363 365 364
f 923 383 385
f 410 1740 1768
f 1214 1222 1220
f 1073 1075 1074
f 775 776 539
f 1220 1222 2832
f 2196 1261 2100
f 1745 3180 2540
f 1236 3055 1234
f 363 364 366
f 535 539 538
f 351 2832 1957
f 2608 2592 2102
f 535 538 537
f 1885 2112 2111
f 1739 1740 1742
f 1983 2116 468
f 1073 71 1075
f 1212 1216 1219
f 1236 364 365
f 424 72 73
f 2100 2102 2592
f 1529 2491 2490
f 2369 2405 2407
f 2203 2112 1886
f 1955 356 353
f 1212 1218 1214
f 838 2032 2031
f 1739 1742 1745
f 1231 1234 1237
f 2031 2541 2033
f 777 778 782
f 1524 1534 1527
f 1216 1536 1535
f 1237 2582 1233
f 1529 1526 2491
f 775 778 777
f 1536 782 3312
f 1955 353 1957
f 2607 537 2608
f 1659 390 1658
f 2369 2407 2368
f 1232 1236 1234
f 2490 386 387
f 1231 1237 1233
f 1259 2100 1261
f 390 383 1658
f 1212 1219 1218
f 775 539 779
f 1256 1261 366
f 2607 2608 2102
f 1232 1234 1231
f 1214 1221 1222
f 1523 1527 1526
f 1236 1235 364
f 1216 1535 1219
f 1659 356 1687
f 380 386 385
f 1536 3312 1535
f 1255 366 364
f 535 540 539
f 535 537 536
f 1222 3114 2832
f 2032 839 1074
f 409 412 414
f 3223 3312 782
f 69 72 71
f 1214 1218 1221
f 1957 2832 3114
f 1533 2203 1534
f 778 3223 782
f 1232 1235 1236
f 2317 2111 2779
f 2101 2102 2100
f 409 410 412
f 380 385 383
f 775 779 778
f 1256 1259 1261
f 1687 356 1955
f 1529 2490 387
f 2607 536 537
f 779 539 540
f 1259 2101 2100
f 1523 1524 1527
f 1524 1533 1534
f 1255 1256 366
f 414 2317 2316
f 1255 364 1235
f 1230 1231 1233
f 1523 1526 1529
f 1230 1232 1231
f 2033 2541 3180
f 535 536 540
f 1222 1221 3114
f 1659 1687 390
f 380 387 386
f 424 73 427
f 466 468 467
f 838 2031 2033
f 2607 2102 2103
f 1232 274 1235
f 2317 2779 2316
f 3210 1535 3312
f 1955 1957 1956
f 2101 2103 2102
f 1256 1260 1259
f 382 383 390
f 1259 1260 2101
f 3207 1219 1535
f 3223 3210 3312
f 2563 2111 2112
f 3206 1218 1219
f 1230 274 1232
f 2562 2112 2203
f 410 1748 1740
f 1218 3208 1221
f 2607 2524 536
f 778 2269 3223
f 1956 1957 3114
f 779 2267 778
f 380 383 382
f 1255 1235 275
f 1742 1746 1745
f 1745 2373 3180
f 1073 1074 839
f 466 473 471
f 1742 1740 1748
f 1687 1955 1954
f 779 540 2483
f 838 839 2032
f 1254 1256 1255
f 2607 2103 2524
f 69 73 72
f 274 275 1235
f 2478 540 536
f 3207 1535 3210
f 2563 2779 2111
f 3206 3208 1218
f 3206 1219 3207
f 778 2267 2269
f 3332 3114 1221
f 468 2116 467
f 1533 2204 2203
f 3223 2269 3210
f 1955 1956 1954
f 1256 1258 1260
f 1230 276 274
f 2101 1260 2104
f 390 1687 1688
f 779 2483 2267
f 2481 536 2524
f 1523 1525 1524
f 1523 1529 1528
f 409 414 413
f 2101 2104 2103
f 3208 3332 1221
f 1254 1258 1256
f 2478 2483 540
f 1983 427 1456
f 1529 387 57
f 1255 275 277
f 1746 2373 1745
f 2478 536 2481
f 2562 2203 2204
f 1254 1255 277
f 414 2316 413
f 380 388 387
f 409 411 410
f 1525 1533 1524
f 2562 2563 2112
f 1073 70 71
f 382 390 389
f 270 275 274
f 1687 1954 1953
f 2524 2103 2480
f 270 274 276
f 2104 1260 1258
f 2405 2406 3002
f 1983 1456 2116
f 1956 3114 3113
f 471 2367 2368
f 1687 1953 1688
f 380 382 381
f 2481 2524 2480
f 390 1688 389
f 3332 3113 3114
f 3326 2033 3180
f 3206 3209 3208
f 2269 2268 3210
f 3207 3210 3076
f 271 277 275
f 270 271 275
f 1254 1257 1258
f 1529 57 1528
f 69 71 70
f 1523 1528 1525
f 1254 277 1257
f 388 57 387
f 2265 2269 2267
f 410 411 1748
f 2438 2316 2779
f 2267 2483 1006
f 3208 3209 3332
f 2103 2104 2819
f 3206 3207 3078
f 1005 2483 2478
f 1956 742 1954
f 2477 2478 2481
f 3326 3180 2373
f 2103 2819 2480
f 2104 1258 2823
f 1742 1747 1746
f 382 389 381
f 380 384 388
f 409 413 411
f 1533 1532 2204
f 742 1953 1954
f 2563 2438 2779
f 3076 3210 2268
f 2477 2481 2480
f 2265 2268 2269
f 271 278 277
f 2265 2267 1006
f 1525 1532 1533
f 1742 1748 1747
f 380 381 384
f 1005 1006 2483
f 3206 3078 3209
f 270 272 271
f 3083 1258 1257
f 3207 3076 3078
f 2477 1005 2478
f 277 3099 1257
f 1956 3113 741
f 413 2316 2438
f 270 273 272
f 2104 2823 2821
f 3083 2823 1258
f 2819 2104 2821
f 3179 1688 1953
f 838 2033 837
f 1956 741 742
f 277 278 3099
f 2562 2204 2205
f 271 272 278
f 851 673 3002
f 389 1688 2234
f 2562 2564 2563
f 3274 3113 3332
f 3209 3274 3332
f 2819 2479 2480
f 3083 1257 3099
f 2477 2480 2479
f 2372 2373 1746
f 742 3179 1953
f 388 55 57
f 1073 839 1076
f 473 2367 471
f 3326 3327 2033
f 2232 381 389
f 3179 2234 1688
f 57 52 1528
f 1532 2205 2204
f 384 55 388
f 1525 1528 1531
f 1001 1006 1005
f 2823 3079 2821
f 2265 1006 1007
f 272 280 278
f 833 839 838
f 3083 3079 2823
f 2477 1004 1005
f 2265 2266 2268
f 3073 3076 2268
f 280 3099 278
f 427 73 1458
f 2819 2821 2820
f 3074 3078 3076
f 2372 1746 1747
f 3078 3211 3209
f 3083 3099 3082
f 1073 1076 70
f 2562 2205 2564
f 2232 389 2234
f 837 2033 3327
f 741 3113 746
f 2819 2822 2479
f 2477 2479 2482
f 69 74 73
f 1001 1005 1004
f 2743 2438 2563
f 1001 1007 1006
f 2235 384 381
f 2821 3079 2820
f 3209 3211 3274
f 2819 2820 2822
f 2265 1007 2266
f 1525 1530 1532
f 740 742 741
f 3073 3074 3076
f 3274 746 3113
f 272 279 280
f 3073 2268 2266
f 2477 2482 1004
f 296 3099 280
f 466 467 469
f 296 3082 3099
f 1531 1528 52
f 742 745 3179
f 411 413 709
f 298 3079 3083
f 298 3083 3082
f 411 704 1748
f 413 2438 2437
f 2375 3326 2373
f 2743 2563 2564
f 2232 2235 381
f 51 57 55
f 833 838 837
f 466 469 473
f 2115 467 2116
f 3074 3077 3078
f 1525 1531 1530
f 2404 2405 2369
f 51 52 57
f 2372 2375 2373
f 3179 3197 2234
f 427 1458 1456
f 3078 3077 3211
f 2822 3289 2479
f 740 741 746
f 740 745 742
f 298 3082 296
f 3289 2482 2479
f 1747 1748 713
f 384 54 55
f 69 70 75
f 302 2820 3079
f 295 296 280
f 295 280 279
f 998 1001 1004
f 1532 1963 2205
f 2115 2116 1456
f 745 3197 3179
f 1000 1004 2482
f 1001 1002 1007
f 2232 2234 2233
f 302 3079 298
f 2820 3080 2822
f 413 2437 709
f 2235 54 384
f 2597 2266 1007
f 3073 3075 3074
f 3205 3274 3211
f 998 1004 1000
f 3197 2233 2234
f 2822 3080 3289
f 1530 1963 1532
f 3073 2266 2749
f 2564 2205 2628
f 998 1002 1001
f 291 298 296
f 411 709 704
f 302 3080 2820
f 2593 2482 3289
f 3074 3075 3077
f 900 746 3274
f 51 55 54
f 1000 2482 2593
f 704 713 1748
f 1002 2597 1007
f 291 296 295
f 69 75 74
f 53 1531 52
f 2232 2236 2235
f 3299 3327 3326
f 2364 2369 2368
f 839 835 1076
f 2743 2565 2438
f 833 835 839
f 292 302 298
f 2437 2438 2565
f 3077 2776 3211
f 2372 1747 2374
f 740 746 744
f 51 53 52
f 2232 2233 2236
f 3205 900 3274
f 2597 2749 2266
f 3073 2749 3075
f 2743 2564 2744
f 740 743 745
f 291 292 298
f 1963 2628 2205
f 745 2679 3197
f 3205 3211 2776
f 998 1000 999
f 2404 2406 2405
f 3299 837 3327
f 2567 3289 3080
f 74 422 73
f 3299 3326 2375
f 2593 3289 2567
f 1530 1531 1961
f 1000 2593 999
f 851 3002 2406
f 302 3081 3080
f 2564 2628 2744
f 998 1003 1002
f 291 295 294
f 744 746 900
f 422 1458 73
f 3197 1146 2233
f 2235 2237 54
f 743 2679 745
f 2139 70 1076
f 292 301 302
f 740 744 743
f 3075 2777 3077
f 2372 2374 2375
f 1002 2598 2597
f 998 999 1003
f 2235 2236 2237
f 2364 2368 2367
f 1961 1531 53
f 1747 713 2374
f 3197 2679 1146
f 302 301 3081
f 3077 2777 2776
f 51 54 56
f 291 293 292
f 1002 1003 2598
f 2567 3080 2569
f 2569 3080 3081
f 999 2593 2039
f 833 837 832
f 2593 2567 2039
f 1530 1962 1963
f 2139 75 70
f 2597 2742 2749
f 2437 708 709
f 308 3205 2776
f 1145 2236 2233
f 3075 2749 2949
f 291 294 297
f 293 301 292
f 308 900 3205
f 51 58 53
f 291 297 293
f 2597 2598 2742
f 1145 2233 1146
f 2743 2744 2745
f 1530 1961 1962
f 2437 2565 708
f 672 1627 2659
f 3075 2949 2777
f 999 2040 1003
f 51 56 58
f 2743 2745 2565
f 743 1144 2679
f 3255 3081 301
f 832 837 3299
f 999 2039 2040
f 1144 1146 2679
f 2744 2628 2746
f 311 2776 2777
f 1963 2629 2628
f 3255 2569 3081
f 2237 2236 1937
f 587 297 294
f 2041 2567 2569
f 703 704 709
f 2041 2039 2567
f 311 308 2776
f 54 2237 1939
f 744 900 305
f 2740 2598 1003
f 293 300 301
f 308 304 900
f 54 1939 56
f 1145 1937 2236
f 744 899 743
f 2742 2741 2749
f 2949 2749 2741
f 1457 2115 1456
f 705 713 704
f 293 297 299
f 456 467 2115
f 2740 1003 2040
f 300 3255 301
f 1961 53 59
f 2738 2742 2598
f 831 835 833
f 1963 1962 2629
f 304 305 900
f 74 75 423
f 293 299 300
f 743 899 1144
f 3299 2375 3264
f 58 59 53
f 2738 2598 2740
f 2744 2746 2745
f 703 709 708
f 3255 2568 2569
f 1140 1145 1146
f 2628 2629 2746
f 2037 2040 2039
f 587 588 297
f 2374 3264 2375
f 831 833 832
f 311 2777 310
f 2136 1076 835
f 2041 2569 2568
f 1140 1146 1144
f 2037 2039 2041
f 2948 2777 2949
f 456 469 467
f 744 305 899
f 588 299 297
f 2237 1937 1938
f 2374 713 711
f 473 2366 2367
f 307 308 311
f 74 423 422
f 58 56 61
f 2136 2139 1076
f 303 304 308
f 2237 1938 1939
f 1453 1456 1458
f 1961 1964 1962
f 300 3256 3255
f 2948 310 2777
f 2395 2742 2738
f 2395 2741 2742
f 2740 2040 2038
f 703 705 704
f 708 2565 2114
f 473 469 2366
f 61 56 1939
f 2401 2949 2741
f 3255 3256 2568
f 307 311 310
f 299 1700 300
f 2565 2745 2114
f 303 305 304
f 2737 2738 2740
f 1141 1937 1145
f 2037 2038 2040
f 303 308 307
f 705 711 713
f 1961 59 1964
f 2948 2949 2401
f 588 1700 299
f 2041 2568 2036
f 2037 2041 2036
f 58 60 59
f 899 1143 1144
f 1140 1141 1145
f 300 1700 3256
f 1140 1144 1143
f 58 61 60
f 2737 2740 2038
f 2139 2140 75
f 2737 2395 2738
f 847 672 673
f 1141 1938 1937
f 2395 2398 2741
f 1962 2070 2629
f 899 305 2387
f 2745 2746 2677
f 2401 2741 2398
f 2404 2369 1508
f 832 3299 1998
f 2948 312 310
f 1454 1458 422
f 2677 2746 2629
f 307 310 312
f 2459 2568 3256
f 703 708 707
f 110 2038 2037
f 1962 1964 2070
f 303 309 305
f 75 2140 423
f 1453 1457 1456
f 588 1699 1700
f 2459 2036 2568
f 110 2037 2036
f 456 2115 1457
f 1935 1939 1938
f 61 1939 1940
f 2374 711 2964
f 708 2114 707
f 2737 2394 2395
f 831 836 835
f 305 309 2387
f 1140 1143 1142
f 2948 2401 2402
f 2496 3256 1700
f 3299 3264 2002
f 2737 2038 2739
f 303 307 306
f 1140 1142 1141
f 1774 1964 59
f 1772 59 60
f 2374 2967 3264
f 831 832 834
f 2113 2114 2745
f 2282 1143 899
f 60 61 1773
f 2364 1508 2369
f 2948 2402 312
f 2282 899 2387
f 1141 1935 1938
f 2392 2401 2398
f 2391 2398 2395
f 2459 3256 2496
f 2136 835 836
f 110 111 2038
f 2113 2745 2677
f 307 312 306
f 2737 2739 2394
f 1935 1940 1939
f 1699 3090 1700
f 110 2036 109
f 2391 2395 2394
f 1772 1774 59
f 111 2739 2038
f 303 306 309
f 108 2036 2459
f 61 1940 1773
f 3090 2496 1700
f 2374 2964 2967
f 2392 2402 2401
f 2070 2676 2629
f 1594 422 423
f 3299 2002 1998
f 703 710 705
f 2676 2677 2629
f 1772 60 1773
f 705 712 711
f 1453 1458 1454
f 2391 2392 2398
f 108 109 2036
f 2136 2138 2139
f 832 1998 834
f 1142 1143 1148
f 1266 2387 309
f 106 111 110
f 1775 2070 1964
f 703 707 706
f 106 110 109
f 2460 2459 2496
f 2139 2138 2140
f 1775 1964 1774
f 1148 1143 2282
f 1142 1147 1141
f 2397 2394 2739
f 2402 2950 312
f 2282 2387 1266
f 108 2459 2460
f 831 834 836
f 2404 1509 2406
f 312 2950 306
f 2391 2394 2397
f 707 2114 172
f 712 2964 711
f 111 112 2739
f 1594 1454 422
f 2594 2496 3090
f 2392 2399 2402
f 1934 1935 1141
f 1262 309 306
f 2391 2393 2392
f 167 2114 2113
f 103 109 108
f 703 706 710
f 2969 3264 2967
f 1935 1941 1940
f 847 673 851
f 106 112 111
f 2969 2002 3264
f 705 710 712
f 1772 1711 1774
f 1627 1628 2659
f 1262 1266 309
f 103 106 109
f 2397 2739 112
f 1772 1773 1709
f 2594 3090 3089
f 1142 1148 1147
f 1776 1773 1940
f 191 423 2140
f 2362 2364 2367
f 2393 2399 2392
f 171 2113 2677
f 2460 2496 2495
f 2070 2072 2676
f 1934 1141 1147
f 2594 2495 2496
f 108 2460 107
f 1775 2072 2070
f 2402 2655 2950
f 2399 2655 2402
f 167 172 2114
f 1711 1775 1774
f 707 172 706
f 2391 2397 2396
f 456 457 469
f 2282 1266 2284
f 103 108 107
f 1148 2282 2281
f 2675 2677 2676
f 3229 306 2950
f 2391 2396 2393
f 1776 1940 1941
f 1772 1709 1711
f 2362 2367 2366
f 1709 1773 1776
f 1594 423 191
f 469 457 2366
f 106 104 112
f 103 104 106
f 1262 306 1265
f 1935 1936 1941
f 1262 1263 1266
f 2136 836 2137
f 2281 2282 2284
f 167 2113 171
f 2460 2495 2497
f 3173 2397 112
f 1934 1936 1935
f 2460 2497 107
f 2675 171 2677
f 1265 306 3229
f 1341 834 1998
f 2393 2400 2399
f 2961 2967 2964
f 1266 1263 2284
f 2136 2137 2138
f 456 1457 455
f 2396 2397 3173
f 2545 2495 2594
f 1148 1199 1147
f 2399 2400 2655
f 2961 2964 712
f 103 107 105
f 3226 2950 2655
f 2404 1508 1509
f 2393 2396 2400
f 2545 2594 2546
f 3226 3229 2950
f 2075 2676 2072
f 103 105 104
f 104 2766 112
f 1453 455 1457
f 1148 2281 1199
f 1997 1998 2002
f 1339 836 834
f 3173 112 2766
f 1262 1264 1263
f 2497 2495 2498
f 1711 1710 1775
f 1776 1941 3168
f 1934 1147 1202
f 706 2818 710
f 2138 187 2140
f 2675 2676 2075
f 1709 1776 1708
f 1262 1265 1264
f 1705 1711 1709
f 2962 2969 2967
f 2497 2179 107
f 1775 2071 2072
f 2969 2001 2002
f 2545 2498 2495
f 1941 1936 3168
f 168 172 167
f 191 2140 187
f 105 107 2179
f 712 710 3004
f 2284 1263 3178
f 706 172 173
f 2400 3176 2655
f 1199 1202 1147
f 2281 2284 2283
f 1265 3229 3227
f 2396 3173 3174
f 1339 834 1341
f 2396 3175 2400
f 3226 2655 3176
f 1341 1998 1997
f 1452 1453 1454
f 2497 2498 2179
f 1705 1709 1708
f 3226 3227 3229
f 1263 1264 3178
f 2961 2962 2967
f 105 2180 104
f 104 2180 2766
f 1705 1710 1711
f 1934 1203 1936
f 1776 1713 1708
f 164 167 171
f 1594 1455 1454
f 1776 3168 1713
f 3173 2766 3202
f 1775 1710 2071
f 2071 2075 2072
f 2281 2283 1199
f 2961 712 2965
f 2396 3174 3175
f 2284 3178 2283
f 2675 170 171
f 1997 2002 2001
f 3004 710 2818
f 706 173 2818
f 851 2406 852
f 1264 1265 3321
f 1934 1202 1203
f 2543 2498 2545
f 3173 3202 3174
f 1594 191 190
f 168 173 172
f 836 1340 2137
f 2177 105 2179
f 2965 712 3004
f 3309 3168 1936
f 2962 2001 2969
f 1339 1340 836
f 164 168 167
f 1265 3227 3321
f 2542 2543 2545
f 3202 2766 2180
f 2400 3175 2603
f 2177 2180 105
f 2400 2603 3176
f 2498 2183 2179
f 2675 2075 2678
f 2807 3226 3176
f 2807 3227 3226
f 2435 3178 1264
f 3309 1936 1203
f 1197 1202 1199
f 164 171 170
f 2543 2183 2498
f 1705 1708 1707
f 2177 2179 2178
f 186 2138 2137
f 3174 3190 3175
f 2435 1264 3321
f 1707 1708 1713
f 1509 852 2406
f 2675 2678 170
f 2178 2179 2183
f 1452 1454 1455
f 2436 2283 3178
f 3240 3174 3202
f 1199 2283 1198
f 1712 1713 3168
f 1705 1706 1710
f 1594 190 1455
f 186 187 2138
f 3202 2180 3241
f 2071 2073 2075
f 2603 3175 3190
f 1712 3168 3309
f 2603 2605 3176
f 2436 3178 2435
f 183 191 187
f 2807 3176 2605
f 1197 1199 1198
f 3228 3321 3227
f 2071 1710 1716
f 3240 3190 3174
f 1339 1341 1342
f 2177 2181 2180
f 1200 1203 1202
f 2961 2965 2966
f 1341 1997 1342
f 3240 3202 3241
f 2807 3228 3227
f 2073 2678 2075
f 1197 1200 1202
f 183 190 191
f 1705 1707 1706
f 2177 2178 2181
f 168 169 173
f 1707 1713 1712
f 164 169 168
f 173 3093 2818
f 453 456 455
f 2543 2548 2183
f 453 457 456
f 3093 3004 2818
f 1453 419 455
f 2965 3004 2966
f 3241 2180 3278
f 1706 1716 1710
f 1452 419 1453
f 3309 1203 1661
f 2364 1510 1508
f 2178 2183 2182
f 2961 2963 2962
f 2435 3321 374
f 1997 2001 2000
f 2436 1606 2283
f 2180 2181 3278
f 2544 2548 2543
f 2603 3190 2602
f 2962 2968 2001
f 2599 2605 2603
f 1606 1198 2283
f 2071 2074 2073
f 3240 2978 3190
f 2600 2807 2605
f 164 170 166
f 2071 1716 2074
f 379 2436 2435
f 374 3321 3228
f 1712 3309 1661
f 2178 2182 2181
f 3240 3241 2975
f 170 2678 2151
f 2183 2548 2182
f 2365 2366 457
f 1339 1343 1340
f 2807 2806 3228
f 2599 2603 2602
f 1197 1198 1201
f 1200 1205 1203
f 3241 3278 2975
f 1197 1201 1200
f 2362 2366 2365
f 2602 3190 2978
f 2961 2966 2963
f 2362 1510 2364
f 3006 2137 1340
f 3240 2975 2978
f 2600 2806 2807
f 2599 2600 2605
f 379 2435 374
f 1203 1205 1661
f 1339 1342 1343
f 164 165 169
f 379 1606 2436
f 1707 1714 1706
f 2544 2547 2548
f 1707 1712 1715
f 170 2151 166
f 173 169 2996
f 2073 2155 2678
f 2000 2001 2968
f 173 2996 3093
f 164 166 165
f 2181 2182 3185
f 2181 3186 3278
f 3006 186 2137
f 1342 1997 1999
f 2962 2963 2968
f 3342 2182 2548
f 1706 517 1716
f 2678 2155 2151
f 3130 2966 3004
f 1997 2000 1999
f 3093 3130 3004
f 2599 2602 2604
f 182 183 187
f 1604 1198 1606
f 2975 3278 2974
f 2181 3185 3186
f 1604 1201 1198
f 182 187 186
f 374 3228 373
f 2547 3341 2548
f 1200 1201 1204
f 190 184 1455
f 2602 2978 2977
f 2806 373 3228
f 1707 1715 1714
f 2850 2073 2074
f 2599 2601 2600
f 2973 2978 2975
f 1662 1712 1661
f 1200 1204 1205
f 3342 2548 3341
f 2074 1716 518
f 183 184 190
f 371 379 374
f 1706 1714 517
f 2600 2606 2806
f 3186 2974 3278
f 3187 3185 2182
f 2602 2977 2604
f 3342 3187 2182
f 2599 2604 2601
f 3006 1340 1343
f 2850 2155 2073
f 1662 1715 1712
f 379 378 1606
f 1452 1455 418
f 2973 2975 2974
f 2973 2977 2978
f 1660 1661 1205
f 517 518 1716
f 2601 2606 2600
f 246 1509 1508
f 534 3341 2547
f 370 371 374
f 2606 373 2806
f 169 165 2148
f 370 374 373
f 2850 2074 518
f 3184 3186 3185
f 371 378 379
f 2147 165 166
f 1603 1604 1606
f 1660 1662 1661
f 2996 169 2148
f 2963 2966 3345
f 1204 1201 2124
f 3342 3341 533
f 3184 3185 3187
f 2150 166 2151
f 1604 2124 1201
f 3186 3087 2974
f 3342 533 3187
f 1603 1606 378
f 1805 2604 2977
f 2150 2151 2155
f 2601 2604 1805
f 2996 2995 3093
f 3345 2966 3130
f 534 533 3341
f 1714 1715 1726
f 1452 418 419
f 1342 1800 1343
f 1204 1284 1205
f 2973 2976 2977
f 2000 2968 3001
f 182 184 183
f 3184 3087 3186
f 2973 2974 2643
f 1714 516 517
f 2995 3130 3093
f 1342 1999 1800
f 2147 2148 165
f 1660 1205 1284
f 370 372 371
f 2601 1806 2606
f 2680 373 2606
f 1455 184 418
f 2147 166 2150
f 3006 185 186
f 372 378 371
f 2000 3001 1999
f 2968 2963 3296
f 419 420 455
f 1805 2977 2976
f 182 186 185
f 3184 3187 3183
f 2643 2974 3087
f 223 518 517
f 1662 1932 1715
f 370 373 375
f 1714 1726 516
f 2850 2154 2155
f 531 533 534
f 2973 2643 2976
f 3183 3187 533
f 1204 2124 1284
f 453 455 420
f 2601 1805 1806
f 1726 1715 1932
f 1603 1310 1604
f 1806 2680 2606
f 1310 2124 1604
f 1660 1663 1662
f 2850 518 219
f 1797 3006 1343
f 223 517 516
f 370 375 372
f 3088 3087 3184
f 453 458 457
f 2150 2155 2154
f 2680 1079 373
f 2992 2996 2148
f 3088 3184 3183
f 372 376 378
f 1603 378 1605
f 375 373 1079
f 2968 3296 3001
f 1660 1284 1663
f 2992 2995 2996
f 1805 2976 1804
f 531 532 533
f 1797 1343 1800
f 246 852 1509
f 458 2365 457
f 2643 2645 2976
f 2642 2643 3087
f 2963 3345 2792
f 223 219 518
f 3183 533 3109
f 2147 2149 2148
f 2850 219 2154
f 246 1508 1510
f 1662 2588 1932
f 1801 1806 1805
f 2147 2150 2149
f 3128 3345 3130
f 2642 3087 3088
f 1605 378 376
f 1662 1663 2588
f 1603 1605 1310
f 1284 2124 878
f 515 516 1726
f 1804 2976 2645
f 372 375 377
f 1806 1808 2680
f 532 3109 533
f 3296 2963 2792
f 849 851 852
f 1801 1805 1804
f 2999 3130 2995
f 515 1726 1932
f 1310 878 2124
f 372 377 376
f 3001 3336 1999
f 3336 1800 1999
f 222 223 516
f 1808 1079 2680
f 2639 2645 2643
f 3088 3183 3182
f 2639 2643 2642
f 847 851 849
f 3182 3183 3109
f 1801 1802 1806
f 1077 375 1079
f 182 188 184
f 222 516 515
f 1802 1808 1806
f 3006 3007 185
f 1663 1284 1283
f 2999 3128 3130
f 1077 377 375
f 2992 2148 2888
f 2642 3088 3086
f 2640 1804 2645
f 2150 2154 2153
f 2149 2888 2148
f 2362 2365 2363
f 1797 1795 3006
f 3128 2792 3345
f 182 185 189
f 1605 376 1608
f 221 219 223
f 879 1284 878
f 184 1854 418
f 2639 2640 2645
f 415 419 418
f 377 1608 376
f 3088 3182 3086
f 2588 1933 1932
f 1605 1309 1310
f 3108 3109 532
f 221 223 222
f 2588 1663 2590
f 515 1932 1933
f 1801 1804 1807
f 2150 2152 2149
f 2992 2993 2995
f 877 878 1310
f 847 850 672
f 1808 1081 1079
f 2639 2642 2644
f 879 1283 1284
f 2154 219 216
f 3182 3109 3110
f 2640 1807 1804
f 2787 3001 3296
f 2362 2363 1510
f 1663 1283 2590
f 2993 2999 2995
f 1077 1079 1081
f 2642 3086 2644
f 877 1310 1309
f 1794 1797 1800
f 1801 1803 1802
f 415 420 419
f 3108 3110 3109
f 2150 2153 2152
f 3006 1795 3007
f 1802 1809 1808
f 2639 2641 2640
f 1077 1078 377
f 1801 1807 1803
f 222 515 224
f 3297 3336 3001
f 377 1078 1608
f 2153 2154 216
f 3336 1799 1800
f 1605 1608 1607
f 2639 2644 2641
f 2786 3296 2792
f 182 189 188
f 1605 1607 1309
f 3086 3182 3310
f 2588 2590 2589
f 184 188 1854
f 2588 2589 1933
f 1808 1809 1081
f 221 222 224
f 215 219 221
f 3182 3110 3310
f 185 3007 189
f 1802 1803 1809
f 2787 3297 3001
f 2640 2646 1807
f 874 879 878
f 2992 2888 2994
f 874 878 877
f 2149 1270 2888
f 215 216 219
f 2786 2787 3296
f 515 1933 1931
f 453 420 454
f 2999 3129 3128
f 1794 1800 1799
f 2640 2641 2646
f 2992 2994 2993
f 1794 1795 1797
f 2152 1270 2149
f 2862 2644 3086
f 3108 1881 3110
f 2790 2792 3128
f 879 881 1283
f 1608 1078 3239
f 515 1931 224
f 1283 3243 2590
f 2641 2644 2648
f 1803 1807 1810
f 1077 1081 1080
f 877 1309 876
f 453 454 458
f 2862 3086 3310
f 1608 3239 1607
f 1077 1080 1078
f 1881 3310 3110
f 2646 1810 1807
f 3108 1880 1881
f 2590 3243 2589
f 3344 1933 2589
f 2648 2644 2862
f 1309 1607 876
f 2993 3000 2999
f 417 418 1854
f 874 881 879
f 2303 2152 2153
f 1809 1851 1081
f 221 224 220
f 1803 1811 1809
f 874 877 876
f 2641 2647 2646
f 2790 3128 3129
f 1283 881 3243
f 3344 1931 1933
f 3297 3335 3336
f 215 221 220
f 2641 2648 2647
f 3336 3335 1799
f 415 418 417
f 1078 3302 3239
f 2153 216 2304
f 1803 1810 1811
f 2999 3000 3129
f 2785 2786 2792
f 1081 1851 1080
f 1271 2888 1270
f 2994 2888 1271
f 215 217 216
f 2152 1269 1270
f 2862 3310 3260
f 1078 1080 3302
f 458 2257 2365
f 1881 1879 3310
f 1901 224 1931
f 1795 2294 3007
f 2994 2997 2993
f 2303 1269 2152
f 1607 3239 2886
f 1848 1809 1811
f 2785 2792 2790
f 1587 1810 2646
f 1848 1851 1809
f 2783 2787 2786
f 3344 2589 3330
f 2264 2648 2862
f 2589 3243 3330
f 2303 2153 2304
f 1878 1881 1880
f 220 224 1901
f 672 850 1627
f 2647 1587 2646
f 1879 3260 3310
f 876 1607 2887
f 2264 2647 2648
f 216 217 2304
f 2787 2788 3297
f 3263 189 3007
f 2993 2997 3000
f 2886 3239 3302
f 874 876 875
f 2861 2862 3260
f 1878 1879 1881
f 3344 3331 1931
f 1811 1810 1586
f 3300 3243 881
f 874 880 881
f 215 220 218
f 1794 1796 1795
f 2264 2862 2861
f 2887 1607 2886
f 1794 1799 1798
f 215 218 217
f 1586 1810 1587
f 2048 1854 188
f 1080 1851 1850
f 2257 2363 2365
f 1080 3303 3302
f 2783 2786 2785
f 2809 2790 3129
f 2788 3335 3297
f 188 189 1183
f 1267 1270 1269
f 2264 2263 2647
f 3344 3330 3331
f 1901 1931 2980
f 2647 2263 1587
f 1267 1271 1270
f 2783 2788 2787
f 2809 3129 3000
f 246 1510 245
f 3263 3007 2294
f 2994 1271 2998
f 1849 1851 1848
f 874 875 880
f 1798 1799 3335
f 1585 1848 1811
f 3301 3330 3243
f 2994 2998 2997
f 2886 3302 3303
f 1877 3260 1879
f 2980 1931 3331
f 220 1901 1900
f 3300 881 880
f 415 421 420
f 246 241 852
f 876 2887 885
f 2861 3260 1877
f 1796 2294 1795
f 3300 3301 3243
f 2303 1268 1269
f 1585 1811 1586
f 875 876 885
f 1849 1850 1851
f 2303 2304 1268
f 2264 2861 1643
f 1875 1879 1878
f 2304 217 1067
f 1898 218 220
f 2048 417 1854
f 1080 1850 3304
f 1080 3304 3303
f 1581 1586 1587
f 2997 3298 3000
f 218 1067 217
f 1585 1849 1848
f 1900 1901 2980
f 1644 2263 2264
f 1898 220 1900
f 1794 1798 1796
f 1875 1877 1879
f 1584 1587 2263
f 2785 2790 2789
f 3263 1183 189
f 2861 1877 1643
f 454 420 421
f 1267 1269 1268
f 886 2887 2886
f 3177 3331 3330
f 1644 2264 1643
f 2789 2790 2809
f 2885 2886 3303
f 1581 1587 1584
f 3177 3330 3301
f 2048 188 1183
f 1875 1878 1245
f 1267 1273 1271
f 2809 3000 2810
f 1582 1585 1586
f 2997 2998 3284
f 886 885 2887
f 2998 1271 1273
f 1584 2263 1644
f 1582 1586 1581
f 883 880 875
f 415 417 416
f 3300 880 1329
f 2997 3284 3298
f 1510 2363 3005
f 2810 3000 3298
f 3300 1329 3301
f 2788 2889 3335
f 2531 2980 3331
f 883 875 885
f 1849 862 1850
f 2783 2785 2784
f 886 2886 2885
f 2304 1067 1065
f 2304 1065 1268
f 1642 1643 1877
f 849 852 241
f 454 2259 458
f 1898 1064 218
f 2889 1798 3335
f 3304 1850 862
f 2783 2784 2788
f 218 1064 1067
f 1585 861 1849
f 1900 2980 2532
f 1898 1900 1899
f 1875 1641 1877
f 3177 2531 3331
f 1635 1644 1643
f 3304 1127 3303
f 1580 1581 1584
f 2295 3263 2294
f 2885 3303 1127
f 1641 1642 1877
f 1580 1582 1581
f 1796 2295 2294
f 1635 1643 1642
f 2259 2257 458
f 1849 861 862
f 2785 2789 2791
f 1582 1499 1585
f 1584 1644 1638
f 2531 2532 2980
f 1267 1268 1272
f 1875 1245 1876
f 1900 2532 1899
f 3177 3301 791
f 1898 1899 1064
f 889 1329 880
f 883 889 880
f 882 885 886
f 1329 791 3301
f 1585 1499 861
f 1510 3005 245
f 882 883 885
f 415 416 421
f 2048 2049 417
f 1875 1876 1641
f 2789 2809 2808
f 1635 1638 1644
f 1267 1272 1273
f 2785 2791 2784
f 3304 862 1126
f 2801 3284 2998
f 2808 2809 2810
f 3298 3284 2802
f 1061 1065 1067
f 1061 1067 1064
f 2801 2998 1273
f 1580 1584 1583
f 1796 1798 1409
f 886 2885 2280
f 3304 1126 1127
f 2810 3298 2802
f 1584 1638 1583
f 1580 1498 1582
f 1634 1642 1641
f 1634 1635 1642
f 2280 2885 1127
f 789 2531 3177
f 416 417 2049
f 2793 2889 2788
f 3263 1182 1183
f 1582 1498 1499
f 2784 2793 2788
f 1066 1268 1065
f 860 862 861
f 789 3177 791
f 1064 1899 682
f 1899 2532 682
f 1580 1583 1498
f 2801 2802 3284
f 1408 1798 2889
f 1633 1638 1635
f 2295 1182 3263
f 882 886 887
f 1641 1876 1640
f 1066 1272 1268
f 2048 1183 1187
f 857 1126 862
f 181 861 1499
f 790 791 1329
f 887 886 2280
f 1633 1635 1634
f 681 2532 2531
f 790 1329 889
f 882 884 883
f 883 884 889
f 1634 1641 1640
f 1062 1065 1061
f 2789 2210 2791
f 860 857 862
f 1125 1127 1126
f 2789 2808 2210
f 1060 1061 1064
f 1409 1798 1408
f 2257 2258 2363
f 860 861 181
f 1583 1638 1639
f 1796 1412 2295
f 1922 1288 1876
f 1272 3142 1273
f 2799 2810 2802
f 180 1499 1498
f 2808 2810 2799
f 681 2531 789
f 3142 2801 1273
f 1128 2280 1127
f 1633 1639 1638
f 1796 1409 1412
f 1062 1066 1065
f 1640 1876 1288
f 180 181 1499
f 1060 1064 682
f 681 682 2532
f 1125 1126 857
f 1583 3157 1498
f 240 246 245
f 2784 2791 2211
f 2048 2005 2049
f 1633 1634 1637
f 454 421 765
f 1125 1128 1127
f 784 789 791
f 1060 1062 1061
f 1634 1640 1637
f 1583 1639 3157
f 784 791 790
f 2793 2079 2889
f 887 2280 2279
f 882 887 888
f 882 888 884
f 790 889 1330
f 847 849 848
f 889 884 1330
f 2048 1187 2005
f 2079 1408 2889
f 454 765 2259
f 180 1498 179
f 2301 2802 2801
f 1181 1183 1182
f 1128 2279 2280
f 2210 2211 2791
f 240 241 246
f 1181 1187 1183
f 1633 1636 1639
f 3157 179 1498
f 2784 2794 2793
f 176 860 181
f 176 857 860
f 1289 1640 1288
f 1066 2919 1272
f 1633 1637 1636
f 175 181 180
f 1125 857 858
f 1272 2919 3142
f 416 2049 2008
f 2301 2799 2802
f 2808 2209 2210
f 785 681 789
f 2300 2801 3142
f 1290 1637 1640
f 2808 2799 2209
f 1060 682 680
f 2784 2211 2794
f 785 789 784
f 678 682 681
f 416 3107 421
f 1290 1640 1289
f 1062 1063 1066
f 1639 3158 3157
f 2295 1189 1182
f 2780 3005 2363
f 175 180 179
f 887 2279 1725
f 1060 1063 1062
f 1285 1289 1288
f 176 858 857
f 887 1725 888
f 1125 1129 1128
f 175 176 181
f 1636 3158 1639
f 2301 2801 2300
f 1407 1409 1408
f 2295 1412 1189
f 784 790 787
f 2256 2257 2259
f 1502 884 888
f 1502 1330 884
f 790 1330 787
f 678 680 682
f 1125 858 1129
f 1128 2566 2279
f 1407 1412 1409
f 2258 2780 2363
f 1636 1637 2552
f 178 179 3157
f 2005 2008 2049
f 1290 2552 1637
f 2793 358 2079
f 1060 680 675
f 178 3157 3158
f 1240 2211 2210
f 1285 1286 1289
f 1286 1290 1289
f 1060 675 1063
f 785 683 681
f 1128 1129 2566
f 2793 2794 358
f 2566 1725 2279
f 2256 2258 2257
f 783 785 784
f 174 175 179
f 2018 2919 1066
f 678 681 683
f 416 2008 3107
f 1240 2210 2209
f 359 1408 2079
f 1063 2018 1066
f 1636 3272 3158
f 1181 1182 1186
f 176 859 858
f 783 784 787
f 2300 3142 2302
f 2919 2302 3142
f 1636 2552 3272
f 1501 888 1725
f 174 179 178
f 2301 2800 2799
f 99 176 175
f 1184 2005 1187
f 859 1129 858
f 2800 2209 2799
f 1502 888 1501
f 1181 1184 1187
f 1186 1182 1189
f 1290 1291 2552
f 1285 1287 1286
f 1502 1507 1330
f 1286 1291 1290
f 787 1330 1507
f 674 680 678
f 1407 1408 359
f 244 245 3005
f 674 675 680
f 99 175 174
f 2296 2301 2300
f 2794 2211 1241
f 178 3158 2610
f 359 2079 358
f 764 765 421
f 1724 1725 2566
f 2610 3158 3272
f 847 848 850
f 201 2566 1129
f 783 788 785
f 176 97 859
f 3107 764 421
f 3271 3272 2552
f 1240 1241 2211
f 785 788 683
f 174 178 177
f 200 1129 859
f 99 97 176
f 1501 1725 1724
f 3271 2552 1291
f 676 1063 675
f 783 787 786
f 2296 2300 2302
f 1407 1410 1412
f 678 683 677
f 1410 1189 1412
f 1286 1287 1292
f 200 201 1129
f 2003 2008 2005
f 2018 2767 2919
f 1286 1292 1291
f 177 178 2610
f 674 678 677
f 2016 2018 1063
f 2919 2767 2302
f 2301 2299 2800
f 1240 2209 1239
f 2296 2299 2301
f 674 676 675
f 1500 1502 1501
f 2794 361 358
f 787 1507 2411
f 1500 1507 1502
f 1239 2209 2800
f 766 2259 765
f 2610 3272 3273
f 240 245 244
f 3271 3273 3272
f 203 2566 201
f 783 786 788
f 203 1724 2566
f 1184 2003 2005
f 676 2016 1063
f 99 174 102
f 787 2411 786
f 1181 1186 1185
f 174 177 102
f 200 859 202
f 2121 1292 1287
f 3270 3271 1291
f 2794 1241 361
f 849 241 238
f 1186 1189 1188
f 859 97 202
f 1181 1185 1184
f 3270 1291 1292
f 2256 2259 766
f 2166 683 788
f 357 359 358
f 1501 1724 1505
f 2166 677 683
f 3107 2008 1719
f 96 97 99
f 177 2610 2609
f 199 201 200
f 1407 359 1411
f 3242 3005 2780
f 3271 1666 3273
f 674 677 679
f 674 679 676
f 2296 2302 2298
f 1500 1501 1505
f 2610 3273 1667
f 199 203 201
f 96 99 102
f 2411 1507 1503
f 357 358 361
f 1238 1241 1240
f 3270 1666 3271
f 2016 2019 2018
f 1500 1503 1507
f 203 1845 1724
f 2302 2767 2769
f 2019 2767 2018
f 199 200 202
f 177 2609 102
f 786 2412 788
f 1238 1240 1239
f 2119 1292 2121
f 786 2411 2413
f 2003 1719 2008
f 1407 1411 1410
f 2800 2299 3212
f 1410 1908 1189
f 2296 2297 2299
f 1908 1188 1189
f 1186 1188 1185
f 2609 2610 1667
f 1845 1505 1724
f 1239 2800 3094
f 244 3005 3242
f 98 202 97
f 3270 1292 2120
f 3273 1666 1667
f 2302 2769 2298
f 676 2017 2016
f 2256 2260 2258
f 2260 2780 2258
f 2166 788 2168
f 96 98 97
f 786 2413 2412
f 788 2412 2168
f 2119 2120 1292
f 2296 2298 2297
f 1515 677 2166
f 2800 3212 3094
f 3270 1668 1666
f 1515 679 677
f 676 679 1514
f 3107 1718 764
f 199 205 203
f 205 1845 203
f 2752 2411 1503
f 2752 2413 2411
f 357 362 359
f 199 202 204
f 96 102 101
f 1500 1505 1506
f 2016 2017 2019
f 2299 2297 3212
f 1184 2004 2003
f 3270 2120 1668
f 2609 1497 102
f 1500 1504 1503
f 676 1514 2017
f 3107 1719 1718
f 1241 1242 361
f 2768 2769 2767
f 98 204 202
f 359 362 1411
f 1184 1185 2004
f 1845 1846 1505
f 1670 2609 1667
f 2019 2768 2767
f 1664 1667 1666
f 762 765 764
f 1500 1506 1504
f 1238 1242 1241
f 1664 1666 1668
f 1497 101 102
f 2413 2753 2412
f 1238 1239 156
f 1239 3094 156
f 237 241 240
f 96 100 98
f 357 361 360
f 205 1846 1845
f 2165 2166 2168
f 1670 1497 2609
f 199 206 205
f 2119 2122 2120
f 199 204 206
f 96 101 100
f 2752 2753 2413
f 762 766 765
f 849 238 848
f 2167 2168 2412
f 2120 2243 1668
f 2165 1515 2166
f 2770 2298 2769
f 2752 1503 2755
f 3095 1506 1505
f 3095 1505 1846
f 1930 1185 1188
f 1665 1670 1667
f 2755 1503 1504
f 1511 1514 679
f 1664 1665 1667
f 1511 679 1515
f 2119 2123 2122
f 1908 1930 1188
f 1410 1906 1908
f 2985 2297 2298
f 2167 2412 2753
f 1410 1411 1907
f 2120 2122 2243
f 98 391 204
f 2768 2770 2769
f 2019 2017 1824
f 2003 1720 1719
f 1664 1668 894
f 357 360 362
f 3212 2297 2986
f 360 361 1242
f 1514 1517 2017
f 3094 3212 155
f 2165 2168 2167
f 98 100 391
f 894 1668 2243
f 2019 1825 2768
f 395 101 1497
f 2752 2754 2753
f 205 1842 1846
f 2770 2985 2298
f 3014 1504 1506
f 100 101 395
f 1670 1669 1497
f 2004 1720 2003
f 2752 2755 2754
f 2256 766 767
f 206 204 392
f 3094 155 156
f 1841 205 206
f 1665 1669 1670
f 3095 3014 1506
f 2019 1824 1825
f 1511 1517 1514
f 2165 1516 1515
f 2755 1504 2829
f 362 1299 1411
f 3095 1846 1842
f 1664 895 1665
f 2985 2986 2297
f 1410 1907 1906
f 1824 2017 1517
f 3242 2780 2781
f 1511 1515 1516
f 1664 894 895
f 391 392 204
f 2122 896 2243
f 1238 156 157
f 3212 2986 155
f 1908 1906 1930
f 894 2243 896
f 2256 767 2260
f 240 244 242
f 1238 157 1242
f 2004 1185 2007
f 3014 2829 1504
f 1841 1842 205
f 2167 2753 2830
f 2260 2781 2780
f 512 764 1718
f 1717 1718 1719
f 1841 206 392
f 1411 1299 1907
f 2165 2167 2169
f 395 1497 1496
f 391 100 394
f 1496 1497 1669
f 1930 2007 1185
f 2754 2830 2753
f 100 395 394
f 2768 1826 2770
f 237 238 241
f 1665 897 1669
f 3118 826 2122
f 2824 2754 2755
f 1665 895 897
f 2768 1825 1826
f 2122 826 896
f 2824 2755 2829
f 3017 3014 3095
f 890 895 894
f 890 894 896
f 3017 3095 1842
f 762 764 512
f 2167 2830 2169
f 1717 1719 1720
f 152 156 155
f 2984 2985 2770
f 1511 1512 1517
f 1345 244 3242
f 360 1242 1298
f 391 393 392
f 664 362 360
f 1511 1516 1513
f 152 157 156
f 3014 2828 2829
f 2165 1519 1516
f 1521 1824 1517
f 1822 1825 1824
f 2983 2986 2985
f 2754 2827 2830
f 391 394 393
f 2165 2169 1519
f 1496 1669 3165
f 1841 392 1844
f 395 1496 408
f 2824 2827 2754
f 3165 1669 897
f 394 395 408
f 1841 1843 1842
f 890 896 830
f 2824 2829 2828
f 830 896 826
f 891 897 895
f 664 1299 362
f 1826 2984 2770
f 890 891 895
f 157 1302 1242
f 845 155 2986
f 1511 1513 1512
f 2004 2006 1720
f 3013 3014 3017
f 1822 1826 1825
f 1930 1906 3029
f 3017 1842 3096
f 1717 512 1718
f 1512 1521 1517
f 3013 2828 3014
f 237 240 242
f 2983 2985 2984
f 1844 392 393
f 1822 1824 1521
f 1513 1516 1519
f 1298 1242 1302
f 2004 2007 2006
f 2830 3038 2169
f 657 1906 1907
f 1841 1844 1843
f 762 763 766
f 1843 3096 1842
f 152 155 154
f 661 1907 1299
f 2983 845 2986
f 664 360 1298
f 3165 897 898
f 1496 3165 1350
f 2824 2825 2827
f 891 898 897
f 408 1496 1350
f 827 890 830
f 824 830 826
f 2830 2827 3040
f 2824 2828 2826
f 827 891 890
f 394 408 407
f 394 407 393
f 1519 2169 3038
f 1930 3028 2007
f 845 154 155
f 1345 3242 2781
f 152 153 157
f 763 767 766
f 242 244 1345
f 3013 3017 3016
f 2824 2826 2825
f 824 826 825
f 3017 3096 3016
f 2830 3040 3038
f 3013 3018 2828
f 1513 1520 1512
f 3029 1906 657
f 824 827 830
f 2825 3040 2827
f 1930 3029 3028
f 664 661 1299
f 1193 2984 1826
f 2826 2828 3018
f 1512 1522 1521
f 1844 393 2462
f 661 657 1907
f 2371 1302 157
f 1717 1720 1721
f 1822 1196 1826
f 3165 898 1349
f 891 892 898
f 152 154 153
f 3165 1349 1350
f 1513 1519 1518
f 827 892 891
f 1844 2461 1843
f 408 1350 1352
f 2983 2984 1683
f 2487 393 407
f 408 1352 407
f 1843 2486 3096
f 1822 1521 1823
f 153 2371 157
f 1512 1520 1522
f 1513 1518 1520
f 2006 1721 1720
f 2260 767 2782
f 2462 393 2487
f 3013 3015 3018
f 513 762 512
f 3013 3016 3015
f 2587 1519 3038
f 1196 1193 1826
f 1844 2462 2461
f 1298 1302 1301
f 3016 3096 2486
f 2983 842 845
f 824 825 829
f 2260 2782 2781
f 2825 2826 3049
f 1193 1683 2984
f 3313 898 892
f 824 828 827
f 1349 898 3313
f 2825 3049 3040
f 1823 1521 1522
f 3266 2826 3018
f 2461 2486 1843
f 2006 2007 2189
f 827 893 892
f 3037 3038 3040
f 1518 1519 2583
f 1348 1350 1349
f 1822 1823 1196
f 664 1298 1300
f 1348 1352 1350
f 840 154 845
f 3028 2189 2007
f 2371 1301 1302
f 2487 407 2494
f 2983 1683 842
f 1717 511 512
f 2583 1519 2587
f 153 154 846
f 2492 407 1352
f 3015 3266 3018
f 824 829 828
f 827 828 893
f 3049 2826 3266
f 513 763 762
f 2587 3038 3037
f 1522 1520 2585
f 1518 2585 1520
f 2494 407 2492
f 3015 3016 3293
f 3049 3039 3040
f 1298 1301 1300
f 2462 2487 2488
f 662 661 664
f 2664 3313 892
f 3293 3016 2486
f 840 845 842
f 2461 2462 2485
f 3037 3040 3039
f 1351 1349 3313
f 893 2664 892
f 658 3029 657
f 840 846 154
f 1717 1721 511
f 1348 1349 1351
f 2487 2494 2488
f 1113 2371 153
f 3028 3029 658
f 1193 1194 1683
f 1823 1522 1828
f 656 657 661
f 1348 1353 1352
f 1190 1193 1196
f 2492 1352 1353
f 2462 2488 2485
f 829 1617 828
f 2506 3266 3015
f 1522 2585 1828
f 1113 153 846
f 2461 2484 2486
f 828 2666 893
f 763 768 767
f 664 1300 666
f 1518 2583 2584
f 1351 3313 2664
f 1518 2584 2585
f 2506 3015 3293
f 3049 3266 1108
f 893 2666 2664
f 1823 1195 1196
f 2583 2587 2586
f 1625 1628 1627
f 2379 2494 2492
f 829 1618 1617
f 2461 2485 2484
f 510 513 512
f 662 664 666
f 3049 3265 3039
f 2371 2370 1301
f 1190 1194 1193
f 2587 3037 3036
f 2186 1721 2006
f 1682 842 1683
f 2379 2488 2494
f 1348 1351 1354
f 2859 828 1617
f 510 512 511
f 3028 3030 2189
f 767 768 2782
f 2186 2006 2189
f 3293 2486 2940
f 2859 2666 828
f 1348 1354 1353
f 2379 2492 1353
f 3037 3039 3041
f 656 661 662
f 1682 1683 1194
f 2506 1108 3266
f 840 843 846
f 1190 1196 1195
f 1113 2370 2371
f 3049 1108 3265
f 2583 2586 2584
f 656 658 657
f 2587 3036 2586
f 1823 1828 1827
f 2938 2485 2488
f 2484 2940 2486
f 840 842 841
f 1113 846 843
f 3028 658 3030
f 1345 2781 1346
f 2665 1351 2664
f 1301 1432 1300
f 2660 2664 2666
f 3039 3265 3041
f 848 2338 850
f 3037 3041 3036
f 2457 1617 1618
f 2585 3317 1828
f 1823 1827 1195
f 2484 2485 2938
f 2457 2859 1617
f 2379 2493 2488
f 2585 2584 3317
f 2506 3293 1111
f 2662 2666 2859
f 2383 1354 1351
f 237 242 243
f 1190 1191 1194
f 1301 2370 1432
f 237 239 238
f 1682 841 842
f 242 1345 1344
f 2660 2665 2664
f 3009 848 238
f 2938 2488 2493
f 2376 2379 1353
f 2660 2666 2662
f 2378 1353 1354
f 1682 1194 1191
f 2191 511 1721
f 3293 2940 1111
f 2383 1351 2665
f 1110 1108 2506
f 2456 2457 1618
f 840 844 843
f 2782 1346 2781
f 2584 2586 2672
f 1431 666 1300
f 1827 1828 3317
f 1626 1627 850
f 3030 2190 2189
f 662 666 665
f 1108 1109 3265
f 3036 2501 2586
f 840 841 844
f 2186 2191 1721
f 2376 1353 2378
f 2457 115 2859
f 1110 2506 1111
f 3041 3265 1109
f 509 1113 843
f 2662 2859 115
f 2186 2189 2190
f 1190 1195 1192
f 2378 1354 2383
f 1431 1300 1432
f 502 2370 1113
f 513 269 763
f 2484 2938 2937
f 2484 2939 2940
f 3036 3041 2500
f 2379 2380 2493
f 763 769 768
f 1190 1192 1191
f 2376 2380 2379
f 2501 2672 2586
f 2660 2662 2661
f 2660 2663 2665
f 656 663 658
f 510 268 513
f 2673 3317 2584
f 1105 1108 1110
f 2673 2584 2672
f 2456 114 2457
f 656 662 660
f 1827 2086 1195
f 2938 2493 2908
f 3036 2500 2501
f 509 843 844
f 1431 665 666
f 1105 1109 1108
f 2661 2662 115
f 509 502 1113
f 1682 1191 1685
f 2660 2661 2663
f 2484 2937 2939
f 2457 114 115
f 2383 2665 2921
f 503 1432 2370
f 3141 1111 2940
f 1682 1684 841
f 510 511 267
f 658 2193 3030
f 3052 3041 1109
f 3052 2500 3041
f 662 665 660
f 2378 2383 2382
f 1192 1195 2086
f 2665 2663 2921
f 2938 2908 2937
f 1104 1110 1111
f 2376 2378 2377
f 2380 2908 2493
f 3141 2940 2939
f 1827 3317 3316
f 502 503 2370
f 2376 2377 2380
f 1685 1191 1192
f 1105 1110 1104
f 2502 2672 2501
f 1682 1685 1684
f 2382 2383 2921
f 3030 2193 2190
f 763 269 769
f 2661 115 116
f 2782 768 3117
f 1344 1345 1346
f 658 663 3147
f 656 659 663
f 841 1686 844
f 513 268 269
f 2502 2673 2672
f 1827 3316 2086
f 514 511 2191
f 242 1344 243
f 113 115 114
f 2661 123 2663
f 3334 3317 2673
f 1431 1432 1434
f 510 267 268
f 2499 2501 2500
f 2378 2382 2381
f 3141 1112 1111
f 1104 1111 1112
f 656 660 659
f 1105 1107 1109
f 2378 2381 2377
f 509 844 508
f 841 1684 1686
f 2921 2663 123
f 113 116 115
f 3052 1109 2761
f 503 1434 1432
f 658 3147 2193
f 2937 2775 2939
f 2186 2190 2188
f 3334 3316 3317
f 237 243 239
f 1431 1435 665
f 2661 116 123
f 2907 2908 2380
f 3052 2505 2500
f 2499 2502 2501
f 119 114 1911
f 267 511 514
f 2937 2908 2772
f 1103 1105 1104
f 505 502 509
f 2377 2384 2380
f 3138 3141 2939
f 2186 2187 2191
f 113 114 119
f 768 769 3117
f 660 665 1435
f 1192 2086 2085
f 1107 2761 1109
f 2382 2921 2922
f 501 503 502
f 1103 1107 1105
f 508 844 1686
f 2907 2380 2384
f 2499 2500 2505
f 2502 2674 2673
f 2937 2772 2775
f 2080 1685 1192
f 659 3147 663
f 3138 2939 2775
f 3052 2761 2505
f 2382 2922 2381
f 3334 2673 2674
f 3316 2953 2086
f 505 509 508
f 2188 2190 2193
f 1685 2081 1684
f 2377 2381 441
f 3009 238 239
f 1104 1112 1106
f 1909 119 1911
f 2921 123 2971
f 647 2908 2907
f 501 502 505
f 3137 1112 3141
f 1103 1104 1106
f 113 117 116
f 2377 441 2384
f 117 123 116
f 647 2772 2908
f 2085 2086 2953
f 1431 1434 1433
f 3137 3141 3138
f 2080 1192 2085
f 2922 2921 2971
f 2805 1686 1684
f 1431 1433 1435
f 2186 2188 2187
f 113 119 118
f 2499 2503 2502
f 3334 3333 3316
f 2782 3116 1346
f 503 506 1434
f 514 2191 2187
f 2080 2081 1685
f 1107 2611 2761
f 501 506 503
f 2502 2503 2674
f 2805 1684 2081
f 1103 1084 1107
f 1909 118 119
f 2771 2775 2772
f 3138 2775 2773
f 3155 660 1435
f 113 118 117
f 3139 1106 1112
f 2782 3117 3116
f 2907 2384 440
f 117 121 123
f 441 439 2384
f 2922 436 2381
f 123 121 2971
f 2952 2953 3316
f 3137 3139 1112
f 3156 659 660
f 2381 436 441
f 2499 2505 2504
f 1103 1106 1084
f 1089 2505 2761
f 3009 2338 848
f 464 3334 2674
f 263 268 267
f 508 1686 2157
f 647 2907 440
f 2952 3316 3333
f 2771 2773 2775
f 1084 2611 1107
f 646 2772 647
f 263 269 268
f 2899 3147 659
f 440 2384 439
f 464 3333 3334
f 2805 2160 1686
f 2193 3147 2900
f 2611 1089 2761
f 505 508 507
f 2499 2504 2503
f 646 2771 2772
f 2951 2085 2953
f 3137 3138 3053
f 2922 2971 2970
f 1909 1910 118
f 903 769 269
f 501 505 504
f 3156 660 3155
f 3138 2773 3053
f 2080 2085 2084
f 433 439 441
f 2157 1686 2160
f 267 514 264
f 1089 2504 2505
f 2883 1433 1434
f 2922 2970 436
f 2883 1434 506
f 3139 1087 1106
f 2503 463 2674
f 903 3117 769
f 2951 2953 2952
f 433 441 436
f 117 122 121
f 2188 2193 2192
f 1433 2837 1435
f 117 118 120
f 1084 1106 1087
f 501 504 506
f 2080 2082 2081
f 3155 1435 2837
f 507 508 2157
f 2951 2084 2085
f 2805 2081 2246
f 433 440 439
f 3137 3140 3139
f 643 647 440
f 464 2674 463
f 2971 121 2217
f 643 646 647
f 2771 2774 2773
f 3156 2899 659
f 1084 1085 2611
f 505 507 504
f 646 648 2771
f 2611 1085 1089
f 2899 2900 3147
f 117 120 122
f 3137 3053 3140
f 1646 118 1910
f 2952 3333 465
f 2805 2246 2160
f 2970 2971 2217
f 464 465 3333
f 2774 3053 2773
f 1344 1346 406
f 122 2217 121
f 2192 2193 2900
f 3140 1087 3139
f 263 267 264
f 2246 2081 2082
f 2771 648 2774
f 2080 2084 2083
f 2503 2504 3261
f 1646 120 118
f 514 2187 2344
f 2080 2083 2082
f 2503 3261 463
f 2188 2194 2187
f 432 433 436
f 643 644 646
f 644 648 646
f 2970 435 436
f 643 440 442
f 1089 208 2504
f 1646 1910 1648
f 433 434 440
f 2143 506 504
f 2951 2952 2955
f 2883 506 2143
f 2838 3156 3155
f 2157 2160 2159
f 2838 3155 2837
f 1082 1084 1087
f 2951 2954 2084
f 1082 1085 1084
f 459 464 463
f 2836 1433 2883
f 2836 2837 1433
f 514 2344 264
f 210 1089 1085
f 2952 465 2955
f 2160 2246 2159
f 459 465 464
f 2774 3054 3053
f 3140 3053 3146
f 507 2157 2158
f 1344 404 243
f 2970 2217 2215
f 432 436 435
f 1626 850 2338
f 434 442 440
f 122 120 141
f 2188 2192 2194
f 263 266 269
f 3140 1086 1087
f 648 649 2774
f 122 141 2217
f 2954 2083 2084
f 210 208 1089
f 432 434 433
f 266 903 269
f 2504 209 3261
f 2970 2215 435
f 643 645 644
f 2951 2955 2954
f 644 649 648
f 507 2142 504
f 3146 3053 3054
f 643 442 645
f 2504 208 209
f 1646 139 120
f 2157 2159 2158
f 1645 1646 1648
f 3156 197 2899
f 2245 2246 2082
f 3261 462 463
f 1082 1087 1086
f 2774 649 3054
f 1082 210 1085
f 2245 2082 2083
f 193 2900 2899
f 459 463 462
f 3329 3116 3117
f 243 1347 239
f 903 3329 3117
f 3140 3146 3145
f 3116 403 1346
f 139 141 120
f 2187 2342 2344
f 2838 2839 3156
f 3140 3145 1086
f 507 2158 2142
f 2141 2143 504
f 2187 2194 2342
f 2212 2215 2217
f 2833 2838 2837
f 644 645 650
f 644 650 649
f 2883 2143 2144
f 1645 139 1646
f 2244 2159 2246
f 2212 2217 141
f 459 460 465
f 432 435 438
f 460 2955 465
f 2833 2837 2836
f 2836 2883 2144
f 260 263 264
f 2192 2900 1689
f 434 443 442
f 3261 209 3262
f 645 442 443
f 2141 504 2142
f 2954 232 2083
f 432 437 434
f 3261 3262 462
f 2839 197 3156
f 2244 2246 2245
f 3146 3054 3248
f 2954 2955 2956
f 2216 435 2215
f 193 2899 197
f 207 208 210
f 403 406 1346
f 1344 406 404
f 207 209 208
f 3275 3054 649
f 3145 3146 3248
f 2877 650 645
f 432 438 437
f 2245 2083 232
f 2158 2159 2249
f 1082 214 210
f 1082 1086 1088
f 2216 438 435
f 193 1689 2900
f 2833 2839 2838
f 459 462 461
f 137 141 139
f 2344 265 264
f 2212 2216 2215
f 2141 2144 2143
f 2877 645 443
f 650 2878 649
f 3145 1088 1086
f 2954 2956 232
f 2212 141 142
f 2244 2249 2159
f 3248 3054 3275
f 459 461 460
f 1645 1647 139
f 434 135 443
f 2192 1450 2194
f 434 437 135
f 137 142 141
f 460 3045 2955
f 3045 2956 2955
f 207 210 214
f 2158 2658 2142
f 3275 649 2878
f 211 3262 209
f 2877 2878 650
f 2833 2836 2840
f 2836 2144 2840
f 263 261 266
f 260 264 265
f 3145 3248 3249
f 1082 1083 214
f 243 404 1347
f 260 261 263
f 1082 1088 1083
f 207 211 209
f 805 462 3262
f 2244 2245 2248
f 2192 1689 1450
f 2158 2249 2658
f 3145 3249 1088
f 1091 437 438
f 137 139 138
f 2216 1091 438
f 2877 443 2879
f 461 462 805
f 2212 142 2213
f 1647 138 139
f 2141 2142 2146
f 2343 2344 2342
f 2212 2214 2216
f 2245 232 234
f 2877 2879 2878
f 2839 198 197
f 192 193 197
f 2833 2834 2839
f 3248 3275 3276
f 211 805 3262
f 232 2956 231
f 460 461 3043
f 1625 1627 1626
f 2244 2247 2249
f 137 140 142
f 443 135 136
f 1451 2342 2194
f 133 135 437
f 2212 2213 2214
f 2245 234 2248
f 2146 2142 2658
f 266 902 903
f 3248 3276 3249
f 3045 231 2956
f 193 194 1689
f 2343 265 2344
f 460 3044 3045
f 3329 1847 3116
f 133 437 1091
f 443 136 2879
f 2244 2248 2247
f 207 214 213
f 1178 3275 2878
f 2141 2145 2144
f 142 140 2213
f 902 3329 903
f 137 138 140
f 2534 214 1083
f 460 3043 3044
f 3249 2538 1088
f 207 212 211
f 1847 403 3116
f 3009 239 2127
f 2216 1493 1091
f 2839 2834 198
f 1451 2194 1450
f 192 197 198
f 2144 2442 2840
f 2833 2840 2835
f 2533 1083 1088
f 192 194 193
f 3276 3275 1178
f 2250 2658 2249
f 2878 2879 1177
f 2216 2214 1493
f 461 805 803
f 3222 138 1647
f 131 135 133
f 131 136 135
f 2534 213 214
f 461 803 3043
f 2141 2146 2145
f 226 232 231
f 226 234 232
f 207 213 212
f 3276 2538 3249
f 2247 2250 2249
f 2213 2218 2214
f 2833 2835 2834
f 1178 2878 1177
f 2213 140 2218
f 260 265 262
f 3045 230 231
f 804 805 211
f 3222 1647 926
f 1451 2343 2342
f 3045 3044 230
f 2533 1088 2538
f 2533 2534 1083
f 133 1091 1090
f 260 262 261
f 2144 2145 2442
f 234 2251 2248
f 140 138 3221
f 2247 2248 2251
f 136 1176 2879
f 1449 1450 1689
f 2657 2146 2658
f 1449 1689 194
f 804 211 212
f 1091 1493 1090
f 1176 1177 2879
f 266 261 901
f 3221 138 3222
f 3044 3043 1680
f 2835 2840 2442
f 131 133 132
f 2127 239 1347
f 2657 2658 2250
f 131 134 136
f 1680 3043 803
f 2214 2218 1812
f 3276 1178 1180
f 2214 1812 1493
f 800 803 805
f 3276 3201 2538
f 2534 2535 213
f 140 2428 2218
f 133 1090 132
f 800 805 804
f 134 1176 136
f 225 226 231
f 2533 2535 2534
f 225 231 230
f 3044 1681 230
f 1173 1178 1177
f 226 233 234
f 3222 926 2339
f 2247 2252 2250
f 192 195 194
f 2343 628 265
f 2834 3166 198
f 140 3221 2428
f 233 2251 234
f 212 213 3012
f 192 198 196
f 266 901 902
f 2247 2251 2252
f 3044 1680 1681
f 131 132 134
f 3276 1180 3201
f 2656 2145 2146
f 2834 2835 3166
f 262 265 628
f 1173 1180 1178
f 1172 1177 1176
f 2656 2146 2657
f 2428 1812 2218
f 2533 2538 2537
f 1492 1090 1493
f 2535 3012 213
f 3329 1611 1847
f 3221 3222 1333
f 1445 1451 1450
f 902 1611 3329
f 401 406 403
f 804 212 3011
f 262 627 261
f 1449 194 195
f 1680 803 801
f 401 404 406
f 1172 1173 1177
f 3201 2537 2538
f 3222 2339 1333
f 491 2442 2145
f 1445 1450 1449
f 2835 2442 490
f 1495 1493 1812
f 132 1090 1093
f 800 801 803
f 192 196 195
f 2657 2250 2448
f 229 230 1681
f 3166 196 198
f 3011 212 3012
f 225 230 229
f 2533 2536 2535
f 261 627 901
f 225 227 226
f 2252 2448 2250
f 1492 1493 1495
f 226 227 233
f 132 1092 134
f 1492 1093 1090
f 1175 1176 134
f 3221 1334 2428
f 233 2408 2251
f 2408 2252 2251
f 1451 630 2343
f 3009 2337 2338
f 1676 1681 1680
f 800 804 806
f 3200 3201 1180
f 2656 2440 2145
f 2533 2537 2536
f 3221 1333 1334
f 1172 1176 1175
f 491 490 2442
f 1173 1179 1180
f 132 1093 1092
f 804 3011 806
f 491 2145 2440
f 1813 1812 2428
f 2535 3305 3012
f 1676 1680 801
f 3200 2537 3201
f 1172 1174 1173
f 1335 1333 2339
f 3166 2835 486
f 402 403 1847
f 2656 2657 2446
f 1676 229 1681
f 1175 134 1092
f 2343 630 628
f 2835 490 486
f 1495 1812 1813
f 2535 2536 3305
f 3200 1180 1179
f 1449 195 1690
f 2657 2448 2446
f 800 802 801
f 225 229 228
f 2428 1334 2426
f 225 228 227
f 1173 1174 1179
f 3011 3012 2517
f 405 1347 404
f 622 262 628
f 227 235 233
f 1172 1175 1174
f 1492 1494 1093
f 2447 2448 2252
f 1445 1446 1451
f 622 627 262
f 233 235 2408
f 800 806 802
f 1492 1495 1494
f 2408 2447 2252
f 1813 2428 2426
f 1332 1334 1333
f 3305 2517 3012
f 1092 1093 1917
f 2345 195 196
f 1332 1333 1335
f 2656 2439 2440
f 1445 1449 1444
f 3166 2349 196
f 1451 1446 630
f 2536 2537 3199
f 3198 2537 3200
f 809 1676 801
f 806 3011 1058
f 2656 2446 2439
f 1449 1690 1444
f 1494 1917 1093
f 1495 1813 1814
f 1676 1677 229
f 1913 1175 1092
f 1610 902 901
f 2345 1690 195
f 489 491 2440
f 802 809 801
f 485 490 491
f 3305 2536 3306
f 3011 2517 1058
f 3200 1179 2089
f 1495 1814 1494
f 3166 486 2060
f 623 901 627
f 722 1847 1611
f 401 403 402
f 228 229 1677
f 1334 1338 2426
f 227 228 236
f 1913 1092 1917
f 2087 1179 1174
f 2444 2446 2448
f 227 236 235
f 1332 1338 1334
f 3198 3199 2537
f 1175 1918 1174
f 485 486 490
f 2444 2448 2447
f 330 2408 235
f 330 2447 2408
f 2345 196 2349
f 3305 2516 2517
f 3166 2060 2349
f 723 1611 902
f 3306 2536 3199
f 802 806 807
f 489 2440 2439
f 3198 3200 2089
f 2424 1813 2426
f 3009 2127 2337
f 1332 1335 1337
f 1675 1676 809
f 2087 2089 1179
f 3305 3306 2516
f 806 1058 807
f 485 491 489
f 622 623 627
f 1675 1677 1676
f 1913 1914 1175
f 621 628 630
f 2087 1174 1918
f 622 628 621
f 722 402 1847
f 401 405 404
f 2424 2426 1338
f 1813 2425 1814
f 1175 1914 1918
f 1916 1917 1494
f 1442 1446 1445
f 2345 2346 1690
f 2346 1444 1690
f 2443 2439 2446
f 802 808 809
f 1059 1058 2517
f 228 1677 3153
f 236 228 3153
f 2424 2425 1813
f 405 2127 1347
f 1442 1445 1444
f 1913 1917 1916
f 2429 1494 1814
f 1332 1336 1338
f 1610 901 623
f 1059 2517 2516
f 329 235 236
f 487 2060 486
f 329 330 235
f 2443 2446 2444
f 1332 1337 1336
f 802 807 808
f 2444 2447 328
f 330 328 2447
f 485 487 486
f 723 902 1610
f 3198 931 3199
f 489 2439 2441
f 937 3306 3199
f 3198 2089 932
f 753 630 1446
f 2429 1916 1494
f 2515 2516 3306
f 2087 2090 2089
f 2425 2429 1814
f 1675 1678 1677
f 1675 809 1679
f 1050 807 1058
f 2424 1338 2427
f 2349 2060 2061
f 1913 1915 1914
f 2087 1918 2088
f 723 722 1611
f 2443 2441 2439
f 2345 2349 2348
f 1913 1916 1915
f 809 808 1679
f 1336 2427 1338
f 2345 2347 2346
f 1050 1058 1059
f 937 3199 931
f 3198 932 931
f 1059 2516 2515
f 236 3153 1331
f 2515 3306 937
f 1918 1914 2092
f 2089 2090 932
f 485 489 488
f 3194 3153 1677
f 329 236 1331
f 2346 1447 1444
f 487 2061 2060
f 1336 1337 2892
f 2087 2088 2090
f 1675 1679 1678
f 620 623 622
f 1678 3194 1677
f 1442 753 1446
f 2424 1153 2425
f 324 330 329
f 1251 2444 328
f 2335 1626 2338
f 620 622 621
f 2443 2444 1251
f 489 2441 488
f 324 328 330
f 1051 808 807
f 621 630 629
f 2088 1918 2092
f 1442 1444 1447
f 2345 2348 2347
f 1915 2092 1914
f 2348 2349 2061
f 2425 2430 2429
f 2424 2427 1153
f 1051 807 1050
f 629 630 753
f 485 492 487
f 2512 1059 2515
f 2429 2026 1916
f 2347 1447 2346
f 1336 2804 2427
f 2024 1915 1916
f 2425 1153 2430
f 1050 1059 1054
f 3153 3195 1331
f 329 1331 331
f 1336 2892 2804
f 2443 2445 2441
f 3194 3195 3153
f 928 937 931
f 1057 1679 808
f 927 931 932
f 938 2515 937
f 485 488 492
f 2090 933 932
f 401 402 398
f 324 329 331
f 1678 1679 573
f 2512 1054 1059
f 2088 2091 2090
f 1051 1057 808
f 1678 573 3194
f 1251 328 325
f 324 325 328
f 2024 1916 2026
f 487 2056 2061
f 2088 2092 2093
f 2463 2429 2430
f 488 2441 2445
f 2512 2515 2514
f 720 402 722
f 1610 623 626
f 1915 2025 2092
f 2443 1251 1248
f 928 938 937
f 2463 2026 2429
f 927 928 931
f 2335 2338 2337
f 1152 1153 2427
f 2514 2515 938
f 927 932 933
f 2091 933 2090
f 2088 2093 2091
f 2347 2348 2851
f 1152 2427 2804
f 1049 1051 1050
f 2347 2851 1447
f 2024 2025 1915
f 492 2056 487
f 2443 1248 2445
f 1057 572 1679
f 1049 1050 1054
f 1442 1443 753
f 573 1679 572
f 2892 1830 2804
f 331 1331 3151
f 1442 1447 1448
f 620 626 623
f 2348 2061 2063
f 3195 3151 1331
f 3194 3196 3195
f 620 621 625
f 2430 1153 1154
f 719 722 723
f 621 629 625
f 2512 2513 1054
f 3194 573 3196
f 723 1610 1609
f 2512 2514 2513
f 324 331 327
f 2093 2092 995
f 2056 2063 2061
f 2463 2430 1154
f 1051 1055 1057
f 629 753 754
f 2092 2025 995
f 324 326 325
f 1246 1251 325
f 2024 2026 2028
f 1149 1153 1152
f 2093 996 2091
f 720 398 402
f 1442 1448 1443
f 492 488 2059
f 488 2445 2946
f 928 936 938
f 401 399 405
f 1049 1055 1051
f 927 929 928
f 2514 938 2561
f 2463 2464 2026
f 1246 1248 1251
f 2024 2027 2025
f 1053 1054 2513
f 1149 1154 1153
f 1049 1054 1053
f 1831 1152 2804
f 927 933 930
f 331 3151 327
f 3347 3195 3196
f 993 933 2091
f 3347 3151 3195
f 1831 2804 1830
f 2851 2348 252
f 566 573 572
f 324 327 326
f 1443 754 753
f 2514 2561 2513
f 492 2057 2056
f 1057 570 572
f 2024 2028 2027
f 2093 995 996
f 2026 2464 2028
f 2851 253 1447
f 720 722 719
f 2348 2063 252
f 1610 626 1609
f 1248 2748 2445
f 573 567 3196
f 993 2091 996
f 938 936 2561
f 929 936 928
f 1246 325 326
f 488 2946 2059
f 2463 1154 2465
f 927 930 929
f 1057 1055 570
f 396 401 398
f 253 1448 1447
f 2463 2465 2464
f 993 930 933
f 566 567 573
f 1149 1152 1151
f 492 2059 2058
f 492 2058 2057
f 2445 2748 2946
f 566 572 570
f 1049 1053 1052
f 620 625 624
f 2025 1894 995
f 1053 2513 3230
f 2027 1894 2025
f 1831 1151 1152
f 2056 2062 2063
f 620 624 626
f 2513 2561 3230
f 719 723 724
f 3347 3150 3151
f 625 629 751
f 1049 1056 1055
f 629 754 751
f 2056 2057 2062
f 723 1609 724
f 1099 3347 3196
f 1149 1150 1154
f 991 996 995
f 405 2126 2127
f 1246 1249 1248
f 1829 1831 1830
f 3149 327 3151
f 2027 2028 2856
f 2851 252 253
f 396 399 401
f 991 993 996
f 2464 2855 2028
f 1049 1052 1056
f 1249 2748 1248
f 567 1099 3196
f 1053 3230 1052
f 929 934 936
f 1149 1151 1150
f 1246 326 1247
f 1563 2465 1154
f 3149 3151 3150
f 2464 2465 2857
f 2561 936 2434
f 326 327 1252
f 2027 2856 1894
f 1099 3150 3347
f 565 566 570
f 2855 2856 2028
f 3252 570 1055
f 1443 1448 258
f 565 567 566
f 929 930 935
f 2127 3010 2337
f 1150 1563 1154
f 2561 3295 3230
f 3024 2058 2059
f 997 995 1894
f 2063 251 252
f 993 994 930
f 991 995 997
f 2464 2857 2855
f 1723 754 1443
f 1831 1832 1151
f 1056 3252 1055
f 2059 2946 3025
f 2057 2058 2924
f 2748 1122 2946
f 934 2434 936
f 2062 251 2063
f 989 993 991
f 258 1448 253
f 3149 1252 327
f 929 935 934
f 1829 1832 1831
f 2561 2434 3295
f 2057 2924 2062
f 1563 2857 2465
f 326 1252 1247
f 1246 1250 1249
f 1052 3230 1382
f 1246 1247 1250
f 1052 1382 1056
f 1121 2748 1249
f 568 1099 567
f 3024 2059 3025
f 935 930 994
f 989 994 993
f 2716 1894 2856
f 3024 2924 2058
f 1150 1151 2570
f 565 568 567
f 1723 751 754
f 565 570 571
f 3025 2946 1122
f 3295 3294 3230
f 625 752 624
f 1121 1122 2748
f 571 570 3252
f 2852 2856 2855
f 1099 1100 3150
f 1723 1443 258
f 3149 3150 1100
f 1151 1832 2570
f 625 751 752
f 247 253 252
f 3230 3294 1382
f 991 997 990
f 1609 626 1613
f 2854 2855 2857
f 1150 1562 1563
f 624 1616 626
f 989 991 990
f 997 1894 1893
f 720 397 398
f 934 2432 2434
f 718 720 719
f 1056 1383 3252
f 2852 2716 2856
f 935 2432 934
f 1893 1894 2716
f 1563 1561 2857
f 1150 2570 1562
f 719 724 721
f 1056 1382 1383
f 247 252 251
f 2924 3065 2062
f 2635 3295 2434
f 1829 1833 1832
f 1098 1099 568
f 2852 2855 2854
f 2062 3065 251
f 1247 1252 1253
f 1121 1249 1123
f 1249 1250 1123
f 3149 2846 1252
f 1098 1100 1099
f 1247 1253 1250
f 2635 3294 3295
f 3024 3026 2924
f 935 994 1992
f 989 992 994
f 248 258 253
f 565 569 568
f 2854 2857 1561
f 3024 3025 3026
f 565 571 569
f 396 398 397
f 405 399 2125
f 1609 1612 724
f 3192 2434 2432
f 3149 1100 2846
f 1116 1122 1121
f 989 990 992
f 2127 2126 3010
f 3025 1122 1118
f 571 3252 1987
f 997 1892 990
f 1555 1563 1562
f 2635 2434 3192
f 1167 2570 1832
f 1381 1382 3294
f 997 1893 1892
f 3252 1383 1987
f 935 2433 2432
f 1613 626 1616
f 1555 1561 1563
f 247 248 253
f 624 752 1616
f 2852 2715 2716
f 935 1992 2433
f 1991 1992 994
f 1991 994 992
f 1167 1832 1833
f 718 719 721
f 1116 1121 1123
f 1893 2716 2715
f 1723 551 751
f 2635 1381 3294
f 1116 1118 1122
f 1377 1383 1382
f 2924 3064 3065
f 2131 1250 1253
f 1098 568 639
f 2924 3026 3064
f 2852 2854 2853
f 1168 1562 2570
f 2131 1123 1250
f 2844 1253 1252
f 1723 258 1722
f 568 569 639
f 551 752 751
f 2844 1252 2846
f 1377 1382 1381
f 718 397 720
f 2854 1561 1560
f 1609 1613 1612
f 990 1895 992
f 1098 638 1100
f 250 251 3065
f 1985 569 571
f 2764 3192 2432
f 247 251 250
f 3025 1119 3026
f 990 1892 1895
f 405 2125 2126
f 1985 571 1987
f 724 1612 721
f 1167 1168 2570
f 2852 2853 2715
f 1555 1562 1168
f 3025 1118 1119
f 2634 2635 3192
f 248 259 258
f 2433 2764 2432
f 1892 1893 1897
f 2854 1560 2853
f 2846 1100 2849
f 1556 1561 1555
f 1383 1384 1987
f 1991 1993 1992
f 1893 2715 1897
f 2433 1992 1993
f 1098 639 638
f 1722 258 259
f 1377 1384 1383
f 1556 1560 1561
f 1991 992 1994
f 2764 2634 3192
f 1116 1123 1115
f 1380 1381 2635
f 638 2849 1100
f 1114 1118 1116
f 1167 1833 1171
f 1599 1123 2131
f 2131 1253 1598
f 550 1723 1722
f 1994 992 1895
f 396 400 399
f 550 551 1723
f 1380 2635 2634
f 1376 1377 1381
f 2697 3064 3026
f 2712 1171 1833
f 2693 3065 3064
f 2844 1598 1253
f 1984 1985 1987
f 639 569 640
f 1892 1896 1895
f 247 249 248
f 1991 1994 1993
f 1985 640 569
f 2853 2226 2715
f 1892 1897 1896
f 1114 1119 1118
f 1984 1987 1384
f 1166 1168 1167
f 1119 2697 3026
f 2844 2846 2845
f 1599 1115 1123
f 1554 1555 1168
f 1324 2764 2433
f 250 3065 2693
f 1114 1116 1115
f 1324 2433 1993
f 1554 1556 1555
f 1376 1381 1380
f 2880 1616 752
f 2853 1560 2225
f 248 256 259
f 2845 2846 2849
f 2764 2633 2634
f 2736 2337 3010
f 633 638 639
f 1599 2131 1598
f 551 2881 752
f 1166 1167 1171
f 1377 1378 1384
f 2335 2337 2336
f 247 250 254
f 1376 1378 1377
f 2227 1897 2715
f 1556 1559 1560
f 1380 2634 2633
f 2853 2225 2226
f 2697 2693 3064
f 249 256 248
f 396 397 400
f 1994 1895 1996
f 2227 2715 2226
f 1895 1896 1996
f 638 637 2849
f 1613 1616 1903
f 633 639 640
f 247 254 249
f 718 721 146
f 1984 1986 1985
f 1994 1328 1993
f 2225 1560 1559
f 2764 2765 2633
f 1722 259 1389
f 1897 3098 1896
f 1166 1169 1168
f 1554 1559 1556
f 1324 2765 2764
f 1984 1384 1988
f 146 721 1612
f 2880 752 2881
f 1985 1986 640
f 1324 1993 1328
f 550 1722 548
f 1554 1168 1169
f 633 637 638
f 1114 1120 1119
f 1613 1904 1612
f 2844 2847 1598
f 1376 1380 1379
f 1378 1386 1384
f 2844 2845 2847
f 256 1389 259
f 2227 3098 1897
f 1376 1379 1378
f 2125 399 400
f 1599 1600 1115
f 1595 1599 1598
f 2845 2849 2848
f 1114 1115 1117
f 1380 2633 66
f 1988 1384 1386
f 542 551 550
f 1984 1988 1986
f 1119 1361 2697
f 1996 1896 3084
f 2694 250 2693
f 637 2848 2849
f 1166 1171 1170
f 2880 1903 1616
f 1722 1389 548
f 3098 3084 1896
f 1994 1996 1995
f 2220 2226 2225
f 551 549 2881
f 66 2633 2765
f 1994 1995 1328
f 254 250 2694
f 2695 2693 2697
f 1595 1600 1599
f 3104 1171 1124
f 2220 2227 2226
f 249 257 256
f 1324 1325 2765
f 718 147 397
f 1114 1117 1120
f 2223 2225 1559
f 1120 1361 1119
f 1323 1324 1328
f 633 640 632
f 1600 1117 1115
f 2336 2337 2736
f 1166 1170 1169
f 1613 1903 1904
f 1378 1385 1386
f 1378 1379 1385
f 1379 1380 68
f 542 550 548
f 1986 642 640
f 1380 66 68
f 1554 1557 1559
f 1595 1598 1597
f 542 549 551
f 1323 1325 1324
f 631 637 633
f 256 257 1389
f 1598 2847 1597
f 3104 1170 1171
f 1554 1169 1558
f 249 254 255
f 1986 1988 1989
f 2845 2848 2475
f 2845 2475 2847
f 2227 3097 3098
f 2220 2225 2223
f 2695 2697 1361
f 3085 3084 3098
f 1988 1386 2551
f 2945 1996 3084
f 632 640 642
f 66 2765 65
f 637 636 2848
f 1325 65 2765
f 631 633 632
f 2945 1995 1996
f 249 255 257
f 718 146 147
f 1557 2223 1559
f 2220 2228 2227
f 1554 1558 1557
f 1385 2551 1386
f 1379 2549 1385
f 1323 1328 1327
f 1995 1327 1328
f 1595 1596 1600
f 2690 2693 2695
f 2690 2694 2693
f 3085 3098 3097
f 631 636 637
f 1988 2551 1989
f 1986 1989 1990
f 1625 1626 1630
f 1379 68 2549
f 1986 1990 642
f 2227 2228 3097
f 2880 2881 552
f 1169 1170 1564
f 2945 3084 3085
f 1600 1364 1117
f 2335 1631 1626
f 1595 1597 1596
f 1169 1564 1558
f 552 2881 549
f 1625 1629 1628
f 547 548 1389
f 1904 148 1612
f 2713 254 2694
f 146 1612 148
f 1358 1120 1117
f 1323 1326 1325
f 2476 2847 2475
f 62 68 66
f 2475 2848 1959
f 62 66 65
f 1358 1361 1120
f 2848 636 1959
f 2219 2220 2223
f 2713 255 254
f 1600 1596 1364
f 2847 1767 1597
f 2126 3164 3010
f 1326 65 1325
f 3104 3106 1170
f 542 548 547
f 1388 1389 257
f 1323 1327 1326
f 542 543 549
f 2287 1385 2549
f 2287 2551 1385
f 2476 1767 2847
f 2880 2882 1903
f 2695 1361 2692
f 1557 2224 2223
f 632 642 641
f 2286 2549 68
f 1989 2551 2923
f 2945 2944 1995
f 631 632 635
f 2220 2221 2228
f 2817 3085 3097
f 1989 2923 1990
f 1363 1117 1364
f 1564 1170 1566
f 1995 2944 1327
f 255 3148 257
f 2945 3085 2817
f 1990 3191 642
f 631 634 636
f 397 2467 400
f 2219 2223 2224
f 1358 1117 1363
f 3104 3105 3106
f 1566 1170 3106
f 2690 2695 2692
f 2219 2221 2220
f 62 63 68
f 547 1389 1388
f 3097 2228 2229
f 1558 1565 1557
f 543 552 549
f 1904 1903 1905
f 2880 552 2882
f 610 1596 1597
f 2286 68 63
f 1958 2476 2475
f 634 1959 636
f 2690 2696 2694
f 2287 2549 2286
f 1558 1564 1565
f 62 65 67
f 1326 67 65
f 1388 257 3148
f 632 641 635
f 1958 2475 1959
f 3191 641 642
f 611 1364 1596
f 397 147 2467
f 2696 2713 2694
f 1990 2923 3191
f 610 1597 1767
f 2287 2550 2551
f 631 635 634
f 1358 1362 1361
f 2817 3097 2229
f 2550 2923 2551
f 2125 2128 2126
f 1326 1327 3003
f 2221 2229 2228
f 1362 2692 1361
f 2943 2945 2817
f 1958 1767 2476
f 2713 2714 255
f 2943 2944 2945
f 541 543 542
f 2340 2224 1557
f 541 542 547
f 1564 1566 1567
f 610 611 1596
f 1363 1364 612
f 255 2714 3148
f 2944 3003 1327
f 2987 1903 2882
f 2125 400 2129
f 611 612 1364
f 62 64 63
f 2219 2224 2222
f 2340 1557 1565
f 1904 1905 148
f 3122 1566 3106
f 3106 3105 3111
f 1278 1959 634
f 2285 2286 63
f 1564 1567 1565
f 2987 1905 1903
f 1294 2287 2286
f 1358 1363 1360
f 62 67 64
f 1326 3172 67
f 2219 2222 2221
f 1278 1958 1959
f 2690 2692 2691
f 1326 3003 3172
f 143 147 146
f 2703 3191 2923
f 2704 641 3191
f 2287 1296 2550
f 2736 3010 2735
f 3122 1567 1566
f 1960 635 641
f 1294 2286 2285
f 2690 2691 2696
f 1958 616 1767
f 1363 612 1360
f 2221 2230 2229
f 610 1767 616
f 2285 63 64
f 2814 2817 2229
f 3122 3106 3111
f 543 546 552
f 634 635 1277
f 2340 2222 2224
f 2550 3019 2923
f 143 146 148
f 1484 2943 2817
f 3253 1388 3148
f 1294 1296 2287
f 547 1388 1387
f 607 611 610
f 1358 1359 1362
f 1482 2944 2943
f 2696 1973 2713
f 607 612 611
f 2713 1973 2714
f 3032 2692 1362
f 2704 3191 2703
f 1358 1360 1359
f 2704 1960 641
f 2221 2222 2231
f 1274 1278 634
f 3253 3148 2714
f 2933 3003 2944
f 2703 2923 3019
f 2221 2231 2230
f 2814 1484 2817
f 541 546 543
f 1277 635 1960
f 552 2947 2882
f 2816 2229 2230
f 2550 1296 3019
f 2814 2229 2816
f 1565 1567 2202
f 3236 67 3172
f 3236 64 67
f 1278 1279 1958
f 1274 634 1277
f 3032 2691 2692
f 3122 3123 1567
f 338 2285 64
f 1294 2285 338
f 1482 2943 1484
f 1482 2933 2944
f 2128 3164 2126
f 2935 3172 3003
f 541 547 545
f 613 1360 612
f 1958 2473 616
f 2340 1565 2200
f 3253 1387 1388
f 607 613 612
f 3122 3111 3124
f 552 546 2947
f 609 610 616
f 2934 3003 2933
f 1293 1296 1294
f 607 610 609
f 1279 2473 1958
f 1274 1279 1278
f 2202 1567 3123
f 3031 3032 1362
f 2934 2935 3003
f 3031 1362 1359
f 547 1387 545
f 2696 2691 1655
f 2735 3010 3164
f 2340 2341 2222
f 2987 2882 1818
f 2935 3236 3172
f 2200 1565 2202
f 3122 3124 3123
f 2704 49 1960
f 2696 1655 1973
f 338 64 336
f 3253 2714 1974
f 1293 1294 338
f 2858 1359 1360
f 2814 2816 2815
f 2703 3019 2705
f 2903 2231 2222
f 3236 336 64
f 1973 1974 2714
f 2125 2129 2128
f 43 2704 2703
f 290 2230 2231
f 2816 2230 290
f 1297 3019 1296
f 2858 1360 613
f 2814 1483 1484
f 2987 1818 1905
f 2335 2336 1631
f 1905 151 148
f 50 1277 1960
f 1274 1277 1276
f 1481 1482 1484
f 3112 3124 3111
f 1293 1297 1296
f 2340 2200 2341
f 2814 2815 1483
f 2473 615 616
f 541 544 546
f 43 2703 2705
f 3032 3035 2691
f 400 2467 2891
f 43 49 2704
f 2336 2736 2735
f 2815 2816 290
f 2341 2903 2222
f 2882 2947 1818
f 607 608 613
f 149 2467 147
f 1766 2934 2933
f 50 1960 49
f 2903 290 2231
f 1482 1480 2933
f 1274 1275 1279
f 609 616 615
f 1766 2935 2934
f 2705 3019 2707
f 1481 1484 1483
f 143 149 147
f 1276 1277 50
f 541 545 544
f 3031 3033 3032
f 1297 2707 3019
f 607 609 608
f 3031 1359 3034
f 1656 1655 2691
f 2202 3123 2199
f 1293 338 333
f 3253 3254 1387
f 143 148 145
f 400 2891 2129
f 1274 1276 1275
f 332 338 336
f 2935 1764 3236
f 1279 2474 2473
f 3236 335 336
f 2858 2255 1359
f 3123 3124 2199
f 618 2858 613
f 1656 2691 3035
f 1481 1480 1482
f 2197 2200 2202
f 3032 3033 3035
f 1766 2933 1480
f 1972 1974 1973
f 2473 2474 615
f 332 333 338
f 1973 1655 1653
f 1766 1764 2935
f 282 1483 2815
f 1905 1818 151
f 1359 2255 3034
f 282 2815 290
f 3253 1974 1976
f 608 618 613
f 1275 1282 1279
f 43 2705 42
f 332 336 335
f 3031 3034 3033
f 1293 1295 1297
f 145 148 151
f 2733 2947 546
f 2197 2202 2199
f 1279 1282 2474
f 545 1387 1391
f 42 2705 2707
f 3112 3246 3124
f 3236 342 335
f 618 2255 2858
f 40 49 43
f 2200 2403 2341
f 1293 333 1295
f 1764 342 3236
f 2903 289 290
f 40 50 49
f 3253 1976 3254
f 609 615 614
f 1481 1483 283
f 2199 3124 3246
f 1972 1973 1653
f 1297 3291 2707
f 2341 2904 2903
f 544 2733 546
f 1276 50 1280
f 1391 1387 3254
f 1276 1280 1275
f 1650 1655 1656
f 283 1483 282
f 609 617 608
f 2197 2201 2200
f 1297 1295 3291
f 1972 1976 1974
f 39 43 42
f 1275 1281 1282
f 3035 3033 966
f 287 282 290
f 615 2474 2472
f 1650 1653 1655
f 2200 2201 2403
f 1656 3035 967
f 1477 1480 1481
f 1766 1480 1765
f 2903 2904 289
f 332 334 333
f 42 2707 2706
f 332 335 337
f 39 40 43
f 3112 3292 3246
f 287 290 289
f 2255 2254 3034
f 2341 2403 2902
f 609 614 617
f 608 619 618
f 1760 1764 1766
f 545 1390 544
f 1275 1280 1281
f 962 3033 3034
f 2707 3291 2706
f 615 2472 614
f 333 334 1295
f 2341 2902 2904
f 337 335 342
f 1477 1481 283
f 2130 2474 1282
f 2947 2615 1818
f 2197 2199 2198
f 2253 2255 618
f 1761 342 1764
f 40 48 50
f 50 48 1280
f 3035 966 967
f 545 1391 1390
f 1650 1656 967
f 1760 1766 1765
f 332 337 334
f 608 617 619
f 1281 2130 1282
f 962 966 3033
f 39 42 45
f 42 2706 45
f 2472 2474 2130
f 3244 2199 3246
f 962 3034 2254
f 2733 2615 2947
f 1761 1764 1760
f 2197 2198 2201
f 281 283 282
f 2253 2254 2255
f 1630 1626 1631
f 1972 1653 1654
f 1295 3238 3291
f 2253 618 619
f 1765 1480 1478
f 1477 1478 1480
f 3254 1976 3267
f 281 282 287
f 1391 3254 3267
f 334 3237 1295
f 2198 2199 3244
f 39 41 40
f 337 342 341
f 2403 2201 2991
f 1761 341 342
f 2902 2403 2991
f 3290 2706 3291
f 1972 1975 1976
f 143 145 144
f 1649 1653 1650
f 1208 1281 1280
f 3292 3245 3246
f 288 289 2904
f 544 2732 2733
f 149 30 2467
f 3237 3238 1295
f 143 144 149
f 2468 614 2472
f 287 289 288
f 1477 283 284
f 2468 617 614
f 1817 151 1818
f 1208 2130 1281
f 39 45 44
f 2390 45 2706
f 3290 3291 3238
f 1649 1654 1653
f 40 46 48
f 544 1390 2732
f 1972 1654 1975
f 2902 3126 2904
f 3244 3246 3245
f 30 2891 2467
f 48 1206 1280
f 959 967 966
f 281 284 283
f 337 339 334
f 2261 619 617
f 1760 1765 1593
f 41 46 40
f 39 44 41
f 1650 967 968
f 962 2254 961
f 959 966 962
f 145 151 150
f 1759 1761 1760
f 3290 2390 2706
f 2253 961 2254
f 2472 2130 2471
f 1208 1280 1206
f 1765 1478 1593
f 2988 2201 2198
f 2321 3237 334
f 1759 341 1761
f 44 45 2390
f 3042 3245 3292
f 2253 619 2106
f 2902 2991 3126
f 337 341 340
f 1477 1479 1478
f 3161 3164 2128
f 281 287 286
f 288 2904 3126
f 2988 2991 2201
f 1649 1650 968
f 3340 3267 1976
f 2468 2472 2471
f 2468 2262 617
f 2261 617 2262
f 339 2321 334
f 1477 284 1479
f 3340 1976 1975
f 1391 1624 1390
f 337 340 339
f 3120 3238 3237
f 2261 2106 619
f 287 288 286
f 1819 1818 2615
f 1208 1209 2130
f 959 968 967
f 1391 3267 1624
f 2198 3244 749
f 1759 1760 1763
f 48 46 797
f 1760 1593 1763
f 3290 3238 3121
f 48 797 1206
f 3161 2735 3164
f 958 962 961
f 2130 1209 2471
f 3120 3237 2321
f 958 959 962
f 2253 2107 961
f 3290 2389 2390
f 1649 1651 1654
f 2917 2615 2733
f 41 44 47
f 2129 2890 2128
f 1654 1651 1975
f 1759 1538 341
f 41 47 46
f 281 285 284
f 2253 2106 2107
f 3244 3245 750
f 3120 3121 3238
f 2388 44 2390
f 2988 2198 749
f 1817 150 151
f 1817 1818 1819
f 2917 2733 2732
f 340 341 1538
f 1590 1593 1478
f 2891 2890 2129
f 144 145 150
f 2989 3126 2991
f 3290 3121 2389
f 1590 1478 1479
f 281 286 285
f 1207 1208 1206
f 2988 2989 2991
f 3042 2361 3245
f 2732 1390 1852
f 340 1539 339
f 1649 968 1652
f 2261 2262 2110
f 1479 284 1094
f 2468 2469 2262
f 339 1873 2321
f 749 3244 750
f 2388 2390 2389
f 2261 2110 2106
f 2388 47 44
f 2468 2471 2470
f 1207 1209 1208
f 1919 286 288
f 1649 1652 1651
f 1591 1763 1593
f 796 797 46
f 799 1206 797
f 1759 1763 1762
f 3120 2321 1871
f 2414 288 3126
f 285 1094 284
f 1539 1873 339
f 1852 1390 1624
f 1623 3267 3340
f 958 961 964
f 2107 964 961
f 3340 1975 3154
f 2361 750 3245
f 796 46 47
f 1759 1762 1538
f 959 965 968
f 958 960 959
f 340 1538 1537
f 1975 1651 3154
f 2468 2470 2469
f 3119 3121 3120
f 1590 1591 1593
f 1623 1624 3267
f 2262 2469 2110
f 340 1537 1539
f 1873 1871 2321
f 1209 2291 2471
f 144 29 149
f 799 1207 1206
f 1590 1479 1491
f 1491 1479 1094
f 149 29 30
f 2989 3127 3126
f 2105 2107 2106
f 1919 288 2414
f 1020 2389 3121
f 796 799 797
f 1591 1762 1763
f 2988 749 747
f 3119 3120 1871
f 2105 2106 2110
f 2988 2990 2989
f 2291 2470 2471
f 1819 2615 1971
f 285 286 1097
f 2336 2735 2734
f 2917 1971 2615
f 959 960 965
f 2388 2389 1017
f 1207 1210 1209
f 2414 3126 3127
f 1097 286 1919
f 1652 968 1966
f 2916 2917 2732
f 3119 1020 3121
f 2388 794 47
f 2916 2732 1852
f 1872 1873 1539
f 285 1095 1094
f 1652 2624 1651
f 452 749 750
f 2107 2108 964
f 1209 1210 2291
f 1538 2636 1537
f 958 964 963
f 1872 1539 1537
f 1538 1762 2636
f 2988 747 2990
f 958 963 960
f 965 1966 968
f 792 796 47
f 1020 1017 2389
f 2469 1227 2110
f 2105 2108 2107
f 1869 1871 1873
f 3340 3154 3203
f 1623 3340 3203
f 1590 1592 1591
f 1490 1491 1094
f 159 750 2361
f 2469 2470 924
f 2388 1017 794
f 452 747 749
f 2206 3154 1651
f 1490 1094 1095
f 2989 3125 3127
f 792 47 794
f 796 798 799
f 1590 1491 1486
f 1869 1873 1872
f 2990 3125 2989
f 799 1011 1207
f 2105 2110 1228
f 1652 1966 2624
f 3119 1871 1870
f 2206 1651 2624
f 1815 150 1817
f 1207 1211 1210
f 285 1096 1095
f 1228 2110 1227
f 1920 1919 2414
f 1031 1762 1591
f 2291 80 2470
f 2469 924 1227
f 31 2891 30
f 285 1097 1096
f 452 750 159
f 1872 1537 1874
f 1097 1919 1920
f 1622 1852 1624
f 1619 1624 1623
f 1537 2636 1874
f 2750 964 2108
f 2290 2291 1210
f 1019 1020 3119
f 960 969 965
f 1590 1486 1592
f 1869 1870 1871
f 963 964 2750
f 1032 2636 1762
f 1490 1486 1491
f 960 963 969
f 1817 1819 1816
f 924 2470 80
f 798 1011 799
f 792 795 796
f 144 150 125
f 1207 1011 1211
f 3143 2414 3127
f 1592 1031 1591
f 1016 1017 1020
f 796 795 798
f 2105 2109 2108
f 1019 3119 1870
f 159 2361 161
f 2290 1210 1211
f 1490 1095 1096
f 1031 1032 1762
f 2990 747 748
f 3143 3127 3125
f 2916 1852 1853
f 79 2291 2290
f 2915 2917 2916
f 1621 1623 3203
f 1869 1872 1704
f 1016 1020 1019
f 2105 1228 1229
f 320 3203 3154
f 79 80 2291
f 2917 1970 1971
f 2990 748 3125
f 1619 1622 1624
f 2624 1966 2097
f 2206 320 3154
f 1631 2336 2734
f 2750 2108 2109
f 1015 794 1017
f 965 1965 1966
f 1872 1874 1704
f 1820 1819 1971
f 1920 2414 2416
f 1874 2636 1034
f 450 747 452
f 2206 2624 2097
f 792 794 793
f 1097 1920 1921
f 31 2890 2891
f 1032 1034 2636
f 2105 1229 2109
f 3161 2128 3163
f 925 1228 1227
f 1619 1623 1621
f 925 1227 924
f 1097 1921 1096
f 965 969 1965
f 3143 2416 2414
f 1869 1702 1870
f 1815 1817 1816
f 1485 1486 1490
f 1015 1017 1016
f 1622 1853 1852
f 160 452 159
f 963 2750 2314
f 83 2290 1211
f 1485 1490 1096
f 792 793 795
f 963 2314 969
f 798 1010 1011
f 2128 2890 3163
f 77 924 80
f 798 795 1010
f 1815 125 150
f 2418 1592 1486
f 450 748 747
f 144 28 29
f 1019 1870 527
f 1869 1704 1702
f 2418 1031 1592
f 79 2290 83
f 2915 1970 2917
f 925 1229 1228
f 3143 3125 1070
f 1015 793 794
f 1011 2029 1211
f 158 159 161
f 748 1070 3125
f 1874 1038 1704
f 1874 1034 1038
f 2094 2097 1966
f 2915 2916 1853
f 76 80 79
f 160 450 452
f 1816 1819 1820
f 1016 1019 522
f 77 925 924
f 1965 2094 1966
f 1028 1032 1031
f 2750 2109 2751
f 1621 3203 314
f 1702 527 1870
f 1920 2415 1921
f 320 314 3203
f 1920 2416 2415
f 83 1211 2029
f 321 2206 2097
f 76 77 80
f 158 160 159
f 1028 1034 1032
f 321 320 2206
f 1820 1971 1970
f 25 30 29
f 1485 1487 1486
f 1010 1014 1011
f 1921 2616 1096
f 522 1019 527
f 2750 2751 2314
f 1965 969 2096
f 2418 1486 1487
f 3008 2109 1229
f 1015 1016 523
f 2096 969 2314
f 1014 2029 1011
f 144 125 28
f 1010 795 1013
f 1013 795 793
f 1016 522 523
f 1485 1096 1489
f 81 79 83
f 1704 1038 1039
f 3143 3022 2416
f 2418 1033 1031
f 315 1619 1621
f 925 1225 1229
f 76 79 81
f 3143 1070 1071
f 1701 1702 1704
f 3008 2751 2109
f 1029 1038 1034
f 1028 1031 1033
f 158 161 163
f 1069 1070 748
f 1489 1096 2616
f 450 448 748
f 1619 1620 1622
f 1028 1029 1034
f 3008 1229 1225
f 1015 1018 793
f 82 83 2029
f 2094 2098 2097
f 2416 3144 2415
f 1701 1704 1039
f 315 1621 314
f 1921 2415 2617
f 77 575 925
f 76 78 77
f 3143 1071 3022
f 321 2097 2098
f 1921 2617 2616
f 1622 979 1853
f 1029 1039 1038
f 447 450 160
f 528 527 1702
f 81 83 82
f 25 31 30
f 2416 3022 3144
f 1010 1012 1014
f 1015 523 524
f 158 162 160
f 1965 2095 2094
f 1485 1488 1487
f 521 522 527
f 1010 1013 1012
f 1014 2030 2029
f 448 1069 748
f 1069 1071 1070
f 1013 793 949
f 76 81 78
f 316 314 320
f 316 320 321
f 1965 2096 1138
f 2915 1853 980
f 519 523 522
f 2418 1487 2419
f 1131 2314 2751
f 2096 2314 1132
f 3161 3162 2735
f 1701 528 1702
f 925 1226 1225
f 1485 1489 1488
f 315 1620 1619
f 1015 524 1018
f 77 78 575
f 447 448 450
f 1018 949 793
f 2417 1033 2418
f 158 163 162
f 2915 2918 1970
f 925 575 1226
f 2272 2751 3008
f 1014 1012 2030
f 82 2029 2354
f 2415 3144 2927
f 447 160 162
f 521 527 528
f 2094 2095 2098
f 519 522 521
f 2617 2415 2927
f 25 29 28
f 1701 1039 1040
f 1028 1030 1029
f 1029 1040 1039
f 1622 1620 979
f 519 524 523
f 1965 1138 2095
f 1028 1033 1035
f 1815 1816 128
f 2030 2354 2029
f 81 82 85
f 1131 1132 2314
f 1487 1488 2419
f 2925 1489 2616
f 2417 2418 2419
f 2271 3008 1225
f 1820 1970 1969
f 2617 2925 2616
f 1815 128 125
f 1138 2096 1132
f 979 980 1853
f 321 2098 323
f 3023 3144 3022
f 2272 1131 2751
f 3020 3022 1071
f 1069 1072 1071
f 1013 946 1012
f 313 315 314
f 1013 949 946
f 81 84 78
f 1028 1035 1030
f 82 2354 85
f 316 321 323
f 2271 1225 1226
f 2417 1035 1033
f 2272 3008 2271
f 1816 1820 1821
f 2915 980 2918
f 1701 1703 528
f 3023 2927 3144
f 313 314 316
f 448 1068 1069
f 81 85 84
f 1701 1040 1703
f 574 575 78
f 1018 950 949
f 1029 1036 1040
f 2580 2030 1012
f 1072 3020 1071
f 3020 3023 3022
f 1030 1036 1029
f 2510 1488 1489
f 519 525 524
f 1018 524 2972
f 2617 2927 2926
f 163 2653 162
f 2580 2354 2030
f 521 528 526
f 1970 2918 1969
f 1069 1068 1072
f 519 521 520
f 575 576 1226
f 2617 2926 2925
f 2510 1489 2925
f 447 449 448
f 315 318 1620
f 447 162 451
f 574 78 84
f 2417 2419 2420
f 1130 1132 1131
f 3213 2419 1488
f 940 946 949
f 2095 2099 2098
f 31 1602 2890
f 947 1012 946
f 1018 2972 950
f 940 949 950
f 85 2354 2355
f 574 576 575
f 528 1703 591
f 313 318 315
f 1134 1138 1132
f 2580 1012 947
f 1133 1131 2272
f 519 520 525
f 323 2098 2099
f 2271 1226 2276
f 2735 3162 2734
f 521 526 520
f 448 449 1068
f 2972 524 525
f 2095 1138 1139
f 528 591 526
f 2312 2927 3023
f 85 2355 84
f 2652 2653 163
f 2270 2272 2271
f 2417 2421 1035
f 1030 1035 1037
f 3101 1703 1040
f 1820 1969 1821
f 124 28 125
f 1036 3101 1040
f 975 979 1620
f 1030 1037 1036
f 2276 1226 576
f 2420 2419 3213
f 2510 3213 1488
f 451 162 2653
f 1816 1821 128
f 2312 2926 2927
f 316 323 322
f 447 451 449
f 2417 2420 2421
f 2580 2581 2354
f 1072 3021 3020
f 1130 1131 1133
f 1130 1134 1132
f 3020 2313 3023
f 1072 1068 3021
f 973 980 979
f 2355 2354 2581
f 313 316 317
f 940 950 944
f 941 946 940
f 2270 1133 2272
f 2509 2925 2926
f 1625 1630 1629
f 950 2972 944
f 941 947 946
f 2509 2510 2925
f 1620 318 2860
f 1134 1139 1138
f 574 84 578
f 2095 1139 2099
f 3159 3161 3163
f 124 125 128
f 591 1703 590
f 2312 3023 2313
f 2270 2271 2274
f 2274 2271 2276
f 574 577 576
f 2918 980 981
f 580 84 2355
f 1035 2454 1037
f 589 526 591
f 1035 2421 2454
f 2972 525 3308
f 323 2099 322
f 3101 590 1703
f 975 1620 2860
f 520 529 525
f 3020 3021 2313
f 316 322 317
f 3100 3101 1036
f 2580 947 1951
f 3100 1036 1037
f 520 526 530
f 2276 576 970
f 973 979 975
f 1068 449 2326
f 939 940 944
f 578 84 580
f 2420 3213 3152
f 2580 1951 2581
f 313 319 318
f 2421 2420 3152
f 574 578 577
f 939 941 940
f 3021 1068 2326
f 25 26 31
f 2310 2926 2312
f 525 529 3308
f 589 591 590
f 577 970 576
f 2651 2653 2652
f 1130 1133 1135
f 2510 2511 3213
f 1867 1969 2918
f 1130 1135 1134
f 941 948 947
f 943 944 2972
f 2322 449 451
f 25 28 32
f 589 530 526
f 557 2355 2581
f 2310 2509 2926
f 3235 2972 3308
f 2270 2273 1133
f 973 981 980
f 451 2653 2323
f 313 317 319
f 520 530 529
f 3318 3163 2890
f 580 2355 557
f 947 948 1951
f 2270 2274 2273
f 2508 2510 2509
f 2309 2312 2313
f 1134 1136 1139
f 943 2972 3235
f 3101 3102 590
f 2274 2276 2275
f 939 944 943
f 3100 3102 3101
f 2276 970 2275
f 2421 2455 2454
f 1139 2803 2099
f 1037 2454 2453
f 3337 2860 318
f 3100 1037 2453
f 2508 2511 2510
f 2421 3152 2455
f 3021 2596 2313
f 1867 2918 981
f 2309 2310 2312
f 2324 2326 449
f 2651 2323 2653
f 2322 451 2323
f 3213 3279 3152
f 939 942 941
f 1821 1969 1868
f 578 580 579
f 2322 2324 449
f 589 590 592
f 941 942 948
f 3063 322 2099
f 3308 529 3307
f 1951 559 2581
f 3213 2511 3279
f 1134 1135 1137
f 577 971 970
f 26 1602 31
f 3337 318 319
f 1133 2637 1135
f 557 2581 559
f 578 581 577
f 124 32 28
f 3235 3308 3307
f 589 592 530
f 3021 2326 2595
f 1133 2273 2637
f 3159 3162 3161
f 1134 1137 1136
f 1927 317 322
f 975 2860 978
f 2310 2507 2509
f 3318 2890 1602
f 580 557 558
f 2274 2277 2273
f 948 1950 1951
f 2275 970 971
f 2508 2509 2507
f 3021 2595 2596
f 1867 1868 1969
f 2309 2313 2311
f 820 1139 1136
f 939 943 945
f 578 579 581
f 2274 2275 2277
f 3100 3103 3102
f 2452 2454 2455
f 580 558 579
f 530 3215 529
f 820 2803 1139
f 1821 130 128
f 3218 590 3102
f 972 973 975
f 2596 2311 2313
f 2452 2453 2454
f 577 581 971
f 3100 2453 3103
f 3204 2099 2803
f 943 3235 3234
f 939 945 942
f 592 590 3218
f 942 1950 948
f 1923 319 317
f 3337 978 2860
f 1927 322 3063
f 3234 3235 3307
f 3204 3063 2099
f 3215 3307 529
f 2324 2327 2326
f 2455 3152 1415
f 2309 774 2310
f 2595 2326 2327
f 1589 559 1951
f 530 592 3214
f 3152 3279 1415
f 553 557 559
f 2322 2323 2325
f 1589 1951 1950
f 1137 1135 2638
f 2322 2325 2324
f 2508 1698 2511
f 1137 819 1136
f 972 975 978
f 553 558 557
f 1923 317 1927
f 2638 1135 2637
f 2651 2654 2323
f 1698 3279 2511
f 3188 2275 971
f 2797 2637 2273
f 2277 2797 2273
f 945 943 2762
f 973 974 981
f 819 820 1136
f 943 3234 2762
f 530 3214 3215
f 2309 2311 774
f 2310 771 2507
f 3102 3103 37
f 563 579 558
f 563 581 579
f 2452 2455 1414
f 2277 2275 2873
f 124 128 127
f 3218 3102 37
f 942 945 2571
f 942 2332 1950
f 2451 2453 2452
f 1867 981 982
f 820 822 2803
f 3189 971 581
f 772 2508 2507
f 3337 319 1924
f 3234 3307 2689
f 774 771 2310
f 2162 2596 2595
f 36 3103 2453
f 592 3218 3217
f 822 3204 2803
f 1414 2455 1415
f 3188 2873 2275
f 2162 2311 2596
f 3215 2689 3307
f 25 32 27
f 25 27 26
f 2324 2328 2327
f 3214 592 3217
f 972 974 973
f 942 2571 2332
f 3188 971 3189
f 1137 821 819
f 553 559 556
f 556 559 1589
f 2324 2325 2328
f 1923 1924 319
f 1137 2638 821
f 2595 2327 2164
f 1589 1950 1952
f 772 1698 2508
f 553 554 558
f 1418 1415 3279
f 2451 2452 1414
f 2896 2325 2323
f 554 563 558
f 2451 36 2453
f 1821 1868 1866
f 2308 1927 3063
f 3337 1632 978
f 2277 2872 2797
f 1698 1418 3279
f 36 37 3103
f 1952 1950 2332
f 127 128 130
f 945 2762 2763
f 2654 2896 2323
f 2277 2873 2872
f 945 2763 2571
f 772 2507 771
f 815 820 819
f 563 2385 581
f 3234 1439 2762
f 3204 3062 3063
f 2795 2638 2637
f 2795 2637 2797
f 774 2311 585
f 974 982 981
f 3189 581 2385
f 1923 1927 1926
f 2162 2595 2164
f 3234 2689 1439
f 3218 37 38
f 3214 760 3215
f 2327 2328 2164
f 816 822 820
f 1821 1866 130
f 3218 38 3217
f 1865 1868 1867
f 815 819 821
f 2162 585 2311
f 3159 3163 3160
f 1413 1414 1415
f 3214 3217 3216
f 3188 3060 2873
f 3337 1924 1632
f 972 978 977
f 3188 3189 3060
f 822 823 3204
f 2308 3063 3062
f 2332 2571 2331
f 2308 1926 1927
f 815 816 820
f 553 555 554
f 553 556 555
f 3215 761 2689
f 586 771 774
f 1589 1952 1588
f 2763 2331 2571
f 554 564 563
f 556 1589 1588
f 2638 2796 821
f 2763 2762 1438
f 3214 3216 760
f 2451 1414 812
f 1439 1438 2762
f 2872 2798 2797
f 1417 1415 1418
f 1865 1867 982
f 2329 1952 2332
f 563 564 2385
f 35 37 36
f 1697 1418 1698
f 2451 813 36
f 977 978 1632
f 2325 2897 2328
f 3204 823 3062
f 760 761 3215
f 3058 2872 2873
f 586 774 585
f 1413 1415 1417
f 2795 2796 2638
f 1440 1439 2689
f 2795 2797 2798
f 3216 3217 757
f 2896 2897 2325
f 1696 1698 772
f 1413 812 1414
f 770 772 771
f 3217 38 757
f 35 38 37
f 816 823 822
f 2329 2332 2331
f 2654 2895 2896
f 3058 2873 3060
f 972 976 974
f 1923 1925 1924
f 3318 3160 3163
f 1923 1926 1925
f 124 126 32
f 3189 2385 3061
f 815 821 818
f 2451 812 813
f 2163 2164 2328
f 1440 2689 761
f 2329 1588 1952
f 3189 3061 3060
f 1696 1697 1698
f 2161 2162 2164
f 555 561 554
f 584 585 2162
f 770 771 586
f 972 977 976
f 554 561 564
f 3058 2798 2872
f 2763 1441 2331
f 818 821 2796
f 26 1601 1602
f 555 556 560
f 2763 1438 1441
f 1436 1438 1439
f 2894 2895 2654
f 1865 1866 1868
f 33 36 813
f 1697 1420 1418
f 1436 1439 1440
f 35 36 33
f 760 3216 756
f 2308 3062 2307
f 1417 1418 1420
f 556 1588 560
f 814 816 815
f 1924 3277 1632
f 2163 2328 2897
f 756 3216 757
f 564 2386 2385
f 770 773 772
f 2305 1926 2308
f 1696 772 773
f 124 127 126
f 755 757 38
f 1413 1417 1416
f 1413 1416 812
f 584 2162 2161
f 759 761 760
f 35 34 38
f 2329 2331 2330
f 814 815 818
f 974 983 982
f 2161 2164 2163
f 816 817 823
f 2893 2896 2895
f 2795 953 2796
f 2385 2386 3061
f 2893 2897 2896
f 2306 3062 823
f 3058 3060 3059
f 555 562 561
f 810 813 812
f 582 586 585
f 759 760 756
f 1436 1437 1438
f 2330 2331 1441
f 1437 1441 1438
f 3059 3060 3061
f 2795 2798 951
f 564 561 758
f 555 560 562
f 1696 1674 1697
f 34 755 38
f 1440 761 1
f 2329 2333 1588
f 755 756 757
f 1674 1420 1697
f 2305 1925 1926
f 2305 2308 2307
f 814 817 816
f 3058 2936 2798
f 1968 27 32
f 3318 1602 1601
f 2307 3062 2306
f 810 33 813
f 582 585 584
f 564 758 2386
f 977 1632 1615
f 1436 1440 1
f 1865 982 983
f 818 2796 952
f 770 586 583
f 811 812 1416
f 127 130 129
f 1417 1420 1419
f 1925 1614 1924
f 2795 951 953

