v 93.37059020996094 100.27375030517578 -0.33660566806793213
v 93.167236328125 100.33424377441406 -0.33660566806793213
v 93.32258605957031 100.2125015258789 -1.3334625959396362
v 93.42857360839844 100.34774017333984 1.108275055885315
v 92.98421478271484 100.47767639160156 1.108275055885315
v 93.47017669677734 100.40083312988281 2.5531558990478516
v 92.8609619140625 100.57426452636719 2.5531558990478516
v 93.47815704345703 100.4110107421875 3.9980366230010986
v 92.8601303100586 100.57491302490234 3.9980366230010986
v 93.44139862060547 100.3641128540039 5.442917346954346
v 92.9749984741211 100.48490142822266 5.442917346954346
v 93.38289642333984 100.2894515991211 6.887798309326172
v 93.13410949707031 100.3602066040039 6.887798309326172
v 93.32258605957031 100.2125015258789 7.500870704650879
v 94.46733093261719 99.33132934570312 -4.671247959136963
v 94.4232177734375 99.34996795654297 -4.671247959136963
v 94.4595947265625 99.32145690917969 -4.717757225036621
v 94.5869369506836 99.48394775390625 -3.226367235183716
v 93.9129867553711 99.74982452392578 -3.226367235183716
v 94.68660736083984 99.61113739013672 -1.7814863920211792
v 93.4333267211914 100.12571716308594 -1.7814863920211792
v 94.79529571533203 99.74982452392578 -0.33660566806793213
v 94.88998413085938 99.87065124511719 1.108275055885315
v 94.92332458496094 99.91319274902344 2.5531558990478516
v 94.90776824951172 99.89334106445312 3.9980366230010986
v 94.89920806884766 99.8824234008789 5.442917346954346
v 94.85025787353516 99.81996154785156 6.887798309326172
v 93.60162353515625 99.99382781982422 8.33267879486084
v 94.70565795898438 99.63544464111328 8.33267879486084
v 94.54688262939453 99.4328384399414 9.777559280395508
v 94.15486145019531 99.56027221679688 9.777559280395508
v 94.4595947265625 99.32145690917969 10.353399276733398
v 95.70846557617188 98.57315063476562 -4.671247959136963
v 95.59660339355469 98.43041229248047 -5.302783012390137
v 95.91302490234375 98.83418273925781 -3.226367235183716
v 96.09007263183594 99.06010437011719 -1.7814863920211792
v 96.21218872070312 99.21592712402344 -0.33660566806793213
v 96.27960968017578 99.30195617675781 1.108275055885315
v 96.29676818847656 99.3238525390625 2.5531558990478516
v 96.2725830078125 99.2929916381836 3.9980366230010986
v 96.24188232421875 99.25381469726562 5.442917346954346
v 96.16717529296875 99.15848541259766 6.887798309326172
v 96.05669403076172 99.01750946044922 8.33267879486084
v 95.90373229980469 98.82231903076172 9.777559280395508
v 95.15293884277344 98.77810668945312 11.222440719604492
v 95.6800308227539 98.53687286376953 11.222440719604492
v 95.59660339355469 98.43041229248047 11.722708702087402
v 96.9173812866211 97.77387237548828 -4.671247959136963
v 96.73361206054688 97.53937530517578 -5.384597301483154
v 97.19538116455078 98.12860870361328 -3.226367235183716
v 97.3775863647461 98.3611068725586 -1.7814863920211792
v 97.48296356201172 98.49557495117188 -0.33660566806793213
v 97.54623413085938 98.57630920410156 1.108275055885315
v 97.54802703857422 98.57860565185547 2.5531558990478516
v 97.49982452392578 98.51708984375 3.9980366230010986
v 97.443603515625 98.44535064697266 5.442917346954346
v 97.39031982421875 98.37736511230469 6.887798309326172
v 97.28678894042969 98.24525451660156 8.33267879486084
v 97.13904571533203 98.05672454833984 9.777559280395508
v 96.93104553222656 97.79130554199219 11.222440719604492
v 96.73361206054688 97.53937530517578 12.340290069580078
v 98.04976654052734 96.87692260742188 -4.671247959136963
v 97.87062072753906 96.64833068847656 -5.3345770835876465
v 98.36365509033203 97.2774658203125 -3.226367235183716
v 98.56598663330078 97.53564453125 -1.7814863920211792
v 98.66588592529297 97.66311645507812 -0.33660566806793213
v 98.69586944580078 97.70137786865234 1.108275055885315
v 98.6978530883789 97.70391845703125 2.5531558990478516
v 98.6618881225586 97.65802001953125 3.9980366230010986
v 98.61811065673828 97.60215759277344 5.442917346954346
v 98.56548309326172 97.5350112915039 6.887798309326172
v 98.44757843017578 97.38455200195312 8.33267879486084
v 98.28474426269531 97.17677307128906 9.777559280395508
v 98.06108093261719 96.89136505126953 11.222440719604492
v 97.87062072753906 96.64833068847656 12.264795303344727
v 99.11470794677734 95.89392852783203 -4.671247959136963
v 99.00762939453125 95.75728607177734 -5.077779769897461
v 99.42436981201172 96.28907012939453 -3.226367235183716
v 99.62543487548828 96.5456314086914 -1.7814863920211792
v 99.754638671875 96.71051025390625 -0.33660566806793213
v 99.8138198852539 96.78601837158203 1.108275055885315
v 99.82073974609375 96.79485321044922 2.5531558990478516
v 99.77669525146484 96.73865509033203 3.9980366230010986
v 99.73576354980469 96.68641662597656 5.442917346954346
v 99.64533233642578 96.5710220336914 6.887798309326172
v 99.50440216064453 96.39118957519531 8.33267879486084
v 99.332275390625 96.17154693603516 9.777559280395508
v 99.11785125732422 95.89793395996094 11.222440719604492
v 99.00762939453125 95.75728607177734 11.795473098754883
v 99.64039611816406 95.26140594482422 -4.671247959136963
v 100.14463806152344 94.86624908447266 -4.322941303253174
v 100.40509796142578 95.1986083984375 -3.226367235183716
v 100.61956787109375 95.47227478027344 -1.7814863920211792
v 100.75926971435547 95.65054321289062 -0.33660566806793213
v 100.82881927490234 95.73929595947266 1.108275055885315
v 100.85394287109375 95.77135467529297 2.5531558990478516
v 100.8282470703125 95.73856353759766 3.9980366230010986
v 100.74397277832031 95.63102722167969 5.442917346954346
v 100.63729858398438 95.49490356445312 6.887798309326172
v 100.48027038574219 95.2945327758789 8.33267879486084
v 100.29606628417969 95.05947875976562 9.777559280395508
v 100.14463806152344 94.86624908447266 10.864426612854004
v 99.79932403564453 95.13685607910156 11.222440719604492
v 101.07736206054688 94.13529205322266 -3.226367235183716
v 101.28164672851562 93.97520446777344 -2.900348663330078
v 101.4844970703125 94.23405456542969 -1.7814863920211792
v 101.65225219726562 94.44811248779297 -0.33660566806793213
v 101.74311828613281 94.5640640258789 1.108275055885315
v 101.76834869384766 94.59625244140625 2.5531558990478516
v 101.7267074584961 94.54312896728516 3.9980366230010986
v 101.64644622802734 94.44070434570312 5.442917346954346
v 101.51414489746094 94.27188110351562 6.887798309326172
v 101.35181427001953 94.06474304199219 8.33267879486084
v 101.28164672851562 93.97520446777344 8.832171440124512
v 100.76673889160156 94.37872314453125 9.777559280395508
v 101.84737396240234 93.53185272216797 -1.7814863920211792
v 102.41865539550781 93.08415985107422 -0.41832199692726135
v 102.42998504638672 93.09861755371094 -0.33660566806793213
v 102.5019302368164 93.1904296875 1.108275055885315
v 102.52464294433594 93.21940612792969 2.5531558990478516
v 102.50476837158203 93.19405364990234 3.9980366230010986
v 102.43214416503906 93.10137939453125 5.442917346954346
v 102.41865539550781 93.08415985107422 5.553055286407471
v 101.93507385253906 93.46312713623047 6.887798309326172
v 101.47191619873047 93.82609558105469 8.33267879486084
v 102.44296264648438 93.06510925292969 -0.33660566806793213
v 102.58940124511719 92.95034790039062 1.108275055885315
v 102.62736511230469 92.92059326171875 2.5531558990478516
v 102.5905532836914 92.94944763183594 3.9980366230010986
v 102.44635009765625 93.06245422363281 5.442917346954346
v 90.20662689208984 100.92022705078125 -0.33660566806793213
v 90.0625 100.93205261230469 -0.33660566806793213
v 90.15753173828125 100.85757446289062 -1.0483001470565796
v 90.29149627685547 101.02852630615234 1.108275055885315
v 89.89594268798828 101.06257629394531 1.108275055885315
v 90.3448257446289 101.0965805053711 2.5531558990478516
v 89.79849243164062 101.13894653320312 2.5531558990478516
v 90.33160400390625 101.07970428466797 3.9980366230010986
v 89.81238555908203 101.12805938720703 3.9980366230010986
v 90.26364135742188 100.99297332763672 5.442917346954346
v 89.94893646240234 101.02104949951172 5.442917346954346
v 90.1773910522461 100.8829116821289 6.887798309326172
v 90.11822509765625 100.88838195800781 6.887798309326172
v 90.15753173828125 100.85757446289062 7.04709529876709
v 91.42932891845703 100.13853454589844 -4.671247959136963
v 90.96150207519531 100.22753143310547 -4.671247959136963
v 91.29454040527344 99.96653747558594 -5.726982593536377
v 91.61933898925781 100.38098907470703 -3.226367235183716
v 90.51179504394531 100.5799560546875 -3.226367235183716
v 91.74954223632812 100.54713439941406 -1.7814863920211792
v 90.26829528808594 100.7707748413086 -1.7814863920211792
v 91.84142303466797 100.66437530517578 -0.33660566806793213
v 91.91629028320312 100.7599105834961 1.108275055885315
v 91.95490264892578 100.80918884277344 2.5531558990478516
v 91.94538879394531 100.79705047607422 3.9980366230010986
v 91.89775848388672 100.73626708984375 5.442917346954346
v 91.83130645751953 100.65147399902344 6.887798309326172
v 90.51165008544922 100.58006286621094 8.33267879486084
v 91.66315460205078 100.43689727783203 8.33267879486084
v 91.47089385986328 100.19157409667969 9.777559280395508
v 90.9279556274414 100.25381469726562 9.777559280395508
v 91.29454040527344 99.96653747558594 10.870628356933594
v 92.7175521850586 99.44044494628906 -6.116128921508789
v 91.45240783691406 99.84281921386719 -6.116128921508789
v 92.43154907226562 99.07549285888672 -7.276045322418213
v 93.00447845458984 99.80657958984375 -4.671247959136963
v 93.1620864868164 100.0076904296875 -3.226367235183716
v 93.29557037353516 100.17802429199219 -1.7814863920211792
v 93.23561096191406 100.10151672363281 8.33267879486084
v 93.07118225097656 99.89169311523438 9.777559280395508
v 91.43119049072266 99.85944366455078 11.222440719604492
v 92.83929443359375 99.59579467773438 11.222440719604492
v 92.57495880126953 99.25849151611328 12.66732120513916
v 92.09538269042969 99.33893585205078 12.66732120513916
v 92.43154907226562 99.07549285888672 13.266118049621582
v 93.74714660644531 98.41233825683594 -7.561009407043457
v 92.7206039428711 98.84896850585938 -7.561009407043457
v 93.56855773925781 98.1844482421875 -7.986637115478516
v 94.1827163696289 98.96814727783203 -6.116128921508789
v 94.32720947265625 99.15252685546875 11.222440719604492
v 94.0788345336914 98.8355941772461 12.66732120513916
v 93.04458618164062 98.5950698852539 14.112201690673828
v 93.7425537109375 98.40647888183594 14.112201690673828
v 93.56855773925781 98.1844482421875 14.757782936096191
v 94.95843505859375 97.6160888671875 -7.561009407043457
v 94.70555877685547 97.29341125488281 -8.102982521057129
v 95.43843841552734 98.22858428955078 -6.116128921508789
v 95.4423599243164 98.23359680175781 12.66732120513916
v 95.13601684570312 97.84268951416016 14.112201690673828
v 94.38570404052734 97.54407501220703 15.557082176208496
v 94.7823486328125 97.39139556884766 15.557082176208496
v 94.70555877685547 97.29341125488281 15.820333480834961
v 96.04877471923828 96.66549682617188 -7.561009407043457
v 95.84256744384766 96.4023666381836 -7.974268913269043
v 96.54302215576172 97.29617309570312 -6.116128921508789
v 96.67739868164062 97.46764373779297 12.66732120513916
v 96.39892578125 97.1123046875 14.112201690673828
v 96.02229309082031 96.63169860839844 15.557082176208496
v 95.84256744384766 96.4023666381836 16.203237533569336
v 97.0571517944336 95.61031341552734 -7.561009407043457
v 96.97957611083984 95.51132202148438 -7.706648826599121
v 97.64157104492188 96.3560562133789 -6.116128921508789
v 97.7967758178711 96.5541000366211 12.66732120513916
v 97.54297637939453 96.2302474975586 14.112201690673828
v 97.13934326171875 95.7151870727539 15.557082176208496
v 96.97957611083984 95.51132202148438 16.094064712524414
v 97.44107818603516 95.149658203125 -7.561009407043457
v 98.11658477783203 94.62027740478516 -7.309126377105713
v 98.66600036621094 95.32135772705078 -6.116128921508789
v 98.84966278076172 95.55571746826172 12.66732120513916
v 98.56226348876953 95.18898010253906 14.112201690673828
v 98.14635467529297 94.65826416015625 15.557082176208496
v 98.11658477783203 94.62027740478516 15.656837463378906
v 99.4779281616211 94.01549530029297 -6.116128921508789
v 99.25359344482422 93.72924041748047 -6.583953857421875
v 100.03723907470703 94.72920227050781 -4.671247959136963
v 100.09351348876953 94.80101013183594 11.222440719604492
v 99.79447174072266 94.41942596435547 12.66732120513916
v 99.41338348388672 93.93313598632812 14.112201690673828
v 99.25359344482422 93.72924041748047 14.695199966430664
v 98.24728393554688 94.51785278320312 15.557082176208496
v 99.81707000732422 93.28765106201172 -6.116128921508789
v 100.3906021118164 92.83819580078125 -5.526488304138184
v 100.7206802368164 93.25939178466797 -4.671247959136963
v 101.20755767822266 93.88066101074219 -3.226367235183716
v 101.1492691040039 93.80628204345703 9.777559280395508
v 100.90164184570312 93.49030303955078 11.222440719604492
v 100.54646301269531 93.03707885742188 12.66732120513916
v 100.3906021118164 92.83819580078125 13.206877708435059
v 99.7000503540039 93.37936401367188 14.112201690673828
v 101.09099578857422 92.28931427001953 -4.671247959136963
v 101.5276107788086 91.94715118408203 -4.084301471710205
v 101.82455444335938 92.32606506347656 -3.226367235183716
v 102.18882751464844 92.7908935546875 -1.7814863920211792
v 102.24959564208984 92.86843872070312 6.887798309326172
v 102.06554412841797 92.63358306884766 8.33267879486084
v 101.80699157714844 92.30365753173828 9.777559280395508
v 101.5276107788086 91.94715118408203 11.205456733703613
v 101.52069091796875 91.95257568359375 11.222440719604492
v 100.72535705566406 92.57585906982422 12.66732120513916
v 102.06189727783203 91.5284423828125 -3.226367235183716
v 102.66461944580078 91.05611419677734 -2.10843563079834
v 102.75159454345703 91.16709899902344 -1.7814863920211792
v 102.97895812988281 91.45722198486328 -0.33660566806793213
v 103.09124755859375 91.60050964355469 1.108275055885315
v 103.11341094970703 91.6287841796875 2.5531558990478516
v 103.08596801757812 91.5937728881836 3.9980366230010986
v 102.98528289794922 91.46529388427734 5.442917346954346
v 102.83354949951172 91.27167510986328 6.887798309326172
v 102.66461944580078 91.05611419677734 8.025351524353027
v 102.57756805419922 91.12432861328125 8.33267879486084
v 102.07061767578125 91.52161407470703 9.777559280395508
v 102.80623626708984 90.94512939453125 -1.7814863920211792
v 103.16259765625 90.66586303710938 -0.33660566806793213
v 103.35226440429688 90.51721954345703 1.108275055885315
v 103.40279388427734 90.47762298583984 2.5531558990478516
v 103.36255645751953 90.5091552734375 3.9980366230010986
v 103.22224426269531 90.61911010742188 5.442917346954346
v 102.95386505126953 90.82943725585938 6.887798309326172
v 88.3016128540039 100.83125305175781 -3.226367235183716
v 87.85081481933594 100.82999420166016 -3.226367235183716
v 88.12947845458984 100.61161041259766 -4.631349086761475
v 88.42906188964844 100.993896484375 -1.7814863920211792
v 87.62345886230469 101.00816345214844 -1.7814863920211792
v 88.54115295410156 101.13692474365234 -0.33660566806793213
v 87.3670654296875 101.20909881591797 -0.33660566806793213
v 88.61121368408203 101.22632598876953 1.108275055885315
v 87.22224426269531 101.32259368896484 1.108275055885315
v 88.64266204833984 101.2664566040039 2.5531558990478516
v 87.16755676269531 101.36544799804688 2.5531558990478516
v 88.63453674316406 101.25608825683594 3.9980366230010986
v 87.28717803955078 101.27169799804688 3.9980366230010986
v 88.5320053100586 101.12525177001953 5.442917346954346
v 87.49990844726562 101.10499572753906 5.442917346954346
v 88.39424133300781 100.94945526123047 6.887798309326172
v 87.73716735839844 100.91905975341797 6.887798309326172
v 88.20387268066406 100.70654296875 8.33267879486084
v 88.01898193359375 100.69820404052734 8.33267879486084
v 88.12947845458984 100.61161041259766 8.78179931640625
v 89.2845458984375 99.74361419677734 -7.561009407043457
v 89.23211669921875 99.74750518798828 -7.561009407043457
v 89.26648712158203 99.72057342529297 -7.609679698944092
v 89.55664825439453 100.09082794189453 -6.116128921508789
v 88.68876647949219 100.17330932617188 -6.116128921508789
v 89.82976531982422 100.43933868408203 -4.671247959136963
v 88.13943481445312 100.60381317138672 -4.671247959136963
v 90.01365661621094 100.67398834228516 -3.226367235183716
v 90.11048126220703 100.79753875732422 -1.7814863920211792
v 89.9988784790039 100.6551284790039 8.33267879486084
v 88.37784576416016 100.4169692993164 9.777559280395508
v 89.78897094726562 100.38727569580078 9.777559280395508
v 89.50504302978516 100.02497863769531 11.222440719604492
v 88.84341430664062 100.0521240234375 11.222440719604492
v 89.26648712158203 99.72057342529297 12.53571605682373
v 90.88837432861328 99.44825744628906 -7.561009407043457
v 90.40349578857422 98.82952880859375 -8.879438400268555
v 91.24440002441406 99.90255737304688 -6.116128921508789
v 91.23616790771484 99.89204406738281 11.222440719604492
v 89.31069946289062 99.68592071533203 12.66732120513916
v 90.96112823486328 99.54108428955078 12.66732120513916
v 90.59835052490234 99.07817077636719 14.112201690673828
v 90.01629638671875 99.13296508789062 14.112201690673828
v 90.40349578857422 98.82952880859375 14.8434476852417
v 91.73776245117188 98.19019317626953 -9.005889892578125
v 90.60020446777344 98.67536926269531 -9.005889892578125
v 91.5405044555664 97.93848419189453 -9.317587852478027
v 92.36773681640625 98.99406433105469 -7.561009407043457
v 92.23555755615234 98.82540130615234 14.112201690673828
v 90.8573226928711 98.473876953125 15.557082176208496
v 91.83267974853516 98.31131744384766 15.557082176208496
v 91.5405044555664 97.93848419189453 16.514427185058594
v 93.01780700683594 97.48167419433594 -9.005889892578125
v 92.6775131225586 97.04743957519531 -9.451635360717773
v 93.36598205566406 97.92595672607422 15.557082176208496
v 91.973876953125 97.59886169433594 17.001962661743164
v 92.92884063720703 97.3681411743164 17.001962661743164
v 92.6775131225586 97.04743957519531 17.748170852661133
v 94.10018157958984 96.52091979980469 -9.005889892578125
v 93.81452178955078 96.15640258789062 -9.332656860351562
v 94.349609375 96.83919525146484 17.001962661743164
v 93.4876708984375 96.41254425048828 18.44684410095215
v 93.89742279052734 96.26219177246094 18.44684410095215
v 93.81452178955078 96.15640258789062 18.69011688232422
v 95.08147430419922 95.43116760253906 -9.005889892578125
v 94.95153045654297 95.2653579711914 -9.153074264526367
v 95.61190032958984 96.10801696777344 17.001962661743164
v 95.14628601074219 95.51387786865234 18.44684410095215
v 94.95153045654297 95.2653579711914 19.04341697692871
v 95.650390625 94.7176742553711 -9.005889892578125
v 96.08853912353516 94.37431335449219 -8.900729179382324
v 96.71463775634766 95.17324829101562 17.001962661743164
v 96.26971435546875 94.60550689697266 18.44684410095215
v 96.08853912353516 94.37431335449219 18.975994110107422
v 97.95452117919922 94.41348266601562 -7.561009407043457
v 97.22554016113281 93.4832763671875 -8.448995590209961
v 97.68070983886719 94.0640869140625 17.001962661743164
v 97.24468231201172 93.5076904296875 18.44684410095215
v 97.22554016113281 93.4832763671875 18.505462646484375
v 98.61222076416016 92.91082000732422 -7.561009407043457
v 98.362548828125 92.59223175048828 -7.885274410247803
v 98.98201751708984 93.38269805908203 15.557082176208496
v 98.47476196289062 92.73541259765625 17.001962661743164
v 98.362548828125 92.59223175048828 17.34400177001953
v 97.28963470458984 93.43304443359375 18.44684410095215
v 98.88562774658203 92.18231201171875 -7.561009407043457
v 100.11820220947266 92.4906005859375 -6.116128921508789
v 99.49955749511719 91.70118713378906 -7.138838291168213
v 100.07876586914062 92.44027709960938 14.112201690673828
v 99.59718322753906 91.82575988769531 15.557082176208496
v 99.49955749511719 91.70118713378906 15.838285446166992
v 98.61692810058594 92.39288330078125 17.001962661743164
v 100.55939483642578 90.87062072753906 -6.116128921508789
v 101.30113220214844 91.65815734863281 -4.671247959136963
v 100.63656616210938 90.81014251708984 -6.031358242034912
v 101.52350616455078 91.9419174194336 11.222440719604492
v 100.98611450195312 91.25618743896484 12.66732120513916
v 100.63656616210938 90.81014251708984 13.696547508239746
v 100.44669342041016 90.95894622802734 14.112201690673828
v 99.6773452758789 91.56185913085938 15.557082176208496
v 101.67749786376953 89.99440002441406 -4.671247959136963
v 102.29322052001953 90.58219146728516 -3.226367235183716
v 101.77357482910156 89.91910552978516 -4.519443035125732
v 102.6070785522461 90.98268127441406 8.33267879486084
v 102.29017639160156 90.57830810546875 9.777559280395508
v 101.8600845336914 90.02948760986328 11.222440719604492
v 101.77357482910156 89.91910552978516 11.473050117492676
v 101.13932037353516 90.41615295410156 12.66732120513916
v 102.4880599975586 89.35917663574219 -3.226367235183716
v 103.04254150390625 89.19644165039062 -1.7814863920211792
v 102.91058349609375 89.02806091308594 -2.2172818183898926
v 103.32963562011719 89.56278991699219 -0.33660566806793213
v 103.47265625 89.74529266357422 1.108275055885315
v 103.50712585449219 89.78927612304688 2.5531558990478516
v 103.48065948486328 89.75550842285156 3.9980366230010986
v 103.39488983154297 89.64605712890625 5.442917346954346
v 103.18902587890625 89.38336944580078 6.887798309326172
v 102.92876434326172 89.05126190185547 8.33267879486084
v 102.91058349609375 89.02806091308594 8.405779838562012
v 102.44818115234375 89.39043426513672 9.777559280395508
v 101.8761215209961 89.8387451171875 11.222440719604492
v 103.06822204589844 88.9045181274414 -1.7814863920211792
v 103.4209213256836 88.62812042236328 -0.33660566806793213
v 103.59741973876953 88.48980712890625 1.108275055885315
v 103.65900421142578 88.44154357910156 2.5531558990478516
v 103.64069366455078 88.45589447021484 3.9980366230010986
v 103.51443481445312 88.55484008789062 5.442917346954346
v 103.2453842163086 88.76568603515625 6.887798309326172
v 102.9322738647461 89.01106262207031 8.33267879486084
v 86.2354736328125 100.53669738769531 -4.671247959136963
v 85.920654296875 100.50731658935547 -4.671247959136963
v 86.10143280029297 100.36564636230469 -5.3998589515686035
v 86.42919158935547 100.78388214111328 -3.226367235183716
v 85.64549255371094 100.72295379638672 -3.226367235183716
v 86.62538146972656 101.03422546386719 -1.7814863920211792
v 85.359375 100.94717407226562 -1.7814863920211792
v 86.77635955810547 101.22689056396484 -0.33660566806793213
v 85.13221740722656 101.12519836425781 -0.33660566806793213
v 86.85250091552734 101.32404327392578 1.108275055885315
v 85.06167602539062 101.18047332763672 1.108275055885315
v 86.87824249267578 101.35689544677734 2.5531558990478516
v 85.10958862304688 101.14292907714844 2.5531558990478516
v 86.79177856445312 101.2465591430664 3.9980366230010986
v 85.24382019042969 101.03773498535156 3.9980366230010986
v 86.6767807006836 101.09981536865234 5.442917346954346
v 85.41622161865234 100.90262603759766 5.442917346954346
v 86.48136901855469 100.8504638671875 6.887798309326172
v 85.66658020019531 100.70642852783203 6.887798309326172
v 86.21989440917969 100.51681518554688 8.33267879486084
v 85.97483825683594 100.46485137939453 8.33267879486084
v 86.10143280029297 100.36564636230469 8.904864311218262
v 87.47050476074219 99.77073669433594 -7.561009407043457
v 86.92414093017578 99.72090911865234 -7.561009407043457
v 87.23844146728516 99.47460174560547 -8.112245559692383
v 87.84611511230469 100.2500228881836 -6.116128921508789
v 86.31058502197266 100.20173645019531 -6.116128921508789
v 88.12406921386719 100.60470581054688 -4.671247959136963
v 87.96939086914062 100.4073257446289 9.777559280395508
v 86.30233764648438 100.20819854736328 9.777559280395508
v 87.66473388671875 100.0185775756836 11.222440719604492
v 86.72119140625 99.87995910644531 11.222440719604492
v 87.31549072265625 99.57292175292969 12.66732120513916
v 87.14661407470703 99.54656219482422 12.66732120513916
v 87.23844146728516 99.47460174560547 12.928152084350586
v 88.62822723388672 98.90612030029297 -9.005889892578125
v 87.94014739990234 98.92469024658203 -9.005889892578125
v 88.37545013427734 98.58356475830078 -9.377928733825684
v 89.23910522460938 99.68563079833984 12.66732120513916
v 87.7151870727539 99.10099029541016 14.112201690673828
v 88.84143829345703 99.17818450927734 14.112201690673828
v 88.38501739501953 98.59577178955078 15.557082176208496
v 88.36189270019531 98.59418487548828 15.557082176208496
v 88.37545013427734 98.58356475830078 15.584603309631348
v 90.35746002197266 98.77079010009766 -9.005889892578125
v 89.512451171875 97.69252014160156 -10.10429859161377
v 90.19290161132812 98.56079864501953 15.557082176208496
v 89.18242645263672 97.9511489868164 17.001962661743164
v 89.70658874511719 97.94024658203125 17.001962661743164
v 89.512451171875 97.69252014160156 17.535085678100586
v 90.64945983886719 96.80147552490234 -10.290424346923828
v 91.3929443359375 97.75019073486328 17.001962661743164
v 90.16220092773438 97.18333435058594 18.44684410095215
v 90.88963317871094 97.10794067382812 18.44684410095215
v 90.64945983886719 96.80147552490234 19.06807518005371
v 91.78646850585938 95.91043090820312 -10.049076080322266
v 92.46094512939453 96.7710952758789 18.44684410095215
v 91.45661163330078 96.16893768310547 19.891725540161133
v 91.91807556152344 96.078369140625 19.891725540161133
v 91.78646850585938 95.91043090820312 20.204832077026367
v 92.92347717285156 95.01939392089844 -9.819275856018066
v 92.93846130371094 95.03850555419922 3.9980366230010986
v 92.92347717285156 95.01939392089844 3.0805630683898926
v 92.76866912841797 95.14071655273438 3.9980366230010986
v 92.5422592163086 95.31814575195312 5.442917346954346
v 92.96697235107422 95.07489013671875 5.442917346954346
v 92.55741119384766 95.30626678466797 6.887798309326172
v 92.9789047241211 95.09011840820312 6.887798309326172
v 92.82698059082031 95.09501647949219 8.33267879486084
v 92.93614196777344 95.03555297851562 8.33267879486084
v 92.92347717285156 95.01939392089844 9.314065933227539
v 93.37212371826172 95.59188079833984 19.891725540161133
v 92.92347717285156 95.01939392089844 20.956275939941406
v 94.06048583984375 94.12834930419922 -9.607884407043457
v 94.08843231201172 94.16401672363281 -6.116128921508789
v 94.06048583984375 94.12834930419922 -6.28900671005249
v 92.98497009277344 94.97120666503906 -6.116128921508789
v 93.8514633178711 94.29215240478516 -4.671247959136963
v 94.06802368164062 94.13796997070312 -4.671247959136963
v 94.06048583984375 94.12834930419922 -4.28099250793457
v 94.1038818359375 94.18372344970703 1.108275055885315
v 94.06048583984375 94.12834930419922 0.029062515124678612
v 93.56073760986328 94.51998901367188 1.108275055885315
v 93.0114974975586 94.9504165649414 2.5531558990478516
v 94.1686019897461 94.26631164550781 2.5531558990478516
v 94.31285858154297 94.45039367675781 3.9980366230010986
v 94.3744125366211 94.5289306640625 5.442917346954346
v 94.36866760253906 94.5216064453125 6.887798309326172
v 94.37792205810547 94.53340911865234 8.33267879486084
v 92.94564819335938 95.00201416015625 9.777559280395508
v 94.34883117675781 94.49629211425781 9.777559280395508
v 92.9797134399414 94.9753189086914 11.222440719604492
v 94.24663543701172 94.36588287353516 11.222440719604492
v 94.06048583984375 94.12834930419922 12.42885684967041
v 94.65457153320312 94.88642883300781 19.891725540161133
v 93.91204833984375 94.24467468261719 21.336605072021484
v 94.08203125 94.15583801269531 21.336605072021484
v 94.06048583984375 94.12834930419922 21.387306213378906
v 95.93171691894531 94.17420959472656 -9.005889892578125
v 95.19749450683594 93.2373046875 -9.389527320861816
v 95.22418212890625 93.2713623046875 -6.116128921508789
v 95.19749450683594 93.2373046875 -6.191481113433838
v 95.25377655029297 93.30912780761719 -4.671247959136963
v 94.52719116210938 93.76260375976562 -3.226367235183716
v 95.23623657226562 93.28675079345703 -3.226367235183716
v 94.53154754638672 93.75919342041016 -1.7814863920211792
v 95.2491455078125 93.30322265625 -1.7814863920211792
v 94.34715270996094 93.90369415283203 -0.33660566806793213
v 95.25059509277344 93.30506896972656 -0.33660566806793213
v 95.26114654541016 93.31853485107422 1.108275055885315
v 95.40818786621094 93.50616455078125 2.5531558990478516
v 95.58068084716797 93.72626495361328 3.9980366230010986
v 95.66950988769531 93.83961486816406 5.442917346954346
v 95.73820495605469 93.92727661132812 6.887798309326172
v 95.75814056396484 93.95271301269531 8.33267879486084
v 95.67325592041016 93.84439849853516 9.777559280395508
v 95.5007553100586 93.62427520751953 11.222440719604492
v 94.30784606933594 93.93450164794922 12.66732120513916
v 95.29922485351562 93.36711883544922 12.66732120513916
v 95.19749450683594 93.2373046875 13.818551063537598
v 95.76065826416016 93.9559326171875 19.891725540161133
v 95.24090576171875 93.2927017211914 21.336605072021484
v 95.19749450683594 93.2373046875 21.444316864013672
v 96.42961883544922 92.46763610839844 -9.005889892578125
v 96.33450317382812 92.34626770019531 -9.060412406921387
v 96.34725952148438 92.36254119873047 -6.116128921508789
v 96.33450317382812 92.34626770019531 -6.140995979309082
v 96.45996856689453 92.5063705444336 -4.671247959136963
v 96.44149017333984 92.4827880859375 -3.226367235183716
v 96.41773986816406 92.45248413085938 -1.7814863920211792
v 96.4287338256836 92.46650695800781 -0.33660566806793213
v 96.45188903808594 92.49605560302734 1.108275055885315
v 96.56575012207031 92.64134979248047 2.5531558990478516
v 96.69813537597656 92.81027221679688 3.9980366230010986
v 96.81670379638672 92.96157836914062 5.442917346954346
v 96.88136291503906 93.04408264160156 6.887798309326172
v 96.87850952148438 93.04044342041016 8.33267879486084
v 96.75956726074219 92.888671875 9.777559280395508
v 96.55809783935547 92.63158416748047 11.222440719604492
v 96.3966064453125 92.4255142211914 12.66732120513916
v 96.33450317382812 92.34626770019531 13.213354110717773
v 96.72994232177734 92.85086059570312 19.891725540161133
v 96.33450317382812 92.34626770019531 21.097503662109375
v 95.63155364990234 92.89714813232422 21.336605072021484
v 96.4749984741211 92.23616027832031 -9.005889892578125
v 97.47151184082031 91.4552230834961 -8.579863548278809
v 96.36896514892578 92.31925964355469 -6.116128921508789
v 97.52378845214844 91.52192687988281 -4.671247959136963
v 97.47151184082031 91.4552230834961 -4.816673755645752
v 97.52916717529297 91.52879333496094 -3.226367235183716
v 97.51677703857422 91.51298522949219 -1.7814863920211792
v 97.4907455444336 91.47976684570312 -0.33660566806793213
v 97.4842529296875 91.47148895263672 1.108275055885315
v 97.55313110351562 91.55937957763672 2.5531558990478516
v 97.61199188232422 91.63448333740234 3.9980366230010986
v 97.67709350585938 91.7175521850586 5.442917346954346
v 97.68201446533203 91.72383117675781 6.887798309326172
v 97.65604400634766 91.69070434570312 8.33267879486084
v 97.60074615478516 91.6201400756836 9.777559280395508
v 97.50322723388672 91.49569702148438 11.222440719604492
v 97.47151184082031 91.4552230834961 11.418593406677246
v 96.61483001708984 92.12657928466797 12.66732120513916
v 98.0032958984375 92.13380432128906 18.44684410095215
v 97.50541687011719 91.49849700927734 19.891725540161133
v 97.47151184082031 91.4552230834961 19.988414764404297
v 99.0743179321289 91.15856170654297 -7.561009407043457
v 98.6085205078125 90.56417846679688 -7.955439567565918
v 97.70095825195312 91.27540588378906 -4.671247959136963
v 97.93048858642578 91.09553527832031 -3.226367235183716
v 97.82180786132812 91.18070220947266 -1.7814863920211792
v 97.66441345214844 91.3040542602539 -0.33660566806793213
v 97.61373138427734 91.34376525878906 1.108275055885315
v 98.27008056640625 90.82940673828125 2.5531558990478516
v 98.6286849975586 90.58992004394531 3.9980366230010986
v 98.6085205078125 90.56417846679688 3.362541913986206
v 98.6451416015625 90.61090850830078 5.442917346954346
v 98.63331604003906 90.5958251953125 6.887798309326172
v 98.61625671386719 90.57405853271484 8.33267879486084
v 98.6085205078125 90.56417846679688 8.651723861694336
v 98.40789794921875 90.72140502929688 9.777559280395508
v 97.54499053955078 91.39763641357422 11.222440719604492
v 99.09430694580078 91.18407440185547 17.001962661743164
v 98.6085205078125 90.56417846679688 18.434925079345703
v 98.60033416748047 90.57059478759766 18.44684410095215
v 97.54789733886719 91.3953628540039 19.891725540161133
v 99.1865005493164 90.1112289428711 -7.561009407043457
v 100.58256530761719 90.7412338256836 -6.116128921508789
v 99.74552154541016 89.67313385009766 -7.157479286193848
v 98.71752166748047 90.47875213623047 3.9980366230010986
v 98.9004898071289 90.33536529541016 5.442917346954346
v 98.77719116210938 90.43199157714844 6.887798309326172
v 98.62500762939453 90.55126190185547 8.33267879486084
v 100.4959945678711 90.63076782226562 14.112201690673828
v 99.96808624267578 89.95713806152344 15.557082176208496
v 99.74552154541016 89.67313385009766 16.330371856689453
v 99.47350311279297 89.88631439208984 17.001962661743164
v 100.76680755615234 88.8727798461914 -6.116128921508789
v 101.70035552978516 89.82567596435547 -4.671247959136963
v 100.88253021240234 88.78209686279297 -5.97744607925415
v 101.25355529785156 89.25553894042969 12.66732120513916
v 100.88253021240234 88.78209686279297 13.697575569152832
v 100.71897888183594 88.91027069091797 14.112201690673828
v 100.04045104980469 89.4420166015625 15.557082176208496
v 101.81865692138672 88.0484848022461 -4.671247959136963
v 102.52989196777344 88.54228210449219 -3.226367235183716
v 102.01953887939453 87.89105224609375 -4.292728424072266
v 102.43826293945312 88.42536163330078 9.777559280395508
v 102.01953887939453 87.89105224609375 10.843962669372559
v 101.88333129882812 87.99779510498047 11.222440719604492
v 101.2396240234375 88.50225067138672 12.66732120513916
v 102.52436828613281 87.49543762207031 -3.226367235183716
v 102.99853515625 87.12384033203125 -1.7814863920211792
v 103.34884643554688 87.24539184570312 -0.33660566806793213
v 103.15654754638672 87.00000762939453 -1.1214187145233154
v 103.5665283203125 87.52315521240234 1.108275055885315
v 103.63634490966797 87.61225128173828 2.5531558990478516
v 103.59262084960938 87.55645751953125 3.9980366230010986
v 103.4069595336914 87.31954956054688 5.442917346954346
v 103.15654754638672 87.00000762939453 6.7527265548706055
v 103.13605499267578 87.01606750488281 6.887798309326172
v 102.80570220947266 87.27496337890625 8.33267879486084
v 102.37947082519531 87.6089859008789 9.777559280395508
v 103.31330871582031 86.87715911865234 -0.33660566806793213
v 103.49322509765625 86.73616027832031 1.108275055885315
v 103.54640197753906 86.69448852539062 2.5531558990478516
v 103.50973510742188 86.72322845458984 3.9980366230010986
v 103.35964965820312 86.8408432006836 5.442917346954346
v 84.20339965820312 100.28559875488281 -4.671247959136963
v 83.94432830810547 100.22081756591797 -4.671247959136963
v 84.07337951660156 100.11968231201172 -5.142902374267578
v 84.42753601074219 100.57160186767578 -3.226367235183716
v 83.71121215820312 100.40350341796875 -3.226367235183716
v 84.63338470458984 100.83427429199219 -1.7814863920211792
v 83.541259765625 100.53668975830078 -1.7814863920211792
v 84.81657409667969 101.06803131103516 -0.33660566806793213
v 83.44489288330078 100.61221313476562 -0.33660566806793213
v 84.87718200683594 101.1453628540039 1.108275055885315
v 83.4133071899414 100.636962890625 1.108275055885315
v 84.82967376708984 101.08474731445312 2.5531558990478516
v 83.47206115722656 100.5909194946289 2.5531558990478516
v 84.69943237304688 100.91854858398438 3.9980366230010986
v 83.56365203857422 100.5191421508789 3.9980366230010986
v 84.48648834228516 100.64682006835938 5.442917346954346
v 83.73353576660156 100.3860092163086 5.442917346954346
v 84.2197265625 100.30642700195312 6.887798309326172
v 83.95630645751953 100.21142578125 6.887798309326172
v 84.07337951660156 100.11968231201172 7.532864093780518
v 85.45919799804688 99.54613494873047 -7.561009407043457
v 84.93376159667969 99.44542694091797 -7.561009407043457
v 85.21038818359375 99.2286376953125 -8.121028900146484
v 85.95514678955078 100.1789779663086 -6.116128921508789
v 84.38202667236328 99.87779998779297 -6.116128921508789
v 84.2321548461914 99.99525451660156 8.33267879486084
v 85.91331481933594 100.12560272216797 9.777559280395508
v 84.5483169555664 99.74748992919922 9.777559280395508
v 85.49153137207031 99.58738708496094 11.222440719604492
v 84.951171875 99.43177795410156 11.222440719604492
v 85.21038818359375 99.2286376953125 12.08898639678955
v 86.79307556152344 98.90630340576172 -9.005889892578125
v 85.77537536621094 98.78587341308594 -9.005889892578125
v 86.34739685058594 98.33759307861328 -9.589277267456055
v 85.3853988647461 99.09148406982422 12.66732120513916
v 86.814453125 98.93358612060547 14.112201690673828
v 85.8797607421875 98.70407104492188 14.112201690673828
v 86.34739685058594 98.33759307861328 15.414536476135254
v 87.48440551757812 97.4465560913086 -10.426311492919922
v 86.3998794555664 98.29647064208984 15.557082176208496
v 87.81494140625 97.86833190917969 17.001962661743164
v 87.07681274414062 97.7659683227539 17.001962661743164
v 87.48440551757812 97.4465560913086 17.80071258544922
v 89.0115966796875 97.05340576171875 -10.45077133178711
v 87.57524871826172 97.3753662109375 -10.45077133178711
v 88.62141418457031 96.55551147460938 -10.688654899597168
v 89.168212890625 97.25325775146484 18.44684410095215
v 87.82595825195312 97.17888641357422 18.44684410095215
v 88.62141418457031 96.55551147460938 19.681987762451172
v 90.36811828613281 96.44247436523438 -10.45077133178711
v 89.7584228515625 95.66446685791016 -10.729117393493652
v 89.79745483398438 95.71427917480469 -7.561009407043457
v 89.7584228515625 95.66446685791016 -7.781556129455566
v 89.61543273925781 95.77651977539062 -7.561009407043457
v 89.48353576660156 95.87989044189453 -6.116128921508789
v 89.78624725341797 95.69998168945312 -6.116128921508789
v 89.39888763427734 95.94622039794922 -4.671247959136963
v 89.7940673828125 95.7099609375 -4.671247959136963
v 89.7584228515625 95.66446685791016 -3.3966033458709717
v 89.7638931274414 95.67144775390625 -1.7814863920211792
v 89.7584228515625 95.66446685791016 -2.330923557281494
v 89.72669982910156 95.68932342529297 -1.7814863920211792
v 89.29901123046875 96.02449798583984 -0.33660566806793213
v 89.88599395751953 95.82726287841797 -0.33660566806793213
v 89.15267944335938 96.13916778564453 1.108275055885315
v 90.03986358642578 96.02359771728516 1.108275055885315
v 88.99899291992188 96.25961303710938 2.5531558990478516
v 90.19163513183594 96.21726989746094 2.5531558990478516
v 88.91645050048828 96.32429504394531 3.9980366230010986
v 90.28343963623047 96.33441925048828 3.9980366230010986
v 88.91106414794922 96.3285140991211 5.442917346954346
v 90.2953872680664 96.34966278076172 5.442917346954346
v 88.92211151123047 96.31986236572266 6.887798309326172
v 90.25233459472656 96.29473114013672 6.887798309326172
v 88.98670196533203 96.26924896240234 8.33267879486084
v 90.15764617919922 96.17390441894531 8.33267879486084
v 89.17713928222656 96.12000274658203 9.777559280395508
v 90.01842498779297 95.99624633789062 9.777559280395508
v 89.47952270507812 95.8830337524414 11.222440719604492
v 89.85533142089844 95.78813171386719 11.222440719604492
v 89.74375915527344 95.67595672607422 12.66732120513916
v 89.76395416259766 95.6715316772461 12.66732120513916
v 89.7584228515625 95.66446685791016 12.697321891784668
v 90.31893157958984 96.37970733642578 19.891725540161133
v 88.77821350097656 96.43263244628906 19.891725540161133
v 89.7584228515625 95.66446685791016 21.040714263916016
v 90.49761199951172 95.0851821899414 -10.45077133178711
v 90.37788391113281 95.17900848388672 -9.005889892578125
v 91.0720443725586 94.99879455566406 -9.005889892578125
v 91.18241882324219 95.13964080810547 -7.561009407043457
v 91.26568603515625 95.24588775634766 -6.116128921508789
v 91.36508178710938 95.37272644042969 -4.671247959136963
v 89.77142333984375 95.6542739868164 -3.226367235183716
v 91.52396392822266 95.5754623413086 -3.226367235183716
v 91.60637664794922 95.68062591552734 -1.7814863920211792
v 91.6037368774414 95.67726135253906 -0.33660566806793213
v 91.66171264648438 95.75123596191406 1.108275055885315
v 91.6805648803711 95.77529907226562 2.5531558990478516
v 91.69671630859375 95.79590606689453 3.9980366230010986
v 91.71187591552734 95.81524658203125 5.442917346954346
v 91.7001953125 95.80033874511719 6.887798309326172
v 91.6778793334961 95.77186584472656 8.33267879486084
v 91.64897155761719 95.73497772216797 9.777559280395508
v 91.61959838867188 95.69749450683594 11.222440719604492
v 91.40059661865234 95.41804504394531 12.66732120513916
v 90.32141876220703 95.22325897216797 14.112201690673828
v 91.13977813720703 95.0852279663086 14.112201690673828
v 90.89542388916016 94.77342987060547 15.05299186706543
v 91.28810119628906 95.27449798583984 21.336605072021484
v 90.06863403320312 95.4213638305664 21.336605072021484
v 90.89542388916016 94.77342987060547 22.131250381469727
v 92.22754669189453 94.13134765625 -9.005889892578125
v 92.6236343383789 94.63677978515625 -7.561009407043457
v 92.9190673828125 95.01376342773438 -6.116128921508789
v 92.87386322021484 94.9560775756836 -4.671247959136963
v 92.84662628173828 94.92132568359375 -3.226367235183716
v 92.85577392578125 94.93299865722656 -1.7814863920211792
v 92.85299682617188 94.92945098876953 -0.33660566806793213
v 92.88188171386719 94.96630859375 1.108275055885315
v 92.91768646240234 95.01200103759766 2.5531558990478516
v 92.92074584960938 95.01590728759766 9.777559280395508
v 92.9166030883789 95.0106201171875 11.222440719604492
v 92.84784698486328 94.92288970947266 12.66732120513916
v 92.74130249023438 94.78693389892578 14.112201690673828
v 91.35557556152344 94.4128189086914 15.557082176208496
v 92.25891876220703 94.17138671875 15.557082176208496
v 92.03243255615234 93.88238525390625 16.503637313842773
v 92.76507568359375 94.81726837158203 21.336605072021484
v 91.76885223388672 94.08895111083984 22.78148651123047
v 92.11966705322266 93.99369812011719 22.78148651123047
v 92.03243255615234 93.88238525390625 22.961219787597656
v 93.37429809570312 93.25274658203125 -9.005889892578125
v 93.83491516113281 93.84051513671875 -7.561009407043457
v 94.03929138183594 94.10131072998047 -3.226367235183716
v 94.03813934326172 94.09983825683594 -1.7814863920211792
v 94.0505599975586 94.11568450927734 -0.33660566806793213
v 94.04512786865234 94.10874938964844 12.66732120513916
v 94.00202941894531 94.05375671386719 14.112201690673828
v 93.78751373291016 93.78002166748047 15.557082176208496
v 92.51727294921875 93.50242614746094 17.001962661743164
v 93.28865051269531 93.1434555053711 17.001962661743164
v 93.16944122314453 92.99134063720703 17.476852416992188
v 93.4301528930664 93.32402038574219 22.78148651123047
v 93.16944122314453 92.99134063720703 23.387630462646484
v 94.30104064941406 92.10453796386719 -9.005889892578125
v 94.30644989013672 92.10029602050781 -9.007101058959961
v 94.87098693847656 92.82067108154297 -7.561009407043457
v 94.30644989013672 92.10029602050781 -9.004562377929688
v 95.17826843261719 93.21277618408203 14.112201690673828
v 94.90279388427734 92.86125183105469 15.557082176208496
v 94.46304321289062 92.30011749267578 17.001962661743164
v 94.30644989013672 92.10029602050781 17.50987434387207
v 94.62715148925781 92.50952911376953 22.78148651123047
v 94.30644989013672 92.10029602050781 23.531322479248047
v 94.32551574707031 92.08535766601562 -9.005889892578125
v 95.88680267333984 91.77498626708984 -9.005889892578125
v 95.7769775390625 91.63484191894531 -7.561009407043457
v 96.23066711425781 92.2137680053711 14.112201690673828
v 95.77812194824219 91.63629913330078 15.557082176208496
v 95.4751205444336 91.24966430664062 17.001962661743164
v 95.4434585571289 91.20925903320312 17.091306686401367
v 96.25194549560547 92.24091339111328 21.336605072021484
v 95.6678237915039 91.49555969238281 22.78148651123047
v 95.4434585571289 91.20925903320312 23.32016944885254
v 96.3442153930664 90.50335693359375 -7.561009407043457
v 96.5804672241211 90.3182144165039 -8.632473945617676
v 97.00524139404297 90.8602523803711 -6.116128921508789
v 96.5804672241211 90.3182144165039 -7.221259593963623
v 97.28545379638672 91.21781158447266 12.66732120513916
v 96.80696868896484 90.60723876953125 14.112201690673828
v 96.5804672241211 90.3182144165039 15.268595695495605
v 96.4146728515625 90.4481430053711 15.557082176208496
v 95.49807739257812 91.16645050048828 17.001962661743164
v 96.99266052246094 90.84419250488281 21.336605072021484
v 96.5804672241211 90.3182144165039 22.475494384765625
v 96.21817779541016 90.60212707519531 22.78148651123047
v 97.71747589111328 89.42716979980469 -8.46277141571045
v 97.86427307128906 89.61449432373047 -6.116128921508789
v 97.71747589111328 89.42716979980469 -6.399739742279053
v 98.20614624023438 90.05073547363281 -4.671247959136963
v 98.39356994628906 90.2898941040039 -3.226367235183716
v 98.39279174804688 90.28890228271484 -1.7814863920211792
v 98.43778991699219 90.34632110595703 -0.33660566806793213
v 98.46642303466797 90.38286590576172 1.108275055885315
v 98.56683349609375 90.510986328125 2.5531558990478516
v 98.57709503173828 90.52408599853516 9.777559280395508
v 98.1352767944336 89.96031188964844 11.222440719604492
v 97.73711395263672 89.45223236083984 12.66732120513916
v 97.71747589111328 89.42716979980469 12.721667289733887
v 96.89730834960938 90.06991577148438 14.112201690673828
v 98.6041259765625 90.55857849121094 18.44684410095215
v 98.09369659423828 89.90724182128906 19.891725540161133
v 97.71747589111328 89.42716979980469 21.00385093688965
v 97.48793029785156 89.6070556640625 21.336605072021484
v 99.23963928222656 89.02760314941406 -7.561009407043457
v 98.85448455810547 88.5361328125 -7.838485240936279
v 97.92867279052734 89.26166534423828 -6.116128921508789
v 98.35281372070312 88.92927551269531 -4.671247959136963
v 98.96592712402344 88.67833709716797 -3.226367235183716
v 98.85448455810547 88.5361328125 -3.6655969619750977
v 98.99555206298828 88.71614074707031 -1.7814863920211792
v 99.02384185791016 88.75223541259766 -0.33660566806793213
v 99.11565399169922 88.86940002441406 1.108275055885315
v 99.23686218261719 89.02406311035156 2.5531558990478516
v 99.41217041015625 89.24776458740234 3.9980366230010986
v 99.5701675415039 89.44937133789062 5.442917346954346
v 99.49384307861328 89.35198211669922 6.887798309326172
v 99.14082336425781 88.9015121459961 8.33267879486084
v 98.93016052246094 88.63269805908203 9.777559280395508
v 98.85448455810547 88.5361328125 9.97881031036377
v 98.18096160888672 89.06394958496094 11.222440719604492
v 97.73877716064453 89.41047668457031 12.66732120513916
v 99.52423095703125 89.39075469970703 17.001962661743164
v 98.9785385131836 88.69442749023438 18.44684410095215
v 98.85448455810547 88.5361328125 18.842805862426758
v 98.38005065917969 88.90792846679688 19.891725540161133
v 99.2029800415039 88.26302337646484 -7.561009407043457
v 100.78152465820312 88.6531982421875 -6.116128921508789
v 99.99149322509766 87.64508819580078 -6.94025993347168
v 98.96395874023438 88.4503402709961 -3.226367235183716
v 99.09114837646484 88.35066223144531 -1.7814863920211792
v 99.15774536132812 88.29846954345703 -0.33660566806793213
v 99.44053649902344 88.07685852050781 1.108275055885315
v 99.86552429199219 87.74380493164062 2.5531558990478516
v 99.99859619140625 87.65415954589844 3.9980366230010986
v 99.99149322509766 87.64508819580078 3.6921396255493164
v 100.02335357666016 87.68574523925781 5.442917346954346
v 99.99149322509766 87.64508819580078 6.866471767425537
v 99.99000549316406 87.64624786376953 6.887798309326172
v 99.1416015625 88.31112670898438 8.33267879486084
v 98.93070220947266 88.47639465332031 9.777559280395508
v 100.72174835205078 88.5769271850586 14.112201690673828
v 100.13530731201172 87.82859802246094 15.557082176208496
v 99.99149322509766 87.64508819580078 15.945676803588867
v 99.57947540283203 87.96797180175781 17.001962661743164
v 99.00122833251953 88.42112731933594 18.44684410095215
v 100.73160552978516 87.06507873535156 -6.116128921508789
v 101.78018951416016 87.58562469482422 -4.671247959136963
v 101.12849426269531 86.75404357910156 -5.491204261779785
v 99.99837493896484 87.63969421386719 3.9980366230010986
v 100.01470947265625 87.62689208984375 5.442917346954346
v 101.83260345458984 87.65251159667969 11.222440719604492
v 101.1713638305664 86.80874633789062 12.66732120513916
v 101.12849426269531 86.75404357910156 12.768768310546875
v 100.62325286865234 87.14999389648438 14.112201690673828
v 100.11810302734375 87.54586029052734 15.557082176208496
v 101.66329956054688 86.3349380493164 -4.671247959136963
v 102.34259796142578 85.96137237548828 -3.226367235183716
v 102.2655029296875 85.86299896240234 -3.3683624267578125
v 102.94104766845703 86.72502136230469 -1.7814863920211792
v 103.1273193359375 86.96270751953125 6.887798309326172
v 102.66392517089844 86.37140655517578 8.33267879486084
v 102.2655029296875 85.86299896240234 9.358043670654297
v 102.15702819824219 85.94801330566406 9.777559280395508
v 101.61692810058594 86.37127685546875 11.222440719604492
v 101.16207885742188 86.72772979736328 12.66732120513916
v 102.32180786132812 85.81887817382812 -3.226367235183716
v 102.72327423095703 85.50425720214844 -1.7814863920211792
v 103.01240539550781 85.27767944335938 -0.33660566806793213
v 103.17169952392578 85.15283966064453 1.108275055885315
v 103.26349639892578 85.0809097290039 2.5531558990478516
v 103.25872802734375 85.08464050292969 3.9980366230010986
v 103.13542175292969 85.1812744140625 5.442917346954346
v 102.87657165527344 85.38412475585938 6.887798309326172
v 102.5469741821289 85.64242553710938 8.33267879486084
v 82.07992553710938 99.91785430908203 -3.226367235183716
v 82.0215072631836 99.89238739013672 -3.226367235183716
v 82.04533386230469 99.87371826171875 -3.38118839263916
v 82.1656723022461 100.02727508544922 -1.7814863920211792
v 81.96379852294922 99.93760681152344 -1.7814863920211792
v 82.222900390625 100.10030364990234 -0.33660566806793213
v 81.92984771728516 99.96421813964844 -0.33660566806793213
v 82.24169921875 100.1242904663086 1.108275055885315
v 81.9217300415039 99.9705810546875 1.108275055885315
v 82.15708923339844 100.01632690429688 2.5531558990478516
v 81.97423553466797 99.92942810058594 2.5531558990478516
v 82.04533386230469 99.87371826171875 3.548389434814453
v 83.21250915527344 99.02117156982422 -7.561009407043457
v 83.15690612792969 99.00260925292969 -7.561009407043457
v 83.18233489990234 98.98267364501953 -7.61509370803833
v 83.76817321777344 99.730224609375 -6.116128921508789
v 82.66073608398438 99.39144134521484 -6.116128921508789
v 82.285888671875 99.68519592285156 -4.671247959136963
v 82.080810546875 99.84590911865234 3.9980366230010986
v 82.2620620727539 99.70386505126953 5.442917346954346
v 82.4929428100586 99.52293395996094 6.887798309326172
v 83.83101654052734 99.81040954589844 8.33267879486084
v 82.75870513916016 99.31466674804688 8.33267879486084
v 83.40461730957031 99.26631164550781 9.777559280395508
v 83.02488708496094 99.10606384277344 9.777559280395508
v 83.18233489990234 98.98267364501953 10.478700637817383
v 84.73494720458984 98.62195587158203 -9.005889892578125
v 83.94403076171875 98.38575744628906 -9.005889892578125
v 84.31934356689453 98.09162902832031 -9.486932754516602
v 83.3630599975586 98.84104919433594 11.222440719604492
v 84.98314666748047 98.93866729736328 12.66732120513916
v 83.78866577148438 98.50750732421875 12.66732120513916
v 84.42761993408203 98.22979736328125 14.112201690673828
v 84.23147583007812 98.16049194335938 14.112201690673828
v 84.31934356689453 98.09162902832031 14.360146522521973
v 85.54145050048828 97.30917358398438 -10.45077133178711
v 85.36234283447266 97.27426147460938 -10.45077133178711
v 85.45635223388672 97.20059204101562 -10.512094497680664
v 86.29595184326172 98.2719497680664 15.557082176208496
v 84.71566772460938 97.78104400634766 15.557082176208496
v 85.62661743164062 97.41785430908203 17.001962661743164
v 85.30827331542969 97.31663513183594 17.001962661743164
v 85.45635223388672 97.20059204101562 17.360132217407227
v 87.4246826171875 97.37034606933594 -10.45077133178711
v 86.5933609008789 96.3095474243164 -10.727811813354492
v 86.60042572021484 96.31855773925781 -6.116128921508789
v 86.5933609008789 96.3095474243164 -6.155132293701172
v 86.5853500366211 96.3158187866211 -6.116128921508789
v 86.5933609008789 96.3095474243164 -5.882370471954346
v 87.19668579101562 97.07941436767578 18.44684410095215
v 85.94591522216797 96.81693267822266 18.44684410095215
v 86.5933609008789 96.3095474243164 19.665851593017578
v 87.7303695678711 95.41850280761719 -10.73866081237793
v 87.6365966796875 95.49198913574219 -9.005889892578125
v 87.79377746582031 95.49942016601562 -9.005889892578125
v 87.7303695678711 95.41850280761719 -9.353483200073242
v 87.30178833007812 95.7543716430664 -7.561009407043457
v 87.99354553222656 95.75432586669922 -7.561009407043457
v 88.24626159667969 96.07679748535156 -6.116128921508789
v 87.0056381225586 95.98645782470703 -4.671247959136963
v 88.23992156982422 96.06871032714844 -4.671247959136963
v 87.085693359375 95.92371368408203 -3.226367235183716
v 88.1618423461914 95.96907806396484 -3.226367235183716
v 87.06114196777344 95.94295501708984 -1.7814863920211792
v 88.18666076660156 96.0007553100586 -1.7814863920211792
v 86.9063491821289 96.06426239013672 -0.33660566806793213
v 88.29869842529297 96.14371490478516 -0.33660566806793213
v 86.86270904541016 96.09846496582031 1.108275055885315
v 88.3575439453125 96.21880340576172 1.108275055885315
v 86.77449798583984 96.16759490966797 2.5531558990478516
v 88.44495391845703 96.3303451538086 2.5531558990478516
v 86.73374938964844 96.19952392578125 3.9980366230010986
v 88.462646484375 96.35292053222656 3.9980366230010986
v 86.7082290649414 96.21952819824219 5.442917346954346
v 88.4559326171875 96.34435272216797 5.442917346954346
v 86.7365951538086 96.19729614257812 6.887798309326172
v 88.44742584228516 96.33349609375 6.887798309326172
v 86.7780990600586 96.1647720336914 8.33267879486084
v 88.4113540649414 96.28746795654297 8.33267879486084
v 86.83285522460938 96.12185668945312 9.777559280395508
v 88.33003234863281 96.18370056152344 9.777559280395508
v 86.95779418945312 96.0239486694336 11.222440719604492
v 88.24652862548828 96.07714080810547 11.222440719604492
v 87.2642822265625 95.78376770019531 12.66732120513916
v 88.0025405883789 95.76580810546875 12.66732120513916
v 87.7303695678711 95.41850280761719 14.045649528503418
v 88.51579284667969 96.42073822021484 19.891725540161133
v 86.7260513305664 96.20555877685547 19.891725540161133
v 87.78768157958984 95.49163818359375 21.336605072021484
v 87.65474700927734 95.47776794433594 21.336605072021484
v 87.7303695678711 95.41850280761719 21.435977935791016
v 88.17144012451172 95.0728530883789 -10.45077133178711
v 89.38282012939453 95.18518829345703 -10.45077133178711
v 89.47969055175781 95.30879974365234 -9.005889892578125
v 89.75346374511719 95.65814971923828 -3.226367235183716
v 87.74500274658203 95.40703582763672 14.112201690673828
v 89.5138931274414 95.35244750976562 14.112201690673828
v 88.30743408203125 94.96627044677734 15.557082176208496
v 89.18610382080078 94.93416595458984 15.557082176208496
v 88.86737823486328 94.52745819091797 16.52950096130371
v 89.60559844970703 95.4694595336914 21.336605072021484
v 88.86737823486328 94.52745819091797 22.745508193969727
v 90.78820037841797 94.6365966796875 15.557082176208496
v 89.175048828125 94.28634643554688 17.001962661743164
v 90.42096710205078 94.16799926757812 17.001962661743164
v 90.00438690185547 93.63642120361328 18.129596710205078
v 90.56077575683594 94.34639739990234 22.78148651123047
v 88.90478515625 94.4981460571289 22.78148651123047
v 90.00438690185547 93.63642120361328 23.799697875976562
v 91.94563293457031 93.77162170410156 17.001962661743164
v 90.33784484863281 93.37509155273438 18.44684410095215
v 91.43888854980469 93.125 18.44684410095215
v 91.14139556884766 92.74537658691406 19.368894577026367
v 91.37187957763672 93.03948974609375 24.226367950439453
v 90.55528259277344 93.20469665527344 24.226367950439453
v 91.14139556884766 92.74537658691406 24.669095993041992
v 92.87602233886719 92.61692810058594 18.44684410095215
v 91.89071655273438 92.15815734863281 19.891725540161133
v 92.34347534179688 91.9373779296875 19.891725540161133
v 92.27840423583984 91.85433197021484 20.07139015197754
v 92.79769134521484 92.51697540283203 24.226367950439453
v 92.27840423583984 91.85433197021484 25.277929306030273
v 94.30597686767578 92.09969329833984 -9.005889892578125
v 93.9565658569336 91.65382385253906 18.44684410095215
v 93.47660827636719 91.04138946533203 19.891725540161133
v 93.4154052734375 90.96329498291016 20.0639591217041
v 93.99557495117188 91.70361328125 24.226367950439453
v 93.4154052734375 90.96329498291016 25.47237777709961
v 94.85600280761719 90.45964050292969 18.44684410095215
v 94.55241394042969 90.07225036621094 19.702394485473633
v 94.15093994140625 90.38687133789062 19.891725540161133
v 95.06272888183594 90.72342681884766 24.226367950439453
v 94.55241394042969 90.07225036621094 25.398624420166016
v 96.49768829345703 90.21258544921875 -7.561009407043457
v 96.52848815917969 90.25188446044922 15.557082176208496
v 96.01799774169922 89.60047912597656 17.001962661743164
v 95.68942260742188 89.18120574951172 18.095537185668945
v 95.32365417480469 89.46784973144531 18.44684410095215
v 96.47076416015625 90.17823028564453 22.78148651123047
v 95.85848999023438 89.39694213867188 24.226367950439453
v 95.68942260742188 89.18120574951172 24.627573013305664
v 96.96636962890625 88.46873474121094 -7.561009407043457
v 97.1761474609375 88.73641204833984 14.112201690673828
v 96.82643127441406 88.2901611328125 15.133962631225586
v 96.65959930419922 88.42090606689453 15.557082176208496
v 96.07661437988281 88.87777709960938 17.001962661743164
v 97.60787963867188 89.28732299804688 21.336605072021484
v 97.03795623779297 88.56007385253906 22.78148651123047
v 96.82643127441406 88.2901611328125 23.29570198059082
v 96.06478118896484 88.88704681396484 24.226367950439453
v 97.02658081054688 88.13331604003906 -7.561009407043457
v 97.96343994140625 87.39912414550781 -8.263880729675293
v 97.80827331542969 87.52072143554688 -6.116128921508789
v 98.57730102539062 88.18243408203125 -4.671247959136963
v 97.96343994140625 87.39912414550781 -5.726832866668701
v 98.26470184326172 87.7835464477539 11.222440719604492
v 97.96343994140625 87.39912414550781 11.94500732421875
v 97.72109985351562 87.58903503417969 12.66732120513916
v 97.15210723876953 88.03494262695312 14.112201690673828
v 98.47968292236328 88.05786895751953 19.891725540161133
v 97.97772979736328 87.41735076904297 21.336605072021484
v 97.96343994140625 87.39912414550781 21.377050399780273
v 97.20401000976562 87.9942626953125 22.78148651123047
v 99.03941345214844 86.555908203125 -7.561009407043457
v 99.10044860839844 86.5080795288086 -7.5071539878845215
v 98.45823669433594 87.01136779785156 -4.671247959136963
v 98.93762969970703 86.63567352294922 -3.226367235183716
v 99.29531860351562 86.7567367553711 -1.7814863920211792
v 99.10044860839844 86.5080795288086 -2.660677194595337
v 99.32373046875 86.79299926757812 -0.33660566806793213
v 99.7364273071289 87.31961822509766 1.108275055885315
v 99.94652557373047 87.58771514892578 2.5531558990478516
v 99.99088287353516 87.64431762695312 6.887798309326172
v 99.20038604736328 86.63560485839844 8.33267879486084
v 99.10044860839844 86.5080795288086 8.61446475982666
v 98.82105255126953 86.72703552246094 9.777559280395508
v 98.1856689453125 87.22496795654297 11.222440719604492
v 99.56671905517578 87.10305786132812 17.001962661743164
v 99.10044860839844 86.5080795288086 18.154924392700195
v 98.99871826171875 86.58779907226562 18.44684410095215
v 98.48892974853516 86.98731231689453 19.891725540161133
v 97.98077392578125 87.38553619384766 21.336605072021484
v 100.55491638183594 86.02213287353516 -6.116128921508789
v 100.23745727539062 85.61703491210938 -6.395340919494629
v 99.17378997802734 86.45059967041016 -1.7814863920211792
v 99.27216339111328 86.3735122680664 -0.33660566806793213
v 99.53604125976562 86.16671752929688 1.108275055885315
v 99.810791015625 85.95140075683594 2.5531558990478516
v 100.16875457763672 85.6708755493164 3.9980366230010986
v 99.88529968261719 85.89301300048828 5.442917346954346
v 99.58151245117188 86.1310806274414 6.887798309326172
v 99.16568756103516 86.45694732666016 8.33267879486084
v 100.4876937866211 85.93634796142578 14.112201690673828
v 100.23745727539062 85.61703491210938 14.7024507522583
v 99.96570587158203 85.83000183105469 15.557082176208496
v 99.48436737060547 86.20721435546875 17.001962661743164
v 100.46987915039062 85.43489074707031 -6.116128921508789
v 101.35936737060547 84.73782348632812 -4.671247959136963
v 101.37446594238281 84.72599792480469 -4.636546611785889
v 102.080322265625 85.62670135498047 9.777559280395508
v 101.37446594238281 84.72599792480469 11.119089126586914
v 101.34221649169922 84.75126647949219 11.222440719604492
v 100.88259887695312 85.1114501953125 12.66732120513916
v 100.41270446777344 85.47969818115234 14.112201690673828
v 101.91822052001953 84.29986572265625 -3.226367235183716
v 102.34452056884766 83.96578979492188 -1.7814863920211792
v 102.72061920166016 84.1018295288086 -0.33660566806793213
v 102.511474609375 83.83495330810547 -1.0026371479034424
v 103.01140594482422 84.47288513183594 1.108275055885315
v 103.17819213867188 84.68571472167969 2.5531558990478516
v 103.1713638305664 84.677001953125 3.9980366230010986
v 102.95026397705078 84.39486694335938 5.442917346954346
v 102.58648681640625 83.93067932128906 6.887798309326172
v 102.511474609375 83.83495330810547 7.091826438903809
v 102.24653625488281 84.04257202148438 8.33267879486084
v 101.80826568603516 84.38603973388672 9.777559280395508
v 102.62702178955078 83.74439239501953 -0.33660566806793213
v 102.80168151855469 83.6075210571289 1.108275055885315
v 102.91112518310547 83.5217514038086 2.5531558990478516
v 102.9144287109375 83.5191650390625 3.9980366230010986
v 102.77023315429688 83.63216400146484 5.442917346954346
v 102.55668640136719 83.79951477050781 6.887798309326172
v 81.21476745605469 98.81388092041016 -6.116128921508789
v 81.12069702148438 98.76303100585938 -6.116128921508789
v 81.15428924560547 98.73670959472656 -6.238036632537842
v 81.72427368164062 99.46402740478516 -4.671247959136963
v 80.8245620727539 98.99510192871094 -4.671247959136963
v 80.678466796875 99.1095962524414 -3.226367235183716
v 80.59364318847656 99.17607116699219 -1.7814863920211792
v 80.57845306396484 99.18797302246094 -0.33660566806793213
v 80.59791564941406 99.17272186279297 1.108275055885315
v 80.67455291748047 99.11266326904297 2.5531558990478516
v 81.96601104736328 99.77249908447266 3.9980366230010986
v 80.81050872802734 99.00611877441406 3.9980366230010986
v 81.54039764404297 99.2293930053711 5.442917346954346
v 80.99063110351562 98.86495971679688 5.442917346954346
v 81.15428924560547 98.73670959472656 6.508033752441406
v 81.60398864746094 98.38428497314453 -7.561009407043457
v 82.29129791259766 97.84566497802734 -8.80665397644043
v 81.21784210205078 98.68689727783203 6.887798309326172
v 81.468994140625 98.49008178710938 8.33267879486084
v 81.75112915039062 98.26898193359375 9.777559280395508
v 82.80748748779297 98.50434875488281 11.222440719604492
v 82.04431915283203 98.03921508789062 11.222440719604492
v 82.29129791259766 97.84566497802734 12.289337158203125
v 82.40592956542969 97.75582885742188 -9.005889892578125
v 83.42830657958984 96.95462036132812 -10.20632266998291
v 82.379150390625 97.77681732177734 12.66732120513916
v 82.76343536376953 97.47566223144531 14.112201690673828
v 83.69447326660156 97.29427337646484 15.557082176208496
v 83.25282287597656 97.0921401977539 15.557082176208496
v 83.42830657958984 96.95462036132812 16.037538528442383
v 83.80265808105469 96.66124725341797 -10.45077133178711
v 84.5653076171875 96.06358337402344 -10.885774612426758
v 83.75652313232422 96.69740295410156 17.001962661743164
v 84.85835266113281 96.43751525878906 18.44684410095215
v 84.36292266845703 96.2221908569336 18.44684410095215
v 84.5653076171875 96.06358337402344 18.920995712280273
v 85.70231628417969 95.17253875732422 -10.777423858642578
v 85.71310424804688 95.1863021850586 -9.005889892578125
v 85.70231628417969 95.17253875732422 -9.052545547485352
v 85.69232177734375 95.18037414550781 -9.005889892578125
v 85.50286102294922 95.32884979248047 -7.561009407043457
v 85.99987030029297 95.5522232055664 -7.561009407043457
v 85.28873443603516 95.49665832519531 -6.116128921508789
v 85.51490020751953 95.31941223144531 -4.671247959136963
v 86.1249008178711 95.7117691040039 -4.671247959136963
v 85.53771209716797 95.3015365600586 -3.226367235183716
v 86.04562377929688 95.61061096191406 -3.226367235183716
v 85.53697204589844 95.30211639404297 -1.7814863920211792
v 86.02821350097656 95.58839416503906 -1.7814863920211792
v 85.39618682861328 95.41244506835938 -0.33660566806793213
v 86.21189880371094 95.82278442382812 -0.33660566806793213
v 85.31786346435547 95.47382354736328 1.108275055885315
v 86.25846099853516 95.8822021484375 1.108275055885315
v 85.17671966552734 95.58444213867188 2.5531558990478516
v 86.33362579345703 95.97811126708984 2.5531558990478516
v 85.06236267089844 95.67405700683594 3.9980366230010986
v 86.41790771484375 96.08565521240234 3.9980366230010986
v 84.98150634765625 95.73741912841797 5.442917346954346
v 86.46870422363281 96.15048217773438 5.442917346954346
v 84.94210815429688 95.76829528808594 6.887798309326172
v 86.43558502197266 96.10821533203125 6.887798309326172
v 84.98649597167969 95.73351287841797 8.33267879486084
v 86.40862274169922 96.07381439208984 8.33267879486084
v 85.034423828125 95.6959457397461 9.777559280395508
v 86.39371490478516 96.0547866821289 9.777559280395508
v 85.16313171386719 95.59508514404297 11.222440719604492
v 86.32363891601562 95.96537017822266 11.222440719604492
v 85.3892822265625 95.41785430908203 12.66732120513916
v 86.13345336914062 95.72268676757812 12.66732120513916
v 85.70231628417969 95.17253875732422 14.07933235168457
v 86.45989990234375 96.13924407958984 19.891725540161133
v 85.041748046875 95.6902084350586 19.891725540161133
v 85.70231628417969 95.17253875732422 21.047578811645508
v 86.1487045288086 94.82271575927734 -10.45077133178711
v 87.43355560302734 95.03975677490234 -10.45077133178711
v 85.7098159790039 95.16666412353516 14.112201690673828
v 87.72137451171875 95.40702819824219 14.112201690673828
v 86.21796417236328 94.76844024658203 15.557082176208496
v 87.37047576904297 94.95926666259766 15.557082176208496
v 86.83932495117188 94.281494140625 16.814613342285156
v 85.88168334960938 95.03197479248047 21.336605072021484
v 86.85247802734375 94.29827117919922 22.78148651123047
v 86.8250961303711 94.29264831542969 22.78148651123047
v 86.83932495117188 94.281494140625 22.80150032043457
v 86.92588806152344 94.21366119384766 17.001962661743164
v 88.73358917236328 94.35674285888672 17.001962661743164
v 87.6996841430664 93.60726165771484 18.44684410095215
v 88.19987487792969 93.67569732666016 18.44684410095215
v 87.97633361816406 93.39045715332031 18.908432006835938
v 88.84495544433594 94.49884796142578 22.78148651123047
v 87.97633361816406 93.39045715332031 24.150293350219727
v 89.91636657714844 93.52410888671875 18.44684410095215
v 88.68019104003906 92.83885955810547 19.891725540161133
v 89.41488647460938 92.88419342041016 19.891725540161133
v 89.11334228515625 92.4994125366211 20.48488998413086
v 89.73921203613281 93.29804992675781 24.226367950439453
v 88.05473327636719 93.32901763916016 24.226367950439453
v 89.11334228515625 92.4994125366211 25.196121215820312
v 91.00086212158203 92.56605529785156 19.891725540161133
v 89.83594512939453 91.9331283569336 21.336605072021484
v 90.45571899414062 91.87042999267578 21.336605072021484
v 90.25035095214844 91.60836791992188 21.778966903686523
v 90.51647186279297 91.94795227050781 25.671247482299805
v 89.71593475341797 92.02717590332031 25.671247482299805
v 90.25035095214844 91.60836791992188 26.06409454345703
v 91.81219482421875 91.25943756103516 21.336605072021484
v 91.38735961914062 90.71732330322266 22.494123458862305
v 92.04522705078125 91.55679321289062 25.671247482299805
v 91.38735961914062 90.71732330322266 26.747074127197266
v 92.87670135498047 90.27587890625 21.336605072021484
v 92.52436828613281 89.82628631591797 22.584285736083984
v 93.31483459472656 90.83495330810547 25.671247482299805
v 92.52436828613281 89.82628631591797 27.070083618164062
v 94.49877166748047 90.00379943847656 19.891725540161133
v 93.81230163574219 89.1278305053711 21.336605072021484
v 93.661376953125 88.93524169921875 21.994447708129883
v 94.4218521118164 89.9056396484375 25.671247482299805
v 93.661376953125 88.93524169921875 27.108373641967773
v 95.55463409423828 89.00921630859375 18.44684410095215
v 94.99250793457031 88.29190826416016 19.891725540161133
v 94.79837799072266 88.04419708251953 20.652042388916016
v 94.17965698242188 88.5290756225586 21.336605072021484
v 95.22026824951172 88.5825424194336 25.671247482299805
v 94.79837799072266 88.04419708251953 26.574752807617188
v 96.66458892822266 88.08364868164062 15.557082176208496
v 96.0987319946289 87.36158752441406 17.001962661743164
v 95.93538665771484 87.15316009521484 17.577180862426758
v 95.63158416748047 87.3912353515625 18.44684410095215
v 95.01742553710938 87.87254333496094 19.891725540161133
v 96.46043395996094 87.82313537597656 24.226367950439453
v 95.93538665771484 87.15316009521484 25.373088836669922
v 95.65744018554688 87.37097930908203 25.671247482299805
v 96.9542465209961 86.35470581054688 -7.561009407043457
v 97.07239532470703 86.26211547851562 -7.840298652648926
v 97.76065063476562 87.14035034179688 -6.116128921508789
v 97.07239532470703 86.26211547851562 -7.261390686035156
v 97.59344482421875 86.92698669433594 12.66732120513916
v 97.07239532470703 86.26211547851562 13.845244407653809
v 97.00548553466797 86.3145523071289 14.112201690673828
v 96.54306030273438 86.67694091796875 15.557082176208496
v 96.09489440917969 87.02815246582031 17.001962661743164
v 97.41387939453125 86.6978530883789 22.78148651123047
v 97.07239532470703 86.26211547851562 23.650964736938477
v 96.7977066040039 86.47738647460938 24.226367950439453
v 98.99987030029297 86.3797378540039 -7.561009407043457
v 98.20940399169922 85.3710708618164 -7.876850605010986
v 97.50106811523438 85.92617797851562 -6.116128921508789
v 98.16470336914062 85.4061050415039 -4.671247959136963
v 98.970458984375 86.34220886230469 -3.226367235183716
v 98.20940399169922 85.3710708618164 -4.414421558380127
v 98.55233001708984 85.80865478515625 9.777559280395508
v 98.20940399169922 85.3710708618164 10.261968612670898
v 97.9015121459961 85.61235809326172 11.222440719604492
v 97.42280578613281 85.98751068115234 12.66732120513916
v 98.9825668334961 86.35765838623047 18.44684410095215
v 98.42176818847656 85.64205932617188 19.891725540161133
v 98.20940399169922 85.3710708618164 20.474361419677734
v 97.9526596069336 85.57227325439453 21.336605072021484
v 97.44880676269531 85.96713256835938 22.78148651123047
v 98.66277313232422 85.01577758789062 -7.561009407043457
v 99.3464126586914 84.48002624511719 -6.946075916290283
v 98.4228744506836 85.20378112792969 -3.226367235183716
v 98.77021789550781 84.93157958984375 -1.7814863920211792
v 99.03199005126953 84.72643280029297 -0.33660566806793213
v 99.29695892333984 84.51878356933594 1.108275055885315
v 99.55813598632812 84.75019073486328 2.5531558990478516
v 99.3464126586914 84.48002624511719 1.5129735469818115
v 100.0933609008789 85.43316650390625 3.9980366230010986
v 99.73213958740234 84.97222900390625 5.442917346954346
v 99.3464126586914 84.48002624511719 6.313911437988281
v 99.21188354492188 84.58545684814453 6.887798309326172
v 98.85194396972656 84.8675308227539 8.33267879486084
v 98.37092590332031 85.24449157714844 9.777559280395508
v 99.83978271484375 85.10958862304688 15.557082176208496
v 99.3464126586914 84.48002624511719 16.673168182373047
v 99.24844360351562 84.55680847167969 17.001962661743164
v 98.83570861816406 84.88025665283203 18.44684410095215
v 98.3825454711914 85.23538208007812 19.891725540161133
v 100.0487289428711 83.92964172363281 -6.116128921508789
v 101.34325408935547 84.68617248535156 -4.671247959136963
v 100.4834213256836 83.5889892578125 -5.364992141723633
v 99.41325378417969 84.42764282226562 2.5531558990478516
v 99.50309753417969 84.35723876953125 3.9980366230010986
v 99.49937438964844 84.36015319824219 5.442917346954346
v 101.32154846191406 84.65847778320312 11.222440719604492
v 100.5407485961914 83.66213989257812 12.66732120513916
v 100.4834213256836 83.5889892578125 12.783198356628418
v 100.10264587402344 83.88739013671875 14.112201690673828
v 99.67085266113281 84.22577667236328 15.557082176208496
v 100.85291290283203 83.29942321777344 -4.671247959136963
v 101.47061920166016 82.81534576416016 -3.226367235183716
v 102.19770050048828 83.4345703125 -1.7814863920211792
v 101.62042999267578 82.69794464111328 -2.80212664604187
v 101.9652328491211 83.13792419433594 8.33267879486084
v 101.62042999267578 82.69794464111328 8.991379737854004
v 101.4171142578125 82.8572769165039 9.777559280395508
v 100.98780059814453 83.19371795654297 11.222440719604492
v 100.51826477050781 83.56168365478516 12.66732120513916
v 101.87178039550781 82.50096893310547 -1.7814863920211792
v 102.14508819580078 82.28678131103516 -0.33660566806793213
v 102.3445816040039 82.13044738769531 1.108275055885315
v 102.43535614013672 82.05931091308594 2.5531558990478516
v 102.44074249267578 82.05508422851562 3.9980366230010986
v 102.32929229736328 82.1424331665039 5.442917346954346
v 102.10807800292969 82.31578826904297 6.887798309326172
v 101.79708099365234 82.55950927734375 8.33267879486084
v 79.88804626464844 97.89373016357422 -6.116128921508789
v 80.26324462890625 97.59970092773438 -7.362008094787598
v 79.58625793457031 98.13023376464844 -4.671247959136963
v 79.45288848876953 98.23475646972656 -3.226367235183716
v 79.39376831054688 98.28108215332031 -1.7814863920211792
v 79.37628936767578 98.29478454589844 -0.33660566806793213
v 79.40422821044922 98.27288818359375 1.108275055885315
v 79.50608825683594 98.19306182861328 2.5531558990478516
v 79.65042114257812 98.0799560546875 3.9980366230010986
v 79.836669921875 97.93399810791016 5.442917346954346
v 80.98472595214844 98.52033996582031 6.887798309326172
v 80.02172088623047 97.78897857666016 6.887798309326172
v 80.3192367553711 97.67115020751953 8.33267879486084
v 80.24468231201172 97.61424255371094 8.33267879486084
v 80.26324462890625 97.59970092773438 8.4306001663208
v 82.04448699951172 97.53073120117188 -9.005889892578125
v 81.07202911376953 96.96588134765625 -9.005889892578125
v 81.40025329589844 96.70865631103516 -9.412353515625
v 80.3413314819336 97.53850555419922 -7.561009407043457
v 80.55182647705078 97.37354278564453 9.777559280395508
v 80.83077239990234 97.15494537353516 11.222440719604492
v 82.02800750732422 97.50970458984375 12.66732120513916
v 81.1832504272461 96.87871551513672 12.66732120513916
v 81.40025329589844 96.70865631103516 13.632949829101562
v 82.69255065917969 96.0157699584961 -10.45077133178711
v 82.47545623779297 95.86605072021484 -10.45077133178711
v 82.53726196289062 95.81761169433594 -10.501688003540039
v 81.5066909790039 96.625244140625 14.112201690673828
v 81.9098892211914 96.30927276611328 15.557082176208496
v 82.82270812988281 96.18185424804688 17.001962661743164
v 82.39055633544922 95.93258666992188 17.001962661743164
v 82.53726196289062 95.81761169433594 17.392744064331055
v 83.67427062988281 94.92657470703125 -11.004773139953613
v 83.6910400390625 94.9479751586914 -7.561009407043457
v 83.67427062988281 94.92657470703125 -7.594831943511963
v 83.6631088256836 94.93531799316406 -7.561009407043457
v 83.67427062988281 94.92657470703125 -7.265558242797852
v 83.74409484863281 95.01567840576172 5.442917346954346
v 83.67427062988281 94.92657470703125 4.877482891082764
v 83.65255737304688 94.94358825683594 5.442917346954346
v 83.5789794921875 95.00125122070312 6.887798309326172
v 83.98246765136719 95.3198471069336 6.887798309326172
v 83.57402801513672 95.005126953125 8.33267879486084
v 84.0171890258789 95.3641586303711 8.33267879486084
v 83.62183380126953 94.96766662597656 9.777559280395508
v 83.86052703857422 95.16424560546875 9.777559280395508
v 83.67427062988281 94.92657470703125 10.370209693908691
v 82.94676971435547 95.49669647216797 18.44684410095215
v 83.86744689941406 95.1730728149414 19.891725540161133
v 83.567626953125 95.01014709472656 19.891725540161133
v 83.67427062988281 94.92657470703125 20.114566802978516
v 84.67474365234375 94.14253234863281 -10.45077133178711
v 84.98548889160156 94.2578353881836 -10.45077133178711
v 84.3025894165039 94.43417358398438 -9.005889892578125
v 83.89556121826172 94.7531509399414 -6.116128921508789
v 84.00458526611328 94.66771697998047 -4.671247959136963
v 83.91793060302734 94.7356185913086 -3.226367235183716
v 83.81715393066406 94.8145980834961 -1.7814863920211792
v 83.76937866210938 94.85203552246094 -0.33660566806793213
v 83.75630950927734 94.8622817993164 1.108275055885315
v 83.74250030517578 94.87310028076172 2.5531558990478516
v 83.70271301269531 94.90428161621094 3.9980366230010986
v 83.76513671875 94.85536193847656 11.222440719604492
v 84.02404022216797 94.6524658203125 12.66732120513916
v 84.33511352539062 94.40868377685547 14.112201690673828
v 85.69169616699219 95.15898132324219 14.112201690673828
v 84.69799041748047 94.12430572509766 15.557082176208496
v 84.9986343383789 94.27460479736328 15.557082176208496
v 84.811279296875 94.03553009033203 15.809340476989746
v 85.47315979003906 94.880126953125 21.336605072021484
v 84.35934448242188 94.38969421386719 21.336605072021484
v 84.811279296875 94.03553009033203 22.116880416870117
v 85.32945251464844 93.62944793701172 17.001962661743164
v 86.74427032470703 94.16020202636719 17.001962661743164
v 85.94828796386719 93.14448547363281 18.294784545898438
v 85.24527740478516 93.69541931152344 22.78148651123047
v 85.94828796386719 93.14448547363281 23.816604614257812
v 86.0203857421875 93.08798217773438 18.44684410095215
v 86.75208282470703 92.51457214355469 19.891725540161133
v 87.43167114257812 92.69544219970703 19.891725540161133
v 87.08528900146484 92.25344848632812 20.48550033569336
v 86.28889465332031 92.87755584716797 24.226367950439453
v 87.907958984375 93.30320739746094 24.226367950439453
v 87.08528900146484 92.25344848632812 25.181743621826172
v 87.61863708496094 91.83547973632812 21.336605072021484
v 88.7022705078125 91.97486114501953 21.336605072021484
v 88.22229766845703 91.3624038696289 22.137880325317383
v 88.71473693847656 91.99077606201172 25.671247482299805
v 87.57415771484375 91.87033081054688 25.671247482299805
v 88.22229766845703 91.3624038696289 26.25167465209961
v 88.78805541992188 90.91903686523438 22.78148651123047
v 89.73487854003906 90.95059967041016 22.78148651123047
v 89.35930633544922 90.47135925292969 23.348356246948242
v 89.38264465332031 90.50114440917969 27.11612892150879
v 89.32115936279297 90.50125885009766 27.11612892150879
v 89.35930633544922 90.47135925292969 27.14224624633789
v 91.2569351196289 90.5509033203125 22.78148651123047
v 90.4963150024414 89.58031463623047 24.020404815673828
v 91.09982299804688 90.35041809082031 27.11612892150879
v 90.4963150024414 89.58031463623047 27.844284057617188
v 92.44578552246094 89.72601318359375 22.78148651123047
v 91.5886459350586 88.72428894042969 24.226367950439453
v 91.63825225830078 88.69556427001953 24.226367950439453
v 91.6333236694336 88.68927764892578 24.233562469482422
v 92.49524688720703 89.78912353515625 27.11612892150879
v 91.6333236694336 88.68927764892578 28.30879020690918
v 93.35668182373047 88.54644012451172 22.78148651123047
v 92.77033233642578 87.79823303222656 24.045509338378906
v 91.74378967285156 88.60270690917969 24.226367950439453
v 93.65675354003906 88.9293441772461 27.11612892150879
v 92.77033233642578 87.79823303222656 28.43046760559082
v 94.54429626464844 87.719970703125 21.336605072021484
v 93.9600830078125 86.97449493408203 22.78148651123047
v 93.90734100341797 86.90718841552734 22.945241928100586
v 94.52301788330078 87.69282531738281 27.11612892150879
v 93.90734100341797 86.90718841552734 28.1461124420166
v 95.59842681884766 86.72317504882812 18.44684410095215
v 95.04434967041016 86.01615142822266 19.79034996032715
v 95.00323486328125 86.0483627319336 19.891725540161133
v 94.46289825439453 86.47181701660156 21.336605072021484
v 93.96220397949219 86.86419677734375 22.78148651123047
v 95.79454803466797 86.97343444824219 25.671247482299805
v 95.07318878173828 86.0529556274414 27.11612892150879
v 95.04434967041016 86.01615142822266 27.16294288635254
v 96.85763549804688 85.98806762695312 -7.561009407043457
v 96.94080352783203 86.09419250488281 14.112201690673828
v 96.30106353759766 85.2778549194336 15.557082176208496
v 96.18135833740234 85.12510681152344 15.898066520690918
v 95.8983383178711 85.3469009399414 17.001962661743164
v 95.44590759277344 85.70145416259766 18.44684410095215
v 96.84175872802734 85.96780395507812 24.226367950439453
v 96.20503997802734 85.15532684326172 25.671247482299805
v 96.18135833740234 85.12510681152344 25.720630645751953
v 95.09370422363281 85.97747039794922 27.11612892150879
v 96.65470123291016 84.75415802001953 -7.561009407043457
v 97.318359375 84.23406219482422 -8.13444709777832
v 97.04942321777344 84.44482421875 -6.116128921508789
v 98.11463165283203 85.25013732910156 -4.671247959136963
v 97.318359375 84.23406219482422 -5.324977874755859
v 97.59658813476562 84.58909606933594 11.222440719604492
v 97.318359375 84.23406219482422 11.835265159606934
v 97.12222290039062 84.38777160644531 12.66732120513916
v 96.65697479248047 84.75237274169922 14.112201690673828
v 96.26802825927734 85.05718231201172 15.557082176208496
v 97.84548950195312 84.90670013427734 21.336605072021484
v 97.318359375 84.23406219482422 22.687259674072266
v 97.29267120361328 84.25419616699219 22.78148651123047
v 96.8300552368164 84.61673736572266 24.226367950439453
v 96.20953369140625 85.10302734375 25.671247482299805
v 98.26142120361328 83.49501037597656 -7.561009407043457
v 98.45536804199219 83.343017578125 -7.390946865081787
v 97.60765075683594 84.00735473632812 -4.671247959136963
v 97.93948364257812 83.74730682373047 -3.226367235183716
v 98.31085968017578 83.45626831054688 -1.7814863920211792
v 98.53044128417969 83.43881225585938 -0.33660566806793213
v 98.45536804199219 83.343017578125 -0.4779264032840729
v 98.96489715576172 83.99319458007812 1.108275055885315
v 99.0945816040039 84.15868377685547 6.887798309326172
v 98.45954895019531 83.34835052490234 8.33267879486084
v 98.45536804199219 83.343017578125 8.339882850646973
v 98.00589752197266 83.69525909423828 9.777559280395508
v 97.46871948242188 84.1162338256836 11.222440719604492
v 99.18516540527344 84.2742691040039 17.001962661743164
v 98.49063873291016 83.38802337646484 18.44684410095215
v 98.45536804199219 83.343017578125 18.529460906982422
v 98.11465454101562 83.61003112792969 19.891725540161133
v 97.70598602294922 83.9302978515625 21.336605072021484
v 99.52519989013672 82.50462341308594 -6.116128921508789
v 99.59237670898438 82.45198059082031 -6.004209041595459
v 98.46678161621094 83.3340835571289 -0.33660566806793213
v 98.49598693847656 83.31118774414062 1.108275055885315
v 98.61064147949219 83.2213363647461 2.5531558990478516
v 98.81716918945312 83.05948638916016 3.9980366230010986
v 98.86019897460938 83.02577209472656 5.442917346954346
v 98.7154312133789 83.13922119140625 6.887798309326172
v 98.45760345458984 83.34127044677734 8.33267879486084
v 99.73761749267578 82.6373062133789 14.112201690673828
v 99.59237670898438 82.45198059082031 14.397918701171875
v 99.27759552001953 82.69866180419922 15.557082176208496
v 98.8901596069336 83.00228881835938 17.001962661743164
v 98.47644805908203 83.32649993896484 18.44684410095215
v 100.33133697509766 81.87287902832031 -4.671247959136963
v 101.21730041503906 82.18353271484375 -3.226367235183716
v 100.72938537597656 81.5609359741211 -3.6646833419799805
v 101.16887664794922 82.12174224853516 9.777559280395508
v 100.72938537597656 81.5609359741211 10.510987281799316
v 100.5352783203125 81.71305847167969 11.222440719604492
v 100.1075439453125 82.04825592041016 12.66732120513916
v 99.67022705078125 82.3909683227539 14.112201690673828
v 100.8711166381836 81.44986724853516 -3.226367235183716
v 101.27168273925781 81.13595581054688 -1.7814863920211792
v 101.55335998535156 80.91521453857422 -0.33660566806793213
v 101.72968292236328 80.77703094482422 1.108275055885315
v 101.83002471923828 80.69839477539062 2.5531558990478516
v 101.84972381591797 80.6829605102539 3.9980366230010986
v 101.75167083740234 80.75979614257812 5.442917346954346
v 101.58456420898438 80.89075469970703 6.887798309326172
v 101.34153747558594 81.08121490478516 8.33267879486084
v 100.93431091308594 81.40034484863281 9.777559280395508
v 80.03264617919922 97.30545043945312 -7.561009407043457
v 79.18435668945312 96.60990905761719 -7.561009407043457
v 79.37220001220703 96.46269226074219 -7.988082408905029
v 78.75379943847656 96.94731903076172 -6.116128921508789
v 78.5158462524414 97.13379669189453 -4.671247959136963
v 78.35514068603516 97.2597427368164 -3.226367235183716
v 78.27912902832031 97.31930541992188 -1.7814863920211792
v 78.27401733398438 97.32331085205078 -0.33660566806793213
v 78.32261657714844 97.28522491455078 1.108275055885315
v 78.44184875488281 97.19178771972656 2.5531558990478516
v 78.60820770263672 97.06141662597656 3.9980366230010986
v 78.76435852050781 96.93904113769531 5.442917346954346
v 78.95243835449219 96.7916488647461 6.887798309326172
v 79.18252563476562 96.61133575439453 8.33267879486084
v 79.37220001220703 96.46269226074219 9.53271484375
v 79.996826171875 95.97319030761719 -9.005889892578125
v 80.50920867919922 95.57164764404297 -9.601960182189941
v 79.42129516601562 96.4242172241211 9.777559280395508
v 79.72186279296875 96.18867492675781 11.222440719604492
v 80.0602035522461 95.92352294921875 12.66732120513916
v 80.99850463867188 96.19600677490234 14.112201690673828
v 80.38385772705078 95.66988372802734 14.112201690673828
v 80.50920867919922 95.57164764404297 14.646191596984863
v 81.48091125488281 94.81015014648438 -10.45077133178711
v 81.6462173461914 94.68061065673828 -10.577445030212402
v 80.73464965820312 95.39498138427734 15.557082176208496
v 81.17155456542969 95.0525894165039 17.001962661743164
v 81.6462173461914 94.68061065673828 18.349424362182617
v 82.7832260131836 93.78956604003906 -10.977507591247559
v 82.90813446044922 93.9489517211914 -9.005889892578125
v 82.7832260131836 93.78956604003906 -9.191780090332031
v 82.71529388427734 93.84280395507812 -9.005889892578125
v 82.67078399658203 93.877685546875 -7.561009407043457
v 82.66641235351562 93.88111114501953 -6.116128921508789
v 83.16799926757812 94.28055572509766 -6.116128921508789
v 82.7832260131836 93.78956604003906 -4.910643100738525
v 83.21094512939453 94.3353500366211 -0.33660566806793213
v 82.7832260131836 93.78956604003906 -1.716394305229187
v 82.62102508544922 93.91667938232422 -0.33660566806793213
v 82.54835510253906 93.97362518310547 1.108275055885315
v 83.3314208984375 94.48908233642578 1.108275055885315
v 82.52590942382812 93.99121856689453 2.5531558990478516
v 83.43489837646484 94.62112426757812 2.5531558990478516
v 82.41301727294922 94.0796890258789 3.9980366230010986
v 83.60501098632812 94.83820343017578 3.9980366230010986
v 82.33499145507812 94.14083862304688 5.442917346954346
v 82.26456451416016 94.1960220336914 6.887798309326172
v 82.3357925415039 94.14020538330078 8.33267879486084
v 82.41557312011719 94.07769012451172 9.777559280395508
v 82.62264251708984 93.91541290283203 11.222440719604492
v 83.41802215576172 94.5995864868164 11.222440719604492
v 82.7832260131836 93.78956604003906 12.11720085144043
v 81.68144989013672 94.65299987792969 18.44684410095215
v 82.31675720214844 94.15512084960938 19.891725540161133
v 82.7832260131836 93.78956604003906 20.852874755859375
v 83.33316040039062 93.35859680175781 -10.45077133178711
v 82.7950668334961 93.78028869628906 -4.671247959136963
v 82.8053207397461 93.77224731445312 -3.226367235183716
v 82.78644561767578 93.78704071044922 -1.7814863920211792
v 82.87198638916016 93.72000885009766 12.66732120513916
v 83.18583679199219 93.47405242919922 14.112201690673828
v 83.50879669189453 93.22095489501953 15.557082176208496
v 83.92023468017578 92.89852142333984 16.969196319580078
v 83.05068969726562 93.57996368408203 21.336605072021484
v 84.03994750976562 93.05128479003906 22.78148651123047
v 83.86067962646484 92.94519805908203 22.78148651123047
v 83.92023468017578 92.89852142333984 22.87570571899414
v 83.93021392822266 92.89070129394531 17.001962661743164
v 84.5651626586914 92.39311218261719 18.44684410095215
v 85.84391021728516 93.01130676269531 18.44684410095215
v 85.05724334716797 92.00747680664062 19.611026763916016
v 85.469970703125 92.53414154052734 24.226367950439453
v 84.83079528808594 92.18494415283203 24.226367950439453
v 85.05724334716797 92.00747680664062 24.540103912353516
v 85.18931579589844 91.90397644042969 19.891725540161133
v 85.90965270996094 91.33946990966797 21.336605072021484
v 86.54730224609375 91.56694030761719 21.336605072021484
v 86.19425201416016 91.11643981933594 21.803123474121094
v 86.53462982177734 91.55077362060547 25.671247482299805
v 85.97565460205078 91.28775024414062 25.671247482299805
v 86.19425201416016 91.11643981933594 25.923240661621094
v 86.91905212402344 90.54843139648438 22.78148651123047
v 87.74347686767578 90.75140380859375 22.78148651123047
v 87.33126068115234 90.22539520263672 23.32044792175293
v 87.33126068115234 90.22539520263672 27.000364303588867
v 88.2242202758789 89.52560424804688 24.226367950439453
v 88.64810943603516 89.5638427734375 24.226367950439453
v 88.46826171875 89.3343505859375 24.439254760742188
v 87.46501922607422 90.12056732177734 27.11612892150879
v 88.46826171875 89.3343505859375 27.92144203186035
v 90.33557891845703 89.37520599365234 24.226367950439453
v 89.60527038574219 88.44331359863281 25.02764320373535
v 89.46654510498047 88.55203247070312 28.561010360717773
v 89.7074203491211 88.57365417480469 28.561010360717773
v 89.60527038574219 88.44331359863281 28.64729881286621
v 90.74227905273438 87.5522689819336 25.356616973876953
v 91.37040710449219 88.3537826538086 28.561010360717773
v 90.74227905273438 87.5522689819336 29.146011352539062
v 92.69371032714844 87.70046997070312 24.226367950439453
v 91.87928771972656 86.66122436523438 25.367887496948242
v 92.66358184814453 87.6620101928711 28.561010360717773
v 91.87928771972656 86.66122436523438 29.310251235961914
v 93.10494232177734 85.88330078125 24.226367950439453
v 93.01629638671875 85.77017974853516 24.36801528930664
v 93.58425903320312 86.49492645263672 28.561010360717773
v 93.01629638671875 85.77017974853516 29.115938186645508
v 94.99556732177734 85.95390319824219 19.891725540161133
v 94.22372436523438 84.96900177001953 21.336605072021484
v 94.15330505371094 84.87914276123047 21.492015838623047
v 93.71064758300781 85.22604370117188 22.78148651123047
v 93.07511138916016 85.72409057617188 24.226367950439453
v 94.15330505371094 84.87914276123047 28.333425521850586
v 93.87166595458984 85.099853515625 28.561010360717773
v 95.69911193847656 84.5097427368164 17.001962661743164
v 95.29031372070312 83.98809814453125 17.803438186645508
v 95.11173248291016 84.12804412841797 18.44684410095215
v 94.6948471069336 84.45475006103516 19.891725540161133
v 94.19719696044922 84.8447494506836 21.336605072021484
v 95.29349517822266 83.99215698242188 27.11612892150879
v 95.29031372070312 83.98809814453125 27.119895935058594
v 96.05516052246094 83.38870239257812 -7.561009407043457
v 96.42732238769531 83.09705352783203 -8.203777313232422
v 96.57133483886719 83.28083038330078 -6.116128921508789
v 96.42732238769531 83.09705352783203 -6.312675952911377
v 96.88969421386719 83.68706512451172 12.66732120513916
v 96.42732238769531 83.09705352783203 13.622675895690918
v 96.31578826904297 83.18446350097656 14.112201690673828
v 95.89485168457031 83.51433563232422 15.557082176208496
v 95.52238464355469 83.80622863769531 17.001962661743164
v 97.27465057373047 84.17829132080078 22.78148651123047
v 96.58132934570312 83.2935791015625 24.226367950439453
v 96.42732238769531 83.09705352783203 24.50753402709961
v 96.01468658447266 83.42042541503906 25.671247482299805
v 95.29290771484375 83.9860610961914 27.11612892150879
v 98.09019470214844 82.87703704833984 -7.561009407043457
v 97.5643310546875 82.20601654052734 -7.750619411468506
v 96.51318359375 83.02976989746094 -6.116128921508789
v 96.92646026611328 82.70589447021484 -4.671247959136963
v 97.17666625976562 82.50981140136719 -3.226367235183716
v 97.55047607421875 82.21686553955078 -1.7814863920211792
v 97.5643310546875 82.20601654052734 -1.4103705883026123
v 97.51570129394531 82.2441177368164 9.777559280395508
v 97.5643310546875 82.20601654052734 9.62037181854248
v 97.05397033691406 82.60597229003906 11.222440719604492
v 96.63956451416016 82.93072509765625 12.66732120513916
v 97.81729888916016 82.52880859375 19.891725540161133
v 97.5643310546875 82.20601654052734 20.451343536376953
v 97.33983612060547 82.38194274902344 21.336605072021484
v 96.93223571777344 82.70136260986328 22.78148651123047
v 96.5207748413086 83.02381896972656 24.226367950439453
v 97.77234649658203 82.04299926757812 -7.561009407043457
v 99.39691925048828 82.20256805419922 -6.116128921508789
v 98.70133972167969 81.31497192382812 -6.414702415466309
v 97.60736846923828 82.17227935791016 -0.33660566806793213
v 97.67030334472656 82.12296295166016 1.108275055885315
v 97.82749938964844 81.99977111816406 2.5531558990478516
v 98.04009246826172 81.83317565917969 3.9980366230010986
v 98.17434692382812 81.72795867919922 5.442917346954346
v 98.04508972167969 81.82925415039062 6.887798309326172
v 97.86861419677734 81.9675521850586 8.33267879486084
v 98.94121551513672 81.6210708618164 15.557082176208496
v 98.70133972167969 81.31497192382812 16.011184692382812
v 98.4387435913086 81.52075958251953 17.001962661743164
v 98.07030487060547 81.80949401855469 18.44684410095215
v 97.69413757324219 82.10428619384766 19.891725540161133
v 98.89944458007812 81.15972137451172 -6.116128921508789
v 99.67791748046875 80.54965209960938 -4.671247959136963
v 99.83834075927734 80.4239273071289 -4.301311016082764
v 100.21461486816406 80.90406799316406 11.222440719604492
v 99.83834075927734 80.4239273071289 11.753384590148926
v 99.59659576416016 80.6133804321289 12.66732120513916
v 99.2014389038086 80.92304992675781 14.112201690673828
v 98.81414031982422 81.22657012939453 15.557082176208496
v 100.2186279296875 80.12590789794922 -3.226367235183716
v 100.59440612792969 79.8314208984375 -1.7814863920211792
v 100.87561798095703 79.61104583740234 -0.33660566806793213
v 101.3535385131836 80.01546478271484 1.108275055885315
v 100.97534942626953 79.53288269042969 0.3599995970726013
v 101.70915985107422 80.46925354003906 2.5531558990478516
v 101.7919692993164 80.57492065429688 3.9980366230010986
v 101.41679382324219 80.09618377685547 5.442917346954346
v 100.97534942626953 79.53288269042969 6.577056407928467
v 100.94498443603516 79.55668640136719 6.887798309326172
v 100.72735595703125 79.72723388671875 8.33267879486084
v 100.4184341430664 79.96932983398438 9.777559280395508
v 99.98133087158203 80.31187438964844 11.222440719604492
v 101.06624603271484 79.46165466308594 1.108275055885315
v 101.12682342529297 79.4141845703125 2.5531558990478516
v 101.14688110351562 79.3984603881836 3.9980366230010986
v 101.08668518066406 79.44564056396484 5.442917346954346
v 77.75799560546875 96.74481201171875 -1.7814863920211792
v 77.30744171142578 96.24549865722656 -1.7814863920211792
v 77.34415435791016 96.21672821044922 -2.531320333480835
v 77.84952545166016 96.86160278320312 -0.33660566806793213
v 77.29568481445312 96.25470733642578 -0.33660566806793213
v 77.34415435791016 96.21672821044922 0.8495285511016846
v 78.16294860839844 95.57505798339844 -7.561009407043457
v 78.48116302490234 95.32568359375 -8.219882011413574
v 77.76175689697266 95.88946533203125 -6.116128921508789
v 77.54757690429688 96.05731201171875 -4.671247959136963
v 77.37902069091797 96.18939971923828 -3.226367235183716
v 77.35591125488281 96.20751190185547 1.108275055885315
v 77.49092102050781 96.1017074584961 2.5531558990478516
v 77.63491821289062 95.98886108398438 3.9980366230010986
v 77.78865814208984 95.86837768554688 5.442917346954346
v 77.96219635009766 95.73238372802734 6.887798309326172
v 78.16422271728516 95.57405853271484 8.33267879486084
v 79.09564208984375 96.10978698730469 9.777559280395508
v 78.39677429199219 95.39181518554688 9.777559280395508
v 78.48116302490234 95.32568359375 10.221725463867188
v 79.02030181884766 94.9031753540039 -9.005889892578125
v 79.61817169189453 94.43463897705078 -9.695651054382324
v 78.705322265625 95.15000915527344 11.222440719604492
v 79.0014419555664 94.91795349121094 12.66732120513916
v 79.35145568847656 94.6436538696289 14.112201690673828
v 79.61817169189453 94.43463897705078 15.376640319824219
v 80.61186981201172 93.6559066772461 -10.45077133178711
v 80.75517272949219 93.5436019897461 -10.548290252685547
v 79.65912628173828 94.40254211425781 15.557082176208496
v 80.10189056396484 94.0555648803711 17.001962661743164
v 81.5169906616211 94.51570892333984 18.44684410095215
v 80.55984497070312 93.6966781616211 18.44684410095215
v 80.75517272949219 93.5436019897461 18.913284301757812
v 81.89218139648438 92.65255737304688 -10.940062522888184
v 81.89218139648438 92.65255737304688 -9.498576164245605
v 81.69219970703125 92.80928039550781 -9.005889892578125
v 81.6980209350586 92.80471801757812 -7.561009407043457
v 81.61119079589844 92.87276458740234 -6.116128921508789
v 81.84635925292969 92.68846893310547 -4.671247959136963
v 82.43344116210938 93.34322357177734 -4.671247959136963
v 81.83441162109375 92.69783020019531 -3.226367235183716
v 82.37435150146484 93.267822265625 -3.226367235183716
v 81.70232391357422 92.80134582519531 -1.7814863920211792
v 82.7538833618164 93.75212097167969 -1.7814863920211792
v 81.54076385498047 92.9279556274414 -0.33660566806793213
v 81.39289855957031 93.04383087158203 1.108275055885315
v 81.2869873046875 93.1268310546875 2.5531558990478516
v 81.1557846069336 93.22965240478516 3.9980366230010986
v 81.07377624511719 93.2939224243164 5.442917346954346
v 81.04029846191406 93.32015228271484 6.887798309326172
v 81.20532989501953 93.19082641601562 8.33267879486084
v 81.33576202392578 93.08861541748047 9.777559280395508
v 81.53205871582031 92.93477630615234 11.222440719604492
v 81.7819595336914 92.73893737792969 12.66732120513916
v 82.37793731689453 93.27239990234375 12.66732120513916
v 81.89218139648438 92.65255737304688 13.208032608032227
v 81.19268798828125 93.20073699951172 19.891725540161133
v 81.89218139648438 92.65255737304688 21.303457260131836
v 82.36286926269531 92.28369140625 -10.45077133178711
v 82.06146240234375 92.5198974609375 14.112201690673828
v 82.35809326171875 92.28743743896484 15.557082176208496
v 82.6817398071289 92.03379821777344 17.001962661743164
v 83.89779663085938 92.86988830566406 17.001962661743164
v 83.02919006347656 91.76151275634766 17.907875061035156
v 81.91092681884766 92.63787078857422 21.336605072021484
v 82.76119995117188 91.9715347290039 22.78148651123047
v 83.02919006347656 91.76151275634766 23.212745666503906
v 83.2519302368164 91.58695983886719 18.44684410095215
v 83.92791748046875 91.05720520019531 19.891725540161133
v 84.75973510742188 91.62784576416016 19.891725540161133
v 84.16619873046875 90.87047576904297 20.33509063720703
v 83.67959594726562 91.2518081665039 24.226367950439453
v 84.16619873046875 90.87047576904297 24.90464973449707
v 84.70549774169922 90.44783782958984 21.336605072021484
v 85.30320739746094 89.97943115234375 22.37642478942871
v 84.72695922851562 90.43102264404297 25.671247482299805
v 85.30320739746094 89.97943115234375 26.347877502441406
v 85.548095703125 89.78752136230469 22.78148651123047
v 86.44021606445312 89.08838653564453 24.150117874145508
v 86.03421020507812 89.40656280517578 27.11612892150879
v 87.14297485351562 89.98513793945312 27.11612892150879
v 86.44021606445312 89.08838653564453 27.5180721282959
v 86.50130462646484 89.04051208496094 24.226367950439453
v 87.57722473144531 88.19734191894531 25.382240295410156
v 87.57722473144531 88.19734191894531 28.471555709838867
v 88.46898651123047 87.49849700927734 25.671247482299805
v 88.8182144165039 87.4389877319336 25.671247482299805
v 88.7142333984375 87.30630493164062 25.75837516784668
v 87.703125 88.09867858886719 28.561010360717773
v 88.7142333984375 87.30630493164062 29.244112014770508
v 90.44081115722656 87.1675796508789 25.671247482299805
v 89.85124206542969 86.4152603149414 26.232948303222656
v 89.85124206542969 86.4152603149414 29.826644897460938
v 91.66297149658203 86.38520050048828 25.671247482299805
v 90.98824310302734 85.52421569824219 26.315181732177734
v 90.98824310302734 85.52421569824219 29.840688705444336
v 91.9098892211914 84.80194854736328 25.671247482299805
v 92.12525177001953 84.6331787109375 25.454761505126953
v 92.12525177001953 84.6331787109375 29.663558959960938
v 93.45689392089844 83.99049377441406 22.78148651123047
v 93.26226043701172 83.74213409423828 23.214656829833984
v 92.95022583007812 83.98666381835938 24.226367950439453
v 93.89005279541016 84.54322814941406 28.561010360717773
v 93.26226043701172 83.74213409423828 29.053686141967773
v 94.93791198730469 83.53841400146484 18.44684410095215
v 94.3992691040039 82.85108947753906 19.535194396972656
v 94.30957794189453 82.92137908935547 19.891725540161133
v 93.8931655883789 83.24771118164062 21.336605072021484
v 93.3744888305664 83.65418243408203 22.78148651123047
v 94.3992691040039 82.85108947753906 27.765832901000977
v 93.77674865722656 83.33894348144531 28.561010360717773
v 95.22659301757812 82.2027359008789 -7.561009407043457
v 95.5362777709961 81.96004486083984 -8.131757736206055
v 95.5362777709961 81.96004486083984 -6.332592487335205
v 96.14665222167969 82.7389144897461 14.112201690673828
v 95.5362777709961 81.96004486083984 15.073911666870117
v 95.41264343261719 82.05693817138672 15.557082176208496
v 95.02783203125 82.35850524902344 17.001962661743164
v 94.67890167236328 82.63195037841797 18.44684410095215
v 95.61250305175781 82.05731964111328 25.671247482299805
v 95.5362777709961 81.96004486083984 25.75050163269043
v 94.83369445800781 82.5106430053711 27.11612892150879
v 96.67328643798828 81.06900787353516 -7.939409255981445
v 95.60354614257812 81.90733337402344 -6.116128921508789
v 95.96220397949219 81.62625885009766 -4.671247959136963
v 96.32152557373047 81.34467315673828 -3.226367235183716
v 96.54249572753906 81.17150115966797 -1.7814863920211792
v 96.67328643798828 81.06900787353516 -0.5093669891357422
v 97.22431182861328 81.77214050292969 9.777559280395508
v 96.67328643798828 81.06900787353516 10.181391716003418
v 96.4824447631836 81.21855926513672 11.222440719604492
v 96.08775329589844 81.52787017822266 12.66732120513916
v 95.74623107910156 81.79551696777344 14.112201690673828
v 97.04096221923828 81.53816986083984 21.336605072021484
v 96.67328643798828 81.06900787353516 21.95818519592285
v 96.4635238647461 81.23339080810547 22.78148651123047
v 96.02029418945312 81.58074188232422 24.226367950439453
v 95.571044921875 81.93280029296875 25.671247482299805
v 97.08833312988281 80.74374389648438 -7.561009407043457
v 97.81029510498047 80.17796325683594 -6.613004684448242
v 96.69664001464844 81.05070495605469 -0.33660566806793213
v 96.74862670898438 81.00996398925781 1.108275055885315
v 96.96607208251953 80.83955383300781 2.5531558990478516
v 97.14458465576172 80.69966125488281 3.9980366230010986
v 97.28660583496094 80.58836364746094 5.442917346954346
v 97.20227813720703 80.65444946289062 6.887798309326172
v 97.02812194824219 80.79092407226562 8.33267879486084
v 96.74153900146484 81.01551818847656 9.777559280395508
v 98.06876373291016 80.50778198242188 17.001962661743164
v 97.81029510498047 80.17796325683594 17.415939331054688
v 97.5475082397461 80.38389587402344 18.44684410095215
v 97.16084289550781 80.68692016601562 19.891725540161133
v 96.8087158203125 80.96287536621094 21.336605072021484
v 98.12403869628906 79.93209075927734 -6.116128921508789
v 98.9729232788086 79.31961822509766 -4.671247959136963
v 98.94730377197266 79.28691864013672 -4.678821086883545
v 99.08208465576172 79.45891571044922 12.66732120513916
v 98.94730377197266 79.28691864013672 12.842447280883789
v 98.63372802734375 79.53266143798828 14.112201690673828
v 98.2490005493164 79.83415985107422 15.557082176208496
v 97.9048080444336 80.10388946533203 17.001962661743164
v 98.95097351074219 79.28404235839844 -4.671247959136963
v 99.44237518310547 78.8989486694336 -3.226367235183716
v 99.84169006347656 78.58601379394531 -1.7814863920211792
v 100.38890838623047 78.78455352783203 -0.33660566806793213
v 100.08431243896484 78.39588165283203 -0.6007399559020996
v 100.82191467285156 79.33709716796875 6.887798309326172
v 100.08431243896484 78.39588165283203 8.102435111999512
v 100.05602264404297 78.41804504394531 8.33267879486084
v 99.77667236328125 78.636962890625 9.777559280395508
v 99.35140991210938 78.97023010253906 11.222440719604492
v 98.99014282226562 79.25334167480469 12.66732120513916
v 100.12725830078125 78.36222076416016 -0.33660566806793213
v 100.29086303710938 78.2340087890625 1.108275055885315
v 100.35681915283203 78.18231964111328 2.5531558990478516
v 100.3723373413086 78.17015838623047 3.9980366230010986
v 100.32839965820312 78.20458984375 5.442917346954346
v 100.21976470947266 78.28972625732422 6.887798309326172
v 76.43294525146484 95.09552001953125 -1.7814863920211792
v 76.45310974121094 95.07971954345703 -2.284078359603882
v 76.41465759277344 95.10985565185547 -0.33660566806793213
v 76.45310974121094 95.07971954345703 0.8591576814651489
v 77.27018737792969 94.43939971923828 -7.561009407043457
v 77.59011840820312 94.18867492675781 -8.225181579589844
v 76.86430358886719 94.75747680664062 -6.116128921508789
v 76.64956665039062 94.92576599121094 -4.671247959136963
v 76.49273681640625 95.04866027832031 -3.226367235183716
v 76.46237182617188 95.07245635986328 1.108275055885315
v 76.5718994140625 94.98662567138672 2.5531558990478516
v 76.72369384765625 94.86766815185547 3.9980366230010986
v 76.885498046875 94.7408676147461 5.442917346954346
v 77.06385040283203 94.6010971069336 6.887798309326172
v 77.248291015625 94.45655822753906 8.33267879486084
v 77.44754791259766 94.30040740966797 9.777559280395508
v 77.59011840820312 94.18867492675781 10.528179168701172
v 78.1815185546875 93.72521209716797 -9.005889892578125
v 78.72712707519531 93.29763793945312 -9.620548248291016
v 77.74656677246094 94.06607055664062 11.222440719604492
v 78.04679107666016 93.83079528808594 12.66732120513916
v 78.3672866821289 93.57963562011719 14.112201690673828
v 79.11344909667969 93.79060363769531 15.557082176208496
v 78.69908142089844 93.31961822509766 15.557082176208496
v 78.72712707519531 93.29763793945312 15.65487003326416
v 79.81873321533203 92.44216918945312 -10.45077133178711
v 79.8641357421875 92.4065933227539 -10.478292465209961
v 79.11459350585938 92.99398803710938 17.001962661743164
v 79.5962142944336 92.6165542602539 18.44684410095215
v 79.8641357421875 92.4065933227539 19.095563888549805
v 81.00114440917969 91.51554870605469 -10.728588104248047
v 81.00114440917969 91.51554870605469 -9.470592498779297
v 80.88218688964844 91.60877227783203 -9.005889892578125
v 80.78012084960938 91.68875885009766 -7.561009407043457
v 80.62959289550781 91.80672454833984 -6.116128921508789
v 80.84964752197266 91.63426971435547 -4.671247959136963
v 80.87325286865234 91.61576843261719 -3.226367235183716
v 80.810546875 91.6649169921875 -1.7814863920211792
v 80.60279083251953 91.82772064208984 -0.33660566806793213
v 80.37022399902344 92.00997924804688 1.108275055885315
v 80.27494049072266 92.08465576171875 2.5531558990478516
v 80.20189666748047 92.14189910888672 3.9980366230010986
v 80.13230895996094 92.19642639160156 5.442917346954346
v 80.12353515625 92.20330810546875 6.887798309326172
v 80.16670227050781 92.16947937011719 8.33267879486084
v 80.3712387084961 92.00918579101562 9.777559280395508
v 80.50249481201172 91.90632629394531 11.222440719604492
v 80.72681427001953 91.73052978515625 12.66732120513916
v 81.00114440917969 91.51554870605469 14.066636085510254
v 80.22865295410156 92.12092590332031 19.891725540161133
v 81.67737579345703 92.37845611572266 21.336605072021484
v 80.94611358642578 91.55867004394531 21.336605072021484
v 81.00114440917969 91.51554870605469 21.4455623626709
v 81.24130249023438 91.32733917236328 -10.45077133178711
v 81.00920867919922 91.50923156738281 14.112201690673828
v 81.2979965209961 91.28291320800781 15.557082176208496
v 81.63316345214844 91.02025604248047 17.001962661743164
v 82.13814544677734 90.62450408935547 18.33247184753418
v 81.79745483398438 90.8915023803711 22.78148651123047
v 82.13814544677734 90.62450408935547 23.342470169067383
v 82.18000030517578 90.59170532226562 18.44684410095215
v 82.77849578857422 90.12268829345703 19.891725540161133
v 83.27515411376953 89.73346710205078 20.78118133544922
v 82.66836547851562 90.20899200439453 24.226367950439453
v 83.27515411376953 89.73346710205078 25.08330535888672
v 83.59708404541016 89.4811782836914 21.336605072021484
v 84.41216278076172 88.84242248535156 22.697311401367188
v 83.70319366455078 89.39802551269531 25.671247482299805
v 84.41216278076172 88.84242248535156 26.499195098876953
v 84.47296142578125 88.7947769165039 22.78148651123047
v 85.5491714477539 87.95137786865234 24.17807388305664
v 84.94304656982422 88.42638397216797 27.11612892150879
v 85.5491714477539 87.95137786865234 27.757375717163086
v 85.59087371826172 87.918701171875 24.226367950439453
v 86.6861801147461 87.06034088134766 25.44438934326172
v 86.51642608642578 87.19336700439453 28.561010360717773
v 87.2330093383789 87.75811004638672 28.561010360717773
v 86.6861801147461 87.06034088134766 28.699037551879883
v 87.05840301513672 86.76863861083984 25.671247482299805
v 87.82318878173828 86.16929626464844 26.2735538482666
v 87.82318878173828 86.16929626464844 29.488719940185547
v 88.96019744873047 85.27825164794922 26.81913185119629
v 88.77889251708984 85.42033386230469 30.005889892578125
v 89.29815673828125 85.70950317382812 30.005889892578125
v 88.96019744873047 85.27825164794922 30.092071533203125
v 90.09720611572266 84.38720703125 26.695697784423828
v 90.55155181884766 84.96697998046875 30.005889892578125
v 90.09720611572266 84.38720703125 30.153820037841797
v 91.62779235839844 83.9983901977539 25.671247482299805
v 91.23421478271484 83.49617004394531 25.858016967773438
v 91.23421478271484 83.49617004394531 29.95302391052246
v 90.97434997558594 83.69981384277344 30.005889892578125
v 92.2792739868164 82.67717742919922 24.226367950439453
v 92.37122344970703 82.6051254272461 23.92974281311035
v 91.41218566894531 83.35669708251953 25.671247482299805
v 92.37122344970703 82.6051254272461 29.41476058959961
v 94.0560531616211 82.41313171386719 19.891725540161133
v 93.50822448730469 81.71408081054688 20.65567970275879
v 93.30928802490234 81.86998748779297 21.336605072021484
v 92.6785888671875 82.36425018310547 22.78148651123047
v 93.50822448730469 81.71408081054688 28.208864212036133
v 93.24488067626953 81.92046356201172 28.561010360717773
v 94.24070739746094 81.14006042480469 -7.561009407043457
v 94.64523315429688 80.82304382324219 -8.184922218322754
v 94.64523315429688 80.82304382324219 -6.15758752822876
v 94.60256958007812 80.85647583007812 15.557082176208496
v 94.64523315429688 80.82304382324219 15.29991626739502
v 94.24069213867188 81.14006805419922 17.001962661743164
v 93.93330383300781 81.3809585571289 18.44684410095215
v 93.65258026123047 81.6009521484375 19.891725540161133
v 94.64523315429688 80.82304382324219 26.30689239501953
v 94.22489929199219 81.1524429321289 27.11612892150879
v 95.78224182128906 79.93199920654297 -7.997869491577148
v 94.65830993652344 80.81279754638672 -6.116128921508789
v 94.9704360961914 80.56819152832031 -4.671247959136963
v 95.16812896728516 80.41326141357422 -3.226367235183716
v 95.44324493408203 80.19766235351562 -1.7814863920211792
v 96.60179138183594 80.97777557373047 -0.33660566806793213
v 95.56735229492188 80.10040283203125 -0.33660566806793213
v 95.78224182128906 79.93199920654297 1.0088411569595337
v 95.54193115234375 80.12032318115234 11.222440719604492
v 95.78224182128906 79.93199920654297 9.931589126586914
v 95.13090515136719 80.44243621826172 12.66732120513916
v 94.82538604736328 80.6818618774414 14.112201690673828
v 96.00141143798828 80.21166229248047 22.78148651123047
v 95.78224182128906 79.93199920654297 23.02838706970215
v 95.44894409179688 80.19319152832031 24.226367950439453
v 94.9422607421875 80.59027099609375 25.671247482299805
v 96.24895477294922 79.56624603271484 -7.561009407043457
v 96.91925048828125 79.04095458984375 -6.626546859741211
v 95.80298614501953 79.91574096679688 1.108275055885315
v 95.97525024414062 79.7807388305664 2.5531558990478516
v 96.18782043457031 79.6141586303711 3.9980366230010986
v 96.30514526367188 79.52220916748047 5.442917346954346
v 96.24866485595703 79.56647491455078 6.887798309326172
v 96.0827407836914 79.6965103149414 8.33267879486084
v 95.80967712402344 79.9104995727539 9.777559280395508
v 96.91925048828125 79.04095458984375 18.42962074279785
v 96.91556549072266 79.0438461303711 18.44684410095215
v 96.52469635009766 79.35015869140625 19.891725540161133
v 96.14776611328125 79.64554595947266 21.336605072021484
v 95.8365249633789 79.88945770263672 22.78148651123047
v 97.22122955322266 78.80430603027344 -6.116128921508789
v 98.05625915527344 78.14990997314453 -4.684185028076172
v 98.05625915527344 78.14990997314453 13.624844551086426
v 97.95525360107422 78.22906494140625 14.112201690673828
v 97.60389709472656 78.5044174194336 15.557082176208496
v 97.21487426757812 78.80928039550781 17.001962661743164
v 98.0628662109375 78.14473724365234 -4.671247959136963
v 98.56844329833984 77.74852752685547 -3.226367235183716
v 99.00083923339844 77.40966796875 -1.7814863920211792
v 99.19326782226562 77.25887298583984 -0.8172083497047424
v 99.79890441894531 78.03169250488281 8.33267879486084
v 99.19326782226562 77.25887298583984 8.638398170471191
v 98.96665954589844 77.43645477294922 9.777559280395508
v 98.61478424072266 77.71221160888672 11.222440719604492
v 98.25740051269531 77.99227905273438 12.66732120513916
v 99.26610565185547 77.20178985595703 -0.33660566806793213
v 99.43863677978516 77.06658172607422 1.108275055885315
v 99.52676391601562 76.99752044677734 2.5531558990478516
v 99.53231048583984 76.99317169189453 3.9980366230010986
v 99.48248291015625 77.03221893310547 5.442917346954346
v 99.39456939697266 77.10111236572266 6.887798309326172
v 99.24296569824219 77.21992492675781 8.33267879486084
v 76.15069580078125 94.6938247680664 -1.7814863920211792
v 75.9731674194336 94.46729278564453 -0.33660566806793213
v 76.48109436035156 93.22249603271484 -7.561009407043457
v 76.6990737915039 93.05166625976562 -8.03921127319336
v 76.05357360839844 93.55753326416016 -6.116128921508789
v 75.83184814453125 93.73129272460938 -4.671247959136963
v 75.67323303222656 93.8555908203125 -3.226367235183716
v 75.60572814941406 93.90849304199219 -1.7814863920211792
v 75.60147857666016 93.91182708740234 -0.33660566806793213
v 75.64939880371094 93.874267578125 1.108275055885315
v 75.74462127685547 93.79964447021484 2.5531558990478516
v 75.88739776611328 93.68775939941406 3.9980366230010986
v 76.06034851074219 93.5522232055664 5.442917346954346
v 76.23069763183594 93.4187240600586 6.887798309326172
v 76.38996887207031 93.29390716552734 8.33267879486084
v 76.60261535644531 93.12726593017578 9.777559280395508
v 76.6990737915039 93.05166625976562 10.36950969696045
v 77.45155334472656 92.46197509765625 -9.005889892578125
v 77.8360824584961 92.16062927246094 -9.413071632385254
v 76.86885070800781 92.91862487792969 11.222440719604492
v 77.17677307128906 92.67730712890625 12.66732120513916
v 77.48136138916016 92.43861389160156 14.112201690673828
v 78.05426025390625 92.43902587890625 15.557082176208496
v 77.8360824584961 92.16062927246094 15.520288467407227
v 79.70797729492188 92.20732879638672 -10.45077133178711
v 78.97309112548828 91.26958465576172 -10.288070678710938
v 77.84664154052734 92.15235137939453 15.557082176208496
v 78.2734146118164 91.81790161132812 17.001962661743164
v 78.78781127929688 91.41478729248047 18.44684410095215
v 78.97309112548828 91.26958465576172 18.86247444152832
v 79.72689056396484 90.6788558959961 -10.45077133178711
v 80.11009979248047 90.3785400390625 -10.508421897888184
v 80.11009979248047 90.3785400390625 -9.681412696838379
v 80.04914855957031 90.42630767822266 -9.005889892578125
v 79.88653564453125 90.55374145507812 -7.561009407043457
v 79.8729476928711 90.56439208984375 -6.116128921508789
v 79.916259765625 90.53044891357422 -4.671247959136963
v 79.91195678710938 90.53382110595703 -3.226367235183716
v 79.89418029785156 90.5477523803711 -1.7814863920211792
v 79.7585678100586 90.6540298461914 -0.33660566806793213
v 79.55288696289062 90.81521606445312 1.108275055885315
v 79.42635345458984 90.91437530517578 2.5531558990478516
v 79.3484115600586 90.97545623779297 3.9980366230010986
v 79.28018188476562 91.02892303466797 5.442917346954346
v 79.31964874267578 90.99799346923828 6.887798309326172
v 79.4286117553711 90.91260528564453 8.33267879486084
v 79.54256439208984 90.82330322265625 9.777559280395508
v 79.6685562133789 90.72456359863281 11.222440719604492
v 79.75285339355469 90.65850067138672 12.66732120513916
v 80.05024719238281 90.42544555664062 14.112201690673828
v 80.88261413574219 91.36430358886719 14.112201690673828
v 80.11009979248047 90.3785400390625 14.605600357055664
v 79.4689712524414 90.88097381591797 19.891725540161133
v 80.48649597167969 90.85884094238281 21.336605072021484
v 80.11009979248047 90.3785400390625 21.255056381225586
v 80.17159271240234 90.33035278320312 -10.45077133178711
v 80.2155532836914 90.2958984375 15.557082176208496
v 80.70556640625 89.9118881225586 17.001962661743164
v 81.2239761352539 89.50562286376953 18.44684410095215
v 81.56514739990234 89.8933334350586 18.44684410095215
v 81.24710845947266 89.48750305175781 18.48781394958496
v 80.15797424316406 90.34101867675781 21.336605072021484
v 81.00342559814453 89.678466796875 22.78148651123047
v 81.24710845947266 89.48750305175781 23.174047470092773
v 82.03712463378906 88.8683853149414 19.891725540161133
v 82.38411712646484 88.5964584350586 20.634014129638672
v 81.92697143554688 88.95470428466797 24.226367950439453
v 82.38411712646484 88.5964584350586 24.887351989746094
v 82.8358383178711 88.2424545288086 21.336605072021484
v 83.52112579345703 87.70541381835938 22.577789306640625
v 82.97225189208984 88.13555145263672 25.671247482299805
v 83.52112579345703 87.70541381835938 26.364410400390625
v 83.68644714355469 87.57585906982422 22.78148651123047
v 84.65812683105469 86.81436920166016 24.128700256347656
v 84.17545318603516 87.19263458251953 27.11612892150879
v 84.65812683105469 86.81436920166016 27.628026962280273
v 84.76628875732422 86.7296142578125 24.226367950439453
v 85.79513549804688 85.92333221435547 25.065935134887695
v 85.60408020019531 86.07305145263672 28.561010360717773
v 85.79513549804688 85.92333221435547 28.723176956176758
v 86.8020248413086 85.13426208496094 25.671247482299805
v 86.93214416503906 85.03228759765625 25.754833221435547
v 86.93214416503906 85.03228759765625 29.46272087097168
v 88.06915283203125 84.14124298095703 25.890954971313477
v 87.89678192138672 84.27632904052734 30.005889892578125
v 88.06915283203125 84.14124298095703 30.09303092956543
v 89.20616149902344 83.25019836425781 25.89256477355957
v 89.20616149902344 83.25019836425781 30.250932693481445
v 90.67185974121094 82.7785873413086 25.671247482299805
v 89.93350219726562 82.68020629882812 25.671247482299805
v 90.34317016601562 82.35916137695312 25.416662216186523
v 90.71662139892578 82.83570098876953 30.005889892578125
v 90.34317016601562 82.35916137695312 30.03553581237793
v 90.93514251708984 81.89524841308594 24.226367950439453
v 91.48017883300781 81.4681167602539 23.350168228149414
v 91.48017883300781 81.4681167602539 29.416860580444336
v 90.4141616821289 82.30352020263672 30.005889892578125
v 93.01799011230469 81.08851623535156 19.891725540161133
v 92.46121215820312 80.69931030273438 19.891725540161133
v 92.6171875 80.57707214355469 19.13703727722168
v 92.01012420654297 81.05281066894531 21.336605072021484
v 91.65020751953125 81.33486938476562 22.78148651123047
v 92.6171875 80.57707214355469 28.09857177734375
v 92.24778747558594 80.86656188964844 28.561010360717773
v 93.18516540527344 80.13196563720703 -7.561009407043457
v 93.75419616699219 79.68603515625 -8.283602714538574
v 94.51004028320312 80.65052795410156 -6.116128921508789
v 93.60250854492188 79.80490112304688 -6.116128921508789
v 93.75419616699219 79.68603515625 -5.03797721862793
v 94.06835174560547 80.0869140625 14.112201690673828
v 93.65117645263672 79.76676177978516 14.112201690673828
v 93.75419616699219 79.68603515625 13.584567070007324
v 93.39909362792969 79.96431732177734 15.557082176208496
v 93.03130340576172 80.2525405883789 17.001962661743164
v 92.73869323730469 80.48184967041016 18.44684410095215
v 93.75419616699219 79.68603515625 26.294769287109375
v 93.3067398071289 80.03668975830078 27.11612892150879
v 94.89119720458984 78.79499053955078 -7.878417015075684
v 93.79329681396484 79.65538787841797 -4.671247959136963
v 93.84611511230469 79.6139907836914 -3.226367235183716
v 93.9522933959961 79.5307846069336 -1.7814863920211792
v 94.08146667480469 79.42955780029297 -0.33660566806793213
v 95.75189971923828 79.89328002929688 1.108275055885315
v 94.42185974121094 79.16279602050781 1.108275055885315
v 95.27877807617188 79.28955841064453 2.5531558990478516
v 94.7523422241211 78.90380859375 2.5531558990478516
v 94.89119720458984 78.79499053955078 3.4472014904022217
v 95.15333557128906 79.12948608398438 8.33267879486084
v 94.75829315185547 78.8991470336914 8.33267879486084
v 94.89119720458984 78.79499053955078 7.3801960945129395
v 95.71131896972656 79.84149932861328 9.777559280395508
v 94.55670928955078 79.05712127685547 9.777559280395508
v 94.224853515625 79.31718444824219 11.222440719604492
v 93.92413330078125 79.5528564453125 12.66732120513916
v 94.89119720458984 78.79499053955078 23.06758689880371
v 94.54920196533203 79.06300354003906 24.226367950439453
v 94.06748962402344 79.44051361083984 25.671247482299805
v 95.19928741455078 78.55355072021484 -7.561009407043457
v 96.02820587158203 77.90394592285156 -6.40565824508667
v 94.97926330566406 78.72598266601562 3.9980366230010986
v 95.06353759765625 78.6599349975586 5.442917346954346
v 94.95867919921875 78.74210357666016 6.887798309326172
v 96.865966796875 78.97296142578125 18.44684410095215
v 96.02820587158203 77.90394592285156 18.628923416137695
v 95.66422271728516 78.18919372558594 19.891725540161133
v 95.28059387207031 78.48983001708984 21.336605072021484
v 94.96805572509766 78.7347640991211 22.78148651123047
v 96.20033264160156 77.76905822753906 -6.116128921508789
v 97.00418090820312 77.13910675048828 -4.671247959136963
v 98.01559448242188 78.0980224609375 -4.671247959136963
v 97.16521453857422 77.01290130615234 -4.257180213928223
v 97.16521453857422 77.01290130615234 13.82513427734375
v 97.10826873779297 77.05753326416016 14.112201690673828
v 96.73974609375 77.3463363647461 15.557082176208496
v 96.38258361816406 77.62623596191406 17.001962661743164
v 96.07624816894531 77.86630249023438 18.44684410095215
v 97.52942657470703 76.72748565673828 -3.226367235183716
v 97.9461669921875 76.40089416503906 -1.7814863920211792
v 98.23949432373047 76.17102813720703 -0.33660566806793213
v 98.6772689819336 76.60043334960938 -0.33660566806793213
v 98.3022232055664 76.12186431884766 0.22877369821071625
v 98.80878448486328 76.76825714111328 8.33267879486084
v 98.3022232055664 76.12186431884766 7.670037269592285
v 98.22938537597656 76.17893981933594 8.33267879486084
v 97.99883270263672 76.359619140625 9.777559280395508
v 97.6760482788086 76.61257934570312 11.222440719604492
v 97.38070678710938 76.84403228759766 12.66732120513916
v 98.39065551757812 76.05255889892578 1.108275055885315
v 98.48018646240234 75.9823989868164 2.5531558990478516
v 98.48625946044922 75.9776382446289 3.9980366230010986
v 98.44573974609375 76.00939178466797 5.442917346954346
v 98.37872314453125 76.0619125366211 6.887798309326172
v 75.74352264404297 91.96521759033203 -7.561009407043457
v 75.80802917480469 91.91465759277344 -7.700621128082275
v 75.31201934814453 92.3033676147461 -6.116128921508789
v 75.05754852294922 92.50279235839844 -4.671247959136963
v 74.89873504638672 92.62725067138672 -3.226367235183716
v 74.83928680419922 92.67383575439453 -1.7814863920211792
v 74.8497314453125 92.66565704345703 -0.33660566806793213
v 74.9062728881836 92.62134552001953 1.108275055885315
v 75.0020523071289 92.5462875366211 2.5531558990478516
v 75.11116027832031 92.46078491210938 3.9980366230010986
v 75.26996612548828 92.33633422851562 5.442917346954346
v 75.44962310791016 92.19554138183594 6.887798309326172
v 75.63190460205078 92.05268859863281 8.33267879486084
v 76.1150894165039 92.30648040771484 9.777559280395508
v 75.80802917480469 91.91465759277344 9.461140632629395
v 76.78986358642578 91.14522552490234 -9.005889892578125
v 76.94503784179688 91.02362060546875 -9.175215721130371
v 75.87174987792969 91.86473083496094 9.777559280395508
v 76.13546752929688 91.6580581665039 11.222440719604492
v 76.4247817993164 91.43132781982422 12.66732120513916
v 76.7533187866211 91.17386627197266 14.112201690673828
v 76.94503784179688 91.02362060546875 14.80264949798584
v 78.08204650878906 90.13257598876953 -9.930963516235352
v 77.1738510131836 90.84430694580078 15.557082176208496
v 77.63829040527344 90.48033905029297 17.001962661743164
v 78.43755340576172 90.58621215820312 18.44684410095215
v 78.08204650878906 90.13257598876953 18.134321212768555
v 79.90580749511719 90.11785888671875 -10.45077133178711
v 79.63595581054688 90.28852081298828 -9.783230781555176
v 79.21905517578125 89.24153137207031 -9.631196022033691
v 79.88285064697266 90.08856964111328 -9.005889892578125
v 79.21905517578125 89.24153137207031 -8.420177459716797
v 79.04180145263672 89.38044738769531 -7.561009407043457
v 79.06874084472656 89.35932922363281 -6.116128921508789
v 79.11241912841797 89.32510375976562 -4.671247959136963
v 79.05696105957031 89.36856079101562 -3.226367235183716
v 78.99370574951172 89.41813659667969 -1.7814863920211792
v 78.88421630859375 89.50393676757812 -0.33660566806793213
v 78.80258178710938 89.56791687011719 1.108275055885315
v 78.70930480957031 89.6410140991211 2.5531558990478516
v 78.68303680419922 89.6615982055664 3.9980366230010986
v 78.69686126708984 89.65076446533203 5.442917346954346
v 78.66229248046875 89.67784881591797 6.887798309326172
v 78.72377014160156 89.62967681884766 8.33267879486084
v 78.84236907958984 89.53673553466797 9.777559280395508
v 79.03414916992188 89.38643646240234 11.222440719604492
v 79.17256164550781 89.2779769897461 12.66732120513916
v 79.66795349121094 89.81434631347656 14.112201690673828
v 79.21905517578125 89.24153137207031 13.174198150634766
v 78.22757720947266 90.01852416992188 18.44684410095215
v 78.87823486328125 89.50862884521484 19.891725540161133
v 79.21905517578125 89.24153137207031 20.60371208190918
v 79.33966827392578 89.14701080322266 -9.005889892578125
v 79.27227783203125 89.19982147216797 14.112201690673828
v 79.62674713134766 88.92203521728516 15.557082176208496
v 80.13282012939453 88.52544403076172 17.001962661743164
v 81.18498992919922 89.40823364257812 18.44684410095215
v 80.35606384277344 88.35049438476562 17.585002899169922
v 79.6507339477539 88.90324401855469 21.336605072021484
v 80.561767578125 88.61297607421875 22.78148651123047
v 80.35606384277344 88.35049438476562 22.630205154418945
v 80.7828140258789 88.01605987548828 18.44684410095215
v 81.4454345703125 87.49678802490234 19.891725540161133
v 81.49307250976562 87.4594497680664 19.974712371826172
v 80.44495391845703 88.28083038330078 22.78148651123047
v 81.41027069091797 87.52433776855469 24.226367950439453
v 81.49307250976562 87.4594497680664 24.347890853881836
v 82.46055603027344 86.70125579833984 21.336605072021484
v 82.63008117675781 86.56840515136719 21.701303482055664
v 82.47148895263672 86.69268798828125 25.671247482299805
v 82.63008117675781 86.56840515136719 25.870254516601562
v 83.5074462890625 85.88084411621094 22.78148651123047
v 83.76708984375 85.67736053466797 23.130970001220703
v 83.66438293457031 85.75785064697266 27.11612892150879
v 83.76708984375 85.67736053466797 27.226085662841797
v 84.81404113769531 84.85689544677734 24.226367950439453
v 84.90409851074219 84.78632354736328 24.305994033813477
v 85.39151763916016 85.40829467773438 28.561010360717773
v 84.90409851074219 84.78632354736328 28.34563446044922
v 86.85523986816406 84.93415069580078 25.671247482299805
v 86.04110717773438 83.89527893066406 24.561487197875977
v 85.16258239746094 84.58374786376953 28.561010360717773
v 86.04110717773438 83.89527893066406 29.220970153808594
v 87.91213989257812 83.94088745117188 25.671247482299805
v 87.17810821533203 83.00423431396484 24.447799682617188
v 87.75843811035156 83.74475860595703 30.005889892578125
v 87.17810821533203 83.00423431396484 29.834741592407227
v 88.37845611572266 82.19401550292969 24.226367950439453
v 87.85017395019531 82.4775619506836 24.226367950439453
v 88.31511688232422 82.11319732666016 23.89198875427246
v 89.05268096923828 83.05435180664062 25.671247482299805
v 88.00325775146484 82.35758972167969 30.005889892578125
v 88.31511688232422 82.11319732666016 30.062763214111328
v 89.92828369140625 81.82974243164062 24.226367950439453
v 89.4521255493164 81.22215270996094 22.9023380279541
v 90.23780822753906 82.22471618652344 30.005889892578125
v 89.4521255493164 81.22215270996094 29.747663497924805
v 88.55380249023438 81.92613983154297 30.005889892578125
v 90.72702026367188 80.5070571899414 21.336605072021484
v 90.1865005493164 80.64664459228516 21.336605072021484
v 90.5891342163086 80.33110809326172 20.78898048400879
v 91.24342346191406 81.16600799560547 22.78148651123047
v 89.51995086669922 81.16899871826172 22.78148651123047
v 90.5891342163086 80.33110809326172 28.986560821533203
v 91.93331909179688 79.70443725585938 -7.561009407043457
v 91.49848937988281 79.61846923828125 -7.561009407043457
v 91.72614288330078 79.4400634765625 -8.230825424194336
v 91.72614288330078 79.4400634765625 -6.8728346824646
v 92.38573455810547 80.28173065185547 18.44684410095215
v 91.2293930053711 79.82935333251953 18.44684410095215
v 91.72614288330078 79.4400634765625 17.04543685913086
v 90.77873229980469 80.18252563476562 19.891725540161133
v 91.72614288330078 79.4400634765625 27.77245330810547
v 91.0163803100586 79.99629211425781 28.561010360717773
v 92.86315155029297 78.54902648925781 -8.38591480255127
v 91.96101379394531 79.2560043334961 -6.116128921508789
v 93.6372299194336 79.53678131103516 -4.671247959136963
v 92.3128890991211 78.9802474975586 -4.671247959136963
v 93.66569519042969 79.57310485839844 -3.226367235183716
v 92.13945007324219 79.11617279052734 -3.226367235183716
v 93.5606918334961 79.43911743164062 -1.7814863920211792
v 92.2822494506836 79.00426483154297 -1.7814863920211792
v 93.39410400390625 79.22654724121094 -0.33660566806793213
v 92.50414276123047 78.83036804199219 -0.33660566806793213
v 92.86315155029297 78.54902648925781 0.9494406580924988
v 93.0197982788086 78.74891662597656 11.222440719604492
v 92.75730895996094 78.63196563720703 11.222440719604492
v 92.86315155029297 78.54902648925781 10.650810241699219
v 93.42061614990234 79.2603759765625 12.66732120513916
v 92.54240417480469 78.80038452148438 12.66732120513916
v 92.23688507080078 79.03981018066406 14.112201690673828
v 91.90068817138672 79.30328369140625 15.557082176208496
v 91.73616027832031 79.43222045898438 17.001962661743164
v 92.86315155029297 78.54902648925781 25.892127990722656
v 92.16712188720703 79.094482421875 27.11612892150879
v 94.00016021728516 77.6579818725586 -7.582348823547363
v 92.92488098144531 78.50064849853516 1.108275055885315
v 93.18009185791016 78.30064392089844 2.5531558990478516
v 94.773681640625 78.64502716064453 3.9980366230010986
v 93.41275787353516 78.11831665039062 3.9980366230010986
v 94.6343765258789 78.46727752685547 5.442917346954346
v 93.43145751953125 78.10365295410156 5.442917346954346
v 94.77613067626953 78.64815521240234 6.887798309326172
v 93.3693618774414 78.1523208618164 6.887798309326172
v 93.25288391113281 78.24359893798828 8.33267879486084
v 93.010986328125 78.43316650390625 9.777559280395508
v 94.61007690429688 78.43626403808594 22.78148651123047
v 94.00016021728516 77.6579818725586 22.16529655456543
v 93.81790161132812 77.80081176757812 22.78148651123047
v 93.37915802001953 78.14464569091797 24.226367950439453
v 92.96456146240234 78.46955108642578 25.671247482299805
v 94.01899719238281 77.64321899414062 -7.561009407043457
v 95.00236511230469 76.87257385253906 -6.116128921508789
v 95.50111389160156 77.23135375976562 -6.116128921508789
v 95.13716888427734 76.76693725585938 -5.8716607093811035
v 95.84984588623047 77.67635345458984 18.44684410095215
v 95.13716888427734 76.76693725585938 17.619869232177734
v 94.93646240234375 76.92422485351562 18.44684410095215
v 94.54911041259766 77.227783203125 19.891725540161133
v 94.21382904052734 77.49053192138672 21.336605072021484
v 95.74504852294922 76.29055786132812 -4.671247959136963
v 96.27417755126953 75.87590026855469 -3.41318416595459
v 96.28339385986328 75.88765716552734 12.66732120513916
v 96.27417755126953 75.87590026855469 12.652631759643555
v 96.2716293334961 75.87789154052734 12.66732120513916
v 95.92784881591797 76.14730834960938 14.112201690673828
v 95.61302947998047 76.3940200805664 15.557082176208496
v 95.2781982421875 76.65641784667969 17.001962661743164
v 96.3388900756836 75.82518005371094 -3.226367235183716
v 96.6331787109375 75.59455871582031 -1.7814863920211792
v 96.93583679199219 75.35736846923828 -0.33660566806793213
v 97.13626098632812 75.20030212402344 1.108275055885315
v 98.01883697509766 75.76024627685547 1.108275055885315
v 97.20890045166016 75.14337158203125 2.5531558990478516
v 97.81172943115234 75.4959716796875 2.5531558990478516
v 97.20259094238281 75.14832305908203 3.9980366230010986
v 97.83987426757812 75.5318832397461 3.9980366230010986
v 97.16072845458984 75.1811294555664 5.442917346954346
v 97.94450378417969 75.66539764404297 5.442917346954346
v 97.10969543457031 75.22112274169922 6.887798309326172
v 98.08723449707031 75.84752655029297 6.887798309326172
v 96.96935272216797 75.33110046386719 8.33267879486084
v 96.74016571044922 75.51071166992188 9.777559280395508
v 96.50507354736328 75.6949462890625 11.222440719604492
v 75.5353775024414 91.56673431396484 -7.561009407043457
v 74.9169921875 90.77765655517578 -7.09381103515625
v 74.63243103027344 91.00065612792969 -6.116128921508789
v 74.3690414428711 91.20706176757812 -4.671247959136963
v 74.21321868896484 91.32917785644531 -3.226367235183716
v 74.15594482421875 91.37406158447266 -1.7814863920211792
v 74.1644058227539 91.36743927001953 -0.33660566806793213
v 74.20968627929688 91.33194732666016 1.108275055885315
v 74.30696105957031 91.2557144165039 2.5531558990478516
v 74.43376922607422 91.15634155273438 3.9980366230010986
v 74.57846069335938 91.0429458618164 5.442917346954346
v 74.75630187988281 90.90357971191406 6.887798309326172
v 75.0447769165039 90.94071960449219 8.33267879486084
v 74.9169921875 90.77765655517578 8.102378845214844
v 76.06559753417969 89.90141296386719 -9.005889892578125
v 76.05400085449219 89.88661193847656 -9.003427505493164
v 75.1054458618164 90.62996673583984 -7.561009407043457
v 74.95569610595703 90.74732208251953 8.33267879486084
v 75.2423095703125 90.52271270751953 9.777559280395508
v 75.50179290771484 90.3193588256836 11.222440719604492
v 75.82211303710938 90.0683364868164 12.66732120513916
v 76.3714599609375 90.29170989990234 14.112201690673828
v 76.05400085449219 89.88661193847656 13.686797142028809
v 76.05696105957031 89.88428497314453 -9.005889892578125
v 77.19100952148438 88.99556732177734 -9.682778358459473
v 76.17471313476562 89.7920150756836 14.112201690673828
v 76.6351318359375 89.43119049072266 15.557082176208496
v 77.13352966308594 89.04061126708984 17.001962661743164
v 77.19100952148438 88.99556732177734 17.14905548095703
v 78.32801055908203 88.10452270507812 -9.576749801635742
v 78.61380767822266 88.4692153930664 -7.561009407043457
v 78.32801055908203 88.10452270507812 -6.882473945617676
v 78.23538208007812 88.1771240234375 -6.116128921508789
v 78.31477355957031 88.11489868164062 -4.671247959136963
v 78.4705810546875 88.28645324707031 -3.226367235183716
v 78.32801055908203 88.10452270507812 -3.9677722454071045
v 78.4972152709961 88.3204345703125 -1.7814863920211792
v 78.4061508178711 88.20423126220703 -0.33660566806793213
v 78.32801055908203 88.10452270507812 0.36780840158462524
v 78.29265594482422 88.13224029541016 1.108275055885315
v 78.20791625976562 88.19863891601562 2.5531558990478516
v 78.17809295654297 88.22201538085938 3.9980366230010986
v 78.18204498291016 88.21891784667969 5.442917346954346
v 78.1686782836914 88.2293930053711 6.887798309326172
v 78.1664047241211 88.2311782836914 8.33267879486084
v 78.24663543701172 88.16830444335938 9.777559280395508
v 78.48673248291016 88.30705261230469 11.222440719604492
v 78.32801055908203 88.10452270507812 10.730374336242676
v 79.10247802734375 89.0927734375 12.66732120513916
v 77.79779815673828 88.5200424194336 18.44684410095215
v 78.5547103881836 88.393798828125 19.891725540161133
v 78.32801055908203 88.10452270507812 19.620946884155273
v 78.6145248413086 87.87999725341797 -9.005889892578125
v 78.40818786621094 88.04169464111328 -7.561009407043457
v 78.35032653808594 88.08704376220703 -3.226367235183716
v 78.36417388916016 88.07618713378906 -1.7814863920211792
v 78.35030364990234 88.0870590209961 -0.33660566806793213
v 78.35450744628906 88.0837631225586 11.222440719604492
v 78.63859558105469 87.86112976074219 12.66732120513916
v 79.1122055053711 87.48997497558594 14.112201690673828
v 79.52750396728516 87.293212890625 15.557082176208496
v 79.46501922607422 87.21348571777344 15.248257637023926
v 80.095458984375 88.01795196533203 17.001962661743164
v 78.47591400146484 87.98861694335938 19.891725540161133
v 79.30313873291016 87.34034729003906 21.336605072021484
v 79.46501922607422 87.21348571777344 21.621715545654297
v 79.55170440673828 87.14555358886719 15.557082176208496
v 80.34540557861328 86.52355194091797 17.001962661743164
v 80.83375549316406 86.61813354492188 18.44684410095215
v 80.6020278930664 86.32244110107422 17.65098762512207
v 81.43596649169922 87.3865737915039 19.891725540161133
v 80.23774719238281 86.60792541503906 22.78148651123047
v 81.37168884277344 87.3045654296875 24.226367950439453
v 80.6020278930664 86.32244110107422 23.310243606567383
v 80.9896240234375 86.01869201660156 18.44684410095215
v 81.7390365600586 85.431396484375 19.776500701904297
v 81.7800521850586 85.4837417602539 19.891725540161133
v 82.46895599365234 86.36280059814453 21.336605072021484
v 81.25492095947266 85.81078338623047 24.226367950439453
v 82.42582702636719 86.30776977539062 25.671247482299805
v 81.7390365600586 85.431396484375 24.86504554748535
v 81.83621215820312 85.3552474975586 19.891725540161133
v 82.82486724853516 84.5804672241211 21.336605072021484
v 83.62154388427734 85.49164581298828 22.78148651123047
v 82.87604522705078 84.54035949707031 21.40220069885254
v 82.38189697265625 84.92760467529297 25.671247482299805
v 83.64456176757812 85.52101135253906 27.11612892150879
v 82.87604522705078 84.54035949707031 26.24721336364746
v 84.23540496826172 83.93304443359375 22.78148651123047
v 84.01305389404297 83.6493148803711 22.045148849487305
v 84.86675262451172 84.7386703491211 24.226367950439453
v 83.65872955322266 83.92698669433594 27.11612892150879
v 84.01305389404297 83.6493148803711 27.469058990478516
v 85.36031341552734 83.02655792236328 22.78148651123047
v 85.15006256103516 82.75827026367188 21.87574577331543
v 85.90972900390625 83.7276382446289 24.226367950439453
v 85.22776794433594 82.85742950439453 28.561010360717773
v 85.15006256103516 82.75827026367188 28.474105834960938
v 86.65576171875 82.33769226074219 22.78148651123047
v 86.28707122802734 81.86722564697266 21.5222225189209
v 87.09519958496094 82.8984375 24.226367950439453
v 85.28826141357422 82.64997100830078 28.561010360717773
v 86.28707122802734 81.86722564697266 29.03424644470215
v 87.56718444824219 81.15879821777344 21.336605072021484
v 86.625244140625 81.60221099853516 21.336605072021484
v 87.42407989501953 80.97618865966797 20.71036720275879
v 88.08423614501953 81.8185806274414 22.78148651123047
v 88.24134826660156 82.01905822753906 30.005889892578125
v 87.42407989501953 80.97618865966797 29.16492462158203
v 88.72710418701172 80.2969970703125 19.891725540161133
v 88.02413177490234 80.50594329833984 19.891725540161133
v 88.56108093261719 80.08514404296875 19.132335662841797
v 89.20759582519531 80.91011810302734 21.336605072021484
v 89.41698455810547 81.17730712890625 22.78148651123047
v 88.56108093261719 80.08514404296875 28.814617156982422
v 90.03163146972656 79.61971282958984 -7.561009407043457
v 89.09818267822266 79.66423797607422 -7.561009407043457
v 89.69808959960938 79.19409942626953 -8.692546844482422
v 89.69808959960938 79.19409942626953 -6.355646133422852
v 90.04290008544922 79.63408660888672 18.44684410095215
v 88.9246826171875 79.80020141601562 18.44684410095215
v 89.69808959960938 79.19409942626953 17.231029510498047
v 90.42724609375 80.12452697753906 19.891725540161133
v 90.21514129638672 79.8538818359375 28.561010360717773
v 89.69808959960938 79.19409942626953 27.806432723999023
v 88.92210388183594 79.8022232055664 28.561010360717773
v 90.83509826660156 78.30306243896484 -8.563908576965332
v 91.54851531982422 79.2134017944336 -6.116128921508789
v 89.80848693847656 79.10758972167969 -6.116128921508789
v 91.24504089355469 78.82616424560547 -4.671247959136963
v 90.42262268066406 78.62631225585938 -4.671247959136963
v 91.3227767944336 78.92536163330078 -3.226367235183716
v 90.39457702636719 78.64828491210938 -3.226367235183716
v 91.18331146240234 78.74739074707031 -1.7814863920211792
v 90.54560089111328 78.5299301147461 -1.7814863920211792
v 90.846923828125 78.31814575195312 -0.33660566806793213
v 90.8227310180664 78.31275177001953 -0.33660566806793213
v 90.83509826660156 78.30306243896484 -0.26515093445777893
v 91.0329818725586 78.5555648803711 14.112201690673828
v 90.61626434326172 78.47455596923828 14.112201690673828
v 90.83509826660156 78.30306243896484 12.98071575164795
v 91.49951934814453 79.15087890625 15.557082176208496
v 90.06101989746094 78.90968322753906 15.557082176208496
v 91.71400451660156 79.4245834350586 17.001962661743164
v 89.77070617675781 79.13719940185547 17.001962661743164
v 91.24728393554688 78.82902526855469 27.11612892150879
v 90.83509826660156 78.30306243896484 26.225261688232422
v 90.28387451171875 78.73503875732422 27.11612892150879
v 91.97210693359375 77.41201782226562 -7.986042499542236
v 92.79832458496094 78.46630859375 1.108275055885315
v 91.13348388671875 78.06922149658203 1.108275055885315
v 92.47799682617188 78.05755615234375 2.5531558990478516
v 91.48780059814453 77.79155731201172 2.5531558990478516
v 92.2865982055664 77.81332397460938 3.9980366230010986
v 91.6235122680664 77.6852035522461 3.9980366230010986
v 92.3099594116211 77.84313201904297 5.442917346954346
v 91.58114624023438 77.71839904785156 5.442917346954346
v 92.36260223388672 77.9103012084961 6.887798309326172
v 91.49459075927734 77.78623962402344 6.887798309326172
v 92.41117095947266 77.97228240966797 8.33267879486084
v 91.41547393798828 77.84823608398438 8.33267879486084
v 92.65079498291016 78.2780532836914 9.777559280395508
v 91.28230285644531 77.95259857177734 9.777559280395508
v 91.07591247558594 78.11434173583984 11.222440719604492
v 90.87332153320312 78.27310943603516 12.66732120513916
v 92.27391815185547 77.79713439941406 24.226367950439453
v 91.97210693359375 77.41201782226562 23.289119720458984
v 91.6435775756836 77.66947174072266 24.226367950439453
v 91.09699249267578 78.09782409667969 25.671247482299805
v 92.74075317382812 78.39283752441406 25.671247482299805
v 92.45777130126953 77.03141784667969 -7.561009407043457
v 93.96629333496094 77.6147689819336 -7.561009407043457
v 93.10911560058594 76.5209732055664 -6.778255462646484
v 93.2369155883789 76.68405151367188 19.891725540161133
v 93.10911560058594 76.5209732055664 19.482513427734375
v 92.99229431152344 76.6125259399414 19.891725540161133
v 92.60295867919922 76.91764068603516 21.336605072021484
v 93.67611694335938 77.24449157714844 21.336605072021484
v 92.12872314453125 77.2892837524414 22.78148651123047
v 93.52010345458984 76.19889831542969 -6.116128921508789
v 94.24612426757812 75.62992858886719 -4.801834583282471
v 94.4820556640625 75.93099212646484 15.557082176208496
v 94.24612426757812 75.62992858886719 14.592007637023926
v 94.04618072509766 75.78662109375 15.557082176208496
v 93.72731018066406 76.03650665283203 17.001962661743164
v 94.92220306396484 76.49263000488281 17.001962661743164
v 93.3577880859375 76.32609558105469 18.44684410095215
v 94.30370330810547 75.58480834960938 -4.671247959136963
v 94.73452758789062 75.24718475341797 -3.226367235183716
v 96.17584228515625 75.75042724609375 -3.226367235183716
v 95.12641143798828 74.94007873535156 -1.7814863920211792
v 95.69770812988281 75.14029693603516 -1.7814863920211792
v 95.38313293457031 74.7388916015625 -0.6211259961128235
v 95.44828796386719 74.82203674316406 8.33267879486084
v 95.38313293457031 74.7388916015625 7.582394123077393
v 95.3179702758789 74.78995513916016 8.33267879486084
v 95.12647247314453 74.94002532958984 9.777559280395508
v 95.67462921142578 75.11085510253906 9.777559280395508
v 94.94584655761719 75.08158111572266 11.222440719604492
v 95.93383026123047 75.44160461425781 11.222440719604492
v 94.66129302978516 75.30457305908203 12.66732120513916
v 94.34190368652344 75.55487060546875 14.112201690673828
v 95.43048095703125 74.7017822265625 -0.33660566806793213
v 95.49200439453125 74.653564453125 1.108275055885315
v 95.53395080566406 74.62069702148438 2.5531558990478516
v 95.5302963256836 74.6235580444336 3.9980366230010986
v 95.497314453125 74.64940643310547 5.442917346954346
v 95.43706512451172 74.69662475585938 6.887798309326172
v 74.18697357177734 89.84612274169922 -6.116128921508789
v 74.02594757080078 89.6406478881836 -5.760526180267334
v 73.84880065917969 89.77947235107422 -4.671247959136963
v 73.71973419189453 89.880615234375 -3.226367235183716
v 73.6578598022461 89.92910766601562 -1.7814863920211792
v 73.64314270019531 89.94063568115234 -0.33660566806793213
v 73.66824340820312 89.92096710205078 1.108275055885315
v 73.7450942993164 89.8607406616211 2.5531558990478516
v 73.85416412353516 89.7752685546875 3.9980366230010986
v 74.00506591796875 89.65701293945312 5.442917346954346
v 74.51908111572266 90.26990509033203 6.887798309326172
v 74.02594757080078 89.6406478881836 5.586055755615234
v 74.54524993896484 89.23368072509766 -7.561009407043457
v 75.16295623779297 88.74960327148438 -8.641419410705566
v 74.09821319580078 89.58401489257812 -6.116128921508789
v 74.26594543457031 89.45256805419922 6.887798309326172
v 74.49072265625 89.27641296386719 8.33267879486084
v 74.75176239013672 89.07184600830078 9.777559280395508
v 75.00804138183594 88.87100982666016 11.222440719604492
v 75.51411437988281 89.19770050048828 12.66732120513916
v 75.16295623779297 88.74960327148438 11.95023250579834
v 75.62091064453125 88.39071655273438 -9.005889892578125
v 76.29996490478516 87.85855865478516 -9.358949661254883
v 75.35623931884766 88.59812927246094 12.66732120513916
v 75.73914337158203 88.29805755615234 14.112201690673828
v 76.23371887207031 87.91047668457031 15.557082176208496
v 77.09857177734375 88.87761688232422 17.001962661743164
v 76.29996490478516 87.85855865478516 15.728107452392578
v 77.43697357177734 86.96752166748047 -9.424065589904785
v 78.17678833007812 87.91156005859375 -6.116128921508789
v 78.29920196533203 88.06776428222656 -4.671247959136963
v 78.29560089111328 88.06316375732422 1.108275055885315
v 78.210693359375 87.95481872558594 2.5531558990478516
v 78.15145874023438 87.87922668457031 3.9980366230010986
v 78.11732482910156 87.83568572998047 5.442917346954346
v 78.08183288574219 87.79039001464844 6.887798309326172
v 78.12847137451172 87.84989929199219 8.33267879486084
v 78.22566223144531 87.97392272949219 9.777559280395508
v 76.93067932128906 87.36428833007812 17.001962661743164
v 77.63066101074219 87.21467590332031 18.44684410095215
v 77.43697357177734 86.96752166748047 18.105976104736328
v 77.85952758789062 86.6363754272461 -9.005889892578125
v 77.78980255126953 86.6910171508789 -7.561009407043457
v 77.98028564453125 86.54174041748047 -6.116128921508789
v 78.12134552001953 86.43119049072266 -4.671247959136963
v 78.29207611083984 86.29739379882812 -3.226367235183716
v 78.41744995117188 86.19914245605469 -1.7814863920211792
v 78.40470123291016 86.20913696289062 -0.33660566806793213
v 78.3223876953125 86.27364349365234 1.108275055885315
v 78.19702911376953 86.37187957763672 2.5531558990478516
v 78.09293365478516 86.45346069335938 3.9980366230010986
v 77.9500961303711 86.56539154052734 5.442917346954346
v 77.8873519897461 86.61457061767578 6.887798309326172
v 78.09274291992188 86.45361328125 8.33267879486084
v 78.29887390136719 86.29206848144531 9.777559280395508
v 78.47407531738281 86.15476989746094 11.222440719604492
v 78.74903106689453 86.29984283447266 12.66732120513916
v 78.57398223876953 86.07647705078125 11.561172485351562
v 79.20158386230469 86.87732696533203 14.112201690673828
v 77.61046600341797 86.83155059814453 18.44684410095215
v 78.44670104980469 86.17622375488281 19.891725540161133
v 79.29661560058594 86.99858856201172 21.336605072021484
v 78.57398223876953 86.07647705078125 20.10918617248535
v 78.97044372558594 85.76577758789062 12.66732120513916
v 79.70175170898438 85.19267272949219 14.112201690673828
v 80.02747344970703 85.58928680419922 15.557082176208496
v 79.71099090576172 85.18543243408203 14.12757396697998
v 80.4442367553711 86.12109375 17.001962661743164
v 79.37970733642578 85.4450454711914 21.336605072021484
v 80.2927474975586 85.92778015136719 22.78148651123047
v 79.71099090576172 85.18543243408203 21.811185836791992
v 80.71466827392578 84.39887237548828 15.557082176208496
v 80.84799194335938 84.29438781738281 15.867729187011719
v 80.9931869506836 84.47966003417969 17.001962661743164
v 81.41680908203125 85.02021789550781 18.44684410095215
v 80.39640045166016 84.6482925415039 22.78148651123047
v 81.34625244140625 84.93019104003906 24.226367950439453
v 80.84799194335938 84.29438781738281 23.405620574951172
v 82.00607299804688 83.43022918701172 17.001962661743164
v 81.98500061035156 83.40335083007812 16.802762985229492
v 82.23601531982422 83.72364807128906 18.44684410095215
v 82.57902526855469 84.16133880615234 19.891725540161133
v 82.85369110107422 84.51182556152344 21.336605072021484
v 81.50300598144531 83.78108215332031 24.226367950439453
v 82.49638366699219 84.05589294433594 25.671247482299805
v 81.98500061035156 83.40335083007812 24.828386306762695
v 82.85543060302734 82.7212142944336 17.001962661743164
v 83.12200927734375 82.5123062133789 17.058252334594727
v 83.29914093017578 82.73832702636719 18.44684410095215
v 83.57414245605469 83.08924102783203 19.891725540161133
v 83.84435272216797 83.43404388427734 21.336605072021484
v 82.80656433105469 82.75951385498047 25.671247482299805
v 83.78256225585938 83.3552017211914 27.11612892150879
v 83.12200927734375 82.5123062133789 25.97323226928711
v 84.44908905029297 81.86380004882812 18.44684410095215
v 84.25901794433594 81.62126159667969 17.06599998474121
v 84.69454193115234 82.17701721191406 19.891725540161133
v 85.02362060546875 82.59693145751953 21.336605072021484
v 84.40333557128906 81.80541229248047 27.11612892150879
v 84.25901794433594 81.62126159667969 26.824045181274414
v 85.64512634277344 81.04808807373047 18.44684410095215
v 85.39602661132812 80.730224609375 17.005752563476562
v 85.91990661621094 81.39871215820312 19.891725540161133
v 86.2353286743164 81.80120849609375 21.336605072021484
v 85.00871276855469 81.03374481201172 27.11612892150879
v 85.96615600585938 81.45773315429688 28.561010360717773
v 85.39602661132812 80.730224609375 27.27267074584961
v 86.63458251953125 79.96875762939453 17.001962661743164
v 85.40408325195312 80.72390747070312 17.001962661743164
v 86.53303527832031 79.83917999267578 16.323074340820312
v 86.92182159423828 80.33528900146484 18.44684410095215
v 87.26325988769531 80.77098083496094 19.891725540161133
v 86.53465270996094 79.84123992919922 27.11612892150879
v 86.53303527832031 79.83917999267578 27.1093692779541
v 86.50882720947266 79.85814666748047 27.11612892150879
v 87.0394058227539 80.4853286743164 28.561010360717773
v 88.1756820678711 79.59335327148438 -7.561009407043457
v 86.93350219726562 79.52534484863281 -7.561009407043457
v 87.6700439453125 78.94813537597656 -8.471012115478516
v 87.77388763427734 79.08064270019531 -6.116128921508789
v 87.4718017578125 79.1034927368164 -6.116128921508789
v 87.6700439453125 78.94813537597656 -5.6035590171813965
v 87.75272369384766 79.05364227294922 15.557082176208496
v 87.2319564819336 79.29145812988281 15.557082176208496
v 87.6700439453125 78.94813537597656 14.930216789245605
v 87.98162078857422 79.3457260131836 17.001962661743164
v 88.41493225097656 79.89865112304688 18.44684410095215
v 87.91533660888672 79.26113891601562 27.11612892150879
v 87.6700439453125 78.94813537597656 26.047075271606445
v 88.3929672241211 79.87062072753906 28.561010360717773
v 88.80705261230469 78.05709075927734 -8.477178573608398
v 89.63009643554688 79.10733795166016 -6.116128921508789
v 88.02747344970703 78.66802978515625 -4.671247959136963
v 89.36386108398438 78.76761627197266 -4.671247959136963
v 89.16263580322266 78.5108413696289 -3.226367235183716
v 88.2099609375 78.52501678466797 -3.226367235183716
v 89.02500915527344 78.33522033691406 -1.7814863920211792
v 88.42831420898438 78.35389709472656 -1.7814863920211792
v 88.83810424804688 78.09672546386719 -0.33660566806793213
v 88.74766540527344 78.10363006591797 -0.33660566806793213
v 88.80705261230469 78.05709075927734 0.182189479470253
v 88.83999633789062 78.09912872314453 11.222440719604492
v 88.73210144042969 78.11582946777344 11.222440719604492
v 88.80705261230469 78.05709075927734 10.521734237670898
v 88.8944091796875 78.16857147216797 12.66732120513916
v 88.54228973388672 78.26457977294922 12.66732120513916
v 89.1847152709961 78.53900909423828 14.112201690673828
v 87.92090606689453 78.75154113769531 14.112201690673828
v 89.4765625 78.91142272949219 15.557082176208496
v 89.65370178222656 79.13745880126953 17.001962661743164
v 89.08063507080078 78.40620422363281 25.671247482299805
v 88.80705261230469 78.05709075927734 24.36540412902832
v 87.91102600097656 78.75928497314453 25.671247482299805
v 89.39592742919922 78.80852508544922 27.11612892150879
v 89.94406127929688 77.16605377197266 -7.979991436004639
v 90.63259887695312 78.04466247558594 1.108275055885315
v 88.9006576538086 77.9837417602539 1.108275055885315
v 90.42991638183594 77.7860336303711 2.5531558990478516
v 89.14781951904297 77.7900390625 2.5531558990478516
v 90.36366271972656 77.70148468017578 3.9980366230010986
v 89.2053451538086 77.74495697021484 3.9980366230010986
v 90.39513397216797 77.74164581298828 5.442917346954346
v 89.20707702636719 77.74359893798828 5.442917346954346
v 90.4239501953125 77.77841186523438 6.887798309326172
v 89.18331909179688 77.76222229003906 6.887798309326172
v 90.4508285522461 77.81271362304688 8.33267879486084
v 89.11881256103516 77.81277465820312 8.33267879486084
v 90.54466247558594 77.93244934082031 9.777559280395508
v 88.87699890136719 78.00227355957031 9.777559280395508
v 90.64949035644531 78.06621551513672 11.222440719604492
v 90.8050765991211 78.26475524902344 12.66732120513916
v 90.09768676757812 77.36209106445312 22.78148651123047
v 89.94406127929688 77.16605377197266 22.021907806396484
v 89.57675170898438 77.45390319824219 22.78148651123047
v 88.88094329833984 77.99918365478516 24.226367950439453
v 90.3570556640625 77.69305419921875 24.226367950439453
v 90.67391967773438 78.09738159179688 25.671247482299805
v 90.54119110107422 76.6980972290039 -7.561009407043457
v 91.4872817993164 76.7933578491211 -7.561009407043457
v 91.08106231689453 76.27500915527344 -6.980340957641602
v 91.2301254272461 76.4652099609375 19.891725540161133
v 91.08106231689453 76.27500915527344 19.120521545410156
v 90.8242416381836 76.47627258300781 19.891725540161133
v 90.24273681640625 76.9319839477539 21.336605072021484
v 91.5172348022461 76.83158111572266 21.336605072021484
v 91.85318756103516 77.26026916503906 22.78148651123047
v 91.72154235839844 75.77308654785156 -6.116128921508789
v 92.6280288696289 75.9070816040039 -6.116128921508789
v 92.21807098388672 75.38396453857422 -5.069318771362305
v 92.3270034790039 75.52296447753906 15.557082176208496
v 92.21807098388672 75.38396453857422 14.915067672729492
v 92.05272674560547 75.51354217529297 15.557082176208496
v 91.697265625 75.79210662841797 17.001962661743164
v 92.56427764892578 75.82573699951172 17.001962661743164
v 91.2837142944336 76.11620330810547 18.44684410095215
v 92.87413024902344 76.22112274169922 18.44684410095215
v 92.37307739257812 75.26249694824219 -4.671247959136963
v 94.17594146728516 75.5403823852539 -4.671247959136963
v 92.86487579345703 74.87708282470703 -3.226367235183716
v 93.7111587524414 74.9472885131836 -3.226367235183716
v 93.21756744384766 74.6006851196289 -1.7814863920211792
v 93.44869995117188 74.61238861083984 -1.7814863920211792
v 93.3550796508789 74.49292755126953 -0.9406309127807617
v 93.41790771484375 74.57308959960938 8.33267879486084
v 93.3550796508789 74.49292755126953 7.374675750732422
v 93.26138305664062 74.56635284423828 8.33267879486084
v 93.11125183105469 74.68400573730469 9.777559280395508
v 93.52291107177734 74.70708465576172 9.777559280395508
v 92.93577575683594 74.82151794433594 11.222440719604492
v 93.64274597167969 74.85999298095703 11.222440719604492
v 92.71338653564453 74.99580383300781 12.66732120513916
v 93.8552474975586 75.13115692138672 12.66732120513916
v 92.40680694580078 75.2360610961914 14.112201690673828
v 94.14978790283203 75.50700378417969 14.112201690673828
v 93.42820739746094 74.43561553955078 -0.33660566806793213
v 95.33406066894531 74.67626953125 -0.33660566806793213
v 93.51322174072266 74.3689956665039 1.108275055885315
v 95.28167724609375 74.60942840576172 1.108275055885315
v 93.54226684570312 74.34622955322266 2.5531558990478516
v 95.24079132080078 74.55725860595703 2.5531558990478516
v 93.52436065673828 74.36026000976562 3.9980366230010986
v 95.23860168457031 74.55445861816406 3.9980366230010986
v 93.48870086669922 74.3882064819336 5.442917346954346
v 95.2684097290039 74.59249877929688 5.442917346954346
v 93.40438079833984 74.45428466796875 6.887798309326172
v 95.32782745361328 74.6683120727539 6.887798309326172
v 73.72445678710938 89.25593566894531 -4.671247959136963
v 73.5343246459961 89.01331329345703 -3.226367235183716
v 73.44041442871094 88.89348602294922 -1.7814863920211792
v 73.41087341308594 88.85578155517578 -0.33660566806793213
v 73.44804382324219 88.9032211303711 1.108275055885315
v 73.55841064453125 89.0440444946289 2.5531558990478516
v 73.72772979736328 89.2601089477539 3.9980366230010986
v 73.98857116699219 89.59294891357422 5.442917346954346
v 74.2286605834961 87.64649200439453 -7.561009407043457
v 74.27191162109375 87.61259460449219 -7.651595115661621
v 73.84253692626953 87.94908142089844 -6.116128921508789
v 73.58468627929688 88.15115356445312 -4.671247959136963
v 73.46206665039062 88.24725341796875 -3.226367235183716
v 73.3816909790039 88.31023406982422 -1.7814863920211792
v 73.34612274169922 88.3381118774414 -0.33660566806793213
v 73.36984252929688 88.31952667236328 1.108275055885315
v 73.44942474365234 88.25715637207031 2.5531558990478516
v 73.60102081298828 88.13835144042969 3.9980366230010986
v 73.77804565429688 87.99962615966797 5.442917346954346
v 74.01213836669922 87.81617736816406 6.887798309326172
v 74.25531768798828 87.62560272216797 8.33267879486084
v 74.5740966796875 87.9981918334961 9.777559280395508
v 74.27191162109375 87.61259460449219 8.431072235107422
v 74.92213439941406 88.44230651855469 11.222440719604492
v 75.36282348632812 86.75767517089844 -9.005889892578125
v 75.40892028808594 86.72154998779297 -9.034048080444336
v 74.54689025878906 87.39710235595703 9.777559280395508
v 74.8658447265625 87.14714813232422 11.222440719604492
v 75.22563934326172 86.86518096923828 12.66732120513916
v 75.65379333496094 87.03401947021484 14.112201690673828
v 75.40892028808594 86.72154998779297 13.257390975952148
v 76.21858215332031 87.75470733642578 15.557082176208496
v 76.54592895507812 85.83051300048828 -9.276119232177734
v 75.73766326904297 86.46392822265625 14.112201690673828
v 76.34030151367188 85.99165344238281 15.557082176208496
v 76.96046447753906 86.35948181152344 17.001962661743164
v 76.54592895507812 85.83051300048828 15.986059188842773
v 77.12327575683594 85.37805938720703 -9.005889892578125
v 77.35700988769531 85.19488525390625 -7.561009407043457
v 77.5110092163086 85.07420349121094 -6.116128921508789
v 78.05607604980469 85.41560363769531 -4.671247959136963
v 77.68293762207031 84.93946838378906 -5.349499702453613
v 78.37828063964844 85.8267593383789 -3.226367235183716
v 78.47239685058594 85.94685363769531 -1.7814863920211792
v 78.46524810791016 85.93772888183594 -0.33660566806793213
v 78.42302703857422 85.88385009765625 1.108275055885315
v 78.35906219482422 85.80223846435547 2.5531558990478516
v 78.32901000976562 85.76388549804688 3.9980366230010986
v 78.27759552001953 85.69828033447266 5.442917346954346
v 78.24038696289062 85.65079498291016 6.887798309326172
v 78.31938934326172 85.7516098022461 8.33267879486084
v 78.43376922607422 85.89756774902344 9.777559280395508
v 78.53219604492188 86.02315521240234 11.222440719604492
v 77.09197235107422 85.402587890625 17.001962661743164
v 77.85448455810547 85.15837097167969 18.44684410095215
v 77.68293762207031 84.93946838378906 18.0093994140625
v 78.47142028808594 85.94561004638672 19.891725540161133
v 78.01570129394531 84.6786880493164 -4.671247959136963
v 78.70851135253906 84.13574981689453 -3.226367235183716
v 78.8199462890625 84.04842376708984 -2.7053935527801514
v 78.88870239257812 84.13616180419922 -1.7814863920211792
v 78.89885711669922 84.14911651611328 -0.33660566806793213
v 78.88252258300781 84.12828063964844 1.108275055885315
v 78.88046264648438 84.12564849853516 2.5531558990478516
v 78.87744140625 84.12178802490234 3.9980366230010986
v 78.8662338256836 84.10749053955078 5.442917346954346
v 78.8514404296875 84.08861541748047 6.887798309326172
v 78.90617370605469 84.15845489501953 8.33267879486084
v 79.03559112548828 84.32360076904297 9.777559280395508
v 79.2574234008789 84.6066665649414 11.222440719604492
v 79.4832534790039 84.89483642578125 12.66732120513916
v 79.70740509033203 85.18086242675781 14.112201690673828
v 78.00135040283203 84.68994140625 18.44684410095215
v 78.91156005859375 84.16532897949219 19.891725540161133
v 78.8199462890625 84.04842376708984 19.616920471191406
v 79.47953033447266 84.89008331298828 21.336605072021484
v 79.09480285644531 83.83302307128906 -1.7814863920211792
v 79.32310485839844 83.65411376953125 -0.33660566806793213
v 79.33876037597656 83.641845703125 1.108275055885315
v 79.39527130126953 83.5975570678711 2.5531558990478516
v 79.38310241699219 83.60709381103516 3.9980366230010986
v 79.31046295166016 83.66402435302734 5.442917346954346
v 79.21654510498047 83.73761749267578 6.887798309326172
v 79.63443756103516 83.41012573242188 8.33267879486084
v 79.95695495605469 83.15738677978516 9.007184982299805
v 79.98768615722656 83.19660186767578 9.777559280395508
v 80.12384033203125 83.3703384399414 11.222440719604492
v 80.32794952392578 83.63079071044922 12.66732120513916
v 80.53271484375 83.89208221435547 14.112201690673828
v 80.80663299560547 84.24160766601562 15.557082176208496
v 79.04998779296875 83.86814880371094 19.891725540161133
v 80.02569580078125 83.24510192871094 21.336605072021484
v 79.95695495605469 83.15738677978516 21.094099044799805
v 80.54080200195312 83.90239715576172 22.78148651123047
v 80.7998046875 82.49686431884766 9.777559280395508
v 81.09396362304688 82.26634216308594 10.033992767333984
v 81.14105224609375 82.32643127441406 11.222440719604492
v 81.33309936523438 82.57149505615234 12.66732120513916
v 81.53060150146484 82.8235092163086 14.112201690673828
v 81.81599426269531 83.18768310546875 15.557082176208496
v 80.19964599609375 82.9671859741211 21.336605072021484
v 81.19183349609375 82.3912353515625 22.78148651123047
v 81.09396362304688 82.26634216308594 22.378658294677734
v 81.70252227783203 83.04289245605469 24.226367950439453
v 82.25064849853516 81.4004135131836 11.222440719604492
v 82.23096466064453 81.37529754638672 10.79434585571289
v 82.41905212402344 81.61529541015625 12.66732120513916
v 82.60330200195312 81.85041046142578 14.112201690673828
v 82.8371810913086 82.14885711669922 15.557082176208496
v 83.11326599121094 82.50114440917969 17.001962661743164
v 81.55303192138672 81.90657806396484 22.78148651123047
v 82.42943572998047 81.62855529785156 24.226367950439453
v 82.23096466064453 81.37529754638672 23.410463333129883
v 82.98014068603516 82.33126831054688 25.671247482299805
v 83.3781509399414 80.49724578857422 11.222440719604492
v 83.36797332763672 80.4842529296875 11.004948616027832
v 83.54169464111328 80.7059326171875 12.66732120513916
v 83.73419952392578 80.95157623291016 14.112201690673828
v 83.945556640625 81.22127532958984 15.557082176208496
v 84.24687957763672 81.60577392578125 17.001962661743164
v 83.46480560302734 80.6078109741211 24.226367950439453
v 83.36797332763672 80.4842529296875 23.766645431518555
v 83.81258392333984 81.05159759521484 25.671247482299805
v 84.51078796386719 79.60062408447266 11.222440719604492
v 84.5049819946289 79.59321594238281 11.023458480834961
v 84.69851684570312 79.84017181396484 12.66732120513916
v 84.90957641601562 80.10948944091797 14.112201690673828
v 85.1751708984375 80.44839477539062 15.557082176208496
v 85.39522552490234 80.72920227050781 17.001962661743164
v 84.64875793457031 79.77667236328125 24.226367950439453
v 84.5049819946289 79.59321594238281 23.40744400024414
v 84.9521484375 80.16381072998047 25.671247482299805
v 85.33522033691406 80.65262603759766 27.11612892150879
v 86.25479888916016 79.48413848876953 -7.561009407043457
v 84.67534637451172 79.45970153808594 -7.561009407043457
v 85.6419906616211 78.7021713256836 -8.345264434814453
v 86.02819061279297 79.1949691772461 -6.116128921508789
v 84.91128540039062 79.2748031616211 -6.116128921508789
v 85.65604400634766 78.72010040283203 -4.671247959136963
v 85.6065444946289 78.72994995117188 -4.671247959136963
v 85.6419906616211 78.7021713256836 -3.475844144821167
v 85.75418853759766 78.8453369140625 -1.7814863920211792
v 85.2667465209961 78.9962387084961 -1.7814863920211792
v 85.6419906616211 78.7021713256836 -3.197021722793579
v 85.7406234741211 78.8280258178711 -0.33660566806793213
v 85.23423767089844 79.02171325683594 -0.33660566806793213
v 85.7122802734375 78.79186248779297 1.108275055885315
v 85.35850524902344 78.92433166503906 1.108275055885315
v 85.6555404663086 78.71946716308594 2.5531558990478516
v 85.58521270751953 78.74666595458984 2.5531558990478516
v 85.6419906616211 78.7021713256836 3.0485520362854004
v 85.6646957397461 78.73114013671875 8.33267879486084
v 85.47594451904297 78.8322982788086 8.33267879486084
v 85.6419906616211 78.7021713256836 7.158782005310059
v 85.6463623046875 78.7077407836914 9.777559280395508
v 85.5237808227539 78.79481506347656 9.777559280395508
v 85.7376708984375 78.82426452636719 11.222440719604492
v 85.89579010009766 79.02603149414062 12.66732120513916
v 86.16669464111328 79.37171936035156 14.112201690673828
v 86.40567016601562 79.6766586303711 15.557082176208496
v 85.66899871826172 78.73663330078125 22.78148651123047
v 85.6419906616211 78.7021713256836 22.648035049438477
v 85.422607421875 78.87409973144531 22.78148651123047
v 85.93717956542969 79.07884979248047 24.226367950439453
v 86.23258972167969 79.45579528808594 25.671247482299805
v 86.77899932861328 77.81112670898438 -8.156997680664062
v 87.50021362304688 78.7314224243164 -4.671247959136963
v 85.64763641357422 78.69774627685547 -3.226367235183716
v 87.46038818359375 78.68061065673828 -3.226367235183716
v 87.32577514648438 78.50884246826172 -1.7814863920211792
v 87.240966796875 78.4006118774414 -0.33660566806793213
v 87.1443099975586 78.27728271484375 1.108275055885315
v 87.07921600341797 78.19422149658203 2.5531558990478516
v 85.73577880859375 78.62867736816406 3.9980366230010986
v 87.08673858642578 78.20381927490234 3.9980366230010986
v 87.09156036376953 78.20996856689453 5.442917346954346
v 85.73841857910156 78.62660217285156 5.442917346954346
v 87.0652847290039 78.17643737792969 6.887798309326172
v 85.66536712646484 78.68385314941406 6.887798309326172
v 87.04710388183594 78.15324401855469 8.33267879486084
v 87.12191772460938 78.24871063232422 9.777559280395508
v 87.20903015136719 78.35986328125 11.222440719604492
v 87.37995147705078 78.57797241210938 12.66732120513916
v 87.57066345214844 78.82132720947266 14.112201690673828
v 87.0174560546875 78.11540985107422 22.78148651123047
v 86.77899932861328 77.81112670898438 21.499610900878906
v 87.29853057861328 78.47407531738281 24.226367950439453
v 87.59359741210938 78.8505859375 25.671247482299805
v 87.91600799560547 76.92008972167969 -7.6333909034729
v 88.76561737060547 78.00422668457031 1.108275055885315
v 88.66030883789062 77.86984252929688 2.5531558990478516
v 88.63211059570312 77.8338623046875 3.9980366230010986
v 88.6238784790039 77.82335662841797 5.442917346954346
v 88.62715911865234 77.82754516601562 6.887798309326172
v 88.6504898071289 77.85731506347656 8.33267879486084
v 88.7679214477539 78.00717163085938 9.777559280395508
v 87.91842651367188 76.92317199707031 19.891725540161133
v 87.91600799560547 76.92008972167969 19.879409790039062
v 87.90835571289062 76.92607879638672 19.891725540161133
v 86.88687133789062 77.72659301757812 21.336605072021484
v 88.20152282714844 77.284423828125 21.336605072021484
v 88.48171997070312 77.64196014404297 22.78148651123047
v 88.77694702148438 78.0186767578125 24.226367950439453
v 88.03857421875 76.82403564453125 -7.561009407043457
v 89.56420135498047 76.68133544921875 -7.561009407043457
v 89.05301666259766 76.02904510498047 -6.381051063537598
v 89.24935150146484 76.27957916259766 18.44684410095215
v 89.05301666259766 76.02904510498047 17.376707077026367
v 88.57470703125 76.40387725830078 18.44684410095215
v 89.50067901611328 76.60028076171875 19.891725540161133
v 89.80317687988281 76.98627471923828 21.336605072021484
v 89.25234985351562 75.87283325195312 -6.116128921508789
v 90.64773559570312 75.72206115722656 -6.116128921508789
v 90.01130676269531 75.2780532836914 -4.671247959136963
v 90.27288055419922 75.24373626708984 -4.671247959136963
v 90.19002532958984 75.13800048828125 -4.243202209472656
v 90.25321960449219 75.21864318847656 14.112201690673828
v 90.19002532958984 75.13800048828125 13.624252319335938
v 90.06867218017578 75.23310089111328 14.112201690673828
v 89.6843032836914 75.53431701660156 15.557082176208496
v 90.45586395263672 75.47722625732422 15.557082176208496
v 89.21131896972656 75.90498352050781 17.001962661743164
v 90.68190002441406 75.76565551757812 17.001962661743164
v 90.9538345336914 76.11265563964844 18.44684410095215
v 92.1019515991211 75.23578643798828 -4.671247959136963
v 90.51830291748047 74.8807373046875 -3.226367235183716
v 91.78998565673828 74.83770751953125 -3.226367235183716
v 90.87618255615234 74.60027313232422 -1.7814863920211792
v 91.58818054199219 74.58019256591797 -1.7814863920211792
v 91.11615753173828 74.41221618652344 -0.33660566806793213
v 91.44947814941406 74.40320587158203 -0.33660566806793213
v 91.23281860351562 74.32079315185547 1.108275055885315
v 91.38243103027344 74.3176498413086 1.108275055885315
v 91.29987335205078 74.26824188232422 2.5531558990478516
v 91.34341430664062 74.26786041259766 2.5531558990478516
v 91.31478118896484 74.25655364990234 3.9980366230010986
v 91.33451843261719 74.25651550292969 3.9980366230010986
v 91.2601089477539 74.29940032958984 5.442917346954346
v 91.36698150634766 74.29793548583984 5.442917346954346
v 91.15081024169922 74.38506317138672 6.887798309326172
v 91.43148803710938 74.3802490234375 6.887798309326172
v 91.0121078491211 74.49375915527344 8.33267879486084
v 91.50991821289062 74.48033142089844 8.33267879486084
v 90.89299774169922 74.58709716796875 9.777559280395508
v 91.58920288085938 74.58150482177734 9.777559280395508
v 90.72278594970703 74.72048950195312 11.222440719604492
v 91.69425201416016 74.7155532836914 11.222440719604492
v 90.43663024902344 74.94474029541016 12.66732120513916
v 91.8497543334961 74.91397857666016 12.66732120513916
v 92.07295227050781 75.19878387451172 14.112201690673828
v 93.29827117919922 74.4204330444336 -0.33660566806793213
v 93.23233795166016 74.33629608154297 1.108275055885315
v 93.21553039550781 74.31484985351562 2.5531558990478516
v 93.22887420654297 74.33187103271484 3.9980366230010986
v 93.25594329833984 74.36642456054688 5.442917346954346
v 93.31878662109375 74.44660949707031 6.887798309326172
v 74.22265625 87.54974365234375 -7.561009407043457
v 73.8389663696289 87.06013488769531 -6.116128921508789
v 73.65518951416016 86.82562255859375 -4.671247959136963
v 73.55876159667969 86.70258331298828 -3.226367235183716
v 73.52760314941406 86.66282653808594 -1.7814863920211792
v 73.520263671875 86.65345764160156 -0.33660566806793213
v 73.53536224365234 86.6727294921875 1.108275055885315
v 73.58935546875 86.74161529541016 2.5531558990478516
v 73.69598388671875 86.877685546875 3.9980366230010986
v 73.82594299316406 87.04351806640625 5.442917346954346
v 74.0149154663086 87.28465270996094 6.887798309326172
v 74.2538833618164 87.58958435058594 8.33267879486084
v 75.36979675292969 86.671630859375 -9.005889892578125
v 74.51787567138672 85.58454132080078 -7.82390832901001
v 74.34523010253906 85.7198486328125 -7.561009407043457
v 73.9110107421875 86.06012725830078 -6.116128921508789
v 73.72907257080078 86.20271301269531 -4.671247959136963
v 73.62605285644531 86.283447265625 -3.226367235183716
v 73.5972900390625 86.30598449707031 -1.7814863920211792
v 73.60063171386719 86.3033676147461 -0.33660566806793213
v 73.64358520507812 86.26970672607422 1.108275055885315
v 73.73684692382812 86.19661712646484 2.5531558990478516
v 73.83527374267578 86.1194839477539 3.9980366230010986
v 73.98063659667969 86.00556945800781 5.442917346954346
v 74.20185089111328 85.83220672607422 6.887798309326172
v 74.46968841552734 85.622314453125 8.33267879486084
v 74.7154769897461 85.8366928100586 9.777559280395508
v 74.51787567138672 85.58454132080078 8.548189163208008
v 74.9745864868164 86.16732788085938 11.222440719604492
v 75.2557601928711 86.52611541748047 12.66732120513916
v 75.98336791992188 85.11266326904297 -9.005889892578125
v 75.6548843383789 84.6935043334961 -8.735960960388184
v 74.8600845336914 85.31636810302734 9.777559280395508
v 75.33642578125 84.94306945800781 11.222440719604492
v 75.76946258544922 84.83970642089844 12.66732120513916
v 75.6548843383789 84.6935043334961 12.04905891418457
v 76.04717254638672 85.19407653808594 14.112201690673828
v 76.40472412109375 85.65032196044922 15.557082176208496
v 76.7918930053711 83.80245971679688 -8.717887878417969
v 77.30029296875 84.4511947631836 -7.561009407043457
v 77.52570343017578 84.73883819580078 -6.116128921508789
v 75.92003631591797 84.48571014404297 12.66732120513916
v 76.55608367919922 83.98725891113281 14.112201690673828
v 76.98472595214844 84.04852294921875 15.557082176208496
v 76.7918930053711 83.80245971679688 14.603739738464355
v 77.33740997314453 84.49856567382812 17.001962661743164
v 77.43602752685547 83.29767608642578 -7.561009407043457
v 77.92890167236328 82.91141510009766 -6.197084903717041
v 77.94820404052734 82.93605041503906 -6.116128921508789
v 78.40538024902344 83.51941680908203 -4.671247959136963
v 78.77044677734375 83.98526763916016 -3.226367235183716
v 77.46940612792969 83.27151489257812 15.557082176208496
v 78.11824798583984 83.15303039550781 17.001962661743164
v 77.92890167236328 82.91141510009766 16.13670539855957
v 78.44126892089844 83.56521606445312 18.44684410095215
v 78.07923889160156 82.7936019897461 -6.116128921508789
v 79.06591033935547 82.02037811279297 -5.3152689933776855
v 79.16114044189453 82.14189147949219 -4.671247959136963
v 79.4058837890625 82.4542007446289 -3.226367235183716
v 79.64454650878906 82.75874328613281 -1.7814863920211792
v 79.80308532714844 82.96104431152344 -0.33660566806793213
v 79.84154510498047 83.01011657714844 1.108275055885315
v 79.86880493164062 83.04490661621094 2.5531558990478516
v 79.87896728515625 83.05786895751953 3.9980366230010986
v 79.88063049316406 83.05998992919922 5.442917346954346
v 79.89705657958984 83.0809555053711 6.887798309326172
v 79.92560577392578 83.11738586425781 8.33267879486084
v 78.7090835571289 82.30001068115234 17.001962661743164
v 79.2771987915039 82.28998565673828 18.44684410095215
v 79.06591033935547 82.02037811279297 17.410140991210938
v 79.60887145996094 82.71321868896484 19.891725540161133
v 80.2643051147461 81.20767211914062 -4.671247959136963
v 80.20291900634766 81.12933349609375 -5.19842529296875
v 80.38788604736328 81.36536407470703 -3.226367235183716
v 80.57916259765625 81.60943603515625 -1.7814863920211792
v 80.70867919921875 81.77470397949219 -0.33660566806793213
v 80.74200439453125 81.81723022460938 1.108275055885315
v 80.79663848876953 81.88694763183594 2.5531558990478516
v 80.76814270019531 81.85057830810547 3.9980366230010986
v 80.7894058227539 81.87771606445312 5.442917346954346
v 80.85589599609375 81.96256256103516 6.887798309326172
v 80.92845916748047 82.05516052246094 8.33267879486084
v 81.08103942871094 82.2498550415039 9.777559280395508
v 80.22493743896484 81.15742492675781 18.44684410095215
v 80.20291900634766 81.12933349609375 18.316776275634766
v 80.49050903320312 81.49630737304688 19.891725540161133
v 80.82347106933594 81.92118835449219 21.336605072021484
v 81.41268157958984 80.33113098144531 -4.671247959136963
v 81.33992767333984 80.23828887939453 -5.350033760070801
v 81.52478790283203 80.47418212890625 -3.226367235183716
v 81.63648223876953 80.61670684814453 -1.7814863920211792
v 81.76854705810547 80.78523254394531 -0.33660566806793213
v 81.78623962402344 80.80780792236328 1.108275055885315
v 81.82823944091797 80.86139678955078 2.5531558990478516
v 81.82003784179688 80.8509292602539 3.9980366230010986
v 81.86510467529297 80.90843963623047 5.442917346954346
v 81.92900848388672 80.98998260498047 6.887798309326172
v 82.01011657714844 81.0934829711914 8.33267879486084
v 82.16273498535156 81.2882308959961 9.777559280395508
v 80.49495697021484 80.90047454833984 18.44684410095215
v 81.50257110595703 80.44583129882812 19.891725540161133
v 81.33992767333984 80.23828887939453 18.855010986328125
v 81.81822967529297 80.84862518310547 21.336605072021484
v 82.09304809570312 81.19931030273438 22.78148651123047
v 82.61184692382812 79.51940155029297 -7.561009407043457
v 82.15187072753906 79.60198974609375 -7.561009407043457
v 82.47693634033203 79.34724426269531 -7.994383811950684
v 82.61602020263672 79.52472686767578 -6.116128921508789
v 81.73808288574219 79.92626190185547 -6.116128921508789
v 82.68997955322266 79.61910247802734 -4.671247959136963
v 82.80435180664062 79.76504516601562 -3.226367235183716
v 82.88699340820312 79.87049865722656 -1.7814863920211792
v 82.95203399658203 79.95349884033203 -0.33660566806793213
v 82.97053527832031 79.97710418701172 1.108275055885315
v 82.96725463867188 79.9729232788086 2.5531558990478516
v 82.97309875488281 79.98037719726562 3.9980366230010986
v 83.02465057373047 80.04615783691406 5.442917346954346
v 83.07197570800781 80.10655212402344 6.887798309326172
v 83.1576919555664 80.21592712402344 8.33267879486084
v 83.29620361328125 80.3926773071289 9.777559280395508
v 82.6468276977539 79.56404113769531 19.891725540161133
v 82.47693634033203 79.34724426269531 18.93226432800293
v 82.9228515625 79.916259765625 21.336605072021484
v 83.17386627197266 80.23656463623047 22.78148651123047
v 84.337890625 79.37999725341797 -7.561009407043457
v 83.61394500732422 78.45620727539062 -8.075352668762207
v 84.31710052490234 79.35346221923828 -6.116128921508789
v 84.21251678466797 79.22001647949219 -4.671247959136963
v 84.24726104736328 79.26434326171875 -3.226367235183716
v 84.2940902709961 79.32410430908203 -1.7814863920211792
v 84.2960433959961 79.32659149169922 -0.33660566806793213
v 84.2688980102539 79.29196166992188 1.108275055885315
v 84.221923828125 79.23201751708984 2.5531558990478516
v 84.21817016601562 79.22723388671875 3.9980366230010986
v 84.2437973022461 79.25992584228516 5.442917346954346
v 84.27766418457031 79.30314636230469 6.887798309326172
v 84.35637664794922 79.40357971191406 8.33267879486084
v 84.46442413330078 79.54145812988281 9.777559280395508
v 83.84310913085938 78.74862670898438 19.891725540161133
v 83.61394500732422 78.45620727539062 18.59232521057129
v 84.1208267211914 79.10301208496094 21.336605072021484
v 84.39179229736328 79.44876861572266 22.78148651123047
v 84.75094604492188 77.5651626586914 -7.581731796264648
v 85.6396255493164 78.69915771484375 -3.226367235183716
v 85.61125946044922 78.66295623779297 3.9980366230010986
v 85.61019134521484 78.66159057617188 5.442917346954346
v 85.63533782958984 78.69367980957031 6.887798309326172
v 84.85010528564453 77.69168853759766 18.44684410095215
v 84.75094604492188 77.5651626586914 17.947437286376953
v 83.86463928222656 78.2597427368164 18.44684410095215
v 85.10748291015625 78.02011108398438 19.891725540161133
v 85.37567138671875 78.36233520507812 21.336605072021484
v 84.7933120727539 77.53196716308594 -7.561009407043457
v 86.29832458496094 77.19776916503906 -7.561009407043457
v 85.88795471191406 76.67411804199219 -6.601917743682861
v 85.89875793457031 76.68790435791016 17.001962661743164
v 85.88795471191406 76.67411804199219 16.936908721923828
v 85.83282470703125 76.71733093261719 17.001962661743164
v 86.18508911132812 77.05327606201172 18.44684410095215
v 86.44352722167969 77.38304901123047 19.891725540161133
v 86.74757385253906 77.77102661132812 21.336605072021484
v 87.8658676147461 76.8561019897461 -7.561009407043457
v 86.35523986816406 76.30792999267578 -6.116128921508789
v 87.29157257080078 76.12327575683594 -6.116128921508789
v 87.02496337890625 75.7830810546875 -4.978972911834717
v 87.15776824951172 75.9525375366211 15.557082176208496
v 87.02496337890625 75.7830810546875 14.704021453857422
v 86.5919189453125 76.12244415283203 15.557082176208496
v 87.37423706054688 76.22876739501953 17.001962661743164
v 87.64476013183594 76.57395935058594 18.44684410095215
v 88.96086120605469 75.91145324707031 -6.116128921508789
v 87.17929077148438 75.66213989257812 -4.671247959136963
v 88.61542510986328 75.47065734863281 -4.671247959136963
v 87.77139282226562 75.1981201171875 -3.226367235183716
v 88.3465347290039 75.1275405883789 -3.226367235183716
v 88.16197204589844 74.89203643798828 -1.969416856765747
v 88.2145004272461 74.95906829833984 11.222440719604492
v 88.16197204589844 74.89203643798828 10.678985595703125
v 88.03690338134766 74.99004364013672 11.222440719604492
v 87.66297149658203 75.28308868408203 12.66732120513916
v 88.36528015136719 75.1514663696289 12.66732120513916
v 87.2479476928711 75.60833740234375 14.112201690673828
v 88.5367431640625 75.37025451660156 14.112201690673828
v 88.74710845947266 75.6386947631836 15.557082176208496
v 88.98065948486328 75.93671417236328 17.001962661743164
v 90.02803802490234 74.9312973022461 -3.226367235183716
v 88.21245574951172 74.85247039794922 -1.7814863920211792
v 89.85386657714844 74.70904541015625 -1.7814863920211792
v 88.42688751220703 74.68443298339844 -0.33660566806793213
v 89.73617553710938 74.55887603759766 -0.33660566806793213
v 88.52667236328125 74.6062240600586 1.108275055885315
v 89.65596008300781 74.45651245117188 1.108275055885315
v 88.60688018798828 74.54337310791016 2.5531558990478516
v 89.61157989501953 74.3998794555664 2.5531558990478516
v 88.6468734741211 74.51203155517578 3.9980366230010986
v 89.5959701538086 74.37996673583984 3.9980366230010986
v 88.64739990234375 74.5116195678711 5.442917346954346
v 89.60944366455078 74.39715576171875 5.442917346954346
v 88.61651611328125 74.53582000732422 6.887798309326172
v 89.63613891601562 74.43122100830078 6.887798309326172
v 88.54328918457031 74.59320831298828 8.33267879486084
v 89.69410705566406 74.50519561767578 8.33267879486084
v 88.3614501953125 74.73571014404297 9.777559280395508
v 89.77422332763672 74.607421875 9.777559280395508
v 89.90142822265625 74.76973724365234 11.222440719604492
v 90.05541229248047 74.96623229980469 12.66732120513916
v 74.40650939941406 85.44242858886719 -7.561009407043457
v 74.09112548828125 85.03999328613281 -6.116128921508789
v 73.97915649414062 84.89710998535156 -4.671247959136963
v 73.98243713378906 84.90129852294922 -3.226367235183716
v 73.99208068847656 84.9135971069336 -1.7814863920211792
v 74.00531768798828 84.93048858642578 -0.33660566806793213
v 74.0383529663086 84.97264862060547 1.108275055885315
v 74.09022521972656 85.0388412475586 2.5531558990478516
v 74.1376953125 85.09941101074219 3.9980366230010986
v 74.21307373046875 85.19560241699219 5.442917346954346
v 74.33477783203125 85.35089874267578 6.887798309326172
v 74.48920440673828 85.54795837402344 8.33267879486084
v 74.94345092773438 83.78568267822266 -7.561009407043457
v 74.76384735107422 83.5564956665039 -7.0013346672058105
v 74.39773559570312 83.8434066772461 -6.116128921508789
v 74.22856140136719 83.97598266601562 -4.671247959136963
v 74.27642822265625 83.93846893310547 -3.226367235183716
v 74.3301010131836 83.89640808105469 -1.7814863920211792
v 74.37883758544922 83.85821533203125 -0.33660566806793213
v 74.49412536621094 83.76786804199219 1.108275055885315
v 74.64334106445312 83.65093231201172 2.5531558990478516
v 74.80686950683594 83.61140441894531 3.9980366230010986
v 74.76384735107422 83.5564956665039 3.3728420734405518
v 74.9035873413086 83.73481750488281 5.442917346954346
v 74.99893188476562 83.85647583007812 6.887798309326172
v 75.13661193847656 84.03215789794922 8.33267879486084
v 75.29511260986328 84.23441314697266 9.777559280395508
v 75.50918579101562 84.50757598876953 11.222440719604492
v 75.41883850097656 83.0431900024414 -7.561009407043457
v 75.90084838867188 82.66545104980469 -7.782567977905273
v 74.87567901611328 83.46885681152344 3.9980366230010986
v 75.14897918701172 83.25467681884766 5.442917346954346
v 75.49468231201172 82.98375701904297 6.887798309326172
v 75.90850830078125 82.67521667480469 8.33267879486084
v 75.90084838867188 82.66545104980469 8.253937721252441
v 76.06350708007812 82.87300109863281 9.777559280395508
v 76.22626495361328 83.0806884765625 11.222440719604492
v 76.44913482666016 83.36508178710938 12.66732120513916
v 76.70304870605469 83.68909454345703 14.112201690673828
v 77.20587921142578 81.98880767822266 -7.561009407043457
v 77.03785705566406 81.77440643310547 -7.726556777954102
v 75.93135833740234 82.64154815673828 8.33267879486084
v 76.5459213256836 82.15992736816406 9.777559280395508
v 77.09994506835938 81.85363006591797 11.222440719604492
v 77.03785705566406 81.77440643310547 10.740074157714844
v 77.31187438964844 82.12406921386719 12.66732120513916
v 77.54887390136719 82.4264907836914 14.112201690673828
v 77.80599975585938 82.75458526611328 15.557082176208496
v 78.34546661376953 81.10105895996094 -7.561009407043457
v 78.17486572265625 80.88336944580078 -7.8110575675964355
v 78.92230987548828 81.83712768554688 -6.116128921508789
v 77.371826171875 81.5126953125 11.222440719604492
v 78.24230194091797 80.96941375732422 12.66732120513916
v 78.17486572265625 80.88336944580078 12.208230972290039
v 78.46208190917969 81.24986267089844 14.112201690673828
v 78.73780059814453 81.60169219970703 15.557082176208496
v 78.98207092285156 81.91339111328125 17.001962661743164
v 79.5988998413086 80.35858154296875 -7.561009407043457
v 79.31187438964844 79.99232482910156 -7.955717086791992
v 80.06421661376953 80.95234680175781 -6.116128921508789
v 78.77361297607422 80.41414642333984 12.66732120513916
v 79.48120880126953 80.2083969116211 14.112201690673828
v 79.31187438964844 79.99232482910156 13.039735794067383
v 79.69722747802734 80.48404693603516 15.557082176208496
v 79.96395111083984 80.82440185546875 17.001962661743164
v 80.75421142578125 79.49089050292969 -7.561009407043457
v 80.44888305664062 79.10128021240234 -7.854888916015625
v 81.22894287109375 80.09667205810547 -6.116128921508789
v 80.52782440185547 79.20201873779297 14.112201690673828
v 80.44888305664062 79.10128021240234 13.550631523132324
v 80.74996185302734 79.48546600341797 15.557082176208496
v 81.01370239257812 79.82201385498047 17.001962661743164
v 81.2755355834961 80.15612030029297 18.44684410095215
v 81.91597747802734 78.63143920898438 -7.561009407043457
v 81.23198699951172 78.48757934570312 -7.561009407043457
v 81.58589172363281 78.21024322509766 -7.360480785369873
v 81.66117095947266 78.3062973022461 14.112201690673828
v 81.58589172363281 78.21024322509766 13.597288131713867
v 81.90361785888672 78.61566925048828 15.557082176208496
v 82.12725067138672 78.90103149414062 17.001962661743164
v 82.38799285888672 79.23375701904297 18.44684410095215
v 83.22643280029297 77.96173095703125 -7.561009407043457
v 82.722900390625 77.31919860839844 -6.437007427215576
v 82.87309265136719 77.51085662841797 14.112201690673828
v 82.722900390625 77.31919860839844 13.133232116699219
v 83.09842681884766 77.79838562011719 15.557082176208496
v 83.29814910888672 78.0532455444336 17.001962661743164
v 83.58663940429688 78.4213638305664 18.44684410095215
v 84.7370834350586 77.54747009277344 -7.561009407043457
v 83.06409454345703 77.05181121826172 -6.116128921508789
v 84.13748168945312 76.78235626220703 -6.116128921508789
v 83.85990905761719 76.42815399169922 -4.925563812255859
v 83.95931243896484 76.55499267578125 12.66732120513916
v 83.85990905761719 76.42815399169922 11.75885009765625
v 83.2057876586914 76.9407730102539 12.66732120513916
v 84.13853454589844 76.78369140625 14.112201690673828
v 84.33324432373047 77.03215026855469 15.557082176208496
v 84.57839965820312 77.34498596191406 17.001962661743164
v 85.72650909423828 76.46810150146484 -6.116128921508789
v 83.99665832519531 76.32099151611328 -4.671247959136963
v 85.39814758300781 76.0490951538086 -4.671247959136963
v 84.4725570678711 75.94803619384766 -3.226367235183716
v 85.17579650878906 75.76537322998047 -3.226367235183716
v 84.8152847290039 75.67945098876953 -1.7814863920211792
v 85.04792022705078 75.60220336914062 -1.7814863920211792
v 84.99691772460938 75.537109375 -0.8653172254562378
v 85.09085845947266 75.65699005126953 9.777559280395508
v 84.99691772460938 75.537109375 8.506216049194336
v 84.54717254638672 75.88956451416016 9.777559280395508
v 84.13211822509766 76.21482849121094 11.222440719604492
v 85.16968536376953 75.75757598876953 11.222440719604492
v 85.29721069335938 75.92030334472656 12.66732120513916
v 85.46288299560547 76.13170623779297 14.112201690673828
v 85.69334411621094 76.42578125 15.557082176208496
v 86.96558380126953 75.70730590820312 -4.671247959136963
v 86.72798919677734 75.40412902832031 -3.226367235183716
v 86.58028411865234 75.21564483642578 -1.7814863920211792
v 85.08900451660156 75.4649429321289 -0.33660566806793213
v 86.48992919921875 75.10034942626953 -0.33660566806793213
v 85.18012237548828 75.39353942871094 1.108275055885315
v 86.43973541259766 75.03630065917969 1.108275055885315
v 85.27494812011719 75.31922149658203 2.5531558990478516
v 86.40815734863281 74.99600982666016 2.5531558990478516
v 85.34552001953125 75.26392364501953 3.9980366230010986
v 86.39764404296875 74.98259735107422 3.9980366230010986
v 85.35960388183594 75.25288391113281 5.442917346954346
v 86.40182495117188 74.98792266845703 5.442917346954346
v 85.27005004882812 75.32306671142578 6.887798309326172
v 86.42497253417969 75.0174560546875 6.887798309326172
v 85.04110717773438 75.50247955322266 8.33267879486084
v 86.47125244140625 75.07652282714844 8.33267879486084
v 86.53244018554688 75.15459442138672 9.777559280395508
v 86.62886047363281 75.27763366699219 11.222440719604492
v 86.77845001220703 75.46851348876953 12.66732120513916
v 86.93887329101562 75.67322540283203 14.112201690673828
v 88.13892364501953 74.86262512207031 -1.7814863920211792
v 88.04480743408203 74.74252319335938 -0.33660566806793213
v 88.00425720214844 74.69078063964844 1.108275055885315
v 87.96611022949219 74.64210510253906 2.5531558990478516
v 87.94864654541016 74.61982727050781 3.9980366230010986
v 87.94837951660156 74.61947631835938 5.442917346954346
v 87.96430969238281 74.63980865478516 6.887798309326172
v 87.99871063232422 74.68370056152344 8.33267879486084
v 88.07720184326172 74.78386688232422 9.777559280395508
v 74.60020446777344 83.3476791381836 -6.116128921508789
v 74.50743103027344 83.22930145263672 -4.671247959136963
v 74.53660583496094 83.26653289794922 -3.226367235183716
v 74.569091796875 83.3079833984375 -1.7814863920211792
v 74.5962142944336 83.34259033203125 -0.33660566806793213
v 74.65376281738281 83.41602325439453 1.108275055885315
v 74.71599578857422 83.49544525146484 2.5531558990478516
v 75.791259765625 82.52560424804688 -7.561009407043457
v 75.36952209472656 81.9874496459961 -6.116128921508789
v 75.2784652709961 81.87126159667969 -4.671247959136963
v 75.3258056640625 81.93167114257812 -3.226367235183716
v 75.37008666992188 81.98817443847656 -1.7814863920211792
v 75.42000579833984 82.05186462402344 -0.33660566806793213
v 75.45987701416016 82.10275268554688 1.108275055885315
v 75.51549530029297 82.17372131347656 2.5531558990478516
v 75.56193542480469 82.23297882080078 3.9980366230010986
v 75.65009307861328 82.34547424316406 5.442917346954346
v 75.77005767822266 82.4985580444336 6.887798309326172
v 76.93901062011719 81.64827728271484 -7.561009407043457
v 76.35277557373047 80.90020751953125 -6.116128921508789
v 76.16973114013672 80.66664123535156 -4.671247959136963
v 76.25813293457031 80.77944946289062 -3.226367235183716
v 76.29853820800781 80.83100128173828 -1.7814863920211792
v 76.31026458740234 80.8459701538086 -0.33660566806793213
v 76.33682250976562 80.8798599243164 1.108275055885315
v 76.39511108398438 80.95423126220703 2.5531558990478516
v 76.4659194946289 81.04458618164062 3.9980366230010986
v 76.5501480102539 81.15206909179688 5.442917346954346
v 76.65005493164062 81.27955627441406 6.887798309326172
v 76.76394653320312 81.42488861083984 8.33267879486084
v 76.91287994384766 81.61492919921875 9.777559280395508
v 78.02226257324219 80.68863677978516 -7.561009407043457
v 77.4248046875 79.92625427246094 -6.116128921508789
v 77.28382873535156 79.7463607788086 -5.181089401245117
v 76.46845245361328 80.38534545898438 -4.671247959136963
v 77.24896240234375 79.773681640625 -3.226367235183716
v 77.31109619140625 79.78115844726562 -1.7814863920211792
v 77.28382873535156 79.7463607788086 -3.0569605827331543
v 77.3399887084961 79.81802368164062 -0.33660566806793213
v 77.3680648803711 79.8538589477539 1.108275055885315
v 77.40534973144531 79.90142822265625 2.5531558990478516
v 77.45145416259766 79.96025848388672 3.9980366230010986
v 77.52149963378906 80.04964447021484 5.442917346954346
v 77.59910583496094 80.14867401123047 6.887798309326172
v 77.72516632080078 80.30953216552734 8.33267879486084
v 77.8682861328125 80.49215698242188 9.777559280395508
v 78.02954864501953 80.69792938232422 11.222440719604492
v 79.07757568359375 79.69335174560547 -7.561009407043457
v 78.60631561279297 79.09200286865234 -6.116128921508789
v 78.33550262451172 78.92218780517578 -4.671247959136963
v 78.42566680908203 78.86148834228516 -4.671247959136963
v 77.4083023071289 79.64881134033203 -3.226367235183716
v 78.45091247558594 78.8936996459961 -3.226367235183716
v 78.45490264892578 78.89879608154297 -1.7814863920211792
v 78.45867156982422 78.90360260009766 -0.33660566806793213
v 78.47758483886719 78.927734375 1.108275055885315
v 78.49821472167969 78.95406341552734 2.5531558990478516
v 78.53164672851562 78.99671936035156 3.9980366230010986
v 78.58460998535156 79.06430053710938 5.442917346954346
v 78.66035461425781 79.16095733642578 6.887798309326172
v 78.75684356689453 79.28407287597656 8.33267879486084
v 78.8993911743164 79.46598052978516 9.777559280395508
v 79.06039428710938 79.67142486572266 11.222440719604492
v 79.24959564208984 79.91285705566406 12.66732120513916
v 80.27945709228516 78.88509368896484 -7.561009407043457
v 79.8661117553711 78.35763549804688 -6.116128921508789
v 79.69149017333984 78.13481140136719 -4.671247959136963
v 79.6872329711914 78.12937927246094 -3.226367235183716
v 79.66824340820312 78.10515594482422 -1.7814863920211792
v 79.6575698852539 78.0915298461914 -0.33660566806793213
v 79.65220642089844 78.08468627929688 1.108275055885315
v 79.65959930419922 78.0941162109375 2.5531558990478516
v 79.69231414794922 78.1358642578125 3.9980366230010986
v 79.73371887207031 78.18870544433594 5.442917346954346
v 79.79391479492188 78.26551055908203 6.887798309326172
v 79.87716674804688 78.37174987792969 8.33267879486084
v 80.00202178955078 78.53106689453125 9.777559280395508
v 80.15252685546875 78.7231216430664 11.222440719604492
v 80.32757568359375 78.94648742675781 12.66732120513916
v 81.20280456542969 77.72140502929688 -6.116128921508789
v 80.99363708496094 77.45449829101562 -4.671247959136963
v 80.95258331298828 77.40211486816406 -3.226367235183716
v 80.94166564941406 77.38817596435547 -1.7814863920211792
v 80.92205047607422 77.36314392089844 -0.33660566806793213
v 80.89608001708984 77.33000946044922 1.108275055885315
v 80.8907241821289 77.32317352294922 2.5531558990478516
v 80.9140853881836 77.35298919677734 3.9980366230010986
v 80.94126892089844 77.3876724243164 5.442917346954346
v 80.99079132080078 77.45086669921875 6.887798309326172
v 81.07466125488281 77.5578842163086 8.33267879486084
v 81.16612243652344 77.67459869384766 9.777559280395508
v 81.2977066040039 77.84249877929688 11.222440719604492
v 81.46439361572266 78.05520629882812 12.66732120513916
v 82.62944793701172 77.199951171875 -6.116128921508789
v 82.37548828125 76.87588500976562 -4.671247959136963
v 82.28489685058594 76.76028442382812 -3.226367235183716
v 82.23943328857422 76.70227813720703 -1.7814863920211792
v 82.22383117675781 76.68236541748047 -0.33660566806793213
v 82.20270538330078 76.65541076660156 1.108275055885315
v 82.18295288085938 76.63020324707031 2.5531558990478516
v 82.18338775634766 76.6307601928711 3.9980366230010986
v 82.20724487304688 76.66119384765625 5.442917346954346
v 82.25780487060547 76.72571563720703 6.887798309326172
v 82.32151794433594 76.80701446533203 8.33267879486084
v 82.3945541381836 76.90021514892578 9.777559280395508
v 82.53488159179688 77.07927703857422 11.222440719604492
v 82.65835571289062 77.2368392944336 12.66732120513916
v 83.8141860961914 76.36981964111328 -4.671247959136963
v 83.67298126220703 76.18962860107422 -3.226367235183716
v 83.60094451904297 76.09770202636719 -1.7814863920211792
v 83.56597900390625 76.05309295654297 -0.33660566806793213
v 83.5580062866211 76.04292297363281 1.108275055885315
v 83.52664947509766 76.00289916992188 2.5531558990478516
v 83.51361083984375 75.98627471923828 3.9980366230010986
v 83.52079010009766 75.99542999267578 5.442917346954346
v 83.54427337646484 76.025390625 6.887798309326172
v 83.61214447021484 76.11199951171875 8.33267879486084
v 83.70028686523438 76.22447204589844 9.777559280395508
v 83.80242156982422 76.35479736328125 11.222440719604492
v 84.96912384033203 75.50164794921875 -0.33660566806793213
v 84.94401550292969 75.4696044921875 1.108275055885315
v 84.91670989990234 75.43476867675781 2.5531558990478516
v 84.89163970947266 75.40277862548828 3.9980366230010986
v 84.88358306884766 75.39249420166016 5.442917346954346
v 84.91204071044922 75.4288101196289 6.887798309326172
v 84.9833984375 75.51985931396484 8.33267879486084
v 77.23881530761719 79.68891906738281 -4.671247959136963
v 77.2810287475586 79.7427978515625 -3.226367235183716
f 3 2 1
f 5 4 1
f 5 1 2
f 7 6 4
f 7 4 5
f 9 8 6
f 9 6 7
f 11 10 8
f 11 8 9
f 13 12 10
f 13 10 11
f 14 12 13
f 17 16 15
f 19 18 15
f 19 15 16
f 21 20 18
f 21 18 19
f 20 21 3
f 1 20 3
f 22 20 1
f 23 1 4
f 22 1 23
f 24 4 6
f 23 4 24
f 25 6 8
f 24 6 25
f 26 8 10
f 25 8 26
f 27 10 12
f 26 10 27
f 12 14 28
f 29 12 28
f 27 12 29
f 31 30 29
f 31 29 28
f 32 30 31
f 17 15 33
f 17 33 34
f 35 15 18
f 33 15 35
f 36 18 20
f 35 18 36
f 37 20 22
f 36 20 37
f 38 22 23
f 37 22 38
f 39 23 24
f 38 23 39
f 40 24 25
f 39 24 40
f 41 25 26
f 40 25 41
f 42 26 27
f 41 26 42
f 43 27 29
f 42 27 43
f 44 29 30
f 43 29 44
f 30 32 45
f 46 30 45
f 44 30 46
f 47 46 45
f 34 33 48
f 34 48 49
f 50 33 35
f 48 33 50
f 51 35 36
f 50 35 51
f 52 36 37
f 51 36 52
f 53 37 38
f 52 37 53
f 54 38 39
f 53 38 54
f 55 39 40
f 54 39 55
f 56 40 41
f 55 40 56
f 57 41 42
f 56 41 57
f 58 42 43
f 57 42 58
f 59 43 44
f 58 43 59
f 60 44 46
f 59 44 60
f 46 47 61
f 46 61 60
f 49 48 62
f 49 62 63
f 64 48 50
f 62 48 64
f 65 50 51
f 64 50 65
f 66 51 52
f 65 51 66
f 67 52 53
f 66 52 67
f 68 53 54
f 67 53 68
f 69 54 55
f 68 54 69
f 70 55 56
f 69 55 70
f 71 56 57
f 70 56 71
f 72 57 58
f 71 57 72
f 73 58 59
f 72 58 73
f 74 59 60
f 73 59 74
f 60 61 75
f 60 75 74
f 63 62 76
f 63 76 77
f 78 62 64
f 76 62 78
f 79 64 65
f 78 64 79
f 80 65 66
f 79 65 80
f 81 66 67
f 80 66 81
f 82 67 68
f 81 67 82
f 83 68 69
f 82 68 83
f 84 69 70
f 83 69 84
f 85 70 71
f 84 70 85
f 86 71 72
f 85 71 86
f 87 72 73
f 86 72 87
f 88 73 74
f 87 73 88
f 74 75 89
f 74 89 88
f 90 77 76
f 92 91 90
f 76 92 90
f 78 92 76
f 93 78 79
f 92 78 93
f 94 79 80
f 93 79 94
f 95 80 81
f 94 80 95
f 96 81 82
f 95 81 96
f 97 82 83
f 96 82 97
f 98 83 84
f 97 83 98
f 99 84 85
f 98 84 99
f 100 85 86
f 99 85 100
f 101 86 87
f 100 86 101
f 88 103 102
f 101 88 102
f 87 88 101
f 103 88 89
f 104 91 92
f 106 105 104
f 92 106 104
f 93 106 92
f 107 93 94
f 106 93 107
f 108 94 95
f 107 94 108
f 109 95 96
f 108 95 109
f 110 96 97
f 109 96 110
f 111 97 98
f 110 97 111
f 112 98 99
f 111 98 112
f 113 99 100
f 112 99 113
f 101 115 114
f 113 101 114
f 100 101 113
f 115 101 102
f 116 105 106
f 118 117 116
f 106 118 116
f 107 118 106
f 119 107 108
f 118 107 119
f 120 108 109
f 119 108 120
f 121 109 110
f 120 109 121
f 122 110 111
f 121 110 122
f 112 124 123
f 122 112 123
f 111 112 122
f 124 112 113
f 124 113 125
f 125 113 114
f 126 117 118
f 126 118 119
f 126 119 127
f 127 119 120
f 127 120 128
f 128 120 121
f 128 121 129
f 129 121 122
f 129 122 130
f 130 122 123
f 133 132 131
f 135 134 131
f 135 131 132
f 137 136 134
f 137 134 135
f 139 138 136
f 139 136 137
f 141 140 138
f 141 138 139
f 143 142 140
f 143 140 141
f 144 142 143
f 147 146 145
f 149 148 145
f 149 145 146
f 151 150 148
f 151 148 149
f 150 151 133
f 131 150 133
f 152 150 131
f 153 131 134
f 152 131 153
f 154 134 136
f 153 134 154
f 155 136 138
f 154 136 155
f 156 138 140
f 155 138 156
f 157 140 142
f 156 140 157
f 142 144 158
f 159 142 158
f 157 142 159
f 161 160 159
f 161 159 158
f 162 160 161
f 165 164 163
f 163 164 147
f 145 163 147
f 166 163 145
f 167 145 148
f 166 145 167
f 168 148 150
f 167 148 168
f 3 168 2
f 168 152 2
f 168 150 152
f 2 152 5
f 5 152 153
f 5 153 7
f 7 153 154
f 7 154 9
f 9 154 155
f 9 155 11
f 11 155 156
f 11 156 13
f 13 156 157
f 13 157 14
f 157 169 14
f 157 159 169
f 170 159 160
f 169 159 170
f 160 162 171
f 172 160 171
f 170 160 172
f 174 173 172
f 174 172 171
f 175 173 174
f 178 177 176
f 176 177 165
f 163 176 165
f 179 176 163
f 17 179 16
f 179 166 16
f 179 163 166
f 16 166 19
f 19 166 167
f 19 167 21
f 21 167 168
f 21 168 3
f 169 28 14
f 28 169 31
f 31 169 170
f 31 170 32
f 170 180 32
f 170 172 180
f 181 172 173
f 180 172 181
f 173 175 182
f 183 173 182
f 181 173 183
f 184 183 182
f 178 176 185
f 178 185 186
f 187 176 179
f 185 176 187
f 34 187 17
f 17 187 179
f 180 45 32
f 45 180 47
f 180 188 47
f 180 181 188
f 189 181 183
f 188 181 189
f 183 184 190
f 191 183 190
f 189 183 191
f 192 191 190
f 186 185 193
f 186 193 194
f 195 185 187
f 193 185 195
f 49 195 34
f 34 195 187
f 196 61 188
f 188 61 47
f 197 188 189
f 196 188 197
f 198 189 191
f 197 189 198
f 191 192 199
f 191 199 198
f 194 193 200
f 194 200 201
f 202 193 195
f 200 193 202
f 63 202 49
f 49 202 195
f 203 75 196
f 196 75 61
f 204 196 197
f 203 196 204
f 205 197 198
f 204 197 205
f 198 199 206
f 198 206 205
f 207 201 200
f 209 208 207
f 200 209 207
f 202 209 200
f 77 209 63
f 63 209 202
f 210 89 203
f 203 89 75
f 211 203 204
f 210 203 211
f 212 204 205
f 211 204 212
f 205 206 213
f 205 213 212
f 208 209 214
f 208 214 215
f 90 216 77
f 216 209 77
f 216 214 209
f 91 216 90
f 217 102 103
f 89 210 103
f 210 217 103
f 210 218 217
f 219 210 211
f 218 210 219
f 212 221 220
f 219 212 220
f 211 212 219
f 221 212 213
f 222 215 214
f 224 223 222
f 214 224 222
f 216 224 214
f 104 225 91
f 225 216 91
f 225 224 216
f 105 225 104
f 226 114 115
f 102 217 115
f 217 226 115
f 217 227 226
f 228 217 218
f 227 217 228
f 219 230 229
f 228 219 229
f 218 219 228
f 230 219 220
f 231 223 224
f 233 232 231
f 224 233 231
f 225 233 224
f 116 234 105
f 234 225 105
f 234 233 225
f 117 234 116
f 235 123 124
f 125 236 124
f 124 236 235
f 114 226 125
f 226 236 125
f 226 237 236
f 227 239 238
f 237 227 238
f 226 227 237
f 239 227 228
f 239 228 240
f 240 228 229
f 241 232 233
f 243 242 241
f 233 243 241
f 234 243 233
f 126 244 117
f 244 234 117
f 244 243 234
f 127 245 126
f 126 245 244
f 128 246 127
f 127 246 245
f 129 247 128
f 128 247 246
f 130 248 129
f 129 248 247
f 123 235 130
f 235 248 130
f 235 249 248
f 236 251 250
f 249 236 250
f 235 236 249
f 251 236 237
f 251 237 252
f 252 237 238
f 253 242 243
f 253 243 244
f 253 244 254
f 254 244 245
f 254 245 255
f 255 245 246
f 255 246 256
f 256 246 247
f 256 247 257
f 257 247 248
f 257 248 258
f 258 248 249
f 258 249 259
f 259 249 250
f 262 261 260
f 264 263 260
f 264 260 261
f 266 265 263
f 266 263 264
f 268 267 265
f 268 265 266
f 270 269 267
f 270 267 268
f 272 271 269
f 272 269 270
f 274 273 271
f 274 271 272
f 276 275 273
f 276 273 274
f 278 277 275
f 278 275 276
f 279 277 278
f 282 281 280
f 284 283 280
f 284 280 281
f 286 285 283
f 286 283 284
f 285 286 262
f 260 285 262
f 287 285 260
f 288 260 263
f 287 260 288
f 133 288 132
f 288 265 132
f 288 263 265
f 132 265 135
f 135 265 267
f 135 267 137
f 137 267 269
f 137 269 139
f 139 269 271
f 139 271 141
f 141 271 273
f 141 273 143
f 143 273 275
f 143 275 144
f 275 289 144
f 275 277 289
f 277 279 290
f 291 277 290
f 289 277 291
f 293 292 291
f 293 291 290
f 294 292 293
f 282 280 295
f 282 295 296
f 297 280 283
f 295 280 297
f 147 297 146
f 297 285 146
f 297 283 285
f 146 285 149
f 149 285 287
f 149 287 151
f 151 287 288
f 151 288 133
f 289 158 144
f 158 289 161
f 161 289 291
f 161 291 162
f 291 298 162
f 291 292 298
f 292 294 299
f 300 292 299
f 298 292 300
f 302 301 300
f 302 300 299
f 303 301 302
f 306 305 304
f 304 305 296
f 295 304 296
f 307 304 295
f 165 307 164
f 307 297 164
f 307 295 297
f 164 297 147
f 298 171 162
f 171 298 174
f 174 298 300
f 174 300 175
f 300 308 175
f 300 301 308
f 301 303 309
f 310 301 309
f 308 301 310
f 311 310 309
f 306 304 312
f 306 312 313
f 178 312 177
f 312 307 177
f 312 304 307
f 177 307 165
f 308 182 175
f 182 308 184
f 308 314 184
f 308 310 314
f 310 311 315
f 316 310 315
f 314 310 316
f 317 316 315
f 313 312 318
f 313 318 319
f 186 318 178
f 178 318 312
f 314 190 184
f 190 314 192
f 314 320 192
f 314 316 320
f 316 317 321
f 322 316 321
f 320 316 322
f 323 322 321
f 319 318 324
f 319 324 325
f 194 324 186
f 186 324 318
f 326 199 320
f 320 199 192
f 327 320 322
f 326 320 327
f 322 323 328
f 322 328 327
f 329 325 324
f 324 194 329
f 194 330 329
f 194 201 330
f 331 206 326
f 326 206 199
f 332 326 327
f 331 326 332
f 327 328 333
f 327 333 332
f 201 207 334
f 335 201 334
f 330 201 335
f 208 334 207
f 336 213 331
f 331 213 206
f 337 331 332
f 336 331 337
f 332 333 338
f 332 338 337
f 335 334 339
f 335 339 340
f 215 339 208
f 208 339 334
f 341 220 221
f 213 336 221
f 336 341 221
f 336 342 341
f 337 344 343
f 342 337 343
f 336 337 342
f 344 337 338
f 345 340 339
f 347 345 346
f 346 345 222
f 345 339 222
f 339 215 222
f 223 346 222
f 348 229 230
f 220 341 230
f 341 348 230
f 341 349 348
f 342 351 350
f 349 342 350
f 341 342 349
f 351 342 343
f 352 347 346
f 354 352 353
f 353 352 231
f 352 346 231
f 346 223 231
f 232 353 231
f 355 238 239
f 240 356 239
f 239 356 355
f 357 356 240
f 357 240 229
f 358 357 229
f 348 358 229
f 358 348 349
f 358 349 359
f 359 349 350
f 360 354 353
f 362 360 361
f 361 360 241
f 360 353 241
f 353 232 241
f 242 361 241
f 363 250 251
f 252 364 251
f 251 364 363
f 238 355 252
f 355 364 252
f 355 365 364
f 356 367 366
f 365 356 366
f 355 356 365
f 367 356 357
f 368 362 361
f 370 368 369
f 369 368 253
f 368 361 253
f 361 242 253
f 254 371 253
f 253 371 369
f 255 372 254
f 254 372 371
f 256 373 255
f 255 373 372
f 257 374 256
f 256 374 373
f 258 375 257
f 257 375 374
f 259 376 258
f 258 376 375
f 250 363 259
f 363 376 259
f 363 377 376
f 364 379 378
f 377 364 378
f 363 364 377
f 379 364 365
f 379 365 380
f 380 365 366
f 381 370 369
f 381 369 371
f 381 371 382
f 382 371 372
f 382 372 383
f 383 372 373
f 383 373 384
f 384 373 374
f 384 374 385
f 385 374 375
f 385 375 386
f 386 375 376
f 386 376 387
f 387 376 377
f 387 377 388
f 388 377 378
f 391 390 389
f 393 392 389
f 393 389 390
f 395 394 392
f 395 392 393
f 397 396 394
f 397 394 395
f 399 398 396
f 399 396 397
f 401 400 398
f 401 398 399
f 403 402 400
f 403 400 401
f 405 404 402
f 405 402 403
f 407 406 404
f 407 404 405
f 409 408 406
f 409 406 407
f 410 408 409
f 413 412 411
f 415 414 411
f 415 411 412
f 414 415 391
f 389 414 391
f 416 414 389
f 262 416 261
f 416 392 261
f 416 389 392
f 261 392 264
f 264 392 394
f 264 394 266
f 266 394 396
f 266 396 268
f 268 396 398
f 268 398 270
f 270 398 400
f 270 400 272
f 272 400 402
f 272 402 274
f 274 402 404
f 274 404 276
f 276 404 406
f 276 406 278
f 278 406 408
f 418 417 279
f 418 279 278
f 410 418 278
f 408 410 278
f 420 419 417
f 420 417 418
f 422 421 419
f 422 419 420
f 423 421 422
f 426 425 424
f 424 425 413
f 424 413 411
f 282 424 411
f 281 282 411
f 281 411 284
f 284 411 414
f 284 414 286
f 286 414 416
f 286 416 262
f 417 290 279
f 290 417 293
f 293 417 419
f 293 419 294
f 419 427 294
f 419 421 427
f 421 423 428
f 429 421 428
f 427 421 429
f 431 430 429
f 431 429 428
f 432 430 431
f 426 424 433
f 426 433 434
f 296 433 282
f 282 433 424
f 427 299 294
f 299 427 302
f 302 427 429
f 302 429 303
f 429 435 303
f 429 430 435
f 430 432 436
f 437 430 436
f 435 430 437
f 438 437 436
f 434 433 305
f 306 434 305
f 439 434 306
f 305 433 296
f 435 309 303
f 309 435 311
f 435 440 311
f 435 437 440
f 437 438 441
f 442 437 441
f 440 437 442
f 443 442 441
f 313 439 306
f 313 444 439
f 440 315 311
f 315 440 317
f 440 445 317
f 440 442 445
f 442 443 446
f 447 442 446
f 445 442 447
f 448 447 446
f 319 444 313
f 319 449 444
f 452 451 450
f 454 453 450
f 450 453 452
f 456 455 454
f 454 455 453
f 458 457 456
f 456 457 455
f 458 459 457
f 445 321 317
f 321 445 323
f 445 460 323
f 445 447 460
f 447 448 461
f 447 461 460
f 325 449 319
f 325 462 449
f 465 464 463
f 467 466 463
f 463 466 465
f 467 468 466
f 471 470 469
f 473 472 469
f 469 472 471
f 472 473 451
f 473 450 451
f 473 474 450
f 450 475 454
f 450 474 475
f 454 476 456
f 454 475 476
f 456 477 458
f 456 476 477
f 459 458 478
f 458 479 478
f 458 477 479
f 481 480 479
f 479 480 478
f 481 482 480
f 483 328 460
f 460 328 323
f 460 461 484
f 485 460 484
f 483 460 485
f 486 485 484
f 325 329 487
f 488 325 487
f 462 325 488
f 330 487 329
f 463 464 489
f 489 464 490
f 463 491 467
f 463 489 491
f 468 467 492
f 467 493 492
f 467 491 493
f 495 494 493
f 493 494 492
f 497 496 495
f 495 496 494
f 496 497 470
f 497 469 470
f 497 498 469
f 469 499 473
f 469 498 499
f 473 500 474
f 473 499 500
f 474 501 475
f 474 500 501
f 475 502 476
f 475 501 502
f 476 503 477
f 476 502 503
f 477 504 479
f 477 503 504
f 479 505 481
f 479 504 505
f 482 481 506
f 481 507 506
f 481 505 507
f 507 508 506
f 509 333 483
f 483 333 328
f 510 483 485
f 509 483 510
f 485 486 511
f 485 511 510
f 488 487 512
f 488 512 513
f 335 512 330
f 330 512 487
f 489 490 514
f 514 490 515
f 489 516 491
f 489 514 516
f 491 517 493
f 491 516 517
f 493 518 495
f 493 517 518
f 495 519 497
f 495 518 519
f 497 520 498
f 497 519 520
f 498 521 499
f 498 520 521
f 499 522 500
f 499 521 522
f 500 523 501
f 500 522 523
f 501 524 502
f 501 523 524
f 502 525 503
f 502 524 525
f 503 526 504
f 503 525 526
f 504 527 505
f 504 526 527
f 505 528 507
f 505 527 528
f 508 507 529
f 529 507 528
f 530 338 509
f 509 338 333
f 510 532 531
f 530 510 531
f 509 510 530
f 532 510 511
f 533 513 512
f 512 335 533
f 335 534 533
f 335 340 534
f 515 535 514
f 537 536 535
f 536 514 535
f 536 516 514
f 516 538 517
f 516 536 538
f 517 539 518
f 517 538 539
f 518 540 519
f 518 539 540
f 519 541 520
f 519 540 541
f 520 542 521
f 520 541 542
f 521 543 522
f 521 542 543
f 522 544 523
f 522 543 544
f 523 545 524
f 523 544 545
f 524 546 525
f 524 545 546
f 525 547 526
f 525 546 547
f 526 548 527
f 526 547 548
f 550 528 549
f 528 548 549
f 528 527 548
f 528 550 529
f 551 343 344
f 338 530 344
f 530 551 344
f 530 552 551
f 530 531 553
f 530 553 552
f 340 345 554
f 555 340 554
f 534 340 555
f 347 554 345
f 537 556 536
f 536 556 538
f 538 556 557
f 538 557 539
f 539 557 558
f 539 558 540
f 540 558 559
f 540 559 541
f 541 559 560
f 541 560 542
f 542 560 561
f 563 562 561
f 562 542 561
f 562 543 542
f 543 564 544
f 543 562 564
f 544 565 545
f 544 564 565
f 545 566 546
f 545 565 566
f 568 547 567
f 547 566 567
f 547 546 566
f 547 568 548
f 548 568 569
f 548 569 549
f 570 350 351
f 571 570 351
f 571 351 343
f 572 571 343
f 551 572 343
f 572 551 552
f 572 552 573
f 573 552 553
f 574 555 554
f 576 574 575
f 575 574 352
f 574 554 352
f 554 347 352
f 354 575 352
f 563 577 562
f 562 577 564
f 564 577 578
f 564 578 565
f 565 578 579
f 565 579 566
f 566 579 580
f 566 580 567
f 581 357 358
f 359 582 358
f 358 582 581
f 583 582 359
f 583 359 350
f 584 583 350
f 570 584 350
f 584 570 571
f 585 576 575
f 587 585 586
f 586 585 360
f 585 575 360
f 575 354 360
f 362 586 360
f 588 366 367
f 589 588 367
f 589 367 357
f 590 589 357
f 581 590 357
f 590 581 582
f 590 582 591
f 591 582 583
f 592 587 586
f 594 592 593
f 593 592 368
f 592 586 368
f 586 362 368
f 370 593 368
f 595 378 379
f 595 379 596
f 379 597 596
f 379 380 597
f 380 366 588
f 598 380 588
f 597 380 598
f 598 588 589
f 599 594 593
f 599 593 370
f 381 599 370
f 600 599 381
f 602 600 601
f 600 382 601
f 600 381 382
f 383 603 382
f 382 603 601
f 384 604 383
f 383 604 603
f 385 605 384
f 384 605 604
f 386 606 385
f 385 606 605
f 606 386 607
f 386 608 607
f 386 387 608
f 609 387 388
f 609 608 387
f 388 378 595
f 610 388 595
f 609 388 610
f 610 595 596
f 611 602 601
f 611 601 603
f 611 603 612
f 612 603 604
f 612 604 613
f 613 604 605
f 613 605 614
f 614 605 606
f 614 606 615
f 615 606 607
f 618 617 616
f 620 619 616
f 620 616 617
f 622 621 619
f 622 619 620
f 624 623 621
f 624 621 622
f 626 625 623
f 626 623 624
f 628 627 625
f 628 625 626
f 630 629 627
f 630 627 628
f 632 631 629
f 632 629 630
f 634 633 631
f 634 631 632
f 635 633 634
f 638 637 636
f 640 639 636
f 640 636 637
f 639 640 618
f 639 618 616
f 391 639 616
f 390 391 616
f 390 616 393
f 393 616 619
f 393 619 395
f 395 619 621
f 395 621 397
f 397 621 623
f 397 623 399
f 399 623 625
f 399 625 401
f 401 625 627
f 401 627 403
f 403 627 629
f 403 629 405
f 405 629 631
f 405 631 407
f 407 631 633
f 635 641 633
f 641 407 633
f 641 409 407
f 643 642 410
f 409 643 410
f 641 643 409
f 645 644 642
f 645 642 643
f 646 644 645
f 649 648 647
f 647 648 638
f 647 638 636
f 413 647 636
f 412 413 636
f 412 636 415
f 415 636 639
f 415 639 391
f 642 418 410
f 418 642 420
f 420 642 644
f 646 650 644
f 650 420 644
f 650 422 420
f 652 651 423
f 422 652 423
f 650 652 422
f 653 651 652
f 649 647 425
f 426 649 425
f 654 649 426
f 425 647 413
f 651 428 423
f 653 655 651
f 655 428 651
f 655 431 428
f 657 656 432
f 431 657 432
f 655 657 431
f 658 656 657
f 661 660 659
f 660 654 659
f 654 434 659
f 654 426 434
f 656 436 432
f 663 662 438
f 663 438 436
f 658 663 436
f 656 658 436
f 664 662 663
f 661 659 665
f 661 665 666
f 439 665 434
f 434 665 659
f 669 668 667
f 671 670 667
f 667 670 669
f 673 672 671
f 671 672 670
f 673 674 672
f 677 676 675
f 679 678 675
f 675 678 677
f 681 680 679
f 679 680 678
f 683 682 681
f 681 682 680
f 685 684 683
f 683 684 682
f 687 686 685
f 685 686 684
f 689 688 687
f 687 688 686
f 691 690 689
f 689 690 688
f 693 692 691
f 691 692 690
f 695 694 693
f 693 694 692
f 697 696 695
f 695 696 694
f 697 698 696
f 662 441 438
f 700 699 443
f 700 443 441
f 664 700 441
f 662 664 441
f 701 699 700
f 702 666 665
f 439 444 665
f 444 703 665
f 703 702 665
f 703 444 704
f 703 704 668
f 704 667 668
f 704 705 667
f 667 706 671
f 667 705 706
f 671 707 673
f 671 706 707
f 674 673 708
f 673 709 708
f 673 707 709
f 708 709 676
f 709 675 676
f 709 710 675
f 675 711 679
f 675 710 711
f 679 712 681
f 679 711 712
f 681 713 683
f 681 712 713
f 683 714 685
f 683 713 714
f 685 715 687
f 685 714 715
f 687 716 689
f 687 715 716
f 689 717 691
f 689 716 717
f 691 718 693
f 691 717 718
f 693 719 695
f 693 718 719
f 695 720 697
f 695 719 720
f 698 697 721
f 697 722 721
f 697 720 722
f 722 723 721
f 699 446 443
f 725 724 448
f 725 448 446
f 701 725 446
f 699 701 446
f 726 724 725
f 449 727 704
f 449 704 444
f 704 728 705
f 704 727 728
f 705 729 706
f 705 728 729
f 706 730 707
f 706 729 730
f 707 731 709
f 707 730 731
f 709 732 710
f 709 731 732
f 710 733 711
f 710 732 733
f 711 734 712
f 711 733 734
f 712 735 713
f 712 734 735
f 735 451 452
f 714 735 452
f 713 735 714
f 714 452 453
f 714 453 715
f 715 453 455
f 715 455 716
f 716 455 457
f 716 457 717
f 717 457 459
f 736 717 459
f 718 717 736
f 718 737 719
f 718 736 737
f 719 738 720
f 719 737 738
f 720 739 722
f 720 738 739
f 723 722 740
f 722 741 740
f 722 739 741
f 741 742 740
f 743 461 724
f 724 461 448
f 724 726 744
f 745 724 744
f 743 724 745
f 746 745 744
f 462 747 727
f 462 727 449
f 727 748 728
f 727 747 748
f 748 464 465
f 729 748 465
f 728 748 729
f 729 465 466
f 729 466 730
f 730 466 468
f 749 730 468
f 731 730 749
f 731 750 732
f 731 749 750
f 732 751 733
f 732 750 751
f 751 470 471
f 734 751 471
f 733 751 734
f 734 471 472
f 734 472 735
f 735 472 451
f 478 736 459
f 736 478 480
f 736 480 737
f 737 480 482
f 752 737 482
f 738 737 752
f 738 753 739
f 738 752 753
f 739 754 741
f 739 753 754
f 742 741 755
f 741 756 755
f 741 754 756
f 756 757 755
f 743 484 461
f 484 743 486
f 743 758 486
f 743 745 758
f 745 746 759
f 745 759 758
f 761 760 747
f 462 761 747
f 488 761 462
f 763 762 760
f 762 747 760
f 762 748 747
f 762 490 464
f 762 464 748
f 492 749 468
f 749 492 494
f 749 494 750
f 750 494 496
f 750 496 751
f 751 496 470
f 506 752 482
f 752 506 508
f 764 752 508
f 753 752 764
f 753 765 754
f 753 764 765
f 754 766 756
f 754 765 766
f 757 756 767
f 767 756 766
f 768 511 758
f 758 511 486
f 758 759 769
f 758 769 768
f 513 771 770
f 761 513 770
f 488 513 761
f 770 771 763
f 771 762 763
f 771 772 762
f 772 515 490
f 772 490 762
f 529 773 764
f 529 764 508
f 764 774 765
f 764 773 774
f 765 775 766
f 765 774 775
f 767 766 776
f 776 766 775
f 777 531 532
f 511 768 532
f 768 777 532
f 768 778 777
f 768 769 779
f 768 779 778
f 533 771 513
f 772 771 780
f 771 534 780
f 534 781 780
f 534 771 533
f 780 783 782
f 780 782 535
f 772 780 535
f 515 772 535
f 782 537 535
f 549 784 550
f 773 529 550
f 784 773 550
f 785 773 784
f 787 774 786
f 774 785 786
f 774 773 785
f 774 787 775
f 775 787 788
f 775 788 776
f 789 553 777
f 777 553 531
f 778 791 790
f 789 778 790
f 777 778 789
f 791 778 779
f 555 781 534
f 555 792 781
f 782 783 793
f 793 783 794
f 795 556 537
f 782 795 537
f 793 795 782
f 796 557 556
f 796 556 795
f 797 558 557
f 797 557 796
f 798 559 558
f 798 558 797
f 799 560 559
f 799 559 798
f 800 561 560
f 800 560 799
f 800 563 561
f 567 801 568
f 802 569 568
f 802 568 801
f 784 549 569
f 802 784 569
f 803 784 802
f 805 785 804
f 785 803 804
f 785 784 803
f 785 805 786
f 806 571 572
f 573 807 572
f 572 807 806
f 808 807 573
f 808 573 553
f 809 808 553
f 789 809 553
f 809 789 790
f 555 574 810
f 811 555 810
f 792 555 811
f 794 812 793
f 810 574 576
f 793 812 795
f 795 812 813
f 815 814 813
f 814 795 813
f 814 796 795
f 796 816 797
f 796 814 816
f 797 817 798
f 797 816 817
f 798 818 799
f 798 817 818
f 799 819 800
f 799 818 819
f 820 577 563
f 800 820 563
f 819 820 800
f 821 578 577
f 821 577 820
f 822 579 578
f 822 578 821
f 823 580 579
f 823 579 822
f 801 567 580
f 823 801 580
f 824 801 823
f 826 802 825
f 802 824 825
f 802 801 824
f 802 826 803
f 803 826 827
f 803 827 804
f 828 583 584
f 571 806 584
f 806 828 584
f 806 829 828
f 807 831 830
f 829 807 830
f 806 807 829
f 831 807 808
f 832 811 810
f 834 832 833
f 833 832 585
f 832 810 585
f 810 576 585
f 587 833 585
f 815 835 814
f 814 835 816
f 816 835 836
f 816 836 817
f 817 836 837
f 817 837 818
f 818 837 838
f 818 838 819
f 819 838 839
f 841 840 839
f 840 819 839
f 840 820 819
f 820 842 821
f 820 840 842
f 844 822 843
f 822 842 843
f 822 821 842
f 822 844 823
f 823 844 845
f 823 845 824
f 824 845 846
f 824 846 825
f 847 589 590
f 591 848 590
f 590 848 847
f 849 848 591
f 849 591 583
f 850 849 583
f 828 850 583
f 850 828 829
f 850 829 851
f 851 829 830
f 852 834 833
f 854 852 853
f 853 852 592
f 852 833 592
f 833 587 592
f 594 853 592
f 841 855 840
f 840 855 842
f 842 855 856
f 842 856 843
f 857 596 597
f 598 858 597
f 597 858 857
f 859 858 598
f 859 598 589
f 860 859 589
f 847 860 589
f 860 847 848
f 860 848 861
f 861 848 849
f 862 854 853
f 864 862 863
f 863 862 599
f 862 853 599
f 853 594 599
f 600 865 599
f 599 865 863
f 602 865 600
f 866 607 608
f 609 867 608
f 608 867 866
f 867 609 868
f 609 869 868
f 609 610 869
f 610 596 857
f 870 610 857
f 869 610 870
f 870 857 858
f 870 858 871
f 871 858 859
f 872 864 863
f 872 863 865
f 872 865 873
f 873 865 602
f 611 873 602
f 874 873 611
f 875 611 612
f 875 874 611
f 876 612 613
f 876 875 612
f 877 613 614
f 877 876 613
f 878 614 615
f 878 877 614
f 615 607 866
f 879 615 866
f 878 615 879
f 879 866 867
f 879 867 880
f 880 867 868
f 883 882 881
f 885 884 881
f 885 881 882
f 887 886 884
f 887 884 885
f 889 888 886
f 889 886 887
f 891 890 888
f 891 888 889
f 892 890 891
f 895 894 893
f 897 896 893
f 897 893 894
f 617 618 896
f 897 617 896
f 898 617 897
f 881 620 883
f 620 898 883
f 620 617 898
f 620 881 622
f 622 881 884
f 622 884 624
f 624 884 886
f 624 886 626
f 626 886 888
f 626 888 628
f 628 888 890
f 892 899 890
f 899 628 890
f 899 630 628
f 630 900 632
f 899 900 630
f 632 901 634
f 900 901 632
f 903 902 635
f 634 903 635
f 901 903 634
f 905 904 902
f 905 902 903
f 906 904 905
f 909 908 907
f 907 908 895
f 907 895 893
f 638 907 893
f 637 638 893
f 637 893 640
f 640 893 896
f 640 896 618
f 902 641 635
f 641 902 643
f 643 902 904
f 906 910 904
f 910 643 904
f 910 645 643
f 912 911 646
f 645 912 646
f 910 912 645
f 914 913 911
f 914 911 912
f 915 913 914
f 918 917 916
f 916 917 909
f 916 909 907
f 649 916 907
f 648 649 907
f 648 907 638
f 911 650 646
f 650 911 652
f 652 911 913
f 920 919 653
f 920 653 652
f 915 920 652
f 913 915 652
f 922 921 919
f 922 919 920
f 923 921 922
f 918 916 924
f 918 924 925
f 654 924 649
f 649 924 916
f 928 927 926
f 926 929 928
f 919 655 653
f 655 919 657
f 657 919 921
f 931 930 658
f 931 658 657
f 923 931 657
f 921 923 657
f 932 930 931
f 925 924 660
f 661 925 660
f 933 925 661
f 660 924 654
f 936 935 934
f 938 937 935
f 935 937 934
f 937 938 927
f 938 926 927
f 938 939 926
f 929 926 940
f 926 941 940
f 926 939 941
f 943 942 941
f 941 942 940
f 945 944 943
f 943 944 942
f 947 946 945
f 945 946 944
f 949 948 947
f 947 948 946
f 951 950 949
f 949 950 948
f 953 952 951
f 951 952 950
f 955 954 953
f 953 954 952
f 957 956 955
f 955 956 954
f 959 958 957
f 957 958 956
f 961 960 959
f 959 960 958
f 963 962 961
f 961 962 960
f 965 964 963
f 963 964 962
f 965 966 964
f 930 663 658
f 968 967 664
f 968 664 663
f 932 968 663
f 930 932 663
f 970 969 967
f 970 967 968
f 971 969 970
f 666 973 972
f 933 666 972
f 661 666 933
f 972 973 936
f 973 935 936
f 973 974 935
f 974 668 669
f 938 974 669
f 935 974 938
f 938 669 670
f 938 670 939
f 939 670 672
f 939 672 941
f 941 672 674
f 975 941 674
f 943 941 975
f 975 676 677
f 945 975 677
f 943 975 945
f 945 677 678
f 945 678 947
f 947 678 680
f 947 680 949
f 949 680 682
f 949 682 951
f 951 682 684
f 951 684 953
f 953 684 686
f 953 686 955
f 955 686 688
f 955 688 957
f 957 688 690
f 957 690 959
f 959 690 692
f 959 692 961
f 961 692 694
f 961 694 963
f 963 694 696
f 963 696 965
f 977 976 698
f 698 976 696
f 976 966 696
f 966 965 696
f 979 978 977
f 977 978 976
f 979 980 978
f 967 700 664
f 700 967 701
f 967 981 701
f 967 969 981
f 969 971 982
f 969 982 981
f 702 973 666
f 973 702 703
f 973 703 974
f 974 703 668
f 708 975 674
f 975 708 676
f 721 977 698
f 977 721 723
f 983 977 723
f 979 977 983
f 980 979 984
f 979 985 984
f 979 983 985
f 985 986 984
f 981 725 701
f 988 987 726
f 988 726 725
f 982 988 725
f 981 982 725
f 989 987 988
f 740 983 723
f 983 740 742
f 990 983 742
f 985 983 990
f 986 985 991
f 985 992 991
f 985 990 992
f 992 993 991
f 987 744 726
f 995 994 746
f 995 746 744
f 989 995 744
f 987 989 744
f 996 994 995
f 755 990 742
f 990 755 757
f 997 990 757
f 992 990 997
f 993 992 998
f 992 999 998
f 992 997 999
f 999 1000 998
f 1001 759 994
f 994 759 746
f 994 996 1002
f 994 1002 1001
f 761 1003 760
f 1003 763 760
f 767 1004 997
f 767 997 757
f 997 1005 999
f 997 1004 1005
f 1000 999 1006
f 1006 999 1005
f 1007 769 1001
f 1001 769 759
f 1001 1002 1008
f 1001 1008 1007
f 770 1003 761
f 1003 770 763
f 776 1009 1004
f 776 1004 767
f 1011 1005 1010
f 1005 1009 1010
f 1005 1004 1009
f 1005 1011 1006
f 1012 779 1007
f 1007 779 769
f 1007 1008 1013
f 1007 1013 1012
f 781 1014 780
f 1014 783 780
f 786 1015 787
f 1016 788 787
f 1016 787 1015
f 1016 1017 788
f 788 1017 776
f 1017 1018 776
f 1018 1009 776
f 1009 1018 1010
f 1019 790 791
f 779 1012 791
f 1012 1019 791
f 1012 1020 1019
f 1012 1013 1021
f 1012 1021 1020
f 792 1022 1014
f 792 1014 781
f 1022 794 783
f 1022 783 1014
f 804 1023 805
f 1023 1024 805
f 805 1024 786
f 1024 1025 786
f 1025 1015 786
f 1015 1025 1016
f 1016 1025 1026
f 1016 1026 1017
f 1027 808 809
f 790 1019 809
f 1019 1027 809
f 1019 1028 1027
f 1020 1030 1029
f 1028 1020 1029
f 1019 1020 1028
f 1030 1020 1021
f 1032 1031 1022
f 792 1032 1022
f 811 1032 792
f 1022 1031 794
f 1031 812 794
f 1031 1033 812
f 1033 1035 1034
f 813 1033 1034
f 812 1033 813
f 1034 815 813
f 825 1036 826
f 826 1036 1037
f 1038 826 1037
f 827 826 1038
f 804 827 1023
f 827 1039 1023
f 827 1038 1039
f 1023 1039 1024
f 1040 830 831
f 808 1027 831
f 1027 1040 831
f 1027 1041 1040
f 1028 1043 1042
f 1041 1028 1042
f 1027 1028 1041
f 1043 1028 1029
f 1044 1032 811
f 1044 811 832
f 832 834 1044
f 1044 834 1045
f 1035 1046 1034
f 1034 1046 815
f 1046 835 815
f 1046 1047 835
f 1047 1049 1048
f 836 1047 1048
f 835 1047 836
f 1050 837 836
f 1050 836 1048
f 1051 838 837
f 1051 837 1050
f 1052 839 838
f 1052 838 1051
f 1052 841 839
f 843 1053 844
f 1054 845 844
f 1054 844 1053
f 845 1054 1055
f 1056 845 1055
f 846 845 1056
f 825 846 1036
f 846 1057 1036
f 846 1056 1057
f 1036 1057 1037
f 1058 849 850
f 1058 850 1059
f 850 1060 1059
f 850 851 1060
f 851 830 1040
f 1061 851 1040
f 1060 851 1061
f 1061 1040 1041
f 1061 1041 1062
f 1062 1041 1042
f 834 852 1063
f 1064 834 1063
f 1045 834 1064
f 854 1063 852
f 1049 1065 1048
f 1048 1065 1050
f 1050 1065 1066
f 1050 1066 1051
f 1051 1066 1067
f 1051 1067 1052
f 1052 1067 1068
f 1052 1068 841
f 1068 855 841
f 1068 1069 855
f 855 1070 856
f 1069 1070 855
f 843 856 1053
f 856 1071 1053
f 856 1070 1071
f 1053 1071 1054
f 1054 1071 1072
f 1054 1072 1055
f 1073 859 860
f 1073 860 1074
f 860 1075 1074
f 860 861 1075
f 861 849 1058
f 1076 861 1058
f 1075 861 1076
f 1076 1058 1059
f 1077 1064 1063
f 1077 1063 854
f 862 1077 854
f 1078 1077 862
f 862 864 1078
f 1078 864 1079
f 1080 868 869
f 1080 869 1081
f 869 1082 1081
f 869 870 1082
f 1083 870 871
f 1083 1082 870
f 871 859 1073
f 1084 871 1073
f 1083 871 1084
f 1084 1073 1074
f 1085 1079 864
f 1085 864 872
f 1086 872 873
f 1086 1085 872
f 1088 1086 1087
f 1086 874 1087
f 1086 873 874
f 875 1089 874
f 874 1089 1087
f 876 1090 875
f 875 1090 1089
f 877 1091 876
f 876 1091 1090
f 878 1092 877
f 877 1092 1091
f 879 1093 878
f 878 1093 1092
f 1093 879 1094
f 879 1095 1094
f 879 880 1095
f 880 868 1080
f 1096 880 1080
f 1095 880 1096
f 1096 1080 1081
f 1097 1088 1087
f 1097 1087 1089
f 1097 1089 1098
f 1098 1089 1090
f 1098 1090 1099
f 1099 1090 1091
f 1099 1091 1100
f 1100 1091 1092
f 1100 1092 1101
f 1101 1092 1093
f 1101 1093 1102
f 1102 1093 1094
f 1105 1104 1103
f 1107 1106 1103
f 1107 1103 1104
f 882 883 1106
f 1107 882 1106
f 1108 882 1107
f 882 1109 885
f 1108 1109 882
f 885 1110 887
f 1109 1110 885
f 887 1111 889
f 1110 1111 887
f 889 1112 891
f 1111 1112 889
f 1114 1113 892
f 891 1114 892
f 1112 1114 891
f 1116 1115 1113
f 1116 1113 1114
f 1117 1115 1116
f 1119 1118 894
f 1119 894 895
f 1103 897 1105
f 897 1118 1105
f 897 894 1118
f 897 1103 898
f 898 1103 1106
f 898 1106 883
f 1113 899 892
f 899 1113 900
f 900 1113 1115
f 1117 1120 1115
f 1120 900 1115
f 1120 901 900
f 901 1121 903
f 1120 1121 901
f 903 1122 905
f 1121 1122 903
f 1124 1123 906
f 905 1124 906
f 1122 1124 905
f 1125 1123 1124
f 1127 1126 908
f 1127 908 909
f 895 908 1119
f 1119 908 1126
f 1123 910 906
f 1125 1128 1123
f 1128 910 1123
f 1128 912 910
f 912 1129 914
f 1128 1129 912
f 1131 1130 915
f 914 1131 915
f 1129 1131 914
f 1132 1130 1131
f 1134 1133 917
f 1134 917 918
f 909 917 1127
f 1127 917 1133
f 1130 920 915
f 1132 1135 1130
f 1135 920 1130
f 1135 922 920
f 1137 1136 923
f 922 1137 923
f 1135 1137 922
f 1138 1136 1137
f 925 1134 918
f 925 1139 1134
f 1142 1141 1140
f 1144 1143 1140
f 1140 1143 1142
f 927 928 1144
f 928 1143 1144
f 928 1145 1143
f 1147 1146 929
f 1146 928 929
f 1146 1145 928
f 1149 1148 1147
f 1147 1148 1146
f 1151 1150 1149
f 1149 1150 1148
f 1153 1152 1151
f 1151 1152 1150
f 1155 1154 1153
f 1153 1154 1152
f 1157 1156 1155
f 1155 1156 1154
f 1159 1158 1157
f 1157 1158 1156
f 1161 1160 1159
f 1159 1160 1158
f 1163 1162 1161
f 1161 1162 1160
f 1165 1164 1163
f 1163 1164 1162
f 1167 1166 1165
f 1165 1166 1164
f 1169 1168 1167
f 1167 1168 1166
f 1171 1170 1169
f 1169 1170 1168
f 1171 1172 1170
f 1136 931 923
f 1174 1173 932
f 1174 932 931
f 1138 1174 931
f 1136 1138 931
f 1175 1173 1174
f 933 1177 1176
f 1139 933 1176
f 925 933 1139
f 1176 1177 1141
f 1141 1177 1140
f 1177 936 1140
f 936 934 1140
f 1140 934 937
f 1140 937 1144
f 1144 937 927
f 940 1147 929
f 1147 940 942
f 1147 942 1149
f 1149 942 944
f 1149 944 1151
f 1151 944 946
f 1151 946 1153
f 1153 946 948
f 1153 948 1155
f 1155 948 950
f 1155 950 1157
f 1157 950 952
f 1157 952 1159
f 1159 952 954
f 1159 954 1161
f 1161 954 956
f 1161 956 1163
f 1163 956 958
f 1163 958 1165
f 1165 958 960
f 1165 960 1167
f 1167 960 962
f 1167 962 1169
f 1169 962 964
f 1169 964 1171
f 1179 1178 966
f 966 1178 964
f 1178 1172 964
f 1172 1171 964
f 1181 1180 1179
f 1179 1180 1178
f 1181 1182 1180
f 1173 968 932
f 1175 1183 1173
f 1183 968 1173
f 1183 970 968
f 1185 1184 971
f 970 1185 971
f 1183 1185 970
f 1186 1184 1185
f 972 1177 933
f 1177 972 936
f 976 1179 966
f 1179 976 978
f 1179 978 1181
f 1188 1187 980
f 980 1187 978
f 1187 1182 978
f 1182 1181 978
f 1190 1189 1188
f 1188 1189 1187
f 1190 1191 1189
f 1192 982 1184
f 1184 982 971
f 1184 1186 1193
f 1184 1193 1192
f 984 1188 980
f 1188 984 986
f 1194 1188 986
f 1190 1188 1194
f 1191 1190 1195
f 1190 1196 1195
f 1190 1194 1196
f 1196 1197 1195
f 1192 988 982
f 1199 1198 989
f 1199 989 988
f 1193 1199 988
f 1192 1193 988
f 1200 1198 1199
f 991 1194 986
f 1194 991 993
f 1201 1194 993
f 1196 1194 1201
f 1197 1196 1202
f 1196 1203 1202
f 1196 1201 1203
f 1203 1204 1202
f 1198 995 989
f 1206 1205 996
f 1206 996 995
f 1200 1206 995
f 1198 1200 995
f 1207 1205 1206
f 998 1201 993
f 1201 998 1000
f 1208 1201 1000
f 1203 1201 1208
f 1204 1203 1209
f 1209 1203 1208
f 1210 1002 1205
f 1205 1002 996
f 1205 1207 1211
f 1205 1211 1210
f 1006 1212 1208
f 1006 1208 1000
f 1209 1208 1213
f 1213 1208 1212
f 1214 1008 1210
f 1210 1008 1002
f 1210 1211 1215
f 1210 1215 1214
f 1010 1216 1011
f 1212 1006 1011
f 1216 1212 1011
f 1217 1212 1216
f 1213 1212 1218
f 1218 1212 1217
f 1219 1013 1214
f 1214 1013 1008
f 1214 1215 1220
f 1214 1220 1219
f 1017 1221 1018
f 1216 1010 1018
f 1221 1216 1018
f 1222 1216 1221
f 1224 1217 1223
f 1217 1222 1223
f 1217 1216 1222
f 1217 1224 1218
f 1225 1021 1219
f 1219 1021 1013
f 1219 1220 1226
f 1219 1226 1225
f 1024 1227 1025
f 1228 1026 1025
f 1228 1025 1227
f 1228 1229 1026
f 1026 1229 1017
f 1229 1230 1017
f 1230 1221 1017
f 1221 1230 1222
f 1222 1230 1231
f 1222 1231 1223
f 1232 1029 1030
f 1233 1232 1030
f 1233 1030 1021
f 1234 1233 1021
f 1225 1234 1021
f 1234 1225 1226
f 1236 1235 1031
f 1236 1031 1032
f 1235 1238 1237
f 1033 1235 1237
f 1031 1235 1033
f 1237 1035 1033
f 1037 1239 1038
f 1038 1239 1240
f 1241 1038 1240
f 1039 1038 1241
f 1024 1039 1227
f 1039 1242 1227
f 1039 1241 1242
f 1227 1242 1228
f 1228 1242 1243
f 1228 1243 1229
f 1244 1042 1043
f 1245 1244 1043
f 1245 1043 1029
f 1246 1245 1029
f 1232 1246 1029
f 1246 1232 1233
f 1032 1044 1247
f 1248 1032 1247
f 1236 1032 1248
f 1238 1249 1237
f 1247 1044 1045
f 1237 1249 1035
f 1249 1046 1035
f 1249 1250 1046
f 1250 1252 1251
f 1047 1250 1251
f 1046 1250 1047
f 1251 1049 1047
f 1055 1253 1056
f 1056 1253 1254
f 1255 1056 1254
f 1057 1056 1255
f 1037 1057 1239
f 1057 1256 1239
f 1057 1255 1256
f 1239 1256 1240
f 1257 1059 1060
f 1061 1258 1060
f 1060 1258 1257
f 1258 1061 1259
f 1061 1260 1259
f 1061 1062 1260
f 1062 1042 1244
f 1261 1062 1244
f 1260 1062 1261
f 1261 1244 1245
f 1262 1248 1247
f 1247 1045 1262
f 1045 1263 1262
f 1045 1064 1263
f 1252 1264 1251
f 1251 1264 1049
f 1264 1065 1049
f 1264 1265 1065
f 1065 1266 1066
f 1265 1266 1065
f 1066 1267 1067
f 1266 1267 1066
f 1267 1269 1268
f 1068 1267 1268
f 1067 1267 1068
f 1270 1069 1068
f 1270 1068 1268
f 1271 1070 1069
f 1271 1069 1270
f 1070 1271 1272
f 1273 1070 1272
f 1071 1070 1273
f 1071 1274 1072
f 1273 1274 1071
f 1055 1072 1253
f 1072 1275 1253
f 1072 1274 1275
f 1253 1275 1254
f 1276 1074 1075
f 1276 1075 1277
f 1075 1278 1277
f 1075 1076 1278
f 1076 1059 1257
f 1279 1076 1257
f 1278 1076 1279
f 1279 1257 1258
f 1279 1258 1280
f 1280 1258 1259
f 1281 1263 1064
f 1281 1064 1077
f 1283 1281 1282
f 1281 1078 1282
f 1281 1077 1078
f 1079 1282 1078
f 1269 1284 1268
f 1268 1284 1270
f 1270 1284 1285
f 1270 1285 1271
f 1271 1285 1286
f 1271 1286 1272
f 1287 1081 1082
f 1083 1288 1082
f 1082 1288 1287
f 1288 1083 1289
f 1083 1290 1289
f 1083 1084 1290
f 1084 1074 1276
f 1291 1084 1276
f 1290 1084 1291
f 1291 1276 1277
f 1292 1283 1282
f 1292 1282 1079
f 1085 1292 1079
f 1293 1292 1085
f 1295 1293 1294
f 1293 1086 1294
f 1293 1085 1086
f 1088 1294 1086
f 1296 1094 1095
f 1296 1095 1297
f 1095 1298 1297
f 1095 1096 1298
f 1096 1081 1287
f 1299 1096 1287
f 1298 1096 1299
f 1299 1287 1288
f 1299 1288 1300
f 1300 1288 1289
f 1301 1295 1294
f 1301 1294 1088
f 1097 1301 1088
f 1302 1301 1097
f 1303 1097 1098
f 1303 1302 1097
f 1304 1098 1099
f 1304 1303 1098
f 1305 1099 1100
f 1305 1304 1099
f 1306 1100 1101
f 1306 1305 1100
f 1307 1101 1102
f 1307 1306 1101
f 1102 1094 1296
f 1308 1102 1296
f 1307 1102 1308
f 1308 1296 1297
f 1310 1309 1104
f 1310 1104 1105
f 1104 1311 1107
f 1309 1311 1104
f 1107 1312 1108
f 1311 1312 1107
f 1108 1313 1109
f 1312 1313 1108
f 1109 1314 1110
f 1313 1314 1109
f 1110 1315 1111
f 1314 1315 1110
f 1111 1316 1112
f 1315 1316 1111
f 1112 1317 1114
f 1316 1317 1112
f 1114 1318 1116
f 1317 1318 1114
f 1320 1319 1117
f 1116 1320 1117
f 1318 1320 1116
f 1322 1321 1319
f 1322 1319 1320
f 1323 1321 1322
f 1326 1325 1324
f 1118 1119 1324
f 1325 1118 1324
f 1327 1118 1325
f 1105 1118 1310
f 1310 1118 1327
f 1319 1120 1117
f 1120 1319 1121
f 1121 1319 1321
f 1323 1328 1321
f 1328 1121 1321
f 1328 1122 1121
f 1122 1329 1124
f 1328 1329 1122
f 1331 1330 1125
f 1124 1331 1125
f 1329 1331 1124
f 1332 1330 1331
f 1335 1334 1333
f 1333 1334 1326
f 1333 1326 1324
f 1127 1333 1324
f 1126 1127 1324
f 1126 1324 1119
f 1330 1128 1125
f 1332 1336 1330
f 1336 1128 1330
f 1336 1129 1128
f 1129 1337 1131
f 1336 1337 1129
f 1339 1338 1132
f 1131 1339 1132
f 1337 1339 1131
f 1340 1338 1339
f 1335 1333 1133
f 1134 1335 1133
f 1341 1335 1134
f 1133 1333 1127
f 1344 1343 1342
f 1342 1345 1344
f 1348 1347 1346
f 1350 1349 1346
f 1346 1349 1348
f 1352 1351 1350
f 1350 1351 1349
f 1354 1353 1352
f 1352 1353 1351
f 1354 1355 1353
f 1338 1135 1132
f 1340 1356 1338
f 1356 1135 1338
f 1356 1137 1135
f 1358 1357 1138
f 1137 1358 1138
f 1356 1358 1137
f 1359 1357 1358
f 1139 1361 1360
f 1341 1139 1360
f 1134 1139 1341
f 1141 1142 1361
f 1142 1360 1361
f 1142 1362 1360
f 1143 1342 1343
f 1362 1143 1343
f 1142 1143 1362
f 1363 1345 1342
f 1143 1363 1342
f 1145 1363 1143
f 1364 1145 1146
f 1364 1363 1145
f 1365 1146 1148
f 1365 1364 1146
f 1366 1148 1150
f 1366 1365 1148
f 1367 1150 1152
f 1367 1366 1150
f 1368 1152 1154
f 1368 1367 1152
f 1369 1154 1156
f 1369 1368 1154
f 1370 1156 1158
f 1370 1369 1156
f 1160 1346 1347
f 1370 1160 1347
f 1158 1160 1370
f 1346 1160 1162
f 1346 1162 1350
f 1350 1162 1164
f 1350 1164 1352
f 1352 1164 1166
f 1352 1166 1354
f 1371 1355 1354
f 1166 1371 1354
f 1168 1371 1166
f 1372 1168 1170
f 1372 1371 1168
f 1374 1373 1172
f 1373 1170 1172
f 1373 1372 1170
f 1376 1375 1374
f 1374 1375 1373
f 1376 1377 1375
f 1357 1174 1138
f 1379 1378 1175
f 1379 1175 1174
f 1359 1379 1174
f 1357 1359 1174
f 1380 1378 1379
f 1176 1361 1139
f 1361 1176 1141
f 1178 1374 1172
f 1374 1178 1180
f 1374 1180 1376
f 1382 1381 1182
f 1182 1381 1180
f 1381 1377 1180
f 1377 1376 1180
f 1382 1383 1381
f 1378 1183 1175
f 1380 1384 1378
f 1384 1183 1378
f 1384 1185 1183
f 1186 1185 1384
f 1186 1384 1385
f 1187 1382 1182
f 1386 1383 1382
f 1187 1386 1382
f 1189 1386 1187
f 1388 1387 1191
f 1387 1189 1191
f 1387 1386 1189
f 1388 1389 1387
f 1391 1193 1390
f 1193 1385 1390
f 1193 1186 1385
f 1392 1391 1390
f 1195 1388 1191
f 1394 1393 1197
f 1197 1393 1195
f 1393 1389 1195
f 1389 1388 1195
f 1394 1395 1393
f 1391 1199 1193
f 1397 1396 1200
f 1397 1200 1199
f 1392 1397 1199
f 1391 1392 1199
f 1398 1396 1397
f 1202 1394 1197
f 1400 1399 1204
f 1204 1399 1202
f 1399 1395 1202
f 1395 1394 1202
f 1400 1401 1399
f 1396 1206 1200
f 1403 1402 1207
f 1403 1207 1206
f 1398 1403 1206
f 1396 1398 1206
f 1404 1402 1403
f 1209 1405 1400
f 1209 1400 1204
f 1401 1400 1406
f 1406 1400 1405
f 1407 1211 1402
f 1402 1211 1207
f 1402 1404 1408
f 1402 1408 1407
f 1213 1409 1405
f 1213 1405 1209
f 1406 1405 1410
f 1405 1411 1410
f 1405 1409 1411
f 1411 1412 1410
f 1413 1215 1407
f 1407 1215 1211
f 1407 1408 1414
f 1407 1414 1413
f 1218 1415 1409
f 1218 1409 1213
f 1417 1411 1416
f 1411 1415 1416
f 1411 1409 1415
f 1411 1417 1412
f 1418 1220 1413
f 1413 1220 1215
f 1413 1414 1419
f 1413 1419 1418
f 1223 1420 1224
f 1415 1218 1224
f 1420 1415 1224
f 1421 1415 1420
f 1416 1415 1422
f 1422 1415 1421
f 1423 1226 1418
f 1418 1226 1220
f 1418 1419 1424
f 1418 1424 1423
f 1229 1425 1230
f 1230 1425 1426
f 1427 1230 1426
f 1231 1230 1427
f 1223 1231 1420
f 1231 1428 1420
f 1231 1427 1428
f 1420 1428 1421
f 1421 1428 1429
f 1421 1429 1422
f 1430 1233 1234
f 1226 1423 1234
f 1423 1430 1234
f 1423 1431 1430
f 1423 1424 1432
f 1423 1432 1431
f 1236 1433 1235
f 1433 1238 1235
f 1240 1434 1241
f 1435 1242 1241
f 1435 1241 1434
f 1242 1435 1436
f 1437 1242 1436
f 1243 1242 1437
f 1229 1243 1425
f 1243 1438 1425
f 1243 1437 1438
f 1425 1438 1426
f 1439 1245 1246
f 1233 1430 1246
f 1430 1439 1246
f 1430 1440 1439
f 1431 1442 1441
f 1440 1431 1441
f 1430 1431 1440
f 1442 1431 1432
f 1444 1443 1433
f 1236 1444 1433
f 1248 1444 1236
f 1433 1443 1238
f 1443 1249 1238
f 1443 1445 1249
f 1445 1447 1446
f 1250 1445 1446
f 1249 1445 1250
f 1446 1252 1250
f 1254 1448 1255
f 1255 1448 1449
f 1450 1255 1449
f 1256 1255 1450
f 1240 1256 1434
f 1256 1451 1434
f 1256 1450 1451
f 1434 1451 1435
f 1435 1451 1452
f 1435 1452 1436
f 1453 1259 1260
f 1453 1260 1454
f 1260 1455 1454
f 1260 1261 1455
f 1261 1245 1439
f 1456 1261 1439
f 1455 1261 1456
f 1456 1439 1440
f 1456 1440 1457
f 1457 1440 1441
f 1458 1444 1248
f 1458 1248 1262
f 1262 1263 1458
f 1458 1263 1459
f 1447 1460 1446
f 1446 1460 1252
f 1460 1264 1252
f 1460 1461 1264
f 1264 1462 1265
f 1461 1462 1264
f 1462 1464 1463
f 1266 1462 1463
f 1265 1462 1266
f 1465 1267 1266
f 1465 1266 1463
f 1465 1269 1267
f 1272 1466 1273
f 1467 1274 1273
f 1467 1273 1466
f 1274 1467 1468
f 1469 1274 1468
f 1275 1274 1469
f 1254 1275 1448
f 1275 1470 1448
f 1275 1469 1470
f 1448 1470 1449
f 1471 1277 1278
f 1279 1472 1278
f 1278 1472 1471
f 1472 1279 1473
f 1279 1474 1473
f 1279 1280 1474
f 1280 1259 1453
f 1475 1280 1453
f 1474 1280 1475
f 1475 1453 1454
f 1476 1459 1263
f 1476 1263 1281
f 1281 1283 1476
f 1476 1283 1477
f 1464 1478 1463
f 1463 1478 1465
f 1465 1478 1479
f 1465 1479 1269
f 1479 1284 1269
f 1479 1480 1284
f 1284 1481 1285
f 1480 1481 1284
f 1285 1482 1286
f 1481 1482 1285
f 1272 1286 1466
f 1286 1483 1466
f 1286 1482 1483
f 1466 1483 1467
f 1467 1483 1484
f 1467 1484 1468
f 1485 1289 1290
f 1485 1290 1486
f 1290 1487 1486
f 1290 1291 1487
f 1291 1277 1471
f 1488 1291 1471
f 1487 1291 1488
f 1488 1471 1472
f 1488 1472 1489
f 1489 1472 1473
f 1490 1477 1283
f 1490 1283 1292
f 1492 1490 1491
f 1490 1293 1491
f 1490 1292 1293
f 1295 1491 1293
f 1493 1297 1298
f 1493 1298 1494
f 1298 1495 1494
f 1298 1299 1495
f 1496 1299 1300
f 1496 1495 1299
f 1300 1289 1485
f 1497 1300 1485
f 1496 1300 1497
f 1497 1485 1486
f 1498 1492 1491
f 1498 1491 1295
f 1301 1498 1295
f 1499 1498 1301
f 1500 1301 1302
f 1500 1499 1301
f 1501 1302 1303
f 1501 1500 1302
f 1502 1303 1304
f 1502 1501 1303
f 1503 1304 1305
f 1503 1502 1304
f 1504 1305 1306
f 1504 1503 1305
f 1505 1306 1307
f 1505 1504 1306
f 1506 1307 1308
f 1506 1505 1307
f 1308 1297 1493
f 1507 1308 1493
f 1506 1308 1507
f 1507 1493 1494
f 1510 1509 1508
f 1309 1310 1508
f 1509 1309 1508
f 1511 1309 1509
f 1309 1512 1311
f 1511 1512 1309
f 1311 1513 1312
f 1512 1513 1311
f 1312 1514 1313
f 1513 1514 1312
f 1313 1515 1314
f 1514 1515 1313
f 1314 1516 1315
f 1515 1516 1314
f 1315 1517 1316
f 1516 1517 1315
f 1316 1518 1317
f 1517 1518 1316
f 1317 1519 1318
f 1518 1519 1317
f 1318 1520 1320
f 1519 1520 1318
f 1320 1521 1322
f 1520 1521 1320
f 1323 1322 1521
f 1323 1521 1522
f 1524 1523 1325
f 1524 1325 1326
f 1508 1327 1510
f 1327 1523 1510
f 1327 1325 1523
f 1327 1508 1310
f 1522 1525 1323
f 1323 1525 1328
f 1328 1526 1329
f 1525 1526 1328
f 1329 1527 1331
f 1526 1527 1329
f 1529 1528 1332
f 1331 1529 1332
f 1527 1529 1331
f 1530 1528 1529
f 1532 1531 1334
f 1532 1334 1335
f 1326 1334 1524
f 1524 1334 1531
f 1528 1336 1332
f 1530 1533 1528
f 1533 1336 1528
f 1533 1337 1336
f 1337 1534 1339
f 1533 1534 1337
f 1340 1339 1534
f 1340 1534 1535
f 1341 1532 1335
f 1341 1536 1532
f 1539 1538 1537
f 1343 1344 1537
f 1344 1539 1537
f 1344 1540 1539
f 1542 1541 1345
f 1541 1344 1345
f 1541 1540 1344
f 1542 1543 1541
f 1546 1545 1544
f 1548 1547 1544
f 1544 1547 1546
f 1550 1549 1548
f 1548 1549 1547
f 1552 1551 1550
f 1550 1551 1549
f 1347 1348 1552
f 1348 1551 1552
f 1348 1553 1551
f 1554 1348 1349
f 1554 1553 1348
f 1555 1349 1351
f 1555 1554 1349
f 1556 1351 1353
f 1556 1555 1351
f 1558 1557 1355
f 1557 1353 1355
f 1557 1556 1353
f 1558 1559 1557
f 1535 1560 1340
f 1340 1560 1356
f 1356 1561 1358
f 1560 1561 1356
f 1359 1358 1561
f 1359 1561 1562
f 1563 1536 1341
f 1563 1341 1360
f 1362 1537 1538
f 1563 1362 1538
f 1360 1362 1563
f 1537 1362 1343
f 1363 1542 1345
f 1564 1543 1542
f 1363 1564 1542
f 1364 1564 1363
f 1565 1364 1365
f 1565 1564 1364
f 1566 1365 1366
f 1566 1565 1365
f 1367 1544 1545
f 1566 1367 1545
f 1366 1367 1566
f 1544 1367 1368
f 1544 1368 1548
f 1548 1368 1369
f 1548 1369 1550
f 1550 1369 1370
f 1550 1370 1552
f 1552 1370 1347
f 1371 1558 1355
f 1567 1559 1558
f 1371 1567 1558
f 1372 1567 1371
f 1568 1372 1373
f 1568 1567 1372
f 1569 1373 1375
f 1569 1568 1373
f 1375 1377 1569
f 1569 1377 1570
f 1562 1571 1359
f 1359 1571 1379
f 1573 1572 1380
f 1379 1573 1380
f 1571 1573 1379
f 1574 1572 1573
f 1575 1570 1377
f 1575 1377 1381
f 1577 1576 1383
f 1576 1381 1383
f 1576 1575 1381
f 1577 1578 1576
f 1572 1384 1380
f 1580 1579 1385
f 1580 1385 1384
f 1574 1580 1384
f 1572 1574 1384
f 1581 1579 1580
f 1386 1577 1383
f 1582 1578 1577
f 1386 1582 1577
f 1387 1582 1386
f 1584 1583 1389
f 1583 1387 1389
f 1583 1582 1387
f 1584 1585 1583
f 1579 1390 1385
f 1587 1586 1392
f 1587 1392 1390
f 1581 1587 1390
f 1579 1581 1390
f 1588 1586 1587
f 1393 1584 1389
f 1590 1589 1395
f 1395 1589 1393
f 1589 1585 1393
f 1585 1584 1393
f 1590 1591 1589
f 1586 1397 1392
f 1398 1397 1586
f 1588 1398 1586
f 1592 1398 1588
f 1399 1590 1395
f 1594 1593 1401
f 1401 1593 1399
f 1593 1591 1399
f 1591 1590 1399
f 1594 1595 1593
f 1592 1596 1398
f 1398 1596 1403
f 1404 1403 1596
f 1404 1596 1597
f 1406 1598 1594
f 1406 1594 1401
f 1595 1594 1599
f 1599 1594 1598
f 1601 1408 1600
f 1408 1597 1600
f 1408 1404 1597
f 1602 1601 1600
f 1410 1598 1406
f 1410 1412 1598
f 1412 1599 1598
f 1412 1603 1599
f 1604 1414 1601
f 1601 1414 1408
f 1601 1602 1605
f 1601 1605 1604
f 1416 1606 1417
f 1606 1607 1417
f 1607 1412 1417
f 1607 1603 1412
f 1608 1419 1604
f 1604 1419 1414
f 1604 1605 1609
f 1604 1609 1608
f 1422 1610 1606
f 1422 1606 1416
f 1607 1606 1611
f 1611 1606 1610
f 1612 1424 1608
f 1608 1424 1419
f 1608 1609 1613
f 1608 1613 1612
f 1426 1614 1427
f 1615 1428 1427
f 1615 1427 1614
f 1428 1615 1616
f 1617 1428 1616
f 1429 1428 1617
f 1422 1429 1610
f 1429 1618 1610
f 1429 1617 1618
f 1610 1618 1611
f 1620 1619 1612
f 1619 1424 1612
f 1619 1432 1424
f 1620 1612 1613
f 1436 1621 1437
f 1437 1621 1622
f 1623 1437 1622
f 1438 1437 1623
f 1426 1438 1614
f 1438 1624 1614
f 1438 1623 1624
f 1614 1624 1615
f 1615 1624 1625
f 1615 1625 1616
f 1626 1441 1442
f 1627 1626 1442
f 1432 1627 1442
f 1619 1627 1432
f 1629 1628 1443
f 1629 1443 1444
f 1628 1631 1630
f 1445 1628 1630
f 1443 1628 1445
f 1630 1447 1445
f 1449 1632 1450
f 1450 1632 1633
f 1634 1450 1633
f 1451 1450 1634
f 1451 1635 1452
f 1634 1635 1451
f 1436 1452 1621
f 1452 1636 1621
f 1452 1635 1636
f 1621 1636 1622
f 1637 1454 1455
f 1456 1638 1455
f 1455 1638 1637
f 1638 1456 1639
f 1456 1640 1639
f 1456 1457 1640
f 1457 1441 1626
f 1641 1457 1626
f 1640 1457 1641
f 1641 1626 1627
f 1444 1458 1642
f 1643 1444 1642
f 1629 1444 1643
f 1631 1644 1630
f 1642 1458 1459
f 1630 1644 1447
f 1644 1460 1447
f 1644 1645 1460
f 1460 1646 1461
f 1645 1646 1460
f 1461 1647 1462
f 1646 1647 1461
f 1464 1462 1647
f 1464 1647 1648
f 1650 1649 1469
f 1650 1469 1468
f 1469 1651 1470
f 1649 1651 1469
f 1449 1470 1632
f 1470 1652 1632
f 1470 1651 1652
f 1632 1652 1633
f 1653 1473 1474
f 1653 1474 1654
f 1474 1655 1654
f 1474 1475 1655
f 1475 1454 1637
f 1656 1475 1637
f 1655 1475 1656
f 1656 1637 1638
f 1656 1638 1657
f 1657 1638 1639
f 1658 1643 1642
f 1660 1658 1659
f 1659 1658 1476
f 1658 1642 1476
f 1642 1459 1476
f 1477 1659 1476
f 1648 1661 1464
f 1464 1661 1478
f 1478 1662 1479
f 1661 1662 1478
f 1479 1663 1480
f 1662 1663 1479
f 1480 1664 1481
f 1663 1664 1480
f 1481 1665 1482
f 1664 1665 1481
f 1482 1666 1483
f 1665 1666 1482
f 1483 1667 1484
f 1666 1667 1483
f 1468 1484 1650
f 1650 1484 1667
f 1668 1486 1487
f 1668 1487 1669
f 1487 1670 1669
f 1487 1488 1670
f 1671 1488 1489
f 1671 1670 1488
f 1489 1473 1653
f 1672 1489 1653
f 1671 1489 1672
f 1672 1653 1654
f 1673 1660 1659
f 1673 1659 1477
f 1490 1673 1477
f 1674 1673 1490
f 1490 1492 1674
f 1674 1492 1675
f 1676 1494 1495
f 1676 1495 1677
f 1495 1678 1677
f 1495 1496 1678
f 1679 1496 1497
f 1679 1678 1496
f 1497 1486 1668
f 1680 1497 1668
f 1679 1497 1680
f 1680 1668 1669
f 1681 1675 1492
f 1681 1492 1498
f 1682 1498 1499
f 1682 1681 1498
f 1683 1499 1500
f 1683 1682 1499
f 1685 1683 1684
f 1683 1501 1684
f 1683 1500 1501
f 1502 1686 1501
f 1501 1686 1684
f 1503 1687 1502
f 1502 1687 1686
f 1504 1688 1503
f 1503 1688 1687
f 1688 1504 1689
f 1504 1690 1689
f 1504 1505 1690
f 1691 1505 1506
f 1691 1690 1505
f 1692 1506 1507
f 1692 1691 1506
f 1507 1494 1676
f 1693 1507 1676
f 1692 1507 1693
f 1693 1676 1677
f 1694 1685 1684
f 1694 1684 1686
f 1694 1686 1695
f 1695 1686 1687
f 1695 1687 1696
f 1696 1687 1688
f 1696 1688 1697
f 1697 1688 1689
f 1700 1699 1698
f 1702 1701 1698
f 1702 1698 1699
f 1703 1701 1702
f 1705 1704 1509
f 1705 1509 1510
f 1509 1706 1511
f 1704 1706 1509
f 1511 1707 1512
f 1706 1707 1511
f 1512 1708 1513
f 1707 1708 1512
f 1698 1514 1700
f 1514 1708 1700
f 1514 1513 1708
f 1514 1698 1515
f 1515 1698 1701
f 1703 1709 1701
f 1709 1515 1701
f 1709 1516 1515
f 1516 1710 1517
f 1709 1710 1516
f 1517 1711 1518
f 1710 1711 1517
f 1518 1712 1519
f 1711 1712 1518
f 1519 1713 1520
f 1712 1713 1519
f 1520 1714 1521
f 1713 1714 1520
f 1716 1715 1522
f 1521 1716 1522
f 1714 1716 1521
f 1717 1715 1716
f 1719 1718 1523
f 1719 1523 1524
f 1510 1523 1705
f 1705 1523 1718
f 1715 1525 1522
f 1717 1720 1715
f 1720 1525 1715
f 1720 1526 1525
f 1526 1721 1527
f 1720 1721 1526
f 1527 1722 1529
f 1721 1722 1527
f 1530 1529 1722
f 1530 1722 1723
f 1725 1724 1531
f 1725 1531 1532
f 1524 1531 1719
f 1719 1531 1724
f 1723 1726 1530
f 1530 1726 1533
f 1533 1727 1534
f 1726 1727 1533
f 1729 1728 1535
f 1534 1729 1535
f 1727 1729 1534
f 1730 1728 1729
f 1536 1725 1532
f 1536 1731 1725
f 1733 1732 1539
f 1539 1732 1538
f 1734 1539 1540
f 1734 1733 1539
f 1735 1540 1541
f 1735 1734 1540
f 1737 1736 1543
f 1736 1541 1543
f 1736 1735 1541
f 1739 1738 1737
f 1737 1738 1736
f 1741 1740 1739
f 1739 1740 1738
f 1545 1546 1741
f 1546 1740 1741
f 1546 1742 1740
f 1743 1546 1547
f 1743 1742 1546
f 1744 1547 1549
f 1744 1743 1547
f 1745 1549 1551
f 1745 1744 1549
f 1746 1551 1553
f 1746 1745 1551
f 1747 1553 1554
f 1747 1746 1553
f 1748 1554 1555
f 1748 1747 1554
f 1749 1555 1556
f 1749 1748 1555
f 1750 1556 1557
f 1750 1749 1556
f 1752 1751 1559
f 1751 1557 1559
f 1751 1750 1557
f 1752 1753 1751
f 1728 1560 1535
f 1730 1754 1728
f 1754 1560 1728
f 1754 1561 1560
f 1562 1561 1754
f 1562 1754 1755
f 1756 1731 1536
f 1756 1536 1563
f 1563 1538 1732
f 1563 1732 1756
f 1564 1737 1543
f 1737 1564 1565
f 1737 1565 1739
f 1739 1565 1566
f 1739 1566 1741
f 1741 1566 1545
f 1567 1752 1559
f 1757 1753 1752
f 1567 1757 1752
f 1568 1757 1567
f 1758 1568 1569
f 1758 1757 1568
f 1760 1759 1570
f 1759 1569 1570
f 1759 1758 1569
f 1760 1761 1759
f 1755 1762 1562
f 1562 1762 1571
f 1571 1763 1573
f 1762 1763 1571
f 1574 1573 1763
f 1574 1763 1764
f 1575 1760 1570
f 1765 1761 1760
f 1575 1765 1760
f 1576 1765 1575
f 1767 1766 1578
f 1766 1576 1578
f 1766 1765 1576
f 1767 1768 1766
f 1764 1769 1574
f 1574 1769 1580
f 1581 1580 1769
f 1581 1769 1770
f 1582 1767 1578
f 1771 1768 1767
f 1582 1771 1767
f 1583 1771 1582
f 1583 1585 1771
f 1771 1585 1772
f 1770 1773 1581
f 1581 1773 1587
f 1588 1587 1773
f 1588 1773 1774
f 1775 1772 1585
f 1775 1585 1589
f 1589 1591 1775
f 1775 1591 1776
f 1778 1592 1777
f 1592 1774 1777
f 1592 1588 1774
f 1779 1778 1777
f 1780 1776 1591
f 1780 1591 1593
f 1593 1595 1780
f 1780 1595 1781
f 1778 1596 1592
f 1597 1596 1778
f 1779 1597 1778
f 1782 1597 1779
f 1599 1784 1783
f 1781 1599 1783
f 1595 1599 1781
f 1784 1785 1783
f 1782 1786 1597
f 1597 1786 1600
f 1602 1600 1786
f 1602 1786 1787
f 1603 1788 1784
f 1603 1784 1599
f 1785 1784 1789
f 1789 1784 1788
f 1787 1605 1602
f 1790 1605 1787
f 1607 1791 1788
f 1607 1788 1603
f 1789 1788 1792
f 1792 1788 1791
f 1790 1609 1605
f 1793 1609 1790
f 1795 1794 1791
f 1607 1795 1791
f 1611 1795 1607
f 1791 1794 1792
f 1793 1613 1609
f 1796 1613 1793
f 1616 1797 1617
f 1617 1797 1798
f 1799 1617 1798
f 1618 1617 1799
f 1611 1618 1795
f 1795 1618 1799
f 1800 1619 1620
f 1801 1800 1620
f 1613 1801 1620
f 1796 1801 1613
f 1622 1802 1623
f 1623 1802 1803
f 1804 1623 1803
f 1624 1623 1804
f 1624 1805 1625
f 1804 1805 1624
f 1616 1625 1797
f 1625 1806 1797
f 1625 1805 1806
f 1797 1806 1798
f 1808 1807 1800
f 1807 1619 1800
f 1807 1627 1619
f 1808 1800 1801
f 1810 1809 1628
f 1810 1628 1629
f 1631 1628 1809
f 1631 1809 1811
f 1633 1812 1634
f 1634 1812 1813
f 1814 1634 1813
f 1635 1634 1814
f 1635 1815 1636
f 1814 1815 1635
f 1622 1636 1802
f 1636 1816 1802
f 1636 1815 1816
f 1802 1816 1803
f 1817 1639 1640
f 1817 1640 1818
f 1640 1819 1818
f 1640 1641 1819
f 1641 1627 1807
f 1641 1807 1819
f 1643 1810 1629
f 1643 1820 1810
f 1811 1821 1631
f 1631 1821 1644
f 1644 1822 1645
f 1821 1822 1644
f 1645 1823 1646
f 1822 1823 1645
f 1646 1824 1647
f 1823 1824 1646
f 1648 1647 1824
f 1648 1824 1825
f 1650 1826 1649
f 1649 1826 1827
f 1828 1649 1827
f 1651 1649 1828
f 1651 1829 1652
f 1828 1829 1651
f 1633 1652 1812
f 1652 1830 1812
f 1652 1829 1830
f 1812 1830 1813
f 1831 1654 1655
f 1831 1655 1832
f 1655 1833 1832
f 1655 1656 1833
f 1834 1656 1657
f 1834 1833 1656
f 1657 1639 1817
f 1835 1657 1817
f 1834 1657 1835
f 1835 1817 1818
f 1836 1820 1643
f 1836 1643 1658
f 1658 1660 1836
f 1836 1660 1837
f 1825 1838 1648
f 1648 1838 1661
f 1661 1839 1662
f 1838 1839 1661
f 1662 1840 1663
f 1839 1840 1662
f 1663 1841 1664
f 1840 1841 1663
f 1664 1842 1665
f 1841 1842 1664
f 1665 1843 1666
f 1842 1843 1665
f 1666 1844 1667
f 1843 1844 1666
f 1650 1667 1826
f 1667 1845 1826
f 1667 1844 1845
f 1826 1845 1827
f 1846 1669 1670
f 1846 1670 1847
f 1670 1848 1847
f 1670 1671 1848
f 1849 1671 1672
f 1849 1848 1671
f 1672 1654 1831
f 1850 1672 1831
f 1849 1672 1850
f 1850 1831 1832
f 1851 1837 1660
f 1851 1660 1673
f 1853 1851 1852
f 1851 1674 1852
f 1851 1673 1674
f 1675 1852 1674
f 1854 1677 1678
f 1854 1678 1855
f 1678 1856 1855
f 1678 1679 1856
f 1857 1679 1680
f 1857 1856 1679
f 1680 1669 1846
f 1858 1680 1846
f 1857 1680 1858
f 1858 1846 1847
f 1859 1853 1852
f 1859 1852 1675
f 1681 1859 1675
f 1860 1859 1681
f 1861 1681 1682
f 1861 1860 1681
f 1863 1861 1862
f 1861 1683 1862
f 1861 1682 1683
f 1685 1862 1683
f 1864 1689 1690
f 1864 1690 1865
f 1690 1866 1865
f 1690 1691 1866
f 1867 1691 1692
f 1867 1866 1691
f 1868 1692 1693
f 1868 1867 1692
f 1693 1677 1854
f 1869 1693 1854
f 1868 1693 1869
f 1869 1854 1855
f 1870 1863 1862
f 1870 1862 1685
f 1694 1870 1685
f 1871 1870 1694
f 1872 1694 1695
f 1872 1871 1694
f 1873 1695 1696
f 1873 1872 1695
f 1874 1696 1697
f 1874 1873 1696
f 1697 1689 1864
f 1875 1697 1864
f 1874 1697 1875
f 1875 1864 1865
f 1877 1876 1699
f 1877 1699 1700
f 1699 1878 1702
f 1876 1878 1699
f 1703 1702 1878
f 1703 1878 1879
f 1881 1880 1704
f 1881 1704 1705
f 1704 1882 1706
f 1880 1882 1704
f 1706 1883 1707
f 1882 1883 1706
f 1707 1884 1708
f 1883 1884 1707
f 1700 1708 1877
f 1877 1708 1884
f 1879 1885 1703
f 1703 1885 1709
f 1709 1886 1710
f 1885 1886 1709
f 1710 1887 1711
f 1886 1887 1710
f 1711 1888 1712
f 1887 1888 1711
f 1712 1889 1713
f 1888 1889 1712
f 1713 1890 1714
f 1889 1890 1713
f 1714 1891 1716
f 1890 1891 1714
f 1717 1716 1891
f 1717 1891 1892
f 1894 1893 1718
f 1894 1718 1719
f 1705 1718 1881
f 1881 1718 1893
f 1892 1895 1717
f 1717 1895 1720
f 1720 1896 1721
f 1895 1896 1720
f 1721 1897 1722
f 1896 1897 1721
f 1899 1898 1723
f 1722 1899 1723
f 1897 1899 1722
f 1900 1898 1899
f 1902 1901 1724
f 1902 1724 1725
f 1719 1724 1894
f 1894 1724 1901
f 1898 1726 1723
f 1900 1903 1898
f 1903 1726 1898
f 1903 1727 1726
f 1727 1904 1729
f 1903 1904 1727
f 1730 1729 1904
f 1730 1904 1905
f 1731 1902 1725
f 1731 1906 1902
f 1908 1907 1733
f 1733 1907 1732
f 1909 1733 1734
f 1909 1908 1733
f 1910 1734 1735
f 1910 1909 1734
f 1911 1735 1736
f 1911 1910 1735
f 1912 1736 1738
f 1912 1911 1736
f 1913 1738 1740
f 1913 1912 1738
f 1914 1740 1742
f 1914 1913 1740
f 1915 1742 1743
f 1915 1914 1742
f 1916 1743 1744
f 1916 1915 1743
f 1917 1744 1745
f 1917 1916 1744
f 1918 1745 1746
f 1918 1917 1745
f 1919 1746 1747
f 1919 1918 1746
f 1920 1747 1748
f 1920 1919 1747
f 1921 1748 1749
f 1921 1920 1748
f 1922 1749 1750
f 1922 1921 1749
f 1923 1750 1751
f 1923 1922 1750
f 1751 1753 1923
f 1923 1753 1924
f 1905 1925 1730
f 1730 1925 1754
f 1927 1926 1755
f 1754 1927 1755
f 1925 1927 1754
f 1928 1926 1927
f 1929 1906 1731
f 1929 1731 1756
f 1756 1732 1907
f 1756 1907 1929
f 1930 1924 1753
f 1930 1753 1757
f 1931 1757 1758
f 1931 1930 1757
f 1932 1758 1759
f 1932 1931 1758
f 1759 1761 1932
f 1932 1761 1933
f 1926 1762 1755
f 1928 1934 1926
f 1934 1762 1926
f 1934 1763 1762
f 1764 1763 1934
f 1764 1934 1935
f 1936 1933 1761
f 1936 1761 1765
f 1937 1765 1766
f 1937 1936 1765
f 1766 1768 1937
f 1937 1768 1938
f 1935 1939 1764
f 1764 1939 1769
f 1770 1769 1939
f 1770 1939 1940
f 1941 1938 1768
f 1941 1768 1771
f 1771 1772 1941
f 1941 1772 1942
f 1940 1943 1770
f 1770 1943 1773
f 1774 1773 1943
f 1774 1943 1944
f 1945 1942 1772
f 1945 1772 1775
f 1775 1776 1945
f 1945 1776 1946
f 1944 1947 1774
f 1774 1947 1777
f 1779 1777 1947
f 1779 1947 1948
f 1949 1946 1776
f 1949 1776 1780
f 1780 1781 1949
f 1949 1781 1950
f 1952 1782 1951
f 1782 1948 1951
f 1782 1779 1948
f 1953 1952 1951
f 1954 1950 1781
f 1954 1781 1783
f 1783 1785 1954
f 1954 1785 1955
f 1952 1786 1782
f 1787 1786 1952
f 1953 1787 1952
f 1956 1787 1953
f 1789 1955 1785
f 1789 1957 1955
f 1959 1790 1958
f 1790 1956 1958
f 1790 1787 1956
f 1960 1959 1958
f 1792 1957 1789
f 1792 1961 1957
f 1962 1793 1959
f 1959 1793 1790
f 1959 1960 1963
f 1959 1963 1962
f 1795 1964 1794
f 1964 1965 1794
f 1965 1792 1794
f 1965 1961 1792
f 1967 1966 1962
f 1966 1793 1962
f 1966 1796 1793
f 1967 1962 1963
f 1969 1968 1799
f 1969 1799 1798
f 1795 1799 1964
f 1799 1970 1964
f 1799 1968 1970
f 1964 1970 1965
f 1966 1801 1796
f 1971 1801 1966
f 1803 1972 1804
f 1804 1972 1973
f 1974 1804 1973
f 1805 1804 1974
f 1805 1975 1806
f 1974 1975 1805
f 1798 1806 1969
f 1969 1806 1975
f 1977 1976 1808
f 1808 1976 1807
f 1808 1801 1971
f 1808 1971 1977
f 1979 1978 1809
f 1979 1809 1810
f 1811 1809 1978
f 1811 1978 1980
f 1982 1981 1814
f 1982 1814 1813
f 1814 1983 1815
f 1981 1983 1814
f 1815 1984 1816
f 1983 1984 1815
f 1803 1816 1972
f 1816 1985 1972
f 1816 1984 1985
f 1972 1985 1973
f 1987 1986 1819
f 1819 1986 1818
f 1819 1807 1976
f 1819 1976 1987
f 1820 1979 1810
f 1820 1988 1979
f 1980 1989 1811
f 1811 1989 1821
f 1821 1990 1822
f 1989 1990 1821
f 1822 1991 1823
f 1990 1991 1822
f 1823 1992 1824
f 1991 1992 1823
f 1994 1993 1825
f 1824 1994 1825
f 1992 1994 1824
f 1995 1993 1994
f 1997 1996 1828
f 1997 1828 1827
f 1828 1998 1829
f 1996 1998 1828
f 1829 1999 1830
f 1998 1999 1829
f 1813 1830 1982
f 1982 1830 1999
f 2000 1832 1833
f 2000 1833 2001
f 1833 2002 2001
f 1833 1834 2002
f 2003 1834 1835
f 2003 2002 1834
f 1835 1818 1986
f 1835 1986 2003
f 2004 1988 1820
f 2004 1820 1836
f 1836 1837 2004
f 2004 1837 2005
f 1993 1838 1825
f 1995 2006 1993
f 2006 1838 1993
f 2006 1839 1838
f 1839 2007 1840
f 2006 2007 1839
f 1840 2008 1841
f 2007 2008 1840
f 1841 2009 1842
f 2008 2009 1841
f 1842 2010 1843
f 2009 2010 1842
f 1843 2011 1844
f 2010 2011 1843
f 1844 2012 1845
f 2011 2012 1844
f 1827 1845 1997
f 1997 1845 2012
f 2014 2013 1848
f 1848 2013 1847
f 2015 1848 1849
f 2015 2014 1848
f 2016 1849 1850
f 2016 2015 1849
f 1850 1832 2000
f 2017 1850 2000
f 2016 1850 2017
f 2017 2000 2001
f 2018 2005 1837
f 2018 1837 1851
f 1851 1853 2018
f 2018 1853 2019
f 2021 2020 1856
f 1856 2020 1855
f 2022 1856 1857
f 2022 2021 1856
f 2023 1857 1858
f 2023 2022 1857
f 1858 1847 2013
f 1858 2013 2023
f 2024 2019 1853
f 2024 1853 1859
f 2025 1859 1860
f 2025 2024 1859
f 2026 1860 1861
f 2026 2025 1860
f 1861 1863 2026
f 2026 1863 2027
f 2028 1865 1866
f 2028 1866 2029
f 1866 2030 2029
f 1866 1867 2030
f 2031 1867 1868
f 2031 2030 1867
f 2032 1868 1869
f 2032 2031 1868
f 1869 1855 2020
f 1869 2020 2032
f 2033 2027 1863
f 2033 1863 1870
f 2034 1870 1871
f 2034 2033 1870
f 2035 1871 1872
f 2035 2034 1871
f 2036 1872 1873
f 2036 2035 1872
f 2037 1873 1874
f 2037 2036 1873
f 2038 1874 1875
f 2038 2037 1874
f 1875 1865 2028
f 2039 1875 2028
f 2038 1875 2039
f 2039 2028 2029
f 1877 2040 1876
f 2041 1878 1876
f 2041 1876 2040
f 2041 1879 1878
f 2043 2042 1880
f 2043 1880 1881
f 1880 2044 1882
f 2042 2044 1880
f 1882 2045 1883
f 2044 2045 1882
f 1883 2046 1884
f 2045 2046 1883
f 1877 1884 2040
f 1884 2047 2040
f 1884 2046 2047
f 2040 2047 2041
f 2041 2047 2048
f 2041 2048 1879
f 2048 1885 1879
f 2048 2049 1885
f 1885 2050 1886
f 2049 2050 1885
f 1886 2051 1887
f 2050 2051 1886
f 1887 2052 1888
f 2051 2052 1887
f 1888 2053 1889
f 2052 2053 1888
f 1889 2054 1890
f 2053 2054 1889
f 1890 2055 1891
f 2054 2055 1890
f 1892 1891 2055
f 1892 2055 2056
f 2058 2057 1893
f 2058 1893 1894
f 1881 1893 2043
f 2043 1893 2057
f 2056 2059 1892
f 1892 2059 1895
f 1895 2060 1896
f 2059 2060 1895
f 1896 2061 1897
f 2060 2061 1896
f 2061 2063 2062
f 1899 2061 2062
f 1897 2061 1899
f 2062 1900 1899
f 1902 2064 1901
f 2064 2065 1901
f 2065 1894 1901
f 2065 2058 1894
f 2063 2066 2062
f 2062 2066 1900
f 2066 1903 1900
f 2066 2067 1903
f 1903 2068 1904
f 2067 2068 1903
f 1905 1904 2068
f 1905 2068 2069
f 2071 2070 2064
f 1902 2071 2064
f 1906 2071 1902
f 2070 2065 2064
f 1908 2072 1907
f 2072 1908 2073
f 2074 1908 1909
f 2074 2073 1908
f 2075 1909 1910
f 2075 2074 1909
f 2076 1910 1911
f 2076 2075 1910
f 2077 1911 1912
f 2077 2076 1911
f 2078 1912 1913
f 2078 2077 1912
f 2079 1913 1914
f 2079 2078 1913
f 2080 1914 1915
f 2080 2079 1914
f 2081 1915 1916
f 2081 2080 1915
f 2082 1916 1917
f 2082 2081 1916
f 2083 1917 1918
f 2083 2082 1917
f 2084 1918 1919
f 2084 2083 1918
f 2085 1919 1920
f 2085 2084 1919
f 2086 1920 1921
f 2086 2085 1920
f 2087 1921 1922
f 2087 2086 1921
f 2088 1922 1923
f 2088 2087 1922
f 2090 2089 1924
f 2089 1923 1924
f 2089 2088 1923
f 2090 2091 2089
f 2069 2092 1905
f 1905 2092 1925
f 2092 2094 2093
f 1927 2092 2093
f 1925 2092 1927
f 2093 1928 1927
f 2095 2071 1906
f 2095 1906 1929
f 1929 1907 2072
f 1929 2072 2095
f 1930 2090 1924
f 2096 2091 2090
f 1930 2096 2090
f 1931 2096 1930
f 2097 1931 1932
f 2097 2096 1931
f 2099 2098 1933
f 2098 1932 1933
f 2098 2097 1932
f 2099 2100 2098
f 2094 2101 2093
f 2093 2101 1928
f 2101 1934 1928
f 2101 2102 1934
f 1935 1934 2102
f 1935 2102 2103
f 1936 2099 1933
f 2104 2100 2099
f 1936 2104 2099
f 1937 2104 1936
f 1937 1938 2104
f 2104 1938 2105
f 2103 2106 1935
f 1935 2106 1939
f 1940 1939 2106
f 1940 2106 2107
f 2108 2105 1938
f 2108 1938 1941
f 1941 1942 2108
f 2108 1942 2109
f 2107 2110 1940
f 1940 2110 1943
f 1944 1943 2110
f 1944 2110 2111
f 2112 2109 1942
f 2112 1942 1945
f 1945 1946 2112
f 2112 1946 2113
f 2111 2114 1944
f 1944 2114 1947
f 1948 1947 2114
f 1948 2114 2115
f 2116 2113 1946
f 2116 1946 1949
f 1949 1950 2116
f 2116 1950 2117
f 2115 2118 1948
f 1948 2118 1951
f 1953 1951 2118
f 1953 2118 2119
f 2120 2117 1950
f 2120 1950 1954
f 1954 1955 2120
f 2120 1955 2121
f 2119 1956 1953
f 2122 1956 2119
f 1957 2121 1955
f 1957 2123 2121
f 2122 2124 1956
f 1956 2124 1958
f 1960 1958 2124
f 1960 2124 2125
f 1961 2123 1957
f 1961 2126 2123
f 2125 1963 1960
f 2127 1963 2125
f 2130 2129 2128
f 2129 2126 2128
f 2126 1965 2128
f 2126 1961 1965
f 2131 1966 1967
f 2132 2131 1967
f 1963 2132 1967
f 2127 2132 1963
f 2134 2133 1968
f 2134 1968 1969
f 2128 1970 2130
f 1970 2133 2130
f 1970 1968 2133
f 1970 2128 1965
f 2136 2135 2131
f 2135 1966 2131
f 2135 1971 1966
f 2136 2131 2132
f 2139 2138 2137
f 1974 1973 2137
f 2138 1974 2137
f 2140 1974 2138
f 1974 2141 1975
f 2140 2141 1974
f 1969 1975 2134
f 2134 1975 2141
f 2143 2142 1977
f 1977 2142 1976
f 1977 1971 2135
f 1977 2135 2143
f 2145 2144 1978
f 2145 1978 1979
f 2147 2146 1980
f 1978 2147 1980
f 2144 2147 1978
f 2148 2146 2147
f 2151 2150 2149
f 1981 1982 2149
f 2150 1981 2149
f 2152 1981 2150
f 1981 2153 1983
f 2152 2153 1981
f 1983 2154 1984
f 2153 2154 1983
f 2137 1985 2139
f 1985 2154 2139
f 1985 1984 2154
f 1985 2137 1973
f 2156 2155 1987
f 1987 2155 1986
f 1987 1976 2142
f 1987 2142 2156
f 1988 2145 1979
f 1988 2157 2145
f 2146 1989 1980
f 2148 2158 2146
f 2158 1989 2146
f 2158 1990 1989
f 1990 2159 1991
f 2158 2159 1990
f 1991 2160 1992
f 2159 2160 1991
f 1992 2161 1994
f 2160 2161 1992
f 2163 2162 1995
f 1994 2163 1995
f 2161 2163 1994
f 2165 2164 2162
f 2165 2162 2163
f 2166 2164 2165
f 2169 2168 2167
f 2171 2170 2167
f 2171 2167 2168
f 1996 1997 2170
f 2171 1996 2170
f 2172 1996 2171
f 1996 2173 1998
f 2172 2173 1996
f 2149 1999 2151
f 1999 2173 2151
f 1999 1998 2173
f 1999 2149 1982
f 2175 2174 2002
f 2002 2174 2001
f 2176 2002 2003
f 2176 2175 2002
f 2003 1986 2155
f 2003 2155 2176
f 2177 2157 1988
f 2177 1988 2004
f 2004 2005 2177
f 2177 2005 2178
f 2162 2006 1995
f 2006 2162 2007
f 2007 2162 2164
f 2166 2179 2164
f 2179 2007 2164
f 2179 2008 2007
f 2008 2180 2009
f 2179 2180 2008
f 2009 2181 2010
f 2180 2181 2009
f 2167 2011 2169
f 2011 2181 2169
f 2011 2010 2181
f 2011 2167 2012
f 2012 2167 2170
f 2012 2170 1997
f 2182 2013 2014
f 2182 2014 2183
f 2014 2184 2183
f 2014 2015 2184
f 2185 2015 2016
f 2185 2184 2015
f 2186 2016 2017
f 2186 2185 2016
f 2017 2001 2174
f 2017 2174 2186
f 2187 2178 2005
f 2187 2005 2018
f 2189 2188 2019
f 2188 2018 2019
f 2188 2187 2018
f 2189 2190 2188
f 2192 2191 2021
f 2021 2191 2020
f 2193 2021 2022
f 2193 2192 2021
f 2194 2022 2023
f 2194 2193 2022
f 2023 2013 2182
f 2195 2023 2182
f 2194 2023 2195
f 2195 2182 2183
f 2024 2189 2019
f 2196 2190 2189
f 2024 2196 2189
f 2025 2196 2024
f 2197 2025 2026
f 2197 2196 2025
f 2199 2198 2027
f 2198 2026 2027
f 2198 2197 2026
f 2199 2200 2198
f 2203 2202 2201
f 2029 2030 2201
f 2030 2203 2201
f 2030 2204 2203
f 2205 2030 2031
f 2205 2204 2030
f 2206 2031 2032
f 2206 2205 2031
f 2032 2020 2191
f 2032 2191 2206
f 2033 2199 2027
f 2207 2200 2199
f 2033 2207 2199
f 2034 2207 2033
f 2208 2034 2035
f 2208 2207 2034
f 2209 2035 2036
f 2209 2208 2035
f 2210 2036 2037
f 2210 2209 2036
f 2211 2037 2038
f 2211 2210 2037
f 2039 2201 2202
f 2211 2039 2202
f 2038 2039 2211
f 2201 2039 2029
f 2213 2212 2042
f 2213 2042 2043
f 2042 2214 2044
f 2212 2214 2042
f 2044 2215 2045
f 2214 2215 2044
f 2045 2216 2046
f 2215 2216 2045
f 2046 2217 2047
f 2216 2217 2046
f 2047 2218 2048
f 2217 2218 2047
f 2048 2219 2049
f 2218 2219 2048
f 2049 2220 2050
f 2219 2220 2049
f 2050 2221 2051
f 2220 2221 2050
f 2051 2222 2052
f 2221 2222 2051
f 2052 2223 2053
f 2222 2223 2052
f 2053 2224 2054
f 2223 2224 2053
f 2224 2226 2225
f 2055 2224 2225
f 2054 2224 2055
f 2225 2056 2055
f 2228 2227 2057
f 2228 2057 2058
f 2043 2057 2213
f 2213 2057 2227
f 2226 2229 2225
f 2225 2229 2056
f 2229 2059 2056
f 2229 2230 2059
f 2059 2231 2060
f 2230 2231 2059
f 2060 2232 2061
f 2231 2232 2060
f 2063 2061 2232
f 2063 2232 2233
f 2065 2228 2058
f 2065 2234 2228
f 2233 2235 2063
f 2063 2235 2066
f 2066 2236 2067
f 2235 2236 2066
f 2236 2238 2237
f 2068 2236 2237
f 2067 2236 2068
f 2237 2069 2068
f 2071 2239 2070
f 2072 2073 2240
f 2239 2072 2240
f 2070 2239 2240
f 2065 2070 2240
f 2234 2065 2240
f 2241 2234 2240
f 2242 2241 2240
f 2073 2242 2240
f 2242 2073 2243
f 2073 2244 2243
f 2073 2074 2244
f 2245 2074 2075
f 2245 2244 2074
f 2246 2075 2076
f 2246 2245 2075
f 2247 2076 2077
f 2247 2246 2076
f 2248 2077 2078
f 2248 2247 2077
f 2249 2078 2079
f 2249 2248 2078
f 2250 2079 2080
f 2250 2249 2079
f 2251 2080 2081
f 2251 2250 2080
f 2252 2081 2082
f 2252 2251 2081
f 2253 2082 2083
f 2253 2252 2082
f 2254 2083 2084
f 2254 2253 2083
f 2255 2084 2085
f 2255 2254 2084
f 2256 2085 2086
f 2256 2255 2085
f 2257 2086 2087
f 2257 2256 2086
f 2258 2087 2088
f 2258 2257 2087
f 2260 2258 2259
f 2258 2089 2259
f 2258 2088 2089
f 2091 2259 2089
f 2238 2261 2237
f 2237 2261 2069
f 2261 2092 2069
f 2261 2262 2092
f 2094 2092 2262
f 2094 2262 2263
f 2095 2239 2071
f 2242 2264 2241
f 2072 2239 2095
f 2264 2242 2243
f 2265 2260 2259
f 2265 2259 2091
f 2096 2265 2091
f 2266 2265 2096
f 2267 2096 2097
f 2267 2266 2096
f 2269 2267 2268
f 2267 2098 2268
f 2267 2097 2098
f 2100 2268 2098
f 2263 2270 2094
f 2094 2270 2101
f 2270 2272 2271
f 2102 2270 2271
f 2101 2270 2102
f 2271 2103 2102
f 2273 2269 2268
f 2273 2268 2100
f 2104 2273 2100
f 2274 2273 2104
f 2104 2105 2274
f 2274 2105 2275
f 2272 2276 2271
f 2271 2276 2103
f 2276 2106 2103
f 2276 2277 2106
f 2107 2106 2277
f 2107 2277 2278
f 2279 2275 2105
f 2279 2105 2108
f 2108 2109 2279
f 2279 2109 2280
f 2278 2281 2107
f 2107 2281 2110
f 2111 2110 2281
f 2111 2281 2282
f 2283 2280 2109
f 2283 2109 2112
f 2112 2113 2283
f 2283 2113 2284
f 2282 2285 2111
f 2111 2285 2114
f 2115 2114 2285
f 2115 2285 2286
f 2287 2284 2113
f 2287 2113 2116
f 2116 2117 2287
f 2287 2117 2288
f 2118 2115 2289
f 2115 2290 2289
f 2115 2286 2290
f 2289 2119 2118
f 2117 2120 2291
f 2292 2117 2291
f 2288 2117 2292
f 2121 2291 2120
f 2290 2293 2289
f 2119 2289 2293
f 2294 2119 2293
f 2122 2119 2294
f 2292 2291 2295
f 2292 2295 2296
f 2123 2295 2121
f 2121 2295 2291
f 2124 2122 2297
f 2122 2298 2297
f 2122 2294 2298
f 2297 2125 2124
f 2301 2300 2299
f 2299 2300 2296
f 2295 2299 2296
f 2302 2299 2295
f 2126 2302 2123
f 2123 2302 2295
f 2298 2303 2297
f 2125 2297 2303
f 2304 2125 2303
f 2127 2125 2304
f 2301 2299 2305
f 2301 2305 2306
f 2130 2305 2129
f 2305 2302 2129
f 2305 2299 2302
f 2129 2302 2126
f 2309 2308 2307
f 2304 2309 2307
f 2132 2304 2307
f 2127 2304 2132
f 2312 2311 2310
f 2314 2313 2310
f 2314 2310 2311
f 2313 2314 2306
f 2313 2306 2305
f 2134 2313 2305
f 2133 2134 2305
f 2133 2305 2130
f 2307 2308 2136
f 2308 2135 2136
f 2308 2315 2135
f 2307 2136 2132
f 2318 2317 2316
f 2319 2316 2317
f 2322 2321 2320
f 2138 2139 2320
f 2321 2138 2320
f 2323 2138 2321
f 2310 2140 2312
f 2140 2323 2312
f 2140 2138 2323
f 2140 2310 2141
f 2141 2310 2313
f 2141 2313 2134
f 2325 2324 2143
f 2143 2324 2142
f 2143 2135 2315
f 2143 2315 2325
f 2318 2316 2144
f 2145 2318 2144
f 2326 2318 2145
f 2319 2327 2316
f 2327 2144 2316
f 2327 2147 2144
f 2329 2328 2148
f 2147 2329 2148
f 2327 2329 2147
f 2331 2330 2328
f 2331 2328 2329
f 2333 2332 2330
f 2333 2330 2331
f 2335 2334 2332
f 2335 2332 2333
f 2336 2334 2335
f 2339 2338 2337
f 2341 2340 2337
f 2341 2337 2338
f 2150 2151 2340
f 2341 2150 2340
f 2342 2150 2341
f 2150 2343 2152
f 2342 2343 2150
f 2152 2344 2153
f 2343 2344 2152
f 2320 2154 2322
f 2154 2344 2322
f 2154 2153 2344
f 2154 2320 2139
f 2346 2345 2156
f 2156 2345 2155
f 2156 2142 2324
f 2156 2324 2346
f 2157 2326 2145
f 2157 2347 2326
f 2328 2158 2148
f 2158 2328 2159
f 2159 2328 2330
f 2159 2330 2160
f 2160 2330 2332
f 2160 2332 2161
f 2161 2332 2334
f 2336 2348 2334
f 2348 2161 2334
f 2348 2163 2161
f 2163 2349 2165
f 2348 2349 2163
f 2351 2350 2166
f 2165 2351 2166
f 2349 2351 2165
f 2353 2352 2350
f 2353 2350 2351
f 2355 2354 2352
f 2355 2352 2353
f 2168 2169 2354
f 2355 2168 2354
f 2356 2168 2355
f 2168 2357 2171
f 2356 2357 2168
f 2337 2172 2339
f 2172 2357 2339
f 2172 2171 2357
f 2172 2337 2173
f 2173 2337 2340
f 2173 2340 2151
f 2360 2359 2358
f 2174 2175 2358
f 2175 2360 2358
f 2175 2361 2360
f 2362 2175 2176
f 2362 2361 2175
f 2176 2155 2345
f 2176 2345 2362
f 2363 2347 2157
f 2363 2157 2177
f 2365 2364 2178
f 2364 2177 2178
f 2364 2363 2177
f 2365 2366 2364
f 2350 2179 2166
f 2179 2350 2180
f 2180 2350 2352
f 2180 2352 2181
f 2181 2352 2354
f 2181 2354 2169
f 2369 2368 2367
f 2183 2184 2367
f 2184 2369 2367
f 2184 2370 2369
f 2371 2184 2185
f 2371 2370 2184
f 2186 2358 2359
f 2371 2186 2359
f 2185 2186 2371
f 2358 2186 2174
f 2187 2365 2178
f 2372 2366 2365
f 2187 2372 2365
f 2188 2372 2187
f 2188 2190 2372
f 2372 2190 2373
f 2376 2375 2374
f 2191 2192 2374
f 2192 2376 2374
f 2192 2377 2376
f 2378 2192 2193
f 2378 2377 2192
f 2379 2193 2194
f 2379 2378 2193
f 2195 2367 2368
f 2379 2195 2368
f 2194 2195 2379
f 2367 2195 2183
f 2380 2373 2190
f 2380 2190 2196
f 2381 2196 2197
f 2381 2380 2196
f 2382 2197 2198
f 2382 2381 2197
f 2384 2383 2200
f 2383 2198 2200
f 2383 2382 2198
f 2386 2385 2384
f 2384 2385 2383
f 2388 2387 2386
f 2386 2387 2385
f 2390 2389 2388
f 2388 2389 2387
f 2392 2391 2390
f 2390 2391 2389
f 2202 2203 2392
f 2203 2391 2392
f 2203 2393 2391
f 2394 2203 2204
f 2394 2393 2203
f 2395 2204 2205
f 2395 2394 2204
f 2206 2374 2375
f 2395 2206 2375
f 2205 2206 2395
f 2374 2206 2191
f 2207 2384 2200
f 2384 2207 2208
f 2384 2208 2386
f 2386 2208 2209
f 2386 2209 2388
f 2388 2209 2210
f 2388 2210 2390
f 2390 2210 2211
f 2390 2211 2392
f 2392 2211 2202
f 2213 2396 2212
f 2212 2396 2397
f 2398 2212 2397
f 2214 2212 2398
f 2214 2399 2215
f 2398 2399 2214
f 2215 2400 2216
f 2399 2400 2215
f 2216 2401 2217
f 2400 2401 2216
f 2217 2402 2218
f 2401 2402 2217
f 2218 2403 2219
f 2402 2403 2218
f 2219 2404 2220
f 2403 2404 2219
f 2220 2405 2221
f 2404 2405 2220
f 2221 2406 2222
f 2405 2406 2221
f 2222 2407 2223
f 2406 2407 2222
f 2407 2409 2408
f 2224 2407 2408
f 2223 2407 2224
f 2408 2226 2224
f 2228 2410 2227
f 2410 2411 2227
f 2227 2411 2213
f 2411 2412 2213
f 2412 2396 2213
f 2396 2412 2397
f 2409 2413 2408
f 2408 2413 2226
f 2413 2229 2226
f 2413 2414 2229
f 2229 2415 2230
f 2414 2415 2229
f 2230 2416 2231
f 2415 2416 2230
f 2416 2418 2417
f 2232 2416 2417
f 2231 2416 2232
f 2417 2233 2232
f 2420 2419 2410
f 2228 2420 2410
f 2234 2420 2228
f 2410 2419 2411
f 2418 2421 2417
f 2417 2421 2233
f 2421 2235 2233
f 2421 2422 2235
f 2235 2423 2236
f 2422 2423 2235
f 2238 2236 2423
f 2238 2423 2424
f 2241 2420 2234
f 2241 2425 2420
f 2426 2243 2244
f 2426 2244 2427
f 2244 2428 2427
f 2244 2245 2428
f 2429 2245 2246
f 2429 2428 2245
f 2431 2429 2430
f 2429 2247 2430
f 2429 2246 2247
f 2248 2432 2247
f 2247 2432 2430
f 2249 2433 2248
f 2248 2433 2432
f 2433 2249 2434
f 2249 2435 2434
f 2249 2250 2435
f 2436 2250 2251
f 2436 2435 2250
f 2437 2251 2252
f 2437 2436 2251
f 2438 2252 2253
f 2438 2437 2252
f 2439 2253 2254
f 2439 2438 2253
f 2440 2254 2255
f 2440 2439 2254
f 2441 2255 2256
f 2441 2440 2255
f 2443 2441 2442
f 2441 2257 2442
f 2441 2256 2257
f 2258 2444 2257
f 2257 2444 2442
f 2260 2444 2258
f 2424 2445 2238
f 2238 2445 2261
f 2445 2447 2446
f 2262 2445 2446
f 2261 2445 2262
f 2446 2263 2262
f 2448 2425 2241
f 2448 2241 2264
f 2264 2243 2426
f 2449 2264 2426
f 2448 2264 2449
f 2449 2426 2427
f 2450 2431 2430
f 2450 2430 2432
f 2450 2432 2451
f 2451 2432 2433
f 2451 2433 2452
f 2452 2433 2434
f 2453 2443 2442
f 2453 2442 2444
f 2453 2444 2454
f 2454 2444 2260
f 2265 2454 2260
f 2455 2454 2265
f 2457 2455 2456
f 2455 2266 2456
f 2455 2265 2266
f 2267 2458 2266
f 2266 2458 2456
f 2269 2458 2267
f 2447 2459 2446
f 2446 2459 2263
f 2459 2270 2263
f 2459 2460 2270
f 2272 2270 2460
f 2272 2460 2461
f 2462 2457 2456
f 2462 2456 2458
f 2462 2458 2463
f 2465 2463 2464
f 2464 2463 2273
f 2463 2458 2273
f 2458 2269 2273
f 2274 2466 2273
f 2273 2466 2464
f 2275 2466 2274
f 2461 2467 2272
f 2272 2467 2276
f 2467 2469 2468
f 2277 2467 2468
f 2276 2467 2277
f 2468 2278 2277
f 2470 2465 2464
f 2472 2471 2470
f 2464 2472 2470
f 2466 2472 2464
f 2279 2473 2275
f 2473 2466 2275
f 2473 2472 2466
f 2280 2473 2279
f 2469 2474 2468
f 2474 2476 2475
f 2474 2475 2281
f 2468 2474 2281
f 2278 2468 2281
f 2475 2282 2281
f 2477 2471 2472
f 2477 2472 2473
f 2477 2473 2478
f 2480 2478 2479
f 2479 2478 2283
f 2478 2473 2283
f 2473 2280 2283
f 2284 2479 2283
f 2476 2481 2475
f 2481 2483 2482
f 2481 2482 2285
f 2475 2481 2285
f 2282 2475 2285
f 2482 2286 2285
f 2480 2479 2484
f 2480 2484 2485
f 2287 2486 2284
f 2486 2479 2284
f 2486 2484 2479
f 2288 2486 2287
f 2483 2487 2482
f 2286 2482 2487
f 2488 2286 2487
f 2290 2286 2488
f 2485 2484 2489
f 2485 2489 2490
f 2491 2484 2486
f 2489 2484 2491
f 2292 2491 2288
f 2288 2491 2486
f 2293 2290 2492
f 2290 2493 2492
f 2290 2488 2493
f 2492 2294 2293
f 2490 2489 2494
f 2490 2494 2495
f 2496 2489 2491
f 2494 2489 2496
f 2296 2496 2292
f 2292 2496 2491
f 2493 2497 2492
f 2294 2492 2497
f 2498 2294 2497
f 2298 2294 2498
f 2501 2500 2499
f 2499 2500 2495
f 2494 2499 2495
f 2502 2499 2494
f 2301 2502 2300
f 2502 2496 2300
f 2502 2494 2496
f 2300 2496 2296
f 2303 2298 2503
f 2298 2504 2503
f 2298 2498 2504
f 2503 2304 2303
f 2507 2506 2505
f 2505 2506 2501
f 2499 2505 2501
f 2508 2505 2499
f 2509 2499 2502
f 2508 2499 2509
f 2306 2509 2301
f 2301 2509 2502
f 2503 2504 2309
f 2504 2308 2309
f 2504 2510 2308
f 2503 2309 2304
f 2513 2512 2511
f 2514 2511 2512
f 2517 2516 2515
f 2515 2516 2507
f 2505 2515 2507
f 2518 2515 2505
f 2312 2518 2311
f 2518 2508 2311
f 2518 2505 2508
f 2311 2508 2314
f 2314 2508 2509
f 2314 2509 2306
f 2521 2520 2519
f 2510 2521 2519
f 2315 2510 2519
f 2308 2510 2315
f 2513 2511 2317
f 2318 2513 2317
f 2522 2513 2318
f 2524 2523 2319
f 2524 2319 2317
f 2514 2524 2317
f 2511 2514 2317
f 2526 2525 2523
f 2526 2523 2524
f 2528 2527 2525
f 2528 2525 2526
f 2530 2529 2527
f 2530 2527 2528
f 2532 2531 2529
f 2532 2529 2530
f 2533 2531 2532
f 2536 2535 2534
f 2538 2537 2534
f 2538 2534 2535
f 2540 2539 2537
f 2540 2537 2538
f 2539 2540 2517
f 2539 2517 2515
f 2322 2539 2515
f 2321 2322 2515
f 2321 2515 2323
f 2323 2515 2518
f 2323 2518 2312
f 2543 2542 2541
f 2543 2541 2520
f 2520 2541 2519
f 2541 2324 2519
f 2324 2325 2519
f 2519 2325 2315
f 2326 2522 2318
f 2326 2544 2522
f 2523 2327 2319
f 2327 2523 2329
f 2329 2523 2525
f 2329 2525 2331
f 2331 2525 2527
f 2331 2527 2333
f 2333 2527 2529
f 2333 2529 2335
f 2335 2529 2531
f 2546 2545 2336
f 2546 2336 2335
f 2533 2546 2335
f 2531 2533 2335
f 2548 2547 2545
f 2548 2545 2546
f 2550 2549 2547
f 2550 2547 2548
f 2552 2551 2549
f 2552 2549 2550
f 2554 2553 2551
f 2554 2551 2552
f 2556 2555 2553
f 2556 2553 2554
f 2558 2557 2555
f 2558 2555 2556
f 2338 2339 2557
f 2558 2338 2557
f 2559 2338 2558
f 2338 2560 2341
f 2559 2560 2338
f 2534 2342 2536
f 2342 2560 2536
f 2342 2341 2560
f 2342 2534 2343
f 2343 2534 2537
f 2343 2537 2344
f 2344 2537 2539
f 2344 2539 2322
f 2563 2562 2561
f 2565 2564 2561
f 2561 2564 2563
f 2564 2565 2542
f 2542 2565 2541
f 2565 2345 2541
f 2345 2346 2541
f 2541 2346 2324
f 2347 2567 2566
f 2544 2347 2566
f 2326 2347 2544
f 2567 2568 2566
f 2545 2348 2336
f 2348 2545 2349
f 2349 2545 2547
f 2349 2547 2351
f 2351 2547 2549
f 2351 2549 2353
f 2353 2549 2551
f 2353 2551 2355
f 2355 2551 2553
f 2355 2553 2356
f 2356 2553 2555
f 2356 2555 2357
f 2357 2555 2557
f 2357 2557 2339
f 2571 2570 2569
f 2573 2572 2569
f 2569 2572 2571
f 2359 2360 2573
f 2360 2572 2573
f 2360 2574 2572
f 2361 2561 2562
f 2574 2361 2562
f 2360 2361 2574
f 2561 2361 2362
f 2561 2362 2565
f 2565 2362 2345
f 2363 2567 2347
f 2575 2568 2567
f 2363 2575 2567
f 2364 2575 2363
f 2364 2366 2575
f 2575 2366 2576
f 2579 2578 2577
f 2581 2580 2577
f 2577 2580 2579
f 2368 2369 2581
f 2369 2580 2581
f 2369 2582 2580
f 2370 2569 2570
f 2582 2370 2570
f 2369 2370 2582
f 2569 2370 2371
f 2569 2371 2573
f 2573 2371 2359
f 2583 2576 2366
f 2583 2366 2372
f 2585 2584 2373
f 2584 2372 2373
f 2584 2583 2372
f 2587 2586 2585
f 2585 2586 2584
f 2587 2588 2586
f 2591 2590 2589
f 2593 2592 2589
f 2589 2592 2591
f 2595 2594 2593
f 2593 2594 2592
f 2375 2376 2595
f 2376 2594 2595
f 2376 2596 2594
f 2597 2376 2377
f 2597 2596 2376
f 2378 2577 2578
f 2597 2378 2578
f 2377 2378 2597
f 2577 2378 2379
f 2577 2379 2581
f 2581 2379 2368
f 2380 2585 2373
f 2585 2380 2381
f 2585 2381 2587
f 2598 2588 2587
f 2381 2598 2587
f 2382 2598 2381
f 2599 2382 2383
f 2599 2598 2382
f 2600 2383 2385
f 2600 2599 2383
f 2601 2385 2387
f 2601 2600 2385
f 2602 2387 2389
f 2602 2601 2387
f 2603 2389 2391
f 2603 2602 2389
f 2393 2589 2590
f 2603 2393 2590
f 2391 2393 2603
f 2589 2393 2394
f 2589 2394 2593
f 2593 2394 2395
f 2593 2395 2595
f 2595 2395 2375
f 2397 2604 2398
f 2398 2604 2605
f 2606 2398 2605
f 2399 2398 2606
f 2399 2607 2400
f 2606 2607 2399
f 2400 2608 2401
f 2607 2608 2400
f 2401 2609 2402
f 2608 2609 2401
f 2402 2610 2403
f 2609 2610 2402
f 2403 2611 2404
f 2610 2611 2403
f 2404 2612 2405
f 2611 2612 2404
f 2405 2613 2406
f 2612 2613 2405
f 2613 2615 2614
f 2407 2613 2614
f 2406 2613 2407
f 2614 2409 2407
f 2617 2616 2412
f 2617 2412 2411
f 2397 2412 2604
f 2412 2618 2604
f 2412 2616 2618
f 2604 2618 2605
f 2615 2619 2614
f 2614 2619 2409
f 2619 2413 2409
f 2619 2620 2413
f 2413 2621 2414
f 2620 2621 2413
f 2414 2622 2415
f 2621 2622 2414
f 2622 2624 2623
f 2416 2622 2623
f 2415 2622 2416
f 2623 2418 2416
f 2626 2625 2419
f 2626 2419 2420
f 2411 2419 2617
f 2617 2419 2625
f 2624 2627 2623
f 2623 2627 2418
f 2627 2421 2418
f 2627 2628 2421
f 2421 2629 2422
f 2628 2629 2421
f 2629 2631 2630
f 2423 2629 2630
f 2422 2629 2423
f 2630 2424 2423
f 2425 2626 2420
f 2425 2632 2626
f 2633 2427 2428
f 2429 2634 2428
f 2428 2634 2633
f 2431 2634 2429
f 2635 2434 2435
f 2436 2636 2435
f 2435 2636 2635
f 2437 2637 2436
f 2436 2637 2636
f 2438 2638 2437
f 2437 2638 2637
f 2439 2639 2438
f 2438 2639 2638
f 2440 2640 2439
f 2439 2640 2639
f 2441 2641 2440
f 2440 2641 2640
f 2443 2641 2441
f 2631 2642 2630
f 2642 2644 2643
f 2642 2643 2445
f 2630 2642 2445
f 2424 2630 2445
f 2643 2447 2445
f 2645 2632 2425
f 2645 2425 2448
f 2646 2448 2449
f 2646 2645 2448
f 2449 2427 2633
f 2647 2449 2633
f 2646 2449 2647
f 2647 2633 2634
f 2647 2634 2648
f 2648 2634 2431
f 2450 2648 2431
f 2649 2648 2450
f 2650 2450 2451
f 2650 2649 2450
f 2651 2451 2452
f 2651 2650 2451
f 2452 2434 2635
f 2652 2452 2635
f 2651 2452 2652
f 2652 2635 2636
f 2652 2636 2653
f 2653 2636 2637
f 2653 2637 2654
f 2654 2637 2638
f 2654 2638 2655
f 2655 2638 2639
f 2655 2639 2656
f 2656 2639 2640
f 2656 2640 2657
f 2657 2640 2641
f 2657 2641 2658
f 2658 2641 2443
f 2453 2658 2443
f 2659 2658 2453
f 2661 2659 2660
f 2659 2454 2660
f 2659 2453 2454
f 2455 2662 2454
f 2454 2662 2660
f 2457 2662 2455
f 2644 2663 2643
f 2643 2663 2447
f 2663 2459 2447
f 2663 2664 2459
f 2664 2666 2665
f 2460 2664 2665
f 2459 2664 2460
f 2665 2461 2460
f 2667 2661 2660
f 2667 2660 2662
f 2667 2662 2668
f 2670 2668 2669
f 2669 2668 2462
f 2668 2662 2462
f 2662 2457 2462
f 2463 2671 2462
f 2462 2671 2669
f 2465 2671 2463
f 2666 2672 2665
f 2672 2674 2673
f 2672 2673 2467
f 2665 2672 2467
f 2461 2665 2467
f 2673 2469 2467
f 2675 2670 2669
f 2677 2676 2675
f 2669 2677 2675
f 2671 2677 2669
f 2470 2678 2465
f 2678 2671 2465
f 2678 2677 2671
f 2471 2678 2470
f 2674 2679 2673
f 2679 2681 2680
f 2679 2680 2474
f 2673 2679 2474
f 2469 2673 2474
f 2680 2476 2474
f 2676 2677 2682
f 2676 2682 2683
f 2684 2677 2678
f 2682 2677 2684
f 2477 2685 2471
f 2685 2678 2471
f 2685 2684 2678
f 2478 2686 2477
f 2477 2686 2685
f 2480 2686 2478
f 2681 2687 2680
f 2687 2689 2688
f 2687 2688 2481
f 2680 2687 2481
f 2476 2680 2481
f 2688 2483 2481
f 2690 2683 2682
f 2692 2691 2690
f 2682 2692 2690
f 2684 2692 2682
f 2693 2684 2685
f 2692 2684 2693
f 2694 2685 2686
f 2693 2685 2694
f 2485 2694 2480
f 2480 2694 2686
f 2689 2695 2688
f 2695 2697 2696
f 2695 2696 2487
f 2688 2695 2487
f 2483 2688 2487
f 2696 2488 2487
f 2691 2692 2698
f 2691 2698 2699
f 2700 2692 2693
f 2698 2692 2700
f 2701 2693 2694
f 2700 2693 2701
f 2490 2701 2485
f 2485 2701 2694
f 2696 2697 2702
f 2702 2697 2703
f 2702 2493 2488
f 2702 2488 2696
f 2699 2698 2704
f 2699 2704 2705
f 2706 2698 2700
f 2704 2698 2706
f 2707 2700 2701
f 2706 2700 2707
f 2495 2707 2490
f 2490 2707 2701
f 2703 2708 2702
f 2708 2710 2709
f 2708 2709 2497
f 2702 2708 2497
f 2493 2702 2497
f 2709 2498 2497
f 2713 2712 2711
f 2711 2712 2705
f 2704 2711 2705
f 2714 2711 2704
f 2715 2704 2706
f 2714 2704 2715
f 2501 2715 2500
f 2715 2707 2500
f 2715 2706 2707
f 2500 2707 2495
f 2718 2717 2716
f 2718 2716 2710
f 2716 2709 2710
f 2716 2719 2709
f 2719 2504 2498
f 2719 2498 2709
f 2722 2721 2720
f 2724 2723 2720
f 2724 2720 2721
f 2725 2723 2724
f 2728 2727 2726
f 2726 2727 2713
f 2711 2726 2713
f 2729 2726 2711
f 2730 2711 2714
f 2729 2711 2730
f 2507 2730 2506
f 2730 2715 2506
f 2730 2714 2715
f 2506 2715 2501
f 2716 2717 2731
f 2731 2717 2732
f 2716 2733 2719
f 2716 2731 2733
f 2733 2510 2504
f 2733 2504 2719
f 2722 2720 2512
f 2513 2722 2512
f 2734 2722 2513
f 2512 2720 2514
f 2720 2735 2514
f 2720 2723 2735
f 2723 2725 2736
f 2737 2723 2736
f 2735 2723 2737
f 2739 2738 2737
f 2739 2737 2736
f 2741 2740 2738
f 2741 2738 2739
f 2743 2742 2740
f 2743 2740 2741
f 2744 2742 2743
f 2747 2746 2745
f 2749 2748 2745
f 2749 2745 2746
f 2751 2750 2748
f 2751 2748 2749
f 2750 2751 2728
f 2726 2750 2728
f 2752 2750 2726
f 2753 2726 2729
f 2752 2726 2753
f 2517 2753 2516
f 2753 2730 2516
f 2753 2729 2730
f 2516 2730 2507
f 2756 2755 2754
f 2756 2754 2732
f 2754 2731 2732
f 2754 2757 2731
f 2757 2520 2521
f 2733 2757 2521
f 2731 2757 2733
f 2733 2521 2510
f 2522 2734 2513
f 2522 2758 2734
f 2735 2524 2514
f 2524 2735 2526
f 2526 2735 2737
f 2526 2737 2528
f 2528 2737 2738
f 2528 2738 2530
f 2530 2738 2740
f 2530 2740 2532
f 2532 2740 2742
f 2760 2759 2533
f 2760 2533 2532
f 2744 2760 2532
f 2742 2744 2532
f 2762 2761 2759
f 2762 2759 2760
f 2764 2763 2761
f 2764 2761 2762
f 2766 2765 2763
f 2766 2763 2764
f 2768 2767 2765
f 2768 2765 2766
f 2770 2769 2767
f 2770 2767 2768
f 2772 2771 2769
f 2772 2769 2770
f 2771 2772 2747
f 2745 2771 2747
f 2773 2771 2745
f 2774 2745 2748
f 2773 2745 2774
f 2536 2774 2535
f 2774 2750 2535
f 2774 2748 2750
f 2535 2750 2538
f 2538 2750 2752
f 2538 2752 2540
f 2540 2752 2753
f 2540 2753 2517
f 2777 2776 2775
f 2779 2778 2775
f 2775 2778 2777
f 2778 2779 2755
f 2779 2754 2755
f 2779 2780 2754
f 2780 2542 2543
f 2757 2780 2543
f 2754 2780 2757
f 2757 2543 2520
f 2544 2782 2781
f 2758 2544 2781
f 2522 2544 2758
f 2782 2783 2781
f 2759 2546 2533
f 2546 2759 2548
f 2548 2759 2761
f 2548 2761 2550
f 2550 2761 2763
f 2550 2763 2552
f 2552 2763 2765
f 2552 2765 2554
f 2554 2765 2767
f 2554 2767 2556
f 2556 2767 2769
f 2556 2769 2558
f 2558 2769 2771
f 2558 2771 2559
f 2559 2771 2773
f 2559 2773 2560
f 2560 2773 2774
f 2560 2774 2536
f 2786 2785 2784
f 2788 2787 2784
f 2784 2787 2786
f 2787 2788 2776
f 2788 2775 2776
f 2788 2789 2775
f 2789 2562 2563
f 2779 2789 2563
f 2775 2789 2779
f 2779 2563 2564
f 2779 2564 2780
f 2780 2564 2542
f 2566 2782 2544
f 2791 2790 2568
f 2568 2790 2566
f 2790 2783 2566
f 2783 2782 2566
f 2791 2792 2790
f 2795 2794 2793
f 2797 2796 2793
f 2793 2796 2795
f 2799 2798 2797
f 2797 2798 2796
f 2798 2799 2785
f 2785 2799 2784
f 2799 2570 2784
f 2570 2571 2784
f 2784 2571 2572
f 2784 2572 2788
f 2788 2572 2574
f 2788 2574 2789
f 2789 2574 2562
f 2575 2791 2568
f 2801 2800 2576
f 2576 2800 2575
f 2800 2792 2575
f 2792 2791 2575
f 2803 2802 2801
f 2801 2802 2800
f 2805 2804 2803
f 2803 2804 2802
f 2805 2806 2804
f 2809 2808 2807
f 2811 2810 2807
f 2807 2810 2809
f 2813 2812 2811
f 2811 2812 2810
f 2815 2814 2813
f 2813 2814 2812
f 2817 2816 2815
f 2815 2816 2814
f 2816 2817 2794
f 2794 2817 2793
f 2817 2578 2793
f 2578 2579 2793
f 2793 2579 2580
f 2793 2580 2797
f 2797 2580 2582
f 2797 2582 2799
f 2799 2582 2570
f 2583 2801 2576
f 2801 2583 2584
f 2801 2584 2803
f 2803 2584 2586
f 2803 2586 2805
f 2819 2818 2588
f 2588 2818 2586
f 2818 2806 2586
f 2806 2805 2586
f 2821 2820 2819
f 2819 2820 2818
f 2823 2822 2821
f 2821 2822 2820
f 2825 2824 2823
f 2823 2824 2822
f 2827 2826 2825
f 2825 2826 2824
f 2829 2828 2827
f 2827 2828 2826
f 2828 2829 2808
f 2808 2829 2807
f 2829 2590 2807
f 2590 2591 2807
f 2807 2591 2592
f 2807 2592 2811
f 2811 2592 2594
f 2811 2594 2813
f 2813 2594 2596
f 2813 2596 2815
f 2815 2596 2597
f 2815 2597 2817
f 2817 2597 2578
f 2598 2819 2588
f 2819 2598 2599
f 2819 2599 2821
f 2821 2599 2600
f 2821 2600 2823
f 2823 2600 2601
f 2823 2601 2825
f 2825 2601 2602
f 2825 2602 2827
f 2827 2602 2603
f 2827 2603 2829
f 2829 2603 2590
f 2605 2830 2606
f 2831 2607 2606
f 2831 2606 2830
f 2832 2608 2607
f 2832 2607 2831
f 2833 2609 2608
f 2833 2608 2832
f 2834 2610 2609
f 2834 2609 2833
f 2835 2611 2610
f 2835 2610 2834
f 2836 2612 2611
f 2836 2611 2835
f 2837 2613 2612
f 2837 2612 2836
f 2837 2615 2613
f 2839 2838 2616
f 2839 2616 2617
f 2616 2840 2618
f 2838 2840 2616
f 2605 2618 2830
f 2618 2841 2830
f 2618 2840 2841
f 2830 2841 2831
f 2831 2841 2842
f 2831 2842 2832
f 2832 2842 2843
f 2832 2843 2833
f 2833 2843 2844
f 2833 2844 2834
f 2834 2844 2845
f 2834 2845 2835
f 2835 2845 2846
f 2835 2846 2836
f 2836 2846 2847
f 2836 2847 2837
f 2837 2847 2848
f 2837 2848 2615
f 2848 2619 2615
f 2848 2849 2619
f 2619 2850 2620
f 2849 2850 2619
f 2850 2852 2851
f 2621 2850 2851
f 2620 2850 2621
f 2853 2622 2621
f 2853 2621 2851
f 2853 2624 2622
f 2855 2854 2625
f 2855 2625 2626
f 2617 2625 2839
f 2839 2625 2854
f 2852 2856 2851
f 2851 2856 2853
f 2853 2856 2857
f 2853 2857 2624
f 2857 2627 2624
f 2857 2858 2627
f 2858 2860 2859
f 2628 2858 2859
f 2627 2858 2628
f 2861 2629 2628
f 2861 2628 2859
f 2861 2631 2629
f 2632 2855 2626
f 2632 2862 2855
f 2860 2863 2859
f 2859 2863 2861
f 2861 2863 2864
f 2864 2866 2865
f 2864 2865 2642
f 2861 2864 2642
f 2631 2861 2642
f 2865 2644 2642
f 2867 2862 2632
f 2867 2632 2645
f 2868 2645 2646
f 2868 2867 2645
f 2869 2646 2647
f 2869 2868 2646
f 2871 2869 2870
f 2869 2648 2870
f 2869 2647 2648
f 2649 2872 2648
f 2648 2872 2870
f 2650 2873 2649
f 2649 2873 2872
f 2651 2874 2650
f 2650 2874 2873
f 2652 2875 2651
f 2651 2875 2874
f 2653 2876 2652
f 2652 2876 2875
f 2654 2877 2653
f 2653 2877 2876
f 2655 2878 2654
f 2654 2878 2877
f 2656 2879 2655
f 2655 2879 2878
f 2657 2880 2656
f 2656 2880 2879
f 2658 2881 2657
f 2657 2881 2880
f 2659 2882 2658
f 2658 2882 2881
f 2661 2882 2659
f 2866 2883 2865
f 2883 2885 2884
f 2883 2884 2663
f 2865 2883 2663
f 2644 2865 2663
f 2886 2664 2663
f 2886 2663 2884
f 2886 2666 2664
f 2887 2871 2870
f 2887 2870 2872
f 2887 2872 2888
f 2890 2889 2888
f 2872 2890 2888
f 2873 2890 2872
f 2891 2873 2874
f 2890 2873 2891
f 2892 2874 2875
f 2891 2874 2892
f 2893 2875 2876
f 2892 2875 2893
f 2894 2876 2877
f 2893 2876 2894
f 2895 2877 2878
f 2894 2877 2895
f 2896 2878 2879
f 2895 2878 2896
f 2897 2879 2880
f 2896 2879 2897
f 2898 2880 2881
f 2897 2880 2898
f 2899 2881 2882
f 2898 2881 2899
f 2667 2900 2661
f 2900 2882 2661
f 2900 2899 2882
f 2668 2901 2667
f 2667 2901 2900
f 2670 2901 2668
f 2885 2902 2884
f 2904 2903 2902
f 2903 2884 2902
f 2903 2886 2884
f 2905 2672 2666
f 2886 2905 2666
f 2903 2905 2886
f 2905 2674 2672
f 2906 2889 2890
f 2906 2890 2891
f 2906 2891 2907
f 2907 2891 2892
f 2907 2892 2908
f 2908 2892 2893
f 2908 2893 2909
f 2909 2893 2894
f 2909 2894 2910
f 2910 2894 2895
f 2910 2895 2911
f 2911 2895 2896
f 2911 2896 2912
f 2912 2896 2897
f 2912 2897 2913
f 2915 2914 2913
f 2897 2915 2913
f 2898 2915 2897
f 2916 2898 2899
f 2915 2898 2916
f 2917 2899 2900
f 2916 2899 2917
f 2918 2900 2901
f 2917 2900 2918
f 2675 2919 2670
f 2919 2901 2670
f 2919 2918 2901
f 2676 2919 2675
f 2904 2920 2903
f 2922 2921 2920
f 2921 2903 2920
f 2921 2905 2903
f 2923 2679 2674
f 2905 2923 2674
f 2921 2923 2905
f 2923 2681 2679
f 2924 2914 2915
f 2926 2925 2924
f 2915 2926 2924
f 2916 2926 2915
f 2927 2916 2917
f 2926 2916 2927
f 2928 2917 2918
f 2927 2917 2928
f 2929 2918 2919
f 2928 2918 2929
f 2683 2929 2676
f 2676 2929 2919
f 2922 2930 2921
f 2932 2931 2930
f 2931 2921 2930
f 2931 2923 2921
f 2933 2687 2681
f 2923 2933 2681
f 2931 2933 2923
f 2933 2689 2687
f 2925 2926 2934
f 2925 2934 2935
f 2936 2926 2927
f 2934 2926 2936
f 2937 2927 2928
f 2936 2927 2937
f 2938 2928 2929
f 2937 2928 2938
f 2690 2939 2683
f 2939 2929 2683
f 2939 2938 2929
f 2691 2939 2690
f 2932 2940 2931
f 2942 2941 2940
f 2941 2931 2940
f 2941 2933 2931
f 2943 2695 2689
f 2933 2943 2689
f 2941 2943 2933
f 2943 2697 2695
f 2935 2934 2944
f 2935 2944 2945
f 2946 2934 2936
f 2944 2934 2946
f 2947 2936 2937
f 2946 2936 2947
f 2948 2937 2938
f 2947 2937 2948
f 2949 2938 2939
f 2948 2938 2949
f 2699 2949 2691
f 2691 2949 2939
f 2941 2942 2950
f 2950 2942 2951
f 2941 2952 2943
f 2941 2950 2952
f 2952 2703 2697
f 2952 2697 2943
f 2945 2944 2953
f 2945 2953 2954
f 2955 2944 2946
f 2953 2944 2955
f 2956 2946 2947
f 2955 2946 2956
f 2957 2947 2948
f 2956 2947 2957
f 2958 2948 2949
f 2957 2948 2958
f 2705 2958 2699
f 2699 2958 2949
f 2950 2951 2959
f 2959 2951 2960
f 2950 2961 2952
f 2950 2959 2961
f 2962 2708 2703
f 2952 2962 2703
f 2961 2962 2952
f 2962 2710 2708
f 2965 2964 2963
f 2967 2966 2963
f 2967 2963 2964
f 2969 2968 2966
f 2969 2966 2967
f 2970 2968 2969
f 2973 2972 2971
f 2975 2974 2971
f 2975 2971 2972
f 2977 2976 2974
f 2977 2974 2975
f 2979 2978 2976
f 2979 2976 2977
f 2980 2978 2979
f 2983 2982 2981
f 2985 2984 2981
f 2985 2981 2982
f 2984 2985 2954
f 2953 2984 2954
f 2986 2984 2953
f 2987 2953 2955
f 2986 2953 2987
f 2988 2955 2956
f 2987 2955 2988
f 2989 2956 2957
f 2988 2956 2989
f 2713 2989 2712
f 2989 2958 2712
f 2989 2957 2958
f 2712 2958 2705
f 2992 2991 2990
f 2992 2990 2960
f 2990 2959 2960
f 2990 2993 2959
f 2959 2994 2961
f 2959 2993 2994
f 2994 2717 2718
f 2962 2994 2718
f 2961 2994 2962
f 2962 2718 2710
f 2965 2963 2721
f 2722 2965 2721
f 2995 2965 2722
f 2721 2963 2724
f 2724 2963 2966
f 2724 2966 2725
f 2966 2996 2725
f 2966 2968 2996
f 2968 2970 2997
f 2998 2968 2997
f 2996 2968 2998
f 2998 2997 2973
f 2971 2998 2973
f 2999 2998 2971
f 3000 2971 2974
f 2999 2971 3000
f 3001 2974 2976
f 3000 2974 3001
f 3002 2976 2978
f 3001 2976 3002
f 2978 2980 3003
f 3004 2978 3003
f 3002 2978 3004
f 3006 3005 3004
f 3006 3004 3003
f 3008 3007 3005
f 3008 3005 3006
f 3007 3008 2983
f 2981 3007 2983
f 3009 3007 2981
f 3010 2981 2984
f 3009 2981 3010
f 3011 2984 2986
f 3010 2984 3011
f 3012 2986 2987
f 3011 2986 3012
f 3013 2987 2988
f 3012 2987 3013
f 2728 3013 2727
f 3013 2989 2727
f 3013 2988 2989
f 2727 2989 2713
f 2990 2991 3014
f 3014 2991 3015
f 2990 3016 2993
f 2990 3014 3016
f 2993 3017 2994
f 2993 3016 3017
f 3017 2732 2717
f 3017 2717 2994
f 2734 2995 2722
f 2734 3018 2995
f 2996 2736 2725
f 2736 2996 2739
f 2739 2996 2998
f 2739 2998 2741
f 2741 2998 2999
f 2741 2999 2743
f 2743 2999 3000
f 2743 3000 2744
f 3000 3019 2744
f 3000 3001 3019
f 3020 3001 3002
f 3019 3001 3020
f 3021 3002 3004
f 3020 3002 3021
f 3022 3004 3005
f 3021 3004 3022
f 3023 3005 3007
f 3022 3005 3023
f 3024 3007 3009
f 3023 3007 3024
f 3025 3009 3010
f 3024 3009 3025
f 2747 3025 2746
f 3025 3011 2746
f 3025 3010 3011
f 2746 3011 2749
f 2749 3011 3012
f 2749 3012 2751
f 2751 3012 3013
f 2751 3013 2728
f 3028 3027 3026
f 3030 3029 3026
f 3026 3029 3028
f 3029 3030 3015
f 3030 3014 3015
f 3030 3031 3014
f 3014 3032 3016
f 3014 3031 3032
f 3032 2755 2756
f 3017 3032 2756
f 3016 3032 3017
f 3017 2756 2732
f 2758 3034 3033
f 3018 2758 3033
f 2734 2758 3018
f 3034 3035 3033
f 3019 2760 2744
f 2760 3019 2762
f 2762 3019 3020
f 2762 3020 2764
f 2764 3020 3021
f 2764 3021 2766
f 2766 3021 3022
f 2766 3022 2768
f 2768 3022 3023
f 2768 3023 2770
f 2770 3023 3024
f 2770 3024 2772
f 2772 3024 3025
f 2772 3025 2747
f 3038 3037 3036
f 3038 3036 3027
f 3036 3026 3027
f 3036 3039 3026
f 3026 3040 3030
f 3026 3039 3040
f 3040 2776 2777
f 3031 3040 2777
f 3030 3040 3031
f 3031 2777 2778
f 3031 2778 3032
f 3032 2778 2755
f 2781 3034 2758
f 3042 3041 2783
f 2783 3041 2781
f 3041 3035 2781
f 3035 3034 2781
f 3044 3043 3042
f 3042 3043 3041
f 3044 3045 3043
f 3048 3047 3046
f 3050 3049 3046
f 3046 3049 3048
f 3052 3051 3050
f 3050 3051 3049
f 3051 3052 3037
f 3052 3036 3037
f 3052 3053 3036
f 3053 2785 2786
f 3039 3053 2786
f 3036 3053 3039
f 3039 2786 2787
f 3039 2787 3040
f 3040 2787 2776
f 2790 3042 2783
f 3042 2790 2792
f 3054 3042 2792
f 3044 3042 3054
f 3045 3044 3055
f 3044 3056 3055
f 3044 3054 3056
f 3058 3057 3056
f 3056 3057 3055
f 3060 3059 3058
f 3058 3059 3057
f 3062 3061 3060
f 3060 3061 3059
f 3064 3063 3062
f 3062 3063 3061
f 3066 3065 3064
f 3064 3065 3063
f 3068 3067 3066
f 3066 3067 3065
f 3070 3069 3068
f 3068 3069 3067
f 3072 3071 3070
f 3070 3071 3069
f 3074 3073 3072
f 3072 3073 3071
f 3076 3075 3074
f 3074 3075 3073
f 3078 3077 3076
f 3076 3077 3075
f 3077 3078 3047
f 3078 3046 3047
f 3078 3079 3046
f 3079 2794 2795
f 3050 3079 2795
f 3046 3079 3050
f 3050 2795 2796
f 3050 2796 3052
f 3052 2796 2798
f 3052 2798 3053
f 3053 2798 2785
f 2800 3054 2792
f 3054 2800 2802
f 3054 2802 3056
f 3056 2802 2804
f 3056 2804 3058
f 3058 2804 2806
f 3080 3058 2806
f 3060 3058 3080
f 3060 3081 3062
f 3060 3080 3081
f 3062 3082 3064
f 3062 3081 3082
f 3064 3083 3066
f 3064 3082 3083
f 3066 3084 3068
f 3066 3083 3084
f 3068 3085 3070
f 3068 3084 3085
f 3085 2808 2809
f 3072 3085 2809
f 3070 3085 3072
f 3072 2809 2810
f 3072 2810 3074
f 3074 2810 2812
f 3074 2812 3076
f 3076 2812 2814
f 3076 2814 3078
f 3078 2814 2816
f 3078 2816 3079
f 3079 2816 2794
f 2818 3080 2806
f 3080 2818 2820
f 3080 2820 3081
f 3081 2820 2822
f 3081 2822 3082
f 3082 2822 2824
f 3082 2824 3083
f 3083 2824 2826
f 3083 2826 3084
f 3084 2826 2828
f 3084 2828 3085
f 3085 2828 2808
f 2839 3086 2838
f 3087 2840 2838
f 3087 2838 3086
f 3088 2841 2840
f 3088 2840 3087
f 3089 2842 2841
f 3089 2841 3088
f 3090 2843 2842
f 3090 2842 3089
f 3091 2844 2843
f 3091 2843 3090
f 3092 2845 2844
f 3092 2844 3091
f 3093 2846 2845
f 3093 2845 3092
f 3094 2847 2846
f 3094 2846 3093
f 3095 2848 2847
f 3095 2847 3094
f 3096 2849 2848
f 3096 2848 3095
f 3097 2850 2849
f 3097 2849 3096
f 3097 2852 2850
f 2855 3098 2854
f 3098 3099 2854
f 2854 3099 2839
f 3099 3100 2839
f 3100 3086 2839
f 3086 3100 3087
f 3087 3100 3101
f 3087 3101 3088
f 3088 3101 3102
f 3088 3102 3089
f 3089 3102 3103
f 3089 3103 3090
f 3090 3103 3104
f 3090 3104 3091
f 3091 3104 3105
f 3091 3105 3092
f 3092 3105 3106
f 3092 3106 3093
f 3093 3106 3107
f 3093 3107 3094
f 3094 3107 3108
f 3094 3108 3095
f 3095 3108 3109
f 3095 3109 3096
f 3096 3109 3110
f 3096 3110 3097
f 3097 3110 3111
f 3111 3113 3112
f 3111 3112 2856
f 3097 3111 2856
f 2852 3097 2856
f 3114 2857 2856
f 3114 2856 3112
f 3115 2858 2857
f 3115 2857 3114
f 3115 2860 2858
f 2862 3116 3098
f 2862 3098 2855
f 3099 3098 3117
f 3117 3098 3116
f 3113 3118 3112
f 3112 3118 3114
f 3114 3118 3119
f 3121 3120 3119
f 3120 3114 3119
f 3120 3115 3114
f 3122 2863 2860
f 3115 3122 2860
f 3120 3122 3115
f 3123 2864 2863
f 3123 2863 3122
f 3123 2866 2864
f 2867 3116 2862
f 2867 2868 3116
f 2868 3124 3116
f 3124 3117 3116
f 2868 3125 3124
f 2869 3126 2868
f 2868 3126 3125
f 2871 3126 2869
f 3121 3127 3120
f 3120 3127 3122
f 3122 3127 3128
f 3130 3129 3128
f 3129 3122 3128
f 3129 3123 3122
f 3131 2883 2866
f 3123 3131 2866
f 3129 3131 3123
f 3131 2885 2883
f 3132 3124 3125
f 3134 3133 3132
f 3125 3134 3132
f 3126 3134 3125
f 2887 3135 2871
f 3135 3126 2871
f 3135 3134 3126
f 2888 3136 2887
f 2887 3136 3135
f 2889 3136 2888
f 3130 3137 3129
f 3139 3138 3137
f 3138 3129 3137
f 3138 3131 3129
f 3140 2902 2885
f 3131 3140 2885
f 3138 3140 3131
f 3140 2904 2902
f 3141 3133 3134
f 3143 3142 3141
f 3134 3143 3141
f 3135 3143 3134
f 3144 3135 3136
f 3143 3135 3144
f 2906 3145 2889
f 3145 3136 2889
f 3145 3144 3136
f 2907 3146 2906
f 2906 3146 3145
f 2908 3147 2907
f 2907 3147 3146
f 2909 3148 2908
f 2908 3148 3147
f 2910 3149 2909
f 2909 3149 3148
f 2911 3150 2910
f 2910 3150 3149
f 2912 3151 2911
f 2911 3151 3150
f 2913 3152 2912
f 2912 3152 3151
f 2914 3152 2913
f 3139 3153 3138
f 3155 3154 3153
f 3154 3138 3153
f 3154 3140 3138
f 3156 2920 2904
f 3140 3156 2904
f 3154 3156 3140
f 3156 2922 2920
f 3142 3143 3157
f 3142 3157 3158
f 3159 3143 3144
f 3157 3143 3159
f 3160 3144 3145
f 3159 3144 3160
f 3161 3145 3146
f 3160 3145 3161
f 3162 3146 3147
f 3161 3146 3162
f 3163 3147 3148
f 3162 3147 3163
f 3164 3148 3149
f 3163 3148 3164
f 3165 3149 3150
f 3164 3149 3165
f 3166 3150 3151
f 3165 3150 3166
f 3167 3151 3152
f 3166 3151 3167
f 2924 3168 2914
f 3168 3152 2914
f 3168 3167 3152
f 2925 3168 2924
f 3154 3155 3169
f 3169 3155 3170
f 3154 3171 3156
f 3154 3169 3171
f 3172 2930 2922
f 3156 3172 2922
f 3171 3172 3156
f 3172 2932 2930
f 3158 3157 3173
f 3158 3173 3174
f 3175 3157 3159
f 3173 3157 3175
f 3176 3159 3160
f 3175 3159 3176
f 3177 3160 3161
f 3176 3160 3177
f 3178 3161 3162
f 3177 3161 3178
f 3179 3162 3163
f 3178 3162 3179
f 3180 3163 3164
f 3179 3163 3180
f 3181 3164 3165
f 3180 3164 3181
f 3182 3165 3166
f 3181 3165 3182
f 3183 3166 3167
f 3182 3166 3183
f 3184 3167 3168
f 3183 3167 3184
f 2935 3184 2925
f 2925 3184 3168
f 3170 3185 3169
f 3187 3186 3185
f 3186 3169 3185
f 3186 3171 3169
f 3171 3188 3172
f 3171 3186 3188
f 3189 2940 2932
f 3172 3189 2932
f 3188 3189 3172
f 3189 2942 2940
f 3192 3191 3190
f 3194 3193 3190
f 3194 3190 3191
f 3193 3194 3174
f 3173 3193 3174
f 3195 3193 3173
f 3196 3173 3175
f 3195 3173 3196
f 3197 3175 3176
f 3196 3175 3197
f 3198 3176 3177
f 3197 3176 3198
f 3199 3177 3178
f 3198 3177 3199
f 3200 3178 3179
f 3199 3178 3200
f 3201 3179 3180
f 3200 3179 3201
f 3202 3180 3181
f 3201 3180 3202
f 3203 3181 3182
f 3202 3181 3203
f 3204 3182 3183
f 3203 3182 3204
f 3205 3183 3184
f 3204 3183 3205
f 2945 3205 2935
f 2935 3205 3184
f 3186 3187 3206
f 3206 3187 3207
f 3186 3208 3188
f 3186 3206 3208
f 3188 3209 3189
f 3188 3208 3209
f 3209 2951 2942
f 3209 2942 3189
f 3192 3190 3210
f 3192 3210 3211
f 3212 3190 3193
f 3210 3190 3212
f 3213 3193 3195
f 3212 3193 3213
f 3214 3195 3196
f 3213 3195 3214
f 3215 3196 3197
f 3214 3196 3215
f 3216 3197 3198
f 3215 3197 3216
f 3217 3198 3199
f 3216 3198 3217
f 3218 3199 3200
f 3217 3199 3218
f 3219 3200 3201
f 3218 3200 3219
f 3220 3201 3202
f 3219 3201 3220
f 3221 3202 3203
f 3220 3202 3221
f 3222 3203 3204
f 3221 3203 3222
f 3223 3204 3205
f 3222 3204 3223
f 2954 3223 2945
f 2945 3223 3205
f 3206 3207 3224
f 3224 3207 3225
f 3206 3226 3208
f 3206 3224 3226
f 3208 3227 3209
f 3208 3226 3227
f 3227 2960 2951
f 3227 2951 3209
f 3211 3210 2964
f 2965 3211 2964
f 3228 3211 2965
f 2964 3210 2967
f 2967 3210 3212
f 2967 3212 2969
f 2969 3212 3213
f 2969 3213 2970
f 3213 3229 2970
f 3213 3214 3229
f 2973 3229 2972
f 3229 3215 2972
f 3229 3214 3215
f 2972 3215 2975
f 2975 3215 3216
f 2975 3216 2977
f 2977 3216 3217
f 2977 3217 2979
f 2979 3217 3218
f 2979 3218 2980
f 3218 3230 2980
f 3218 3219 3230
f 3231 3219 3220
f 3230 3219 3231
f 3232 3220 3221
f 3231 3220 3232
f 2983 3232 2982
f 3232 3222 2982
f 3232 3221 3222
f 2982 3222 2985
f 2985 3222 3223
f 2985 3223 2954
f 3235 3234 3233
f 3235 3233 3225
f 3233 3224 3225
f 3233 3236 3224
f 3224 3237 3226
f 3224 3236 3237
f 3237 2991 2992
f 3227 3237 2992
f 3226 3237 3227
f 3227 2992 2960
f 2995 3239 3238
f 3228 2995 3238
f 2965 2995 3228
f 3239 3240 3238
f 3229 2997 2970
f 2997 3229 2973
f 3230 3003 2980
f 3003 3230 3006
f 3006 3230 3231
f 3006 3231 3008
f 3008 3231 3232
f 3008 3232 2983
f 3243 3242 3241
f 3243 3241 3234
f 3241 3233 3234
f 3241 3244 3233
f 3233 3245 3236
f 3233 3244 3245
f 3236 3246 3237
f 3236 3245 3246
f 3246 3015 2991
f 3246 2991 3237
f 3018 3247 3239
f 3018 3239 2995
f 3240 3239 3248
f 3239 3249 3248
f 3239 3247 3249
f 3249 3250 3248
f 3253 3252 3251
f 3253 3251 3242
f 3251 3241 3242
f 3251 3254 3241
f 3241 3255 3244
f 3241 3254 3255
f 3255 3027 3028
f 3245 3255 3028
f 3244 3255 3245
f 3245 3028 3029
f 3245 3029 3246
f 3246 3029 3015
f 3033 3247 3018
f 3247 3033 3035
f 3256 3247 3035
f 3249 3247 3256
f 3250 3249 3257
f 3249 3258 3257
f 3249 3256 3258
f 3260 3259 3258
f 3258 3259 3257
f 3260 3261 3259
f 3264 3263 3262
f 3266 3265 3262
f 3262 3265 3264
f 3268 3267 3266
f 3266 3267 3265
f 3267 3268 3252
f 3268 3251 3252
f 3268 3269 3251
f 3251 3270 3254
f 3251 3269 3270
f 3270 3037 3038
f 3255 3270 3038
f 3254 3270 3255
f 3255 3038 3027
f 3041 3256 3035
f 3256 3041 3043
f 3256 3043 3258
f 3258 3043 3045
f 3271 3258 3045
f 3260 3258 3271
f 3261 3260 3272
f 3260 3273 3272
f 3260 3271 3273
f 3275 3274 3273
f 3273 3274 3272
f 3277 3276 3275
f 3275 3276 3274
f 3279 3278 3277
f 3277 3278 3276
f 3281 3280 3279
f 3279 3280 3278
f 3283 3282 3281
f 3281 3282 3280
f 3285 3284 3283
f 3283 3284 3282
f 3287 3286 3285
f 3285 3286 3284
f 3289 3288 3287
f 3287 3288 3286
f 3288 3289 3263
f 3289 3262 3263
f 3289 3290 3262
f 3262 3291 3266
f 3262 3290 3291
f 3291 3047 3048
f 3268 3291 3048
f 3266 3291 3268
f 3268 3048 3049
f 3268 3049 3269
f 3269 3049 3051
f 3269 3051 3270
f 3270 3051 3037
f 3055 3271 3045
f 3271 3055 3057
f 3271 3057 3273
f 3273 3057 3059
f 3273 3059 3275
f 3275 3059 3061
f 3275 3061 3277
f 3277 3061 3063
f 3277 3063 3279
f 3279 3063 3065
f 3279 3065 3281
f 3281 3065 3067
f 3281 3067 3283
f 3283 3067 3069
f 3283 3069 3285
f 3285 3069 3071
f 3285 3071 3287
f 3287 3071 3073
f 3287 3073 3289
f 3289 3073 3075
f 3289 3075 3290
f 3290 3075 3077
f 3290 3077 3291
f 3291 3077 3047
f 3099 3292 3100
f 3293 3101 3100
f 3293 3100 3292
f 3294 3102 3101
f 3294 3101 3293
f 3295 3103 3102
f 3295 3102 3294
f 3296 3104 3103
f 3296 3103 3295
f 3297 3105 3104
f 3297 3104 3296
f 3298 3106 3105
f 3298 3105 3297
f 3299 3107 3106
f 3299 3106 3298
f 3300 3108 3107
f 3300 3107 3299
f 3301 3109 3108
f 3301 3108 3300
f 3302 3110 3109
f 3302 3109 3301
f 3303 3111 3110
f 3303 3110 3302
f 3303 3113 3111
f 3117 3304 3292
f 3117 3292 3099
f 3306 3293 3305
f 3293 3304 3305
f 3293 3292 3304
f 3293 3306 3294
f 3294 3306 3307
f 3294 3307 3295
f 3295 3307 3308
f 3295 3308 3296
f 3296 3308 3309
f 3296 3309 3297
f 3297 3309 3310
f 3297 3310 3298
f 3298 3310 3311
f 3298 3311 3299
f 3299 3311 3312
f 3314 3313 3312
f 3313 3299 3312
f 3313 3300 3299
f 3300 3315 3301
f 3300 3313 3315
f 3301 3316 3302
f 3301 3315 3316
f 3302 3317 3303
f 3302 3316 3317
f 3318 3118 3113
f 3303 3318 3113
f 3317 3318 3303
f 3319 3119 3118
f 3319 3118 3318
f 3319 3121 3119
f 3321 3320 3304
f 3117 3321 3304
f 3124 3321 3117
f 3304 3320 3305
f 3314 3322 3313
f 3313 3322 3315
f 3315 3322 3323
f 3315 3323 3316
f 3316 3323 3324
f 3326 3325 3324
f 3325 3316 3324
f 3325 3317 3316
f 3317 3327 3318
f 3317 3325 3327
f 3318 3328 3319
f 3318 3327 3328
f 3329 3127 3121
f 3319 3329 3121
f 3328 3329 3319
f 3330 3128 3127
f 3330 3127 3329
f 3330 3130 3128
f 3124 3132 3331
f 3332 3124 3331
f 3321 3124 3332
f 3133 3331 3132
f 3326 3333 3325
f 3325 3333 3327
f 3327 3333 3334
f 3336 3335 3334
f 3335 3327 3334
f 3335 3328 3327
f 3328 3337 3329
f 3328 3335 3337
f 3329 3338 3330
f 3329 3337 3338
f 3339 3137 3130
f 3330 3339 3130
f 3338 3339 3330
f 3339 3139 3137
f 3332 3331 3340
f 3332 3340 3341
f 3141 3342 3133
f 3342 3331 3133
f 3342 3340 3331
f 3142 3342 3141
f 3336 3343 3335
f 3345 3344 3343
f 3344 3335 3343
f 3344 3337 3335
f 3337 3346 3338
f 3337 3344 3346
f 3338 3347 3339
f 3338 3346 3347
f 3348 3153 3139
f 3339 3348 3139
f 3347 3348 3339
f 3348 3155 3153
f 3341 3340 3349
f 3341 3349 3350
f 3351 3340 3342
f 3349 3340 3351
f 3158 3351 3142
f 3142 3351 3342
f 3345 3352 3344
f 3354 3353 3352
f 3353 3344 3352
f 3353 3346 3344
f 3346 3355 3347
f 3346 3353 3355
f 3347 3356 3348
f 3347 3355 3356
f 3356 3170 3155
f 3356 3155 3348
f 3350 3349 3357
f 3350 3357 3358
f 3359 3349 3351
f 3357 3349 3359
f 3174 3359 3158
f 3158 3359 3351
f 3353 3354 3360
f 3360 3354 3361
f 3353 3362 3355
f 3353 3360 3362
f 3355 3363 3356
f 3355 3362 3363
f 3364 3185 3170
f 3356 3364 3170
f 3363 3364 3356
f 3364 3187 3185
f 3191 3192 3365
f 3357 3366 3358
f 3191 3365 3194
f 3367 3194 3365
f 3194 3367 3359
f 3366 3359 3367
f 3359 3366 3357
f 3194 3359 3174
f 3360 3361 3368
f 3368 3361 3369
f 3360 3370 3362
f 3360 3368 3370
f 3362 3371 3363
f 3362 3370 3371
f 3363 3372 3364
f 3363 3371 3372
f 3372 3207 3187
f 3372 3187 3364
f 3211 3373 3365
f 3211 3365 3192
f 3367 3365 3374
f 3374 3365 3373
f 3368 3369 3375
f 3375 3369 3376
f 3368 3377 3370
f 3368 3375 3377
f 3370 3378 3371
f 3370 3377 3378
f 3371 3379 3372
f 3371 3378 3379
f 3379 3225 3207
f 3379 3207 3372
f 3228 3380 3373
f 3228 3373 3211
f 3374 3373 3381
f 3373 3382 3381
f 3373 3380 3382
f 3382 3383 3381
f 3386 3385 3384
f 3386 3384 3376
f 3384 3375 3376
f 3384 3387 3375
f 3375 3388 3377
f 3375 3387 3388
f 3377 3389 3378
f 3377 3388 3389
f 3389 3234 3235
f 3379 3389 3235
f 3378 3389 3379
f 3379 3235 3225
f 3238 3380 3228
f 3380 3238 3240
f 3390 3380 3240
f 3382 3380 3390
f 3383 3382 3391
f 3382 3392 3391
f 3382 3390 3392
f 3394 3393 3392
f 3392 3393 3391
f 3396 3395 3394
f 3394 3395 3393
f 3396 3397 3395
f 3400 3399 3398
f 3402 3401 3398
f 3398 3401 3400
f 3401 3402 3385
f 3402 3384 3385
f 3402 3403 3384
f 3384 3404 3387
f 3384 3403 3404
f 3387 3405 3388
f 3387 3404 3405
f 3405 3242 3243
f 3389 3405 3243
f 3388 3405 3389
f 3389 3243 3234
f 3248 3390 3240
f 3390 3248 3250
f 3406 3390 3250
f 3392 3390 3406
f 3392 3407 3394
f 3392 3406 3407
f 3394 3408 3396
f 3394 3407 3408
f 3397 3396 3409
f 3396 3410 3409
f 3396 3408 3410
f 3412 3411 3410
f 3410 3411 3409
f 3414 3413 3412
f 3412 3413 3411
f 3416 3415 3414
f 3414 3415 3413
f 3418 3417 3416
f 3416 3417 3415
f 3420 3419 3418
f 3418 3419 3417
f 3422 3421 3420
f 3420 3421 3419
f 3421 3422 3399
f 3422 3398 3399
f 3422 3423 3398
f 3398 3424 3402
f 3398 3423 3424
f 3402 3425 3403
f 3402 3424 3425
f 3403 3426 3404
f 3403 3425 3426
f 3426 3252 3253
f 3405 3426 3253
f 3404 3426 3405
f 3405 3253 3242
f 3257 3406 3250
f 3406 3257 3259
f 3406 3259 3407
f 3407 3259 3261
f 3427 3407 3261
f 3408 3407 3427
f 3408 3428 3410
f 3408 3427 3428
f 3410 3429 3412
f 3410 3428 3429
f 3412 3430 3414
f 3412 3429 3430
f 3414 3431 3416
f 3414 3430 3431
f 3416 3432 3418
f 3416 3431 3432
f 3418 3433 3420
f 3418 3432 3433
f 3420 3434 3422
f 3420 3433 3434
f 3422 3435 3423
f 3422 3434 3435
f 3435 3263 3264
f 3424 3435 3264
f 3423 3435 3424
f 3424 3264 3265
f 3424 3265 3425
f 3425 3265 3267
f 3425 3267 3426
f 3426 3267 3252
f 3272 3427 3261
f 3427 3272 3274
f 3427 3274 3428
f 3428 3274 3276
f 3428 3276 3429
f 3429 3276 3278
f 3429 3278 3430
f 3430 3278 3280
f 3430 3280 3431
f 3431 3280 3282
f 3431 3282 3432
f 3432 3282 3284
f 3432 3284 3433
f 3433 3284 3286
f 3433 3286 3434
f 3434 3286 3288
f 3434 3288 3435
f 3435 3288 3263
f 3305 3436 3306
f 3437 3307 3306
f 3437 3306 3436
f 3438 3308 3307
f 3438 3307 3437
f 3439 3309 3308
f 3439 3308 3438
f 3440 3310 3309
f 3440 3309 3439
f 3441 3311 3310
f 3441 3310 3440
f 3442 3312 3311
f 3442 3311 3441
f 3442 3314 3312
f 3321 3443 3320
f 3436 3305 3320
f 3443 3436 3320
f 3444 3436 3443
f 3436 3445 3437
f 3436 3444 3445
f 3437 3446 3438
f 3437 3445 3446
f 3438 3447 3439
f 3438 3446 3447
f 3439 3448 3440
f 3439 3447 3448
f 3440 3449 3441
f 3440 3448 3449
f 3441 3450 3442
f 3441 3449 3450
f 3451 3322 3314
f 3442 3451 3314
f 3450 3451 3442
f 3452 3323 3322
f 3452 3322 3451
f 3453 3324 3323
f 3453 3323 3452
f 3453 3326 3324
f 3332 3454 3443
f 3332 3443 3321
f 3443 3455 3444
f 3443 3454 3455
f 3444 3456 3445
f 3444 3455 3456
f 3445 3457 3446
f 3445 3456 3457
f 3446 3458 3447
f 3446 3457 3458
f 3447 3459 3448
f 3447 3458 3459
f 3448 3460 3449
f 3448 3459 3460
f 3449 3461 3450
f 3449 3460 3461
f 3450 3462 3451
f 3450 3461 3462
f 3451 3463 3452
f 3451 3462 3463
f 3452 3464 3453
f 3452 3463 3464
f 3465 3333 3326
f 3453 3465 3326
f 3464 3465 3453
f 3466 3334 3333
f 3466 3333 3465
f 3466 3336 3334
f 3341 3467 3454
f 3341 3454 3332
f 3454 3468 3455
f 3454 3467 3468
f 3470 3456 3469
f 3456 3468 3469
f 3456 3455 3468
f 3456 3470 3457
f 3457 3470 3471
f 3473 3472 3471
f 3472 3457 3471
f 3472 3458 3457
f 3458 3474 3459
f 3458 3472 3474
f 3459 3475 3460
f 3459 3474 3475
f 3460 3476 3461
f 3460 3475 3476
f 3461 3477 3462
f 3461 3476 3477
f 3462 3478 3463
f 3462 3477 3478
f 3463 3479 3464
f 3463 3478 3479
f 3464 3480 3465
f 3464 3479 3480
f 3465 3481 3466
f 3465 3480 3481
f 3482 3343 3336
f 3466 3482 3336
f 3481 3482 3466
f 3482 3345 3343
f 3350 3483 3467
f 3350 3467 3341
f 3467 3484 3468
f 3467 3483 3484
f 3469 3468 3485
f 3468 3486 3485
f 3468 3484 3486
f 3488 3487 3486
f 3486 3487 3485
f 3487 3488 3473
f 3488 3472 3473
f 3488 3489 3472
f 3472 3490 3474
f 3472 3489 3490
f 3474 3491 3475
f 3474 3490 3491
f 3475 3492 3476
f 3475 3491 3492
f 3476 3493 3477
f 3476 3492 3493
f 3477 3494 3478
f 3477 3493 3494
f 3478 3495 3479
f 3478 3494 3495
f 3479 3496 3480
f 3479 3495 3496
f 3480 3497 3481
f 3480 3496 3497
f 3481 3498 3482
f 3481 3497 3498
f 3499 3352 3345
f 3482 3499 3345
f 3498 3499 3482
f 3499 3354 3352
f 3358 3500 3483
f 3358 3483 3350
f 3483 3501 3484
f 3483 3500 3501
f 3484 3502 3486
f 3484 3501 3502
f 3486 3503 3488
f 3486 3502 3503
f 3488 3504 3489
f 3488 3503 3504
f 3489 3505 3490
f 3489 3504 3505
f 3490 3506 3491
f 3490 3505 3506
f 3491 3507 3492
f 3491 3506 3507
f 3492 3508 3493
f 3492 3507 3508
f 3493 3509 3494
f 3493 3508 3509
f 3494 3510 3495
f 3494 3509 3510
f 3495 3511 3496
f 3495 3510 3511
f 3496 3512 3497
f 3496 3511 3512
f 3497 3513 3498
f 3497 3512 3513
f 3498 3514 3499
f 3498 3513 3514
f 3514 3361 3354
f 3514 3354 3499
f 3366 3500 3358
f 3500 3366 3367
f 3515 3500 3367
f 3501 3500 3515
f 3501 3516 3502
f 3501 3515 3516
f 3502 3517 3503
f 3502 3516 3517
f 3503 3518 3504
f 3503 3517 3518
f 3504 3519 3505
f 3504 3518 3519
f 3505 3520 3506
f 3505 3519 3520
f 3506 3521 3507
f 3506 3520 3521
f 3507 3522 3508
f 3507 3521 3522
f 3508 3523 3509
f 3508 3522 3523
f 3509 3524 3510
f 3509 3523 3524
f 3510 3525 3511
f 3510 3524 3525
f 3511 3526 3512
f 3511 3525 3526
f 3512 3527 3513
f 3512 3526 3527
f 3513 3528 3514
f 3513 3527 3528
f 3528 3369 3361
f 3528 3361 3514
f 3374 3529 3515
f 3374 3515 3367
f 3515 3530 3516
f 3515 3529 3530
f 3516 3531 3517
f 3516 3530 3531
f 3517 3532 3518
f 3517 3531 3532
f 3518 3533 3519
f 3518 3532 3533
f 3519 3534 3520
f 3519 3533 3534
f 3520 3535 3521
f 3520 3534 3535
f 3521 3536 3522
f 3521 3535 3536
f 3522 3537 3523
f 3522 3536 3537
f 3523 3538 3524
f 3523 3537 3538
f 3524 3539 3525
f 3524 3538 3539
f 3525 3540 3526
f 3525 3539 3540
f 3526 3541 3527
f 3526 3540 3541
f 3527 3542 3528
f 3527 3541 3542
f 3542 3376 3369
f 3542 3369 3528
f 3381 3529 3374
f 3529 3381 3383
f 3543 3529 3383
f 3530 3529 3543
f 3530 3544 3531
f 3530 3543 3544
f 3531 3545 3532
f 3531 3544 3545
f 3532 3546 3533
f 3532 3545 3546
f 3533 3547 3534
f 3533 3546 3547
f 3534 3548 3535
f 3534 3547 3548
f 3535 3549 3536
f 3535 3548 3549
f 3536 3550 3537
f 3536 3549 3550
f 3537 3551 3538
f 3537 3550 3551
f 3538 3552 3539
f 3538 3551 3552
f 3539 3553 3540
f 3539 3552 3553
f 3540 3554 3541
f 3540 3553 3554
f 3554 3385 3386
f 3542 3554 3386
f 3541 3554 3542
f 3542 3386 3376
f 3391 3543 3383
f 3543 3391 3393
f 3543 3393 3544
f 3544 3393 3395
f 3544 3395 3545
f 3545 3395 3397
f 3555 3545 3397
f 3546 3545 3555
f 3546 3556 3547
f 3546 3555 3556
f 3547 3557 3548
f 3547 3556 3557
f 3548 3558 3549
f 3548 3557 3558
f 3549 3559 3550
f 3549 3558 3559
f 3550 3560 3551
f 3550 3559 3560
f 3551 3561 3552
f 3551 3560 3561
f 3561 3399 3400
f 3553 3561 3400
f 3552 3561 3553
f 3553 3400 3401
f 3553 3401 3554
f 3554 3401 3385
f 3409 3555 3397
f 3555 3409 3411
f 3555 3411 3556
f 3556 3411 3413
f 3556 3413 3557
f 3557 3413 3415
f 3557 3415 3558
f 3558 3415 3417
f 3558 3417 3559
f 3559 3417 3419
f 3559 3419 3560
f 3560 3419 3421
f 3560 3421 3561
f 3561 3421 3399
f 3469 3562 3470
f 3563 3471 3470
f 3563 3470 3562
f 3563 3473 3471
f 3485 3562 3469
f 3562 3485 3487
f 3562 3487 3563
f 3563 3487 3473
