# https://github.com/mikedh/trimesh
v 0.06084855 0.38529730 0.45141693
v 0.06078118 0.38115686 0.44287801
v 0.07032516 0.41182846 0.49484153
v 0.06946833 0.40573475 0.48376803
v 0.11820387 0.51764447 0.58777476
v 0.26129425 0.56807670 0.68840759
v 0.23862451 0.56692797 0.68081952
v 0.05888001 0.37188591 0.41886533
v 0.05152400 0.37044288 0.40782693
v 0.17245992 0.53089497 0.62919190
v 0.18171257 0.53439099 0.63677608
v 0.07366488 0.43856983 0.53126567
v 0.09043282 0.45376638 0.54221902
v 0.09076103 0.49812621 0.56249435
v 0.09424813 0.48527808 0.55869144
v 0.07815562 0.42023578 0.50847030
v 0.20410248 0.54576254 0.65542293
v 0.13934479 0.51432857 0.59812781
v 0.21504899 0.55182207 0.66335732
v 0.15358425 0.51867133 0.60898944
v 0.08942154 0.47226007 0.55329414
v 0.04280731 0.35721325 0.36212650
v 0.04525049 0.36206268 0.37553232
v 0.22861068 0.56231088 0.67468890
v 0.21999019 0.55856279 0.67065802
v 0.04382297 0.36705007 0.39481280
v 0.09935856 0.51334553 0.57306223
v 0.08846918 0.50890347 0.56673266
v 0.25059356 0.56917909 0.69519405
v 0.23765898 0.56550613 0.69324426
v 0.22699995 0.56292275 0.68445512
v 0.21943145 0.56026200 0.67782162
v 0.26058187 0.56824350 0.69724364
v -0.28147803 0.24607519 0.69076173
v -0.27337533 0.25648885 0.68439556
v -0.25412006 0.26670997 0.68726843
v -0.30015909 0.16035245 0.78639647
v -0.29144310 0.17160145 0.77988108
v -0.28939995 0.16282763 0.79342286
v -0.30552309 0.15147271 0.79117275
v -0.31184387 0.15546330 0.77993046
v -0.29498269 0.15266932 0.80031481
v -0.30644898 0.16675857 0.77230419
v -0.27906365 0.16975625 0.79346023
v -0.28094344 0.15874417 0.80633263
v -0.29974051 0.17913002 0.76241118
v 0.03338939 0.23061047 0.98390634
v 0.02115986 0.22677510 0.98122794
v 0.03035633 0.23995105 0.97597747
v 0.03070751 0.21967750 0.98692155
v 0.04174344 0.23917719 0.98235631
v 0.05171154 0.23804919 0.98669256
v 0.05089714 0.24708334 0.98183606
v 0.05623639 0.24410243 0.98591268
v 0.04150139 0.25155451 0.97208653
v -0.02477758 0.33604815 0.79388113
v -0.01113485 0.34685020 0.79118754
v -0.01171266 0.33651409 0.80492310
v -0.02248140 0.32644673 0.80919852
v -0.03261919 0.32519033 0.80179004
v -0.03500953 0.33987180 0.77957953
v -0.02207302 0.34838321 0.77943295
v -0.03922537 0.32885915 0.79082976
v 0.11828725 0.44999317 0.76216985
v 0.13094876 0.45134037 0.77141265
v 0.12211158 0.44331486 0.77488475
v 0.10855545 0.45330312 0.74916922
v 0.11989324 0.46124457 0.74783083
v 0.11341606 0.43949188 0.77259703
v 0.12924326 0.45996198 0.75771786
v 0.10359371 0.44144559 0.76132567
v 0.11905246 0.43334049 0.78625075
v 0.12875629 0.44250208 0.78196481
v 0.13670811 0.45990505 0.76436518
v 0.14044001 0.44716123 0.78594690
v 0.14061896 0.45665556 0.77250697
v 0.14785567 0.43286171 0.81347607
v 0.14631216 0.42191399 0.82795871
v 0.13557129 0.42345945 0.81551514
v 0.14837493 0.44219837 0.80043433
v 0.15990299 0.44337409 0.80964323
v 0.15785426 0.43062056 0.82633472
v 0.13855301 0.43530205 0.80122072
v 0.12801683 0.41231523 0.82451012
v 0.12303436 0.41788041 0.81185786
v 0.12733655 0.42831619 0.80089957
v 0.13697378 0.41480489 0.82938524
v 0.02276196 0.38510445 0.76874635
v 0.03266651 0.38283721 0.78047489
v 0.02116216 0.37596737 0.77980293
v 0.01279639 0.38653728 0.75818617
v 0.02449857 0.39571630 0.75582502
v 0.03378769 0.39370081 0.76658438
v 0.01203738 0.37608209 0.77168478
v 0.01413125 0.39884184 0.74273461
v 0.02770363 0.40645402 0.74399374
v 0.03607886 0.40379726 0.75477461
v 0.13145416 0.47098560 0.74414117
v 0.11067731 0.46325356 0.73718359
v 0.12058775 0.47005503 0.73612852
v 0.17633083 0.49766195 0.74615356
v 0.18110349 0.49188046 0.75893461
v 0.16894519 0.48548107 0.75693968
v 0.18625308 0.50039599 0.75138952
v 0.18542153 0.50798407 0.73962653
v 0.16436584 0.49376715 0.74083517
v 0.17224305 0.50623392 0.73006863
v 0.19160310 0.49682741 0.76158245
v 0.18665228 0.48744706 0.77058246
v 0.17732655 0.48354913 0.76749841
v -0.24439245 0.27561695 0.68439690
v -0.24560490 0.28492809 0.67220619
v -0.23672397 0.28329340 0.68145751
v -0.23198357 0.27624015 0.69378747
v -0.25582569 0.27608232 0.67453411
v -0.16112813 0.20191337 0.85600825
v -0.16312850 0.19130864 0.87002841
v -0.17146980 0.19342571 0.85882208
v -0.15053425 0.20044598 0.86834696
v -0.14894869 0.21217791 0.85236907
v -0.17041478 0.20154706 0.84766529
v -0.16283817 0.21305565 0.83790802
v -0.18017144 0.18759604 0.85924030
v -0.17956050 0.19497542 0.84874651
v -0.17484026 0.18384433 0.86997111
v -0.05724142 0.36316758 0.72927296
v -0.06398852 0.37129208 0.71292872
v -0.04989560 0.37443768 0.72072848
v -0.06314300 0.35163046 0.73936789
v -0.07003516 0.35792925 0.72519306
v -0.05075700 0.35690076 0.74309371
v -0.04518360 0.36735451 0.73406979
v -0.03849749 0.37738466 0.72652584
v -0.03368538 0.37097666 0.73911407
v -0.04037090 0.36209027 0.74515754
v 0.03925574 0.41500883 0.74222842
v 0.04788874 0.41041378 0.75587879
v 0.03038660 0.41373958 0.73640702
v 0.03268414 0.42184257 0.72744707
v 0.04660787 0.42711664 0.73206540
v 0.05333741 0.42138085 0.74556074
v 0.02217440 0.41169639 0.73224207
v 0.06958204 0.45383567 0.71543850
v 0.05953887 0.45338585 0.70768020
v 0.06616421 0.46178003 0.70196235
v 0.07749157 0.46489855 0.70713488
v 0.05934717 0.44681167 0.71629620
v 0.08124140 0.45862722 0.71872476
v 0.07859063 0.44853868 0.73016825
v 0.06534250 0.44280686 0.72671125
v 0.07314753 0.47030757 0.69628920
v 0.05381990 0.45854823 0.69608508
v 0.06375030 0.46949709 0.68966810
v 0.04918981 0.44588289 0.70909182
v -0.26784936 0.16723565 0.80687598
v -0.21763235 0.16892955 0.85052870
v -0.22270222 0.17594037 0.83581624
v -0.20963275 0.17698687 0.84665251
v -0.20803223 0.16662448 0.86259179
v -0.22007555 0.15991915 0.85977391
v -0.22751131 0.16489764 0.84671408
v -0.23086080 0.15478377 0.85582808
v -0.21298689 0.15579867 0.87099246
v -0.22239093 0.14786550 0.86963123
v 0.08516615 0.49878228 0.66742734
v 0.07884909 0.50597343 0.65247611
v 0.09021709 0.50897703 0.65734996
v 0.09905269 0.50698976 0.66712702
v 0.07356396 0.48826335 0.67244693
v 0.07240533 0.49672236 0.66002233
v 0.08508264 0.48765687 0.68255368
v 0.09710665 0.49669259 0.67986071
v 0.20160243 0.39717893 0.90998809
v 0.20579588 0.40992490 0.89867149
v 0.18697896 0.39251236 0.90761647
v 0.19407033 0.40430333 0.89805123
v 0.19255208 0.38391577 0.92023406
v -0.28590193 0.27872329 0.64192749
v -0.29871911 0.26924291 0.64161631
v -0.29455182 0.27656465 0.63145945
v -0.27214175 0.28318734 0.65098952
v -0.28098131 0.27226393 0.65775915
v -0.29169777 0.26858860 0.65227766
v -0.28595621 0.28613538 0.62341851
v -0.27417297 0.29174858 0.63508848
v -0.30286475 0.26883110 0.63060963
v -0.30167338 0.25891824 0.65510785
v -0.30720478 0.26171469 0.64067825
v -0.30351191 0.26725741 0.63785638
v -0.29673099 0.22241551 0.70801145
v -0.28930768 0.23524694 0.69791213
v -0.15722070 0.16695906 0.90971669
v -0.15486269 0.15608035 0.92298206
v -0.16791570 0.15632046 0.91120987
v -0.17077050 0.16754434 0.89654827
v -0.15682540 0.17771680 0.89604800
v -0.14571148 0.17667274 0.90788485
v -0.14455255 0.16673605 0.92120219
v -0.16345602 0.14539571 0.92245944
v -0.17604218 0.14525448 0.91209474
v -0.18177953 0.15543170 0.89987146
v -0.14325759 0.15774880 0.93099247
v -0.15560569 0.14823158 0.92818410
v -0.14795238 0.14920432 0.93292086
v 0.09075752 0.41777264 0.78299756
v 0.08659648 0.40664273 0.79487526
v 0.07635461 0.40741262 0.78475898
v 0.10128844 0.41967446 0.78963451
v 0.09629178 0.41105330 0.79730280
v 0.07940765 0.42002643 0.76992362
v 0.09130931 0.42998987 0.76651936
v 0.10408538 0.42941683 0.77848815
v 0.09080889 0.44002496 0.75224706
v 0.07895330 0.43098121 0.75443664
v -0.13663998 0.18463151 0.90514210
v -0.14473272 0.18643009 0.89492580
v -0.13303108 0.19358459 0.89530438
v -0.12612711 0.18920856 0.90817303
v -0.13220670 0.17743025 0.91886206
v 0.01436839 0.46383593 0.65638221
v 0.01889835 0.45810542 0.66795624
v 0.00812538 0.45111711 0.66833010
v 0.02730988 0.46638560 0.66381696
v 0.02558577 0.47524257 0.65014601
v 0.00097246 0.45651145 0.65503412
v 0.00560306 0.46532889 0.64669320
v 0.01395351 0.47322414 0.64266308
v 0.02683103 0.45749835 0.67530853
v 0.01763421 0.45132433 0.67593159
v 0.13762766 0.46637866 0.75600852
v -0.09238481 0.31059066 0.76824309
v -0.10189244 0.31308724 0.75661233
v -0.09065020 0.32115541 0.75572592
v -0.08189634 0.31836784 0.76709017
v -0.08399175 0.30991499 0.77654233
v -0.09138638 0.30036070 0.78283859
v -0.10418882 0.30079244 0.77092921
v -0.08903539 0.33148187 0.74350456
v -0.07836887 0.32954707 0.75532068
v -0.10000473 0.32389818 0.74400260
v -0.11291023 0.30559216 0.75691468
v -0.11093872 0.31646891 0.74432302
v 0.00173530 0.37675406 0.76183802
v -0.00883136 0.36753344 0.76510473
v -0.00878585 0.37692045 0.75254454
v 0.00135616 0.36664619 0.77517764
v 0.00184009 0.38696548 0.74820237
v -0.04127007 0.42556111 0.66112192
v -0.05072761 0.41486407 0.66735705
v -0.05233248 0.42278210 0.65547745
v -0.02778840 0.42800872 0.66912608
v -0.03867351 0.41741815 0.67398019
v -0.04513597 0.43372729 0.64645860
v -0.03207686 0.43624701 0.65454344
v -0.02930579 0.41893444 0.67973027
v -0.03522614 0.41035307 0.68601298
v -0.04714708 0.40657286 0.68110865
v 0.16623235 0.37683691 0.91257154
v 0.16069192 0.38317319 0.89880723
v 0.17354071 0.38819308 0.90308693
v 0.15434246 0.37220103 0.90871871
v 0.17894426 0.38050066 0.91715411
v 0.17028429 0.36929222 0.92515314
v 0.15965340 0.36751314 0.91978183
v 0.14785990 0.37795084 0.89429314
v 0.15521886 0.38827328 0.88621451
v 0.16723346 0.39594449 0.88647452
v 0.00571566 0.27360286 0.91114706
v 0.00353792 0.28190010 0.89695977
v 0.01444648 0.28333443 0.90522106
v 0.00778411 0.26403513 0.92707348
v -0.00290789 0.26504433 0.91542053
v -0.00566283 0.27234005 0.90212383
v 0.01751082 0.27573781 0.91923624
v 0.02253960 0.29255260 0.89938962
v 0.02541890 0.28567894 0.91217242
v 0.01225603 0.29135031 0.89144490
v -0.00689954 0.28127733 0.88794103
v 0.00190209 0.29034423 0.88313352
v 0.16504919 0.52217805 0.70045822
v 0.17280209 0.51640064 0.71589497
v 0.16212592 0.50928634 0.71660226
v 0.15152220 0.51047598 0.70564750
v 0.15040887 0.51934012 0.69203060
v 0.15653391 0.52844804 0.68362178
v 0.16962865 0.53452764 0.68488348
v 0.17780162 0.53218409 0.69660755
v 0.18022088 0.52570647 0.70890556
v 0.15107381 0.50022378 0.71982000
v 0.16021200 0.49986327 0.72837255
v 0.18473319 0.51825275 0.72405589
v 0.07385038 0.47857662 0.68574774
v 0.06281307 0.47869436 0.67660498
v 0.08461851 0.47647906 0.69735799
v 0.05256011 0.46853350 0.68178087
v -0.05145217 0.38498000 0.70561915
v -0.04238451 0.38298637 0.71584215
v -0.04169407 0.39861579 0.69595507
v -0.03977636 0.39043898 0.70824401
v -0.05594549 0.39471980 0.68924845
v -0.06593031 0.38277810 0.69645511
v -0.06961184 0.34061587 0.74829248
v -0.05584841 0.34475186 0.75478337
v -0.07972825 0.33797510 0.74299699
v -0.06538382 0.33327860 0.76172387
v -0.07522150 0.34687769 0.73519443
v -0.04464296 0.34271680 0.76727125
v -0.05497616 0.33561695 0.76773000
v -0.04226051 0.35323164 0.75529181
v -0.12773151 0.37365915 0.65781746
v -0.13366581 0.36418172 0.66507370
v -0.14136927 0.36904365 0.65205304
v -0.12128219 0.36665363 0.67199022
v -0.13213202 0.38013940 0.64481217
v -0.11554103 0.37836522 0.66180469
v -0.12221224 0.38223785 0.65108268
v -0.12301325 0.38921057 0.63969472
v -0.12289439 0.39716901 0.62433483
v -0.11191145 0.39788651 0.63696229
v -0.11238399 0.38846536 0.65087219
v -0.13508846 0.38681930 0.62953023
v 0.08223510 0.36593936 0.84891093
v 0.08329624 0.35876315 0.86032326
v 0.07497813 0.35495016 0.85805423
v 0.09276115 0.36278026 0.86346896
v 0.08507877 0.37874674 0.83307668
v 0.09435443 0.37481564 0.84737801
v 0.06979620 0.36155363 0.84368277
v 0.07517138 0.37053289 0.83573912
v -0.26176175 0.15293914 0.83055445
v -0.25622330 0.16343869 0.82237943
v -0.25016526 0.15393776 0.83954749
v -0.26949571 0.15699133 0.81894145
v -0.26079316 0.14193303 0.84210307
v -0.27109137 0.14741575 0.82829816
v -0.24494971 0.16383597 0.83217859
v 0.20794980 0.52808584 0.73106904
v 0.19618895 0.51752899 0.73572403
v 0.19607536 0.52530818 0.72415412
v 0.20105158 0.53409277 0.71542709
v 0.21458482 0.54082492 0.71769683
v 0.22417018 0.53653711 0.73345813
v 0.21739816 0.52387702 0.74620882
v 0.20600418 0.51764522 0.74473928
v 0.19690768 0.50754766 0.75096975
v 0.19055177 0.52808569 0.71484246
v -0.04213021 0.28696538 0.84644330
v -0.04820714 0.27586111 0.85644007
v -0.05221999 0.28384618 0.84137097
v -0.03236783 0.29607349 0.84271654
v -0.03277716 0.28439995 0.85890649
v -0.04519203 0.29454557 0.83291790
v 0.15032387 0.35075252 0.93376181
v 0.14738414 0.35989112 0.91966808
v 0.16012144 0.35921510 0.93031331
v 0.16075376 0.34768575 0.94265705
v 0.14466221 0.33907634 0.94326253
v 0.13936259 0.34752304 0.92962500
v -0.15394790 0.18882609 0.88256482
v -0.16689105 0.18011116 0.88305128
v 0.10162953 0.53284278 0.62748811
v 0.11501377 0.53540207 0.63043670
v 0.10699894 0.53068847 0.63685779
v 0.09664900 0.52514167 0.63846192
v 0.08926189 0.52909445 0.62595680
v 0.09437782 0.53526725 0.61624831
v 0.10832299 0.53666095 0.61781454
v -0.07349507 0.31501280 0.77902588
v -0.08048596 0.30548688 0.78563682
v -0.07212345 0.32424747 0.76784931
v -0.07114000 0.30654220 0.79261462
v -0.06129473 0.32533422 0.77597195
v -0.06320837 0.31554136 0.78751304
v -0.09363657 0.29004720 0.79474179
v -0.08211878 0.29589415 0.79719864
v -0.09015719 0.28365331 0.80658087
v -0.10267897 0.29016103 0.78649520
v -0.10168838 0.28061534 0.80026727
v -0.07823643 0.28744049 0.81228346
v -0.06929291 0.29820284 0.80568817
v -0.00061999 0.22087685 0.97574145
v -0.00458865 0.22738725 0.96616264
v 0.00742746 0.22905691 0.97235408
v -0.01173749 0.21565074 0.97328798
v -0.00173589 0.21215530 0.98155080
v 0.00871704 0.21871449 0.98158741
v 0.01990721 0.21448906 0.98652163
v -0.09995103 0.41413240 0.62006126
v -0.08894263 0.41639702 0.62981726
v -0.10033410 0.40685597 0.63425070
v -0.08998190 0.42274866 0.61318987
v -0.11095555 0.40618821 0.62202545
v -0.10647339 0.41193349 0.61407629
v -0.09958582 0.41673373 0.60615168
v -0.10020531 0.39703523 0.64944072
v -0.08820995 0.40715596 0.64562553
v -0.07482395 0.41844164 0.64106503
v -0.07825826 0.42631056 0.62330920
v 0.02756681 0.26193553 0.94837402
v 0.01560171 0.25950101 0.94094533
v 0.02189244 0.26889701 0.93332994
v 0.03725204 0.25999801 0.95932735
v 0.02829749 0.25080210 0.96330437
v 0.01614239 0.25063036 0.95354366
v 0.03280415 0.27267825 0.93806065
v 0.04081565 0.27011144 0.94893040
v 0.02975505 0.27926588 0.92565060
v 0.00453258 0.25171163 0.94172403
v -0.03102732 0.45768051 0.61321004
v -0.03440720 0.45389522 0.62017482
v -0.03413274 0.45487249 0.60800574
v -0.02272007 0.46195366 0.61147255
v -0.04424348 0.44991325 0.61286339
v -0.04854238 0.44527551 0.62200186
v -0.05604234 0.44333178 0.61068965
v 0.01142223 0.32471242 0.84257564
v 0.00750929 0.31579225 0.85170068
v 0.00019605 0.31757525 0.84241017
v 0.00215989 0.32896727 0.82805670
v 0.01757181 0.33699998 0.83075468
v 0.02358323 0.32948128 0.84695297
v 0.01693941 0.31850021 0.85654079
v -0.00038847 0.30857582 0.85471997
v 0.00892518 0.30869057 0.86320344
v -0.01018693 0.31785175 0.83245650
v -0.00990912 0.30837006 0.84617376
v 0.14914256 0.54363060 0.64692325
v 0.14816069 0.54207127 0.65054220
v 0.14684953 0.54170378 0.64327949
v 0.15351772 0.54349285 0.64789009
v -0.27644574 0.29628637 0.62074087
v -0.26736368 0.30289366 0.62478531
v -0.26336785 0.29938760 0.63702482
v -0.26427051 0.29258024 0.64596787
v -0.27102080 0.30330502 0.61233870
v -0.25624010 0.30760622 0.63182175
v -0.26560549 0.30765660 0.61575033
v -0.25964352 0.31079793 0.61969231
v -0.03056049 0.23110567 0.93830735
v -0.04350524 0.22873114 0.92925117
v -0.03366876 0.24210978 0.91928766
v -0.01993157 0.24230099 0.93232210
v -0.01844718 0.23296572 0.94714952
v -0.02671813 0.22374668 0.95212259
v -0.04081432 0.21689146 0.94835675
v -0.01433713 0.41451167 0.69793907
v -0.00398368 0.42021598 0.69906577
v -0.01001452 0.40774684 0.71047943
v -0.02356965 0.41473785 0.68995148
v -0.01276590 0.42307020 0.68802024
v -0.02179255 0.40636152 0.70241367
v -0.03069070 0.40560265 0.69596726
v -0.03118961 0.39776028 0.70583827
v -0.02135599 0.39748897 0.71448358
v -0.01633739 0.22451242 0.96018119
v -0.00884041 0.23346096 0.95515318
v 0.00341659 0.23935608 0.95749877
v 0.01764390 0.23963953 0.96789114
v -0.06584799 0.43095800 0.62965395
v -0.06787920 0.43585349 0.61387486
v -0.05952784 0.42622141 0.64409099
v -0.05353189 0.43702429 0.63299107
v -0.05885581 0.43913771 0.62186716
v -0.06408203 0.41335514 0.65808924
v 0.01894107 0.35898855 0.80118990
v 0.01175939 0.35032489 0.80677557
v 0.00891407 0.35552455 0.79703160
v 0.02146588 0.34938461 0.81684410
v 0.01266706 0.36568682 0.78640476
v 0.03296255 0.36266928 0.80863565
v 0.02606081 0.37032940 0.79185653
v -0.15975399 0.33548194 0.67975044
v -0.17105939 0.33673900 0.66903099
v -0.15829760 0.34704688 0.66644104
v -0.17070364 0.32685990 0.68163338
v -0.14717826 0.34459351 0.67858750
v -0.16064633 0.32320833 0.69421805
v -0.15017009 0.33396609 0.68932846
v -0.17077302 0.34887960 0.65322040
v -0.15556001 0.35915529 0.65280458
v -0.14490390 0.35653691 0.66547745
v -0.18525912 0.32409405 0.67338166
v -0.18114874 0.33743820 0.65985630
v 0.04106920 0.31925271 0.87790153
v 0.04343737 0.32986663 0.86478220
v 0.05066748 0.32627342 0.87674731
v 0.05095795 0.31792617 0.88915013
v 0.03014088 0.32171190 0.86416341
v 0.03058256 0.31033497 0.88101910
v 0.04070738 0.30942410 0.89184611
v 0.02319208 0.48398589 0.63472107
v 0.03819563 0.47677229 0.65885976
v 0.03606928 0.48589943 0.64429094
v -0.15216198 0.29793352 0.73305869
v -0.14363325 0.30717274 0.72841398
v -0.14083294 0.30177431 0.73775916
v -0.15032446 0.30823203 0.72143445
v -0.15967916 0.30417194 0.71880072
v -0.16382836 0.29509117 0.72682687
v -0.15391561 0.28574504 0.74724271
v -0.16195976 0.28882158 0.73638603
v -0.14282034 0.29276064 0.74775200
v -0.13305291 0.31108757 0.73237863
v -0.13250661 0.30026690 0.74689171
v -0.14165651 0.31697216 0.71758406
v 0.01168093 0.47845727 0.63188078
v 0.01531103 0.48489125 0.62344352
v 0.00354880 0.47069756 0.63625367
v 0.00333519 0.47705734 0.62259487
v 0.02640308 0.49431962 0.61906490
v 0.01362754 0.48758760 0.60935274
v 0.03415738 0.49304657 0.63160953
v 0.20628890 0.54468768 0.70290206
v 0.22009616 0.55165597 0.70472080
v 0.22788006 0.54816466 0.71858540
v -0.01096664 0.32722120 0.81855160
v -0.02119291 0.30715587 0.83743428
v -0.02188262 0.31696435 0.82297928
v -0.01972269 0.29679712 0.85351958
v -0.00856654 0.30119790 0.85766856
v 0.18080802 0.47796836 0.77890978
v 0.16986108 0.47519696 0.77267618
v 0.19217204 0.48236444 0.78324972
v 0.18575320 0.47201354 0.79234866
v 0.17402943 0.46776492 0.78742554
v 0.15688591 0.47269960 0.76431749
v 0.16202330 0.46395378 0.78168888
v -0.09856434 0.27224223 0.81451609
v -0.11267535 0.26819980 0.80717998
v -0.10651785 0.26024542 0.82371229
v -0.09370160 0.26516550 0.82874528
v -0.08620705 0.27636935 0.82018278
v -0.14482978 0.24236372 0.81310078
v -0.13664098 0.23529848 0.83058523
v -0.13677733 0.25264220 0.80635787
v -0.13141948 0.24792536 0.81777194
v -0.12669703 0.25933423 0.80646077
v -0.12468399 0.24416869 0.82921992
v -0.11927057 0.25456512 0.81979837
v -0.00576492 0.44557083 0.66417913
v -0.01157605 0.45126685 0.65142770
v -0.01257331 0.43330885 0.67476114
v -0.01903887 0.44025698 0.66016959
v -0.00011988 0.44062069 0.67543428
v 0.02356972 0.22046691 0.98617529
v 0.09609452 0.38392376 0.83577007
v 0.10438663 0.38373176 0.84381138
v 0.10383393 0.39274222 0.83021133
v 0.09284072 0.39019540 0.82376678
v 0.10534244 0.37439839 0.85841672
v 0.11159889 0.39145406 0.83933837
v 0.11497730 0.38559826 0.85115192
v -0.01753638 0.36839753 0.75641057
v -0.01997465 0.35919709 0.76664720
v -0.02954078 0.36283009 0.75349751
v -0.02065321 0.37592225 0.74369855
v -0.00997015 0.35749011 0.77769455
v -0.31009890 0.24629811 0.66407507
v -0.31755071 0.23550580 0.67089684
v -0.31948197 0.24045248 0.65808141
v -0.31300253 0.25128132 0.65076899
v -0.30732758 0.23898823 0.67759089
v -0.29842081 0.25063784 0.67065431
v -0.19749240 0.30101933 0.69198252
v -0.20536786 0.29082046 0.69803755
v -0.21093119 0.29967706 0.68279928
v -0.19920515 0.31149330 0.67780655
v -0.18893500 0.31071279 0.68696062
v -0.18606440 0.30251267 0.69933496
v -0.19455406 0.29116335 0.70640918
v -0.22305331 0.30393560 0.66775126
v -0.21133590 0.31165999 0.66786322
v -0.21804431 0.28509541 0.69460799
v -0.22274358 0.29364602 0.68051069
v 0.09066309 0.46824313 0.71353385
v 0.09618825 0.47853491 0.70405239
v 0.10376624 0.47570028 0.71420011
v 0.09029296 0.45762218 0.72770201
v 0.10143272 0.46568700 0.72602970
v 0.09608609 0.48666169 0.69282938
v 0.22961540 0.46739644 0.83802758
v 0.06113614 0.25039671 0.98313119
v 0.05516294 0.25771035 0.97470560
v 0.06930509 0.26166764 0.97788747
v 0.07447755 0.25028964 0.98464482
v 0.07690768 0.29513408 0.94664975
v 0.08660654 0.29357038 0.95662428
v 0.07641082 0.28522143 0.95887406
v 0.06703122 0.28740675 0.94844416
v 0.07710290 0.30587602 0.93175858
v 0.08544128 0.30211865 0.94475235
v 0.06872561 0.29623991 0.93770342
v 0.09099278 0.31212576 0.93579847
v 0.09555232 0.30359369 0.95128776
v 0.15739647 0.48349869 0.74926567
v 0.01898116 0.42141321 0.71658357
v 0.00967545 0.40807191 0.72659360
v 0.00391932 0.41521095 0.71226820
v 0.00054329 0.39668992 0.73408706
v -0.00146374 0.40465302 0.72177829
v 0.10750975 0.35345840 0.89146028
v 0.09466781 0.35085732 0.88286222
v 0.10615812 0.36351636 0.87526215
v 0.11760623 0.36352155 0.88635065
v 0.10026712 0.34331792 0.89941325
v 0.11745981 0.35366346 0.90080601
v 0.10955814 0.34621087 0.90414797
v -0.00215781 0.33611794 0.81407769
v 0.00073268 0.34618775 0.80266021
v 0.00864500 0.34139700 0.81645297
v -0.19789186 0.17754679 0.85706516
v -0.19444303 0.16909173 0.87230327
v -0.20237116 0.15799131 0.87837972
v -0.04709858 0.18551916 0.97486404
v -0.05600169 0.17790432 0.97413012
v -0.05757415 0.18963712 0.96593928
v -0.04362922 0.19544208 0.97019918
v -0.03341267 0.18825391 0.97930919
v -0.21364514 0.33107479 0.63860201
v -0.21456310 0.32031934 0.65396014
v -0.22471698 0.32167952 0.64242380
v -0.19888518 0.33942934 0.64082698
v -0.20441520 0.32930075 0.65071259
v -0.20678435 0.34045989 0.62922034
v -0.21671406 0.33639804 0.62264742
v -0.22719220 0.32712745 0.62917915
v -0.22656357 0.31303236 0.65309372
v -0.24011310 0.31502229 0.63669479
v -0.20132687 0.32171609 0.66338553
v -0.21893659 0.31237176 0.66078057
v 0.09796085 0.29344583 0.96475216
v 0.10985934 0.29335555 0.97095380
v 0.10114070 0.28364307 0.97494725
v 0.10798563 0.30446001 0.95920179
v 0.08789903 0.28164265 0.96985256
v -0.03343317 0.31642329 0.81319712
v -0.04364869 0.31786773 0.80194395
v -0.03344155 0.30618291 0.82748594
v -0.04691974 0.30546229 0.81611894
v 0.22462201 0.44919102 0.86079477
v 0.21085116 0.43166840 0.87482756
v 0.21366129 0.44253280 0.86204711
v -0.13280240 0.35416225 0.67828876
v -0.13664919 0.33977724 0.69305215
v -0.12503952 0.34912108 0.69079377
v -0.12057825 0.35757033 0.68386409
v -0.13333858 0.32918661 0.70901578
v -0.14619877 0.32639805 0.70196309
v -0.12125665 0.34043507 0.70478577
v 0.19100286 0.53640641 0.70209860
v 0.11897047 0.31660456 0.95240674
v 0.11696917 0.33103692 0.93251732
v 0.13113393 0.32800468 0.94734203
v 0.10485877 0.31549083 0.94326103
v 0.13220115 0.31625644 0.96007904
v 0.12192476 0.30352885 0.96738553
v 0.25182485 0.50591347 0.79785625
v 0.15466248 0.45212467 0.79196183
v 0.17377901 0.45045650 0.81260272
v 0.16973169 0.43919439 0.82527185
v 0.16720908 0.45645764 0.79748953
v 0.14992047 0.45964512 0.77670254
v 0.06995720 0.38651298 0.80834943
v 0.07313999 0.37807799 0.82313358
v 0.06149365 0.37585229 0.81577511
v 0.07872687 0.39729992 0.80100346
v 0.08174553 0.38836876 0.81631424
v 0.05807882 0.38417392 0.80103995
v 0.06687317 0.39513442 0.79352210
v 0.06561708 0.36849386 0.82992118
v 0.05448626 0.36511029 0.82461809
v 0.04811550 0.37243815 0.80856644
v 0.09106247 0.39972633 0.80860535
v -0.24500202 0.31953656 0.62217539
v -0.25120630 0.31460694 0.62505194
v -0.23701851 0.32398043 0.62240683
v -0.25230472 0.30014655 0.64700947
v -0.23702295 0.30341025 0.65638191
v 0.21036524 0.48483743 0.79684736
v 0.19897962 0.47661203 0.79820012
v 0.20391670 0.48825286 0.78576011
v 0.21582434 0.49455618 0.78767901
v 0.22104003 0.48852316 0.80117444
v 0.21217969 0.47650498 0.81074224
v 0.19901576 0.46643932 0.81332372
v 0.22085393 0.47193762 0.82513407
v 0.20845437 0.46480800 0.82467872
v 0.22665663 0.48246048 0.81461791
v 0.06588267 0.42666197 0.74908913
v 0.06018968 0.41616365 0.75857471
v 0.05946576 0.43227081 0.73597742
v -0.04145041 0.24794202 0.90314961
v -0.02916795 0.25688965 0.90203387
v -0.02100727 0.25134863 0.91804890
v -0.04995210 0.23682842 0.91112080
v -0.05446627 0.22596735 0.92266634
v -0.05163571 0.21976459 0.93441178
v -0.30844107 0.21336008 0.70970570
v -0.30942218 0.22136076 0.69851993
v -0.30285198 0.23125507 0.69163652
v -0.29924830 0.20810694 0.72424061
v -0.31826549 0.22629774 0.68288522
v -0.31924991 0.21305788 0.69978832
v -0.31637571 0.20160734 0.71751080
v -0.17644070 0.31449620 0.69229622
v -0.19284580 0.33282117 0.65602291
v 0.03555365 0.33441261 0.85093087
v 0.03910420 0.34392348 0.84061902
v 0.04727109 0.34124889 0.85199181
v 0.02941437 0.34002992 0.83726453
v 0.05581518 0.33624893 0.86717118
v 0.04854077 0.35307624 0.83627535
v 0.06095594 0.34984691 0.85236073
v 0.03444224 0.35065042 0.82682865
v -0.08079542 0.22395935 0.89989437
v -0.08755860 0.21275944 0.90983763
v -0.09519236 0.21602979 0.89764103
v -0.07558485 0.21526134 0.91774648
v -0.09216485 0.22704206 0.88441373
v -0.07941556 0.23538238 0.88454213
v -0.06496396 0.22744814 0.91020159
v -0.07095980 0.23349995 0.89545033
v -0.10039890 0.20365479 0.91097233
v -0.08595339 0.20459111 0.92338404
v 0.09932121 0.32482751 0.92539744
v 0.09372849 0.33289255 0.90841022
v 0.10605731 0.33697547 0.91423903
v 0.08366465 0.32061130 0.91665679
v 0.18004782 0.43681544 0.83892179
v 0.18484802 0.42898485 0.85525713
v 0.17452883 0.42612482 0.84932076
v 0.18008095 0.44621867 0.82500490
v 0.16738422 0.42838244 0.83892810
v 0.19049935 0.44860400 0.83165599
v 0.19410903 0.44098220 0.84651040
v 0.16663485 0.41998471 0.85060906
v 0.17417794 0.41707138 0.86236102
v 0.12386606 0.29822348 0.97266012
v 0.12993084 0.29715493 0.97236556
v 0.12048058 0.29309026 0.97415955
v 0.20910660 0.42083669 0.88762221
v 0.19921005 0.42196922 0.87888742
v 0.19934922 0.43312487 0.86303194
v 0.18742850 0.42014954 0.87073654
v 0.19946031 0.41384724 0.89013447
v 0.18978008 0.41148364 0.88527331
v 0.16139214 0.41072159 0.85915037
v 0.15600264 0.41827868 0.84269498
v -0.13119368 0.16445435 0.93422453
v -0.13490266 0.15084689 0.94051613
v -0.02132492 0.28688561 0.86618476
v -0.01540577 0.28308871 0.87724829
v -0.02649506 0.27718333 0.87520892
v -0.01211058 0.29273934 0.86647552
v 0.11926298 0.37629766 0.86902294
v 0.12874950 0.37214660 0.88437719
v 0.12862016 0.39170833 0.85528725
v 0.13363542 0.38318787 0.87275413
v -0.22849529 0.28629876 0.68460906
v 0.04134996 0.43382455 0.71864334
v 0.05351107 0.43813706 0.72303980
v 0.23162909 0.47727868 0.82592552
v 0.24078423 0.48658036 0.81832883
v 0.24462967 0.49723839 0.80614154
v 0.23344006 0.49315748 0.80468764
v 0.24698242 0.53865957 0.74881179
v 0.23700530 0.53818939 0.74224047
v 0.24738700 0.54769232 0.73459853
v 0.25861653 0.54253888 0.74769294
v 0.25245458 0.53308897 0.76018385
v 0.23918169 0.52909343 0.75749552
v 0.20594350 0.44498516 0.85178112
v 0.17778026 0.40837591 0.87857371
v -0.09493102 0.24759417 0.85223314
v -0.10174566 0.23787543 0.85961276
v -0.10782607 0.24229875 0.84758641
v -0.08128786 0.25300676 0.85748474
v -0.08957242 0.23953752 0.86882938
v -0.10085010 0.25371320 0.83804960
v -0.08795518 0.25903221 0.84267003
v 0.18146506 0.40013055 0.89351965
v 0.16711691 0.40592927 0.87183606
v 0.15529979 0.39812951 0.87176959
v 0.12650748 0.53590759 0.63978723
v 0.12891011 0.53671040 0.62639264
v 0.13693415 0.53896373 0.63798157
v 0.13795315 0.53746788 0.64953844
v 0.12544921 0.53063390 0.65235552
v 0.11564883 0.53104666 0.64304360
v -0.12211473 0.30875675 0.74478294
v -0.12313253 0.29812419 0.75784018
v -0.12000970 0.32117548 0.73043536
v -0.11520293 0.29645167 0.76699458
v -0.11766420 0.21817183 0.87313827
v -0.10478220 0.21824523 0.88520145
v -0.11474345 0.20904310 0.88935315
v -0.10319376 0.22870703 0.87146419
v -0.12490530 0.22386263 0.85797410
v -0.11300551 0.23105220 0.85878263
v -0.13521522 0.21143832 0.86650580
v -0.12727574 0.20480390 0.88389113
v -0.10536883 0.21015135 0.89656953
v -0.11132572 0.20353061 0.90078830
v -0.12129367 0.19924780 0.89782272
v 0.05451721 0.40417482 0.77016707
v 0.06769624 0.41206908 0.77071611
v 0.06400762 0.40239845 0.78088774
v 0.04324061 0.40120238 0.76449146
v 0.05410938 0.39251493 0.78592225
v 0.04361533 0.39339281 0.77553277
v 0.07062635 0.42132529 0.76049046
v -0.07412233 0.24671315 0.87329574
v -0.06896084 0.24119110 0.88619733
v 0.18402200 0.37128481 0.93005489
v -0.11301553 0.28946248 0.77823138
v -0.12315320 0.28849433 0.77054412
v -0.12111538 0.28109960 0.78219016
v -0.11239954 0.28004384 0.79140456
v -0.13395530 0.27663259 0.77670405
v -0.13324647 0.28958682 0.76023540
v -0.09112650 0.35600811 0.70988652
v -0.09434652 0.34537255 0.72085411
v -0.10492721 0.34728356 0.70957256
v -0.08251069 0.35179107 0.72255734
v -0.10044646 0.36047510 0.69653007
v -0.08679938 0.36788040 0.69832553
v -0.07818371 0.36299909 0.71172125
v 0.21833804 0.45424943 0.84870390
v 0.18993690 0.46653834 0.80445117
v 0.19741361 0.49249464 0.77338538
v 0.20882246 0.49911905 0.77447108
v 0.08310498 0.35177891 0.87038028
v 0.03930091 0.46604076 0.67420051
v 0.05080305 0.47794053 0.66777263
v 0.04429890 0.45973850 0.68667921
v 0.03416475 0.45448228 0.68531949
v 0.04930596 0.48811124 0.65270225
v 0.04754619 0.51354050 0.61226454
v 0.03598259 0.50642468 0.60698502
v 0.04500520 0.51740336 0.59902907
v 0.05306525 0.52236370 0.60356037
v 0.06123057 0.52108706 0.61475604
v 0.04017214 0.50249577 0.62240755
v 0.05348597 0.50853916 0.62701178
v 0.05243218 0.52574097 0.59413847
v 0.06274358 0.53051666 0.59831805
v 0.05985156 0.35965079 0.83726398
v -0.32941879 0.21358924 0.68683605
v -0.32740326 0.22152938 0.67741283
v -0.33131446 0.20099384 0.70195823
v -0.33507999 0.20606119 0.69009539
v -0.33673349 0.20846082 0.68212102
v -0.33400488 0.21606863 0.67145084
v 0.00045797 0.35640168 0.78834934
v -0.15423289 0.31487255 0.70981949
v -0.16643733 0.30996241 0.70598608
v 0.11237755 0.41231497 0.81001413
v 0.11625798 0.42204699 0.79971771
v 0.11812410 0.40820853 0.82117393
v 0.10835868 0.40289823 0.81977652
v 0.10224594 0.40667786 0.80882337
v 0.10625124 0.41598672 0.79925882
v 0.10935354 0.42411493 0.79057827
v -0.08046117 0.17651043 0.96224848
v -0.09267848 0.17897133 0.95117453
v -0.08290130 0.18710753 0.94988126
v -0.06776501 0.17923256 0.96819029
v -0.07288218 0.17321171 0.96938473
v -0.08552821 0.16702177 0.96525591
v -0.09140917 0.17115190 0.95969621
v -0.07153389 0.18777018 0.95812526
v -0.07584232 0.16692996 0.96958041
v -0.09246769 0.18761494 0.94110290
v -0.08412732 0.19578808 0.93766609
v -0.07500545 0.19501780 0.94688588
v -0.10119424 0.16925542 0.95391638
v -0.10566494 0.18105261 0.93736645
v 0.06195754 0.48866900 0.66246507
v 0.13412503 0.51616959 0.68280084
v 0.12895565 0.50845504 0.68940634
v 0.12259680 0.51304264 0.67763873
v 0.14230274 0.51903131 0.68562216
v 0.13963142 0.51064697 0.69526752
v 0.13117426 0.52122895 0.67295089
v 0.13976102 0.52376919 0.67652588
v -0.01425665 0.26172556 0.90937464
v -0.01855850 0.27124220 0.89137652
v 0.17947527 0.46153097 0.80178054
v 0.18709939 0.45669787 0.81630817
v -0.05569312 0.29384837 0.82416385
v -0.05383323 0.28901401 0.83261122
v -0.06660487 0.29051839 0.81872544
v -0.05931616 0.29952803 0.81297605
v -0.06226036 0.28358584 0.83236376
v 0.10953976 0.50486574 0.67853022
v 0.10749635 0.49480894 0.69087473
v 0.10594914 0.48528531 0.70279157
v -0.01819517 0.38560371 0.73292874
v -0.00942990 0.38622502 0.73956987
v -0.02749188 0.38115342 0.73091338
v -0.01163297 0.39542615 0.72545355
v -0.02205015 0.38951497 0.72445624
v -0.07202188 0.20529369 0.93556415
v -0.09605246 0.19424362 0.92869870
v -0.05695618 0.21010536 0.94291727
v -0.06255215 0.21729719 0.92743554
v -0.05052632 0.20277309 0.95781183
v -0.06404985 0.19850645 0.95170863
v -0.03199753 0.20040375 0.97359233
v -0.03901925 0.20577435 0.96371161
v -0.02022936 0.20338653 0.97804971
v -0.02673032 0.19602928 0.97960507
v -0.02690828 0.21301938 0.96483365
v -0.11013253 0.36429357 0.68388287
v -0.09648807 0.37387370 0.68284893
v -0.11371058 0.35326409 0.69479431
v -0.10881186 0.37363562 0.67324359
v -0.10119704 0.38472895 0.66519979
v -0.08872644 0.38524702 0.67469531
v -0.08013117 0.38079858 0.68734344
v 0.21136951 0.51097343 0.75952854
v 0.20127752 0.50136556 0.76408779
v -0.25819167 0.12454381 0.85233404
v -0.26031645 0.13300271 0.84881312
v -0.25301666 0.13338248 0.85501050
v -0.24968586 0.12691901 0.85999771
v -0.26700290 0.13131624 0.84279952
v -0.24886355 0.13093573 0.86028960
v -0.24738044 0.14293126 0.85274436
v -0.24243304 0.13176526 0.86323301
v 0.15123387 0.48949682 0.73520916
v 0.05041932 0.30807646 0.90301646
v 0.04017168 0.29990571 0.90525623
v 0.06075366 0.31635960 0.90078873
v 0.05043382 0.29723025 0.91891568
v 0.05911715 0.30729913 0.91247318
v 0.03685067 0.28977560 0.91696279
v 0.03123516 0.29375580 0.90582573
v 0.03103201 0.30106909 0.89493241
v -0.32001514 0.18790969 0.73201870
v -0.33303410 0.17993922 0.72746646
v -0.32794035 0.19185703 0.71856524
v -0.30672884 0.19512073 0.73492737
v -0.32393674 0.17489738 0.74473916
v -0.31060372 0.18331133 0.74711827
v -0.33728669 0.18775911 0.71209639
v -0.33447577 0.16921603 0.73850343
v -0.34274260 0.16813164 0.72602817
v -0.34177426 0.17830871 0.71721134
v -0.27763524 0.13042289 0.83311466
v -0.27222105 0.13874325 0.83450142
v 0.14181002 0.39444110 0.86405260
v 0.12055764 0.39615921 0.84097025
v 0.13129529 0.40462456 0.83884401
v 0.13885655 0.40152957 0.85069579
v 0.14531063 0.38660100 0.87906549
v 0.13843039 0.37792021 0.88522092
v 0.14939628 0.40565446 0.85487431
v -0.00133131 0.43135403 0.68662131
v -0.02117379 0.42371995 0.68020953
v 0.07177376 0.43712304 0.73987244
v 0.08207514 0.44109104 0.74327729
v 0.11417696 0.39927212 0.83039274
v 0.12249507 0.40418658 0.83108110
v -0.14444576 0.28178064 0.76064593
v -0.01982273 0.19178718 0.98301494
v -0.01005391 0.20669313 0.98139952
v -0.01215302 0.19920385 0.98376792
v -0.19972583 0.18663269 0.84192990
v 0.11723329 0.34410702 0.91453950
v 0.12770724 0.34437949 0.92392260
v 0.13176831 0.33801931 0.93583746
v 0.08360138 0.53213623 0.61582789
v 0.08595815 0.53704114 0.60526298
v 0.09834350 0.53753761 0.60656870
v 0.07375112 0.53115589 0.60885095
v 0.09182427 0.53872855 0.60027101
v 0.08577075 0.53871798 0.59491986
v 0.07524302 0.53688345 0.59650665
v 0.07592431 0.52376971 0.62397576
v 0.24688063 0.51466866 0.78322787
v 0.26028044 0.52492288 0.77377122
v 0.23983858 0.50350584 0.79476726
v -0.03184021 0.38805356 0.71808174
v 0.13703132 0.36982208 0.89585457
v 0.14447817 0.36809915 0.90548159
v -0.25776946 0.28680106 0.65960204
v -0.26824268 0.27508722 0.66544927
v -0.24538438 0.29387499 0.66142547
v 0.06953009 0.31268253 0.91462161
v 0.06396198 0.30174722 0.92523787
v 0.17586233 0.54498558 0.65784987
v 0.17595808 0.54331936 0.67171649
v 0.16603782 0.54334844 0.66151483
v 0.18633700 0.54744955 0.66476013
v 0.16393006 0.54376837 0.65138294
v 0.15967845 0.53777720 0.67015662
v 0.15614575 0.54228543 0.65681528
v 0.19213640 0.54884841 0.67601266
v 0.18388164 0.54091556 0.68680994
v 0.02104402 0.30078779 0.88596437
v -0.03219768 0.35095239 0.76708757
v -0.07440813 0.28034433 0.82558832
v -0.11418907 0.19545301 0.91011426
v -0.10702319 0.19196848 0.92174189
v -0.11793300 0.18504078 0.92152217
v -0.06003845 0.40361497 0.67435378
v -0.07282775 0.40046224 0.66798039
v -0.07741522 0.40711726 0.65524190
v -0.07946043 0.39087985 0.67499848
v -0.08683423 0.39609001 0.66213976
v -0.06905164 0.39212907 0.68185654
v 0.08274172 0.33203006 0.89905455
v 0.09071239 0.34005728 0.89496472
v -0.14090175 0.19751986 0.88194338
v 0.01105038 0.44158649 0.68336334
v -0.00444292 0.46136816 0.64315954
v 0.19784302 0.45794464 0.82487105
v 0.14038867 0.49113018 0.72345262
v 0.14557576 0.47576932 0.74973911
v 0.13926877 0.48182875 0.73562344
v 0.11127223 0.28106012 0.97795565
v -0.14832349 0.22320052 0.83687009
v -0.01641468 0.45653389 0.63883221
v -0.00775397 0.46643895 0.63070871
v 0.25251540 0.55800587 0.72011019
v 0.26055056 0.55222135 0.73184119
v 0.24019872 0.55403556 0.71949183
v 0.23536952 0.54536906 0.72980800
v 0.24518093 0.56276944 0.70702790
v 0.25760655 0.56505189 0.70813941
v 0.26377938 0.55989725 0.71797065
v 0.06209409 0.32805204 0.88501291
v -0.00671928 0.28924211 0.87658817
v -0.00091358 0.29874861 0.86834171
v 0.01045935 0.29995197 0.87725446
v -0.05213510 0.32156748 0.78924297
v -0.05794991 0.30928642 0.80079952
v -0.04780524 0.33232191 0.77848951
v -0.23404249 0.29291365 0.67209194
v -0.13605335 0.22347448 0.84805417
v -0.12242003 0.23541030 0.84370672
v 0.22595368 0.51985937 0.75991577
v 0.22875568 0.52968087 0.74801230
v 0.23276621 0.55778390 0.70624694
v 0.11320030 0.47322729 0.72548533
v 0.12717503 0.48161127 0.72557719
v 0.17267322 0.35955146 0.93650006
v 0.17552009 0.34786151 0.94553142
v 0.10667547 0.52602742 0.64518389
v 0.08764550 0.51562600 0.64588138
v 0.08477502 0.52176933 0.63455876
v 0.10073015 0.51750279 0.65347356
v 0.11384973 0.52405573 0.65405465
v 0.06273120 0.50169947 0.64513211
v 0.04584859 0.49683482 0.63728622
v 0.06548286 0.51403262 0.62991688
v 0.07565836 0.51393505 0.63867711
v -0.11476669 0.16518707 0.94648581
v -0.11425689 0.15391239 0.95287613
v -0.12435823 0.15681723 0.94539421
v -0.11183375 0.15978068 0.95310060
v -0.12075145 0.17478818 0.93207244
v -0.10476111 0.15953974 0.95714424
v -0.00788133 0.24236733 0.94358537
v -0.07945192 0.42985023 0.61157505
v 0.13409858 0.30705958 0.96773718
v -0.23829260 0.15983684 0.84341620
v -0.24058221 0.15128396 0.85110963
v 0.06666291 0.27892595 0.95918302
v 0.07383539 0.27429454 0.96916804
v 0.06126672 0.26936310 0.96627875
v 0.05513487 0.27780939 0.95090368
v 0.08253040 0.26818467 0.97811680
v -0.08656630 0.34141663 0.73260163
v -0.09886771 0.33481287 0.73071591
v -0.08148351 0.26997414 0.83341731
v -0.07496538 0.26489657 0.84664678
v -0.00772355 0.25403760 0.92687800
v -0.04116303 0.44437819 0.63333801
v -0.07496454 0.37311645 0.70140080
v 0.02540366 0.49779658 0.60534268
v 0.02578228 0.34433375 0.82784554
v -0.13036917 0.32162591 0.72109140
v 0.01967856 0.30999477 0.87133270
v -0.18881535 0.18695377 0.85189925
v -0.18625455 0.17939451 0.86559024
v 0.04353120 0.28261107 0.93366352
v 0.05822387 0.29061158 0.93587760
v 0.21638229 0.46250197 0.83512568
v -0.00015856 0.47730474 0.60916028
v -0.02046697 0.46050106 0.62564564
v -0.02879136 0.45115427 0.63477830
v 0.09862457 0.44788320 0.74815541
v 0.09006686 0.44855303 0.73991301
v 0.09996703 0.45605262 0.73804934
v 0.08254687 0.34165544 0.88472128
v 0.07046294 0.34223578 0.87231900
v -0.03142540 0.26671267 0.88558156
v -0.03914373 0.27090770 0.87214333
v -0.05225114 0.26387818 0.86966884
v -0.04345265 0.25761947 0.88713776
v 0.07760914 0.53878149 0.58734878
v -0.21026596 0.14610025 0.88196247
v -0.21829466 0.14008019 0.87872654
v -0.19613889 0.14870103 0.89266055
v 0.14317405 0.41116296 0.84068912
v -0.18541770 0.34388343 0.64719229
v -0.17819922 0.35437750 0.63694338
v -0.16474083 0.36174882 0.63950237
v -0.18962406 0.34857512 0.63505357
v -0.34589102 0.18166243 0.70481335
v -0.34097787 0.19196982 0.70000545
v -0.07437132 0.43237988 0.60302855
v -0.06278135 0.43844987 0.60261190
v -0.06287945 0.44009056 0.60889191
v -0.12380707 0.27116879 0.79308810
v -0.14640221 0.27262796 0.77089742
v -0.14384909 0.26665505 0.78106741
v -0.13684927 0.26219449 0.79336163
v 0.04759809 0.52171844 0.59207197
v 0.05144935 0.52472226 0.58790602
v 0.06006342 0.53206511 0.58579181
v 0.04366123 0.36082852 0.82085460
v 0.03904982 0.51144155 0.59702567
v 0.03318945 0.50352174 0.59459956
v 0.04833261 0.38216053 0.79519137
v 0.03847344 0.37598143 0.79504016
v 0.04336245 0.38542390 0.78628508
v 0.20447989 0.45347494 0.83778034
v 0.19802590 0.54718012 0.68937698
v 0.11913198 0.50231083 0.68992377
v 0.12890933 0.49967033 0.70171993
v -0.05706029 0.26817726 0.85893989
v -0.06170952 0.27297004 0.84776918
v 0.11778282 0.53742016 0.62270518
v 0.04841200 0.26463332 0.96242074
v -0.15866105 0.37458989 0.61734137
v -0.14882796 0.37894476 0.62624768
v -0.15942344 0.37059894 0.62948319
v -0.17043676 0.36491712 0.62365665
v -0.14964465 0.38155140 0.61283222
v -0.15232225 0.36995620 0.63985899
v 0.13092670 0.43736380 0.79124733
v 0.22791975 0.49940403 0.79140971
v 0.14071643 0.50083053 0.71004452
v 0.14463352 0.46519844 0.76393315
v 0.01031620 0.42903806 0.69929532
v -0.02391126 0.44654828 0.64718333
v 0.22293990 0.50725049 0.77560791
v 0.23468487 0.50871265 0.78354861
v 0.23607891 0.51757758 0.77178845
v 0.11522663 0.48307160 0.71352289
v 0.12417405 0.48992811 0.71140757
v 0.13235569 0.49264548 0.71446458
v 0.07852120 0.25978303 0.98216480
v -0.32535538 0.22864316 0.66747694
v -0.32105537 0.23047110 0.67396484
v 0.13531394 0.35306498 0.91863602
v 0.13620313 0.36092989 0.90810706
v 0.12667110 0.35295917 0.91070527
v 0.09824583 0.27269312 0.97950236
v -0.18641670 0.35557801 0.62148509
v 0.07212849 0.32386589 0.90076727
v 0.07395014 0.33351010 0.88839665
v 0.12713943 0.36213248 0.89766063
v 0.03053078 0.43016039 0.71452396
v 0.03596294 0.43981113 0.70620474
v 0.02412558 0.43402787 0.70409595
v -0.17643711 0.30395186 0.70533409
v -0.17057619 0.29881899 0.71652658
v -0.17425091 0.28573247 0.72993235
v -0.18207726 0.29394250 0.71317698
v 0.11686662 0.49256383 0.70167193
v 0.11153343 0.51493093 0.66588273
v 0.14358673 0.32624814 0.95547601
v 0.14493612 0.31460723 0.96379285
v 0.15710146 0.33437902 0.95259396
v 0.15285014 0.32373771 0.95947175
v -0.01017419 0.46959512 0.61781783
v -0.23530243 0.16927656 0.83360918
v 0.14766709 0.53064926 0.67264825
v 0.14735992 0.53738295 0.66042699
v 0.14733009 0.52447437 0.68198196
v -0.11135726 0.33435323 0.72075646
v -0.12336009 0.32944048 0.71698179
v -0.10237371 0.34053949 0.72032273
v -0.10830899 0.32619739 0.73387424
v 0.22601207 0.55959329 0.69512053
v -0.07104437 0.27434649 0.83706154
v 0.26995627 0.54618734 0.74010404
v 0.26972126 0.53885738 0.75378259
v 0.26222652 0.53517298 0.76069356
v -0.19760774 0.34729182 0.62725151
v 0.10327203 0.27920860 0.97890280
v -0.09492504 0.16328311 0.96181418
v -0.06552925 0.17022590 0.97302796
v -0.05102775 0.24649059 0.89592851
v -0.05951780 0.25077423 0.88150292
v -0.18988847 0.16125280 0.88654210
v -0.18085663 0.17209356 0.88121733
v 0.13600052 0.52954723 0.66396896
v 0.02319383 0.44815493 0.68468239
v -0.18662621 0.14387368 0.90405843
v -0.11365080 0.24830091 0.83369619
v -0.18122745 0.16407825 0.89156472
v -0.34067739 0.19942956 0.68798604
v -0.14225281 0.37748101 0.63853117
v -0.14107952 0.38723426 0.61579619
v -0.06588923 0.26007081 0.86208704
v 0.20067470 0.55317700 0.67377588
v 0.20254407 0.55303802 0.68018195
v 0.21342938 0.55531113 0.68832365
v 0.20978516 0.55584066 0.67387524
v -0.23529191 0.14387442 0.86174338
v 0.24699048 0.52434539 0.76967322
v 0.12340245 0.52249640 0.66440851
v -0.32230185 0.14840752 0.77415903
v -0.32009272 0.16095980 0.76517277
v -0.31402395 0.14354709 0.78815631
v -0.33011148 0.15205665 0.76146320
v -0.33018876 0.16274320 0.75147471
v -0.31414427 0.17225754 0.75822135
v -0.32250411 0.16786737 0.75537724
v 0.04120587 0.45053847 0.69632020
v 0.27006879 0.55288010 0.72779765
v -0.29546692 0.14007947 0.81149099
v -0.28194135 0.14145234 0.82335683
v -0.28870794 0.13124251 0.82269018
v -0.30444820 0.14384991 0.79960013
v -0.28667686 0.14911883 0.81218459
v -0.30368603 0.13776370 0.80524546
v -0.29597714 0.13125024 0.81607660
v -0.30256796 0.13016799 0.80907311
v -0.30950143 0.13540171 0.79908983
v -0.26521679 0.26643774 0.67871362
v -0.06086104 0.23937738 0.89671462
v -0.11846989 0.40325464 0.61576857
v -0.11252405 0.40769366 0.60786543
v -0.12468888 0.39911045 0.60885252
v -0.13232570 0.39330227 0.61720053
v -0.27829670 0.15101095 0.81807863
v 0.02971050 0.44442782 0.69494786
v 0.01964970 0.43943868 0.69326604
v -0.19636347 0.35086001 0.61941526
v -0.20498916 0.34548588 0.61542785
v -0.03444744 0.44265094 0.64329533
v 0.06765160 0.53722012 0.58698236
v 0.09958647 0.39835413 0.81824963
v -0.29438103 0.24275991 0.68442528
v 0.07162540 0.53830268 0.58070451
v 0.06393007 0.53694915 0.58383010
v 0.06607715 0.53730408 0.58090324
v -0.22613305 0.13338105 0.87405104
v -0.28950917 0.26171478 0.66423542
v -0.28582401 0.25382098 0.67766977
v -0.27723649 0.26447627 0.67136432
v -0.10083247 0.16420317 0.95855984
v 0.16574974 0.34161348 0.94949038
v -0.05660728 0.32973655 0.42972067
v -0.04267204 0.33341702 0.43491432
v -0.05261972 0.33368624 0.44233820
v -0.05348206 0.32638958 0.41224261
v -0.04186480 0.33026758 0.42059003
v -0.06304695 0.33253306 0.44304665
v -0.06894087 0.32560479 0.41892565
v -0.07448615 0.32927011 0.43606135
v -0.06537462 0.32257092 0.40071439
v -0.05034096 0.32456204 0.39899532
v -0.03829269 0.32823385 0.40393350
v 0.04871311 0.47131516 0.56419266
v 0.03224720 0.47185306 0.57189030
v 0.03943417 0.45967371 0.56212312
v 0.06331252 0.47096551 0.55851885
v 0.05820715 0.48222693 0.56510495
v 0.05543690 0.46006945 0.55548692
v 0.04354618 0.48294792 0.57148550
v 0.02975426 0.44839414 0.55989406
v 0.04694786 0.44732030 0.55067590
v 0.02327796 0.45943560 0.56982743
v 0.03077089 0.48349885 0.57848039
v 0.01888645 0.46879844 0.57761528
v 0.02233177 0.47667609 0.57987364
v -0.13476257 0.39255386 0.60786146
v -0.38072181 0.05506361 0.67106885
v -0.38933856 0.06406577 0.64664150
v -0.38512033 0.06323564 0.65892864
v -0.39327074 0.05464470 0.63990260
v -0.09588644 0.34986624 0.49775018
v -0.10453910 0.35327027 0.50920321
v -0.10632664 0.34529848 0.49420950
v -0.08324779 0.35071470 0.49368981
v -0.09198213 0.35456088 0.50476050
v -0.09302340 0.34520094 0.48647685
v -0.11226362 0.33792448 0.48105251
v -0.10089369 0.34125487 0.48149329
v -0.12103616 0.34122992 0.49637603
v -0.11626393 0.34782190 0.50665131
v -0.10591041 0.36032874 0.52228077
v -0.12101501 0.35437605 0.52274068
v -0.09411982 0.36028737 0.51562671
v -0.34905302 0.19481269 0.64822493
v -0.34742604 0.19542640 0.63217145
v -0.34335342 0.20520947 0.64173425
v -0.35165835 0.18912809 0.66113540
v -0.35392458 0.18465489 0.65078679
v -0.34517947 0.20276653 0.65181976
v -0.35298611 0.18524773 0.63878952
v -0.34642203 0.19942367 0.66101162
v -0.11764409 0.31931337 0.42108889
v -0.09856880 0.32286199 0.42236356
v -0.11456243 0.32310076 0.43662911
v -0.13501421 0.31501340 0.42024852
v -0.12261298 0.31637215 0.40599712
v -0.10803968 0.31891624 0.40724242
v -0.12828507 0.31903531 0.43426988
v -0.12574976 0.32224844 0.44558587
v -0.11685891 0.32747423 0.45528636
v -0.10146735 0.32717764 0.44192643
v -0.09495416 0.31984774 0.40345632
v -0.08895813 0.32709824 0.43454878
v -0.08190384 0.32241846 0.41062689
v -0.08241864 0.32525658 0.42436334
v -0.29915602 0.23234116 0.54370289
v -0.29548154 0.24416637 0.55004164
v -0.30580488 0.23187618 0.55700626
v -0.30542223 0.22011707 0.54249243
v -0.29591434 0.22763386 0.53179444
v -0.29286189 0.23781830 0.53739218
v -0.31323969 0.21880191 0.55741724
v -0.30252460 0.24538029 0.56642361
v -0.31085151 0.23563190 0.57291048
v -0.31347631 0.22613674 0.56673701
v -0.28560966 0.24843131 0.53558132
v -0.28789459 0.25568466 0.54840456
v -0.29384258 0.25701999 0.56214565
v 0.03921362 0.49184504 0.57787390
v 0.02120714 0.48320207 0.58468790
v 0.02854813 0.49260015 0.58651164
v 0.04202927 0.50239164 0.58228247
v 0.05329360 0.49562703 0.57207637
v -0.16137745 0.06137408 0.88984763
v -0.17427958 0.07703761 0.89416817
v -0.15956890 0.07472326 0.90133549
v -0.18107384 0.06666509 0.88269126
v -0.14688578 0.06414231 0.89960308
v -0.19415782 0.07507761 0.88039472
v -0.18891132 0.08186714 0.88805081
v -0.18542123 0.05595968 0.87256599
v -0.19298999 0.06648009 0.87545278
v -0.40974033 0.06049007 0.52334776
v -0.40691082 0.06557884 0.50789754
v -0.41396397 0.06105608 0.49120150
v -0.40168574 0.07071786 0.52199967
v -0.40480247 0.06637770 0.53373184
v -0.41090556 0.05719097 0.54069886
v -0.18453131 0.35792394 0.60350971
v -0.17704205 0.36068810 0.59202336
v -0.17260845 0.36512054 0.59915528
v -0.19711860 0.34949482 0.59863742
v -0.18431418 0.35472955 0.58837403
v -0.19439499 0.35250119 0.61200813
v -0.17648712 0.36334737 0.61136310
v -0.17293780 0.35895249 0.58078791
v -0.16877831 0.36446158 0.58785411
v -0.33120409 0.12932444 0.77060621
v -0.33923278 0.12419997 0.75767108
v -0.33671624 0.13524573 0.76066596
v -0.33076912 0.14109316 0.76759224
v -0.32353991 0.13628110 0.77968078
v -0.32242826 0.12236343 0.78422552
v -0.33116994 0.11647443 0.77151343
v -0.27076490 0.30355452 0.59904117
v -0.26824314 0.30334101 0.58546127
v -0.26305082 0.30906902 0.59196636
v -0.27684348 0.29629143 0.59132337
v -0.26114409 0.31142949 0.60563147
v -0.28002363 0.29468048 0.60735329
v -0.25850162 0.30934735 0.57964830
v -0.27218836 0.29599704 0.57616160
v -0.26464266 0.30309786 0.57503642
v -0.25345682 0.31521876 0.59025828
v 0.03418198 0.43805025 0.55040139
v 0.02467623 0.42906279 0.54827020
v 0.03532825 0.43139156 0.54448579
v 0.02190076 0.43900821 0.55742824
v 0.04594324 0.43398956 0.54032599
v -0.15603842 0.31023870 0.43861001
v -0.16005083 0.30722329 0.42505534
v -0.14838512 0.31155973 0.42723794
v -0.14209670 0.31507535 0.43671930
v -0.16614876 0.30822419 0.45119321
v -0.17026293 0.30423482 0.43647112
v -0.14991226 0.31556561 0.45386801
v -0.01338923 0.07065313 0.92235439
v -0.02051276 0.08248634 0.93206173
v -0.00531824 0.07907203 0.92761450
v -0.02807215 0.07204433 0.92493510
v -0.00136278 0.07031899 0.92050319
v -0.00442282 0.06139618 0.91405137
v -0.02067991 0.05968219 0.91456521
v 0.00941902 0.06520372 0.91481719
v -0.43972901 0.12318498 0.37648663
v -0.44764841 0.11514817 0.37487823
v -0.44993650 0.12450926 0.36679828
v -0.43950220 0.11039545 0.38588503
v -0.42995738 0.12238544 0.38574862
v -0.44009743 0.13488663 0.36848837
v -0.43178488 0.13177940 0.37746029
v -0.42713384 0.14480822 0.37256604
v -0.42220396 0.13356135 0.38445062
v -0.35513921 0.12477393 0.49953511
v -0.36418687 0.11447664 0.50086337
v -0.36056586 0.11894294 0.48698739
v -0.34972204 0.13068551 0.48549842
v -0.34649629 0.13515187 0.50113022
v -0.35204825 0.13016885 0.51055818
v -0.35966515 0.12131272 0.51253518
v -0.36823338 0.11119334 0.51433655
v -0.37400137 0.10335248 0.50270471
v -0.36914743 0.10935779 0.48981284
v -0.35776053 0.12434603 0.47300991
v -0.36943354 0.11244014 0.47416819
v -0.31754971 0.19840752 0.54231662
v -0.32188491 0.18836168 0.53904559
v -0.31428717 0.19236680 0.52746993
v -0.31984832 0.20183089 0.55148707
v -0.32626864 0.19236716 0.55406966
v -0.30931718 0.20615040 0.53414885
v -0.31441702 0.20883920 0.54818036
v -0.00287047 0.20216150 0.98530124
v 0.00681584 0.19526484 0.98672812
v -0.00632182 0.19153013 0.98553038
v 0.00796187 0.20745398 0.98604053
v -0.45146276 0.07142475 0.40686905
v -0.44270805 0.08543261 0.40345165
v -0.43914009 0.07624845 0.41711273
v -0.45422059 0.08257929 0.39313723
v -0.44561001 0.06546501 0.42101185
v -0.45522634 0.05756596 0.41709711
v -0.46115878 0.07177297 0.39474672
v -0.46300476 0.06088709 0.40294032
v -0.43263809 0.08747590 0.41301662
v -0.42760887 0.08119042 0.42628533
v -0.43567462 0.06695764 0.43326592
v -0.44657371 0.09568548 0.39034163
v -0.43294868 0.09941506 0.40144809
v -0.15357795 0.14095499 0.93146868
v -0.16077087 0.13261572 0.92680039
v -0.14814195 0.12932751 0.93477072
v -0.14183719 0.13959179 0.93893911
v -0.01520997 0.42214033 0.56203880
v -0.01539520 0.41231288 0.55351181
v -0.00306744 0.42144265 0.55618677
v -0.00878655 0.43043345 0.56588751
v -0.02709745 0.41874519 0.56332127
v -0.02270919 0.42814509 0.56969340
v -0.03681260 0.42549179 0.57217122
v -0.03142934 0.43473729 0.57843851
v -0.01745004 0.43755044 0.57512853
v -0.35732165 0.15190294 0.57609788
v -0.36462016 0.14064948 0.58057888
v -0.36200698 0.13943533 0.56749021
v -0.35695708 0.15988431 0.59082182
v -0.36335123 0.14737876 0.59087260
v -0.35310167 0.14969871 0.55841899
v -0.34988751 0.15997411 0.56673297
v -0.35034000 0.16576769 0.57815557
v -0.34571156 0.16092141 0.55664461
v -0.34261838 0.17118253 0.56453954
v -0.06957268 0.34794108 0.48353243
v -0.05786751 0.35153184 0.48720331
v -0.06960574 0.35506811 0.49709907
v -0.08060660 0.34396772 0.47859359
v -0.05865486 0.34593966 0.47619953
v -0.06744067 0.34132621 0.46820634
v -0.04647373 0.34824912 0.47697242
v -0.04609089 0.35487841 0.48966423
v -0.05656731 0.35854226 0.49928192
v -0.06820203 0.36387606 0.51130307
v -0.08176551 0.35845446 0.50715614
v -0.04553551 0.44440657 0.59562323
v -0.04508782 0.44824840 0.60373248
v -0.05316950 0.44315272 0.60062727
v -0.05342958 0.43768663 0.59159407
v -0.03960205 0.44070056 0.58768870
v -0.03384313 0.44943194 0.59541947
v -0.28856900 0.20824238 0.48758324
v -0.29396894 0.20551153 0.49843754
v -0.29742193 0.19590280 0.48868204
v -0.28270459 0.21248527 0.47740298
v -0.28090521 0.21980461 0.48785946
v -0.29012465 0.20158719 0.47247059
v -0.28811559 0.21600894 0.50030828
v -0.30088658 0.19838217 0.50462244
v -0.29614608 0.21007252 0.51067751
v -0.42819724 0.11275968 0.39486496
v -0.42025225 0.10920475 0.40591658
v -0.42139656 0.09563775 0.41782350
v 0.07207279 0.42761593 0.51948189
v 0.05987040 0.44118781 0.53948646
v 0.06002070 0.43158451 0.52976734
v 0.07797117 0.45002429 0.54048846
v 0.06879011 0.44518101 0.53913975
v -0.31585329 0.18266951 0.51738349
v -0.31322279 0.17982662 0.50554385
v -0.30887379 0.19033094 0.51212598
v -0.32092434 0.17267295 0.51322812
v -0.32313535 0.17858656 0.52827061
v -0.25760954 0.27401749 0.38209811
v -0.25441545 0.28222028 0.37037507
v -0.24699762 0.27912359 0.38177468
v -0.24820414 0.27313074 0.39125002
v -0.26960057 0.27486022 0.37226080
v -0.25804962 0.26778145 0.39105143
v -0.26823615 0.26642280 0.38490275
v -0.26787797 0.28456540 0.35758426
v -0.25382481 0.28828861 0.35868074
v -0.23987999 0.28532362 0.37476657
v -0.24491972 0.28838796 0.36420536
v -0.23499850 0.28057038 0.38955936
v -0.39349093 0.11869457 0.42519889
v -0.40274266 0.11508938 0.41873372
v -0.39885318 0.12485945 0.41332335
v -0.38566312 0.13134462 0.42032124
v -0.38266634 0.12172503 0.43432535
v -0.39042260 0.11250631 0.43586718
v -0.40067877 0.10699092 0.42982106
v -0.38295195 0.11272075 0.44565207
v -0.39293582 0.10291414 0.44518919
v -0.02822518 0.33294468 0.41493474
v -0.03268135 0.33386196 0.42727072
v -0.02303671 0.33258823 0.39939913
v -0.01314737 0.33816417 0.41140138
v -0.02132795 0.33755485 0.42655739
v -0.02542499 0.37603771 0.51506327
v -0.03473720 0.38374230 0.52923004
v -0.04503192 0.37509983 0.52079670
v -0.01125328 0.38048836 0.51530127
v -0.01760765 0.38687981 0.52696632
v -0.03705373 0.36713786 0.50637697
v -0.02161948 0.36712718 0.49939074
v -0.01081239 0.37413812 0.50502205
v -0.02880476 0.39268598 0.53841143
v -0.04366856 0.39038239 0.54004508
v -0.04804038 0.38292107 0.53225834
v 0.11089649 0.26809450 0.98040198
v 0.12186501 0.26394283 0.97760752
v 0.11185250 0.25602931 0.97970949
v 0.12045911 0.27375066 0.97840866
v 0.10185403 0.26099927 0.98216219
v -0.17386467 0.34901064 0.56174324
v -0.18548211 0.34446095 0.56543116
v -0.17560374 0.34277976 0.55157754
v -0.16159840 0.35003835 0.55122970
v -0.17952917 0.35185067 0.57398099
v -0.16682856 0.35571874 0.56696097
v -0.34251527 0.21724396 0.37982107
v -0.32887943 0.21812908 0.38790092
v -0.33860720 0.20549840 0.39115832
v -0.35258540 0.20518003 0.38213965
v -0.35594429 0.21742250 0.37139014
v -0.34571384 0.22854673 0.36986639
v -0.33319898 0.22910703 0.37697832
v -0.36649507 0.20546573 0.37306891
v -0.37071541 0.21869542 0.36154145
v -0.35761282 0.22991987 0.36185060
v -0.07282894 0.37111349 0.52351960
v -0.06074729 0.37217001 0.52136260
v -0.06882555 0.37839084 0.53214492
v -0.08272212 0.37495698 0.53231314
v -0.08291682 0.36623764 0.52004720
v -0.05662185 0.37904044 0.52958132
v -0.05218235 0.36610880 0.50998184
v -0.05985275 0.38713643 0.54044492
v -0.07925350 0.38594865 0.54496628
v 0.10543329 0.52110645 0.58222208
v 0.10938158 0.52788867 0.59249596
v 0.09690312 0.53030905 0.58549207
v 0.09482598 0.52416549 0.57815239
v 0.08528496 0.52183530 0.57295283
v -0.29638102 0.27681320 0.61894556
v -0.28969819 0.28419107 0.60752740
v -0.28442591 0.28909455 0.59648388
v 0.06004965 0.40197568 0.48151130
v 0.05074974 0.40333398 0.49417571
v 0.04764655 0.39548512 0.48218180
v 0.05674349 0.39443429 0.47087828
v 0.06182902 0.40742457 0.49063272
v 0.04457082 0.38797481 0.47020670
v 0.05367753 0.38730220 0.45919593
v -0.00748469 0.45618947 0.58488277
v -0.00356624 0.46535034 0.59053734
v -0.01395799 0.45987635 0.59286178
v -0.00076414 0.45046869 0.57676594
v 0.00739285 0.46049311 0.57928373
v -0.01257326 0.44704711 0.58037363
v -0.01988517 0.45267795 0.58955592
v -0.36505220 0.12213999 0.45990600
v -0.35452961 0.13147201 0.46090481
v -0.37567369 0.11265445 0.45795998
v -0.37298350 0.12219754 0.44640404
v -0.36173852 0.13161561 0.44808690
v -0.34930481 0.13284614 0.47163232
v -0.37906806 0.09953278 0.48527897
v -0.38105723 0.10270629 0.46755079
v -0.33977008 0.14162865 0.49049811
v -0.33915986 0.14433648 0.50335413
v -0.34509730 0.14125693 0.51721938
v -0.34153289 0.14005072 0.47627661
v -0.17128283 0.30332192 0.40142484
v -0.16201449 0.30607481 0.41223888
v -0.17486310 0.30141510 0.41963576
v -0.18551987 0.29775934 0.40643323
v -0.17503764 0.30363015 0.38610960
v -0.16406449 0.30635149 0.38987351
v -0.18282363 0.30011623 0.39464850
v -0.15489719 0.30843686 0.39910504
v -0.18463930 0.29764409 0.43401403
v -0.19105230 0.29448084 0.41984652
v -0.06739023 0.43099484 0.59133557
v -0.05689089 0.43023583 0.58379148
v -0.04534826 0.43220119 0.58128850
v -0.05256236 0.42311443 0.57482273
v -0.06401505 0.42532796 0.58136828
v -0.34497674 0.11435019 0.74726085
v -0.34709926 0.12755543 0.74187421
v -0.33746267 0.10936620 0.76072977
v -0.34240281 0.13668301 0.74959809
v -0.33714557 0.14456872 0.75613555
v -0.14988702 0.37260528 0.57930108
v -0.15941362 0.36462233 0.57566555
v -0.14293064 0.36891680 0.56501185
v -0.16013867 0.37094577 0.59172712
v -0.14711404 0.37901717 0.58946566
v -0.13854869 0.37822494 0.57577514
v -0.13926437 0.36153849 0.54978049
v -0.12919810 0.36945320 0.55309229
v -0.13066395 0.37604168 0.56410932
v -0.15299621 0.35927241 0.55899991
v -0.30727067 0.23292085 0.39045869
v -0.30379111 0.22454986 0.39999329
v -0.31514112 0.22074038 0.39507772
v -0.29386509 0.23430338 0.39902025
v -0.31217926 0.24220347 0.37981965
v -0.29806917 0.24575600 0.38582590
v -0.32025939 0.23057280 0.38387236
v -0.12850864 0.33365911 0.48484868
v -0.11922270 0.33213953 0.47140851
v -0.10801136 0.33361217 0.46623869
v -0.10166348 0.33760218 0.47279977
v -0.34239517 0.10138523 0.75132615
v -0.34910472 0.10488857 0.73879482
v -0.35174065 0.11812580 0.73271843
v -0.34584106 0.09450346 0.74418589
v -0.35104328 0.09362248 0.73377293
v -0.35605856 0.10669200 0.72317416
v -0.33289593 0.22209314 0.65600953
v -0.34028080 0.21037638 0.65605098
v -0.33496677 0.21977118 0.63686166
v -0.32666959 0.23380085 0.64742795
v -0.34083700 0.20655820 0.62510986
v -0.33418325 0.21696287 0.61651891
v -0.33020479 0.22679814 0.62135508
v -0.32713668 0.23436723 0.63004194
v -0.34158447 0.20481893 0.67259489
v 0.08659191 0.53119782 0.57971781
v 0.07561713 0.53236081 0.57684013
v 0.08727653 0.53646960 0.58697495
v 0.07959333 0.53664933 0.58162268
v 0.07902606 0.51494411 0.56877463
v 0.07288934 0.52334666 0.57280094
v 0.06575221 0.53072227 0.57784563
v 0.06906284 0.53690753 0.57811852
v -0.40435156 0.09507569 0.43972389
v -0.39877462 0.09253247 0.45172476
v -0.40869918 0.08308993 0.45097974
v -0.41048066 0.09835401 0.42764262
v -0.41561018 0.08770572 0.43413208
v -0.06359865 0.08637278 0.93667233
v -0.06080802 0.09650363 0.94409276
v -0.04805098 0.08690537 0.93718687
v -0.06591189 0.07504000 0.92799369
v -0.07795058 0.08590129 0.93526650
v -0.05419244 0.07831498 0.93090881
v -0.07430859 0.09610731 0.94293979
v -0.04689100 0.10080129 0.94702170
v -0.07029896 0.10395449 0.94869962
v -0.06089780 0.10547692 0.95027644
v -0.04219353 0.07508888 0.92820182
v -0.03363212 0.09084638 0.93939312
v -0.03454161 0.08131626 0.93250648
v -0.27659543 0.25675555 0.39020504
v -0.28321388 0.26450974 0.37690409
v -0.28479124 0.24636872 0.39472968
v -0.28752081 0.25413344 0.38507484
v -0.26409454 0.26008621 0.39630385
v -0.27162036 0.24885749 0.40334118
v -0.29485019 0.25673954 0.37781282
v -0.29951243 0.26493190 0.36684035
v -0.28588524 0.27623340 0.36071249
v -0.34783986 0.23801565 0.36199000
v -0.33697599 0.23949442 0.36717607
v -0.13488897 0.38620606 0.58642405
v -0.14229854 0.38599941 0.60158894
v -0.15449054 0.37761865 0.60339765
v -0.10215786 0.31487257 0.36434402
v -0.10740809 0.31557119 0.37769646
v -0.11462371 0.31434000 0.36676834
v -0.08872951 0.31570768 0.36530685
v -0.09588486 0.31603455 0.37494826
v -0.09703180 0.31750838 0.38854412
v -0.11227615 0.31659260 0.39281155
v -0.12264276 0.31439755 0.37929629
v -0.12846519 0.31322482 0.36225828
v -0.32195906 0.24399023 0.63585790
v -0.32007345 0.24486260 0.64640942
v -0.32095349 0.24451553 0.62273257
v -0.32458045 0.23573337 0.61531767
v -0.07959100 0.33913287 0.46679405
v -0.07377751 0.33500745 0.45384044
v -0.05850831 0.33677500 0.45373885
v -0.05198194 0.34208882 0.46496111
v -0.09103501 0.33977157 0.47277987
v -0.08572062 0.33601740 0.46088973
v -0.08878615 0.33143667 0.44905308
v -0.25784045 0.24081355 0.44398018
v -0.24869381 0.25063351 0.44297594
v -0.25105241 0.24844553 0.45380437
v -0.25989425 0.23867534 0.45894503
v -0.26645191 0.22996089 0.45133647
v -0.26177094 0.23961172 0.43163157
v -0.25220897 0.24960204 0.43099149
v -0.26746667 0.23118286 0.43810938
v -0.24263719 0.25711557 0.44900674
v -0.24495119 0.25692538 0.46099871
v -0.25410368 0.24789222 0.46691901
v -0.24156651 0.25838889 0.43742689
v -0.33061184 0.19799882 0.57195535
v -0.33435281 0.20030835 0.58530025
v -0.33857059 0.19011587 0.58205715
v -0.33608026 0.18501397 0.56781059
v -0.32669544 0.21216359 0.58146647
v -0.32140961 0.20726899 0.56180963
v -0.34086978 0.19476389 0.59742431
v -0.34487891 0.18362857 0.59126959
v -0.34395143 0.17821035 0.57921008
v -0.33437600 0.20587331 0.59432167
v -0.29541536 0.22283127 0.40856540
v -0.29536976 0.21383753 0.41843061
v -0.30704470 0.21309784 0.40806392
v -0.28654232 0.23012089 0.40939695
v -0.28620451 0.22287044 0.41813445
v -0.28104049 0.23876901 0.40553318
v -0.27659558 0.23325034 0.41686511
v -0.23220987 0.29242621 0.36333338
v -0.23537858 0.26417589 0.44434330
v -0.23609851 0.26491039 0.45495440
v -0.23873994 0.26603913 0.46762676
v -0.22753615 0.27185411 0.44760330
v -0.22887132 0.27337362 0.46066392
v 0.00301748 0.36299920 0.47194552
v -0.00691626 0.35901476 0.47401358
v -0.00274785 0.35592552 0.46130810
v 0.01105658 0.36288558 0.45998528
v 0.01313220 0.36826123 0.47073318
v 0.00617130 0.36999507 0.48313579
v -0.00411662 0.36373595 0.48132049
v -0.00481627 0.35026376 0.44792007
v 0.00679851 0.35618303 0.44721144
v -0.01551420 0.35388707 0.47026435
v -0.01507372 0.34871599 0.45663054
v -0.01638593 0.36028084 0.48412792
v -0.26429516 0.23726782 0.47396689
v -0.25726556 0.24943640 0.47987455
v -0.27443924 0.22293989 0.47339477
v -0.26745499 0.22954849 0.46330729
v -0.27278047 0.23150062 0.48691290
v -0.26553353 0.24273978 0.48813761
v -0.24831445 0.25773722 0.47373682
v -0.25224557 0.25853989 0.48469540
v -0.25960194 0.25321765 0.49169596
v 0.27443181 0.55499921 0.71693802
v 0.27797331 0.55518107 0.70346497
v 0.26698603 0.56297247 0.70721408
v -0.13347152 0.31327869 0.38737949
v -0.13678846 0.31250256 0.37603417
v -0.12569704 0.31482357 0.39329577
v -0.14215568 0.31185066 0.36560331
v -0.14461703 0.31117236 0.38745501
v -0.14953002 0.31047647 0.37535277
v -0.27730907 0.28660246 0.56935421
v -0.28173629 0.28815013 0.58357061
v -0.28597519 0.27876409 0.57607338
v -0.27167231 0.28519246 0.55622776
v -0.26964863 0.29246412 0.56380732
v -0.28060705 0.27704687 0.56149709
v -0.26177445 0.29359909 0.55282088
v -0.26362141 0.29938063 0.56554013
v -0.06610864 0.41816461 0.57455665
v -0.07541240 0.42212389 0.58406559
v -0.07943618 0.41243618 0.57454494
v -0.06769517 0.41086695 0.56761740
v -0.05607347 0.41333266 0.56652940
v -0.36038689 0.06414412 0.71138060
v -0.35025209 0.05526043 0.72630452
v -0.36690896 0.07715152 0.69955411
v -0.36003568 0.08199138 0.71386286
v -0.36876142 0.06419372 0.69589483
v -0.35441388 0.06932798 0.72319282
v -0.34164313 0.05688309 0.73994983
v -0.34847978 0.06606462 0.73266233
v -0.09507862 0.38852691 0.55495811
v -0.09454418 0.37903798 0.54285985
v -0.06880280 0.39615856 0.55295608
v -0.08384268 0.39656761 0.55877788
v -0.09782175 0.39845703 0.56859232
v -0.10903264 0.38813307 0.56321721
v -0.10489228 0.38162573 0.55189307
v -0.10761260 0.37372000 0.54314925
v -0.09724243 0.36857428 0.53001082
v -0.43086919 0.05356577 0.46376795
v -0.43910418 0.05462290 0.44604606
v -0.42999009 0.06266671 0.44848836
v -0.41728890 0.06427443 0.47094325
v -0.42297263 0.06510454 0.45669842
v -0.42210202 0.07394129 0.44370903
v -0.44724222 0.05540467 0.43152905
v -0.32373469 0.22541129 0.59246421
v -0.33103988 0.21556579 0.60000472
v -0.31839640 0.22572543 0.57810840
v -0.31871242 0.21812496 0.56896203
v -0.33798412 0.20592199 0.60805883
v -0.32780186 0.22621213 0.60776372
v -0.31627353 0.23598788 0.58709630
v -0.32106108 0.23574919 0.60112669
v -0.22679776 0.05714774 0.84704595
v -0.21914723 0.06038490 0.85435191
v -0.34486352 0.14847289 0.53284832
v -0.33826913 0.15324361 0.52371158
v -0.35205304 0.13765411 0.53186003
v -0.35193360 0.14364505 0.54380046
v -0.33775203 0.15993473 0.53461804
v -0.34511916 0.15519067 0.54570691
v -0.02081640 0.33116637 0.36583399
v -0.00893384 0.33631186 0.36038863
v -0.00907633 0.33658854 0.37378317
v -0.03533116 0.32561874 0.36481322
v -0.02045512 0.33203714 0.38331936
v -0.03186527 0.32736874 0.37862405
v -0.22214004 0.31065169 0.53288427
v -0.20986727 0.31619663 0.53121519
v -0.21937953 0.31748820 0.54422571
v -0.21395805 0.30888079 0.51999539
v -0.22492669 0.30450383 0.52359512
v -0.23332568 0.30443703 0.53353339
v -0.23136959 0.31131158 0.54489471
v -0.20070868 0.31436212 0.51745756
v -0.19664812 0.32179392 0.52957496
v -0.20656249 0.32338749 0.54317089
v -0.22936979 0.31791463 0.55674196
v -0.21695239 0.32426311 0.55636961
v -0.19146312 0.29849843 0.46092555
v -0.19404638 0.29420462 0.44603529
v -0.18048407 0.30145185 0.44910289
v -0.20414617 0.29059892 0.45721425
v -0.17714489 0.30662574 0.46554627
v -0.19124730 0.30297265 0.47628609
v -0.20290572 0.29533456 0.47167241
v -0.18062950 0.30995002 0.48221340
v -0.19251331 0.30748760 0.49117464
v -0.20367902 0.30012887 0.48669708
v -0.12453503 0.12679872 0.94703390
v -0.11332789 0.11771226 0.94759633
v -0.12762108 0.11965192 0.94348631
v -0.13524306 0.12827507 0.94212049
v -0.12793537 0.13800461 0.94682497
v -0.11706851 0.13057987 0.95086959
v -0.12472074 0.10956906 0.94010614
v -0.13900566 0.11635970 0.93663090
v -0.10304414 0.12948452 0.95517384
v -0.11151472 0.10329025 0.94094164
v -0.09741178 0.11650861 0.95148444
v -0.09931323 0.10638765 0.94564113
v -0.30473653 0.26607125 0.61404375
v -0.29683621 0.27550583 0.60598451
v -0.31085186 0.25970263 0.62847998
v -0.31388749 0.25420118 0.61718383
v -0.30894316 0.25553827 0.60002327
v -0.29988017 0.26826311 0.59660330
v -0.29084685 0.27960752 0.59258862
v -0.36037968 0.17950271 0.39665711
v -0.36311813 0.19306401 0.38412853
v -0.34909566 0.19307380 0.39368964
v -0.34523543 0.18212889 0.40585245
v -0.35310019 0.17185272 0.40893189
v -0.36541871 0.16427789 0.40603186
v -0.37582050 0.17026825 0.39283258
v -0.37241044 0.18276938 0.38549870
v -0.33539608 0.19388050 0.40301586
v -0.37854974 0.19312670 0.37390645
v 0.00223611 0.37549302 0.49758192
v 0.01122280 0.38447268 0.50488065
v -0.00181333 0.37998338 0.50867949
v 0.01523849 0.37856180 0.49002480
v -0.00732363 0.36809463 0.49207545
v -0.00092343 0.38745555 0.51905840
v 0.01326527 0.39313710 0.51710226
v 0.02510093 0.38655891 0.49383458
v 0.02432776 0.39277723 0.50622070
v -0.45213991 0.10449588 0.37811182
v -0.45753651 0.11306610 0.36740339
v -0.46877111 0.10915712 0.35973381
v -0.46363483 0.10067121 0.36983275
v -0.08259790 0.15711359 0.96787083
v -0.08657319 0.14547444 0.96543206
v -0.09454201 0.15411164 0.96336714
v -0.06520136 0.15787463 0.97296675
v -0.07240611 0.14586816 0.96918521
v -0.02601286 0.44387008 0.58443959
v -0.02347199 0.45789952 0.59951566
v -0.25549989 0.28312553 0.52717341
v -0.25076490 0.28198132 0.51841319
v -0.24712022 0.28948118 0.52492239
v -0.26352682 0.27942161 0.53461024
v -0.25968742 0.27407074 0.52115372
v -0.25575383 0.28966698 0.53759994
v -0.24952635 0.27567603 0.50717108
v -0.24148194 0.28663715 0.51238289
v -0.24423059 0.29741849 0.53440138
v -0.23447886 0.29671458 0.52060040
v -0.28427654 0.09918466 0.82386794
v -0.27675918 0.10728859 0.83338880
v -0.26973028 0.09163082 0.83382308
v -0.27997813 0.08266263 0.82060545
v -0.29358071 0.09345651 0.81273430
v -0.29654478 0.10850288 0.81477909
v -0.28742393 0.11155726 0.82474641
v -0.25911343 0.09207799 0.84331574
v -0.25659845 0.08161231 0.83991810
v -0.26517481 0.07625062 0.83003296
v -0.26439547 0.10270304 0.84293223
v -0.28294828 0.12028974 0.82974230
v -0.26933305 0.11812704 0.84171709
v -0.37118400 0.13349384 0.43338771
v -0.35055844 0.17278414 0.59172619
v -0.34961292 0.18157150 0.60625863
v -0.35655515 0.16679995 0.60483869
v -0.35372626 0.18302921 0.67071677
v -0.34818414 0.19255384 0.67553243
v -0.35270433 0.18135271 0.68265252
v -0.35629980 0.17856843 0.66011207
v -0.35762194 0.17205853 0.67367081
v -0.12431713 0.39280281 0.58476757
v -0.12430520 0.38522720 0.57215509
v -0.11302210 0.39562629 0.57715983
v -0.11684173 0.40124561 0.59315030
v -0.13021442 0.39357228 0.59680291
v -0.13786465 0.31287160 0.40121584
v -0.14954918 0.31022485 0.41443078
v -0.12383183 0.14832558 0.94870852
v -0.08117264 0.42618732 0.59551257
v -0.09151841 0.41618478 0.58941799
v -0.08380478 0.42770585 0.60493738
v -0.09074849 0.42276494 0.60251874
v -0.09417562 0.42165362 0.60719021
v -0.39005305 0.08746769 0.61580083
v -0.39235691 0.08497919 0.60334837
v -0.38720871 0.09739088 0.60362678
v -0.39147861 0.07934001 0.62420827
v -0.39478878 0.07530139 0.61260818
v -0.38537212 0.09883882 0.62078011
v -0.38766759 0.08783157 0.62999583
v -0.08435127 0.31734542 0.37870903
v -0.10298970 0.31821327 0.39799046
v -0.08183531 0.31964022 0.39405455
v -0.07521888 0.31712530 0.36688482
v -0.06796595 0.31951785 0.38164452
v -0.35277523 0.14249817 0.72386426
v -0.35715081 0.13703745 0.71397058
v -0.35483535 0.15005322 0.71304212
v -0.34799822 0.15314262 0.72840351
v -0.35291855 0.13150425 0.72765703
v -0.34820585 0.14000609 0.73600000
v -0.33973590 0.15933296 0.74035022
v -0.34263276 0.14802410 0.74391738
v -0.35083008 0.16271258 0.71387361
v -0.05687315 0.14480514 0.97139993
v -0.04799639 0.15453661 0.97548240
v -0.04171781 0.14322896 0.97195409
v -0.04908067 0.13426380 0.96770247
v -0.06386636 0.13388138 0.96635851
v 0.01995625 0.36385507 0.44668715
v 0.00050504 0.34896069 0.43320914
v 0.01506507 0.35718784 0.43311350
v -0.03751039 0.35258153 0.48222570
v -0.03504482 0.34896030 0.47369411
v -0.02715463 0.35346941 0.47822585
v -0.03294754 0.35916582 0.49164779
v -0.03828859 0.34434045 0.46423828
v -0.02626360 0.34827892 0.46612749
v 0.07307400 0.18964494 0.97303889
v 0.06333048 0.17863391 0.97117103
v 0.05902167 0.19183599 0.97869830
v 0.08052720 0.17873284 0.96467998
v 0.06765050 0.19900984 0.97911288
v 0.08047554 0.20138635 0.97544770
v 0.08699828 0.18982376 0.96753104
v 0.04343313 0.19656204 0.98405146
v 0.05668808 0.20423188 0.98375636
v 0.04976785 0.18475561 0.97838619
v 0.15391527 0.52531650 0.61581298
v 0.14176981 0.52338705 0.60816132
v 0.14287407 0.53192493 0.62006128
v 0.16185696 0.52533644 0.61914038
v 0.15926684 0.53225764 0.62640513
v 0.12840151 0.53181496 0.61262131
v 0.14544680 0.53796033 0.63211142
v -0.08340413 0.06607302 0.91946034
v -0.07251004 0.06767394 0.92187310
v -0.07170321 0.05886970 0.91471460
v -0.08405132 0.05611764 0.91113430
v -0.09433069 0.07436519 0.92453556
v -0.08127248 0.07576586 0.92733898
v -0.09756176 0.06435937 0.91590079
v -0.06111606 0.06324405 0.91887803
v -0.03479521 0.15154186 0.97549612
v -0.03555114 0.16376207 0.97890861
v -0.02236296 0.15458419 0.97651340
v -0.02588063 0.14190302 0.97098109
v -0.04257379 0.17636258 0.97883182
v -0.05255131 0.16667014 0.97671121
v -0.32327887 0.20627251 0.40148230
v -0.22442532 0.10494551 0.87383169
v -0.21030152 0.10024619 0.88250838
v -0.21554428 0.08983001 0.87396925
v -0.24005823 0.10917155 0.86408404
v -0.23250664 0.11970104 0.87108779
v -0.22999181 0.09350323 0.86542241
v -0.21661689 0.11692400 0.88230820
v -0.20205725 0.08618235 0.88166464
v -0.20434727 0.10782168 0.89003988
v -0.19718401 0.09564847 0.89016974
v -0.23184453 0.27516412 0.47339934
v -0.22372833 0.28375336 0.47764322
v -0.23421261 0.27872669 0.48611582
v -0.22295398 0.28035475 0.46668143
v -0.24311035 0.26789665 0.48220202
v -0.34480849 0.13986062 0.46317325
v -0.39700133 0.07671799 0.50770817
v -0.40318140 0.07179636 0.49365627
v -0.39553098 0.07960459 0.49432689
v -0.39054322 0.08415998 0.50067620
v -0.38828031 0.08658628 0.51164270
v -0.39337106 0.08107132 0.52324031
v -0.40792008 0.07019168 0.48057278
v -0.39852085 0.07998752 0.48036895
v -0.38916832 0.08748232 0.48915242
v -0.30078313 0.18752603 0.47258869
v -0.29600209 0.19414654 0.45679313
v -0.30912564 0.17700836 0.47873126
v -0.30850572 0.17766085 0.46559348
v -0.30442802 0.18471179 0.48619940
v -0.30331084 0.18446863 0.45944394
v -0.31111195 0.17733005 0.49219908
v -0.31488611 0.16997260 0.47112294
v -0.31778914 0.16715214 0.48438000
v -0.10887675 0.09181292 0.93442464
v -0.12162312 0.09777892 0.93473107
v -0.10050982 0.09677336 0.93962806
v -0.09391711 0.08602064 0.93328016
v -0.11934786 0.08592874 0.92753655
v -0.10568743 0.08131142 0.92774209
v -0.10442422 0.07311184 0.92181018
v -0.11284123 0.07697513 0.92286193
v 0.15881766 0.54061293 0.63997025
v 0.16931712 0.53669769 0.63521932
v 0.17475115 0.54162983 0.64526716
v -0.31726222 0.25145716 0.62873956
v -0.31570951 0.25266261 0.63871154
v -0.31771188 0.24533817 0.60870213
v -0.08592032 0.40433713 0.56816540
v -0.09207071 0.40789091 0.57645013
v -0.10333852 0.40549713 0.58307092
v 0.02245415 0.06375146 0.91124825
v 0.01564298 0.05864635 0.90878815
v -0.02828239 0.17644569 0.98186899
v -0.01870087 0.16676837 0.98070247
v -0.00977864 0.34211536 0.42583906
v -0.01521278 0.34357054 0.44041198
v -0.03021770 0.33775271 0.43883579
v 0.09742818 0.53598447 0.59574545
v -0.34497093 0.19496127 0.61542969
v -0.31092059 0.09444583 0.79463927
v -0.31477123 0.10887123 0.79365480
v -0.30430502 0.10125225 0.80444532
v -0.30575445 0.08209163 0.79562265
v -0.31621531 0.08586285 0.78520618
v -0.30180683 0.09005642 0.80320570
v -0.32067905 0.09879611 0.78388386
v -0.31850570 0.16976086 0.49941721
v -0.30568478 0.18749331 0.49832205
v -0.30475933 0.20199792 0.51912113
v 0.12557856 0.52378065 0.59935144
v -0.37685364 0.10917977 0.65748035
v -0.38066223 0.09809741 0.65122555
v -0.37911095 0.11010196 0.64275658
v -0.37495437 0.12169586 0.64980427
v -0.37786707 0.09824011 0.66334185
v -0.37434446 0.10573513 0.67134156
v -0.37241360 0.12070464 0.66660021
v -0.38074858 0.11050311 0.62736206
v -0.37637197 0.12215445 0.63446206
v -0.38331213 0.09873351 0.63628208
v -0.38045150 0.08553847 0.66190633
v -0.38474674 0.08661733 0.64510739
v 0.00250041 0.15027497 0.97240668
v 0.00230530 0.13798497 0.96557699
v -0.01070431 0.14612048 0.97184682
v -0.00822902 0.15766625 0.97716045
v 0.00331521 0.15981333 0.97702076
v 0.01411819 0.15554887 0.97312229
v 0.01418912 0.14451501 0.96714416
v -0.01251641 0.13443496 0.96572985
v 0.16315912 0.32507635 0.95749552
v -0.32899979 0.17962410 0.54333225
v -0.33430951 0.17940897 0.55549843
v -0.33138593 0.17015889 0.53526260
v -0.33788388 0.16816671 0.54794500
v -0.07755469 0.13712662 0.96559018
v -0.17094001 0.13637388 0.91933543
v -0.15542945 0.11792890 0.92784588
v -0.16958004 0.12496534 0.92023828
v 0.01897510 0.07396012 0.91943496
v 0.03246861 0.07151739 0.91466505
v -0.19247962 0.34718848 0.58083355
v -0.20564359 0.34239937 0.58786714
v -0.20113721 0.33848335 0.57071512
v -0.21043190 0.34265487 0.60143462
v -0.20355011 0.13885194 0.89228705
v -0.20160788 0.12994012 0.89603905
v -0.21205683 0.13226751 0.88630618
v -0.19417622 0.13621847 0.90073067
v -0.01379262 0.17993960 0.98375574
v -0.00346579 0.16862457 0.98096520
v 0.00513811 0.18084751 0.98398032
v -0.02409629 0.18405078 0.98313623
v -0.36740839 0.12748457 0.56109670
v -0.36478245 0.12484256 0.54457777
v -0.35947487 0.13656283 0.55276099
v -0.36934467 0.13011306 0.57630045
v -0.37484606 0.11813891 0.57036076
v -0.37329033 0.11569335 0.55507959
v -0.35735322 0.13430873 0.54131861
v -0.37210514 0.07443537 0.68864831
v -0.37542536 0.06584651 0.68182037
v -0.37630366 0.07906143 0.67720709
v -0.37176374 0.08583957 0.68739662
v -0.36670590 0.09192829 0.69866804
v -0.37218536 0.05224685 0.68853633
v -0.00314630 0.44091647 0.57109708
v 0.01339032 0.41000812 0.53740329
v 0.02550919 0.40838500 0.52730695
v 0.02487925 0.41795982 0.53803197
v 0.00021138 0.41135704 0.54590773
v 0.00305998 0.40229341 0.53556871
v 0.01430450 0.40118347 0.52718176
v 0.01150790 0.42027145 0.54794526
v 0.02485616 0.39991273 0.51702182
v 0.03748337 0.40685258 0.51503740
v 0.03734403 0.41615035 0.52724153
v 0.03618966 0.42524716 0.53803956
v -0.35742242 0.12311980 0.71768727
v -0.36181340 0.12964339 0.70237933
v -0.36013326 0.14417955 0.69951375
v -0.36623213 0.12126181 0.69166074
v -0.36528161 0.13589081 0.68542870
v -0.36205973 0.11470222 0.70669958
v -0.00183761 0.12651976 0.95940569
v -0.01532129 0.12341701 0.95950927
v -0.02367111 0.13094140 0.96504182
v -0.01680754 0.39546783 0.53750994
v -0.02309733 0.40172919 0.54635080
v -0.00598591 0.39470891 0.53168877
v -0.00945133 0.40275276 0.54218116
v -0.36671753 0.10692322 0.69555451
v -0.37121697 0.09955384 0.68484585
v -0.37031083 0.11346834 0.68144403
v -0.36169603 0.09923581 0.71011218
v -0.30479833 0.18615421 0.44821441
v -0.29948467 0.19522406 0.44080869
v -0.30924727 0.17901717 0.45447754
v -0.30838035 0.18830839 0.43662134
v -0.31540188 0.17847961 0.44251147
v -0.28721705 0.20403673 0.45853948
v -0.28989921 0.20346041 0.44609814
v 0.11186006 0.24084838 0.97630248
v 0.12441163 0.25270031 0.97412750
v -0.36452846 0.11916714 0.52774600
v -0.35517318 0.12961029 0.52228434
v -0.37485135 0.10310207 0.51596344
v -0.37322571 0.10718807 0.52642164
v -0.35870086 0.12903290 0.53358808
v -0.37258827 0.11191054 0.54016907
v 0.09980779 0.24992031 0.98219202
v 0.09752610 0.23933149 0.98155219
v 0.08721259 0.24417866 0.98440925
v 0.08877218 0.25812916 0.98311466
v 0.10098647 0.23148392 0.97841822
v 0.08810356 0.23043107 0.98244214
v 0.07553624 0.23659464 0.98631383
v -0.41550499 0.07216514 0.45770546
v 0.00785508 0.34788618 0.40671986
v 0.01058960 0.35158030 0.41972274
v -0.00079132 0.34473980 0.41694218
v 0.01623990 0.35197497 0.39704016
v 0.01670643 0.35355088 0.40910447
v 0.00545977 0.34525565 0.39306863
v -0.00167713 0.34240887 0.40400051
v -0.22465382 0.32949334 0.57975162
v -0.22599477 0.33221605 0.59349939
v -0.23844191 0.32301554 0.58515495
v -0.22747793 0.32411034 0.56927371
v -0.21496034 0.33070132 0.56898918
v -0.21497195 0.33565713 0.58229025
v -0.24789813 0.32011085 0.60130716
v -0.23702112 0.32665600 0.60066794
v -0.23938507 0.31742956 0.56900148
v -0.24836814 0.31554030 0.57833624
v -0.22828806 0.33145331 0.61168868
v -0.21576855 0.33853540 0.59339346
v -0.21986974 0.33739593 0.60214450
v -0.44093772 0.14834711 0.35960428
v -0.42827001 0.16189113 0.36080443
v -0.45161836 0.13639174 0.35824554
v -0.41385795 0.15803654 0.37385583
v -0.41301104 0.14478155 0.38392627
v -0.41498559 0.16978453 0.36519034
v 0.02939001 0.19507099 0.98611046
v 0.03075546 0.20636975 0.98750558
v 0.01948952 0.18847163 0.98530681
v 0.01879940 0.20115813 0.98752238
v 0.03527590 0.18360025 0.98137818
v -0.20372619 0.33063068 0.55583168
v -0.19299991 0.32922789 0.54170395
v -0.18964137 0.33683720 0.55412220
v 0.00737039 0.10750542 0.94528021
v 0.00931954 0.11924254 0.95261922
v 0.02122022 0.11161503 0.94491711
v 0.00428296 0.09811442 0.93954733
v -0.00607548 0.10392091 0.94534995
v 0.01938898 0.09667725 0.93527235
v -0.00442840 0.11528070 0.95263280
v -0.00691537 0.09143479 0.93678643
v 0.00699022 0.09093723 0.93405330
v -0.30280854 0.11936200 0.80993069
v -0.31135616 0.12308520 0.79925773
v -0.29443986 0.12200977 0.81877701
v -0.31682027 0.13228293 0.79053793
v -0.30639752 0.11225657 0.80492646
v -0.39475916 0.18651041 0.36783670
v -0.38507041 0.17837273 0.38003093
v -0.40080585 0.17096794 0.37438125
v -0.40952372 0.18143998 0.36142342
v -0.39040909 0.20035597 0.36146053
v -0.38893724 0.16687289 0.38584702
v -0.39915470 0.15566060 0.38682451
v -0.39480713 0.13627639 0.40669343
v -0.40965478 0.11809737 0.40867876
v -0.40631464 0.12973998 0.40169693
v -0.38439898 0.14214546 0.41071278
v -0.37436501 0.14268741 0.41949727
v -0.39039761 0.14793094 0.40020589
v -0.40280170 0.14156686 0.39500253
v 0.06313241 0.12440525 0.94080863
v 0.05735208 0.11670134 0.93802572
v -0.15453113 0.31037426 0.36183443
v -0.16364516 0.30755904 0.37616155
v -0.16821317 0.30812363 0.36288783
v -0.04759989 0.05768886 0.91446204
v -0.05124193 0.06876398 0.92344285
v -0.03709621 0.06410371 0.91931111
v -0.11780892 0.37782780 0.55588514
v -0.33431205 0.06073024 0.75165399
v -0.33683546 0.07501470 0.75339274
v -0.32578385 0.06576036 0.76482146
v -0.34324925 0.07012368 0.74209227
v -0.31583907 0.05277952 0.77066888
v -0.20681080 0.28652644 0.44281303
v -0.21728954 0.28129623 0.45439357
v -0.21398354 0.28737062 0.46805198
v -0.19809429 0.29081036 0.43201529
v -0.21865474 0.27826367 0.43872807
v -0.21031152 0.28391433 0.42884685
v -0.38527914 0.07410789 0.65313078
v -0.38082420 0.07038172 0.66762940
v -0.30453252 0.06139845 0.78722564
v -0.29989741 0.07008524 0.79616975
v -0.29361309 0.05836297 0.79606233
v -0.31464919 0.06377803 0.77751449
v -0.31068009 0.07321026 0.78634432
v -0.10920156 0.05945970 0.90935637
v -0.37543692 0.16152122 0.40039345
v -0.38434220 0.15913762 0.39549657
v -0.32418805 0.10998075 0.78148993
v -0.32948753 0.10348820 0.77266794
v -0.20739165 0.30104283 0.35694471
v -0.34713713 0.18806496 0.69121814
v -0.18375225 0.09134999 0.89729858
v -0.16995770 0.08754068 0.90421792
v 0.06331426 0.45073050 0.54597583
v 0.07019116 0.46084010 0.55054439
v 0.06920528 0.51381702 0.57048580
v 0.07931483 0.50389113 0.56511864
v -0.23830036 0.06177626 0.84198047
v -0.24606148 0.05427404 0.83156889
v -0.25181705 0.06852978 0.83616960
v -0.24366759 0.07454719 0.84584050
v -0.23105228 0.06754636 0.85076665
v -0.26051457 0.06337662 0.82649335
v -0.46541296 0.07906747 0.38375686
v -0.45860235 0.09182377 0.38102365
v 0.02339491 0.35928986 0.41817747
v -0.07472059 0.40445322 0.56351951
v -0.06125904 0.40486172 0.55973141
v -0.04176117 0.41598614 0.56516481
v -0.04683678 0.40658182 0.55774491
v -0.13133009 0.05645036 0.89983757
v -0.05302306 0.39736665 0.55003149
v -0.03771828 0.39944723 0.54835254
v -0.33474260 0.15269824 0.51151539
v -0.33010554 0.16412383 0.52192839
v -0.33131991 0.15239492 0.49600526
v -0.32623801 0.16194168 0.50618979
v 0.03775571 0.09252905 0.92792984
v 0.04862931 0.10071189 0.93041867
v -0.11501554 0.14100972 0.95326189
v -0.10140796 0.14536972 0.95935832
v -0.09613715 0.33495206 0.46263873
v -0.35779822 0.14172333 0.43812997
v -0.36426834 0.14432547 0.42752816
v 0.03325037 0.39919293 0.50769450
v 0.03709524 0.39530856 0.49574828
v 0.04149351 0.40240935 0.50373176
v 0.04790587 0.40787675 0.50586320
v 0.05085925 0.41553104 0.51522086
v -0.39718940 0.07479900 0.59453728
v -0.39131002 0.08898459 0.59025498
v -0.39404940 0.07010782 0.62514331
v -0.39672310 0.06680338 0.61747990
v -0.39980349 0.06252712 0.60787465
v -0.08843604 0.09646634 0.94144080
v -0.08400717 0.10781927 0.94929397
v -0.35798565 0.17436839 0.64568165
v -0.36068255 0.16674916 0.65859237
v -0.36240574 0.16289388 0.64658034
v -0.36121771 0.16466273 0.63300868
v -0.35628769 0.17643223 0.63214810
v -0.36518157 0.15514253 0.64095774
v -0.36545148 0.15269942 0.65494974
v -0.36225007 0.15865278 0.67082551
v -0.29333676 0.07913271 0.80674883
v -0.28108644 0.06906015 0.81288465
v -0.28994927 0.06655799 0.80380625
v -0.16435455 0.34127943 0.53762773
v -0.14801643 0.35459940 0.54634528
v -0.15002042 0.34771622 0.53607607
v -0.33232675 0.18341705 0.41568059
v -0.34245437 0.17201519 0.41822261
v -0.14243648 0.09557243 0.92504033
v -0.13414006 0.10318924 0.93315111
v -0.13021559 0.09335372 0.92901198
v -0.14552104 0.10722877 0.92973738
v -0.15511259 0.10380007 0.92281964
v -0.13254056 0.08491633 0.92224211
v -0.14465247 0.08455292 0.91671934
v -0.15313909 0.09323089 0.91822532
v 0.07609453 0.22612452 0.98529952
v 0.06996320 0.21953857 0.98536838
v 0.06611337 0.22841194 0.98760574
v 0.08185748 0.21620349 0.98057349
v 0.06272404 0.23988140 0.98727085
v -0.35179746 0.17143515 0.70260058
v -0.35685248 0.15940089 0.69810860
v -0.34720459 0.17270996 0.71332666
v -0.35541362 0.17132836 0.68927137
v -0.35114408 0.17909785 0.69440163
v -0.35929133 0.16283479 0.68328234
v -0.36206999 0.15126549 0.68451385
v -0.10546090 0.41019025 0.59566722
v 0.00488548 0.39538600 0.52648747
v -0.07065467 0.11424954 0.95499835
v -0.05507312 0.11244302 0.95495060
v -0.35049803 0.14025668 0.45066516
v -0.33993207 0.14856691 0.45378197
v -0.34622342 0.15022636 0.44088627
v -0.33536897 0.14841318 0.46672791
v 0.04576620 0.11306045 0.93930183
v 0.03269963 0.11549127 0.94459107
v 0.03826590 0.12215640 0.94732276
v 0.04984627 0.12378067 0.94484132
v 0.03433095 0.10502839 0.93722559
v -0.29457801 0.20567446 0.43090024
v -0.28127660 0.21186449 0.45194265
v -0.28371562 0.21309659 0.43832752
v -0.30592456 0.19658097 0.42779315
v -0.30308930 0.20546211 0.41975505
v -0.28712292 0.21543772 0.42694295
v -0.05380958 0.32235306 0.38753998
v -0.04131881 0.32538517 0.38966529
v -0.12362480 0.06527695 0.91002944
v -0.11172979 0.06904151 0.91671955
v -0.12260860 0.07603599 0.91913633
v -0.35643220 0.09227635 0.72237631
v 0.02498018 0.35825518 0.40336726
v 0.03214787 0.36346430 0.40903844
v 0.02624842 0.35751668 0.38942684
v 0.03452622 0.36341785 0.39764400
v -0.29418525 0.27008154 0.58204330
v -0.28933245 0.26889978 0.56824016
v 0.02779093 0.08321004 0.92401868
v 0.08369529 0.46173914 0.54793420
v 0.07648236 0.47139636 0.55480553
v -0.27383084 0.22076792 0.45844465
v -0.27459558 0.22130790 0.44472106
v -0.28118549 0.21179812 0.46542661
v -0.01690963 0.10012073 0.94436420
v -0.02158273 0.09311869 0.93999244
v -0.02979401 0.10138740 0.94653218
v -0.02017020 0.11128058 0.95220722
v -0.03927793 0.11310137 0.95504230
v -0.08664228 0.12146247 0.95631441
v -0.36197727 0.15931859 0.61740578
v -0.36247885 0.15394227 0.60343934
v -0.35643362 0.17239411 0.61955824
v -0.36636891 0.15097758 0.62905303
v -0.36727666 0.14633995 0.61471570
v 0.04030156 0.37158680 0.43208025
v 0.02799954 0.36497094 0.43258387
v 0.03552423 0.36678268 0.41963932
v 0.03303723 0.37146716 0.44531121
v 0.05389488 0.37641417 0.43315895
v 0.04408904 0.37658871 0.44274368
v 0.04702620 0.37155236 0.41950988
v 0.04184617 0.36818643 0.40679512
v -0.47209617 0.06460757 0.38819400
v 0.06400669 0.14338854 0.95178594
v 0.04769266 0.14326666 0.95732915
v 0.05352334 0.15391403 0.96152023
v 0.05528013 0.13342763 0.94895295
v 0.06847620 0.15578339 0.95720352
v 0.04352480 0.16328369 0.96986802
v 0.05850620 0.16541548 0.96610126
v 0.03885510 0.15257068 0.96542634
v -0.28083869 0.05613476 0.80592841
v 0.10489778 0.20558688 0.96654020
v 0.00324729 0.08427620 0.93005294
v 0.01404905 0.08417854 0.92783033
v 0.00664261 0.07607194 0.92344385
v -0.32444235 0.19394278 0.41184848
v -0.31824291 0.18729269 0.42552029
v -0.31354134 0.20011119 0.41536370
v -0.32949533 0.17258924 0.43151305
v -0.04298838 0.33823965 0.45032048
v -0.03177029 0.40898376 0.55598723
v -0.06128549 0.31906281 0.36618483
v -0.05485193 0.32086912 0.37578834
v 0.18503037 0.54014400 0.64438067
v 0.18963657 0.54459155 0.65307648
v -0.33105596 0.08200112 0.76418810
v -0.33969391 0.08873212 0.75333899
v -0.33475878 0.09591608 0.76290677
v -0.32595815 0.09040310 0.77421745
v -0.32108698 0.07670014 0.77550768
v -0.35457088 0.15185125 0.42877010
v -0.36458365 0.15284221 0.41790283
v -0.35351567 0.16214452 0.41829019
v -0.34296746 0.16114538 0.43022234
v -0.33377592 0.15945936 0.44471974
v -0.37686076 0.15282388 0.40717984
v -0.22584620 0.28878511 0.37859923
v -0.21740853 0.29501422 0.36826124
v 0.05809637 0.41112723 0.50128106
v -0.27540412 0.25709416 0.52670139
v -0.27964048 0.26196935 0.54032659
v -0.28778360 0.23645755 0.52586970
v -0.27947026 0.24545194 0.52038430
v 0.02445496 0.37162428 0.46114541
v -0.15681375 0.31909021 0.47754903
v -0.16267482 0.31927849 0.48589944
v -0.16714861 0.31409363 0.47610424
v -0.15657928 0.31641057 0.46824597
v -0.14564150 0.32181813 0.47059735
v -0.15208497 0.32435221 0.48671087
v -0.21655443 0.33929856 0.61076754
v -0.14681954 0.07479506 0.90830450
v -0.13472389 0.07514610 0.91400503
v -0.13687908 0.06686441 0.90646194
v -0.15682147 0.08521747 0.91071612
v 0.01505439 0.13511893 0.96143685
v 0.00969493 0.12889473 0.95873693
v -0.25161609 0.29806397 0.54534308
v -0.25296746 0.30362398 0.55743538
v -0.26548480 0.28481820 0.54524920
v -0.27377659 0.27496781 0.54605057
v 0.19942587 0.55067428 0.66552153
v -0.39704206 0.05894305 0.62443362
v 0.00804895 0.43258836 0.55952917
v 0.01237412 0.44733080 0.56783897
v -0.28431958 0.26614742 0.55429652
v -0.30051250 0.25482775 0.57405978
v -0.29602542 0.26251494 0.57421050
v -0.24348645 0.27403138 0.49405273
v -0.22583790 0.28783135 0.49083285
v -0.23734445 0.28268327 0.49913311
v -0.27004403 0.05974622 0.81689902
v -0.27148582 0.07017202 0.82164597
v -0.35153480 0.18452890 0.62399052
v -0.20355563 0.11939294 0.89353133
v -0.19131900 0.12209920 0.90361871
v -0.19214985 0.10673590 0.89882765
v -0.08864923 0.13419920 0.96139961
v -0.18354241 0.11093280 0.90732244
v -0.17850151 0.11831299 0.91292517
v -0.17496569 0.10772150 0.91234299
v -0.17860115 0.10023372 0.90608210
v -0.02941887 0.12257654 0.96048595
v -0.03540401 0.13283559 0.96686962
v -0.04287067 0.12473029 0.96262287
v -0.17872891 0.31840860 0.50290656
v -0.17351387 0.32540406 0.51374581
v -0.18723258 0.32004628 0.51600607
v -0.18316491 0.31295015 0.49415177
v -0.17281105 0.31619921 0.49006486
v -0.19127354 0.31316150 0.50425412
v -0.16459497 0.32320042 0.49866639
v -0.18287125 0.32741296 0.52774530
v -0.16847906 0.33311817 0.52537330
v -0.15968808 0.33064516 0.51107065
v 0.09854960 0.21955457 0.97517591
v -0.33659649 0.15353059 0.75113589
v 0.26295451 0.56410342 0.71138879
v 0.15630968 0.31708224 0.96197147
v 0.15415092 0.30773277 0.96462896
v -0.05361942 0.12681899 0.96386172
v -0.06156424 0.12222472 0.96069714
v -0.05052311 0.11969959 0.95976002
v 0.09172390 0.20818073 0.97375638
v 0.09311722 0.19896107 0.96917179
v -0.04825768 0.32171355 0.36524103
v -0.13793680 0.34684318 0.52336394
v -0.13690439 0.35456250 0.53629310
v -0.15230926 0.33920934 0.52188623
v 0.06897018 0.20952247 0.98247164
v 0.05782912 0.21847313 0.98693294
v 0.05627048 0.23031897 0.98831753
v 0.07414152 0.16718141 0.96119122
v 0.04764142 0.17439818 0.97426348
v 0.02733126 0.16213420 0.97350012
v 0.03521350 0.17168378 0.97639047
v -0.31691986 0.17037866 0.45752694
v -0.39861233 0.08626611 0.46389359
v -0.40753270 0.07567065 0.46726046
v -0.22109966 0.27703322 0.42607419
v -0.21577409 0.28254844 0.41354638
v -0.20305111 0.28854868 0.42008473
v 0.05234677 0.38175564 0.44732793
v -0.39296985 0.06456031 0.63475584
v 0.14254730 0.30236111 0.96884501
v 0.14042027 0.29027694 0.97115999
v -0.40303114 0.06866656 0.54674290
v -0.40737447 0.06100481 0.55613856
v -0.39811573 0.07554593 0.53563937
v -0.39544457 0.08023521 0.55024510
v -0.40068425 0.07177259 0.56384826
v -0.40752609 0.05737535 0.57262786
v -0.20104773 0.29143825 0.40572436
v -0.13986880 0.34058570 0.51267786
v -0.14685207 0.33460768 0.50660643
v -0.13444316 0.33765133 0.50076377
v -0.12836495 0.34475349 0.51046918
v -0.15304004 0.32871917 0.49938620
v -0.14238626 0.33109237 0.49329419
v 0.06843746 0.53899574 0.57896380
v 0.13080279 0.27167887 0.97486307
v 0.13882824 0.27919138 0.97186027
v -0.38617593 0.10005965 0.58855684
v -0.38177025 0.10990711 0.59523226
v -0.38171727 0.11029865 0.61129661
v 0.02554452 0.13851843 0.96095903
v 0.02385309 0.12552001 0.95327195
v 0.03934504 0.13288443 0.95364699
v 0.02586286 0.14946957 0.96724820
v 0.03539015 0.14336922 0.96121250
v -0.21349575 0.29241568 0.38084078
v -0.20299090 0.29403095 0.38891593
v -0.21729768 0.28688134 0.39442527
v -0.20396430 0.29748264 0.37375567
v -0.18976836 0.29984536 0.38232758
v -0.19242246 0.29653060 0.39579800
v -0.22767897 0.27871123 0.40323085
v 0.04378874 0.21184789 0.98711130
v 0.02229410 0.17553702 0.98055051
v -0.07500408 0.12706283 0.96153518
v -0.24111376 0.31124152 0.55684937
v -0.25008371 0.31079035 0.56824833
v -0.25833553 0.30558169 0.56903065
v -0.24255308 0.30462341 0.54530348
v 0.04548372 0.51538596 0.58844995
v 0.05635535 0.52364265 0.58129178
v 0.05602158 0.51157664 0.57643607
v 0.06362308 0.52148107 0.57501938
v 0.06547819 0.50381117 0.56915743
v -0.47010930 0.08805419 0.37213292
v -0.47660423 0.07509827 0.37470256
v -0.48150229 0.08419936 0.36323844
v -0.47499404 0.09700690 0.36141827
v -0.39053036 0.09660499 0.45949378
v -0.26913097 0.23405964 0.42691743
v -0.27746525 0.22400083 0.42992350
v -0.26408213 0.24429588 0.41831607
v -0.27318888 0.24102671 0.41087437
v -0.34503688 0.08354719 0.74304319
v 0.08103567 0.48230064 0.55846994
v 0.08447477 0.49246845 0.56095522
v 0.07002057 0.47983476 0.56022423
v 0.07031216 0.49172155 0.56416565
v 0.26948227 0.56308411 0.69488403
v 0.04843501 0.42424591 0.52853560
v 0.05961818 0.42365430 0.52016222
v -0.37886845 0.09917440 0.52334504
v -0.38079426 0.09935426 0.53660235
v -0.38064950 0.09572132 0.51307057
v -0.38526664 0.09128968 0.52432616
v -0.38961684 0.07525817 0.63714715
v -0.16596889 0.37003857 0.60786786
v 0.06620592 0.41857576 0.50848156
v -0.10213558 0.33098345 0.45485007
v -0.04500835 0.36092302 0.49962068
v -0.37839622 0.20606793 0.36519377
v -0.38998663 0.08684951 0.53740809
v -0.37889448 0.10544877 0.54999673
v -0.00835325 0.33813450 0.39182998
v -0.03078701 0.32870800 0.39100800
v -0.48688201 0.07173463 0.36590194
v -0.49168555 0.06204071 0.36728958
v -0.23984771 0.27204378 0.40206992
v -0.24569799 0.26323625 0.41159049
v -0.25219979 0.26525754 0.40011075
v -0.23153396 0.27180827 0.41631084
v -0.24895869 0.08718250 0.84883031
v -0.25452874 0.09755942 0.84936319
v -0.25468476 0.10959343 0.85299369
v 0.01147312 0.16704540 0.97879055
v -0.41265433 0.13456864 0.39197988
v -0.11268329 0.36490313 0.53379524
v -0.12615378 0.36243245 0.53999154
v -0.11861308 0.36971983 0.54502994
v 0.01060164 0.47486468 0.58765119
v 0.01662384 0.48628966 0.59228225
v 0.00813518 0.48188469 0.59930487
v -0.00202177 0.47309312 0.59893228
v -0.01026516 0.47017130 0.60744860
v -0.01322657 0.46530840 0.60007307
v -0.27002336 0.26868509 0.53142328
v -0.26717457 0.26378736 0.52023953
v -0.36897245 0.14382206 0.64157614
v -0.37027659 0.13563323 0.65647819
v -0.37280889 0.13191763 0.64172915
v -0.30017279 0.21499855 0.52564648
v -0.29005376 0.22418799 0.51571402
v -0.13586848 0.31889221 0.44543226
v -0.38343374 0.09242921 0.50037927
v 0.04071795 0.37990651 0.45661217
v 0.03202527 0.38069912 0.47164179
v -0.41850836 0.12287168 0.39599578
v -0.36730780 0.14324598 0.60215072
v -0.37197858 0.13408699 0.60946485
v -0.37013214 0.13407592 0.59245981
v -0.27528786 0.24158869 0.50745662
v -0.26970102 0.25388368 0.51231122
v -0.28255976 0.23533823 0.51418897
v -0.28018659 0.22937547 0.50132863
v -0.37183720 0.13601400 0.62700254
v -0.37686418 0.12254708 0.61858157
v -0.13401000 0.32229838 0.45673811
v -0.19239537 0.30266110 0.36501262
v -0.38434109 0.10528053 0.45504289
v -0.38920945 0.09171403 0.47419129
v 0.12739999 0.28384255 0.97557329
v -0.25211192 0.25453346 0.41861728
v -0.24196293 0.26089520 0.42461111
v -0.13979115 0.32769736 0.48108949
v -0.13061146 0.32756393 0.46994404
v -0.30591453 0.25328755 0.37432932
v -0.31691127 0.24962983 0.37104522
v -0.31401434 0.25910475 0.36452885
v -0.32788858 0.25184512 0.36285993
v -0.32458745 0.24059535 0.37360643
v -0.17890057 0.33508560 0.53969843
v -0.26208592 0.25680927 0.50187184
v -0.26743530 0.24767352 0.49969440
v -0.25297438 0.26448594 0.49590780
v -0.26031314 0.26484769 0.50975086
v -0.27220757 0.23839955 0.49670355
v 0.03559887 0.38796517 0.48264794
v -0.22028713 0.07941517 0.86517935
v -0.20523536 0.07477767 0.87274127
v -0.02776207 0.34299115 0.45287261
v -0.20555074 0.30599053 0.50381271
v 0.11912630 0.53638204 0.61688845
v 0.11237771 0.53388443 0.60574106
v -0.15536226 0.30885304 0.38566294
v -0.25811780 0.25585183 0.40801259
v -0.37560997 0.09239595 0.67444695
v -0.22937149 0.29209683 0.50496488
v -0.16689957 0.11169777 0.91893447
v -0.18166405 0.13261313 0.91118601
v -0.17827492 0.30486759 0.37119971
v -0.48371188 0.06256112 0.37611876
v -0.33261042 0.14953610 0.48065290
v -0.35155002 0.07951647 0.73035575
v -0.30147890 0.26016927 0.58493783
v -0.30804518 0.24768886 0.58295093
v 0.10921988 0.22774503 0.97358065
v -0.33138898 0.15530130 0.45772079
v -0.32560784 0.16226008 0.45484591
v -0.32378945 0.16829472 0.44591232
v -0.16536333 0.09825114 0.91377892
v -0.38068582 0.10616567 0.56385989
v -0.21427034 0.29199102 0.48170399
v -0.21647952 0.29663483 0.49640135
v -0.22075166 0.30094928 0.51142139
v 0.01970247 0.37494659 0.47671022
v -0.24322306 0.12132182 0.86441356
v -0.24957578 0.11841025 0.85954902
v -0.16338278 0.31204371 0.46301751
v -0.24179121 0.32378314 0.61208839
v -0.25181649 0.31730432 0.61436893
v -0.38143903 0.10839577 0.57968159
v -0.37592884 0.12053199 0.58602209
v -0.37667717 0.12198749 0.60215356
v -0.38807682 0.09482567 0.57395149
v -0.19877364 0.06060766 0.86769738
v -0.21220027 0.06651295 0.86294284
v -0.24402977 0.09637326 0.85659650
v -0.23462061 0.08129279 0.85611220
v 0.00067369 0.34115261 0.36391902
v 0.00248971 0.34269258 0.37849048
v 0.00995348 0.34625685 0.36860931
v 0.01556690 0.35026497 0.38079515
v -0.22352445 0.07092705 0.85809261
v -0.36898197 0.12511438 0.67915334
v -0.36895029 0.13270018 0.67142957
v -0.38683404 0.09396208 0.55376632
v -0.31463747 0.24436094 0.59588884
v -0.04399118 0.32351786 0.37709524
v -0.32557451 0.15762516 0.48500390
v -0.32355130 0.16141837 0.49428809
v -0.32455587 0.15967114 0.46962954
v 0.01972417 0.35128125 0.36518349
v 0.03089955 0.35559700 0.36182697
v -0.41085702 0.10711546 0.41786601
v 0.04471695 0.22686727 0.98723144
v 0.02120546 0.49339831 0.59765565
v 0.01417691 0.48804942 0.59943015
v 0.03748948 0.36262626 0.38385933
v 0.03698122 0.35983260 0.37123608
v 0.02795538 0.35674842 0.37506595
v -0.40357471 0.06068961 0.59063717
v -0.36607571 0.14474693 0.67043980
v 0.02577660 0.38160671 0.48300192
v -0.23075612 0.26885846 0.43343317
v -0.39344627 0.08443445 0.56387910
v -0.39551233 0.08081883 0.57766092
v -0.40114632 0.06922365 0.57980562
f 173 176 175
f 174 745 176
f 1259 1049 356
f 640 828 642
f 769 1192 1191
f 1179 2125 1178
f 657 983 764
f 1048 356 1049
f 641 742 741
f 1783 1784 1785
f 769 1193 1192
f 2570 2690 2586
f 2585 2586 2690
f 177 175 262
f 763 764 765
f 2569 2544 1177
f 742 745 741
f 2548 2456 2540
f 770 982 1193
f 657 981 983
f 814 263 1048
f 762 763 688
f 1027 1191 1226
f 2543 1179 1177
f 1226 1783 1032
f 2628 1785 1784
f 762 686 581
f 1216 981 982
f 581 1090 828
f 2275 2450 2401
f 764 983 765
f 814 262 263
f 769 1191 1027
f 763 765 688
f 1216 982 770
f 641 642 743
f 769 770 1193
f 1259 356 1178
f 1783 1785 1032
f 1549 2197 2198
f 745 746 176
f 642 828 772
f 581 686 1090
f 1027 1226 1032
f 641 743 742
f 1549 2198 1548
f 762 688 686
f 2197 2209 2725
f 742 746 745
f 2398 2276 2401
f 781 175 176
f 2569 739 2570
f 1151 983 981
f 1548 2585 1550
f 743 642 772
f 2725 2209 2540
f 2542 1032 1785
f 33 1785 2628
f 766 770 769
f 765 983 1145
f 1216 1152 981
f 260 262 175
f 781 176 746
f 828 1090 1130
f 1048 355 356
f 1176 1179 1178
f 1048 263 355
f 828 1130 772
f 2585 2690 1550
f 768 769 1027
f 688 765 683
f 1152 1151 981
f 1216 770 771
f 2570 739 2690
f 1145 983 1151
f 6 33 2628
f 2542 1785 1031
f 1026 1027 1032
f 1176 1177 1179
f 2569 1177 1067
f 1031 1032 2542
f 687 1090 686
f 742 744 746
f 781 260 175
f 33 1031 1785
f 684 686 688
f 742 743 744
f 766 769 768
f 258 263 262
f 683 765 1145
f 766 771 770
f 1216 771 1152
f 1026 1032 1031
f 356 357 1178
f 768 1027 1026
f 2549 2007 2008
f 687 1130 1090
f 684 688 683
f 258 262 260
f 743 772 735
f 2569 1067 739
f 684 687 686
f 1130 735 772
f 1150 1145 1151
f 773 781 746
f 1150 1151 1152
f 263 264 355
f 1031 33 29
f 1176 1178 357
f 2548 2007 2549
f 766 767 771
f 744 773 746
f 766 768 767
f 353 356 355
f 258 264 263
f 683 1145 682
f 743 730 744
f 1043 1152 771
f 1026 1031 1030
f 1547 1548 1550
f 2002 2005 2008
f 2206 2209 2197
f 1547 1549 1548
f 743 735 730
f 768 1026 1028
f 1018 1130 687
f 655 1177 1176
f 679 684 683
f 1150 682 1145
f 655 1067 1177
f 781 267 260
f 1150 1152 1043
f 353 357 356
f 1031 29 1030
f 2205 2197 1549
f 679 683 682
f 767 1044 771
f 684 685 687
f 768 1029 767
f 1026 1030 1028
f 1130 734 735
f 1043 771 1044
f 773 267 781
f 258 260 259
f 768 1028 1029
f 2690 739 740
f 1018 734 1130
f 1018 687 685
f 744 737 773
f 1022 1550 2690
f 2336 2402 2335
f 744 730 737
f 354 355 264
f 679 680 684
f 258 261 264
f 2548 2540 2381
f 259 260 267
f 1150 831 682
f 1030 29 30
f 353 355 354
f 2205 2206 2197
f 684 680 685
f 2210 2540 2209
f 342 1044 767
f 679 682 681
f 342 767 1029
f 656 739 1067
f 1150 1043 921
f 729 730 735
f 1030 1045 1028
f 2003 2557 2005
f 258 259 261
f 343 1043 1044
f 2398 2402 2336
f 729 735 734
f 1029 1028 515
f 738 740 739
f 1176 357 653
f 773 782 267
f 681 682 831
f 2447 2451 2449
f 1030 30 1045
f 1150 921 831
f 2453 2451 2557
f 889 1018 685
f 679 681 680
f 2002 2008 2007
f 1022 2690 740
f 773 737 782
f 889 734 1018
f 655 1176 653
f 656 1067 655
f 515 1028 1045
f 738 739 656
f 354 264 261
f 342 1029 515
f 343 1044 342
f 353 358 357
f 343 921 1043
f 1547 1550 1022
f 731 737 730
f 729 731 730
f 1547 1551 1549
f 680 829 685
f 259 267 266
f 353 354 358
f 829 889 685
f 7 31 30
f 729 734 732
f 2206 2210 2209
f 30 1189 1045
f 889 732 734
f 2205 1549 1551
f 681 831 830
f 738 656 740
f 2548 2381 2007
f 680 681 523
f 921 922 831
f 515 1045 514
f 341 342 515
f 259 265 261
f 267 782 783
f 30 31 1189
f 344 921 343
f 337 343 342
f 731 736 737
f 782 737 747
f 2210 2381 2540
f 358 972 357
f 972 653 357
f 830 831 922
f 354 261 986
f 1189 514 1045
f 680 524 829
f 2447 2448 2450
f 681 830 523
f 267 783 266
f 729 733 731
f 259 266 265
f 341 515 514
f 680 523 524
f 736 747 737
f 337 342 341
f 337 344 343
f 829 888 889
f 2002 2003 2005
f 729 732 660
f 345 922 921
f 265 986 261
f 24 32 31
f 889 659 732
f 651 656 655
f 344 345 921
f 731 733 736
f 651 655 653
f 354 1159 358
f 782 747 783
f 632 740 656
f 31 1213 1189
f 729 660 733
f 524 888 829
f 108 830 922
f 1189 1213 514
f 632 1022 740
f 889 888 659
f 523 830 109
f 354 986 1160
f 32 1213 31
f 732 659 660
f 345 108 922
f 341 514 513
f 1547 1022 1162
f 354 1160 1159
f 337 338 344
f 521 524 523
f 108 109 830
f 265 266 956
f 2205 2207 2206
f 337 341 340
f 266 783 956
f 1547 1162 1551
f 338 345 344
f 736 748 747
f 358 971 972
f 25 1214 32
f 1213 513 514
f 736 733 748
f 521 523 109
f 358 1159 971
f 265 985 986
f 524 525 888
f 32 1214 1213
f 341 513 340
f 783 747 958
f 2453 2557 2003
f 2206 2207 2210
f 337 339 338
f 345 104 108
f 521 525 524
f 733 660 82
f 337 340 339
f 652 653 972
f 661 659 888
f 985 1160 986
f 2449 2451 2453
f 102 109 108
f 747 748 958
f 265 956 957
f 81 660 659
f 338 105 345
f 2205 1551 2208
f 651 634 656
f 748 733 82
f 1214 19 2506
f 632 656 634
f 1214 1212 1213
f 521 109 110
f 651 653 652
f 265 957 985
f 525 661 888
f 102 108 104
f 1131 513 1213
f 345 105 104
f 952 956 783
f 632 633 1022
f 1195 1162 1022
f 633 1195 1022
f 2002 2007 2006
f 1159 1160 1161
f 102 110 109
f 952 783 958
f 2447 2449 2448
f 1212 1131 1213
f 81 82 660
f 81 659 661
f 652 972 971
f 650 340 513
f 1159 1161 971
f 339 340 346
f 338 339 291
f 521 522 525
f 1214 1211 1212
f 1214 2506 1211
f 521 110 522
f 338 291 105
f 650 513 1131
f 2398 2401 2400
f 2381 2554 2007
f 985 1166 1160
f 101 102 104
f 346 340 650
f 2205 2208 2207
f 101 104 105
f 339 346 291
f 758 957 956
f 2592 2401 2450
f 958 748 1107
f 2378 2381 2210
f 1551 1162 2208
f 525 527 661
f 2469 2506 17
f 78 748 82
f 1160 1166 1161
f 102 103 110
f 758 956 952
f 999 1212 1211
f 985 957 756
f 633 1162 1195
f 999 1131 1212
f 522 527 525
f 1211 2506 999
f 110 103 522
f 952 958 955
f 101 103 102
f 81 661 658
f 77 82 81
f 78 1107 748
f 970 971 1161
f 985 756 1166
f 291 107 105
f 291 346 288
f 346 650 288
f 101 105 107
f 958 1107 955
f 652 971 970
f 650 1131 1000
f 758 756 957
f 658 661 527
f 631 633 632
f 651 654 634
f 651 652 654
f 631 632 634
f 999 2506 995
f 999 1000 1131
f 77 78 82
f 2469 995 2506
f 2554 2006 2007
f 2207 2211 2210
f 522 526 527
f 522 103 526
f 81 658 80
f 1161 1166 606
f 77 81 80
f 101 106 103
f 281 291 288
f 650 287 288
f 757 758 952
f 281 107 291
f 650 1000 287
f 757 952 955
f 101 107 106
f 970 1161 606
f 78 87 1107
f 2378 2210 2211
f 2002 2004 2003
f 993 999 995
f 658 527 662
f 993 1000 999
f 2078 2469 2468
f 954 955 1107
f 635 1162 633
f 604 1166 756
f 2469 992 995
f 2378 2379 2381
f 103 106 595
f 662 527 526
f 755 756 758
f 77 79 78
f 103 595 526
f 2002 2006 2004
f 2379 2554 2381
f 604 606 1166
f 652 970 727
f 87 954 1107
f 2078 992 2469
f 280 281 288
f 280 288 287
f 290 106 107
f 282 107 281
f 1162 1074 2208
f 757 955 954
f 79 87 78
f 1000 286 287
f 77 80 83
f 658 75 80
f 631 634 594
f 992 993 995
f 654 594 634
f 755 758 757
f 631 635 633
f 993 286 1000
f 2592 2450 2448
f 658 662 75
f 2078 11 2077
f 282 290 107
f 654 652 725
f 970 606 607
f 755 604 756
f 77 83 79
f 2207 2208 585
f 280 282 281
f 280 287 286
f 662 526 1147
f 106 931 595
f 80 75 83
f 526 595 1020
f 290 931 106
f 725 652 727
f 970 607 727
f 84 954 87
f 635 1074 1162
f 79 84 87
f 992 994 993
f 757 954 953
f 601 606 604
f 2078 996 992
f 1147 526 1020
f 76 75 662
f 2207 585 2211
f 76 662 1147
f 2077 10 2016
f 282 289 290
f 601 607 606
f 993 997 286
f 931 1020 595
f 755 757 552
f 2076 2078 2077
f 992 996 994
f 280 283 282
f 290 289 931
f 280 286 285
f 964 954 84
f 79 83 86
f 994 997 993
f 83 75 1144
f 2208 1074 1156
f 953 954 964
f 631 594 587
f 757 953 552
f 2453 2003 2558
f 755 603 604
f 2076 996 2078
f 654 593 594
f 79 85 84
f 631 587 635
f 282 283 289
f 2592 2400 2401
f 2208 1156 585
f 76 1147 74
f 997 285 286
f 654 725 593
f 2076 2077 2016
f 86 83 1144
f 1147 1020 230
f 65 75 76
f 605 727 607
f 601 604 603
f 2378 2211 2380
f 79 86 85
f 280 284 283
f 280 285 284
f 2378 2380 2379
f 931 1021 1020
f 2012 2016 2015
f 74 1147 230
f 75 73 1144
f 994 996 998
f 601 605 607
f 931 289 1019
f 2554 2010 2006
f 964 84 859
f 2449 2453 2452
f 994 998 997
f 65 76 74
f 65 73 75
f 2398 2399 2402
f 85 859 84
f 755 552 550
f 953 964 963
f 725 727 726
f 931 1019 1021
f 2076 430 996
f 283 1146 289
f 230 1020 98
f 755 550 603
f 953 551 552
f 2398 2400 2399
f 998 996 430
f 997 1182 285
f 1021 98 1020
f 70 74 230
f 726 727 605
f 963 964 859
f 1019 289 1146
f 1184 284 285
f 591 587 594
f 2076 2016 2018
f 72 86 1144
f 2004 2006 2010
f 953 963 551
f 65 74 70
f 591 594 593
f 2004 2011 2003
f 2012 2014 2016
f 997 998 1183
f 2012 20 2013
f 283 284 883
f 85 86 858
f 72 1144 73
f 2379 2555 2554
f 1184 285 1182
f 1071 1074 635
f 70 230 98
f 997 1183 1182
f 283 883 1146
f 66 73 65
f 2076 429 430
f 601 603 602
f 601 602 605
f 85 857 859
f 428 998 430
f 1184 882 284
f 588 635 587
f 547 552 551
f 2014 2018 2016
f 858 86 72
f 428 1183 998
f 883 284 882
f 547 550 552
f 2076 2018 429
f 1047 1021 1019
f 1156 1074 584
f 66 72 73
f 1155 1019 1146
f 2012 2013 2014
f 963 859 860
f 85 858 857
f 725 728 593
f 427 428 430
f 2449 2454 2448
f 2211 585 2382
f 429 427 430
f 1047 98 1021
f 64 65 70
f 1184 1182 885
f 725 726 728
f 1184 885 882
f 963 548 551
f 64 66 65
f 427 429 428
f 1156 584 585
f 857 860 859
f 726 605 1014
f 2211 2382 2380
f 1047 1019 1155
f 68 70 98
f 2379 2380 2555
f 2003 2011 2558
f 1071 635 588
f 883 1133 1146
f 325 603 550
f 1202 1182 1183
f 879 883 882
f 547 551 548
f 428 787 1183
f 1014 605 602
f 1155 1146 1133
f 963 860 548
f 586 587 591
f 2554 2555 2010
f 428 429 787
f 885 1182 1202
f 879 882 885
f 66 69 72
f 1071 584 1074
f 858 72 863
f 64 70 68
f 786 429 2018
f 325 602 603
f 100 98 1047
f 2453 2558 2452
f 591 593 590
f 857 858 862
f 68 98 100
f 1202 1183 787
f 64 69 66
f 327 550 547
f 586 588 587
f 879 880 883
f 880 1133 883
f 786 787 429
f 1047 1155 1154
f 2014 2013 2017
f 2013 18 2104
f 2014 785 2018
f 857 861 860
f 879 885 884
f 1155 1133 1154
f 858 863 862
f 885 1202 884
f 590 593 728
f 726 1014 1013
f 546 547 548
f 327 325 550
f 548 860 1249
f 786 2018 785
f 857 862 861
f 212 72 69
f 212 863 72
f 726 1013 728
f 586 591 590
f 860 861 1249
f 546 327 547
f 100 1047 1046
f 64 68 67
f 2013 2104 2017
f 1047 1154 1153
f 582 585 584
f 1014 602 1097
f 879 881 880
f 2014 2017 785
f 1202 787 788
f 879 884 881
f 68 100 99
f 784 787 786
f 880 1132 1133
f 64 71 69
f 1174 1154 1133
f 1202 1217 884
f 2382 585 582
f 2449 2452 2454
f 208 862 863
f 1046 1047 1153
f 325 832 602
f 548 1249 549
f 546 548 549
f 784 786 785
f 68 99 67
f 784 788 787
f 1202 788 1217
f 1132 1174 1133
f 208 863 212
f 100 1046 99
f 1070 1071 588
f 880 881 1132
f 64 67 71
f 1013 1014 1097
f 881 884 1217
f 862 209 861
f 2380 2382 2556
f 2380 2556 2555
f 1174 1153 1154
f 212 69 71
f 2592 2448 2594
f 832 1097 602
f 208 209 862
f 586 589 588
f 1249 861 673
f 2004 2010 2009
f 322 325 327
f 1071 1072 584
f 2711 785 2017
f 546 326 327
f 586 590 592
f 325 323 832
f 728 1013 1164
f 1249 673 549
f 673 861 209
f 590 728 990
f 2004 2009 2011
f 784 785 362
f 2017 2104 2712
f 546 549 326
f 784 789 788
f 1132 881 895
f 881 1217 1175
f 788 1054 1217
f 1046 1153 577
f 897 1153 1174
f 1070 588 589
f 1096 67 99
f 1046 579 99
f 1132 896 1174
f 205 208 212
f 322 323 325
f 71 67 1094
f 2711 1136 785
f 2421 2134 2135
f 1070 1072 1071
f 1013 1097 1165
f 586 592 589
f 205 209 208
f 211 212 71
f 322 327 326
f 1136 362 785
f 2711 2017 2712
f 1578 2104 5
f 2454 2594 2448
f 788 789 1054
f 895 881 1175
f 784 362 789
f 1175 1217 1054
f 897 577 1153
f 1096 1094 67
f 896 897 1174
f 1132 895 896
f 1046 577 579
f 1096 99 579
f 728 1164 990
f 2382 582 54
f 2712 2104 1578
f 205 212 211
f 582 584 583
f 673 209 206
f 1013 1165 1164
f 549 673 667
f 2010 2555 2602
f 832 1098 1097
f 2402 2252 2335
f 549 667 326
f 71 1094 213
f 832 323 324
f 590 991 592
f 205 206 209
f 2711 367 1136
f 2382 52 2556
f 584 1072 583
f 211 71 213
f 590 990 991
f 1050 1054 789
f 322 324 323
f 1136 367 362
f 2711 2712 367
f 363 789 362
f 1165 1097 1098
f 576 577 897
f 2382 54 52
f 1095 1094 1096
f 580 897 896
f 1053 1175 1054
f 895 1175 168
f 172 896 895
f 1096 579 578
f 322 326 329
f 363 1050 789
f 575 579 577
f 832 324 1098
f 666 673 206
f 1095 213 1094
f 1050 1053 1054
f 666 667 673
f 2555 2556 2764
f 580 576 897
f 1070 589 1073
f 1089 589 592
f 361 362 367
f 361 363 362
f 1095 1096 578
f 172 580 896
f 575 577 576
f 168 1175 1053
f 172 895 168
f 664 326 667
f 205 211 210
f 54 582 53
f 2712 1578 2092
f 1070 1073 1072
f 575 578 579
f 205 207 206
f 367 2712 975
f 2243 2558 2011
f 322 328 324
f 2452 2558 2560
f 1577 1579 1578
f 664 329 326
f 2009 2010 2602
f 1033 1164 1165
f 934 990 1164
f 322 329 328
f 364 1050 363
f 1089 592 991
f 211 213 214
f 582 583 53
f 2421 2335 2252
f 364 1053 1050
f 1095 962 213
f 361 364 363
f 2712 2092 975
f 666 206 207
f 1033 1165 1098
f 205 210 207
f 936 991 990
f 1578 1579 2092
f 361 367 366
f 294 576 580
f 1089 1073 589
f 211 214 210
f 1577 1580 1579
f 52 54 53
f 167 168 1053
f 575 576 294
f 663 667 666
f 366 367 975
f 2764 2556 52
f 172 171 580
f 2555 2764 2602
f 1095 578 149
f 214 213 962
f 2591 2400 2592
f 165 172 168
f 575 148 578
f 663 664 667
f 934 1164 1033
f 936 990 934
f 713 1098 324
f 2085 2135 2134
f 1095 149 962
f 364 1051 1053
f 1072 1137 583
f 361 365 364
f 294 580 171
f 670 329 664
f 13 1503 2422
f 713 324 328
f 2009 2243 2011
f 165 168 167
f 167 1053 1051
f 670 328 329
f 578 148 149
f 977 975 2092
f 361 366 365
f 27 1581 1580
f 165 171 172
f 1073 1137 1072
f 666 207 669
f 1669 2092 1579
f 575 294 146
f 2624 2625 15
f 1667 1579 1580
f 575 146 148
f 2422 2423 21
f 366 975 974
f 663 666 669
f 811 210 214
f 1089 991 935
f 806 207 210
f 214 962 961
f 364 1052 1051
f 974 975 977
f 364 365 1052
f 1033 1098 711
f 978 977 2092
f 936 935 991
f 21 2423 2624
f 961 962 149
f 1667 1669 1579
f 1667 1580 1581
f 2625 2314 14
f 663 665 664
f 978 2092 1669
f 366 973 365
f 2243 2560 2558
f 2591 2399 2400
f 711 1098 713
f 665 670 664
f 166 167 1051
f 165 167 166
f 670 847 328
f 806 210 811
f 292 294 171
f 52 53 51
f 366 974 973
f 2422 1503 2312
f 847 713 328
f 55 53 583
f 143 149 148
f 2452 2559 2454
f 2637 1500 16
f 974 977 978
f 165 169 171
f 294 151 146
f 807 669 207
f 1581 28 1671
f 932 936 934
f 934 1033 487
f 806 807 207
f 811 214 689
f 143 148 146
f 2422 2312 2423
f 214 961 689
f 2590 2592 2594
f 1671 28 2314
f 2764 52 51
f 12 1504 1503
f 1088 1073 1089
f 1052 1058 1051
f 292 151 294
f 1052 365 980
f 2624 2627 2625
f 1667 1670 1669
f 292 171 169
f 973 980 365
f 55 583 1137
f 166 1051 1058
f 150 961 149
f 663 669 668
f 1667 1581 1668
f 978 1669 1103
f 165 166 170
f 2624 2423 2626
f 2625 2627 2314
f 663 668 665
f 2249 2402 2399
f 165 170 169
f 974 978 979
f 143 150 149
f 932 935 936
f 974 976 973
f 486 1033 711
f 1669 1670 1103
f 12 1500 1502
f 932 934 487
f 1581 1671 1672
f 1667 1668 1670
f 145 146 151
f 670 671 847
f 1052 980 1058
f 665 671 670
f 806 811 690
f 2311 1503 1504
f 2311 2312 1503
f 1088 1089 935
f 143 146 145
f 2624 2626 2627
f 486 487 1033
f 406 1137 1073
f 978 1103 979
f 2637 3 2483
f 2637 2630 1500
f 1585 1589 4
f 1581 1672 1668
f 811 689 690
f 1671 2314 2313
f 973 976 980
f 974 979 976
f 12 1501 1504
f 51 53 55
f 2454 2593 2594
f 2452 2560 2559
f 1589 2483 3
f 2423 2312 1274
f 807 809 669
f 689 961 691
f 292 153 151
f 847 712 713
f 2423 1274 2626
f 805 807 806
f 150 691 961
f 2009 2602 2240
f 709 711 713
f 292 169 293
f 1670 1251 1103
f 1502 1500 2630
f 1671 2313 1672
f 668 669 809
f 2314 2627 2613
f 1668 1251 1670
f 1055 166 1058
f 12 1502 1501
f 145 151 153
f 1055 170 166
f 2313 2314 2613
f 1088 406 1073
f 1057 1058 980
f 805 806 690
f 143 147 150
f 878 169 170
f 2311 1504 1501
f 143 145 144
f 1248 979 1103
f 292 293 153
f 50 2602 2764
f 847 671 712
f 665 668 672
f 1668 1672 1673
f 1668 1674 1251
f 1248 1103 1251
f 2 2442 2567
f 141 690 689
f 665 672 671
f 143 144 147
f 2626 1275 2627
f 980 976 842
f 805 809 807
f 709 713 712
f 878 293 169
f 846 976 979
f 1276 2312 2311
f 1 2567 1591
f 1585 1586 1589
f 1055 1058 1057
f 2637 2346 2630
f 141 689 691
f 1668 1673 1674
f 2637 2483 2346
f 485 486 711
f 2313 2612 1672
f 932 933 935
f 1276 1274 2312
f 2239 2243 2009
f 878 170 1055
f 47 2764 51
f 2626 1274 1275
f 2584 1251 1674
f 1586 2483 1589
f 55 1137 402
f 1057 980 842
f 932 487 490
f 2444 2442 8
f 150 761 691
f 846 979 1248
f 1251 2584 1253
f 2612 1673 1672
f 1248 1251 1253
f 150 147 761
f 145 153 152
f 1585 1588 1587
f 2584 1674 1253
f 484 487 486
f 709 485 711
f 668 809 1127
f 406 402 1137
f 1253 1674 1673
f 145 152 144
f 842 976 846
f 1341 2613 2627
f 2611 2313 2613
f 2629 1502 2630
f 1248 1253 1252
f 1088 935 937
f 2590 2591 2592
f 672 668 1127
f 153 293 295
f 805 690 137
f 2611 2612 2313
f 1585 1587 1586
f 1341 2627 1275
f 2311 1501 1279
f 1588 1591 1590
f 1253 1673 1123
f 141 137 690
f 671 1124 712
f 1248 1252 1123
f 1387 1501 1502
f 846 1248 1123
f 2443 2567 2442
f 144 154 147
f 1123 1252 1253
f 932 490 933
f 834 293 878
f 2345 2483 1586
f 671 672 1124
f 1055 1057 844
f 2612 2610 1673
f 2345 2346 2483
f 153 295 152
f 484 486 485
f 2629 2630 2346
f 484 490 487
f 933 937 935
f 805 810 809
f 141 691 140
f 1276 2311 1279
f 2239 2009 2240
f 1057 842 844
f 1271 1275 1274
f 140 691 761
f 878 1055 837
f 761 147 154
f 1271 1274 1276
f 51 55 49
f 2610 1123 1673
f 2674 1591 2567
f 1588 1590 1587
f 2454 2559 2593
f 50 2764 47
f 2611 2613 1341
f 144 152 154
f 2240 2602 50
f 1127 809 1129
f 834 295 293
f 2611 2610 2612
f 841 842 846
f 2629 1387 1502
f 2438 2442 2444
f 709 712 708
f 2445 2444 9
f 845 846 1123
f 1088 405 406
f 805 137 808
f 1279 1501 1387
f 2438 2443 2442
f 834 878 837
f 1129 809 810
f 2674 1590 1591
f 2443 2674 2567
f 841 846 845
f 805 808 810
f 2610 1122 1123
f 1055 844 1056
f 2590 2594 2593
f 672 1127 1128
f 707 485 709
f 2345 1586 2344
f 838 844 842
f 47 51 49
f 1055 1056 837
f 845 1123 1122
f 152 295 835
f 838 842 841
f 1277 1341 1275
f 136 137 141
f 2243 2603 2560
f 760 761 154
f 1587 2343 1586
f 712 1124 714
f 55 402 403
f 2609 2610 2611
f 1271 1277 1275
f 136 141 140
f 140 761 760
f 152 1225 154
f 2170 2346 2345
f 1127 1129 1128
f 707 709 708
f 2629 2346 2171
f 2611 1341 1340
f 1271 1276 1273
f 1273 1276 1279
f 708 712 714
f 2609 1122 2610
f 1088 937 407
f 672 470 1124
f 833 295 834
f 2440 2444 2445
f 399 402 406
f 1121 845 1122
f 1587 1590 2706
f 152 835 1225
f 1586 2343 2344
f 841 845 840
f 933 490 939
f 2438 2444 2440
f 484 485 488
f 484 489 490
f 1088 407 405
f 808 137 97
f 2767 23 2768
f 838 841 840
f 2629 2172 1387
f 2170 2345 2344
f 2418 2445 26
f 933 938 937
f 833 835 295
f 2609 2611 1340
f 1121 840 845
f 49 55 403
f 492 834 837
f 2609 1121 1122
f 672 1128 470
f 838 843 844
f 2170 2171 2346
f 843 1056 844
f 1337 1341 1277
f 136 97 137
f 89 1129 810
f 2438 2441 2443
f 2443 2441 2674
f 1587 2706 2343
f 2767 2418 26
f 808 93 810
f 399 406 405
f 1383 1279 1387
f 760 154 1168
f 2609 840 1121
f 1337 1340 1341
f 2674 2675 1590
f 154 1225 1168
f 707 488 485
f 2629 2171 2172
f 493 837 1056
f 2591 2249 2399
f 833 834 492
f 89 1128 1129
f 2560 2603 2559
f 470 714 1124
f 140 760 139
f 2768 22 2762
f 933 939 938
f 136 140 139
f 939 490 489
f 1271 1272 1277
f 2609 1125 840
f 2706 1590 2675
f 2440 2445 2416
f 838 840 839
f 1385 1387 2172
f 808 97 93
f 2418 2416 2445
f 492 837 493
f 1225 835 836
f 484 488 489
f 2342 2344 2343
f 1271 1273 1272
f 2342 2170 2344
f 707 708 710
f 89 810 93
f 1383 1387 1385
f 2249 2252 2402
f 838 839 843
f 833 836 835
f 399 403 402
f 1273 1279 1278
f 708 714 710
f 512 1056 843
f 2609 1340 1126
f 2239 2241 2243
f 1125 839 840
f 2438 2440 2439
f 2767 2768 2769
f 512 493 1056
f 1383 1278 1279
f 2609 1126 1125
f 938 276 937
f 1281 1337 1277
f 2438 2439 2441
f 760 1168 1167
f 937 276 407
f 1225 1243 1168
f 136 96 97
f 2767 2417 2418
f 760 1167 139
f 47 48 50
f 1337 1339 1340
f 136 139 138
f 2674 2441 2488
f 1225 836 1243
f 470 1128 471
f 47 49 48
f 2768 2762 2769
f 1272 1281 1277
f 2163 2171 2170
f 89 471 1128
f 2674 2488 2675
f 1125 1126 839
f 833 492 223
f 2706 1909 2343
f 2164 2172 2171
f 136 138 96
f 1126 1340 1339
f 833 228 836
f 2240 50 387
f 2342 2169 2170
f 510 843 839
f 2342 2343 1910
f 2767 2769 2417
f 2706 2675 2772
f 92 93 97
f 707 421 488
f 2415 2416 2418
f 1384 1385 2172
f 224 492 493
f 510 512 843
f 2440 2416 2323
f 1083 710 714
f 401 405 407
f 707 710 421
f 1281 1339 1337
f 2239 2240 2242
f 1383 1385 1384
f 470 468 714
f 275 938 939
f 1273 1280 1272
f 399 405 401
f 2243 2241 2603
f 88 89 93
f 833 223 228
f 1273 1278 1280
f 2439 2440 2323
f 1082 839 1126
f 1167 1168 1169
f 491 493 512
f 92 97 96
f 2415 2418 2417
f 939 489 1001
f 1243 1169 1168
f 2163 2170 2169
f 224 223 492
f 2706 2772 1909
f 2163 2164 2171
f 1909 1910 2343
f 1243 836 1203
f 2164 1384 2172
f 138 139 142
f 1383 1386 1278
f 489 488 1085
f 468 1083 714
f 275 276 938
f 510 839 1082
f 2342 1910 2169
f 1272 1283 1281
f 2439 1993 2441
f 228 1203 836
f 49 403 458
f 2415 2323 2416
f 224 493 491
f 545 50 48
f 1167 596 139
f 88 93 92
f 491 512 510
f 90 471 89
f 2765 1126 1339
f 2762 2761 2769
f 138 142 96
f 1383 1384 1386
f 50 545 387
f 465 470 471
f 1281 1338 1339
f 1993 2488 2441
f 2772 2675 2734
f 2765 1082 1126
f 88 90 89
f 275 939 1001
f 2488 2734 2675
f 407 276 274
f 465 468 470
f 399 404 403
f 1272 1280 1282
f 142 139 596
f 420 710 1083
f 1281 1283 1338
f 1167 1169 596
f 1243 1244 1169
f 1272 1282 1283
f 221 228 223
f 1243 1203 1244
f 1001 489 1085
f 421 422 488
f 420 421 710
f 2417 2769 2751
f 2242 2240 387
f 401 407 274
f 48 49 458
f 228 229 1203
f 220 223 224
f 2415 2417 2216
f 2765 1339 2660
f 1339 1338 2660
f 510 1082 511
f 92 96 95
f 2439 2323 1995
f 1278 2509 1280
f 1909 2772 1905
f 507 491 510
f 1085 488 422
f 2163 2169 2167
f 1386 2509 1278
f 2239 2242 2241
f 2415 2217 2323
f 221 229 228
f 142 95 96
f 224 491 227
f 2162 2164 2163
f 420 1083 468
f 1908 2169 1910
f 1082 2765 511
f 2751 2769 2761
f 2439 1995 1993
f 220 221 223
f 399 401 400
f 2164 2168 1384
f 2122 2593 2559
f 1903 1910 1909
f 1905 2772 2734
f 88 92 91
f 545 48 387
f 90 469 471
f 270 276 275
f 507 510 511
f 2659 1338 1283
f 220 224 227
f 465 471 469
f 2417 2751 2216
f 1766 2734 2488
f 2415 2216 2217
f 2508 1386 1384
f 458 403 404
f 2765 2660 2766
f 1203 1016 1244
f 1169 1244 1148
f 88 94 90
f 2659 1283 1282
f 596 1169 1148
f 1203 229 1016
f 506 491 507
f 1993 1765 2488
f 2162 2163 2167
f 2765 2766 511
f 2590 2593 2123
f 506 227 491
f 1282 1280 1596
f 2659 2660 1338
f 2167 2169 1908
f 399 400 404
f 142 596 597
f 92 95 91
f 270 274 276
f 2162 2168 2164
f 1903 1909 1905
f 275 1001 277
f 465 466 468
f 1903 1908 1910
f 416 421 420
f 221 222 229
f 2214 2323 2217
f 416 422 421
f 1596 1280 2509
f 1765 1766 2488
f 142 597 95
f 88 91 94
f 2508 1384 2168
f 2214 1995 2323
f 220 222 221
f 2590 2500 2591
f 2508 2509 1386
f 2766 2660 2661
f 1001 1085 1036
f 1244 1016 1148
f 90 94 469
f 610 420 468
f 2766 2661 511
f 2603 2654 2559
f 2659 1282 1596
f 2659 2661 2660
f 2751 2761 2750
f 222 1016 229
f 220 227 226
f 507 511 509
f 270 275 277
f 1767 1905 2734
f 1770 1993 1995
f 506 507 509
f 1085 422 424
f 610 468 466
f 465 469 467
f 506 508 227
f 1766 1767 2734
f 2213 2217 2216
f 596 1148 598
f 465 467 466
f 597 596 598
f 1770 1765 1993
f 401 274 271
f 277 1001 1036
f 2167 1908 2391
f 2751 2218 2216
f 2162 2167 2166
f 226 227 508
f 1091 511 2661
f 220 225 222
f 2213 2214 2217
f 401 271 400
f 220 226 225
f 506 509 508
f 95 247 91
f 1036 1085 424
f 386 387 48
f 511 1091 509
f 2162 2165 2168
f 2659 2662 2661
f 1902 1903 1905
f 1596 2509 1595
f 416 417 422
f 222 544 1016
f 959 1148 1016
f 597 599 95
f 243 94 91
f 2659 1596 1593
f 383 48 458
f 2161 2509 2508
f 2213 2216 2218
f 1762 1766 1765
f 2166 2167 2391
f 1903 1907 1908
f 246 469 94
f 416 420 419
f 417 424 422
f 2749 2751 2750
f 2508 2168 1454
f 1902 1905 1767
f 268 274 270
f 2214 1994 1995
f 610 419 420
f 2162 2166 2165
f 2662 1091 2661
f 1762 1767 1766
f 2242 387 1434
f 2659 1593 2662
f 1907 2391 1908
f 2161 1595 2509
f 544 959 1016
f 95 599 247
f 854 467 469
f 1017 226 508
f 1770 1995 1994
f 2749 2218 2751
f 447 598 1148
f 597 598 600
f 243 91 247
f 2122 2559 2654
f 609 466 467
f 225 226 1017
f 540 222 225
f 610 466 609
f 2165 1454 2168
f 508 509 1025
f 400 408 404
f 2122 2123 2593
f 243 246 94
f 540 544 222
f 270 277 269
f 447 1148 959
f 457 458 404
f 597 600 599
f 1592 1596 1595
f 2213 2215 2214
f 1902 1904 1903
f 854 469 246
f 2242 1432 2241
f 1764 1765 1770
f 1592 1593 1596
f 268 271 274
f 1180 509 1091
f 2603 2241 2146
f 2590 2123 2500
f 1904 1907 1903
f 1017 508 1025
f 279 277 1036
f 1762 1765 1764
f 416 418 417
f 2161 2508 1455
f 386 48 383
f 2662 2663 1091
f 2508 1454 1455
f 2748 2749 2750
f 2166 2391 2184
f 609 467 854
f 2213 2218 2219
f 1180 1025 509
f 2215 1994 2214
f 268 270 269
f 400 271 408
f 1036 424 1035
f 1762 1768 1767
f 416 419 418
f 225 1017 541
f 417 423 424
f 2184 2391 1907
f 386 1434 387
f 2662 1593 2664
f 2663 1180 1091
f 2185 2165 2166
f 540 225 541
f 1902 1767 1906
f 448 600 598
f 608 419 610
f 608 610 609
f 1597 1595 2161
f 544 542 959
f 448 598 447
f 2213 2219 2215
f 269 277 279
f 1770 1994 1769
f 1592 1595 1597
f 540 542 544
f 2662 2664 2663
f 899 247 599
f 243 247 245
f 383 458 457
f 1592 1594 1593
f 1764 1770 1769
f 450 447 959
f 2185 2166 2184
f 901 599 600
f 243 244 246
f 457 404 408
f 1767 1768 1906
f 1017 1025 1024
f 417 418 423
f 279 1036 1035
f 2165 1453 1454
f 2749 2643 2218
f 2664 1593 1594
f 1902 1543 1904
f 1035 424 423
f 1762 1764 1763
f 2242 1434 1432
f 1762 1763 1768
f 1017 1024 541
f 1904 1539 1907
f 854 246 557
f 450 959 542
f 2591 2248 2249
f 2161 1455 1460
f 2219 2218 2643
f 1452 1455 1454
f 899 245 247
f 1180 1092 1025
f 1597 2161 1460
f 2603 2146 2654
f 2748 1847 2749
f 2185 1453 2165
f 901 600 448
f 901 899 599
f 243 245 244
f 1902 1906 1543
f 609 854 57
f 540 541 543
f 446 448 447
f 1180 2663 412
f 1592 1597 1598
f 2215 2089 1994
f 1592 1598 1594
f 446 447 450
f 540 543 542
f 1024 1025 1092
f 268 272 271
f 2664 412 2663
f 2184 1907 1540
f 244 557 246
f 1452 1454 1453
f 1904 1543 1539
f 608 609 58
f 418 419 425
f 608 516 419
f 1432 2146 2241
f 2664 1594 1921
f 2182 2185 2184
f 2215 2219 1534
f 2749 1847 2643
f 2500 2501 2591
f 1180 412 1092
f 1539 1540 1907
f 268 269 273
f 854 557 57
f 2458 2421 2252
f 1994 2090 1769
f 1024 1149 541
f 2748 1846 1847
f 1764 1769 1772
f 450 542 960
f 1452 1457 1455
f 269 279 278
f 418 426 423
f 1457 1460 1455
f 1594 1598 1921
f 1764 1771 1763
f 1773 1906 1768
f 2664 1921 412
f 541 1149 543
f 1763 1773 1768
f 279 1035 1034
f 609 57 58
f 520 1035 423
f 1597 1460 1920
f 1597 1920 1598
f 1994 2089 2090
f 898 899 901
f 901 448 454
f 2182 2184 1540
f 446 451 448
f 1079 408 271
f 2215 1534 2089
f 1534 2219 2643
f 381 386 383
f 425 419 516
f 446 450 449
f 553 244 245
f 556 245 899
f 2185 2183 1453
f 1024 1092 1093
f 251 542 543
f 268 273 272
f 608 58 516
f 2182 2183 2185
f 1764 1772 1771
f 418 425 426
f 450 960 449
f 1543 1906 1542
f 1024 1093 1149
f 1452 1453 1456
f 251 960 542
f 451 454 448
f 279 1034 278
f 385 1434 386
f 244 554 557
f 426 520 423
f 269 278 273
f 1079 271 272
f 1763 1771 1773
f 1769 2090 1772
f 556 899 898
f 446 449 451
f 898 901 902
f 410 1092 412
f 382 383 457
f 1536 1539 1543
f 1452 1456 1457
f 553 245 556
f 901 454 902
f 1487 1921 1598
f 411 412 1921
f 1542 1906 1773
f 457 408 1065
f 1457 1459 1460
f 543 1149 254
f 553 554 244
f 1460 1459 1920
f 754 1034 1035
f 1487 1598 1920
f 754 1035 520
f 1536 1540 1539
f 410 1093 1092
f 57 557 62
f 1849 2643 1847
f 1845 1847 1846
f 411 409 412
f 251 543 254
f 409 410 412
f 449 960 255
f 2182 1540 1544
f 1453 2183 2465
f 381 385 386
f 1247 1149 1093
f 2122 2654 2121
f 251 255 960
f 1453 2465 1456
f 381 383 382
f 1535 2089 1534
f 1536 1543 1542
f 1487 411 1921
f 1431 1432 1434
f 2182 1544 2183
f 62 557 554
f 1535 2090 2089
f 1534 2643 1533
f 451 449 452
f 2591 2501 2248
f 254 1149 1247
f 56 58 57
f 898 902 900
f 451 453 454
f 556 898 900
f 59 516 58
f 1079 1065 408
f 409 411 410
f 1457 1456 1458
f 425 516 518
f 2117 2123 2122
f 1457 1458 1459
f 1773 1771 1998
f 2001 1771 1772
f 902 454 984
f 1486 1920 1459
f 1845 1849 1847
f 1487 1920 1486
f 278 1034 752
f 425 517 426
f 1849 1533 2643
f 553 556 555
f 449 255 256
f 426 519 520
f 410 1080 1093
f 451 452 453
f 2458 2134 2421
f 2709 1772 2090
f 273 886 272
f 56 57 62
f 553 555 554
f 1080 1247 1093
f 385 1431 1434
f 449 256 452
f 754 752 1034
f 1536 1537 1540
f 252 255 251
f 1537 1544 1540
f 382 457 456
f 984 454 453
f 248 251 254
f 902 984 900
f 413 410 411
f 519 754 520
f 1542 1773 1999
f 457 1065 456
f 1487 1483 411
f 273 278 887
f 1544 2330 2183
f 56 59 58
f 2330 2465 2183
f 1079 272 886
f 59 518 516
f 2001 1998 1771
f 1531 1535 1534
f 556 900 134
f 253 254 1247
f 2465 2326 1456
f 2001 1772 2709
f 425 518 517
f 2118 2500 2123
f 2247 2252 2249
f 252 256 255
f 1458 1456 2326
f 248 252 251
f 1535 2091 2090
f 1531 1534 1533
f 1482 1487 1486
f 1999 1773 1998
f 1002 62 554
f 413 411 1483
f 426 517 519
f 1623 1459 1458
f 1486 1459 1623
f 556 134 555
f 1536 1542 1541
f 1433 2146 1432
f 414 1080 410
f 253 1247 1080
f 1482 1483 1487
f 413 414 410
f 248 254 253
f 2145 2654 2146
f 278 752 887
f 2709 2090 2091
f 298 453 452
f 1002 554 555
f 256 298 452
f 984 453 299
f 273 887 886
f 900 984 133
f 751 752 754
f 2117 2122 2121
f 1845 1850 1849
f 751 754 519
f 1542 1999 1541
f 1431 1433 1432
f 2644 1533 1849
f 900 133 134
f 381 384 385
f 1537 1545 1544
f 381 382 384
f 1544 1545 2330
f 56 62 61
f 2330 2327 2465
f 2465 2327 2326
f 252 257 256
f 298 299 453
f 1997 1998 2001
f 1482 1486 1485
f 1536 1538 1537
f 1485 1486 1623
f 1531 1532 1535
f 462 253 1080
f 1482 1484 1483
f 1002 61 62
f 413 1483 415
f 1624 1458 2326
f 56 60 59
f 414 462 1080
f 1624 1623 1458
f 1535 1532 2091
f 2145 2121 2654
f 248 249 252
f 257 298 256
f 984 299 297
f 133 984 297
f 413 415 414
f 1079 442 1065
f 1536 1541 1538
f 1996 1999 1998
f 248 253 250
f 2644 1849 1850
f 636 518 59
f 135 555 134
f 2000 2001 2709
f 1431 385 967
f 1079 886 694
f 2118 2501 2500
f 1482 1485 1484
f 1996 1998 1997
f 415 1483 1484
f 252 249 257
f 638 517 518
f 1531 1533 1270
f 1002 555 309
f 1845 1848 1850
f 1997 2001 2000
f 382 456 455
f 248 250 249
f 456 1065 443
f 519 517 350
f 751 753 752
f 132 134 133
f 2644 1270 1533
f 753 887 752
f 1537 1546 1545
f 60 636 59
f 1485 1623 1622
f 2117 2118 2123
f 414 463 462
f 2329 2327 2330
f 135 309 555
f 2329 2330 1545
f 2247 2249 2248
f 1804 2326 2327
f 1622 1623 1624
f 414 415 463
f 2464 2709 2091
f 1541 1999 2639
f 296 299 298
f 461 253 462
f 56 61 63
f 1804 1624 2326
f 132 135 134
f 1537 1538 1546
f 56 63 60
f 461 250 253
f 384 967 385
f 296 297 299
f 636 638 518
f 751 519 351
f 1079 694 442
f 1485 1115 1484
f 128 133 297
f 1996 1478 1999
f 257 300 298
f 382 455 384
f 415 1484 1115
f 1264 1532 1531
f 2000 2709 2464
f 1532 1261 2091
f 1002 307 61
f 350 517 638
f 442 443 1065
f 886 887 693
f 132 133 128
f 1999 1478 2639
f 2644 1850 2410
f 1996 1997 1477
f 257 249 1007
f 1002 309 307
f 296 298 300
f 1264 1531 1270
f 1538 1541 1574
f 459 462 463
f 1997 2000 1477
f 1116 415 1115
f 1485 1622 1621
f 464 249 250
f 1431 968 1433
f 1622 1624 1625
f 463 415 460
f 296 128 297
f 519 350 351
f 1431 967 968
f 456 443 455
f 459 461 462
f 1541 2639 1574
f 1804 2327 2325
f 1261 2464 2091
f 2329 2325 2327
f 2644 2410 1270
f 1485 1621 1115
f 751 351 753
f 460 415 1116
f 1575 1545 1546
f 461 464 250
f 257 1007 300
f 1850 1848 2757
f 132 131 135
f 1575 2329 1545
f 1800 1624 1804
f 886 693 694
f 131 309 135
f 1996 1477 1478
f 2144 2146 1433
f 1264 1261 1532
f 1573 1546 1538
f 60 637 636
f 753 1099 887
f 460 1116 1115
f 1625 1624 1800
f 464 1007 249
f 459 463 460
f 1622 1625 1621
f 63 61 1039
f 60 63 637
f 1850 2757 2410
f 2144 2145 2146
f 307 1039 61
f 126 132 128
f 2000 2464 1723
f 1477 2000 1723
f 1575 1546 1573
f 1099 693 887
f 1803 1804 2325
f 1479 2639 1478
f 460 1115 1114
f 1569 1538 1574
f 1800 1804 1803
f 1114 1115 1621
f 1569 1573 1538
f 636 639 638
f 126 131 132
f 459 397 461
f 1574 2639 1479
f 303 307 309
f 296 127 128
f 296 300 301
f 2329 1815 2325
f 461 397 464
f 2550 2757 1848
f 303 309 131
f 1269 1270 2410
f 1575 1815 2329
f 911 967 384
f 1625 1801 1621
f 1472 1478 1477
f 2117 2121 2120
f 1012 300 1007
f 1261 1262 2464
f 352 350 638
f 1263 1264 1270
f 459 460 398
f 1625 1800 1801
f 636 637 639
f 2120 2121 2145
f 464 1008 1007
f 347 351 350
f 753 351 1100
f 126 128 127
f 1260 1261 1264
f 1037 637 63
f 441 442 694
f 1472 1479 1478
f 1037 63 1039
f 460 1114 1066
f 307 308 1039
f 296 301 127
f 911 968 967
f 455 443 444
f 1803 2325 2324
f 753 1100 1099
f 1012 301 300
f 459 398 397
f 1962 1114 1621
f 439 443 442
f 2409 2410 2757
f 384 455 913
f 1570 1575 1573
f 1477 1723 1475
f 1263 1270 1269
f 398 460 1066
f 1800 1803 1802
f 2464 1722 1723
f 1962 1621 1801
f 303 308 307
f 1008 1012 1007
f 2325 1815 2324
f 1472 1477 1475
f 352 638 639
f 1433 968 966
f 1569 1570 1573
f 441 694 693
f 464 397 1009
f 126 129 131
f 1262 1722 2464
f 1800 1802 1801
f 1260 1262 1261
f 1574 1479 1480
f 1269 2410 2409
f 347 350 352
f 1569 1574 1480
f 2179 2248 2501
f 464 1009 1008
f 303 131 129
f 1260 1264 1263
f 2550 2467 2757
f 1114 1964 1066
f 1803 2324 1802
f 1962 1964 1114
f 1576 1815 1575
f 2118 2179 2501
f 2409 2757 2467
f 911 384 913
f 1570 1576 1575
f 126 127 130
f 1472 1473 1479
f 439 444 443
f 2144 1433 966
f 372 1039 308
f 439 442 441
f 389 397 398
f 398 1066 391
f 1568 1570 1569
f 1037 1039 372
f 347 348 351
f 1102 693 1099
f 127 301 1081
f 1010 1012 1008
f 637 1038 639
f 1037 1038 637
f 455 444 913
f 126 130 129
f 1476 1475 1723
f 1100 351 348
f 1012 920 301
f 1816 2324 1815
f 1568 1569 1480
f 1962 1801 1963
f 1964 391 1066
f 1473 1480 1479
f 397 396 1009
f 1476 1723 1722
f 911 966 968
f 303 305 308
f 1801 1802 1963
f 1471 1472 1475
f 1262 1265 1722
f 1962 1965 1964
f 1260 1265 1262
f 1802 2324 2082
f 2117 2119 2118
f 1100 1102 1099
f 2550 2466 2467
f 1008 1009 1011
f 389 398 391
f 1263 1269 1268
f 302 303 129
f 1576 1816 1815
f 389 396 397
f 1269 2409 1268
f 1010 920 1012
f 301 920 1081
f 890 352 639
f 1471 1473 1472
f 347 352 349
f 1965 391 1964
f 2082 2324 1816
f 1010 1008 1011
f 1962 1963 1965
f 441 693 692
f 372 308 305
f 827 130 127
f 827 127 1081
f 1260 1263 1266
f 1471 1475 1476
f 302 305 303
f 1568 1571 1570
f 1011 1009 396
f 1802 2082 2083
f 1570 1571 1576
f 1978 2409 2467
f 1802 2083 1963
f 1037 372 373
f 692 693 1102
f 2117 2120 2119
f 2144 2088 2145
f 1965 1966 391
f 1037 373 1038
f 129 130 306
f 347 349 348
f 893 639 1038
f 1568 1480 1572
f 2247 2250 2252
f 2120 2145 2088
f 1721 1722 1265
f 352 891 349
f 890 891 352
f 1473 1481 1480
f 890 639 893
f 302 129 306
f 1476 1722 1721
f 1263 1268 1266
f 388 389 391
f 1260 1267 1265
f 1010 919 920
f 2255 2458 2252
f 1978 2467 2466
f 1965 1963 394
f 391 1966 394
f 1010 1011 919
f 1965 394 1966
f 1978 1268 2409
f 390 396 389
f 1568 1572 1571
f 1576 1813 1816
f 1817 2082 1816
f 826 1081 920
f 1100 348 1101
f 912 966 911
f 1572 1480 1481
f 1100 1101 1102
f 1471 1292 1473
f 388 391 394
f 372 305 370
f 827 1081 826
f 1817 2083 2082
f 1260 1266 1267
f 827 824 130
f 1471 1476 1474
f 1011 396 395
f 388 390 389
f 306 130 824
f 1963 2083 2084
f 1576 1571 1814
f 2144 966 2147
f 439 441 440
f 909 911 913
f 439 445 444
f 302 239 305
f 1721 1265 1267
f 1473 1292 1481
f 2390 394 1963
f 1813 1817 1816
f 368 373 372
f 445 913 444
f 390 395 396
f 1576 1814 1813
f 1476 1721 1720
f 302 306 304
f 1038 373 371
f 915 920 919
f 1011 918 919
f 1471 1474 1292
f 1817 2084 2083
f 2390 1963 2084
f 890 894 891
f 349 891 894
f 1476 1720 1474
f 380 893 1038
f 368 372 370
f 388 394 393
f 915 826 920
f 1978 2466 1977
f 370 305 239
f 909 912 911
f 348 349 1135
f 441 692 695
f 890 893 892
f 1572 1821 1571
f 2247 2248 2253
f 1011 395 918
f 302 304 239
f 821 827 826
f 692 1102 1198
f 821 824 827
f 1266 1268 1322
f 348 1134 1101
f 1572 1481 1301
f 388 392 390
f 1978 1976 1268
f 1075 306 824
f 1814 1571 1821
f 380 1038 371
f 368 371 373
f 2390 1239 394
f 394 1239 393
f 388 393 392
f 304 306 1075
f 915 919 918
f 1266 1323 1267
f 1481 1292 1293
f 890 892 894
f 2179 2253 2248
f 348 1135 1134
f 1720 1721 1725
f 439 440 445
f 349 894 1135
f 1813 1818 1817
f 441 695 440
f 390 319 395
f 892 893 380
f 1813 1814 1819
f 2250 2255 2252
f 1572 1301 1821
f 2124 2179 2118
f 1721 1267 1726
f 1817 1956 2084
f 1481 1293 1301
f 2144 2147 2087
f 966 912 618
f 1474 1294 1292
f 1102 1101 1199
f 1720 1724 1474
f 1268 1976 1322
f 390 392 319
f 2390 2084 1957
f 234 370 239
f 2144 2087 2088
f 393 1239 392
f 1266 1322 1323
f 234 368 370
f 2119 2124 2118
f 909 913 910
f 825 826 915
f 966 618 2147
f 1974 1978 1977
f 821 826 825
f 692 1198 695
f 1721 1726 1725
f 821 822 824
f 304 238 239
f 1813 1819 1818
f 395 320 918
f 1075 824 822
f 445 910 913
f 1817 1818 1956
f 2390 1957 1239
f 1289 1293 1292
f 1102 1199 1198
f 1720 1725 1724
f 304 1075 238
f 1974 1976 1978
f 1814 1821 1820
f 395 319 320
f 1323 1321 1267
f 1724 1294 1474
f 1956 1957 2084
f 1814 1820 1819
f 368 369 371
f 1289 1292 1294
f 915 918 917
f 1238 392 1239
f 1321 1726 1267
f 2029 2120 2088
f 1210 1101 1134
f 2119 2120 2029
f 909 618 912
f 1821 1301 1299
f 892 1003 894
f 235 368 234
f 1290 1301 1293
f 375 380 371
f 233 234 239
f 319 392 318
f 894 1190 1135
f 892 380 379
f 233 239 238
f 1210 1134 1135
f 825 915 914
f 235 369 368
f 315 918 320
f 1238 318 392
f 1957 1240 1239
f 1724 1725 2339
f 1289 1290 1293
f 1240 1238 1239
f 1974 1977 1710
f 315 917 918
f 915 917 914
f 2339 1725 1726
f 821 825 823
f 821 823 822
f 1819 2283 1818
f 1075 822 1076
f 1075 1076 238
f 1210 1199 1101
f 375 371 369
f 2656 1820 1821
f 1290 1299 1301
f 317 320 319
f 1296 1294 1724
f 1819 1820 2283
f 1954 1957 1956
f 1320 1322 1976
f 1956 1818 1955
f 1311 1323 1322
f 894 1003 1190
f 2656 1821 1299
f 618 2087 2147
f 1289 1294 1291
f 440 697 445
f 317 319 318
f 440 695 696
f 892 379 1003
f 375 379 380
f 1311 1321 1323
f 1238 1240 318
f 1198 1237 695
f 1712 1976 1974
f 1724 2339 1651
f 231 235 234
f 316 315 320
f 1321 1319 1726
f 1818 2283 1955
f 1296 1724 1651
f 1289 1291 1290
f 1198 1199 1237
f 1954 1956 1955
f 1291 1294 1296
f 1076 822 1187
f 231 234 233
f 1957 1958 1240
f 823 1187 822
f 317 316 320
f 2339 1726 2638
f 1954 1958 1957
f 617 909 910
f 825 914 916
f 233 238 240
f 1078 1135 1190
f 2283 1820 2658
f 1311 1322 1320
f 2656 2658 1820
f 1711 1974 1710
f 1078 1210 1135
f 825 916 823
f 240 238 1076
f 1712 1320 1976
f 315 313 917
f 235 236 369
f 914 917 313
f 617 618 909
f 440 696 697
f 1241 318 1240
f 1726 1319 2638
f 375 369 236
f 1311 1319 1321
f 445 907 910
f 1712 1974 1711
f 1290 1300 1299
f 317 318 321
f 1650 1651 2339
f 2656 1299 1300
f 231 236 235
f 310 315 316
f 1284 1240 1958
f 1291 1298 1290
f 1650 2339 2638
f 1241 1240 1284
f 1295 1296 1651
f 317 314 316
f 1954 1955 1704
f 1003 1077 1190
f 1185 1076 1187
f 1291 1296 1295
f 1241 321 318
f 1185 1187 823
f 1639 1955 2283
f 1954 1704 1958
f 310 313 315
f 914 646 916
f 231 233 232
f 914 313 646
f 2283 2658 1638
f 1003 379 532
f 1707 1711 1710
f 233 240 232
f 2656 2657 2658
f 375 376 379
f 1210 812 1199
f 2028 2088 2087
f 240 1076 1188
f 721 696 695
f 721 695 1237
f 1290 1298 1300
f 1712 1975 1320
f 905 445 697
f 1237 1199 813
f 317 321 314
f 1295 1651 1650
f 310 316 314
f 1078 1190 1077
f 1639 2283 1638
f 1311 1320 1315
f 649 823 916
f 1185 1188 1076
f 2656 1300 2657
f 374 375 236
f 617 910 907
f 1705 1284 1958
f 1241 1284 1209
f 1708 1712 1711
f 2658 2657 1638
f 2028 2029 2088
f 1636 1704 1955
f 1003 532 1077
f 1639 1636 1955
f 2031 2087 618
f 1185 823 649
f 1315 1320 1975
f 1291 1297 1298
f 1704 1705 1958
f 1241 1209 321
f 1319 1318 2638
f 1312 1319 1311
f 1291 1295 1297
f 905 907 445
f 376 532 379
f 374 376 375
f 916 646 645
f 812 813 1199
f 1650 2638 1318
f 1078 777 1210
f 231 237 236
f 310 311 313
f 1707 1708 1711
f 2124 2180 2179
f 2119 2029 2030
f 2119 2030 2124
f 697 696 906
f 643 646 313
f 240 1188 242
f 1705 1209 1284
f 232 240 242
f 231 232 237
f 1712 1713 1975
f 1208 314 321
f 1295 1650 1649
f 2180 2253 2179
f 649 916 645
f 310 314 312
f 614 618 617
f 2247 2251 2250
f 1300 1298 2581
f 1708 1713 1712
f 1210 777 812
f 2247 2253 2251
f 1310 1311 1315
f 1312 1318 1319
f 643 313 311
f 1633 1639 1638
f 1237 813 722
f 1315 1975 1713
f 1637 1638 2657
f 1139 321 1209
f 1635 1705 1704
f 643 645 646
f 1635 1704 1636
f 1650 1318 1649
f 2552 2657 1300
f 310 312 311
f 1297 2581 1298
f 1310 1312 1311
f 374 236 377
f 1185 792 1188
f 1633 1636 1639
f 780 1078 1077
f 1208 312 314
f 721 1237 722
f 721 906 696
f 1208 321 1139
f 1707 1709 1708
f 1142 1209 1705
f 1185 649 1186
f 905 697 906
f 236 237 377
f 1295 1648 1297
f 1295 1649 1648
f 792 242 1188
f 614 2031 618
f 1633 1638 1637
f 232 242 241
f 531 1077 532
f 2552 1637 2657
f 2031 2028 2087
f 232 241 237
f 1139 1209 1142
f 780 777 1078
f 374 378 376
f 1185 1186 792
f 2551 1300 2581
f 528 532 376
f 2551 2552 1300
f 1631 1635 1636
f 644 649 645
f 1631 1636 1633
f 1635 1706 1705
f 1142 1705 1706
f 1314 1315 1713
f 643 311 481
f 1297 2580 2581
f 1708 1714 1713
f 643 644 645
f 481 311 312
f 1312 1317 1318
f 720 813 812
f 1310 1315 1314
f 1208 1143 312
f 374 377 378
f 1318 2694 1649
f 1208 1139 1143
f 1708 1709 1714
f 531 780 1077
f 617 907 616
f 1297 1648 2580
f 720 722 813
f 1186 649 647
f 528 376 378
f 528 531 532
f 1310 1316 1312
f 1648 1649 2694
f 1138 1139 1142
f 790 242 792
f 790 241 242
f 2366 1637 2552
f 1633 1637 1640
f 644 647 649
f 241 793 237
f 815 377 237
f 1138 1142 1706
f 2578 2551 2581
f 1631 1634 1635
f 1312 1316 1317
f 614 617 616
f 1186 1084 792
f 2578 2581 2580
f 1314 1713 1788
f 905 908 907
f 1635 1634 1706
f 1714 1788 1713
f 2027 2029 2028
f 778 812 777
f 1631 1633 1632
f 1317 2686 1318
f 1140 1143 1139
f 643 481 476
f 480 312 1143
f 481 312 480
f 2686 2694 1318
f 643 476 644
f 1138 1140 1139
f 715 721 722
f 2367 2552 2551
f 815 237 793
f 721 718 906
f 2366 1640 1637
f 1186 647 1084
f 1709 1715 1714
f 2027 2030 2029
f 1633 1640 1632
f 2458 2459 2134
f 2367 2366 2552
f 377 818 378
f 774 777 780
f 1310 1314 1313
f 2580 1648 2583
f 905 906 903
f 720 812 778
f 2693 1648 2694
f 1631 1632 1634
f 1138 1706 2636
f 1310 1313 1316
f 2124 2030 2181
f 790 791 241
f 790 792 503
f 241 791 793
f 2124 2181 2180
f 815 818 377
f 503 792 1084
f 1706 1634 2636
f 2457 2458 2255
f 715 722 720
f 1316 2672 1317
f 2578 2580 2579
f 531 779 780
f 616 907 908
f 2578 2553 2551
f 2693 2583 1648
f 1140 1110 1143
f 1714 1786 1788
f 1317 2672 2686
f 480 1143 1110
f 644 648 647
f 1959 1314 1788
f 528 530 531
f 2367 2551 2553
f 528 378 529
f 474 481 480
f 474 476 481
f 715 718 721
f 2579 2580 2583
f 774 778 777
f 1138 1141 1140
f 614 615 2031
f 644 476 478
f 1555 1640 2366
f 1714 1715 1787
f 505 1084 647
f 2493 2694 2686
f 1632 1365 1634
f 815 793 816
f 1555 2366 2367
f 905 903 908
f 1138 2636 1141
f 1714 1787 1786
f 1959 1313 1314
f 2693 2694 2493
f 2578 2579 2553
f 774 780 779
f 1557 1632 1640
f 378 818 529
f 903 906 718
f 644 478 648
f 1959 1788 1786
f 793 791 816
f 1359 2636 1634
f 1140 1141 1110
f 790 504 791
f 2032 2028 2031
f 1316 1391 2672
f 503 1084 505
f 1316 1313 1391
f 790 503 504
f 505 647 648
f 531 530 779
f 614 616 615
f 1359 1634 1365
f 815 817 818
f 1555 1557 1640
f 528 529 530
f 2693 2494 2583
f 1632 1364 1365
f 2579 2583 2582
f 815 816 817
f 1787 1715 1789
f 479 480 1110
f 2672 1394 2686
f 472 476 474
f 472 478 476
f 2367 2553 2365
f 1557 1364 1632
f 474 480 479
f 2636 1363 1141
f 720 778 719
f 1555 2367 2365
f 1359 1363 2636
f 715 720 719
f 2693 2493 2494
f 1787 1790 1786
f 2493 2686 1394
f 2579 2539 2553
f 1959 1786 1790
f 2494 2582 2583
f 816 791 820
f 1358 1359 1365
f 495 503 505
f 2672 1391 1394
f 1109 1110 1141
f 820 791 504
f 1959 1960 1313
f 496 504 503
f 615 2032 2031
f 2579 2582 2539
f 1390 1391 1313
f 1358 1365 1364
f 2180 2430 2253
f 2027 2028 1989
f 1552 1557 1555
f 774 775 778
f 817 1117 818
f 529 818 1117
f 477 648 478
f 855 505 648
f 496 503 495
f 479 1110 1109
f 1787 1789 1791
f 2250 2254 2255
f 774 779 776
f 1787 1791 1790
f 1557 1556 1364
f 1390 1313 1960
f 472 477 478
f 1357 1363 1359
f 2553 2538 2365
f 472 474 473
f 871 616 908
f 715 716 718
f 1363 1163 1141
f 2489 2494 2493
f 1357 1359 1358
f 474 479 473
f 2553 2539 2538
f 1555 2365 1554
f 530 1205 779
f 495 505 497
f 875 908 903
f 816 819 817
f 1552 1556 1557
f 1552 1555 1554
f 1959 1790 1618
f 2027 1990 2030
f 2493 1394 2492
f 2430 2251 2253
f 1358 1364 1361
f 1109 1141 1163
f 855 648 477
f 2494 2536 2582
f 539 530 529
f 2032 1989 2028
f 855 497 505
f 496 502 504
f 2489 2493 2492
f 1388 1394 1391
f 502 820 504
f 1959 1618 1960
f 2582 2536 2539
f 1388 1391 1390
f 816 820 819
f 903 718 724
f 774 776 775
f 1361 1364 1556
f 2277 1791 1789
f 867 615 616
f 1357 1163 1363
f 1357 1358 1361
f 719 778 797
f 2181 2030 2528
f 2489 2490 2494
f 819 1117 817
f 2713 1790 1791
f 797 778 775
f 715 719 717
f 776 779 1205
f 472 475 477
f 479 1109 1108
f 494 496 495
f 472 473 475
f 2490 2536 2494
f 529 1117 537
f 871 908 875
f 2538 2700 2365
f 2713 1618 1790
f 1554 2365 2700
f 539 1205 530
f 2250 2251 2254
f 473 479 483
f 1552 1553 1556
f 494 495 497
f 1389 1390 1960
f 716 724 718
f 1552 1554 1553
f 2531 2538 2539
f 715 717 716
f 2737 2492 1394
f 2527 2180 2181
f 494 502 496
f 871 867 616
f 1109 1163 1111
f 2531 2539 2536
f 539 529 537
f 1388 1390 1389
f 479 1108 483
f 855 498 497
f 2489 2492 2491
f 2136 1361 1556
f 1357 1362 1163
f 502 965 820
f 855 477 856
f 2277 2278 1791
f 1108 1109 1111
f 1388 1392 1394
f 1618 1612 1960
f 2489 2491 2490
f 1357 1361 1360
f 2713 1791 2278
f 819 820 965
f 874 875 903
f 2027 1989 1990
f 2136 1556 1553
f 1392 2737 1394
f 1389 1960 1612
f 494 497 498
f 2491 2492 2737
f 2528 2030 1990
f 615 1197 2032
f 2713 1616 1618
f 2490 2534 2536
f 2457 2459 2458
f 1357 1360 1362
f 874 903 724
f 855 856 498
f 1553 1554 2246
f 1554 2700 2246
f 2537 2700 2538
f 1362 1245 1163
f 475 705 477
f 819 1120 1117
f 2531 2537 2538
f 1111 1163 1194
f 2136 1360 1361
f 473 482 475
f 799 775 776
f 473 483 482
f 2490 2491 2534
f 1245 1194 1163
f 2713 2278 1616
f 494 500 502
f 2530 2531 2536
f 2277 2279 2278
f 1120 537 1117
f 856 477 705
f 867 1197 615
f 1388 1389 1393
f 795 719 797
f 797 775 799
f 502 500 965
f 795 717 719
f 2530 2536 2534
f 1108 706 483
f 539 538 1205
f 1108 1111 622
f 1611 1612 1618
f 1388 1393 1392
f 1042 776 1205
f 1611 1618 1616
f 819 965 1118
f 494 498 499
f 2136 1553 2138
f 1246 1245 1362
f 475 482 705
f 622 1111 1194
f 2527 2430 2180
f 2491 2737 1867
f 1360 1246 1362
f 2245 2246 2700
f 1553 2246 2138
f 536 539 537
f 2537 2245 2700
f 866 871 875
f 1613 1389 1612
f 1867 2737 1392
f 482 483 706
f 2527 2181 2528
f 856 1171 498
f 1108 622 706
f 2532 2537 2531
f 2136 2137 1360
f 1245 1246 1194
f 819 1119 1120
f 1616 2278 1615
f 2491 1870 2534
f 2530 2532 2531
f 494 499 501
f 716 723 724
f 716 717 723
f 1042 799 776
f 2279 2719 2278
f 2457 2255 2254
f 1613 1393 1389
f 498 1171 499
f 866 875 874
f 536 538 539
f 1042 1205 538
f 856 705 1170
f 2530 2534 2533
f 2136 2138 2137
f 2032 1918 1989
f 1611 1613 1612
f 1611 1616 1615
f 535 537 1120
f 2491 1867 1870
f 622 1194 624
f 1360 2139 1246
f 1194 1246 624
f 856 1170 1171
f 2278 2719 1615
f 1870 2533 2534
f 864 867 871
f 1360 2137 2139
f 1865 1392 1393
f 536 537 535
f 2244 2246 2245
f 2244 2138 2246
f 2537 1859 2245
f 1865 1867 1392
f 2532 1859 2537
f 482 568 705
f 2032 1197 1918
f 868 1197 867
f 795 802 717
f 706 622 623
f 794 797 799
f 874 724 904
f 2530 2535 2532
f 482 706 629
f 2530 2533 2535
f 794 795 797
f 705 569 1170
f 864 871 866
f 1611 1615 1617
f 802 723 717
f 2138 2225 2137
f 1171 1172 499
f 1246 2139 2495
f 1988 1990 1989
f 624 1246 625
f 1613 1619 1393
f 619 622 624
f 705 568 569
f 706 623 629
f 2139 2137 2231
f 1611 1614 1613
f 1870 1871 2533
f 723 904 724
f 1171 1170 1173
f 864 868 867
f 1619 1865 1393
f 1868 1870 1867
f 619 623 622
f 1860 2244 2245
f 1860 2245 1859
f 482 567 568
f 2244 2224 2138
f 1246 2495 625
f 2719 2599 1615
f 2532 1858 1859
f 482 629 567
f 2137 2225 2231
f 1042 798 799
f 2533 1871 2535
f 1611 1617 1614
f 2427 2251 2430
f 866 874 873
f 2532 2535 1858
f 536 534 538
f 534 1042 538
f 2138 2224 2225
f 1863 1867 1865
f 1170 569 1173
f 2599 1617 1615
f 2139 2231 2232
f 2495 2139 2232
f 619 624 625
f 1991 2528 1990
f 1868 1871 1870
f 872 1197 868
f 874 904 873
f 794 799 798
f 795 796 802
f 1863 1868 1867
f 2719 2687 2599
f 1988 1989 1918
f 1613 1620 1619
f 1613 1614 1620
f 620 629 623
f 1860 1862 2244
f 1852 1860 1859
f 564 569 568
f 1862 2224 2244
f 794 796 795
f 1852 1859 1858
f 2427 2254 2251
f 619 620 623
f 2221 2231 2225
f 1197 872 1918
f 564 568 567
f 1864 1865 1619
f 1617 2600 1614
f 1871 2710 2535
f 2221 2232 2231
f 2495 2230 625
f 1858 2535 2710
f 533 534 536
f 2599 2600 1617
f 802 803 723
f 2495 2232 2230
f 2220 2225 2224
f 1863 1865 1864
f 864 872 868
f 629 572 567
f 619 625 626
f 2527 2528 2529
f 2220 2221 2225
f 1868 1872 1871
f 620 572 629
f 864 866 865
f 1042 1041 798
f 1988 1991 1990
f 534 1041 1042
f 2221 2230 2232
f 866 873 865
f 564 570 569
f 2085 2134 1402
f 1853 1862 1860
f 1852 1853 1860
f 796 803 802
f 2230 626 625
f 2599 2687 2598
f 619 621 620
f 1862 2223 2224
f 723 1005 904
f 1852 1858 1854
f 1863 1869 1868
f 1871 1872 2710
f 1619 1620 2292
f 2220 2224 2223
f 619 626 621
f 1614 2600 2577
f 1620 1614 2577
f 1864 1619 2292
f 1858 2710 1854
f 2596 2600 2599
f 564 567 566
f 1868 1869 1872
f 566 567 572
f 2307 2598 2687
f 620 630 572
f 2596 2599 2598
f 2529 2528 1991
f 1863 1864 1866
f 803 1004 723
f 2221 2227 2230
f 2220 2222 2221
f 1853 1861 1862
f 1851 1853 1852
f 1862 1861 2223
f 864 869 872
f 794 798 800
f 1851 1852 1854
f 1863 1866 1869
f 621 627 620
f 2596 2577 2600
f 676 626 2230
f 794 801 796
f 620 627 630
f 877 873 904
f 1620 2566 2292
f 2220 2223 2222
f 723 1004 1005
f 1620 2577 2566
f 2527 2431 2430
f 564 566 565
f 2222 2227 2221
f 2732 2710 1872
f 1854 2710 2733
f 630 571 572
f 1864 2292 2289
f 864 865 870
f 796 804 803
f 2738 2230 2227
f 621 626 628
f 2738 676 2230
f 566 572 571
f 800 798 1041
f 1915 1918 872
f 1866 1864 2289
f 2731 1872 1869
f 1851 1857 1853
f 1853 1857 1861
f 534 1023 1041
f 2307 2482 2598
f 877 904 1005
f 2595 2596 2598
f 864 870 869
f 1851 1854 1855
f 2223 1861 2228
f 865 873 877
f 628 626 676
f 2732 2733 2710
f 630 627 571
f 2222 2223 2228
f 621 628 627
f 1988 1918 1919
f 794 800 801
f 1854 2733 1855
f 2731 2732 1872
f 1866 2291 1869
f 2294 2292 2566
f 803 804 1004
f 2596 2597 2577
f 2595 2598 2482
f 796 801 804
f 2222 2226 2227
f 2289 2292 2294
f 2226 2738 2227
f 2738 674 676
f 2731 1869 2291
f 2566 2577 2565
f 1915 872 869
f 566 571 574
f 1851 1856 1857
f 2527 2529 2431
f 1851 1855 1856
f 2605 1861 1857
f 2595 2597 2596
f 2605 2228 1861
f 674 628 676
f 678 571 627
f 2222 2228 2229
f 1866 2289 2290
f 628 678 627
f 566 574 573
f 2597 2565 2577
f 1988 1992 1991
f 2739 674 2738
f 2294 2566 2565
f 1915 1919 1918
f 2732 2716 2733
f 2226 2739 2738
f 1866 2290 2291
f 1931 1855 2733
f 2222 1382 2226
f 2427 2430 2429
f 2731 2514 2732
f 2595 2482 2481
f 1004 1006 1005
f 2134 2459 1402
f 2222 2229 1382
f 674 675 628
f 1857 1856 2608
f 865 876 870
f 2605 1857 2608
f 800 1041 120
f 1931 1856 1855
f 120 1041 1023
f 2606 2228 2605
f 2545 2529 1991
f 1040 574 571
f 2289 2294 2293
f 2595 2481 2597
f 2731 2291 2045
f 2606 2229 2228
f 2739 675 674
f 678 1040 571
f 865 877 876
f 1006 877 1005
f 1931 2733 2716
f 2732 2514 2716
f 869 870 1196
f 2289 2293 2290
f 1756 2481 2482
f 1004 804 218
f 2731 2045 2514
f 759 573 574
f 675 436 628
f 2226 1377 2739
f 2294 2565 2564
f 2457 2254 1397
f 1988 1919 1992
f 628 677 678
f 2290 2047 2291
f 217 804 801
f 1382 1377 2226
f 1915 869 1196
f 2608 1856 1930
f 1931 1930 1856
f 2047 2045 2291
f 1040 759 574
f 2503 2605 2608
f 438 675 2739
f 2503 2606 2605
f 1382 2229 1379
f 2294 2564 2293
f 801 800 1015
f 2597 2601 2565
f 2606 1379 2229
f 1004 218 1006
f 628 436 677
f 2429 2430 2431
f 2597 2481 1521
f 989 1040 678
f 2545 1991 1992
f 870 876 1196
f 438 2739 1377
f 675 438 436
f 1931 2716 1929
f 2515 2716 2514
f 1756 1519 2481
f 2427 2428 2254
f 1375 1382 1379
f 1375 1377 1382
f 677 989 678
f 2606 2607 1379
f 2502 2608 1930
f 217 218 804
f 2503 2607 2606
f 2046 2514 2045
f 2503 2608 2502
f 2597 1521 2601
f 2290 2293 1760
f 1040 113 759
f 2290 1761 2047
f 1924 1930 1931
f 2565 2650 2564
f 2457 1397 2459
f 217 801 1015
f 2044 2045 2047
f 800 120 119
f 2601 2650 2565
f 438 1377 437
f 2515 1929 2716
f 1521 2481 1519
f 2545 2547 2529
f 1924 1931 1929
f 2046 2515 2514
f 1520 1519 1756
f 989 112 1040
f 2293 2564 2773
f 2290 1760 1761
f 432 436 438
f 2529 2547 2431
f 1063 877 1006
f 114 759 113
f 1379 2607 1381
f 1040 112 113
f 2044 2046 2045
f 677 436 433
f 800 119 1015
f 1374 1375 1379
f 2503 1799 2607
f 2044 2047 1761
f 1373 1377 1375
f 1258 1196 876
f 432 438 437
f 2502 1930 1927
f 1915 1916 1919
f 1915 1196 1917
f 1377 435 437
f 1798 2503 2502
f 2293 2773 1760
f 1374 1379 1381
f 1059 876 877
f 1924 1927 1930
f 432 433 436
f 2607 1799 1381
f 987 989 677
f 2564 2650 2773
f 1373 435 1377
f 1798 1799 2503
f 1373 1375 1374
f 1521 2647 2601
f 432 437 435
f 1512 1521 1519
f 677 433 434
f 1923 1924 1929
f 987 112 989
f 1798 2502 1927
f 2647 2650 2601
f 1511 1519 1520
f 2046 2513 2515
f 111 113 112
f 2515 1928 1929
f 218 219 1006
f 1919 2130 1992
f 215 218 217
f 987 677 434
f 1258 876 1064
f 1059 877 1063
f 1758 1761 1760
f 1196 1258 1064
f 1374 1381 1380
f 1915 1917 1916
f 1380 1381 1799
f 1511 1520 1518
f 2044 1761 1759
f 1922 1927 1924
f 2044 2048 2046
f 116 120 122
f 1511 1512 1519
f 1922 1924 1923
f 1923 1929 1928
f 1760 2773 1757
f 116 119 120
f 2427 2429 2428
f 431 432 435
f 1373 1374 1376
f 185 433 432
f 1512 1513 1521
f 1796 1799 1798
f 2513 1928 2515
f 1521 1513 2647
f 1917 1196 1064
f 217 1015 216
f 2046 2048 2513
f 2545 1992 2546
f 1373 1378 435
f 1796 1380 1799
f 1063 1006 219
f 185 434 433
f 1758 1760 1757
f 1758 1759 1761
f 1798 1927 2504
f 1374 1380 1376
f 1919 1916 2130
f 987 115 112
f 111 112 115
f 2692 2773 2650
f 2044 1759 2048
f 1059 1064 876
f 185 432 431
f 215 219 218
f 2647 2648 2650
f 1373 1376 1378
f 1378 431 435
f 1922 1925 1927
f 2545 2546 2547
f 215 217 216
f 1796 1798 1795
f 1510 1512 1511
f 987 434 181
f 1922 1923 1926
f 1925 2504 1927
f 1015 119 359
f 1798 2504 1795
f 1738 1757 2773
f 1510 1513 1512
f 1923 1928 1926
f 1792 1380 1796
f 185 181 434
f 2692 2650 2648
f 2647 1513 2649
f 1376 1380 1793
f 2513 2703 1928
f 2692 1738 2773
f 1922 1926 1925
f 2513 2048 2703
f 1735 1758 1757
f 987 988 115
f 1792 1796 1795
f 1758 1736 1759
f 1015 359 216
f 1378 1376 1584
f 2647 2649 2648
f 1511 1517 1514
f 1792 1793 1380
f 987 181 988
f 185 431 184
f 1510 1511 1514
f 1759 1780 2048
f 184 431 1378
f 2431 2547 2393
f 1510 1515 1513
f 1376 1793 1584
f 1735 1757 1738
f 116 117 119
f 1992 2130 2604
f 1059 1062 1064
f 2704 1926 1928
f 1513 1515 2649
f 1925 2505 2504
f 1795 2504 2505
f 1735 1736 1758
f 2704 1928 2703
f 2338 1917 1064
f 1759 1736 1780
f 2338 1916 1917
f 178 181 185
f 2703 2048 1781
f 1992 2604 2546
f 1378 1584 1583
f 1236 36 115
f 2665 1925 1926
f 117 359 119
f 1792 1795 1797
f 2048 1780 1781
f 988 1236 115
f 1059 1063 749
f 184 1378 1583
f 1063 219 749
f 2692 2648 2691
f 178 185 184
f 215 197 219
f 215 216 197
f 1792 1794 1793
f 1510 1516 1515
f 1510 1514 1516
f 1795 2505 1797
f 2665 2505 1925
f 2648 2649 2714
f 1733 1738 2692
f 1793 1891 1584
f 181 182 988
f 1728 1735 1738
f 2130 1916 2522
f 2547 2546 2393
f 1062 1060 1064
f 2704 2666 1926
f 116 121 118
f 1697 2649 1515
f 1792 1797 1794
f 1059 1060 1062
f 2665 1926 2666
f 1729 1736 1735
f 1584 1891 1583
f 178 182 181
f 2429 2431 1687
f 2648 2714 2691
f 1793 1794 1891
f 116 118 117
f 2701 2704 2703
f 2428 1396 2254
f 1733 2692 2691
f 1782 2703 1781
f 1516 1697 1515
f 1737 1780 1736
f 1728 1738 1733
f 2714 2649 1697
f 1060 2338 1064
f 988 1257 1236
f 1729 1735 1728
f 184 1583 1582
f 196 216 359
f 1775 1781 1780
f 178 184 180
f 182 1257 988
f 2701 2703 1782
f 2338 2522 1916
f 2510 1797 2505
f 1516 1514 1694
f 2665 2485 2505
f 1694 1514 1701
f 1729 1737 1736
f 2130 2522 2604
f 184 1582 180
f 1059 1061 1060
f 1794 1797 2420
f 1886 1583 1891
f 196 197 216
f 2704 2681 2666
f 1059 749 1061
f 2254 1396 1397
f 1775 1780 1737
f 1775 1782 1781
f 2701 2681 2704
f 2665 2666 2484
f 198 219 197
f 1891 1794 2419
f 1582 1583 1886
f 178 183 182
f 2510 2505 2485
f 1693 1697 1516
f 1257 35 1236
f 198 749 219
f 1687 2431 2393
f 117 360 359
f 2510 2420 1797
f 2621 2691 2714
f 178 180 179
f 2665 2484 2485
f 1794 2420 2419
f 1733 2691 2621
f 2714 1697 1698
f 1727 1728 1733
f 1693 1516 1694
f 1727 1729 1728
f 2666 2681 2484
f 1255 1257 182
f 178 179 183
f 2701 1782 2702
f 1886 1891 1890
f 118 125 117
f 2429 1691 2428
f 1891 2419 1890
f 196 359 360
f 1255 182 183
f 1694 1701 1700
f 180 1582 186
f 2701 2702 2681
f 1729 1730 1737
f 1693 1698 1697
f 1775 1779 1782
f 1885 1582 1886
f 2621 2714 1698
f 118 124 123
f 180 186 179
f 2604 2392 2546
f 1256 35 1257
f 1774 1775 1737
f 2510 2485 1335
f 2419 2420 2512
f 2702 1782 1779
f 1727 1733 1732
f 1727 1730 1729
f 2510 1336 2420
f 1733 2621 1732
f 117 125 360
f 2393 2546 2392
f 1256 1257 1255
f 1693 1694 1696
f 1885 186 1582
f 1885 1886 1890
f 1060 2337 2338
f 1334 2485 2484
f 2487 2484 2681
f 118 123 125
f 1061 1961 1060
f 192 197 196
f 179 186 189
f 179 187 183
f 1336 2512 2420
f 1774 1737 1730
f 1774 1779 1775
f 1890 2419 2723
f 2510 1335 1336
f 1694 1700 1699
f 1255 183 187
f 2702 2680 2681
f 2419 2512 2723
f 192 198 197
f 1694 1699 1696
f 1334 1335 2485
f 1693 1695 1698
f 1061 749 750
f 179 189 188
f 2622 2621 1698
f 202 749 198
f 2432 2604 2522
f 123 124 1086
f 189 186 188
f 1693 1696 1695
f 2338 1881 2522
f 1334 2484 2487
f 2487 2681 2680
f 2702 1779 2705
f 179 188 187
f 2459 1397 1399
f 1885 1887 186
f 2619 1732 2621
f 563 1256 1255
f 1885 1890 1889
f 1727 1732 1734
f 1727 1731 1730
f 1060 1961 2337
f 1336 2511 2512
f 2702 2705 2680
f 2429 1687 1691
f 2723 2512 2511
f 563 1255 187
f 1890 2723 1889
f 1887 188 186
f 2695 1699 1700
f 2622 1698 1754
f 1698 1695 1754
f 196 360 195
f 1774 1730 1777
f 202 750 749
f 1755 2621 2622
f 1325 1336 1335
f 1774 1778 1779
f 1061 750 1961
f 1699 1646 1696
f 123 1087 125
f 1727 1734 1731
f 1325 1335 1334
f 1779 1778 2705
f 2619 1734 1732
f 2619 2621 1755
f 1256 1250 34
f 2695 1700 2697
f 2337 1881 2338
f 1646 1695 1696
f 1885 1888 1887
f 2432 2392 2604
f 1730 1731 1777
f 360 125 1201
f 563 1250 1256
f 2487 2680 2682
f 1885 1889 1888
f 192 196 195
f 1336 1331 2511
f 123 1086 1087
f 561 187 188
f 1334 2487 2486
f 2723 2511 2724
f 2695 1646 1699
f 1887 2080 188
f 1755 2622 1754
f 2723 2724 1889
f 2680 2705 2683
f 1689 1687 2393
f 1325 1331 1336
f 558 563 187
f 1689 2393 2392
f 192 193 198
f 2432 2522 1881
f 193 202 198
f 2487 2682 2486
f 1325 1334 1329
f 2080 561 188
f 1774 1777 1776
f 2428 1691 1396
f 1774 1776 1778
f 1644 1754 1695
f 1778 2683 2705
f 1334 2486 1329
f 558 187 561
f 2682 2680 2683
f 125 1087 1201
f 1331 2724 2511
f 2079 1887 1888
f 2695 2697 2696
f 1646 1644 1695
f 2079 2080 1887
f 195 360 1201
f 2619 2620 1734
f 2619 1755 2620
f 1731 1734 2425
f 1752 1755 1754
f 2424 1777 1731
f 563 562 1250
f 1888 1889 2081
f 2695 1645 1646
f 2724 2756 1889
f 611 1087 1086
f 2697 2698 2696
f 611 1086 969
f 558 562 563
f 2337 1961 1877
f 2695 2696 1645
f 1752 1754 1644
f 1961 750 1877
f 2756 2081 1889
f 2080 1717 561
f 1324 1325 1329
f 2425 1734 2620
f 2079 1888 1718
f 204 750 202
f 2424 1776 1777
f 1326 1331 1325
f 2424 1731 2425
f 2682 2671 2486
f 2079 1716 2080
f 1778 1492 2683
f 1332 2724 1331
f 700 191 1250
f 1888 2081 1718
f 2682 2683 2671
f 1329 2486 1328
f 558 561 560
f 1752 1753 1755
f 1776 1492 1778
f 1641 1644 1646
f 1755 1753 2620
f 1641 1646 1645
f 192 195 194
f 700 1250 562
f 193 204 202
f 2080 1716 1717
f 1324 1326 1325
f 560 561 1717
f 2079 1718 1716
f 2724 1835 2756
f 2337 1878 1881
f 192 194 193
f 2696 2698 2699
f 1324 1329 1328
f 2696 2699 1645
f 1326 1332 1331
f 1328 2486 2671
f 558 559 562
f 612 1201 1087
f 1332 1835 2724
f 1749 1752 1644
f 2459 1399 1402
f 195 1201 1206
f 558 560 559
f 1836 2081 2756
f 611 612 1087
f 158 611 969
f 2337 1877 1878
f 2424 2426 1776
f 1749 1753 1752
f 1719 1718 2081
f 2425 2620 2405
f 1494 2683 1492
f 2671 2683 1494
f 2424 2425 2404
f 1641 1642 1644
f 1836 2756 1835
f 2620 1753 2408
f 1776 1491 1492
f 1688 1689 2392
f 1451 750 204
f 1661 1717 1716
f 1665 1716 1718
f 2432 1881 1883
f 1451 1877 750
f 2699 2698 1703
f 1749 1644 1642
f 2353 2392 2432
f 1641 1645 1647
f 1661 560 1717
f 1836 1719 2081
f 1645 2699 1647
f 702 700 562
f 193 203 204
f 1324 1328 1327
f 2405 2620 2408
f 1324 1327 1326
f 1776 2426 1491
f 702 562 559
f 1326 1333 1332
f 1665 1718 1719
f 2425 2405 2404
f 2424 2404 2426
f 1831 1835 1332
f 1200 1206 1201
f 1328 2671 2670
f 1661 1716 1665
f 1157 559 560
f 1681 1687 1689
f 195 1206 201
f 612 1200 1201
f 1749 1750 1753
f 190 700 699
f 194 195 201
f 1750 2408 1753
f 1661 1157 560
f 1829 1836 1835
f 1831 1332 1333
f 1488 1494 1492
f 1641 1643 1642
f 1488 1492 1491
f 702 559 1158
f 699 700 702
f 1641 1647 1643
f 1496 2671 1494
f 1157 1158 559
f 194 199 193
f 2699 1703 1564
f 1327 1328 2670
f 159 611 158
f 2699 1564 1647
f 1836 1834 1719
f 159 612 611
f 1326 1330 1333
f 193 199 203
f 1326 1327 1330
f 1829 1835 1831
f 1749 1642 1751
f 1665 1719 1664
f 1496 2670 2671
f 1688 2392 2353
f 702 1158 1157
f 203 1448 204
f 1682 1691 1687
f 1873 1878 1877
f 1874 1881 1878
f 1829 1834 1836
f 2426 2404 2195
f 2353 2432 1883
f 2403 2405 2408
f 1749 1751 1750
f 2196 2404 2405
f 190 699 698
f 1448 1451 204
f 1719 1834 1664
f 2426 1493 1491
f 201 1206 1200
f 1643 1751 1642
f 2403 2408 1750
f 1831 1333 1832
f 1660 1661 1665
f 1658 1157 1661
f 1702 1563 1703
f 1488 1489 1494
f 702 1157 849
f 1703 1563 1564
f 1489 1496 1494
f 1333 1330 1832
f 1874 1883 1881
f 1681 1689 1688
f 1488 1491 1493
f 156 158 157
f 1559 1643 1647
f 1876 1877 1451
f 1559 1647 1564
f 2196 2195 2404
f 699 702 703
f 1660 1665 1664
f 2196 2405 2403
f 2426 2195 1493
f 156 159 158
f 612 613 1200
f 1327 2670 1429
f 203 199 1448
f 1327 1430 1330
f 1658 1661 1660
f 1743 1829 1831
f 699 703 698
f 159 613 612
f 2407 1750 1751
f 194 201 200
f 1873 1877 1876
f 1830 1834 1829
f 2403 1750 2407
f 1663 1664 1834
f 1395 1397 1396
f 1702 1567 1563
f 194 200 199
f 848 702 849
f 1743 1831 1832
f 1496 2103 2670
f 853 849 1157
f 1691 1692 1396
f 1658 853 1157
f 1873 1874 1878
f 848 703 702
f 1327 1429 1430
f 1681 1682 1687
f 1330 1744 1832
f 1558 1564 1563
f 1643 2033 1751
f 1660 1664 1663
f 1488 1490 1489
f 1489 1495 1496
f 1558 1559 1564
f 1830 1663 1834
f 2103 1429 2670
f 1743 1830 1829
f 1488 1493 1490
f 1559 2033 1643
f 2060 2195 2196
f 1330 1430 1744
f 201 1200 1106
f 156 157 161
f 698 704 701
f 1448 1450 1451
f 2060 1493 2195
f 2196 2403 2191
f 848 849 853
f 1495 2103 1496
f 698 703 704
f 2462 2407 1751
f 1743 1832 1744
f 156 160 159
f 1562 1563 1567
f 2403 2407 2406
f 1658 1660 1659
f 1450 1876 1451
f 1200 613 1106
f 1489 1490 1495
f 1658 1659 853
f 1448 199 1449
f 1558 1563 1562
f 2462 1751 2033
f 159 163 613
f 2060 2196 2191
f 2403 2406 2191
f 200 201 1204
f 1660 1663 1662
f 1424 1430 1429
f 848 853 852
f 1830 1833 1663
f 1743 1748 1830
f 1427 1744 1430
f 1558 1560 1559
f 848 850 703
f 156 161 160
f 1884 2353 1883
f 2462 2406 2407
f 160 163 159
f 1560 2033 1559
f 199 200 2131
f 1395 1399 1397
f 1688 2353 1686
f 1873 1876 1875
f 2059 1490 1493
f 1562 1567 1566
f 2059 1493 2060
f 1426 1429 2103
f 201 1106 1204
f 704 703 850
f 1873 1875 1874
f 1424 1427 1430
f 1874 1884 1883
f 1660 1304 1659
f 848 852 851
f 1681 1688 1686
f 1739 1743 1744
f 1507 2103 1495
f 1830 1748 1833
f 1448 1449 1450
f 1659 1666 853
f 1682 1692 1691
f 852 853 1666
f 1833 1662 1663
f 1660 1662 1304
f 848 851 850
f 1449 199 2131
f 1490 2102 1495
f 1424 1429 1426
f 1740 1748 1743
f 1558 1562 1561
f 2460 2462 2033
f 2190 2060 2191
f 2191 2406 2193
f 1068 161 1181
f 1428 1744 1427
f 1558 1561 1560
f 1739 1740 1743
f 1507 1426 2103
f 1507 1495 2102
f 1104 613 163
f 852 1207 851
f 2461 2406 2462
f 1104 1106 613
f 160 161 162
f 940 943 704
f 1424 1428 1427
f 1659 1304 1307
f 2059 2063 1490
f 1560 1900 2033
f 1739 1744 1428
f 2059 2060 2064
f 852 1666 1207
f 1562 1566 1565
f 1490 2063 2102
f 2190 2191 2193
f 942 704 850
f 1068 1181 336
f 850 851 1207
f 1659 1309 1666
f 2190 2064 2060
f 1833 1748 1745
f 2460 2033 1900
f 1659 1307 1309
f 1204 2718 200
f 1450 1880 1876
f 1562 1565 1561
f 2461 2193 2406
f 2460 2461 2462
f 1833 2093 1662
f 160 164 163
f 1740 1745 1748
f 1068 162 161
f 1424 1426 1425
f 2131 200 2718
f 1875 1876 1880
f 940 704 942
f 1304 1662 1303
f 1424 1425 1428
f 940 945 943
f 1204 1106 2143
f 1505 1426 1507
f 1302 1307 1304
f 1894 1560 1561
f 850 1207 1113
f 1739 1741 1740
f 1875 1879 1874
f 1833 1745 2093
f 1565 1566 2640
f 160 162 164
f 1950 1207 1666
f 1506 1507 2102
f 2352 2353 1884
f 1662 2093 1303
f 1894 1900 1560
f 1950 1666 1309
f 2059 2064 2062
f 1104 163 164
f 942 850 946
f 1302 1309 1307
f 2352 1686 2353
f 2059 2061 2063
f 1302 1304 1303
f 2190 2192 2064
f 1741 1745 1740
f 2190 2193 2194
f 1449 2131 2133
f 2102 2063 2065
f 1449 2132 1450
f 1739 1428 1742
f 2140 1106 1104
f 946 850 1113
f 1874 1882 1884
f 332 1068 336
f 1505 1507 1506
f 2461 2194 2193
f 1426 1509 1425
f 2460 1900 2368
f 2460 2368 2461
f 1893 1561 1565
f 1204 2143 2718
f 2059 2062 2061
f 331 332 336
f 2140 2143 1106
f 1068 1069 162
f 1739 1742 1741
f 1505 1509 1426
f 1506 2102 2065
f 2064 2192 2062
f 2190 2194 2192
f 1207 2308 1113
f 1680 1682 1681
f 2126 1428 1425
f 1894 1561 1893
f 1680 1681 1686
f 1950 2308 1207
f 940 942 941
f 1302 1305 1309
f 2061 2065 2063
f 2131 2718 2133
f 1950 1309 1305
f 940 944 945
f 46 945 1223
f 1875 1880 1879
f 332 1069 1068
f 1450 2132 1880
f 1565 2640 1901
f 1874 1879 1882
f 942 946 941
f 1741 1746 1745
f 2518 1303 2093
f 1947 2093 1745
f 1894 1895 1900
f 1302 1303 1308
f 1428 2127 1742
f 1692 1398 1396
f 1104 164 1105
f 2126 1425 1509
f 162 1215 164
f 2126 2127 1428
f 1895 2368 1900
f 1449 2133 2132
f 1893 1565 1901
f 946 1113 1112
f 1505 1506 1508
f 2461 2463 2194
f 1069 1215 162
f 940 941 944
f 2368 2463 2461
f 330 332 331
f 1112 1113 2308
f 1302 1306 1305
f 2062 2192 2561
f 1901 2640 2265
f 1223 945 944
f 1746 1947 1745
f 2192 2194 2561
f 2061 2062 2066
f 1505 1508 1509
f 1308 1303 2518
f 1741 1742 1747
f 1949 1950 1305
f 1506 2065 2101
f 1302 1308 1306
f 1950 1951 2308
f 330 331 333
f 1947 2518 2093
f 46 1223 43
f 155 45 333
f 2140 1104 2142
f 1741 1747 1746
f 2061 2067 2065
f 39 45 44
f 941 946 949
f 1892 1894 1893
f 946 1112 949
f 1949 1951 1950
f 2140 2141 2143
f 1506 2101 1508
f 2142 1104 1105
f 2062 2561 2066
f 1892 1895 1894
f 332 929 1069
f 1112 2308 2387
f 37 39 38
f 2126 1509 2128
f 2061 2066 2067
f 2352 1884 2070
f 2143 2520 2718
f 1306 1952 1305
f 37 38 43
f 2387 2308 1951
f 1893 1901 1899
f 2728 2561 2194
f 2067 2101 2065
f 2127 1470 1742
f 1395 1396 1398
f 1895 2369 2368
f 1884 1882 2070
f 1949 1305 1952
f 2728 2194 2463
f 1105 164 1254
f 2718 2524 2133
f 1223 944 1224
f 929 1215 1069
f 2261 1901 2265
f 1747 1742 1470
f 1215 1254 164
f 2126 2129 2127
f 941 947 944
f 2368 2369 2463
f 1308 2518 2358
f 1892 1893 1899
f 1509 1508 2332
f 1946 1947 1746
f 2354 1306 1308
f 2140 2142 2141
f 1747 1946 1746
f 949 1112 2385
f 333 45 1242
f 941 949 948
f 330 334 332
f 2435 2518 1947
f 330 333 335
f 1219 43 1223
f 2126 2128 2129
f 1879 1880 2371
f 1682 1690 1692
f 2141 2520 2143
f 1509 2332 2128
f 2383 1112 2387
f 2373 1880 2132
f 1949 1953 1951
f 39 42 45
f 2354 1952 1306
f 1892 1896 1895
f 2354 1308 2358
f 1508 2101 2334
f 1219 1223 1224
f 2127 2129 1470
f 941 948 947
f 2352 1684 1686
f 334 929 332
f 2760 2066 2561
f 2435 2358 2518
f 2386 2387 1951
f 1895 1896 2369
f 1949 1952 1953
f 1222 1224 944
f 2262 1899 1901
f 2383 2385 1112
f 2142 1105 1254
f 37 42 39
f 2727 2561 2728
f 333 1242 335
f 2520 2524 2718
f 2067 2759 2101
f 2132 2133 2717
f 1222 944 947
f 2760 2067 2066
f 2261 2262 1901
f 949 2385 948
f 37 43 41
f 1508 2334 2332
f 1231 1242 45
f 1680 1686 1684
f 1953 2386 1951
f 330 335 334
f 2383 2387 2386
f 2479 2728 2463
f 1946 1948 1947
f 1747 1470 1468
f 2069 1882 1879
f 1747 1468 1946
f 2759 2334 2101
f 2760 2561 2727
f 2435 1947 1948
f 41 43 1219
f 1231 45 42
f 2463 2369 2478
f 929 930 1215
f 1892 1899 1898
f 1219 1224 1222
f 2373 2371 1880
f 2717 2133 2524
f 2354 2355 1952
f 1680 1685 1682
f 2129 2128 1843
f 2758 2759 2067
f 930 1254 1215
f 2355 1953 1952
f 2479 2727 2728
f 2128 2332 1843
f 2758 2067 2760
f 2354 2358 2357
f 37 40 42
f 1892 1897 1896
f 2262 1898 1899
f 2519 2141 2142
f 2129 1469 1470
f 2383 1987 2385
f 2435 2357 2358
f 1896 2477 2369
f 948 1985 947
f 1987 948 2385
f 2479 2463 2478
f 37 41 40
f 1985 1222 947
f 1228 335 1242
f 2069 1879 2371
f 925 929 334
f 2519 2520 2141
f 1953 2388 2386
f 1892 1898 1897
f 1228 1242 1231
f 1467 1468 1470
f 2261 2263 2262
f 2478 2369 2477
f 2383 2386 2384
f 334 335 951
f 2068 2070 1882
f 2760 2727 2726
f 1946 1468 1464
f 1946 1464 1948
f 2261 2264 2263
f 1467 1470 1469
f 2354 2356 2355
f 2331 2332 2334
f 1221 1219 1222
f 2333 2334 2759
f 2373 2132 2374
f 2479 2726 2727
f 925 930 929
f 2354 2357 2356
f 1896 1897 2477
f 2040 2142 1254
f 2132 2717 2374
f 2433 2435 1948
f 2129 1843 1844
f 41 1219 1218
f 2383 2384 1987
f 2333 2759 2758
f 2352 2070 2071
f 2129 1844 1469
f 1840 1843 2332
f 1227 1231 42
f 1228 951 335
f 2355 2361 1953
f 2433 2357 2435
f 2262 2266 1898
f 2384 2386 2388
f 1230 42 40
f 2541 1222 1985
f 1982 948 1987
f 2523 2524 2520
f 1982 1985 948
f 1682 1685 1690
f 1953 2361 2388
f 2758 2760 2721
f 2068 1882 2069
f 2263 2266 2262
f 2331 1840 2332
f 1221 1222 2541
f 2331 2334 2333
f 41 1220 40
f 924 925 334
f 1218 1219 1221
f 1227 1228 1231
f 2040 2519 2142
f 2760 2726 2397
f 1690 1398 1692
f 1898 2303 1897
f 927 334 951
f 2396 2479 2478
f 1227 42 1230
f 2717 2524 2525
f 1254 930 2038
f 925 928 930
f 2263 2264 2238
f 1461 1468 1467
f 2333 2758 2721
f 2395 2726 2479
f 2475 2478 2477
f 924 334 927
f 2352 2071 1684
f 41 1218 1220
f 2434 1948 1464
f 1461 1464 1468
f 2356 2357 2359
f 2760 2397 2721
f 2356 2360 2355
f 2433 1948 2434
f 1230 40 1220
f 1467 1469 1466
f 1898 2266 2304
f 1897 2476 2477
f 1839 1844 1843
f 1839 1843 1840
f 1898 2304 2303
f 1987 2384 1981
f 2541 1985 1986
f 926 930 928
f 2355 2360 2361
f 2523 2525 2524
f 1466 1469 1844
f 926 928 925
f 2384 2388 2389
f 1228 950 951
f 2396 2395 2479
f 1982 1986 1985
f 2519 2521 2520
f 1982 1987 1981
f 2433 2436 2357
f 2475 2396 2478
f 2040 1254 2038
f 2361 2389 2388
f 2370 2371 2373
f 2395 2397 2726
f 1897 2303 2480
f 1221 2541 1630
f 2475 2477 2476
f 2331 2333 1608
f 2359 2357 2436
f 2356 2359 2360
f 923 925 924
f 2068 2071 2070
f 2523 2520 2521
f 2263 2267 2266
f 1461 1467 1466
f 1227 1229 1228
f 1218 1221 1369
f 927 951 950
f 1227 1230 1232
f 2069 2371 2372
f 2735 930 926
f 1897 2480 2476
f 923 926 925
f 2263 2238 2236
f 2331 1609 1840
f 2333 2721 1607
f 2541 1986 1630
f 2370 2373 2374
f 2434 1464 1465
f 2735 2038 930
f 2085 1402 2086
f 924 927 923
f 2304 2480 2303
f 1461 1465 1464
f 1230 1220 1235
f 2304 2266 2267
f 1229 950 1228
f 1221 1630 1369
f 1218 1370 1220
f 2433 2434 2437
f 1839 1842 1844
f 1466 1844 1842
f 1232 1230 1235
f 2384 2175 1981
f 1839 1840 1609
f 2384 2389 2175
f 2333 1607 1608
f 1610 2721 2397
f 2374 2717 2729
f 2263 2236 2267
f 2433 2437 2436
f 2771 2361 2360
f 2331 1608 1609
f 2771 2389 2361
f 1680 1684 1683
f 2717 2525 2729
f 1979 1982 1981
f 2049 2397 2395
f 1982 1984 1986
f 2040 2042 2519
f 1218 1369 1370
f 1227 1232 1234
f 2394 2395 2396
f 1227 1233 1229
f 2475 2340 2396
f 2234 2236 2238
f 2475 2476 2341
f 2370 2372 2371
f 2359 2667 2360
f 1610 1607 2721
f 2359 2436 2667
f 1227 1234 1233
f 2273 2480 2304
f 2735 926 2736
f 1680 1683 1685
f 923 2736 926
f 2259 1235 1220
f 1461 1466 1463
f 1979 1984 1982
f 2519 2042 2521
f 1395 1400 1399
f 1629 1630 1986
f 2677 2434 1465
f 2273 2304 2267
f 2049 1610 2397
f 2523 2526 2525
f 2272 2476 2480
f 1370 2259 1220
f 1232 1235 1234
f 2677 2437 2434
f 1944 927 950
f 1461 1462 1465
f 2394 2049 2395
f 2475 2341 2340
f 2394 2396 2340
f 2068 2069 2072
f 1368 1369 1630
f 1400 1402 1399
f 923 927 1944
f 1839 1841 1842
f 1839 1609 1841
f 1984 1629 1986
f 2341 2476 2272
f 2150 1466 1842
f 1416 1608 1607
f 1980 1981 2175
f 1979 1981 1980
f 2523 2521 2526
f 1229 1943 950
f 1416 1609 1608
f 1461 1463 1462
f 1368 1630 1629
f 2175 2389 2177
f 2069 2372 2072
f 2177 2389 2771
f 2034 2040 2038
f 2771 2360 2668
f 2735 2037 2038
f 2437 2684 2436
f 2271 2480 2273
f 2237 2267 2236
f 2258 1229 1233
f 2667 2668 2360
f 2150 1463 1466
f 1366 1370 1369
f 2370 2374 2377
f 2271 2272 2480
f 2684 2667 2436
f 1410 2236 2234
f 2525 2526 2729
f 1366 1369 1368
f 1415 1607 1610
f 1234 2258 1233
f 1604 1610 2049
f 2273 2267 2274
f 2374 2729 2377
f 1234 1235 2257
f 2735 2736 2037
f 1944 950 1943
f 2677 1465 2679
f 2257 1235 2259
f 1841 2154 1842
f 1979 1983 1984
f 2679 1465 1462
f 2677 2678 2437
f 2394 1600 2049
f 2653 2736 923
f 2258 1943 1229
f 1945 2340 2341
f 2150 1842 2154
f 1416 1607 1415
f 2035 2042 2040
f 2068 2073 2071
f 2394 2340 1603
f 1684 2071 2024
f 2237 2274 2267
f 1371 2259 1370
f 1979 1980 1983
f 1945 2341 2272
f 2200 1841 1609
f 1416 1417 1609
f 1410 2237 2236
f 1984 1627 1629
f 2653 923 1944
f 1415 1610 1604
f 1980 2175 2174
f 1604 2049 1600
f 2437 2678 2684
f 2034 2038 2037
f 2177 2771 2754
f 2268 2271 2273
f 2174 2175 2177
f 1367 1368 1629
f 1366 1371 1370
f 2771 2668 2754
f 2151 1462 1463
f 1234 2256 2258
f 2200 1609 1417
f 2394 1603 1600
f 2677 2679 2678
f 2034 2035 2040
f 2684 2669 2667
f 1984 1983 1627
f 2667 2669 2668
f 2268 2273 2274
f 1945 1603 2340
f 1234 2257 2256
f 2042 2043 2521
f 2370 2375 2372
f 1525 2272 2271
f 2203 2154 1841
f 1366 1368 1367
f 2257 2259 1371
f 2148 1463 2150
f 2653 2037 2736
f 2068 2072 2073
f 2151 2679 1462
f 2200 2203 1841
f 1367 1629 1627
f 1525 1945 2272
f 2309 2526 2521
f 1412 1416 1415
f 2150 2154 2149
f 1412 1417 1416
f 1684 2024 1683
f 1525 2271 2268
f 1980 2173 1983
f 2237 2655 2274
f 2148 2151 1463
f 2281 1690 1685
f 2258 1938 1943
f 1422 1415 1604
f 1422 1604 1600
f 1933 1944 1943
f 2375 2072 2372
f 1980 2174 2173
f 1410 1411 2237
f 2753 2177 2754
f 2149 2154 2203
f 2370 2377 2376
f 2233 1408 1410
f 2035 2043 2042
f 2148 2150 2149
f 2310 2729 2526
f 2268 2274 2270
f 2684 2678 2685
f 1599 1600 1603
f 1366 1372 1371
f 2174 2177 2176
f 1366 1367 1372
f 2237 1411 2655
f 2754 2668 2111
f 1418 2200 1417
f 2678 2679 2742
f 2684 2113 2669
f 1602 1603 1945
f 2108 2668 2669
f 2257 2260 2256
f 2256 1937 2258
f 1654 1627 1983
f 2043 2309 2521
f 2499 2377 2729
f 2270 2274 2655
f 1942 2653 1944
f 1933 1943 1938
f 2176 2177 2753
f 2151 2741 2679
f 1412 1418 1417
f 1599 1422 1600
f 2199 2203 2200
f 1412 1415 1414
f 2370 2376 2375
f 2257 1371 2095
f 1526 1945 1525
f 1409 1411 1410
f 2258 1937 1938
f 1414 1415 1422
f 2173 1654 1983
f 1524 1525 2268
f 1409 1410 1408
f 1367 1627 1626
f 2753 2754 2111
f 2684 2685 2113
f 1933 1942 1944
f 1599 1603 1602
f 2281 1685 1683
f 2108 2111 2668
f 2199 2149 2203
f 2653 2746 2037
f 1524 2268 2270
f 2678 2742 2685
f 2034 2037 2039
f 2148 2152 2151
f 2282 1398 1690
f 2073 2023 2071
f 1418 2199 2200
f 1526 1602 1945
f 2679 2741 2742
f 2108 2669 2113
f 2256 2260 1937
f 2257 2095 2260
f 2309 2310 2526
f 2174 2178 2173
f 1626 1627 1654
f 1371 1372 2305
f 2024 2071 2023
f 2174 2176 2178
f 2148 2149 2153
f 2310 2499 2729
f 2676 2655 1411
f 2152 2741 2151
f 2270 2655 2676
f 2034 2036 2035
f 1367 1628 1372
f 1412 1413 1418
f 1522 1525 1524
f 1371 2305 2095
f 2376 2377 2499
f 1522 1526 1525
f 1412 1414 1413
f 1395 1398 1401
f 1599 1423 1422
f 2073 2072 2075
f 1367 1626 1628
f 1409 1407 1411
f 1942 2652 2653
f 1405 1408 2235
f 2176 2753 2188
f 2148 2153 2152
f 1403 1409 1408
f 1414 1422 1423
f 2188 2753 2111
f 2039 2037 2746
f 1524 2270 2269
f 2199 2204 2149
f 1932 1933 1938
f 1599 1602 1601
f 2653 2652 2746
f 2035 2041 2043
f 1407 2676 1411
f 1932 1938 1937
f 2173 1657 1654
f 1418 1419 2199
f 2375 2413 2072
f 2269 2270 2676
f 1526 1529 1602
f 2149 2204 2153
f 2112 2113 2685
f 2034 2039 2036
f 2742 2589 2685
f 1403 1408 1405
f 2107 2108 2113
f 1937 2260 2096
f 1403 1407 1409
f 2105 2111 2108
f 1413 1419 1418
f 2173 2178 1657
f 2588 2742 2741
f 2095 2096 2260
f 2305 1372 2306
f 1599 1601 1423
f 1522 1524 1523
f 1626 1654 1653
f 1522 1527 1526
f 1413 1414 1421
f 2186 2178 2176
f 2306 1372 1628
f 1602 1529 1601
f 1524 2269 1523
f 2152 2740 2741
f 2186 2176 2188
f 1414 1423 1421
f 1934 1942 1933
f 2043 1348 2309
f 2035 2036 2041
f 1527 1529 1526
f 2072 2413 2075
f 2112 2685 2589
f 2107 2113 2112
f 2188 2111 2110
f 2199 2202 2204
f 2105 2108 2107
f 2588 2589 2742
f 1419 2202 2199
f 2153 2730 2152
f 2305 2100 2095
f 1653 1654 1657
f 1407 1497 2676
f 1626 1652 1628
f 1939 2652 1942
f 2588 2741 2740
f 2375 2376 2497
f 1932 1934 1933
f 2105 2110 2111
f 2281 2282 1690
f 1403 1405 1404
f 1498 2269 2676
f 2204 2642 2153
f 1403 1406 1407
f 1932 1937 1936
f 1936 1937 2096
f 2020 1683 2024
f 2073 2075 2074
f 1522 1523 1528
f 1626 1653 1652
f 1413 1420 1419
f 2152 2730 2740
f 2305 2306 2100
f 2073 2074 2023
f 1522 1528 1527
f 2043 2041 1348
f 1343 2310 2309
f 1413 1421 1420
f 2688 1601 1529
f 2094 2096 2095
f 1523 2269 2763
f 1423 1601 1606
f 1498 2676 1497
f 2651 2746 2652
f 1934 1939 1942
f 2153 2642 2730
f 1657 2178 2189
f 2496 2376 2499
f 1404 1405 1912
f 2186 2189 2178
f 1406 1497 1407
f 1403 1404 1406
f 2306 1628 2472
f 1527 1530 1529
f 2094 2095 2100
f 1419 2201 2202
f 1344 2499 2310
f 2375 2497 2413
f 1423 1605 1421
f 2186 2188 2187
f 1498 2763 2269
f 2188 2110 2187
f 1652 2472 1628
f 1523 2763 1528
f 2688 1606 1601
f 2039 2746 2747
f 1419 1420 2201
f 2202 2632 2204
f 1939 2651 2652
f 2107 2112 2114
f 1972 2112 2589
f 2688 1529 1530
f 2105 2107 2106
f 2204 2632 2642
f 1527 1528 1530
f 2588 2740 2587
f 1969 2589 2588
f 1423 1606 1605
f 1343 2309 1348
f 2036 2039 2707
f 1653 1657 1656
f 2105 2109 2110
f 1605 1420 1421
f 1653 1655 1652
f 2202 2201 2631
f 1936 2096 2099
f 2306 2473 2100
f 1404 1912 1911
f 2496 2497 2376
f 2094 2099 2096
f 1404 1911 1406
f 2740 2730 2743
f 2651 2747 2746
f 2019 2024 2023
f 1972 2114 2112
f 1447 1498 1497
f 2107 2114 2106
f 2202 2631 2632
f 1447 1497 1406
f 2105 2106 2109
f 1969 2588 2587
f 1969 1972 2589
f 2306 2472 2473
f 2755 2730 2642
f 1657 2189 2414
f 1932 1935 1934
f 1528 2763 1678
f 1932 1936 1935
f 2201 1420 2633
f 2281 1683 2026
f 2618 1606 2688
f 1343 1344 2310
f 2186 2159 2189
f 1653 1656 1655
f 2618 2688 1530
f 2036 2708 2041
f 2186 2187 2159
f 2587 2740 2743
f 2496 2499 1344
f 1498 1499 2763
f 1657 2414 1656
f 1934 1940 1939
f 2715 2187 2110
f 1675 1530 1528
f 1912 1913 1914
f 2201 2633 2631
f 2632 2755 2642
f 1652 2471 2472
f 2412 2075 2413
f 2039 2747 2707
f 2715 2110 2109
f 2094 2100 2098
f 1912 1914 1911
f 1939 1940 2651
f 2673 1420 1605
f 1652 1655 2471
f 1348 2041 1347
f 2412 2074 2075
f 2743 2730 2755
f 1675 1528 1678
f 1606 2689 1605
f 1911 1446 1406
f 1447 1499 1498
f 2763 1499 1678
f 2633 1420 2673
f 2100 2473 2098
f 2019 2020 2024
f 1447 1406 1446
f 2631 2634 2632
f 2618 2689 1606
f 2020 2026 1683
f 1676 2618 1530
f 1395 1401 1400
f 2282 1401 1398
f 2036 2707 2708
f 2631 2633 2634
f 1675 1676 1530
f 2094 2097 2099
f 1969 2587 2348
f 1972 1973 2114
f 2362 1936 2099
f 2106 2114 2116
f 2106 2115 2109
f 1967 1972 1969
f 2587 2743 2348
f 2470 2473 2472
f 2023 2074 2025
f 2159 2187 2158
f 2623 1655 1656
f 2715 2158 2187
f 1347 2041 2708
f 2094 2098 2097
f 2641 2755 2632
f 2673 1605 2058
f 2189 1808 2414
f 2322 1911 1914
f 1605 2689 2058
f 2470 2472 2471
f 2159 1808 2189
f 1934 1941 1940
f 2715 2109 2115
f 2362 1935 1936
f 2634 2641 2632
f 1934 1935 1941
f 2322 1446 1911
f 2623 2471 1655
f 2651 2318 2747
f 1675 1678 1679
f 2497 2411 2413
f 2054 2633 2673
f 1679 1678 1499
f 2054 2634 2633
f 1940 2318 2651
f 1967 1973 1972
f 2116 2114 1973
f 1676 2562 2618
f 2618 2562 2689
f 1447 1443 1499
f 1656 2414 2722
f 2743 2755 2774
f 2106 2116 2115
f 1968 1969 2348
f 2362 2099 2097
f 2496 2498 2497
f 1967 1969 1968
f 1436 1447 1446
f 1345 1343 1348
f 2614 1914 2617
f 1675 1677 1676
f 2474 2098 2473
f 2322 1914 2614
f 2623 1656 2722
f 2053 2673 2058
f 2743 2775 2348
f 2752 2707 2747
f 2412 2413 2411
f 2053 2054 2673
f 1436 1443 1447
f 2019 2023 2025
f 1345 1348 1347
f 1675 1679 1677
f 2470 2474 2473
f 2641 2574 2755
f 2412 2025 2074
f 2715 2157 2158
f 2414 1808 2722
f 2743 2774 2775
f 1677 2562 1676
f 2715 2115 2157
f 2634 2055 2641
f 2054 2055 2634
f 1807 2159 2158
f 2057 2058 2689
f 1444 1679 1499
f 1438 1446 2322
f 2755 2574 2774
f 1444 1499 1443
f 2562 2057 2689
f 2496 1344 1346
f 2285 2471 2623
f 1807 1808 2159
f 2470 2471 2285
f 2097 2098 2301
f 1967 1970 1973
f 2614 2617 2616
f 1436 1446 1438
f 2052 2053 2058
f 2116 1973 2635
f 1342 1344 1343
f 2745 2708 2707
f 2497 2498 2411
f 1968 2348 2347
f 1935 2517 1941
f 2318 2319 2747
f 2362 2363 1935
f 2474 2301 2098
f 1967 1968 1971
f 2115 2116 2295
f 2322 2614 2321
f 2050 2054 2053
f 2317 1940 1941
f 2052 2058 2057
f 2317 2318 1940
f 1350 1347 2708
f 2362 2097 2298
f 2050 2055 2054
f 2348 2775 2347
f 2752 2747 2319
f 1438 2322 2321
f 2573 2641 2055
f 1677 2563 2562
f 1970 2635 1973
f 1437 1443 1436
f 2573 2574 2641
f 1967 1971 1970
f 2155 2158 2157
f 2745 2707 2752
f 1827 1677 1679
f 2496 1346 2498
f 2562 2563 2057
f 2155 1807 2158
f 2050 2053 2052
f 2623 2722 2287
f 1437 1444 1443
f 1827 1679 1444
f 1935 2363 2517
f 2298 2097 2301
f 2116 2635 2295
f 2296 2157 2115
f 2575 2775 2774
f 2614 2616 2615
f 2575 2774 2574
f 2722 1808 1810
f 2285 2623 2287
f 1968 2347 1971
f 1345 1347 1350
f 2321 2614 2615
f 2280 2282 2281
f 1435 1436 1438
f 2470 2286 2474
f 2296 2115 2295
f 1342 1343 1345
f 2051 2052 2057
f 2470 2285 2286
f 1677 2212 2563
f 2050 1354 2055
f 2050 2052 2051
f 1435 1437 1436
f 2573 2055 1354
f 1827 2212 1677
f 1805 1808 1807
f 1438 2321 1441
f 2362 2298 2364
f 2019 2021 2020
f 2362 2364 2363
f 2349 2635 1970
f 1971 2349 1970
f 2057 2563 2056
f 2776 2347 2775
f 1342 1346 1344
f 2571 2574 2573
f 2280 2281 2026
f 2645 2615 2616
f 2320 1941 2517
f 2575 2776 2775
f 2155 2157 2156
f 2051 2057 2056
f 2474 2300 2301
f 1437 1445 1444
f 2317 1941 2320
f 1435 1438 1441
f 2571 2575 2574
f 2287 2722 1812
f 2744 1350 2708
f 1827 1444 1445
f 2722 1810 1812
f 1805 1810 1808
f 2744 2708 2745
f 2155 1809 1807
f 2315 2318 2317
f 2302 2412 2411
f 2315 2319 2318
f 2156 2157 2296
f 2021 2026 2020
f 2302 2025 2412
f 1286 2295 2635
f 2050 2051 1352
f 2321 2615 2446
f 2050 1352 1354
f 1971 2347 2351
f 1971 2350 2349
f 2573 1354 1355
f 2286 2300 2474
f 1825 2563 2212
f 2297 2298 2301
f 2321 2446 1441
f 2752 2319 1838
f 2571 2573 1355
f 2568 2635 2349
f 1435 1439 1437
f 2284 2285 2287
f 1827 1826 2212
f 2745 2752 1838
f 1825 2056 2563
f 1287 2296 2295
f 1805 1807 1809
f 1437 1439 1445
f 2363 2516 2517
f 2155 2156 1809
f 2284 2286 2285
f 2645 2720 2615
f 1971 2351 2350
f 2776 2770 2347
f 2568 1286 2635
f 2297 2301 2300
f 2051 2056 1353
f 1824 1827 1445
f 1287 2295 1286
f 1435 1441 1442
f 2571 2572 2575
f 1825 2212 1826
f 1824 1826 1827
f 2411 2498 2328
f 2298 2299 2364
f 2720 2446 2615
f 2019 2025 2022
f 2320 2517 2516
f 2575 2576 2776
f 2051 1353 1352
f 2351 2347 2770
f 1351 1355 1354
f 1351 1354 1352
f 1345 1350 1349
f 2350 2507 2349
f 1346 2328 2498
f 2364 2455 2363
f 2446 1442 1441
f 1353 2056 1825
f 1811 2287 1812
f 2646 2720 2645
f 2568 2349 2507
f 1435 1440 1439
f 2297 2299 2298
f 2571 1355 1356
f 1285 2156 2296
f 1806 1812 1810
f 2572 2576 2575
f 1805 1806 1810
f 2315 1837 2319
f 1435 1442 1440
f 1287 1285 2296
f 2284 2287 1811
f 2350 2351 2507
f 2316 2317 2320
f 1445 1439 1828
f 2776 2576 2770
f 1837 1838 2319
f 2571 1356 2572
f 2455 2516 2363
f 2315 2317 2316
f 1824 1445 1823
f 1351 1356 1355
f 2744 1349 1350
f 1288 1286 2568
f 1822 1825 1826
f 2286 2288 2300
f 1809 2156 2160

