# https://github.com/mikedh/trimesh
v -0.09877415 -0.35238982 -0.50472237
v -0.11023059 -0.34654369 -0.50865578
v -0.11197048 -0.35312384 -0.49922508
v -0.10119093 -0.36098154 -0.49189973
v -0.08474622 -0.34854440 -0.51427886
v -0.10157907 -0.34279402 -0.51612358
v -0.08342869 -0.36174660 -0.49712097
v -0.61974558 -0.16215415 -0.31004640
v -0.62703333 -0.15072235 -0.29813725
v -0.61650978 -0.17567861 -0.30703560
v -0.62223960 -0.14992996 -0.31284810
v -0.62709167 -0.13675884 -0.30947680
v -0.14596143 -0.17846878 -0.63263425
v -0.13173508 -0.17851465 -0.63534435
v -0.13954147 -0.16695576 -0.63940492
v -0.13730736 -0.18981735 -0.62860218
v -0.15371388 -0.16619543 -0.63696968
v -0.16028618 -0.17763203 -0.63017963
v -0.15278751 -0.19118358 -0.62483698
v -0.14022627 -0.20197806 -0.62155810
v -0.12891169 -0.19866715 -0.62555039
v -0.12349048 -0.18971951 -0.63121702
v 0.10080314 -0.27881549 -0.61849102
v 0.11324370 -0.28685782 -0.61461128
v 0.11512176 -0.27604275 -0.62252838
v 0.10341588 -0.26766998 -0.62642592
v 0.08654207 -0.26902098 -0.62277838
v 0.08687984 -0.28325536 -0.61317278
v 0.09993174 -0.28973495 -0.61064291
v 0.16855680 -0.43062196 -0.43430999
v 0.16966353 -0.42424216 -0.44926467
v 0.15573318 -0.42636366 -0.44358223
v 0.16757423 -0.43644750 -0.41908732
v 0.18230648 -0.43455637 -0.42513082
v 0.18309165 -0.42839936 -0.44055863
v 0.15308892 -0.43272769 -0.42793427
v 0.14202572 -0.42770468 -0.43940355
v 0.15786703 -0.42098329 -0.45567754
v 0.14339067 -0.42090411 -0.45462740
v 0.18473460 -0.42123431 -0.45655498
v 0.16803688 -0.41678543 -0.46478426
v -0.25700693 -0.35594166 -0.43067519
v -0.24644471 -0.35569296 -0.43651786
v -0.25854958 -0.34998939 -0.44160671
v -0.26449266 -0.35887287 -0.42052242
v -0.24700132 -0.36297592 -0.42114398
v -0.26906364 -0.35194405 -0.43252667
v -0.25967037 -0.34158567 -0.45634328
v -0.27223596 -0.34496454 -0.44440212
v -0.24753643 -0.34954908 -0.44775016
v 0.12565433 -0.44321390 -0.39429330
v 0.13449463 -0.44002482 -0.40565622
v 0.12012679 -0.43881138 -0.40745570
v 0.14068642 -0.44458759 -0.39158066
v 0.11320309 -0.44178071 -0.39705908
v 0.11524914 -0.44566642 -0.38384720
v 0.13073528 -0.44740906 -0.38008615
v 0.12062477 -0.45001663 -0.36799831
v 0.13635987 -0.45134382 -0.36517859
v 0.14598005 -0.44878235 -0.37693580
v 0.32586812 -0.45281979 -0.36441879
v 0.31852891 -0.45515393 -0.34962231
v 0.33140438 -0.45464314 -0.35211640
v 0.34098951 -0.45304609 -0.36217745
v 0.33328672 -0.45086070 -0.37542700
v 0.31972501 -0.44987949 -0.38014463
v 0.31196728 -0.45275561 -0.36536802
v 0.33066011 -0.45635908 -0.33788539
v 0.34155004 -0.45533162 -0.34533376
v 0.31785201 -0.45739988 -0.33105083
v 0.30637474 -0.45657598 -0.34125941
v 0.30618794 -0.45475837 -0.35413310
v -0.30959162 -0.23865821 -0.55365215
v -0.29921642 -0.24630046 -0.55185813
v -0.29566268 -0.23718106 -0.55980744
v -0.30900756 -0.25052769 -0.54483372
v -0.32435872 -0.24254430 -0.54500615
v -0.32176409 -0.22910778 -0.55580342
v -0.30702788 -0.22495224 -0.56409781
v -0.28711593 -0.24765567 -0.55505374
v -0.29423318 -0.25655813 -0.54544703
v -0.29008737 -0.22632488 -0.56915726
v -0.28081356 -0.23803213 -0.56421736
v -0.46889077 -0.16942680 -0.51812460
v -0.47311603 -0.15827441 -0.52156496
v -0.47948256 -0.16512466 -0.51301160
v -0.45906254 -0.16576781 -0.52686656
v -0.47261070 -0.17847347 -0.50976883
v -0.45970752 -0.17820072 -0.51905995
v -0.51130390 -0.24357824 -0.42286691
v -0.50762577 -0.23775627 -0.43299619
v -0.51683725 -0.23374101 -0.42701952
v -0.52190794 -0.23715819 -0.41731275
v -0.51488823 -0.24926223 -0.41205950
v -0.50534570 -0.25323799 -0.41856095
v -0.49919516 -0.24974341 -0.42904192
v -0.52626491 -0.22473057 -0.42470503
v -0.51558774 -0.22521512 -0.43657942
v -0.50308407 -0.23194948 -0.44327111
v -0.49813941 -0.24184336 -0.43856607
v -0.30667338 -0.37043052 -0.36624325
v -0.31881566 -0.36948625 -0.36009729
v -0.30505349 -0.37483062 -0.35475387
v -0.29471000 -0.37448017 -0.36322750
v -0.29905959 -0.36894988 -0.37551308
v -0.31542648 -0.36382040 -0.37774803
v -0.31429123 -0.37476404 -0.34800363
v -0.29180774 -0.37971026 -0.34962834
v -0.30418370 -0.37929983 -0.34147318
v -0.33200034 -0.36236674 -0.37012695
v -0.33366251 -0.36719990 -0.35562737
v -0.32440487 -0.37216019 -0.34810164
v -0.15826092 -0.35001126 -0.48646890
v -0.16964123 -0.34562562 -0.48849101
v -0.16900564 -0.35237158 -0.47853026
v -0.15560441 -0.35755343 -0.47592838
v -0.14734230 -0.35460705 -0.48385821
v -0.14657701 -0.34723280 -0.49484403
v -0.16156194 -0.34154003 -0.49721513
v 0.33934062 -0.41121544 -0.48542177
v 0.34548759 -0.40543732 -0.49580382
v 0.33053855 -0.40664442 -0.49184637
v 0.32940496 -0.41380774 -0.47955110
v 0.34234441 -0.41755722 -0.47431980
v 0.34894368 -0.41211989 -0.48516633
v 0.35604517 -0.40186286 -0.50292564
v 0.34819377 -0.39809125 -0.50747876
v 0.33528079 -0.39871045 -0.50479238
v 0.35992643 -0.40890602 -0.49221561
v 0.31886833 -0.40031327 -0.50041705
v 0.31490802 -0.40992666 -0.48447469
v -0.38990046 -0.34245542 -0.37737675
v -0.37760381 -0.34217499 -0.38781269
v -0.39258348 -0.33515604 -0.39239934
v -0.40190602 -0.33677055 -0.38112758
v -0.37477346 -0.34891584 -0.37332793
v -0.40324987 -0.34146101 -0.36834124
v -0.38836181 -0.34937579 -0.36081318
v -0.17838476 -0.21758928 -0.60470738
v -0.18348195 -0.20306695 -0.61198543
v -0.19478558 -0.20759499 -0.60697819
v -0.17042175 -0.20506368 -0.61371417
v -0.16106554 -0.22504925 -0.60393247
v -0.16352560 -0.21458864 -0.60975811
v -0.19497410 -0.21904438 -0.60026071
v -0.18834987 -0.23125806 -0.59405057
v -0.17109698 -0.23332909 -0.59649195
v -0.17788442 -0.19136627 -0.61948287
v -0.19614076 -0.19260045 -0.61479541
v -0.20842654 -0.19973516 -0.60829271
v -0.20779228 -0.21206150 -0.60148574
v 0.36683085 -0.42841755 -0.45542127
v 0.37782435 -0.42682066 -0.46086000
v 0.36854809 -0.42237145 -0.46882142
v 0.35679164 -0.43022674 -0.44962367
v 0.36572938 -0.43356860 -0.44240077
v 0.35351210 -0.42434107 -0.46228199
v 0.37830028 -0.43191890 -0.44853788
v 0.38400353 -0.42145442 -0.47332876
v 0.39140294 -0.42893705 -0.45793167
v 0.02335722 -0.11893895 -0.68533349
v 0.01910378 -0.13224621 -0.67989498
v 0.03159692 -0.13470080 -0.68068105
v 0.01116315 -0.12532078 -0.68138599
v 0.04282346 -0.12237389 -0.68676856
v 0.01621169 -0.09922850 -0.69118144
v 0.00674623 -0.11358339 -0.68498537
v -0.07657807 -0.41088389 -0.40956586
v -0.06326643 -0.41856671 -0.39703526
v -0.06080177 -0.41344677 -0.41217874
v -0.08139973 -0.41624840 -0.39221676
v -0.09472126 -0.40951726 -0.40208172
v -0.08891230 -0.40554323 -0.41573628
v -0.06645384 -0.40706549 -0.42461094
v -0.07987951 -0.40470447 -0.42280882
v -0.26053693 -0.39545420 -0.32130964
v -0.27662594 -0.39013102 -0.32686545
v -0.27467080 -0.39555774 -0.30824777
v -0.25247954 -0.39277449 -0.33743479
v -0.26599042 -0.38999941 -0.33610121
v -0.24922597 -0.40108648 -0.31004693
v -0.24429416 -0.39845166 -0.32424923
v -0.26036810 -0.39941359 -0.30650070
v -0.24007349 -0.40621618 -0.29749689
v -0.23658126 -0.40333858 -0.31261520
v -0.21227931 -0.23542169 -0.58583801
v -0.20001761 -0.23657998 -0.58795334
v -0.20607086 -0.22553552 -0.59373863
v -0.22587036 -0.23320335 -0.58390214
v -0.21866561 -0.24418880 -0.57802183
v -0.21916292 -0.22663737 -0.58996861
v -0.20361709 -0.24585164 -0.58054435
v 0.43310023 -0.45109588 -0.30148302
v 0.43118595 -0.45119637 -0.32195674
v 0.41879892 -0.45275054 -0.30811775
v 0.44256629 -0.45001025 -0.30984483
v 0.35030161 -0.37030056 -0.54496344
v 0.33591958 -0.36369700 -0.55144083
v 0.33440147 -0.37347364 -0.53920230
v 0.34526226 -0.38014063 -0.53186967
v 0.35718162 -0.37881818 -0.53517666
v 0.32425696 -0.35695997 -0.55848519
v 0.32007943 -0.36740184 -0.54550214
v 0.11072309 -0.29686494 -0.60682089
v 0.09950231 -0.29813019 -0.60431611
v 0.10609080 -0.30556468 -0.59929811
v 0.12494029 -0.29523233 -0.60983149
v 0.12028976 -0.30533217 -0.60129256
v -0.49539846 -0.26077947 -0.42030315
v -0.50419012 -0.26214872 -0.40865261
v -0.49027863 -0.27074406 -0.41307607
v -0.48523529 -0.26785059 -0.42217889
v -0.48638469 -0.26007433 -0.43021532
v -0.48215190 -0.28130769 -0.40704017
v -0.47783938 -0.27658821 -0.41810918
v -0.49530033 -0.27486420 -0.40179378
v -0.04815864 -0.18139212 -0.64846729
v -0.05692864 -0.16683885 -0.65389488
v -0.06447867 -0.17729574 -0.64771884
v -0.06208748 -0.19074469 -0.64140860
v -0.04291370 -0.17031654 -0.65463023
v -0.04510918 -0.19617730 -0.64161818
v -0.03276806 -0.17761283 -0.65289390
v -0.03244697 -0.19013292 -0.64687328
v -0.33142965 -0.31193347 -0.47030074
v -0.32074532 -0.32104413 -0.46206753
v -0.31305742 -0.31738422 -0.47115272
v -0.33207581 -0.32167538 -0.45536229
v -0.31745337 -0.30954103 -0.48018693
v -0.32924543 -0.30098975 -0.48591089
v -0.34190656 -0.30268034 -0.47808695
v -0.34827274 -0.31438573 -0.45828927
v -0.34715016 -0.30681484 -0.47004490
v -0.20368737 -0.15310136 -0.63184572
v -0.19108488 -0.14905429 -0.63656345
v -0.20266571 -0.13965153 -0.63763561
v -0.19209750 -0.16168224 -0.63080267
v -0.21610663 -0.14521189 -0.63208086
v -0.21499149 -0.15680035 -0.62748169
v -0.20470642 -0.16587676 -0.62591112
v -0.21929281 -0.16735760 -0.62166443
v -0.23075591 -0.15210489 -0.62541946
v -0.45873382 -0.33217013 -0.33494276
v -0.46694977 -0.32450282 -0.34429118
v -0.47380009 -0.32546568 -0.33334452
v -0.44548782 -0.33899028 -0.33215190
v -0.44872534 -0.33460066 -0.34058750
v -0.46812432 -0.33312420 -0.31996554
v -0.45442416 -0.33825079 -0.32336639
v -0.45319098 -0.32882367 -0.34978687
v -0.48103357 -0.31658567 -0.34502571
v -0.48510090 -0.31984157 -0.33253351
v -0.48242036 -0.32521698 -0.32232178
v 0.15819537 -0.44601934 -0.38835098
v 0.14938415 -0.44122399 -0.40359111
v 0.14328322 -0.43663700 -0.41664171
v 0.15551739 -0.43783116 -0.41440611
v 0.16448600 -0.44137922 -0.40443391
v 0.28790015 -0.40815746 -0.48521430
v 0.28270035 -0.40197538 -0.49516937
v 0.27520941 -0.40830753 -0.48429194
v 0.28313697 -0.41536094 -0.47200918
v 0.29856536 -0.41192406 -0.47945064
v 0.29999735 -0.40278453 -0.49483101
v 0.27273099 -0.39497580 -0.50560395
v 0.27027007 -0.40254367 -0.49375657
v 0.29000439 -0.39458687 -0.50693622
v 0.21893615 -0.36939496 -0.54024159
v 0.20906311 -0.37558739 -0.53199671
v 0.22199241 -0.37695409 -0.53033960
v 0.23239279 -0.37281733 -0.53595293
v 0.23017539 -0.36442483 -0.54671205
v 0.21751686 -0.36011230 -0.55180096
v 0.20249249 -0.36558309 -0.54480325
v 0.19431425 -0.37443964 -0.53340732
v 0.20055836 -0.38253950 -0.52238010
v 0.21599659 -0.38369176 -0.52088891
v -0.33727989 -0.20734856 -0.56374483
v -0.33590876 -0.19163404 -0.57337989
v -0.35031406 -0.19401930 -0.56638335
v -0.34477086 -0.21900472 -0.55341460
v -0.33215368 -0.22057792 -0.55754419
v -0.32197423 -0.21621848 -0.56425337
v -0.32260819 -0.20247279 -0.57230582
v -0.35433561 -0.20666842 -0.55723641
v -0.33194808 -0.35603506 -0.38630919
v -0.31640959 -0.35578322 -0.39706930
v -0.33499291 -0.34769333 -0.40393083
v -0.34608506 -0.35567110 -0.37759048
v -0.34588053 -0.35018464 -0.39122897
v -0.34534460 -0.33869058 -0.41701202
v -0.35474283 -0.34269128 -0.40256082
v -0.31908387 -0.34819091 -0.41278730
v -0.33039224 -0.34137217 -0.42049792
v -0.30756802 -0.35306639 -0.40897777
v -0.30209499 -0.35798272 -0.40103388
v -0.30201856 -0.36295759 -0.38895971
v 0.23853250 -0.46262867 -0.30072750
v 0.24182665 -0.46066524 -0.31820531
v 0.22644601 -0.46157403 -0.31213717
v 0.25167976 -0.46214165 -0.30302426
v 0.25531267 -0.46090715 -0.31484924
v 0.25382424 -0.45921404 -0.32856840
v 0.24108170 -0.45793996 -0.33789951
v 0.22726561 -0.45913073 -0.33047348
v 0.21373816 -0.46256178 -0.30486314
v 0.21174454 -0.46017101 -0.32382089
v -0.00658174 -0.11235366 -0.68359086
v -0.01876799 -0.10321426 -0.68507388
v -0.01708455 -0.11908660 -0.67966079
v -0.00230800 -0.12553945 -0.67938754
v -0.00223905 -0.10045333 -0.68829963
v -0.55107660 -0.20700765 -0.40972621
v -0.55715268 -0.20911409 -0.39877120
v -0.54608091 -0.21926570 -0.40432652
v -0.53985338 -0.21252489 -0.41935652
v -0.55993302 -0.19708193 -0.40615066
v -0.55155698 -0.19610739 -0.41888643
v 0.20642484 -0.33527838 -0.57986911
v 0.19547643 -0.33753973 -0.57718402
v 0.20588716 -0.34365890 -0.57074851
v 0.21816024 -0.33825640 -0.57688134
v 0.21367703 -0.32751756 -0.58801939
v 0.19864433 -0.32878513 -0.58629063
v 0.18621758 -0.33136334 -0.58323729
v 0.20254368 -0.31978802 -0.59525753
v 0.18745619 -0.32065339 -0.59366752
v 0.15262560 -0.41580805 -0.46589926
v 0.14744273 -0.40946140 -0.47756653
v 0.13996770 -0.41425716 -0.46789807
v 0.15916366 -0.41154413 -0.47452855
v 0.05323358 -0.45872417 -0.30092633
v 0.04244904 -0.45574610 -0.31457395
v 0.03708947 -0.45753374 -0.29959149
v 0.06514686 -0.45832574 -0.30997912
v 0.05429468 -0.45663538 -0.31562299
v 0.01982230 -0.45613667 -0.29751600
v 0.02712940 -0.45428836 -0.31429403
v 0.03430296 -0.45245236 -0.32881726
v 0.04896160 -0.45402449 -0.32788412
v 0.26588146 -0.41413951 -0.47343147
v 0.26144889 -0.40709539 -0.48583960
v 0.25437474 -0.41892419 -0.46394127
v 0.26974101 -0.42228887 -0.45762736
v 0.25159359 -0.41221338 -0.47652206
v 0.11922472 -0.36531208 -0.54156553
v 0.11541785 -0.37308510 -0.53129323
v 0.12871381 -0.37268905 -0.53309640
v 0.13255430 -0.36466768 -0.54357213
v 0.12292099 -0.35674018 -0.55204721
v 0.10821398 -0.36631714 -0.53911659
v 0.10810646 -0.35769393 -0.54933185
v 0.11305207 -0.34825270 -0.56035501
v 0.10121759 -0.34918904 -0.55794644
v 0.09397649 -0.35482371 -0.55068250
v 0.09898732 -0.36283122 -0.54211924
v -0.09633330 -0.41521827 -0.38528023
v -0.11059457 -0.40521206 -0.40339895
v -0.10652555 -0.41048695 -0.39194692
v -0.10232359 -0.40184336 -0.41670629
v -0.31967859 -0.25612458 -0.53608473
v -0.30601568 -0.26170360 -0.53669195
v -0.00587359 -0.35991092 -0.52451392
v -0.01733593 -0.36304855 -0.51743235
v -0.00463722 -0.36877122 -0.51365364
v -0.00683882 -0.35048003 -0.53524716
v -0.01855101 -0.35372469 -0.52841916
v 0.00595360 -0.35703762 -0.53097594
v 0.00606511 -0.36566723 -0.52060900
v 0.01906759 -0.36450502 -0.52517365
v 0.01807607 -0.35359133 -0.53783554
v 0.00506698 -0.34710610 -0.54193348
v -0.56769992 -0.26099726 -0.31305477
v -0.57410694 -0.25642580 -0.30707157
v -0.56459844 -0.26916091 -0.30419167
v -0.56066129 -0.26571965 -0.31879257
v -0.57045938 -0.25211504 -0.32134373
v -0.58177704 -0.24487618 -0.30869159
v -0.66559156 -0.06404230 -0.31853760
v -0.66201822 -0.07220015 -0.31042822
v -0.58999297 -0.23172684 -0.30945209
v -0.58140723 -0.23861663 -0.31904446
v -0.58768864 -0.22601884 -0.32303423
v -0.59653770 -0.21862533 -0.31208094
v -0.31521832 -0.26566783 -0.52961908
v -0.31688683 -0.27367768 -0.52131843
v -0.30416166 -0.27191920 -0.52810711
v -0.32862589 -0.26339349 -0.52610836
v 0.00500710 -0.17829224 -0.65861901
v 0.00164163 -0.16403022 -0.66444242
v -0.00893445 -0.17531703 -0.65777422
v -0.00246900 -0.19040363 -0.65171676
v 0.01601668 -0.18887181 -0.65544828
v 0.01829538 -0.17234695 -0.66335675
v 0.19042406 -0.34650051 -0.56723192
v 0.17824061 -0.34266697 -0.57114454
v 0.17595428 -0.35023709 -0.56260778
v 0.18517475 -0.33883481 -0.57552446
v 0.20416312 -0.35395956 -0.55890454
v 0.18821885 -0.35747542 -0.55447518
v 0.22052199 -0.34951273 -0.56436394
v -0.12912885 -0.06518450 -0.67976981
v -0.13899841 -0.07424696 -0.67499226
v -0.12459194 -0.07977776 -0.67606692
v -0.11610004 -0.07045445 -0.68064495
v -0.12055519 -0.09628593 -0.67132103
v -0.10751573 -0.08394843 -0.67786857
v -0.13631596 -0.08811864 -0.67102486
v 0.22844616 -0.45618387 -0.34864683
v 0.21635733 -0.45395565 -0.35995642
v 0.21455860 -0.45722068 -0.34253445
v 0.22965395 -0.45292817 -0.36542048
v 0.24170577 -0.45480224 -0.35604268
v 0.12757388 -0.28413419 -0.61845237
v 0.13541471 -0.30470228 -0.60346156
v 0.14145965 -0.29297191 -0.61345964
v 0.25585386 -0.29753035 -0.61794595
v 0.24477568 -0.29511726 -0.61959807
v 0.23724764 -0.28851542 -0.62469134
v 0.29031672 -0.32078634 -0.59709717
v 0.28125595 -0.31579499 -0.60185545
v 0.27690143 -0.32265710 -0.59470927
v 0.28734393 -0.33079788 -0.58644771
v 0.27148463 -0.31536536 -0.60191151
v -0.21655054 -0.13120852 -0.63748109
v -0.23309602 -0.12422197 -0.63576411
v -0.22737491 -0.13810524 -0.63203663
v -0.21820001 -0.11607875 -0.64264755
v -0.20139364 -0.12361131 -0.64412597
v -0.23985155 -0.13744421 -0.62899442
v -0.23240948 -0.10783567 -0.64178369
v -0.24696219 -0.11199755 -0.63634543
v -0.24995537 -0.12624497 -0.63043264
v -0.33447490 -0.28274147 -0.50452217
v -0.35040572 -0.28318640 -0.49678736
v -0.33632339 -0.29099839 -0.49471727
v -0.32186190 -0.29282458 -0.49889639
v -0.34817724 -0.27126619 -0.50997422
v -0.31844072 -0.28344779 -0.51066199
v -0.33136243 -0.27345105 -0.51541155
v -0.34533910 -0.29442444 -0.48664018
v -0.08436722 -0.19994338 -0.63270445
v -0.08206169 -0.21145860 -0.62684135
v -0.06937666 -0.20403273 -0.63315785
v -0.07842965 -0.19066506 -0.63859411
v -0.09340073 -0.18980117 -0.63640703
v -0.09781499 -0.20352066 -0.62840281
v -0.06789612 -0.21809772 -0.62569164
v -0.05570315 -0.21372563 -0.63037777
v -0.05469587 -0.20299882 -0.63636574
v -0.09373402 -0.21806117 -0.62101954
v -0.07897018 -0.22460693 -0.61990860
v 0.18804623 -0.26585804 -0.63806823
v 0.18008155 -0.27332844 -0.63205244
v 0.19399300 -0.27465803 -0.63247665
v 0.19018103 -0.25555880 -0.64493171
v 0.17562926 -0.25986655 -0.64065447
v 0.20025392 -0.26503777 -0.63967808
v 0.08601135 -0.15500995 -0.68043232
v -0.37752488 -0.08016049 -0.60471268
v -0.36419935 -0.08117291 -0.60927329
v -0.37293443 -0.06913982 -0.60981079
v -0.38584769 -0.06908605 -0.60497256
v -0.38370335 -0.08949971 -0.59928093
v -0.36961392 -0.09343578 -0.60329799
v -0.38857307 -0.07870271 -0.60094380
v -0.05651238 -0.43501842 -0.34699301
v -0.04459013 -0.43840004 -0.34259695
v -0.04268088 -0.43588152 -0.35409091
v -0.06328461 -0.43679199 -0.33388196
v -0.05098473 -0.43948194 -0.33228882
v -0.05307464 -0.43150081 -0.36303287
v -0.06736909 -0.42997621 -0.35810247
v -0.07205066 -0.43283985 -0.34320504
v -0.03874722 -0.43286237 -0.36775238
v -0.02832954 -0.43755277 -0.35726733
v -0.03369409 -0.43976676 -0.34504353
v -0.03781373 -0.44171096 -0.33324599
v -0.34314482 -0.32440639 -0.44503984
v -0.32931634 -0.32976018 -0.44333865
v -0.31869826 -0.32793494 -0.45196770
v -0.30743462 -0.32587782 -0.46069212
v 0.29781955 -0.41885395 -0.46660533
v 0.30803205 -0.41603761 -0.47296763
v 0.28742794 -0.42321535 -0.45689000
v 0.31014645 -0.42167669 -0.46218411
v 0.30044217 -0.42446399 -0.45543640
v 0.19646020 -0.43225849 -0.43196555
v 0.19678751 -0.42636694 -0.44612897
v 0.05252127 -0.37124921 -0.52418636
v 0.04550954 -0.36241508 -0.53366382
v 0.03619949 -0.37021559 -0.52191690
v 0.05939798 -0.37827298 -0.51632062
v 0.06630154 -0.37282454 -0.52472427
v 0.05972772 -0.36394199 -0.53457658
v 0.04763467 -0.37884183 -0.51306459
v 0.02170221 -0.37484575 -0.51243202
v 0.03517621 -0.37923038 -0.50971021
v 0.03151742 -0.35922351 -0.53441913
v 0.05263558 -0.35448357 -0.54417813
v 0.04044954 -0.35417293 -0.54219117
v 0.11132787 -0.22252612 -0.65373627
v 0.11609663 -0.20733651 -0.66190748
v 0.09934714 -0.21419183 -0.65617554
v 0.12587051 -0.22166222 -0.65628313
v 0.12129521 -0.23242861 -0.65001891
v 0.09906746 -0.22531274 -0.65050197
v 0.10715298 -0.23433825 -0.64689206
v 0.08774877 -0.22080399 -0.65110628
v 0.08558688 -0.20847331 -0.65694471
v 0.09718211 -0.20077508 -0.66232799
v 0.12330266 -0.19174634 -0.67016047
v 0.10724082 -0.19114208 -0.66819796
v 0.13318911 -0.20340805 -0.66623760
v 0.13160759 -0.21346294 -0.66121758
v -0.18586207 -0.39143793 -0.38988043
v -0.17942945 -0.39798654 -0.37619471
v -0.17114742 -0.39473536 -0.39090986
v -0.19818886 -0.38847004 -0.38965725
v -0.19560182 -0.39335208 -0.37800668
v -0.19242131 -0.38631093 -0.39893130
v -0.17869795 -0.38725550 -0.40502134
v -0.19184147 -0.39904471 -0.36396437
v -0.16743128 -0.40397171 -0.36726646
v -0.16500628 -0.40031345 -0.37987093
v -0.17949154 -0.40256459 -0.36253740
v -0.16155580 -0.39228459 -0.40348302
v -0.15677824 -0.39877916 -0.38983484
v 0.15660388 -0.45562040 -0.34807221
v 0.14225523 -0.45483863 -0.35009916
v 0.14829994 -0.45793207 -0.33451158
v 0.16322900 -0.45840864 -0.33350226
v 0.15094806 -0.45244591 -0.36243939
v 0.16514819 -0.45324199 -0.36025899
v 0.16922173 -0.45614825 -0.34656044
v 0.12729480 -0.45384037 -0.35245365
v 0.13354727 -0.45711537 -0.33695511
v 0.15476339 -0.46088712 -0.31666173
v 0.13914605 -0.45993403 -0.32108261
v 0.33919829 -0.44218956 -0.41249868
v 0.35751406 -0.44303105 -0.41119166
v 0.34709579 -0.43844562 -0.42562738
v 0.33160737 -0.43780845 -0.42568811
v 0.32197482 -0.44169330 -0.41241894
v 0.33193864 -0.44499398 -0.40175475
v 0.34489953 -0.44612029 -0.39800101
v -0.04278808 -0.40123069 -0.44839167
v -0.02911809 -0.40014529 -0.45591177
v -0.04451162 -0.39435883 -0.46055857
v -0.05330732 -0.39694470 -0.45219902
v -0.03274966 -0.40586943 -0.44329683
v -0.05387333 -0.40199500 -0.44206459
v -0.04301354 -0.40775656 -0.43470104
v -0.06417187 -0.39703022 -0.44704950
v -0.06347077 -0.40242064 -0.43659445
v -0.05578876 -0.40624532 -0.43214722
v 0.19995982 -0.28294561 -0.62680798
v 0.18764964 -0.28403120 -0.62491260
v 0.19865089 -0.29225404 -0.61928816
v 0.21157136 -0.28729583 -0.62411003
v 0.20795259 -0.27573842 -0.63271110
v 0.21259158 -0.30011070 -0.61353333
v 0.22527635 -0.29261450 -0.62060156
v 0.22499856 -0.27932365 -0.63110323
v -0.02802552 -0.37714624 -0.49486114
v -0.02261202 -0.38677698 -0.48168147
v -0.01243085 -0.38206795 -0.49243929
v -0.01703459 -0.37240389 -0.50511789
v -0.02737992 -0.37130563 -0.50364804
v -0.04335322 -0.37434305 -0.49388210
v -0.03759642 -0.38257386 -0.48323334
v -0.03661967 -0.36921825 -0.50347727
v -0.00776452 -0.39097633 -0.47983812
v -0.03312253 -0.39111802 -0.47065699
v -0.01763199 -0.39566372 -0.46838166
v 0.00209190 -0.38638411 -0.49031882
v -0.00187867 -0.37754963 -0.50233354
v -0.21114737 -0.38798484 -0.38218365
v -0.20704315 -0.39460470 -0.36610318
v -0.18637015 -0.40435973 -0.35136548
v -0.20279201 -0.40098238 -0.34924772
v -0.59659140 -0.12290911 -0.39051852
v -0.59040900 -0.13948196 -0.39478822
v -0.58903138 -0.12540093 -0.40476597
v -0.60371961 -0.11796736 -0.37757658
v -0.59904443 -0.13251411 -0.38059220
v -0.59548968 -0.11092670 -0.39835352
v -0.60115180 -0.11063322 -0.38657399
v -0.60194422 -0.09881016 -0.39032048
v -0.60797923 -0.10210523 -0.37607187
v -0.46532328 -0.15080938 -0.53103213
v -0.47956132 -0.14424887 -0.52457546
v -0.48586491 -0.15281727 -0.51520648
v -0.48938500 -0.16023213 -0.50831523
v -0.48634730 -0.17022058 -0.50461274
v 0.21215542 -0.44420592 -0.39892811
v 0.19892163 -0.44351117 -0.40022106
v 0.20912447 -0.44736945 -0.38754056
v 0.20989130 -0.44055785 -0.41015763
v 0.21957225 -0.44264985 -0.40429146
v 0.22298652 -0.44643027 -0.39158044
v 0.19584899 -0.44782890 -0.38510774
v 0.18708608 -0.44517422 -0.39411163
v 0.19655397 -0.43798185 -0.41668809
v 0.18165603 -0.44073299 -0.40764925
v 0.20528261 -0.45107764 -0.37251319
v 0.21910338 -0.45041827 -0.37607080
v -0.05894207 -0.42400478 -0.38412539
v -0.04757357 -0.42401459 -0.39081901
v -0.04600106 -0.41848588 -0.40708589
v -0.07151435 -0.42199760 -0.38197785
v -0.03286045 -0.42491907 -0.39637153
v -0.03023099 -0.42082880 -0.40918365
v -0.03610923 -0.41506537 -0.42094506
v -0.05142984 -0.41148248 -0.42206443
v -0.12459615 -0.34438408 -0.50646615
v -0.12391866 -0.35411878 -0.49345819
v -0.11369826 -0.35970255 -0.48922862
v 0.18329484 -0.46085436 -0.31973468
v 0.19186604 -0.46214470 -0.31027053
v 0.19480935 -0.45991644 -0.32602977
v 0.17929688 -0.45837941 -0.33481198
v 0.17104125 -0.46076285 -0.31940044
v 0.17962585 -0.46253568 -0.30703421
v 0.01692575 -0.34326136 -0.54880591
v 0.02975679 -0.34916295 -0.54539220
v -0.39183818 -0.09888301 -0.59272526
v -0.37856775 -0.10079286 -0.59733901
v -0.39600792 -0.08450638 -0.59604368
v -0.39534462 -0.11114154 -0.58666602
v -0.38046710 -0.11360314 -0.59178933
v -0.40344465 -0.09054273 -0.59091815
v -0.40557352 -0.10108738 -0.58615378
v 0.14396705 -0.39422240 -0.50338297
v 0.15185037 -0.38882645 -0.51194331
v 0.13876617 -0.38900141 -0.51109944
v 0.15481203 -0.39740578 -0.49881029
v 0.13254873 -0.39383305 -0.50316350
v 0.14204030 -0.40126589 -0.49158614
v 0.13830661 -0.38114853 -0.52230100
v 0.16473353 -0.38563127 -0.51718886
v 0.15454464 -0.37920958 -0.52581990
v 0.16804114 -0.39420245 -0.50433266
v 0.12747647 -0.38626086 -0.51425287
v -0.28974619 -0.36238849 -0.39806624
v -0.27577554 -0.36170492 -0.40792059
v -0.29335821 -0.35529840 -0.41224819
v -0.27598096 -0.36768259 -0.39361610
v -0.28794699 -0.36831045 -0.38450097
v -0.23383301 -0.39633663 -0.34009574
v -0.24727807 -0.38987071 -0.35101771
v -0.26266343 -0.38610127 -0.35135804
v -0.23262418 -0.40123906 -0.32403406
v 0.38697976 -0.44419848 -0.40971452
v 0.39812310 -0.44287638 -0.41566501
v 0.38873725 -0.44028294 -0.42474934
v 0.37446283 -0.44162949 -0.41845326
v 0.38694832 -0.44751038 -0.39428483
v 0.39937739 -0.44592936 -0.40172273
v 0.37360064 -0.44568424 -0.40227295
v 0.41055837 -0.44365321 -0.41166400
v 0.40467521 -0.43925037 -0.42931657
v 0.37684817 -0.43705926 -0.43388274
v 0.39087495 -0.43538050 -0.44050037
v -0.13213540 -0.22932235 -0.60717290
v -0.12328908 -0.22110052 -0.61388256
v -0.13963002 -0.21629464 -0.61355255
v -0.12699211 -0.23918392 -0.60190486
v -0.11780904 -0.23339031 -0.60736304
v -0.13897034 -0.23811194 -0.60020430
v -0.14646676 -0.22759998 -0.60537694
v -0.12731921 -0.20912461 -0.62007708
v -0.10706272 -0.22428270 -0.61496446
v -0.11588678 -0.21393659 -0.61946638
v -0.15489159 -0.20634179 -0.61622638
v -0.15307798 -0.21808975 -0.60985875
v -0.20441563 -0.05980485 -0.66411151
v -0.60268106 -0.08450000 -0.39563906
v -0.60349852 -0.06796587 -0.40258380
v -0.61073062 -0.07288124 -0.38695395
v -0.59589979 -0.08337930 -0.40934106
v -0.59577976 -0.09713793 -0.40376777
v -0.60896776 -0.08739213 -0.38181537
v -0.61870776 -0.06397141 -0.37992543
v -0.61791171 -0.07635763 -0.37232494
v -0.59412652 -0.07126996 -0.41744737
v 0.28266298 -0.38731601 -0.51716517
v 0.29474274 -0.38795051 -0.51687523
v 0.30696341 -0.39202455 -0.51171844
v 0.30264216 -0.38297084 -0.52416816
v 0.29112774 -0.38243864 -0.52433734
v -0.09560470 -0.10807139 -0.67167026
v -0.08974317 -0.12386754 -0.66669529
v -0.07825037 -0.11343810 -0.67254985
v -0.10627759 -0.11970639 -0.66546423
v -0.10595945 -0.09818371 -0.67341624
v -0.11048387 -0.10741593 -0.66931896
v -0.08262198 -0.09837568 -0.67725384
v -0.09593079 -0.09424443 -0.67649803
v 0.04066495 -0.18518959 -0.66104839
v 0.04462729 -0.19854210 -0.65540302
v 0.05500536 -0.18915011 -0.66141964
v 0.05078190 -0.17327673 -0.66784258
v 0.03435673 -0.17279949 -0.66563068
v 0.03093240 -0.19427397 -0.65528779
v 0.02811386 -0.18278761 -0.66022139
v 0.03388255 -0.20856243 -0.64873037
v 0.04885324 -0.21152918 -0.64969307
v 0.05846938 -0.20255932 -0.65565017
v 0.06701121 -0.19441543 -0.66083552
v 0.06861916 -0.18087307 -0.66717359
v 0.39754457 -0.45108472 -0.36978026
v 0.38677097 -0.45190826 -0.36638439
v 0.39382724 -0.45271244 -0.35519021
v 0.40763515 -0.45166645 -0.35804120
v 0.41020616 -0.44992006 -0.37418775
v 0.38704708 -0.45015708 -0.37912172
v 0.39926898 -0.44885169 -0.38538424
v 0.40375883 -0.45306076 -0.34141164
v 0.37870841 -0.45324120 -0.35574878
v 0.38821304 -0.45414147 -0.33963059
v 0.37648779 -0.45139647 -0.37171160
v 0.23642124 -0.35104091 -0.56291022
v 0.23257755 -0.34171418 -0.57337359
v 0.22894434 -0.35698159 -0.55580933
v -0.02521612 -0.21191945 -0.63687950
v -0.00998844 -0.21375545 -0.63859258
v -0.01763957 -0.19945849 -0.64470145
v -0.01861777 -0.22612466 -0.63022651
v -0.04133429 -0.21000261 -0.63501633
v -0.03253152 -0.22082915 -0.63067179
v -0.03220661 -0.20152738 -0.64114623
v -0.00149419 -0.22647693 -0.63314874
v -0.00293245 -0.20405650 -0.64489691
v 0.00513036 -0.21445829 -0.64085757
v -0.16453174 -0.37291807 -0.44454464
v -0.14985030 -0.37596965 -0.44601500
v -0.15732797 -0.36870735 -0.45607435
v -0.15775299 -0.37992037 -0.43394445
v -0.18026889 -0.36896014 -0.44416464
v -0.17228163 -0.37672370 -0.43266105
v -0.17025403 -0.36651674 -0.45389165
v -0.14117374 -0.37093535 -0.45950506
v -0.16679025 -0.36072493 -0.46578114
v -0.15216049 -0.36421431 -0.46639619
v -0.13500186 -0.37954440 -0.44649248
v -0.14394518 -0.38303456 -0.43496206
v 0.15878184 -0.45017985 -0.37286054
v 0.36035077 -0.44755807 -0.39268041
v 0.37475724 -0.44899551 -0.38637294
v 0.36377307 -0.45062125 -0.37698098
v 0.34740243 -0.44995166 -0.38011754
v 0.05385967 -0.43144709 -0.41491474
v 0.04354812 -0.42673977 -0.42429093
v 0.04165064 -0.43144117 -0.41115021
v 0.06447164 -0.43635937 -0.40330070
v 0.06593887 -0.43112324 -0.41911249
v 0.05593967 -0.42681414 -0.42784901
v 0.05077057 -0.43503264 -0.40367566
v 0.03007542 -0.25059628 -0.62471446
v 0.01418508 -0.25063819 -0.62183495
v 0.02196960 -0.26249649 -0.61574030
v 0.04610072 -0.25561528 -0.62450706
v 0.04228014 -0.24267997 -0.63167157
v 0.03726134 -0.26533909 -0.61667070
v 0.02971601 -0.23568587 -0.63348729
v 0.01920943 -0.24073675 -0.62872024
v 0.05817591 -0.25747240 -0.62550695
v 0.05455952 -0.24750685 -0.63100124
v 0.05452639 -0.26900163 -0.61732359
v 0.33745401 -0.42409484 -0.46059496
v 0.32331899 -0.42360972 -0.45974835
v 0.33050233 -0.42911147 -0.44847292
v 0.33029542 -0.41943713 -0.46920081
v 0.34496184 -0.42952281 -0.44949221
v -0.45865188 -0.29820292 -0.40472368
v -0.46825128 -0.28717640 -0.41249833
v -0.47327546 -0.29182464 -0.40048075
v -0.44256805 -0.30495870 -0.40844650
v -0.45209138 -0.29273417 -0.41929320
v -0.45036289 -0.30952603 -0.39334747
v -0.46521766 -0.30151130 -0.39309756
v -0.46499052 -0.28105156 -0.42430449
v -0.48687199 -0.28566831 -0.39539135
v -0.47798136 -0.29598798 -0.38880730
v -0.04816059 -0.38637539 -0.47304082
v -0.06099597 -0.38989874 -0.46160471
v -0.05122088 -0.37865751 -0.48455693
v -0.06226168 -0.38089252 -0.47654786
v -0.63458980 -0.08724380 -0.33439269
v -0.62520982 -0.08991690 -0.34927084
v -0.63406601 -0.07796596 -0.34410860
v -0.64448221 -0.07305124 -0.33390894
v -0.64385250 -0.08439899 -0.32136297
v -0.63518951 -0.09788980 -0.32285628
v -0.62691054 -0.10181837 -0.33662010
v -0.61876922 -0.10654889 -0.35074438
v -0.61594008 -0.09763761 -0.36194625
v -0.61993278 -0.08545179 -0.36200028
v -0.62842202 -0.07375344 -0.35730440
v -0.63987072 -0.06676232 -0.34718087
v -0.09783287 -0.38540167 -0.45340359
v -0.10641915 -0.38800300 -0.44423704
v -0.09129571 -0.39229398 -0.44317541
v -0.08769665 -0.38626236 -0.45642161
v -0.09467501 -0.37993232 -0.46454242
v -0.10914800 -0.37991409 -0.45812370
v -0.20468969 -0.33625517 -0.48841272
v -0.19692957 -0.34157332 -0.48365541
v -0.19278661 -0.33516552 -0.49444468
v -0.20734354 -0.32897178 -0.49748785
v -0.20885072 -0.34153772 -0.47872059
v -0.21751773 -0.33319213 -0.48761475
v 0.35749700 -0.41690115 -0.47769906
v 0.35269192 -0.43421075 -0.43876225
v 0.15266061 -0.46335325 -0.29743776
v 0.14287268 -0.46206863 -0.30665259
v 0.16630069 -0.46283594 -0.30346291
v -0.39096368 -0.14146813 -0.57593591
v -0.40390500 -0.14790463 -0.56704912
v -0.38858737 -0.15444630 -0.57103369
v -0.37984970 -0.14935268 -0.57721428
v -0.39047305 -0.12587049 -0.58278257
v -0.40488367 -0.13225914 -0.57375460
v -0.37772860 -0.13883199 -0.58269680
v -0.41560961 -0.13732138 -0.56648088
v -0.41951683 -0.12532304 -0.56995238
v -0.40868872 -0.11554940 -0.57906345
v 0.24031060 -0.43362712 -0.43050394
v 0.25099165 -0.43740733 -0.42082627
v 0.25152035 -0.43144548 -0.43644451
v 0.23559698 -0.43808994 -0.41826971
v 0.23837407 -0.42765807 -0.44476466
v 0.22543976 -0.43292023 -0.43154116
v 0.36786225 -0.45248870 -0.36463023
v -0.19277543 -0.36886269 -0.43785662
v -0.20704355 -0.36478005 -0.43845663
v -0.19710473 -0.37369673 -0.42531154
v -0.19476564 -0.36267560 -0.44889397
v -0.18480158 -0.37367880 -0.43225245
v -0.21387907 -0.37018780 -0.42355064
v -0.20620976 -0.37674705 -0.41335442
v -0.19364071 -0.38116935 -0.41052818
v -0.18183480 -0.37962828 -0.42096833
v -0.00674638 -0.25993004 -0.61193408
v -0.01417474 -0.24852032 -0.61779290
v -0.02154657 -0.25842885 -0.60997849
v -0.00013887 -0.24954622 -0.61983529
v 0.00171043 -0.27229267 -0.60530833
v 0.00759444 -0.26098399 -0.61403466
v -0.01351742 -0.26967257 -0.60405855
v -0.02830581 -0.26937664 -0.60118032
v -0.00735019 -0.27854536 -0.59914611
v -0.01830502 -0.27945415 -0.59616420
v -0.52829108 -0.21076527 -0.43526920
v -0.53359362 -0.22853598 -0.41154503
v -0.29658047 -0.11306643 -0.62141100
v -0.28987377 -0.10111347 -0.62750836
v -0.30545809 -0.09928763 -0.62330589
v -0.27974735 -0.11686708 -0.62515951
v -0.31265752 -0.11165850 -0.61681204
v -0.30215567 -0.12424442 -0.61567018
v -0.29010184 -0.12455782 -0.61931893
v -0.29964101 -0.08704546 -0.62904742
v -0.27396991 -0.10181750 -0.63203822
v -0.28410927 -0.08799414 -0.63348153
v -0.31406992 -0.08598293 -0.62485941
v -0.32026009 -0.09640960 -0.61950020
v 0.00165503 -0.08627080 -0.69352618
v -0.01366298 -0.08851404 -0.69072006
v 0.17824898 -0.38720257 -0.51526595
v 0.17114090 -0.37809021 -0.52801162
v 0.19172286 -0.38782417 -0.51466321
v 0.18633647 -0.38083810 -0.52463939
v 0.18764345 -0.39589074 -0.50215378
v 0.17363419 -0.36987623 -0.53901015
v 0.15870191 -0.36881124 -0.53975264
v 0.18211866 -0.37419002 -0.53364548
v -0.09908693 -0.16083289 -0.64944372
v -0.08653331 -0.17710476 -0.64396290
v -0.08100105 -0.16507717 -0.65067086
v -0.09594436 -0.14597685 -0.65661735
v -0.10979221 -0.14487787 -0.65464214
v -0.10326644 -0.17737921 -0.64092203
v -0.08396309 -0.15217259 -0.65596136
v -0.11290861 -0.16806633 -0.64375169
v -0.11810466 -0.15643387 -0.64813519
v -0.10076575 -0.13387413 -0.66084499
v -0.12760696 -0.14193234 -0.65265018
v -0.11672699 -0.13027156 -0.65942421
v -0.02080897 -0.40807126 -0.44361931
v -0.01621440 -0.41384866 -0.43305738
v -0.00626055 -0.41209808 -0.44080007
v -0.02786672 -0.41175301 -0.43264653
v -0.01249384 -0.40404156 -0.45482053
v -0.00109017 -0.39997791 -0.46647446
v 0.00008800 -0.40744867 -0.45279066
v -0.30564657 -0.34759784 -0.42186521
v -0.31828637 -0.34294425 -0.42444612
v -0.32445786 -0.33696095 -0.43279716
v -0.33949013 -0.33301929 -0.43170423
v -0.03346706 -0.28273338 -0.59043835
v -0.04487145 -0.29232042 -0.58059847
v -0.02885028 -0.29728766 -0.58017544
v -0.04441178 -0.26938596 -0.59785704
v -0.01761338 -0.29060508 -0.58794944
v -0.05155995 -0.28036863 -0.58839688
v -0.05681612 -0.29875363 -0.57268209
v -0.04048498 -0.30562154 -0.57064691
v -0.05790839 -0.28879100 -0.58058422
v -0.02476459 -0.30824034 -0.57207241
v -0.01166408 -0.30384975 -0.57866484
v -0.43033474 -0.34585354 -0.32930123
v -0.44326810 -0.34432793 -0.31882210
v -0.41570346 -0.35420292 -0.31961145
v -0.41706333 -0.34937452 -0.33358258
v -0.42318109 -0.34412015 -0.34223808
v -0.43728275 -0.33760488 -0.34486598
v -0.43041530 -0.35111767 -0.31258838
v -0.57598749 -0.23762091 -0.33158008
v -0.56995154 -0.23411694 -0.34804517
v -0.58208594 -0.22423149 -0.33738372
v -0.56343161 -0.24923248 -0.33907472
v 0.22205373 -0.42597939 -0.44794055
v 0.20988952 -0.42966576 -0.43899763
v 0.21004194 -0.43551828 -0.42423210
v 0.22189267 -0.43885390 -0.41561217
v 0.00485268 -0.39385624 -0.47917047
v -0.33593021 -0.11927116 -0.60615193
v -0.32193763 -0.12911756 -0.60732559
v -0.32248251 -0.11808130 -0.61130792
v -0.34793577 -0.13152531 -0.59709638
v -0.33211713 -0.13412305 -0.60179424
v -0.32857133 -0.10628886 -0.61337752
v -0.34544501 -0.10131664 -0.60925555
v -0.35326001 -0.11404626 -0.60192926
v -0.09082175 -0.43784245 -0.30206017
v -0.11964777 -0.43166493 -0.30329852
v -0.10503036 -0.43348229 -0.30964643
v -0.07665014 -0.43888950 -0.31133549
v -0.09128285 -0.43402399 -0.32068171
v 0.02858085 -0.33888162 -0.55583929
v 0.03836937 -0.33390782 -0.56269543
v 0.02744624 -0.32841465 -0.56572532
v 0.01582282 -0.33276757 -0.55910484
v 0.04293741 -0.34450227 -0.55299988
v 0.05237755 -0.33440490 -0.56487113
v 0.04042848 -0.32252999 -0.57355169
v 0.01509388 -0.32223347 -0.56880465
v 0.02605799 -0.31898362 -0.57399490
v -0.36796889 -0.34139588 -0.39677355
v -0.36104048 -0.34817282 -0.38551881
v -0.36738943 -0.33710059 -0.40659679
v -0.37852116 -0.33604608 -0.40112000
v -0.37550178 -0.33000197 -0.41556263
v -0.38950623 -0.32945696 -0.40701565
v -0.31764777 -0.33398634 -0.44203233
v -0.31129582 -0.34003323 -0.43400471
v -0.46131452 -0.06373290 -0.57151568
v -0.47511256 -0.06341750 -0.56280629
v -0.48939568 -0.06072312 -0.55341978
v -0.18978369 -0.24406999 -0.58507698
v -0.17856754 -0.24127694 -0.58959895
v -0.22268237 -0.20264092 -0.60325493
v -0.21865625 -0.19296975 -0.60951928
v -0.21066046 -0.18932179 -0.61326862
v -0.22265505 -0.18147411 -0.61423537
v -0.22866630 -0.19095749 -0.60803719
v -0.37333087 -0.23601963 -0.52873427
v -0.38070604 -0.24386534 -0.51883969
v -0.36829378 -0.24695274 -0.52246315
v -0.37350812 -0.22413577 -0.53734607
v -0.38288726 -0.22753782 -0.53046682
v -0.38585333 -0.23439832 -0.52381797
v -0.35966046 -0.24301229 -0.52971316
v -0.36143254 -0.23175426 -0.53746011
v -0.37168031 -0.25497692 -0.51391158
v -0.39755091 -0.23804135 -0.51460065
v -0.38643848 -0.25219233 -0.50876558
v -0.35517922 -0.25639052 -0.52053154
v -0.58793447 -0.11029813 -0.41393603
v -0.58071371 -0.12766188 -0.41959705
v -0.58176106 -0.14076942 -0.41076238
v -0.57916805 -0.11546675 -0.42852680
v -0.58339273 -0.10021604 -0.42704071
v -0.59049516 -0.09515710 -0.41522716
v 0.38128726 -0.45627316 -0.30012083
v 0.38143930 -0.45557361 -0.32109671
v 0.36828426 -0.45696022 -0.30949405
v 0.39477265 -0.45505140 -0.30789617
v 0.39805994 -0.45429909 -0.32488890
v 0.37318281 -0.45493195 -0.33928326
v 0.36572564 -0.45627268 -0.32624746
v 0.12471508 -0.39981039 -0.49267438
v 0.11870488 -0.39147441 -0.50558275
v 0.11438867 -0.40624235 -0.48057146
v 0.13214134 -0.40805899 -0.47880707
v 0.10866086 -0.39692153 -0.49603411
v 0.10666747 -0.38900413 -0.50813038
v 0.09674769 -0.39118501 -0.50370502
v 0.09715619 -0.39748912 -0.49401399
v 0.10259636 -0.40208526 -0.48699012
v 0.10653677 -0.46160429 -0.30283619
v 0.09819098 -0.46009538 -0.31152011
v 0.09308641 -0.46149704 -0.29909162
v 0.10610393 -0.45986095 -0.31543413
v 0.11661585 -0.46076293 -0.31140261
v -0.19688116 -0.35553444 -0.46095075
v -0.19521535 -0.34890843 -0.47287930
v -0.21027294 -0.34891624 -0.46608247
v -0.20865045 -0.35680416 -0.45296574
v -0.18903189 -0.35484341 -0.46587868
v -0.18272840 -0.36057434 -0.45866689
v -0.22332068 -0.35064435 -0.45703270
v -0.21913270 -0.35796509 -0.44568817
v -0.42646078 -0.31095287 -0.41241080
v -0.41163363 -0.31449111 -0.41841677
v -0.42148016 -0.30673660 -0.42383605
v -0.43475244 -0.30100296 -0.42187278
v -0.43281081 -0.31558327 -0.39832033
v -0.41498998 -0.32118373 -0.40315953
v -0.40991102 -0.30759366 -0.43129058
v -0.42420681 -0.29791459 -0.43513717
v -0.33376675 -0.25139190 -0.53427625
v -0.34036755 -0.24022175 -0.54035233
v -0.33543196 -0.23035575 -0.54955918
v -0.58736146 -0.21142406 -0.34221560
v -0.59190262 -0.21387329 -0.32925342
v -0.57869784 -0.22085158 -0.34869230
v -0.59786915 -0.19817529 -0.33318330
v -0.58163351 -0.21066844 -0.35497987
v -0.59071193 -0.19948003 -0.34861964
v -0.60064310 -0.20604173 -0.31758816
v -0.59443137 -0.21627624 -0.32073218
v -0.65423782 -0.07268514 -0.32053320
v -0.65835039 -0.06176725 -0.33076410
v -0.65333394 -0.08182824 -0.30921687
v 0.35524992 -0.45650799 -0.33029357
v 0.36024276 -0.45547651 -0.33989036
v 0.34404913 -0.45692733 -0.32857722
v 0.35565847 -0.45729669 -0.31740348
v 0.35059525 -0.45586982 -0.33914714
v -0.03817825 -0.25643933 -0.60795034
v -0.05288922 -0.25897578 -0.60335892
v -0.02799662 -0.24655567 -0.61631931
v -0.05189360 -0.24800942 -0.61074762
v -0.04031185 -0.24389954 -0.61558434
v 0.22959946 -0.33121111 -0.58459731
v 0.22605048 -0.32074171 -0.59514657
v 0.21395818 -0.31802025 -0.59742581
v -0.12395866 -0.11397811 -0.66432142
v -0.13557943 -0.10167742 -0.66650387
v -0.14637462 -0.11487985 -0.65952873
v -0.13155542 -0.12694050 -0.65794245
v 0.11895683 -0.45622488 -0.33908740
v 0.12503671 -0.45913544 -0.32375857
v 0.11172689 -0.45276142 -0.35436567
v -0.29693715 -0.32205802 -0.47137691
v -0.30302866 -0.31330609 -0.48141703
v -0.34972406 -0.08452508 -0.61330492
v -0.35782982 -0.06780887 -0.61555550
v -0.33478727 -0.09105481 -0.61636142
v -0.33850613 -0.07409286 -0.62034564
v -0.35748516 -0.09241769 -0.60807638
v 0.33880382 -0.43394908 -0.43750723
v 0.32601380 -0.43338230 -0.43732504
v 0.31284353 -0.42908795 -0.44618849
v 0.31662571 -0.43610722 -0.42872652
v -0.10398458 -0.31686246 -0.54427831
v -0.10314722 -0.30512617 -0.55579775
v -0.11733798 -0.31327629 -0.54422698
v -0.09348375 -0.31683225 -0.54711925
v -0.10962564 -0.32228696 -0.53711472
v -0.09601941 -0.32610263 -0.53688633
v -0.08413118 -0.31144841 -0.55475171
v -0.10645502 -0.29120529 -0.56748153
v -0.11655605 -0.29516271 -0.56160452
v -0.12267229 -0.30217001 -0.55362577
v -0.08773059 -0.30206896 -0.56252667
v -0.09519818 -0.29563722 -0.56637479
v -0.12981568 -0.31496473 -0.53907233
v -0.12157179 -0.32270507 -0.53315014
v -0.13024614 -0.30794633 -0.54608382
v -0.16759809 -0.32084272 -0.52126313
v -0.16822337 -0.31229483 -0.53065071
v -0.17972524 -0.31410929 -0.52514460
v -0.15679562 -0.32701691 -0.51740189
v -0.15391453 -0.31788445 -0.52873483
v -0.16794908 -0.33086266 -0.50897212
v -0.17839106 -0.32266113 -0.51568376
v -0.16071754 -0.30566209 -0.53972307
v -0.17853083 -0.30287906 -0.53748748
v -0.19263313 -0.30730652 -0.52867510
v -0.19223063 -0.31839840 -0.51616200
v -0.01064150 -0.44005816 -0.35844833
v -0.00713806 -0.43575807 -0.37594482
v -0.02337542 -0.43442802 -0.37149424
v 0.00356337 -0.44382914 -0.35218693
v 0.00558004 -0.44078330 -0.36505048
v -0.00434249 -0.44529843 -0.34091503
v -0.02024297 -0.44191979 -0.34520907
v 0.01111158 -0.44727236 -0.34170384
v 0.01622630 -0.44503525 -0.35424811
v -0.45536917 -0.23714465 -0.47931694
v -0.44444457 -0.24696515 -0.47852954
v -0.44294944 -0.23746379 -0.48775621
v -0.46569463 -0.23715701 -0.47146910
v -0.45641006 -0.24646675 -0.47021690
v -0.45486346 -0.22679386 -0.48812422
v -0.46714066 -0.22758742 -0.47844282
v -0.43375577 -0.24700428 -0.48574181
v -0.42905895 -0.23997383 -0.49467246
v -0.43992622 -0.22649171 -0.49846795
v -0.44519197 -0.25658194 -0.46889057
v -0.43266293 -0.25659033 -0.47757138
v -0.34568667 -0.36136950 -0.36290808
v 0.35604652 -0.45254073 -0.36487315
v 0.36464903 -0.45398932 -0.35274120
v 0.17481007 -0.44529852 -0.39250667
v 0.16322008 -0.30880521 -0.60262281
v 0.17386829 -0.31719115 -0.59607552
v 0.18147447 -0.30811340 -0.60464627
v 0.16254295 -0.32174064 -0.59103001
v 0.14904032 -0.30372416 -0.60566187
v 0.14656134 -0.31570070 -0.59510944
v 0.17117144 -0.29869291 -0.61180473
v 0.15793639 -0.29596017 -0.61282466
v -0.03530265 -0.42924449 -0.38188907
v -0.04943195 -0.42815599 -0.37697632
v -0.06289613 -0.42687459 -0.37233290
v -0.44098900 -0.27451702 -0.45278074
v -0.43351386 -0.28600318 -0.44441067
v -0.42679624 -0.28029690 -0.45658665
v -0.43324099 -0.26805468 -0.46564190
v -0.44677448 -0.26457107 -0.45954304
v -0.44818583 -0.27963721 -0.44083394
v -0.45678129 -0.26664809 -0.44912579
v -0.41903343 -0.29077316 -0.44908204
v -0.41315254 -0.28484019 -0.46058730
v -0.42020428 -0.27567956 -0.46645150
v 0.27192780 -0.45187227 -0.37013080
v 0.28747114 -0.45025579 -0.37757594
v 0.27447915 -0.44851556 -0.38491456
v 0.26826396 -0.45530980 -0.35247416
v 0.28404758 -0.45443382 -0.35689424
v 0.25568632 -0.45277447 -0.36588015
v 0.26231489 -0.44902128 -0.38256292
v 0.28874338 -0.45669354 -0.34325772
v 0.29650835 -0.45560844 -0.34966609
v 0.29820410 -0.45311943 -0.36388772
v 0.27873567 -0.45715581 -0.34063268
v 0.13483301 -0.32494598 -0.58574768
v 0.12918243 -0.31459007 -0.59450478
v 0.12258029 -0.32172380 -0.58755009
v 0.13520549 -0.33709076 -0.57405232
v 0.15120404 -0.33063129 -0.58166638
v 0.12383485 -0.32926204 -0.58066334
v 0.11460575 -0.31446957 -0.59293864
v 0.11001734 -0.32494501 -0.58298449
v 0.44159262 -0.44949667 -0.34101103
v -0.58879109 -0.08523528 -0.42220024
v -0.58587426 -0.07435354 -0.43112863
v -0.59155559 -0.05968348 -0.42645618
v -0.57617968 -0.08161664 -0.44559440
v -0.58180674 -0.06143256 -0.44222287
v -0.58218422 -0.08809308 -0.43343594
v 0.01606017 -0.31182123 -0.57812123
v 0.00227124 -0.31436453 -0.57291368
v 0.00250323 -0.32581010 -0.56268623
v 0.00390779 -0.33674562 -0.55245693
v 0.00568550 -0.14961780 -0.67113213
v 0.00832079 -0.13649028 -0.67675054
v -0.00486419 -0.14003713 -0.67344227
v 0.01483023 -0.15856163 -0.66878194
v 0.02060291 -0.14598057 -0.67476074
v -0.00683171 -0.15197481 -0.66829713
v 0.25269782 -0.36148463 -0.55067980
v 0.26384810 -0.36310938 -0.54881192
v 0.26216374 -0.35615930 -0.55727421
v 0.24314332 -0.36721739 -0.54335499
v 0.25665460 -0.36901849 -0.54122568
v 0.24965823 -0.35352097 -0.56022498
v 0.24018736 -0.35922351 -0.55327014
v 0.27600526 -0.35928736 -0.55361771
v 0.27094439 -0.36912063 -0.54125981
v 0.27047140 -0.35108216 -0.56337917
v 0.25954743 -0.34796294 -0.56683690
v 0.08755413 -0.45899676 -0.31494697
v 0.09742479 -0.45779545 -0.32551569
v 0.07851233 -0.45998361 -0.30451725
v 0.08347214 -0.45635753 -0.32943228
v 0.07462245 -0.45746917 -0.31959881
v -0.20486963 -0.40612813 -0.32954897
v -0.21667162 -0.40040116 -0.34013552
v -0.19214275 -0.40658461 -0.33892092
v -0.18679257 -0.41173500 -0.32444552
v -0.21378774 -0.40851970 -0.31249201
v -0.19901026 -0.41145504 -0.31428654
v -0.22150038 -0.40295311 -0.32709450
v -0.18689775 -0.41607764 -0.30655825
v -0.20166119 -0.41458516 -0.29849451
v -0.12686771 -0.42251227 -0.33711211
v -0.11364014 -0.42626917 -0.33379352
v -0.11978694 -0.42106419 -0.34843825
v -0.13949152 -0.42118509 -0.33069118
v -0.12606974 -0.42525895 -0.32667916
v -0.13464416 -0.41819212 -0.34639876
v -0.10056502 -0.42479724 -0.35046005
v -0.11379512 -0.41808292 -0.36350348
v -0.12863667 -0.41567718 -0.36002293
v -0.10525842 -0.43063614 -0.32303671
v -0.09951466 -0.42949323 -0.33314747
v -0.11706019 -0.42912507 -0.31831387
v -0.23168442 -0.28265643 -0.54241570
v -0.23391635 -0.27335540 -0.55043746
v -0.24383571 -0.27674721 -0.54442222
v -0.21891212 -0.28963732 -0.53925667
v -0.21921668 -0.27559539 -0.55243479
v -0.24330589 -0.28658878 -0.53507615
v -0.23128092 -0.29304105 -0.53219983
v -0.20316848 -0.28691769 -0.54635204
v -0.22080551 -0.29878806 -0.52937057
v -0.20714202 -0.29988347 -0.53222502
v -0.07530596 -0.17399130 -0.64749406
v -0.07359454 -0.18202761 -0.64384356
v -0.10872748 -0.19022025 -0.63353368
v -0.62061623 -0.11703353 -0.33994323
v -0.62820257 -0.11388535 -0.32430557
v -0.62112215 -0.12850356 -0.33126519
v -0.61521552 -0.13131085 -0.34424751
v -0.61347863 -0.12162714 -0.35384079
v 0.18529955 -0.36713831 -0.54269982
v 0.17119113 -0.36048675 -0.55049383
v 0.21951230 -0.40843128 -0.48232871
v 0.21297702 -0.41341420 -0.47322098
v 0.22789583 -0.41394636 -0.47259902
v 0.20746031 -0.40692797 -0.48460173
v 0.23110602 -0.40642234 -0.48605402
v 0.21800971 -0.40078786 -0.49502247
v 0.21814046 -0.41959602 -0.46140382
v 0.23200398 -0.42114805 -0.45866600
v 0.20522145 -0.41822284 -0.46383645
v 0.20839347 -0.42378224 -0.45241463
v 0.23975308 -0.41093738 -0.47849484
v 0.24159620 -0.41667546 -0.46795147
v 0.24397157 -0.42209680 -0.45722651
v -0.10830597 -0.36686474 -0.48038561
v -0.09180710 -0.37134951 -0.47971481
v 0.01913316 -0.45081213 -0.32905150
v 0.02567114 -0.44882413 -0.34244750
v 0.00642443 -0.44898961 -0.33064063
v 0.01004366 -0.45217898 -0.31573346
v -0.46463382 -0.07649312 -0.56524567
v -0.45410775 -0.08712683 -0.56780310
v -0.45159238 -0.07581187 -0.57317325
v -0.47958896 -0.08021096 -0.55367921
v -0.46467632 -0.08810694 -0.56099744
v -0.33083672 -0.06121145 -0.62667206
v 0.25131217 -0.38414065 -0.52079364
v 0.24655697 -0.37556072 -0.53248250
v 0.23351881 -0.38245008 -0.52284736
v 0.26753604 -0.38566672 -0.51898064
v 0.26216147 -0.37698134 -0.53081237
v 0.25664961 -0.39233541 -0.50911189
v 0.24148109 -0.39128231 -0.51030037
v 0.22494473 -0.39165637 -0.50935739
v -0.13688034 -0.33701463 -0.51176579
v -0.13853162 -0.34290533 -0.50369931
v -0.11444499 -0.33964085 -0.51588029
v -0.12675133 -0.33224944 -0.52071186
v -0.13391592 -0.34886928 -0.49725629
v -0.31818126 -0.38242592 -0.31890585
v -0.33089842 -0.38155023 -0.31056418
v -0.31764567 -0.38656911 -0.30374505
v -0.30456835 -0.38781667 -0.31108611
v -0.30445974 -0.38361233 -0.32659282
v -0.31914681 -0.37736474 -0.33564543
v -0.33258929 -0.37705457 -0.32519752
v -0.34411649 -0.37687375 -0.31535989
v -0.34109439 -0.38068972 -0.30411184
v 0.29044611 -0.45985755 -0.31492252
v 0.28904296 -0.45826214 -0.33103011
v 0.27772997 -0.45920943 -0.32494842
v 0.27748399 -0.46085788 -0.30872858
v 0.30434943 -0.46013856 -0.30521852
v 0.30313320 -0.45850247 -0.32481397
v -0.26880443 -0.08883509 -0.63777375
v -0.25590442 -0.08912948 -0.64141471
v -0.26214756 -0.07703670 -0.64329784
v -0.25884526 -0.10076763 -0.63680744
v -0.27769309 -0.07583924 -0.63912166
v -0.27144847 -0.06385747 -0.64441564
v -0.24481377 -0.08108879 -0.64696996
v -0.25409481 -0.06303436 -0.64962762
v -0.24494688 -0.09748567 -0.64180330
v -0.54803260 -0.18745850 -0.43089991
v -0.55717822 -0.18260968 -0.42243220
v -0.53548519 -0.19342219 -0.44161429
v -0.54579294 -0.17784582 -0.44112014
v -0.55627283 -0.17358535 -0.43044133
v -0.54081211 -0.20021450 -0.42944151
v -0.05543243 -0.31025892 -0.56304531
v -0.05190987 -0.32123271 -0.55378605
v -0.04265822 -0.31586305 -0.56115029
v -0.06774476 -0.31638263 -0.55427152
v -0.07224008 -0.30355988 -0.56488962
v -0.02968341 -0.31638387 -0.56380480
v 0.11833607 -0.24361049 -0.64340024
v 0.13196375 -0.24103849 -0.64678527
v 0.10323835 -0.24733350 -0.63896120
v 0.12972557 -0.25142910 -0.64046008
v 0.11731631 -0.25482910 -0.63665042
v -0.29620685 -0.30352436 -0.49716848
v -0.30960972 -0.30351965 -0.49140387
v -0.29602764 -0.30936366 -0.48982635
v -0.30290948 -0.29410627 -0.50532424
v -0.28566351 -0.30138500 -0.50379938
v -0.28682087 -0.30855513 -0.49460573
v -0.28559154 -0.29033340 -0.51633507
v -0.30307384 -0.28227991 -0.51813904
v -0.26246484 -0.11486247 -0.63093733
v -0.29453155 -0.07277379 -0.63493591
v -0.41943313 -0.35764563 -0.30333050
v -0.40532702 -0.35401813 -0.33162938
v -0.40748884 -0.36046397 -0.30757687
v -0.40005113 -0.35977913 -0.31835410
v -0.38428930 -0.36444504 -0.31912803
v -0.39347118 -0.35851875 -0.32959775
v -0.39391513 -0.36611946 -0.30225828
v 0.14715911 -0.20403260 -0.66781759
v 0.15240450 -0.21581565 -0.66280277
v 0.16659967 -0.22100071 -0.66184296
v 0.15512652 -0.22693692 -0.65742536
v 0.14129796 -0.22292528 -0.65774860
v 0.14127687 -0.21200393 -0.66327273
v -0.00958622 -0.07711487 -0.69495593
v -0.02512716 -0.07495043 -0.69350167
v -0.02849505 -0.08969208 -0.68830627
v -0.04044025 -0.06969435 -0.69302414
v -0.03831371 -0.08057600 -0.68990862
v 0.30400944 -0.45017506 -0.37851541
v 0.30991787 -0.44754189 -0.39032343
v 0.29745255 -0.44682219 -0.39240373
v 0.32071555 -0.44617097 -0.39630136
v 0.30805168 -0.44410651 -0.40317866
v -0.01847101 -0.42558065 -0.40188550
v -0.01814449 -0.41918539 -0.41922475
v -0.00511733 -0.43108650 -0.39217799
v -0.00489595 -0.42586933 -0.40769927
v -0.02026683 -0.43035090 -0.38667296
v -0.00791626 -0.41741204 -0.42832728
v -0.00381442 -0.42166923 -0.41959397
v 0.25371386 -0.42542912 -0.45041226
v 0.26484097 -0.42949754 -0.44169208
v 0.03945916 -0.30031708 -0.59210653
v 0.03101569 -0.30890868 -0.58351032
v 0.04982516 -0.30957365 -0.58646760
v 0.04989893 -0.29726057 -0.59636885
v 0.02791611 -0.29640208 -0.59298221
v 0.03858943 -0.28870929 -0.60074037
v 0.02507448 -0.28673490 -0.59971080
v 0.01586697 -0.29116806 -0.59462967
v 0.01715238 -0.30144384 -0.58690649
v -0.16210661 -0.27061121 -0.57125800
v -0.15012216 -0.26272545 -0.58032326
v -0.16399822 -0.25730121 -0.58129955
v -0.14647184 -0.27335799 -0.57276242
v -0.16803724 -0.28083929 -0.56122469
v -0.14995082 -0.28588887 -0.56124957
v -0.18080321 -0.27163642 -0.56590928
v -0.17504244 -0.26174009 -0.57534416
v -0.16785364 -0.29255138 -0.55058359
v -0.15202903 -0.29865989 -0.54904639
v -0.13027875 -0.29134669 -0.56151728
v -0.13410063 -0.27957370 -0.57061279
v -0.13810909 -0.29934812 -0.55216382
v 0.06205498 -0.45574916 -0.32444349
v 0.07127721 -0.45473275 -0.33382892
v 0.05846383 -0.45266851 -0.33908999
v 0.07953798 -0.45389212 -0.34120521
v 0.06995017 -0.45169621 -0.34814858
v -0.07819842 -0.38191931 -0.46806556
v -0.07649022 -0.39121519 -0.45226741
v -0.07379109 -0.37313083 -0.48416017
v -0.06155704 -0.37462201 -0.48691313
v 0.06749521 -0.42648883 -0.43161057
v 0.06975193 -0.42144912 -0.44383999
v 0.05801130 -0.42212206 -0.43978174
v 0.07954501 -0.42639561 -0.43423734
v 0.07548386 -0.43015030 -0.42409075
v 0.08629936 -0.43149378 -0.42251725
v 0.07763784 -0.43443484 -0.41248794
v 0.26796300 -0.44480497 -0.39854233
v 0.28304101 -0.44592784 -0.39514341
v -0.05044802 -0.23479796 -0.61920425
v -0.06197659 -0.24074621 -0.61337957
v -0.06817474 -0.25253783 -0.60459310
v -0.55172923 -0.28315491 -0.30263166
v -0.53929082 -0.29425820 -0.30272404
v -0.54274894 -0.28672284 -0.31297342
v -0.55200665 -0.27678397 -0.31527361
v -0.52980936 -0.29549788 -0.31749318
v -0.54016073 -0.28248626 -0.32601056
v -0.52570199 -0.30477047 -0.30320789
v 0.00273860 -0.28550223 -0.59614685
v -0.00897936 -0.28571499 -0.59358652
v -0.00398714 -0.29424067 -0.58812385
v 0.01472581 -0.28050958 -0.60216603
v 0.00727531 -0.29538410 -0.58966641
v -0.51170513 -0.31471408 -0.30291653
v -0.51538298 -0.30719186 -0.31588429
v -0.52075460 -0.10242553 -0.51013563
v -0.52365259 -0.08850950 -0.51274991
v -0.53073437 -0.09334832 -0.50345012
v -0.51750381 -0.11814997 -0.50616364
v -0.51146412 -0.11045030 -0.51556693
v -0.52904267 -0.10640423 -0.49995336
v -0.51136645 -0.09668284 -0.52135333
v 0.21690307 -0.26417598 -0.64153512
v 0.20447591 -0.25321944 -0.64775589
v -0.17741809 -0.25133430 -0.58269893
v -0.16634679 -0.24556311 -0.58930438
v -0.19071996 -0.25721622 -0.57506765
v 0.09706558 -0.38267502 -0.51599364
v 0.11268801 -0.38210523 -0.51867001
v 0.08236236 -0.37497436 -0.52430693
v 0.08461964 -0.38593259 -0.50968554
v 0.09990502 -0.37220537 -0.53040278
v 0.08538943 -0.36275191 -0.54007931
v 0.20677935 -0.31083220 -0.60380408
v 0.19483722 -0.31256992 -0.60160538
v 0.19632080 -0.30324859 -0.60990806
v 0.22063913 -0.31097426 -0.60427605
v 0.36247685 -0.43821656 -0.42836456
v -0.39393796 -0.22606355 -0.52582996
v -0.40555348 -0.22502978 -0.52032076
v -0.41460240 -0.22942046 -0.51184088
v -0.41301019 -0.24264448 -0.50213862
v -0.39919643 -0.24974230 -0.50408442
v -0.41728209 -0.21693406 -0.51954733
v -0.42866828 -0.22103375 -0.50978878
v -0.42507360 -0.23203900 -0.50361189
v 0.04308489 -0.38704707 -0.50031571
v 0.02717840 -0.38457449 -0.50001532
v -0.00389690 -0.44874161 -0.32492804
v 0.29659653 -0.45726932 -0.33799297
v -0.27319244 -0.22651419 -0.57449169
v -0.27363561 -0.20973790 -0.58480331
v -0.28524725 -0.21623214 -0.57724097
v -0.25671243 -0.23456262 -0.57417749
v -0.25820241 -0.22073243 -0.58281956
v -0.26764841 -0.23937946 -0.56749871
v -0.29058266 -0.20396901 -0.58273759
v -0.29865526 -0.21392203 -0.57412637
v -0.10604947 -0.21249507 -0.62202987
v -0.11556872 -0.20253300 -0.62584834
v -0.15135034 -0.38568440 -0.42524725
v -0.13009619 -0.38697959 -0.43412257
v -0.13970507 -0.38957195 -0.42326418
v -0.15039109 -0.39090979 -0.41386610
v -0.13700884 -0.39588529 -0.41016884
v -0.12504140 -0.39451250 -0.42054788
v -0.27876834 -0.37915782 -0.36072687
v -0.28679248 -0.37312965 -0.37247812
v -0.05133478 -0.06026399 -0.69434527
v -0.06454637 -0.06406456 -0.69126152
v -0.05470541 -0.07780458 -0.68839352
v -0.07502533 -0.23761654 -0.61281122
v -0.09049510 -0.23158782 -0.61360041
v -0.08619213 -0.24533261 -0.60579013
v -0.06502711 -0.23010675 -0.61927510
v -0.53221529 -0.28179772 -0.34064730
v -0.54484903 -0.27185890 -0.33698598
v -0.52753966 -0.29075768 -0.33151452
v -0.52452393 -0.28087759 -0.35417777
v -0.53760882 -0.27080576 -0.35056090
v -0.51793635 -0.29241527 -0.34341927
v -0.41961951 -0.25358075 -0.48860673
v -0.40568173 -0.25474670 -0.49597167
v -0.43156237 -0.20816027 -0.51725562
v -0.44318036 -0.21229840 -0.50699494
v -0.41891749 -0.20302634 -0.52819164
v -0.44579689 -0.19945509 -0.51434976
v -0.43486606 -0.19514065 -0.52406913
v -0.44810203 -0.18724154 -0.52098786
v -0.45911791 -0.18997375 -0.51185706
v -0.45725227 -0.20253401 -0.50455464
v -0.01647965 -0.44550957 -0.33192251
v -0.07521209 -0.43578134 -0.32767618
v -0.08684960 -0.43095967 -0.33813673
v -0.06084786 -0.44047283 -0.31851425
v -0.55629753 -0.06547297 -0.48015657
v -0.56521319 -0.06808610 -0.46656799
v 0.01555887 -0.22738514 -0.63565209
v 0.04116256 -0.22999200 -0.63869749
v 0.03013927 -0.22227715 -0.64097278
v 0.05245777 -0.23609685 -0.63724353
v 0.04109489 -0.21922437 -0.64447746
v 0.05168177 -0.22400565 -0.64370571
v 0.15877978 -0.40489820 -0.48641566
v -0.54408189 -0.16715336 -0.45079392
v -0.55438950 -0.16344820 -0.44010464
v -0.54281380 -0.15338124 -0.46087423
v -0.55184678 -0.15543733 -0.44880526
v -0.53509528 -0.18122390 -0.45155067
v -0.53288850 -0.17102472 -0.46101882
v -0.62734726 -0.06177549 -0.36972465
v -0.12925922 -0.36883786 -0.46849627
v -0.14062590 -0.36219277 -0.47461518
v -0.12508781 -0.37589236 -0.45805865
v -0.39490349 -0.35343926 -0.34361189
v -0.38269456 -0.36018856 -0.33496568
v -0.37997579 -0.35672549 -0.34798901
v -0.40358760 -0.34639043 -0.35519610
v -0.41076090 -0.34788481 -0.34425409
v -0.37308809 -0.36144921 -0.34029932
v -0.37032500 -0.36579054 -0.32881958
v -0.27023019 -0.26412926 -0.54726288
v -0.28340588 -0.26392986 -0.54307419
v -0.27812999 -0.27362353 -0.53609646
v -0.25573130 -0.27026298 -0.54661823
v -0.25672773 -0.25909305 -0.55575816
v -0.28128874 -0.25664921 -0.54994495
v -0.26513739 -0.27418189 -0.54007698
v -0.27139627 -0.25037540 -0.55808306
v -0.26671644 -0.28210236 -0.53193350
v -0.29033948 -0.27848677 -0.52694183
v -0.27791983 -0.28331510 -0.52673231
v -0.29282700 -0.26792522 -0.53608924
v 0.24444160 -0.44230969 -0.40597440
v 0.25352343 -0.44589328 -0.39434375
v 0.25679273 -0.44203395 -0.40739222
v 0.23065097 -0.44267651 -0.40439814
v 0.23917973 -0.44697592 -0.38997386
v -0.32616397 -0.08427385 -0.62145042
v -0.32310842 -0.07418064 -0.62551623
v -0.30984606 -0.07459508 -0.62966322
v 0.05262991 -0.43910603 -0.39110917
v 0.04022167 -0.43564372 -0.39821447
v -0.16442518 -0.19632918 -0.61978825
v -0.57267927 -0.06955273 -0.45469998
v -0.35991586 -0.33457215 -0.41648366
v -0.36433782 -0.32609683 -0.42991013
v -0.38053647 -0.32146931 -0.42824860
v -0.38839452 -0.32414157 -0.41822992
v -0.35209541 -0.33202226 -0.42636321
v -0.28991471 -0.33160611 -0.45943897
v -0.28308516 -0.32629184 -0.47106124
v -0.28419198 -0.31732919 -0.48370530
v -0.30424993 -0.33478271 -0.44718025
v 0.26616611 -0.45809076 -0.33530137
v 0.26565718 -0.46013538 -0.31951566
v -0.00802627 -0.23803672 -0.62532328
v 0.00655264 -0.23887202 -0.62751682
v -0.52734587 -0.19202566 -0.45234452
v -0.52176141 -0.20352944 -0.44911040
v -0.40372331 -0.21407929 -0.52912643
v -0.31348292 -0.12367761 -0.61226262
v -0.30844565 -0.13461556 -0.60966662
v -0.49876110 -0.29819331 -0.35978662
v -0.49507987 -0.30631405 -0.34879540
v -0.48375375 -0.30738342 -0.36100361
v -0.49178013 -0.29746150 -0.36997682
v -0.51147739 -0.28985204 -0.35766247
v -0.50596913 -0.29826374 -0.35001927
v -0.50368548 -0.28880297 -0.36987002
v -0.56611794 -0.08238166 -0.46123594
v -0.55701144 -0.08093939 -0.47484548
v -0.56749901 -0.09664574 -0.45496479
v -0.55667735 -0.09781419 -0.46992868
v -0.57176730 -0.22245133 -0.35972017
v -0.57491715 -0.20945399 -0.36886800
v -0.58518250 -0.19906152 -0.36067125
v -0.58128055 -0.19642282 -0.37075834
v -0.59222778 -0.19028730 -0.35506609
v -0.58878580 -0.18725584 -0.36483233
v -0.22630526 -0.40481456 -0.31606953
v -0.22641380 -0.40769904 -0.30431417
v 0.05858280 -0.41187026 -0.46156056
v 0.05876683 -0.41702064 -0.45117327
v 0.06999822 -0.41532668 -0.45690323
v 0.06654804 -0.40762441 -0.47117881
v 0.05109221 -0.40632871 -0.47027623
v 0.04690186 -0.41251995 -0.45742784
v -0.17244298 -0.40713550 -0.35334419
v -0.51780634 -0.25607259 -0.39983858
v -0.52665379 -0.24255744 -0.40504788
v -0.53065288 -0.24918159 -0.39145604
v -0.50794886 -0.26898394 -0.39493578
v -0.52065822 -0.26318157 -0.38654800
v -0.59818031 -0.16201062 -0.36542859
v -0.59270348 -0.17268780 -0.36878701
v -0.59500160 -0.15738152 -0.37482156
v -0.60065741 -0.16560241 -0.35729044
v -0.60325190 -0.15227659 -0.36030949
v -0.58806701 -0.15559158 -0.39006672
v -0.59499020 -0.14541345 -0.38230748
v -0.58470788 -0.17163648 -0.38524395
v -0.60137910 -0.14186496 -0.37051810
v -0.59656921 -0.17879360 -0.35585491
v -0.58302336 -0.18582411 -0.37697680
v -0.41463649 -0.33379320 -0.37666545
v -0.42033023 -0.33902435 -0.35831934
v -0.42333856 -0.32519985 -0.38778225
v -0.42996433 -0.32899389 -0.37337405
v -0.40827915 -0.33017455 -0.39049785
v 0.11146848 -0.45833129 -0.32596283
v 0.10447431 -0.45541639 -0.34014870
v -0.45563371 -0.14363907 -0.54108217
v -0.47134342 -0.13465107 -0.53548186
v -0.45937155 -0.12649140 -0.54731887
v -0.44070600 -0.15386767 -0.54477327
v -0.44369637 -0.13803198 -0.55112017
v -0.45285268 -0.15672849 -0.53592827
v -0.31008954 -0.18476407 -0.58654301
v -0.32064389 -0.17183585 -0.58921796
v -0.32200196 -0.18791077 -0.58060256
v -0.30747910 -0.19929604 -0.57959573
v -0.29678941 -0.18959963 -0.58855532
v -0.30313965 -0.17499438 -0.59377254
v 0.40507235 -0.43350447 -0.44785899
v 0.41858562 -0.43657519 -0.43984798
v 0.40650159 -0.42803036 -0.46297878
v 0.41852159 -0.43143861 -0.45574707
v 0.11636749 -0.33725626 -0.57199610
v 0.09127923 -0.32499361 -0.58025193
v 0.10252648 -0.33262775 -0.57487537
v 0.09910417 -0.31426358 -0.59092534
v -0.05219083 -0.44500712 -0.30258590
v -0.03622564 -0.44833752 -0.29883267
v 0.17513897 -0.32634818 -0.58760564
v 0.16567206 -0.33124926 -0.58221465
v 0.17569988 -0.33544778 -0.57862951
v -0.31881227 -0.06516479 -0.62954943
v -0.30854643 -0.06214026 -0.63366358
v -0.28470650 -0.06411147 -0.64043346
v 0.00880692 -0.43084477 -0.39961845
v 0.00683629 -0.42546189 -0.41414455
v 0.01066868 -0.43673460 -0.38180139
v -0.35954856 -0.35524070 -0.36877934
v 0.10327508 -0.17074879 -0.67653276
v 0.11369467 -0.17787676 -0.67492430
v 0.09200203 -0.16909956 -0.67561279
v 0.09925377 -0.17977739 -0.67213325
v -0.40700699 -0.29340980 -0.45398865
v -0.40785703 -0.27745437 -0.47218417
v -0.39745118 -0.28968736 -0.46440810
v -0.40890171 -0.30000250 -0.44356820
v -0.39612660 -0.30015211 -0.45177710
v -0.39931635 -0.07017459 -0.59924283
v -0.01315438 -0.31773662 -0.56641605
v -0.00949589 -0.33000158 -0.55591266
v -0.02171433 -0.32480282 -0.55797537
v -0.02122250 -0.33378325 -0.54931925
v -0.03541215 -0.32585145 -0.55353966
v 0.08507953 -0.44504053 -0.37937483
v 0.09926299 -0.44233562 -0.39213772
v 0.08114151 -0.43970096 -0.39686647
v 0.06803942 -0.44221010 -0.38490787
v 0.07175675 -0.44768353 -0.36560329
v 0.08768186 -0.44905793 -0.36483988
v 0.10231763 -0.44827575 -0.37113075
v -0.60834684 -0.18833733 -0.31708387
v -0.60862643 -0.19748147 -0.30650365
v -0.61321116 -0.17214881 -0.31993254
v -0.60585136 -0.18055750 -0.33169433
v -0.61386721 -0.18723158 -0.30292565
v -0.60478917 -0.17013615 -0.34376076
v -0.61085090 -0.16717356 -0.33088450
v -0.59832343 -0.18636372 -0.34478945
v -0.19363032 -0.29754461 -0.53865628
v -0.20366698 -0.31047966 -0.52170904
v -0.21639873 -0.30745107 -0.52109964
v -0.44272427 -0.34893733 -0.30437723
v -0.27960182 -0.35420104 -0.42229419
v -0.29180032 -0.34964417 -0.42526982
v -0.29719602 -0.34334833 -0.43493452
v 0.05640471 -0.44900318 -0.35507345
v 0.04254131 -0.45015127 -0.34424968
v -0.23120143 -0.22204353 -0.58972067
v -0.22023140 -0.21655536 -0.59587273
v 0.02794990 -0.27608014 -0.60775493
v 0.04299907 -0.27717964 -0.60974891
v 0.01479646 -0.27057103 -0.60907284
v 0.05667427 -0.28593792 -0.60595447
v 0.12434586 -0.41628602 -0.46226615
v 0.13136525 -0.42384226 -0.44717778
v 0.10927615 -0.41867079 -0.45603395
v 0.11754472 -0.42445499 -0.44426471
v 0.10652100 -0.41248855 -0.46822590
v 0.11346014 -0.43412090 -0.41991062
v 0.11924960 -0.43040610 -0.43045583
v 0.10744354 -0.42886219 -0.43264411
v 0.10619246 -0.43796237 -0.40768177
v 0.09972791 -0.43292463 -0.42096028
v 0.12840842 -0.43466447 -0.42039938
v 0.12959536 -0.42906912 -0.43496130
v 0.17884611 -0.24551159 -0.64979475
v 0.16611153 -0.23528671 -0.65418809
v 0.16387806 -0.24875024 -0.64622340
v 0.19370633 -0.24294810 -0.65294421
v 0.18298546 -0.22969530 -0.65913275
v 0.14816302 -0.23860379 -0.65017600
v 0.16204372 -0.25926511 -0.63961346
v 0.15153420 -0.25303839 -0.64224051
v -0.42918912 -0.17698707 -0.53864250
v -0.42550085 -0.18924188 -0.53338099
v -0.41835573 -0.18334175 -0.54096946
v -0.41767275 -0.17178206 -0.54784249
v -0.43134401 -0.16580407 -0.54374687
v -0.44316855 -0.16850273 -0.53529564
v -0.43855481 -0.18249475 -0.52987978
v -0.46759087 -0.31833132 -0.35762250
v -0.45322437 -0.32250328 -0.36471299
v -0.46255926 -0.31580746 -0.36930324
v -0.47198112 -0.31097807 -0.36837984
v -0.43950255 -0.33040178 -0.36064617
v -0.44298215 -0.32390934 -0.37226147
v -0.45357933 -0.31602167 -0.37815107
v 0.32541156 -0.39129812 -0.51444941
v 0.34306257 -0.39009976 -0.51820324
v 0.36094957 -0.39415593 -0.51501498
v 0.35467087 -0.38550447 -0.52605536
v 0.33132960 -0.38257669 -0.52706305
v 0.42657674 -0.44442767 -0.40606569
v 0.42075949 -0.44092851 -0.42352058
v 0.42829297 -0.44698731 -0.38944744
v 0.43302548 -0.44165782 -0.41986420
v 0.41396739 -0.44717707 -0.39228951
v 0.35646940 -0.45801593 -0.30042603
v 0.34384305 -0.45821055 -0.30970765
v 0.33098965 -0.45920737 -0.30124033
v -0.57167447 -0.13035867 -0.43398199
v -0.57775648 -0.10789639 -0.43464089
v -0.57145359 -0.11609954 -0.44158882
v -0.53722770 -0.09679255 -0.49488986
v -0.53826056 -0.10691254 -0.48962001
v -0.52899114 -0.11948215 -0.49400004
v -0.54661293 -0.10630119 -0.48000892
v -0.53977206 -0.11831166 -0.48290803
v -0.54678992 -0.09307799 -0.48457105
v 0.20275685 -0.46175343 -0.31288018
v 0.20171855 -0.46334572 -0.29914656
v -0.62589306 -0.12794203 -0.31935364
v -0.63286134 -0.11959222 -0.30828770
v -0.62032880 -0.14212374 -0.32400514
v -0.61664834 -0.15803738 -0.32239153
v -0.27066405 -0.30026630 -0.51075311
v -0.26869541 -0.29091781 -0.52204756
v -0.61250814 -0.15433345 -0.33630449
v -0.22807468 -0.33969492 -0.47327446
v -0.23999018 -0.34557008 -0.45830102
v -0.23354450 -0.35472172 -0.44473024
v -0.01465426 -0.13167562 -0.67527939
v -0.02963766 -0.12893321 -0.67411167
v -0.01984844 -0.14422564 -0.66951021
v -0.03129528 -0.11250015 -0.68002250
v -0.50597460 -0.30352915 -0.33930637
v -0.51702451 -0.30016755 -0.32922563
v -0.49435258 -0.31262809 -0.33639076
v -0.50489318 -0.30992274 -0.32688019
v -0.49036521 -0.11719299 -0.53036161
v -0.49584393 -0.12395161 -0.52273942
v -0.48563161 -0.13032793 -0.52748799
v -0.48206706 -0.11218924 -0.53892668
v -0.49550181 -0.10044834 -0.53346510
v -0.50178470 -0.11194744 -0.52341061
v -0.48054432 -0.12344559 -0.53483917
v -0.49559473 -0.13716376 -0.51595429
v -0.50524259 -0.12224264 -0.51555740
v -0.35879660 -0.37194827 -0.31886224
v -0.35374234 -0.37747170 -0.30351727
v -0.34689586 -0.37223721 -0.32901115
v -0.35815941 -0.36837147 -0.33181868
v -0.37150719 -0.36926894 -0.31568325
v -0.36584261 -0.37313572 -0.30742593
v -0.33612532 -0.37140173 -0.34093413
v -0.35121949 -0.36731003 -0.34126978
v -0.24290741 -0.33173171 -0.47968598
v -0.24800408 -0.33696243 -0.46933410
v -0.23349156 -0.32836528 -0.48823902
v -0.01708655 -0.16123025 -0.66277683
v -0.03210566 -0.15325677 -0.66390238
v -0.03190205 -0.16590187 -0.65842334
v -0.02195266 -0.17299059 -0.65680162
v -0.55695256 -0.26211205 -0.33157726
v -0.55107203 -0.27203013 -0.32595448
v -0.55042476 -0.26032932 -0.34575665
v 0.08538951 -0.18024679 -0.66992681
v 0.09402237 -0.18926808 -0.66719703
v 0.07746416 -0.16792735 -0.67401620
v 0.08131440 -0.19421276 -0.66305132
v 0.06374077 -0.16664451 -0.67258323
v 0.06942520 -0.15524385 -0.67805129
v -0.45539898 -0.21504769 -0.49675480
v -0.02041259 -0.23852859 -0.62270855
v -0.35858429 -0.10184564 -0.60446771
v -0.36744564 -0.10776802 -0.59904588
v -0.06559510 -0.44246000 -0.30362973
v -0.08217246 -0.42803224 -0.35368422
v -0.08895339 -0.42374666 -0.36377648
v -0.07654625 -0.42526626 -0.36796590
v -0.09930246 -0.41955229 -0.36975649
v -0.08573776 -0.42046407 -0.37689459
v -0.02729516 -0.44289321 -0.33624466
v -0.60664057 -0.15751328 -0.34904237
v -0.61060163 -0.14524436 -0.34728423
v 0.24125991 -0.45128939 -0.37290597
v 0.23053914 -0.44978235 -0.37918989
v 0.19183402 -0.45726538 -0.34183598
v 0.20275440 -0.45802604 -0.33783284
v 0.18143879 -0.45453433 -0.35512269
v 0.20045490 -0.45488526 -0.35453919
v -0.13280025 -0.42661453 -0.31387827
v -0.07041838 -0.08838276 -0.68257379
v -0.06740658 -0.10350469 -0.67788810
v -0.05565478 -0.09556174 -0.68243137
v -0.08833517 -0.08167225 -0.68190269
v -0.07367335 -0.07295754 -0.68708172
v 0.40645345 -0.45398002 -0.31305724
v -0.46750280 -0.25532382 -0.45252421
v -0.45720271 -0.25585166 -0.46045488
v -0.46987840 -0.24440085 -0.46134920
v -0.47378812 -0.26081591 -0.44098131
v -0.47917486 -0.24799809 -0.44989062
v -0.47887490 -0.22969540 -0.46712181
v -0.48324407 -0.23738360 -0.45654710
v -0.44816238 -0.06399382 -0.57880253
v -0.03425567 -0.14150227 -0.66847269
v -0.04487069 -0.13389214 -0.66991174
v -0.04519224 -0.14668216 -0.66464788
v -0.04617892 -0.11894800 -0.67547471
v -0.48821927 -0.25007344 -0.43948349
v -0.49148397 -0.23916459 -0.44746315
v -0.25607009 -0.32909741 -0.47833010
v -0.24905211 -0.32405835 -0.48844423
v -0.26469771 -0.32081087 -0.48682218
v -0.27051218 -0.32681891 -0.47570376
v -0.26152112 -0.33361730 -0.46898926
v -0.25654774 -0.31636520 -0.49609054
v -0.27207573 -0.31057808 -0.49760485
v 0.41328755 -0.45296852 -0.32580885
v 0.42118682 -0.45141946 -0.34458792
v 0.43181702 -0.44956573 -0.36032141
v 0.11678346 -0.26544481 -0.62989217
v 0.10698352 -0.25865295 -0.63277344
v 0.09465929 -0.25756354 -0.63147613
v -0.10896291 -0.33193541 -0.52662464
v -0.09246053 -0.33721121 -0.52560771
v 0.06343070 -0.23092764 -0.64190274
v 0.06376402 -0.21659699 -0.64949916
v 0.07523441 -0.24101492 -0.63816492
v 0.07610101 -0.22659248 -0.64625158
v 0.06231367 -0.24137092 -0.63591879
v 0.28366019 -0.34868379 -0.56635271
v 0.29325824 -0.35844983 -0.55502486
v 0.29335194 -0.34041840 -0.57605914
v 0.28098691 -0.33904217 -0.57725394
v 0.30040332 -0.34929996 -0.56614135
v 0.27040998 -0.34302144 -0.57260081
v 0.28651077 -0.36799097 -0.54301966
v -0.46222753 -0.27400588 -0.43586778
v -0.47521566 -0.27026559 -0.42874489
v -0.45381257 -0.28394600 -0.43052774
v -0.17345961 -0.41747930 -0.31380848
v -0.56807394 -0.10828889 -0.45038549
v -0.56036360 -0.11042132 -0.46056757
v -0.56349625 -0.11865628 -0.45286800
v -0.57555900 -0.09977268 -0.44117657
v -0.15036322 -0.33655551 -0.50773510
v -0.14365898 -0.32867246 -0.51960948
v -0.13656064 -0.32103624 -0.53049458
v -0.36866726 -0.27959617 -0.49168744
v -0.35792008 -0.28930597 -0.48655147
v -0.36126228 -0.27289666 -0.50227010
v -0.23159092 -0.24071483 -0.57712511
v -0.24177503 -0.23007903 -0.58155907
v -0.24300086 -0.24345718 -0.57189461
v -0.22823261 -0.25273887 -0.56903770
v -0.24320839 -0.25562820 -0.56259054
v -0.25638726 -0.24710758 -0.56526904
v -0.24525072 -0.21584607 -0.58967580
v -0.11642451 -0.37153569 -0.46947315
v -0.12387027 -0.36277826 -0.48052473
v -0.10391399 -0.37404525 -0.47060270
v -0.14312034 -0.30942894 -0.54088667
v 0.07467883 -0.29039032 -0.60595663
v 0.08016857 -0.30032566 -0.59941715
v 0.08876418 -0.29432661 -0.60549804
v 0.06519568 -0.30126840 -0.59594581
v 0.07134649 -0.27692984 -0.61489737
v 0.08082013 -0.31161097 -0.59025565
v 0.09228509 -0.30403852 -0.59847842
v -0.57280058 -0.14336332 -0.42493802
v -0.56197220 -0.14710446 -0.43969974
v -0.56458658 -0.15891983 -0.42845705
v -0.57401158 -0.15515905 -0.41599123
v 0.16572833 -0.26971947 -0.63305292
v 0.16924639 -0.28496906 -0.62238367
v 0.18403681 -0.29528990 -0.61565468
v 0.00478450 -0.41937660 -0.42860059
v 0.00897871 -0.41341069 -0.44354872
v -0.21954039 -0.39537588 -0.35441768
v -0.28739211 -0.17994289 -0.59654660
v -0.29255671 -0.16380480 -0.60247558
v -0.28131247 -0.19444443 -0.59102367
v -0.27045512 -0.18499542 -0.59931704
v -0.27889654 -0.17203366 -0.60306720
v -0.31049175 -0.16004186 -0.59823259
v -0.27718445 -0.16023780 -0.60891040
v -0.30183815 -0.14852327 -0.60612219
v -0.28777979 -0.15095142 -0.60961824
v 0.09616662 -0.41631071 -0.45926471
v 0.10143944 -0.42287255 -0.44587557
v 0.30005368 -0.33391251 -0.58354176
v 0.30717098 -0.34086043 -0.57609922
v -0.05663980 -0.22400224 -0.62441849
v -0.03347578 -0.23338077 -0.62325803
v -0.04485712 -0.22282133 -0.62725990
v -0.55615946 -0.24749157 -0.35454319
v 0.12917947 -0.26205231 -0.63379628
v 0.14055234 -0.24852452 -0.64361581
v 0.14094417 -0.25814499 -0.63781331
v 0.12863316 -0.27292065 -0.62651525
v 0.14125724 -0.26902178 -0.63076489
v -0.18566360 -0.06384398 -0.66765954
v -0.16883112 -0.06715401 -0.67067179
v 0.07202821 -0.20529146 -0.65643539
v 0.07685108 -0.21554482 -0.65212724
v -0.34108684 -0.26452872 -0.51972030
v -0.34134539 -0.25693482 -0.52644442
v 0.30940285 -0.35811028 -0.55613501
v 0.31497678 -0.34930254 -0.56684850
v 0.30266393 -0.36723274 -0.54461672
v -0.52998935 -0.26962101 -0.36412074
v -0.54299491 -0.25878269 -0.36023253
v -0.14681131 -0.15524116 -0.64331946
v -0.14073017 -0.14584355 -0.64857196
v -0.15319244 -0.14298645 -0.64726640
v -0.16066186 -0.15378755 -0.64115608
v -0.13310328 -0.15563848 -0.64577116
v -0.35140230 -0.32717124 -0.43574107
v -0.35800350 -0.31980745 -0.44444979
v -0.04083045 -0.36054625 -0.51354652
v -0.05213380 -0.36524008 -0.50361704
v -0.02815740 -0.36573592 -0.51084780
v -0.02991450 -0.35700728 -0.52129308
v -0.05495994 -0.35437740 -0.51674807
v -0.04303264 -0.35093751 -0.52466392
v 0.41891095 -0.45051134 -0.36277296
v 0.42362807 -0.44886406 -0.37617144
v 0.43885691 -0.44762391 -0.37704810
v 0.27959833 -0.37793466 -0.52991250
v 0.25922096 -0.39996404 -0.49749898
v 0.33294463 -0.44811096 -0.38884790
v 0.03663571 -0.14971209 -0.67557911
v 0.04679018 -0.13920699 -0.68110453
v -0.10871250 -0.27998372 -0.57628178
v -0.09483997 -0.28514195 -0.57527863
v -0.09960353 -0.27526586 -0.58205820
v -0.10944054 -0.26892954 -0.58467324
v -0.12185321 -0.27358380 -0.57830384
v -0.11975399 -0.28524533 -0.56937783
v -0.06976589 -0.16831263 -0.65111851
v -0.04450115 -0.15933541 -0.65931860
v -0.05770397 -0.15255388 -0.66013936
v -0.07021860 -0.15828291 -0.65557958
v 0.22908332 -0.30299194 -0.61189753
v 0.14115086 -0.28026773 -0.62292005
v -0.15074908 -0.40575234 -0.37421885
v -0.15788972 -0.40962865 -0.35662822
v -0.13525073 -0.40688225 -0.38227788
v -0.14500846 -0.40215614 -0.38877942
v -0.14295531 -0.41268171 -0.35850898
v -0.13629628 -0.41081004 -0.36979155
v -0.13493510 -0.40185395 -0.39638498
v -0.14761762 -0.39704249 -0.40058096
v 0.17478730 -0.40342756 -0.48947535
v 0.19249065 -0.40538824 -0.48671227
v 0.16414646 -0.40012351 -0.49482874
v 0.16884904 -0.40999235 -0.47779745
v 0.18324411 -0.41253579 -0.47358782
v 0.19931295 -0.41245887 -0.47452566
v 0.20229964 -0.40031956 -0.49547971
v -0.13583961 -0.26756466 -0.57981533
v -0.45540210 -0.09835236 -0.56256749
v -0.46835815 -0.09796866 -0.55453370
v 0.00452661 -0.30370142 -0.58242618
v -0.37750052 -0.37056362 -0.30423041
v 0.07100107 -0.38153459 -0.51380018
v 0.05910654 -0.38627946 -0.50487264
v 0.07397987 -0.39027754 -0.50165093
v 0.06482736 -0.39478983 -0.49305290
v 0.05363773 -0.39251362 -0.49443275
v 0.07756756 -0.39816854 -0.48987633
v 0.08682582 -0.39432755 -0.49751843
v -0.53435273 -0.25694664 -0.37588102
v -0.54884598 -0.24576408 -0.36904883
v -0.52247076 -0.26947854 -0.37519762
v -0.54379918 -0.24077883 -0.38308459
v -0.49748664 -0.32335044 -0.30335329
v -0.06215059 -0.32758871 -0.54478306
v -0.04730188 -0.33157939 -0.54476700
v -0.07963425 -0.32397935 -0.54363199
v -0.06954008 -0.33612745 -0.53365601
v -0.05602246 -0.33622157 -0.53752883
v 0.03542012 -0.44337770 -0.36988279
v 0.02621516 -0.43969294 -0.37927417
v 0.02080214 -0.44219993 -0.36766376
v 0.03878443 -0.43977425 -0.38405932
v 0.03068344 -0.44625459 -0.35632824
v 0.05242056 -0.44419306 -0.37290587
v 0.04348623 -0.44678160 -0.35968924
v 0.02518949 -0.43510000 -0.39384517
v 0.33088281 -0.45799331 -0.32011986
v 0.31755013 -0.45904648 -0.31271119
v -0.08341434 -0.29367942 -0.57082760
v -0.08047692 -0.28308235 -0.58011539
v -0.08973597 -0.27609739 -0.58355774
v -0.13596742 -0.35512183 -0.48746174
v 0.06652998 -0.25105444 -0.63088173
v -0.40349765 -0.26664083 -0.48585084
v -0.39279616 -0.28009838 -0.47816811
v -0.38566604 -0.27261077 -0.48998332
v -0.41956140 -0.26651585 -0.47630821
v -0.39281339 -0.26036561 -0.49801488
v -0.37574555 -0.26540794 -0.50224031
v -0.43882806 -0.32014530 -0.38399606
v -0.46105941 -0.30839691 -0.38541990
v -0.25497202 -0.28004825 -0.53784475
v -0.24400791 -0.26668987 -0.55330220
v -0.04167463 -0.44415983 -0.31733188
v -0.02745684 -0.44523999 -0.32468743
v -0.36760186 -0.30930734 -0.45539266
v -0.35770068 -0.30580365 -0.46600894
v 0.26156056 -0.43441445 -0.42948618
v -0.31150729 -0.21158305 -0.57103053
v -0.58182286 -0.15348133 -0.40339802
v -0.57505059 -0.16398097 -0.40875044
v -0.56622247 -0.17057043 -0.41810763
v -0.08562039 -0.13832940 -0.66158595
v -0.07122797 -0.14492813 -0.66119487
v 0.25043013 -0.44935774 -0.38114836
v -0.18585953 -0.29041665 -0.54784076
v 0.26732308 -0.43914558 -0.41661042
v 0.01239911 -0.38146101 -0.50066275
v 0.00794575 -0.37315922 -0.51128830
v -0.35790196 -0.36138351 -0.35334706
v -0.37163262 -0.35534972 -0.35896532
v -0.36330543 -0.36412489 -0.34078110
v -0.34490485 -0.36581974 -0.35097397
v -0.36915810 -0.35989462 -0.34844574
v -0.28283430 -0.34743072 -0.43441459
v -0.28715574 -0.34014884 -0.44596283
v -0.45638094 -0.34170319 -0.31008935
v -0.46884841 -0.33721357 -0.30685520
v -0.39626347 -0.20690354 -0.53792233
v -0.40621197 -0.20299315 -0.53532246
v -0.38477258 -0.20336553 -0.54573414
v -0.39939340 -0.19666405 -0.54279527
v -0.38719923 -0.21665886 -0.53588975
v -0.41253793 -0.19346956 -0.53795848
v -0.25541436 -0.28936583 -0.52831531
v -0.25599379 -0.29884032 -0.51773786
v -0.46889828 -0.20472428 -0.49468499
v -0.47057142 -0.19232131 -0.50213557
v -0.46777139 -0.21648684 -0.48677002
v -0.48159754 -0.19443766 -0.49232445
v -0.48027717 -0.20623524 -0.48488071
v -0.45676627 -0.11119745 -0.55608311
v -0.47038488 -0.11141991 -0.54737577
v -0.47285343 -0.12183991 -0.54097732
v -0.44407388 -0.12334080 -0.55794770
v -0.48170681 -0.09807838 -0.54519375
v -0.44202226 -0.10877854 -0.56561997
v 0.15324069 -0.35699257 -0.55396931
v 0.14483804 -0.36395563 -0.54528875
v 0.14286845 -0.37190744 -0.53507389
v 0.13729055 -0.35647220 -0.55362257
v 0.15465957 -0.34810201 -0.56418003
v 0.14289376 -0.34805942 -0.56337985
v 0.16377458 -0.35167253 -0.56060347
v -0.34716646 -0.24789097 -0.53144742
v -0.36258402 -0.26432864 -0.50990643
v -0.35165949 -0.23859993 -0.53681311
v -0.22259204 -0.32340020 -0.49922966
v -0.20948101 -0.31846585 -0.51024339
v -0.19716966 -0.32612982 -0.50493638
v -0.04459485 -0.34134824 -0.53516341
v -0.03331418 -0.33733935 -0.54252060
v -0.05621457 -0.34439933 -0.52833408
v 0.29558877 -0.37573603 -0.53343311
v 0.31018400 -0.37562854 -0.53436602
v -0.38193352 -0.29043615 -0.47257186
v -0.37974180 -0.28271968 -0.48268485
v -0.51708547 -0.27947581 -0.36726324
v -0.50926322 -0.27717541 -0.38116852
v -0.10246346 -0.23907897 -0.60665875
v -0.09837280 -0.25244209 -0.59869158
v -0.11534765 -0.24723701 -0.59879144
v -0.38272995 -0.29972724 -0.46029048
v -0.38372726 -0.30829724 -0.44769567
v -0.36920888 -0.29916242 -0.46868804
v -0.24035718 -0.19558604 -0.60248069
v -0.24705697 -0.20489517 -0.59563180
v -0.23451694 -0.20966126 -0.59626905
v -0.25385407 -0.18323775 -0.60505742
v -0.25648062 -0.19576161 -0.59792321
v -0.23860911 -0.18165392 -0.61003401
v 0.01944604 -0.21272866 -0.64419413
v 0.00963153 -0.20204193 -0.64801146
v 0.02203679 -0.20135454 -0.65041139
v -0.26234823 -0.15828212 -0.61415544
v -0.27476024 -0.14497360 -0.61602739
v -0.26574807 -0.17144863 -0.60728251
v -0.24712322 -0.15687121 -0.61906505
v -0.25789518 -0.14586678 -0.62064959
v -0.25057168 -0.17001786 -0.61227330
v 0.09309784 -0.33522484 -0.57104833
v 0.08084926 -0.33379063 -0.57044435
v 0.08924137 -0.34416002 -0.56145703
v 0.10244801 -0.34106677 -0.56657668
v -0.57655635 -0.17713650 -0.39640550
v -0.57994817 -0.16608232 -0.39860779
v -0.57581847 -0.18659501 -0.38953323
v -0.57187587 -0.17482864 -0.40620074
v -0.56917677 -0.18648718 -0.40113321
v 0.13922149 -0.43233516 -0.42786779
v 0.19414981 -0.41738652 -0.46502292
v 0.19792178 -0.42160293 -0.45671390
v -0.56163813 -0.13200797 -0.44875451
v -0.07985759 -0.34044275 -0.52574810
v -0.08354912 -0.33286230 -0.53322164
v -0.10197528 -0.06600324 -0.68454007
v -0.08649976 -0.06679997 -0.68696825
v -0.14301235 -0.13353946 -0.65310997
v 0.24773367 -0.39754817 -0.50098846
v 0.23493633 -0.39887278 -0.49851690
v 0.24653227 -0.40482454 -0.48918263
v -0.47930428 -0.21765103 -0.47686615
v -0.49120670 -0.20723141 -0.47513500
v -0.48968251 -0.21778768 -0.46803183
v -0.20604033 -0.38265344 -0.39937839
v -0.22024861 -0.38155414 -0.39323476
v -0.22086361 -0.37529114 -0.40811627
v -0.22071324 -0.39033281 -0.36896225
v -0.23000625 -0.38398977 -0.38047434
v -0.12032778 -0.38367085 -0.44578245
v -0.27648960 -0.33836313 -0.45429598
v -0.27353613 -0.33314178 -0.46444956
v -0.34911842 -0.22982981 -0.54425888
v -0.36097741 -0.21872136 -0.54667355
v 0.31663296 -0.38359112 -0.52430655
v 0.32265539 -0.37657661 -0.53410551
v -0.16010680 -0.42213654 -0.30664014
v -0.14947353 -0.42218772 -0.31706858
v -0.16216848 -0.41885319 -0.31910849
v -0.14519761 -0.42633181 -0.30240683
v -0.15609614 -0.41750466 -0.33013930
v -0.17053368 -0.41463141 -0.32819326
v -0.55026297 -0.11483896 -0.47191397
v -0.06961822 -0.29152753 -0.57574498
v -0.61101060 -0.11214191 -0.36443800
v -0.61388257 -0.08980013 -0.37061351
v 0.01735011 -0.39132201 -0.48693192
v 0.31925822 -0.41749898 -0.47146749
v -0.49230082 -0.19571293 -0.48273914
v -0.48343007 -0.18224060 -0.49915321
v -0.49367162 -0.18400235 -0.48969479
v -0.23132758 -0.26461919 -0.55866694
v -0.21980924 -0.26359578 -0.56268571
v -0.17876147 -0.07933284 -0.66464553
v -0.16131193 -0.08085890 -0.66812041
v -0.15320469 -0.07013889 -0.67327787
v -0.42593424 -0.11177468 -0.57260556
v -0.43227577 -0.12074379 -0.56560668
v -0.42965397 -0.13404063 -0.56085353
v -0.43391464 -0.09884968 -0.57394710
v -0.41955789 -0.10075744 -0.58002255
v -0.05481592 -0.37222062 -0.49302747
v 0.08265677 -0.45160288 -0.35272107
v -0.25178761 -0.13742426 -0.62576198
v -0.24558216 -0.14604885 -0.62405930
v -0.26528974 -0.13109251 -0.62423123
v 0.01373966 -0.36970532 -0.51746735
v -0.60489011 -0.20873205 -0.30297011
v 0.27954717 -0.42874953 -0.44422805
v 0.29480248 -0.42904033 -0.44472501
v -0.57329986 -0.19992502 -0.38157015
v -0.56372205 -0.20887975 -0.38877958
v -0.56671474 -0.19815674 -0.39453315
v -0.56619085 -0.21311142 -0.38018602
v -0.60630225 -0.12708446 -0.36734129
v -0.60854590 -0.13647293 -0.35723784
v 0.39769013 -0.41154905 -0.49473950
v 0.38749827 -0.40566972 -0.50234841
v 0.09657974 -0.45206652 -0.35422428
v 0.09066034 -0.45462344 -0.34074189
v 0.10157257 -0.40669597 -0.47871854
v 0.09289909 -0.40948532 -0.47231872
v -0.06896003 -0.34699415 -0.52131130
v -0.35560158 -0.29849158 -0.47674068
v -0.36898279 -0.29010895 -0.48000368
v 0.00536393 -0.45396420 -0.30180827
v -0.50694058 -0.08078655 -0.53145352
v -0.51814139 -0.08179691 -0.52073634
v -0.07168388 -0.12922530 -0.66753996
v -0.05785767 -0.13918400 -0.66575298
v -0.05656405 -0.12767715 -0.67057590
v -0.06249336 -0.11685733 -0.67379170
v -0.06834884 -0.35751461 -0.50826017
v -0.12077907 -0.40755588 -0.39035802
v -0.12412235 -0.41234497 -0.37406975
v -0.12394952 -0.40095301 -0.40579039
v -0.11014489 -0.41405126 -0.37904147
v -0.44118608 -0.29059147 -0.43201236
v 0.05271381 -0.15559191 -0.67551304
v 0.04042899 -0.16238939 -0.67097388
v -0.49259263 -0.08600836 -0.54172200
v -0.16594617 -0.18696169 -0.62437708
v -0.40659443 -0.18457005 -0.54634938
v -0.39016863 -0.18768934 -0.55256705
v -0.37506008 -0.21377051 -0.54366313
v -0.36923998 -0.20555738 -0.55153848
v -0.37673912 -0.19537417 -0.55438066
v -0.51990197 -0.19617333 -0.45719820
v -0.51271299 -0.19599686 -0.46433938
v -0.52365001 -0.18539335 -0.46112011
v -0.51342447 -0.20356881 -0.45787648
v 0.15273350 -0.26428347 -0.63529139
v -0.33536369 -0.17710844 -0.58129092
v -0.34709302 -0.16936340 -0.58079494
v -0.34855991 -0.18052037 -0.57450262
v -0.33812078 -0.16124425 -0.58794941
v -0.23091473 -0.09338151 -0.64697626
v -0.29077592 -0.38465886 -0.33430288
v -0.27772022 -0.38506684 -0.34322232
v -0.29040548 -0.38930903 -0.31804712
v -0.29185703 -0.39326846 -0.30131890
v -0.55443470 -0.23382309 -0.37552059
v -0.56089603 -0.23479171 -0.36353960
v -0.36228937 -0.18256801 -0.56787068
v -0.36458340 -0.19491233 -0.55998441
v -0.06667910 -0.28051680 -0.58507687
v -0.07857448 -0.27069230 -0.58992087
v -0.06211333 -0.26795569 -0.59525765
v -0.40142717 -0.17364146 -0.55504722
v -0.38702946 -0.17448038 -0.56147997
v -0.39611036 -0.16263696 -0.56348389
v -0.41081645 -0.16011818 -0.55760302
v 0.30581972 -0.43948795 -0.41805768
v 0.30185351 -0.43432749 -0.43224095
v 0.29397866 -0.43774255 -0.42243587
v 0.29268907 -0.44220532 -0.40859789
v 0.28758701 -0.43381073 -0.43258184
v 0.28224262 -0.43830852 -0.42000559
v -0.50849483 -0.13065303 -0.50838382
v -0.49729864 -0.15068177 -0.50725213
v -0.50577045 -0.14078827 -0.50543790
v 0.27859021 -0.44219810 -0.40792951
v 0.05790047 -0.32263388 -0.57674987
v 0.06531443 -0.31360475 -0.58594479
v -0.50254657 -0.31630147 -0.31487424
v -0.48184655 -0.33046755 -0.30767383
v -0.49166405 -0.32292625 -0.31473049
v 0.09080525 -0.23468600 -0.64417337
v 0.08003700 -0.25495706 -0.63069229
v 0.08860925 -0.24718450 -0.63676772
v -0.51361274 -0.18536865 -0.47107200
v -0.51510275 -0.17358982 -0.47743774
v -0.52275216 -0.17569995 -0.46869893
v -0.50386065 -0.18481495 -0.48035601
v -0.50275380 -0.19641446 -0.47316824
v -0.52741406 -0.16314219 -0.47172329
v -0.50506714 -0.17306936 -0.48700000
v -0.51674235 -0.15923817 -0.48463244
v -0.49268712 -0.28971008 -0.38199127
v -0.47930930 -0.30236146 -0.37614572
v -0.46999661 -0.30382868 -0.38434710
v -0.49867327 -0.27943111 -0.39118555
v -0.40038108 -0.32246098 -0.41261328
v -0.39620453 -0.31634078 -0.42666792
v -0.40127378 -0.32786874 -0.40126289
v -0.41969974 -0.14714918 -0.55972371
v -0.42548984 -0.15749328 -0.55141917
v -0.38441731 -0.16494623 -0.56773898
v -0.15096984 -0.09479530 -0.66572486
v -0.16130697 -0.10408528 -0.66036508
v -0.16612593 -0.11519193 -0.65536543
v -0.15877426 -0.12888333 -0.65173463
v -0.05508589 -0.10790592 -0.67822897
v -0.04386049 -0.10441281 -0.68111911
v -0.03288536 -0.10018932 -0.68417091
v -0.04234291 -0.09130935 -0.68582339
v -0.41438241 -0.06433715 -0.59461732
v -0.64368176 -0.09542282 -0.30870313
v -0.63957501 -0.10748720 -0.30371476
v -0.63563797 -0.10653966 -0.31335553
v -0.24300413 -0.29640342 -0.52488131
v -0.23009246 -0.30275308 -0.52205486
v -0.24216928 -0.30634046 -0.51378855
v 0.02757828 -0.16035876 -0.66991884
v -0.40884395 -0.07881953 -0.59251806
v -0.44982337 -0.17668114 -0.52647621
v 0.13023812 -0.46162638 -0.30767711
v -0.36091130 -0.16813597 -0.57592903
v -0.37433419 -0.17260207 -0.56813475
v -0.37574270 -0.18472233 -0.56094121
v 0.02939277 -0.42658307 -0.41985200
v 0.03370616 -0.42107648 -0.43486232
v 0.01952871 -0.41992427 -0.43269105
v 0.01607655 -0.42433588 -0.42083044
v 0.01967531 -0.42927813 -0.40897360
v 0.03133102 -0.43185967 -0.40627843
v 0.04660756 -0.42204056 -0.43682347
v 0.16426395 -0.34156397 -0.57157740
v 0.14957773 -0.34125214 -0.57106552
v -0.49356666 -0.31806913 -0.32476267
v 0.03366327 -0.39285439 -0.48903782
v 0.04549665 -0.39444054 -0.48956006
v 0.02801013 -0.39943390 -0.47653060
v 0.04178433 -0.39984429 -0.47958156
v 0.05594750 -0.39962933 -0.48323469
v -0.16482474 -0.38469004 -0.41947074
v 0.37155549 -0.41524436 -0.48303655
v 0.37427200 -0.40765331 -0.49668523
v 0.38517512 -0.41342363 -0.48886321
v -0.16901274 -0.16474116 -0.63450387
v -0.17201025 -0.15271428 -0.63929112
v -0.16943137 -0.14095378 -0.64471440
v 0.12787838 -0.34741520 -0.56275701
v -0.23836925 -0.06803141 -0.65265676
v -0.22752454 -0.07873972 -0.65243393
v -0.22461658 -0.06179284 -0.65820034
v -0.21557085 -0.09126545 -0.65171767
v -0.21091511 -0.07619325 -0.65759536
v -0.25655176 -0.37885068 -0.37700985
v -0.26067390 -0.37207004 -0.39211521
v -0.27310785 -0.37433187 -0.37821592
v -0.24380642 -0.38301005 -0.37405784
v -0.24524601 -0.37794377 -0.38680815
v -0.25174427 -0.38467440 -0.36374648
v -0.26458869 -0.38068206 -0.36635822
v 0.01410525 -0.39977039 -0.47180516
v 0.24449483 -0.30410350 -0.61157843
v 0.23617277 -0.29678153 -0.61773981
v 0.26131307 -0.30865237 -0.60797007
v 0.23535569 -0.31282366 -0.60309820
v 0.24897533 -0.31411278 -0.60233275
v 0.02484184 -0.40627115 -0.46322565
v 0.03762419 -0.40599357 -0.46749812
v -0.39679215 -0.30808550 -0.43979318
v -0.61611946 -0.14015232 -0.33656999
v -0.02569371 -0.44822311 -0.31000033
v -0.17893655 -0.40951948 -0.33975381
v -0.22955094 -0.36718267 -0.42151118
v -0.23745417 -0.37056615 -0.40960642
v -0.22307685 -0.36266857 -0.43442131
v -0.23579896 -0.36071571 -0.43183337
v -0.23341639 -0.37704933 -0.39642579
v -0.11498076 -0.39995786 -0.41388318
v 0.05567096 -0.13050373 -0.68561488
v -0.28035211 -0.13098577 -0.61985474
v -0.37329770 -0.31673303 -0.44070783
v -0.38602318 -0.31440724 -0.43686344
v -0.18415581 -0.32868666 -0.50620284
v -0.31933293 -0.14424746 -0.60207359
v -0.19204825 -0.27932291 -0.55645290
v -0.20464894 -0.27560430 -0.55647768
v -0.23535468 -0.38916511 -0.36187132
v -0.49747861 -0.07059140 -0.54345158
v -0.53071797 -0.13203101 -0.48596625
v -0.52156837 -0.14443083 -0.48858014
v -0.51761567 -0.13390884 -0.49808949
v -0.54233931 -0.12947305 -0.47457537
v -0.53263913 -0.14586402 -0.47637312
v -0.50893303 -0.15068910 -0.49700380
v 0.26454519 -0.46163596 -0.30496613
v -0.11252201 -0.39658915 -0.42313053
v 0.15399038 -0.27583727 -0.62753403
v 0.12441781 -0.37918444 -0.52404751
v -0.54501973 -0.13895389 -0.46669243
v -0.55392308 -0.12630994 -0.46216498
v 0.37606336 -0.39967931 -0.50947691
v -0.32487064 -0.15670657 -0.59478995
v -0.43865333 -0.07569883 -0.57993178
v -0.42887106 -0.08768420 -0.58052695
v -0.42445864 -0.07411828 -0.58710579
v -0.43663839 -0.06478700 -0.58437996
v -0.44208522 -0.08704329 -0.57432491
v -0.41506465 -0.08892510 -0.58640480
v 0.07360097 -0.32311818 -0.57910160
v 0.06646549 -0.33262780 -0.56916977
v 0.06236663 -0.33889547 -0.56246748
v 0.07246683 -0.34320259 -0.55972398
v 0.08172364 -0.41262752 -0.46439083
v 0.08461189 -0.42050495 -0.44848071
v 0.07981889 -0.40539219 -0.47778612
v 0.09120223 -0.40213060 -0.48537542
v -0.23492664 -0.16832813 -0.61723438
v -0.24095662 -0.31730066 -0.50053459
v -0.18095716 -0.15718101 -0.63538796
v -0.18005529 -0.14705572 -0.63994791
v -0.18670659 -0.13556604 -0.64304198
v 0.17330444 -0.44987986 -0.37513352
v 0.18425670 -0.44797796 -0.38386409
v 0.19017440 -0.45115364 -0.37123790
v 0.26989770 -0.33224446 -0.58439727
v 0.07565316 -0.14335720 -0.68354847
v 0.06151366 -0.14235890 -0.68197114
v -0.29216238 -0.13707456 -0.61387972
v -0.50234120 -0.20857774 -0.46419676
v 0.35223975 -0.45448727 -0.35092950
v 0.39653263 -0.41825716 -0.48231196
v -0.16434261 -0.41236558 -0.34202979
v -0.26815647 -0.19846436 -0.59299648
v -0.24709687 -0.37207996 -0.40044670
v 0.39743965 -0.42395697 -0.47080932
v -0.06571144 -0.36753254 -0.49564990
v -0.37572249 -0.16023264 -0.57379966
v -0.36590121 -0.15159955 -0.58178916
v 0.08184670 -0.35213343 -0.55177761
v -0.09047016 -0.39994112 -0.42768903
v -0.07619592 -0.39934595 -0.43639549
v -0.10334227 -0.39506437 -0.43136091
v 0.36651361 -0.38429965 -0.52937026
v 0.25427785 -0.45653607 -0.34596789
v -0.25823029 -0.20756190 -0.59085439
v -0.26785001 -0.36695879 -0.40041472
v -0.25862427 -0.36616827 -0.40759154
v -0.36368580 -0.13667536 -0.58913750
v -0.37536688 -0.12754358 -0.58836300
v -0.35062996 -0.14785320 -0.58931413
v -0.36463180 -0.12201526 -0.59469392
v -0.17903681 -0.28301793 -0.55654661
v -0.18925856 -0.10315597 -0.65441961
v -0.18086879 -0.11405133 -0.65257072
v -0.17486011 -0.10341615 -0.65766297
v -0.19832118 -0.08972867 -0.65662343
v -0.20518336 -0.10590206 -0.64952622
v -0.19283469 -0.11390058 -0.64983038
v -0.18315800 -0.09195868 -0.65961549
v -0.18884507 -0.08407421 -0.66082360
v -0.19461167 -0.07548081 -0.66200055
v 0.15291317 -0.28609939 -0.61997899
v -0.24746714 -0.36804577 -0.40978248
v 0.05854082 -0.34526768 -0.55518109
v 0.06892520 -0.35552926 -0.54582778
v -0.16839705 -0.09235277 -0.66282155
v -0.17483780 -0.12615923 -0.64938681
v -0.18733154 -0.12265066 -0.64792619
v -0.25632836 -0.30845349 -0.50620845
v 0.07250798 -0.36613681 -0.53407817
v -0.00798524 -0.34045987 -0.54579097
v -0.55444520 -0.22304274 -0.38783893
v 0.20587484 -0.39196374 -0.50858664
v -0.18097814 -0.35392523 -0.47091066
v -0.33551387 -0.14601093 -0.59565414
v -0.09526351 -0.26582207 -0.58998612
v -0.10823355 -0.25886056 -0.59225365
v -0.12299645 -0.25997932 -0.58828922
v -0.08317673 -0.25827591 -0.59778099
v -0.17417716 -0.17763620 -0.62726037
v -0.19054172 -0.17669551 -0.62404965
v -0.18136414 -0.16768371 -0.63049335
v -0.53873126 -0.06832783 -0.50235950
v -0.52756564 -0.07470590 -0.51338184
v -0.52004113 -0.06842583 -0.52330844
v -0.43198620 -0.14613809 -0.55375939
v 0.25760257 -0.33890502 -0.57695580
v -0.18299751 -0.34525217 -0.48365571
v -0.17649068 -0.33802095 -0.49654568
v 0.06890887 -0.40125411 -0.48315777
v -0.56285318 -0.18470530 -0.41243446
v -0.19814729 -0.26816225 -0.56451714
v -0.22692858 -0.31287018 -0.51114108
v -0.54054204 -0.08332639 -0.49563978
v -0.54971868 -0.07874214 -0.48550920
v -0.50848311 -0.22214436 -0.44696035
v -0.49603223 -0.22508060 -0.45605300
v -0.51697325 -0.21502186 -0.44448390
v -0.46640474 -0.30981793 -0.37712224
v -0.20997027 -0.25711196 -0.57042730
v -0.21037574 -0.26799866 -0.56155286
v -0.14936244 -0.41534918 -0.34404519
v 0.13373963 -0.23136669 -0.65232297
v -0.55188668 -0.13934113 -0.45822626
v -0.55437436 -0.14556232 -0.45148625
v -0.11636698 -0.39092206 -0.43322857
v -0.03154288 -0.34744001 -0.53203022
v -0.01986559 -0.34393661 -0.53906357
v -0.22044141 -0.10303170 -0.64662296
v -0.44552521 -0.09618827 -0.56908721
v 0.06944490 -0.26323660 -0.62371987
v -0.50994891 -0.21308342 -0.45334212
v -0.53938305 -0.23412442 -0.39741177
v 0.26091375 -0.32101208 -0.59585617
v 0.25505067 -0.33019634 -0.58626058
v -0.35255276 -0.15967803 -0.58332545
v 0.09174669 -0.43666460 -0.40878167
v 0.24286075 -0.32363394 -0.59270682
v 0.24405435 -0.33509658 -0.58080478
v -0.15424967 -0.23824297 -0.59688801
v -0.15287610 -0.25109235 -0.58834647
v -0.14326707 -0.24628008 -0.59382998
v 0.09322818 -0.42734807 -0.43418730
v 0.40927209 -0.42209855 -0.47702071
v -0.51127800 -0.06180218 -0.53414575
v 0.36548292 -0.40250167 -0.50340417
v 0.04976862 -0.41815736 -0.44656979
v 0.03915675 -0.41654882 -0.44689913
v -0.49522686 -0.17258904 -0.49588400
v -0.50482952 -0.16351879 -0.49321927
v -0.49718186 -0.16146599 -0.50111752
v -0.56386513 -0.22307662 -0.37284417
v -0.01522681 -0.44841309 -0.31828584
v -0.07293143 -0.26246194 -0.59698797
v -0.53239931 -0.08170352 -0.50577043
v -0.20735352 -0.17902187 -0.61907607
v -0.14802120 -0.08162584 -0.67076844
v 0.27373343 -0.43408504 -0.43094206
v -0.01927405 -0.18437970 -0.65187988
v 0.02447309 -0.41373909 -0.44808600
v 0.01174428 -0.40691885 -0.45776284
v -0.11777970 -0.17852243 -0.63786717
v -0.12562583 -0.16736316 -0.64181809
v -0.54707593 -0.07066251 -0.49129119
v -0.13109382 -0.24779487 -0.59528236
v -0.00383430 -0.45134784 -0.31090031
v -0.01394753 -0.45073221 -0.30622231
v 0.24664931 -0.34475577 -0.57025574
v 0.03439962 -0.41110844 -0.45678728
v -0.13934772 -0.25593667 -0.58778647
f 686 1163 1162
f 1035 1036 793
f 1035 380 379
f 800 1507 685
f 2205 2468 2508
f 1165 1541 1164
f 680 685 684
f 2371 961 1256
f 1536 1063 1258
f 1537 1635 1322
f 2371 2205 2508
f 2332 2334 2333
f 1493 1492 1568
f 2527 2478 1492
f 792 793 801
f 2295 1650 2303
f 792 801 800
f 1162 1165 1164
f 2386 2389 2388
f 2386 1255 1828
f 1253 959 1255
f 1541 1493 1567
f 1322 1636 1291
f 1537 1536 1634
f 679 686 681
f 2388 2295 2303
f 2332 1293 1294
f 2527 2466 2477
f 1253 1256 960
f 1035 1037 380
f 1927 2172 1926
f 678 680 679
f 466 1650 463
f 2444 2336 677
f 460 463 462
f 1568 1492 2478
f 462 1061 461
f 2467 2518 2466
f 2467 2468 2206
f 1035 793 794
f 686 1162 1161
f 1289 1291 1292
f 1567 1493 1568
f 800 685 799
f 1541 1567 1164
f 2206 2468 2205
f 2527 2477 2478
f 678 679 681
f 680 683 685
f 1035 794 1037
f 790 793 792
f 2518 2477 2466
f 2333 2334 2336
f 791 792 800
f 686 1161 681
f 460 466 463
f 790 794 793
f 1060 1061 1063
f 678 683 680
f 2219 2205 2371
f 2219 2371 1256
f 1162 1164 1166
f 1289 1294 1293
f 460 462 461
f 791 800 799
f 629 2303 1650
f 1162 1166 1161
f 629 1650 466
f 685 2164 799
f 2467 1413 2518
f 1253 1255 1254
f 2386 2390 1255
f 2386 2388 2387
f 2467 2206 1413
f 685 683 2164
f 790 792 791
f 2172 2444 1926
f 1060 461 1061
f 1253 1257 1256
f 1535 1063 1536
f 1741 1568 2478
f 2296 1037 794
f 2388 2303 2391
f 1741 2478 2477
f 1927 2174 2173
f 1567 1569 1164
f 867 1536 1537
f 1161 986 681
f 678 681 682
f 2518 1414 2477
f 1567 1568 1570
f 790 795 794
f 2390 1254 1255
f 402 405 404
f 1537 1322 864
f 1253 1254 1257
f 2332 2333 1293
f 2386 2387 2390
f 1418 2206 2205
f 678 589 683
f 791 799 798
f 799 2164 798
f 2387 2388 2391
f 2518 1413 1414
f 1166 1164 1869
f 1465 1339 1467
f 2296 794 795
f 460 464 466
f 866 1322 1291
f 1161 1166 985
f 790 791 796
f 681 986 682
f 1418 1413 2206
f 1741 1570 1568
f 590 2164 683
f 2074 2219 1256
f 629 632 2303
f 464 629 466
f 678 682 589
f 1766 2205 2219
f 1736 1741 2477
f 1535 1536 867
f 1869 1164 1569
f 1567 1570 1569
f 1736 2477 1414
f 1161 985 986
f 402 404 403
f 790 796 795
f 1257 1987 1256
f 2391 2303 632
f 1818 2134 2135
f 1060 1063 1062
f 590 683 589
f 590 798 2164
f 460 461 465
f 1535 1062 1063
f 985 1166 1869
f 791 798 797
f 1287 1291 1289
f 867 1537 864
f 1418 2205 1766
f 2296 795 2298
f 1927 2173 2172
f 2390 2493 1254
f 791 797 796
f 2074 1256 1987
f 1257 1254 1986
f 1412 1414 1413
f 1060 1064 461
f 866 864 1322
f 460 465 464
f 2387 2178 2390
f 1412 1413 1418
f 2296 2298 2297
f 1766 2219 2074
f 981 682 986
f 2520 2174 403
f 1739 1570 1741
f 587 589 682
f 1737 1741 1736
f 981 986 985
f 795 796 1228
f 1254 2493 1986
f 1417 1736 1414
f 1257 1986 1987
f 590 2163 798
f 2387 2391 2179
f 1866 1869 1569
f 465 461 1064
f 588 590 589
f 1289 1293 1288
f 407 405 2134
f 627 632 629
f 2390 2178 2493
f 985 1869 1734
f 464 627 629
f 1570 1867 1569
f 2298 795 1228
f 2163 797 798
f 1287 866 1291
f 1412 1417 1414
f 1737 1739 1741
f 2391 632 633
f 587 682 981
f 588 589 587
f 1227 796 797
f 1866 1569 1867
f 2387 2179 2178
f 1417 1737 1736
f 2439 2336 2444
f 2172 2443 2444
f 1535 867 868
f 2298 1745 2297
f 1287 1289 1288
f 1227 1228 796
f 1412 1418 1416
f 984 985 1734
f 2333 2336 2335
f 2520 2173 2174
f 1735 1734 1869
f 1739 2161 1570
f 981 985 984
f 588 585 590
f 1418 1766 1767
f 1866 1735 1869
f 590 585 2163
f 2179 2391 633
f 1535 868 1062
f 2298 1228 1745
f 2161 1867 1570
f 464 465 628
f 1060 935 1064
f 1060 1062 935
f 627 633 632
f 2071 2074 1987
f 1766 2074 1765
f 2163 1231 797
f 2333 2235 1293
f 2493 2075 1986
f 464 628 627
f 2070 1987 1986
f 1418 1767 1416
f 1227 797 1231
f 2493 2178 2075
f 859 867 864
f 582 588 587
f 984 1734 1735
f 1737 1740 1739
f 1412 1415 1417
f 465 1064 1797
f 1866 1867 1868
f 587 981 584
f 1467 1819 1466
f 1417 1738 1737
f 1866 1868 1735
f 582 585 588
f 1412 1416 1415
f 2071 1765 2074
f 1227 1229 1228
f 1739 1740 2161
f 1745 1228 1744
f 2193 2163 585
f 2439 2444 2443
f 2071 1987 2070
f 1762 1767 1766
f 2175 2178 2179
f 2070 1986 2075
f 859 868 867
f 981 984 982
f 2193 1231 2163
f 858 864 866
f 1762 1766 1765
f 582 587 584
f 1737 1738 1740
f 1228 1229 1744
f 935 1797 1064
f 2161 2383 1867
f 1417 1415 1738
f 1227 1231 1230
f 465 1798 628
f 2175 2075 2178
f 1288 1293 1295
f 1868 1867 2383
f 584 981 982
f 627 630 633
f 2439 2335 2336
f 1818 2135 1819
f 984 1735 1733
f 465 1797 1798
f 1227 1230 1229
f 1767 1770 1416
f 828 2179 633
f 2333 2335 2235
f 582 586 585
f 868 934 1062
f 1287 865 866
f 12 1745 1744
f 2193 585 586
f 1868 2131 1735
f 1416 1770 1415
f 1062 934 935
f 858 859 864
f 627 628 631
f 2375 2161 1740
f 984 1733 982
f 2193 2194 1231
f 1295 1293 2235
f 2071 2072 1765
f 1287 1288 1290
f 2175 2179 828
f 2194 1230 1231
f 1762 1763 1767
f 2375 2383 2161
f 2172 2442 2443
f 1733 1735 2131
f 404 405 407
f 1868 2383 2131
f 1763 1770 1767
f 1762 1765 1768
f 582 584 583
f 1229 1746 1744
f 2372 1740 1738
f 828 633 630
f 627 631 630
f 2070 2075 2073
f 2353 1229 1230
f 2449 2172 2173
f 1611 2071 2070
f 582 583 586
f 858 866 865
f 2176 2075 2175
f 631 628 1798
f 2374 1738 1415
f 1768 1765 2072
f 2520 403 408
f 12 1744 1746
f 584 982 983
f 2193 586 1599
f 2372 2375 1740
f 1770 2257 1415
f 935 936 1797
f 404 408 403
f 2193 1599 2194
f 2353 1746 1229
f 1611 2072 2071
f 1797 936 1798
f 2194 1807 1230
f 859 861 868
f 2176 2073 2075
f 584 983 583
f 1894 982 1733
f 1287 1290 865
f 1762 1764 1763
f 1807 2353 1230
f 407 2134 1818
f 2372 1738 2374
f 1762 1768 1764
f 1288 1295 1290
f 2131 2383 2487
f 2374 1415 2257
f 2375 2382 2383
f 1611 2070 2073
f 2439 2443 2442
f 868 861 934
f 583 1597 586
f 1894 983 982
f 12 1746 11
f 1597 1599 586
f 827 2175 828
f 1763 1769 1770
f 1733 2131 1895
f 2382 2487 2383
f 827 2176 2175
f 2449 2442 2172
f 9 12 11
f 1769 2257 1770
f 1610 1768 2072
f 2194 1599 1595
f 929 935 934
f 2353 1750 1746
f 2194 1595 1807
f 828 630 823
f 2372 2376 2375
f 1894 1733 1895
f 857 859 858
f 1763 1764 1769
f 2131 2487 2488
f 1807 1750 2353
f 631 1798 2434
f 631 823 630
f 1611 1610 2072
f 1764 1768 1610
f 929 936 935
f 2375 2376 2382
f 2287 2173 2520
f 983 2038 583
f 2131 2488 1895
f 11 1746 1747
f 2372 2374 2373
f 2434 1798 936
f 2374 2257 2259
f 583 1596 1597
f 1593 1599 1597
f 2492 2235 2335
f 1747 1746 1750
f 2176 2177 2073
f 1894 1897 983
f 857 861 859
f 1769 2259 2257
f 1593 1595 1599
f 1806 1807 1595
f 1806 1750 1807
f 9 11 8
f 1611 2073 1613
f 2372 2373 2376
f 583 2038 1596
f 1503 2487 2382
f 827 2177 2176
f 824 827 828
f 983 1897 2038
f 931 934 861
f 1295 2235 431
f 2488 2487 1503
f 11 1747 8
f 1593 1597 1596
f 1764 592 1769
f 824 828 823
f 858 865 860
f 1764 1610 592
f 1894 1895 1896
f 2439 2440 2335
f 1503 2382 2376
f 2374 2259 2377
f 2432 823 631
f 2432 631 2434
f 2373 2374 2377
f 929 934 931
f 1609 1610 1611
f 1895 2488 1504
f 2177 1613 2073
f 1894 1896 1897
f 1591 1595 1593
f 1747 1750 1669
f 2449 2173 2287
f 1806 1595 1594
f 432 1290 1295
f 865 1290 1321
f 1769 2258 2259
f 1609 1611 1613
f 1806 1668 1750
f 1504 2488 1503
f 1591 1594 1595
f 857 858 860
f 827 826 2177
f 2436 2439 2442
f 2124 1596 2038
f 1897 2039 2038
f 8 1747 1665
f 824 826 827
f 431 2235 2492
f 2373 2276 2376
f 1668 1669 1750
f 1502 1895 1504
f 932 2434 936
f 1896 1895 1502
f 2259 2258 2377
f 1593 1596 1598
f 1769 592 593
f 1747 1669 1665
f 2287 2520 408
f 1806 1594 1668
f 929 932 936
f 591 592 1610
f 2124 2038 2039
f 1591 1593 1592
f 1769 593 2258
f 2492 2335 2440
f 2274 1503 2376
f 2373 2377 2276
f 1558 931 861
f 1609 591 1610
f 1897 1896 2040
f 1598 1596 2124
f 8 1665 10
f 1591 1592 1594
f 857 862 861
f 432 1295 431
f 1501 1504 1503
f 2177 2469 1613
f 865 1321 860
f 1897 2040 2039
f 1593 1598 1592
f 819 824 823
f 825 823 2432
f 2274 2376 2276
f 2431 2432 2434
f 432 1321 1290
f 1501 1502 1504
f 929 931 930
f 1666 1669 1668
f 1594 1600 1668
f 1666 1665 1669
f 2177 826 2284
f 2514 2377 2258
f 1558 861 862
f 2436 2440 2439
f 2124 2039 2126
f 1896 1502 1300
f 1592 1600 1594
f 1609 1613 1612
f 2438 2442 2449
f 85 593 592
f 2177 2284 2469
f 2513 2276 2377
f 1896 1300 2040
f 1506 1503 2274
f 824 820 826
f 85 592 591
f 2431 2434 932
f 593 594 2258
f 1501 1503 1506
f 819 823 825
f 2040 2126 2039
f 1598 2124 2123
f 1612 1613 2469
f 1663 10 1665
f 1558 930 931
f 2514 2513 2377
f 857 860 863
f 2124 2126 2123
f 1609 1614 591
f 594 2514 2258
f 825 2432 2431
f 929 933 932
f 1666 1668 1670
f 1600 1670 1668
f 1663 1665 1666
f 819 820 824
f 857 863 862
f 1592 1598 1601
f 1501 1299 1502
f 404 406 408
f 929 930 933
f 2284 826 820
f 1609 1612 1614
f 1502 1299 1300
f 1592 1576 1600
f 2270 2274 2276
f 1663 1667 10
f 86 594 593
f 2436 2442 2438
f 404 407 406
f 1598 2123 2125
f 85 86 593
f 2040 2474 2126
f 2275 2276 2513
f 1297 2040 1300
f 1592 1601 1576
f 2271 1506 2274
f 2123 2126 2127
f 1598 2125 1601
f 85 591 87
f 2285 2469 2284
f 1501 1506 1505
f 1600 1575 1670
f 431 2492 428
f 594 595 2514
f 2512 2513 2514
f 2270 2276 2275
f 591 1614 87
f 2270 2271 2274
f 1600 1576 1575
f 1612 2469 2285
f 1297 2474 2040
f 1501 1505 1299
f 1663 1666 1030
f 1666 1670 1030
f 1558 862 1559
f 819 825 822
f 2474 2127 2126
f 1663 1664 1667
f 2123 2127 2125
f 1558 1559 930
f 86 595 594
f 2492 2440 428
f 1296 1300 1299
f 2512 2275 2513
f 2449 2287 2288
f 2512 2514 595
f 1296 1297 1300
f 84 86 85
f 2431 932 2433
f 825 2431 2421
f 819 821 820
f 860 1321 2184
f 2250 2284 820
f 860 2363 863
f 432 433 1321
f 1576 1601 1574
f 1614 1612 1711
f 2271 2228 1506
f 1032 1670 1575
f 84 85 87
f 426 432 431
f 1506 2228 1505
f 1573 1575 1576
f 2458 932 933
f 2250 2285 2284
f 2438 2449 2288
f 1030 1670 1032
f 819 822 821
f 2189 1601 2125
f 1663 1033 1664
f 1710 1612 2285
f 2269 2271 2270
f 87 1614 1711
f 863 2411 862
f 2125 2127 2191
f 1663 1030 1033
f 822 825 2421
f 1297 318 2474
f 2474 317 2127
f 1573 1576 1574
f 2270 2275 2272
f 1298 1299 1505
f 930 2367 933
f 86 88 595
f 1573 1032 1575
f 2189 1574 1601
f 1296 1299 1298
f 1296 318 1297
f 1710 1711 1612
f 2512 2169 2275
f 84 88 86
f 2287 408 1052
f 2458 2433 932
f 2269 2228 2271
f 2431 2433 2421
f 2512 595 2168
f 2436 2441 2440
f 1559 862 2411
f 2189 2125 2191
f 860 2184 2363
f 930 1559 2367
f 2191 2127 317
f 2269 2270 2272
f 2474 318 317
f 2249 820 821
f 2250 820 2249
f 1555 1505 2228
f 1033 2186 1664
f 84 87 89
f 426 431 428
f 2272 2275 2169
f 1298 1505 1555
f 1027 1030 1032
f 1321 433 2184
f 2363 2411 863
f 595 88 2168
f 2512 2168 2169
f 87 1711 2304
f 1573 1574 1572
f 1031 1032 1573
f 426 433 432
f 2458 933 2367
f 1028 1033 1030
f 2250 1709 2285
f 1710 2285 1709
f 1296 1301 318
f 84 89 88
f 2189 1572 1574
f 821 822 2420
f 1296 1298 1301
f 1815 1818 1819
f 87 2304 89
f 822 2421 2420
f 2269 2227 2228
f 1027 1028 1030
f 2436 2438 2437
f 2226 1555 2228
f 2189 2191 2190
f 1027 1032 1031
f 1033 384 2186
f 2191 317 314
f 1031 1573 1572
f 313 317 318
f 1706 1711 1710
f 2269 2272 2273
f 2226 2228 2227
f 1028 1034 1033
f 2249 821 2286
f 1034 384 1033
f 407 1818 699
f 2272 2169 2167
f 1298 1555 1556
f 2189 2192 1572
f 2191 314 2190
f 2433 2499 2421
f 821 2420 2286
f 2440 429 428
f 2189 2190 2192
f 406 1052 408
f 313 314 317
f 2269 2273 2227
f 1711 1712 2304
f 2068 2169 2168
f 2247 2250 2249
f 1706 1710 1709
f 2066 2168 88
f 2436 2437 2441
f 2226 1556 1555
f 1301 316 318
f 1486 88 89
f 1911 1559 2411
f 2247 1709 2250
f 1911 2367 1559
f 1298 855 1301
f 2273 2272 2167
f 1706 1712 1711
f 1027 1031 1029
f 313 318 316
f 1485 89 2304
f 2458 2234 2433
f 922 1028 1027
f 2440 2441 429
f 1031 1572 1571
f 2068 2167 2169
f 1028 383 1034
f 2226 2227 2229
f 1298 1556 855
f 2068 2168 2066
f 2458 2367 2385
f 1034 383 384
f 2306 2420 2421
f 2066 88 1486
f 2226 2229 1556
f 2114 2411 2363
f 922 1027 1029
f 1572 2192 2515
f 1485 2304 1712
f 1031 1571 1029
f 2184 2114 2363
f 1485 1486 89
f 2249 2286 2248
f 922 383 1028
f 2190 314 2455
f 313 315 314
f 855 316 1301
f 2433 2234 2499
f 2499 2306 2421
f 2190 2455 2192
f 2182 2184 433
f 2273 2412 2227
f 1706 1709 1708
f 1572 2515 1571
f 2247 2249 2248
f 2438 2288 2289
f 2307 2286 2420
f 2227 2412 2229
f 381 384 383
f 313 316 315
f 1815 1819 1467
f 2273 2167 2141
f 2458 2385 2234
f 425 426 428
f 2455 314 315
f 1706 1707 1712
f 2455 2515 2192
f 1556 2229 2495
f 2247 2221 1709
f 426 430 433
f 2068 2069 2167
f 1053 2288 2287
f 407 696 406
f 1556 2481 855
f 2306 2307 2420
f 2438 2289 2437
f 922 1029 921
f 2273 2141 2412
f 2221 1708 1709
f 2248 2286 2307
f 921 1029 1571
f 2065 2068 2066
f 1911 2411 1912
f 1706 1708 1707
f 1484 1485 1712
f 920 383 922
f 1911 1909 2367
f 1556 2495 2481
f 1487 2066 1486
f 2495 2229 2412
f 1483 1486 1485
f 2167 2069 2141
f 1909 2385 2367
f 97 316 855
f 381 383 382
f 2114 1912 2411
f 2241 1571 2515
f 2182 433 430
f 856 315 316
f 2065 2069 2068
f 1484 1712 1707
f 425 428 429
f 2499 2234 2232
f 2499 2232 2306
f 920 922 921
f 2240 2515 2455
f 920 382 383
f 1053 2287 1052
f 1487 2065 2066
f 2241 921 1571
f 2182 2117 2184
f 2247 2248 2222
f 2437 2451 2441
f 98 855 2481
f 2117 2114 2184
f 1483 1485 1484
f 1483 1487 1486
f 2496 2455 315
f 97 856 316
f 2240 2241 2515
f 2247 2222 2221
f 381 382 378
f 2412 2141 2142
f 97 855 98
f 2481 2495 2479
f 407 699 696
f 1707 1708 2062
f 2221 2062 1708
f 2441 2451 429
f 2248 2307 2308
f 2480 2495 2412
f 2496 315 856
f 2140 2141 2069
f 2242 2307 2306
f 427 430 426
f 98 2481 2479
f 2240 2455 2000
f 425 427 426
f 1616 2234 2385
f 2065 2067 2069
f 2496 2000 2455
f 920 921 923
f 2480 2412 2142
f 2140 2142 2141
f 2480 2479 2495
f 920 377 382
f 2241 1920 921
f 2248 2308 2222
f 1484 1707 1482
f 2233 2306 2232
f 1487 1795 2065
f 378 382 377
f 1905 1911 1912
f 2231 2232 2234
f 1998 2241 2240
f 1480 1483 1484
f 2140 2069 2067
f 1483 1481 1487
f 1616 2385 1909
f 97 93 856
f 1707 2062 1482
f 1905 1909 1911
f 92 97 98
f 2242 2308 2307
f 2060 2062 2221
f 1053 2289 2288
f 2060 2221 2222
f 923 921 1920
f 2182 430 2183
f 920 923 377
f 99 98 2479
f 2242 2306 2233
f 1795 2067 2065
f 1998 2240 2000
f 2496 856 1587
f 2114 1910 1912
f 1998 1920 2241
f 92 93 97
f 2182 2183 2117
f 99 2479 2480
f 1480 1484 1482
f 1487 1481 1795
f 374 378 377
f 2231 2234 1616
f 1480 1481 1483
f 1587 856 93
f 2140 1826 2142
f 92 98 91
f 2480 2142 1826
f 2231 2233 2232
f 2289 2450 2437
f 2496 1588 2000
f 91 98 99
f 2437 2450 2451
f 2113 2114 2117
f 2058 1482 2062
f 2058 2062 2060
f 2308 2225 2222
f 2140 2067 1110
f 2496 1587 1588
f 373 374 377
f 1905 1912 1910
f 90 93 92
f 1786 377 923
f 923 1920 1788
f 1997 1998 2000
f 99 2480 1834
f 425 429 236
f 2242 2243 2308
f 1998 1936 1920
f 1795 1109 2067
f 2140 1110 1826
f 2060 2222 2059
f 90 92 91
f 2113 1910 2114
f 1051 1052 406
f 1620 1616 1909
f 94 1587 93
f 2480 1826 1827
f 91 99 100
f 1997 2000 1588
f 373 377 376
f 1620 1909 1905
f 429 2451 2404
f 2059 2222 2225
f 1110 2067 1109
f 1480 1482 1440
f 1786 923 1788
f 2308 2243 2225
f 1113 1795 1481
f 1480 1441 1481
f 2480 1827 1834
f 90 94 93
f 1786 376 377
f 2057 2058 2060
f 373 375 374
f 1936 1788 1920
f 280 2242 2233
f 427 242 430
f 100 99 1834
f 425 238 427
f 1997 1936 1998
f 2058 1557 1482
f 242 2183 430
f 2117 2183 2116
f 1586 1588 1587
f 1818 698 699
f 1113 1109 1795
f 2057 2060 2059
f 2231 279 2233
f 90 91 96
f 373 376 375
f 94 1586 1587
f 280 2243 2242
f 1110 1107 1826
f 91 100 96
f 1480 1440 1441
f 2231 1616 1617
f 1113 1481 1441
f 1440 1482 1557
f 2113 2117 2116
f 2057 1557 2058
f 406 696 697
f 90 95 94
f 1786 1787 376
f 1823 1827 1826
f 1997 1588 1590
f 1104 1110 1109
f 1473 1786 1788
f 1833 100 1834
f 90 96 95
f 1476 1788 1936
f 429 2404 236
f 280 2233 279
f 1905 1910 1908
f 1834 1827 1825
f 1586 1590 1588
f 425 236 238
f 2224 2225 2243
f 1823 1826 1107
f 2059 2225 2224
f 1104 1107 1110
f 376 1401 375
f 1997 1935 1936
f 2451 2450 2404
f 1051 1053 1052
f 1615 1616 1620
f 1833 96 100
f 1473 1787 1786
f 2231 1617 279
f 1815 698 1818
f 376 1787 1401
f 1473 1788 1476
f 1833 1834 1825
f 1106 1109 1113
f 94 210 1586
f 427 238 242
f 242 2116 2183
f 2057 2059 2061
f 94 95 210
f 1823 1825 1827
f 1476 1936 1935
f 1615 1617 1616
f 1104 1109 1106
f 1904 1620 1905
f 1997 1590 1999
f 2057 2061 1557
f 1053 2290 2289
f 1442 1113 1441
f 2289 2290 2450
f 1437 1441 1440
f 2113 2115 1910
f 1997 1999 1935
f 1398 375 1401
f 1440 1557 1436
f 209 95 96
f 280 285 2243
f 1104 1108 1107
f 2059 2224 2223
f 1586 1589 1590
f 1833 213 96
f 1904 1905 1908
f 285 2224 2243
f 1823 1107 1108
f 1473 1403 1787
f 1403 1401 1787
f 209 210 95
f 2059 2223 2061
f 1586 210 1589
f 1437 1442 1441
f 1908 1910 2115
f 1437 1440 1436
f 1467 1339 1340
f 209 96 213
f 1472 1473 1476
f 1106 1113 1112
f 1051 406 697
f 1821 1825 1823
f 1442 1112 1113
f 1833 1825 1824
f 1476 1935 1475
f 1557 2061 1435
f 1104 1106 1105
f 1557 1435 1436
f 1398 1401 1400
f 278 280 279
f 1472 1403 1473
f 2113 2116 2118
f 1999 1590 2097
f 1104 1105 1108
f 2096 1935 1999
f 1400 1401 1403
f 1833 1824 213
f 1615 1620 1619
f 1590 1589 2097
f 1472 1476 1475
f 1823 1108 1822
f 1821 1824 1825
f 209 211 210
f 1617 284 279
f 278 285 280
f 1821 1823 1822
f 2096 1475 1935
f 1904 1619 1620
f 2113 2118 2115
f 209 213 212
f 1589 210 216
f 2224 2152 2223
f 2096 1999 2097
f 285 2152 2224
f 1106 1112 1111
f 1106 1111 1105
f 1437 1438 1442
f 2061 2223 972
f 1615 1618 1617
f 239 242 238
f 209 212 211
f 234 238 236
f 211 216 210
f 1472 1474 1403
f 978 1437 1436
f 242 2400 2116
f 1435 2061 973
f 1438 1112 1442
f 1105 1114 1108
f 1400 1403 1402
f 1589 2280 2097
f 278 279 284
f 1824 1863 213
f 692 696 699
f 1108 1114 1822
f 978 1436 1435
f 213 1863 212
f 1589 216 2280
f 1472 1475 1477
f 2061 972 973
f 2404 2450 2330
f 235 236 2404
f 1403 1474 1402
f 1904 1908 1907
f 2096 1564 1475
f 2152 972 2223
f 1821 1137 1824
f 1400 1402 1399
f 1908 2115 1907
f 1821 1822 1137
f 1618 284 1617
f 1472 1477 1474
f 978 1438 1437
f 1615 1619 1618
f 2096 2097 1566
f 1105 1111 1115
f 2116 2400 2118
f 211 212 215
f 1112 1478 1111
f 1435 973 974
f 1477 1475 1564
f 1105 1115 1114
f 278 281 285
f 281 2152 285
f 211 214 216
f 2290 2330 2450
f 215 212 1863
f 234 239 238
f 1438 1478 1112
f 978 1435 974
f 2096 1566 1564
f 1135 1822 1114
f 1824 1862 1863
f 2277 2097 2280
f 784 2280 216
f 1137 1862 1824
f 1135 1137 1822
f 211 215 214
f 1399 1402 1404
f 234 236 235
f 1904 1906 1619
f 1474 1759 1402
f 2277 1566 2097
f 1111 1478 1115
f 1477 1759 1474
f 969 973 972
f 784 216 214
f 692 697 696
f 976 972 2152
f 239 241 242
f 2118 2107 2115
f 969 974 973
f 1051 1054 1053
f 1477 1564 1565
f 1053 2136 2290
f 784 2277 2280
f 978 1439 1438
f 783 215 1863
f 1904 1907 1906
f 242 241 2400
f 278 284 283
f 1114 1115 1134
f 1560 1564 1566
f 783 1863 1862
f 1135 1114 1134
f 2107 1907 2115
f 1402 1759 1411
f 1438 1479 1478
f 970 978 974
f 1404 1402 1411
f 235 2404 2403
f 278 282 281
f 969 972 976
f 1618 2037 284
f 1477 1758 1759
f 281 2151 2152
f 1560 1565 1564
f 777 214 215
f 1131 1137 1135
f 1618 1619 1453
f 1477 1565 1758
f 1438 1439 1479
f 2403 2404 2330
f 2277 1563 1566
f 1136 1862 1137
f 2151 976 2152
f 1478 2025 1115
f 778 784 214
f 969 970 974
f 1560 1566 1563
f 777 215 783
f 278 283 282
f 785 2277 784
f 692 699 698
f 978 979 1439
f 1453 1619 1906
f 283 284 2037
f 1131 1135 1134
f 2025 1134 1115
f 1131 1136 1137
f 783 1862 1864
f 970 979 978
f 2118 2400 2109
f 777 778 214
f 1761 1411 1759
f 1758 1761 1759
f 1404 1411 1410
f 1560 1561 1565
f 778 785 784
f 1136 1864 1862
f 1758 1565 1561
f 2277 2278 1563
f 1054 2136 1053
f 2022 1478 1479
f 2118 2109 2107
f 234 240 239
f 281 282 1026
f 969 976 975
f 785 2278 2277
f 281 1026 2151
f 2022 2025 1478
f 969 971 970
f 1618 1454 2037
f 2026 1479 1439
f 1560 1563 1562
f 777 783 780
f 1906 1907 2416
f 2151 2085 976
f 1618 1453 1454
f 1761 2263 1411
f 783 1864 780
f 1560 1562 1561
f 1131 1134 1133
f 1410 1411 2263
f 1758 1760 1761
f 1758 1561 1760
f 2026 1439 979
f 1140 1134 2025
f 239 240 241
f 234 235 237
f 776 778 777
f 969 975 971
f 1563 2278 1562
f 2108 1907 2107
f 1131 1132 1136
f 2085 975 976
f 778 782 785
f 78 282 283
f 2022 1479 2026
f 1136 2216 1864
f 1939 2330 2290
f 970 977 979
f 1133 1134 1140
f 1051 697 695
f 785 2279 2278
f 776 777 780
f 970 971 977
f 79 283 2037
f 2318 2263 1761
f 1131 1133 1132
f 2318 1761 1760
f 2400 241 967
f 776 782 778
f 1026 282 78
f 2108 2416 1907
f 785 782 2279
f 780 1864 2216
f 235 2403 2402
f 2151 1025 2085
f 1410 2263 2001
f 2151 1026 1025
f 1136 1132 2216
f 251 1760 1561
f 1453 1906 1448
f 251 1561 1562
f 2022 1646 2025
f 1646 1140 2025
f 234 237 240
f 2400 967 2109
f 2278 1716 1562
f 2136 1939 2290
f 2403 2330 2329
f 79 2037 1454
f 2279 2482 2278
f 2026 979 2027
f 79 78 283
f 1906 2416 1448
f 2265 2263 2318
f 2318 1760 252
f 2083 975 2085
f 2001 2263 2265
f 2278 2482 1716
f 977 2027 979
f 2279 782 2029
f 1133 1140 1139
f 251 252 1760
f 1449 1454 1453
f 971 975 980
f 2022 2026 2024
f 235 2402 237
f 776 780 779
f 2104 2107 2109
f 2083 2085 1025
f 1815 1467 1817
f 1133 1138 1132
f 776 781 782
f 780 2216 1019
f 2279 2029 2482
f 971 980 977
f 1713 1562 1716
f 1139 1140 1646
f 1713 251 1562
f 253 2265 2318
f 253 2318 252
f 2216 1132 1023
f 2104 2108 2107
f 77 1026 78
f 2022 2023 1646
f 781 2029 782
f 1449 1453 1448
f 77 1025 1026
f 980 975 2083
f 1133 1139 1138
f 2026 2027 2024
f 692 695 697
f 2402 2403 2329
f 2482 1715 1716
f 2001 2265 2264
f 2519 241 240
f 780 1019 779
f 776 779 781
f 245 252 251
f 2022 2024 2023
f 1138 1023 1132
f 1713 1716 1715
f 1719 2482 2029
f 2216 1023 1019
f 253 2264 2265
f 977 2084 2027
f 245 253 252
f 1051 890 1054
f 2108 2428 2416
f 79 1454 82
f 980 2084 977
f 2519 967 241
f 1713 244 251
f 1719 1715 2482
f 2083 1025 1024
f 781 1719 2029
f 73 78 79
f 1449 82 1454
f 245 251 244
f 1139 1646 1647
f 2428 1448 2416
f 2109 967 968
f 1940 2329 2330
f 1139 1645 1138
f 1940 2330 1939
f 2023 1647 1646
f 77 1024 1025
f 73 77 78
f 1931 980 2083
f 1713 1715 1714
f 2104 2109 968
f 245 248 253
f 253 248 2264
f 1714 1715 1719
f 1016 779 1019
f 781 779 1020
f 1139 1647 1645
f 1873 2024 2027
f 1138 1648 1023
f 1018 1019 1023
f 1931 2083 1024
f 2023 2024 2095
f 1875 2027 2084
f 1713 250 244
f 781 2028 1719
f 237 2464 240
f 2104 2105 2108
f 1138 1645 1648
f 1051 695 890
f 243 245 244
f 2108 2105 2428
f 2465 237 2402
f 1713 1714 250
f 1815 1816 698
f 1016 1019 1018
f 1447 1449 1448
f 75 79 82
f 2264 248 2056
f 1016 1020 779
f 73 79 75
f 980 438 2084
f 243 248 245
f 781 1020 2028
f 1714 1719 1718
f 1873 2027 1875
f 2095 2024 1873
f 1930 980 1931
f 2023 2094 1647
f 243 244 250
f 1718 1719 2028
f 1018 1023 1022
f 1648 1022 1023
f 1447 82 1449
f 2023 2095 2094
f 2519 240 2464
f 2136 1938 1939
f 1645 1647 1649
f 77 361 1024
f 2402 2329 2328
f 889 2136 1054
f 1875 2084 438
f 1645 1649 1648
f 1930 438 980
f 2428 1451 1448
f 965 968 967
f 73 76 77
f 2519 966 967
f 1931 1024 388
f 1714 1717 250
f 243 249 248
f 2055 2056 248
f 1714 1718 1717
f 1016 1018 1017
f 243 250 247
f 2465 2464 237
f 1016 1021 1020
f 1447 1448 1451
f 1020 1604 2028
f 1930 1931 388
f 249 2055 248
f 1018 1022 1017
f 76 361 77
f 2101 1647 2094
f 1718 2028 1605
f 2095 1873 2203
f 2101 1649 1647
f 965 967 966
f 1648 2352 1022
f 2104 968 964
f 2095 2203 2094
f 73 75 74
f 361 388 1024
f 1649 2352 1648
f 2465 2402 2328
f 1940 2328 2329
f 243 247 246
f 243 246 249
f 2104 2106 2105
f 2428 2105 1882
f 435 1873 1875
f 75 82 83
f 1718 1605 1717
f 1016 1017 1021
f 250 918 247
f 73 74 76
f 250 1717 918
f 435 1875 438
f 1447 83 82
f 2028 1604 1605
f 1020 1021 1604
f 692 698 694
f 1930 440 438
f 2428 1882 1451
f 249 914 2055
f 1873 1874 2203
f 246 247 918
f 1937 1940 1939
f 1017 1022 2282
f 965 964 968
f 249 246 914
f 1930 388 440
f 889 1938 2136
f 2352 2282 1022
f 2103 2094 2203
f 435 1874 1873
f 1649 2102 2352
f 2101 2094 2103
f 2101 2102 1649
f 889 1054 890
f 2104 964 2106
f 74 75 80
f 1882 2105 2106
f 1717 1605 1603
f 385 388 361
f 2281 1021 1017
f 2055 914 1674
f 1937 1939 1938
f 76 362 361
f 1717 1603 918
f 1602 1605 1604
f 75 83 80
f 1604 1021 1606
f 434 435 438
f 913 246 918
f 2281 1017 2282
f 2519 149 966
f 2519 2464 149
f 913 914 246
f 74 81 76
f 434 438 440
f 2352 2365 2282
f 2352 2102 2365
f 2202 2203 1874
f 385 361 362
f 1447 1452 83
f 1447 1451 1450
f 1602 1604 1606
f 1602 1603 1605
f 2202 2103 2203
f 150 965 966
f 2281 2283 1021
f 388 386 440
f 2101 2034 2102
f 2101 2103 2034
f 2283 1606 1021
f 2463 2464 2465
f 385 386 388
f 76 81 362
f 914 919 1674
f 435 441 1874
f 918 1603 917
f 913 918 917
f 74 80 81
f 2463 2465 2328
f 692 693 695
f 150 964 965
f 913 919 914
f 2281 2282 1545
f 1447 1450 1452
f 1940 17 2328
f 1544 2282 2365
f 2102 2364 2365
f 2202 1874 441
f 434 436 435
f 1877 1451 1882
f 1602 1606 135
f 2202 2035 2103
f 436 441 435
f 2281 956 2283
f 1544 1545 2282
f 2034 2364 2102
f 1525 80 83
f 137 1603 1602
f 2103 2035 2034
f 1680 1882 2106
f 913 917 916
f 150 966 149
f 434 440 439
f 2281 1545 956
f 385 362 387
f 2283 134 1606
f 1515 917 1603
f 1937 17 1940
f 1815 1817 1816
f 386 439 440
f 1544 2365 2364
f 1525 83 1452
f 385 387 386
f 964 1681 2106
f 913 915 919
f 137 1602 135
f 1877 1450 1451
f 1523 81 80
f 135 1606 134
f 2283 956 134
f 1529 362 81
f 913 916 915
f 916 917 1515
f 137 1514 1603
f 2202 441 231
f 1514 1515 1603
f 233 2035 2202
f 1525 1523 80
f 1877 1882 1680
f 915 1323 919
f 955 1545 1544
f 387 362 1529
f 434 437 436
f 695 888 890
f 955 956 1545
f 1943 2364 2034
f 1816 694 698
f 233 2202 231
f 1337 1340 1339
f 232 2034 2035
f 1680 2106 1681
f 150 151 964
f 434 439 437
f 148 149 2464
f 1543 1544 2364
f 436 230 441
f 132 137 135
f 2463 148 2464
f 132 135 134
f 1937 1938 1941
f 1523 1519 81
f 1324 916 1515
f 1452 1450 1881
f 889 1941 1938
f 954 134 956
f 915 916 1324
f 1529 81 1519
f 1320 386 387
f 1320 439 386
f 2463 2328 18
f 441 230 231
f 232 2035 233
f 1525 1452 1881
f 955 1544 1543
f 232 1943 2034
f 954 956 955
f 151 1681 964
f 1543 2364 1943
f 915 1325 1323
f 137 138 1514
f 1511 1515 1514
f 436 437 230
f 2328 17 18
f 692 694 693
f 1511 1324 1515
f 132 138 137
f 132 134 133
f 2294 1467 1340
f 954 133 134
f 915 1324 1326
f 141 150 149
f 387 1529 1527
f 1878 1450 1877
f 915 1326 1325
f 1518 1523 1525
f 225 233 231
f 1511 1514 138
f 883 889 890
f 954 955 953
f 1518 1519 1523
f 1320 387 1527
f 1878 1881 1450
f 225 232 233
f 225 231 230
f 1316 437 439
f 955 1543 1542
f 1543 1943 1942
f 1511 1328 1324
f 1877 1680 189
f 1520 1529 1519
f 1316 439 1320
f 1326 1324 1328
f 191 1680 1681
f 479 1943 232
f 141 151 150
f 955 1542 953
f 132 136 138
f 132 133 136
f 951 133 954
f 2294 1817 1467
f 1937 15 17
f 1525 1881 1522
f 951 954 953
f 695 693 888
f 1314 230 437
f 1326 1329 1325
f 1520 1527 1529
f 479 1942 1943
f 1511 138 1513
f 1543 1942 1546
f 1518 1525 1522
f 1542 1543 1546
f 1518 1520 1519
f 1511 1512 1328
f 140 149 148
f 225 228 232
f 2463 2220 148
f 1937 1941 15
f 191 189 1680
f 2463 18 2220
f 1876 1878 1877
f 225 230 229
f 1326 1328 1327
f 228 479 232
f 1316 1314 437
f 140 141 149
f 1511 1513 1512
f 1876 1877 189
f 138 136 2049
f 951 952 133
f 1326 1327 1329
f 952 136 133
f 953 1542 292
f 1320 1527 1319
f 151 188 1681
f 951 953 292
f 1513 138 2049
f 1314 229 230
f 1328 1512 1327
f 1316 1320 1319
f 1878 1880 1881
f 883 890 888
f 901 1942 479
f 901 1546 1942
f 191 1681 188
f 1542 1546 291
f 1520 1528 1527
f 1880 1522 1881
f 951 292 952
f 889 887 1941
f 1518 1524 1520
f 1512 1513 1516
f 1542 291 292
f 225 226 228
f 13 18 17
f 225 229 227
f 1640 2049 136
f 1513 2049 2052
f 1327 1989 1329
f 228 480 479
f 901 291 1546
f 1640 136 952
f 141 145 151
f 1319 1527 1528
f 1518 1522 1521
f 1512 1517 1327
f 1513 2052 1516
f 480 901 479
f 1313 1314 1316
f 225 227 226
f 1512 1516 1517
f 186 189 191
f 1518 1521 1524
f 13 17 15
f 1314 1059 229
f 151 145 188
f 952 292 290
f 1876 1879 1878
f 1520 1526 1528
f 1327 1775 1989
f 1520 1524 1526
f 1327 1517 1775
f 2048 2052 2049
f 883 887 889
f 1316 1319 1317
f 228 226 481
f 1876 189 190
f 1516 2052 2050
f 2220 1540 148
f 1640 2048 2049
f 1878 1879 1880
f 228 481 480
f 227 229 1059
f 1313 1316 1317
f 288 292 291
f 186 191 188
f 1517 1516 2050
f 294 291 901
f 1313 1315 1314
f 289 1640 952
f 2031 1522 1880
f 140 148 142
f 1315 1059 1314
f 900 901 480
f 2048 2050 2052
f 1521 1522 2031
f 289 952 290
f 19 2220 18
f 288 290 292
f 1319 1528 1749
f 1776 1989 1775
f 186 190 189
f 226 227 482
f 294 901 900
f 1517 2050 1774
f 288 291 294
f 1771 1775 1517
f 139 141 140
f 1526 1749 1528
f 226 482 481
f 1876 190 1879
f 480 481 957
f 15 1941 2526
f 1640 1116 2048
f 1524 1521 2030
f 142 148 1540
f 1524 2030 1526
f 900 480 957
f 289 1116 1640
f 2048 1778 2050
f 1771 1517 1774
f 1771 1776 1775
f 1313 1318 1315
f 139 145 141
f 227 1059 1058
f 13 19 18
f 1313 1317 1318
f 1319 1748 1317
f 2050 1778 1774
f 1319 1749 1748
f 227 1058 482
f 286 289 290
f 2170 2031 1880
f 286 290 288
f 2170 1880 1879
f 19 1540 2220
f 186 188 187
f 2048 1116 2051
f 2048 2051 1778
f 294 900 899
f 1315 1549 1059
f 1521 2031 1216
f 887 2526 1941
f 1771 1772 1776
f 957 481 1550
f 288 294 293
f 1521 1216 2030
f 146 188 145
f 482 1550 481
f 900 957 958
f 1771 1774 1773
f 1526 2063 1749
f 1773 1774 1778
f 139 140 142
f 1526 2030 2063
f 110 1116 289
f 1315 1318 1549
f 1058 1059 1549
f 293 294 899
f 900 958 899
f 286 110 289
f 1318 1317 1841
f 186 192 190
f 13 15 14
f 957 1550 958
f 1116 111 2051
f 1771 1279 1772
f 1317 1748 1841
f 1777 1778 2051
f 1771 1773 1279
f 286 288 287
f 146 187 188
f 1879 190 2483
f 1773 1778 1777
f 288 293 287
f 1058 1547 482
f 2170 1215 2031
f 110 111 1116
f 1216 2031 1215
f 186 187 192
f 1749 2064 1748
f 139 146 145
f 883 888 882
f 1318 1841 1549
f 482 1547 1550
f 2170 1879 2171
f 693 2041 888
f 1749 2063 2064
f 1777 2051 111
f 1219 2030 1216
f 14 15 2526
f 1219 2063 2030
f 898 899 958
f 293 899 898
f 1058 1549 1548
f 1279 1280 1772
f 286 106 110
f 1677 958 1550
f 1773 1278 1279
f 675 142 1540
f 1773 1777 1278
f 2483 190 192
f 1816 2210 694
f 1058 1548 1547
f 1879 2483 2171
f 286 287 106
f 675 1540 19
f 287 293 295
f 102 111 110
f 13 16 19
f 293 898 295
f 898 958 1677
f 1777 111 112
f 2207 693 694
f 2452 1841 1748
f 139 142 144
f 1214 1216 1215
f 1273 1280 1279
f 2452 1748 2064
f 2054 1550 1547
f 1214 1219 1216
f 1837 1549 1841
f 2291 1816 1817
f 1273 1279 1278
f 2170 1218 1215
f 102 110 106
f 1677 1550 2054
f 2299 2064 2063
f 2299 2063 1219
f 102 112 111
f 1549 1838 1548
f 2170 2171 1218
f 962 192 187
f 13 14 16
f 146 962 187
f 1278 1777 1277
f 1777 112 1277
f 287 295 296
f 675 144 142
f 2150 1547 1548
f 898 1677 1676
f 887 886 2526
f 1837 1838 1549
f 287 297 106
f 647 295 898
f 879 887 883
f 1214 1215 1218
f 2452 1840 1841
f 287 296 297
f 139 147 146
f 882 888 2041
f 1272 1273 1278
f 102 107 112
f 2171 2483 2484
f 2054 1547 2149
f 1837 1841 1840
f 101 102 106
f 1838 2150 1548
f 647 898 1676
f 647 296 295
f 1272 1278 1277
f 112 107 1277
f 1214 1220 1219
f 1677 2054 2053
f 2452 2064 2301
f 2149 1547 2150
f 2299 1219 1220
f 2299 2301 2064
f 1677 2053 1676
f 2171 2484 1218
f 2483 192 1423
f 139 144 143
f 106 297 105
f 103 107 102
f 675 19 20
f 1272 1274 1273
f 101 106 105
f 146 963 962
f 101 103 102
f 16 20 19
f 962 1423 192
f 14 2526 2525
f 645 297 296
f 109 1277 107
f 645 296 647
f 2054 2149 49
f 879 883 882
f 1835 1838 1837
f 2053 2054 49
f 1838 1839 2150
f 1214 1218 1217
f 647 1676 1675
f 139 143 147
f 1272 1277 1276
f 146 147 963
f 2475 2484 2483
f 2053 1675 1676
f 2452 2401 1840
f 1837 1840 1836
f 1214 1217 1220
f 2207 2041 693
f 103 109 107
f 2299 1220 2300
f 2299 2300 2301
f 2452 2301 2401
f 675 676 144
f 109 1276 1277
f 1218 2484 2369
f 105 297 649
f 1272 1275 1274
f 2149 2150 48
f 101 104 103
f 1835 1839 1838
f 2525 2526 886
f 101 105 104
f 879 886 887
f 2475 2483 1423
f 645 649 297
f 1835 1837 1836
f 1272 1276 1275
f 16 14 22
f 645 647 646
f 2150 1839 48
f 2149 48 49
f 647 1675 646
f 2053 49 47
f 1836 1840 2401
f 2053 47 1675
f 103 108 109
f 676 143 144
f 2475 2369 2484
f 2291 2210 1816
f 1421 962 963
f 2207 694 2210
f 103 104 108
f 104 105 1464
f 105 649 1464
f 1421 1423 962
f 1217 1222 1220
f 2300 1220 1222
f 2236 1276 109
f 1217 1218 1221
f 645 648 649
f 1221 1218 2369
f 2476 2301 2300
f 14 2525 22
f 1835 1780 1839
f 2476 2401 2301
f 2236 109 108
f 645 646 648
f 1835 1836 1779
f 2238 1275 1276
f 44 47 49
f 44 49 48
f 1780 48 1839
f 16 21 20
f 1675 47 45
f 1675 45 646
f 667 675 20
f 147 1422 963
f 667 676 675
f 104 1464 1463
f 104 1463 108
f 2236 2238 1276
f 1464 649 2339
f 1836 2401 1781
f 1835 1779 1780
f 648 2339 649
f 16 22 21
f 2300 1222 1673
f 2238 2239 1275
f 2368 2369 2475
f 1421 963 1422
f 1217 1223 1222
f 147 143 2503
f 2429 648 646
f 2475 1423 1370
f 1779 1836 1781
f 2476 2300 1673
f 42 47 44
f 2236 108 2237
f 42 45 47
f 1464 2339 1463
f 1421 1371 1423
f 676 671 143
f 44 48 50
f 1217 1221 1223
f 1221 2369 2368
f 108 1463 2237
f 2476 2086 2401
f 1780 1752 48
f 646 45 2430
f 882 2041 885
f 2429 646 2430
f 2236 177 2238
f 2086 1781 2401
f 147 2503 1422
f 1223 1673 1222
f 2525 886 884
f 2429 2338 648
f 648 2338 2339
f 50 48 1752
f 2368 2475 1370
f 2236 2237 177
f 1370 1423 1371
f 2238 178 2239
f 42 44 43
f 1751 1780 1779
f 879 882 885
f 2343 1463 2339
f 44 50 43
f 667 671 676
f 879 884 886
f 2503 143 671
f 42 46 45
f 672 20 21
f 1751 1779 1781
f 2429 2430 2338
f 2238 177 178
f 1421 1422 1366
f 652 2237 1463
f 2430 45 46
f 2087 2476 1673
f 667 20 672
f 1751 1752 1780
f 1421 1366 1371
f 2087 2086 2476
f 1223 1221 1671
f 2337 2339 2338
f 2343 652 1463
f 42 43 46
f 177 2237 180
f 22 2525 1226
f 1221 2368 2044
f 1223 1672 1673
f 2337 2343 2339
f 2086 813 1781
f 652 180 2237
f 2291 1817 2292
f 50 1752 1753
f 2292 1817 2294
f 2430 2417 2338
f 50 1753 43
f 2430 46 2446
f 1751 1781 813
f 2087 1673 1672
f 2435 2368 1370
f 1456 21 22
f 1671 1221 2044
f 176 178 177
f 2430 2446 2417
f 2503 2504 1422
f 176 177 180
f 46 43 2359
f 2525 884 1226
f 2337 2338 2341
f 2343 2342 652
f 2435 2044 2368
f 2337 2342 2343
f 1422 2504 1366
f 1014 1752 1751
f 1223 1093 1672
f 1223 1671 1093
f 1753 2359 43
f 2341 2338 2417
f 1364 1370 1371
f 811 2086 2087
f 2207 2042 2041
f 1014 1753 1752
f 811 813 2086
f 46 2357 2446
f 179 180 652
f 665 671 667
f 176 183 178
f 672 21 1456
f 2503 671 670
f 1364 1371 1366
f 2357 2417 2446
f 176 180 179
f 1456 22 1226
f 2356 46 2359
f 2337 2340 2342
f 2342 651 652
f 2435 1370 1368
f 2337 2341 2340
f 885 2041 2042
f 1751 813 812
f 2087 1672 1094
f 2356 2357 46
f 179 652 651
f 666 667 672
f 1753 2358 2359
f 2503 2505 2504
f 2360 2341 2417
f 1364 1368 1370
f 1671 2044 1092
f 1010 1014 1751
f 2360 2417 2357
f 1094 1672 1093
f 176 181 183
f 811 2087 2088
f 1014 1015 1753
f 808 813 811
f 665 670 671
f 2503 670 2505
f 1671 1092 1093
f 176 179 182
f 1010 1751 812
f 2356 2359 2358
f 1372 2044 2435
f 665 667 666
f 1366 2504 1365
f 2087 1094 2088
f 1753 1015 2358
f 808 812 813
f 879 885 881
f 2342 2340 2370
f 2342 2370 651
f 879 880 884
f 176 182 181
f 2341 2147 2340
f 1364 1366 1365
f 2207 2210 2209
f 2360 2147 2341
f 179 651 650
f 2356 2145 2357
f 1372 2435 1368
f 674 672 1456
f 2145 2360 2357
f 1372 1092 2044
f 1011 1015 1014
f 179 650 182
f 2340 2147 2370
f 1011 1014 1010
f 1086 1094 1093
f 808 811 810
f 811 2088 810
f 666 672 674
f 1086 1093 1092
f 650 651 2370
f 2356 2358 841
f 808 809 812
f 2504 2505 2533
f 181 182 185
f 837 2358 1015
f 446 1226 884
f 1365 2504 2533
f 2356 841 2145
f 2144 2147 2360
f 2088 1094 2366
f 181 185 184
f 1010 812 1009
f 2145 2144 2360
f 665 668 670
f 808 810 809
f 182 650 653
f 670 2528 2505
f 879 881 880
f 1364 1369 1368
f 1011 837 1015
f 182 653 185
f 2146 2370 2147
f 841 2358 837
f 1364 1365 1367
f 809 1009 812
f 810 2088 2366
f 2291 1832 2210
f 1086 1090 1094
f 1008 1011 1010
f 447 1456 1226
f 650 2370 1903
f 1369 1372 1368
f 1090 2366 1094
f 1085 1086 1092
f 665 666 669
f 1008 1010 1009
f 2528 2533 2505
f 1091 1092 1372
f 2146 1903 2370
f 668 2528 670
f 578 2147 2144
f 185 653 1577
f 1455 674 1456
f 841 842 2145
f 650 1199 653
f 1364 1367 1369
f 578 2146 2147
f 2143 2144 2145
f 880 446 884
f 810 2471 809
f 1011 839 837
f 185 1577 1578
f 665 669 668
f 1085 1092 1091
f 1008 839 1011
f 1199 1577 653
f 1194 650 1903
f 1365 2533 1985
f 809 2471 1009
f 838 841 837
f 2143 2145 842
f 1194 1199 650
f 810 2366 2472
f 2207 2208 2042
f 1084 1090 1086
f 885 2042 1967
f 1365 1985 1367
f 666 674 673
f 2143 578 2144
f 1084 1086 1085
f 446 447 1226
f 1008 1009 1012
f 838 842 841
f 1455 1456 447
f 885 1967 881
f 1369 1373 1372
f 579 1903 2146
f 810 2472 2471
f 2294 1340 1338
f 1373 1091 1372
f 1090 1089 2366
f 836 837 839
f 578 579 2146
f 1578 1577 1197
f 1199 1197 1577
f 836 838 837
f 2207 2209 2208
f 666 673 669
f 1009 2457 1012
f 1009 2471 2457
f 2366 1089 2472
f 1008 1013 839
f 1084 1089 1090
f 1008 1012 1013
f 2461 2533 2528
f 1194 1903 581
f 1455 673 674
f 2143 842 843
f 2143 519 578
f 1193 1199 1194
f 2209 2210 1832
f 838 843 842
f 668 2100 2528
f 581 1903 579
f 1369 1367 1375
f 1193 1197 1199
f 2461 1985 2533
f 1085 1091 1088
f 1084 1085 1088
f 520 579 578
f 1375 1367 1985
f 669 2100 668
f 2457 1013 1012
f 2471 2472 114
f 836 839 740
f 520 578 519
f 836 840 838
f 2291 2292 1832
f 1193 1194 581
f 2143 521 519
f 2143 843 521
f 740 839 1013
f 2471 115 2457
f 1084 1087 1089
f 1369 1376 1373
f 880 881 1224
f 1373 1886 1091
f 838 844 843
f 119 2472 1089
f 2100 2461 2528
f 2471 114 115
f 836 740 840
f 523 581 579
f 1193 1198 1197
f 838 840 844
f 1084 1088 1087
f 520 523 579
f 119 114 2472
f 1088 1091 1886
f 1198 1201 1197
f 744 1013 2457
f 516 519 521
f 516 520 519
f 1193 581 1195
f 1369 1375 1374
f 880 445 446
f 1455 447 451
f 521 843 522
f 442 447 446
f 740 1013 742
f 1455 451 673
f 1375 1985 1962
f 744 2457 115
f 1962 1985 2461
f 673 2098 669
f 1369 1374 1376
f 1373 1376 1886
f 843 844 522
f 881 1967 1964
f 1087 1870 1089
f 523 580 581
f 740 741 840
f 2098 2100 669
f 744 742 1013
f 1193 1196 1198
f 1870 119 1089
f 581 580 1195
f 516 521 522
f 840 741 844
f 113 115 114
f 517 523 520
f 1193 1195 1196
f 113 114 119
f 881 1964 1224
f 516 517 520
f 1087 1088 1871
f 2042 1966 1967
f 736 740 742
f 880 1224 1225
f 736 741 740
f 2460 2461 2100
f 523 526 580
f 1872 1088 1886
f 1198 1196 1200
f 442 446 445
f 116 744 115
f 2042 2208 1966
f 517 526 523
f 1087 1871 1870
f 113 116 115
f 522 844 2324
f 516 522 518
f 580 2355 1195
f 2292 2294 2293
f 844 741 2324
f 1375 1963 1374
f 1375 1962 1963
f 880 1225 445
f 1376 1083 1886
f 2355 1196 1195
f 516 518 517
f 1871 1088 1872
f 738 742 744
f 113 119 118
f 1870 118 119
f 1961 1962 2461
f 443 451 447
f 736 742 738
f 442 443 447
f 673 451 1469
f 526 1585 580
f 1376 1374 1078
f 673 1469 2098
f 580 1585 2355
f 116 745 744
f 1961 2461 2460
f 1200 1196 1865
f 736 739 741
f 517 524 526
f 738 744 745
f 1872 1886 1081
f 2098 2099 2100
f 1886 1083 1081
f 113 117 116
f 518 522 527
f 739 2324 741
f 522 2324 527
f 1376 1078 1083
f 2355 2160 1196
f 1870 1871 1267
f 517 518 525
f 2099 2460 2100
f 113 118 117
f 526 524 1585
f 1196 2160 1865
f 1870 1268 118
f 517 525 524
f 1077 1374 1963
f 736 738 737
f 1958 1963 1962
f 1870 1267 1268
f 2355 1585 2415
f 1078 1374 1077
f 736 737 739
f 1958 1962 1961
f 1871 1872 1270
f 2208 2209 1830
f 2355 2415 2160
f 219 1224 1964
f 1509 745 116
f 1509 116 117
f 518 528 525
f 518 527 528
f 739 1457 2324
f 218 1964 1967
f 219 1225 1224
f 1871 1270 1267
f 738 745 743
f 1460 527 2324
f 118 2020 117
f 524 1971 1585
f 1872 1081 1082
f 1071 1081 1083
f 1268 1271 118
f 2157 1865 2160
f 1071 1083 1078
f 738 743 737
f 1971 2415 1585
f 1457 1460 2324
f 2209 1832 1830
f 1970 524 525
f 1961 2460 2459
f 118 1271 2020
f 737 747 739
f 1509 117 2020
f 743 745 1509
f 442 445 444
f 1872 1082 1270
f 1076 1077 1963
f 747 1457 739
f 2159 2160 2415
f 218 1967 1966
f 451 452 1469
f 2155 1865 2157
f 443 452 451
f 2098 1469 1470
f 1958 1076 1963
f 2098 1470 2099
f 528 527 1977
f 1970 525 528
f 616 1268 1267
f 1337 1338 1340
f 2459 2460 2099
f 2157 2160 2159
f 1970 1971 524
f 1977 527 1460
f 1071 1082 1081
f 1958 1961 1960
f 442 444 443
f 616 1271 1268
f 616 1267 1270
f 445 1225 220
f 1971 2485 2415
f 1070 1078 1077
f 1459 1460 1457
f 737 743 746
f 2159 2415 2485
f 737 746 747
f 1960 1961 2459
f 747 1459 1457
f 1973 528 1977
f 1970 528 1973
f 219 1964 218
f 2155 2157 2156
f 743 1509 1508
f 1070 1071 1078
f 617 2020 1271
f 2157 2159 2156
f 1884 1509 2020
f 1970 1974 1971
f 1977 1460 1461
f 1070 1077 1076
f 616 617 1271
f 2294 1338 2293
f 2208 1831 1966
f 1971 1974 2485
f 1071 1073 1082
f 1459 1461 1460
f 1848 1270 1082
f 219 220 1225
f 1958 1959 1076
f 1884 1508 1509
f 1958 1960 1959
f 616 1270 1269
f 2155 2156 2158
f 1884 2020 617
f 747 1458 1459
f 743 1510 746
f 1973 1977 1976
f 747 746 1458
f 444 445 220
f 1205 2159 2485
f 1970 1973 1972
f 2459 2099 2462
f 743 1508 1510
f 2156 2159 1205
f 2099 1470 2462
f 1977 1461 1976
f 2292 1757 1832
f 1970 1975 1974
f 1468 1470 1469
f 1468 1469 452
f 1269 1270 1848
f 1848 1082 1073
f 1069 1073 1071
f 1960 2459 2019
f 443 448 452
f 1069 1071 1070
f 1970 1972 1975
f 1973 1976 1972
f 1207 2485 1974
f 3 617 616
f 2208 1830 1831
f 444 448 443
f 1459 1462 1461
f 1070 1076 1080
f 1205 2485 1207
f 616 1269 2
f 1076 1959 1080
f 1459 1458 1462
f 1959 1960 2019
f 2156 1814 2158
f 1884 617 618
f 2148 1458 746
f 1883 1508 1884
f 1510 2148 746
f 2156 1205 1814
f 1883 1510 1508
f 3 616 2
f 1461 2214 1976
f 1210 1974 1975
f 3 618 617
f 1207 1974 1210
f 1461 1462 2214
f 1972 2213 1975
f 1972 1976 2212
f 2459 2245 2019
f 1848 1073 1074
f 6 1269 1848
f 1202 1205 1207
f 1069 1074 1073
f 2459 2462 2245
f 1069 1070 1072
f 1462 1458 2489
f 1247 1884 618
f 1883 1884 1247
f 2148 2489 1458
f 6 2 1269
f 218 1966 1965
f 2213 1210 1975
f 2212 1976 2214
f 1205 1206 1814
f 1070 1080 1079
f 1510 807 2148
f 1883 807 1510
f 1972 2212 2213
f 1202 1206 1205
f 1959 2019 2018
f 1080 1959 2017
f 1468 452 1471
f 1397 2462 1470
f 1204 1207 1210
f 217 219 218
f 2361 2214 1462
f 448 1471 452
f 1 3 2
f 1468 1397 1470
f 1202 1207 1204
f 3 4 618
f 1069 1072 1074
f 217 220 219
f 2292 2293 1757
f 1462 2489 2379
f 1965 1966 1831
f 6 1848 1849
f 1070 1075 1072
f 2361 1462 2379
f 444 220 450
f 1 2 6
f 1848 1074 1849
f 4 1247 618
f 2213 1209 1210
f 803 2489 2148
f 1070 1079 1075
f 1814 1206 1213
f 1883 1247 1885
f 1959 2018 2017
f 1080 2017 1079
f 2212 2214 358
f 2245 2018 2019
f 1883 1885 807
f 807 803 2148
f 1 4 3
f 358 2214 2361
f 1204 1210 1209
f 1202 1203 1206
f 444 449 448
f 2212 2215 2213
f 938 1814 1213
f 2245 2462 2517
f 1202 1204 1203
f 2489 2425 2379
f 2213 2215 1209
f 1203 1213 1206
f 1397 2517 2462
f 803 2425 2489
f 2212 358 359
f 2361 2379 360
f 2212 359 2215
f 1074 1072 2004
f 1755 1830 1832
f 4 1248 1247
f 358 2361 360
f 1247 1248 1885
f 802 803 807
f 1468 1471 1396
f 444 450 449
f 807 1885 806
f 1 6 5
f 1849 1074 2133
f 6 1849 5
f 1468 1396 1397
f 360 2379 2425
f 938 1213 939
f 1204 1209 1208
f 448 1917 1471
f 1075 2004 1072
f 1204 1208 1203
f 1079 2017 1306
f 1203 1211 1213
f 802 807 806
f 1 7 4
f 2244 2018 2245
f 2017 2018 2162
f 1209 2215 1803
f 1079 1306 1075
f 2133 1074 2004
f 218 1965 221
f 1248 806 1885
f 803 804 2425
f 172 359 358
f 449 1917 448
f 1211 939 1213
f 2245 2517 2246
f 217 218 221
f 357 2215 359
f 172 358 360
f 802 804 803
f 4 7 1248
f 1208 1209 1803
f 1203 1212 1211
f 1849 2133 2132
f 220 222 450
f 1 5 7
f 1829 1831 1830
f 2423 360 2425
f 1203 1208 1212
f 1849 2132 5
f 357 1803 2215
f 1397 2246 2517
f 217 222 220
f 2017 2162 1306
f 2244 2162 2018
f 802 806 805
f 172 357 359
f 2244 2245 2246
f 2423 2425 804
f 802 805 804
f 1305 2004 1075
f 172 360 173
f 941 939 1211
f 2423 173 360
f 1305 1075 1306
f 1382 806 1248
f 1395 1396 1471
f 941 1211 1212
f 1208 1803 1801
f 1755 1832 1757
f 2005 2133 2004
f 1395 1471 1917
f 1046 1397 1396
f 1382 805 806
f 357 1804 1803
f 1208 1490 1212
f 2005 2132 2133
f 1248 7 1384
f 937 939 941
f 172 171 357
f 2201 5 2132
f 1801 1803 1804
f 1397 1044 2246
f 7 5 2211
f 805 1383 804
f 941 1212 1490
f 2423 804 2424
f 1800 1208 1801
f 2423 175 173
f 1382 1248 1384
f 168 172 173
f 2244 910 2162
f 1965 1831 1783
f 449 450 730
f 1800 1490 1208
f 357 171 1804
f 449 1919 1917
f 1306 2162 908
f 2002 2004 1305
f 1046 1044 1397
f 1382 1383 805
f 2005 2201 2132
f 2002 2005 2004
f 2201 2211 5
f 2424 804 1383
f 168 171 172
f 2423 2424 175
f 1046 1396 1395
f 2244 2246 907
f 168 173 175
f 937 941 940
f 1302 1305 1306
f 1801 1804 1802
f 1829 1830 1755
f 7 2419 1384
f 1489 941 1490
f 222 730 450
f 908 2162 910
f 7 2211 2419
f 1800 1801 1802
f 1395 1917 1919
f 2244 907 910
f 1804 171 611
f 1302 1306 908
f 1800 474 1490
f 1489 940 941
f 1829 1783 1831
f 449 730 1919
f 221 1965 1784
f 1382 1384 789
f 1804 611 1802
f 217 221 223
f 787 1383 1382
f 175 2424 174
f 1489 1490 474
f 168 175 174
f 2005 2091 2201
f 554 2424 1383
f 905 2246 1044
f 2002 2006 2005
f 168 169 171
f 1800 1802 473
f 1303 2002 1305
f 2419 1385 1384
f 217 224 222
f 2201 1948 2211
f 1800 473 474
f 905 907 2246
f 1302 1303 1305
f 169 611 171
f 787 1382 789
f 789 1384 1385
f 2006 2091 2005
f 2424 555 174
f 787 554 1383
f 554 555 2424
f 1046 1395 1047
f 1802 611 1130
f 168 174 170
f 2419 2211 1945
f 903 908 910
f 2201 2091 1948
f 1489 1491 940
f 1489 474 470
f 1802 1130 473
f 168 170 169
f 1043 1044 1046
f 903 910 907
f 1965 1783 1784
f 2419 2180 1385
f 1945 2211 1948
f 1799 940 1491
f 2002 2003 2006
f 1489 470 1491
f 169 608 611
f 1303 2003 2002
f 611 608 1130
f 467 474 473
f 1395 1919 1918
f 555 556 174
f 217 223 224
f 1302 908 909
f 2419 1945 2180
f 789 1385 788
f 552 555 554
f 222 732 730
f 467 470 474
f 787 550 554
f 1043 905 1044
f 221 1784 223
f 786 787 789
f 1043 1046 1047
f 170 174 615
f 1302 1304 1303
f 2180 788 1385
f 472 473 1130
f 2006 2089 2091
f 552 556 555
f 552 554 550
f 615 174 556
f 903 909 908
f 1919 730 731
f 1395 1918 1047
f 2091 1949 1948
f 467 473 472
f 1799 1491 1629
f 786 789 788
f 169 170 610
f 2003 2089 2006
f 471 1491 470
f 1130 608 1129
f 169 609 608
f 222 224 732
f 1302 909 1304
f 467 471 470
f 902 907 905
f 787 549 550
f 902 903 907
f 472 1130 1129
f 1944 1945 1948
f 570 2180 1945
f 2091 2089 1949
f 786 549 787
f 570 788 2180
f 610 170 615
f 169 610 609
f 552 553 556
f 1303 1655 2003
f 609 1129 608
f 547 552 550
f 1918 1919 731
f 1944 1948 1949
f 615 556 553
f 1303 1304 1655
f 1629 1491 2032
f 467 472 469
f 471 2032 1491
f 467 468 471
f 547 550 549
f 786 788 571
f 547 553 552
f 309 1757 2293
f 570 1945 572
f 467 469 468
f 2003 2090 2089
f 571 788 570
f 1944 572 1945
f 475 472 1129
f 1043 852 905
f 1043 1047 1045
f 903 904 909
f 610 615 614
f 726 730 732
f 469 472 475
f 615 553 614
f 726 731 730
f 1128 1129 609
f 2490 1949 2089
f 786 574 549
f 468 478 471
f 2003 1655 2090
f 909 1307 1304
f 1045 1047 1918
f 902 905 852
f 478 2032 471
f 610 612 609
f 902 904 903
f 309 2293 1338
f 786 571 574
f 475 1129 1128
f 1944 1949 1947
f 1756 1783 1829
f 1307 1655 1304
f 547 551 553
f 547 549 548
f 2490 2089 2090
f 469 477 468
f 1128 609 612
f 1756 1829 1755
f 468 477 478
f 565 571 570
f 565 570 572
f 610 614 613
f 1784 1785 223
f 1947 1949 2490
f 1944 1946 572
f 574 548 549
f 610 613 612
f 469 475 476
f 614 553 894
f 547 548 551
f 478 2033 2032
f 553 551 894
f 909 911 1307
f 1944 1947 1946
f 469 476 477
f 904 911 909
f 2522 224 223
f 1630 2032 2354
f 1043 1045 847
f 1043 847 852
f 477 1805 478
f 475 1128 1097
f 1782 1784 1783
f 566 574 571
f 1918 731 729
f 1946 569 572
f 1654 2090 1655
f 565 572 569
f 2032 2033 2354
f 728 732 224
f 478 1805 2033
f 1653 1655 1307
f 475 1097 476
f 565 566 571
f 310 1755 1757
f 1350 1128 612
f 1045 1918 1796
f 2490 2090 2491
f 613 614 1347
f 891 551 548
f 902 852 854
f 902 906 904
f 1347 614 894
f 477 476 1101
f 891 894 551
f 1346 612 613
f 367 1947 2490
f 477 1101 1805
f 574 575 548
f 1653 1654 1655
f 1350 1097 1128
f 726 729 731
f 1946 1947 364
f 1654 2491 2090
f 726 732 728
f 566 575 574
f 1946 568 569
f 565 569 568
f 1346 1350 612
f 1488 2033 1805
f 2522 223 1785
f 2516 2354 2033
f 1918 729 1796
f 367 2490 2491
f 1346 613 1347
f 902 854 906
f 1101 1488 1805
f 891 892 894
f 1651 1307 911
f 364 1947 367
f 1095 476 1097
f 1347 894 892
f 891 548 895
f 565 567 566
f 1488 2516 2033
f 1946 364 568
f 1095 1101 476
f 1651 1653 1307
f 904 912 911
f 895 548 575
f 1782 1785 1784
f 728 224 2522
f 2516 2530 2354
f 565 568 567
f 851 852 847
f 846 847 1045
f 1350 1096 1097
f 846 1045 1796
f 851 854 852
f 904 906 912
f 1782 1783 1756
f 566 573 575
f 1346 1348 1350
f 1653 1652 1654
f 1100 1488 1101
f 1095 1097 1096
f 891 893 892
f 1347 892 1351
f 1346 1347 1349
f 1654 2454 2491
f 566 567 573
f 1488 1445 2516
f 891 895 893
f 1095 1100 1101
f 1651 911 912
f 367 2491 366
f 2516 2529 2530
f 363 364 367
f 1350 1348 1096
f 365 568 364
f 1651 1652 1653
f 1347 1351 1352
f 893 1351 892
f 1346 1349 1348
f 895 575 896
f 1100 1445 1488
f 1347 1352 1349
f 2516 1445 2529
f 1652 2454 1654
f 1406 906 854
f 567 568 577
f 726 727 729
f 2491 2454 366
f 573 896 575
f 363 367 366
f 363 365 364
f 726 728 727
f 895 897 893
f 1095 1096 1099
f 577 568 365
f 1095 1098 1100
f 1796 729 1553
f 845 851 847
f 851 853 854
f 1754 1756 1755
f 845 847 846
f 567 576 573
f 895 896 897
f 912 906 1407
f 893 1901 1351
f 846 1796 1553
f 853 1406 854
f 1251 1445 1100
f 1352 1351 1901
f 1095 1099 1098
f 1348 1639 1096
f 567 577 576
f 1445 1252 2529
f 1406 1407 906
f 310 1757 309
f 1349 1637 1348
f 1349 1352 1638
f 1651 1169 1652
f 1651 912 1168
f 573 928 896
f 2204 2529 1252
f 1098 1102 1100
f 893 897 1902
f 1099 1096 1639
f 1251 1252 1445
f 573 576 928
f 1170 2454 1652
f 1251 1100 1102
f 1352 1901 1638
f 391 2522 1785
f 372 366 2454
f 363 366 368
f 893 1902 1901
f 363 369 365
f 1349 1638 1637
f 1348 1637 1639
f 1754 1755 310
f 577 365 2047
f 896 2524 897
f 1651 1168 1169
f 1098 1099 1103
f 1782 391 1785
f 851 849 853
f 1170 1652 1169
f 912 1407 1988
f 363 368 369
f 1170 372 2454
f 577 2046 576
f 368 366 372
f 1098 1103 1102
f 2047 365 369
f 1902 897 2524
f 928 2344 896
f 845 849 851
f 1405 1406 853
f 1249 1252 1251
f 1901 2312 1638
f 733 1553 729
f 1249 1251 1102
f 912 1988 1168
f 728 2522 392
f 845 846 848
f 727 733 729
f 1405 1407 1406
f 896 2344 2524
f 848 846 1553
f 1099 1639 2009
f 577 2047 2046
f 1637 1638 2313
f 576 2165 928
f 1901 1902 2311
f 1099 2009 1103
f 1637 2014 1639
f 1901 2311 2312
f 727 728 734
f 2313 1638 2312
f 576 2046 2165
f 1250 1102 1103
f 2165 2344 928
f 1249 338 1252
f 2185 2047 369
f 337 1252 338
f 1249 1102 1250
f 1405 853 849
f 1902 2524 2523
f 1637 2313 2014
f 2009 1639 2008
f 368 370 369
f 1988 1407 1409
f 1405 1409 1407
f 368 372 371
f 1902 2523 2311
f 1170 625 372
f 945 1170 1169
f 2014 2008 1639
f 2344 2350 2524
f 949 1169 1168
f 2011 1103 2009
f 2046 2047 497
f 1782 1756 1176
f 2185 369 370
f 2185 497 2047
f 1250 1103 2011
f 2309 2313 2312
f 391 392 2522
f 2309 2312 2311
f 845 850 849
f 2350 2523 2524
f 1249 1250 339
f 845 848 850
f 1249 339 338
f 734 728 392
f 1167 1168 1988
f 368 371 370
f 2165 2321 2344
f 371 372 625
f 2314 2014 2313
f 945 625 1170
f 2046 1444 2165
f 949 945 1169
f 2007 2009 2008
f 848 1553 1554
f 2321 2350 2344
f 2185 370 497
f 2309 2314 2313
f 2007 2011 2009
f 2310 2311 2523
f 733 1554 1553
f 2046 497 1444
f 949 1168 1167
f 2309 2311 2310
f 2010 2008 2014
f 1405 849 1408
f 1363 1988 1409
f 1405 1362 1409
f 1250 2011 1679
f 727 735 733
f 333 338 339
f 2350 2532 2523
f 1250 1679 339
f 334 338 333
f 2314 1539 2014
f 2007 2008 2010
f 2319 2321 2165
f 727 734 735
f 1363 1167 1988
f 2319 2165 1444
f 2010 2014 1539
f 2007 2013 2011
f 2309 755 2314
f 2321 2351 2350
f 2310 2523 2511
f 371 499 370
f 1684 849 850
f 371 625 626
f 1405 1408 1362
f 2511 2523 2532
f 492 497 370
f 1679 2011 2013
f 942 625 945
f 2350 2351 2532
f 1363 1409 1362
f 2309 2310 754
f 498 1444 497
f 944 945 949
f 755 1539 2314
f 1684 1408 849
f 1754 1173 1756
f 333 339 340
f 390 391 1782
f 1679 340 339
f 848 761 850
f 2309 754 755
f 949 1167 950
f 2007 2010 2012
f 848 1554 761
f 371 626 499
f 2319 2322 2321
f 870 1338 1337
f 942 626 625
f 492 370 499
f 2321 2322 2351
f 2007 2012 2013
f 492 498 497
f 2310 2511 2315
f 942 945 944
f 2010 1539 1538
f 1443 2319 1444
f 754 2310 2315
f 944 949 950
f 1584 2511 2532
f 759 1539 755
f 1584 2532 2351
f 333 340 336
f 1679 2013 1678
f 498 1443 1444
f 1176 1756 1173
f 332 333 336
f 1363 1356 1167
f 1379 340 1679
f 2010 1538 2012
f 390 1782 1176
f 870 309 1338
f 733 1494 1554
f 753 755 754
f 759 1538 1539
f 1359 1363 1362
f 2319 2320 2322
f 2510 2315 2511
f 2012 1678 2013
f 1362 1408 1361
f 1167 1356 950
f 2510 2511 1584
f 753 759 755
f 1379 1679 1678
f 1684 850 762
f 1443 2320 2319
f 734 392 2111
f 2322 1583 2351
f 389 392 391
f 733 735 1494
f 499 626 501
f 754 2315 758
f 1583 1584 2351
f 1377 336 340
f 850 761 762
f 492 496 498
f 734 2111 735
f 1377 340 1379
f 753 754 758
f 332 336 335
f 492 499 491
f 942 944 943
f 942 946 626
f 1682 1408 1684
f 498 496 1443
f 1359 1362 1361
f 1359 1356 1363
f 2510 1388 2315
f 759 756 1538
f 767 761 1554
f 1377 335 336
f 2320 2323 2322
f 1388 758 2315
f 2510 1584 1580
f 944 950 948
f 491 499 501
f 2012 1538 1659
f 753 756 759
f 626 946 501
f 2323 1583 2322
f 1443 1994 2320
f 1682 1361 1408
f 2012 1660 1678
f 1579 1584 1583
f 1379 1678 1381
f 942 943 946
f 2510 1580 1388
f 1377 1379 1378
f 1579 1580 1584
f 490 496 492
f 753 758 757
f 950 1356 948
f 1682 1684 762
f 943 944 948
f 767 1554 1494
f 490 492 491
f 756 1659 1538
f 2320 1994 2323
f 389 391 390
f 2012 1659 1660
f 753 757 756
f 1377 1192 335
f 1991 1443 496
f 1378 1379 1381
f 1381 1678 1660
f 1386 758 1388
f 1991 1994 1443
f 1377 1378 1192
f 311 1754 310
f 1386 757 758
f 1579 1583 1582
f 2323 1582 1583
f 491 501 500
f 1388 1580 1387
f 1355 1356 1359
f 500 501 946
f 1359 1361 1360
f 1192 1190 335
f 1579 1581 1580
f 760 762 761
f 1386 1388 1387
f 2323 1994 1993
f 490 493 496
f 1378 1381 1380
f 1991 496 493
f 2110 1494 735
f 756 757 1392
f 308 310 309
f 1682 1360 1361
f 943 947 946
f 760 761 767
f 2110 735 2111
f 756 1658 1659
f 1580 1581 1387
f 1991 1993 1994
f 490 491 495
f 1381 1660 2181
f 1378 1191 1192
f 1386 1390 757
f 1579 1582 1581
f 2111 392 393
f 943 948 947
f 1656 1660 1659
f 2323 2473 1582
f 491 500 495
f 1381 2181 1380
f 1355 1359 1360
f 1378 1380 1191
f 1357 948 1356
f 2323 1993 2473
f 389 393 392
f 1188 1190 1192
f 1390 1392 757
f 756 1392 1658
f 1682 762 765
f 1386 1387 1389
f 2447 500 946
f 1355 1357 1356
f 1188 1192 1191
f 1656 1659 1658
f 1386 1389 1390
f 490 494 493
f 1661 2181 1660
f 2447 946 947
f 766 767 1494
f 490 495 494
f 1656 1661 1660
f 311 1173 1754
f 1990 1991 493
f 1991 1992 1993
f 1191 1380 2198
f 2181 2198 1380
f 2397 1387 1581
f 2396 1581 1582
f 760 765 762
f 2398 1582 2473
f 1390 1391 1392
f 2473 1993 1995
f 1682 1683 1360
f 2397 1389 1387
f 2261 947 948
f 1390 1389 1391
f 1171 390 1176
f 1990 1992 1991
f 1990 493 494
f 1188 1191 1189
f 1392 2500 1658
f 1171 1176 1173
f 500 2448 495
f 760 767 766
f 2396 1582 2398
f 1189 1191 2198
f 2197 2181 1661
f 1992 1995 1993
f 1357 2261 948
f 2396 2397 1581
f 1355 1360 1358
f 2197 2198 2181
f 1682 765 1683
f 2447 2448 500
f 1188 1004 1005
f 1392 1391 2500
f 2398 2473 1995
f 1656 1658 1657
f 2453 494 495
f 2447 947 2394
f 1188 1189 1004
f 1355 1358 1357
f 2110 1496 1494
f 1656 1662 1661
f 2110 2111 2112
f 2506 1391 1389
f 2506 1389 2397
f 1658 2500 1657
f 2453 495 2448
f 766 1494 1496
f 2197 1661 1662
f 1608 1189 2198
f 1608 2198 2197
f 2112 2111 393
f 1990 494 1426
f 1656 1657 1662
f 1990 1427 1992
f 2393 2394 947
f 1992 1996 1995
f 1004 1189 1006
f 2261 2393 947
f 1391 1695 2500
f 2396 2398 2200
f 1913 2397 2396
f 2398 1995 2399
f 389 390 394
f 2506 1695 1391
f 2453 1426 494
f 2447 2394 2395
f 1003 1004 1006
f 2447 2395 2448
f 308 311 310
f 1683 1685 1360
f 1360 1685 1358
f 1992 1427 1996
f 2506 2397 1914
f 1607 1189 1608
f 1607 1006 1189
f 760 763 765
f 1990 1426 1427
f 2399 1995 1996
f 1913 2396 2200
f 2500 1694 1657
f 2200 2398 2399
f 1357 2262 2261
f 1608 2197 1057
f 2197 1662 1057
f 2500 1695 1694
f 1913 1914 2397
f 760 766 764
f 2393 2395 2394
f 1357 1358 1890
f 1003 1006 1007
f 2453 2448 1429
f 389 394 393
f 2506 1693 1695
f 56 1662 1657
f 1683 765 770
f 1607 1007 1006
f 2453 1429 1426
f 2506 1914 1693
f 1607 1608 1055
f 55 1657 1694
f 2395 2422 2448
f 2261 2392 2393
f 1055 1608 1057
f 2399 1996 1001
f 1000 1996 1427
f 1357 1890 2262
f 2200 2399 2199
f 760 764 763
f 1057 1662 58
f 55 56 1657
f 1691 1694 1695
f 1690 1913 2200
f 1429 2448 2422
f 2261 2262 2392
f 1424 1427 1426
f 2110 2112 707
f 1691 1695 1693
f 58 1662 56
f 1688 1914 1913
f 2110 707 1496
f 1685 1890 1358
f 1000 1001 1996
f 763 770 765
f 1607 1056 1007
f 766 1496 1495
f 1683 770 1685
f 1171 1174 390
f 2393 2120 2395
f 1002 2399 1001
f 1690 2200 2199
f 1607 1055 1056
f 1002 2199 2399
f 1424 1000 1427
f 1688 1913 1690
f 53 55 1694
f 536 1055 1057
f 1689 1693 1914
f 766 1495 764
f 1691 53 1694
f 536 1057 58
f 2393 2392 2120
f 1428 1426 1429
f 1056 2305 1007
f 1688 1689 1914
f 51 56 55
f 2112 393 705
f 390 1174 394
f 1691 1693 1692
f 2395 2121 2422
f 1424 1426 1428
f 1171 1173 1172
f 998 1001 1000
f 998 1002 1001
f 537 1056 1055
f 51 55 53
f 57 58 56
f 1692 1693 1689
f 355 1429 2422
f 2120 2121 2395
f 1690 2199 996
f 1002 996 2199
f 311 1172 1173
f 537 1055 536
f 1424 999 1000
f 51 57 56
f 1691 1696 53
f 2392 2262 1892
f 2262 1890 1892
f 1686 1688 1690
f 998 1000 999
f 1691 1692 1696
f 539 2305 1056
f 536 58 59
f 998 996 1002
f 355 2422 2121
f 1428 1429 356
f 1495 1496 1498
f 537 539 1056
f 355 356 1429
f 763 764 769
f 1686 1689 1688
f 1887 1890 1685
f 57 59 58
f 763 768 770
f 1498 1496 707
f 2112 705 707
f 394 706 393
f 51 53 52
f 1686 1690 996
f 1692 1689 1697
f 770 1891 1685
f 530 537 536
f 1424 1425 999
f 1424 1428 1425
f 52 53 1696
f 2392 1626 2120
f 539 817 2305
f 1692 1697 1696
f 530 536 59
f 51 54 57
f 393 706 705
f 2119 2121 2120
f 1495 1497 764
f 998 999 995
f 763 769 768
f 1689 1687 1697
f 1686 1687 1689
f 994 996 998
f 51 52 54
f 531 539 537
f 2392 1892 1626
f 1888 1892 1890
f 1428 356 351
f 354 355 2121
f 57 60 59
f 530 531 537
f 1887 1685 1891
f 1887 1888 1890
f 1497 769 764
f 999 1425 995
f 2119 2120 1626
f 352 356 355
f 1697 2128 1696
f 57 54 60
f 539 538 817
f 994 998 995
f 1686 996 997
f 52 1696 256
f 308 309 312
f 1428 347 1425
f 530 59 533
f 1428 351 347
f 531 538 539
f 770 768 2494
f 2119 2122 2121
f 352 355 354
f 256 1696 2128
f 994 997 996
f 352 351 356
f 533 59 60
f 354 2121 2122
f 37 1697 1687
f 816 817 538
f 54 52 255
f 1495 1498 1499
f 37 2128 1697
f 770 2494 1891
f 529 531 530
f 39 1687 1686
f 255 52 256
f 529 530 533
f 1425 644 995
f 1495 1499 1497
f 330 1686 997
f 54 254 60
f 1498 707 708
f 2119 1626 1627
f 1425 347 2381
f 994 995 638
f 39 37 1687
f 330 39 1686
f 531 532 538
f 1888 1893 1892
f 769 2021 768
f 533 60 748
f 54 255 254
f 2119 1627 2122
f 346 351 352
f 1892 1628 1626
f 346 347 351
f 529 532 531
f 36 256 2128
f 1425 2381 644
f 701 707 705
f 352 354 353
f 36 2128 37
f 1887 1889 1888
f 1171 1175 1174
f 995 644 638
f 354 2122 353
f 1497 1854 769
f 255 256 257
f 60 254 748
f 994 639 997
f 529 533 534
f 312 309 870
f 768 2021 2494
f 1174 2302 394
f 1887 1891 28
f 533 748 534
f 36 257 256
f 994 638 639
f 1892 1893 1628
f 532 623 538
f 538 623 818
f 330 997 329
f 348 2381 347
f 32 37 39
f 1499 1498 708
f 346 348 347
f 529 535 532
f 769 1854 2021
f 394 704 706
f 1888 1889 1893
f 32 36 37
f 1171 1172 1175
f 346 352 350
f 255 258 254
f 1159 1627 1626
f 529 534 535
f 255 257 258
f 328 39 330
f 352 353 350
f 639 329 997
f 701 708 707
f 700 705 706
f 1887 28 1889
f 636 638 644
f 1627 1625 2122
f 644 2381 640
f 1159 1626 1628
f 2405 748 254
f 1625 353 2122
f 328 330 329
f 2405 534 748
f 33 257 36
f 1499 1850 1497
f 32 39 38
f 624 818 623
f 1891 2494 27
f 634 639 638
f 532 622 623
f 532 535 622
f 328 38 39
f 348 640 2381
f 308 167 311
f 1850 1854 1497
f 636 644 640
f 634 638 636
f 258 257 33
f 346 349 348
f 258 1119 254
f 30 36 32
f 534 1812 535
f 346 350 349
f 311 164 1172
f 2405 254 1119
f 1159 1625 1627
f 28 1891 27
f 700 701 705
f 205 1893 1889
f 30 33 36
f 2405 1812 534
f 619 624 623
f 2267 2494 2021
f 328 329 331
f 639 1500 329
f 619 623 622
f 2331 350 353
f 1893 206 1628
f 394 2302 704
f 622 535 1812
f 634 637 639
f 1625 2331 353
f 32 38 31
f 348 2078 640
f 634 636 635
f 328 41 38
f 635 636 640
f 605 258 33
f 30 32 31
f 1852 2021 1854
f 1500 331 329
f 28 29 1889
f 349 2078 348
f 605 1119 258
f 205 206 1893
f 639 637 1500
f 700 706 704
f 1159 1628 1158
f 619 620 624
f 2405 1119 2406
f 328 331 41
f 1174 1175 2302
f 2267 27 2494
f 349 350 2079
f 1499 708 1851
f 205 1889 29
f 619 622 621
f 622 1812 1810
f 2405 2407 1812
f 634 635 637
f 31 38 41
f 1159 1157 1625
f 30 34 33
f 2331 2079 350
f 1158 1628 206
f 1850 1852 1854
f 2405 2406 2407
f 1499 1851 1850
f 619 621 620
f 621 622 1810
f 2406 1119 603
f 605 33 34
f 1852 2267 2021
f 605 603 1119
f 1500 1981 331
f 635 640 642
f 642 640 2078
f 331 1981 41
f 30 31 35
f 2077 2078 349
f 637 1980 1500
f 2077 349 2079
f 1625 1155 2331
f 701 709 708
f 1810 1812 1813
f 23 28 27
f 1154 1159 1158
f 30 35 34
f 1813 1812 2407
f 1154 1157 1159
f 23 29 28
f 204 206 205
f 1742 620 621
f 635 643 637
f 1157 1155 1625
f 2406 602 2407
f 31 41 40
f 2406 603 602
f 204 205 29
f 621 1810 1811
f 1742 1743 620
f 637 643 1980
f 1978 1981 1500
f 2081 2079 2331
f 1978 1500 1980
f 597 603 605
f 31 40 35
f 605 34 604
f 167 164 311
f 1810 1813 1811
f 1981 1982 41
f 635 642 641
f 1158 206 208
f 1851 708 709
f 877 2078 2077
f 597 602 603
f 877 642 2078
f 635 641 643
f 1742 621 307
f 2081 2331 1155
f 2407 602 606
f 1813 2407 606
f 621 1811 307
f 597 605 604
f 2267 1847 27
f 35 488 34
f 40 41 1982
f 2076 2077 2079
f 1978 1980 643
f 204 208 206
f 700 702 701
f 1850 1853 1852
f 1978 1982 1981
f 162 1175 1172
f 34 488 604
f 1152 1157 1154
f 1153 1154 1158
f 1852 2268 2267
f 2076 2079 2081
f 1850 1851 1853
f 411 1811 1813
f 1742 307 306
f 1152 1155 1157
f 35 40 489
f 204 29 24
f 23 24 29
f 597 598 602
f 23 27 26
f 598 606 602
f 877 2077 2076
f 411 307 1811
f 35 489 488
f 1153 1158 208
f 641 642 872
f 410 1813 606
f 162 1172 164
f 701 702 709
f 872 642 877
f 410 411 1813
f 308 312 167
f 597 604 599
f 40 1982 2129
f 871 643 641
f 1152 1154 1153
f 2268 1847 2267
f 26 27 1847
f 2081 1155 2317
f 1978 643 875
f 704 2302 2218
f 40 2130 489
f 596 598 597
f 1978 1979 1982
f 604 488 926
f 300 306 307
f 700 704 703
f 40 2129 2130
f 598 607 606
f 596 597 599
f 2076 2081 2080
f 411 305 307
f 410 606 607
f 204 207 208
f 871 641 872
f 599 604 926
f 925 488 489
f 871 875 643
f 2080 2081 2317
f 1982 1983 2129
f 204 24 207
f 300 307 305
f 1978 875 1979
f 1152 1156 1155
f 409 411 410
f 926 488 925
f 877 2076 1233
f 1979 1983 1982
f 872 877 876
f 596 601 598
f 23 25 24
f 1243 489 2130
f 1156 2317 1155
f 598 601 607
f 1852 2266 2268
f 409 305 411
f 596 599 600
f 1853 2266 1852
f 1242 2130 2129
f 23 26 25
f 1153 208 415
f 1175 1956 2302
f 1243 925 489
f 2076 2080 2082
f 412 410 607
f 1928 1851 709
f 1853 1851 1929
f 599 926 927
f 1242 2129 1983
f 596 600 601
f 409 410 412
f 877 1233 876
f 1152 1153 1125
f 700 703 702
f 1242 1243 2130
f 871 872 874
f 599 927 600
f 207 415 208
f 2076 2082 1233
f 1809 607 601
f 299 300 305
f 871 873 875
f 872 876 878
f 412 607 1809
f 26 1847 1846
f 2316 2080 2317
f 834 926 925
f 1979 875 1984
f 409 304 305
f 1979 1237 1983
f 2268 1310 1847
f 872 878 874
f 298 300 299
f 1152 1125 1156
f 703 704 2218
f 1533 601 600
f 871 874 873
f 834 927 926
f 924 925 1243
f 1153 415 1125
f 1235 1242 1983
f 1928 1929 1851
f 2316 2082 2080
f 207 24 414
f 1533 600 927
f 2316 2317 1156
f 409 412 413
f 1240 1243 1242
f 299 305 304
f 24 25 414
f 702 710 709
f 1979 1984 1237
f 1809 601 1534
f 1956 2218 2302
f 409 413 304
f 412 1809 1808
f 834 925 924
f 1235 1983 1237
f 1232 876 1233
f 1533 1534 601
f 1240 924 1243
f 26 1845 25
f 1240 1242 1235
f 1232 878 876
f 875 873 2456
f 1846 1847 1310
f 875 2456 1984
f 412 1808 413
f 2268 2266 1310
f 298 299 301
f 1233 2082 397
f 1533 927 832
f 834 832 927
f 26 1846 1845
f 1809 1534 1808
f 1928 709 710
f 275 874 878
f 1853 1929 509
f 2316 397 2082
f 276 873 874
f 299 304 303
f 1853 509 2266
f 207 416 415
f 1632 2316 1156
f 413 2427 304
f 1234 1235 1237
f 299 302 301
f 1232 275 878
f 1530 1534 1533
f 1984 1239 1237
f 1125 1123 1156
f 299 303 302
f 1530 1533 832
f 2456 873 276
f 207 414 416
f 834 924 833
f 275 276 874
f 1240 1241 924
f 415 1124 1125
f 1232 1233 400
f 1240 1235 1236
f 413 1808 1146
f 304 2427 303
f 1534 2043 1808
f 829 832 834
f 1233 397 400
f 162 163 1175
f 1984 2456 1239
f 414 25 1924
f 1234 1237 1239
f 1632 1156 1123
f 413 1146 2427
f 1234 1236 1235
f 829 834 833
f 1845 1924 25
f 2316 396 397
f 1808 2043 1146
f 1241 833 924
f 1240 1236 1241
f 2378 301 302
f 1530 1531 1534
f 1534 1531 2043
f 415 416 1124
f 303 1552 302
f 1632 1633 2316
f 1530 832 830
f 1312 1846 1310
f 1312 1845 1846
f 829 830 832
f 303 2427 1551
f 2316 1633 396
f 274 275 1232
f 163 1956 1175
f 2378 302 1552
f 510 1929 1928
f 277 2456 276
f 269 276 275
f 303 1551 1552
f 274 1232 400
f 2427 1146 1144
f 2043 1147 1146
f 1234 1239 1238
f 1234 1238 1236
f 2266 508 1310
f 1530 1532 1531
f 2043 1531 1147
f 1120 1125 1124
f 1120 1123 1125
f 1266 1239 2456
f 702 703 711
f 829 833 831
f 1241 1246 833
f 1530 830 1532
f 510 509 1929
f 702 711 710
f 1551 2427 1144
f 395 400 397
f 1236 1245 1241
f 2266 509 507
f 395 397 396
f 414 1969 416
f 829 831 830
f 1631 1632 1123
f 414 1924 1969
f 269 275 274
f 269 277 276
f 1284 2378 1552
f 277 1266 2456
f 1631 1633 1632
f 1241 1245 1246
f 1141 1146 1147
f 1141 1144 1146
f 1236 1238 1244
f 1283 1552 1551
f 161 162 164
f 1921 1924 1845
f 1393 1531 1532
f 1236 1244 1245
f 396 1633 398
f 1393 1147 1531
f 1353 833 1246
f 1353 831 833
f 2138 1238 1239
f 1921 1845 1312
f 1928 710 1792
f 2266 507 508
f 416 1127 1124
f 1551 1144 1151
f 1283 1284 1552
f 830 2045 1532
f 2138 1239 1266
f 831 2036 830
f 395 396 398
f 1308 1312 1310
f 161 164 167
f 703 2218 2217
f 1283 1551 1151
f 399 274 400
f 395 399 400
f 1631 1123 1121
f 1141 1147 1143
f 830 2036 2045
f 1393 1532 2045
f 1143 1147 1393
f 1120 1121 1123
f 1246 1245 343
f 1120 1124 1127
f 269 270 277
f 1631 325 1633
f 870 1337 1336
f 1308 1310 508
f 325 398 1633
f 1141 1145 1144
f 1244 1238 2139
f 1353 1246 343
f 268 269 274
f 1145 1151 1144
f 510 1928 1792
f 1245 1244 345
f 416 1969 2445
f 1353 1354 831
f 831 1354 2036
f 1956 2217 2218
f 1281 1284 1283
f 2138 2139 1238
f 1261 1266 277
f 1283 1151 1282
f 416 2445 1127
f 1969 1924 1925
f 343 1245 345
f 395 398 320
f 268 270 269
f 1921 1925 1924
f 2260 1393 2045
f 1141 1143 1142
f 1143 1393 1394
f 504 509 510
f 504 507 509
f 1244 2139 345
f 1265 2138 1266
f 1281 1283 1282
f 2521 2045 2036
f 1261 277 270
f 1145 1148 1151
f 1141 1142 1145
f 1148 1282 1151
f 399 273 274
f 320 398 325
f 2521 2036 1354
f 1311 1921 1312
f 2260 1394 1393
f 268 274 273
f 711 1792 710
f 1353 343 344
f 1353 344 1354
f 395 321 399
f 1631 1121 327
f 1631 327 325
f 1261 1265 1266
f 1143 1394 1142
f 2137 2139 2138
f 1308 1311 1312
f 2260 2045 2256
f 395 320 321
f 2521 2256 2045
f 1145 1149 1148
f 1120 1127 1126
f 1148 1446 1282
f 2137 2138 1265
f 341 343 345
f 1120 1122 1121
f 1281 1282 1286
f 268 271 270
f 342 345 2139
f 1145 1142 1150
f 711 703 1793
f 2521 1354 2187
f 2380 2445 1969
f 1148 1149 1446
f 1261 270 271
f 1145 1150 1149
f 341 344 343
f 502 508 507
f 1446 1286 1282
f 2380 1969 1925
f 2260 2254 1394
f 344 2187 1354
f 324 320 325
f 1142 1394 1343
f 161 163 162
f 1281 1286 1285
f 341 345 342
f 2260 2256 2254
f 2137 1954 2139
f 1120 1126 1122
f 1921 1923 1925
f 2521 2255 2256
f 1122 327 1121
f 268 273 272
f 324 325 327
f 401 273 399
f 1308 508 506
f 703 2217 1793
f 1954 342 2139
f 71 1446 1149
f 321 401 399
f 1311 1923 1921
f 2521 2187 2255
f 2254 1343 1394
f 1899 1127 2445
f 268 272 271
f 1341 1150 1142
f 71 1286 1446
f 2137 1265 1264
f 1259 1265 1261
f 319 321 320
f 1150 72 1149
f 502 507 504
f 1341 1142 1343
f 72 71 1149
f 2253 2254 2256
f 319 320 324
f 2253 2256 2255
f 1899 1126 1127
f 1261 271 1260
f 2137 1264 1954
f 510 1792 511
f 344 485 2187
f 1286 2016 1285
f 341 262 344
f 504 510 511
f 1259 1264 1265
f 341 342 261
f 502 506 508
f 725 272 273
f 1150 67 72
f 1308 1309 1311
f 71 70 1286
f 2380 1899 2445
f 1341 67 1150
f 1259 1261 1260
f 401 725 273
f 1954 266 342
f 2255 2187 2188
f 1345 1343 2254
f 1341 1343 1342
f 62 71 72
f 70 2016 1286
f 2230 2380 1925
f 262 485 344
f 1431 327 1122
f 2251 2254 2253
f 1180 271 272
f 324 327 326
f 319 322 321
f 1923 2230 1925
f 2253 2255 2252
f 485 2188 2187
f 341 261 262
f 261 342 266
f 321 322 401
f 163 1957 1956
f 1308 506 1309
f 1342 1343 1345
f 62 72 67
f 62 70 71
f 1180 1260 271
f 2251 1345 2254
f 1122 1126 1900
f 2252 2255 2188
f 312 870 869
f 265 1954 1264
f 1311 1922 1923
f 1341 66 67
f 319 324 323
f 1431 326 327
f 2251 2253 2252
f 1341 1342 66
f 265 266 1954
f 725 1183 272
f 1956 1957 2217
f 1789 1792 711
f 1259 1262 1264
f 1900 1126 1899
f 1180 272 1183
f 2015 2016 70
f 1311 1309 1922
f 61 62 67
f 401 723 725
f 167 312 166
f 485 487 2188
f 1342 1345 1344
f 324 326 323
f 62 68 70
f 260 261 266
f 319 323 322
f 262 483 485
f 1259 1260 1263
f 259 262 261
f 61 67 66
f 2015 1732 2016
f 1342 1344 66
f 265 1264 1262
f 1431 1122 1432
f 2251 544 1345
f 1898 1899 2380
f 2015 70 68
f 2251 2252 1068
f 483 487 485
f 2252 2188 1067
f 401 322 724
f 725 723 1183
f 260 266 265
f 1898 2380 2230
f 1180 1181 1260
f 61 63 62
f 1432 1122 1900
f 259 261 260
f 63 68 62
f 1259 1263 1262
f 1344 1345 544
f 1067 2188 487
f 1923 1705 2230
f 401 724 723
f 2251 1068 544
f 502 504 503
f 259 263 262
f 1923 1922 1705
f 263 483 262
f 1181 1263 1260
f 61 66 65
f 511 1792 1790
f 1177 1180 1183
f 2252 1067 1068
f 1791 711 1793
f 1955 66 1344
f 502 505 506
f 1430 326 1431
f 2015 1731 1732
f 1309 506 2486
f 2015 68 1040
f 1177 1181 1180
f 1955 65 66
f 483 486 487
f 323 326 1050
f 63 69 68
f 61 64 63
f 323 1048 322
f 504 511 503
f 545 1344 544
f 687 265 1262
f 1067 487 486
f 1430 1431 1432
f 260 265 267
f 723 1182 1183
f 61 65 64
f 558 1900 1899
f 1955 1344 545
f 2015 1040 1731
f 322 1048 724
f 68 69 1040
f 1789 1790 1792
f 259 260 264
f 1430 1050 326
f 263 484 483
f 63 64 69
f 1177 1183 1182
f 543 544 1068
f 1066 1068 1067
f 483 484 486
f 259 264 263
f 1898 2230 1704
f 1262 1263 1953
f 267 265 687
f 454 1899 1898
f 2230 1705 1704
f 1789 711 1791
f 1922 1309 1703
f 723 724 2531
f 505 2486 506
f 1181 1185 1263
f 540 545 544
f 1955 752 65
f 1066 543 1068
f 260 267 264
f 1432 1900 559
f 64 65 752
f 1177 1178 1181
f 1067 486 772
f 69 1042 1040
f 540 544 543
f 1955 545 546
f 687 1262 1953
f 723 2531 1182
f 323 1050 1049
f 1041 1731 1040
f 64 2413 69
f 2217 1794 1793
f 502 503 505
f 454 558 1899
f 1066 1067 773
f 323 1049 1048
f 1922 1703 1705
f 2166 486 484
f 69 2413 1042
f 161 167 166
f 263 131 484
f 1955 546 752
f 1263 1185 1953
f 1038 1040 1042
f 540 546 545
f 1178 1185 1181
f 1309 2486 1703
f 1067 772 773
f 1041 1730 1731
f 558 559 1900
f 1038 1041 1040
f 1177 1182 1179
f 263 264 131
f 772 486 2166
f 64 752 1117
f 724 1048 2502
f 64 1117 2413
f 1065 543 1066
f 1430 1432 562
f 1177 1179 1178
f 1430 1433 1050
f 267 687 688
f 724 2502 2531
f 131 2166 484
f 1039 1042 2413
f 1065 1066 773
f 1038 1042 1039
f 540 543 542
f 687 1953 691
f 267 689 264
f 2531 1187 1182
f 1050 1433 1049
f 1038 993 1041
f 1065 542 543
f 562 1432 559
f 1041 989 1730
f 749 752 546
f 688 687 691
f 540 541 546
f 1898 1704 457
f 774 772 2166
f 1179 1182 1187
f 1117 1118 2413
f 1038 1039 993
f 1039 2413 1118
f 1700 1704 1705
f 511 1790 513
f 751 1117 752
f 771 773 772
f 267 688 689
f 1430 562 1433
f 454 1898 457
f 1041 993 989
f 1178 1184 1185
f 540 542 541
f 131 264 130
f 1065 773 775
f 131 123 2166
f 1861 1953 1185
f 749 751 752
f 771 772 774
f 2501 1048 1049
f 1178 1179 1184
f 503 511 513
f 749 546 541
f 1791 1793 1794
f 1700 1705 1703
f 123 774 2166
f 835 1118 1117
f 2501 2502 1048
f 771 775 773
f 835 1117 751
f 993 1039 992
f 1065 815 542
f 130 264 689
f 2092 691 1953
f 557 559 558
f 1039 1118 992
f 505 1334 2486
f 2531 2502 2470
f 2531 2470 1187
f 161 165 163
f 688 691 690
f 454 455 558
f 1065 775 815
f 1184 1861 1185
f 2410 2217 1957
f 1179 1187 1186
f 2092 1953 1861
f 1703 2486 1334
f 688 690 689
f 988 989 993
f 122 123 131
f 2348 1049 1433
f 541 542 1434
f 1700 457 1704
f 1179 1186 1184
f 503 515 505
f 122 131 130
f 835 720 1118
f 771 774 124
f 749 750 751
f 542 815 1434
f 988 993 992
f 722 835 751
f 1789 1644 1790
f 720 992 1118
f 123 124 774
f 2092 690 691
f 163 165 1957
f 749 541 660
f 557 558 455
f 560 562 559
f 771 157 775
f 987 989 988
f 2501 1049 2348
f 155 815 775
f 750 722 751
f 722 720 835
f 562 1968 1433
f 749 660 750
f 2498 2470 2502
f 453 454 457
f 2501 2498 2502
f 557 560 559
f 771 124 157
f 2410 1794 2217
f 1860 1187 2470
f 541 1434 657
f 1860 1186 1187
f 120 123 122
f 120 124 123
f 505 515 1334
f 453 455 454
f 157 155 775
f 130 689 1720
f 660 541 657
f 156 1434 815
f 721 992 720
f 690 2153 689
f 988 992 721
f 155 156 815
f 2348 1433 1968
f 713 720 722
f 1184 1856 1861
f 2092 2093 690
f 1789 1791 1643
f 122 130 128
f 750 717 722
f 513 1790 1644
f 2092 1861 1934
f 1855 1184 1186
f 987 988 990
f 660 658 750
f 689 2153 1720
f 713 722 717
f 120 125 124
f 152 155 157
f 663 1434 156
f 663 657 1434
f 1700 1703 1699
f 714 721 720
f 128 130 1720
f 714 720 713
f 157 124 814
f 120 122 121
f 152 156 155
f 750 658 717
f 2093 2153 690
f 988 721 991
f 560 563 562
f 1855 1186 1860
f 654 660 657
f 562 563 1968
f 1333 1703 1334
f 2501 2348 2349
f 2092 1934 2093
f 988 991 990
f 2408 2470 2498
f 1855 1856 1184
f 1856 1934 1861
f 557 455 561
f 125 814 124
f 1860 2470 2408
f 654 658 660
f 121 122 128
f 1698 457 1700
f 120 121 125
f 2501 2497 2498
f 557 561 560
f 712 713 717
f 1789 1643 1644
f 152 157 154
f 712 714 713
f 152 158 156
f 503 514 515
f 663 156 158
f 157 814 154
f 656 657 663
f 714 719 721
f 453 457 456
f 654 657 656
f 658 718 717
f 721 719 991
f 453 458 455
f 503 513 512
f 2345 2348 1968
f 2501 2349 2497
f 1699 1703 1333
f 712 717 718
f 1820 990 991
f 2093 2154 2153
f 1724 1720 2153
f 654 659 658
f 1855 1860 1858
f 515 1335 1334
f 125 129 814
f 121 129 125
f 2408 2498 2497
f 128 1720 1721
f 152 153 158
f 121 128 127
f 712 715 714
f 2345 2349 2348
f 152 154 153
f 1858 1860 2408
f 658 659 718
f 561 455 458
f 664 663 158
f 714 715 719
f 656 663 664
f 654 656 655
f 2093 1934 203
f 1698 1700 1699
f 563 2346 1968
f 1724 2153 2154
f 1698 456 457
f 1932 1934 1856
f 654 655 659
f 1842 991 719
f 814 2325 154
f 1820 991 1842
f 1855 1859 1856
f 712 718 716
f 1721 1720 1724
f 128 1721 127
f 2345 1968 2346
f 814 129 2325
f 121 126 129
f 2093 203 2154
f 712 716 715
f 121 127 126
f 453 456 458
f 560 564 563
f 503 512 514
f 153 160 158
f 560 561 564
f 1791 1794 459
f 153 154 159
f 166 312 869
f 664 158 160
f 718 659 1729
f 655 656 662
f 1855 1858 1857
f 656 664 662
f 1932 203 1934
f 1843 719 715
f 1932 1856 1859
f 515 514 1335
f 1820 1842 195
f 2325 159 154
f 655 661 659
f 716 718 1729
f 1331 1333 1334
f 1843 1842 719
f 1855 1857 1859
f 715 716 1950
f 2408 2497 422
f 1331 1334 1335
f 153 159 160
f 2349 2347 2497
f 1858 2408 423
f 1724 2154 199
f 2509 129 126
f 661 1729 659
f 655 662 661
f 2345 2347 2349
f 2325 129 2326
f 419 2346 563
f 1843 715 1950
f 1642 513 1644
f 1722 126 127
f 199 2154 203
f 1721 1722 127
f 1791 459 1643
f 1721 1724 200
f 664 160 1621
f 664 1621 662
f 2410 1957 2362
f 2509 2326 129
f 418 2345 2346
f 716 1729 1951
f 716 1951 1950
f 870 1336 869
f 194 195 1842
f 2325 2327 159
f 1858 423 1857
f 419 563 564
f 423 2408 422
f 1722 2509 126
f 194 1842 1843
f 1724 199 200
f 159 2418 160
f 561 458 1419
f 2325 2326 2327
f 661 662 1726
f 1932 202 203
f 422 2497 424
f 1725 1729 661
f 1932 1859 1933
f 424 2497 2347
f 1843 1950 1844
f 418 2346 419
f 1721 1723 1722
f 1721 200 1723
f 1641 1644 1643
f 1621 160 1623
f 1699 1333 1332
f 1727 1951 1729
f 1420 458 456
f 1844 1950 1951
f 1621 1622 662
f 1642 512 513
f 160 2418 1623
f 561 1419 564
f 193 195 194
f 165 2362 1957
f 1859 1857 1916
f 159 2414 2418
f 159 2327 2414
f 1698 1701 456
f 198 199 203
f 2509 2384 2326
f 1725 1727 1729
f 1725 661 1726
f 418 417 2345
f 1726 662 1622
f 417 2347 2345
f 1722 2384 2509
f 1932 1933 202
f 194 1843 1160
f 1698 1699 1702
f 423 1915 1857
f 198 203 202
f 1160 1843 1844
f 1859 1916 1933
f 2327 2326 2196
f 2409 1794 2410
f 1331 1332 1333
f 1621 1623 1624
f 1727 1952 1951
f 1330 1335 514
f 1844 1951 1952
f 1621 1624 1622
f 197 200 199
f 2326 2384 2196
f 193 194 196
f 1857 1915 1916
f 2418 2507 1623
f 200 201 1723
f 2414 2507 2418
f 2426 1722 1723
f 1419 458 1420
f 1725 1726 1728
f 2195 2414 2327
f 421 422 424
f 420 423 422

