# https://github.com/mikedh/trimesh
v 0.01788241 -0.27553222 -0.45190858
v 0.01376957 -0.28106615 -0.43923289
v 0.02795209 -0.28092242 -0.44258106
v 0.03430534 -0.27481065 -0.45670559
v 0.02037665 -0.27029799 -0.46280815
v 0.00716982 -0.26954791 -0.46151535
v 0.00357115 -0.27565055 -0.44864909
v -0.06841960 -0.18064603 -0.55125444
v -0.06202339 -0.16927430 -0.56158306
v -0.08019328 -0.16963562 -0.55616227
v -0.05198724 -0.18384216 -0.55331053
v -0.06121837 -0.18989805 -0.54584089
v -0.07492951 -0.19072950 -0.54110177
v -0.08110506 -0.18004175 -0.54812594
v -0.06210741 -0.15444708 -0.57171918
v -0.07586435 -0.15837331 -0.56520096
v -0.05139074 -0.16381149 -0.56863834
v -0.04536615 -0.17357808 -0.56318909
v -0.09203000 -0.17425248 -0.54935972
v -0.08943006 -0.15851214 -0.56116399
v -0.09339663 -0.16568262 -0.55516468
v -0.05941479 -0.03289451 -0.61866970
v -0.05556629 -0.04369394 -0.61794304
v -0.04613841 -0.03915004 -0.62155035
v -0.06080945 -0.02134143 -0.61985994
v -0.07078438 -0.02478466 -0.61640461
v -0.07005006 -0.03476149 -0.61516008
v -0.06297927 -0.03904414 -0.61662730
v -0.04943603 -0.02803008 -0.62236934
v -0.36695738 0.04507209 -0.54805457
v -0.35253662 0.03668092 -0.55041672
v -0.31875486 -0.18070738 -0.47845707
v -0.30655551 -0.17462348 -0.48692123
v -0.32006022 -0.16993108 -0.48612462
v -0.33021834 -0.17362630 -0.48001788
v -0.32930632 -0.18253603 -0.47346076
v -0.32349175 -0.18829527 -0.47071695
v -0.31369015 -0.19075038 -0.47187337
v -0.30764180 -0.18510410 -0.47854208
v -0.29548572 -0.18669006 -0.48086740
v -0.30373857 -0.19239702 -0.47364785
v -0.03243009 -0.32034549 -0.29938629
v -0.04748753 -0.31892756 -0.30203576
v -0.05954595 -0.31766713 -0.30433510
v -0.07255187 -0.31790968 -0.29875101
v -0.26017793 0.01871903 -0.56861190
v -0.27595736 0.02298726 -0.56545191
v -0.27165920 0.01039678 -0.56510750
v -0.25905483 0.00420193 -0.56733234
v -0.24765273 0.00900047 -0.57060151
v -0.24566211 0.02027386 -0.57219033
v -0.28958118 0.02545757 -0.56270305
v -0.28427571 0.01458508 -0.56272269
v -0.28127294 0.00307424 -0.56202835
v -0.26935479 -0.00159737 -0.56421352
v -0.39135829 -0.15545800 -0.46993885
v -0.39489475 -0.16681610 -0.45978439
v -0.37983261 -0.16587535 -0.46691342
v -0.40249458 -0.14351663 -0.47362835
v -0.40409993 -0.15725845 -0.46315714
v -0.38680377 -0.14481109 -0.47921366
v -0.37972156 -0.15406038 -0.47570373
v -0.36846217 -0.15863536 -0.47685503
v -0.37187049 -0.14520678 -0.48464582
v -0.31108335 -0.07277974 -0.53807997
v -0.30428750 -0.06252609 -0.54308610
v -0.31527686 -0.05914041 -0.54115689
v -0.32534365 -0.07908066 -0.53206835
v -0.31336053 -0.08673226 -0.53269875
v -0.30027122 -0.08430434 -0.53716021
v -0.29442921 -0.07188625 -0.54286765
v -0.32488144 -0.06577201 -0.53658255
v -0.31781282 -0.04879261 -0.54333586
v -0.32664923 -0.05363171 -0.53970384
v -0.30704807 -0.05168301 -0.54535963
v -0.29364593 -0.05731259 -0.54734441
v -0.43872759 -0.03226450 -0.51159148
v -0.45033814 -0.02939337 -0.50766221
v -0.44683097 -0.04158073 -0.50530641
v -0.42835197 -0.02396673 -0.51800935
v -0.44239974 -0.01855973 -0.51409158
v -0.42894837 -0.03620546 -0.51419702
v -0.43504175 -0.04467765 -0.50907396
v -0.45713614 -0.03820324 -0.50188391
v -0.45618430 -0.05143263 -0.49785095
v -0.44291604 -0.05424539 -0.50259468
v -0.46270905 -0.02696257 -0.50273842
v -0.45369856 -0.01951159 -0.50911939
v -0.12676141 -0.24522583 -0.46626527
v -0.11234566 -0.24566126 -0.46989522
v -0.12380942 -0.23747215 -0.47748733
v -0.13466578 -0.23880964 -0.47259062
v -0.14188849 -0.24508512 -0.46185297
v -0.12933222 -0.25236706 -0.45507532
v -0.11869938 -0.25151574 -0.45959665
v -0.10765160 -0.25450794 -0.45834375
v -0.11754715 -0.25921031 -0.44777732
v -0.10536669 0.00243447 -0.60868977
v -0.09379564 -0.00325248 -0.61175075
v -0.08545391 0.00035095 -0.61455978
v -0.11852953 0.00715110 -0.60505521
v -0.11343125 -0.00434695 -0.60571542
v -0.10217457 -0.00702159 -0.60888447
v -0.08255770 -0.00856796 -0.61468143
v -0.09212749 -0.01516919 -0.61105113
v -0.45430632 0.05937382 -0.52195981
v -0.49705057 0.06014473 -0.49848917
v -0.48570527 0.06048462 -0.50600476
v -0.08657336 -0.14929907 -0.56788152
v -0.07560854 -0.14847120 -0.57161921
v -0.08460665 -0.13866249 -0.57466682
v -0.09532588 -0.14198209 -0.56960054
v -0.09874119 -0.14947938 -0.56409773
v -0.43596679 -0.25339147 -0.30822404
v -0.42955607 -0.25113805 -0.32136203
v -0.44258842 -0.24600046 -0.31924243
v -0.42836359 -0.26064948 -0.29733743
v -0.42266283 -0.25809330 -0.31110449
v -0.44992450 -0.24775407 -0.30564474
v -0.41248769 -0.26582121 -0.30066505
v -0.41878633 -0.25525531 -0.32266445
v -0.41064990 -0.26089257 -0.31650231
v -0.60266411 0.01997852 -0.35161125
v -0.60593425 0.01136663 -0.34134503
v -0.60076271 0.00897311 -0.35283495
v -0.59894789 0.02793198 -0.36180739
v -0.60507268 0.03226227 -0.35015283
v -0.59813238 0.01750965 -0.36101202
v -0.60725751 0.02179541 -0.34180494
v -0.60379187 0.00009997 -0.34292059
v -0.59855666 -0.00352798 -0.35445667
v -0.59534160 0.00859663 -0.36498414
v -0.46489127 0.03726994 -0.51544709
v -0.47624859 0.02872434 -0.50870447
v -0.46364078 0.02428269 -0.51428795
v -0.46544501 0.05019310 -0.51641327
v -0.47584687 0.04272467 -0.51059766
v -0.45343111 0.03193278 -0.51994931
v -0.45446284 0.04492877 -0.52096083
v -0.45180312 0.01727729 -0.51834604
v -0.47238845 0.01594150 -0.50865137
v -0.46281878 0.01355028 -0.51288106
v -0.26512965 -0.12882081 -0.52779036
v -0.27831372 -0.12515993 -0.52610567
v -0.27529877 -0.13702952 -0.52061070
v -0.25445719 -0.11849792 -0.53572376
v -0.27042411 -0.11663318 -0.53234829
v -0.26137814 -0.14188344 -0.52169497
v -0.25048812 -0.13393212 -0.52903205
v -0.38890063 -0.23677039 -0.38375504
v -0.40137678 -0.22810339 -0.38982462
v -0.40300167 -0.23573700 -0.37633302
v -0.39395111 -0.24360267 -0.36854116
v -0.38338043 -0.24498026 -0.37344907
v -0.37722238 -0.24277228 -0.38124333
v -0.37490271 -0.23618920 -0.39311079
v -0.38774322 -0.22483166 -0.40258187
v -0.41333086 -0.23426723 -0.37163160
v -0.40803173 -0.24188649 -0.36124702
v -0.41218167 -0.22867825 -0.38195967
v -0.41168971 -0.22247074 -0.39186641
v -0.40445574 -0.21906286 -0.40111314
v -0.06757768 -0.31447227 -0.31635997
v -0.08342244 -0.31433489 -0.31188837
v -0.08861439 -0.31689151 -0.29846092
v -0.28330723 -0.29954170 -0.29826240
v -0.27584706 -0.21354980 -0.46162415
v -0.26025564 -0.21341912 -0.46609737
v -0.27185437 -0.20391913 -0.47236588
v -0.28917282 -0.21344260 -0.45789651
v -0.28134991 -0.22181034 -0.45098529
v -0.28499107 -0.20530029 -0.46738362
v -0.26769191 -0.22239672 -0.45424922
v -0.25767609 -0.20174554 -0.47832125
v -0.26966596 -0.19297861 -0.48297162
v -0.28298828 -0.19548892 -0.47701824
v -0.24589535 -0.21835453 -0.46496782
v -0.24828430 -0.20956971 -0.47343849
v -0.25441555 -0.22390172 -0.45634379
v -0.47864773 -0.22205867 -0.32913743
v -0.47433064 -0.21776190 -0.34295937
v -0.48651070 -0.21213338 -0.33879309
v -0.48215934 -0.22578419 -0.31652205
v -0.46960619 -0.23196653 -0.31904286
v -0.49159296 -0.21678901 -0.32308321
v -0.46676926 -0.22678416 -0.33413299
v -0.49106416 -0.22401359 -0.30804031
v -0.49784754 -0.20673620 -0.33470755
v -0.50351244 -0.20897825 -0.32276022
v -0.50093365 -0.21627812 -0.31107431
v -0.62153024 0.07995211 -0.34310766
v -0.61789563 0.06568688 -0.34084704
v -0.61448672 0.07549649 -0.35069205
v -0.62716548 0.07208592 -0.33057528
v -0.61073171 0.05512196 -0.34781098
v -0.60981144 0.06739151 -0.35431076
v -0.62459602 0.05905500 -0.32631591
v -0.61741892 0.05070808 -0.33388222
v -0.60920299 0.07745045 -0.35932868
v -0.07027967 -0.24206414 -0.48700211
v -0.05587915 -0.24071432 -0.49279771
v -0.06739832 -0.23506508 -0.49719419
v -0.08101842 -0.23233168 -0.49649724
v -0.08454922 -0.24275496 -0.48191164
v -0.07282352 -0.25094871 -0.47355625
v -0.05942823 -0.24962633 -0.47922737
v -0.04612693 -0.24938628 -0.48303188
v -0.03972559 -0.24213556 -0.49490047
v -0.05961205 -0.23247258 -0.50262690
v -0.04771311 -0.23346209 -0.50436767
v -0.06948517 -0.22718047 -0.50618753
v -0.44319592 0.05066721 -0.52606779
v -0.44531239 0.03935990 -0.52427185
v -0.43489433 0.04092156 -0.52840200
v -0.43049704 0.05337145 -0.53101585
v -0.31374203 -0.15990513 -0.49513335
v -0.29858863 -0.16436036 -0.49686814
v -0.29130446 -0.17541517 -0.49106663
v 0.03959381 -0.28140872 -0.44400263
v 0.04853086 -0.27964905 -0.44966227
v 0.04920107 -0.28498971 -0.43786449
v 0.03755179 -0.28592919 -0.43324389
v 0.02422864 -0.28599531 -0.43025235
v 0.04153600 -0.26870113 -0.47011742
v 0.02852810 -0.26672508 -0.47106494
v 0.04966271 -0.27406224 -0.46143836
v 0.01062602 -0.31374828 -0.34162819
v 0.00486923 -0.31019174 -0.35418480
v -0.00075335 -0.31324558 -0.34085147
v 0.00707943 -0.31633407 -0.32963578
v 0.02169368 -0.31641147 -0.33296012
v 0.02092383 -0.31207254 -0.35082000
v -0.24050657 -0.23932908 -0.44113023
v -0.25305003 -0.23881981 -0.43816230
v -0.24481893 -0.24624877 -0.43016587
v -0.23195218 -0.24654541 -0.43350649
v -0.22793119 -0.23950703 -0.44450251
v -0.23634879 -0.23233199 -0.45139893
v -0.24816666 -0.23195867 -0.44850479
v -0.52593512 -0.07184079 -0.44473975
v -0.51836674 -0.06201794 -0.45610484
v -0.52752410 -0.05951091 -0.44925131
v -0.53550073 -0.07790187 -0.43211541
v -0.52752404 -0.08276989 -0.43745525
v -0.51418464 -0.07349699 -0.45418335
v -0.53711425 -0.06319358 -0.43814834
v -0.51924035 -0.08327550 -0.44467517
v 0.02076809 -0.20029732 -0.55671071
v 0.02359964 -0.21102408 -0.54650848
v 0.03438594 -0.20613247 -0.55391833
v 0.03201515 -0.19521884 -0.56402777
v 0.01073684 -0.20518752 -0.54969978
v 0.01820051 -0.18929772 -0.56631151
v 0.00587548 -0.19449691 -0.55877514
v -0.01792790 -0.32062600 -0.30228773
v -0.01277100 -0.31832084 -0.31515343
v -0.02656755 -0.31780756 -0.31375259
v -0.00607664 -0.32095725 -0.30391136
v 0.00583826 -0.32273060 -0.29759241
v 0.00303899 -0.31936205 -0.31432298
v 0.02124615 -0.25077078 -0.49587114
v 0.03281380 -0.25609927 -0.49008457
v 0.03474558 -0.25064417 -0.49886313
v 0.00715006 -0.24913669 -0.49551771
v 0.01070870 -0.25620703 -0.48536115
v 0.02402129 -0.25946496 -0.48276637
v 0.02875983 -0.24173649 -0.51037850
v 0.01051825 -0.24118624 -0.50745375
v 0.03694270 -0.26218054 -0.48083479
v 0.04717212 -0.25691407 -0.49150191
v 0.04386788 -0.24710359 -0.50594241
v -0.08559377 -0.29191915 -0.38831264
v -0.10109382 -0.29035411 -0.38790573
v -0.09277619 -0.29556747 -0.37597494
v -0.09406794 -0.28569586 -0.40190833
v -0.07796821 -0.29713064 -0.37580306
v -0.07003118 -0.29373641 -0.38787516
v -0.07726452 -0.28829696 -0.40032004
v -0.10763627 -0.29428914 -0.37514850
v -0.09906663 -0.29908677 -0.36352332
v -0.08515549 -0.30012524 -0.36458847
v -0.11010071 -0.28491775 -0.39903746
v -0.11575231 -0.28915966 -0.38666968
v -0.30717511 -0.20075222 -0.46486139
v -0.32134389 -0.19671057 -0.46388616
v -0.29567693 -0.20606782 -0.46348900
v -0.29493088 -0.19798927 -0.47132266
v -0.30246705 -0.21172328 -0.45545940
v -0.31856449 -0.20841475 -0.45330619
v -0.60718686 -0.05239579 -0.31034923
v -0.60846955 -0.04288806 -0.31175348
v -0.61158261 -0.04701115 -0.29922973
v -0.60546321 -0.06298398 -0.30917495
v -0.60389884 -0.05650898 -0.31828155
v -0.60377776 -0.04518718 -0.32460596
v -0.60950064 -0.05925536 -0.29824618
v -0.60219940 -0.07426946 -0.31123914
v -0.60220009 -0.06404561 -0.31876476
v -0.60729424 -0.07079605 -0.29719866
v -0.48412589 -0.13466112 -0.43575228
v -0.48303127 -0.12224869 -0.44666997
v -0.49441348 -0.12525292 -0.43589041
v -0.49633519 -0.13651295 -0.42455299
v -0.48565105 -0.14384130 -0.42662980
v -0.47280610 -0.14622780 -0.43375950
v -0.47109627 -0.13315417 -0.44593730
v -0.28606972 -0.29583089 -0.31031456
v -0.30019178 -0.29576068 -0.30264922
v -0.27328898 -0.29774989 -0.30933480
v -0.28882717 -0.14471462 -0.51229966
v -0.29796676 -0.13069835 -0.51756425
v -0.30585032 -0.14028476 -0.50991170
v -0.27158325 -0.14997585 -0.51406469
v -0.30196116 -0.15242724 -0.50374921
v -0.28006607 -0.15826914 -0.50649091
v -0.29122964 -0.15724113 -0.50392995
v -0.28618985 -0.13183900 -0.52040956
v -0.29030548 -0.12159752 -0.52447662
v -0.37315910 -0.17731808 -0.46058916
v -0.36522066 -0.17051736 -0.46931722
v -0.38560226 -0.17768994 -0.45486928
v -0.37306008 -0.19000249 -0.44943792
v -0.36173154 -0.18193848 -0.46147279
v -0.35223472 -0.17511057 -0.47081369
v -0.35547002 -0.16364259 -0.47824781
v -0.14951093 -0.31127346 -0.30324459
v -0.13510186 -0.31259834 -0.30263790
v -0.12248802 -0.31429251 -0.29938079
v -0.12461533 -0.31044873 -0.31498911
v -0.14121706 -0.30879666 -0.31622275
v -0.33443509 -0.20940442 -0.44643740
v -0.34897132 -0.20980933 -0.44014604
v -0.33850006 -0.21909464 -0.43406326
v -0.32399599 -0.21886091 -0.44000489
v -0.34501940 -0.19859065 -0.45315799
v -0.33078495 -0.20085160 -0.45653964
v -0.28218754 -0.11514311 -0.52983026
v -0.48162130 -0.15451328 -0.41961954
v -0.46814998 -0.15897242 -0.42554153
v -0.45832317 -0.15452071 -0.43627988
v -0.45917500 -0.14289365 -0.44560150
v -0.45665088 -0.13004296 -0.45708911
v -0.46972895 -0.12136764 -0.45596312
v -0.61132228 -0.03712166 -0.30594154
v -0.61275184 -0.02753754 -0.30662741
v -0.36022731 -0.25189533 -0.37531741
v -0.36105113 -0.25769964 -0.36354978
v -0.34899631 -0.25694127 -0.37216149
v -0.36603743 -0.24491284 -0.38417262
v -0.37226908 -0.25019676 -0.37102328
v -0.35252366 -0.24877183 -0.38511443
v -0.34784848 -0.26527886 -0.35589300
v -0.33478048 -0.26299887 -0.36815235
v -0.33735246 -0.25388656 -0.38407457
v -0.37333179 -0.25710229 -0.35672631
v -0.36333676 -0.26358133 -0.34969166
v -0.10117022 -0.20019014 -0.52497039
v -0.11420484 -0.20610145 -0.51541437
v -0.09615096 -0.21199888 -0.51495730
v -0.08894722 -0.19553424 -0.53285160
v -0.10305462 -0.18883523 -0.53440225
v -0.08881711 -0.20468871 -0.52450793
v -0.11546900 -0.19384303 -0.52635519
v -0.09756830 -0.31387801 -0.30934396
v -0.08101062 -0.31084344 -0.32751841
v -0.09296726 -0.31161781 -0.32057416
v -0.08242461 -0.02803763 -0.61234142
v -0.08841480 -0.03828157 -0.60881028
v -0.07733839 -0.03915643 -0.61212534
v -0.07996235 -0.01805551 -0.61446229
v -0.09733782 -0.02668220 -0.60793226
v -0.10160477 -0.03779750 -0.60484456
v -0.07832086 -0.04985210 -0.60969826
v -0.09250041 -0.04854475 -0.60558342
v -0.06673908 -0.04503546 -0.61431299
v -0.20413494 -0.30685912 -0.30200553
v -0.18162880 -0.30768388 -0.30656851
v -0.19424105 -0.30644982 -0.30716386
v -0.21379787 -0.30352099 -0.31126051
v -0.21778550 -0.30684412 -0.29683936
v -0.20241561 -0.30413828 -0.31312312
v -0.58535351 0.02173921 -0.38801139
v -0.58159333 0.03426957 -0.39674214
v -0.58833461 0.03458827 -0.38431150
v -0.57794965 0.02312967 -0.40186259
v -0.59290409 0.02224668 -0.37309000
v -0.58906624 0.00915002 -0.37851648
v -0.58144817 0.00816057 -0.39344050
v -0.52534287 -0.11158449 -0.41906108
v -0.52401994 -0.10009457 -0.42913898
v -0.53511839 -0.10106029 -0.41716787
v -0.51712433 -0.12280088 -0.41774779
v -0.51293329 -0.11118086 -0.43108927
v -0.53356258 -0.11223035 -0.41018979
v -0.52777364 -0.12152147 -0.40821993
v -0.32172243 -0.28698095 -0.31830175
v -0.32937688 -0.28033859 -0.33206808
v -0.33650512 -0.28421160 -0.31619078
v -0.32767697 -0.29001671 -0.30438790
v -0.31489861 -0.29178578 -0.30757493
v -0.31384126 -0.28419180 -0.33116618
v -0.30747082 -0.28983909 -0.31834828
v -0.21608071 -0.17332612 -0.51357489
v -0.21874142 -0.16125352 -0.52132234
v -0.23005345 -0.16737202 -0.51397819
v -0.22599959 -0.17979450 -0.50588828
v -0.21004009 -0.18568019 -0.50561879
v -0.20439609 -0.17729035 -0.51392623
v -0.20601238 -0.16790429 -0.52036329
v -0.24011785 -0.17417581 -0.50629263
v -0.22184617 -0.19017194 -0.49863148
v -0.23696859 -0.18758953 -0.49651525
v -0.05022909 -0.25567227 -0.47239227
v -0.06061778 -0.25798731 -0.46585914
v -0.49424288 -0.20073648 -0.34952177
v -0.48591389 -0.19795652 -0.36348084
v -0.49700587 -0.18994386 -0.36319302
v -0.50574038 -0.19113149 -0.35119319
v -0.50378660 -0.19886937 -0.34121342
v -0.48102278 -0.20793970 -0.35279005
v -0.50921480 -0.13459299 -0.41476559
v -0.50558410 -0.12458398 -0.42698185
v -0.50142672 -0.14532375 -0.41190994
v -0.52057934 -0.13264267 -0.40540821
v -0.51284919 -0.14514868 -0.40097224
v -0.36683792 -0.08179730 -0.51871695
v -0.37843807 -0.08103927 -0.51537834
v -0.37480987 -0.09344712 -0.51122996
v -0.35833130 -0.09294289 -0.51680611
v -0.35270353 -0.08100096 -0.52332970
v -0.36200062 -0.07057377 -0.52442076
v -0.37454052 -0.07161371 -0.52027142
v -0.27785042 -0.02556516 -0.55851579
v -0.27253277 -0.01850289 -0.56101119
v -0.28462903 -0.01687900 -0.55833984
v -0.27762066 -0.03498808 -0.55675486
v -0.26627047 -0.02990639 -0.56052946
v -0.28805796 -0.02739590 -0.55563518
v -0.27788636 -0.00829102 -0.56128950
v -0.26080558 -0.01900643 -0.56373994
v -0.26779710 -0.01110494 -0.56329308
v -0.29944752 -0.01676399 -0.55474508
v -0.29153633 -0.00466568 -0.55857445
v 0.00903294 -0.01812057 -0.64080578
v 0.00686399 -0.03803004 -0.63714638
v -0.51927086 -0.20487928 -0.30706688
v -0.51004268 -0.21498516 -0.29956950
v -0.50960477 -0.20951223 -0.31267148
v -0.51420229 -0.20133869 -0.32224714
v -0.52308773 -0.19754715 -0.31623344
v -0.52918694 -0.19672163 -0.30761856
v -0.49972556 -0.22194491 -0.29986515
v -0.19421979 0.00052323 -0.58338208
v -0.20570142 -0.00090687 -0.58017959
v -0.19356064 -0.01005252 -0.58238758
v -0.18323888 -0.00526568 -0.58574443
v -0.20163008 0.01159035 -0.58244121
v -0.18671060 0.00756010 -0.58604319
v -0.49198908 -0.14703921 -0.41860278
v -0.49342848 -0.15487343 -0.40950666
v -0.49714976 -0.16258088 -0.39783782
v -0.48358963 -0.16597927 -0.40618120
v -0.50312937 -0.15339551 -0.40216899
v -0.04632516 -0.27111108 -0.44630068
v -0.04590999 -0.26358308 -0.46015104
v -0.06076626 -0.26719920 -0.44991308
v -0.03392840 -0.27070781 -0.45003140
v -0.05331627 -0.27555798 -0.43575194
v -0.03708567 -0.27761474 -0.43540418
v -0.03008518 -0.26419866 -0.46294911
v -0.03838479 -0.25700772 -0.47313767
v -0.07425908 -0.25967723 -0.45946434
v -0.07669920 -0.26713191 -0.44605416
v -0.06813435 -0.27382637 -0.43552755
v -0.54285238 0.04050851 -0.45500723
v -0.53428083 0.04546409 -0.46506545
v -0.53907606 0.05153467 -0.45987305
v -0.54573065 0.04792492 -0.45180398
v -0.55188772 0.03875871 -0.44334614
v -0.54752329 0.02564898 -0.44824456
v -0.53741080 0.03338274 -0.46095479
v -0.55638687 0.02664876 -0.43644139
v -0.55072456 0.01086436 -0.44290282
v -0.54375767 0.01505774 -0.45213713
v -0.53935117 0.02270706 -0.45801794
v -0.55577489 0.01705545 -0.43658624
v -0.10423163 -0.30255356 -0.35078058
v -0.08954086 -0.30342922 -0.35244165
v -0.11506415 -0.29816032 -0.36147118
v -0.07572277 -0.30597498 -0.34774681
v -0.08039607 -0.30298177 -0.35686434
v -0.09643084 -0.30563565 -0.34265112
v -0.08581419 -0.30725967 -0.34002725
v -0.10707532 -0.30606264 -0.33759990
v -0.11793623 -0.30257552 -0.34639023
v -0.19849357 -0.29839839 -0.33414589
v -0.20806628 -0.30039447 -0.32434410
v -0.19167323 -0.30297890 -0.32082932
v -0.19816976 -0.29412361 -0.34733334
v -0.21100730 -0.29530655 -0.33968264
v -0.18423786 -0.29856159 -0.33820169
v -0.21883687 -0.29754481 -0.33019329
v -0.22037058 -0.30019710 -0.32079659
v -0.17291892 -0.30435439 -0.32223236
v -0.05699750 -0.22548142 -0.51162641
v -0.00686415 -0.02718799 -0.63496388
v -0.01804922 -0.03087017 -0.63114027
v -0.00616252 -0.04030198 -0.63296598
v 0.00384830 -0.02649186 -0.63822356
v -0.00254538 -0.01927059 -0.63735474
v -0.01314627 -0.01524581 -0.63469350
v -0.01904421 -0.02076351 -0.63228201
v -0.00660898 -0.05243069 -0.63037631
v 0.00517925 -0.05078351 -0.63412456
v -0.01818382 -0.04251183 -0.62908562
v -0.02916596 -0.02183589 -0.62915264
v -0.02924183 -0.03292372 -0.62755528
v -0.52713114 -0.02062757 -0.46282541
v -0.53678989 -0.02225954 -0.45340803
v -0.53238434 -0.03382025 -0.45431391
v -0.52126399 -0.03068201 -0.46508686
v -0.52059391 -0.00707201 -0.47163549
v -0.53325823 -0.00957908 -0.45969034
v -0.51760679 -0.01972489 -0.47114275
v -0.23620471 0.00162439 -0.57259359
v -0.24720373 -0.00378609 -0.56920535
v -0.22419624 -0.00409208 -0.57497786
v -0.22667732 0.00884307 -0.57577999
v -0.23793568 0.01214745 -0.57331045
v -0.23395099 -0.01323981 -0.57123670
v -0.34759814 -0.06771435 -0.52957480
v -0.36006111 -0.05857204 -0.52904782
v -0.33902824 -0.07987235 -0.52784273
v -0.33463158 -0.07043458 -0.53240381
v -0.33667727 -0.05972311 -0.53521489
v -0.34843008 -0.05370426 -0.53379657
v -0.35941840 -0.04614536 -0.53300759
v -0.37278246 -0.05053729 -0.52794401
v -0.37039901 -0.06243763 -0.52479691
v -0.41857149 -0.14107654 -0.46831399
v -0.43256681 -0.14087350 -0.46183067
v -0.42439462 -0.15102139 -0.45836657
v -0.42663947 -0.12878820 -0.47293140
v -0.41311647 -0.15064547 -0.46404065
v -0.41178895 -0.13106037 -0.47791323
v -0.39291352 -0.13605807 -0.48251130
v -0.40084198 -0.13136592 -0.48225789
v -0.29447446 0.01727217 -0.56076009
v -0.30167827 0.02459276 -0.55998067
v -0.30407887 0.01328802 -0.55814433
v -0.29275944 0.00783295 -0.56000933
v -0.30058446 0.00308070 -0.55760613
v -0.31133426 0.02190328 -0.55758758
v -0.31679418 0.01398735 -0.55541031
v -0.31050826 0.00350946 -0.55538592
v -0.31183445 0.03158289 -0.55854767
v -0.09333699 -0.10421470 -0.58852134
v -0.10654925 -0.09418309 -0.58834893
v -0.10826476 -0.10517689 -0.58359772
v -0.08730230 -0.11543789 -0.58562507
v -0.07851387 -0.11074329 -0.59032454
v -0.09885819 -0.11470705 -0.58240567
v -0.09438835 -0.09057991 -0.59334384
v -0.08055218 -0.09816414 -0.59476453
v -0.09818498 -0.07826799 -0.59623782
v -0.10572699 -0.08436591 -0.59202839
v -0.08283282 -0.08354931 -0.59924849
v -0.22695703 -0.28300395 -0.36761140
v -0.22475946 -0.28669821 -0.35935375
v -0.21607535 -0.28678413 -0.36173725
v -0.21437349 -0.28073879 -0.37653000
v -0.23011569 -0.27766061 -0.37871823
v -0.23528262 -0.28611703 -0.35718130
v -0.24261468 -0.27913124 -0.37146023
v -0.20093665 -0.28798399 -0.36324015
v -0.22183251 -0.29040493 -0.35030739
v -0.20933257 -0.29105199 -0.35258532
v -0.41437414 0.03293485 -0.53451258
v -0.41045321 0.04411795 -0.53690749
v -0.42261736 0.04289473 -0.53291227
v -0.42658545 0.03063443 -0.53016651
v -0.41714265 0.02079542 -0.53192671
v -0.40510842 0.02337610 -0.53601849
v -0.40280711 0.03500207 -0.53821847
v -0.44018642 0.02755922 -0.52471240
v -0.42907939 0.01765267 -0.52731965
v -0.39782615 -0.19627799 -0.43184820
v -0.39125761 -0.20662156 -0.42405043
v -0.38362392 -0.19918128 -0.43577229
v -0.40297573 -0.18729102 -0.43825478
v -0.41279630 -0.19183745 -0.42838326
v -0.40496013 -0.20359058 -0.42008153
v -0.39083027 -0.18810499 -0.44324720
v -0.37705950 -0.21074513 -0.42642512
v -0.37133923 -0.20240347 -0.43822156
v -0.39740917 -0.21351767 -0.41248504
v -0.38628075 -0.21532931 -0.41630984
v -0.41885170 -0.21383075 -0.39901896
v -0.42144810 -0.22178747 -0.38610022
v -0.43266221 -0.20562869 -0.40025593
v -0.43143056 -0.21440246 -0.38953040
v -0.42061737 -0.20160003 -0.41297150
v -0.40933061 -0.21051517 -0.40938766
v -0.42214448 -0.22859486 -0.37469003
v -0.43220036 -0.22162345 -0.37805497
v -0.59851373 -0.06847203 -0.32652413
v -0.59600638 -0.08250483 -0.32345956
v -0.59339507 -0.07188094 -0.33839222
v -0.59616424 -0.06010836 -0.33828313
v -0.60055772 -0.05733712 -0.32762226
v -0.10325978 -0.12295984 -0.57720134
v -0.11203178 -0.11499361 -0.57820624
v -0.11651230 -0.12723892 -0.57088109
v -0.09940424 -0.13265241 -0.57344768
v -0.08952030 -0.12540438 -0.58019163
v -0.28496780 -0.27137617 -0.37396308
v -0.27408612 -0.27725947 -0.36529285
v -0.27123911 -0.27182370 -0.37778110
v -0.29654352 -0.26564457 -0.38085849
v -0.29621994 -0.27111632 -0.37024607
v -0.28348841 -0.26527330 -0.38632212
v -0.28806812 -0.27626699 -0.36244173
v -0.14858208 -0.10028387 -0.57322676
v -0.16099615 -0.09880319 -0.57012170
v -0.15639660 -0.11108619 -0.56638096
v -0.14007485 -0.11164795 -0.57106023
v -0.13268616 -0.10110979 -0.57770343
v -0.14337449 -0.09062093 -0.57846464
v -0.15706586 -0.08833875 -0.57515722
v -0.15769910 -0.12466879 -0.55971509
v -0.14446111 -0.12224892 -0.56484298
v -0.17062843 -0.11673512 -0.55968538
v -0.17139407 -0.10336807 -0.56522985
v -0.17065118 -0.09088280 -0.57024671
v -0.00998183 -0.27577235 -0.44551437
v -0.00050714 -0.28083929 -0.43670617
v -0.02014875 -0.27047124 -0.45374221
v -0.02278676 -0.27638067 -0.44135671
v -0.00664040 -0.27031553 -0.45708514
v -0.01254461 -0.28023445 -0.43550673
v -0.00688544 -0.28494142 -0.42598434
v 0.00937507 -0.28679151 -0.42502169
v -0.13903489 -0.29685773 -0.35806225
v -0.15149220 -0.29653488 -0.35533820
v -0.14608309 -0.29997663 -0.34630516
v -0.12786399 -0.29578110 -0.36480311
v -0.13641241 -0.29106866 -0.37523810
v -0.13319338 -0.30238256 -0.34223417
v -0.12669275 -0.29927314 -0.35454771
v -0.15080829 -0.29195114 -0.36840233
v -0.12177848 -0.29293292 -0.37474805
v -0.15063183 -0.28483893 -0.38648390
v -0.12738637 -0.28854178 -0.38481169
v -0.13643296 -0.28562527 -0.38923066
v -0.52551972 0.05197493 -0.47416587
v -0.53206441 0.05537192 -0.46762677
v -0.52795393 0.03909259 -0.47133134
v -0.53546633 0.06194979 -0.46372672
v -0.54331783 0.05731199 -0.45475079
v -0.47962974 -0.23291065 -0.30302931
v -0.60304521 -0.03112934 -0.33321769
v -0.60809909 -0.03238993 -0.31821475
v -0.60637428 -0.02080605 -0.32836161
v -0.59887710 -0.03100238 -0.34461402
v -0.60058924 -0.01803736 -0.34478066
v -0.59997217 -0.03929613 -0.33826581
v -0.36977841 -0.03708072 -0.53274408
v -0.35679734 -0.03386401 -0.53703143
v -0.37987470 -0.02775821 -0.53254825
v -0.38229939 -0.03933157 -0.52862993
v -0.36775306 -0.02425110 -0.53662356
v -0.35382910 -0.01958622 -0.54119347
v -0.34124852 -0.03290585 -0.54121512
v -0.34881577 -0.04278919 -0.53679779
v -0.15269281 -0.26328543 -0.43000348
v -0.14466394 -0.25800769 -0.44150356
v -0.15946941 -0.25404069 -0.44322707
v -0.14642297 -0.27166336 -0.41636866
v -0.13606452 -0.26617397 -0.43000167
v -0.16750116 -0.26057485 -0.43026980
v -0.16191750 -0.26840015 -0.41797660
v -0.26053472 -0.23096339 -0.44614170
v -0.24349521 -0.22612992 -0.45692318
v -0.27353921 -0.23014725 -0.44335642
v -0.26578069 -0.23814669 -0.43532134
v -0.57842907 -0.03372967 -0.39067691
v -0.58452434 -0.03020100 -0.37916257
v -0.58196524 -0.04125129 -0.38110940
v -0.58013160 -0.02318106 -0.39033032
v -0.57474118 -0.02335597 -0.40044764
v -0.57665670 -0.04840792 -0.38887179
v -0.57171649 -0.03579526 -0.40231461
v -0.35836225 -0.23862059 -0.39841239
v -0.40780803 -0.06544338 -0.51172534
v -0.41589367 -0.05604032 -0.51233041
v -0.41826461 -0.06615866 -0.50772767
v -0.39594116 -0.06372489 -0.51636147
v -0.40464723 -0.05488848 -0.51666968
v -0.41230206 -0.07604611 -0.50591825
v -0.39939406 -0.07548455 -0.51063486
v -0.41178814 -0.04536784 -0.51743566
v -0.39402344 -0.05270866 -0.52089733
v -0.40196407 -0.04593205 -0.52059357
v -0.19480654 -0.18446598 -0.51092623
v -0.19420958 -0.17420567 -0.51910366
v -0.56720788 -0.07571598 -0.39273695
v -0.56635336 -0.06439350 -0.40069556
v -0.57292712 -0.06405647 -0.38912534
v -0.56010459 -0.08443323 -0.39820736
v -0.56080805 -0.07157447 -0.40545842
v -0.56695252 -0.09081721 -0.38256273
v -0.57360679 -0.07834293 -0.37960965
v -0.57779941 -0.06962128 -0.37703948
v -0.57978490 -0.07842232 -0.36709065
v -0.57498007 -0.09045004 -0.36825481
v -0.04225934 -0.05245451 -0.62001697
v -0.05613059 -0.05388170 -0.61565028
v -0.04693959 -0.06378519 -0.61599083
v -0.03177873 -0.06660718 -0.61963370
v -0.02865873 -0.05615694 -0.62319869
v -0.03155738 -0.04440809 -0.62483341
v -0.01845267 -0.05410888 -0.62660595
v -0.02017307 -0.06351526 -0.62385847
v -0.12317271 -0.21632692 -0.50229381
v -0.10779482 -0.21685427 -0.50639952
v -0.13016040 -0.20491454 -0.51188401
v -0.12511844 -0.19811871 -0.51976238
v -0.13168051 -0.06401353 -0.59007704
v -0.13363006 -0.07588450 -0.58616696
v -0.12285082 -0.07203792 -0.59054517
v -0.14352829 -0.06534014 -0.58619830
v -0.11912022 -0.06197370 -0.59436746
v -0.13008061 -0.05482708 -0.59283871
v -0.14101173 -0.05442185 -0.58964426
v -0.38430012 -0.25721057 -0.34842284
v -0.38397612 -0.25075983 -0.36204455
v -0.39586851 -0.25042741 -0.35366983
v -0.38151778 -0.26375092 -0.33567368
v -0.37434138 -0.26204431 -0.34541425
v -0.39586605 -0.25806438 -0.33696341
v -0.30325099 -0.27463427 -0.35964957
v -0.30800815 -0.26704166 -0.37332741
v -0.31965843 -0.26956310 -0.36279236
v -0.31394752 -0.27576548 -0.35240731
v -0.30502070 -0.28099874 -0.34412868
v -0.29170804 -0.28077545 -0.35065596
v -0.27838851 -0.28169362 -0.35363981
v -0.15707302 -0.24535337 -0.45689677
v -0.15391518 -0.23871259 -0.46692585
v -0.16625970 -0.23716474 -0.46519247
v -0.14849839 -0.25127107 -0.45094457
v -0.17240177 -0.24534362 -0.45230172
v -0.18031139 -0.23581121 -0.46290220
v -0.17344996 -0.25354949 -0.43989387
v -0.18567879 -0.24175400 -0.45357702
v -0.18489083 -0.24900561 -0.44342371
v -0.42890484 -0.05850071 -0.50655989
v -0.42610510 -0.07453978 -0.50143222
v -0.42334222 -0.04587282 -0.51312834
v -0.31281453 -0.03844428 -0.54709983
v -0.30005205 -0.03147883 -0.55181536
v -0.31294193 -0.02343115 -0.55024861
v -0.29831066 -0.04430259 -0.54944319
v -0.32715353 -0.04150369 -0.54274604
v -0.32605782 -0.02833002 -0.54605254
v -0.31474654 -0.00868475 -0.55251026
v -0.32421058 -0.01677376 -0.54886294
v -0.28834810 -0.03873163 -0.55326802
v -0.45354793 -0.21258730 -0.37354111
v -0.44325629 -0.22100126 -0.36943334
v -0.44219549 -0.21417730 -0.38130942
v -0.45112764 -0.20611757 -0.38536233
v -0.46358386 -0.21085468 -0.36664677
v -0.45546237 -0.21974375 -0.35983799
v -0.46422906 -0.20276782 -0.37816173
v -0.44289943 -0.22817456 -0.35708901
v -0.43227986 -0.22859139 -0.36618045
v -0.44093481 -0.20816341 -0.39100395
v -0.55766981 -0.11946210 -0.37262492
v -0.54833050 -0.12215501 -0.38334738
v -0.55393511 -0.11053499 -0.38657066
v -0.56469114 -0.12171956 -0.35932257
v -0.55759809 -0.13102452 -0.36075104
v -0.56229422 -0.10570610 -0.37830459
v -0.56533337 -0.11254621 -0.36737568
v -0.54959450 -0.13152442 -0.37190412
v -0.55791264 -0.09776558 -0.39158540
v -0.54960857 -0.10339476 -0.39862850
v -0.54551229 -0.11444811 -0.39439192
v -0.54073228 -0.13245906 -0.38268047
v -0.54092431 -0.12375158 -0.39139396
v -0.57378818 -0.15333783 -0.29894089
v -0.57912269 -0.14166261 -0.30436451
v -0.57073606 -0.14758004 -0.31510858
v -0.56502561 -0.16022535 -0.30737287
v -0.55920732 -0.17076992 -0.30149546
v -0.17025321 -0.12980496 -0.55346238
v -0.15706916 -0.13667893 -0.55367169
v -0.14710753 -0.13174169 -0.55929583
v -0.07140512 -0.06261483 -0.60888488
v -0.08469328 -0.06020014 -0.60535511
v -0.07706108 -0.07224235 -0.60453005
v -0.06638586 -0.05500179 -0.61230635
v -0.05918982 -0.06355683 -0.61242226
v -0.06265707 -0.07452152 -0.60830415
v -0.40545446 -0.03485312 -0.52284233
v -0.40400610 -0.02351922 -0.52660410
v -0.41465667 -0.02362196 -0.52301219
v -0.39294769 -0.02917965 -0.52841512
v -0.41884178 -0.03487055 -0.51827198
v -0.39362476 -0.04187355 -0.52450432
v -0.40921407 -0.01353750 -0.52751192
v -0.42179141 -0.01181661 -0.52364240
v -0.39765508 -0.01681003 -0.53032821
v -0.40944175 -0.25603117 -0.32978512
v -0.40852257 -0.24984558 -0.34447628
v -0.40104924 -0.26178482 -0.32357164
v -0.42172375 -0.24881992 -0.33480785
v -0.61006656 -0.01185644 -0.32197775
v -0.61388979 -0.01612113 -0.30911142
v -0.61033101 -0.02177130 -0.31680127
v -0.60550090 -0.00953812 -0.33523122
v -0.60944281 0.00128310 -0.32901829
v -0.61433223 -0.00402531 -0.31381352
v -0.61834369 -0.00923258 -0.29990282
v -0.47900646 -0.06392120 -0.48203288
v -0.46830640 -0.05787412 -0.48982020
v -0.47774747 -0.05211890 -0.48708733
v -0.48809911 -0.06770289 -0.47542525
v -0.48191209 -0.07764030 -0.47458596
v -0.46862605 -0.07311386 -0.48364688
v -0.48862441 -0.05541336 -0.47976590
v -0.45844343 -0.06499205 -0.49193948
v -0.46901684 -0.04229121 -0.49479824
v -0.48329301 -0.04177253 -0.48743479
v -0.36037666 -0.28309639 -0.30025873
v -0.34208765 -0.28734038 -0.30206940
v -0.35143287 -0.28530072 -0.30123609
v -0.23000912 -0.10095250 -0.55006532
v -0.23871586 -0.11128466 -0.54330465
v -0.22580061 -0.11070163 -0.54722449
v -0.21824570 -0.10445954 -0.55190219
v -0.22150017 -0.09311382 -0.55536855
v -0.23336427 -0.08872877 -0.55369408
v -0.24286633 -0.09677848 -0.54813897
v -0.25338907 -0.10409827 -0.54240200
v -0.23831196 -0.12643731 -0.53625454
v -0.22608178 -0.12065645 -0.54254928
v -0.21607920 -0.11516957 -0.54790956
v -0.43275483 -0.01153594 -0.51975238
v -0.05241272 -0.30947033 -0.34179490
v -0.04074913 -0.31013595 -0.34264452
v -0.04804236 -0.30685063 -0.35287518
v -0.06132019 -0.30640712 -0.35047505
v -0.06501476 -0.31041168 -0.33417259
v -0.04720187 -0.31316040 -0.32844056
v -0.05333039 -0.31590104 -0.31463875
v -0.04014399 -0.31698938 -0.31360904
v -0.03399239 -0.31521503 -0.32359897
v -0.03415119 -0.31286684 -0.33359316
v -0.05824191 -0.31358250 -0.32337828
v -0.40669631 -0.16671342 -0.45457492
v -0.40143755 -0.17733150 -0.44801612
v -0.29382609 -0.10824080 -0.52957248
v -0.30389606 -0.09647908 -0.53163282
v -0.30890409 -0.10736785 -0.52572328
v -0.30312781 -0.11849190 -0.52226469
v -0.27778376 -0.10416567 -0.53575097
v -0.29035972 -0.09440171 -0.53617618
v -0.31658775 -0.09759927 -0.52763997
v -0.31438630 -0.11568791 -0.52035189
v -0.32162911 -0.10733996 -0.52201285
v -0.54558985 -0.18428111 -0.30281916
v -0.55135092 -0.17577368 -0.30830467
v -0.53801512 -0.19361672 -0.29772030
v -0.06873914 -0.21661373 -0.51815893
v -0.08235967 -0.22062948 -0.50984279
v -0.09566185 -0.22370497 -0.50241416
v -0.09669083 -0.23413889 -0.48964230
v -0.18310272 -0.25811479 -0.42971244
v -0.18629939 -0.26605968 -0.41507306
v -0.17445086 -0.26524626 -0.42008765
v -0.19822240 -0.25967163 -0.42270042
v -0.19690837 -0.25174486 -0.43582236
v -0.19803898 -0.24274260 -0.44861790
v -0.19576864 -0.20827531 -0.48933741
v -0.21039230 -0.19818536 -0.49473786
v -0.21307820 -0.20969195 -0.48311720
v -0.19577151 -0.19551044 -0.50122139
v -0.18974535 -0.21949454 -0.47955829
v -0.17863846 -0.21483663 -0.48754420
v -0.20109574 -0.21613279 -0.48004490
v -0.18117567 -0.20341891 -0.49814973
v -0.62932731 0.05499709 -0.31586654
v -0.62415499 0.04528625 -0.31860784
v -0.63214035 0.06491194 -0.31841908
v -0.27948608 -0.29330683 -0.32145390
v -0.29348345 -0.29195527 -0.31929535
v -0.27400770 -0.28978388 -0.33414440
v -0.28712970 -0.28887366 -0.33157937
v -0.26272183 -0.29473785 -0.32320811
v -0.25831576 -0.30029088 -0.30625817
v -0.26431826 -0.10808381 -0.53781089
v -0.07128396 -0.30214360 -0.36217274
v -0.07687792 -0.30869529 -0.33742299
v -0.18636337 -0.29257122 -0.35557632
v -0.18767627 -0.28743490 -0.36896479
v -0.17281017 -0.29599584 -0.35005263
v -0.17552041 -0.29031140 -0.36522864
v -0.02672038 -0.30740543 -0.35671876
v -0.03219323 -0.30515936 -0.36323318
v -0.03608833 -0.30743689 -0.35413372
v -0.01714581 -0.30884693 -0.35380018
v -0.02180802 -0.30470785 -0.36714755
v -0.02708344 -0.31062147 -0.34446308
v -0.29327072 -0.28477503 -0.34015678
v -0.28258285 -0.28547487 -0.34272075
v -0.30007670 -0.28696636 -0.33088486
v -0.27164080 -0.28609830 -0.34513442
v -0.43660091 -0.07976789 -0.49522717
v -0.44170915 -0.08981079 -0.48854475
v -0.42864773 -0.08768161 -0.49480132
v -0.44635466 -0.07829929 -0.49189711
v -0.44020208 -0.06812559 -0.49854289
v -0.45377364 -0.09681881 -0.47960405
v -0.44226501 -0.10106770 -0.48266149
v -0.45225703 -0.08552442 -0.48605164
v -0.43188588 -0.09869047 -0.48826523
v -0.41820238 -0.09766890 -0.49402719
v -0.41784631 -0.08508856 -0.50004247
v -0.06869923 -0.28461411 -0.41185272
v -0.06173793 -0.29018340 -0.39978869
v -0.05379345 -0.28628966 -0.41173005
v -0.06092799 -0.28037986 -0.42363604
v -0.07527279 -0.27872053 -0.42351536
v -0.08318732 -0.28263503 -0.41250990
v -0.04615707 -0.29182804 -0.39948831
v -0.05467307 -0.29540106 -0.38745063
v -0.03905729 -0.28770021 -0.41191546
v -0.04639251 -0.28203987 -0.42357383
v -0.45897814 -0.11704348 -0.46509613
v -0.44882640 -0.12181273 -0.46716577
v -0.44829704 -0.11046337 -0.47456387
v -0.46939775 -0.11017933 -0.46389861
v -0.45999098 -0.10659954 -0.47117050
v -0.44157982 -0.13062797 -0.46467588
v -0.44620167 -0.14131626 -0.45444340
v -0.47821515 -0.11370090 -0.45630116
v -0.05565469 -0.30313626 -0.36348460
v -0.04238241 -0.30415085 -0.36388680
v 0.02885148 -0.18437176 -0.57307444
v 0.01656372 -0.17840619 -0.57520136
v 0.00509365 -0.18230171 -0.56923599
v -0.21916782 -0.14738215 -0.52999838
v -0.20940021 -0.13751691 -0.53844581
v -0.22381817 -0.13321852 -0.53676295
v -0.20668192 -0.15687570 -0.52763476
v -0.23554815 -0.14049598 -0.52948649
v -0.20532598 -0.14743073 -0.53392931
v -0.23291964 -0.15423175 -0.52196573
v -0.56457039 -0.13136049 -0.34898658
v -0.55700507 -0.14154553 -0.34945873
v -0.55081198 -0.13937255 -0.36157039
v -0.57083708 -0.11253257 -0.35755676
v -0.57074950 -0.12220527 -0.34801476
v -0.13476516 -0.19677707 -0.51812723
v -0.14331079 -0.20073583 -0.51190974
v -0.13076347 -0.18845358 -0.52641799
v -0.14417736 -0.19109756 -0.52021421
v -0.14002141 -0.21080472 -0.50308226
v -0.15433168 -0.20529304 -0.50426190
v -0.15590121 -0.19482274 -0.51343765
v -0.37378137 -0.27984719 -0.29808684
v -0.36789070 -0.27724999 -0.31135576
v -0.35215027 -0.28152185 -0.31211152
v -0.59438450 -0.01394684 -0.36141016
v -0.59495731 -0.02658563 -0.35607901
v -0.58976032 -0.02196687 -0.36989012
v -0.59230898 -0.00235390 -0.36920497
v -0.58954525 -0.01128437 -0.37330915
v -0.28356133 -0.06596657 -0.54758232
v -0.27975212 -0.07684814 -0.54523619
v -0.26997507 -0.06717592 -0.55076984
v -0.28015150 -0.05648285 -0.55110977
v -0.28850743 -0.08344844 -0.54069649
v -0.27771320 -0.08975919 -0.54135373
v -0.26449884 -0.08267243 -0.54736258
v -0.09058677 -0.18456319 -0.54170915
v -0.10356655 -0.16745997 -0.55080148
v -0.10382881 -0.17767541 -0.54316382
v -0.47599389 0.05466482 -0.51142976
v -0.18027060 -0.01810947 -0.58501340
v -0.18123654 -0.03025374 -0.58290321
v -0.17185302 -0.02680702 -0.58613323
v -0.19291853 -0.02220380 -0.58092554
v -0.16826821 -0.02039663 -0.58808998
v -0.17080007 -0.01109748 -0.58854328
v -0.16098280 -0.02840503 -0.58892200
v -0.16870032 -0.03653314 -0.58533808
v -0.18086209 -0.04340895 -0.58055650
v -0.19289300 -0.03428228 -0.57895660
v -0.37891574 -0.01615312 -0.53571319
v -0.38784136 -0.02001126 -0.53238825
v -0.38999143 -0.00995712 -0.53416330
v -0.36750517 -0.01039149 -0.53988114
v -0.38069843 -0.00405744 -0.53789280
v -0.21376195 0.02323712 -0.58024235
v -0.23372443 0.02012260 -0.57506781
v -0.22332656 0.01868181 -0.57751129
v -0.21466187 0.01062576 -0.57900035
v -0.50769658 -0.06363294 -0.46382824
v -0.51153135 -0.05206093 -0.46555571
v -0.52201922 -0.05087184 -0.45767514
v -0.50349459 -0.07491221 -0.46187434
v -0.49708257 -0.06527522 -0.47068360
v -0.50058670 -0.05358812 -0.47283104
v -0.34355781 -0.24537991 -0.39559046
v -0.54790983 0.06348396 -0.44872434
v -0.55301742 0.07003602 -0.44195159
v -0.55681527 0.05633842 -0.43701116
v -0.55060211 0.05144087 -0.44549253
v -0.54033647 0.06723706 -0.45790086
v -0.55681033 0.04521560 -0.43693111
v 0.04633000 -0.32218417 -0.31190876
v 0.05002016 -0.32435075 -0.30087201
v 0.05993299 -0.32262808 -0.31297614
v 0.04825575 -0.32017219 -0.32253802
v 0.03861042 -0.32072767 -0.31733613
v 0.03553407 -0.32277119 -0.30566359
v 0.06084049 -0.31953718 -0.32868136
v -0.59017794 -0.03479984 -0.36479409
v -0.58976229 -0.04899823 -0.36015817
v -0.58609319 -0.04147634 -0.37199567
v -0.59530466 -0.04017563 -0.35012954
v -0.58435928 -0.01535660 -0.38345613
v -0.19627116 -0.27308694 -0.39889569
v -0.18787956 -0.27243990 -0.40265384
v -0.20059429 -0.26767727 -0.40784407
v -0.19097355 -0.27726617 -0.39173084
v -0.20582691 -0.27440517 -0.39298278
v -0.17992451 -0.27734493 -0.39488622
v -0.17352540 -0.27246198 -0.40669355
v -0.21690613 -0.26675877 -0.40465227
v -0.21251313 -0.26029602 -0.41748574
v 0.04721233 -0.22794703 -0.53219854
v 0.03731898 -0.17798523 -0.58032886
v 0.02596925 -0.17536735 -0.57990300
v -0.55024113 -0.04631004 -0.43103086
v -0.54771422 -0.03360952 -0.43841033
v -0.55555709 -0.03477055 -0.42790729
v -0.54781542 -0.05934634 -0.42858797
v -0.54222391 -0.05188997 -0.43804552
v -0.55928838 -0.04713013 -0.41872787
v -0.55497617 -0.05575639 -0.42155956
v -0.54135041 -0.04105043 -0.44305868
v -0.59841649 -0.04903705 -0.33797282
v -0.53824624 -0.15578677 -0.35917108
v -0.52866153 -0.16457531 -0.36061138
v -0.52883020 -0.15444073 -0.37295509
v -0.53653800 -0.16551424 -0.34865102
v -0.54121556 -0.14360890 -0.36975402
v -0.54773503 -0.14826199 -0.35538510
v -0.54544050 -0.15745971 -0.34687957
v -0.52142235 -0.16419513 -0.37024747
v -0.51858008 -0.15945061 -0.37931247
v -0.52098835 -0.15018945 -0.38704334
v -0.53137038 -0.14212578 -0.38381659
v -0.52690624 -0.17404370 -0.34976375
v -0.51894703 -0.17270510 -0.36194741
v -0.22653810 -0.04909363 -0.56673649
v -0.22731470 -0.03698252 -0.56905017
v -0.24197920 -0.04371398 -0.56381795
v -0.23307278 -0.06082566 -0.56213826
v -0.21536738 -0.05929980 -0.56730434
v -0.21517376 -0.04473222 -0.57074955
v -0.24588617 -0.06836747 -0.55676426
v -0.23419371 -0.07597366 -0.55761917
v -0.24680433 -0.05683611 -0.55960390
v -0.22107391 -0.07268172 -0.56211793
v -0.26707630 -0.04230152 -0.55784572
v -0.25657643 -0.03907824 -0.56115033
v -0.25189203 -0.02940934 -0.56413293
v -0.27813747 -0.04584963 -0.55426688
v -0.55628202 -0.16703628 -0.31402112
v -0.58644807 -0.00281555 -0.38175855
v 0.00564990 -0.23257262 -0.51787520
v 0.00796707 -0.22529229 -0.52723482
v -0.00419157 -0.22677307 -0.52278749
v 0.01714975 -0.23287871 -0.51984209
v -0.00370340 -0.23582254 -0.51165781
v 0.01890716 -0.22521001 -0.52969442
v -0.00224186 -0.21722856 -0.53409803
v 0.01220166 -0.21614611 -0.53850711
v -0.01659396 -0.22988939 -0.51619261
v -0.01711551 -0.21874366 -0.52903180
v -0.40196431 -0.00491704 -0.53178096
v -0.39288031 0.00225352 -0.53588308
v -0.20954273 -0.09694480 -0.55715145
v -0.20706545 -0.10895178 -0.55304961
v -0.19692823 -0.10205959 -0.55856074
v -0.20027759 -0.08823024 -0.56276385
v -0.21372443 -0.08445570 -0.56043527
v -0.22469846 -0.08294211 -0.55802346
v -0.52486535 0.01756224 -0.47230678
v -0.52141163 0.03111744 -0.47711015
v -0.53130094 0.02622663 -0.46700299
v -0.51784138 0.00838907 -0.47719013
v -0.51358997 0.02256644 -0.48305309
v -0.52830602 0.00382613 -0.46694767
v -0.53569957 0.01279446 -0.46088215
v -0.50912605 0.01236394 -0.48512750
v -0.50955894 0.00095341 -0.48236699
v -0.37024039 -0.22820841 -0.40751479
v -0.11107592 -0.31360426 -0.30613244
v -0.10717064 -0.31015651 -0.32181575
v -0.02791817 -0.00924114 -0.63089182
v -0.00560036 -0.01004977 -0.63745473
v -0.13358495 -0.30655607 -0.32730940
v -0.12075720 -0.30645881 -0.33169617
v -0.14732616 -0.30404199 -0.33202057
v -0.15633990 -0.30702217 -0.31804043
v -0.49339412 0.01833834 -0.49726688
v -0.49525480 0.02943028 -0.49778611
v -0.50298727 0.02072559 -0.49113418
v -0.50081578 0.00915236 -0.49052901
v -0.49042579 0.00699382 -0.49678757
v -0.48322489 0.01715768 -0.50309968
v -0.48697957 0.02614521 -0.50251781
v -0.07236501 -0.00157570 -0.61828819
v -0.13201225 -0.12155384 -0.56896014
v -0.13288845 -0.13319725 -0.56274163
v -0.12557744 -0.11377318 -0.57454414
v -0.34558336 -0.27762737 -0.32806295
v -0.11045310 -0.05367491 -0.59897394
v -0.09778391 -0.05767700 -0.60193593
v -0.10347930 -0.04751637 -0.60244603
v -0.11467780 -0.04015564 -0.60045979
v -0.12304837 -0.04884356 -0.59624564
v -0.10457894 -0.06605241 -0.59774585
v -0.34241625 -0.16828798 -0.47964867
v -0.34580400 -0.15683759 -0.48656892
v -0.35827135 -0.15209774 -0.48525150
v -0.33078851 -0.16088865 -0.48890971
v -0.33955593 -0.17944537 -0.47216619
v -0.34849164 -0.18631549 -0.46302648
v -0.56773497 -0.05074286 -0.40400820
v -0.56102032 -0.05938230 -0.41143565
v -0.56375314 -0.03540407 -0.41560455
v 0.06116665 -0.31654646 -0.34227562
v -0.60402455 0.05895777 -0.36086419
v -0.60277922 0.07196092 -0.36709366
v -0.60473585 0.04622998 -0.35539126
v -0.59781709 0.05039593 -0.36949367
v -0.59853068 0.06273663 -0.37134652
v -0.61090304 0.04177928 -0.34189731
v -0.60023206 0.03875766 -0.36192130
v -0.04296085 -0.22528940 -0.51546175
v -0.03088845 -0.23409294 -0.50758987
v -0.04015837 -0.21692490 -0.52566685
v -0.05319675 -0.21731011 -0.52180324
v -0.02937249 -0.22361979 -0.52072625
v -0.35830985 -0.14067897 -0.49251268
v -0.34935587 -0.14739765 -0.49158731
v -0.36890893 -0.13165307 -0.49401502
v -0.34594034 -0.13876678 -0.49801950
v -0.35509614 -0.12900617 -0.50038564
v -0.42124897 -0.23542415 -0.36311058
v -0.33816513 -0.04732091 -0.53837188
v -0.27053753 -0.24510019 -0.42415253
v -0.27865094 -0.23744930 -0.43240051
v -0.28306455 -0.24427220 -0.42148443
v -0.27521155 -0.25156136 -0.41285707
v -0.25766581 -0.24576602 -0.42705489
v -0.26193918 -0.25251075 -0.41549686
v -0.09517751 -0.30864198 -0.33180175
v -0.54125067 -0.10799601 -0.40511415
v -0.54291015 -0.08711168 -0.41835013
v -0.54457486 -0.09819545 -0.40889749
v -0.53178395 -0.08995726 -0.42857721
v -0.51355799 -0.09577682 -0.44168984
v -0.52353876 -0.09046992 -0.43644346
v -0.11833633 -0.18095124 -0.53617231
v -0.12627382 -0.17109896 -0.54127453
v -0.13343107 -0.17673487 -0.53494876
v -0.11558688 -0.16965751 -0.54552096
v -0.25620218 -0.04962716 -0.55894386
v -0.26806588 -0.05389049 -0.55488027
v -0.25724334 -0.06146264 -0.55572424
v -0.20476042 -0.01393681 -0.57886241
v -0.21701364 0.00162952 -0.57752156
v -0.21387583 -0.00685049 -0.57735732
v -0.08233509 -0.21162302 -0.51952940
v -0.13926686 -0.25329811 -0.45069406
v -0.13182116 -0.25912090 -0.44365412
v -0.39927421 -0.26688831 -0.31161154
v -0.39706853 -0.27259058 -0.29718801
v -0.38420335 -0.27308436 -0.30853899
v -0.38968783 -0.26588282 -0.32329002
v -0.18022026 -0.28338430 -0.38110833
v -0.19646360 -0.28204238 -0.37918916
v -0.39444562 0.01491875 -0.53771789
v -0.40675575 0.00938330 -0.53317970
v -0.38300064 0.00805528 -0.53959309
v -0.41982333 0.00987662 -0.52914921
v -0.41506663 -0.00133754 -0.52840265
v -0.38417342 0.01956606 -0.54115313
v -0.39386994 0.02673709 -0.53964503
v -0.36273992 -0.21066162 -0.43326138
v -0.35249473 -0.21954979 -0.42751467
v -0.35989565 -0.20066669 -0.44502736
v -0.36611103 -0.21982254 -0.42083732
v -0.37758791 -0.21997692 -0.41493174
v -0.20469690 -0.02635470 -0.57704434
v -0.21767187 -0.01727252 -0.57492896
v -0.21587581 -0.03156633 -0.57311504
v -0.20404033 -0.03899266 -0.57498011
v -0.56155070 0.03439006 -0.42944174
v -0.56201823 0.04590873 -0.42946286
v -0.56797643 0.04044117 -0.42010934
v -0.57011614 0.02719805 -0.41556491
v -0.56372706 0.01772740 -0.42479095
v -0.56580461 0.05414799 -0.42402790
v -0.55432261 -0.06624497 -0.41733178
v -0.11156600 -0.14903307 -0.56037243
v -0.10195312 -0.15821178 -0.55759117
v -0.10694259 -0.13990666 -0.56713992
v -0.11452988 -0.15904378 -0.55311814
v -0.12703189 -0.14845249 -0.55586760
v -0.11915781 -0.13947161 -0.56355578
v -0.29635467 -0.25865220 -0.39364482
v -0.28204175 -0.25749245 -0.40073179
v -0.26907921 -0.26554640 -0.39068704
v -0.43945058 0.01389911 -0.52278038
v -0.44534087 0.00407133 -0.51846196
v -0.43053189 0.00201075 -0.52370982
v -0.44062387 -0.00623841 -0.51803716
v -0.45207085 -0.00797995 -0.51284994
v -0.45748365 0.00449067 -0.51340104
v -0.21903264 -0.24656596 -0.43720611
v -0.20956936 -0.25325462 -0.42988025
v -0.20753511 -0.24679111 -0.44020520
v -0.22269673 -0.25348142 -0.42571308
v -0.21397599 -0.23887257 -0.44927430
v -0.01715237 -0.17747557 -0.56770494
v -0.00726057 -0.17436243 -0.57261154
v -0.02006878 -0.16732786 -0.57462639
v -0.03049206 -0.17374198 -0.56705859
v -0.00711343 -0.18542102 -0.56364606
v -0.02068095 -0.18611434 -0.55963011
v -0.00855194 -0.16184393 -0.58153626
v -0.02347129 -0.15514824 -0.58215941
v -0.03337558 -0.16081649 -0.57564230
v -0.53496899 -0.17454519 -0.33759154
v -0.54405302 -0.16590991 -0.33695054
v -0.39021911 -0.09914267 -0.50338038
v -0.38902663 -0.08522525 -0.51008516
v -0.40438857 -0.08914134 -0.50300947
v -0.37753604 -0.10866706 -0.50320958
v -0.39141230 -0.11347373 -0.49587162
v -0.40408486 -0.10507702 -0.49553302
v -0.38672421 -0.07298425 -0.51586474
v -0.34241611 -0.09288554 -0.52178683
v -0.33169504 -0.08787263 -0.52707316
v -0.33783201 -0.01683051 -0.54560936
v -0.34973506 -0.11599616 -0.50899568
v -0.36280493 -0.10543776 -0.50976851
v -0.36575099 -0.11875789 -0.50218365
v -0.35000424 -0.10302174 -0.51507618
v -0.33627182 -0.10777017 -0.51726146
v -0.33613690 -0.11967876 -0.51166733
v -0.34138165 -0.12839682 -0.50539420
v -0.01398849 -0.28782457 -0.41750171
v -0.01418018 -0.29225481 -0.40604314
v -0.00127124 -0.29077342 -0.41282952
v -0.02535414 -0.28805588 -0.41428673
v -0.02192182 -0.28277603 -0.42764060
v -0.65078164 0.07784046 -0.30344844
v -0.63536104 0.07605769 -0.32183746
v -0.22564748 -0.27207003 -0.39166968
v -0.50187495 -0.11673261 -0.43670930
v -0.50106238 -0.10593740 -0.44516647
v -0.49397396 -0.11617582 -0.44350118
v -0.37175236 0.00213691 -0.54134051
v -0.36250076 -0.00179722 -0.54285598
v -0.35709848 -0.00835118 -0.54285601
v 0.00443470 -0.17106180 -0.57805278
v 0.01654066 -0.16699960 -0.58403673
v 0.00413140 -0.16138569 -0.58510674
v -0.11867578 -0.08376715 -0.58821706
v -0.11143346 -0.07448621 -0.59331433
v -0.61163300 0.01612450 -0.32959023
v -0.61116266 0.02913624 -0.33603156
v -0.61572201 0.02562436 -0.32457382
v -0.61754718 0.01664919 -0.31594203
v -0.61449553 0.00698717 -0.31858126
v -0.19810505 -0.22253693 -0.47400382
v -0.18961768 -0.22809574 -0.46988092
v -0.20861971 -0.22039329 -0.47327320
v -0.20152726 -0.22828887 -0.46631010
v 0.00181494 -0.08984627 -0.62208081
v -0.00595295 -0.09496965 -0.61798366
v 0.00481682 -0.10030661 -0.61886953
v -0.00141361 -0.07915366 -0.62474080
v -0.00765382 -0.08530928 -0.62100854
v 0.01244856 -0.09483996 -0.62310027
v 0.00872193 -0.08515726 -0.62561187
v -0.01602012 -0.07542192 -0.62169850
v -0.01652639 -0.08803503 -0.61749728
v 0.01941813 -0.08805475 -0.62744480
v 0.01108699 -0.07402886 -0.62975530
v -0.57091556 -0.13066129 -0.33819155
v -0.56505926 -0.13973088 -0.33798027
v -0.09534883 -0.27071787 -0.43413546
v -0.10047054 -0.26267023 -0.44713383
v -0.11102505 -0.26844270 -0.43361514
v -0.08201686 -0.27261260 -0.43433036
v -0.08826590 -0.26704563 -0.44313117
v -0.08874077 -0.27695210 -0.42357378
v -0.10178579 -0.27548054 -0.42275595
v -0.06812958 -0.11778591 -0.59025387
v -0.06579432 -0.10656003 -0.59585399
v -0.07719305 -0.12183893 -0.58568095
v -0.05832690 -0.09814174 -0.60154168
v -0.06940572 -0.09274399 -0.60021597
v -0.05601640 -0.11965042 -0.59284203
v -0.05065309 -0.10836125 -0.59954827
v -0.06415676 -0.12983689 -0.58541756
v -0.34864377 -0.00973392 -0.54454618
v -0.02530209 -0.13175733 -0.59570269
v -0.01201914 -0.13500482 -0.59768293
v -0.01845159 -0.12592794 -0.60080446
v -0.01751103 -0.14106529 -0.59275400
v -0.02708759 -0.11869436 -0.60180774
v -0.02583753 -0.14347653 -0.58890950
v -0.04001783 -0.12217176 -0.59626717
v -0.03553123 -0.13550346 -0.59067767
v -0.01077343 -0.12616139 -0.60279673
v -0.01647747 -0.11785083 -0.60530396
v -0.15880064 -0.29929822 -0.34438877
v -0.16115028 -0.30318863 -0.33063906
v -0.28622962 -0.16634920 -0.49929127
v -0.27636087 -0.16738229 -0.50147161
v -0.26563611 -0.16387427 -0.50678195
v -0.52558643 0.06497502 -0.47386899
v -0.46067894 -0.01520028 -0.50716168
v -0.46415078 -0.00576572 -0.50794468
v -0.47046600 -0.01625712 -0.50203722
v -0.51578545 0.06023429 -0.48314982
v -0.38211400 -0.13433316 -0.48764774
v -0.44973662 -0.06166441 -0.49712184
v -0.58301889 -0.10218059 -0.34105500
v -0.58121800 -0.11708486 -0.33097747
v -0.57654117 -0.11323515 -0.34541582
v -0.58668998 -0.08918594 -0.34329658
v -0.59024516 -0.09539423 -0.32897937
v -0.58152457 -0.08970625 -0.35493938
v -0.57638685 -0.10192388 -0.35607545
v -0.58677230 -0.10792139 -0.32669818
v -0.57547560 -0.12253065 -0.33828021
v -0.57660859 -0.12856872 -0.32872865
v -0.58676614 -0.11813638 -0.31588097
v -0.58142829 -0.12609093 -0.32041090
v -0.25694063 -0.07249289 -0.55265590
v -0.18192336 -0.18087763 -0.51743315
v -0.18266029 -0.17002578 -0.52542862
v -0.19466493 -0.16368650 -0.52648869
v -0.18186048 -0.19205256 -0.50822529
v -0.53669769 0.00071396 -0.45820099
v -0.54439902 0.00299842 -0.44984226
v -0.54110100 -0.00652801 -0.45223617
v 0.04887738 -0.31412870 -0.34939535
v 0.05009389 -0.31063471 -0.36327951
v -0.39103839 0.03818050 -0.54171543
v -0.38273037 0.04721750 -0.54458920
v -0.38449181 0.02912812 -0.54236907
v -0.37766665 0.03601643 -0.54474005
v -0.40052520 0.04415604 -0.53981374
v -0.57482397 0.03596196 -0.40869174
v -0.57212905 0.04640836 -0.41395442
v -0.57787270 0.04580627 -0.40444156
v -0.57325432 0.05674483 -0.41268666
v -0.58031569 0.05685005 -0.40129484
v -0.58425268 0.04571852 -0.39337514
v -0.48952796 -0.08562741 -0.46614825
v -0.48093558 -0.09114916 -0.46838221
v -0.49328857 -0.07622320 -0.46840810
v -0.49859936 -0.08551427 -0.46002264
v -0.49184221 -0.09670943 -0.45813382
v -0.47267664 -0.08512006 -0.47615685
v -0.47974820 -0.10339849 -0.46199096
v -0.46860331 -0.09722381 -0.47194556
v -0.16630624 -0.20993522 -0.49614584
v -0.15167967 -0.21570169 -0.49455612
v -0.16816380 -0.19905096 -0.50599746
v -0.16326810 -0.22066710 -0.48577119
v -0.13705954 -0.22131702 -0.49281405
v -0.14865824 -0.22577433 -0.48436496
v -0.56033521 0.06508831 -0.43216522
v -0.56697184 0.06933497 -0.42268566
v -0.56762417 -0.02270707 -0.41271931
v -0.55863917 -0.02094546 -0.42689039
v -0.55148229 -0.02491826 -0.43603290
v -0.53279775 -0.04894286 -0.44863705
v -0.54086332 -0.03091185 -0.44695463
v -0.16531418 -0.30954339 -0.30477647
v -0.50801285 -0.18091852 -0.36353005
v -0.49747686 -0.17947232 -0.37708588
v -0.51100495 -0.16922772 -0.37571680
v -0.51652493 -0.18268337 -0.35058379
v -0.50135766 -0.16872414 -0.38664601
v -0.50952901 -0.15851848 -0.39006726
v -0.31341799 -0.12716187 -0.51484666
v -0.03939529 -0.29714614 -0.38635269
v -0.02880298 -0.29351416 -0.39909745
v 0.03523659 -0.31502391 -0.34234783
v 0.03617301 -0.31136735 -0.35722317
v 0.04833729 -0.31734215 -0.33565422
v 0.03640322 -0.31832646 -0.32820384
v 0.02472511 -0.30846397 -0.36540613
v 0.01402211 -0.30856531 -0.36254070
v -0.31897493 -0.27869932 -0.34283889
v -0.33976969 -0.27348887 -0.34262192
v -0.32868533 -0.27559728 -0.34485708
v -0.12841844 -0.03762121 -0.59686282
v -0.12301923 -0.03022801 -0.59971308
v -0.13471049 -0.02621242 -0.59686002
v -0.13562103 -0.04537249 -0.59324576
v -0.13965188 -0.03563885 -0.59389985
v -0.16757108 -0.28049146 -0.39150074
v -0.16448507 -0.28763269 -0.37548765
v -0.14107130 -0.27965766 -0.40143446
v -0.15690689 -0.27638802 -0.40355168
v -0.22931748 -0.30219638 -0.31028487
v -0.47389601 -0.16417300 -0.41619707
v -0.36845368 -0.26765527 -0.33656435
v -0.35439112 -0.27053446 -0.33975034
v -0.37554554 -0.27051628 -0.32347566
v -0.36077288 -0.27437739 -0.32527271
v -0.32498558 -0.11773241 -0.51613124
v -0.32863518 -0.09731460 -0.52421495
v -0.32809707 -0.12838523 -0.50971136
v 0.05461647 -0.29755645 -0.40672010
v 0.04761704 -0.30132494 -0.39424957
v 0.05670208 -0.30524225 -0.38376342
v 0.03781082 -0.30725687 -0.37261428
v -0.50308135 -0.09390006 -0.45168989
v -0.48821086 -0.10991939 -0.45214443
v -0.50895555 -0.08462925 -0.45254975
v -0.32310882 -0.08981224 -0.52885338
v -0.32499021 0.03823079 -0.55645406
v -0.32209968 0.02509429 -0.55562022
v -0.33779805 0.02828881 -0.55262624
v -0.32953926 0.01541808 -0.55280513
v -0.57138844 -0.13829765 -0.32742372
v -0.57746711 -0.13560180 -0.31743758
v 0.01390256 -0.26408241 -0.47286842
v -0.19471135 -0.15299007 -0.53347739
v -0.19562344 -0.14179445 -0.53987475
v -0.18233724 -0.14817833 -0.53984969
v -0.18271843 -0.15951633 -0.53265543
v -0.23820588 -0.02757454 -0.56788275
v 0.02637016 -0.22077259 -0.53644002
v 0.03744125 -0.21716554 -0.54282553
v 0.04757488 -0.26455355 -0.47884492
v -0.46442035 -0.24084240 -0.30423003
v -0.45576794 -0.24003982 -0.31777700
v -0.45927558 -0.23388485 -0.32797162
v -0.00655942 -0.31583185 -0.32824462
v -0.00679595 -0.31043996 -0.35047427
v -0.01336582 -0.31238066 -0.34109845
v -0.52494857 -0.18348915 -0.33795576
v -0.51369373 -0.19320017 -0.33757658
v -0.56977850 -0.10248612 -0.36847191
v -0.62757755 0.02403677 -0.29805396
v -0.00219366 -0.29558407 -0.39973161
v 0.00524115 -0.29443465 -0.40469147
v 0.01414598 -0.29324333 -0.40977943
v 0.01062381 -0.29797987 -0.39583935
v 0.00016129 -0.30035131 -0.38628708
v -0.01333419 -0.29738023 -0.39192019
v -0.59898053 -0.09825131 -0.30096440
v -0.60022450 -0.08796459 -0.30643446
v -0.60488179 -0.08253939 -0.29574319
v -0.59556486 -0.10649377 -0.30329871
v -0.59559181 -0.09618209 -0.31339368
v -0.33228811 -0.27035198 -0.35449487
v -0.32274128 -0.27415942 -0.35165141
v -0.35575894 -0.22873981 -0.41412978
v -0.06293910 -0.29870836 -0.37543389
v -0.04819803 -0.30014257 -0.37515641
v -0.16998608 -0.30043820 -0.33705774
v -0.16232501 -0.29379070 -0.35981438
v -0.25465753 -0.09265488 -0.54653057
v -0.26538233 -0.09693569 -0.54202119
v -0.24741824 -0.08254637 -0.55197726
v -0.10953860 -0.22587165 -0.49580212
v -0.24345002 -0.30317894 -0.30140749
v -0.49863312 -0.00453332 -0.48883366
v -0.50944575 -0.01256082 -0.47922810
v -0.28772322 -0.04851712 -0.55118468
v -0.54910344 -0.01189761 -0.44163956
v -0.54119803 -0.01475348 -0.45056006
v -0.00472588 -0.11987429 -0.60747391
v 0.00647672 -0.11805240 -0.61132331
v -0.00279596 -0.10746758 -0.61371138
v -0.00177604 -0.13184818 -0.60205370
v 0.00558247 -0.12735427 -0.60634824
v -0.01275742 -0.11020254 -0.60981410
v 0.01614348 -0.12740069 -0.60898193
v 0.01682855 -0.11632692 -0.61486899
v 0.00812194 -0.10955037 -0.61579983
v -0.01485339 -0.09987339 -0.61354305
v -0.37488129 0.02481837 -0.54410599
v -0.36487031 0.03105578 -0.54710101
v -0.37352321 0.01357364 -0.54283760
v -0.36378412 0.01897845 -0.54585531
v -0.36303126 0.00759389 -0.54434783
v -0.35333554 0.01210504 -0.54720709
v -0.35253462 0.02390439 -0.54895268
v -0.08724804 -0.26109185 -0.45370253
v -0.22525075 -0.19919456 -0.48970786
v -0.22228460 -0.21725974 -0.47270851
v -0.22766364 -0.20809009 -0.48065819
v -0.54478516 -0.02314652 -0.44467289
v -0.52501407 -0.04116011 -0.45866772
v -0.08774860 -0.25237200 -0.46728428
v -0.38277684 -0.06051106 -0.52168908
v -0.43539618 -0.10885083 -0.48138844
v -0.46226896 -0.08580673 -0.48112613
v -0.45036884 -0.06986954 -0.49372941
v -0.45653946 -0.07631167 -0.48824533
v -0.51686317 0.04539413 -0.48212853
v -0.50651538 0.04367010 -0.49099763
v -0.50692264 0.05518782 -0.49090548
v -0.51282654 0.03512490 -0.48520724
v -0.58134597 -0.00490050 -0.39172953
v -0.57810418 -0.01321089 -0.39643415
v -0.57578045 -0.00108877 -0.40269102
v -0.57308864 0.01276441 -0.40907995
v -0.56809954 0.00219007 -0.41620904
v -0.57156330 -0.01125995 -0.40849195
v -0.26302053 -0.28349546 -0.35451211
v -0.26102517 -0.28935929 -0.33985302
v -0.24827709 -0.28795784 -0.34802710
v -0.24721502 -0.29330085 -0.33318556
v -0.04678831 -0.09553753 -0.60592575
v -0.04984234 -0.08184713 -0.60988440
v -0.05945145 -0.08749071 -0.60511839
v -0.03771692 -0.08725120 -0.61164264
v -0.03727128 -0.10814573 -0.60358965
v -0.03447673 -0.09798982 -0.60865236
v -0.07019475 -0.08217940 -0.60364977
v -0.04098404 -0.07515787 -0.61458370
v -0.05184978 -0.07168244 -0.61243975
v -0.03822570 -0.14683834 -0.58327017
v -0.01465386 -0.14992199 -0.58804106
v -0.16367281 -0.06971514 -0.57914243
v -0.17288356 -0.06643495 -0.57737840
v -0.16900603 -0.07816499 -0.57502263
v -0.15677133 -0.07680458 -0.57906624
v -0.15479062 -0.06714732 -0.58243056
v -0.16445800 -0.06054756 -0.58135085
v -0.54554009 -0.07216631 -0.42450657
v -0.12491677 -0.02162809 -0.60039515
v -0.11256122 -0.02628340 -0.60337513
v -0.13467043 -0.01281279 -0.59859171
v -0.12001040 -0.01336129 -0.60282780
v 0.04298126 -0.23823500 -0.51815379
v 0.03093536 -0.23027847 -0.52595955
v -0.01533004 -0.23924788 -0.50457540
v -0.00301172 -0.24422702 -0.50047440
v -0.02501343 -0.24414900 -0.49564045
v -0.01314901 -0.24652362 -0.49504999
v -0.03463623 -0.30187598 -0.37327222
v -0.47692217 -0.02863278 -0.49496828
v -0.47535046 -0.00522110 -0.50244622
v -0.48250502 -0.01624224 -0.49557939
v -0.15508415 0.01320621 -0.59502482
v -0.14210805 0.00743598 -0.59827422
v -0.15111763 0.00249663 -0.59540130
v -0.16339334 0.00566710 -0.59222587
v -0.64451147 0.08677006 -0.31840405
v -0.03566784 -0.18488328 -0.55680318
v -0.04067075 -0.19413462 -0.54773812
v -0.02547215 -0.19746796 -0.54844299
v -0.05166628 -0.19398050 -0.54501850
v -0.04544516 -0.20163502 -0.53975990
v -0.03479722 -0.20240185 -0.54176265
v -0.48652648 -0.00450561 -0.49641970
v -0.47947732 0.00599718 -0.50289345
v -0.49232550 -0.01430663 -0.49040967
v -0.50668529 -0.20198093 -0.33191301
v -0.10627383 -0.01532446 -0.60672765
v -0.62180881 0.02904563 -0.31343150
v -0.61677308 0.03699124 -0.32805183
v -0.62237850 0.01708425 -0.30498032
v -0.62905409 0.03735975 -0.30434183
v -0.41570123 -0.15991221 -0.45573054
v -0.44232173 -0.23539417 -0.34348013
v -0.45530365 -0.23106186 -0.33864115
v -0.44852255 -0.23858124 -0.32993607
v -0.43152380 -0.23547156 -0.35393929
v -0.43023532 -0.24143367 -0.34297276
v -0.43577339 -0.24380681 -0.33203383
v -0.45183840 -0.22764429 -0.34921506
v -0.42016857 -0.24239599 -0.35018197
v -0.20609450 -0.11892632 -0.54888915
v -0.19595386 -0.11510790 -0.55332905
v -0.19820358 -0.12836432 -0.54636096
v -0.21334292 -0.12587984 -0.54351834
v -0.18395799 -0.10896268 -0.55929986
v -0.18369427 -0.12250650 -0.55326079
v -0.24553018 -0.29852890 -0.31712031
v -0.20200628 -0.05267302 -0.57261658
v -0.19357260 -0.06511666 -0.57181968
v -0.18805453 -0.05395076 -0.57623625
v -0.20415666 -0.06246315 -0.56961499
v -0.19358033 -0.04459759 -0.57677800
v -0.28651435 -0.24985653 -0.41191085
v -0.29506404 -0.24391310 -0.41800483
v -0.29628970 -0.25113970 -0.40636679
v -0.30744852 -0.24410352 -0.41318290
v -0.30921285 -0.25178202 -0.40035954
v -0.30456890 -0.23641890 -0.42524613
v -0.29154164 -0.23681879 -0.42917527
v -0.48880565 -0.18936774 -0.37298491
v -0.47802702 -0.19504907 -0.37584357
v -0.48377362 -0.18450492 -0.38433229
v -0.18322204 -0.13561042 -0.54672517
v -0.16930810 -0.14262980 -0.54676884
v -0.54335844 -0.17994643 -0.31531889
v -0.54917411 -0.17260296 -0.31804230
v -0.01304574 -0.20797019 -0.54131633
v -0.02976167 -0.21567098 -0.52960252
v -0.02604253 -0.20876114 -0.53757985
v -0.17954179 -0.08285524 -0.57045990
v -0.18149687 -0.07235025 -0.57321143
v -0.19097340 -0.07919082 -0.56836027
v -0.18490838 -0.09367594 -0.56508410
v -0.46916588 -0.19088940 -0.38965009
v -0.45780483 -0.19242853 -0.39765241
v -0.46359623 -0.18360668 -0.40321441
v -0.47697809 -0.17866432 -0.39763669
v -0.45802626 -0.19849047 -0.38980252
v -0.45600426 -0.17688086 -0.41636251
v -0.47003282 -0.17299887 -0.40990209
v -0.45060353 -0.18881101 -0.40738830
v -0.44694716 -0.19944948 -0.39753136
v -0.56033756 -0.15635992 -0.32310233
v -0.56565261 -0.14636858 -0.32786794
v -0.50890607 -0.02734433 -0.47550310
v -0.51561318 -0.04065155 -0.46646916
v -0.49291773 -0.02883384 -0.48569130
v -0.50056256 -0.01751806 -0.48420645
v -0.50403119 -0.04110837 -0.47471900
v -0.25936580 -0.27803027 -0.36853318
v -0.24952965 -0.28309227 -0.36006641
v -0.23447211 -0.29163421 -0.34252820
v 0.04533452 -0.29814706 -0.40331846
v 0.03697379 -0.29825117 -0.40109834
v 0.03381849 -0.30231895 -0.38802983
v 0.04534528 -0.30486658 -0.38252890
v -0.00053250 -0.14290590 -0.59600394
v 0.01183580 -0.13894756 -0.60136997
v -0.49032017 -0.17339428 -0.39177076
v -0.14646857 -0.07503427 -0.58265387
v -0.15355274 -0.05616868 -0.58554110
v -0.59058736 0.07548934 -0.38711348
v -0.58407621 0.06852812 -0.39634155
v -0.28680822 -0.22943897 -0.44023054
v -0.29494202 -0.22094045 -0.44780002
v 0.03543977 -0.22416159 -0.53445206
v -0.32230937 -0.26099028 -0.37834337
v -0.30954119 -0.25951560 -0.38684582
v -0.32398947 -0.25208057 -0.39362640
v -0.33467341 -0.24900159 -0.39416807
v -0.15165139 -0.04157261 -0.58923407
v -0.16582760 -0.04888705 -0.58366560
v -0.14815406 -0.02785530 -0.59268023
v -0.58361721 -0.13030397 -0.30914165
v -0.58931208 -0.12408104 -0.30132736
v 0.01555696 -0.10560868 -0.61949440
v -0.03402094 -0.28375003 -0.42267483
v -0.54287592 -0.17386099 -0.32650318
v -0.53662279 -0.18853105 -0.31100735
v -0.53371556 -0.18362642 -0.32469641
v -0.24166591 -0.27242609 -0.38609971
v -0.25447526 -0.26604295 -0.39451215
v -0.25641228 -0.27237123 -0.38151397
v -0.24065730 -0.26602033 -0.39888869
v -0.55305823 -0.07887559 -0.41155879
v -0.55184174 -0.09159854 -0.40465539
v 0.04957754 -0.29100003 -0.42319906
v -0.37971259 -0.12212340 -0.49550291
v -0.40474510 -0.11995346 -0.48738497
v -0.39201222 -0.12619229 -0.48875560
v -0.22652738 -0.02528562 -0.57134106
v -0.26602166 -0.25899980 -0.40345845
v -0.19317551 -0.23533798 -0.45994005
v -0.20440136 -0.23478267 -0.45741907
v 0.02828925 -0.13840571 -0.60580955
v 0.02388192 -0.15008961 -0.59751572
v 0.02311069 -0.15974700 -0.59088120
v 0.01094127 -0.15343690 -0.59213053
v -0.33120729 -0.23643678 -0.41481903
v -0.34421943 -0.23705620 -0.40801314
v -0.33322626 -0.24415495 -0.40254281
v -0.31788188 -0.23630451 -0.42042729
v -0.32814392 -0.22793531 -0.42747615
v -0.34192768 -0.22825834 -0.42125004
v -0.32066080 -0.24426763 -0.40770242
v -0.00830435 -0.19725582 -0.55283188
v 0.00023060 -0.20758315 -0.54487790
v 0.00208250 -0.20119036 -0.55174055
v -0.17362425 0.00023152 -0.58894521
v -0.17569923 0.01038900 -0.58923077
v -0.16182805 -0.00529926 -0.59168707
v -0.15635700 -0.00127189 -0.59363246
v -0.06212624 -0.01166784 -0.62052223
v -0.05129057 -0.01713325 -0.62318219
v -0.07149165 -0.01422190 -0.61745301
v -0.05443210 -0.00467657 -0.62340105
v -0.42821684 -0.18927473 -0.42205151
v -0.43688497 -0.19505025 -0.41000876
v -0.44172314 -0.18420395 -0.41872454
v -0.44399406 -0.17362162 -0.42787868
v -0.43382422 -0.18027942 -0.42791788
v -0.45602751 -0.16574527 -0.42750511
v -0.44372144 -0.16151110 -0.43916305
v -0.43174740 -0.17185102 -0.43702403
v -0.46500212 -0.16789162 -0.41920306
v -0.31969948 -0.13860856 -0.50665887
v -0.31320724 -0.14805891 -0.50306070
v -0.59428445 -0.05195801 -0.34758279
v -0.59133353 -0.06154139 -0.35004215
v -0.58341193 -0.05252092 -0.37339446
v -0.58690550 -0.06092878 -0.36131426
v 0.04170754 -0.29504821 -0.41109431
v -0.64141189 0.06953588 -0.30871503
v -0.59080094 -0.08292128 -0.33763401
v -0.59135214 -0.10645424 -0.31590908
v -0.59480890 0.03686941 -0.37223490
v -0.59060363 0.04750319 -0.38217883
v -0.47402050 -0.20477936 -0.36555880
v -0.17577478 -0.05584539 -0.57926216
v -0.18240977 -0.06263661 -0.57569043
v -0.23221593 -0.22402224 -0.46242338
v -0.23629976 -0.21307644 -0.47317930
v -0.48570228 0.04830766 -0.50560272
v -0.48619542 0.03638672 -0.50423531
v -0.14323093 -0.14231327 -0.55460412
v -0.12684807 -0.16160219 -0.54764936
v -0.14019726 -0.15507870 -0.54782750
v -0.15495434 -0.14924370 -0.54704243
v -0.15183405 -0.16279577 -0.53935890
v -0.13714006 -0.16653595 -0.54122734
v -0.46864137 0.00496195 -0.50830500
v -0.02607977 -0.09319483 -0.61289217
v -0.02817943 -0.08074021 -0.61655298
v -0.61945744 0.00504675 -0.30504506
v -0.19395164 0.01736223 -0.58490813
v -0.02205939 -0.31480652 -0.32857376
v -0.12558106 -0.28340031 -0.39782764
v -0.04676365 -0.15589797 -0.57523684
v -0.05467371 -0.14358767 -0.58051227
v -0.06950037 -0.14114680 -0.57769560
v -0.55911356 -0.14892094 -0.33642217
v -0.55256071 -0.15090235 -0.34480863
v -0.55234405 -0.15766262 -0.33567057
v -0.31419000 -0.22805760 -0.43266837
v -0.24831231 -0.01682922 -0.56710563
v -0.53704984 -0.11851913 -0.40085692
v -0.53188047 -0.13040357 -0.39536540
v -0.58679525 -0.07520524 -0.35290678
v -0.00671117 -0.06565143 -0.62709864
v 0.01466677 -0.06169168 -0.63425289
v 0.00366082 -0.06098013 -0.63129693
v -0.49620024 0.04209530 -0.49847989
v -0.49319762 0.05258677 -0.50123078
v -0.50021074 0.05094183 -0.49628007
v -0.50476652 0.03234156 -0.49137945
v -0.17319252 -0.16568415 -0.53121647
v -0.16872960 -0.17566146 -0.52525345
v -0.16884166 -0.18790135 -0.51550316
v -0.57579267 0.06870239 -0.40942394
v -0.58627605 0.05602898 -0.39113214
v -0.57888246 -0.06027377 -0.37966924
v -0.58246739 -0.06625987 -0.36878823
v 0.00180513 -0.26040318 -0.47672840
v -0.00375575 -0.25258672 -0.48801205
v 0.00480070 -0.26489753 -0.46970885
v -0.01092378 -0.25885779 -0.47650501
v -0.00344983 -0.26492751 -0.46781118
v -0.20560034 -0.07301122 -0.56619948
v -0.33828370 -0.14859912 -0.49458261
v -0.60219718 -0.00777799 -0.34438969
v 0.01583291 -0.30609665 -0.37172000
v 0.00412946 -0.30546133 -0.37086151
v 0.02418105 -0.30477092 -0.37802950
v 0.02787799 -0.12459703 -0.61346703
v -0.02426605 -0.10644621 -0.60814064
v -0.04804256 -0.13297992 -0.58837509
v -0.24739406 -0.14763133 -0.52210767
v -0.30919660 -0.21957744 -0.44454748
v -0.30033553 -0.22866128 -0.43680463
v -0.49397516 -0.04407270 -0.48042270
v -0.11964265 -0.10631288 -0.57964779
v -0.25787292 -0.15438931 -0.51515654
v -0.24532904 -0.16130457 -0.51402359
v -0.25544600 -0.16220539 -0.51081559
v 0.02419016 -0.29793412 -0.39907285
v 0.02893269 -0.29425958 -0.41044944
v 0.02096482 -0.30121309 -0.38863339
v -0.59175659 -0.11444640 -0.30621866
v -0.55229754 -0.00020347 -0.43951255
v -0.55688910 -0.00755706 -0.43207513
v -0.55905756 0.00441711 -0.43053034
v -0.56390961 -0.00929517 -0.42127850
v -0.03220640 -0.25050385 -0.48474716
v -0.04139005 -0.16560404 -0.57020618
v -0.14420627 -0.17216362 -0.53514607
v -0.14391039 -0.18109575 -0.52846255
v -0.15470962 -0.17377506 -0.53080754
v -0.25865293 -0.00800316 -0.56589032
v -0.05975821 -0.19996262 -0.53730009
v -0.07500593 -0.20412327 -0.52897109
v -0.04940251 -0.20925713 -0.53125243
v -0.06121159 -0.20953973 -0.52768563
v -0.32274421 0.00389317 -0.55268055
v 0.03002939 -0.16818893 -0.58638933
v -0.00297895 -0.15253631 -0.58936789
v -0.16824903 -0.15637280 -0.53877653
v -0.21548648 -0.22812207 -0.46235882
v -0.22524564 -0.23266449 -0.45410314
v 0.05085073 -0.30760571 -0.37448911
v -0.42265496 -0.18136815 -0.43336943
v -0.09477155 -0.28039094 -0.41433542
v -0.28134678 -0.18478493 -0.48663253
v -0.25489603 -0.18883395 -0.49054429
v -0.26931647 -0.18198133 -0.49234272
v -0.26034347 -0.17619504 -0.49930962
v -0.27920793 -0.17497951 -0.49506420
v -0.27023306 -0.17301388 -0.49909042
v -0.24881659 -0.25300209 -0.41872528
v -0.23584277 -0.25330190 -0.42213905
v -0.25270676 -0.16951784 -0.50638430
v -0.14480818 -0.01834090 -0.59501478
v -0.15767155 -0.01708704 -0.59149009
v -0.59616792 0.07065700 -0.37722723
v -0.11067123 -0.23586918 -0.48335739
v -0.09869698 -0.24370475 -0.47658459
v -0.10053818 -0.25068095 -0.46629838
v -0.09664520 -0.25643801 -0.45865859
v -0.63079527 0.04810683 -0.30862074
v -0.11952972 -0.09653851 -0.58350598
v -0.13147354 -0.08846134 -0.58276809
v -0.04080415 -0.01336771 -0.62668762
v -0.17521908 -0.22673236 -0.47540185
v -0.03985226 -0.02442045 -0.62569618
v -0.03916034 -0.03373924 -0.62454736
v -0.43749940 -0.15133613 -0.45132672
v -0.44910104 -0.15056533 -0.44546556
v -0.42844598 -0.16140578 -0.44794040
v -0.03738134 -0.20929001 -0.53440520
v -0.41699121 -0.17168564 -0.44522095
v -0.41148937 -0.18207698 -0.43881439
v -0.32477806 -0.14910572 -0.49869184
v -0.33301833 -0.13863502 -0.50239710
v -0.07681808 -0.13143612 -0.58094637
v -0.00780458 -0.30711175 -0.36230170
v -0.01049076 -0.30251809 -0.37695911
v -0.02462740 -0.29959998 -0.38262577
v -0.13547214 -0.23107815 -0.48203563
v -0.14555727 -0.23504723 -0.47412107
v -0.33408988 -0.19048440 -0.46489754
v -0.11731608 -0.27991216 -0.40848434
v -0.12936933 -0.27526175 -0.41448089
v -0.41593335 -0.11114478 -0.48799395
v -0.42547984 -0.10653992 -0.48678961
v -0.01841478 -0.25186407 -0.48591920
v -0.34150409 -0.00363016 -0.54729999
v -0.32937539 -0.00620899 -0.54957398
v 0.03413378 -0.29049801 -0.42138534
v -0.09081067 -0.06978821 -0.60095693
v -0.46236162 -0.22296858 -0.34680041
v -0.46884826 -0.21406166 -0.35581858
v -0.24905263 -0.17933243 -0.49996228
v -0.59199936 0.06164898 -0.38215348
v -0.25208419 -0.25957290 -0.40688685
v -0.23917537 -0.25966833 -0.41071217
v -0.38506914 -0.04906653 -0.52485662
v -0.02458099 -0.25795869 -0.47486937
v -0.12393925 -0.26476214 -0.43646453
v -0.12312613 -0.27008356 -0.42692008
v -0.55107042 -0.16569655 -0.32575103
v 0.02220454 -0.29021740 -0.41951614
v -0.10563361 -0.28037199 -0.41105664
v -0.52367339 -0.14032303 -0.39461280
v -0.23136899 -0.29692655 -0.32756737
v -0.22342599 -0.29445907 -0.33816138
v -0.34507030 0.00588963 -0.54809899
v -0.34228708 0.01526959 -0.55004412
v -0.33511432 0.00514633 -0.55014548
v -0.35303228 0.00027663 -0.54540007
v -0.22636061 -0.25993961 -0.41407108
v -0.14899915 -0.08269073 -0.57953293
v -0.14083453 -0.08256959 -0.58199396
v -0.11483684 -0.27505837 -0.41962496
v -0.35772890 -0.19164088 -0.45461338
v -0.30348631 -0.00471996 -0.55578936
v -0.22991381 -0.26508506 -0.40393630
v -0.63539264 0.05681852 -0.30751554
v -0.01618030 -0.26460263 -0.46549141
v -0.52925193 -0.19186682 -0.31727979
v -0.52323133 -0.19200561 -0.32619044
v -0.24105946 -0.20118838 -0.48341497
v -0.16336688 -0.16682867 -0.53325810
v 0.02761185 -0.31990242 -0.31833481
v 0.01552134 -0.31886252 -0.32017059
v -0.15881347 -0.23070865 -0.47552340
v -0.42641649 -0.11611816 -0.48099053
v 0.01940323 -0.32187728 -0.30594933
v -0.12325529 -0.22801176 -0.48923261
v -0.15608927 -0.18413152 -0.52238226
v -0.41711693 -0.12143975 -0.48167400
v -0.43794706 -0.11959958 -0.47378990
v -0.00952009 -0.14447202 -0.59286568
v -0.12870162 -0.00069167 -0.60149071
v -0.14950226 -0.00780309 -0.59490427
v 0.01254765 -0.30272535 -0.38192816
v -0.14104950 -0.00223165 -0.59783709
f 106 139 136
f 193 199 196
f 1373 1374 1376
f 1739 1582 1278
f 1277 1582 1739
f 991 1749 108
f 1010 1007 457
f 199 1151 196
f 191 193 192
f 1022 658 659
f 1018 1022 659
f 658 1344 656
f 1668 1888 1849
f 1578 1580 1581
f 1668 1669 1888
f 1348 655 1344
f 1376 30 1514
f 1018 1020 1019
f 1398 1019 1020
f 580 214 215
f 1779 108 1749
f 191 192 194
f 458 457 1761
f 1780 1534 107
f 1780 107 1779
f 1381 1785 1399
f 1151 1849 1154
f 1450 1451 1452
f 1377 584 579
f 1398 1222 1399
f 192 193 196
f 1382 1669 1785
f 655 656 1344
f 529 51 1008
f 194 896 1278
f 1373 584 1377
f 1009 528 1008
f 136 137 991
f 1888 1154 1849
f 212 213 139
f 1150 196 1151
f 1739 1278 896
f 1532 1348 1534
f 477 659 658
f 549 553 556
f 477 658 656
f 212 214 213
f 137 1749 991
f 578 580 579
f 1018 659 1021
f 1150 1151 1154
f 1381 1399 1222
f 101 102 1928
f 1382 1785 1381
f 1786 1888 1669
f 1398 1020 1222
f 556 553 1451
f 1018 1021 1020
f 1532 655 1348
f 99 100 104
f 1382 1786 1669
f 192 197 194
f 1373 1376 1375
f 1780 1533 1534
f 1452 1519 31
f 133 136 139
f 578 579 584
f 1778 1780 1779
f 197 896 194
f 1519 1514 31
f 1778 1779 1749
f 47 53 52
f 548 549 52
f 192 196 195
f 1009 1010 528
f 98 99 103
f 133 137 136
f 581 214 580
f 476 656 655
f 1150 195 196
f 477 478 659
f 46 51 50
f 529 1008 528
f 1739 896 1912
f 1532 1534 1533
f 1021 659 478
f 476 477 656
f 1888 1153 1154
f 1513 1376 1514
f 1579 1931 1580
f 1373 1207 584
f 1579 1928 1931
f 1778 1533 1780
f 46 48 47
f 1150 1154 1153
f 1715 1716 1581
f 578 581 580
f 1218 1222 1020
f 139 213 138
f 137 1750 1749
f 1373 1375 1207
f 1021 1023 1020
f 1513 1375 1376
f 1786 1743 1888
f 1715 458 1716
f 197 894 896
f 50 51 529
f 192 198 197
f 1379 1381 1222
f 548 52 53
f 1380 1382 1381
f 192 195 198
f 1778 1749 1750
f 894 1912 896
f 1382 1383 1786
f 133 139 138
f 213 214 585
f 1532 657 655
f 1451 1453 1452
f 1888 1743 1153
f 1023 1218 1020
f 550 553 549
f 476 655 657
f 98 103 102
f 475 478 477
f 475 477 476
f 1150 1152 195
f 1380 1381 1379
f 47 48 53
f 1451 553 554
f 453 457 458
f 578 584 583
f 548 550 549
f 1581 1580 1718
f 1021 478 479
f 1150 1153 1152
f 1380 1383 1382
f 581 585 214
f 1786 1383 1743
f 1516 1514 1519
f 1532 1533 1535
f 1218 1219 1222
f 1902 1519 1452
f 1379 1222 1219
f 1513 1514 1516
f 197 895 894
f 1021 479 1023
f 133 134 137
f 583 584 1207
f 1778 1781 1533
f 894 1854 1912
f 213 585 138
f 454 1010 457
f 197 198 895
f 137 134 1750
f 475 479 478
f 1155 198 195
f 1513 1206 1375
f 1206 1207 1375
f 1778 1750 1123
f 1902 1452 1453
f 1451 554 1453
f 578 582 581
f 1152 1155 195
f 895 1854 894
f 1532 1105 657
f 1535 1533 1781
f 476 657 481
f 475 476 481
f 1217 1218 1023
f 550 554 553
f 1190 528 1010
f 1532 1535 1105
f 46 50 49
f 1742 1153 1743
f 1378 1380 1379
f 133 138 135
f 1152 1153 1156
f 46 49 48
f 1778 1123 1781
f 578 583 582
f 1743 1383 384
f 1217 1219 1218
f 1380 383 1383
f 1378 1379 1219
f 1217 1023 479
f 548 53 551
f 525 529 528
f 133 135 134
f 1595 895 198
f 1742 1156 1153
f 525 50 529
f 1595 198 1155
f 1129 1721 104
f 453 454 457
f 134 1128 1750
f 548 551 550
f 1516 1519 1518
f 581 586 585
f 1750 1128 1123
f 895 1597 1854
f 1581 1718 1717
f 1378 383 1380
f 1715 1581 1717
f 1201 583 1207
f 1742 1743 384
f 1513 1516 1515
f 1902 1518 1519
f 475 480 479
f 1513 1515 1206
f 383 384 1383
f 1201 1207 1206
f 1152 127 1155
f 585 140 138
f 481 657 1106
f 581 582 586
f 1152 1156 127
f 1105 1106 657
f 454 1190 1010
f 1719 1721 1129
f 475 481 480
f 1715 456 458
f 1535 1781 1108
f 48 54 53
f 1378 1219 1220
f 1217 479 482
f 135 138 140
f 1217 1220 1219
f 1105 1535 1108
f 1929 1580 1931
f 453 458 456
f 1929 1718 1580
f 1781 1123 1124
f 1594 895 1595
f 1594 1597 895
f 1595 1155 1292
f 1742 126 1156
f 551 53 54
f 480 482 479
f 550 555 554
f 554 1829 1453
f 1155 127 1292
f 1127 1128 134
f 135 141 134
f 1902 1453 1903
f 1122 1123 1128
f 1202 582 583
f 1378 385 383
f 126 127 1156
f 1233 585 586
f 1108 1781 1124
f 481 1106 485
f 1233 140 585
f 1742 384 386
f 480 481 485
f 527 528 1190
f 1516 1518 1517
f 1516 1517 1515
f 550 551 552
f 382 384 383
f 1202 583 1201
f 1378 1220 385
f 1122 1124 1123
f 1104 1106 1105
f 1203 1206 1515
f 102 1567 1928
f 525 528 527
f 1201 1206 1203
f 1901 1518 1902
f 1127 134 141
f 1104 1105 1108
f 1566 1931 1928
f 1719 1722 1720
f 1595 1292 1293
f 582 1204 586
f 1742 386 126
f 1594 1595 1293
f 1217 482 1221
f 1720 1722 1857
f 1217 1221 1220
f 48 49 55
f 1122 1128 1127
f 49 50 526
f 135 140 142
f 1594 1474 1597
f 525 526 50
f 550 552 555
f 382 383 385
f 99 105 103
f 1829 1903 1453
f 135 142 141
f 99 104 105
f 554 555 1829
f 1292 127 129
f 1901 1902 1903
f 382 386 384
f 511 1117 510
f 48 55 54
f 123 127 126
f 480 486 482
f 1202 1204 582
f 1929 1717 1718
f 480 485 484
f 1110 485 1106
f 1111 1108 1124
f 123 129 127
f 1104 1110 1106
f 486 1221 482
f 1291 1293 1292
f 126 386 128
f 385 1220 1539
f 1594 1293 1294
f 1122 1125 1124
f 454 1191 1190
f 1283 1515 1517
f 1594 1596 1474
f 123 126 128
f 1283 1203 1515
f 1291 1292 129
f 1518 1904 1517
f 1233 586 1235
f 1901 1904 1518
f 1097 1201 1203
f 1233 1234 140
f 1097 1202 1201
f 1539 1220 1221
f 1104 1108 1107
f 551 54 443
f 102 103 1593
f 1122 1127 1126
f 480 483 486
f 453 455 454
f 1110 484 485
f 480 484 483
f 1127 141 1590
f 140 1238 142
f 1715 1717 997
f 551 443 552
f 1235 586 1204
f 1594 1294 1596
f 1125 1111 1124
f 1107 1108 1111
f 142 1757 141
f 1715 997 456
f 382 385 388
f 1291 1294 1293
f 527 1190 1191
f 382 387 386
f 453 456 455
f 1566 1929 1931
f 123 124 129
f 1122 1126 1125
f 1234 1238 140
f 132 128 386
f 1910 555 552
f 1126 1127 1590
f 1901 1903 1881
f 1291 129 124
f 388 385 1539
f 1824 55 49
f 1202 1205 1204
f 1590 141 1757
f 123 128 125
f 1817 1221 486
f 1104 1109 1110
f 1824 49 526
f 1566 1928 1567
f 1233 1235 1234
f 142 1238 1757
f 1829 1882 1903
f 1283 1517 1284
f 382 388 387
f 387 132 386
f 1284 1517 1904
f 1104 1107 1109
f 123 125 124
f 55 439 54
f 1110 1369 484
f 1829 555 766
f 483 1817 486
f 1901 1881 1904
f 1291 1295 1294
f 1539 1221 1540
f 1006 1203 1283
f 483 484 1369
f 1294 1760 1596
f 1097 1203 1006
f 125 128 132
f 1125 1112 1111
f 1235 1204 1205
f 1910 552 443
f 1107 1111 1112
f 1097 1096 1202
f 525 527 530
f 525 530 526
f 54 439 443
f 1817 1540 1221
f 1882 1881 1903
f 1291 124 823
f 1295 1760 1294
f 1202 1096 1205
f 1110 1109 1368
f 454 1189 1191
f 1910 766 555
f 102 1593 1567
f 1125 1126 1498
f 1110 1368 1369
f 1291 823 1295
f 1538 388 1539
f 1126 1590 1589
f 1815 1817 483
f 125 130 124
f 1590 1757 1576
f 1829 766 1882
f 1815 483 1369
f 1346 1757 1238
f 455 1189 454
f 1234 1235 1236
f 1538 1539 1540
f 387 979 132
f 1234 1237 1238
f 387 388 1085
f 1848 1717 1929
f 1125 1498 1112
f 1284 1904 1285
f 125 132 131
f 1005 1283 1284
f 1107 522 1109
f 823 124 130
f 1824 441 55
f 1881 1328 1904
f 1107 1112 522
f 55 441 439
f 1005 1006 1283
f 1126 1589 1498
f 1004 1097 1006
f 1589 1590 1576
f 103 105 1593
f 824 1760 1295
f 125 131 130
f 1576 1757 1346
f 1004 1096 1097
f 387 1085 979
f 1536 388 1538
f 1235 1205 813
f 527 1191 1214
f 824 1295 823
f 131 132 979
f 1234 1236 1237
f 1237 1346 1238
f 1328 1285 1904
f 1368 1370 1369
f 1536 1085 388
f 1848 997 1717
f 1109 523 1368
f 1818 1540 1817
f 1816 1817 1815
f 1721 370 104
f 1005 1284 1285
f 1824 526 1771
f 1235 850 1236
f 992 455 456
f 1910 443 442
f 1501 1815 1369
f 992 456 997
f 1096 812 1205
f 1109 522 523
f 1538 1540 1541
f 823 130 822
f 1116 516 1857
f 824 825 1760
f 511 512 1116
f 1816 1818 1817
f 1112 1498 1499
f 1264 1881 1882
f 1235 813 850
f 130 131 1796
f 435 443 439
f 1368 523 1370
f 1370 1501 1369
f 370 105 104
f 1112 1499 522
f 1910 442 766
f 527 1214 530
f 1566 1847 1929
f 819 824 823
f 530 1771 526
f 979 1085 980
f 1818 1541 1540
f 1501 1816 1815
f 130 1796 822
f 1205 812 813
f 1264 1328 1881
f 1536 1538 1537
f 1589 1591 1498
f 767 1882 766
f 976 131 979
f 819 823 822
f 1589 1576 1577
f 1002 1004 1006
f 1002 1006 1005
f 1347 1576 1346
f 1536 1035 1085
f 1189 1214 1191
f 1345 1346 1237
f 1004 814 1096
f 1538 1541 1537
f 1824 440 441
f 976 979 980
f 434 439 441
f 1237 1236 81
f 1370 523 1502
f 1035 980 1085
f 1796 131 665
f 435 442 443
f 1096 814 812
f 820 825 824
f 672 1285 1328
f 1370 1502 1501
f 1499 1498 1654
f 819 820 824
f 1589 1577 1591
f 81 1236 850
f 1005 1285 672
f 1536 1537 1035
f 1848 1929 1847
f 1654 1498 1591
f 1264 1882 767
f 1345 1347 1346
f 822 1796 665
f 1347 1577 1576
f 976 665 131
f 518 523 522
f 1816 1401 1818
f 524 522 1499
f 1501 1401 1816
f 1824 1771 440
f 434 435 439
f 1345 1237 88
f 819 822 663
f 1818 1400 1541
f 455 995 1189
f 672 1328 1264
f 1003 1004 1002
f 88 1237 81
f 523 519 1502
f 1003 814 1004
f 976 980 978
f 518 522 524
f 80 850 813
f 1537 1541 690
f 822 665 663
f 978 980 1035
f 819 821 820
f 808 813 812
f 1501 1502 1524
f 762 767 766
f 762 766 442
f 434 441 440
f 1719 25 1721
f 1537 689 1035
f 1564 1566 1567
f 518 519 523
f 1002 1005 671
f 1818 1401 1400
f 996 997 1848
f 819 663 821
f 992 997 996
f 80 81 850
f 807 812 814
f 690 1541 1400
f 992 995 455
f 976 977 665
f 1501 1402 1401
f 671 1005 672
f 1651 1499 1654
f 1537 690 689
f 1501 1524 1402
f 519 1524 1502
f 1345 87 1347
f 524 1499 1651
f 1653 1591 1577
f 976 978 977
f 1653 1654 1591
f 808 80 813
f 1347 1575 1577
f 820 821 345
f 1345 88 87
f 808 812 807
f 687 978 1035
f 687 1035 689
f 661 663 665
f 1697 530 1214
f 669 1003 1002
f 1461 1771 530
f 1264 767 765
f 78 88 81
f 821 663 662
f 518 524 521
f 977 664 665
f 1003 809 814
f 435 438 442
f 433 435 434
f 1213 1214 1189
f 1347 87 1575
f 1651 1654 1653
f 519 1404 1524
f 661 665 664
f 1575 1653 1577
f 518 520 519
f 669 1002 671
f 807 814 809
f 345 821 662
f 1148 1400 1401
f 1719 1720 25
f 686 689 690
f 521 524 1651
f 1050 1401 1402
f 690 1400 692
f 1031 977 978
f 661 662 663
f 1524 1049 1402
f 78 87 88
f 77 81 80
f 673 672 1264
f 762 765 767
f 1031 978 687
f 686 687 689
f 1565 1567 1593
f 1082 440 1771
f 518 521 520
f 519 520 1404
f 1404 1049 1524
f 77 78 81
f 1566 1426 1847
f 434 440 437
f 669 809 1003
f 1213 1189 995
f 1148 1401 1050
f 686 690 692
f 433 438 435
f 762 442 761
f 345 662 344
f 1697 1461 530
f 1148 692 1400
f 1050 1402 1049
f 808 810 80
f 977 1034 664
f 668 671 672
f 806 808 807
f 661 664 666
f 1031 1034 977
f 673 1264 765
f 761 442 438
f 433 434 437
f 686 688 687
f 1651 1653 1655
f 521 1651 1652
f 806 807 809
f 1031 687 1033
f 661 295 662
f 371 1593 105
f 78 84 87
f 1564 1426 1566
f 77 80 82
f 992 996 994
f 666 664 1034
f 344 662 291
f 1055 1049 1404
f 1575 835 1653
f 87 834 1575
f 1679 1848 1847
f 1082 1771 1461
f 1055 1404 520
f 520 521 1525
f 806 810 808
f 668 672 673
f 687 688 1033
f 80 810 82
f 667 669 671
f 661 666 295
f 996 1848 998
f 1564 1567 1565
f 437 440 1082
f 295 291 662
f 1651 1655 1652
f 1048 1050 1049
f 686 692 691
f 1215 1697 1214
f 1148 1050 1053
f 521 1652 1525
f 77 79 78
f 992 993 995
f 669 670 809
f 1031 1032 1034
f 87 84 834
f 292 344 291
f 686 691 688
f 1146 692 1148
f 667 671 668
f 1213 1215 1214
f 1031 1033 1032
f 1653 1806 1655
f 1048 1049 1055
f 1721 26 370
f 760 765 762
f 666 1034 1056
f 79 84 78
f 1575 834 835
f 1653 835 1806
f 1055 520 1403
f 295 666 1056
f 520 1525 1403
f 433 436 438
f 1048 1053 1050
f 806 809 811
f 760 762 761
f 1736 1033 688
f 667 670 669
f 77 82 83
f 1146 1148 1053
f 1146 691 692
f 290 291 295
f 290 292 291
f 1056 1034 1734
f 992 994 993
f 433 437 436
f 1032 1734 1034
f 77 83 79
f 809 670 811
f 1032 1033 1736
f 1736 688 691
f 1525 1652 1013
f 82 810 759
f 806 701 810
f 367 105 370
f 673 765 764
f 1679 998 1848
f 1048 1055 1052
f 1012 1652 1655
f 994 996 998
f 761 438 768
f 295 1056 610
f 1055 1403 1052
f 290 295 294
f 1720 1857 1859
f 1679 1847 1426
f 1403 1525 1013
f 668 673 674
f 1213 995 1001
f 1016 1655 1806
f 1048 1054 1053
f 85 834 84
f 1116 512 516
f 1697 1071 1461
f 79 85 84
f 82 759 83
f 295 610 294
f 1012 1013 1652
f 828 835 834
f 806 811 703
f 701 759 810
f 436 768 438
f 760 764 765
f 1056 1734 609
f 1806 835 832
f 667 668 537
f 806 703 701
f 25 26 1721
f 1032 1735 1734
f 1146 1053 1147
f 1032 1736 1737
f 1736 691 1787
f 1012 1655 1016
f 437 1082 1081
f 1056 609 610
f 371 1565 1593
f 1048 1052 1051
f 1146 708 691
f 290 294 293
f 1147 1053 1054
f 1048 1051 1054
f 1215 1071 1697
f 993 1001 995
f 290 293 296
f 1032 1737 1735
f 79 83 86
f 828 832 835
f 1403 1013 242
f 667 538 670
f 1734 1735 609
f 668 674 537
f 1016 1806 832
f 670 1891 811
f 610 298 294
f 246 1052 1403
f 1787 691 708
f 1072 1082 1461
f 760 761 763
f 1168 674 673
f 437 1080 436
f 1168 673 764
f 827 828 834
f 79 86 85
f 827 834 85
f 1146 1147 707
f 293 294 298
f 1736 1787 1788
f 1736 1788 1737
f 241 1013 1012
f 761 768 763
f 606 610 609
f 1146 707 708
f 246 1403 242
f 246 1051 1052
f 702 703 811
f 667 537 538
f 759 757 83
f 606 298 610
f 1213 1216 1215
f 241 242 1013
f 695 759 701
f 1011 1012 1016
f 1147 1054 1223
f 538 1891 670
f 1564 1425 1426
f 1054 1051 1223
f 437 1081 1080
f 698 701 703
f 1735 608 609
f 702 811 1891
f 367 371 105
f 86 83 757
f 713 1787 708
f 241 1012 1011
f 760 73 764
f 293 298 297
f 1735 1737 1774
f 1015 1016 832
f 1564 1565 1425
f 436 1083 768
f 713 1788 1787
f 606 609 608
f 826 832 828
f 1072 1461 1071
f 1081 1082 1072
f 1213 1001 1216
f 707 1147 710
f 1737 1788 1774
f 698 695 701
f 698 703 702
f 606 297 298
f 994 998 999
f 293 297 299
f 994 999 993
f 826 828 827
f 86 1350 85
f 695 757 759
f 1147 1223 710
f 1011 1016 1015
f 537 674 536
f 246 1563 1051
f 1735 1774 608
f 1563 1223 1051
f 827 85 833
f 706 708 707
f 436 1080 1083
f 240 246 242
f 240 242 241
f 1168 536 674
f 760 763 75
f 712 713 708
f 1015 832 829
f 833 85 1350
f 74 1168 764
f 713 714 1788
f 826 829 832
f 768 1500 763
f 706 707 710
f 760 75 73
f 606 608 607
f 241 1011 245
f 714 1774 1788
f 532 538 537
f 538 1527 1891
f 1527 702 1891
f 606 607 297
f 74 764 73
f 706 712 708
f 1075 1071 1215
f 1679 1426 1428
f 768 1083 1500
f 367 370 26
f 710 1223 1691
f 86 757 924
f 243 1563 246
f 86 924 1350
f 240 241 245
f 1691 1223 1563
f 1740 608 1774
f 712 714 713
f 240 243 246
f 1011 1015 1014
f 698 702 697
f 532 537 536
f 826 827 831
f 694 695 698
f 696 757 695
f 827 833 831
f 607 608 1740
f 1075 1215 1216
f 1081 1186 1080
f 1011 1014 245
f 510 1117 444
f 993 1000 1001
f 706 710 709
f 1482 1483 297
f 1677 998 1679
f 1015 829 1386
f 607 1482 297
f 833 1350 1530
f 1857 516 1859
f 697 702 1527
f 1168 535 536
f 826 830 829
f 538 539 1527
f 710 1691 709
f 714 1356 1774
f 532 539 538
f 1081 1072 1186
f 694 696 695
f 74 535 1168
f 694 698 697
f 1015 1386 1014
f 1740 1774 1354
f 924 1530 1350
f 712 715 714
f 706 711 712
f 240 245 247
f 1691 1563 1177
f 1080 1187 1083
f 240 244 243
f 1500 76 763
f 243 1177 1563
f 826 831 830
f 1720 29 25
f 75 763 76
f 1354 1774 1356
f 993 999 1000
f 1070 1072 1071
f 924 757 758
f 67 74 73
f 830 1386 829
f 1216 1001 1618
f 696 758 757
f 67 73 75
f 833 1530 1531
f 607 1740 1355
f 706 709 711
f 1424 1426 1425
f 833 1531 831
f 240 247 244
f 1448 245 1014
f 714 715 1356
f 1500 1083 984
f 607 1485 1482
f 1677 999 998
f 712 711 715
f 1186 1187 1080
f 1070 1071 1075
f 1740 1354 1355
f 1691 1692 709
f 531 532 536
f 1448 247 245
f 923 1530 924
f 1387 1014 1386
f 607 1355 1485
f 243 244 1179
f 1691 1177 1692
f 1261 697 1527
f 1424 1428 1426
f 243 1179 1177
f 694 699 696
f 531 536 535
f 539 432 1527
f 694 697 700
f 1677 1679 1428
f 1448 1014 1387
f 923 1531 1530
f 1481 1482 1485
f 1384 1386 830
f 1187 984 1083
f 1000 1618 1001
f 532 431 539
f 830 831 1389
f 247 1181 244
f 74 72 535
f 1500 984 76
f 1351 1354 1356
f 711 709 787
f 920 924 758
f 696 699 758
f 1384 1387 1386
f 920 923 924
f 831 1531 1529
f 1357 1356 715
f 67 72 74
f 787 709 1692
f 67 75 66
f 1351 1355 1354
f 1179 244 1181
f 66 75 76
f 1186 1072 1078
f 1261 1527 432
f 711 1473 715
f 371 372 1565
f 694 700 699
f 1261 700 697
f 531 431 532
f 1425 1565 1137
f 1692 1177 1178
f 1389 831 1529
f 1180 247 1448
f 1485 1355 1741
f 1351 1356 1357
f 1481 1485 1484
f 431 432 539
f 923 927 1531
f 1384 830 1385
f 1180 1181 247
f 1075 1216 1614
f 391 1177 1179
f 1448 1387 1446
f 1473 1357 715
f 830 1389 1385
f 927 1529 1531
f 711 787 784
f 1351 1358 1355
f 1485 1741 1484
f 391 1178 1177
f 531 535 534
f 390 1179 1181
f 1614 1216 1618
f 787 1692 788
f 711 784 1473
f 1741 1355 1358
f 1180 1448 1446
f 534 535 72
f 1384 1388 1387
f 1692 1178 788
f 758 699 930
f 1186 1188 1187
f 920 758 922
f 1070 1073 1072
f 920 921 923
f 390 1181 1180
f 1446 1387 1388
f 391 1179 390
f 921 927 923
f 981 76 984
f 1720 1859 29
f 1384 1385 1388
f 1351 1357 1353
f 427 1261 432
f 922 758 930
f 1473 964 1357
f 1391 1389 1529
f 1000 999 1678
f 1741 1814 1484
f 1073 1078 1072
f 65 67 66
f 65 72 67
f 1186 1078 1188
f 1256 700 1261
f 1187 983 984
f 1257 699 700
f 1385 1389 1391
f 781 787 788
f 781 784 787
f 1351 1352 1358
f 426 432 431
f 391 1176 1178
f 1176 788 1178
f 1070 1075 1074
f 920 922 921
f 784 785 1473
f 925 1529 927
f 66 76 71
f 1741 1358 1361
f 531 430 431
f 1353 1357 964
f 22 26 25
f 1677 1678 999
f 1281 1180 1446
f 1351 1353 1352
f 1257 930 699
f 1473 785 964
f 1424 1425 1137
f 1741 1361 1814
f 1256 1261 427
f 1281 1446 1388
f 921 925 927
f 531 534 533
f 426 427 432
f 1000 1616 1618
f 390 1180 393
f 389 391 390
f 925 1391 1529
f 1385 1390 1388
f 367 368 371
f 1352 1361 1358
f 981 71 76
f 1187 1188 983
f 1257 700 1256
f 391 394 1176
f 1176 789 788
f 68 534 72
f 981 984 983
f 781 788 789
f 1385 1391 1390
f 372 1137 1565
f 426 431 430
f 1075 1614 1074
f 779 784 781
f 779 785 784
f 393 1180 1281
f 389 394 391
f 531 533 430
f 1677 1428 1427
f 1353 964 965
f 1361 1681 1814
f 1424 1427 1428
f 65 66 71
f 921 922 928
f 782 964 785
f 922 930 929
f 1353 1359 1352
f 389 390 393
f 65 68 72
f 1614 1618 1616
f 367 26 27
f 1281 1388 1447
f 1352 1362 1361
f 921 926 925
f 1070 1074 1073
f 1390 1447 1388
f 1353 965 1359
f 1772 1176 394
f 1772 789 1176
f 1257 929 930
f 782 965 964
f 779 782 785
f 533 534 68
f 781 789 780
f 925 945 1391
f 779 781 780
f 921 928 926
f 1361 1680 1681
f 922 929 928
f 1352 1359 1360
f 1188 1078 1076
f 1256 427 428
f 1391 944 1390
f 426 428 427
f 1352 1360 1362
f 1361 1362 1680
f 389 395 394
f 1280 393 1281
f 368 372 371
f 1073 1076 1078
f 1772 791 789
f 1391 945 944
f 1772 394 395
f 1255 1257 1256
f 1311 1359 965
f 780 789 791
f 389 393 392
f 1745 1000 1678
f 1281 1447 1282
f 782 961 965
f 426 430 429
f 1745 1616 1000
f 1390 948 1447
f 779 783 782
f 926 943 925
f 1360 1359 1311
f 981 982 71
f 981 983 982
f 1280 1281 1282
f 1188 1363 983
f 925 943 945
f 1390 944 948
f 389 392 395
f 779 780 786
f 961 1311 965
f 1360 1455 1362
f 1680 1362 1455
f 1257 1260 929
f 533 1262 430
f 926 928 1528
f 1255 1256 428
f 783 961 782
f 533 68 1263
f 65 71 70
f 929 1879 928
f 426 429 428
f 1280 422 393
f 22 25 29
f 65 69 68
f 779 786 783
f 1772 1773 791
f 1772 395 1773
f 393 422 392
f 780 791 790
f 1188 1076 1363
f 1614 1617 1074
f 1360 1311 1454
f 1255 1260 1257
f 1447 301 1282
f 926 1528 943
f 1360 1454 1455
f 948 301 1447
f 1879 1528 928
f 941 944 945
f 780 790 786
f 793 1680 1455
f 430 1262 429
f 961 1312 1311
f 1280 1282 302
f 1677 1667 1678
f 941 945 943
f 343 948 944
f 533 1263 1262
f 791 1773 790
f 392 424 395
f 1311 1312 1454
f 65 70 69
f 1614 1616 1615
f 783 962 961
f 1280 302 422
f 929 1878 1879
f 68 1449 1263
f 1773 395 424
f 982 985 71
f 783 786 963
f 1424 1137 1138
f 301 302 1282
f 929 1260 1878
f 941 343 944
f 68 69 1449
f 1424 1138 1427
f 1073 1074 1079
f 343 301 948
f 961 962 1312
f 71 985 70
f 794 1455 1454
f 1677 1427 734
f 421 392 422
f 794 793 1455
f 783 963 962
f 982 983 987
f 22 27 26
f 1363 987 983
f 1073 1077 1076
f 1614 1615 1617
f 1926 943 1528
f 1879 1921 1528
f 790 1061 786
f 421 424 392
f 1454 1312 1650
f 1255 428 1258
f 941 943 942
f 1266 428 429
f 1067 790 1773
f 963 786 1061
f 794 1454 1650
f 1879 1878 1921
f 1773 424 1898
f 422 302 303
f 1745 1746 1616
f 1255 1259 1260
f 1767 1312 962
f 1926 942 943
f 1921 1926 1528
f 300 302 301
f 792 793 794
f 1262 1268 429
f 1767 1650 1312
f 1262 1263 1440
f 1067 1061 790
f 367 369 368
f 1067 1773 1898
f 421 422 303
f 963 1062 962
f 1440 1263 1449
f 306 301 343
f 1745 1678 1562
f 941 342 343
f 1677 734 1667
f 1266 1258 428
f 367 27 369
f 1076 1495 1363
f 963 1061 1062
f 1073 1079 1077
f 1794 1074 1617
f 941 942 342
f 1260 1695 1878
f 1255 1258 1259
f 1767 962 1768
f 421 425 424
f 300 303 302
f 1615 1616 1746
f 1266 429 1268
f 1062 1768 962
f 870 1449 69
f 794 1650 1649
f 424 425 1898
f 300 301 306
f 982 986 985
f 1921 1878 1925
f 865 69 70
f 1767 1649 1650
f 1136 1137 372
f 306 343 342
f 792 794 795
f 1259 1695 1260
f 1667 1562 1678
f 869 70 985
f 1926 946 942
f 1794 1079 1074
f 1067 1898 1066
f 1440 1449 870
f 421 303 423
f 982 987 986
f 1059 1061 1067
f 1921 543 1926
f 794 1649 795
f 1076 1077 1495
f 1057 1062 1061
f 1695 1925 1878
f 1767 1768 1769
f 1363 1495 987
f 421 423 425
f 1269 1262 1440
f 1767 1769 1649
f 342 942 946
f 1062 1063 1768
f 1269 1268 1262
f 1898 425 1066
f 865 870 69
f 300 304 303
f 1921 1925 543
f 1615 1794 1617
f 1059 1067 1066
f 1057 1061 1059
f 1063 1769 1768
f 1926 543 946
f 1057 1063 1062
f 865 70 869
f 459 423 303
f 986 869 985
f 300 306 305
f 1745 1558 1746
f 1266 1267 1258
f 459 303 304
f 1259 1258 1694
f 306 342 341
f 1138 733 1427
f 795 1649 1084
f 1649 1769 1895
f 1265 1266 1268
f 734 1427 733
f 423 463 425
f 300 305 304
f 1745 1562 1558
f 1259 1696 1695
f 872 1440 870
f 1695 545 1925
f 425 1411 1066
f 342 946 947
f 1063 1254 1769
f 1649 1895 1084
f 1059 1066 1065
f 545 543 1925
f 1057 1060 1063
f 305 306 341
f 1057 1059 1058
f 1269 1440 872
f 796 795 1084
f 1254 1895 1769
f 425 463 1411
f 1267 1694 1258
f 459 460 423
f 368 374 372
f 1265 1268 1269
f 342 947 341
f 1077 1079 1103
f 1259 1694 1696
f 1134 1138 1137
f 541 946 543
f 1265 1267 1266
f 460 463 423
f 1060 1254 1063
f 1065 1066 1411
f 1615 1746 1637
f 459 304 338
f 865 866 870
f 1057 1058 1060
f 987 1495 1493
f 986 987 1494
f 1059 1065 1064
f 547 545 1695
f 547 1695 1696
f 305 338 304
f 1059 1064 1058
f 1895 1632 1084
f 947 946 541
f 844 1495 1077
f 459 338 460
f 866 872 870
f 1254 1684 1895
f 796 1084 874
f 540 543 545
f 1134 1137 1136
f 874 1084 1632
f 864 865 869
f 461 1411 463
f 1895 1684 1632
f 460 461 463
f 1060 1253 1254
f 1794 1102 1079
f 986 868 869
f 540 541 543
f 305 341 340
f 1558 1637 1746
f 987 1493 1494
f 1408 1065 1411
f 1862 341 947
f 1136 372 374
f 1615 1638 1794
f 1561 1562 1667
f 1058 1068 1060
f 1408 1064 1065
f 1254 1253 1684
f 844 1077 1103
f 1265 1269 1270
f 1058 1064 1069
f 305 339 338
f 1269 872 1439
f 1696 1694 1349
f 1859 1860 29
f 734 731 1667
f 1079 1102 1103
f 864 866 865
f 1267 1164 1694
f 546 547 1696
f 1060 1068 1253
f 874 1632 1631
f 1631 1632 1684
f 1862 340 341
f 1861 947 541
f 460 338 462
f 461 1410 1411
f 305 340 339
f 1058 1069 1068
f 59 545 547
f 1265 1166 1267
f 1408 1411 1410
f 986 1494 868
f 1408 1069 1064
f 460 462 461
f 1557 1558 1562
f 1861 1862 947
f 1615 1637 1638
f 1269 1439 1270
f 540 545 59
f 866 871 872
f 546 1696 1349
f 864 869 868
f 845 1493 1495
f 874 1631 873
f 22 28 27
f 1684 1253 1686
f 1164 1349 1694
f 540 542 541
f 338 339 1434
f 1631 1684 1686
f 59 547 546
f 845 1495 844
f 338 1434 462
f 1267 1166 1164
f 1439 872 871
f 1068 1471 1253
f 1861 541 542
f 1859 516 517
f 461 1665 1410
f 1265 1270 1271
f 1557 1562 1561
f 1409 1068 1069
f 461 462 1665
f 1406 1069 1408
f 728 734 733
f 1561 1667 731
f 1862 1729 340
f 1471 1686 1253
f 1631 1685 873
f 1265 1271 1166
f 1408 1410 1407
f 339 340 1728
f 1861 1729 1862
f 1631 1686 1685
f 1138 732 733
f 540 59 544
f 1409 1471 1068
f 540 544 542
f 1434 339 1731
f 864 867 866
f 61 546 1349
f 866 867 871
f 1406 1409 1069
f 846 1494 1493
f 1406 1408 1407
f 1101 1102 1794
f 843 844 1103
f 1407 1410 1665
f 59 546 61
f 1646 462 1434
f 1729 1728 340
f 339 1728 1731
f 368 369 373
f 1439 1441 1270
f 843 1103 1102
f 1101 1794 1638
f 1558 1559 1637
f 1861 542 1863
f 1685 1686 1914
f 868 1494 903
f 1471 1915 1686
f 64 1349 1164
f 1665 462 1643
f 728 731 734
f 1646 1434 1731
f 1861 1863 1729
f 369 27 375
f 846 1493 845
f 1162 1164 1166
f 1270 1441 1271
f 864 868 337
f 1557 1559 1558
f 1134 732 1138
f 1914 1686 1915
f 1439 871 1412
f 1646 1643 462
f 22 29 24
f 1409 1472 1471
f 61 1349 64
f 1598 542 544
f 59 60 544
f 1685 451 875
f 1406 418 1409
f 1685 1914 451
f 1407 1665 1628
f 846 903 1494
f 1472 1915 1471
f 1165 1166 1271
f 1406 1407 417
f 1598 1863 542
f 56 59 61
f 1645 1731 1728
f 1162 64 1164
f 867 1412 871
f 1439 1412 1441
f 1636 1638 1637
f 839 845 844
f 1665 1643 1628
f 1726 1728 1729
f 368 373 374
f 1645 1646 1731
f 864 318 867
f 1409 418 1472
f 1914 1915 450
f 1162 1166 1165
f 1406 417 418
f 60 1598 544
f 1914 450 451
f 56 60 59
f 839 844 843
f 864 337 318
f 1863 1730 1729
f 1626 1407 1628
f 1626 417 1407
f 147 868 903
f 1726 1645 1728
f 1642 1643 1646
f 728 733 732
f 337 868 147
f 1271 1441 1868
f 1557 1561 1560
f 449 1915 1472
f 62 61 64
f 1726 1729 1730
f 1636 1637 1559
f 449 450 1915
f 375 27 28
f 1642 1646 1645
f 1098 843 1102
f 1165 1271 1868
f 56 61 62
f 446 451 450
f 506 512 511
f 418 419 1472
f 1134 1136 1135
f 1598 1865 1863
f 1640 1628 1643
f 1098 1102 1101
f 60 862 1598
f 1136 374 1135
f 1561 731 1666
f 415 418 417
f 446 450 449
f 449 1472 1592
f 1863 1865 1730
f 1162 1142 64
f 1640 1643 1642
f 1472 419 1592
f 840 846 845
f 867 311 1412
f 1557 1560 1559
f 1626 1628 1627
f 1162 1165 1163
f 1732 1441 1412
f 1626 416 417
f 415 419 418
f 507 516 512
f 867 318 311
f 56 57 60
f 1725 1645 1726
f 862 1865 1598
f 1732 1868 1441
f 1726 1730 1727
f 1640 1627 1628
f 146 903 846
f 839 840 845
f 62 64 63
f 1642 1645 1647
f 415 417 416
f 57 862 60
f 1162 1163 1142
f 1626 1627 416
f 446 449 448
f 1101 1638 1639
f 144 318 337
f 189 449 1592
f 1561 1666 1560
f 144 337 147
f 1142 63 64
f 419 188 1592
f 56 62 58
f 1795 1165 1868
f 1725 1726 1727
f 22 23 28
f 1636 1639 1638
f 1725 1647 1645
f 839 843 842
f 146 147 903
f 1640 1642 1641
f 415 188 419
f 1795 1163 1165
f 448 449 189
f 1836 1730 1865
f 1642 1647 1641
f 1727 1730 1836
f 56 58 57
f 189 1592 188
f 446 448 447
f 1098 842 843
f 369 375 373
f 312 1732 1412
f 24 29 1860
f 311 312 1412
f 62 63 58
f 728 729 731
f 863 1865 862
f 840 146 846
f 415 416 420
f 1627 1744 416
f 1859 517 1860
f 1640 775 1627
f 317 311 318
f 57 863 862
f 1640 1641 1644
f 317 318 144
f 1867 1868 1732
f 415 182 188
f 1142 1163 1141
f 448 189 190
f 1725 1727 1723
f 1836 1865 1866
f 1795 1868 1867
f 447 448 190
f 1636 1559 634
f 416 1744 420
f 1640 1644 775
f 1725 1724 1647
f 1141 1163 1795
f 1727 1836 1723
f 185 189 188
f 1627 775 1744
f 415 420 182
f 1098 1101 1100
f 863 1866 1865
f 1641 1647 1648
f 325 63 1142
f 731 729 1666
f 839 841 840
f 143 144 147
f 1134 1139 732
f 839 842 841
f 185 190 189
f 728 732 730
f 1641 1648 1644
f 58 321 57
f 1725 1723 1724
f 185 188 182
f 143 147 146
f 325 1142 1141
f 57 321 863
f 1648 1647 1724
f 58 63 320
f 629 1559 1560
f 312 1733 1732
f 1101 1639 1100
f 1867 1732 1733
f 1744 1886 420
f 1836 1866 591
f 1744 775 773
f 1723 1836 591
f 772 775 1644
f 1636 634 1639
f 320 63 325
f 1134 1135 1139
f 182 420 181
f 22 24 23
f 1906 1560 1666
f 863 590 1866
f 772 1644 1648
f 185 187 190
f 310 311 317
f 317 144 145
f 310 312 311
f 1098 1099 842
f 1141 1795 1143
f 187 452 190
f 1795 1867 1143
f 1744 773 1886
f 180 185 182
f 58 319 321
f 181 420 1886
f 58 320 319
f 143 145 144
f 591 1866 590
f 602 1724 1723
f 728 730 729
f 769 773 775
f 629 634 1559
f 769 775 772
f 1648 1724 600
f 180 182 181
f 840 847 146
f 321 593 863
f 375 28 23
f 1098 1100 1099
f 325 1141 1140
f 593 590 863
f 185 183 187
f 772 1648 778
f 602 1723 591
f 374 801 1135
f 180 183 185
f 840 841 848
f 312 314 1733
f 841 842 849
f 374 373 801
f 1648 600 778
f 1906 629 1560
f 310 317 145
f 1867 1733 216
f 1140 1141 1143
f 320 325 324
f 602 600 1724
f 774 1886 773
f 143 146 149
f 1885 181 1886
f 310 314 312
f 769 774 773
f 769 772 771
f 587 591 590
f 1867 216 1143
f 771 772 778
f 1099 849 842
f 180 181 186
f 325 1140 324
f 183 660 187
f 1666 729 1907
f 1906 1666 1907
f 319 320 323
f 319 322 321
f 1885 1886 774
f 587 590 593
f 840 848 847
f 321 322 593
f 1885 186 181
f 180 184 183
f 314 216 1733
f 602 591 592
f 146 847 149
f 320 324 323
f 601 778 600
f 841 849 848
f 587 592 591
f 180 186 184
f 143 148 145
f 769 770 774
f 771 778 601
f 769 771 770
f 183 184 660
f 730 732 1290
f 598 600 602
f 1611 1100 1639
f 319 323 322
f 633 1639 634
f 1140 1143 35
f 1885 774 1605
f 732 1139 1290
f 598 601 600
f 587 593 589
f 1885 1600 186
f 143 149 148
f 310 145 313
f 34 1143 216
f 1140 1144 324
f 602 592 603
f 310 316 314
f 589 593 322
f 771 601 605
f 1608 1099 1100
f 184 186 1467
f 770 771 605
f 507 517 516
f 598 602 603
f 1885 1605 1600
f 770 776 774
f 34 35 1143
f 1605 774 776
f 184 1465 660
f 324 1145 323
f 1600 1467 186
f 1607 849 1099
f 1140 35 1144
f 624 634 629
f 587 588 592
f 314 217 216
f 145 148 313
f 323 1909 322
f 1906 628 629
f 375 803 373
f 587 589 588
f 324 1144 1145
f 598 599 601
f 599 605 601
f 633 1611 1639
f 184 1467 1466
f 1906 1907 628
f 770 605 777
f 849 1610 848
f 316 217 314
f 770 777 776
f 596 603 592
f 310 315 316
f 184 1466 1465
f 1599 1600 1605
f 1145 1909 323
f 1608 1100 1611
f 310 313 315
f 1601 1467 1600
f 956 847 848
f 1599 1605 776
f 589 322 595
f 1607 1099 1608
f 588 596 592
f 598 603 162
f 624 633 634
f 33 34 216
f 730 1289 729
f 149 847 958
f 729 1856 1907
f 161 599 598
f 1601 1466 1467
f 1144 35 36
f 1599 1601 1600
f 1607 1610 849
f 599 604 605
f 1135 1884 1139
f 322 1909 1210
f 33 216 217
f 604 777 605
f 32 35 34
f 596 162 603
f 506 511 510
f 161 598 162
f 149 1803 148
f 1602 776 777
f 595 322 1210
f 589 594 588
f 1599 776 1602
f 1144 1875 1145
f 1465 1466 119
f 956 848 1610
f 589 595 594
f 32 36 35
f 588 597 596
f 316 1341 217
f 161 160 599
f 1808 313 148
f 1145 335 1909
f 1144 36 1875
f 1601 116 1466
f 599 160 604
f 956 958 847
f 1135 801 1884
f 32 34 33
f 316 315 1341
f 1599 1604 1601
f 604 1167 777
f 588 594 597
f 1602 777 1167
f 149 958 1803
f 119 1466 116
f 623 624 629
f 1907 1856 628
f 1599 1602 1603
f 335 1210 1909
f 151 161 162
f 730 1290 1289
f 623 629 628
f 157 162 596
f 1875 335 1145
f 1604 116 1601
f 1599 1603 1604
f 1808 148 1803
f 151 160 161
f 604 160 158
f 729 1289 1856
f 717 375 23
f 1208 595 1210
f 157 596 597
f 604 158 1167
f 32 37 36
f 315 313 1343
f 1208 594 595
f 33 217 218
f 1875 36 37
f 1607 1608 1609
f 800 801 373
f 217 1341 218
f 1602 1167 1606
f 151 162 157
f 1602 1606 1603
f 594 1212 597
f 1607 1609 1610
f 315 1342 1341
f 114 119 116
f 1608 1611 1612
f 32 33 39
f 1808 1343 313
f 152 158 160
f 152 160 151
f 115 116 1604
f 632 1611 633
f 157 597 1212
f 332 1210 335
f 818 1604 1603
f 1167 158 159
f 1208 1210 332
f 32 38 37
f 315 1343 1342
f 1875 336 335
f 1208 1211 594
f 1139 565 1290
f 956 1610 955
f 114 116 115
f 594 1211 1212
f 1167 159 1606
f 1875 37 285
f 818 1603 1606
f 625 633 624
f 32 39 38
f 818 115 1604
f 800 373 803
f 152 159 158
f 150 151 157
f 717 803 375
f 1842 218 1341
f 33 218 40
f 1842 1341 1342
f 150 152 151
f 1875 285 336
f 39 33 40
f 1608 1612 1609
f 954 958 956
f 1803 958 960
f 38 285 37
f 157 1212 1113
f 955 1610 1609
f 1808 1803 1809
f 331 332 335
f 1808 1810 1343
f 818 1606 816
f 632 1612 1611
f 331 335 336
f 159 816 1606
f 114 115 118
f 1208 332 1209
f 1113 1212 1211
f 1208 1209 1211
f 818 121 115
f 1139 1884 565
f 623 625 624
f 152 153 159
f 1342 1343 1843
f 39 41 38
f 114 118 117
f 150 153 152
f 118 115 121
f 150 157 156
f 625 632 633
f 627 628 1856
f 1842 1342 1843
f 954 956 955
f 1808 1809 1810
f 156 157 1113
f 24 1860 721
f 39 40 41
f 623 628 627
f 815 121 818
f 815 818 816
f 1803 960 1809
f 1842 1838 218
f 954 960 958
f 566 1289 1290
f 737 816 159
f 38 284 285
f 1838 40 218
f 336 285 289
f 153 737 159
f 1113 1211 1488
f 1209 1488 1211
f 1846 1343 1810
f 332 333 1209
f 331 333 332
f 38 41 284
f 331 336 289
f 118 121 122
f 150 154 153
f 1343 1841 1843
f 815 122 121
f 150 156 155
f 716 23 24
f 1840 1842 1843
f 284 289 285
f 150 155 154
f 1809 1846 1810
f 815 816 740
f 1855 1856 1289
f 287 41 40
f 1846 1841 1343
f 118 122 120
f 566 1290 565
f 737 740 816
f 156 1113 693
f 955 1609 1458
f 153 736 737
f 1840 1838 1842
f 153 154 736
f 1612 1629 1609
f 1113 1488 693
f 1710 1488 1209
f 815 817 122
f 721 1860 517
f 284 41 287
f 1710 1209 333
f 802 1884 801
f 331 334 333
f 331 289 334
f 1838 176 40
f 1840 1843 1841
f 815 740 817
f 954 955 959
f 349 155 156
f 632 797 1612
f 287 40 176
f 155 350 154
f 1195 120 122
f 735 737 736
f 735 740 737
f 349 156 693
f 1809 960 405
f 350 736 154
f 1195 122 817
f 623 626 625
f 1855 627 1856
f 954 404 960
f 284 288 289
f 1629 1458 1609
f 1809 410 1846
f 959 955 1458
f 800 802 801
f 349 350 155
f 284 287 286
f 1710 1706 1488
f 693 1488 1706
f 506 507 512
f 1710 333 1709
f 817 740 1198
f 175 1838 1840
f 1709 333 334
f 623 627 626
f 625 630 632
f 1887 1841 1846
f 1195 817 1198
f 735 736 355
f 1804 334 289
f 350 355 736
f 175 176 1838
f 1612 797 1629
f 735 738 740
f 284 286 288
f 1809 405 410
f 738 1198 740
f 1840 1841 1839
f 349 693 351
f 1804 289 288
f 404 405 960
f 346 350 349
f 954 959 957
f 172 287 176
f 1887 1846 410
f 566 558 1289
f 172 286 287
f 716 717 23
f 1705 1706 1710
f 693 1706 1017
f 1705 1710 1709
f 735 355 739
f 630 797 632
f 735 739 738
f 954 957 404
f 1195 1198 1197
f 346 349 351
f 1887 1839 1841
f 1195 1197 1196
f 347 355 350
f 1709 334 1770
f 175 1840 1839
f 1855 1289 558
f 351 693 1017
f 346 347 350
f 1804 1770 334
f 738 1437 1198
f 286 170 288
f 959 1458 1457
f 169 176 175
f 800 803 804
f 356 739 355
f 169 172 176
f 172 170 286
f 1437 1197 1198
f 1435 738 739
f 1705 1707 1706
f 565 1884 567
f 1707 1017 1706
f 347 356 355
f 1804 288 1671
f 717 804 803
f 1705 1709 1708
f 625 626 631
f 346 351 348
f 1629 1459 1458
f 1435 1437 738
f 1708 1709 1770
f 625 631 630
f 346 348 347
f 957 959 1457
f 1671 288 170
f 1435 739 356
f 1887 410 412
f 351 1017 354
f 406 410 405
f 563 566 565
f 1804 1805 1770
f 403 405 404
f 1855 1807 627
f 1707 1676 1017
f 175 1839 174
f 1887 412 1839
f 797 1630 1629
f 348 351 354
f 974 1197 1437
f 1804 1671 1805
f 1457 1458 1459
f 167 170 172
f 1705 1711 1707
f 169 175 174
f 347 352 356
f 167 172 169
f 354 1017 1676
f 1705 1708 1711
f 957 409 404
f 348 352 347
f 1435 1438 1437
f 626 627 1132
f 1435 356 1436
f 974 973 1197
f 802 567 1884
f 1708 1770 1624
f 406 412 410
f 403 406 405
f 974 1437 1438
f 1805 1624 1770
f 716 24 721
f 171 1671 170
f 630 798 797
f 1707 1675 1676
f 1629 1630 1459
f 356 352 1436
f 1435 1436 1438
f 403 404 409
f 1711 1675 1707
f 167 171 170
f 354 1676 1675
f 348 354 353
f 957 1457 1366
f 563 558 566
f 348 353 352
f 1671 1670 1805
f 1708 1622 1711
f 1132 627 1807
f 1708 1624 1622
f 1916 174 1839
f 167 169 168
f 1916 1839 412
f 169 174 168
f 957 1366 409
f 171 1670 1671
f 797 798 1630
f 974 1438 975
f 1805 1625 1624
f 563 565 567
f 630 631 799
f 1436 1133 1438
f 1436 352 1422
f 1673 354 1675
f 1130 631 626
f 1855 558 559
f 1457 1459 1460
f 1711 1623 1675
f 1673 353 354
f 836 974 975
f 1805 1670 1625
f 1711 1622 1623
f 167 173 171
f 1855 559 1807
f 1486 352 353
f 630 799 798
f 406 411 412
f 1438 1133 975
f 1436 1422 1133
f 1130 626 1132
f 1457 1460 1366
f 1620 1622 1624
f 1486 1422 352
f 800 805 802
f 167 168 173
f 403 409 408
f 403 407 406
f 1620 1624 1625
f 168 174 178
f 684 1670 171
f 836 975 838
f 1916 178 174
f 1673 1675 1674
f 1675 1623 1674
f 173 684 171
f 1673 743 353
f 1459 1630 1832
f 1670 1170 1625
f 1486 353 743
f 1621 1623 1622
f 1521 1916 412
f 705 409 1366
f 1621 1622 1620
f 406 407 411
f 398 975 1133
f 800 804 805
f 1486 1423 1422
f 1521 412 411
f 837 838 975
f 403 408 407
f 397 1133 1422
f 684 1170 1670
f 1459 1832 1460
f 408 409 705
f 1620 1625 1171
f 168 179 173
f 837 975 398
f 397 1422 1423
f 1486 1487 1423
f 168 178 177
f 1170 1171 1625
f 1754 1630 798
f 398 1133 397
f 1486 743 1487
f 1673 1674 742
f 1674 1623 1230
f 1673 742 743
f 1621 1230 1623
f 1365 1366 1460
f 682 684 173
f 1748 178 1916
f 631 1131 799
f 1619 1621 1620
f 1132 1807 612
f 717 718 804
f 1130 1131 631
f 1619 1620 1171
f 168 177 179
f 705 1366 1365
f 179 682 173
f 685 1170 684
f 1421 1423 1487
f 799 1751 798
f 397 1423 1421
f 1521 1523 1916
f 557 558 563
f 743 744 1487
f 1754 1832 1630
f 802 1552 567
f 837 398 399
f 559 612 1807
f 716 718 717
f 177 178 1748
f 1748 1916 1523
f 682 685 684
f 396 398 397
f 742 1674 619
f 1169 1171 1170
f 1674 1230 619
f 507 515 517
f 407 887 411
f 408 704 407
f 744 1421 1487
f 557 559 558
f 887 1521 411
f 408 705 704
f 741 743 742
f 1619 1231 1621
f 1621 1231 1230
f 1782 1460 1832
f 741 744 743
f 1169 1170 685
f 396 399 398
f 1619 1171 1172
f 1365 1460 1782
f 397 1421 401
f 1751 1754 798
f 1130 1132 613
f 179 177 683
f 396 397 401
f 1169 1172 1171
f 179 239 682
f 620 742 619
f 745 1421 744
f 805 1552 802
f 799 1131 1751
f 1619 1172 1231
f 620 741 742
f 515 721 517
f 682 234 685
f 621 619 1230
f 179 683 239
f 177 1748 1747
f 745 401 1421
f 741 745 744
f 705 1365 1364
f 621 1230 1231
f 396 400 399
f 888 1523 1521
f 563 567 564
f 1169 685 1173
f 239 234 682
f 705 1364 704
f 177 1747 683
f 1748 1523 1522
f 704 889 407
f 887 888 1521
f 407 889 887
f 613 1132 612
f 396 401 402
f 616 620 619
f 1130 613 1131
f 1169 1174 1172
f 685 234 1173
f 1782 1832 1917
f 396 402 400
f 616 619 621
f 620 622 741
f 1172 1698 1231
f 745 918 401
f 1748 1522 1747
f 741 746 745
f 1365 1782 1783
f 1169 1173 1174
f 1754 1755 1832
f 239 683 238
f 918 402 401
f 888 1522 1523
f 616 622 620
f 621 1231 1232
f 559 562 612
f 741 622 746
f 683 1747 238
f 1174 1698 1172
f 233 234 239
f 1365 1783 1364
f 916 918 745
f 916 745 746
f 557 563 564
f 1232 1231 1698
f 308 400 402
f 1755 1917 1832
f 1753 1754 1751
f 234 235 1173
f 233 239 238
f 1554 805 804
f 616 621 618
f 1782 1917 1783
f 557 562 559
f 704 1364 1367
f 898 402 918
f 704 1367 889
f 1844 1174 1173
f 886 888 887
f 233 235 234
f 621 1232 618
f 616 617 622
f 886 887 889
f 898 308 402
f 622 747 746
f 238 1747 1834
f 916 900 918
f 1554 804 718
f 1228 1751 1131
f 1522 1833 1747
f 1324 567 1552
f 916 746 917
f 1174 1889 1698
f 235 1844 1173
f 888 1298 1522
f 616 618 617
f 1753 1755 1754
f 900 898 918
f 622 617 747
f 917 746 747
f 1844 1889 1174
f 233 238 237
f 1232 1698 1688
f 916 917 900
f 611 613 612
f 1747 1833 1834
f 613 1229 1131
f 898 307 308
f 237 238 1834
f 1364 1783 1784
f 233 236 235
f 1688 1698 1889
f 564 567 1324
f 1522 1298 1833
f 1232 1689 618
f 1823 1783 1917
f 611 612 562
f 888 892 1298
f 886 892 888
f 1364 1784 1367
f 897 898 900
f 1228 1753 1751
f 1755 1823 1917
f 235 1845 1844
f 233 237 236
f 917 747 919
f 900 917 899
f 1367 893 889
f 618 1656 617
f 1232 1688 1689
f 716 721 720
f 897 307 898
f 886 889 893
f 1542 747 617
f 1228 1131 1229
f 1844 1890 1889
f 235 236 1845
f 897 900 899
f 917 919 899
f 618 1689 1656
f 919 747 1542
f 1844 1845 1890
f 1243 237 1834
f 1542 617 1656
f 1243 1834 1833
f 1548 1552 805
f 1688 1889 1690
f 897 309 307
f 1296 1298 892
f 1833 1298 1299
f 166 307 309
f 1890 1690 1889
f 1239 236 237
f 1924 1783 1823
f 1924 1784 1783
f 557 560 562
f 1753 1756 1755
f 886 890 892
f 1687 1689 1688
f 919 1543 899
f 1821 1823 1755
f 897 899 901
f 1367 1784 1394
f 919 1542 1543
f 1845 236 1242
f 1296 1299 1298
f 1239 237 1243
f 1367 1394 893
f 1687 1688 1690
f 897 901 309
f 1243 1833 1700
f 1689 574 1656
f 557 564 561
f 1542 1656 1657
f 1845 1905 1890
f 1700 1833 1299
f 1296 892 890
f 613 1226 1229
f 1543 901 899
f 1239 1242 236
f 611 614 613
f 886 893 891
f 1821 1755 1756
f 1890 1911 1690
f 1687 574 1689
f 1845 1242 1905
f 1228 1752 1753
f 1548 1324 1552
f 886 891 890
f 1543 1542 1544
f 574 1657 1656
f 1905 1911 1890
f 1542 1657 1544
f 1547 805 1554
f 716 719 718
f 309 901 902
f 611 562 615
f 1239 1243 1241
f 1296 1297 1299
f 1753 1752 1756
f 557 561 560
f 1924 1823 1822
f 1924 972 1784
f 1296 890 1297
f 1821 1822 1823
f 1543 1545 901
f 1224 1228 1229
f 1687 1690 1279
f 613 614 1226
f 1394 1784 972
f 1239 1240 1242
f 1243 1700 885
f 1699 1700 1299
f 1279 1690 1911
f 1543 1544 1545
f 1392 893 1394
f 1687 572 574
f 1905 1242 1044
f 1241 1243 885
f 1239 1241 1240
f 615 562 560
f 1392 891 893
f 1699 1299 1297
f 574 573 1657
f 902 901 1613
f 1544 1657 573
f 1905 1043 1911
f 1548 805 1547
f 1687 1279 572
f 1613 901 1545
f 1240 1044 1242
f 1699 885 1700
f 1224 1229 1226
f 1554 718 1553
f 1821 1756 1184
f 1043 1279 1911
f 611 615 614
f 891 1858 890
f 1905 1044 1043
f 1858 1297 890
f 1544 1658 1545
f 1321 564 1324
f 568 574 572
f 1228 1227 1752
f 568 573 574
f 1821 1184 1822
f 969 1924 1822
f 969 972 1924
f 1544 573 1658
f 1497 902 1613
f 1241 884 1240
f 1224 1227 1228
f 971 1394 972
f 1183 1756 1752
f 1241 885 884
f 1392 1394 971
f 1699 1297 753
f 1613 1545 1899
f 1699 755 885
f 561 564 1321
f 1183 1184 1756
f 571 572 1279
f 1240 883 1044
f 1899 1545 1658
f 716 720 719
f 1392 1395 891
f 753 1297 1858
f 568 569 573
f 1043 1040 1279
f 568 572 571
f 1240 884 883
f 891 1395 1858
f 1038 1043 1044
f 573 576 1658
f 1699 753 755
f 1497 1613 1433
f 569 576 573
f 756 884 885
f 1548 1323 1324
f 1226 614 112
f 756 885 755
f 1613 1899 1433
f 571 1279 1040
f 967 972 969
f 1038 1044 883
f 568 570 569
f 1899 1658 1900
f 561 1322 560
f 1184 968 1822
f 967 971 972
f 969 1822 968
f 113 1224 1226
f 615 560 1322
f 1658 576 1900
f 1547 1554 1553
f 1038 1040 1043
f 568 571 570
f 1183 1752 1185
f 1185 1752 1227
f 1392 971 1393
f 570 576 569
f 1392 1393 1395
f 753 1858 750
f 880 883 884
f 722 721 515
f 1899 1900 502
f 1899 503 1433
f 752 755 753
f 718 719 1553
f 111 614 615
f 880 884 756
f 1321 1324 1323
f 720 721 722
f 113 1226 112
f 1225 1227 1224
f 1182 1184 1183
f 1920 1858 1395
f 1899 502 503
f 752 756 755
f 570 577 576
f 1900 576 500
f 1036 1040 1038
f 1038 883 881
f 966 967 969
f 570 571 575
f 571 1040 1200
f 966 969 968
f 502 1900 500
f 752 753 750
f 1920 750 1858
f 111 112 614
f 577 500 576
f 1182 968 1184
f 967 970 971
f 379 1433 503
f 113 1225 1224
f 880 881 883
f 1393 971 970
f 1182 1183 1185
f 570 575 577
f 1036 1038 1037
f 1036 1039 1040
f 380 1433 379
f 575 571 1200
f 497 503 502
f 880 756 754
f 752 754 756
f 1037 1038 881
f 1393 1397 1395
f 561 1321 1320
f 1039 1200 1040
f 561 1320 1322
f 497 502 500
f 989 1185 1227
f 506 508 507
f 1920 1395 1397
f 497 379 503
f 615 1322 1869
f 508 515 507
f 1546 1548 1547
f 577 499 500
f 1036 1037 1039
f 1225 989 1227
f 966 726 967
f 575 499 577
f 880 882 881
f 966 968 727
f 111 615 1869
f 726 970 967
f 748 752 750
f 496 497 500
f 1920 749 750
f 1546 1323 1548
f 497 381 379
f 880 754 680
f 109 113 112
f 496 500 499
f 907 575 1200
f 1037 881 1042
f 752 677 754
f 1393 970 1396
f 1037 1041 1039
f 376 379 381
f 1199 1200 1039
f 880 680 882
f 1393 1396 1397
f 1182 363 968
f 966 727 726
f 748 750 749
f 1182 1185 990
f 906 499 575
f 109 112 111
f 881 882 1042
f 1920 1397 1874
f 748 677 752
f 968 363 727
f 113 20 1225
f 907 1200 1199
f 906 575 907
f 496 498 497
f 1920 1874 749
f 497 498 381
f 1037 1042 1041
f 990 1185 989
f 1199 1039 1041
f 754 677 680
f 376 381 378
f 496 499 501
f 1547 1553 1549
f 1225 21 989
f 109 20 113
f 498 378 381
f 906 501 499
f 1321 1323 1326
f 726 724 970
f 680 681 882
f 496 501 498
f 1042 882 681
f 1397 1396 1873
f 1396 970 724
f 1397 1873 1874
f 907 1199 909
f 906 907 909
f 748 749 93
f 1041 1042 1429
f 1199 1041 1429
f 1320 1327 1322
f 1327 1869 1322
f 1225 20 21
f 748 751 677
f 358 726 727
f 1874 93 749
f 1182 361 363
f 675 680 677
f 1321 1325 1320
f 1182 990 361
f 498 377 378
f 358 727 363
f 675 681 680
f 906 908 501
f 111 1869 1766
f 748 93 751
f 109 111 110
f 1546 1547 1549
f 906 909 908
f 19 990 989
f 1042 681 1432
f 1199 1430 909
f 498 501 504
f 358 724 726
f 1042 1432 1429
f 1199 1429 1430
f 19 989 21
f 92 1874 1873
f 676 677 751
f 1546 1326 1323
f 92 93 1874
f 498 504 377
f 675 677 676
f 1923 1873 1396
f 720 723 719
f 1923 1396 724
f 908 1491 501
f 1321 1326 1325
f 504 501 1491
f 111 1766 110
f 1193 751 93
f 908 909 1492
f 719 1759 1553
f 675 678 681
f 109 16 20
f 1430 1492 909
f 1193 676 751
f 678 1432 681
f 1327 1766 1869
f 1320 1325 1327
f 357 358 363
f 357 363 361
f 652 1430 1429
f 92 1873 91
f 652 1429 1432
f 10 21 20
f 361 990 988
f 377 504 1405
f 89 93 92
f 19 988 990
f 109 110 16
f 1923 91 1873
f 908 1339 1491
f 358 725 724
f 675 676 679
f 908 1492 1339
f 504 1491 1340
f 1193 93 94
f 720 722 723
f 10 19 21
f 675 679 678
f 650 1492 1430
f 1193 1194 676
f 1549 1553 1759
f 1923 724 1496
f 89 94 93
f 89 92 91
f 1491 1339 1340
f 652 650 1430
f 678 1431 1432
f 10 20 16
f 652 1432 1431
f 1405 504 1121
f 504 1340 1121
f 676 1194 679
f 1339 1492 644
f 725 1496 724
f 1193 94 1194
f 644 1492 650
f 357 361 360
f 357 359 358
f 1923 1850 91
f 361 988 360
f 358 359 725
f 1120 1340 1339
f 14 988 19
f 1877 678 679
f 10 14 19
f 1339 644 645
f 1923 1496 1850
f 89 95 94
f 1120 1121 1340
f 1877 1431 678
f 89 91 90
f 1405 1121 326
f 1546 1549 1551
f 647 650 652
f 652 1431 654
f 15 110 1766
f 1546 1550 1326
f 1893 679 1194
f 1120 1339 645
f 643 644 650
f 15 16 110
f 94 97 1194
f 1327 1765 1766
f 647 652 654
f 90 91 1850
f 89 90 95
f 1327 1325 1802
f 643 645 644
f 506 510 509
f 95 97 94
f 643 650 647
f 330 1121 1120
f 1893 1894 679
f 1877 679 1894
f 357 360 362
f 878 1496 725
f 1893 1194 97
f 330 326 1121
f 357 362 359
f 1763 654 1431
f 1763 1431 1877
f 1335 1325 1326
f 359 878 725
f 1120 645 648
f 722 515 513
f 9 10 16
f 988 13 360
f 14 13 988
f 879 1850 1496
f 643 648 645
f 647 654 653
f 1546 1551 1550
f 15 1766 1765
f 1118 330 1120
f 95 90 96
f 8 14 10
f 643 647 646
f 653 654 1763
f 95 96 97
f 327 326 330
f 1118 1120 648
f 878 879 1496
f 1327 1802 1765
f 90 1850 1851
f 1877 1894 1908
f 1893 1315 1894
f 1893 97 1315
f 1763 1877 1876
f 723 1307 719
f 9 16 15
f 719 1307 1759
f 643 649 648
f 647 653 651
f 643 646 649
f 359 362 1192
f 647 651 646
f 1877 1908 1876
f 879 1851 1850
f 1826 362 360
f 1549 1759 1758
f 90 1852 96
f 1550 1335 1326
f 1315 1908 1894
f 1335 1802 1325
f 329 330 1118
f 359 877 878
f 653 1763 283
f 8 10 9
f 327 330 329
f 90 1851 1852
f 8 13 14
f 1549 1758 1551
f 96 1314 97
f 1118 648 1119
f 1826 360 13
f 1314 1315 97
f 651 653 283
f 1763 1876 282
f 359 1192 877
f 648 649 495
f 649 646 489
f 651 489 646
f 283 1763 282
f 1826 1192 362
f 508 513 515
f 329 1118 1119
f 648 495 1119
f 1876 1908 1897
f 327 329 328
f 96 1852 1853
f 203 879 878
f 1315 1319 1908
f 649 489 495
f 96 1853 1314
f 879 204 1851
f 1876 1897 282
f 279 651 283
f 203 878 877
f 15 1765 1764
f 1852 1851 1526
f 1319 1897 1908
f 279 489 651
f 1313 1315 1314
f 9 15 17
f 8 12 13
f 1313 1319 1315
f 1852 1526 1853
f 329 1114 328
f 273 283 282
f 329 1119 1115
f 203 204 879
f 494 1119 495
f 204 1526 1851
f 487 495 489
f 273 279 283
f 877 1192 876
f 1826 876 1192
f 1314 1853 1520
f 1825 1826 13
f 1765 1802 1555
f 329 1115 1114
f 275 282 1897
f 15 1764 17
f 1837 1897 1319
f 1775 723 722
f 1550 1551 1801
f 494 1115 1119
f 8 9 11
f 280 489 279
f 487 494 495
f 1313 1314 1317
f 1520 1853 1526
f 273 282 275
f 1335 1336 1802
f 280 487 489
f 1825 13 12
f 1314 1520 1317
f 211 203 877
f 1313 1318 1319
f 275 1897 1837
f 8 11 12
f 1318 1837 1319
f 1550 1333 1335
f 274 279 273
f 1551 1758 1801
f 211 877 876
f 1764 1765 1555
f 1308 1758 1759
f 274 280 279
f 1826 1828 876
f 487 492 494
f 200 204 203
f 364 1114 1115
f 9 17 18
f 205 1526 204
f 494 1175 1115
f 1825 1828 1826
f 1313 1317 1316
f 1313 1316 1318
f 1520 1526 472
f 1336 1555 1802
f 272 273 275
f 492 1175 494
f 280 488 487
f 936 275 1837
f 9 18 11
f 202 203 211
f 1308 1759 1307
f 473 1317 1520
f 1318 936 1837
f 272 274 273
f 488 492 487
f 364 1115 366
f 366 1115 1175
f 200 203 202
f 200 205 204
f 205 472 1526
f 1550 1801 1333
f 1764 1820 17
f 1825 12 1586
f 274 281 280
f 473 1316 1317
f 473 1520 472
f 11 1586 12
f 280 281 488
f 211 876 505
f 492 493 1175
f 1316 935 1318
f 278 275 936
f 1775 1307 723
f 272 275 278
f 1318 935 936
f 488 493 492
f 17 1820 18
f 876 1828 1160
f 1775 722 513
f 1329 1336 1335
f 164 364 366
f 202 211 209
f 272 276 274
f 365 366 1175
f 1825 1827 1828
f 274 276 281
f 164 165 364
f 1329 1335 1333
f 365 1175 493
f 473 474 1316
f 488 281 491
f 505 876 1160
f 209 211 505
f 1764 1555 1252
f 200 206 205
f 1825 1586 1587
f 200 202 201
f 1316 474 935
f 205 414 472
f 164 366 365
f 488 490 493
f 1764 1252 1820
f 931 936 935
f 466 473 472
f 931 278 936
f 488 491 490
f 1828 1827 1160
f 272 278 277
f 1584 1586 11
f 1512 1801 1758
f 272 277 276
f 201 202 209
f 1825 1587 1827
f 365 493 905
f 491 281 904
f 1583 11 18
f 276 904 281
f 1334 1555 1336
f 200 201 206
f 206 414 205
f 490 905 493
f 466 474 473
f 1308 1512 1758
f 466 472 414
f 491 904 490
f 934 935 474
f 18 1820 1247
f 164 365 163
f 1584 1587 1586
f 209 505 210
f 931 935 934
f 1583 1584 11
f 931 932 278
f 932 277 278
f 365 905 855
f 1329 1334 1336
f 276 277 1489
f 201 209 210
f 1157 505 1160
f 276 1489 904
f 45 164 163
f 490 855 905
f 1338 1333 1801
f 1159 1160 1827
f 1252 1247 1820
f 490 904 854
f 365 855 163
f 206 413 414
f 1251 1252 1555
f 466 468 474
f 1583 18 1247
f 1864 1827 1587
f 201 207 206
f 210 505 1157
f 506 445 508
f 934 474 468
f 1334 1251 1555
f 490 854 855
f 1329 1333 1331
f 1304 1308 1307
f 931 934 933
f 465 466 414
f 931 933 932
f 1157 1160 1159
f 1584 1588 1587
f 932 938 277
f 1489 277 938
f 206 207 413
f 1489 949 904
f 45 163 44
f 1864 1159 1827
f 854 904 949
f 201 210 208
f 465 414 413
f 861 163 855
f 1512 1508 1801
f 1331 1333 1338
f 1864 1587 1588
f 464 468 466
f 201 208 207
f 1338 1801 1508
f 464 466 465
f 934 468 940
f 851 855 854
f 933 934 940
f 44 163 857
f 861 857 163
f 1329 1332 1334
f 1583 1585 1584
f 932 933 937
f 932 937 938
f 1489 938 1490
f 1489 1490 949
f 1246 1247 1252
f 210 1157 1158
f 856 861 855
f 413 207 471
f 1584 1585 1588
f 853 854 949
f 465 413 471
f 851 856 855
f 1246 1252 1251
f 1157 1159 1161
f 1864 1634 1159
f 851 854 853
f 1301 1512 1308
f 210 1158 208
f 1583 1247 1249
f 1303 1307 1775
f 464 469 468
f 856 857 861
f 44 857 43
f 1864 1588 1635
f 1329 1331 1330
f 469 940 468
f 933 940 939
f 208 1819 207
f 933 939 937
f 1334 1556 1251
f 1490 950 949
f 1490 938 1413
f 853 949 950
f 937 1413 938
f 464 465 467
f 1634 1161 1159
f 207 1819 471
f 1157 1161 1158
f 1329 1330 1332
f 1304 1301 1308
f 1864 1635 1634
f 1583 1249 1585
f 1304 1307 1303
f 1334 1332 1556
f 851 853 852
f 1585 1635 1588
f 851 852 856
f 1331 1338 1337
f 465 471 470
f 856 858 857
f 43 857 858
f 508 514 513
f 464 467 469
f 1244 1247 1246
f 939 940 1683
f 469 1683 940
f 465 470 467
f 1244 1249 1247
f 1490 1574 950
f 853 950 912
f 1158 1572 208
f 1490 1413 1574
f 208 1572 1819
f 853 912 852
f 937 939 1414
f 937 1414 1413
f 856 852 860
f 1331 1337 1330
f 856 859 858
f 1819 1892 471
f 1505 1508 1512
f 43 858 42
f 1503 1338 1508
f 470 471 1892
f 1095 1161 1634
f 856 860 859
f 1246 1251 1250
f 950 911 912
f 1095 1634 1635
f 950 1574 911
f 1775 513 1777
f 1158 1161 1094
f 939 1683 1275
f 467 638 469
f 1250 1251 1556
f 1556 1332 1927
f 1585 1633 1635
f 915 852 912
f 1276 1683 469
f 1503 1337 1338
f 1330 1927 1332
f 1872 1574 1413
f 1505 1512 1301
f 915 860 852
f 939 1275 1414
f 467 470 637
f 257 858 859
f 1572 1880 1819
f 1872 1413 1414
f 1570 1572 1158
f 910 912 911
f 257 42 858
f 1249 1712 1585
f 1819 1880 1892
f 1094 1161 1095
f 1276 469 638
f 914 911 1574
f 910 915 912
f 1244 1246 1245
f 1276 1275 1683
f 467 637 638
f 1762 859 860
f 1095 1635 1633
f 1570 1158 1094
f 470 1892 1913
f 1244 1248 1249
f 1872 914 1574
f 915 1762 860
f 910 911 914
f 257 859 1762
f 470 1913 637
f 1585 1712 1633
f 1503 1508 1505
f 506 509 445
f 1246 1250 1245
f 1506 1330 1337
f 255 42 257
f 1572 1573 1880
f 1273 1414 1275
f 1570 1573 1572
f 910 913 915
f 1300 1301 1304
f 1872 1414 1480
f 1556 1927 1831
f 1892 1880 1792
f 1272 1275 1276
f 1249 1248 1712
f 910 914 913
f 640 1276 638
f 1250 1556 1831
f 1913 1892 1792
f 1244 1245 1248
f 1330 1663 1927
f 1470 1762 915
f 635 638 637
f 1273 1480 1414
f 256 257 1762
f 1503 1506 1337
f 1871 914 1872
f 1272 1273 1275
f 1300 1304 1303
f 1470 915 913
f 1088 1094 1095
f 255 257 256
f 635 640 638
f 1095 1633 1092
f 637 1913 639
f 1570 1094 1090
f 1871 1872 1480
f 1272 1276 641
f 1870 913 914
f 1506 1663 1330
f 641 1276 640
f 1790 1880 1573
f 635 637 639
f 1570 1571 1573
f 1790 1792 1880
f 1468 1762 1470
f 1870 914 1871
f 1468 256 1762
f 1927 1663 1831
f 1913 1792 1793
f 1712 1713 1633
f 1088 1095 1092
f 1470 913 1469
f 513 514 1777
f 1088 1090 1094
f 255 256 258
f 1505 1301 1302
f 1913 1793 639
f 1272 1274 1273
f 1870 1469 913
f 1475 1480 1273
f 1570 1090 1571
f 1286 1245 1250
f 1571 1790 1573
f 1713 1092 1633
f 635 636 640
f 1871 1480 1479
f 1272 641 1274
f 1250 1831 1288
f 953 1248 1245
f 636 641 640
f 1712 1248 254
f 229 1470 1469
f 229 1468 1470
f 1300 1302 1301
f 1274 1475 1273
f 1503 1505 1504
f 1303 1775 1310
f 1789 1792 1790
f 508 445 514
f 1789 1793 1792
f 1475 1479 1480
f 1503 1507 1506
f 635 639 7
f 1468 260 256
f 258 256 260
f 1870 1871 1798
f 1712 1714 1713
f 1870 228 1469
f 635 7 636
f 1286 1250 1288
f 1871 1479 1798
f 1086 1090 1088
f 1712 254 1714
f 6 639 1793
f 1286 953 1245
f 229 1469 228
f 1571 264 1790
f 1087 1088 1092
f 229 230 1468
f 1274 641 642
f 953 254 1248
f 1870 1798 228
f 636 642 641
f 1274 1476 1475
f 1789 1791 1793
f 1090 268 1571
f 258 260 259
f 7 639 6
f 1468 230 260
f 1503 1504 1507
f 1704 1831 1663
f 1310 1775 1777
f 6 1793 1791
f 1475 1478 1479
f 1789 1790 265
f 1086 1088 1087
f 1713 1093 1092
f 1506 1664 1663
f 1300 1303 1306
f 1086 268 1090
f 1475 1476 1478
f 1505 1302 1511
f 227 229 228
f 265 1790 264
f 1713 1714 252
f 1704 1288 1831
f 1571 268 264
f 227 230 229
f 1479 1930 1798
f 636 7 2
f 1274 1477 1476
f 1504 1505 1511
f 1087 1092 1093
f 1789 1456 1791
f 1420 228 1798
f 1274 642 1477
f 1478 1930 1479
f 636 2 642
f 254 252 1714
f 1919 260 230
f 1506 1507 1664
f 1922 259 260
f 1456 6 1791
f 1789 265 1456
f 1713 252 1093
f 1478 1476 1477
f 1 7 6
f 1797 1798 1930
f 1420 1798 1797
f 227 228 232
f 1919 1922 260
f 1 2 7
f 227 231 230
f 1086 1087 1089
f 232 228 1420
f 1704 1663 1664
f 1286 952 953
f 1286 1288 1287
f 1086 1089 268
f 231 1919 230
f 253 254 953
f 1478 1813 1930
f 261 265 264
f 1456 5 6
f 261 264 268
f 642 1896 1477
f 1300 1305 1302
f 1811 1478 1477
f 1 6 5
f 2 223 642
f 1087 1093 1091
f 227 232 231
f 1797 1930 1799
f 248 252 254
f 1420 1797 1419
f 1303 1310 1306
f 1287 1288 1704
f 1456 265 266
f 1811 1813 1478
f 1087 1091 1089
f 1813 1799 1930
f 223 1896 642
f 232 1420 1419
f 1918 1922 1919
f 1504 1509 1507
f 231 1918 1919
f 1286 1287 952
f 253 953 952
f 1419 1797 1799
f 1 3 2
f 249 1093 252
f 1300 1306 1305
f 261 266 265
f 248 254 253
f 1812 1477 1896
f 1811 1477 1812
f 3 223 2
f 1089 267 268
f 225 5 1456
f 1509 1664 1507
f 1302 1682 1511
f 261 268 267
f 1415 231 232
f 1504 1511 1510
f 225 1456 266
f 1462 1091 1093
f 1918 1029 1922
f 1661 1799 1813
f 248 249 252
f 1811 1661 1813
f 1 5 4
f 232 1419 1416
f 1418 1918 231
f 223 1883 1896
f 249 1462 1093
f 1419 1799 1445
f 1089 1091 1569
f 1 4 3
f 1883 1812 1896
f 1415 1418 231
f 1415 232 1416
f 1302 1305 1682
f 1811 1812 1660
f 261 262 266
f 1702 1704 1664
f 1287 1704 1703
f 4 5 225
f 1504 1510 1509
f 1661 1445 1799
f 3 222 223
f 1811 1660 1661
f 1918 1028 1029
f 1416 1419 1445
f 1418 1028 1918
f 1089 1569 267
f 952 1287 1047
f 222 1883 223
f 1462 1569 1091
f 225 266 269
f 253 952 951
f 261 267 263
f 261 263 262
f 1510 1511 1682
f 1883 1738 1812
f 248 253 251
f 262 269 266
f 1660 1812 1738
f 219 3 4
f 1702 1703 1704
f 1776 1777 514
f 219 222 3
f 1024 1029 1028
f 510 444 509
f 248 250 249
f 1415 1417 1418
f 1661 1662 1445
f 1415 1416 1371
f 4 225 224
f 1027 1028 1418
f 951 952 1047
f 1443 1661 1660
f 1416 1445 1372
f 249 1463 1462
f 225 269 224
f 1024 1025 1029
f 1509 1701 1664
f 1462 1672 1569
f 251 253 951
f 1024 1028 1027
f 1659 1660 1738
f 1287 1703 1830
f 1027 1418 1417
f 1443 1662 1661
f 1693 1883 222
f 1415 1371 1417
f 1287 1830 1047
f 1693 1738 1883
f 1310 1777 1776
f 248 251 250
f 1568 267 1569
f 1416 1372 1371
f 1443 1660 1659
f 263 267 271
f 1662 1835 1445
f 219 4 220
f 1309 1305 1306
f 1702 1664 1701
f 219 221 222
f 1462 1463 1672
f 249 250 1463
f 1445 1835 1372
f 262 263 270
f 262 270 269
f 4 224 226
f 1309 1306 1310
f 221 1693 222
f 224 269 1464
f 271 267 1568
f 1659 1738 1442
f 4 226 220
f 1024 1027 1026
f 1024 1026 1025
f 219 220 221
f 1443 1444 1662
f 1509 1510 1800
f 1443 1659 1442
f 1030 1027 1417
f 1442 1738 1693
f 1569 1672 1045
f 263 271 270
f 1662 1444 1835
f 1149 1417 1371
f 270 1464 269
f 951 1047 1046

