# https://github.com/mikedh/trimesh
v -0.11807172 0.40612471 -0.40473341
v -0.11360668 0.40834923 -0.41807340
v -0.11757432 0.40005987 -0.39229839
v -0.00340327 0.42551834 -0.59832729
v -0.02644541 0.43133672 -0.58535335
v 0.00486738 0.42194144 -0.60739565
v -0.06699552 0.43263864 -0.53554484
v -0.09406930 0.41458995 -0.46395798
v -0.10238684 0.41523490 -0.45256249
v -0.06893073 0.42257175 -0.50876415
v -0.14660988 0.39600959 -0.32098616
v -0.13324118 0.39535288 -0.34600491
v -0.10931779 0.41021076 -0.42993697
v -0.04136391 0.43491662 -0.57484405
v -0.07404763 0.43138861 -0.52419448
v -0.05361513 0.43638328 -0.56644345
v -0.53928674 0.34193522 -0.57942014
v -0.53111025 0.35126268 -0.57480183
v -0.54483079 0.34151735 -0.56712510
v -0.54714000 0.33431402 -0.57913259
v -0.80949027 0.04462839 -0.32171514
v -0.81070925 0.04694190 -0.30936433
v -0.81212266 0.03872195 -0.30983639
v -0.80631765 0.05369204 -0.33286864
v -0.80783999 0.04702065 -0.33172684
v -0.30022254 0.55303391 -0.49981616
v -0.29304443 0.55960234 -0.48933028
v -0.28547058 0.56537719 -0.48025886
v -0.65396642 0.23053166 -0.52430838
v -0.66293712 0.22074221 -0.51458266
v -0.67139054 0.21093808 -0.50634348
v -0.76795909 0.10280779 -0.42132006
v -0.76056033 0.11389312 -0.42514002
v -0.77417021 0.09942150 -0.41221694
v -0.78048772 0.09068787 -0.40546060
v -0.42635535 0.44485846 -0.55879989
v -0.40502410 0.46096308 -0.55881988
v -0.41469649 0.44946297 -0.56727925
v -0.43480382 0.43689049 -0.56208331
v -0.42712437 0.43860721 -0.57030377
v -0.37555587 0.48201710 -0.55484275
v -0.37908718 0.48694979 -0.53891766
v -0.39231511 0.47278856 -0.55004710
v -0.36639256 0.49249802 -0.54825470
v -0.36562999 0.49987181 -0.53476502
v -0.80258958 0.06219339 -0.35232774
v -0.80441242 0.05504111 -0.34634366
v -0.48353598 0.38795424 -0.58044045
v -0.47908925 0.39468214 -0.57368907
v -0.49187637 0.38467504 -0.57356885
v -0.47332865 0.39065320 -0.58578353
v -0.48752468 0.37899759 -0.58673191
v -0.46495107 0.40375991 -0.57734383
v -0.50574077 0.37417594 -0.57272945
v -0.49781159 0.37731405 -0.57990587
v -0.51225194 0.36658831 -0.57801063
v -0.50336868 0.36858906 -0.58460194
v -0.51918649 0.36360427 -0.56941164
v -0.51754170 0.35732084 -0.58332544
v -0.78755813 0.08168056 -0.39579669
v -0.78949988 0.08211070 -0.38393173
v -0.78142201 0.08203924 -0.40435696
v -0.77854653 0.08741210 -0.41060892
v -0.77451993 0.09317025 -0.41534848
v -0.25536305 0.58279443 -0.40124599
v -0.25296867 0.57922542 -0.39275354
v -0.26166984 0.57880931 -0.39050525
v -0.26288496 0.58174920 -0.40542895
v -0.25321691 0.58614762 -0.41410356
v -0.58874664 0.29901050 -0.55713871
v -0.60083841 0.28539425 -0.55811235
v -0.60949233 0.27927037 -0.54795158
v -0.57974741 0.30646698 -0.56644955
v -0.59369043 0.28874965 -0.56606084
v -0.58409003 0.29576522 -0.57164834
v -0.60973895 0.27482218 -0.55953310
v -0.26870336 0.57937773 -0.45195841
v -0.56117034 0.32010175 -0.57784555
v -0.56859295 0.31720966 -0.56829013
v -0.56468765 0.31004948 -0.58146001
v -0.55608212 0.32829035 -0.57353352
v -0.55123884 0.32195065 -0.58536849
v -0.72785354 0.13962826 -0.46517354
v -0.72287972 0.14988467 -0.46936436
v -0.72031719 0.14165942 -0.47456447
v -0.73544046 0.13499036 -0.45336503
v -0.73037351 0.13030917 -0.46188454
v -0.71689423 0.15086592 -0.47803529
v -0.71559352 0.16057174 -0.47324614
v -0.29464694 0.55293863 -0.50614998
v -0.28800137 0.55651934 -0.50068583
v -0.30813864 0.54664113 -0.50682368
v -0.29952574 0.54809129 -0.51093696
v -0.46097451 0.41287186 -0.56613351
v -0.44989143 0.42131625 -0.56814476
v -0.25316021 0.58850846 -0.42916748
v -0.25978891 0.58415116 -0.44247040
v -0.80015547 0.06543365 -0.36106498
v -0.79293258 0.07640665 -0.36712669
v -0.80214991 0.05865903 -0.35745858
v -0.69868762 0.17783304 -0.49026836
v -0.70493164 0.16939265 -0.48704173
v -0.63770054 0.24695673 -0.54410088
v -0.62945467 0.25902167 -0.53842470
v -0.63253519 0.24842828 -0.55263685
v -0.62727422 0.25715989 -0.55190069
v -0.64736890 0.23578501 -0.53837314
v -0.64243686 0.23799027 -0.54615566
v -0.27795995 0.57102153 -0.47029855
v -0.27350599 0.56626242 -0.48243379
v -0.28318581 0.56241665 -0.49034769
v -0.27022679 0.57162121 -0.47303774
v -0.26768738 0.57568123 -0.46390450
v -0.62044901 0.26832868 -0.54366740
v -0.74388427 0.12263898 -0.44591368
v -0.73492307 0.12269855 -0.45510119
v -0.26317274 0.56986200 -0.35722803
v -0.25791717 0.56978511 -0.35695421
v -0.25629773 0.56633233 -0.35037402
v -0.26475363 0.56635508 -0.34074199
v -0.26132097 0.57428035 -0.37497299
v -0.25483880 0.56942239 -0.36434723
v -0.68470389 0.18827506 -0.50612570
v -0.69012619 0.18938720 -0.49310821
v -0.69232358 0.17711103 -0.50053572
v -0.68060834 0.20028020 -0.49954868
v -0.67723467 0.19923183 -0.51302369
v -0.25663681 0.57753931 -0.38464029
v -0.75295275 0.11836427 -0.43603301
v -0.75032566 0.11267174 -0.44050311
v -0.61715235 0.26823727 -0.55583099
v -0.75784943 0.10675445 -0.43235462
v -0.75496942 0.11265701 -0.43738292
v -0.67012971 0.20755372 -0.52012093
v -0.66173509 0.21845365 -0.52592896
v -0.24872503 0.59004353 -0.42804624
v -0.24719053 0.58748731 -0.43149260
v -0.24800776 0.58856914 -0.42359658
v -0.24986207 0.58944367 -0.43306815
v -0.25108860 0.58695655 -0.43812021
v -0.79079105 0.07720619 -0.39052533
v -0.35268462 0.50930631 -0.53624698
v -0.34884761 0.51696212 -0.52369048
v -0.34403622 0.51722648 -0.53300776
v -0.33961704 0.52251012 -0.52718116
v -0.45491782 0.41355889 -0.57568208
v -0.44296897 0.41806654 -0.58061966
v -0.43842477 0.42948178 -0.57069399
v -0.57514805 0.30602522 -0.57436928
v -0.65384954 0.22235292 -0.53720613
v -0.65000017 0.22941274 -0.54127380
v -0.64521570 0.22915968 -0.54606383
v -0.79211831 0.07290010 -0.38128526
v -0.79629051 0.06583463 -0.36997804
v -0.27244396 0.56239663 -0.31853741
v -0.27197333 0.55968366 -0.30835584
v -0.62603708 0.24954434 -0.55845592
v -0.62590486 0.25540989 -0.55740446
v -0.62139289 0.25853024 -0.55956336
v -0.40080837 0.45658682 -0.57039464
v -0.39413696 0.46539900 -0.56379100
v -0.32582367 0.53383649 -0.51641266
v -0.33787734 0.52635736 -0.51613656
v -0.31825522 0.53765246 -0.51698440
v -0.31829768 0.54057163 -0.50777099
v -0.31863487 0.53263685 -0.52455862
v -0.33007648 0.52726806 -0.52627508
v -0.70829085 0.15747624 -0.48623534
v -0.80020099 0.06138345 -0.36378404
v -0.27312310 0.56412736 -0.33153608
v -0.30911294 0.54013607 -0.51754805
v -0.35813923 0.50093590 -0.54447568
v -0.26502944 0.56350820 -0.32562726
v -0.26136325 0.58022655 -0.45440973
v -0.69969422 0.16675169 -0.49494835
v -0.80616734 0.04887764 -0.33803451
v -0.26641516 0.56123244 -0.31465455
v -0.31063774 0.49930332 -0.55779489
v -0.31696053 0.48693914 -0.56673970
v -0.29994506 0.48973377 -0.56472122
v -0.31969113 0.51037082 -0.54834720
v -0.32600406 0.49832445 -0.55774891
v -0.29811537 0.50028331 -0.55705345
v -0.30406584 0.50927410 -0.55007869
v -0.16883562 0.44244215 -0.37430849
v -0.17810280 0.45363118 -0.37219691
v -0.17294841 0.45008839 -0.38220651
v -0.16496567 0.44246263 -0.38753705
v -0.15810589 0.43214971 -0.37952353
v -0.17494783 0.44532151 -0.36022384
v -0.16329934 0.43242498 -0.36435804
v -0.56833047 0.12498755 -0.55157678
v -0.55242510 0.12336210 -0.55739475
v -0.56292936 0.13676380 -0.55897088
v -0.57708501 0.13749626 -0.55384176
v -0.58291399 0.12816047 -0.54734585
v -0.57607195 0.11516556 -0.54370833
v -0.55835979 0.10951914 -0.54854850
v -0.59125581 0.12051347 -0.54028502
v -0.58549549 0.10638415 -0.53516540
v -0.57002980 0.10211528 -0.53954260
v -0.66981428 -0.02791374 -0.36540264
v -0.66830100 -0.03651771 -0.35579455
v -0.65555054 -0.03756750 -0.36538942
v -0.66114898 -0.02512071 -0.37539584
v -0.67354822 -0.01847189 -0.37359535
v -0.68171947 -0.02067572 -0.36437368
v -0.67799994 -0.02884704 -0.35752282
v -0.17305999 0.40603753 -0.30336339
v -0.17932735 0.41696297 -0.30875636
v -0.15938956 0.39979580 -0.30985616
v -0.16841177 0.41010963 -0.31415483
v -0.47257468 0.29486543 -0.61286572
v -0.46082353 0.29980320 -0.61453154
v -0.47070992 0.30861062 -0.61269175
v -0.48746078 0.29115880 -0.61051052
v -0.47415491 0.27852232 -0.61243515
v -0.48424196 0.30428094 -0.61088417
v -0.45852713 0.28658781 -0.61514070
v -0.05625018 0.43119262 -0.59025278
v -0.05139339 0.43475322 -0.57996580
v -0.06478633 0.43476968 -0.57753771
v -0.04088403 0.43133420 -0.59078595
v -0.06825903 0.43042059 -0.58959525
v -0.06314133 0.42442259 -0.60219850
v -0.04877642 0.42692033 -0.60062431
v -0.03487415 0.42446009 -0.60675256
v -0.02736339 0.42898077 -0.59755115
v -0.15348489 0.41222507 -0.34204748
v -0.15740538 0.42138740 -0.35320030
v -0.14108769 0.40686109 -0.35730828
v -0.14436478 0.40145316 -0.33711697
v -0.15854757 0.40883023 -0.32610229
v -0.16648184 0.42329981 -0.33645859
v -0.13840131 0.41160743 -0.37608166
v -0.13365833 0.40481084 -0.36983576
v -0.15074231 0.42088492 -0.36948327
v -0.16970117 0.43407464 -0.34960315
v -0.46389110 0.24142738 -0.61256722
v -0.46900605 0.22770700 -0.61022890
v -0.45337938 0.22909616 -0.61452733
v -0.47928998 0.24040324 -0.60898310
v -0.45960195 0.25497237 -0.61430764
v -0.47378380 0.25319145 -0.61121908
v -0.44903373 0.24352962 -0.61640316
v -0.45856813 0.21485384 -0.61203690
v -0.44289710 0.21640556 -0.61708410
v -0.43792983 0.23121329 -0.61924033
v -0.48504824 0.22692540 -0.60625957
v -0.47463873 0.21393180 -0.60741777
v -0.56354796 0.20168322 -0.58108032
v -0.56628974 0.21423073 -0.58304384
v -0.57871234 0.20659614 -0.57685112
v -0.55258580 0.19147607 -0.58206252
v -0.55126280 0.20752733 -0.58632642
v -0.56800064 0.18832383 -0.57585832
v -0.02647071 0.25738484 -0.73746528
v -0.01375248 0.25070003 -0.74111419
v -0.01122655 0.26297651 -0.73988526
v -0.02302497 0.27431857 -0.73497990
v -0.03565449 0.26968838 -0.73302423
v -0.04482382 0.25841698 -0.73290769
v -0.03536400 0.24179529 -0.73754208
v -0.02104357 0.24372585 -0.74032183
v -0.64714374 -0.03209654 -0.37874318
v -0.65438706 -0.01877639 -0.38753848
v -0.66659131 -0.01602454 -0.38161762
v -0.18650749 0.30236585 -0.67547465
v -0.18653480 0.29032562 -0.68044249
v -0.17518550 0.29875963 -0.68015158
v -0.19210972 0.31060277 -0.67018248
v -0.19913108 0.29876103 -0.67336853
v -0.17929107 0.31382527 -0.67217996
v -0.16367118 0.34773055 -0.65781118
v -0.15784318 0.33702472 -0.66584444
v -0.15163238 0.35041535 -0.65924890
v -0.17561996 0.35104954 -0.65265093
v -0.17156972 0.33789910 -0.66165175
v -0.16187624 0.36137481 -0.64905582
v -0.16728483 0.32473746 -0.67002136
v -0.18637476 0.33849890 -0.65743056
v -0.17895992 0.32764795 -0.66532621
v -0.48269355 0.06759198 -0.58036998
v -0.49415121 0.05804543 -0.57087923
v -0.48393786 0.05254020 -0.57733896
v -0.49696275 0.07122394 -0.57128147
v -0.46665164 0.06012747 -0.58991711
v -0.46947613 0.07639603 -0.59021479
v -0.49453557 0.08371893 -0.57546742
v -0.47484032 0.05234876 -0.58356936
v -0.48112332 0.08668022 -0.58448400
v -0.47803094 0.04106562 -0.57995432
v -0.49012066 0.04396769 -0.57174934
v -0.50629739 0.06569524 -0.56368035
v -0.50520191 0.04717808 -0.56095010
v 0.00278236 0.31829067 -0.72404836
v 0.00917956 0.30354314 -0.73239140
v 0.01016781 0.32941044 -0.71763310
v -0.20503610 0.51293222 -0.49909583
v -0.19896696 0.50991574 -0.48756117
v -0.21184598 0.52055211 -0.48938197
v -0.21519684 0.51919655 -0.50278585
v -0.20639047 0.50998008 -0.51110004
v -0.19415577 0.50349034 -0.50424169
v -0.03022517 0.38306992 -0.66125516
v -0.03683956 0.37147826 -0.67256910
v -0.02342089 0.37217033 -0.67419029
v -0.01731811 0.39023330 -0.65473224
v -0.02907977 0.39746079 -0.64468394
v -0.04489112 0.38936295 -0.65188335
v -0.04584168 0.37798479 -0.66413640
v -0.01416732 0.38084889 -0.66595256
v -0.03064794 0.36139014 -0.68352573
v -0.04735288 0.36935502 -0.67255235
v -0.04276743 0.36362046 -0.67893553
v -0.01816468 0.36406291 -0.68344443
v -0.00974137 0.37065214 -0.67770880
v -0.28033941 0.23413662 -0.66839839
v -0.29204587 0.22719005 -0.66613780
v -0.27691285 0.21806056 -0.67173659
v -0.27382243 0.24871777 -0.66760402
v -0.29369455 0.24484346 -0.66283587
v -0.26604665 0.23146453 -0.67293726
v -0.23440349 0.39907438 -0.61634309
v -0.24730433 0.38880581 -0.62147095
v -0.23093806 0.38298092 -0.62528670
v -0.24701627 0.40201939 -0.61475861
v -0.21646620 0.39569560 -0.61857840
v -0.22424872 0.41258877 -0.60834502
v -0.24072691 0.41192313 -0.60937790
v -0.62373876 0.04721809 -0.47221068
v -0.63892203 0.05820175 -0.47211372
v -0.63495827 0.04661608 -0.46471470
v -0.61214636 0.04754504 -0.47964840
v -0.62295891 0.05925231 -0.48281324
v -0.62504413 0.03676395 -0.46234492
v -0.60950418 0.03524157 -0.47115817
v -0.63169122 -0.00566398 -0.41783968
v -0.63266950 0.00260176 -0.42529524
v -0.64255492 0.00296649 -0.41872932
v -0.63053892 -0.01613048 -0.40855185
v -0.62048935 -0.01420427 -0.41879921
v -0.64279697 -0.00644589 -0.40898149
v -0.62247155 -0.00357755 -0.42706808
v -0.19987714 0.10301622 -0.69718805
v -0.18654047 0.10963273 -0.70150053
v -0.20265083 0.11646913 -0.69744789
v -0.19134906 0.09310773 -0.69857456
v -0.21250670 0.10494257 -0.69364524
v -0.20547683 0.09133362 -0.69436024
v -0.19158132 0.12710082 -0.70134090
v -0.17592214 0.09458422 -0.70294585
v -0.16746469 0.10901905 -0.70667445
v -0.17589373 0.12472577 -0.70562892
v -0.21933550 0.12214216 -0.69283105
v -0.20567801 0.13281366 -0.69745642
v -0.11739647 0.02007148 -0.70421952
v -0.10535700 0.00925894 -0.70421372
v -0.10406920 0.02169307 -0.70730216
v -0.11091665 0.03575928 -0.70889206
v -0.13214959 0.03364144 -0.70388633
v -0.13258899 0.01570175 -0.70007390
v -0.11953948 0.00400629 -0.70018904
v -0.13353659 0.00308372 -0.69709948
v -0.14758580 0.02367446 -0.69843802
v -0.14553759 0.00883053 -0.69575857
v -0.19375979 -0.01039647 -0.67973099
v -0.18753059 0.00153749 -0.68400364
v -0.20572066 0.00077712 -0.67900105
v -0.18031930 -0.01229030 -0.68273342
v -0.18895194 -0.02323421 -0.67789462
v -0.20605066 -0.01862258 -0.67451658
v -0.16977182 -0.00095513 -0.68791960
v -0.19659958 0.01794569 -0.68504259
v -0.17861291 0.01411465 -0.68899442
v -0.21504467 0.01679307 -0.67976384
v -0.22069440 0.00547312 -0.67592167
v -0.22016891 -0.00721498 -0.67331886
v -0.49207671 0.13702437 -0.58906553
v -0.49367136 0.15441365 -0.59227207
v -0.50738183 0.14963853 -0.58583715
v -0.48105936 0.14633443 -0.59572873
v -0.51049372 0.13292354 -0.57972817
v -0.49601009 0.12316778 -0.58379678
v -0.48251954 0.12066565 -0.59009419
v -0.47434213 0.13291307 -0.59638419
v -0.56188552 0.17093508 -0.57260806
v -0.55349779 0.17856065 -0.57806315
v -0.58549156 0.19246876 -0.57077362
v -0.57934558 0.17591110 -0.56786525
v -0.17157102 0.46718096 -0.42987742
v -0.17998750 0.47530709 -0.42547280
v -0.17660537 0.47520274 -0.43525823
v -0.17757240 0.46817518 -0.41443709
v -0.16415490 0.45592915 -0.42293648
v -0.16773971 0.46919468 -0.44468293
v -0.16234582 0.45988041 -0.43668714
v -0.18456820 0.48340107 -0.43166997
v -0.17843441 0.48124736 -0.44498322
v -0.18856036 0.48303849 -0.41662594
v -0.17883978 0.18444526 -0.70523866
v -0.17264480 0.19474626 -0.70657644
v -0.18376935 0.20058548 -0.70246983
v -0.19302927 0.18705665 -0.70063892
v -0.16522319 0.18485610 -0.70944329
v -0.18737429 0.16940965 -0.70318685
v -0.17051015 0.17005270 -0.70828815
v -0.16283112 0.19864154 -0.70924861
v -0.17212969 0.20505221 -0.70575163
v -0.19337497 0.21482690 -0.69772990
v -0.19731829 0.20083284 -0.69818307
v -0.17844705 0.21634496 -0.70224704
v -0.12335330 0.32264433 -0.68401681
v -0.13037014 0.31450438 -0.68606545
v -0.12022678 0.31057970 -0.69092878
v -0.12783704 0.33326799 -0.67677479
v -0.13608060 0.32383302 -0.67955244
v -0.11371132 0.33344084 -0.68080474
v -0.11040760 0.31886293 -0.68976640
v -0.12365957 0.34666643 -0.66952851
v -0.10904442 0.34580711 -0.67445513
v -0.09874892 0.33846963 -0.68218023
v -0.10133579 0.32686722 -0.68828840
v -0.50506941 0.11352009 -0.57661647
v -0.50685653 0.09644945 -0.57085905
v -0.49255743 0.09929776 -0.58001242
v -0.51978044 0.12212441 -0.57182366
v -0.52003814 0.10851784 -0.56706818
v -0.49064125 0.11197920 -0.58389386
v -0.47768890 0.10326877 -0.58939328
v -0.52215190 0.09215072 -0.56043519
v -0.50742730 0.08085298 -0.56642098
v -0.06477316 0.07471345 -0.72534765
v -0.07871909 0.07119323 -0.72220300
v -0.07142758 0.06341565 -0.72215547
v -0.08172567 0.08592685 -0.72400648
v -0.06190613 0.09385829 -0.72900819
v -0.06141198 0.06142381 -0.72351831
v -0.05012843 0.06578814 -0.72620705
v -0.04793719 0.08009013 -0.72918924
v -0.08378956 0.05843974 -0.71886740
v -0.06823347 0.05029135 -0.72007431
v -0.09171827 0.07269039 -0.71988715
v -0.14453328 0.21632831 -0.71268556
v -0.12878818 0.20897911 -0.71851482
v -0.13004375 0.22448200 -0.71586084
v -0.14176764 0.23191264 -0.71090440
v -0.15662191 0.23226728 -0.70627789
v -0.15230191 0.20339242 -0.71197601
v -0.13967673 0.19816056 -0.71621097
v -0.16259125 0.21441193 -0.70745559
v -0.78658203 0.07422247 -0.39308690
v -0.78999593 0.07724551 -0.39409802
v -0.78748934 0.06380233 -0.37884136
v -0.77669616 0.06666003 -0.39091606
v -0.77479339 0.07529937 -0.40249620
v -0.68143631 -0.04172653 -0.33601325
v -0.66891929 -0.05130462 -0.33449984
v -0.66903551 -0.04394888 -0.34499389
v -0.67719606 -0.05030837 -0.32718949
v -0.67952188 -0.03459548 -0.34843295
v -0.68948533 -0.03179342 -0.34256984
v -0.69558153 -0.03387903 -0.33230333
v -0.68893051 -0.04539904 -0.32143815
v -0.51992772 0.29917406 -0.60389384
v -0.51908826 0.31079003 -0.60329291
v -0.53421570 0.30802383 -0.59857246
v -0.53082135 0.29386295 -0.60119383
v -0.50503746 0.29064361 -0.60726307
v -0.50763882 0.30549329 -0.60655256
v -0.52127945 0.28521372 -0.60363086
v -0.54281490 0.29284700 -0.59713549
v -0.55191378 0.30544517 -0.59138466
v -0.52331879 0.32164267 -0.59988172
v -0.54445181 0.31507730 -0.59300074
v -0.53732543 0.32301627 -0.59373314
v -0.50903570 0.31838138 -0.60477866
v -0.23768888 0.53909913 -0.49574585
v -0.23003016 0.53842432 -0.48434694
v -0.23896200 0.54823164 -0.48124366
v -0.24766854 0.55063470 -0.48932955
v -0.25216250 0.54567476 -0.50093128
v -0.24383302 0.53348243 -0.51084402
v -0.22842285 0.52535117 -0.50865953
v -0.22379394 0.52916868 -0.49353966
v -0.40885121 0.35236433 -0.61553798
v -0.41998389 0.36511268 -0.61123846
v -0.42297165 0.34577853 -0.61478409
v -0.39484098 0.34922426 -0.61813137
v -0.40128190 0.36336089 -0.61429728
v -0.40508689 0.33766741 -0.61870337
v -0.52525119 -0.01111022 -0.53286691
v -0.51763774 -0.02693590 -0.53740448
v -0.51439624 -0.01179989 -0.54386946
v -0.52125578 -0.00040816 -0.53909733
v -0.53208080 0.00454555 -0.52878752
v -0.53573785 -0.00989173 -0.52133032
v -0.52889586 -0.02185130 -0.52647632
v -0.50578526 -0.02394684 -0.54967284
v -0.50395399 -0.01125920 -0.55381025
v -0.51085063 0.00324654 -0.54962574
v -0.29051390 0.29317966 -0.65278574
v -0.30453344 0.29892187 -0.64795436
v -0.30124765 0.28722044 -0.65181861
v -0.29053219 0.27951344 -0.65636878
v -0.27694136 0.28522148 -0.65816785
v -0.29287520 0.30754270 -0.64808321
v -0.27695762 0.30077758 -0.65356869
v -0.30597453 0.27482260 -0.65355778
v -0.28897534 0.26340063 -0.66048010
v -0.27934346 0.27318267 -0.66076873
v -0.70257233 0.12348077 -0.48008503
v -0.70257805 0.13515343 -0.48680320
v -0.71311262 0.13308965 -0.47803689
v -0.69078093 0.12523044 -0.48933054
v -0.70229626 0.11187452 -0.47201915
v -0.69013234 0.11323825 -0.48153280
v -0.71409231 0.12213096 -0.47112730
v -0.67390440 -0.06526875 -0.30626105
v -0.66559156 -0.06404230 -0.31853760
v -0.67693579 -0.05611682 -0.31792459
v -0.66201822 -0.07220015 -0.31042822
v -0.68664915 -0.05478451 -0.30817068
v -0.66932685 -0.05668719 -0.32577184
v -0.33117158 0.22299275 -0.65548531
v -0.34177385 0.21989051 -0.65259275
v -0.33432662 0.21020750 -0.65574321
v -0.34080120 0.23198934 -0.65149825
v -0.31891245 0.22740848 -0.65849841
v -0.32966772 0.23461378 -0.65445715
v -0.32088326 0.21315112 -0.65952299
v -0.31070249 0.19921557 -0.66369929
v -0.30509551 0.21720512 -0.66366728
v -0.32525259 0.20126631 -0.65921194
v -0.67985745 0.00093018 -0.38950672
v -0.68611306 -0.00360944 -0.37987893
v -0.67648121 -0.00947539 -0.38134467
v -0.66871737 -0.00036180 -0.39685059
v -0.67532763 0.00823808 -0.40052369
v -0.69358177 0.00506057 -0.38224387
v -0.66711903 -0.00831266 -0.38957981
v -0.69030774 0.01457374 -0.39443190
v -0.12912885 -0.06518450 -0.67976981
v -0.13420206 -0.04892716 -0.68353405
v -0.14385065 -0.06057555 -0.67816834
v -0.13899841 -0.07424696 -0.67499226
v -0.11610004 -0.07045445 -0.68064495
v -0.11806717 -0.05696980 -0.68437098
v -0.10895034 -0.02271053 -0.69574389
v -0.11426416 -0.01048702 -0.69780429
v -0.12188054 -0.02052675 -0.69378036
v -0.10241444 -0.03376765 -0.69398760
v -0.09826248 -0.02436385 -0.69728397
v -0.11538346 -0.03330110 -0.69166581
v -0.10136395 -0.01359868 -0.69947150
v -0.12757009 -0.00780830 -0.69579009
v -0.10653897 -0.00256166 -0.70121435
v -0.13369334 -0.01739480 -0.69216418
v -0.13122797 -0.03156818 -0.68895973
v -0.71328317 0.07424609 -0.43215059
v -0.72688196 0.07755130 -0.42659308
v -0.71980658 0.06642194 -0.42074405
v -0.69725731 0.07202590 -0.44182632
v -0.71063682 0.08263288 -0.44152788
v -0.72257038 0.08468908 -0.43566597
v -0.70357235 0.06156495 -0.42770010
v -0.71102611 0.05191536 -0.41332015
v -0.73508764 0.07224072 -0.41732777
v -0.72980147 0.06028093 -0.40859212
v -0.73315011 0.08545842 -0.43054780
v -0.73779431 0.08102871 -0.42422622
v -0.13140914 0.42353887 -0.41995059
v -0.14131213 0.43278692 -0.42177958
v -0.12788776 0.42735530 -0.43532581
v -0.12594465 0.41544176 -0.41128715
v -0.14047220 0.42531633 -0.40551891
v -0.12026692 0.41705453 -0.42565731
v -0.13072819 0.41203142 -0.39373789
v -0.14564396 0.42244150 -0.38656864
v -0.15423821 0.43395650 -0.39504197
v -0.15221366 0.43788024 -0.41000164
v -0.04809307 0.41071741 -0.62562400
v -0.04604548 0.40076615 -0.63851124
v -0.03578204 0.40722065 -0.63200768
v -0.06274697 0.41439478 -0.61767122
v -0.06047117 0.40420960 -0.63168989
v -0.03532015 0.41562958 -0.62072973
v -0.04878024 0.41990200 -0.61241184
v -0.05870551 0.39375476 -0.64451366
v -0.58010084 0.25055489 -0.58259874
v -0.57284375 0.23640719 -0.58421906
v -0.56229461 0.24964777 -0.58890818
v -0.58920260 0.23668423 -0.57798801
v -0.58782954 0.26083820 -0.57940155
v -0.59264223 0.25075480 -0.57740755
v -0.57405035 0.26849674 -0.58505470
v -0.56702981 0.22543611 -0.58490886
v -0.55903673 0.23242709 -0.58836387
v -0.57799244 0.22331952 -0.58055851
v -0.07413853 0.27910608 -0.71855974
v -0.07232226 0.26031502 -0.72496371
v -0.05949926 0.26768044 -0.72676738
v -0.08576305 0.28931463 -0.71100809
v -0.08968875 0.27955951 -0.71345468
v -0.05870129 0.28079445 -0.72318815
v -0.07686786 0.29716780 -0.71065193
v -0.08784405 0.26508586 -0.71885523
v -0.06297311 0.29302682 -0.71716267
v -0.09076402 0.30116782 -0.70432834
v -0.09798724 0.28960279 -0.70688088
v -0.62693916 0.00725879 -0.43409724
v -0.61363196 -0.00035644 -0.43758781
v -0.61812113 0.01351717 -0.44646139
v -0.63551965 0.01916885 -0.43946228
v -0.64064306 0.01134677 -0.42840808
v -0.61118684 -0.01225653 -0.42933434
v -0.60156466 -0.01062937 -0.44073865
v -0.60362839 0.00242070 -0.44871113
v -0.20079402 0.06472867 -0.69220351
v -0.21637638 0.06134832 -0.68719457
v -0.20262132 0.04766766 -0.68892922
v -0.18675444 0.06812158 -0.69663284
v -0.19658043 0.07916957 -0.69543018
v -0.18995291 0.05592962 -0.69385381
v -0.21147890 0.07713095 -0.69086880
v -0.15907340 0.09368372 -0.70728384
v -0.14789347 0.10761499 -0.71170680
v -0.15020876 0.07803241 -0.70747709
v -0.14455186 0.09188649 -0.71078772
v -0.16762232 0.08095752 -0.70349883
v -0.13069835 0.09722807 -0.71486627
v -0.13239899 0.11268647 -0.71624057
v -0.14156606 0.12481399 -0.71499347
v -0.15862343 0.12420301 -0.71034008
v -0.37523683 0.41378385 -0.60242549
v -0.37234509 0.43223383 -0.59482433
v -0.38530081 0.42538304 -0.59655094
v -0.39182633 0.41584072 -0.59981393
v -0.38719539 0.40448240 -0.60463529
v -0.35795368 0.42044995 -0.60154281
v -0.37515539 0.39559221 -0.60879112
v -0.35678913 0.40204512 -0.60846874
v -0.34523721 0.42587389 -0.60053514
v -0.35488200 0.43514157 -0.59546476
v -0.34308064 0.41323211 -0.60573527
v -0.20166830 0.33318702 -0.65652863
v -0.20496139 0.31530173 -0.66445100
v -0.19052874 0.32314571 -0.66450788
v -0.20396804 0.34701860 -0.64869061
v -0.21570947 0.33922496 -0.65037192
v -0.19571524 0.34302039 -0.65268918
v -0.21464546 0.32610013 -0.65699274
v -0.21325439 0.30223813 -0.66800611
v -0.22314545 0.31330832 -0.66078069
v -0.13526702 0.37952508 -0.64083115
v -0.13179922 0.38816315 -0.63343941
v -0.14411447 0.38811587 -0.63090356
v -0.12427160 0.37448542 -0.64803456
v -0.12491841 0.38370094 -0.63938568
v -0.13649083 0.36794444 -0.65043640
v -0.14968616 0.37434962 -0.64191831
v -0.00808005 0.06225749 -0.73156120
v -0.37293443 -0.06913982 -0.60981079
v -0.38584769 -0.06908605 -0.60497256
v -0.40039718 0.31744584 -0.62265407
v -0.40539378 0.29878798 -0.62420376
v -0.39039389 0.30068312 -0.62725990
v -0.41732975 0.31004642 -0.62056130
v -0.41810239 0.32719547 -0.61832409
v -0.38555907 0.33344844 -0.62257345
v -0.38129499 0.31386355 -0.62701888
v -0.37742460 0.30013468 -0.63033798
v -0.38169959 0.28772838 -0.63138703
v -0.39610415 0.28570085 -0.62804240
v -0.25284419 0.41039674 -0.61044257
v -0.26038239 0.39977025 -0.61569298
v -0.14187616 0.43950871 -0.43607234
v -0.13086913 0.43710160 -0.45246452
v -0.11263549 0.41708656 -0.43931595
v -0.11581454 0.42499223 -0.45167874
v -0.25131028 0.57282960 -0.38183912
v -0.24163259 0.56376239 -0.39021629
v -0.24624273 0.56354279 -0.37289291
v -0.24665344 0.57464478 -0.39516543
v -0.33191727 0.48915030 -0.56437745
v -0.34197931 0.49572010 -0.55755540
v -0.32937950 0.48083694 -0.57060497
v -0.34533587 0.48237737 -0.56750105
v -0.33486589 0.50663435 -0.54949270
v -0.31875701 0.47331287 -0.57603802
v -0.30329680 0.47683695 -0.57369257
v -0.37041785 0.06909141 -0.63872264
v -0.37282429 0.08514292 -0.63937772
v -0.38613067 0.07727002 -0.63336182
v -0.35824324 0.07731878 -0.64412535
v -0.38303439 0.06121194 -0.63303245
v -0.36692599 0.05194471 -0.63803138
v -0.35548046 0.06176661 -0.64336585
v -0.38776919 0.09357052 -0.63406122
v -0.36033940 0.09288875 -0.64483317
v -0.37426761 0.10106303 -0.64011313
v -0.29074630 0.21389521 -0.66826920
v -0.30643586 0.23427731 -0.66105103
v -0.29674845 0.20432570 -0.66748458
v -0.23487797 0.55726697 -0.40524260
v -0.23500390 0.56230045 -0.41848401
v -0.23052317 0.55144526 -0.41645532
v -0.22831038 0.54394716 -0.40720181
v -0.23344121 0.54915003 -0.39256006
v -0.24088600 0.57123727 -0.40707045
v -0.23017990 0.55271295 -0.42857786
v -0.22455846 0.54039831 -0.42289223
v -0.23945258 0.57402322 -0.42170641
v -0.23552154 0.56481266 -0.43209529
v -0.79730583 0.02860109 -0.31107266
v -0.80671491 0.03669464 -0.31750468
v -0.80781733 0.03081552 -0.30348229
v -0.78409616 0.02005816 -0.30505429
v -0.78549661 0.02740196 -0.31901922
v -0.79608963 0.03437766 -0.32437862
v -0.30918178 0.36868834 -0.62489680
v -0.29920787 0.38181748 -0.62110759
v -0.31530366 0.38179169 -0.61955175
v -0.30205189 0.35264552 -0.63150989
v -0.29218211 0.36651053 -0.62772152
v -0.31817859 0.35783712 -0.62737460
v -0.32763473 0.37109531 -0.62175942
v -0.28861285 0.39710621 -0.61572899
v -0.31052641 0.39742879 -0.61415264
v -0.27938124 0.37928202 -0.62387675
v -0.32988633 0.38966232 -0.61534097
v -0.25911401 0.01615496 -0.66680578
v -0.24523621 0.02711032 -0.67298183
v -0.26464765 0.03316868 -0.66824470
v -0.27261130 0.00515532 -0.66059208
v -0.25500459 0.00039333 -0.66489569
v -0.24407796 0.00977932 -0.67005149
v -0.27295383 0.02111072 -0.66357456
v -0.28783412 0.01802497 -0.65845930
v -0.28040155 0.03317011 -0.66343587
v -0.02313285 -0.04048621 -0.70415054
v -0.14749351 0.36191752 -0.65229799
v -0.13754841 0.35475410 -0.66007610
v -0.63784836 0.08565347 -0.49522783
v -0.63114823 0.09393829 -0.50521765
v -0.64715053 0.09883795 -0.49950914
v -0.62220669 0.08033672 -0.50013828
v -0.62964005 0.07296655 -0.49010900
v -0.65279816 0.09061180 -0.48982736
v -0.64426951 0.07849142 -0.48568882
v -0.61477388 0.08846267 -0.51015105
v -0.62359319 0.10388021 -0.51609922
v -0.64096077 0.10792297 -0.50945953
v -0.50564496 0.19792264 -0.59701629
v -0.49316264 0.21191801 -0.60242523
v -0.50876928 0.21257689 -0.59875358
v -0.49630737 0.18370420 -0.59714155
v -0.48804581 0.19340689 -0.60114127
v -0.52254412 0.19484270 -0.59187037
v -0.51004557 0.18008499 -0.59230499
v -0.52010336 0.20912622 -0.59534033
v -0.51817907 0.22215121 -0.59796023
v -0.50616304 0.22178656 -0.60077962
v -0.48265848 0.26510519 -0.61030986
v -0.46922105 0.26435280 -0.61279055
v -0.49276884 0.27739754 -0.60914404
v -0.49755966 0.26387280 -0.60742710
v -0.48833287 0.25274939 -0.60827751
v -0.45618353 0.26976524 -0.61549010
v -0.73617452 -0.01425286 -0.30487833
v -0.72508302 -0.02419098 -0.30584177
v -0.72865762 -0.01398484 -0.31740401
v -0.74060135 -0.00401082 -0.31528182
v -0.74802815 -0.00495761 -0.30204660
v -0.73295968 -0.00223027 -0.32928875
v -0.71666303 -0.02457199 -0.31851682
v -0.72027725 -0.01396553 -0.32995586
v -0.01565737 0.42815990 -0.59732299
v -0.00668412 0.42402738 -0.60748133
v -0.19779128 -0.03457279 -0.67275414
v -0.21285083 -0.03375043 -0.66900812
v -0.20498232 -0.04491365 -0.66817447
v -0.18185438 -0.03756245 -0.67596962
v -0.19171668 -0.04890688 -0.67044593
v -0.22291623 -0.02166844 -0.66923028
v -0.22733205 -0.03517750 -0.66470154
v -0.21778739 -0.04715558 -0.66415371
v -0.20441563 -0.05980485 -0.66411151
v -0.60349852 -0.06796587 -0.40258380
v -0.61073062 -0.07288124 -0.38695395
v -0.61429768 -0.05792059 -0.39121972
v -0.61870776 -0.06397141 -0.37992543
v -0.61791171 -0.07635763 -0.37232494
v -0.59412652 -0.07126996 -0.41744737
v -0.59921676 -0.05837878 -0.41428621
v -0.60868332 -0.04889402 -0.40539718
v -0.21638636 0.44269657 -0.58818426
v -0.22092918 0.42794552 -0.59852093
v -0.20575186 0.42952689 -0.59558011
v -0.22923613 0.44899198 -0.58627383
v -0.23166139 0.43819087 -0.59337372
v -0.19608230 0.44280436 -0.58393400
v -0.20908988 0.45369509 -0.57892833
v -0.22168727 0.45635420 -0.57988315
v -0.21179064 0.41908679 -0.60343181
v -0.19799346 0.41603454 -0.60448060
v -0.19089149 0.42780713 -0.59472641
v -0.23571989 0.42485317 -0.60177057
v -0.48267611 0.17740557 -0.60040085
v -0.49494714 0.16991662 -0.59502177
v -0.53273653 0.01960362 -0.53152887
v -0.52270434 0.01311198 -0.54004391
v -0.52570340 0.03064896 -0.54073662
v -0.53917440 0.03172331 -0.52858530
v -0.54378682 0.01790624 -0.51985521
v -0.54211763 0.00263133 -0.51711571
v -0.01283718 0.07946529 -0.73433665
v -0.00793008 0.09477445 -0.73777019
v 0.00541236 0.36637906 -0.68343378
v -0.00761211 0.36036833 -0.68864209
v 0.00364427 0.35438830 -0.69576353
v 0.01525683 0.37616622 -0.67267570
v 0.00027911 0.37850502 -0.66975827
v -0.09332904 0.16237566 -0.72956881
v -0.10092078 0.15015459 -0.72726127
v -0.08533031 0.15157363 -0.73082948
v -0.09475480 0.17906939 -0.72930844
v -0.10414732 0.16491086 -0.72707713
v -0.08082856 0.16600779 -0.73228284
v -0.11537693 0.15766253 -0.72401506
v -0.11630731 0.14030266 -0.72280772
v -0.10087670 0.13418656 -0.72615819
v -0.09015199 0.14009761 -0.72906424
v -0.07139257 0.15377068 -0.73376648
v -0.07435880 0.13671640 -0.73198590
v -0.64448221 -0.07305124 -0.33390894
v -0.62842202 -0.07375344 -0.35730440
v -0.63987072 -0.06676232 -0.34718087
v -0.33192634 -0.02679830 -0.63528818
v -0.31713521 -0.02905843 -0.63962869
v -0.32126103 -0.01800212 -0.64086926
v -0.34601745 -0.03017900 -0.62974044
v -0.33604427 -0.04411761 -0.62955092
v -0.34793401 -0.01396495 -0.63284686
v -0.32121011 -0.04019042 -0.63550836
v -0.33279378 -0.01232320 -0.63834071
v -0.36017690 -0.02566218 -0.62593982
v -0.35340604 -0.04076648 -0.62454641
v -0.58627659 0.14844593 -0.55501607
v -0.57317317 0.14885126 -0.56013250
v -0.59708654 0.15927553 -0.55508713
v -0.59780865 0.14593627 -0.54950354
v -0.58336517 0.16105686 -0.56106583
v -0.58816600 0.13852286 -0.55009954
v -0.55966855 0.14890281 -0.56529508
v -0.56911337 0.16077408 -0.56632608
v -0.33423260 0.47110446 -0.57678695
v -0.32274449 0.45914464 -0.58472136
v -0.34822690 0.46957088 -0.57642373
v -0.34071780 0.45951440 -0.58362412
v -0.33284816 0.44761898 -0.59089371
v -0.31774194 0.44450561 -0.59307311
v -0.30837039 0.45240933 -0.58889467
v -0.30666911 0.46397367 -0.58204059
v -0.30919433 0.24690556 -0.65828890
v -0.30584025 0.25867026 -0.65699897
v -0.17795768 0.47840378 -0.53977408
v -0.16387449 0.46834770 -0.54077389
v -0.16748576 0.47713985 -0.52710943
v -0.18982669 0.48391636 -0.54275823
v -0.18746181 0.47505052 -0.55169478
v -0.17939239 0.48645336 -0.52676170
v -0.18665475 0.48750960 -0.53477415
v -0.17442031 0.46720516 -0.55224284
v -0.14133900 0.05092152 -0.70515692
v -0.12398435 0.05009050 -0.70892358
v -0.15772013 0.05335078 -0.70172323
v -0.15137756 0.03900244 -0.70060553
v -0.13386353 0.06645331 -0.70959151
v -0.14910147 0.06317325 -0.70548167
v -0.26689271 0.17241068 -0.67868815
v -0.27673370 0.18529193 -0.67498878
v -0.27932790 0.16918661 -0.67495825
v -0.25949326 0.18470648 -0.68028930
v -0.26535507 0.15408803 -0.67952783
v -0.25345061 0.16845386 -0.68298432
v -0.24366832 0.18114533 -0.68538497
v -0.24878742 0.19977842 -0.68229882
v -0.26739793 0.20103830 -0.67650789
v -0.51302976 0.02087045 -0.55028110
v -0.56163163 0.01366869 -0.49841322
v -0.55755239 0.00150953 -0.49808190
v -0.55154529 0.00861944 -0.50805230
v -0.56965684 0.01301247 -0.48910347
v -0.56356998 0.00710315 -0.49286989
v -0.57075923 0.02699200 -0.49617247
v -0.55720767 0.02345978 -0.50788827
v -0.56588474 -0.00067036 -0.48701002
v -0.55608578 -0.01233284 -0.49523464
v -0.54704460 -0.00805928 -0.50814864
v -0.61450840 0.25249340 -0.56566802
v -0.61189821 0.26633791 -0.56370137
v -0.61380600 0.27025421 -0.56035341
v -0.41421789 0.01983167 -0.61394513
v -0.40732379 0.00467321 -0.61441896
v -0.39938279 0.01587032 -0.61994484
v -0.40477512 0.03100936 -0.62002323
v -0.42282400 0.03902272 -0.61255971
v -0.42895109 0.02095782 -0.60697499
v -0.42132949 0.00740001 -0.60855306
v -0.41555498 -0.00727720 -0.60835022
v -0.40027638 -0.00968332 -0.61447017
v -0.39311603 0.00219810 -0.61996916
v -0.38590649 0.01209130 -0.62480753
v -0.39043711 0.02509686 -0.62526657
v -0.52842093 0.16714524 -0.58314433
v -0.54053937 0.17902951 -0.58253202
v -0.54423188 0.16287283 -0.57620142
v -0.51698133 0.16011426 -0.58513990
v -0.51768121 0.17024876 -0.58762013
v -0.52496423 0.15057657 -0.57928883
v -0.52625260 0.18073914 -0.58754802
v -0.55787504 0.22058097 -0.58700206
v -0.54478872 0.22315024 -0.59111992
v -0.54818098 0.23905712 -0.59234898
v -0.25885831 0.55701108 -0.31793924
v -0.26569771 0.55666847 -0.30643600
v -0.25707786 0.56174677 -0.33400413
v -0.25038394 0.55275035 -0.32892547
v -0.25118080 0.54630008 -0.31586717
v -0.25903633 0.54888093 -0.30501049
v -0.22109318 0.53647890 -0.44791966
v -0.22679419 0.54369496 -0.45778959
v -0.21961483 0.53300031 -0.46435224
v -0.21146667 0.52316399 -0.45569699
v -0.21374554 0.52473623 -0.44036815
v -0.22025648 0.53429171 -0.43475306
v -0.23094732 0.55299184 -0.44518912
v -0.22533402 0.54339556 -0.43599140
v -0.04047640 0.31194375 -0.71625939
v -0.02918213 0.30601204 -0.72275711
v -0.02713274 0.31915491 -0.71650037
v -0.05461973 0.31970668 -0.70724141
v -0.05215437 0.30345049 -0.71636779
v -0.03839623 0.29786151 -0.72336389
v -0.04057658 0.32400468 -0.70948524
v -0.46269584 0.38554897 -0.59544903
v -0.45742977 0.39778034 -0.58928595
v -0.47454510 0.38116574 -0.59343387
v -0.47883326 0.37151556 -0.59703221
v -0.49216788 0.36490792 -0.59451368
v -0.42849174 0.42827835 -0.58072671
v -0.41377883 0.42556181 -0.58964753
v -0.41609877 0.43863310 -0.57898053
v -0.42905899 0.41524725 -0.59026929
v -0.23585780 0.11991761 -0.68777787
v -0.22725506 0.10616864 -0.68935507
v -0.24148855 0.10652841 -0.68511681
v -0.24543103 0.13183322 -0.68547821
v -0.25011727 0.11900206 -0.68336447
v -0.23242025 0.13435168 -0.68951091
v -0.21952244 0.14141597 -0.69353870
v -0.23480080 0.09297126 -0.68584420
v -0.22008051 0.09126958 -0.69004601
v -0.52998201 0.21945705 -0.59457586
v -0.53460229 0.20792782 -0.59123533
v -0.51170848 0.23498187 -0.60124876
v -0.53129036 0.23489681 -0.59640005
v -0.30068548 0.43947811 -0.59582738
v -0.29441570 0.45434157 -0.58757857
v -0.29321625 0.46716396 -0.57975930
v -0.28118712 0.44182893 -0.59434395
v -0.27690697 0.46102583 -0.58289113
v -0.31489186 0.43056865 -0.60002586
v -0.30023988 0.42318825 -0.60387437
v -0.28859519 0.42927408 -0.60111625
v -0.47011731 -0.05033468 -0.57004420
v -0.47739812 -0.03376105 -0.56932542
v -0.48382969 -0.04833961 -0.56131876
v -0.46449252 -0.04025105 -0.57617913
v -0.45700579 -0.05162219 -0.57758327
v -0.46131452 -0.06373290 -0.57151568
v -0.47511256 -0.06341750 -0.56280629
v -0.47668982 -0.01594776 -0.57339814
v -0.48828620 -0.02083715 -0.56463861
v -0.49370003 -0.03354364 -0.55768933
v -0.46304233 -0.02578783 -0.58011853
v -0.49538377 -0.04719734 -0.55298359
v -0.48939568 -0.06072312 -0.55341978
v -0.05040768 0.16077983 -0.73784864
v -0.03961408 0.15430658 -0.73939767
v -0.03703291 0.16810762 -0.74008312
v -0.05104892 0.17262604 -0.73791684
v -0.05987107 0.15490969 -0.73604153
v -0.04983754 0.14670038 -0.73736102
v -0.06412230 0.16758019 -0.73555615
v -0.02767720 0.18327995 -0.74154276
v -0.04398557 0.18304139 -0.73901610
v -0.02073811 0.16867777 -0.74258513
v -0.02522560 0.15358579 -0.74153902
v -0.66531818 0.12499667 -0.50608870
v -0.67846923 0.12615476 -0.49829899
v -0.66849083 0.11621423 -0.49850921
v -0.65619248 0.11211426 -0.50340385
v -0.67574515 0.13768471 -0.50655001
v -0.65096464 0.12192185 -0.51271774
v -0.66098085 0.13716635 -0.51545469
v -0.63595640 0.11834226 -0.51879830
v -0.64533980 0.13237332 -0.52169992
v -0.40923234 0.28478791 -0.62496162
v -0.41946657 0.29398604 -0.62179970
v -0.43040724 0.31872884 -0.61755362
v -0.43119820 0.30397351 -0.61880851
v -0.11765573 0.42065800 -0.59745417
v -0.10601879 0.42671540 -0.58906117
v -0.12162060 0.43012541 -0.58238082
v -0.13088934 0.42354601 -0.59251938
v -0.13181508 0.41357830 -0.60543291
v -0.11470522 0.41149734 -0.61049494
v -0.10097689 0.41744029 -0.60477778
v -0.14489744 0.42190019 -0.59490918
v -0.13849746 0.43101075 -0.58256820
v -0.28368030 0.20199654 -0.67155721
v -0.25910158 0.21607515 -0.67728601
v -0.65310576 0.02328778 -0.43129057
v -0.64574622 0.03183533 -0.44432292
v -0.66214838 0.03716976 -0.43766502
v -0.66988344 0.03065731 -0.42602518
v -0.65368666 0.01238840 -0.42046649
v -0.66415232 0.02067092 -0.42106033
v -0.10935160 0.05092497 -0.71229141
v -0.09489981 0.04502430 -0.71406567
v -0.10053593 0.06082846 -0.71598241
v -0.11612914 0.06329278 -0.71309880
v -0.32018320 0.24126830 -0.65616056
v -0.33664825 0.24853784 -0.65027750
v -0.32001225 0.25479460 -0.65390536
v -0.65626901 -0.00630460 -0.39955894
v -0.25010674 0.46008812 -0.58166012
v -0.24133821 0.44821751 -0.58832459
v -0.23485999 0.45867319 -0.58066612
v -0.23923140 0.47114957 -0.57248100
v -0.25384924 0.47318267 -0.57312046
v -0.25539426 0.44705376 -0.59032474
v -0.26241265 0.46533753 -0.57941130
v -0.26268315 0.45629521 -0.58529089
v -0.24636508 0.43577944 -0.59622053
v -0.22702361 0.46603549 -0.57401695
v -0.28970652 0.55000660 -0.51113086
v -0.37876325 0.38193231 -0.61251094
v -0.36014550 0.38050888 -0.61493886
v -0.39302931 0.39095154 -0.60816884
v -0.39032087 0.37400779 -0.61321077
v -0.37536080 0.36876474 -0.61637763
v -0.38636797 0.35994430 -0.61707287
v -0.40706050 0.37891829 -0.60964798
v -0.25399851 0.24324571 -0.67432394
v -0.26078826 0.25975669 -0.66882893
v -0.24329614 0.23238895 -0.67956282
v -0.23536513 0.24480363 -0.67947301
v -0.24668210 0.25688902 -0.67343556
v -0.25297513 0.22822361 -0.67736594
v -0.65423782 -0.07268514 -0.32053320
v -0.65835039 -0.06176725 -0.33076410
v -0.64940296 -0.06202105 -0.34062489
v -0.65832160 -0.05340097 -0.34220310
v -0.36865243 0.19012230 -0.64516872
v -0.38718616 0.19475489 -0.63802126
v -0.37842560 0.18037309 -0.64161154
v -0.37507518 0.20729849 -0.64225280
v -0.35669755 0.17968492 -0.64967460
v -0.35281828 0.19248702 -0.65071247
v -0.36214494 0.20309852 -0.64708672
v -0.36686450 0.17347939 -0.64600222
v -0.06753231 0.43686392 -0.56435981
v -0.07849807 0.43710430 -0.55728885
v -0.07585956 0.43598768 -0.56978402
v -0.06488288 0.43580685 -0.55092769
v -0.08803527 0.43580843 -0.56757272
v -0.08010591 0.43215342 -0.58184505
v -0.08205061 0.43640601 -0.53865501
v -0.09281841 0.43802090 -0.55263902
v -0.06948994 0.38821788 -0.64849809
v -0.07545228 0.37945971 -0.65605068
v -0.05987320 0.38148197 -0.65749545
v -0.07198398 0.39683338 -0.63821736
v -0.08154869 0.38843472 -0.64537554
v -0.06899398 0.36832330 -0.66793822
v -0.05554208 0.37180448 -0.66822092
v -0.08297809 0.37062697 -0.66243659
v -0.08929979 0.37865347 -0.65332781
v -0.34060290 0.40043183 -0.61067524
v -0.33023707 0.42364362 -0.60242646
v -0.32793168 0.40666509 -0.60938237
v -0.34576688 0.39042479 -0.61352844
v -0.50674050 0.16389366 -0.58969603
v -0.69704486 0.15402198 -0.49717991
v -0.69042884 0.16431321 -0.50449043
v -0.68390090 0.17551834 -0.51092446
v -0.67897570 0.16206490 -0.51361107
v -0.68481872 0.15086484 -0.50602429
v -0.69085447 0.13917118 -0.49686443
v -0.70289293 0.14595743 -0.49065295
v -0.71295355 -0.03481627 -0.30642137
v -0.70387564 -0.03490075 -0.31973417
v -0.70820630 -0.02440751 -0.33090129
v -0.22554501 0.53479029 -0.39514896
v -0.22069637 0.53037987 -0.41098160
v -0.21663326 0.52004580 -0.39907016
v -0.22233209 0.52467550 -0.38097342
v -0.23128203 0.54048262 -0.37985158
v -0.21243328 0.50970237 -0.38731312
v -0.21200559 0.51672529 -0.41542697
v -0.20610893 0.50436140 -0.40424978
v -0.21663647 0.52679226 -0.42596346
v -0.17959007 0.36681482 -0.64149169
v -0.16563629 0.37630622 -0.63716005
v -0.19104469 0.37717106 -0.63269740
v -0.19380640 0.36605307 -0.63952077
v -0.17841422 0.38171420 -0.63105498
v -0.19118831 0.35326393 -0.64778202
v -0.00737921 0.16982410 -0.74458594
v 0.00141493 0.19224256 -0.74591730
v -0.00563422 0.18116693 -0.74491446
v -0.65447757 0.00317663 -0.41066867
v -0.64210435 -0.01712283 -0.39855504
v -0.45660092 0.31111065 -0.61455102
v -0.44615037 0.29767519 -0.61681089
v -0.35782982 -0.06780887 -0.61555550
v -0.33850613 -0.07409286 -0.62034564
v -0.28548245 0.47946215 -0.57114678
v 0.01630384 0.40935874 -0.62859811
v 0.01365961 0.41579342 -0.61726295
v -0.66363867 0.10406153 -0.49292528
v -0.18843272 0.47283823 -0.38691199
v -0.18004083 0.46007020 -0.38383416
v -0.18824964 0.46748903 -0.37055095
v -0.18786542 0.47687045 -0.40163658
v -0.17948665 0.46424037 -0.39783639
v -0.19875693 0.48485924 -0.37606479
v -0.19513266 0.48387233 -0.39142449
v -0.17185431 0.45269947 -0.39324033
v -0.19886310 0.47897953 -0.35710911
v -0.19004873 0.46495943 -0.35528007
v -0.18299333 0.45706890 -0.36201901
v -0.03133659 0.08087712 -0.73196395
v -0.02420074 0.06673244 -0.73030407
v -0.02379826 0.09393681 -0.73536510
v -0.19783431 0.49494410 -0.41426946
v -0.20300027 0.50455342 -0.42128424
v -0.19383373 0.49355840 -0.42684039
v -0.19663809 0.48966691 -0.40290226
v -0.19899695 0.50341180 -0.43636694
v -0.20827001 0.51482970 -0.43095175
v -0.20315721 0.49550624 -0.38957758
v -0.34282583 0.05688469 -0.64714886
v -0.32999660 0.06160802 -0.65205445
v -0.34428917 0.07004148 -0.64828900
v -0.35047945 0.04592467 -0.64301116
v -0.33411979 0.04587701 -0.64846676
v -0.33302854 0.07784343 -0.65305658
v -0.34634026 0.08551971 -0.64924640
v -0.32190538 0.07215706 -0.65611670
v -0.31934454 0.04780152 -0.65356418
v -0.31443734 0.06145183 -0.65712519
v -0.69375001 0.04820233 -0.42321596
v -0.68710403 0.05643824 -0.43581036
v -0.69808207 0.04052545 -0.41271112
v -0.70867530 0.03829072 -0.40195323
v -0.72419217 0.04762868 -0.39921708
v -0.25765685 0.50004440 -0.55204883
v -0.25676300 0.48515668 -0.56437733
v -0.24354386 0.48997875 -0.55803033
v -0.23772137 0.50189015 -0.54498635
v -0.25194984 0.51347755 -0.53832501
v -0.26706384 0.51392543 -0.54229695
v -0.27573316 0.50405039 -0.55203742
v -0.27158275 0.49009537 -0.56231687
v -0.22714412 0.48866070 -0.55486365
v -0.24600390 0.48051047 -0.56660547
v -0.23633925 0.48162549 -0.56379396
v -0.26785803 0.47580650 -0.57251216
v -0.38511365 -0.01037060 -0.62040780
v -0.38096603 0.00074228 -0.62444253
v -0.36848888 -0.00855828 -0.62691245
v -0.37266136 0.00840792 -0.62901179
v -0.42922849 0.05813415 -0.61172330
v -0.41926614 0.06663900 -0.61783530
v -0.43155087 0.07584698 -0.61225463
v -0.44304561 0.06438419 -0.60476890
v -0.43962393 0.04832862 -0.60488228
v -0.41760776 0.05421998 -0.61729469
v -0.58587426 -0.07435354 -0.43112863
v -0.59155559 -0.05968348 -0.42645618
v -0.58180674 -0.06143256 -0.44222287
v -0.57129283 0.04979266 -0.50913602
v -0.56438743 0.03821464 -0.50821109
v -0.55873421 0.05132015 -0.51961535
v -0.57337016 0.06090687 -0.51453172
v -0.57758418 0.04253317 -0.49987225
v -0.58322251 0.05563537 -0.50457402
v -0.11180449 0.37029492 -0.65493179
v -0.11250873 0.38301496 -0.64301436
v -0.12421288 0.36204827 -0.65831965
v -0.09688010 0.36669222 -0.66202356
v -0.10154551 0.37751043 -0.65119872
v -0.11067285 0.35741833 -0.66563960
v -0.09674824 0.38828159 -0.64167075
v -0.10745147 0.39315107 -0.63381327
v -0.12059377 0.39301228 -0.63083997
v -0.60031741 0.27660098 -0.56771079
v -0.18518182 0.49424864 -0.51601687
v -0.18093441 0.49372961 -0.50260699
v -0.19723369 0.50047553 -0.52012235
v -0.18793646 0.50037819 -0.49249949
v -0.21169330 0.50615246 -0.52536819
v -0.21718157 0.51554599 -0.51423989
v -0.19542581 0.03337628 -0.68839477
v -0.18405036 0.04245059 -0.69310913
v -0.18354973 0.02750880 -0.69046668
v -0.20968825 0.03170377 -0.68411417
v -0.17207478 0.02386703 -0.69270345
v -0.17392705 0.03323633 -0.69408100
v -0.19457004 0.50211018 -0.45172726
v -0.20474332 0.51328046 -0.44612487
v -0.18889578 0.49234491 -0.44160630
v -0.19108687 0.50149230 -0.46651982
v -0.18230925 0.49026747 -0.45870675
v -0.20129530 0.51155809 -0.46124566
v -0.14106092 0.33847809 -0.66966479
v -0.15151119 0.32172969 -0.67599416
v -0.14066829 0.31091800 -0.68460309
v -0.15196716 0.30609692 -0.68346778
v -0.16432206 0.30971668 -0.67825745
v -0.16792733 -0.01497170 -0.68513782
v -0.15902189 -0.02486212 -0.68472400
v -0.15664525 -0.01111253 -0.68868115
v -0.17364897 -0.02558834 -0.68110270
v -0.29523394 0.13946754 -0.66999800
v -0.29978539 0.12242857 -0.66783959
v -0.28476719 0.12499748 -0.67281761
v -0.28537936 0.15442829 -0.67328436
v -0.29946155 0.15496579 -0.66887307
v -0.30897770 0.13359849 -0.66539746
v -0.31027692 0.14747510 -0.66533756
v -0.27737380 0.13860121 -0.67563548
v -0.26081191 0.13278029 -0.68067064
v -0.27228499 0.12554684 -0.67683087
v -0.00461781 0.10813582 -0.74031272
v -0.46463382 -0.07649312 -0.56524567
v -0.45159238 -0.07581187 -0.57317325
v -0.47958896 -0.08021096 -0.55367921
v -0.33083672 -0.06121145 -0.62667206
v -0.32103477 -0.05367614 -0.63199825
v -0.34659985 -0.05644425 -0.62266249
v -0.45360461 -0.03918160 -0.58268946
v -0.45049980 -0.02828053 -0.58689122
v -0.44287596 -0.05159056 -0.58507923
v -0.44196901 -0.03721290 -0.58929990
v -0.44039444 -0.02391083 -0.59304605
v -0.45207209 -0.01525590 -0.58850484
v -0.46502504 -0.00736201 -0.58220467
v -0.26214756 -0.07703670 -0.64329784
v -0.27769309 -0.07583924 -0.63912166
v -0.27144847 -0.06385747 -0.64441564
v -0.25409481 -0.06303436 -0.64962762
v -0.29608220 0.03469230 -0.65882203
v -0.28597221 0.05044444 -0.66449048
v -0.30441641 0.04904596 -0.65850926
v -0.31007250 0.03693258 -0.65482335
v -0.30744091 0.02110884 -0.65292774
v -0.76112139 0.03536052 -0.35442781
v -0.77112940 0.03240798 -0.34102290
v -0.75509340 0.02609484 -0.34517980
v -0.74885041 0.02886350 -0.35554429
v -0.75064154 0.03677590 -0.36535362
v -0.77622838 0.04213923 -0.35414552
v -0.76477832 0.04436524 -0.36583362
v -0.78613998 0.03959594 -0.34262586
v -0.77355678 0.02602203 -0.32675720
v -0.76080762 0.02259131 -0.33315183
v -0.78471829 0.03319153 -0.33133820
v -0.73965755 0.01752281 -0.34914809
v -0.74975288 0.01812665 -0.33800412
v -0.79551122 0.05725427 -0.36402611
v -0.79184454 0.04782243 -0.35290734
v -0.78042692 0.05243860 -0.36795156
v -0.80048039 0.05303316 -0.35356314
v -0.77599618 0.05915499 -0.38096168
v -0.55653413 0.28943382 -0.59209659
v -0.56122733 0.27713888 -0.59078301
v -0.54635280 0.27606398 -0.59597098
v -0.56405582 0.29803696 -0.58715937
v -0.56912856 0.28606528 -0.58654234
v -0.55762374 0.26527980 -0.59167891
v -0.54241731 0.25494280 -0.59559864
v -0.52696579 0.26921401 -0.60116910
v -0.53401589 0.28347156 -0.60025108
v -0.10424828 0.43685967 -0.56449601
v -0.09636016 0.43201779 -0.57898429
v -0.09014033 0.42585103 -0.59318605
v -0.07650875 0.42661552 -0.59522569
v -0.43918310 0.03296028 -0.60322367
v -0.40723976 0.04640494 -0.62114046
v -0.29453155 -0.07277379 -0.63493591
v -0.72568756 0.02616630 -0.37441082
v -0.71446220 0.02374485 -0.38223640
v -0.72140705 0.03499909 -0.38798627
v -0.73819504 0.02743932 -0.36394194
v -0.72657690 0.01667924 -0.36244804
v -0.71528702 0.01577312 -0.37297512
v -0.73802770 0.03775364 -0.37714894
v -0.03626430 0.05549684 -0.72625812
v -0.03796161 0.06996572 -0.72894531
v -0.04186250 0.04113436 -0.72237315
v -0.02842090 0.04049500 -0.72415324
v -0.05230209 0.05181807 -0.72303819
v -0.01906994 0.05148622 -0.72783390
v -0.29713272 0.32186878 -0.64278496
v -0.31242548 0.32669022 -0.63823630
v -0.30834781 0.31264421 -0.64324519
v -0.28015362 0.31815509 -0.64726865
v -0.28841477 0.33028108 -0.64165063
v -0.30108509 0.33605458 -0.63739847
v -0.31959585 0.30327242 -0.64325969
v -0.32338736 0.31738056 -0.63863680
v -0.02512716 -0.07495043 -0.69350167
v -0.03192672 -0.05539110 -0.69854712
v -0.04044025 -0.06969435 -0.69302414
v -0.59587191 0.13339573 -0.54473648
v -0.60538512 0.12737569 -0.53797509
v -0.60112223 0.11404451 -0.53280360
v -0.60863562 0.14121145 -0.54305537
v -0.61902752 0.13519971 -0.53589686
v -0.61530022 0.12148691 -0.53068723
v -0.34630361 0.26506752 -0.64476457
v -0.35232909 0.25323307 -0.64507146
v -0.33960349 0.27962812 -0.64375637
v -0.35619047 0.27863124 -0.63957811
v -0.33063137 0.26570786 -0.64893380
v -0.36150197 0.26337202 -0.64080068
v -0.35205612 0.24007608 -0.64702455
v -0.36435311 0.24828447 -0.64220243
v -0.36767815 0.34333612 -0.62348316
v -0.38182826 0.34835343 -0.62021526
v -0.34956157 0.34902195 -0.62503262
v -0.36219718 0.36049190 -0.62014660
v -0.36750278 0.32417964 -0.62776123
v -0.35191139 0.33227308 -0.62890211
v -0.37466374 0.35608754 -0.61954312
v -0.38902995 0.11074115 -0.63476617
v -0.36252386 0.10640094 -0.64507127
v -0.37361061 0.11818748 -0.64147982
v -0.22351711 0.49053518 -0.31065432
v -0.22272601 0.47953499 -0.30150043
v -0.23233668 0.50372665 -0.30729165
v -0.41938416 0.16349998 -0.62405386
v -0.41691667 0.14902408 -0.62450875
v -0.40361220 0.15220568 -0.63052700
v -0.40421217 0.16996615 -0.63084373
v -0.41609587 0.17803276 -0.62601413
v -0.42985672 0.15193598 -0.61882851
v -0.42886229 0.17743333 -0.62058264
v -0.43595871 0.16590987 -0.61695624
v -0.39016700 0.16034112 -0.63651776
v -0.40938345 0.14041337 -0.62749732
v -0.39634083 0.13552272 -0.63301242
v -0.38920873 0.14646131 -0.63647785
v -0.42222675 0.13691782 -0.62142662
v -0.41743634 0.25416922 -0.62521684
v -0.42121942 0.23307363 -0.62469084
v -0.40746196 0.23888710 -0.62915082
v -0.43419707 0.24717081 -0.62054679
v -0.40322077 0.26926245 -0.62812959
v -0.42241042 0.27635005 -0.62262546
v -0.39983978 0.25097230 -0.63085341
v -0.43429619 0.26357189 -0.62032604
v -0.44189419 0.27877055 -0.61828349
v -0.44449204 0.26742838 -0.61788110
v -0.44615628 0.25770302 -0.61747134
v -0.39797503 0.42694266 -0.59357137
v -0.38851951 0.43682548 -0.59008644
v -0.40286428 0.43819414 -0.58549138
v -0.40405214 0.41728836 -0.59702897
v -0.40060202 0.40591374 -0.60226210
v -0.41491517 0.41034397 -0.59746517
v -0.22888815 0.07605203 -0.68558405
v -0.57389558 0.29725551 -0.58081615
v -0.58094625 0.28449017 -0.57960585
v -0.59894967 -0.04527187 -0.42131260
v -0.58972117 -0.04871677 -0.43386225
v -0.59392128 -0.03567352 -0.43372003
v -0.60226145 -0.03217826 -0.42409161
v -0.60896402 -0.03496698 -0.41393443
v -0.21947381 0.23582430 -0.68618490
v -0.20546779 0.24357752 -0.68894077
v -0.21986971 0.25237392 -0.68249757
v -0.20543905 0.22640763 -0.69220939
v -0.23171386 0.22760068 -0.68391148
v -0.21942014 0.21962971 -0.68895924
v 0.00575854 0.28960360 -0.73724350
v -0.00589343 0.27979945 -0.73748503
v 0.00395819 0.26420706 -0.74252592
v -0.31850056 0.34227279 -0.63227129
v -0.33280178 0.35409993 -0.62629661
v -0.33623937 0.33848662 -0.63019575
v -0.32580686 0.32970516 -0.63467917
v -0.28813346 0.34232927 -0.63740171
v -0.28668623 0.35425064 -0.63315234
v -0.59050947 0.28417409 -0.57299015
v -0.58965276 0.27286011 -0.57680927
v -0.01956752 0.42461437 -0.60755444
v -0.00985488 0.41785041 -0.61908879
v 0.00164536 0.41961782 -0.61524260
v 0.00441185 0.41340639 -0.62494969
v -0.42792645 0.21847182 -0.62232511
v -0.44818413 0.20164473 -0.61444277
v -0.43248672 0.20377936 -0.62024806
v -0.46433872 0.16905431 -0.60579182
v -0.45377275 0.18521381 -0.61124319
v -0.47192336 0.18790864 -0.60531162
v -0.48031643 0.16064264 -0.59856312
v -0.46527858 0.14727679 -0.60267765
v -0.44724988 0.15471422 -0.61132812
v -0.44861560 0.17046278 -0.61201188
v -0.46418530 0.20082126 -0.60910915
v -0.44108859 0.17760746 -0.61553847
v -0.43782121 0.18929719 -0.61753643
v -0.47837138 0.20159316 -0.60497853
v -0.04796663 0.23275516 -0.73608860
v -0.04828360 0.22061425 -0.73703146
v -0.03604036 0.22490938 -0.73888387
v -0.05905857 0.22576038 -0.73454659
v -0.05973146 0.23884399 -0.73282613
v -0.04949202 0.24484700 -0.73425565
v -0.04000949 0.20879406 -0.73901098
v -0.05855790 0.21089515 -0.73568442
v -0.02327227 0.21478241 -0.74153750
v -0.02161114 0.23064473 -0.74109770
v -0.71896175 0.09377445 -0.44612716
v -0.70192759 0.08794311 -0.45247681
v -0.20864234 0.51985741 -0.47319917
v -0.64117895 0.18993037 -0.54531338
v -0.65456499 0.18751661 -0.53669236
v -0.64409136 0.17277009 -0.53857014
v -0.65031508 0.20057528 -0.54234880
v -0.62746700 0.17821835 -0.54867598
v -0.64048902 0.20266184 -0.54888753
v -0.62795961 0.19759400 -0.55409605
v -0.66770474 0.18862235 -0.52711689
v -0.66009365 0.17392665 -0.52966801
v -0.66063605 0.19945343 -0.53445027
v -0.63104704 0.16407514 -0.54228304
v -0.65263760 0.16149651 -0.53035310
v -0.63935873 0.15422720 -0.53455519
v -0.27504396 0.55855462 -0.49643064
v -0.27883519 0.55149056 -0.50801569
v -0.05133478 -0.06026399 -0.69434527
v -0.05012236 -0.04430389 -0.69923900
v -0.06516907 -0.05067559 -0.69517618
v -0.06454637 -0.06406456 -0.69126152
v -0.05470541 -0.07780458 -0.68839352
v -0.19925867 0.47152196 -0.56100345
v -0.18570301 0.46380083 -0.56248192
v -0.21272183 0.47979964 -0.55839922
v -0.21329917 0.46639700 -0.57018052
v -0.19786541 0.45868950 -0.57176557
v -0.19981798 0.48286231 -0.54980674
v -0.17226338 0.45630298 -0.56363718
v -0.18397847 0.45181339 -0.57295633
v -0.21481253 0.46944529 -0.30566141
v -0.21014130 0.45798764 -0.30322232
v -0.20446463 0.44307635 -0.29933625
v -0.20564743 0.46453076 -0.31628749
v -0.20041291 0.45114902 -0.31177976
v -0.63707438 0.06791195 -0.48152183
v -0.61404827 0.06717283 -0.49451209
v -0.26177191 0.52256656 -0.53306196
v -0.27399681 0.52535448 -0.53374307
v -0.25071137 0.52595007 -0.52477942
v -0.26580241 0.53249866 -0.52464134
v -0.28196559 0.51650985 -0.54270834
v -0.23773908 0.51471702 -0.53107683
v -0.02230743 0.29242537 -0.72992926
v -0.00584848 0.29720263 -0.73241241
v -0.01688488 0.30745850 -0.72558856
v -0.03613102 0.28314940 -0.72927238
v -0.56982181 -0.04378776 -0.46619208
v -0.56496770 -0.05572941 -0.47015568
v -0.55987279 -0.04692948 -0.47987396
v -0.57336554 -0.05474915 -0.45769397
v -0.57758850 -0.03134051 -0.45912210
v -0.57587395 -0.04294905 -0.45736032
v -0.56755153 -0.03179748 -0.47321929
v -0.55629753 -0.06547297 -0.48015657
v -0.56521319 -0.06808610 -0.46656799
v -0.54933905 -0.05733539 -0.49179643
v -0.55157824 -0.04174097 -0.49286354
v -0.55944121 -0.03309321 -0.48433562
v -0.37741044 0.22449817 -0.64041203
v -0.39239825 0.23442283 -0.63451117
v -0.39006977 0.21465387 -0.63641960
v -0.36373200 0.21690160 -0.64568386
v -0.36473677 0.23269107 -0.64393376
v -0.37740584 0.24125413 -0.63893124
v -0.40658118 0.22185473 -0.63007640
v -0.40110820 0.20534917 -0.63247850
v -0.38761145 0.24906523 -0.63489742
v -0.16737681 0.04250900 -0.69741599
v -0.16233210 0.02956731 -0.69620823
v -0.17482187 0.05720540 -0.69807047
v -0.16164055 0.01445956 -0.69324973
v -0.63779161 -0.05884518 -0.35877059
v -0.62734726 -0.06177549 -0.36972465
v -0.63872117 -0.04685249 -0.37087593
v -0.64717978 -0.04890352 -0.35935958
v -0.64796664 -0.05586207 -0.34996945
v -0.65754814 -0.04597577 -0.35286419
v -0.29643723 -0.00451642 -0.65147015
v -0.29274001 -0.01911167 -0.64941376
v -0.28174463 -0.00895033 -0.65495423
v -0.28730038 0.00345413 -0.65587527
v -0.29784633 0.00817730 -0.65357495
v -0.31015588 0.00354204 -0.64881679
v -0.30877222 -0.01338442 -0.64578871
v -0.40593812 0.44735668 -0.57703897
v -0.34934805 0.20890826 -0.65102774
v -0.35230047 0.22510389 -0.64871878
v -0.53228509 0.10559712 -0.55944893
v -0.53477325 0.12049986 -0.56411230
v -0.24648009 0.58539502 -0.41599904
v -0.24360427 0.58349410 -0.42359668
v -0.24306719 0.58020821 -0.41455520
v -0.24789765 0.58120555 -0.40548921
v -0.32310842 -0.07418064 -0.62551623
v -0.30984606 -0.07459508 -0.62966322
v -0.77523326 0.02121915 -0.31582715
v -0.76400002 0.01753563 -0.32073406
v -0.76894108 0.01363629 -0.30803148
v -0.58305547 -0.04250760 -0.44691595
v -0.57267927 -0.06955273 -0.45469998
v -0.23875107 0.55352182 -0.37786437
v -0.15182850 0.18923340 -0.71322470
v -0.07888105 0.00585234 -0.70820102
v -0.06339515 -0.00129976 -0.70894493
v -0.06868069 0.01191533 -0.71140595
v -0.07922199 0.02200231 -0.71198546
v -0.09240364 0.01428011 -0.70782386
v -0.07687563 -0.00944405 -0.70471893
v -0.09267849 -0.00220185 -0.70382052
v -0.09433707 0.02900912 -0.71079670
v -0.14506891 -0.02115527 -0.68876948
v -0.14709165 -0.03590457 -0.68445092
v -0.14251174 -0.00621131 -0.69299726
v -0.14947313 -0.04845665 -0.68048814
v -0.16359706 -0.04023776 -0.67957940
v -0.12106718 -0.04365327 -0.68767822
v -0.30015765 0.06337252 -0.66193709
v -0.31040528 0.07492663 -0.66017637
v -0.66268296 0.20979968 -0.53118796
v -0.65553844 0.20940188 -0.53895102
v -0.66799669 0.20065260 -0.52725538
v -0.74799947 0.06770360 -0.40636635
v -0.76163924 0.07705663 -0.41048447
v -0.76413138 0.06804440 -0.39920998
v -0.75481313 0.06111513 -0.39512800
v -0.74118617 0.05486045 -0.39542890
v -0.74808760 0.07924689 -0.41817106
v -0.75879532 0.08701775 -0.42105849
v -0.77196611 0.08507336 -0.41329774
v -0.76572312 0.06033526 -0.38842067
v -0.67821095 0.11455021 -0.49077505
v -0.23370625 -0.01103959 -0.66866947
v -0.23726681 -0.02410584 -0.66461763
v -0.74420959 0.00479403 -0.32416810
v -0.75411403 0.00646375 -0.31352251
v -0.75225950 0.01344445 -0.32744604
v -0.74177017 0.00968942 -0.33497480
v -0.72280223 -0.00374152 -0.34112254
v -0.73246165 0.00558702 -0.34132192
v -0.34134065 0.51287674 -0.54099881
v -0.33077456 0.51523099 -0.54238435
v -0.34783061 0.50414200 -0.54745887
v -0.33497508 0.52044467 -0.53477182
v -0.32152617 0.52263851 -0.53611703
v -0.64575870 0.21420868 -0.54656543
v -0.63485684 0.21057275 -0.55339193
v -0.63454719 0.22366130 -0.55446982
v -0.63493816 0.23880412 -0.55300473
v -0.62288141 0.21408456 -0.55986950
v -0.61901531 0.23405792 -0.56351797
v -0.19766706 0.50900032 -0.47380283
v -0.18910526 0.50130150 -0.48025325
v -0.18218917 0.49378507 -0.47350043
v -0.51072192 0.33326291 -0.60083749
v -0.52680769 0.33427058 -0.59417512
v -0.51648052 0.34575977 -0.59337591
v -0.49528798 0.33926565 -0.60394280
v -0.50488053 0.34568649 -0.59890520
v -0.49620861 0.32560432 -0.60654222
v -0.03523011 0.14254919 -0.73948762
v -0.04368269 0.13467843 -0.73753030
v -0.03016764 0.12762617 -0.73899442
v -0.02270205 0.13931418 -0.74118180
v -0.60758665 0.21754956 -0.56755140
v -0.61051549 0.20015711 -0.56271525
v -0.16251838 0.44481102 -0.40099376
v -0.51399935 0.03543366 -0.55183900
v -0.53564789 0.04444483 -0.53557290
v -0.52290562 0.04915538 -0.54741881
v -0.53539095 0.05709931 -0.53980706
v -0.52921820 0.06777574 -0.54785835
v -0.51624672 0.06110938 -0.55543046
v -0.31881227 -0.06516479 -0.62954943
v -0.30854643 -0.06214026 -0.63366358
v -0.28470650 -0.06411147 -0.64043346
v -0.29659907 -0.05707900 -0.63876997
v -0.06366037 0.02251584 -0.71472663
v -0.05794562 0.01078119 -0.71282827
v -0.05180981 -0.01177602 -0.70799511
v -0.04563840 0.00169466 -0.71235219
v -0.06362051 -0.01756894 -0.70469336
v -0.49608684 0.30083620 -0.60905591
v -0.49604462 0.31216708 -0.60838818
v -0.81107420 0.03959215 -0.31694711
v -0.37020865 -0.05883147 -0.61381634
v -0.38161740 -0.05835005 -0.60973868
v -0.37606343 -0.04808203 -0.61462465
v -0.36222226 -0.05142583 -0.61867087
v -0.53805515 0.19356459 -0.58711645
v -0.27713449 -0.02422411 -0.65290310
v -0.26417950 -0.01385412 -0.65908200
v -0.30418244 -0.02859074 -0.64376049
v -0.28799763 -0.03424278 -0.64727299
v -0.38953600 -0.04722302 -0.60975278
v -0.39439219 -0.05823770 -0.60479948
v -0.39931635 -0.07017459 -0.59924283
v -0.40280699 -0.04724081 -0.60443264
v -0.40604457 -0.05746043 -0.60024268
v -0.38349450 -0.03583393 -0.61499916
v -0.39783166 -0.03578584 -0.60940917
v -0.49383335 0.35213771 -0.60021902
v -0.50538836 0.35623270 -0.59310248
v -0.48178643 0.34574737 -0.60562255
v -0.48068325 0.35907623 -0.60178650
v -0.36727587 0.29097276 -0.63443295
v -0.38686366 0.27285774 -0.63223839
v -0.37187317 0.27548320 -0.63593429
v -0.36598336 0.30685574 -0.63168205
v -0.34974683 0.29615826 -0.63769236
v 0.00813811 0.40367911 -0.63822335
v 0.00451446 0.39490513 -0.65014458
v 0.00959642 0.38648878 -0.66055799
v -0.10905807 0.40260070 -0.62263530
v -0.10449389 0.40999631 -0.61448619
v -0.12458107 0.40363196 -0.61826663
v -0.09358158 0.40753163 -0.61994732
v -0.09855318 0.39810585 -0.63039991
v -0.25021817 0.05735742 -0.67655130
v -0.26342718 0.06437569 -0.67355411
v -0.26690174 0.05052813 -0.67041747
v -0.25499040 0.07348428 -0.67736936
v -0.23822948 0.04331100 -0.67790445
v -0.23284453 0.05861654 -0.68195388
v -0.24223724 0.06952947 -0.68074357
v -0.25307164 0.04227063 -0.67329968
v -0.27480143 0.34740890 -0.63742610
v -0.27624695 0.33320898 -0.64263717
v -0.26024884 0.33763939 -0.64341224
v -0.27636444 0.36213011 -0.63130876
v -0.26169631 0.35515877 -0.63590659
v -0.73999509 0.11284254 -0.44753550
v -0.72860651 0.11266483 -0.45499388
v -0.72513373 0.12177544 -0.46293744
v -0.72280983 0.13157414 -0.46953694
v -0.32123544 0.10210701 -0.65937589
v -0.32964673 0.11452182 -0.65750401
v -0.33498562 0.10569195 -0.65505657
v -0.31703013 0.12066682 -0.66206801
v -0.30402478 0.10623442 -0.66534211
v -0.30737131 0.08977100 -0.66278311
v -0.33417659 0.09306599 -0.65422998
v -0.32139506 0.08499522 -0.65773171
v -0.14784343 0.46513198 -0.49863939
v -0.13250765 0.45332836 -0.50210694
v -0.13886451 0.45613580 -0.48902067
v -0.14911779 0.46318165 -0.48071919
v -0.14562162 0.46312704 -0.51564243
v -0.13971809 0.45916829 -0.50822991
v -0.15912409 0.47371694 -0.48502406
v -0.16034159 0.47635457 -0.49696676
v -0.15933579 0.47447421 -0.51167930
v -0.12652914 0.44628968 -0.48825454
v -0.11960899 0.44607622 -0.51374060
v -0.12231154 0.44603785 -0.50066257
v -0.13384291 0.45466480 -0.51674483
v -0.13899252 0.45270429 -0.47574055
v -0.32289518 0.03277640 -0.65003201
v -0.32704509 0.01465168 -0.64551358
v -0.33938470 0.03140281 -0.64444762
v -0.26380047 -0.02955904 -0.65557604
v -0.27215048 -0.03912872 -0.65077312
v -0.25401495 -0.04359823 -0.65492160
v -0.25128318 -0.02684099 -0.65989103
v -0.24938362 0.55746915 -0.34382371
v -0.24858848 0.56153223 -0.35832943
v -0.24271000 0.55172275 -0.35428476
v -0.24252055 0.54565588 -0.33956399
v -0.23889013 0.53490903 -0.33078640
v -0.24513991 0.54336458 -0.32589963
v -0.23577298 0.53532312 -0.34264891
v -0.23634923 0.54054886 -0.35337340
v -0.00200656 0.25128265 -0.74321293
v -0.22126802 0.16045145 -0.69305259
v -0.20578645 0.15054759 -0.69784685
v -0.20864729 0.16485655 -0.69688244
v -0.21515541 0.17612106 -0.69444527
v -0.22885083 0.17706593 -0.69018864
v -0.23794206 0.16489166 -0.68788551
v -0.23329865 0.14934386 -0.68951886
v -0.24730942 0.15359600 -0.68523704
v -0.21480013 0.47816686 -0.31393100
v -0.71163612 0.14409578 -0.48305654
v -0.20388253 0.35987035 -0.64151266
v -0.21591150 0.35330682 -0.64305489
v -0.20359618 0.37259529 -0.63397179
v -0.21501988 0.36641234 -0.63604699
v -0.22646080 0.36083865 -0.63750332
v -0.23041732 0.34620367 -0.64423207
v -0.30549316 0.52930958 -0.53138617
v -0.04153697 0.09449651 -0.73265426
v -0.13394586 0.39606406 -0.62489336
v -0.13756481 0.40424446 -0.61558842
v -0.14490465 0.39855148 -0.62057237
v -0.23553820 0.20553004 -0.68585324
v -0.23032373 0.21475565 -0.68632887
v -0.24302481 0.21777194 -0.68195692
v -0.23345678 0.19237977 -0.68775287
v -0.22232441 0.20307774 -0.69016001
v -0.22362913 0.51634263 -0.34975470
v -0.22540822 0.51116030 -0.33319600
v -0.23143592 0.52520663 -0.33848915
v -0.23004159 0.52885643 -0.35238185
v -0.22313881 0.52087106 -0.36436076
v -0.21605673 0.50813562 -0.36220764
v -0.21612128 0.50285160 -0.34798280
v -0.22404122 0.50051553 -0.32109143
v -0.23179977 0.51203418 -0.31783210
v -0.23546996 0.52329654 -0.32344754
v -0.21616984 0.49632679 -0.33464030
v -0.43676691 0.14157381 -0.61499151
v -0.75299155 0.04568393 -0.37595869
v -0.74395743 0.04753685 -0.38453868
v -0.73365684 0.04469398 -0.38873693
v -0.76602641 0.05275426 -0.37754242
v -0.75420664 0.05387924 -0.38610154
v -0.43208692 0.29012473 -0.61966905
v -0.44276175 0.31329126 -0.61632121
v -0.22280821 0.49775380 -0.54411344
v -0.21380900 0.49926995 -0.53767909
v -0.22460924 0.50623586 -0.53454772
v -0.21229830 0.49073581 -0.54708670
v -0.22581471 0.51553032 -0.52249423
v -0.19959531 0.49343522 -0.53587632
v -0.31295239 -0.02232212 -0.64256481
v -0.31032252 -0.03812265 -0.63954358
v -0.18737487 0.23431571 -0.69638772
v -0.17115224 0.22796487 -0.70268563
v -0.17071829 0.24174105 -0.70006226
v -0.71145685 -0.01409253 -0.34166993
v -0.07367335 -0.07295754 -0.68708172
v -0.17398234 0.28378244 -0.68651746
v -0.19821313 0.28249093 -0.67999204
v -0.18562293 0.27626069 -0.68592710
v -0.19628921 0.26782417 -0.68549892
v -0.20929366 0.27369160 -0.67974448
v -0.21175279 0.28848945 -0.67384382
v -0.49846495 0.22723038 -0.60325361
v -0.67308238 0.17433889 -0.52056385
v -0.67777364 0.18726094 -0.51692874
v -0.66513676 0.15934364 -0.52227255
v -0.67372049 0.19755169 -0.52093681
v -0.24216949 0.52043197 -0.30512420
v -0.24388415 0.53459942 -0.31706939
v -0.25161858 0.53706952 -0.30411632
v -0.44816238 -0.06399382 -0.57880253
v -0.24736863 -0.01290690 -0.66428184
v -0.24244855 -0.00232684 -0.66806250
v -0.16049517 0.44745451 -0.41292414
v -0.15248746 0.44385492 -0.42336790
v -0.16963211 0.45542812 -0.40706466
v -0.15992962 0.29272969 -0.68691011
v -0.12700315 0.15167232 -0.72070501
v -0.12733000 0.16395002 -0.72094618
v -0.13384035 0.13974989 -0.71814903
v -0.14150809 0.15724157 -0.71673004
v -0.11584761 0.17542806 -0.72404761
v -0.11002489 0.12414713 -0.72301513
v -0.12516530 0.12503632 -0.71928687
v -0.15434508 0.17240286 -0.71305173
v -0.17670132 0.15433995 -0.70651936
v -0.16027868 0.15547133 -0.71131328
v -0.35163429 0.31523821 -0.63301966
v -0.33563833 0.30812700 -0.63828556
v -0.33765711 0.32355258 -0.63394875
v -0.43491232 0.12739777 -0.61476958
v -0.41944134 0.11981148 -0.62165078
v -0.40804146 0.12826530 -0.62748316
v -0.58036283 0.02129758 -0.48330085
v -0.57653053 0.00807445 -0.47889755
v -0.52223843 0.25031507 -0.60058063
v -0.26382167 0.31031260 -0.65314877
v -0.26663189 0.32403395 -0.64766788
v -0.56121872 0.07742410 -0.53106585
v -0.55852849 0.08676271 -0.53700973
v -0.56672415 0.09064084 -0.53495736
v -0.56440415 0.06532698 -0.52272478
v -0.55470087 0.06362556 -0.52826042
v -0.57760335 0.08633448 -0.52732896
v -0.57507498 0.07338359 -0.52092848
v -0.54471673 0.06924323 -0.53761626
v -0.55002373 0.08392514 -0.54049278
v -0.55727287 0.09475775 -0.54177686
v -0.57701316 0.09625852 -0.53322931
v -0.53944154 0.33406882 -0.58701753
v -0.33686126 0.16348799 -0.65658036
v -0.33947210 0.14674587 -0.65539205
v -0.32431877 0.15536996 -0.66076076
v -0.32570174 0.17335752 -0.66022626
v -0.34203663 0.17869730 -0.65472523
v -0.35237988 0.16411051 -0.65115680
v -0.32226136 0.13849325 -0.66111783
v -0.31087432 0.16355996 -0.66515465
v -0.23706610 0.52332702 -0.51978835
v -0.18308275 0.13962960 -0.70437092
v -0.19544334 0.14036313 -0.70080823
v -0.28273398 -0.05060818 -0.64468182
v -0.26693401 -0.05211108 -0.64894712
v -0.29869043 -0.04308907 -0.64184405
v -0.18363410 0.45411029 -0.35167402
v -0.17835954 0.44466794 -0.34749155
v -0.18584972 0.45175740 -0.34010604
v -0.19035167 0.46099157 -0.34489355
v -0.17858444 0.43863692 -0.33593439
v -0.10640437 -0.04724304 -0.68939744
v -0.45177922 0.35936222 -0.60797148
v -0.45585465 0.34412018 -0.61076974
v -0.44090494 0.34594884 -0.61245974
v -0.45583241 0.37510379 -0.60238777
v -0.46743805 0.36594928 -0.60306260
v -0.43494136 0.35792850 -0.61087112
v -0.46794461 0.35237486 -0.60691749
v -0.43891045 0.37205743 -0.60653787
v -0.44682789 0.33416183 -0.61361798
v -0.46906442 0.33859731 -0.60965463
v -0.45829134 0.33293040 -0.61226469
v -0.43322752 0.33289244 -0.61547927
v -0.17513354 -0.05239983 -0.67350353
v -0.18566360 -0.06384398 -0.66765954
v -0.15895317 -0.05650214 -0.67607795
v -0.16883112 -0.06715401 -0.67067179
v -0.20782468 0.49435085 -0.36102390
v -0.20917783 0.50092576 -0.37520266
v -0.20824073 0.48968148 -0.34679797
v -0.21665898 0.51289436 -0.37416614
v -0.28474439 0.41511149 -0.60792789
v -0.29946557 0.40957783 -0.60993605
v -0.27304405 0.39287139 -0.61844473
v -0.27445052 0.40408703 -0.61329244
v -0.06213401 0.12169533 -0.73285061
v -0.07691536 0.11888155 -0.72967686
v -0.06640504 0.10927619 -0.73050371
v -0.05659967 0.13456867 -0.73523488
v -0.04621754 0.12265400 -0.73582106
v -0.05181634 0.10853095 -0.73302434
v -0.23007837 0.53375276 -0.36619469
v -0.30958029 -0.04914351 -0.63689804
v -0.31430912 0.28932791 -0.64805710
v -0.33053391 0.29263248 -0.64322570
v -0.32318777 0.27830621 -0.64833956
v -0.69474229 -0.00338770 -0.37246115
v -0.68458638 -0.01143501 -0.37265545
v -0.56445269 -0.01821758 -0.48215796
v -0.57434104 -0.00510701 -0.47456148
v -0.57481032 -0.01821453 -0.46811718
v -0.55401545 -0.02704115 -0.49357404
v -0.44092735 0.32460007 -0.61553445
v -0.45209202 0.32338670 -0.61419122
v -0.41874312 -0.03242292 -0.60137261
v -0.40870792 -0.02364512 -0.60775985
v -0.42626220 -0.01913356 -0.60089088
v -0.40947394 -0.03733930 -0.60422584
v -0.41808181 -0.04717958 -0.59787179
v -0.42996426 -0.03433320 -0.59577139
v -0.44008797 -0.00910902 -0.59611183
v -0.42925146 -0.00263402 -0.60289154
v -0.39198585 -0.02318167 -0.61476840
v -0.09733332 0.43935374 -0.53992346
v -0.10701582 0.44049275 -0.54807329
v -0.08755816 0.43455430 -0.52053999
v -0.09568702 0.43845148 -0.52923956
v -0.10958954 0.44237206 -0.53147991
v -0.09720293 0.35209828 -0.67337654
v -0.08334642 0.35933425 -0.67171479
v -0.08306138 0.34399850 -0.68311928
v -0.45228542 0.00291676 -0.59140082
v -0.45809971 0.02137072 -0.59056612
v -0.46765076 0.00990512 -0.58306088
v -0.44307765 0.01738153 -0.59890215
v -0.43949224 0.00353363 -0.59877546
v -0.17200903 0.41943856 -0.32142828
v -0.18319193 0.42838659 -0.31556388
v -0.17692163 0.42959886 -0.32652228
v -0.19286244 0.42693565 -0.30135893
v -0.19314071 0.43913052 -0.31168856
v -0.18540979 0.43858052 -0.32288592
v -0.22589304 0.47600140 -0.56584475
v -0.01477039 0.00961267 -0.71855139
v -0.12176882 0.07728105 -0.71418477
v -0.12520761 0.08679279 -0.71485033
v -0.13442692 0.08290537 -0.71206755
v -0.11381950 0.08993993 -0.71784083
v -0.10706705 0.07474478 -0.71702154
v -0.40809216 0.06042896 -0.62251744
v -0.16950151 0.48442081 -0.50041947
v -0.15417847 0.46688849 -0.52815278
v -0.17316079 0.48555177 -0.51426720
v -0.08146832 0.42134981 -0.49377547
v -0.09336811 0.43202477 -0.50466762
v -0.07896677 0.42863915 -0.51122647
v -0.09966988 0.42927730 -0.48828289
v -0.09284686 0.42009425 -0.47666314
v -0.08224824 0.41508888 -0.48095655
v -0.50132016 0.01346274 -0.55926060
v -0.48972402 0.00708285 -0.56761346
v -0.49243685 0.02175418 -0.56729514
v -0.50347480 0.02893673 -0.55954594
v -0.49826956 -0.00127807 -0.55998824
v -0.15251176 0.40885954 -0.60932656
v -0.60964777 0.15549731 -0.54854035
v -0.60999620 0.17177084 -0.55435031
v -0.62286580 0.15086201 -0.54098798
v -0.62038266 0.16412645 -0.54721557
v -0.61612564 0.18669898 -0.55659856
v -0.60369671 0.18505179 -0.56147067
v -0.59443729 0.17296372 -0.56115275
v -0.16244228 0.06727486 -0.70285874
v -0.23751072 0.35798141 -0.63753643
v -0.22464758 0.37183698 -0.63189922
v -0.23520019 0.36915957 -0.63221873
v -0.24867329 0.36492042 -0.63297076
v -0.24685684 0.34914992 -0.64042703
v -0.15339095 0.45035596 -0.43603503
v -0.14438034 0.44651005 -0.44698491
v -0.69955905 -0.04510349 -0.30792385
v -0.22685666 0.29542634 -0.66706153
v -0.44919992 0.04137325 -0.59857861
v -0.45312162 0.05411812 -0.59768372
v -0.09835300 0.08469650 -0.72045795
v -0.08630619 0.39791830 -0.63353119
v -0.73160525 0.10331815 -0.44660976
v -0.74549527 0.10221101 -0.43814076
v -0.34809752 0.10249100 -0.65011438
v -0.35669730 0.11792963 -0.64797289
v -0.34190444 0.11658084 -0.65333072
v -0.40976154 0.07209992 -0.62290269
v -0.39530212 0.05379656 -0.62727540
v -0.39795866 0.06856445 -0.62771761
v -0.41791779 0.07836491 -0.61949494
v -0.40469638 0.08579304 -0.62613557
v -0.17474874 0.27088471 -0.69090072
v -0.16123511 0.27380782 -0.69368129
v -0.18340611 0.26260474 -0.69094820
v -0.16911695 0.25795571 -0.69643477
v -0.55682392 0.15887926 -0.57021873
v -0.54664861 0.13748872 -0.56578615
v -0.54918622 0.15100773 -0.57009492
v -0.23062587 0.01515469 -0.67503281
v -0.23194831 0.00170661 -0.67194839
v -0.22670865 0.02982752 -0.67892056
v -0.37054605 0.47867807 -0.56330995
v -0.36142878 0.48560672 -0.56023395
v -0.38047891 0.47107293 -0.56525958
v -0.38911976 0.46122227 -0.57214734
v -0.37539717 0.45882792 -0.57836566
v -0.36295179 0.47290573 -0.57083619
v -0.05888073 0.18289356 -0.73652853
v -0.05108914 0.19610074 -0.73760150
v -0.07500225 0.18118678 -0.73351805
v -0.06712741 0.19593597 -0.73474546
v -0.79402810 0.03847847 -0.33450641
v -0.67485680 0.20158676 -0.51844961
v -0.29037095 0.50746518 -0.55099604
v -0.28851406 0.52817100 -0.53303674
v -0.29662943 0.51852235 -0.54208417
v -0.29360231 0.54030261 -0.52123712
v -0.27933102 0.53629090 -0.52460223
v -0.37631660 -0.02349011 -0.62067430
v -0.36868390 -0.03744752 -0.62004277
v -0.03764558 0.19427725 -0.73984796
v -0.11915455 0.21707686 -0.72040060
v -0.11481554 0.23140354 -0.71902921
v -0.13127691 0.24067311 -0.71209433
v -0.14649228 0.24509427 -0.70650735
v -0.00925354 0.14427294 -0.74339616
v -0.01382402 0.12952788 -0.74165862
v -0.00489460 0.12002241 -0.74188111
v -0.01707911 0.11641401 -0.73973253
v -0.18909942 0.49291420 -0.52698229
v -0.69213212 0.02822060 -0.40604095
v -0.70528949 0.02595729 -0.39267345
v -0.70414649 0.01529519 -0.38302922
v -0.15527452 0.00114538 -0.69184938
v -0.60064102 0.26082172 -0.57244345
v -0.60361018 0.24436267 -0.57202773
v -0.59005793 -0.02387918 -0.44581224
v -0.60113814 -0.02276593 -0.43216048
v -0.58322202 -0.01742823 -0.45751829
v -0.59208519 -0.00817413 -0.45250181
v -0.03250939 0.10961715 -0.73639930
v -0.06259540 0.14535458 -0.73501446
v -0.11608482 0.10897088 -0.71980080
v -0.02399568 0.41904997 -0.61690576
v -0.02104646 0.40985860 -0.62988815
v -0.00528703 0.40938710 -0.63124656
v -0.06951676 0.35356831 -0.68009003
v -0.05494605 0.36107145 -0.67801849
v -0.06656784 0.30809741 -0.70919783
v -0.08141596 0.31203262 -0.70226275
v -0.07120938 0.32252481 -0.70018105
v -0.09627923 0.31512089 -0.69595980
v -0.08681569 0.32766861 -0.69220098
v -0.15062588 0.45998393 -0.46577818
v -0.15999937 0.47077135 -0.47038439
v -0.32711851 0.43673955 -0.59673543
v -0.34849304 0.44785608 -0.58961889
v -0.33987176 0.43635365 -0.59619261
v -0.45057192 0.03076551 -0.59642699
v -0.46285712 0.04089235 -0.59000406
v -0.00432897 0.38873522 -0.65756414
v -0.28665599 0.49525439 -0.56002164
v -0.52912791 0.13507606 -0.57218133
v -0.53875039 0.14729190 -0.57272345
v -0.62349193 0.11605231 -0.52384216
v -0.63016756 0.12931618 -0.52785996
v -0.61134468 0.10853011 -0.52510432
v -0.68949001 -0.02394669 -0.35313869
v -0.11934681 0.27714939 -0.70491397
v -0.12658332 0.29022155 -0.69773982
v -0.13532557 0.27699488 -0.70007005
v -0.11358135 0.26568972 -0.71061573
v -0.10328380 0.27492384 -0.71069991
v -0.12464546 0.26606929 -0.70705687
v -0.11223013 0.28915944 -0.70254368
v -0.59774978 0.19361242 -0.56648794
v -0.59230240 0.18415791 -0.56580344
v -0.51835911 0.07512725 -0.55756380
v -0.52975452 0.08215349 -0.55225711
v -0.53874833 0.07975712 -0.54561681
v -0.54134676 0.09501417 -0.55044459
v -0.58533744 0.03508343 -0.48864624
v -0.59145516 0.04859111 -0.49398925
v -0.58264416 0.00364674 -0.46956504
v -0.58747897 0.01480328 -0.47214388
v -0.59317457 0.00588236 -0.46075655
v -0.58306954 -0.00639731 -0.46348738
v -0.02735672 -0.00295624 -0.71369958
v -0.02343973 -0.01691664 -0.71058503
v -0.03280401 0.01277159 -0.71695580
v -0.03785397 -0.01426027 -0.70932573
v -0.03031890 -0.02788591 -0.70669591
v -0.10197528 -0.06600324 -0.68454007
v -0.08649976 -0.06679997 -0.68696825
v -0.17090028 0.44570288 -0.57414500
v -0.18089243 0.44202095 -0.58083425
v -0.15800332 0.44858371 -0.56542084
v -0.16011953 0.44004521 -0.57648730
v -0.16977861 0.43457147 -0.58490072
v -0.16121269 0.45897999 -0.55338311
v -0.39096211 0.26014759 -0.63269583
v -0.08068875 0.04491332 -0.71678065
v -0.08428230 0.03525754 -0.71407762
v -0.07201244 0.03518487 -0.71621706
v -0.39211707 0.44993545 -0.58053081
v -0.41175929 0.39529519 -0.60396622
v -0.01426195 0.03658897 -0.72515907
v -0.03496442 0.03231578 -0.72142097
v -0.02452169 0.02559029 -0.72122848
v -0.08348048 0.19511405 -0.73147987
v -0.07530271 0.20901405 -0.73246818
v -0.09204219 0.20971168 -0.72857194
v -0.09646755 0.19577973 -0.72861749
v -0.60616734 0.05433496 -0.48894144
v -0.59809016 0.06176487 -0.49966638
v -0.59945886 0.04161737 -0.48310813
v -0.70144537 0.10019389 -0.46325991
v -0.71178303 0.09938680 -0.45548983
v -0.68578758 0.07739604 -0.45530064
v -0.68823447 0.08965271 -0.46397756
v -0.71524369 0.11041255 -0.46207802
v -0.68896025 0.10134494 -0.47312736
v -0.72139106 0.10405251 -0.45323024
v -0.74500920 0.08940563 -0.42872775
v -0.73300881 0.09335707 -0.43776666
v -0.75547656 0.09614848 -0.42936008
v -0.76563189 0.09505845 -0.42304251
v -0.65499508 0.04454205 -0.44946174
v -0.64801906 0.05164526 -0.46055944
v -0.66347136 0.05731472 -0.45465897
v -0.63961015 0.03972815 -0.45560999
v -0.67088705 0.05028384 -0.44291894
v -0.00907110 0.39954619 -0.64384300
v -0.68481370 0.03581255 -0.41907842
v -0.67812272 0.04302041 -0.43087492
v -0.30997754 0.18059333 -0.66497921
v -0.32343972 0.18880537 -0.66047455
v -0.33209247 0.18381576 -0.65796199
v -0.80167174 0.04807860 -0.34451874
v -0.15320469 -0.07013889 -0.67327787
v -0.09696638 0.22684148 -0.72501240
v -0.08154364 0.22264587 -0.72971637
v -0.10696553 0.21553197 -0.72406367
v -0.10149797 0.24315512 -0.72051267
v -0.08508921 0.23901138 -0.72620243
v -0.01198930 0.15859527 -0.74367470
v -0.18239201 0.08113935 -0.69962210
v -0.17493531 0.07093954 -0.70022581
v -0.31377971 0.41522543 -0.60684844
v -0.48227092 0.33187586 -0.60836826
v -0.48285237 0.31775576 -0.61013182
v -0.46744869 0.32356398 -0.61194221
v -0.07477015 0.33397094 -0.69235183
v -0.06248647 0.33309587 -0.69672414
v -0.06937094 0.34219207 -0.68862304
v -0.05585661 0.34596536 -0.68982664
v -0.17804758 0.49162476 -0.48757498
v -0.62950663 0.02756327 -0.45124965
v -0.61432878 0.02452161 -0.45869609
v -0.60552307 0.01344157 -0.45581546
v -0.52931182 0.34476744 -0.58600196
v -0.50931081 0.27445545 -0.60573923
v -0.51105909 0.25985109 -0.60426297
v -0.45659917 0.06987093 -0.59739084
v -0.44712578 0.07983635 -0.60407600
v -0.45960422 0.08443414 -0.59732129
v -0.55147185 0.03438581 -0.51820711
v -0.54599651 0.04332494 -0.52643358
v -0.53806611 -0.02514743 -0.51476493
v -0.54474095 -0.03502484 -0.50376824
v -0.53449353 -0.04315428 -0.51450477
v -0.52651182 -0.03576213 -0.52573712
v -0.54800527 -0.02161769 -0.50309266
v -0.67191495 0.14899371 -0.51433049
v -0.19122610 0.15265669 -0.70225166
v -0.19901718 0.16245044 -0.69987527
v -0.22114936 0.04524248 -0.68323633
v -0.09068714 -0.03221832 -0.69646109
v -0.09439400 -0.04221070 -0.69301788
v -0.08782424 -0.01918447 -0.70040578
v -0.07151652 0.24569596 -0.72867495
v -0.08164698 0.25219751 -0.72440518
v -0.07096533 0.23187865 -0.73114091
v -0.09170154 0.25149910 -0.72156077
v -0.06906143 0.21996570 -0.73298594
v -0.70479068 0.00596918 -0.37282996
v -0.70430336 -0.00364372 -0.36279386
v -0.69321061 -0.01289261 -0.36317121
v -0.15668138 0.38452786 -0.63195904
v -0.15615280 0.39494545 -0.62263194
v -0.16738321 0.48219947 -0.48894048
v -0.17115673 0.48302063 -0.47462816
v -0.17000098 0.47699026 -0.45849255
v -0.41785214 0.22000745 -0.62598806
v -0.43956797 0.09203513 -0.60942435
v -0.45178382 0.09197615 -0.60273580
v -0.01074470 0.20409513 -0.74384700
v -0.00625083 0.22042868 -0.74416054
v -0.02546020 0.19934742 -0.74163525
v -0.26274912 0.38457134 -0.62273896
v -0.26605559 0.41603120 -0.60761002
v -0.45009146 0.10465527 -0.60498608
v -0.46236851 0.09841130 -0.59745532
v -0.47003718 0.08985488 -0.59177020
v -0.46512450 0.11590804 -0.59833111
v -0.24266943 0.55581402 -0.36579337
v -0.23702439 0.54625007 -0.36617078
v -0.66713005 0.01285630 -0.41128751
v -0.68046046 0.01768123 -0.40566851
v -0.67655108 0.02431328 -0.41504834
v -0.66446856 0.00352673 -0.40398767
v -0.48066550 0.01596270 -0.57516755
v -0.47792272 0.00028687 -0.57508437
v -0.47196032 0.02655829 -0.58233658
v -0.67684410 0.10285538 -0.48297831
v -0.04802676 0.01962237 -0.71645963
v -0.04347205 0.03052930 -0.71976419
v -0.05569911 0.03588271 -0.71903704
v -0.03672928 0.02404200 -0.71921742
v -0.14064652 0.45707057 -0.53041574
v -0.15048786 0.45903529 -0.54271743
v -0.12620609 0.44890351 -0.53062822
v -0.13508584 0.44863431 -0.54854506
v -0.33914621 0.00103351 -0.63898591
v -0.32325195 -0.00410250 -0.64315329
v -0.35673104 0.00437665 -0.63372434
v -0.34706928 0.01756820 -0.63950790
v -0.38105129 0.13449414 -0.63934077
v -0.36551845 0.13310937 -0.64537405
v -0.37538910 0.14977108 -0.64218017
v -0.38719388 0.12425290 -0.63636483
v -0.13668330 0.25861816 -0.70568566
v -0.14732743 0.27011192 -0.69899781
v -0.15339599 0.25893074 -0.70074396
v -0.11789197 0.25201035 -0.71325208
v -0.44480825 0.38904394 -0.59891690
v -0.44306858 0.40541880 -0.59083761
v -0.45316880 0.40841294 -0.58341237
v -0.42534904 0.38377348 -0.60523053
v -0.42846391 0.40029831 -0.59837692
v -0.24072567 -0.03709965 -0.66045448
v -0.20206292 0.47496791 -0.33664031
v -0.20846027 0.48435176 -0.33535435
v -0.20270452 0.47994824 -0.34425016
v -0.19660250 0.47064700 -0.34510871
v -0.19645456 0.46299512 -0.33234166
v -0.20699691 0.47572819 -0.32627921
v -0.70233558 -0.01384363 -0.35268537
v -0.69976943 -0.02385957 -0.34234650
v -0.20770747 0.20951084 -0.69394054
v -0.20847002 0.19146765 -0.69550294
v -0.59230521 0.22013451 -0.57450318
v -0.37727814 0.25866796 -0.63690865
v -0.41438241 -0.06433715 -0.59461732
v -0.37889520 0.44544256 -0.58683798
v -0.23897270 0.56227581 -0.45475521
v -0.23791623 0.56679517 -0.44324040
v -0.24417875 0.57384051 -0.44808086
v -0.23311678 0.55196964 -0.45957312
v -0.23977948 0.55612715 -0.46805863
v -0.24910046 0.56889964 -0.46238781
v -0.43294285 0.10845477 -0.61421609
v -0.41415708 0.10349281 -0.62305356
v -0.40448330 0.11438509 -0.62828029
v -0.39996078 0.10158246 -0.62945672
v -0.42354230 0.09076937 -0.61758053
v -0.33709455 0.19482924 -0.65583772
v -0.18308912 0.43456164 -0.58786575
v -0.17711687 0.42528091 -0.59483149
v -0.39328007 0.03917703 -0.62621325
v -0.37960587 0.03173082 -0.63053681
v -0.38112229 0.04604447 -0.63198035
v -0.35499479 0.49554121 -0.55345345
v -0.60640295 0.09577655 -0.51940854
v -0.63986767 0.14100326 -0.52885395
v -0.65264923 0.14755054 -0.52499645
v -0.63050032 0.14203330 -0.53386108
v -0.10552677 0.42766456 -0.47522219
v -0.11450830 0.43578430 -0.48116722
v -0.11111010 0.43905221 -0.49890708
v -0.08012696 -0.03009345 -0.69876792
v -0.07494086 -0.02202035 -0.70177390
v -0.08079834 -0.04315493 -0.69495910
v -0.06622533 -0.03357527 -0.69992233
v -0.11719948 0.43613667 -0.56982172
v -0.10912835 0.43261893 -0.57703753
v -0.11908678 0.44107549 -0.55700660
v -0.18864213 0.38925501 -0.62440871
v -0.20224102 0.38587294 -0.62564668
v -0.19778618 0.40033827 -0.61586249
v -0.21552674 0.37936947 -0.62853393
v -0.17794770 0.39171014 -0.62333878
v -0.18404346 0.39805996 -0.61795558
v -0.54373407 0.11092004 -0.55587788
v -0.29018681 0.09265591 -0.66858157
v -0.29664691 0.07753637 -0.66488179
v -0.28836710 0.11001617 -0.67071036
v -0.27577424 0.08746793 -0.67262654
v -0.27605123 0.10005920 -0.67380878
v -0.28274886 0.07751840 -0.66927464
v -0.10377393 0.20347783 -0.72635108
v -0.11518592 0.20490638 -0.72303939
v -0.10835997 0.19183467 -0.72575117
v -0.16050575 0.46686726 -0.45782339
v -0.15432393 0.45731162 -0.44978356
v -0.13642595 0.17834893 -0.71815555
v -0.23836925 -0.06803141 -0.65265676
v -0.22461658 -0.06179284 -0.65820034
v -0.24089036 -0.05495231 -0.65566663
v -0.21091511 -0.07619325 -0.65759536
v -0.29510213 0.17000771 -0.67001020
v -0.00788621 0.23827056 -0.74316391
v -0.13013207 0.30353429 -0.69114807
v -0.11930136 0.29948244 -0.69616549
v -0.14223616 0.29471422 -0.69122171
v -0.10675617 0.30350727 -0.69818065
v -0.11931587 0.44437157 -0.54311128
v -0.59711243 0.10163994 -0.52743098
v -0.58581287 0.09607268 -0.52919587
v -0.59203517 0.09042572 -0.52287553
v -0.27612963 0.06432447 -0.66960587
v -0.28843446 0.06667764 -0.66609509
v -0.27455209 0.04181949 -0.66670340
v -0.14442561 0.44580411 -0.56195153
v -0.14967926 0.45245636 -0.55448178
v -0.13192422 0.43903302 -0.56793962
v -0.14780087 0.43944180 -0.57317732
v -0.20198876 0.17521553 -0.69854067
v -0.10266373 0.43875712 -0.51629034
v -0.49767385 -0.02062498 -0.55758205
v -0.50539889 -0.03856233 -0.54656478
v -0.49536359 -0.01244714 -0.56091364
v -0.48778303 -0.00733919 -0.56723727
v -0.28264006 0.54500617 -0.51664056
v -0.27167274 0.54308614 -0.51578503
v -0.04807326 0.33360517 -0.70093495
v -0.03191812 0.33441421 -0.70517713
v -0.36539184 0.02176566 -0.63402177
v -0.35500533 0.03262217 -0.63947174
v -0.20974285 0.40884223 -0.61013354
v -0.34181394 0.37949383 -0.61742203
v -0.34574726 0.36575734 -0.62100190
v -0.12407718 0.19285889 -0.72123850
v -0.03689400 -0.03902471 -0.70266249
v -0.04822187 -0.02696667 -0.70441527
v -0.22050030 0.53090491 -0.47944857
v -0.22973228 0.54341525 -0.47089196
v -0.49747861 -0.07059140 -0.54345158
v -0.67425902 0.08984487 -0.47441975
v -0.66526869 0.09410636 -0.48425945
v -0.46049455 0.13072075 -0.60268591
v -0.44877262 0.12069494 -0.60733122
v -0.23576241 0.30614795 -0.66077503
v -0.24159381 0.29647820 -0.66300717
v -0.23889172 0.28292778 -0.66826778
v -0.22316028 0.27849809 -0.67406372
v -0.19277146 0.44666265 -0.31917518
v -0.18905448 0.44901274 -0.32856292
v -0.19668689 0.45501225 -0.32149472
v -0.41619959 0.20690326 -0.62656828
v 0.00227538 0.34200854 -0.70676843
v -0.00513600 0.33017470 -0.71485648
v -0.01576185 0.34157618 -0.70386778
v -0.00733361 0.35078681 -0.69780533
v -0.33321552 0.12795817 -0.65695744
v -0.34907420 0.13149412 -0.65145491
v 0.00232253 0.20716111 -0.74587316
v -0.31721328 0.26662223 -0.65239620
v -0.24300744 0.37650229 -0.62786250
v -0.01851188 0.35462113 -0.69228753
v -0.29412988 0.18864227 -0.66945873
v -0.14119023 0.44911662 -0.46025486
v -0.12807433 0.44191390 -0.47063540
v -0.11652764 0.43146596 -0.46592794
v -0.44899190 0.13702353 -0.60890115
v -0.24715957 0.09573647 -0.68240216
v -0.25467703 0.10579516 -0.68100449
v -0.09746283 0.10019797 -0.72289323
v -0.10257622 0.11403110 -0.72366191
v -0.50043427 0.25302906 -0.60591474
v -0.36005277 0.04196860 -0.63921622
v -0.36801516 0.03769167 -0.63571556
v -0.60275887 0.23066961 -0.57162951
v -0.59567288 0.20526202 -0.57015862
v -0.24199473 0.14230660 -0.68685933
v -0.25212207 0.14290488 -0.68370482
v -0.37801795 0.16679794 -0.64163091
v -0.36617442 0.16021934 -0.64607544
v -0.39064237 0.17684022 -0.63666936
v -0.43865333 -0.07569883 -0.57993178
v -0.42445864 -0.07411828 -0.58710579
v -0.43663839 -0.06478700 -0.58437996
v -0.16762773 0.38840469 -0.62707102
v -0.48465215 0.03058688 -0.57406583
v -0.24282170 0.33370001 -0.64787673
v -0.25336460 0.32175552 -0.65092767
v -0.23854556 0.31853652 -0.65514677
v -0.22758341 0.32948965 -0.65260176
v -0.66303576 0.14808247 -0.51961451
v -0.30953028 0.51844761 -0.54201246
v -0.64092924 -0.02684517 -0.38935734
v -0.49510816 0.03450779 -0.56685196
v -0.50848130 0.24778647 -0.60361244
v -0.49602500 0.24047754 -0.60541679
v -0.42838936 -0.05802889 -0.59022057
v -0.05955717 0.25258467 -0.73041073
v -0.26897640 0.07632192 -0.67342305
v -0.24848194 0.30724584 -0.65744827
v -0.00453412 0.30935674 -0.72775102
v -0.54564253 0.05482215 -0.53106759
v -0.21554222 0.48787257 -0.32359049
v -0.16759601 0.13959084 -0.70876462
v -0.18083891 0.24993898 -0.69509237
v -0.19347231 0.25292005 -0.69047788
v -0.62516934 -0.05178295 -0.38131159
v -0.04742786 0.27485940 -0.72845593
v -0.04937362 0.28899172 -0.72331368
v -0.43256654 -0.04573610 -0.59171422
v -0.23224446 -0.04704675 -0.66025518
v -0.24198686 -0.04572322 -0.65789736
v -0.26796927 0.44798245 -0.59052831
v -0.26344195 0.43395362 -0.59816429
v -0.26093847 0.09087229 -0.67759557
v -0.26593724 0.10556034 -0.67749048
v -0.27511753 0.11390620 -0.67525154
v -0.09056355 0.11448960 -0.72636198
v -0.09858879 0.12284743 -0.72562802
v -0.24469631 0.08296400 -0.68171872
v -0.04205020 0.34344528 -0.69581579
v -0.01162151 0.31919290 -0.72080724
v -0.19461167 -0.07548081 -0.66200055
v -0.46817208 0.37629733 -0.59892015
v -0.20721160 0.25933195 -0.68462974
v -0.21859324 0.26572735 -0.67940448
v -0.23326456 0.26472435 -0.67524952
v -0.09125733 -0.05412411 -0.69003101
v -0.07709865 -0.05868656 -0.69096918
v -0.58859798 0.06999418 -0.51118002
v -0.58635980 0.08055689 -0.51934323
v -0.35126222 0.49040274 -0.56010907
v -0.25075212 0.42218073 -0.60409766
v -0.40544025 0.18887222 -0.63070314
v -0.54182300 -0.05089260 -0.50333639
v -0.53122857 -0.05959788 -0.51381720
v -0.53873126 -0.06832783 -0.50235950
v -0.52337945 -0.05225230 -0.52474902
v -0.52756564 -0.07470590 -0.51338184
v -0.52004113 -0.06842583 -0.52330844
v -0.24158119 0.57714471 -0.43464632
v -0.24685130 0.58243313 -0.44085156
v -0.59900856 0.08319669 -0.51465849
v -0.12780329 0.40353084 -0.37955476
v -0.14939139 0.28176090 -0.69426001
v -0.72515335 0.00643217 -0.35155080
v -0.71376447 -0.00383970 -0.35218473
v -0.71516691 0.00625467 -0.36255771
v -0.01707693 0.10448413 -0.73808555
v -0.80350327 0.04237426 -0.33212169
v -0.79628769 0.04312529 -0.34156548
v -0.25303905 0.37692290 -0.62695637
v -0.01380393 0.18992719 -0.74361215
v -0.65854715 0.08342271 -0.48030252
v -0.67687347 0.08073634 -0.46492765
v -0.66455954 0.07656413 -0.47042003
v -0.67110609 0.06998304 -0.46002416
v -0.64992939 0.07135259 -0.47614245
v -0.65608184 0.06411065 -0.46580271
v -0.28632570 0.17838185 -0.67248524
v -0.07915185 0.10372271 -0.72721954
v -0.08864432 0.12781895 -0.72828830
v -0.27381998 0.26382919 -0.66442486
v -0.26651053 0.27406264 -0.66375210
v -0.59348794 0.02825676 -0.47705470
v -0.26312644 0.11714581 -0.67922506
v -0.63330475 -0.03809802 -0.38498060
v -0.62879718 -0.02881643 -0.39811545
v -0.62087093 -0.04336101 -0.39368422
v -0.61691926 -0.03605990 -0.40384238
v -0.61895463 -0.02539023 -0.41035088
v -0.01840430 0.32916139 -0.71267223
v -0.37883803 0.01990584 -0.62892613
v -0.25792466 0.29098051 -0.66089427
v -0.25059689 0.27156648 -0.66855102
v -0.26128379 0.56896857 -0.47342893
v -0.51486638 -0.04492361 -0.53573949
v -0.25816888 0.53902423 -0.51387581
v -0.22164642 0.18800064 -0.69174435
v -0.10445747 0.42226484 -0.46430095
v -0.08042109 0.41795151 -0.60840257
v -0.26596098 0.55012693 -0.50450440
v -0.26361968 0.37038100 -0.62909989
v -0.17075876 0.40062124 -0.61634679
v -0.18462650 0.40791894 -0.61008423
v -0.17196562 0.41393048 -0.60454360
v -0.43246373 0.00927467 -0.60344372
v -0.03049072 0.34842230 -0.69488349
v -0.04301011 0.35410356 -0.68705779
v -0.35797844 0.14744043 -0.64875481
v -0.07584228 0.40680222 -0.62499414
v -0.24948455 0.55918303 -0.47771212
v -0.26065537 0.55796258 -0.48965571
v -0.16174409 0.42266675 -0.59545234
v -0.18461947 0.41821134 -0.60168715
v -0.25269033 0.58012395 -0.45012220
v -0.50271164 -0.05402702 -0.54463576
v -0.51127800 -0.06180218 -0.53414575
v -0.67928819 0.06385697 -0.44845248
v -0.15384911 0.43160847 -0.58456507
v -0.60603890 0.07501302 -0.50506748
v -0.25835345 0.57588578 -0.46137321
v -0.39686087 0.12259652 -0.63217858
v -0.27669427 0.42714353 -0.60212243
v -0.61011095 -0.02339286 -0.42110668
v -0.15067122 0.14005346 -0.71352541
v -0.54707593 -0.07066251 -0.49129119
v -0.15925822 0.24733233 -0.70220150
v -0.60025254 0.02046016 -0.46566036
v -0.10261174 0.25863776 -0.71618444
v -0.36471163 0.44691836 -0.58816745
v -0.35698566 0.45973008 -0.58155412
v -0.01503740 0.17864686 -0.74351311
v -0.42274135 0.19062493 -0.62363230
f 2177 2346 2176
f 1132 1651 1415
f 819 823 822
f 296 2341 298
f 2007 2008 2006
f 1249 2436 2008
f 2340 298 2341
f 259 1403 1713
f 297 1485 2388
f 2176 1123 2440
f 817 1148 818
f 1414 1133 1415
f 1414 6 1133
f 1402 1485 1401
f 2500 1124 1122
f 1147 662 1318
f 1653 2040 1652
f 1402 1403 259
f 819 821 820
f 823 2040 1653
f 2340 2343 821
f 1651 2025 1415
f 1652 2112 1651
f 258 1713 2291
f 2500 2440 1124
f 1148 2436 818
f 819 317 823
f 296 2388 2409
f 296 2409 2341
f 779 6 1414
f 2125 999 1122
f 820 821 2343
f 259 1713 258
f 1414 1415 1413
f 1651 2112 2025
f 819 820 317
f 2006 1604 2005
f 2040 2112 1652
f 2340 2341 2342
f 2500 1122 999
f 1413 1415 2025
f 2177 1439 2291
f 2125 2005 1000
f 2340 2342 2343
f 2388 1485 1486
f 1316 1318 2086
f 823 312 2040
f 1438 2177 2176
f 779 1414 1413
f 823 317 312
f 1484 1485 1402
f 2388 1486 2409
f 258 2291 264
f 1402 259 260
f 2459 2341 2409
f 4 779 778
f 820 2343 2349
f 308 2112 2040
f 2176 2440 2178
f 820 316 317
f 2459 2342 2341
f 308 2040 312
f 1604 1000 2005
f 1316 2086 2088
f 1438 1439 2177
f 2025 2112 2024
f 1484 1486 1485
f 2291 1439 264
f 1413 2025 2024
f 2349 2343 2342
f 779 1413 1412
f 2125 1000 999
f 2006 2008 1603
f 2500 997 2440
f 257 259 258
f 820 2349 316
f 1484 1402 260
f 779 1412 778
f 307 312 317
f 1438 2176 2178
f 307 317 316
f 817 1147 1146
f 2409 1486 942
f 817 1146 1148
f 2436 2020 2008
f 2500 999 997
f 2459 2409 942
f 2069 2088 1918
f 2006 1603 1604
f 257 258 264
f 1412 1413 2023
f 257 260 259
f 308 309 2112
f 1413 2024 2023
f 309 2024 2112
f 2178 2440 997
f 305 308 312
f 1412 228 778
f 2349 2342 2475
f 2459 2316 2342
f 1484 941 1486
f 313 316 2349
f 305 312 307
f 1148 2020 2436
f 2067 2069 1918
f 778 228 5
f 307 316 313
f 941 942 1486
f 305 309 308
f 2459 942 2316
f 1412 2023 227
f 2342 2316 2475
f 264 1439 263
f 313 2349 2475
f 2023 2024 587
f 1412 227 228
f 1484 260 1487
f 1432 1439 1438
f 1603 2008 2020
f 584 2024 309
f 257 264 263
f 257 261 260
f 1313 1147 1318
f 992 999 1000
f 305 307 306
f 1601 1000 1604
f 584 587 2024
f 306 307 313
f 227 2023 587
f 223 5 228
f 1484 945 941
f 992 997 999
f 1438 2178 1436
f 940 942 941
f 223 228 227
f 260 261 1487
f 1432 263 1439
f 2178 997 2000
f 1484 1487 945
f 1601 1604 1603
f 946 2316 942
f 305 310 309
f 1313 1318 1316
f 313 2475 2476
f 2408 2475 2316
f 583 584 309
f 306 313 315
f 1432 1438 1436
f 305 306 311
f 940 946 942
f 940 941 945
f 227 587 588
f 582 587 584
f 257 262 261
f 313 2476 315
f 583 309 310
f 2476 2475 2408
f 257 263 262
f 223 227 226
f 305 311 310
f 2178 2000 1436
f 991 1000 1601
f 946 2315 2316
f 2315 2408 2316
f 582 584 583
f 992 1000 991
f 227 588 226
f 223 221 14
f 582 588 587
f 306 315 314
f 1316 2088 2087
f 306 314 311
f 1146 1147 1314
f 2395 1487 261
f 1731 2020 1148
f 998 2000 997
f 1146 1731 1148
f 992 998 997
f 1487 2396 945
f 220 223 226
f 1430 263 1432
f 220 221 223
f 940 945 944
f 2476 2027 315
f 940 943 946
f 2395 261 262
f 2135 2476 2408
f 583 310 589
f 2027 314 315
f 2395 2396 1487
f 1601 1603 1602
f 311 314 1089
f 1085 310 311
f 582 583 586
f 1431 1432 1436
f 1313 1314 1147
f 263 1435 262
f 946 943 2315
f 2315 2135 2408
f 226 588 225
f 582 585 588
f 1874 1603 2020
f 2396 944 945
f 1430 1435 263
f 2135 2027 2476
f 220 226 225
f 221 222 16
f 940 944 943
f 2027 1089 314
f 583 589 586
f 1430 1432 1431
f 1085 311 1089
f 1085 589 310
f 220 222 221
f 1988 1436 2000
f 582 586 585
f 2069 2198 2088
f 225 588 585
f 2198 2087 2088
f 1075 16 222
f 1075 1078 16
f 1988 2000 998
f 2067 2068 2070
f 990 992 991
f 2315 2133 2135
f 1602 1603 1874
f 2315 943 2133
f 220 225 224
f 991 1601 995
f 2395 262 602
f 220 224 222
f 605 2396 2395
f 992 993 998
f 1088 1089 2027
f 2385 262 1435
f 608 944 2396
f 1085 1089 1088
f 1083 589 1085
f 586 589 1086
f 2026 2027 2135
f 1431 1436 1437
f 1601 1602 995
f 2028 943 944
f 585 586 2478
f 605 2395 602
f 1075 222 1077
f 1430 1434 1435
f 990 993 992
f 1302 224 225
f 605 608 2396
f 1075 1076 1078
f 225 585 2468
f 1313 1316 1315
f 602 262 2385
f 1430 1431 1433
f 1988 1437 1436
f 1083 1086 589
f 2134 2135 2133
f 1088 2027 2026
f 1080 222 224
f 1081 7 1078
f 1316 2087 1315
f 586 1086 2478
f 440 1146 1314
f 1083 1085 1084
f 2133 943 2030
f 2134 2026 2135
f 2028 944 608
f 990 991 995
f 1077 222 1080
f 1085 1088 1084
f 1731 1875 2020
f 1075 1077 1076
f 440 1731 1146
f 1302 225 2468
f 1434 2385 1435
f 1076 1081 1078
f 585 2478 2468
f 1080 224 1302
f 1875 1874 2020
f 1430 1433 1434
f 2028 2030 943
f 1987 1988 998
f 1928 10 1930
f 1431 1437 1433
f 1987 998 993
f 1083 1087 1086
f 2068 2071 2070
f 2132 2134 2133
f 1900 1930 15
f 1077 1079 1076
f 1083 1084 1087
f 2132 2133 2030
f 1081 1900 15
f 1077 1080 1079
f 2478 1086 1960
f 600 605 602
f 600 608 605
f 1088 2026 1904
f 1084 1088 1090
f 1080 1302 1301
f 1302 2468 1301
f 1076 1082 1081
f 602 2385 601
f 2134 1905 2026
f 1087 1960 1086
f 1602 1874 1873
f 2028 608 606
f 995 1602 1873
f 1928 1930 1929
f 1076 1079 1082
f 2468 2478 1657
f 1434 2160 2385
f 1313 439 1314
f 1088 1904 1090
f 1900 1929 1930
f 2132 1905 2134
f 1928 1932 1933
f 1988 1990 1437
f 2028 2029 2030
f 1081 1901 1900
f 1079 1080 1300
f 990 995 994
f 1084 1091 1087
f 1433 2162 1434
f 1904 2026 1905
f 1657 2478 1960
f 990 996 993
f 1080 1301 1300
f 600 602 601
f 600 606 608
f 1433 1437 2164
f 1084 1090 1091
f 1082 1898 1081
f 1987 1990 1988
f 1081 1898 1901
f 2132 2030 2032
f 2385 2160 601
f 2028 606 2029
f 1301 2468 1020
f 1928 1929 1931
f 2196 2087 2198
f 1928 1931 1932
f 1987 993 996
f 1208 1960 1087
f 1434 2162 2160
f 2468 1657 1020
f 2067 1621 2069
f 2308 1929 1900
f 1079 1299 1082
f 2308 1900 1901
f 2132 2032 1905
f 1433 2164 2162
f 2029 2032 2030
f 1208 1087 1091
f 1079 1300 1299
f 440 1314 439
f 990 994 996
f 2196 1315 2087
f 1657 1960 1658
f 1904 1205 1090
f 1082 1899 1898
f 1301 1015 1300
f 1091 1090 1205
f 2323 2071 741
f 2021 995 1873
f 2467 8 1932
f 2021 994 995
f 1208 1658 1960
f 1898 1902 1901
f 1903 1904 1905
f 1931 2257 1932
f 1301 1020 1015
f 1082 1299 1899
f 600 603 606
f 2090 2164 1437
f 1870 1874 1875
f 1931 1929 2259
f 2308 1901 1902
f 2090 1437 1990
f 1870 1873 1874
f 2308 2259 1929
f 2257 2467 1932
f 1313 1315 1317
f 1655 1020 1657
f 606 609 2029
f 1299 1300 2265
f 2161 601 2160
f 1898 1899 1902
f 1208 1091 1206
f 600 601 607
f 1903 1205 1904
f 1300 1015 2265
f 1731 437 1875
f 1905 2032 422
f 2195 2198 2069
f 440 437 1731
f 1654 1657 1658
f 1091 1205 1206
f 1654 1655 1657
f 603 609 606
f 2029 2031 2032
f 1931 2258 2257
f 1987 1989 1990
f 1903 1905 422
f 1208 1209 1658
f 2124 2160 2162
f 600 604 603
f 1931 2259 2258
f 2121 2162 2164
f 1987 996 1989
f 1313 1317 439
f 1299 2266 1899
f 2308 1902 1694
f 2467 680 9
f 2308 1694 2259
f 1299 2265 2264
f 2257 2353 2467
f 2161 607 601
f 1655 1019 1020
f 1014 1015 1020
f 1899 2296 1902
f 2029 609 2031
f 600 607 604
f 1654 1658 1209
f 2124 2161 2160
f 1203 1208 1206
f 2257 2258 2353
f 1299 2264 2266
f 679 9 680
f 2265 1015 1016
f 2121 2164 2090
f 996 994 834
f 1203 1209 1208
f 2353 680 2467
f 1899 2266 2296
f 2032 423 422
f 1654 1019 1655
f 1014 1020 1019
f 2032 2031 423
f 1202 1206 1205
f 1903 1207 1205
f 2021 834 994
f 2124 2162 2121
f 1695 2259 1694
f 2265 1016 2264
f 1693 2258 2259
f 1902 2201 1694
f 1902 2296 2201
f 1014 1016 1015
f 603 610 609
f 13 679 577
f 2067 2070 1621
f 1903 422 421
f 1695 1693 2259
f 603 604 610
f 2089 2090 1990
f 2195 2196 2198
f 2353 2258 2352
f 1202 1203 1206
f 1202 1205 1207
f 1654 1209 1210
f 2021 1873 835
f 574 679 680
f 2161 2163 607
f 1903 421 1207
f 1654 1656 1019
f 1870 1875 1872
f 678 680 2353
f 1693 2352 2258
f 2266 2264 2305
f 1989 2089 1990
f 1685 1695 1694
f 2124 2163 2161
f 1203 1210 1209
f 2202 2296 2266
f 2031 609 2295
f 574 577 679
f 2264 1016 2305
f 2201 1696 1694
f 1870 835 1873
f 575 2 577
f 2202 2201 2296
f 1685 1693 1695
f 418 422 423
f 678 2353 2352
f 1654 1210 1656
f 1014 1019 1018
f 1685 1694 1696
f 1014 1017 1016
f 419 423 2031
f 610 2295 609
f 574 680 678
f 2052 604 607
f 996 829 1989
f 418 421 422
f 1875 437 1872
f 2202 2266 2305
f 996 834 829
f 433 440 439
f 2121 2090 2091
f 658 1203 1202
f 610 604 2052
f 1693 1697 2352
f 1019 1656 1018
f 572 577 574
f 1685 1686 1693
f 572 575 577
f 2021 835 834
f 1203 659 1210
f 2199 1696 2201
f 575 578 1
f 419 2031 2295
f 2197 1315 2196
f 1014 1018 1017
f 2199 2201 2202
f 1202 1207 1204
f 2120 2124 2121
f 1685 1696 1689
f 1016 1022 2305
f 2163 2497 607
f 1686 1697 1693
f 418 423 419
f 1621 2195 2069
f 578 2431 3
f 678 2352 2351
f 1017 1022 1016
f 658 659 1203
f 420 1207 421
f 2089 2091 2090
f 1697 2351 2352
f 574 678 677
f 2124 2123 2163
f 658 1202 1204
f 1732 1656 1210
f 2052 607 2497
f 1688 1689 1696
f 1684 1686 1685
f 433 437 440
f 1684 1685 1689
f 2199 1688 1696
f 2303 2202 2305
f 572 574 573
f 572 576 575
f 418 420 421
f 656 1210 659
f 576 578 575
f 2197 1317 1315
f 678 2351 1954
f 2054 2295 610
f 420 1204 1207
f 1686 1687 1697
f 574 677 573
f 1018 1656 1733
f 2199 2202 2200
f 677 678 1954
f 578 235 2431
f 1684 1689 1688
f 2054 610 2052
f 1732 1210 656
f 2120 2121 2091
f 2306 2305 1022
f 1684 1687 1686
f 1697 2033 2351
f 1017 1018 1021
f 572 573 576
f 2323 741 1328
f 2120 2123 2124
f 1732 1733 1656
f 236 2431 235
f 2303 2304 2202
f 2303 2305 2306
f 1017 1021 1022
f 439 1317 438
f 1926 1688 2199
f 2163 2123 2497
f 1687 2033 1697
f 2200 2202 2304
f 415 419 2295
f 655 659 658
f 413 418 419
f 1926 2199 2200
f 576 579 578
f 655 656 659
f 1989 827 2089
f 1870 1872 1871
f 578 579 235
f 1954 2351 2284
f 1684 1688 1692
f 2284 2351 2033
f 677 1954 1953
f 1870 1871 835
f 658 1204 660
f 231 236 235
f 677 1790 573
f 1684 1690 1687
f 418 416 420
f 1692 1688 1926
f 576 573 581
f 1989 829 827
f 826 829 834
f 2054 2293 2295
f 826 834 835
f 1687 2034 2033
f 413 419 415
f 655 658 660
f 1954 2284 1953
f 1684 1691 1690
f 1684 1692 1691
f 1018 1733 1939
f 677 1953 1790
f 415 2295 2293
f 2487 2306 1022
f 413 416 418
f 2303 2076 2304
f 1732 656 657
f 2052 2497 2051
f 1732 1734 1733
f 2487 1022 1021
f 2303 2306 2076
f 1687 1690 2034
f 2089 2092 2091
f 231 232 12
f 581 573 1790
f 1018 1939 1021
f 420 743 1204
f 2195 2197 2196
f 2200 2304 2079
f 2283 2284 2033
f 576 580 579
f 231 235 237
f 1926 2200 868
f 235 579 237
f 655 657 656
f 433 439 438
f 2283 2033 2034
f 576 581 580
f 2048 2054 2052
f 1692 1926 869
f 1204 743 660
f 1732 657 1734
f 397 1953 2284
f 2170 1690 1691
f 2076 2079 2304
f 2200 2079 868
f 1692 1925 1691
f 1926 868 869
f 395 1790 1953
f 1734 1939 1733
f 1789 581 1790
f 2171 2034 1690
f 2076 2306 2077
f 2283 396 2284
f 2048 2052 2051
f 2487 2077 2306
f 229 232 231
f 2170 1691 1925
f 579 189 237
f 580 189 579
f 2283 2034 2172
f 2089 827 2092
f 2171 1690 2170
f 2123 2214 2497
f 2120 2091 2122
f 396 397 2284
f 231 237 230
f 2448 1872 437
f 397 395 1953
f 1692 869 1927
f 1607 580 581
f 1692 1927 1925
f 1789 1790 395
f 413 415 414
f 1230 420 416
f 2487 1021 2481
f 2171 2172 2034
f 1789 1607 581
f 229 231 230
f 2054 2049 2293
f 655 660 661
f 2283 2172 396
f 2120 2002 2123
f 1230 743 420
f 655 661 657
f 2292 415 2293
f 2481 1021 1939
f 413 417 416
f 2051 2497 2214
f 2136 2170 1925
f 233 11 232
f 874 868 2079
f 1469 2079 2076
f 2136 2171 2170
f 188 189 580
f 2280 2091 2092
f 189 191 237
f 2048 2049 2054
f 391 395 397
f 391 397 396
f 188 580 1607
f 867 869 868
f 657 2169 1734
f 229 233 232
f 230 237 191
f 1789 395 1791
f 824 829 826
f 742 660 743
f 1213 1925 1927
f 1734 2169 1939
f 2074 2076 2077
f 1789 1791 1607
f 1927 869 872
f 2292 414 415
f 413 414 417
f 396 2172 399
f 2078 2077 2487
f 1213 2136 1925
f 2171 1228 2172
f 824 827 829
f 867 868 874
f 2280 2122 2091
f 1469 874 2079
f 391 396 393
f 2136 1594 2171
f 867 872 869
f 1871 1872 2448
f 2292 2293 2049
f 742 661 660
f 185 189 188
f 2074 1469 2076
f 391 394 395
f 185 191 189
f 393 396 399
f 417 1230 416
f 188 1607 1142
f 2078 2487 2481
f 826 835 833
f 229 230 234
f 1607 1791 1142
f 394 1791 395
f 2171 1594 1228
f 2172 1228 399
f 233 211 11
f 1212 1213 1927
f 2120 2122 2002
f 1212 1927 872
f 657 661 2168
f 2002 2214 2123
f 657 2168 2169
f 230 191 238
f 2048 2051 2053
f 229 234 233
f 2074 2077 2078
f 1871 2449 835
f 1213 1215 2136
f 391 393 392
f 185 188 187
f 2136 1593 1594
f 188 1142 187
f 391 392 394
f 230 238 234
f 393 399 398
f 1139 1142 1791
f 2136 1215 1593
f 867 873 872
f 185 190 191
f 2473 2481 1939
f 1139 1791 394
f 2053 2051 2214
f 742 743 276
f 1227 1228 1594
f 1230 276 743
f 399 1228 1226
f 393 398 392
f 1212 872 2009
f 190 238 191
f 867 874 871
f 304 1213 1212
f 1227 1594 1593
f 304 1215 1213
f 185 187 186
f 2471 1939 2169
f 1136 187 1142
f 398 399 1226
f 2009 872 873
f 1464 874 1469
f 2292 1232 414
f 417 414 1232
f 442 438 1317
f 1136 1142 1139
f 433 436 437
f 392 400 394
f 233 212 211
f 185 186 190
f 1911 233 234
f 867 870 873
f 1470 1469 2074
f 1224 1228 1227
f 2282 2092 827
f 392 398 400
f 1224 1226 1228
f 1136 186 187
f 1139 394 1138
f 2449 833 835
f 2078 2481 2248
f 2048 2050 2049
f 1215 300 1593
f 2074 2078 2075
f 867 871 870
f 2197 442 1317
f 2280 2092 2282
f 234 238 1844
f 1227 1593 1592
f 1841 238 190
f 400 1138 394
f 1464 871 874
f 1212 2009 1214
f 1911 212 233
f 1151 398 1226
f 2471 2473 1939
f 304 300 1215
f 304 1212 1214
f 742 279 661
f 1135 1136 1139
f 2372 2169 2168
f 190 186 1145
f 1151 400 398
f 2292 2049 2294
f 1592 1593 300
f 1464 1469 1470
f 1117 2168 661
f 2048 2053 2050
f 1841 1844 238
f 1135 1139 1138
f 2473 2248 2481
f 1136 1137 186
f 417 1231 1230
f 2071 2324 2070
f 1224 1227 1229
f 1224 1153 1226
f 1911 234 1913
f 2009 873 1764
f 1840 1841 190
f 1227 1592 1229
f 1470 2074 2075
f 1913 234 1844
f 1840 190 1145
f 1151 1226 1153
f 1137 1145 186
f 209 211 212
f 1135 1137 1136
f 873 870 1764
f 436 2448 437
f 400 1152 1138
f 433 438 435
f 1149 400 1151
f 742 276 279
f 2471 2169 2372
f 1214 2009 1764
f 2280 2281 2122
f 299 300 304
f 2247 2075 2078
f 1135 1138 1141
f 2292 2294 1232
f 2247 2078 2248
f 1224 1229 1225
f 1224 1225 1153
f 1841 1842 1844
f 1149 1152 400
f 417 1232 1231
f 1840 1842 1841
f 1592 300 1442
f 304 1214 303
f 824 828 827
f 1840 1145 1144
f 824 826 825
f 1138 1152 1141
f 1230 275 276
f 871 1468 870
f 1137 1144 1145
f 1592 1442 1229
f 1150 1151 1153
f 279 1117 661
f 2122 2001 2002
f 1149 1151 1150
f 1117 2372 2168
f 1911 210 212
f 299 304 303
f 1135 1140 1137
f 1463 871 1464
f 1135 1141 1140
f 1916 1913 1844
f 2049 2050 2294
f 1911 1913 1912
f 1840 1843 1842
f 1840 1144 1843
f 1468 1764 870
f 1225 1154 1153
f 299 301 300
f 2211 2053 2214
f 935 1225 1229
f 2337 1844 1842
f 1150 1153 1154
f 209 212 210
f 1442 300 301
f 1149 1114 1152
f 825 826 833
f 2002 2003 2214
f 935 1229 1442
f 1141 1152 1155
f 1137 1143 1144
f 1149 1150 1114
f 1464 1470 1467
f 1231 275 1230
f 1916 1844 2337
f 1137 1140 1143
f 1911 1912 210
f 2280 2282 2281
f 1140 1141 1155
f 1214 1764 1216
f 1463 1468 871
f 1912 1913 1916
f 1114 1155 1152
f 1144 2224 1843
f 2473 2482 2248
f 303 1214 1216
f 1225 936 1154
f 935 936 1225
f 2225 1842 1843
f 1150 1154 1113
f 1470 2075 802
f 1143 2224 1144
f 2405 1871 2448
f 2122 2281 2001
f 1150 1113 1114
f 299 303 302
f 2337 1842 2225
f 2471 2472 2473
f 299 302 301
f 935 1442 934
f 1463 1464 1467
f 2225 1843 2224
f 274 279 276
f 1863 1140 1155
f 2247 802 2075
f 1115 1154 936
f 2471 2372 2271
f 2325 1442 301
f 2405 2449 1871
f 1115 1113 1154
f 1114 1112 1155
f 2247 2248 807
f 1862 1143 1140
f 2211 2050 2053
f 932 936 935
f 1621 1619 2195
f 2336 1916 2337
f 2223 2224 1143
f 1109 1114 1113
f 2325 934 1442
f 274 276 275
f 1862 1140 1863
f 1762 1764 1468
f 932 935 934
f 1863 1155 1112
f 937 1115 936
f 1233 1232 2294
f 1912 1916 1915
f 1109 1112 1114
f 932 937 936
f 303 1217 302
f 2221 2225 2224
f 1231 1232 1233
f 2473 2472 2482
f 2337 2225 2338
f 303 1216 1217
f 1470 802 1467
f 2221 2224 2223
f 1760 1216 1764
f 1108 1113 1115
f 1117 1120 2372
f 2195 1618 2197
f 2223 1143 1864
f 2248 2482 807
f 2336 2337 2338
f 1862 1864 1143
f 2282 827 1797
f 1109 1113 1108
f 2336 1915 1916
f 2211 2214 2003
f 485 301 302
f 937 712 1115
f 210 1912 1914
f 932 939 937
f 2325 301 485
f 1108 1115 712
f 1865 1863 1112
f 932 934 933
f 1760 1764 1762
f 824 825 828
f 937 939 712
f 1862 1863 1745
f 2221 2223 2222
f 1463 1465 1468
f 1109 1110 1112
f 2221 2226 2225
f 2247 807 802
f 932 938 939
f 2471 2271 2272
f 2223 1864 2222
f 2325 2326 934
f 1745 1863 1865
f 2271 2372 1120
f 1107 1109 1108
f 932 933 938
f 1621 2070 1620
f 446 2002 2001
f 712 939 711
f 2471 2272 2472
f 1108 712 708
f 1865 1112 1110
f 1862 1746 1864
f 2326 933 934
f 1912 1915 1914
f 435 438 442
f 1116 1117 279
f 938 711 939
f 1474 2338 2225
f 707 712 711
f 1797 827 828
f 1862 1745 1746
f 1107 1110 1109
f 2336 2338 1475
f 1107 1108 708
f 707 708 712
f 2221 2222 2226
f 714 711 938
f 1762 1468 1465
f 2336 1475 1915
f 707 711 706
f 1217 484 302
f 706 711 714
f 1474 2225 2226
f 2432 2294 2050
f 938 933 2238
f 2325 485 479
f 1745 1865 1744
f 1763 1217 1216
f 1865 1110 1744
f 2222 1864 1750
f 2325 479 2326
f 485 302 484
f 705 708 707
f 714 938 2236
f 706 714 713
f 2326 2238 933
f 705 707 706
f 446 2003 2002
f 1746 1750 1864
f 714 2428 713
f 1107 708 709
f 1463 1467 1466
f 714 2236 2428
f 1107 1111 1110
f 706 713 710
f 1474 1475 2338
f 713 2428 1532
f 1761 1216 1760
f 705 709 708
f 1533 713 1532
f 1740 1746 1745
f 2235 2236 938
f 705 706 710
f 2235 938 2238
f 433 435 434
f 1740 1745 1744
f 1533 710 713
f 832 833 2449
f 2222 2390 2226
f 1107 709 1111
f 1876 1744 1110
f 274 277 279
f 137 1532 2428
f 1531 1533 1532
f 1116 1120 1117
f 2236 2237 2428
f 1876 1110 1111
f 1231 280 275
f 2222 1750 2390
f 1531 1532 138
f 137 138 1532
f 2326 2239 2238
f 803 1467 802
f 137 2428 2429
f 1763 484 1217
f 705 710 682
f 705 682 709
f 2235 2237 2236
f 1761 1763 1216
f 1759 1760 1762
f 1534 710 1533
f 1463 1466 1465
f 2237 2429 2428
f 136 138 137
f 1531 1534 1533
f 2235 2238 2239
f 806 807 2482
f 1741 1750 1746
f 1740 1744 1743
f 1475 1473 1915
f 2326 479 480
f 2472 806 2482
f 1740 1741 1746
f 709 1542 1111
f 1743 1744 1876
f 2211 2212 2050
f 1474 2226 1722
f 274 275 278
f 478 479 485
f 709 682 1542
f 2226 2390 1722
f 1876 1111 2186
f 137 2429 140
f 710 684 682
f 1534 684 710
f 478 485 484
f 2326 480 2239
f 140 139 137
f 136 137 96
f 433 434 436
f 136 96 138
f 2322 2281 2282
f 69 1531 138
f 1542 2186 1111
f 139 96 137
f 1472 1475 1474
f 1759 1761 1760
f 1231 1233 1234
f 2267 2271 1120
f 2267 2272 2271
f 825 833 832
f 1531 69 1534
f 1740 1743 1742
f 1750 1747 2390
f 1743 1876 1712
f 799 802 807
f 445 2001 2281
f 1116 279 277
f 2235 2240 2237
f 803 1466 1467
f 1876 2186 1712
f 1740 1742 1741
f 2237 2483 2429
f 1792 1233 2294
f 1741 1747 1750
f 139 140 96
f 2432 2050 2212
f 2235 2239 2240
f 478 480 479
f 96 69 138
f 682 683 1542
f 140 2429 2483
f 2185 2186 1542
f 1471 1474 1722
f 1743 1712 1711
f 1534 66 684
f 1762 1465 1179
f 1742 1743 1711
f 681 682 684
f 683 2185 1542
f 1707 1712 2186
f 1472 1474 1471
f 2269 2472 2272
f 2237 2240 2483
f 1707 2186 2185
f 1354 1722 2390
f 1763 1834 484
f 1534 69 65
f 681 683 682
f 1759 1762 1179
f 1747 1354 2390
f 480 2479 2239
f 1534 65 66
f 278 275 280
f 1741 1742 1749
f 681 684 66
f 1792 2294 2432
f 1708 1711 1712
f 1742 1711 1709
f 1741 1748 1747
f 274 278 277
f 96 140 97
f 1708 1712 1707
f 1231 1234 280
f 2240 2239 2479
f 1706 2185 683
f 799 807 806
f 1706 1707 2185
f 97 140 2483
f 1761 1483 1763
f 478 484 483
f 478 481 480
f 1741 1749 1748
f 1708 1709 1711
f 1742 1709 1749
f 2269 806 2472
f 446 2001 445
f 1471 1722 1355
f 797 803 802
f 2405 2406 2449
f 1354 1355 1722
f 1917 1465 1466
f 681 122 683
f 681 66 128
f 1705 1708 1707
f 481 2479 480
f 1705 1707 1706
f 1834 483 484
f 2323 2324 2071
f 2483 2240 2489
f 1706 683 122
f 2267 2269 2272
f 1763 1483 1834
f 1747 1356 1354
f 1116 1118 1120
f 65 69 68
f 1748 1356 1747
f 1708 1710 1709
f 2322 2282 1797
f 1759 1174 1761
f 1118 2267 1120
f 2211 2003 2004
f 65 67 66
f 797 802 799
f 1709 1784 1749
f 1917 1179 1465
f 97 2483 174
f 1705 929 1708
f 66 67 128
f 1708 929 1710
f 1709 1710 1784
f 2483 2489 174
f 1705 1706 119
f 803 804 1466
f 681 128 121
f 1792 1234 1233
f 1706 122 119
f 478 482 481
f 2406 832 2449
f 2240 2479 2463
f 445 2281 2322
f 1783 1748 1749
f 681 121 122
f 825 830 828
f 478 483 482
f 2240 2463 2489
f 1761 1174 1483
f 1759 1179 1174
f 1783 1749 1784
f 1783 1356 1748
f 446 447 2003
f 1705 928 929
f 119 122 118
f 2195 1619 1618
f 1710 929 930
f 1710 930 1784
f 1705 119 928
f 128 67 121
f 2211 2213 2212
f 481 2480 2479
f 2405 2448 2357
f 117 118 122
f 1917 1466 1048
f 174 77 97
f 117 122 121
f 797 804 803
f 1834 1480 483
f 117 119 118
f 799 806 805
f 1834 1483 1480
f 113 174 2489
f 2197 2083 442
f 804 1048 1466
f 2480 2463 2479
f 926 930 929
f 926 929 928
f 1785 1784 930
f 481 482 2480
f 1783 1784 1785
f 2357 2448 436
f 1116 277 1121
f 830 1797 828
f 113 2489 2463
f 278 280 282
f 928 119 120
f 2269 2319 806
f 2432 2212 1972
f 278 281 277
f 117 120 119
f 2268 2269 2267
f 1116 1119 1118
f 1917 1181 1179
f 483 2465 482
f 113 77 174
f 447 2004 2003
f 2211 2004 2213
f 1118 2268 2267
f 926 931 930
f 1785 930 931
f 926 928 173
f 1792 2432 1972
f 173 928 120
f 2319 805 806
f 1173 1174 1179
f 1480 2465 483
f 1175 1483 1174
f 112 113 2463
f 797 799 798
f 280 1234 273
f 1175 1480 1483
f 482 2469 2480
f 1116 1121 1119
f 926 173 177
f 926 927 931
f 1173 1179 1181
f 110 2463 2480
f 799 805 798
f 926 177 927
f 482 2465 2469
f 797 800 804
f 1042 1917 1048
f 278 282 281
f 112 2463 110
f 1121 277 281
f 270 1234 1792
f 170 173 120
f 1042 1181 1917
f 2213 1972 2212
f 444 446 445
f 1041 1048 804
f 280 273 282
f 825 832 831
f 109 113 112
f 173 155 177
f 1618 2083 2197
f 156 927 177
f 1480 1481 2465
f 2358 2406 2405
f 1456 2480 2469
f 444 447 446
f 1118 1119 1726
f 110 2480 1456
f 1118 1726 2268
f 1041 804 800
f 328 2319 2269
f 155 156 177
f 1478 1480 1175
f 109 112 110
f 2268 328 2269
f 1171 1175 1174
f 1041 1042 1048
f 1171 1174 1173
f 435 442 441
f 797 798 801
f 797 801 800
f 2469 2465 2314
f 1173 1181 1180
f 270 273 1234
f 825 831 830
f 450 445 2322
f 1478 1481 1480
f 1180 1181 1042
f 2319 329 805
f 1481 2314 2465
f 798 805 329
f 435 441 434
f 1772 1792 1972
f 2406 1798 832
f 1457 1456 2469
f 1724 1119 1121
f 111 110 1456
f 2322 1797 2285
f 1457 2469 2314
f 2213 2004 2495
f 270 1792 1772
f 1121 281 651
f 1478 1175 1176
f 648 281 282
f 2358 2405 2357
f 830 1794 1797
f 1724 1726 1119
f 1040 1041 800
f 447 448 2004
f 28 110 111
f 1173 1180 1172
f 328 329 2319
f 648 282 273
f 1171 1176 1175
f 434 443 436
f 1171 1173 1172
f 2268 1726 2270
f 1478 1479 1481
f 1039 1042 1041
f 1040 800 801
f 444 445 450
f 1180 1042 1043
f 1620 2070 2324
f 1997 2314 1481
f 2268 2270 328
f 91 111 1456
f 91 1456 1457
f 798 808 801
f 2213 1974 1972
f 2313 1457 2314
f 1478 1176 1479
f 798 329 808
f 649 1121 651
f 1479 1997 1481
f 1724 1121 649
f 1039 1041 1040
f 1172 1180 1043
f 2313 2314 1997
f 444 448 447
f 1039 1043 1042
f 268 273 270
f 2358 1798 2406
f 2495 2004 448
f 831 832 1798
f 646 651 281
f 91 27 111
f 450 2322 2285
f 2213 2495 1974
f 2313 1049 1457
f 646 281 648
f 91 1457 1049
f 1724 1727 1726
f 1772 1972 1971
f 1794 2285 1797
f 1171 1177 1176
f 1545 1619 1621
f 1040 801 1047
f 648 273 271
f 2270 1726 1727
f 1171 1172 1178
f 1959 2357 436
f 1047 801 808
f 324 329 328
f 1176 1482 1479
f 268 271 273
f 1971 1972 1974
f 269 270 1772
f 1994 1997 1479
f 2313 1997 1996
f 90 91 1049
f 646 649 651
f 1172 1043 1182
f 1171 1178 1177
f 2313 1996 1049
f 330 808 329
f 1039 1040 1044
f 1176 1177 1482
f 1039 1045 1043
f 328 2270 326
f 268 270 269
f 1793 830 831
f 2081 442 2083
f 26 91 90
f 1724 649 1725
f 1482 1994 1479
f 1793 1794 830
f 1994 1996 1997
f 1040 1047 1044
f 1172 1182 1178
f 1724 1725 1727
f 90 1049 93
f 324 330 329
f 1959 436 443
f 441 442 2081
f 1182 1043 1045
f 434 441 443
f 93 1049 1996
f 2270 1727 1949
f 1545 1621 1620
f 444 450 449
f 324 328 326
f 26 90 93
f 1039 1046 1045
f 1039 1044 1046
f 1047 808 2420
f 1772 1971 1774
f 646 648 647
f 2495 448 1769
f 648 271 647
f 2270 1949 326
f 1974 2495 1769
f 330 2420 808
f 646 650 649
f 269 1772 1774
f 1482 1177 1993
f 444 451 448
f 1178 2041 1177
f 1482 1995 1994
f 26 93 92
f 268 272 271
f 1725 649 650
f 1994 1730 1996
f 93 1996 171
f 1725 1728 1727
f 268 269 272
f 1728 1949 1727
f 1971 1974 1973
f 1044 1047 2401
f 1482 1993 1995
f 1177 2041 1993
f 1182 1131 1178
f 2022 2358 2357
f 1182 1045 973
f 324 327 330
f 1044 2400 1046
f 450 2285 1543
f 1546 1618 1619
f 444 449 451
f 92 93 171
f 973 1045 1046
f 1047 2420 2401
f 1994 1995 1730
f 2022 1798 2358
f 1730 171 1996
f 1131 2041 1178
f 647 271 272
f 1971 1973 1774
f 675 2420 330
f 646 652 650
f 450 1543 449
f 646 647 652
f 326 1949 1950
f 324 326 325
f 831 1798 1799
f 1044 2401 2400
f 327 675 330
f 1182 973 1131
f 2392 1974 1769
f 1768 1769 448
f 973 1046 2400
f 1728 1950 1949
f 1794 1796 2285
f 2041 183 1993
f 324 325 327
f 1993 184 1995
f 2392 1973 1974
f 269 1774 1773
f 92 171 165
f 1768 448 451
f 1725 650 1729
f 1725 1729 1728
f 269 1773 272
f 1730 1995 2379
f 1793 1796 1794
f 1793 831 1795
f 1993 183 184
f 166 171 1730
f 326 1950 2348
f 2379 1995 184
f 2401 2420 2180
f 326 2348 325
f 1131 180 2041
f 164 165 171
f 675 2180 2420
f 2041 180 183
f 166 164 171
f 2400 2401 972
f 1728 1948 1950
f 973 2400 972
f 647 272 653
f 327 676 675
f 971 1131 973
f 1774 1973 1775
f 1730 2379 1585
f 650 652 2377
f 166 1730 1585
f 327 325 676
f 1959 1922 2357
f 1728 1729 1948
f 1618 1547 2083
f 178 184 183
f 1773 1774 1775
f 647 654 652
f 1799 1798 2022
f 408 451 449
f 1729 650 2377
f 162 164 166
f 831 1799 1795
f 408 449 1543
f 676 2180 675
f 178 183 180
f 2379 184 181
f 1543 2285 1800
f 1131 691 180
f 2491 2401 2180
f 2491 972 2401
f 2348 1950 1951
f 971 691 1131
f 2348 2439 325
f 1773 1777 272
f 2392 2393 1973
f 970 971 973
f 970 973 972
f 1767 2392 1769
f 1948 1951 1950
f 647 653 654
f 178 181 184
f 1585 2379 181
f 2022 2357 1922
f 1768 1767 1769
f 1793 1795 1796
f 162 166 167
f 1796 1800 2285
f 166 1585 167
f 272 1777 653
f 2377 652 654
f 2081 2083 2082
f 1973 2393 1775
f 1546 1619 1545
f 1033 443 441
f 676 325 2179
f 412 1768 451
f 2348 1951 2439
f 1923 1959 443
f 178 180 179
f 325 2439 2179
f 1948 1729 1952
f 676 1869 2180
f 179 180 691
f 1582 1585 181
f 408 409 451
f 2491 976 972
f 971 864 691
f 1773 1775 1776
f 1585 1584 167
f 2491 2180 1866
f 178 182 181
f 1948 1952 1951
f 970 864 971
f 2374 1729 2377
f 1767 2393 2392
f 1582 1584 1585
f 1773 1776 1777
f 1546 1547 1618
f 441 2081 1032
f 408 1543 405
f 178 179 182
f 970 972 969
f 409 412 451
f 1869 1866 2180
f 676 2179 1868
f 412 1767 1768
f 2374 1952 1729
f 676 1868 1869
f 163 167 145
f 167 1584 145
f 2470 2439 1951
f 1582 181 689
f 969 972 976
f 2491 1866 976
f 179 691 690
f 2376 2377 654
f 182 689 181
f 1543 1800 405
f 2179 2439 2470
f 653 1956 654
f 690 691 864
f 653 1777 1956
f 1775 2393 2412
f 863 864 970
f 1581 1584 1582
f 2374 2377 2376
f 863 970 969
f 1776 1775 2412
f 144 145 1584
f 1951 1952 1671
f 1581 1582 689
f 685 182 179
f 1923 1922 1959
f 1547 2082 2083
f 402 409 408
f 1581 144 1584
f 2470 1951 1671
f 1799 2022 632
f 179 690 687
f 1033 1923 443
f 975 976 1866
f 402 408 405
f 1868 2179 730
f 685 179 687
f 144 143 145
f 728 1866 1869
f 728 1869 1868
f 1777 1776 2335
f 182 686 689
f 969 976 975
f 2376 654 2332
f 1956 2332 654
f 858 690 864
f 2179 2470 730
f 1796 1795 2493
f 858 864 863
f 1767 1396 2393
f 1799 633 1795
f 685 686 182
f 1581 689 1583
f 1956 1777 2335
f 2374 1669 1952
f 1033 441 1032
f 1796 1802 1800
f 1581 142 144
f 1396 2412 2393
f 863 969 862
f 403 412 409
f 689 686 1583
f 144 142 143
f 412 410 1767
f 1669 1671 1952
f 857 687 690
f 1867 975 1866
f 728 1868 730
f 2081 2082 1032
f 1776 2412 2413
f 1581 1583 142
f 728 1867 1866
f 2374 2376 2375
f 858 863 862
f 857 690 858
f 969 975 974
f 2470 1671 1670
f 685 687 688
f 402 403 409
f 2335 1776 2413
f 685 688 686
f 969 974 862
f 2470 1670 730
f 407 405 1800
f 2022 1922 631
f 2374 2375 1669
f 2376 2332 2387
f 857 688 687
f 1799 632 633
f 1956 2333 2332
f 1583 686 2252
f 1583 172 142
f 1796 2493 1802
f 401 402 405
f 403 410 412
f 2493 1795 633
f 1398 1396 1767
f 2419 686 688
f 1867 2128 975
f 2419 2252 686
f 2376 2387 2375
f 858 862 861
f 1956 2335 2334
f 1583 2252 172
f 857 858 860
f 974 975 2128
f 2022 631 632
f 1667 1671 1669
f 1398 1767 410
f 1396 1397 2412
f 1397 2413 2412
f 1667 1670 1671
f 722 728 730
f 407 1800 1802
f 974 2035 862
f 2332 2333 2387
f 45 142 172
f 728 729 1867
f 857 859 688
f 1956 2334 2333
f 401 403 402
f 858 861 860
f 861 862 2035
f 730 1670 725
f 401 405 407
f 1620 2324 1622
f 1545 1620 1622
f 857 860 859
f 2419 688 1982
f 2335 2413 2414
f 2419 1982 2252
f 172 2252 44
f 1669 2375 1813
f 729 2128 1867
f 722 729 728
f 722 730 725
f 1919 1922 1923
f 44 45 172
f 1093 974 2128
f 1093 2035 974
f 2252 1982 44
f 1667 1409 1670
f 2334 2335 2414
f 1667 1669 1668
f 688 859 1986
f 2375 2387 1812
f 1397 2414 2413
f 688 1986 1982
f 725 1670 1409
f 861 2035 2037
f 1669 1813 1668
f 861 2036 860
f 403 411 410
f 1395 1397 1396
f 860 2499 859
f 1395 1396 1398
f 1544 1546 1545
f 2375 1812 1813
f 2333 2461 2387
f 1920 631 1922
f 1033 1034 1923
f 1093 2037 2035
f 861 2037 2036
f 729 1094 2128
f 1544 1547 1546
f 2334 2461 2333
f 41 44 1982
f 860 2036 2499
f 401 404 403
f 2499 1986 859
f 1093 2128 1094
f 1667 1408 1409
f 2229 1398 410
f 1919 1920 1922
f 1982 1986 1981
f 1667 1668 1408
f 722 723 729
f 1812 2387 2461
f 721 722 725
f 1551 2082 1547
f 41 1982 1981
f 2323 1459 2324
f 41 42 44
f 403 404 411
f 1551 1032 2082
f 627 633 632
f 1802 2493 2391
f 2229 410 411
f 724 725 1409
f 407 1802 1801
f 1093 643 2037
f 634 2493 633
f 2334 2414 2462
f 401 407 406
f 1031 1033 1032
f 1322 1668 1813
f 1397 1060 2414
f 721 723 722
f 2036 2037 644
f 1322 1813 1812
f 2499 2036 2498
f 1983 1981 1986
f 729 731 1094
f 1395 1060 1397
f 1985 1986 2499
f 724 1409 1408
f 645 1093 1094
f 2334 2462 2461
f 1919 1923 1034
f 721 725 724
f 723 731 729
f 1395 1398 1400
f 627 632 631
f 1408 1668 1323
f 643 644 2037
f 41 1981 1983
f 645 643 1093
f 2036 644 2498
f 1400 1398 2229
f 2323 1328 1459
f 401 406 404
f 1322 1323 1668
f 1983 1986 1985
f 1985 2499 2498
f 41 43 42
f 1812 2461 508
f 1801 1802 2391
f 2414 1061 2462
f 407 1801 406
f 645 1094 1092
f 1322 1812 508
f 1983 43 41
f 1031 1034 1033
f 1092 1094 731
f 2414 1060 1061
f 2391 2493 634
f 724 1408 1324
f 721 727 723
f 1408 1323 1324
f 640 644 643
f 627 634 633
f 640 643 645
f 721 724 726
f 723 727 731
f 1920 1921 631
f 2229 411 2230
f 411 404 2230
f 1395 1399 1060
f 636 2498 644
f 1395 1400 1399
f 1983 1985 1984
f 2234 1985 2498
f 2462 2451 2461
f 1319 1323 1322
f 721 726 727
f 1919 1921 1920
f 161 43 1983
f 640 636 644
f 1092 731 1095
f 1983 1984 161
f 645 1092 642
f 1319 1324 1323
f 2234 2498 636
f 508 2461 506
f 640 645 642
f 1322 508 507
f 1404 724 1324
f 1400 2229 1739
f 726 724 1404
f 1984 1985 2084
f 2320 731 727
f 2234 2084 1985
f 1058 2462 1061
f 404 406 2307
f 2451 506 2461
f 1319 1322 507
f 1095 731 2320
f 627 631 629
f 1092 1095 642
f 1058 2451 2462
f 1057 1061 1060
f 404 2307 2230
f 2229 2230 1739
f 37 43 161
f 1399 1059 1060
f 160 161 1984
f 1736 1399 1400
f 631 1921 629
f 635 636 640
f 1382 2234 636
f 726 1405 727
f 1319 1320 1324
f 1548 1551 1547
f 160 1984 2084
f 2154 406 1801
f 635 640 642
f 1382 2084 2234
f 1544 1548 1547
f 1801 2391 1835
f 1404 1324 1320
f 1736 1400 1739
f 37 161 160
f 502 508 506
f 502 507 508
f 1057 1060 1059
f 726 1404 1405
f 1031 1032 360
f 1057 1058 1061
f 2320 727 2321
f 1551 360 1032
f 1382 636 637
f 1544 1545 1549
f 635 637 636
f 642 1095 1051
f 1095 2320 1051
f 1319 507 1321
f 1919 1034 879
f 727 1405 2321
f 2391 634 354
f 2307 406 2155
f 511 506 2451
f 160 2084 1526
f 1319 1321 1320
f 2450 2451 1058
f 1545 1622 1549
f 1382 1383 2084
f 1736 1737 1399
f 1737 1059 1399
f 2154 2155 406
f 1919 879 1921
f 635 642 641
f 37 160 38
f 2154 1801 1835
f 627 353 634
f 2320 2321 1051
f 1383 1526 2084
f 1404 1320 1407
f 511 2451 2450
f 2230 2466 1739
f 1381 1382 637
f 642 1051 641
f 2230 2307 1717
f 502 503 507
f 38 160 1526
f 1404 1406 1405
f 502 506 505
f 635 638 637
f 1321 507 503
f 1381 1383 1382
f 1735 1736 1739
f 505 506 511
f 1835 2391 354
f 1031 876 1034
f 1057 1059 1062
f 1404 1407 1406
f 1057 321 1058
f 1381 637 638
f 1321 1326 1320
f 1405 1346 2321
f 635 641 639
f 2230 1717 2466
f 635 639 638
f 2450 1058 321
f 1735 1737 1736
f 1737 1062 1059
f 1407 1320 1326
f 1383 954 1526
f 38 1526 954
f 626 627 629
f 1716 2307 2155
f 1406 1346 1405
f 1051 2321 1347
f 502 504 503
f 353 354 634
f 502 505 504
f 1381 953 1383
f 1050 641 1051
f 510 511 2450
f 1716 1717 2307
f 1738 1739 2466
f 1381 638 1384
f 1735 1739 1738
f 1321 503 1325
f 1347 2321 1346
f 505 511 510
f 1383 953 954
f 1057 1062 323
f 1321 1325 1326
f 1385 638 639
f 628 629 1921
f 38 954 40
f 1407 1805 1406
f 1381 1384 953
f 626 353 627
f 641 1052 639
f 1057 323 321
f 876 879 1034
f 2154 1835 1836
f 1407 1326 1805
f 36 38 40
f 2154 1715 2155
f 510 2450 321
f 1384 638 1385
f 1050 1051 1054
f 1051 1347 1054
f 1050 1052 641
f 1878 503 504
f 1737 1024 1062
f 1031 360 876
f 505 509 504
f 1349 1346 1406
f 1385 639 1052
f 1325 503 1878
f 1735 888 1737
f 1715 1716 2155
f 952 954 953
f 1717 1718 2466
f 505 510 509
f 952 40 954
f 1349 1406 1805
f 628 1921 879
f 1384 1386 953
f 1384 1385 1386
f 1548 359 1551
f 351 1835 354
f 1325 1804 1326
f 2154 1836 1715
f 323 1062 1024
f 1738 2466 1718
f 1344 1347 1346
f 1326 1804 1805
f 1735 1738 888
f 1551 359 360
f 1878 504 509
f 1350 1054 1347
f 1050 1053 1052
f 1050 1054 1053
f 2263 1622 2324
f 1737 888 1024
f 1714 1717 1716
f 626 629 628
f 351 1836 1835
f 1344 1346 1349
f 1385 1052 2085
f 318 321 323
f 148 39 40
f 952 953 955
f 148 40 952
f 322 510 321
f 955 953 1386
f 1385 2085 1386
f 1344 1350 1347
f 1325 1878 1879
f 1714 1718 1717
f 1325 1879 1804
f 1803 1349 1805
f 1714 1716 1715
f 1350 1055 1054
f 1053 1054 1055
f 510 866 509
f 1803 1805 1804
f 1053 1056 1052
f 318 322 321
f 346 354 353
f 1878 509 1880
f 1056 2085 1052
f 148 952 147
f 887 1738 1718
f 320 323 1024
f 952 955 147
f 888 1738 887
f 1386 2085 2219
f 322 866 510
f 955 1386 2219
f 1344 1345 1350
f 1878 1880 1879
f 1344 1349 1348
f 1350 1345 1055
f 318 323 320
f 1544 1550 1548
f 346 351 354
f 1715 1836 356
f 1803 1348 1349
f 1053 1055 490
f 866 2347 509
f 626 352 353
f 2347 1880 509
f 1053 490 1056
f 888 889 1024
f 95 148 147
f 1804 1879 1650
f 351 356 1836
f 1803 1804 1650
f 1056 2218 2085
f 2216 147 955
f 2216 955 2219
f 2219 2085 2218
f 1344 670 1345
f 1345 489 1055
f 1714 1719 1718
f 1544 1549 1550
f 628 879 880
f 320 1024 889
f 1055 489 490
f 1344 1348 670
f 318 319 322
f 875 879 876
f 1714 1715 962
f 1338 1879 1880
f 1719 887 1718
f 322 865 866
f 95 147 146
f 318 320 319
f 346 353 352
f 626 628 630
f 1803 1649 1348
f 884 888 887
f 487 1056 490
f 1345 670 489
f 2216 2217 147
f 1338 1650 1879
f 1037 2347 866
f 1715 356 962
f 1340 1880 2347
f 2217 146 147
f 1803 1650 1649
f 487 2218 1056
f 1459 2263 2324
f 884 889 888
f 2215 2216 2219
f 2215 2219 2218
f 486 490 489
f 1037 866 865
f 1338 1880 1340
f 1622 2261 1549
f 322 703 865
f 322 319 703
f 361 876 360
f 486 487 490
f 1340 2347 1037
f 626 630 352
f 1348 671 670
f 347 356 351
f 948 2217 2216
f 1548 358 359
f 875 880 879
f 1348 1649 671
f 346 347 351
f 670 491 489
f 2217 53 146
f 320 702 319
f 1714 1720 1719
f 357 360 359
f 948 2216 2215
f 94 146 53
f 320 889 1023
f 486 489 491
f 487 1853 2218
f 1714 962 1720
f 2215 2218 1853
f 1338 1339 1650
f 1719 886 887
f 1646 1649 1650
f 948 53 2217
f 884 887 886
f 1035 1037 865
f 320 1023 702
f 1336 1338 1340
f 1035 865 703
f 486 488 487
f 1646 1650 1339
f 672 671 1649
f 628 880 1947
f 665 670 671
f 665 491 670
f 1036 1340 1037
f 486 491 488
f 948 2215 947
f 533 703 319
f 487 1851 1853
f 628 1947 630
f 884 882 889
f 672 1649 1646
f 1336 1339 1338
f 533 319 702
f 2215 1853 1849
f 488 1851 487
f 51 53 948
f 355 962 356
f 875 876 361
f 1548 1550 358
f 1023 889 882
f 1035 1036 1037
f 2215 1849 947
f 346 352 348
f 1336 1340 1036
f 1719 1720 1721
f 51 948 947
f 347 355 356
f 529 1035 703
f 1719 1721 886
f 667 671 672
f 345 347 346
f 49 53 51
f 669 488 491
f 881 884 886
f 1023 704 702
f 665 671 667
f 1846 1853 1851
f 357 361 360
f 665 669 491
f 533 529 703
f 961 1720 962
f 1846 1849 1853
f 673 672 1646
f 1646 1339 1648
f 533 702 704
f 881 882 884
f 630 2126 352
f 1848 1851 488
f 1336 1341 1339
f 2263 2261 1622
f 947 1849 2411
f 357 359 358
f 51 947 949
f 530 1036 1035
f 667 672 673
f 345 346 348
f 530 1035 529
f 947 2411 949
f 673 1646 1648
f 48 49 51
f 1846 1851 1848
f 1336 1036 1337
f 355 961 962
f 1857 488 669
f 1648 1339 1341
f 1848 488 1857
f 2364 1721 1720
f 2411 1849 1850
f 1846 1850 1849
f 1023 882 2350
f 1336 1337 1341
f 1023 2350 704
f 665 667 666
f 875 877 880
f 348 352 2126
f 665 668 669
f 961 2364 1720
f 51 949 52
f 48 51 52
f 531 529 533
f 950 949 2411
f 1947 2127 630
f 1947 880 877
f 530 528 1036
f 667 673 674
f 533 704 532
f 886 1721 885
f 881 886 885
f 665 666 668
f 1846 1848 1847
f 950 2411 1850
f 525 530 529
f 347 349 355
f 345 349 347
f 1857 669 1012
f 1036 1342 1337
f 881 883 882
f 52 949 950
f 1848 1857 1854
f 1846 1852 1850
f 48 52 50
f 673 1648 1647
f 667 674 666
f 630 2127 2126
f 668 1012 669
f 1036 528 1342
f 525 529 531
f 1846 1847 1852
f 1847 1848 1854
f 531 533 532
f 2350 882 2447
f 1648 1341 2232
f 1337 1343 1341
f 2364 2365 1721
f 525 528 530
f 673 1647 674
f 532 704 2350
f 1645 950 1850
f 882 883 2447
f 1857 1012 1887
f 1854 1857 1887
f 50 52 55
f 2159 1550 1549
f 1852 1645 1850
f 52 950 951
f 1648 2232 1647
f 1337 1342 1343
f 959 2364 961
f 881 885 883
f 1721 2365 885
f 956 961 355
f 666 1011 668
f 1341 1343 2232
f 666 674 1010
f 1847 1854 1856
f 345 348 350
f 668 1013 1012
f 1645 951 950
f 2159 1549 2261
f 875 361 878
f 1847 1855 1852
f 52 57 55
f 1854 1887 1888
f 525 526 528
f 1887 1012 1758
f 959 2365 2364
f 52 951 57
f 525 531 527
f 666 1010 1011
f 1847 1856 1855
f 668 1011 1013
f 1854 1888 1856
f 1644 1645 1852
f 528 1528 1342
f 345 350 349
f 1374 674 1647
f 875 878 877
f 531 532 534
f 1013 1758 1012
f 2350 2447 2290
f 348 2126 623
f 956 959 961
f 54 55 57
f 1887 1758 1888
f 1644 1852 1855
f 2080 1647 2232
f 355 349 957
f 1374 1010 674
f 2115 532 2350
f 525 527 526
f 1504 1343 1342
f 1642 951 1645
f 883 2290 2447
f 526 1528 528
f 1511 2127 1947
f 531 534 527
f 1550 557 358
f 1642 1645 1644
f 2232 1343 1505
f 1511 1947 877
f 956 355 957
f 1374 1647 2080
f 2131 1856 1888
f 2131 1855 1856
f 56 54 57
f 1504 1342 1528
f 1643 57 951
f 622 2126 2127
f 1013 1011 1757
f 348 623 350
f 883 885 1242
f 2115 2350 2290
f 2365 1247 885
f 1127 1888 1758
f 1643 951 1642
f 1011 1010 1375
f 1508 2080 2232
f 1013 1128 1758
f 2129 1644 1855
f 1504 1505 1343
f 532 2116 534
f 959 1247 2365
f 357 362 361
f 357 358 363
f 1508 2232 1505
f 2131 1888 1127
f 1374 1375 1010
f 2129 1855 2131
f 883 1242 2290
f 2115 2116 532
f 1642 1644 1598
f 59 56 57
f 1011 1375 1757
f 1013 1757 1128
f 526 527 1527
f 526 1527 1528
f 1127 1758 1128
f 1643 59 57
f 622 623 2126
f 2129 1598 1644
f 1599 1643 1642
f 1374 2080 1376
f 527 534 2246
f 956 960 959
f 56 59 58
f 964 349 350
f 1599 1642 1598
f 1504 1528 1503
f 1508 1376 2080
f 622 2127 1511
f 2131 1127 215
f 957 349 964
f 2129 2131 2130
f 2246 534 2116
f 1246 1242 885
f 527 2246 1527
f 1246 885 1247
f 1500 1505 1504
f 959 960 1247
f 1503 1528 1527
f 214 1127 1128
f 1643 1597 59
f 1599 1597 1643
f 1128 1757 1378
f 1370 1375 1374
f 1378 1757 1375
f 2129 1600 1598
f 1501 1508 1505
f 2130 2131 215
f 214 215 1127
f 1833 2115 2290
f 58 59 18
f 1370 1374 1376
f 956 957 958
f 1500 1504 1503
f 1595 1599 1598
f 2129 2130 1600
f 1243 2290 1242
f 1501 1376 1508
f 878 1509 877
f 878 361 365
f 1829 2116 2115
f 1500 1501 1505
f 956 958 960
f 1509 1511 877
f 557 363 358
f 214 1128 219
f 1595 1597 1599
f 1595 1598 1600
f 2246 2116 2117
f 59 1597 2140
f 625 350 623
f 219 1128 1378
f 59 2140 18
f 1377 1378 1375
f 1833 2290 1243
f 1503 1527 1073
f 213 215 214
f 357 363 362
f 218 2130 215
f 1370 1377 1375
f 1527 2246 1072
f 1550 555 557
f 1829 2115 1833
f 1829 2117 2116
f 2130 1624 1600
f 964 350 625
f 1501 1372 1376
f 362 365 361
f 1370 1376 1372
f 2159 555 1550
f 213 214 219
f 1595 1596 1597
f 213 218 215
f 960 2453 1247
f 1596 2140 1597
f 2260 2261 2263
f 218 1624 2130
f 1595 1600 477
f 619 623 622
f 1500 1503 1070
f 1246 1247 1248
f 1527 1072 1073
f 957 964 963
f 2140 17 18
f 1377 1379 1378
f 1239 1242 1246
f 2246 2117 1830
f 1600 1624 477
f 957 963 958
f 1239 1243 1242
f 622 1511 624
f 219 1378 769
f 1503 1073 1070
f 1500 1502 1501
f 2246 1830 1072
f 769 1378 1379
f 1248 1247 2453
f 17 19 18
f 474 1596 1595
f 474 1595 477
f 1829 1830 2117
f 1370 1373 1377
f 1596 1825 2140
f 1623 1624 218
f 2159 2261 2260
f 213 219 217
f 213 216 218
f 958 2356 960
f 1825 17 2140
f 619 625 623
f 1500 1070 1502
f 1501 1506 1372
f 1370 1372 1371
f 1377 1380 1379
f 1833 1243 1245
f 470 477 1624
f 217 219 769
f 1623 218 216
f 960 2356 2453
f 470 1624 1623
f 1828 1829 1833
f 213 217 216
f 1502 1506 1501
f 769 1379 1380
f 17 20 19
f 1377 1373 1380
f 1458 1459 1328
f 619 622 624
f 1370 1371 1373
f 1067 1073 1072
f 1825 20 17
f 1246 1248 1241
f 466 474 477
f 474 476 1596
f 1596 476 1825
f 1067 1070 1073
f 466 477 470
f 1239 1245 1243
f 878 1510 1509
f 1239 1246 1241
f 1826 1830 1829
f 1372 1506 1371
f 1071 1072 1830
f 958 963 2355
f 1828 1833 1245
f 878 365 1510
f 1509 1219 1511
f 469 1623 216
f 470 1623 469
f 964 625 1387
f 765 217 769
f 958 2355 2356
f 243 769 1380
f 1067 1072 1071
f 964 1387 963
f 1826 1829 1828
f 82 20 1825
f 2404 1248 2453
f 1502 1070 1068
f 467 474 466
f 217 766 216
f 82 1825 476
f 1219 624 1511
f 467 476 474
f 465 466 470
f 1373 245 1380
f 765 769 243
f 1067 1068 1070
f 465 470 469
f 469 216 766
f 1502 1507 1506
f 2403 2453 2356
f 81 20 82
f 1241 1248 2404
f 248 1373 1371
f 1371 1506 2173
f 243 1380 245
f 764 217 765
f 465 467 466
f 82 476 475
f 467 475 476
f 764 766 217
f 1071 1830 1831
f 1239 1244 1245
f 1826 1831 1830
f 248 245 1373
f 2403 2404 2453
f 1502 1068 1507
f 550 363 557
f 619 620 625
f 78 81 82
f 765 243 244
f 1239 1241 1240
f 1067 1071 1074
f 1371 2173 1416
f 362 363 364
f 465 469 471
f 1828 1245 1832
f 2173 1506 2339
f 248 1371 1416
f 465 468 467
f 2355 963 2407
f 469 766 2141
f 764 765 244
f 1506 1507 2339
f 82 475 473
f 467 473 475
f 239 243 245
f 1067 1069 1068
f 1509 1510 1223
f 1826 1828 1827
f 1239 1240 1244
f 1459 1460 2263
f 550 557 555
f 2402 2356 2355
f 362 366 365
f 465 471 468
f 764 767 766
f 469 2141 471
f 78 82 80
f 1387 2407 963
f 239 244 243
f 625 620 1387
f 1071 1831 1074
f 619 624 621
f 1832 1245 1244
f 1067 1074 1069
f 1509 1223 1219
f 2402 2403 2356
f 241 245 248
f 467 468 472
f 80 82 473
f 1241 2404 2276
f 1416 2173 2339
f 2141 766 767
f 467 472 473
f 764 244 768
f 1826 1827 1831
f 239 245 241
f 78 80 79
f 1068 2421 1507
f 1828 1832 1827
f 764 768 767
f 2278 2404 2403
f 471 1298 468
f 248 1416 247
f 1240 1241 2276
f 2339 1507 2421
f 468 1298 472
f 1219 621 624
f 2402 2355 2407
f 239 242 244
f 241 248 247
f 1069 2368 1068
f 553 555 2159
f 2141 1297 471
f 80 149 79
f 80 473 1293
f 244 242 768
f 619 621 620
f 2367 1074 1831
f 2141 767 2142
f 1416 2339 1418
f 1290 473 472
f 362 364 366
f 2366 1069 1074
f 2278 2276 2404
f 471 1297 1298
f 2368 2421 1068
f 767 768 2359
f 2278 2403 2402
f 1510 365 1512
f 239 241 240
f 1290 1293 473
f 247 1416 1418
f 2141 2142 1297
f 1832 1244 1679
f 767 2359 2142
f 1240 1679 1244
f 239 240 242
f 1292 472 1298
f 1388 149 80
f 1388 80 1293
f 2366 1074 2367
f 2477 1831 1827
f 2366 2368 1069
f 1665 2407 1387
f 1290 472 1292
f 2339 2421 2501
f 241 247 246
f 2367 1831 2477
f 242 2383 768
f 2159 2260 2157
f 2359 768 2383
f 1292 1298 1297
f 1510 1222 1223
f 2339 2501 1418
f 1832 2344 1827
f 241 246 240
f 556 364 363
f 149 75 73
f 2382 2142 2359
f 550 556 363
f 1290 1294 1293
f 1388 75 149
f 1240 2276 1680
f 1387 620 1664
f 1388 1293 1294
f 366 1512 365
f 2142 1811 1297
f 240 249 242
f 247 1418 1417
f 2382 2359 2383
f 1220 1219 1223
f 2402 2407 1662
f 1832 1679 2344
f 1290 1292 1291
f 242 249 2383
f 2368 1360 2421
f 247 1417 246
f 2382 1811 2142
f 1290 1291 1294
f 1240 1680 1679
f 2278 2402 2277
f 2366 1365 2368
f 2366 2367 2209
f 1292 1297 1296
f 2421 1361 2501
f 2274 2276 2278
f 1665 1387 1664
f 1388 1294 1389
f 1388 1389 75
f 2477 1827 2345
f 2260 2263 2262
f 1510 1512 1222
f 240 246 250
f 1218 621 1219
f 1428 1418 2501
f 1665 1662 2407
f 2209 2367 2477
f 2345 1827 2344
f 1296 1297 1811
f 240 250 249
f 1360 1361 2421
f 2382 2383 967
f 1292 1295 1291
f 70 75 74
f 553 2159 2157
f 1417 1418 1428
f 2368 1365 1360
f 1778 2383 249
f 2382 967 1811
f 2366 2209 1365
f 1220 1223 1222
f 1292 1296 1295
f 2274 1680 2276
f 2156 620 621
f 75 1389 1410
f 1291 596 1294
f 549 550 555
f 1417 1426 246
f 1778 967 2383
f 75 1410 74
f 1389 1294 596
f 2274 2278 2277
f 1218 1219 1220
f 250 246 1426
f 70 74 71
f 1363 2501 1361
f 2402 2386 2277
f 2402 1662 2386
f 1677 2344 1679
f 1291 1295 596
f 1428 2501 1363
f 250 755 249
f 2156 1664 620
f 755 1778 249
f 1296 1811 968
f 968 1811 967
f 2209 2477 2208
f 1389 1411 1410
f 549 555 553
f 2208 2477 2345
f 1420 1417 1428
f 1389 596 1411
f 1778 763 967
f 1410 1211 74
f 1676 1679 1680
f 1357 1361 1360
f 592 1295 1296
f 1420 1426 1417
f 71 74 1211
f 2209 1368 1365
f 1965 2345 2344
f 1359 1360 1365
f 250 1426 1429
f 592 596 1295
f 1554 366 364
f 1410 1411 1211
f 1357 1363 1361
f 755 763 1778
f 1427 1428 1363
f 1676 1677 1679
f 250 1429 755
f 1677 1965 2344
f 762 967 763
f 925 1296 968
f 762 968 967
f 1659 1662 1665
f 1420 1428 1427
f 592 1296 925
f 1659 1665 1664
f 596 594 1411
f 76 71 1211
f 1357 1360 1359
f 1359 1365 1368
f 71 76 72
f 2274 2277 2279
f 2274 1681 1680
f 1218 1221 621
f 2207 2209 2208
f 756 763 755
f 2207 1368 2209
f 1421 1429 1426
f 2279 2277 2386
f 366 2013 1512
f 590 596 592
f 1420 1421 1426
f 556 1554 364
f 2014 1211 1411
f 2156 621 1221
f 756 762 763
f 590 594 596
f 1220 1222 375
f 1964 2208 2345
f 1427 1363 1364
f 375 1222 1512
f 1660 2386 1662
f 1357 1364 1363
f 1965 1964 2345
f 1676 1680 1681
f 2014 1411 594
f 755 1429 758
f 762 965 968
f 76 1211 902
f 72 76 131
f 925 968 924
f 1420 1427 1425
f 1678 1965 1677
f 598 592 925
f 2014 902 1211
f 1676 1678 1677
f 1421 758 1429
f 754 756 755
f 1659 1660 1662
f 903 76 902
f 550 551 556
f 76 903 131
f 756 761 762
f 924 968 965
f 1357 1359 1358
f 1425 1427 1364
f 590 592 591
f 1359 1368 1367
f 590 595 594
f 761 965 762
f 2014 594 595
f 754 755 758
f 903 902 131
f 2156 1663 1664
f 598 925 924
f 591 592 598
f 2274 2279 2275
f 2263 1460 2262
f 2207 1367 1368
f 1419 1421 1420
f 1554 2013 366
f 2274 2275 1681
f 1218 1220 374
f 1357 1362 1364
f 2260 2262 2157
f 2207 2208 1353
f 754 761 756
f 1419 1420 1425
f 1659 1664 1663
f 1964 1353 2208
f 2300 2279 2386
f 1357 1358 1362
f 159 131 902
f 2014 901 902
f 549 551 550
f 1359 1366 1358
f 1660 2300 2386
f 590 593 595
f 1421 809 758
f 1359 1367 1366
f 2014 595 2015
f 1963 1964 1965
f 106 114 131
f 1963 1965 1678
f 966 924 965
f 761 966 965
f 590 591 593
f 598 924 923
f 159 902 901
f 1425 1364 1424
f 591 598 597
f 1676 1682 1678
f 106 131 159
f 2014 2015 901
f 754 758 757
f 1676 1681 1683
f 1419 809 1421
f 2207 2210 1367
f 597 598 923
f 1458 1460 1459
f 1220 375 374
f 754 759 761
f 595 593 2015
f 1218 374 1221
f 1362 1424 1364
f 757 758 809
f 2207 1353 2210
f 1419 1425 1424
f 761 759 966
f 106 159 158
f 924 255 923
f 966 255 924
f 591 597 599
f 591 599 593
f 159 901 157
f 2301 2275 2279
f 1358 1369 1362
f 159 157 158
f 1676 1683 1682
f 1964 1352 1353
f 1358 1366 1369
f 1963 1678 1682
f 1963 1352 1964
f 106 158 157
f 2156 1221 1980
f 2301 2279 2300
f 375 1512 373
f 597 923 252
f 1659 1661 1660
f 1367 1808 1366
f 1512 2013 373
f 754 757 760
f 2275 1559 1681
f 593 2362 2015
f 552 553 2157
f 103 104 106
f 754 760 759
f 1367 2210 2490
f 549 553 552
f 2015 1591 901
f 597 252 599
f 106 157 105
f 2156 1980 1663
f 252 923 255
f 556 558 1554
f 1362 1751 1424
f 1591 157 901
f 759 1630 966
f 1419 1422 809
f 1683 1681 1559
f 757 809 810
f 1661 2300 1660
f 1630 255 966
f 599 2231 593
f 103 106 105
f 1367 2490 1808
f 1369 1366 1808
f 1362 1369 1751
f 1659 1663 1666
f 2015 2362 1591
f 593 2231 2362
f 1353 1351 2210
f 1419 1424 1423
f 551 558 556
f 757 810 760
f 1589 105 157
f 251 252 255
f 1422 810 809
f 599 252 253
f 1591 1589 157
f 1589 103 105
f 701 1353 1352
f 759 760 922
f 1351 2490 2210
f 759 922 1630
f 1659 1666 1661
f 1419 1423 1422
f 599 253 2231
f 1963 1682 1162
f 1558 2275 2301
f 1963 700 1352
f 1630 254 255
f 2354 1424 1751
f 251 253 252
f 1558 1559 2275
f 251 255 254
f 1591 2362 1605
f 2231 1605 2362
f 1683 1161 1682
f 1589 108 103
f 701 1351 1353
f 2243 1808 2490
f 1369 1808 1807
f 1369 1806 1751
f 2354 1423 1424
f 1096 760 810
f 103 108 107
f 1237 2013 1554
f 1268 2301 2300
f 920 922 760
f 1683 1559 1163
f 376 1221 374
f 1588 1589 1591
f 1963 1162 700
f 922 917 1630
f 2243 2490 1351
f 1422 380 810
f 2231 253 2363
f 701 1352 700
f 1630 917 254
f 1589 152 108
f 1096 920 760
f 2231 2363 1605
f 376 1980 1221
f 1162 1682 1161
f 1268 2300 1661
f 1590 1591 1605
f 1807 1808 2243
f 2354 1751 1806
f 1369 1807 1806
f 251 256 253
f 368 374 375
f 251 254 256
f 1683 1163 1161
f 1096 810 380
f 107 108 152
f 1422 1423 382
f 1588 152 1589
f 1588 1591 1590
f 916 922 920
f 1422 382 380
f 1268 1558 2301
f 107 152 151
f 916 917 922
f 1663 1980 733
f 1666 1663 733
f 253 389 2363
f 917 388 254
f 1237 373 2013
f 256 389 253
f 368 375 373
f 256 254 388
f 2330 1423 2354
f 1096 919 920
f 1165 1559 1558
f 2363 1606 1605
f 107 151 150
f 2244 2243 1351
f 549 554 551
f 1165 1163 1559
f 701 699 1351
f 1590 1605 1606
f 151 152 150
f 916 920 919
f 1586 152 1588
f 1096 380 381
f 1588 1590 1587
f 382 1423 386
f 2354 1806 2331
f 693 701 700
f 389 2055 2363
f 1661 1666 734
f 1807 2243 2242
f 1096 381 919
f 1586 150 152
f 700 1162 695
f 2363 2055 1606
f 2330 386 1423
f 916 918 917
f 918 388 917
f 1552 1554 558
f 2244 1351 699
f 1586 1588 1587
f 1807 2241 1806
f 1268 1661 2302
f 2330 2354 2331
f 29 150 135
f 1158 1162 1161
f 379 380 382
f 256 388 387
f 2262 2158 2157
f 256 390 389
f 549 552 554
f 2242 2243 2244
f 1157 1161 1163
f 693 699 701
f 552 2157 2158
f 1590 1606 1449
f 1587 1590 1449
f 916 919 921
f 389 2056 2055
f 379 381 380
f 693 700 695
f 256 387 390
f 379 382 386
f 918 387 388
f 1586 1561 150
f 1661 734 2302
f 2241 2331 1806
f 1552 1237 1554
f 1269 1558 1268
f 381 921 919
f 1945 1606 2055
f 1586 1587 1448
f 1807 2242 2241
f 389 390 2056
f 916 921 918
f 1158 695 1162
f 1560 135 150
f 1157 1163 1165
f 1165 1558 1269
f 1666 733 734
f 1978 1980 376
f 1945 2055 2056
f 1560 150 1561
f 1587 1449 1448
f 1158 1161 1157
f 369 376 374
f 30 135 134
f 1606 1944 1449
f 1945 1944 1606
f 1978 733 1980
f 1586 1446 1561
f 1586 1448 1446
f 2184 386 2330
f 2184 2330 2331
f 1975 387 918
f 368 369 374
f 135 1560 134
f 1946 2056 390
f 551 559 558
f 856 390 387
f 1945 2056 1946
f 379 383 381
f 1970 2244 699
f 381 383 921
f 918 921 2043
f 2242 2244 1970
f 379 386 385
f 1443 1448 1449
f 1560 1561 1452
f 1268 2302 740
f 856 387 1975
f 1452 1561 1446
f 693 694 699
f 1975 918 1977
f 1443 1446 1448
f 2181 2331 2241
f 918 2043 1977
f 1560 1562 134
f 1447 1449 1944
f 385 386 2184
f 1941 1944 1945
f 692 693 695
f 1560 1452 1562
f 1235 373 1237
f 1946 390 853
f 2242 2245 2241
f 856 853 390
f 1941 1945 1946
f 2184 2331 2181
f 31 134 127
f 1157 1165 1164
f 1443 1449 1447
f 1158 698 695
f 1165 1269 1164
f 734 740 2302
f 2042 2043 921
f 379 384 383
f 379 385 384
f 1444 1452 1446
f 2042 921 383
f 1782 134 1562
f 368 373 370
f 1443 1444 1446
f 1970 699 694
f 1267 1269 1268
f 856 1975 855
f 1156 1158 1157
f 134 1992 127
f 1782 1992 134
f 855 1975 1977
f 1941 1447 1944
f 2242 1970 2245
f 692 694 693
f 1562 1452 1450
f 1458 1328 1329
f 1782 127 1992
f 1976 1977 2043
f 1267 1268 740
f 851 1946 853
f 1941 1946 851
f 1978 376 377
f 692 695 698
f 850 853 856
f 1782 1562 1450
f 1444 1450 1452
f 2181 2241 2174
f 551 554 559
f 850 856 855
f 1156 698 1158
f 2174 2241 2245
f 855 1977 1976
f 1976 2043 2042
f 732 734 733
f 1443 1447 1445
f 1443 1445 1444
f 1780 127 1782
f 1552 558 559
f 430 385 2184
f 1941 1943 1447
f 369 377 376
f 123 126 127
f 2184 2181 2182
f 429 384 385
f 2042 383 427
f 1780 1782 1450
f 424 383 384
f 1235 370 373
f 1978 737 733
f 849 851 853
f 849 853 850
f 1940 1941 851
f 1780 123 127
f 1157 1164 1160
f 1156 1157 1160
f 1444 1451 1450
f 1270 1164 1269
f 850 855 194
f 1940 1943 1941
f 1447 1943 1453
f 855 1976 194
f 1445 1447 1453
f 738 740 734
f 430 429 385
f 430 2184 2182
f 1969 2245 1970
f 424 427 383
f 1444 1445 1451
f 1968 1970 694
f 424 384 429
f 1267 1270 1269
f 2175 2181 2174
f 1976 2042 1530
f 1779 1780 1450
f 2175 2182 2181
f 692 696 694
f 2042 427 1530
f 849 852 851
f 1779 1450 1451
f 367 369 368
f 849 850 195
f 1940 851 852
f 1552 1236 1237
f 732 733 737
f 1780 1099 123
f 195 850 194
f 732 738 734
f 1966 1969 1970
f 123 125 124
f 692 698 697
f 1189 2174 2245
f 1943 1942 1453
f 1940 1942 1943
f 1976 193 194
f 1156 1159 698
f 1966 1970 1968
f 1445 1454 1451
f 1779 1099 1780
f 367 368 370
f 1445 1453 1455
f 1235 1237 1236
f 1968 694 696
f 1976 1530 193
f 849 854 852
f 1189 2245 1969
f 125 123 1099
f 849 195 854
f 426 429 430
f 424 429 426
f 1978 377 1979
f 424 428 427
f 1445 1455 1454
f 430 2182 2183
f 1940 852 1333
f 1156 1160 1159
f 2144 2175 2174
f 428 1530 427
f 1453 1942 1455
f 692 697 696
f 1779 1451 1781
f 192 195 194
f 2175 2145 2182
f 1940 1333 1942
f 1267 740 739
f 1698 1160 1164
f 1270 1698 1164
f 1781 1451 1454
f 1978 1979 737
f 192 194 193
f 1159 697 698
f 1779 1100 1099
f 554 552 1845
f 1330 852 854
f 2144 2174 1189
f 195 196 854
f 2182 2145 2183
f 1098 125 1099
f 738 739 740
f 1330 1333 852
f 1779 1781 1100
f 101 125 175
f 192 196 195
f 1188 1969 1966
f 552 2158 1845
f 424 426 425
f 1530 2273 193
f 2144 2145 2175
f 424 425 428
f 426 430 291
f 1455 1942 2256
f 430 2183 291
f 1330 854 196
f 2255 1454 1455
f 369 378 377
f 1098 1099 1100
f 428 1529 1530
f 1188 1189 1969
f 2262 1460 2416
f 1334 1942 1333
f 1924 1966 1968
f 1267 1271 1270
f 1781 1454 2255
f 175 125 1098
f 1967 1968 696
f 1530 1529 2273
f 1334 2256 1942
f 192 193 198
f 2254 1455 2256
f 1331 1333 1330
f 2255 1455 2254
f 1100 1781 2153
f 1924 1188 1966
f 198 193 2273
f 192 197 196
f 199 1330 196
f 1331 1334 1333
f 1781 2255 2378
f 1159 1160 1700
f 2251 696 697
f 1098 1100 1101
f 1924 1968 1967
f 2183 2145 288
f 2360 697 1159
f 2415 2158 2262
f 1781 2378 2153
f 378 1979 377
f 175 1098 1097
f 102 175 168
f 1698 1700 1160
f 1270 1271 1698
f 1267 739 1271
f 426 289 425
f 199 1331 1330
f 1235 1238 370
f 1190 2144 1189
f 428 431 1529
f 2143 2145 2144
f 426 291 289
f 192 198 197
f 425 431 428
f 2183 288 291
f 1100 2153 1101
f 197 199 196
f 732 735 738
f 732 737 736
f 2045 2256 1334
f 2045 2254 2256
f 1967 696 2251
f 1098 1101 1097
f 1187 1189 1188
f 175 1097 168
f 1009 2255 2254
f 2378 2255 1007
f 2273 1529 2060
f 1552 559 1553
f 1331 1335 1334
f 367 372 369
f 737 1979 1788
f 2153 2378 1007
f 2143 288 2145
f 198 2273 2060
f 559 554 1557
f 1192 1188 1924
f 2045 1334 1335
f 1009 2254 2045
f 1009 1007 2255
f 2360 2361 697
f 2143 2144 1190
f 199 1332 1331
f 738 735 739
f 2360 1159 2318
f 1235 1236 1238
f 1187 1190 1189
f 2153 1005 1101
f 1552 1553 1236
f 2361 2251 697
f 2060 1529 431
f 367 370 371
f 197 198 201
f 88 89 168
f 197 200 199
f 1097 1103 168
f 2153 1007 1005
f 1331 1332 1335
f 425 289 432
f 1159 1700 2318
f 1097 1101 1102
f 425 432 431
f 369 372 378
f 1187 1188 1192
f 1924 1967 1304
f 283 291 288
f 199 200 1332
f 283 289 291
f 1005 1102 1101
f 736 737 1788
f 1097 1102 1103
f 197 201 200
f 168 1723 88
f 732 736 735
f 198 2060 1823
f 2044 2045 1335
f 168 1103 1723
f 1008 1009 2045
f 201 198 1823
f 1006 1007 1009
f 1192 1924 1304
f 2360 2318 2361
f 2249 1967 2251
f 1001 1005 1007
f 2044 1008 2045
f 1332 2046 1335
f 2060 431 2058
f 2143 287 288
f 1006 1009 1008
f 1698 1699 1700
f 84 88 85
f 2044 1335 2046
f 1271 1699 1698
f 1001 1007 1006
f 432 289 286
f 85 88 1723
f 513 1103 1102
f 378 1573 1979
f 1523 1271 739
f 1002 1102 1005
f 513 1723 1103
f 2297 1332 200
f 370 1238 371
f 2143 1190 1958
f 432 2057 431
f 200 201 1824
f 2249 1304 1967
f 1573 1788 1979
f 283 286 289
f 1001 1002 1005
f 2297 2046 1332
f 283 288 287
f 2361 2250 2251
f 1816 201 1823
f 1823 2060 1822
f 2057 2058 431
f 1187 1191 1190
f 83 84 85
f 1557 554 1845
f 1816 1824 201
f 514 85 1723
f 200 1824 2298
f 2059 2060 2058
f 513 1102 515
f 513 514 1723
f 2297 200 2298
f 2044 752 1008
f 1002 515 1102
f 739 735 1522
f 2044 2046 752
f 2143 1958 287
f 1006 1008 753
f 2249 2251 2250
f 1187 1192 908
f 2059 1822 2060
f 367 371 372
f 1001 1006 1004
f 1816 1823 1815
f 2206 2318 1700
f 1815 1823 1822
f 1001 1003 1002
f 1191 1958 1190
f 83 85 1675
f 432 286 294
f 1523 739 1522
f 908 1192 1304
f 514 1675 85
f 2297 2253 2046
f 2361 2318 2317
f 753 1008 752
f 432 294 2057
f 512 514 513
f 1006 753 1004
f 1001 1004 1003
f 512 513 515
f 752 2046 2253
f 1816 1819 1824
f 1824 1819 2298
f 2297 2298 2299
f 1002 1572 515
f 1187 908 1191
f 1002 1003 1572
f 87 83 1675
f 83 87 86
f 283 284 286
f 2297 2299 2253
f 1699 2206 1700
f 1612 2058 2057
f 1458 1461 1460
f 1612 2059 2058
f 2361 2317 2250
f 283 287 290
f 1814 1816 1815
f 514 518 1675
f 2249 907 1304
f 2299 2298 1819
f 2415 1845 2158
f 736 1788 1787
f 1814 1815 1822
f 512 518 514
f 1523 1524 1271
f 2415 2262 2416
f 512 515 517
f 1814 1819 1816
f 284 294 286
f 517 515 1572
f 1271 1524 1699
f 2059 1821 1822
f 1004 1134 1003
f 745 753 752
f 746 1004 753
f 87 1675 1674
f 2206 2317 2318
f 86 87 116
f 1134 1572 1003
f 752 2253 751
f 1675 518 1674
f 1613 2057 294
f 908 1304 907
f 2249 2250 915
f 283 285 284
f 283 290 285
f 1787 1788 1573
f 1814 1822 1821
f 287 1958 2039
f 2299 2430 2253
f 1191 1957 1958
f 512 516 518
f 2299 1819 2418
f 746 1134 1004
f 1612 2057 1613
f 785 378 372
f 736 1632 735
f 785 1573 378
f 1612 1821 2059
f 745 746 753
f 116 87 1674
f 512 517 516
f 745 752 751
f 86 116 115
f 1556 1238 1236
f 517 1572 2194
f 2194 1572 1134
f 751 2253 2430
f 1814 1820 1819
f 2249 915 907
f 2299 2418 2430
f 287 2039 290
f 2100 1674 518
f 1820 2418 1819
f 1521 1522 735
f 2100 518 516
f 116 1674 1673
f 2250 2317 2460
f 908 1303 1191
f 517 2101 516
f 1958 1957 2039
f 1553 1556 1236
f 746 749 1134
f 517 2194 2101
f 1553 559 544
f 1519 1523 1522
f 284 295 294
f 116 1672 115
f 744 746 745
f 2100 1673 1674
f 2250 2460 915
f 2194 1134 2329
f 1814 1821 1818
f 1191 1303 1957
f 1613 294 295
f 745 751 747
f 559 1557 544
f 1612 1611 1821
f 116 1673 1672
f 1814 1817 1820
f 749 2329 1134
f 751 2430 2488
f 736 1787 1632
f 2417 2430 2418
f 285 293 284
f 2096 2100 516
f 285 290 292
f 744 749 746
f 115 130 129
f 2096 516 2101
f 1610 1612 1613
f 1814 1818 1817
f 1672 130 115
f 1820 2417 2418
f 1519 1524 1523
f 744 745 747
f 2100 2102 1673
f 2203 2206 1699
f 2194 2328 2101
f 751 2488 747
f 2194 2329 2328
f 292 290 2039
f 783 371 1238
f 904 908 907
f 1521 735 1632
f 2417 2488 2430
f 129 130 133
f 1672 1673 1961
f 2096 2097 2100
f 1610 1611 1612
f 284 293 295
f 2205 2317 2206
f 2097 2102 2100
f 2389 1818 1821
f 2102 1961 1673
f 2389 1821 1611
f 285 292 293
f 749 2441 2329
f 780 372 371
f 129 133 132
f 2096 2101 2099
f 1699 1524 2204
f 906 907 915
f 744 750 749
f 1817 1199 1820
f 2038 2039 1957
f 1519 1522 1521
f 1610 1613 295
f 1672 1962 130
f 1820 1199 2417
f 2101 2328 2099
f 2328 2329 2441
f 133 130 132
f 2038 1957 1303
f 908 909 1303
f 1186 2460 2317
f 744 747 748
f 1672 1961 1962
f 1787 1573 1574
f 749 750 2441
f 914 915 2460
f 2488 1477 747
f 2097 1440 2102
f 1962 132 130
f 1441 2097 2096
f 1461 2416 1460
f 2102 1440 1961
f 744 748 750
f 1817 1818 1198
f 2417 2094 2488
f 785 1574 1573
f 1441 2096 2099
f 904 909 908
f 132 32 33
f 904 907 906
f 748 747 1477
f 2203 1699 2204
f 2442 2099 2328
f 2389 1198 1818
f 2328 2441 2443
f 1441 1440 2097
f 1962 1961 2104
f 1817 1198 1199
f 2203 2205 2206
f 2205 1186 2317
f 1961 1440 2104
f 2488 2094 1477
f 906 915 914
f 1199 1201 2417
f 2389 1611 1609
f 292 2039 2193
f 1610 1609 1611
f 295 293 2381
f 1962 2105 132
f 2441 750 2445
f 2442 2328 2443
f 2373 293 292
f 1327 1329 1328
f 2417 1201 2094
f 781 785 372
f 748 1476 750
f 1186 914 2460
f 2038 1907 2039
f 132 2106 32
f 2443 2441 2445
f 1441 2099 2098
f 1610 295 1608
f 783 1238 1556
f 2442 2098 2099
f 564 1440 1441
f 132 2105 2106
f 1962 2104 2103
f 750 1476 2445
f 2038 1303 1909
f 2104 1440 565
f 1519 1525 1524
f 1962 2103 2105
f 748 1477 335
f 1196 1199 1198
f 2373 2381 293
f 2389 2147 1198
f 1196 1201 1199
f 564 565 1440
f 2389 1609 2147
f 1303 909 1909
f 748 335 1476
f 34 32 64
f 2442 2443 2444
f 2373 292 2193
f 2039 1907 2193
f 2093 1477 2094
f 780 371 783
f 32 2106 64
f 2104 565 570
f 2103 2104 570
f 2442 2444 2098
f 295 2381 1937
f 1524 1525 2204
f 1787 1704 1632
f 1441 2098 563
f 2443 2445 2446
f 564 1441 563
f 1569 2106 2105
f 1608 295 1937
f 1569 2105 2103
f 1201 2062 2094
f 780 781 372
f 813 1609 1610
f 2093 335 1477
f 1476 332 2445
f 2443 2446 2444
f 1519 1521 1520
f 560 565 564
f 813 1610 1608
f 571 2103 570
f 2038 1909 1907
f 2093 2094 2062
f 561 570 565
f 904 906 905
f 1476 335 332
f 1787 1574 1704
f 1570 64 2106
f 906 914 913
f 2445 332 2446
f 1196 1200 1201
f 904 910 909
f 1196 1198 1197
f 1184 914 1186
f 1570 2106 1569
f 2486 2098 2444
f 560 564 563
f 1557 1845 548
f 1568 1569 2103
f 561 571 570
f 560 561 565
f 1521 1632 1631
f 2146 1198 2147
f 1568 2103 571
f 35 64 63
f 2486 563 2098
f 1609 814 2147
f 1200 2062 1201
f 1553 1555 1556
f 63 64 1570
f 1936 2381 2373
f 2093 334 335
f 2109 2444 2446
f 2203 2204 846
f 2146 1197 1198
f 1909 909 2474
f 35 63 62
f 561 568 571
f 1936 1937 2381
f 1196 1197 1200
f 1564 1570 1569
f 1185 1186 2205
f 813 814 1609
f 1564 1569 1568
f 2486 2444 2109
f 1519 1520 1525
f 2191 2373 2193
f 331 332 335
f 1568 571 568
f 63 1570 62
f 2093 2062 2095
f 560 562 561
f 904 905 910
f 913 914 1184
f 2203 844 2205
f 2108 2446 332
f 785 786 1574
f 905 906 913
f 560 563 566
f 1553 544 1555
f 35 62 60
f 2146 2147 814
f 331 335 334
f 2474 909 910
f 2093 2095 334
f 562 568 561
f 2486 1167 563
f 2109 2446 2108
f 890 1608 1937
f 1908 2193 1907
f 62 1570 456
f 1564 456 1570
f 2191 1936 2373
f 813 1608 890
f 560 566 562
f 1200 2061 2062
f 1521 1631 1520
f 1563 1568 568
f 1563 1564 1568
f 1184 1186 1185
f 566 563 1167
f 331 333 332
f 333 2108 332
f 781 786 785
f 60 141 61
f 452 60 62
f 2486 2109 2111
f 2061 2095 2062
f 2204 1525 841
f 1906 1907 1909
f 452 62 456
f 60 453 141
f 1701 1632 1704
f 562 569 568
f 1908 2191 2193
f 2486 2111 1167
f 452 453 60
f 1564 1565 456
f 896 1200 1197
f 2203 846 844
f 153 61 141
f 1563 1565 1564
f 1909 2474 1910
f 2107 2109 2108
f 1563 568 569
f 1934 1937 1936
f 331 334 337
f 141 453 452
f 2204 841 846
f 334 2095 337
f 811 814 813
f 2146 897 1197
f 1701 1631 1632
f 1185 2205 844
f 141 452 153
f 562 566 567
f 896 2061 1200
f 2107 2111 2109
f 1557 548 544
f 452 456 455
f 1934 890 1937
f 333 2110 2108
f 331 336 333
f 815 2146 814
f 1565 455 456
f 566 1167 1166
f 562 567 569
f 1906 1908 1907
f 1563 1566 1565
f 2107 2108 2110
f 913 1184 1183
f 153 154 99
f 2061 2452 2095
f 331 337 336
f 1906 1909 1910
f 896 1197 897
f 452 454 153
f 812 813 890
f 2474 910 1896
f 1563 569 1567
f 2114 1167 2111
f 566 1166 567
f 1935 1936 2191
f 452 455 454
f 333 336 2110
f 905 913 912
f 2452 337 2095
f 905 911 910
f 1565 1571 455
f 1563 1567 1566
f 1704 1574 2220
f 1565 1566 1571
f 811 813 812
f 811 815 814
f 815 897 2146
f 1166 1167 2114
f 454 154 153
f 1184 1185 1183
f 2107 1027 2111
f 1934 1936 1935
f 2474 1896 1910
f 567 1170 569
f 1765 841 1525
f 455 1571 1289
f 454 455 1289
f 896 1809 2061
f 1170 1567 569
f 1520 1633 1525
f 2114 2111 1027
f 1566 1756 1571
f 1574 786 2220
f 1566 1567 1756
f 2107 2110 1026
f 1809 2452 2061
f 169 98 154
f 1908 2192 2191
f 567 1166 1168
f 911 1896 910
f 1285 154 454
f 337 2138 336
f 780 782 781
f 2137 2110 336
f 913 1183 912
f 780 783 784
f 1755 1289 1571
f 2107 1026 1027
f 2415 2072 1845
f 1755 1571 1756
f 1858 783 1556
f 1285 169 154
f 905 912 911
f 169 100 98
f 454 1289 1287
f 1166 2114 2113
f 1934 501 890
f 2496 337 2452
f 1753 1756 1567
f 891 896 897
f 1935 2191 2192
f 1170 1754 1567
f 567 1169 1170
f 1765 1525 1633
f 1285 454 1287
f 2137 1026 2110
f 812 890 501
f 1166 2113 1168
f 1285 100 169
f 567 1168 1169
f 1287 1289 1755
f 1753 1567 1754
f 2137 336 2138
f 2114 1027 1028
f 46 100 47
f 2496 2138 337
f 1520 1631 1634
f 1752 1755 1756
f 839 846 841
f 839 844 846
f 894 1809 896
f 1752 1756 1753
f 893 897 815
f 811 496 815
f 1906 1910 1895
f 1285 1288 100
f 1906 1262 1908
f 2113 2114 1028
f 811 812 496
f 1809 2064 2452
f 1895 1910 1896
f 1288 47 100
f 891 894 896
f 1934 1935 1938
f 1287 1755 1278
f 1285 1287 1286
f 1308 1754 1170
f 1025 1027 1026
f 1752 1278 1755
f 2496 2452 2064
f 891 897 893
f 1285 1286 1288
f 1169 1308 1170
f 847 1185 844
f 1312 1753 1754
f 1908 1262 2192
f 1312 1752 1753
f 1025 1028 1027
f 1288 2118 47
f 840 841 1765
f 176 24 47
f 2010 1168 2113
f 614 1026 2137
f 1998 1183 1185
f 1169 1168 2010
f 1934 1938 501
f 1287 1278 1277
f 1287 1277 1286
f 176 47 2118
f 781 787 786
f 1288 1286 2118
f 1312 1754 1308
f 1520 1634 1633
f 1701 1702 1631
f 2137 2138 613
f 1701 1704 1703
f 1276 1278 1752
f 2113 1028 2189
f 25 24 176
f 1556 1555 1860
f 2496 2139 2138
f 1025 1026 614
f 1276 1752 1312
f 893 815 816
f 894 1810 1809
f 812 501 495
f 1810 2064 1809
f 21 24 25
f 496 816 815
f 1286 2438 2118
f 2312 1935 2192
f 2010 2113 2189
f 496 812 495
f 780 784 782
f 1169 2011 1308
f 891 895 894
f 2437 176 2118
f 1891 1896 911
f 912 1183 1897
f 1286 1277 1279
f 1272 1277 1278
f 614 2137 613
f 839 841 840
f 25 176 2437
f 1169 2010 2011
f 1025 1030 1028
f 1272 1278 1276
f 1286 1279 2438
f 840 1765 1633
f 2437 2118 2438
f 613 2138 2139
f 1704 2220 1703
f 2312 1938 1935
f 1030 2189 1028
f 1906 1895 1261
f 25 2437 21
f 2496 2064 2065
f 1306 1312 1308
f 891 893 892
f 1906 1261 1262
f 847 1998 1185
f 1890 911 912
f 1891 1895 1896
f 1276 1312 1309
f 21 23 22
f 2496 2065 2139
f 2415 2416 2073
f 2437 2438 1991
f 1279 1991 2438
f 781 782 787
f 891 892 895
f 1273 1279 1277
f 839 842 844
f 1702 1634 1631
f 1272 1273 1277
f 2011 1307 1308
f 2437 716 21
f 1272 1276 1275
f 784 783 1858
f 1025 614 615
f 2010 2189 2188
f 1306 1309 1312
f 1625 23 21
f 1306 1308 1307
f 548 1845 2072
f 1625 21 716
f 2063 2064 1810
f 894 895 898
f 842 847 844
f 1282 1991 1279
f 2437 1991 720
f 1025 1029 1030
f 1276 1309 1275
f 894 898 1810
f 1998 1897 1183
f 2220 786 2398
f 1273 1282 1279
f 2437 720 716
f 501 1938 500
f 2011 2010 542
f 2187 2189 1030
f 1625 716 23
f 2063 2065 2064
f 611 614 613
f 2192 1262 984
f 1282 720 1991
f 1272 1274 1273
f 1272 1275 1274
f 1025 615 1029
f 544 545 1555
f 613 2139 618
f 2010 2188 542
f 2187 2188 2189
f 494 495 501
f 2312 2192 984
f 893 816 900
f 611 615 614
f 1858 1556 1860
f 716 717 23
f 892 898 895
f 1890 912 1897
f 1891 911 1890
f 496 497 816
f 2011 2012 1307
f 492 496 495
f 1273 1280 1282
f 2187 1030 1029
f 618 2139 2065
f 715 716 720
f 892 893 900
f 719 720 1282
f 2312 2311 1938
f 1306 1310 1309
f 1306 1307 1311
f 1701 1703 1702
f 1275 1309 1283
f 1273 1274 1281
f 715 717 716
f 2011 542 2012
f 719 1282 1280
f 1273 1281 1280
f 715 720 719
f 1274 1275 1283
f 2063 1810 1884
f 840 1633 1766
f 494 501 500
f 500 1938 2311
f 611 613 612
f 898 1884 1810
f 1307 2012 1311
f 1306 1311 1310
f 786 787 2398
f 612 613 618
f 1283 1309 1310
f 2187 539 2188
f 1261 1895 1260
f 2188 539 542
f 340 1029 615
f 492 497 496
f 1891 1260 1895
f 1274 1284 1281
f 611 339 615
f 719 1280 1537
f 2063 2066 2065
f 1274 1283 1284
f 2187 1029 1125
f 715 719 718
f 900 816 497
f 492 495 494
f 1538 1280 1281
f 839 840 845
f 1634 1839 1633
f 892 899 898
f 719 1537 718
f 340 615 339
f 1537 1280 1538
f 987 1262 1261
f 618 2065 2019
f 540 2012 542
f 340 1125 1029
f 1703 2220 2399
f 2187 2190 539
f 1577 1281 1284
f 2063 1884 2066
f 2165 1311 2012
f 2312 985 2311
f 2399 2220 2398
f 2187 1125 2190
f 1538 1281 1577
f 892 900 899
f 987 984 1262
f 1310 1311 2435
f 611 344 339
f 2312 984 985
f 611 612 344
f 1284 1283 1578
f 535 542 539
f 2433 1283 1310
f 2065 2066 2019
f 1537 1539 718
f 1537 1538 1539
f 847 1999 1998
f 2165 2012 540
f 1998 1640 1897
f 1633 1839 1766
f 1577 1284 1578
f 535 540 542
f 2165 2435 1311
f 2309 500 2311
f 612 618 617
f 2433 1310 2435
f 538 539 2190
f 338 340 339
f 840 1766 845
f 1578 1283 1580
f 898 1883 1884
f 543 544 548
f 839 843 842
f 2433 1580 1283
f 1538 1577 1576
f 1889 1891 1890
f 842 848 847
f 340 343 1125
f 535 539 538
f 1538 1576 1539
f 617 618 2019
f 338 339 344
f 494 500 499
f 1890 1897 1641
f 1257 1261 1260
f 2190 1125 1038
f 898 899 1883
f 1575 1577 1578
f 2309 2311 985
f 492 498 497
f 612 616 344
f 338 343 340
f 1884 1885 2066
f 1837 1634 1702
f 1575 1576 1577
f 538 2190 1038
f 1881 2165 540
f 1257 987 1261
f 1860 1555 545
f 2148 900 497
f 492 494 493
f 1891 1894 1260
f 535 536 540
f 2165 2166 2435
f 2309 499 500
f 343 1038 1125
f 612 617 616
f 900 2152 899
f 2433 2435 2434
f 1998 1999 1640
f 2019 2066 2018
f 839 845 843
f 775 1578 1580
f 535 538 541
f 536 1881 540
f 1575 1578 775
f 2433 1579 1580
f 338 344 342
f 1881 2166 2165
f 847 848 1999
f 1641 1897 1640
f 1883 1885 1884
f 1889 1894 1891
f 541 538 1038
f 2434 2435 2166
f 978 985 984
f 344 616 342
f 773 1576 1575
f 535 537 536
f 1885 2018 2066
f 782 784 788
f 1702 1703 1838
f 2433 2434 1579
f 494 499 493
f 1837 1839 1634
f 2148 497 498
f 492 493 498
f 775 1580 1579
f 338 341 343
f 535 541 537
f 978 984 987
f 2148 2152 900
f 782 788 787
f 1889 1890 1892
f 2016 617 2019
f 773 1575 775
f 1890 1641 1892
f 343 1126 1038
f 536 1882 1881
f 842 843 848
f 338 342 341
f 773 774 1576
f 986 2309 985
f 1883 899 1886
f 2016 2019 2018
f 1257 1260 1259
f 2288 1703 2399
f 1881 2167 2166
f 617 2017 616
f 543 545 544
f 536 537 1882
f 2152 1886 899
f 541 1038 266
f 343 341 1126
f 2227 2434 2166
f 1877 845 1766
f 2288 2399 2398
f 986 499 2309
f 1881 1882 2167
f 2415 2073 2072
f 1260 1894 1259
f 1877 1766 1839
f 541 267 537
f 1579 2434 1770
f 775 1579 777
f 342 616 2492
f 772 773 775
f 266 1038 1126
f 1256 987 1257
f 2227 2166 2167
f 2016 2017 617
f 1837 1702 1838
f 541 266 267
f 770 774 773
f 1882 537 206
f 978 986 985
f 2227 1770 2434
f 2017 2492 616
f 1883 1494 1885
f 784 1858 1859
f 777 1579 1770
f 342 2458 341
f 1492 2018 1885
f 772 775 777
f 206 537 267
f 2287 2398 787
f 770 773 772
f 1882 207 2167
f 2148 498 2151
f 493 2151 498
f 342 2492 2458
f 499 2310 493
f 1999 1628 1640
f 2148 2149 2152
f 978 987 980
f 1883 1886 1499
f 2016 2018 1492
f 1256 1257 1259
f 1635 1641 1640
f 1882 206 207
f 2455 1126 341
f 2152 2149 1886
f 2047 2227 2167
f 1889 1893 1894
f 1256 980 987
f 266 1126 2380
f 986 2310 499
f 205 267 266
f 205 206 267
f 1883 1499 1494
f 1889 1892 1893
f 1492 1885 1494
f 2228 1770 2227
f 1999 848 1629
f 2455 341 2458
f 1641 1638 1892
f 843 845 1254
f 2047 2167 207
f 777 1770 1106
f 772 777 776
f 1393 2492 2017
f 770 772 771
f 2455 2380 1126
f 2016 1392 2017
f 1259 1894 2397
f 2047 2228 2227
f 1877 1254 845
f 202 207 206
f 1106 1770 2228
f 202 206 205
f 1635 1640 1628
f 2458 2492 1394
f 776 777 1106
f 205 266 265
f 266 2380 265
f 772 776 771
f 1858 1860 1861
f 1837 1617 1839
f 1877 1839 1617
f 1635 1638 1641
f 1461 1771 2416
f 2047 207 208
f 1393 2017 1392
f 843 1255 848
f 2288 2398 2287
f 2148 2151 2150
f 1838 1703 1266
f 1999 1629 1628
f 2148 2150 2149
f 493 2464 2151
f 1393 1394 2492
f 202 208 207
f 1498 1499 1886
f 978 979 986
f 493 2310 2464
f 1893 2397 1894
f 1266 1703 2288
f 1498 1886 2149
f 784 1859 788
f 2455 2458 2457
f 2016 1492 1540
f 2287 787 788
f 1638 1893 1892
f 2047 462 2228
f 2457 2458 1394
f 1256 1259 1258
f 2454 2380 2455
f 2016 1540 1392
f 463 1106 2228
f 986 988 2310
f 977 978 980
f 202 205 204
f 1488 1492 1494
f 461 2047 208
f 776 1106 1105
f 2454 265 2380
f 776 1104 771
f 205 265 204
f 1490 1494 1499
f 461 462 2047
f 202 203 208
f 462 463 2228
f 1255 1629 848
f 1256 981 980
f 1259 2397 1258
f 463 1105 1106
f 979 988 986
f 2455 2457 2456
f 461 208 203
f 776 1105 1104
f 202 204 203
f 977 979 978
f 1390 1393 1392
f 1390 1394 1393
f 1492 1493 1540
f 1488 1493 1492
f 2454 2455 2456
f 1490 1499 1498
f 1837 1838 1265
f 1488 1494 1490
f 843 1254 1253
f 2422 1498 2149
f 2422 2149 2150
f 457 462 461
f 457 463 462
f 1256 1258 981
f 2150 2151 2425
f 2425 2151 2464
f 796 2457 1394
f 1627 1635 1628
f 977 980 981
f 2454 1515 265
f 1858 1861 1859
f 204 265 1515
f 1636 1638 1635
f 1860 545 2119
f 2484 2464 2310
f 1877 1615 1254
f 461 203 459
f 1540 1391 1392
f 1639 1893 1638
f 843 1253 1255
f 2484 2310 988
f 1626 1628 1629
f 464 1105 463
f 1893 2384 2397
f 204 1518 203
f 548 2072 547
f 1955 1104 1105
f 1390 1392 1391
f 1877 1617 1615
f 1390 796 1394
f 457 461 459
f 796 2456 2457
f 543 548 547
f 457 464 463
f 1837 1616 1617
f 459 203 1518
f 2073 2416 1771
f 1258 2397 2384
f 2454 2456 2394
f 464 1955 1105
f 1540 1493 1491
f 1488 1491 1493
f 204 1516 1518
f 204 1515 1516
f 1627 1636 1635
f 1626 1627 1628
f 2454 2394 1515
f 1636 1639 1638
f 1490 1498 1497
f 1838 1266 1265
f 1488 1490 1489
f 2422 1497 1498
f 979 989 988
f 457 459 458
f 1837 1265 1616
f 457 460 464
f 2422 2150 2423
f 2150 2425 2423
f 1066 459 1518
f 2286 2288 2287
f 977 983 979
f 457 458 460
f 2425 2464 2485
f 1195 1391 1540
f 1488 1489 1491
f 796 791 2456
f 1639 2233 1893
f 989 2484 988
f 2484 2485 2464
f 1458 1462 1461
f 1390 795 796
f 1390 1391 1194
f 977 981 982
f 1893 2233 2384
f 523 1955 464
f 1786 981 1258
f 1129 1629 1255
f 458 459 1066
f 2456 791 2394
f 1517 1518 1516
f 2286 1266 2288
f 1254 1614 1253
f 1195 1540 1491
f 1861 1860 2119
f 1254 1615 1614
f 1513 1516 1515
f 521 464 460
f 1626 1629 1129
f 1517 1066 1518
f 1258 2384 2371
f 521 523 464
f 1514 1515 2394
f 1390 1194 795
f 460 458 524
f 979 983 989
f 1489 1490 1495
f 1513 1517 1516
f 1490 1497 1495
f 521 460 524
f 1195 1194 1391
f 977 982 983
f 1513 1515 1514
f 1064 458 1066
f 982 981 1786
f 1786 1258 2371
f 1064 524 458
f 2422 2424 1497
f 1517 1065 1066
f 1626 663 1627
f 1627 664 1636
f 792 2394 791
f 789 791 796
f 789 796 795
f 2422 2423 2424
f 1636 1637 1639
f 2423 2425 2427
f 1489 1496 1491
f 1305 1615 1617
f 1514 2394 792
f 2427 2425 2485
f 543 546 545
f 1064 1066 1065
f 519 523 521
f 521 524 520
f 1130 1255 1253
f 2327 2484 989
f 1305 1617 1616
f 2327 2485 2484
f 2287 788 2289
f 1513 838 1517
f 1064 520 524
f 1195 1491 1541
f 1859 2410 788
f 1639 1637 2233
f 1517 838 1065
f 519 521 520
f 1489 1495 1496
f 794 795 1194
f 1626 1129 663
f 663 664 1627
f 1541 1491 1496
f 2494 1495 1497
f 2370 2384 2233
f 1129 1255 1130
f 1636 664 1637
f 2370 2371 2384
f 1513 1514 837
f 790 792 791
f 1193 1194 1195
f 2494 1497 2424
f 1535 1253 1614
f 1064 1065 836
f 789 795 794
f 1536 1614 1615
f 790 791 789
f 1063 520 1064
f 1513 837 838
f 519 520 522
f 1065 838 836
f 793 1514 792
f 1616 1265 1264
f 2423 2426 2424
f 1263 1265 1266
f 2423 2427 2426
f 982 1786 1251
f 1250 983 982
f 983 1252 989
f 2369 1786 2371
f 546 2119 545

