# https://github.com/mikedh/trimesh
v 0.69859146 -0.30244314 -0.21244936
v 0.69880267 -0.30986369 -0.24066237
v 0.69915723 -0.30953057 -0.25763467
v 0.70359582 -0.31013996 -0.29068471
v 0.70129590 -0.30982183 -0.27679700
v 0.69525148 -0.27467689 -0.10726230
v 0.69939060 -0.28476879 -0.12851525
v 0.70000182 -0.28729085 -0.14647404
v 0.69334354 -0.27101481 -0.08597920
v 0.70361592 -0.29750623 -0.17256711
v 0.70250082 -0.29904284 -0.18636361
v 0.58590277 -0.37182241 -0.06935863
v 0.59151696 -0.36575483 -0.05524724
v 0.60072886 -0.36518646 -0.06952501
v 0.59262104 -0.37230903 -0.08304002
v 0.57710172 -0.37156088 -0.05390057
v 0.57261934 -0.37774313 -0.07086321
v 0.58075674 -0.37746838 -0.08317926
v 0.37342122 -0.34075541 0.23570104
v 0.38672434 -0.33591369 0.23772383
v 0.37990835 -0.34360512 0.22166296
v 0.36145924 -0.34512201 0.23364627
v 0.36605520 -0.33965669 0.24537842
v 0.37767473 -0.33369346 0.25190749
v 0.36833280 -0.34612127 0.22463267
v 0.36901724 -0.34930652 0.21452523
v 0.39030039 -0.34448588 0.20989299
v 0.37634312 -0.35025721 0.20502692
v 0.39483112 -0.33781689 0.22524820
v 0.39185539 -0.32934552 0.25148242
v 0.40237293 -0.32996084 0.24064650
v 0.15899429 -0.46570011 -0.13064520
v 0.15173968 -0.46446212 -0.11492875
v 0.17230225 -0.46396463 -0.11560773
v 0.14714567 -0.46590390 -0.13089462
v 0.16251069 -0.46671979 -0.14529131
v 0.15021012 -0.46678320 -0.14340588
v 0.17017331 -0.46571374 -0.13396517
v 0.34482186 -0.40955203 0.03569177
v 0.34206768 -0.41434461 0.02044069
v 0.33177963 -0.41368828 0.03117708
v 0.35249274 -0.41036178 0.02662651
v 0.34812608 -0.40523344 0.04838991
v 0.35867717 -0.40536480 0.03936866
v 0.33605439 -0.40826113 0.04743708
v 0.18738250 -0.46193022 -0.10197804
v 0.18823062 -0.45989556 -0.08521219
v 0.20201502 -0.46002783 -0.09422092
v 0.19612034 -0.46193166 -0.10617605
v 0.19143948 -0.46337152 -0.11792004
v 0.17481630 -0.46159139 -0.09339793
v 0.40564995 -0.36285237 0.14071707
v 0.41532137 -0.36299276 0.13236321
v 0.40480837 -0.36806920 0.12512836
v 0.42188322 -0.35639563 0.14719715
v 0.40725157 -0.35730293 0.15657131
v 0.39088033 -0.36939426 0.13251619
v 0.39360881 -0.36309359 0.15014194
v 0.39358468 -0.37412844 0.11516930
v 0.41697589 -0.36682802 0.11921431
v 0.40637749 -0.37241326 0.11023663
v 0.42713277 -0.36090140 0.12933844
v 0.53354056 -0.31052644 0.17938716
v 0.53752291 -0.30291076 0.19399272
v 0.54457213 -0.30421712 0.18416953
v 0.54471096 -0.30908220 0.17238956
v 0.53640467 -0.31670179 0.16144506
v 0.52327478 -0.31847951 0.16879929
v 0.52152921 -0.31395692 0.18178147
v 0.52586264 -0.30786935 0.19289639
v 0.52430947 -0.32409710 0.15351934
v 0.51129089 -0.31962791 0.17626572
v 0.51204734 -0.32555871 0.16028944
v 0.61533984 -0.38512120 -0.20899727
v 0.60420093 -0.39027883 -0.20564153
v 0.61767924 -0.38126377 -0.19171358
v 0.62823149 -0.37780825 -0.20864244
v 0.61859280 -0.38478389 -0.21960217
v 0.60786681 -0.39053529 -0.22066158
v 0.63590259 -0.37055053 -0.18774817
v 0.64330496 -0.36808796 -0.20408512
v 0.62679315 -0.38102403 -0.22794992
v 0.63946185 -0.37253733 -0.22186064
v 0.61465707 -0.26563122 0.17812108
v 0.59760624 -0.26928667 0.19656967
v 0.60496136 -0.27200623 0.18157674
v 0.61266078 -0.27424719 0.16669665
v 0.18330757 -0.43485715 0.05874716
v 0.18874789 -0.43010558 0.07661236
v 0.19689505 -0.43214396 0.06231672
v 0.17912641 -0.43932578 0.04003295
v 0.16863363 -0.43761060 0.05457610
v 0.17583448 -0.43360874 0.06916677
v 0.19079662 -0.43579585 0.04989437
v 0.20422377 -0.42744654 0.07761299
v 0.17424430 -0.43022347 0.08545142
v 0.18848037 -0.42603771 0.09450945
v 0.19814631 -0.42589033 0.08858280
v 0.21254534 -0.42965511 0.06232452
v 0.20182609 -0.43443894 0.04891448
v 0.11186999 -0.42750739 0.13571675
v 0.12449144 -0.42811383 0.12527151
v 0.11251379 -0.43089262 0.11876615
v 0.12795306 -0.42374213 0.14366309
v 0.09604524 -0.42907543 0.13730309
v 0.10442009 -0.42527574 0.15132105
v 0.09941547 -0.43214251 0.11960291
v 0.11789705 -0.42283904 0.15438096
v 0.12155106 -0.41902122 0.16961911
v 0.13124254 -0.41941169 0.16124503
v 0.10969950 -0.42168877 0.16519920
v 0.05311249 -0.38296646 0.35124158
v 0.04052558 -0.38673986 0.34555129
v 0.03927287 -0.38299404 0.35758049
v 0.06354947 -0.38541607 0.33808524
v 0.04634390 -0.38962572 0.33310091
v 0.06973840 -0.37959325 0.35324039
v 0.06218991 -0.37738689 0.36382932
v 0.04992152 -0.37794103 0.36787330
v 0.51763806 -0.27795556 0.26855318
v 0.51366231 -0.27087437 0.28739754
v 0.52895739 -0.26755664 0.27937705
v 0.50586025 -0.27908542 0.27725261
v 0.53116908 -0.27367157 0.26444351
v 0.51318578 -0.28706301 0.25270589
v 0.50394248 -0.28559578 0.26451845
v 0.52630758 -0.28111233 0.25341720
v 0.49417264 -0.28433632 0.27619286
v 0.49930022 -0.27639263 0.28894934
v 0.19759064 -0.39072954 0.22701418
v 0.20340284 -0.39299623 0.21412509
v 0.18923737 -0.39591151 0.21454741
v 0.21188170 -0.38745488 0.22721483
v 0.19167291 -0.38911022 0.23752529
v 0.20561153 -0.38484629 0.24150712
v 0.18371153 -0.39365861 0.22717658
v 0.17828290 -0.39072698 0.24192071
v 0.19351980 -0.38509502 0.25025620
v 0.17909012 -0.40144181 0.20131642
v 0.19484752 -0.39824766 0.20138885
v 0.18743607 -0.40277642 0.18988056
v 0.17554196 -0.40642223 0.18457017
v 0.16648181 -0.40589957 0.19324901
v 0.17683737 -0.39813781 0.21567796
v 0.16335135 -0.40257207 0.20852912
v 0.43310023 -0.45109588 -0.30148302
v 0.41879892 -0.45275054 -0.30811775
v 0.42153917 -0.45221111 -0.28739158
v 0.43770214 -0.45009811 -0.28448630
v 0.44667496 -0.44920102 -0.29601020
v 0.44256629 -0.45001025 -0.30984483
v 0.45397767 -0.44834130 -0.30741197
v 0.21028206 -0.44241485 0.00570501
v 0.19753540 -0.44307273 0.01060496
v 0.20611096 -0.43979100 0.02120947
v 0.19692531 -0.44593275 -0.00370320
v 0.22392180 -0.44022780 0.00690287
v 0.21986955 -0.44357213 -0.00644748
v 0.21986865 -0.43804627 0.01988082
v 0.20783925 -0.44573241 -0.00926594
v 0.16739029 -0.38961567 0.25421604
v 0.18247918 -0.38484103 0.25965740
v 0.16101192 -0.39504548 0.23904265
v 0.16928054 -0.39687173 0.22603803
v 0.26482368 -0.44693153 -0.05679437
v 0.27072519 -0.44337740 -0.04335287
v 0.27817012 -0.44522675 -0.05835732
v 0.25680337 -0.44633523 -0.04743400
v 0.25156392 -0.45023306 -0.06492991
v 0.26697249 -0.44905142 -0.07006110
v 0.29164306 -0.44278534 -0.05675634
v 0.28707390 -0.44581212 -0.06810235
v 0.27808514 -0.44811146 -0.07337654
v 0.28800515 -0.43987489 -0.04036096
v 0.27579280 -0.43865827 -0.02493128
v 0.26052454 -0.44269610 -0.03198667
v 0.11319511 -0.46698549 -0.14899468
v 0.10226444 -0.46747107 -0.16371413
v 0.09586243 -0.46659973 -0.14606723
v 0.11021703 -0.46577663 -0.12933951
v 0.12511991 -0.46632425 -0.13629251
v 0.12791374 -0.46732959 -0.15242815
v 0.11784858 -0.46782392 -0.16584102
v 0.06331246 -0.42087190 0.19797630
v 0.07283826 -0.41798178 0.20573732
v 0.07149378 -0.42074571 0.19378756
v 0.05870346 -0.41867118 0.21080957
v 0.05144151 -0.42290184 0.19479743
v 0.06231423 -0.42387723 0.18377509
v 0.08204059 -0.41870128 0.19684380
v 0.07717424 -0.42211263 0.18367930
v 0.07381345 -0.41428177 0.22157925
v 0.08777712 -0.41441849 0.21231712
v 0.56710646 -0.25902963 0.25296822
v 0.50534252 -0.34556079 0.11150844
v 0.49381477 -0.34880608 0.11185328
v 0.49890113 -0.34250698 0.12556985
v 0.51773888 -0.34073487 0.11434431
v 0.51309849 -0.34726396 0.09982611
v 0.49761835 -0.35335857 0.09538994
v 0.50987685 -0.34039398 0.12234109
v 0.50854970 -0.33742401 0.13170399
v 0.48276418 -0.34823062 0.12245782
v 0.48892379 -0.33990627 0.14090537
v 0.50210052 -0.33684996 0.13860061
v 0.48356414 -0.35420543 0.10454555
v 0.49806525 -0.31974983 0.18708501
v 0.48620248 -0.32835189 0.17454432
v 0.48011172 -0.32396200 0.19116911
v 0.49933934 -0.32664682 0.16811560
v 0.49144038 -0.31519282 0.20438020
v 0.50474181 -0.31106129 0.20348680
v 0.51335062 -0.31290705 0.19145675
v 0.48869887 -0.30986699 0.22008314
v 0.49890425 -0.30860253 0.21464406
v 0.47786123 -0.31763613 0.20950745
v 0.44201377 -0.44888800 -0.27116724
v 0.45222237 -0.44763986 -0.27917255
v 0.45054782 -0.44689986 -0.26259693
v 0.43066763 -0.45045460 -0.27077835
v 0.43912758 -0.44843776 -0.25823806
v 0.00753935 -0.39797517 0.32093153
v -0.00603081 -0.40202976 0.31059910
v -0.00381923 -0.39745425 0.32616674
v 0.01977480 -0.39408085 0.32999328
v 0.02047271 -0.39812832 0.31573785
v 0.00604664 -0.39311311 0.33771947
v 0.00961999 -0.40202170 0.30571491
v 0.03120430 -0.39790386 0.31194825
v 0.02353210 -0.40147306 0.30220480
v 0.03206686 -0.39436053 0.32396696
v 0.69073450 -0.32708316 -0.20458170
v 0.69073339 -0.32564652 -0.18352650
v 0.69742966 -0.31619756 -0.19134161
v 0.68065511 -0.33760185 -0.19343708
v 0.68143656 -0.33869720 -0.21312631
v 0.69739673 -0.31663663 -0.20720170
v 0.69494043 -0.32193835 -0.22077717
v 0.68811080 -0.33208675 -0.22339086
v 0.68320530 -0.33345388 -0.17422603
v 0.69081397 -0.32417830 -0.16624486
v 0.69794377 -0.31433636 -0.17196883
v 0.70191371 -0.30628912 -0.18161449
v 0.70046718 -0.30689162 -0.19974251
v 0.23853250 -0.46262867 -0.30072750
v 0.22644601 -0.46157403 -0.31213717
v 0.22632235 -0.46337760 -0.29503369
v 0.24862432 -0.46338958 -0.28856607
v 0.25167976 -0.46214165 -0.30302426
v 0.23716025 -0.46380298 -0.28736274
v 0.21373816 -0.46256178 -0.30486314
v 0.48769297 -0.26496116 0.32228011
v 0.48860928 -0.27383779 0.30345898
v 0.47397703 -0.27299223 0.31745862
v 0.48712978 -0.25744616 0.33745036
v 0.49941717 -0.25642470 0.32880615
v 0.50120403 -0.26365986 0.31323346
v 0.47521626 -0.26496661 0.33279260
v 0.47228327 -0.28076213 0.30252020
v 0.45761263 -0.28130346 0.31330506
v 0.46159477 -0.27207692 0.32957040
v 0.48066734 -0.28184072 0.29333299
v 0.50372971 -0.26936843 0.29961230
v 0.48894698 -0.28070343 0.28878320
v 0.08216818 -0.39232268 0.30387340
v 0.09591235 -0.39232198 0.29536481
v 0.08321859 -0.39683682 0.28692573
v 0.06998453 -0.39784766 0.29118653
v 0.06608398 -0.39471773 0.30492448
v 0.07416199 -0.39030602 0.31581449
v 0.08712443 -0.38642485 0.32124612
v 0.09841862 -0.38725922 0.31143586
v 0.09556071 -0.39668108 0.27956281
v 0.07270789 -0.40065024 0.27903190
v 0.08277050 -0.40080100 0.27214500
v 0.10852348 -0.38814004 0.30207260
v 0.10758400 -0.39225860 0.28799882
v 0.19557964 -0.46763940 -0.21273444
v 0.18263084 -0.46803287 -0.21489017
v 0.18741537 -0.46789911 -0.20198225
v 0.18981887 -0.46769248 -0.22629387
v 0.20872485 -0.46708498 -0.20792597
v 0.20550022 -0.46717392 -0.22540535
v 0.19926556 -0.46742021 -0.19876328
v 0.17837857 -0.46797295 -0.22631486
v 0.17018490 -0.46824332 -0.21789544
v 0.17468389 -0.46822864 -0.20379020
v 0.19163572 -0.46761724 -0.19112604
v 0.18083661 -0.46793088 -0.19019040
v 0.14790885 -0.37001982 0.33430657
v 0.14187753 -0.36605600 0.35052613
v 0.15583265 -0.36280968 0.35047324
v 0.13224929 -0.37195976 0.33914680
v 0.16033180 -0.37073638 0.32332977
v 0.14655911 -0.37671734 0.31413107
v 0.16376078 -0.36512949 0.33805360
v 0.13401814 -0.37644329 0.32387198
v 0.14873419 -0.35991069 0.36366618
v 0.16235583 -0.35645822 0.36409902
v 0.16975925 -0.35901971 0.35170295
v 0.13011076 -0.36827334 0.35182795
v 0.13528925 -0.36318389 0.36326337
v 0.07782519 -0.46504659 -0.12302062
v 0.05955171 -0.46475840 -0.12612691
v 0.06826613 -0.46418157 -0.11200920
v 0.08330880 -0.46601152 -0.13803054
v 0.06971084 -0.46577874 -0.14074341
v 0.09355362 -0.46555451 -0.12741106
v 0.09134452 -0.46447953 -0.11156496
v 0.07935132 -0.46385210 -0.10472708
v 0.39963075 -0.31810500 0.27470298
v 0.41398347 -0.31194530 0.27806076
v 0.40438833 -0.32199158 0.26035574
v 0.39051831 -0.31800629 0.28284581
v 0.40141504 -0.31325692 0.28556429
v 0.38804814 -0.32491775 0.26679698
v 0.41472966 -0.32298857 0.24889401
v 0.42019452 -0.31633496 0.26169283
v 0.42614520 -0.31049741 0.27159786
v 0.40863940 -0.30692404 0.29500599
v 0.42268153 -0.30266102 0.29348822
v 0.42893296 -0.30552130 0.28150457
v 0.01441315 -0.46002915 -0.26017333
v 0.01836762 -0.46176577 -0.24342295
v 0.02884523 -0.46196206 -0.25355103
v 0.02464110 -0.46017831 -0.26919698
v 0.01276430 -0.45853833 -0.27368649
v -0.00025486 -0.45736676 -0.27012952
v 0.00272562 -0.45957428 -0.25063447
v 0.00708434 -0.46150504 -0.23094573
v 0.02526859 -0.46346477 -0.22535894
v 0.03184921 -0.46325918 -0.23912425
v 0.03921877 -0.46192295 -0.26368841
v 0.04465946 -0.46379662 -0.24524605
v 0.05323358 -0.45872417 -0.30092633
v 0.04244904 -0.45574610 -0.31457395
v 0.03708947 -0.45753374 -0.29959149
v 0.04646584 -0.45990563 -0.28808829
v 0.05901990 -0.46130617 -0.28403593
v 0.06514686 -0.45832574 -0.30997912
v 0.06850112 -0.46067587 -0.29450518
v 0.01982230 -0.45613667 -0.29751600
v 0.03368369 -0.45952538 -0.28199765
v 0.02712940 -0.45428836 -0.31429403
v 0.10064548 -0.37081514 0.36253981
v 0.09060792 -0.37056214 0.36898618
v 0.11247187 -0.36597622 0.36955242
v 0.11111176 -0.37048515 0.35727546
v 0.08637193 -0.37615744 0.35462520
v 0.10150841 -0.37546618 0.34787784
v 0.07621439 -0.37291973 0.36971730
v 0.29371925 -0.35330836 0.26941275
v 0.29641149 -0.35797279 0.25282869
v 0.28363059 -0.35979005 0.25844787
v 0.28005659 -0.35543184 0.27475421
v 0.29111762 -0.34826097 0.28643651
v 0.30433926 -0.34662925 0.27983616
v 0.30681558 -0.35144661 0.26351394
v 0.42589742 -0.38286812 0.06174579
v 0.43560432 -0.38538280 0.04612393
v 0.42120920 -0.38956159 0.04368356
v 0.41359958 -0.38824917 0.05389631
v 0.41047954 -0.38482516 0.06744073
v 0.42062222 -0.37847498 0.07989982
v 0.43530856 -0.37534603 0.07840290
v 0.44459147 -0.37790894 0.06307463
v 0.44321673 -0.38788027 0.03209498
v 0.42912724 -0.39179542 0.03017181
v 0.44998420 -0.38188343 0.04624597
v 0.41493903 -0.39557987 0.02860498
v 0.40815098 -0.39315406 0.04197668
v 0.13944123 -0.42439144 0.13346167
v 0.14251476 -0.41967610 0.15253275
v 0.15423395 -0.42013550 0.14285089
v 0.15214022 -0.42515133 0.12209062
v 0.13553391 -0.42897105 0.11464368
v 0.31145042 -0.45264084 -0.12904019
v 0.31903447 -0.44949704 -0.11526813
v 0.32458401 -0.45087169 -0.13010664
v 0.30266532 -0.45511677 -0.13941036
v 0.29939271 -0.45372683 -0.12555796
v 0.31443329 -0.45449493 -0.14715695
v 0.30794079 -0.45126070 -0.11607271
v 0.06010480 -0.41443807 0.22922654
v 0.04396763 -0.42159061 0.20536115
v 0.04551707 -0.41831965 0.22001209
v 0.07479273 -0.40978375 0.24048259
v 0.08825808 -0.41019307 0.23017361
v 0.23636944 -0.40800330 0.13162756
v 0.24864375 -0.40293133 0.14049954
v 0.24745116 -0.40827228 0.12134272
v 0.22505084 -0.41184699 0.12590349
v 0.22709131 -0.40825722 0.13819095
v 0.23576353 -0.40405801 0.14704039
v 0.23355257 -0.41267788 0.11577087
v 0.26375935 -0.40220532 0.13037563
v 0.24681359 -0.39793888 0.16040998
v 0.26144442 -0.39701290 0.15142033
v 0.25897753 -0.40934642 0.10775536
v 0.24306449 -0.41441583 0.10122108
v 0.55354000 -0.33922134 0.08378424
v 0.55492479 -0.33299329 0.09989355
v 0.56586800 -0.33225556 0.09004183
v 0.54182107 -0.34046066 0.09227694
v 0.54220598 -0.34600334 0.07589011
v 0.56462583 -0.33845481 0.07354974
v 0.55259834 -0.34399757 0.07094345
v 0.58063981 -0.33431747 0.06579617
v 0.56724886 -0.34197817 0.05986921
v 0.55772801 -0.34493572 0.06235124
v 0.57512959 -0.33148504 0.08136263
v 0.64706163 -0.34869338 -0.10405173
v 0.63606524 -0.35750401 -0.11394491
v 0.63578206 -0.35373691 -0.09649871
v 0.64625194 -0.34492916 -0.08614197
v 0.65732014 -0.33931798 -0.09366940
v 0.65802168 -0.34296580 -0.11097966
v 0.64744461 -0.35267245 -0.12350024
v 0.30303485 -0.33427046 0.31509332
v 0.31746956 -0.32929201 0.31623107
v 0.31295961 -0.33523872 0.30428046
v 0.28931465 -0.34238937 0.30450845
v 0.28831817 -0.33587480 0.32301876
v 0.31164667 -0.32590943 0.32962200
v 0.30282120 -0.34115389 0.29661304
v 0.29935882 -0.32933530 0.33103475
v 0.32518167 -0.33142956 0.30412099
v 0.31694854 -0.33949023 0.28914593
v 0.32480768 -0.32239378 0.32764367
v 0.32779662 -0.32596430 0.31622893
v 0.22270067 -0.34574506 0.34966727
v 0.21085323 -0.34453084 0.36178479
v 0.22636302 -0.33793406 0.36742660
v 0.20748015 -0.35093568 0.34698746
v 0.21532026 -0.35192865 0.33837237
v 0.23756873 -0.33960222 0.35458926
v 0.23477906 -0.34498052 0.34244064
v 0.22579278 -0.35037977 0.33456231
v 0.24143561 -0.33340454 0.36758952
v 0.19677774 -0.35023324 0.35678089
v 0.19817016 -0.34354975 0.37353394
v 0.62331625 -0.31828058 0.04880317
v 0.61468178 -0.31704193 0.06716444
v 0.62867125 -0.30935411 0.06473678
v 0.63465221 -0.31501347 0.03813006
v 0.62637452 -0.32255662 0.03103267
v 0.61352218 -0.32831196 0.03519833
v 0.60825209 -0.32558297 0.05223048
v 0.63630300 -0.30906782 0.05143869
v 0.26048466 -0.39301622 0.16667508
v 0.25317256 -0.39145276 0.17840735
v 0.27362054 -0.39057579 0.16406146
v 0.26739316 -0.38789470 0.17885920
v 0.23230898 -0.40121368 0.16038495
v 0.23571214 -0.39575400 0.17749942
v 0.24702628 -0.38862271 0.19367558
v 0.26157994 -0.38529881 0.19291450
v 0.02041569 -0.42594505 0.19591071
v 0.01341397 -0.42446597 0.20675999
v 0.02999450 -0.42223843 0.20966950
v 0.01758444 -0.42919127 0.17995232
v 0.00697606 -0.42787616 0.19189481
v 0.03439480 -0.42546777 0.19113912
v -0.00580209 -0.42938141 0.18899718
v -0.00280256 -0.42622376 0.20447334
v -0.00060790 -0.43146800 0.17505495
v 0.00301528 -0.40947555 0.27943026
v -0.00044064 -0.40598735 0.29438350
v 0.01361093 -0.40558696 0.29068131
v 0.01685056 -0.40909210 0.27533580
v 0.00558158 -0.41286573 0.26428726
v -0.00762216 -0.41298469 0.26856027
v -0.00989671 -0.40955287 0.28348427
v 0.02977594 -0.40462189 0.28717194
v 0.64352487 -0.27241449 0.11842480
v 0.63418620 -0.27592033 0.12996610
v 0.63661145 -0.28109747 0.11718614
v 0.65074465 -0.27037780 0.10652979
v 0.64211555 -0.28156090 0.10537145
v 0.63579053 -0.26754091 0.14109461
v 0.11257380 -0.41792856 0.18051773
v 0.10183250 -0.42116581 0.17274556
v 0.09917603 -0.42364911 0.16261306
v 0.13194636 -0.41619757 0.17502516
v 0.12498975 -0.41575257 0.18177442
v 0.09904111 -0.41907546 0.18420851
v 0.10820462 -0.41511295 0.19594869
v 0.12177824 -0.41344892 0.19389460
v 0.68982219 -0.27326226 -0.05261529
v 0.69112970 -0.28414499 -0.06691465
v 0.68832773 -0.28439201 -0.05001397
v 0.68739574 -0.27762050 -0.03757742
v 0.69114172 -0.26876816 -0.06958696
v 0.68334164 -0.29118760 -0.03742615
v 0.68399838 -0.28191888 -0.02360409
v 0.68606973 -0.26966374 -0.02390107
v -0.00422171 -0.44458616 0.08672945
v -0.01141231 -0.44353565 0.09823642
v -0.00500186 -0.44639322 0.07146137
v 0.01342385 -0.44274630 0.09460705
v 0.00740531 -0.44542009 0.07572310
v -0.00009424 -0.44220547 0.10428486
v -0.01230471 -0.44190601 0.11120717
v 0.31001450 -0.35617939 0.24618423
v 0.29789526 -0.36297711 0.23568773
v 0.28590622 -0.36397670 0.24325266
v 0.50234612 -0.43332863 -0.24276545
v 0.51602459 -0.42943412 -0.24441658
v 0.50289944 -0.43474200 -0.25965595
v 0.49479042 -0.43417483 -0.23185237
v 0.50699019 -0.43056668 -0.22962981
v 0.49077085 -0.43689262 -0.24785815
v 0.48769314 -0.43921807 -0.26482247
v 0.50816757 -0.43456684 -0.27553361
v 0.49639686 -0.43792688 -0.27716561
v 0.51779921 -0.43085959 -0.26493337
v 0.52980353 -0.42613935 -0.25438542
v 0.53286555 -0.42294347 -0.23417431
v 0.51896809 -0.42637394 -0.22474505
v 0.28561881 -0.31782277 0.37060125
v 0.27903742 -0.32475511 0.35920096
v 0.29882598 -0.31411217 0.36863267
v 0.29038922 -0.32092159 0.35936745
v 0.36275199 -0.35464118 0.20385186
v 0.35115560 -0.35728005 0.20611148
v 0.35760724 -0.35131837 0.21862470
v 0.36951727 -0.35782300 0.18779428
v 0.35302277 -0.36111968 0.19227075
v 0.34864020 -0.34948523 0.23209591
v 0.34197844 -0.35647615 0.21677883
v 0.34072326 -0.36223683 0.19981596
v 0.15476339 -0.46088712 -0.31666173
v 0.49579805 -0.39143412 -0.02492802
v 0.50700842 -0.38563096 -0.01535906
v 0.51200258 -0.38781716 -0.02876271
v 0.48642598 -0.39081538 -0.01346326
v 0.49744327 -0.38555588 -0.00562546
v 0.50240582 -0.39513803 -0.04554199
v 0.48586588 -0.39839543 -0.04050788
v 0.47980064 -0.39577100 -0.02496455
v 0.52884208 -0.38226541 -0.02766366
v 0.51963296 -0.38984877 -0.04502229
v 0.51873919 -0.38172829 -0.01397942
v 0.51120018 -0.38086251 -0.00289193
v 0.15112814 -0.37985285 0.30059446
v 0.14835818 -0.38417578 0.28782327
v 0.13982992 -0.38289600 0.29845341
v 0.16039052 -0.37977721 0.29394360
v 0.16044258 -0.37543045 0.30829170
v 0.15907607 -0.38434289 0.27923231
v 0.14588147 -0.38904643 0.27236820
v 0.13384779 -0.38872278 0.28232452
v 0.12699347 -0.38627656 0.29600677
v 0.13195163 -0.38134413 0.30935434
v 0.38151787 -0.39249451 0.06506600
v 0.36807734 -0.39375437 0.07166149
v 0.38230744 -0.38806026 0.07919382
v 0.39484829 -0.38783384 0.06990429
v 0.38921149 -0.39410866 0.05355856
v 0.37339095 -0.39862038 0.05085569
v 0.07750411 -0.42782145 0.15457408
v 0.08818828 -0.42331590 0.17089378
v 0.09129806 -0.42661468 0.15264494
v 0.07081811 -0.42575957 0.16919861
v 0.06864032 -0.43134590 0.14083545
v 0.06361803 -0.42935579 0.15457121
v 0.08196629 -0.43032828 0.13876749
v 0.07085251 -0.43458052 0.12130409
v 0.05935075 -0.43377660 0.13218758
v 0.05785646 -0.43201116 0.14318906
v 0.19186604 -0.46214470 -0.31027053
v 0.17962585 -0.46253568 -0.30703421
v 0.53143650 -0.37600137 -0.00814054
v 0.52215411 -0.37685631 -0.00059789
v 0.53242356 -0.36971164 0.01207899
v 0.54268122 -0.37012425 -0.00101337
v 0.54415228 -0.37438431 -0.01773896
v 0.53470338 -0.38533679 -0.04621873
v 0.54207098 -0.37962623 -0.03409267
v 0.63512423 -0.30033289 0.07636120
v 0.64217802 -0.28940921 0.08836249
v 0.64752861 -0.29306895 0.06882962
v 0.63906415 -0.30270239 0.06310295
v 0.62262482 -0.30757395 0.08000101
v 0.62940371 -0.29841201 0.09163996
v 0.65330116 -0.28212545 0.07979105
v 0.65098409 -0.27762612 0.09389049
v 0.63451209 -0.29074240 0.10091122
v 0.40223752 -0.39062517 0.05493714
v 0.40571878 -0.38070428 0.08445874
v 0.14491073 -0.42980088 0.10534713
v 0.16639860 -0.42006633 0.13507667
v 0.16642822 -0.42371527 0.11931418
v 0.15872251 -0.42837125 0.10353648
v 0.13294466 -0.43314252 0.09606358
v 0.14578339 -0.43287288 0.09031355
v 0.11972519 -0.43264862 0.10578594
v 0.50978408 -0.35258725 0.08730179
v 0.50197846 -0.35810222 0.07770706
v 0.48901153 -0.36113206 0.07954091
v 0.48337266 -0.35890538 0.09081728
v 0.28866887 -0.32782220 0.34361582
v 0.27175953 -0.33206857 0.34675556
v 0.26391949 -0.32872737 0.36155876
v 0.03418967 -0.37803270 0.37384623
v 0.02582486 -0.38448691 0.35829629
v 0.01703102 -0.38136945 0.37023379
v 0.02110001 -0.38953050 0.34446411
v 0.01122360 -0.38721200 0.35476990
v 0.03177271 -0.38697296 0.34865773
v 0.00014509 -0.45041975 0.03155055
v 0.00474395 -0.44863452 0.04824464
v 0.01502320 -0.44907042 0.04235784
v -0.00765662 -0.44909788 0.04610004
v 0.00244335 -0.45224957 0.01272547
v -0.01154347 -0.45190532 0.01586615
v 0.01459220 -0.45096178 0.02518517
v -0.00819141 -0.45312226 0.00216894
v 0.27029921 -0.40903102 0.09964678
v 0.28274166 -0.40594731 0.10058577
v 0.27463355 -0.41214996 0.08434848
v 0.26135357 -0.41336222 0.09065236
v 0.27409419 -0.40418350 0.11438374
v 0.28873808 -0.40004941 0.11697991
v 0.28991438 -0.40839696 0.08553790
v 0.29925595 -0.40163524 0.10219581
v 0.13480866 -0.46397225 -0.10667540
v 0.12513267 -0.46286695 -0.09296387
v 0.13868987 -0.46219507 -0.08799686
v 0.13689737 -0.46549811 -0.12507483
v 0.12466435 -0.46524407 -0.12128164
v 0.11630812 -0.46430916 -0.10904208
v 0.14989612 -0.46270066 -0.09561646
v 0.42273579 -0.39794992 0.01451541
v 0.43734408 -0.39399936 0.01639840
v 0.40864362 -0.40140821 0.01373634
v 0.39966726 -0.39927191 0.02801247
v 0.46903869 -0.43607301 -0.20026151
v 0.45997300 -0.44058036 -0.21931735
v 0.45241512 -0.44002084 -0.20314128
v 0.48507549 -0.43047444 -0.18822871
v 0.48168665 -0.43407431 -0.20610158
v 0.45871788 -0.43632724 -0.18621387
v 0.47438123 -0.43751810 -0.21920721
v 0.47164017 -0.43219620 -0.17870505
v 0.42995290 -0.36550975 0.11305471
v 0.41805842 -0.37122029 0.10474237
v 0.44262018 -0.35834380 0.12483752
v 0.44472497 -0.36441452 0.10491430
v 0.42967963 -0.37147097 0.09488521
v 0.35563764 -0.45749768 -0.23860082
v 0.36479095 -0.45723678 -0.25184074
v 0.35090592 -0.45856108 -0.25543842
v 0.36992433 -0.45586546 -0.23514348
v 0.36074405 -0.45602543 -0.22249126
v 0.34142831 -0.45892702 -0.24252175
v 0.34659600 -0.45759372 -0.22501439
v 0.33679721 -0.45971457 -0.26021291
v 0.34680742 -0.45908428 -0.27285214
v 0.36006368 -0.45810547 -0.26764813
v 0.37272437 -0.45696021 -0.26528599
v 0.37989936 -0.45562891 -0.24966619
v 0.15711677 -0.41532378 0.16143178
v 0.16803890 -0.41573447 0.15227280
v 0.14488505 -0.41456226 0.17297405
v 0.15513911 -0.43831641 0.05882943
v 0.14493760 -0.44094398 0.05057968
v 0.14374428 -0.43850631 0.06378382
v 0.15365965 -0.43605263 0.07090755
v 0.16430711 -0.43481829 0.07056369
v 0.15602202 -0.44133067 0.04285115
v 0.65830046 -0.31992723 -0.02937816
v 0.65178370 -0.32762175 -0.03699518
v 0.64934908 -0.32569885 -0.02530954
v 0.65273509 -0.31831941 -0.01147081
v 0.66527597 -0.30952857 -0.01898165
v 0.66007275 -0.32436609 -0.04793106
v 0.66853455 -0.31288893 -0.03748682
v 0.25313380 -0.46495239 -0.24543503
v 0.23815348 -0.46558634 -0.24832090
v 0.24343809 -0.46554730 -0.23418074
v 0.25589904 -0.46487091 -0.22845556
v 0.26872329 -0.46415131 -0.23568507
v 0.26491765 -0.46431923 -0.25102680
v 0.25584848 -0.46449700 -0.26129814
v 0.24479936 -0.46505072 -0.25838540
v 0.15306011 -0.40861976 0.19187457
v 0.14578553 -0.40617117 0.20698646
v 0.13627814 -0.41198793 0.18989376
v 0.16144998 -0.41035621 0.17893511
v 0.17150469 -0.41113620 0.16865830
v 0.15266061 -0.46335325 -0.29743776
v 0.15110779 -0.46510719 -0.28016763
v 0.16373641 -0.46460406 -0.28719400
v 0.14287268 -0.46206863 -0.30665259
v 0.13765985 -0.46384102 -0.29051654
v 0.16630069 -0.46283594 -0.30346291
v 0.16261079 -0.46594398 -0.27185875
v 0.17394253 -0.46552026 -0.27769622
v 0.17645348 -0.46418099 -0.29223898
v 0.15161514 -0.46647188 -0.26298489
v 0.13919544 -0.46569487 -0.27150527
v 0.65713917 -0.26732598 0.09575925
v 0.09481154 -0.41668472 0.19785307
v 0.08825896 -0.42002167 0.18679959
v 0.55248210 -0.27657152 0.23625232
v 0.55621629 -0.26857938 0.24776839
v 0.56610257 -0.26890059 0.23598670
v 0.56014007 -0.27985422 0.22150114
v 0.54178378 -0.27467033 0.25125922
v 0.54109469 -0.28318767 0.23450942
v 0.54893692 -0.28376977 0.22540904
v 0.55328548 -0.26326581 0.26133898
v 0.57934397 -0.26476423 0.22808977
v 0.57119216 -0.27313584 0.22250073
v -0.01997943 -0.41266032 0.27351977
v -0.02212436 -0.40911399 0.28833151
v -0.02378077 -0.40463015 0.30539149
v -0.01247857 -0.40638959 0.29649053
v 0.58040006 -0.40243808 -0.21405507
v 0.59335643 -0.39763815 -0.22163502
v 0.57910242 -0.40527294 -0.23190217
v 0.58222052 -0.39895831 -0.19572407
v 0.59185723 -0.39604386 -0.20477969
v 0.56701003 -0.40929423 -0.22407806
v 0.56903326 -0.40609931 -0.20609607
v 0.59908097 -0.38989295 -0.18713618
v 0.58416708 -0.39475740 -0.17479181
v 0.56838539 -0.40341106 -0.18693522
v 0.17221508 -0.37486772 0.30127031
v 0.17114431 -0.37955131 0.28655702
v 0.44382305 -0.31711697 0.23954305
v 0.43896990 -0.32384033 0.22596712
v 0.43130579 -0.32365256 0.23296685
v 0.42895000 -0.31879727 0.24781951
v 0.44154591 -0.31205501 0.25453747
v 0.45591558 -0.30769961 0.25327028
v 0.45743339 -0.31334763 0.23773734
v 0.45169373 -0.32045147 0.22416674
v 0.43289049 -0.31163099 0.26301175
v 0.44537530 -0.30507116 0.26876736
v 0.35435566 -0.43357809 -0.06559661
v 0.34507980 -0.43310573 -0.05587027
v 0.35648529 -0.42902881 -0.04791859
v 0.36795818 -0.42904186 -0.05744886
v 0.36559552 -0.43425488 -0.07827527
v 0.35113986 -0.43767108 -0.08150914
v 0.33937801 -0.43798579 -0.07294757
v 0.36883425 -0.42450301 -0.03954229
v 0.34363345 -0.42922958 -0.03845986
v 0.35815790 -0.42458642 -0.03124775
v 0.33087393 -0.43553468 -0.05497082
v 0.70187415 -0.31671553 -0.28657128
v 0.70385518 -0.31520053 -0.30534979
v 0.62169084 -0.33810033 -0.01012215
v 0.63071988 -0.33661747 -0.02213864
v 0.61829137 -0.34478180 -0.02664346
v 0.60819514 -0.34594933 -0.01297298
v 0.61321281 -0.33830487 0.00394907
v 0.62648094 -0.33104763 0.00404520
v 0.63218834 -0.33156332 -0.00828521
v 0.62839148 -0.34286122 -0.03897027
v 0.61586423 -0.35111621 -0.04445072
v 0.60367720 -0.35376802 -0.03225847
v 0.64125577 -0.32830775 -0.01628072
v 0.64126538 -0.33381275 -0.03416016
v 0.38611593 -0.28161403 0.36967250
v 0.36172696 -0.29345019 0.36444583
v 0.37444512 -0.28920549 0.36328717
v 0.39558988 -0.35733339 0.16641039
v 0.39821222 -0.35117667 0.18296233
v 0.40912027 -0.35165665 0.17216336
v 0.38349484 -0.35746547 0.17652725
v 0.38191011 -0.36323050 0.15984171
v 0.46954768 -0.37217906 0.06149746
v 0.45754148 -0.37653769 0.05734381
v 0.45923080 -0.37163597 0.07134849
v 0.47924257 -0.37314064 0.05072083
v 0.46469252 -0.37878413 0.04454823
v 0.48286560 -0.36729743 0.06590877
v 0.47391972 -0.36541038 0.07883639
v 0.44893469 -0.37130832 0.08048466
v 0.46094462 -0.36620599 0.08679303
v 0.35452250 -0.34289773 0.24623939
v 0.33975720 -0.34736058 0.24631036
v 0.33667596 -0.35324254 0.23143247
v 0.36302154 -0.33549540 0.25980401
v 0.34817629 -0.33988437 0.26051272
v 0.27869690 -0.38527087 0.17824656
v 0.27676754 -0.38151467 0.19281798
v 0.28827635 -0.38078969 0.18526870
v 0.28725664 -0.38539264 0.17033350
v 0.28843959 -0.37711846 0.19759399
v 0.29967845 -0.37981914 0.17844510
v 0.29836671 -0.37552792 0.19414195
v 0.38128726 -0.45627316 -0.30012083
v 0.36828426 -0.45696022 -0.30949405
v 0.36863815 -0.45742801 -0.29189397
v 0.38024842 -0.45649111 -0.28032544
v 0.39389961 -0.45526062 -0.28983425
v 0.39477265 -0.45505140 -0.30789617
v 0.66790016 -0.33728364 -0.11883096
v 0.67904095 -0.32532708 -0.11210368
v 0.67598136 -0.33285522 -0.12918371
v 0.65886497 -0.34559724 -0.12543277
v 0.66805972 -0.33290059 -0.10167051
v 0.66588510 -0.34236966 -0.13527613
v 0.68398943 -0.32432921 -0.12631372
v 0.68297859 -0.32843068 -0.13912992
v 0.67437239 -0.33746051 -0.14516406
v 0.68924209 -0.31512046 -0.11839857
v 0.67717746 -0.32161624 -0.09203597
v 0.68755739 -0.31130662 -0.10001672
v 0.10653677 -0.46160429 -0.30283619
v 0.09819098 -0.46009538 -0.31152011
v 0.09308641 -0.46149704 -0.29909162
v 0.10479904 -0.46336590 -0.28710621
v 0.11661585 -0.46076293 -0.31140261
v 0.11992054 -0.46317053 -0.29279613
v 0.27338346 -0.37404812 0.22121051
v 0.26359776 -0.37405471 0.22976303
v 0.27510358 -0.36918262 0.23590828
v 0.28556891 -0.36890624 0.22748867
v 0.26907965 -0.37939442 0.20682016
v 0.26298601 -0.37794980 0.21714261
v 0.28361304 -0.37466832 0.21003841
v 0.58766349 -0.38717816 -0.14095922
v 0.59802447 -0.38075128 -0.13181889
v 0.59969418 -0.38294410 -0.14744770
v 0.57579355 -0.39407141 -0.15061592
v 0.57641781 -0.39025715 -0.13254530
v 0.58794460 -0.39011455 -0.15721635
v 0.58743830 -0.38406780 -0.12497923
v 0.59638335 -0.37905077 -0.11972383
v 0.60449996 -0.37585792 -0.12254029
v 0.61150715 -0.37469466 -0.13421445
v 0.21857069 -0.35998379 0.31233380
v 0.20847192 -0.36250819 0.31257818
v 0.21443641 -0.35677117 0.32507639
v 0.21240982 -0.36580344 0.29928491
v 0.22801611 -0.35474233 0.32027705
v 0.22856869 -0.36013733 0.30378574
v 0.34774663 -0.29716584 0.36752649
v 0.35333677 -0.29964514 0.35780538
v 0.34362392 -0.30403283 0.35579756
v 0.33314930 -0.30326817 0.36572904
v 0.36079767 -0.29883978 0.35360239
v 0.35310246 -0.30479875 0.34641965
v 0.33278598 -0.30994841 0.35099338
v 0.34201849 -0.30930224 0.34508761
v 0.21196197 -0.45115423 -0.04158115
v 0.21139522 -0.45407312 -0.05867088
v 0.19627162 -0.45421674 -0.05038597
v 0.22521549 -0.44821775 -0.03402403
v 0.22404049 -0.45128004 -0.05036336
v 0.20204265 -0.45082051 -0.03330848
v 0.21342753 -0.44764357 -0.02304938
v 0.18994826 -0.45186469 -0.03242570
v 0.19891701 -0.44867580 -0.01944575
v 0.53228428 -0.28369218 0.24212233
v 0.52164255 -0.28895686 0.24069646
v 0.53035447 -0.29004491 0.23010153
v 0.54009350 -0.28989113 0.22113717
v 0.54103143 -0.26634578 0.26912589
v 0.29835737 -0.38574946 0.15925378
v 0.28468615 -0.38992095 0.15679028
v 0.31272837 -0.37862110 0.17087009
v 0.31343577 -0.38374964 0.15276847
v 0.30185867 -0.39007517 0.14110244
v 0.28885338 -0.39244899 0.14417917
v 0.59716698 -0.34666832 0.00261483
v 0.60536035 -0.33725694 0.02027050
v 0.61952326 -0.33035490 0.01876561
v 0.12235365 -0.36695782 0.36064034
v 0.11763146 -0.37310451 0.34512231
v 0.11593531 -0.45873394 -0.05385442
v 0.13095176 -0.45843525 -0.05421678
v 0.12273165 -0.46020804 -0.06712598
v 0.10713968 -0.46064552 -0.06937504
v 0.10303856 -0.45910094 -0.05505901
v 0.12475029 -0.45659630 -0.03901590
v 0.10618543 -0.45704823 -0.03869727
v 0.13409708 -0.45990241 -0.06625270
v 0.13011942 -0.46132864 -0.07812697
v 0.11713145 -0.46183956 -0.08147647
v 0.14332305 -0.45613206 -0.04070101
v 0.14368615 -0.45869683 -0.05909960
v 0.21438844 -0.43344079 0.04468385
v 0.21894721 -0.42405252 0.08117295
v 0.22742822 -0.42568519 0.06819764
v 0.22405387 -0.42974506 0.05372296
v 0.66589535 -0.34850297 -0.17373192
v 0.65694744 -0.35648560 -0.18377015
v 0.65642968 -0.35491089 -0.16942983
v 0.66752433 -0.34933662 -0.19263473
v 0.67481634 -0.34186040 -0.17931182
v 0.67556040 -0.33915646 -0.16263905
v 0.66305186 -0.34777888 -0.15478864
v 0.41615732 -0.29852075 0.30868710
v 0.43162184 -0.29449436 0.30523210
v 0.40321707 -0.30398291 0.30667745
v 0.40484141 -0.29834061 0.31852091
v 0.41531301 -0.29292299 0.32223479
v 0.42667411 -0.29022871 0.31897873
v 0.43666323 -0.29867053 0.29141983
v 0.44070641 -0.28640195 0.31602092
v 0.44638926 -0.29080714 0.30149863
v 0.37744332 -0.30925294 0.31577159
v 0.36599164 -0.31594145 0.30906679
v 0.36611069 -0.31067038 0.32185766
v 0.37549864 -0.31511772 0.30311980
v 0.38423099 -0.31149644 0.30465291
v 0.37350401 -0.30380587 0.33187355
v 0.38463025 -0.30258260 0.32549884
v 0.39199632 -0.30494234 0.31380757
v 0.35359632 -0.31625292 0.31871957
v 0.36809891 -0.32167829 0.29268688
v 0.35503468 -0.32257733 0.30157001
v 0.35980068 -0.30817477 0.33302777
v 0.26204565 -0.43901482 -0.01576778
v 0.27383586 -0.43519030 -0.00770942
v 0.28339637 -0.43465264 -0.01279570
v 0.29111950 -0.43511411 -0.02121698
v 0.24972476 -0.44252065 -0.02275595
v 0.24967289 -0.43929675 -0.00761963
v 0.26193940 -0.43528223 0.00100524
v 0.27575272 -0.43072520 0.00982948
v 0.28317298 -0.43223161 -0.00216934
v 0.41381904 -0.45164574 -0.25157441
v 0.40212052 -0.45291414 -0.24696917
v 0.41056763 -0.45115556 -0.23836515
v 0.41719156 -0.45208492 -0.26792235
v 0.40423752 -0.45349060 -0.26260419
v 0.42211527 -0.44943683 -0.23871334
v 0.42669402 -0.45000324 -0.25463781
v 0.41482980 -0.44925966 -0.22468476
v 0.39996842 -0.45187196 -0.22990220
v 0.55495385 -0.35611579 0.03064757
v 0.56839964 -0.34965749 0.03443694
v 0.56356028 -0.35572851 0.02119406
v 0.54300215 -0.36195671 0.02582905
v 0.54439317 -0.35672379 0.04088722
v 0.55893808 -0.34904330 0.04810110
v 0.55118141 -0.36288771 0.01299363
v 0.53202136 -0.36367418 0.03228948
v 0.53198286 -0.35824839 0.04930405
v 0.54545646 -0.35045194 0.05909205
v 0.32725064 -0.41960368 0.01258944
v 0.32015858 -0.41740852 0.02682160
v 0.31482303 -0.42573127 -0.00127041
v 0.31212822 -0.42210414 0.01534868
v 0.34116371 -0.41902188 0.00367750
v 0.32879383 -0.42471889 -0.00850752
v 0.30913270 -0.41860741 0.03134551
v 0.29933689 -0.42373554 0.01943127
v 0.30202071 -0.42714317 0.00358305
v 0.58913944 -0.37974414 -0.10845960
v 0.57662777 -0.38660850 -0.11571271
v 0.60323881 -0.36799737 -0.08537022
v 0.60367205 -0.35902113 -0.05116350
v 0.61414579 -0.35678381 -0.06215048
v 0.61321722 -0.36165407 -0.07940376
v 0.61139918 -0.36691559 -0.09765003
v 0.59770960 -0.37321577 -0.09651743
v 0.58725425 -0.37725920 -0.09383567
v 0.01023694 -0.43226963 0.16610352
v -0.01388416 -0.43152084 0.17991679
v -0.00117074 -0.43496510 0.15434116
v -0.01801098 -0.43438934 0.16405596
v -0.01841161 -0.42931847 0.19354461
v 0.50477314 -0.37931906 0.00869266
v 0.49274621 -0.38227895 0.00991033
v 0.49984672 -0.37692045 0.02120488
v 0.50996057 -0.37450992 0.01968776
v 0.51683711 -0.37529006 0.01025051
v 0.48407858 -0.38771014 -0.00061597
v 0.48921715 -0.37953121 0.02207716
v 0.48072548 -0.38424192 0.01385937
v 0.47136128 -0.42952600 -0.16241159
v 0.46130675 -0.43317651 -0.16992198
v 0.46258734 -0.42991536 -0.15325854
v 0.47655728 -0.42509118 -0.14542403
v 0.48455285 -0.42662315 -0.16463768
v 0.27686204 -0.35019787 0.29285010
v 0.27399149 -0.34410537 0.31259194
v 0.46456990 -0.31955838 0.21566177
v 0.47556375 -0.31205011 0.22568588
v 0.46622953 -0.32513872 0.19961957
v 0.12086427 -0.37772550 0.32858295
v 0.08755413 -0.45899676 -0.31494697
v 0.07851233 -0.45998361 -0.30451725
v 0.69416194 -0.27856036 -0.08073336
v 0.17122739 -0.36646718 0.32865907
v 0.17733318 -0.36131563 0.33957742
v 0.18277171 -0.36447277 0.32606062
v 0.17195629 -0.37025602 0.31629422
v 0.34355903 -0.38392157 0.12573713
v 0.33061146 -0.38814016 0.12264857
v 0.33466563 -0.38320192 0.13599035
v 0.35642186 -0.37892980 0.13124184
v 0.35475288 -0.38449245 0.11404743
v 0.33867965 -0.38955152 0.11073725
v 0.34641855 -0.37894286 0.13999585
v 0.32458454 -0.38683295 0.13243590
v 0.32542441 -0.38287385 0.14520032
v 0.33783597 -0.37820501 0.15001215
v 0.31822277 -0.39139416 0.12216861
v 0.32439970 -0.39359611 0.10908990
v 0.01004366 -0.45217898 -0.31573346
v 0.51995527 -0.36988509 0.02478013
v 0.52023069 -0.36479021 0.04072472
v 0.46783836 -0.41763004 -0.09943328
v 0.45429822 -0.42191745 -0.10439461
v 0.45773953 -0.41726761 -0.08740816
v 0.46447585 -0.42217558 -0.11646990
v 0.48299714 -0.41331411 -0.09714069
v 0.47555291 -0.41832701 -0.11093100
v 0.47189436 -0.41234345 -0.08106334
v 0.44993205 -0.42705922 -0.12406279
v 0.44090432 -0.42574452 -0.10818178
v 0.44516678 -0.42117987 -0.09181474
v 0.44871644 -0.41714748 -0.07803364
v 0.45895778 -0.41298503 -0.07080915
v 0.29044611 -0.45985755 -0.31492252
v 0.27748399 -0.46085788 -0.30872858
v 0.29126945 -0.46132979 -0.29531840
v 0.30434943 -0.46013856 -0.30521852
v 0.46416130 -0.31447633 0.22916980
v 0.44090265 -0.32719941 0.21530089
v 0.45119221 -0.32765925 0.20535740
v 0.29697920 -0.45917965 -0.17257955
v 0.29121972 -0.46068099 -0.18461200
v 0.28394379 -0.46022104 -0.17038184
v 0.29744505 -0.45750209 -0.15581220
v 0.30154767 -0.45949763 -0.18247646
v 0.31028929 -0.45735412 -0.16927060
v 0.27880137 -0.46207553 -0.19050080
v 0.26841895 -0.46209537 -0.17719725
v 0.27129415 -0.46044250 -0.15909919
v 0.28316291 -0.45868070 -0.15237458
v 0.29736023 -0.46083552 -0.19700340
v 0.28813833 -0.46158212 -0.19426096
v 0.02336103 -0.41798509 0.23358854
v 0.03316534 -0.41823799 0.22727565
v 0.01939977 -0.42099662 0.22115434
v 0.03353271 -0.41504596 0.24181380
v 0.00976784 -0.41954548 0.23236204
v 0.02088310 -0.41564213 0.24542809
v 0.04710085 -0.41433092 0.23747619
v 0.41383421 -0.34445671 0.18954029
v 0.40092180 -0.34481588 0.19962608
v 0.41364264 -0.33843700 0.20716594
v 0.42378785 -0.33747078 0.20125162
v 0.42920884 -0.34026609 0.18871246
v 0.42234311 -0.34702755 0.17483290
v 0.01862244 -0.45415188 -0.00643257
v 0.01268389 -0.45538446 -0.02068241
v 0.00369861 -0.45394941 -0.00591881
v 0.03119827 -0.45526695 -0.01752870
v 0.01599486 -0.45270711 0.00821874
v 0.02941103 -0.45313575 0.00380675
v 0.00602264 -0.45664248 -0.03706100
v -0.00319656 -0.45537786 -0.02470665
v 0.01944294 -0.45657004 -0.03265637
v 0.46007935 -0.44690840 -0.29302893
v 0.46519621 -0.44536081 -0.28006059
v 0.47471996 -0.44384392 -0.28956303
v 0.46678738 -0.44603201 -0.30580851
v 0.63636127 -0.37642247 -0.24042417
v 0.64691106 -0.37067560 -0.25493166
v 0.63206391 -0.38092244 -0.25916403
v 0.62303485 -0.38503838 -0.24547372
v 0.64926464 -0.36722405 -0.23426893
v 0.66046693 -0.36110563 -0.26192712
v 0.65077333 -0.36961711 -0.27441546
v 0.63974140 -0.37708772 -0.27097819
v 0.65919982 -0.36079799 -0.24431919
v 0.03200833 -0.41204418 0.25579067
v 0.00751999 -0.41616365 0.24895961
v 0.01890240 -0.41252733 0.26004632
v -0.00554800 -0.41627267 0.25351593
v -0.00478345 -0.41953344 0.23817694
v 0.52748521 -0.39164511 -0.06142985
v 0.51287854 -0.39618050 -0.06124845
v 0.50092830 -0.40002615 -0.06237090
v 0.52075224 -0.39770145 -0.07690024
v 0.50614226 -0.40228651 -0.07735225
v 0.35352480 -0.44612183 -0.12909231
v 0.36199347 -0.44186468 -0.11281208
v 0.36821360 -0.44359246 -0.12878294
v 0.34720414 -0.44441385 -0.11270700
v 0.35993012 -0.44754206 -0.14514784
v 0.34503158 -0.44990040 -0.14519834
v 0.33893182 -0.44855954 -0.12945486
v 0.25350540 -0.45982724 -0.13597184
v 0.26373486 -0.45728293 -0.12232967
v 0.27288788 -0.45808498 -0.13743279
v 0.24081328 -0.46012722 -0.12686037
v 0.25140551 -0.45752578 -0.11386506
v 0.26094314 -0.46065118 -0.15090149
v 0.23586423 -0.46227629 -0.14477750
v 0.24862628 -0.46215640 -0.15595816
v 0.25856795 -0.46215687 -0.16609404
v 0.62282906 -0.37367657 -0.15988565
v 0.63419900 -0.36701149 -0.15776719
v 0.62722696 -0.37341784 -0.17314571
v 0.61237229 -0.37793608 -0.15375770
v 0.62623558 -0.36875018 -0.14299296
v 0.61326011 -0.38055154 -0.17184447
v 0.64110601 -0.36011150 -0.14189452
v 0.64803795 -0.35872120 -0.15857514
v 0.63871070 -0.36650069 -0.17063660
v 0.28478021 -0.46312559 -0.23415056
v 0.27848520 -0.46328595 -0.22005370
v 0.29458744 -0.46196194 -0.21724819
v 0.28996794 -0.46289998 -0.24719665
v 0.27728215 -0.46365935 -0.24920131
v 0.29921282 -0.46211889 -0.23525232
v 0.30253639 -0.46204443 -0.25367263
v 0.28539487 -0.46295728 -0.26386047
v 0.40602846 -0.44909062 -0.20991705
v 0.39045605 -0.45181466 -0.21499692
v 0.39554598 -0.44944669 -0.19889611
v 0.40612686 -0.44736749 -0.19462792
v 0.41442443 -0.44636466 -0.19745874
v 0.42098293 -0.44651839 -0.20833070
v 0.42936773 -0.44667026 -0.22269862
v 0.39171583 -0.45393427 -0.24288173
v 0.38436565 -0.45399012 -0.23158373
v 0.51536049 -0.26174178 0.30433113
v 0.51191253 -0.25505996 0.32033916
v 0.52848613 -0.25646693 0.30217339
v 0.52423034 -0.26328836 0.29295258
v 0.22006048 -0.46355202 -0.14379040
v 0.22523661 -0.46412244 -0.15688292
v 0.20490576 -0.46459761 -0.14264616
v 0.21430073 -0.46304446 -0.13158589
v 0.21220090 -0.46522035 -0.15962302
v 0.22675735 -0.46152256 -0.12719261
v 0.20405680 -0.46331447 -0.12577933
v 0.21485561 -0.46178356 -0.11861086
v 0.05963363 -0.45671424 -0.03110513
v 0.05038161 -0.45501621 -0.01482976
v 0.06377707 -0.45486236 -0.01417120
v 0.07521816 -0.45766004 -0.04038296
v 0.06196123 -0.45875127 -0.05096936
v 0.04396322 -0.45657900 -0.02998211
v 0.07491463 -0.45563406 -0.02220833
v 0.04720705 -0.45814554 -0.04601729
v 0.69727440 -0.32810948 -0.30886287
v 0.61662308 -0.30541898 0.09526277
v 0.62408862 -0.29549611 0.10762732
v 0.63336362 -0.28742088 0.11052171
v 0.60939979 -0.30360977 0.11036121
v 0.61600496 -0.29414900 0.12294523
v 0.62797267 -0.28672621 0.12059473
v 0.60320487 -0.31237724 0.09722062
v 0.61018602 -0.31381689 0.08338382
v 0.49402042 -0.36354373 0.06817386
v 0.47214943 -0.36033518 0.09562315
v 0.49148034 -0.36818929 0.05608326
v 0.67160543 -0.31605488 -0.05588497
v 0.66438177 -0.32641186 -0.06635869
v 0.65503001 -0.33244130 -0.06133201
v 0.64858027 -0.33359622 -0.04968042
v 0.67276540 -0.29603814 -0.00767892
v 0.68015069 -0.28554278 -0.01221607
v 0.67970612 -0.29152295 -0.02154665
v 0.66612649 -0.29912540 0.00732990
v 0.67167216 -0.28965736 0.01101265
v 0.66161290 -0.30709826 -0.00165269
v 0.67516806 -0.30127085 -0.02798895
v 0.67809110 -0.28206432 0.00083839
v 0.68293512 -0.27480997 -0.01013136
v 0.01451101 -0.46302095 -0.21665996
v 0.00439080 -0.46212487 -0.21629387
v 0.02449695 -0.46415375 -0.20758734
v 0.01041145 -0.46316921 -0.20244761
v -0.00967798 -0.45902929 -0.24016647
v -0.00668845 -0.46060207 -0.22318495
v -0.00429103 -0.46164108 -0.20770049
v 0.54769607 -0.38779511 -0.07320720
v 0.55202884 -0.38380383 -0.06344604
v 0.55958506 -0.38403767 -0.07575042
v 0.54997989 -0.39036522 -0.08737155
v 0.53626524 -0.39304070 -0.07864120
v 0.54120268 -0.38716393 -0.06168723
v 0.54989179 -0.38059476 -0.04818377
v 0.56247181 -0.37872528 -0.05903422
v 0.13938406 -0.46840666 -0.18145104
v 0.14458029 -0.46806705 -0.16757749
v 0.15647931 -0.46810880 -0.17551204
v 0.14911712 -0.46853042 -0.19674575
v 0.13020275 -0.46854251 -0.19928398
v 0.12358649 -0.46833589 -0.18178958
v 0.13238970 -0.46804619 -0.16746098
v 0.16704455 -0.46737111 -0.15958585
v 0.17548261 -0.46765602 -0.17406313
v 0.16624769 -0.46825850 -0.19114025
v 0.15363808 -0.46756075 -0.15782514
v 0.14109497 -0.46752425 -0.15498692
v 0.33901169 -0.36840585 0.18134155
v 0.32407843 -0.37281661 0.18023253
v 0.32794842 -0.36737906 0.19468660
v 0.32805994 -0.37675097 0.16349260
v 0.35536807 -0.36568825 0.17548143
v 0.34429744 -0.37237493 0.16359958
v 0.33159898 -0.36218304 0.20817886
v 0.31967217 -0.36554388 0.20798893
v 0.31267071 -0.37276979 0.19055548
v 0.65135777 -0.31316356 0.00736283
v 0.65907752 -0.30489225 0.01203108
v 0.04668778 -0.43425496 0.13598966
v 0.05211649 -0.43650747 0.11942318
v 0.05054056 -0.43114554 0.15202394
v 0.03727934 -0.43308554 0.14799879
v 0.03638364 -0.43736985 0.12179748
v 0.03285006 -0.43556832 0.13512851
v 0.02723173 -0.45139684 0.02021316
v 0.02696081 -0.44957117 0.03617653
v 0.03236786 -0.46115297 -0.08458619
v 0.04422028 -0.46132551 -0.08253015
v 0.03769074 -0.46202727 -0.09410033
v 0.02884596 -0.46187572 -0.09640298
v 0.02487114 -0.46000233 -0.07248015
v 0.03757467 -0.46034757 -0.07258925
v 0.02085025 -0.46110722 -0.08956744
v 0.02398767 -0.45873784 -0.05672736
v 0.03593433 -0.45914659 -0.05882401
v 0.01120478 -0.46021662 -0.08127239
v 0.01149431 -0.45904866 -0.06473752
v -0.00124647 -0.46012246 -0.08812495
v -0.00782332 -0.46064152 -0.10635727
v 0.00278194 -0.45955166 -0.07557464
v -0.00736491 -0.45917728 -0.07731250
v 0.00817450 -0.46107727 -0.09757733
v 0.00664121 -0.46188788 -0.11496811
v -0.00660294 -0.46150797 -0.12589059
v 0.16704257 -0.42907331 0.09528570
v 0.17690963 -0.42485794 0.10726153
v 0.15858934 -0.43252169 0.08470126
v 0.03441405 -0.46507345 -0.19742983
v 0.03788938 -0.46496336 -0.21138615
v 0.02349714 -0.46441678 -0.19168711
v 0.04792969 -0.46583583 -0.19670888
v 0.04176152 -0.46461053 -0.22746620
v 0.05259002 -0.46580790 -0.21347466
v 0.57146442 -0.29376040 0.18008585
v 0.57659646 -0.29777990 0.16575561
v 0.56577619 -0.30326860 0.16496077
v 0.55600731 -0.30177084 0.17838469
v 0.56205029 -0.29321584 0.19154864
v 0.57113722 -0.28620352 0.19677634
v 0.58174259 -0.28404354 0.18901977
v 0.58643312 -0.28927714 0.17249167
v 0.55027813 -0.29646823 0.19633909
v 0.56082428 -0.28747381 0.20517859
v 0.03772582 -0.46527513 -0.16519339
v 0.02793187 -0.46471424 -0.16567035
v 0.03719851 -0.46491500 -0.15191624
v 0.03767771 -0.46534496 -0.17961053
v 0.04828284 -0.46570030 -0.16334085
v 0.02879588 -0.46402460 -0.13726007
v 0.04330042 -0.46454040 -0.13378343
v 0.02114628 -0.46403460 -0.15172194
v 0.05369580 -0.46542410 -0.14581880
v 0.02239309 -0.46444874 -0.17787811
v 0.01191000 -0.46364619 -0.16734478
v 0.44495334 -0.41407118 -0.06218501
v 0.43730643 -0.41995228 -0.07909375
v 0.44743252 -0.40843059 -0.04246625
v 0.46102443 -0.40782541 -0.05239749
v 0.43319154 -0.41315205 -0.04817396
v 0.42851998 -0.41867082 -0.06591635
v 0.43269417 -0.42465966 -0.09508853
v 0.42445911 -0.42369081 -0.08313165
v 0.57749971 -0.31212592 0.13081665
v 0.57994226 -0.31586266 0.11821475
v 0.56835610 -0.31872917 0.12415781
v 0.56888286 -0.31228433 0.14013226
v 0.58164353 -0.30541763 0.14230162
v 0.58848729 -0.30749102 0.12888865
v 0.56937240 -0.32467627 0.10700953
v 0.59372883 -0.31152936 0.11200757
v 0.58229235 -0.31956926 0.10568704
v 0.10392402 -0.38069124 0.32974588
v 0.48102961 -0.40685023 -0.06795620
v 0.48996367 -0.40161116 -0.05675215
v 0.49308978 -0.40464643 -0.07192321
v 0.46983061 -0.40890935 -0.06492111
v 0.47643081 -0.40426282 -0.05328122
v 0.48490274 -0.40904073 -0.08091945
v 0.49520503 -0.40780378 -0.08728150
v 0.40427012 -0.41919331 -0.04732094
v 0.40361254 -0.42315589 -0.06257868
v 0.39306109 -0.42328122 -0.05432763
v 0.39524925 -0.41763759 -0.03424165
v 0.41194129 -0.41409592 -0.03421020
v 0.41721773 -0.41767906 -0.05222071
v 0.39297797 -0.42685612 -0.06883529
v 0.38091415 -0.42874830 -0.06689858
v 0.38106046 -0.42380941 -0.04677490
v 0.41430566 -0.42327544 -0.07238060
v 0.39972230 -0.42835918 -0.08141433
v 0.64794368 -0.36350769 -0.19036813
v 0.65544729 -0.35940302 -0.19980619
v 0.64746904 -0.36197170 -0.17665795
v 0.57516212 -0.41355877 -0.30320640
v 0.58896938 -0.40748163 -0.30329580
v 0.57826923 -0.41111282 -0.28797623
v 0.56617352 -0.41667200 -0.29592057
v 0.56545294 -0.41796178 -0.31215531
v 0.59153794 -0.40438994 -0.27853204
v 0.60325144 -0.39959749 -0.28811325
v 0.60484232 -0.40024762 -0.30707932
v 0.23348203 -0.46568341 -0.20274668
v 0.21988577 -0.46643084 -0.20099253
v 0.22507533 -0.46561557 -0.18500139
v 0.24414817 -0.46532358 -0.21157088
v 0.23446514 -0.46595647 -0.22249176
v 0.24888589 -0.46461800 -0.19802348
v 0.24086567 -0.46457194 -0.18441400
v 0.22050985 -0.46657381 -0.21557275
v 0.18467311 -0.36908756 0.31029652
v 0.18456407 -0.37463955 0.29256902
v 0.03117675 -0.45750521 -0.04113612
v 0.01574867 -0.45777933 -0.04750891
v 0.45482084 -0.38439835 0.03436761
v 0.45303497 -0.38938232 0.01942119
v 0.46369475 -0.38372591 0.02948200
v 0.16706481 -0.44034649 0.04206330
v 0.16477459 -0.44272289 0.03092595
v 0.19316019 -0.43768375 0.03962444
v 0.19104796 -0.44104074 0.02451682
v 0.17488217 -0.44372060 0.02018973
v 0.21654870 -0.37934584 0.25167387
v 0.21879013 -0.37520234 0.26389038
v 0.23000414 -0.37476335 0.25590402
v 0.20673635 -0.38014874 0.25693810
v 0.22106914 -0.38149739 0.24047521
v 0.22974119 -0.37002771 0.27189932
v 0.24540182 -0.37142084 0.25398809
v 0.23573973 -0.37802742 0.24006041
v 0.24176890 -0.36773869 0.26906267
v 0.20899560 -0.37566123 0.27033998
v 0.22001258 -0.37095313 0.27698530
v 0.24385571 -0.46444713 -0.27341946
v 0.25880550 -0.46379123 -0.27589061
v 0.23289296 -0.46529340 -0.26310182
v 0.22881204 -0.46456320 -0.27898687
v 0.21371289 -0.46433095 -0.28638854
v 0.21889079 -0.46541780 -0.26878286
v 0.18140759 -0.46753054 -0.23963306
v 0.19541470 -0.46727778 -0.23778536
v 0.00215824 -0.38414240 0.36645852
v 0.54152807 -0.42653367 -0.31589251
v 0.11256431 -0.45305768 -0.00971253
v 0.10128124 -0.45213970 -0.00021592
v 0.11701115 -0.45090390 0.00360613
v 0.12556049 -0.45238011 -0.00910053
v 0.11751910 -0.45472563 -0.02326332
v 0.10233352 -0.45466991 -0.01914087
v 0.29250677 -0.45003432 -0.09566431
v 0.29755091 -0.45128030 -0.10762726
v 0.28220005 -0.45247258 -0.10289537
v 0.30271092 -0.44733344 -0.08876981
v 0.28761045 -0.44854956 -0.08350229
v 0.51650300 -0.35485015 0.07446978
v 0.51945416 -0.34897430 0.08919707
v 0.50471399 -0.36283208 0.06105924
v 0.07968622 -0.46655706 -0.15248845
v 0.07611523 -0.46693707 -0.16920582
v 0.06441380 -0.46623469 -0.15844255
v 0.08880331 -0.46713447 -0.16208805
v 0.12011207 -0.38477209 0.30602293
v 0.11267329 -0.38326526 0.31590903
v 0.12397786 -0.38073978 0.31689409
v 0.11654591 -0.38856402 0.29530327
v 0.47052270 -0.30708855 0.24239812
v 0.48300597 -0.29741640 0.25541804
v 0.48648615 -0.30376901 0.23695469
v 0.46953549 -0.30098647 0.25833805
v 0.08854674 -0.38123089 0.33749240
v 0.07508914 -0.38621850 0.32911436
v 0.07672145 -0.38185704 0.34242334
v 0.17955216 -0.41549507 0.14511253
v 0.17962745 -0.41195355 0.15955430
v 0.25461434 -0.46349645 -0.18201504
v 0.24759340 -0.46338772 -0.17113293
v 0.10289631 -0.46486530 -0.11599369
v 0.10317411 -0.46381760 -0.10231108
v 0.62730976 -0.27430399 0.14447154
v 0.62254075 -0.27137927 0.15679836
v 0.10240131 -0.40639848 0.23664192
v 0.09110170 -0.40573515 0.24685281
v 0.10569051 -0.40171322 0.25319516
v 0.11318336 -0.40756653 0.22450339
v 0.09905726 -0.41027544 0.22284380
v 0.11669081 -0.40253593 0.24233269
v 0.13093613 -0.39827601 0.24885301
v 0.12800388 -0.40304725 0.23231614
v 0.11983858 -0.39775403 0.25879592
v 0.55464496 -0.36685563 -0.00464520
v 0.55685873 -0.36989416 -0.01802863
v 0.56661017 -0.36405639 -0.01085948
v 0.56715935 -0.35879347 0.00618915
v 0.55369848 -0.37465115 -0.03104974
v 0.56614908 -0.36855075 -0.02616133
v 0.69455041 -0.30326217 -0.11121420
v 0.69695957 -0.29178065 -0.10375430
v 0.69863348 -0.29454388 -0.12036307
v 0.69573868 -0.30693076 -0.12785064
v 0.69356488 -0.29989011 -0.09773696
v -0.00069093 -0.45878896 -0.06695780
v 0.00165369 -0.45785371 -0.05383407
v -0.01069876 -0.45656205 -0.04358743
v 0.25294074 -0.34614670 0.32451969
v 0.24835743 -0.34106879 0.34214205
v 0.26248027 -0.33900131 0.33623390
v 0.24088735 -0.35309600 0.31458927
v 0.23865767 -0.34834639 0.32999478
v 0.25211722 -0.35149287 0.31001998
v 0.26122521 -0.34747271 0.31397497
v 0.26537438 -0.34274264 0.32373199
v 0.25972685 -0.33507797 0.34884634
v 0.27527809 -0.33695820 0.33102168
v 0.25080023 -0.33457061 0.35729803
v 0.06535570 -0.46668951 -0.19976184
v 0.08249872 -0.46743058 -0.19701594
v 0.07592182 -0.46700792 -0.21267235
v 0.06439549 -0.46641933 -0.21596060
v 0.05919491 -0.46637585 -0.17878076
v 0.07464044 -0.46710975 -0.18462767
v 0.05753552 -0.46551991 -0.22983992
v 0.07006500 -0.46643532 -0.22471579
v 0.52804217 -0.34189245 0.10149778
v 0.51800760 -0.33546847 0.12882066
v 0.53120156 -0.33335892 0.12245557
v 0.61338213 -0.37004782 -0.11594921
v 0.62452114 -0.36216036 -0.10624906
v 0.60222624 -0.37424960 -0.11024981
v 0.62476283 -0.36582096 -0.12387912
v 0.62429249 -0.35822002 -0.08869713
v 0.25302324 -0.41378727 0.09578407
v 0.24882700 -0.41793761 0.08292040
v 0.23383141 -0.42055770 0.08416688
v 0.22555338 -0.41824868 0.09987344
v 0.14122261 -0.45121509 -0.00715945
v 0.13169505 -0.44971350 0.00606364
v 0.14671140 -0.44813991 0.00949462
v 0.15855522 -0.44944016 -0.00341116
v 0.15096050 -0.45289629 -0.02163235
v 0.13393346 -0.45408039 -0.02353648
v 0.13708903 -0.44681851 0.02151410
v 0.15104299 -0.44491150 0.02604378
v 0.16096529 -0.44607504 0.01476488
v 0.12327718 -0.44821549 0.01860825
v 0.40634091 -0.41055307 -0.01679723
v 0.38966335 -0.41298185 -0.01243949
v 0.40142699 -0.40695497 0.00003124
v 0.42370672 -0.40736564 -0.01905484
v 0.41563785 -0.40414865 -0.00129528
v 0.37801913 -0.32336580 0.27972078
v 0.37443138 -0.32933499 0.26682536
v 0.36552228 -0.32878861 0.27609467
v 0.38177448 -0.31686279 0.29334522
v 0.39451149 -0.31087610 0.29736172
v 0.18916283 -0.46379667 -0.29586361
v 0.18629877 -0.46515779 -0.28133136
v 0.31521358 -0.34558796 0.27338399
v 0.32133188 -0.34864949 0.25893272
v 0.31197413 -0.36221943 0.22543319
v 0.32539662 -0.35361285 0.24031015
v 0.22307403 -0.41529577 0.11384929
v 0.21486048 -0.41140757 0.13541631
v 0.21459812 -0.41548000 0.11958123
v 0.22296073 -0.40601495 0.14988381
v 0.68845432 -0.29854910 -0.07382603
v 0.68580445 -0.29527259 -0.05632599
v 0.69391950 -0.29065351 -0.08648529
v 0.69028708 -0.30229406 -0.08784646
v 0.68386482 -0.31029761 -0.08186322
v 0.68104052 -0.30754761 -0.06450974
v 0.67018698 -0.28512610 0.02608781
v 0.66314101 -0.29652708 0.02207403
v 0.66808625 -0.28164421 0.03995597
v 0.67384049 -0.27395356 0.03205153
v 0.67616862 -0.27753653 0.01669289
v 0.66442528 -0.29018243 0.03428940
v 0.68093021 -0.26755201 0.00644590
v 0.19922898 -0.42315930 0.09939464
v 0.20978886 -0.42241179 0.09481337
v 0.20594033 -0.41959228 0.10933704
v 0.21590570 -0.41822034 0.10756600
v 0.19358453 -0.42164904 0.10956229
v 0.57028428 -0.38194945 -0.08408039
v 0.56269047 -0.38699510 -0.09302077
v 0.41783772 -0.27040368 0.36765606
v 0.40411191 -0.27380430 0.37141489
v 0.06403094 -0.46026004 -0.06605825
v 0.05816843 -0.46148166 -0.08064321
v 0.04997034 -0.45995964 -0.06521213
v 0.07523683 -0.45954029 -0.05800818
v 0.07450075 -0.46132696 -0.07618367
v 0.67463859 -0.31885338 -0.07390036
v 0.66667251 -0.32939775 -0.08381005
v 0.65603044 -0.33578977 -0.07628845
v 0.64475831 -0.34095285 -0.06707087
v 0.31507787 -0.46090165 -0.23683355
v 0.30780909 -0.46107528 -0.22257599
v 0.46198746 -0.34708455 0.14247484
v 0.45542994 -0.35314651 0.13016042
v 0.44776773 -0.35168901 0.14048989
v 0.46729078 -0.35113280 0.12658533
v 0.47474174 -0.33983953 0.15267037
v 0.47520329 -0.34529901 0.13694188
v 0.45189763 -0.34652453 0.15220331
v 0.46141541 -0.34154617 0.15872392
v 0.60462601 -0.32009963 0.07457713
v 0.59842683 -0.31967076 0.08455230
v 0.18336802 -0.35513506 0.35298163
v 0.19312684 -0.35719508 0.33987232
v 0.18736124 -0.34976529 0.36494020
v 0.17571789 -0.35293235 0.36457451
v 0.67815538 -0.30437817 -0.04637615
v 0.06004251 -0.39132879 0.32014022
v 0.05821393 -0.39894610 0.29395495
v 0.05177203 -0.39700608 0.30462486
v 0.04310104 -0.39512484 0.31592105
v 0.26113399 -0.43130217 0.01877197
v 0.24828217 -0.43580737 0.00906378
v 0.32410318 -0.44075621 -0.07298171
v 0.32933839 -0.44245086 -0.08554704
v 0.31193941 -0.44342311 -0.07586245
v 0.31523383 -0.43976923 -0.06129512
v 0.31753951 -0.44483591 -0.08755548
v 0.31925547 -0.43586292 -0.04699264
v 0.30012788 -0.44386901 -0.06888711
v 0.30486168 -0.43867513 -0.04819987
v 0.70268963 -0.29740258 -0.15743815
v 0.70007935 -0.29832162 -0.13996990
v 0.70021705 -0.30701951 -0.15634751
v 0.70246850 -0.30438020 -0.16789561
v 0.13802302 -0.46664737 -0.14054143
v 0.38628423 -0.43406365 -0.09565838
v 0.37663103 -0.43926027 -0.11284020
v 0.37070718 -0.43717995 -0.09664045
v 0.38757123 -0.43032625 -0.07926985
v 0.40097445 -0.43243633 -0.10133885
v 0.39058811 -0.43701278 -0.11430778
v 0.37814928 -0.43304382 -0.08342764
v 0.67345027 -0.34580137 -0.20678978
v 0.66383366 -0.35426156 -0.21121625
v 0.67230066 -0.34828697 -0.22314229
v 0.66088686 -0.35812442 -0.22779950
v 0.65216617 -0.36348336 -0.21652521
v 0.67054283 -0.26878587 0.04979483
v 0.32865890 -0.43171366 -0.03675668
v 0.32510662 -0.42930435 -0.02393122
v 0.33620305 -0.42688238 -0.02292650
v 0.31616320 -0.43337348 -0.03384772
v 0.14006037 -0.46857496 -0.21166772
v 0.13737657 -0.46831737 -0.22521298
v 0.12751820 -0.46837133 -0.21751498
v 0.14608430 -0.46848713 -0.22020059
v 0.15053710 -0.46856876 -0.21162250
v 0.11804303 -0.46836017 -0.20989079
v 0.11389657 -0.46834572 -0.19620449
v 0.35742338 -0.45834567 -0.28350262
v 0.36781801 -0.45760725 -0.27768746
v 0.35646940 -0.45801593 -0.30042603
v 0.34449551 -0.45895378 -0.29116076
v 0.33079371 -0.45998247 -0.28011428
v 0.34384305 -0.45821055 -0.30970765
v 0.33098965 -0.45920737 -0.30124033
v 0.20275685 -0.46175343 -0.31288018
v 0.20171855 -0.46334572 -0.29914656
v 0.19908763 -0.46476373 -0.28444181
v 0.20392924 -0.46187918 -0.11105425
v 0.19437746 -0.46457474 -0.13320953
v 0.18208087 -0.46511830 -0.13235532
v 0.12540183 -0.40694156 0.21859649
v 0.11717387 -0.41079805 0.20836901
v 0.10340547 -0.41252458 0.21037583
v 0.14417513 -0.39840726 0.23870935
v 0.13787990 -0.40408026 0.22112068
v 0.63725042 -0.34137966 -0.05170356
v 0.50408183 -0.43673186 -0.29268341
v 0.48914594 -0.44061890 -0.29166944
v 0.48487941 -0.44099702 -0.27901005
v 0.51844555 -0.43203852 -0.28338487
v 0.51776068 -0.43337364 -0.30469507
v 0.50380923 -0.43758017 -0.31005571
v 0.49298963 -0.44028047 -0.30655100
v 0.20220221 -0.41649370 0.12460225
v 0.20440233 -0.41290116 0.13743295
v 0.20737519 -0.40889967 0.15075922
v 0.04928439 -0.46268041 -0.09838386
v 0.03382836 -0.46280913 -0.10835127
v 0.05802006 -0.46378042 -0.10994067
v 0.04637166 -0.46381244 -0.11687297
v 0.06684967 -0.46294542 -0.09598290
v 0.69931561 -0.32357079 -0.29516069
v 0.69700838 -0.32535149 -0.28186815
v 0.69928182 -0.31803856 -0.27007853
v 0.69204405 -0.33342195 -0.29355089
v 0.69105356 -0.33324628 -0.27909050
v 0.69360897 -0.32805884 -0.26717540
v 0.29028569 -0.45645457 -0.13882046
v 0.20577435 -0.35580706 0.33453948
v 0.19824515 -0.36201100 0.32180968
v 0.59459210 -0.26474614 0.20889085
v 0.59321575 -0.27901494 0.18465521
v 0.58813291 -0.27659222 0.19602203
v 0.58799838 -0.27121123 0.20621099
v 0.58786233 -0.26506313 0.21719381
v 0.31427476 -0.41039423 0.05782519
v 0.32069041 -0.41277234 0.04367091
v 0.30631736 -0.41503345 0.04725927
v 0.31246774 -0.40649028 0.07350949
v 0.32757822 -0.40569282 0.06361926
v 0.30468649 -0.41175898 0.06084496
v 0.59361043 -0.40131214 -0.25571308
v 0.58921806 -0.40166040 -0.23895767
v 0.60129208 -0.39565306 -0.23648374
v 0.57959567 -0.40888859 -0.26864973
v 0.57908773 -0.40728401 -0.24988363
v 0.60938622 -0.39299060 -0.25024557
v 0.60508178 -0.39700346 -0.26884777
v 0.53190582 -0.42922525 -0.30674480
v 0.31602112 -0.46119942 -0.25321168
v 0.31139331 -0.46150154 -0.26470274
v 0.29963160 -0.46189015 -0.27511174
v 0.29672049 -0.36857142 0.21861137
v 0.42454303 -0.41204602 -0.03671254
v 0.41245999 -0.42781562 -0.09036848
v 0.69658228 -0.32023494 -0.25103055
v 0.55223323 -0.31187728 0.15823442
v 0.21212233 -0.46612415 -0.17711771
v 0.22210544 -0.46510953 -0.16918305
v 0.20061989 -0.46650062 -0.17046620
v 0.21109552 -0.46671153 -0.19267124
v 0.20083047 -0.46704274 -0.18502857
v 0.23515034 -0.46399287 -0.16683278
v 0.66348278 -0.36023516 -0.28198746
v 0.65233453 -0.36992742 -0.29132638
v 0.64140866 -0.37730255 -0.28643358
v 0.66942816 -0.35282769 -0.25004158
v 0.67253561 -0.35111171 -0.26633370
v 0.27542587 -0.39513748 0.14622050
v 0.06010656 -0.41099328 0.24454008
v 0.00533957 -0.46295086 -0.14915570
v -0.00441996 -0.46235480 -0.16425142
v -0.00443974 -0.46208766 -0.13959278
v 0.40700808 -0.45400277 -0.29784615
v 0.40645345 -0.45398002 -0.31305724
v 0.40625558 -0.45382919 -0.27980659
v 0.53577862 -0.41590516 -0.18866339
v 0.53470605 -0.41352853 -0.17296059
v 0.54557140 -0.41106199 -0.18017666
v 0.54460921 -0.41358209 -0.19302418
v 0.53820174 -0.41725359 -0.20278154
v 0.52464152 -0.41873308 -0.18399895
v 0.52725252 -0.42031822 -0.19895293
v 0.52227450 -0.41645319 -0.16703669
v 0.53379387 -0.41054901 -0.15526556
v 0.54629451 -0.40766852 -0.16296628
v 0.55423858 -0.40947544 -0.18968965
v 0.55770099 -0.40536387 -0.17348137
v -0.02349187 -0.38387468 0.37170808
v -0.04440509 -0.38590682 0.36732834
v 0.46171466 -0.29835541 0.27130766
v 0.45056349 -0.29645468 0.28509307
v 0.46314184 -0.29225252 0.28455795
v 0.47077049 -0.29180298 0.27928513
v 0.47548079 -0.29441956 0.26913032
v 0.37500187 -0.44493686 -0.14408486
v 0.35092128 -0.45106441 -0.16076326
v 0.36681904 -0.44893927 -0.16279430
v 0.11669293 -0.44637202 0.03217555
v 0.12917556 -0.44229195 0.05032850
v 0.12932756 -0.44558130 0.03198478
v 0.10932573 -0.44449532 0.04631009
v 0.10124842 -0.44776282 0.02929847
v 0.10899347 -0.44935783 0.01637048
v 0.20746668 -0.46676071 -0.24341845
v 0.19260967 -0.46677406 -0.25336649
v 0.10674655 -0.43639433 0.09337117
v 0.10695146 -0.43367007 0.10774244
v 0.11887216 -0.43674147 0.08517965
v 0.62731392 -0.38582641 -0.28113843
v 0.62404210 -0.38941602 -0.29939148
v 0.61499843 -0.39401497 -0.29390946
v 0.61852620 -0.38936033 -0.26361089
v 0.61386813 -0.39334843 -0.27877752
v 0.63370599 -0.38345531 -0.29920874
v 0.64446642 -0.37652940 -0.30284380
v 0.02015555 -0.43787968 0.12622237
v 0.02540960 -0.44006129 0.10899414
v 0.04054049 -0.43964393 0.10499232
v 0.03192654 -0.39037667 0.33754623
v 0.33139794 -0.45922651 -0.22941831
v 0.32736462 -0.46023326 -0.24751612
v 0.32071377 -0.45961434 -0.21696035
v 0.33733603 -0.45741034 -0.20853727
v 0.32302492 -0.46073217 -0.26384729
v 0.06953033 -0.46581211 -0.23762495
v 0.08015741 -0.46580957 -0.24600707
v 0.06736039 -0.46473949 -0.25281696
v 0.08226820 -0.46679144 -0.22816046
v 0.05876805 -0.46481061 -0.24469816
v 0.57577255 -0.35072489 0.02110414
v 0.58217022 -0.35226395 0.00696745
v 0.57621840 -0.35823887 -0.00432417
v 0.59023797 -0.34427601 0.02112040
v 0.58586277 -0.35447721 -0.00582400
v 0.58226025 -0.34330952 0.03584548
v 0.22257136 -0.46606981 -0.25062102
v 0.23187447 -0.46603409 -0.23775985
v 0.20759526 -0.46615343 -0.26001358
v 0.22048151 -0.46652696 -0.23268099
v 0.45886057 -0.40405532 -0.03607538
v 0.47107160 -0.40159353 -0.03810609
v 0.43652197 -0.40780706 -0.03091166
v 0.45023723 -0.40328835 -0.02588973
v 0.56750567 -0.41485728 -0.27904020
v 0.43576242 -0.33322571 0.20307803
v 0.44301863 -0.33580973 0.18980376
v 0.42690939 -0.33071844 0.21750474
v 0.27598812 -0.36499548 0.24875147
v 0.26917186 -0.36294976 0.26099599
v 0.36942099 -0.36391665 0.16864129
v 0.35736050 -0.37005763 0.15958744
v 0.69251279 -0.32690219 -0.23649928
v 0.69726710 -0.31788186 -0.23367549
v 0.68485493 -0.33695054 -0.23837195
v 0.68916793 -0.33248659 -0.25237921
v 0.41761556 -0.35245665 0.16263407
v 0.43704322 -0.34331519 0.17344742
v 0.42750673 -0.34976071 0.16246887
v -0.01272687 -0.45418268 -0.01226435
v 0.51745294 -0.42276350 -0.19497176
v 0.51828648 -0.42452248 -0.20859904
v 0.52968890 -0.42167970 -0.21458316
v 0.50676257 -0.42689455 -0.20173781
v 0.51009372 -0.42804690 -0.21640158
v 0.54273903 -0.39894299 -0.11325458
v 0.54012140 -0.39639476 -0.09817957
v 0.55381569 -0.39340737 -0.10652455
v 0.53063743 -0.40267039 -0.11145508
v 0.53823199 -0.40337040 -0.12654341
v 0.55037457 -0.39866542 -0.12464843
v 0.52624922 -0.40776074 -0.12844368
v 0.54566280 -0.40401463 -0.14265627
v 0.53300873 -0.40784374 -0.13980019
v 0.45752888 -0.25601665 0.36443156
v 0.46622476 -0.25664753 0.35628842
v 0.50776542 -0.37085331 0.03342360
v 0.50130398 -0.30185011 0.22889965
v 0.50813201 -0.30477890 0.21601798
v -0.00510461 -0.38973044 0.35137790
v 0.34389877 -0.32906709 0.29419870
v 0.34221122 -0.33585711 0.27710868
v 0.33181660 -0.33440899 0.29028769
v 0.33568919 -0.32899864 0.30160597
v 0.34339107 -0.32387668 0.30827675
v 0.35493945 -0.32865564 0.28565923
v 0.22009000 -0.40230355 0.16599452
v 0.19320321 -0.41480593 0.13795943
v 0.20414519 -0.40447409 0.17026392
v 0.19185747 -0.41042292 0.15653513
v 0.01505408 -0.43381764 0.15474336
v 0.02373334 -0.43493180 0.14366991
v 0.00902348 -0.43659211 0.13984494
v 0.02824849 -0.43217288 0.15812853
v 0.02048482 -0.43142788 0.16638856
v 0.03141759 -0.42923373 0.17295710
v 0.07720815 -0.44708732 0.04223743
v 0.08453741 -0.44939049 0.02385269
v 0.06575791 -0.45012806 0.02363497
v 0.08801782 -0.44468973 0.05419357
v 0.09331267 -0.44618827 0.04234666
v 0.07832630 -0.44435454 0.06007478
v 0.06332469 -0.44803243 0.04007075
v 0.06794954 -0.44613956 0.05203635
v 0.07391624 -0.45170776 0.00989327
v 0.06034609 -0.45297112 0.00225595
v 0.05187692 -0.45158024 0.01526294
v 0.05043986 -0.44952846 0.03199325
v 0.09610178 -0.45021778 0.01483703
v 0.08602297 -0.45196746 0.00511409
v 0.28050047 -0.39826364 0.13055699
v 0.43081173 -0.40037808 -0.00014706
v -0.00189810 -0.46234880 -0.19183285
v 0.01113961 -0.46357632 -0.18484979
v 0.28289694 -0.41444070 0.06893242
v 0.27296048 -0.41584525 0.07183619
v 0.27182069 -0.41881818 0.06124685
v 0.29758159 -0.41049341 0.07142156
v 0.29309166 -0.41612983 0.05406360
v 0.28056976 -0.41884818 0.05400452
v 0.30282890 -0.40546931 0.08535647
v 0.63530386 -0.31848196 0.02697406
v 0.63165393 -0.32392911 0.01697062
v 0.55650227 -0.41219361 -0.21444488
v 0.55953762 -0.40909719 -0.20030561
v 0.18975348 -0.46735449 -0.17925460
v 0.18895047 -0.46681396 -0.16447777
v 0.09155736 -0.46322658 -0.09560557
v 0.08326444 -0.43840089 0.09383416
v 0.07357511 -0.43764675 0.10257274
v 0.08513430 -0.43522096 0.11071773
v 0.08035138 -0.44151253 0.07681163
v 0.06967047 -0.44056715 0.08694071
v 0.09601529 -0.43589663 0.10159265
v 0.09379374 -0.43911762 0.08482098
v 0.06519772 -0.44392441 0.06747595
v 0.05643432 -0.44234383 0.08091757
v 0.05798612 -0.43917477 0.10015147
v -0.01291862 -0.44782862 0.05998035
v 0.00042105 -0.44743096 0.06040962
v 0.56663976 -0.38872605 -0.10718420
v 0.56401988 -0.39322416 -0.12316732
v 0.57615124 -0.38281623 -0.09788925
v 0.31529448 -0.42979104 -0.01816006
v 0.34152630 -0.42266186 -0.01047566
v 0.26318849 -0.46347722 -0.19460575
v 0.28485773 -0.46229829 -0.20450187
v 0.27143436 -0.46340543 -0.20720631
v 0.19800829 -0.36780723 0.30415278
v 0.19909324 -0.37241534 0.28865313
v 0.21069373 -0.37121838 0.28354590
v 0.22233333 -0.36638553 0.28968504
v 0.54609378 -0.32659481 0.12659778
v 0.55657544 -0.32632969 0.11654208
v 0.54307148 -0.33379279 0.10978130
v 0.54929483 -0.31979730 0.14146617
v 0.55798155 -0.31994377 0.13222634
v 0.53826439 -0.32528857 0.13778151
v 0.46736532 -0.32981532 0.18622207
v 0.45624229 -0.33212504 0.18910140
v 0.47368870 -0.33156875 0.17629699
v 0.46094013 -0.33610716 0.17431301
v -0.03451634 -0.40137795 0.31868529
v -0.03195943 -0.39643660 0.33483667
v -0.01817282 -0.39869283 0.32509041
v 0.26081530 -0.35287088 0.29858354
v 0.22544317 -0.45620003 -0.08222325
v 0.23604646 -0.45573102 -0.08710215
v 0.22804242 -0.45812614 -0.09820240
v 0.23674400 -0.45359606 -0.07371480
v 0.21635559 -0.45837382 -0.09104415
v 0.21123325 -0.45684937 -0.07673394
v 0.22411563 -0.45395715 -0.06665294
v 0.24700377 -0.45380257 -0.08312836
v 0.24255127 -0.45652056 -0.09827484
v 0.29470582 -0.37308835 0.20555919
v 0.30579084 -0.36961364 0.20711898
v 0.48797349 -0.33363902 0.15888189
v 0.47836900 -0.33410477 0.16558809
v 0.35608981 -0.43974627 -0.09616379
v 0.45688594 -0.35737592 0.11653888
v 0.47057607 -0.35550724 0.11119014
v 0.21773147 -0.39747688 0.18587013
v 0.20020915 -0.40087509 0.18715425
v 0.23256371 -0.39116040 0.19680802
v 0.22145430 -0.39232158 0.20191448
v 0.20925241 -0.39535163 0.20073385
v 0.43932576 -0.30249455 0.28019423
v 0.04030209 -0.44797821 0.04639033
v 0.03689302 -0.45006681 0.03048525
v 0.03698580 -0.44663608 0.05770093
v 0.04702126 -0.44517978 0.06504844
v 0.05572735 -0.44686379 0.05054605
v 0.02794691 -0.44765917 0.05186228
v 0.31755013 -0.45904648 -0.31271119
v 0.31753137 -0.46021281 -0.29439382
v 0.25672271 -0.46454805 -0.21193944
v 0.24696284 -0.46533941 -0.22187766
v 0.26628445 -0.46414733 -0.22080647
v 0.50548649 -0.41728268 -0.14468520
v 0.49170835 -0.42118632 -0.14523752
v 0.49907481 -0.41544762 -0.12660612
v 0.52063229 -0.41312468 -0.14661841
v 0.50912323 -0.41950751 -0.16202872
v 0.51382629 -0.41184171 -0.12956625
v 0.49775715 -0.42202367 -0.15814318
v 0.48602866 -0.42005443 -0.13185196
v 0.62762080 -0.38824063 -0.31315810
v 0.61678417 -0.39431680 -0.31071399
v 0.53040218 -0.42750510 -0.27204266
v 0.53117747 -0.42852409 -0.29029049
v 0.54028868 -0.26064763 0.28147691
v 0.53441714 -0.25896414 0.29121083
v 0.68164498 -0.33216187 -0.15137308
v 0.08679889 -0.43231403 0.12556496
v 0.04117059 -0.44261324 0.08470243
v 0.56711275 -0.41343129 -0.26165039
v 0.15655748 -0.46830303 -0.22309140
v 0.15406168 -0.46759514 -0.24306202
v 0.14636977 -0.46819221 -0.23001646
v 0.16813734 -0.46793985 -0.23256574
v 0.16116299 -0.46845305 -0.20720797
v 0.69609796 -0.31179471 -0.14415575
v 0.69568823 -0.31625457 -0.15762032
v 0.68939233 -0.32338988 -0.15026550
v 0.69023452 -0.31852707 -0.13411129
v 0.52657238 -0.32887911 0.13898589
v 0.53366637 -0.32295919 0.14820850
v 0.51324976 -0.33160163 0.14335526
v 0.65421378 -0.35143735 -0.13974053
v 0.48854187 -0.37294089 0.04373593
v 0.47847970 -0.37924804 0.03190983
v 0.49949834 -0.36922247 0.04601565
v 0.49395359 -0.37480456 0.03318716
v 0.18722871 -0.40687014 0.17402649
v 0.41354117 -0.43126590 -0.10740929
v 0.40325432 -0.43560240 -0.11915935
v 0.42196314 -0.42746246 -0.09745561
v 0.42692181 -0.42955767 -0.11219170
v 0.41556449 -0.43431711 -0.12456765
v -0.01955444 -0.41644385 0.25703860
v 0.48644066 -0.41666544 -0.11617260
v 0.47553575 -0.42149015 -0.12588534
v 0.49851648 -0.41094451 -0.10487484
v 0.51021561 -0.40965363 -0.11396140
v 0.50495953 -0.40627170 -0.09218333
v 0.50961631 -0.40702060 -0.10116674
v 0.17264185 -0.44867739 -0.00538714
v 0.17011679 -0.44683301 0.00614401
v 0.18375010 -0.44564771 0.00523622
v 0.18362045 -0.44943040 -0.01530903
v 0.16720034 -0.45143022 -0.01900225
v 0.44009948 -0.40223874 -0.01393412
v 0.45409149 -0.39798567 -0.01038191
v 0.44568384 -0.39615836 0.00256273
v 0.46481209 -0.39869996 -0.02191279
v 0.11960576 -0.39102849 0.28421824
v 0.12316831 -0.39356647 0.27232022
v 0.10942441 -0.39636868 0.27133939
v 0.59754605 -0.33522352 0.03895170
v 0.69884464 -0.31105523 -0.22022501
v 0.35477295 -0.33378231 0.27186246
v 0.25607038 -0.38267959 0.20682560
v 0.46039843 -0.28800720 0.29637335
v 0.47155209 -0.28692283 0.28973601
v 0.29899929 -0.31991281 0.35478006
v 0.30512686 -0.32243905 0.34360277
v 0.31143723 -0.31408720 0.35851102
v 0.32047500 -0.31725191 0.34369430
v 0.04935479 -0.46170951 -0.27399640
v 0.06343606 -0.46322288 -0.26829301
v 0.07289802 -0.46277103 -0.27861851
v 0.08219509 -0.46216437 -0.28902823
v 0.35506240 -0.41377922 0.01214953
v 0.37480777 -0.45401764 -0.21720732
v 0.36471545 -0.45465594 -0.21015555
v 0.37187931 -0.45320838 -0.20385566
v 0.38245376 -0.45163959 -0.20228373
v 0.36322970 -0.45365805 -0.19803100
v 0.35367126 -0.45575847 -0.20920959
v 0.37472848 -0.45146991 -0.19144842
v 0.56015792 -0.40073511 -0.15331100
v 0.55742227 -0.39855341 -0.13658162
v 0.56678149 -0.39551414 -0.13929823
v 0.57112467 -0.39898176 -0.16714334
v 0.57989134 -0.39463801 -0.16266042
v 0.39508912 -0.29765069 0.32812731
v 0.39717048 -0.40426071 0.01287148
v 0.39062384 -0.40819475 0.00415466
v 0.38513055 -0.40530994 0.01856998
v 0.38620859 -0.39956082 0.03752494
v 0.39711653 -0.39537536 0.04315242
v 0.52974497 -0.34769711 0.08320136
v 0.53077676 -0.35303060 0.06636389
v 0.25106488 -0.36095393 0.28253065
v 0.26564378 -0.35788689 0.27954839
v 0.25522028 -0.36490419 0.26669546
v 0.24367187 -0.35799323 0.29780391
v 0.23812821 -0.36445919 0.28267513
v 0.17881483 -0.37931007 0.28155799
v 0.17188004 -0.38378438 0.27145296
v 0.35231536 -0.41904099 -0.00518370
v 0.36544812 -0.41511136 -0.00095555
v 0.36994634 -0.40982153 0.01463235
v 0.36179456 -0.40877561 0.02486127
v 0.36141053 -0.42001795 -0.01608004
v 0.37926409 -0.41135650 0.00175565
v 0.37416943 -0.41665755 -0.01361730
v 0.67971132 -0.34327692 -0.25241647
v 0.67607834 -0.34603209 -0.23812641
v 0.68441910 -0.33958828 -0.26912671
v 0.22426154 -0.46021908 -0.11214210
v 0.21498438 -0.46016558 -0.10414939
v 0.23581365 -0.45908266 -0.11271948
v 0.00048550 -0.46276478 -0.17766972
v 0.04592603 -0.40156677 0.29077976
v 0.03744787 -0.39973320 0.30210602
v 0.05735540 -0.40320040 0.27804272
v 0.57819975 -0.32570243 0.09400619
v -0.01504622 -0.41905398 0.24401479
v -0.02503965 -0.41987046 0.24292624
v 0.33585378 -0.45618338 -0.19027167
v 0.32343664 -0.45819347 -0.19810831
v 0.32618296 -0.45620701 -0.17762802
v 0.35023944 -0.45451373 -0.19123701
v 0.34238697 -0.45399871 -0.17590136
v 0.31139481 -0.45883600 -0.18858524
v 0.30924838 -0.46020150 -0.20675977
v 0.32358663 -0.45481134 -0.16016657
v 0.33641524 -0.45315537 -0.16090196
v 0.30321191 -0.43466343 -0.02911261
v 0.59547084 -0.33036207 0.05735322
v 0.59506402 -0.32578869 0.07180990
v 0.58621826 -0.33719425 0.04954618
v 0.60383145 -0.32383212 0.06481647
v 0.57410244 -0.34263453 0.04905444
v 0.68806015 -0.33948592 -0.30978104
v 0.68227585 -0.34440231 -0.29662760
v 0.68562534 -0.33992511 -0.28414851
v 0.04161572 -0.43007199 0.16291248
v 0.05588701 -0.42784491 0.16701308
v 0.38025619 -0.36856861 0.14428943
v 0.36819658 -0.37367317 0.13827893
v 0.36912724 -0.36897383 0.15270602
v 0.37758997 -0.37315305 0.13181773
v 0.38041739 -0.37616866 0.11959701
v 0.45199625 -0.43625968 -0.17617718
v 0.45152610 -0.43403170 -0.16242724
v 0.44619749 -0.43924273 -0.18816649
v 0.44228980 -0.43782248 -0.17364927
v 0.37975340 -0.41944193 -0.02865091
v 0.36863615 -0.42103744 -0.02573674
v 0.22859541 -0.44469443 -0.01809399
v 0.23505465 -0.44040280 -0.00200651
v 0.24022910 -0.44251787 -0.01563208
v 0.23786751 -0.44544514 -0.02839917
v 0.36556886 -0.30134721 0.34408372
v 0.34672883 -0.31235285 0.33395926
v 0.33406032 -0.31529115 0.33738175
v 0.00136824 -0.43962555 0.12251922
v -0.00487214 -0.43785119 0.13733313
v 0.01214130 -0.44055456 0.11142038
v -0.01471547 -0.43996061 0.12638887
v 0.33398162 -0.32613489 0.31058150
v 0.33777257 -0.32032881 0.32199438
v 0.42498155 -0.44373836 -0.19161192
v 0.42844465 -0.44021848 -0.17208635
v 0.43565676 -0.44096888 -0.18582986
v 0.43629542 -0.44313553 -0.20307360
v 0.41387226 -0.44441477 -0.18228450
v 0.40601478 -0.44421579 -0.17159396
v 0.41577570 -0.44132503 -0.16400992
v 0.40060154 -0.44684421 -0.18405809
v 0.44684467 -0.27840205 0.32834450
v 0.45087899 -0.27038814 0.34174907
v 0.43510748 -0.27673068 0.34127913
v 0.43428540 -0.28347835 0.32766658
v 0.14184401 -0.46056093 -0.07346116
v 0.14941270 -0.46127036 -0.08154297
v 0.10770508 -0.46804230 -0.18031048
v 0.10532968 -0.46804649 -0.21077446
v 0.09836481 -0.46795559 -0.19564427
v 0.11342489 -0.46786416 -0.22605631
v 0.09006951 -0.46755593 -0.17887384
v 0.33052131 -0.45211557 -0.14556190
v 0.10452875 -0.43979799 0.07579492
v 0.09098232 -0.44219321 0.06826059
v 0.27159692 -0.42275308 0.04584772
v 0.26038066 -0.42284042 0.05437579
v 0.28351295 -0.42171839 0.04028250
v 0.27313246 -0.42658672 0.02903546
v 0.26009559 -0.42719922 0.03680736
v 0.26267045 -0.41771940 0.07278655
v 0.24707496 -0.42741510 0.04598727
v 0.24900229 -0.42266590 0.06398220
v 0.45960413 -0.36174822 0.10137591
v 0.45135274 -0.36670781 0.09284733
v 0.61452938 -0.38851904 -0.23312533
v 0.65585894 -0.29764230 0.03883916
v 0.65134275 -0.30730143 0.02409179
v 0.13297113 -0.39360433 0.26510025
v 0.16100737 -0.45449449 -0.03555618
v 0.15679478 -0.45723365 -0.05242359
v 0.20067724 -0.37575554 0.27659441
v 0.18773013 -0.37881847 0.27630389
v 0.01935870 -0.45825585 -0.28188287
v 0.00626423 -0.45618248 -0.28683352
v 0.00536393 -0.45396420 -0.30180827
v 0.07424601 -0.45363263 -0.00521802
v 0.04374993 -0.45332660 0.00107192
v 0.17716520 -0.45926918 -0.07524702
v 0.16208927 -0.46089693 -0.08256664
v 0.16216160 -0.46283681 -0.10035348
v 0.19028654 -0.45755090 -0.06886076
v 0.19849648 -0.45824463 -0.07821222
v 0.18076249 -0.45668797 -0.05823344
v 0.16701018 -0.45832426 -0.06395601
v 0.27282918 -0.46311345 -0.27792731
v 0.26202619 -0.46282312 -0.29060968
v 0.26929281 -0.46383190 -0.26321590
v 0.37857550 -0.44887352 -0.17512014
v 0.39390933 -0.44580476 -0.16951890
v 0.38766513 -0.44912177 -0.18695172
v 0.38323446 -0.44571030 -0.15771620
v 0.36475251 -0.45169191 -0.18220729
v 0.39531150 -0.44307518 -0.15317948
v 0.40509777 -0.44221626 -0.15790273
v 0.33028756 -0.34836639 0.25185606
v 0.33478053 -0.34362495 0.26168761
v -0.00803290 -0.39462586 0.33663793
v -0.01893666 -0.39333305 0.34286550
v 0.43850830 -0.43231401 -0.13813284
v 0.43669961 -0.42966898 -0.12258779
v 0.46342491 -0.42618236 -0.13487441
v 0.45101923 -0.43090723 -0.14481987
v 0.19667624 -0.38017469 0.26483292
v 0.44464528 -0.44373960 -0.22085061
v 0.43744271 -0.44708877 -0.24017042
v 0.51888926 -0.40494440 -0.10451722
v 0.52016952 -0.40741094 -0.11745998
v 0.51467107 -0.40302806 -0.09073672
v 0.52697425 -0.39966933 -0.09319692
v 0.13076137 -0.40894018 0.20653696
v 0.45947281 -0.39247749 0.00402430
v 0.04618309 -0.42661997 0.17888114
v 0.46782723 -0.38654043 0.01694953
v 0.46500164 -0.39449170 -0.00727231
v 0.47198296 -0.38982149 0.00270035
v 0.43876595 -0.34941972 0.15430124
v 0.43567634 -0.35537205 0.13921486
v 0.17503075 -0.46642629 -0.14619805
v 0.18916112 -0.46588593 -0.14771427
v 0.17914891 -0.46695507 -0.15840295
v -0.01893794 -0.43773361 0.14303929
v 0.32085521 -0.30712936 0.36694747
v 0.32371595 -0.31036401 0.35731460
v 0.32515867 -0.44588509 -0.09986015
v 0.33259007 -0.44705169 -0.11370292
v 0.31173709 -0.44847563 -0.10252998
v 0.34017117 -0.44228615 -0.09462751
v 0.62581239 -0.34901415 -0.05574899
v 0.62454056 -0.35397194 -0.07192005
v 0.63365458 -0.34722998 -0.06522201
v 0.63507914 -0.35000974 -0.07937139
v 0.26648713 -0.45487750 -0.10649594
v 0.25621264 -0.45441088 -0.09479777
v 0.27086498 -0.45142477 -0.08724919
v 0.27428071 -0.45560378 -0.11815838
v 0.25853576 -0.45186294 -0.08000149
v 0.54932398 -0.41337993 -0.20317347
v 0.04374466 -0.40825423 0.26547225
v 0.05675090 -0.40822296 0.25825500
v 0.03041674 -0.40874444 0.27043829
v 0.04139226 -0.40535930 0.27846842
v 0.04433073 -0.41158629 0.25120962
v 0.06989875 -0.40428773 0.26643074
v 0.06858909 -0.40767429 0.25344223
v 0.05222992 -0.41131848 0.24795243
v 0.46420248 -0.26417057 0.34345520
v 0.47609216 -0.25763844 0.34638178
v 0.45474159 -0.26265907 0.35405428
v 0.43461078 -0.30702185 0.27315884
v 0.14418271 -0.39374366 0.25639989
v 0.15705950 -0.38910763 0.26383929
v 0.15460241 -0.39332187 0.25029851
v 0.37037411 -0.29514338 0.35392599
v 0.37571232 -0.29759337 0.34417856
v 0.38497268 -0.29719588 0.33745201
v 0.38393806 -0.29069867 0.35247842
v 0.37256809 -0.40457637 0.03102543
v 0.49890211 -0.29434155 0.24880290
v 0.51046085 -0.29397090 0.23947104
v 0.49327223 -0.29051187 0.26288562
v 0.51714414 -0.29735572 0.22556368
v 0.18297399 -0.46621089 -0.26725594
v 0.19605861 -0.46585069 -0.27005147
v 0.17201668 -0.46640853 -0.26584772
v 0.44718684 -0.26021844 0.36468535
v 0.44216316 -0.26780808 0.35389054
v 0.43688236 -0.26455583 0.36443514
v 0.09425903 -0.40109531 0.26339025
v 0.63535368 -0.36110872 -0.12925352
v 0.35767180 -0.37427449 0.14554493
v 0.34864473 -0.37482277 0.15171773
v 0.59500949 -0.36092590 -0.04292998
v -0.00721496 -0.45476956 -0.28488289
v 0.23408782 -0.43652331 0.01648883
v 0.24685724 -0.43185832 0.02735978
v 0.17847490 -0.41979068 0.12792265
v 0.39904265 -0.28326398 0.35613565
v 0.41339900 -0.27732423 0.35719358
v 0.40993758 -0.28477355 0.34438871
v 0.39672735 -0.29091771 0.34172760
v 0.42159754 -0.27931293 0.34666692
v 0.42150701 -0.28563893 0.33326561
v 0.40725325 -0.29175028 0.33141171
v 0.42786218 -0.27163365 0.35744537
v 0.10034510 -0.44310688 0.05859945
v 0.23251123 -0.36317017 0.29144520
v 0.55855471 -0.31481131 0.14489997
v 0.57376206 -0.30441766 0.15380517
v 0.56394731 -0.30944645 0.15248773
v 0.21472209 -0.43632386 0.03152763
v 0.22971347 -0.43260464 0.03702533
v 0.62193992 -0.28436538 0.13446294
v 0.61516368 -0.28152157 0.15015174
v 0.60943091 -0.29162868 0.13791307
v 0.60466616 -0.28912110 0.15009995
v 0.60594901 -0.28354477 0.15955686
v 0.32785733 -0.35893306 0.22170642
v 0.41400176 -0.43933863 -0.14999703
v 0.41759230 -0.43668343 -0.13891895
v 0.42604449 -0.43702742 -0.15010243
v 0.40440827 -0.43912138 -0.13919289
v 0.48013508 -0.44325151 -0.30545272
v 0.32701286 -0.34133182 0.27514575
v 0.03984359 -0.45157291 0.01719070
v 0.48119034 -0.28722939 0.28095155
v 0.44978309 -0.34255317 0.16526399
v 0.44927560 -0.33803082 0.17848308
v 0.45266298 -0.44399643 -0.23610307
v 0.46711031 -0.44104735 -0.23558881
v 0.28610263 -0.45473662 -0.12178128
v 0.05393303 -0.46350666 -0.25809801
v 0.66454705 -0.27479598 0.06255004
v 0.66375977 -0.28168908 0.05283056
v 0.66094989 -0.27410084 0.07465585
v 0.65812330 -0.28317456 0.06565204
v 0.09340176 -0.46327896 -0.28406489
v 0.10005997 -0.46471173 -0.27168482
v 0.11531453 -0.46511370 -0.27242470
v 0.13023812 -0.46162638 -0.30767711
v 0.12796551 -0.46492464 -0.27804790
v 0.29265395 -0.39518005 0.13114359
v 0.38915486 -0.44223025 -0.14178363
v -0.03234414 -0.39082070 0.35229240
v 0.59957615 -0.38618511 -0.16550682
v 0.49856017 -0.42730764 -0.18987350
v 0.49760820 -0.42489638 -0.17410741
v 0.51083790 -0.42251813 -0.18187884
v 0.49309270 -0.43088600 -0.20363866
v -0.02069075 -0.42267253 0.22824666
v -0.00486663 -0.42291311 0.22190077
v -0.01728071 -0.42600126 0.21069782
v 0.00691914 -0.42292415 0.21734693
v 0.64166818 -0.31318860 0.02955880
v 0.64459563 -0.30733721 0.03939177
v 0.57987600 -0.27844620 0.20252869
v 0.57951833 -0.27214929 0.21481096
v 0.57051173 -0.27963601 0.21080162
v 0.09235716 -0.46564819 -0.25592919
v 0.10762493 -0.46612727 -0.25705045
v 0.08645941 -0.46397428 -0.27360516
v 0.07725909 -0.46448897 -0.26249696
v 0.09120917 -0.46664100 -0.23944260
v 0.10307820 -0.46693333 -0.24137701
v 0.09767539 -0.46742758 -0.22610969
v 0.11613093 -0.46718925 -0.24385768
v 0.08064346 -0.46267448 -0.09007465
v 0.09121467 -0.46160694 -0.07805216
v 0.23607513 -0.42689325 0.05665716
v 0.23902761 -0.42280206 0.07121115
v 0.67669509 -0.34861206 -0.28290640
v 0.54210645 -0.31942078 0.14940896
v 0.23007823 -0.38745149 0.21220614
v 0.24307380 -0.38516856 0.20926205
v 0.23990515 -0.38151133 0.22465079
v 0.25284445 -0.37936061 0.22104824
v 0.15345511 -0.40059968 0.22344758
v 0.19927098 -0.46590106 -0.15698327
v 0.59554619 -0.29769589 0.14308855
v 0.60219752 -0.30125275 0.12601503
v 0.11590062 -0.44070040 0.06520978
v 0.13325827 -0.43721860 0.07536065
v 0.20347927 -0.43723759 0.03501570
v 0.25247246 -0.32956191 0.36863587
v 0.10390937 -0.46244944 -0.08689058
v 0.11316531 -0.46312758 -0.09455275
v 0.44776938 -0.44629566 -0.24960435
v 0.58637230 -0.32612781 0.08252425
v 0.36002986 -0.38742603 0.09968372
v 0.34712241 -0.39126910 0.09756720
v 0.37203631 -0.38680278 0.09171009
v 0.35683852 -0.39243605 0.08539975
v 0.36963453 -0.38218909 0.10901822
v 0.35335384 -0.39742538 0.07124279
v 0.34080922 -0.39803233 0.07954593
v 0.60004331 -0.28158154 0.17088547
v 0.59640755 -0.29000041 0.15895698
v 0.63749059 -0.38198772 -0.31341100
v 0.47526727 -0.39299152 -0.01091993
v 0.32554406 -0.40122702 0.08124781
v 0.34383136 -0.40251628 0.06141593
v 0.33191776 -0.39566305 0.09537530
v 0.31540064 -0.40011315 0.09384018
v 0.20141295 -0.45630130 -0.06649972
v 0.27560365 -0.46215573 -0.29306287
v 0.28509514 -0.46241620 -0.28100505
v 0.26454519 -0.46163596 -0.30496613
v 0.45932896 -0.44421479 -0.25063508
v 0.08937679 -0.45637244 -0.03044139
v 0.09003121 -0.45864922 -0.05010507
v 0.08783066 -0.45415510 -0.01207760
v 0.46298406 -0.44484098 -0.26634249
v 0.35500478 -0.45214299 -0.17457578
v 0.31485828 -0.46102598 -0.27791945
v 0.14691010 -0.43554788 0.07696071
v 0.48155198 -0.43772365 -0.23450729
v 0.48745184 -0.43442640 -0.21879633
v 0.47500221 -0.44113063 -0.25318227
v 0.22873152 -0.36699800 0.28261886
v 0.09541424 -0.46012332 -0.06347947
v 0.31210306 -0.39636245 0.11000303
v 0.30379399 -0.39476832 0.12283426
v 0.31446279 -0.38831790 0.13613753
v 0.50060228 -0.33245054 0.15166313
v 0.51909173 -0.35998852 0.05661048
v 0.55439833 -0.42164029 -0.30544849
v 0.54326404 -0.42501442 -0.29731084
v 0.55565598 -0.42006066 -0.28790419
v 0.54445716 -0.42318085 -0.27705118
v 0.34897704 -0.42372255 -0.02053613
v 0.69630715 -0.27994426 -0.09578114
v 0.11887442 -0.46646840 -0.25703405
v 0.12779121 -0.46717957 -0.24848725
v 0.12800875 -0.46616754 -0.26357325
v 0.03454239 -0.46372436 -0.12396813
v 0.02077415 -0.46299926 -0.12294217
v 0.01634560 -0.46340064 -0.13862587
v 0.39349908 -0.45506181 -0.27239964
v 0.25154133 -0.37458075 0.23829558
v 0.26555171 -0.36906047 0.24459469
v 0.25746244 -0.36857490 0.25308063
v 0.36787860 -0.37809365 0.12404277
v 0.38280003 -0.38023734 0.10439588
v 0.39635627 -0.37865139 0.09848597
v 0.40859581 -0.37569727 0.09814164
v 0.39278270 -0.38379066 0.08477873
v 0.38514529 -0.38353111 0.09177437
v 0.39402294 -0.43907696 -0.12850614
v 0.38229999 -0.44110471 -0.12837504
v 0.14115388 -0.44374670 0.03720369
v 0.67905533 -0.34873705 -0.31018393
v 0.67067386 -0.35555285 -0.30003363
v 0.66093544 -0.36473595 -0.31234284
v 0.66023945 -0.36433085 -0.29804302
v 0.38375349 -0.45588278 -0.26484790
v 0.39251361 -0.45461424 -0.25655499
v 0.22603641 -0.38435197 0.22645484
v 0.21711783 -0.39002342 0.21378613
v 0.48559802 -0.29078264 0.26901108
v 0.29628664 -0.42017085 0.03589328
v 0.41771954 -0.32770838 0.23362682
v 0.35753371 -0.40047391 0.05730739
v 0.51030402 -0.36558588 0.04766970
v 0.41655988 -0.37551236 0.09247009
v 0.55015727 -0.28900917 0.21294718
v 0.46971222 -0.33671122 0.16553568
v 0.02336683 -0.44422369 0.07967614
v 0.02899128 -0.44189434 0.09466962
v 0.56425878 -0.37367530 -0.04239253
v 0.47523978 -0.44272467 -0.27215171
v 0.69856828 -0.28366844 -0.11190763
v 0.64679614 -0.30042960 0.05283830
v 0.66213520 -0.28874136 0.04409577
v 0.65607429 -0.29111539 0.05402328
v 0.64198314 -0.31676840 0.01800445
v 0.65749224 -0.27341716 0.08585472
v 0.43973506 -0.43547519 -0.15682652
v 0.57931050 -0.36103429 -0.01869826
v 0.30322439 -0.43073500 -0.01226702
v 0.40631836 -0.33370741 0.22693265
v 0.40323394 -0.33891897 0.21482434
v 0.41352082 -0.33393875 0.22007282
v 0.63984603 -0.32342309 0.00173488
v 0.58929741 -0.36036968 -0.03171738
v 0.58606822 -0.36522846 -0.04403891
v 0.57700819 -0.36688875 -0.03615194
v 0.59405328 -0.35377789 -0.01636100
v 0.68092436 -0.34052493 -0.22730149
v 0.00622715 -0.46256080 -0.13184898
v 0.53030596 -0.30175616 0.20349347
v 0.53977067 -0.29619723 0.20737165
v 0.51846319 -0.30470883 0.20704146
v 0.52944103 -0.29672799 0.21587484
v 0.66772618 -0.35342170 -0.23680743
v 0.03222584 -0.44556982 0.06679570
v 0.16417672 -0.46690822 -0.25734013
v 0.16881670 -0.46747740 -0.24551453
v 0.17692758 -0.46697500 -0.25488472
v 0.18282767 -0.45440501 -0.04410210
v 0.17600118 -0.45299715 -0.03229734
v 0.17086733 -0.45577355 -0.04762694
v 0.65333737 -0.37027908 -0.30524512
v 0.44206635 -0.36985666 0.09035350
v 0.42701199 -0.43332467 -0.13100167
v 0.13966833 -0.46692441 -0.25463749
v 0.08040376 -0.40493590 0.25716730
v 0.20718951 -0.46541754 -0.27387658
v 0.15367687 -0.45957077 -0.06865834
v 0.54293324 -0.41752904 -0.21744039
v 0.54131623 -0.42169105 -0.24842400
v 0.55129412 -0.41649815 -0.23423572
v 0.28636404 -0.42533457 0.02353447
v 0.49978150 -0.43101229 -0.21704811
v 0.24771409 -0.44575172 -0.03730441
v 0.24559332 -0.44848149 -0.05019633
v 0.23600896 -0.44848605 -0.04307318
v 0.01593230 -0.44689665 0.06083271
v 0.18882158 -0.41954743 0.12164350
v 0.59039409 -0.31928842 0.09624926
v 0.09041766 -0.46756417 -0.21154287
v 0.28991076 -0.42854349 0.00773046
v 0.38645875 -0.35107302 0.19355439
v 0.58515533 -0.29758012 0.15627893
v 0.56600292 -0.41192053 -0.24313337
v 0.68448079 -0.33075481 -0.16077779
v 0.08532161 -0.46030798 -0.06508335
v 0.13846507 -0.46778446 -0.23902778
v 0.12662490 -0.46789166 -0.23330534
v -0.00383430 -0.45134784 -0.31090031
v 0.55756043 -0.41814861 -0.27252792
v 0.55256409 -0.41850710 -0.25701929
v 0.29227192 -0.43150738 -0.00645873
v 0.23626193 -0.45110925 -0.05817921
v -0.00549627 -0.45326497 -0.29750000
v 0.53981024 -0.42354484 -0.26184838
v 0.01975843 -0.46202496 -0.10504457
v -0.01028207 -0.38574484 0.36455114
v -0.01802519 -0.38884678 0.35660364
v 0.30567995 -0.46105457 -0.28956500
f 2135 968 969
f 1063 1058 1741
f 1414 1235 1234
f 1820 614 1821
f 1063 1416 1062
f 1922 2002 2001
f 1232 1233 1236
f 330 1179 329
f 1820 1821 499
f 1844 1846 1845
f 498 502 503
f 2187 2427 2088
f 1181 1178 1794
f 1062 1416 1415
f 2041 2044 503
f 1671 2237 1670
f 330 1176 1180
f 611 616 615
f 1238 2382 1237
f 1652 2382 1654
f 1268 1653 1996
f 464 970 967
f 328 2187 2088
f 1233 1237 1236
f 1795 1996 1794
f 1844 718 1846
f 2427 2422 2089
f 466 967 969
f 1176 1178 1181
f 1058 615 618
f 497 502 498
f 2042 968 2135
f 2245 970 465
f 2244 2243 2245
f 1652 1653 1268
f 2041 2042 2044
f 1845 2112 2237
f 611 612 614
f 1232 1230 1234
f 2088 2427 2089
f 614 612 1821
f 1414 1231 1415
f 1414 1234 1231
f 1178 1795 1794
f 2041 503 502
f 1082 2001 2243
f 1232 1236 1230
f 323 329 328
f 1795 1268 1996
f 466 969 968
f 464 465 970
f 497 499 501
f 717 719 718
f 716 1922 472
f 1057 1058 1063
f 717 716 473
f 1057 1063 1062
f 328 2088 327
f 1175 1176 330
f 466 464 967
f 499 1821 501
f 1922 2001 1081
f 1652 2330 2382
f 1175 1178 1176
f 1230 1231 1234
f 1846 2112 1845
f 324 330 329
f 1082 2243 2244
f 1062 1415 1327
f 2244 2245 465
f 323 328 327
f 2329 1237 2382
f 611 615 617
f 1415 1231 1327
f 1236 1237 2429
f 1060 615 1058
f 1265 1652 1268
f 717 473 719
f 497 500 502
f 323 324 329
f 1922 1081 472
f 611 613 612
f 2237 2112 2431
f 716 472 473
f 1670 2237 2431
f 1265 2330 1652
f 342 2088 2089
f 2329 2382 2330
f 1082 1081 2001
f 1236 1227 1230
f 1774 968 2042
f 1178 1244 1795
f 1774 2042 2041
f 1795 1267 1268
f 2410 1821 612
f 497 501 500
f 2087 327 2088
f 1846 718 223
f 1175 330 331
f 2041 502 2043
f 1056 1058 1057
f 2329 2429 1237
f 1175 1177 1178
f 1057 1062 1064
f 342 2089 1009
f 719 223 718
f 2410 501 1821
f 611 617 613
f 1060 617 615
f 1062 1327 1064
f 1236 2429 1227
f 324 331 330
f 1225 1231 1230
f 1056 1060 1058
f 462 464 466
f 462 465 464
f 342 2087 2088
f 1795 1244 1267
f 466 968 966
f 1177 1244 1178
f 323 327 326
f 1228 1327 1231
f 1259 1265 1268
f 500 2043 502
f 2410 612 613
f 1259 1268 1267
f 1225 1230 1227
f 2244 465 2246
f 2087 326 327
f 1175 331 1177
f 1846 2111 2112
f 323 325 324
f 1263 2330 1265
f 1263 2329 2330
f 1225 1228 1231
f 473 468 719
f 1772 968 1774
f 1082 2244 1047
f 1227 2429 1224
f 323 326 325
f 1774 2041 1698
f 467 473 472
f 1772 966 968
f 1079 1081 1082
f 1698 2041 2043
f 471 472 1081
f 1599 2429 2329
f 1057 1064 1059
f 500 501 2360
f 324 332 331
f 2360 501 2410
f 1326 1064 1327
f 1056 1057 1059
f 1670 2431 2430
f 1060 1219 617
f 1846 223 224
f 719 468 223
f 617 1220 613
f 2431 2112 1761
f 462 459 465
f 1326 1327 1228
f 1177 1242 1244
f 462 466 461
f 324 325 332
f 1056 1061 1060
f 1267 1244 1261
f 466 966 461
f 2244 2246 1047
f 1846 224 2111
f 342 343 2087
f 1221 1225 1227
f 2246 465 459
f 1263 2328 2329
f 1260 1265 1259
f 1599 1224 2429
f 343 326 2087
f 2410 613 1875
f 1221 1227 1224
f 1259 1267 1261
f 1260 1263 1265
f 467 468 473
f 1177 331 1243
f 500 1699 2043
f 2111 1761 2112
f 467 472 471
f 1599 2329 2328
f 1079 1082 1047
f 1079 471 1081
f 617 1219 1220
f 1060 1061 1219
f 1225 1229 1228
f 1244 1242 1261
f 1326 1059 1064
f 1177 1243 1242
f 1056 1059 1061
f 1220 1875 613
f 325 326 333
f 337 342 344
f 1772 1774 1773
f 2431 1761 2430
f 1246 331 332
f 1698 2043 1699
f 1326 1228 1229
f 1772 1776 966
f 1221 1226 1225
f 1774 1698 1773
f 1258 1260 1259
f 1258 1259 1261
f 337 343 342
f 500 2360 2361
f 1221 1224 1223
f 1223 1224 1599
f 343 333 326
f 2388 2360 2410
f 1243 331 1246
f 1225 1226 1229
f 1264 2328 1263
f 2388 2410 1875
f 1776 461 966
f 325 334 332
f 500 2361 1699
f 458 459 462
f 1260 1264 1263
f 458 462 461
f 228 223 468
f 2246 1045 1047
f 2246 459 1045
f 222 224 223
f 325 333 334
f 1601 1599 2328
f 1871 1220 1219
f 1261 1242 1245
f 1243 1245 1242
f 1219 1061 2218
f 1246 332 334
f 1221 1223 1222
f 1221 1222 1226
f 2111 224 227
f 1326 1147 1059
f 467 469 468
f 1258 1262 1260
f 1258 1261 1262
f 1772 1775 1776
f 1772 1773 1775
f 2091 1061 1059
f 1598 1223 1599
f 467 471 470
f 1870 1875 1220
f 1264 1601 2328
f 1079 1080 471
f 1048 1079 1047
f 2111 227 1761
f 1326 1229 1149
f 337 338 343
f 343 1951 333
f 1871 1219 2218
f 1698 1218 1773
f 222 223 228
f 2388 1875 1872
f 1217 1698 1699
f 1243 1246 1247
f 1598 1599 1601
f 1229 1226 1502
f 2430 1761 1355
f 1870 1220 1871
f 1260 1266 1264
f 2361 2360 1897
f 1776 1777 461
f 2388 1897 2360
f 2091 2218 1061
f 469 228 468
f 1326 1149 1147
f 1598 1222 1223
f 1243 1247 1245
f 343 338 1951
f 1043 1047 1045
f 1870 1872 1875
f 1260 1262 1266
f 222 227 224
f 1502 1226 1222
f 458 460 459
f 2361 1700 1699
f 334 333 2225
f 467 470 469
f 1217 1218 1698
f 1048 1080 1079
f 1261 1245 1432
f 470 471 1080
f 1143 1059 1147
f 1261 1432 1262
f 460 1045 459
f 1043 1048 1047
f 1229 1502 1149
f 1246 334 1434
f 1776 1775 1777
f 458 461 463
f 1143 2091 1059
f 335 337 336
f 2225 333 1951
f 335 338 337
f 1216 1775 1773
f 304 1601 1264
f 1246 1434 1247
f 1217 1699 1700
f 1216 1773 1218
f 1873 2388 1872
f 1777 463 461
f 1871 2218 1789
f 304 1264 1266
f 1598 1601 1600
f 2361 1897 1700
f 1598 1501 1222
f 1870 1871 1789
f 334 2225 1711
f 609 1761 227
f 1502 1222 1501
f 1870 1873 1872
f 1788 2218 2091
f 1873 1897 2388
f 1434 334 1711
f 609 1355 1761
f 339 1951 338
f 1428 1245 1247
f 1266 1262 1373
f 458 463 460
f 1600 1601 304
f 1142 1147 1149
f 1043 1045 1044
f 335 339 338
f 222 228 226
f 1432 1373 1262
f 1428 1432 1245
f 1788 1789 2218
f 1775 2021 1777
f 2225 1951 1952
f 1502 1146 1149
f 469 230 228
f 1142 1143 1147
f 1044 1045 460
f 1431 1247 1434
f 1216 2021 1775
f 222 225 227
f 1213 1218 1217
f 1048 1078 1080
f 1043 1046 1048
f 1143 1787 2091
f 339 1952 1951
f 470 1080 2154
f 1598 1600 1602
f 1213 1216 1218
f 1428 1247 1431
f 1598 1602 1501
f 469 470 474
f 1870 1874 1873
f 1870 1789 1874
f 1500 1502 1501
f 1788 2091 1787
f 2225 1709 1711
f 304 1266 307
f 1142 1149 1146
f 1707 1434 1711
f 1217 1700 1214
f 307 1266 1373
f 1500 1146 1502
f 226 228 230
f 2225 1952 1709
f 1600 304 305
f 1873 1818 1897
f 1431 1434 1435
f 1043 1044 1046
f 222 226 225
f 335 341 339
f 1819 1700 1897
f 1777 2126 463
f 1048 1046 1078
f 1142 1144 1143
f 2154 1080 1078
f 1707 1435 1434
f 469 474 230
f 1707 1711 1709
f 1428 1433 1432
f 1777 2021 2126
f 1600 305 1602
f 1213 1217 1214
f 609 227 608
f 1372 1373 1432
f 463 385 460
f 1144 1787 1143
f 470 2154 474
f 1780 1789 1788
f 335 340 341
f 1216 1215 2021
f 339 1953 1952
f 225 608 227
f 1428 1431 1430
f 609 607 1355
f 1213 1215 1216
f 1500 1501 1504
f 1874 1789 1784
f 1044 460 386
f 1372 1432 1433
f 1501 1602 1504
f 1819 1897 1818
f 303 305 304
f 303 304 307
f 1780 1788 1787
f 1431 1435 1430
f 1819 1214 1700
f 339 341 1953
f 1709 1952 2255
f 1874 1817 1873
f 1371 307 1373
f 1142 1146 1145
f 1500 1503 1146
f 1780 1784 1789
f 1873 1817 1818
f 385 386 460
f 1707 1709 1708
f 1371 1373 1372
f 1953 2255 1952
f 305 310 1602
f 1428 1429 1433
f 1142 1148 1144
f 1707 1710 1435
f 1428 1430 1429
f 226 230 229
f 463 2126 188
f 463 188 385
f 1044 1049 1046
f 1144 2090 1787
f 341 340 991
f 1500 1504 1503
f 1435 1710 1430
f 1708 1709 2255
f 569 1213 1214
f 2021 2022 2126
f 1078 1046 2156
f 1215 2022 2021
f 1145 1146 1503
f 226 231 225
f 303 310 305
f 1874 1784 1785
f 570 1215 1213
f 2260 1504 1602
f 1142 1145 1148
f 1707 1708 1710
f 303 307 306
f 2152 2154 1078
f 1780 1787 1786
f 1371 306 307
f 341 1954 1953
f 2260 1602 310
f 474 1998 230
f 1874 1785 1817
f 606 609 608
f 474 2154 2155
f 1044 386 1049
f 569 570 1213
f 1372 1433 2065
f 606 607 609
f 1787 2090 1786
f 1144 1148 2090
f 226 229 231
f 341 991 1954
f 1814 1819 1818
f 2254 2255 1953
f 1701 608 225
f 1371 1372 1374
f 1998 229 230
f 2065 1433 1429
f 1046 1049 2156
f 1814 1818 1817
f 1430 2413 1429
f 1710 2413 1430
f 1778 1784 1780
f 2152 1078 2156
f 2419 1503 1504
f 568 1214 1819
f 2254 1953 1954
f 2152 2155 2154
f 2252 1708 2255
f 303 309 310
f 1778 1785 1784
f 1372 2065 1374
f 1701 225 231
f 1708 2256 1710
f 570 566 1215
f 569 1214 568
f 1215 566 2022
f 303 306 308
f 2260 2261 1504
f 187 386 385
f 188 2126 189
f 2126 2022 189
f 1145 1503 2303
f 1371 179 306
f 2260 310 1809
f 187 385 188
f 2252 2255 2254
f 1780 1786 1779
f 1783 1817 1785
f 1145 2302 1148
f 1371 1374 179
f 2419 1504 2261
f 1997 474 2155
f 2252 2256 1708
f 1997 1998 474
f 1148 2304 2090
f 1814 1811 1819
f 606 608 610
f 303 308 309
f 991 816 1954
f 565 570 569
f 2419 2303 1503
f 1786 2090 1791
f 1701 610 608
f 2065 1429 2063
f 309 1809 310
f 1429 2413 2063
f 1710 2258 2413
f 1778 1780 1779
f 2254 1954 2230
f 1710 2256 2258
f 568 1819 1811
f 2159 2156 1049
f 1778 1783 1785
f 2260 1809 2261
f 1814 1817 1813
f 306 179 308
f 384 1049 386
f 990 816 991
f 565 566 570
f 1529 231 229
f 1145 2303 2302
f 1529 229 1998
f 1954 816 2230
f 565 569 568
f 2302 2304 1148
f 2065 178 1374
f 1783 1813 1817
f 2304 1791 2090
f 1779 1786 1791
f 2252 2254 2231
f 2152 2156 2153
f 184 188 189
f 187 384 386
f 184 187 188
f 2022 566 564
f 1374 178 179
f 2254 2230 2231
f 2419 2261 2313
f 2252 2257 2256
f 2419 2313 2303
f 2022 564 189
f 2258 2062 2413
f 2153 2156 2159
f 2257 2258 2256
f 2063 2413 2062
f 1390 309 308
f 2152 1999 2155
f 309 1391 1809
f 1651 2159 1049
f 2061 2065 2063
f 1810 1811 1814
f 116 1701 231
f 1778 1781 1783
f 2278 2261 1809
f 2061 178 2065
f 1810 1814 1813
f 113 610 1701
f 384 1651 1049
f 606 610 114
f 817 2230 816
f 180 308 179
f 1999 1997 2155
f 561 566 565
f 1528 1998 1997
f 1778 1779 1782
f 2252 2231 2253
f 1390 1391 309
f 2252 2253 2257
f 817 2231 2230
f 116 231 1529
f 1528 1529 1998
f 568 1811 1812
f 880 2303 2313
f 1779 1791 1790
f 2278 1809 1391
f 565 568 567
f 879 2313 2261
f 2302 1362 2304
f 2302 2303 882
f 2152 2153 1999
f 180 1390 308
f 1783 2068 1813
f 184 189 186
f 1358 1791 2304
f 561 564 566
f 177 179 178
f 1778 1782 1781
f 2153 2159 1651
f 814 816 815
f 2257 2064 2258
f 2258 2064 2062
f 1568 2063 2062
f 605 606 114
f 2278 879 2261
f 184 185 187
f 1783 1781 2068
f 814 817 816
f 1568 2061 2063
f 113 1701 116
f 1810 1812 1811
f 114 610 113
f 564 191 189
f 177 180 179
f 880 882 2303
f 1358 1790 1791
f 561 565 567
f 880 2313 879
f 187 192 384
f 2061 183 178
f 1358 2304 1362
f 2302 882 1362
f 186 189 191
f 817 2232 2231
f 2232 2253 2231
f 2257 2253 2259
f 568 1812 1896
f 1810 1813 1816
f 1779 1790 1684
f 1779 1684 1782
f 568 1896 567
f 1390 632 1391
f 184 186 185
f 2278 1391 2279
f 2257 2259 2064
f 177 178 183
f 1528 1997 1527
f 1527 1997 1999
f 1816 1813 2068
f 1567 2062 2064
f 1568 2062 1567
f 180 632 1390
f 185 192 187
f 2153 1651 2158
f 384 387 1651
f 2199 1781 1782
f 632 2279 1391
f 2068 1781 2199
f 1568 1195 2061
f 2278 885 879
f 814 819 817
f 2325 2259 2253
f 2325 2253 2232
f 1810 1815 1812
f 876 880 879
f 561 562 564
f 2278 2279 885
f 2061 1195 183
f 1526 1529 1528
f 1999 2153 2157
f 876 882 880
f 817 819 2232
f 1526 116 1529
f 1358 1685 1790
f 177 181 180
f 1810 1816 1815
f 562 191 564
f 1357 1358 1362
f 192 387 384
f 1685 1684 1790
f 2064 2259 2421
f 561 567 563
f 186 190 185
f 112 114 113
f 186 191 190
f 1567 2064 1564
f 180 631 632
f 112 113 116
f 814 818 819
f 882 1361 1362
f 2153 2158 2157
f 177 183 182
f 1194 1568 1567
f 2158 1651 387
f 1684 1683 1782
f 1816 2068 2067
f 2325 2326 2259
f 1812 107 1896
f 180 181 631
f 878 879 885
f 105 567 1896
f 1194 1195 1568
f 2199 1782 1683
f 628 2279 632
f 2068 2199 2067
f 2064 2421 1564
f 2325 2232 2327
f 876 879 878
f 177 182 181
f 885 2279 628
f 1357 1362 1361
f 269 1528 1527
f 1527 1999 268
f 2326 2421 2259
f 561 563 562
f 1812 1815 107
f 819 2234 2232
f 183 1195 1196
f 1359 1685 1358
f 1194 1567 1564
f 1357 1359 1358
f 876 881 882
f 105 563 567
f 2232 2234 2327
f 2325 2327 2326
f 183 1196 182
f 190 191 705
f 185 193 192
f 1999 2157 274
f 881 1361 882
f 562 705 191
f 1816 1688 1815
f 269 1526 1528
f 1680 1684 1685
f 112 119 114
f 819 818 2233
f 185 190 193
f 105 1896 107
f 627 632 631
f 1816 2067 1688
f 627 628 632
f 1680 1683 1684
f 1999 274 268
f 885 628 884
f 878 885 884
f 1563 1564 2421
f 1190 1195 1194
f 1526 115 116
f 630 631 181
f 2420 2421 2326
f 269 1527 268
f 112 116 115
f 1544 181 182
f 1190 1196 1195
f 876 878 877
f 2158 387 2399
f 2157 2158 2399
f 1562 1194 1564
f 2067 2199 2274
f 819 696 2234
f 1357 1361 1360
f 2199 1683 2274
f 192 388 387
f 2326 2327 2398
f 1815 1689 107
f 876 877 881
f 1357 1360 1359
f 2234 702 2327
f 1359 1457 1685
f 819 2233 696
f 1201 182 1196
f 1563 2421 2420
f 562 563 483
f 1815 1688 1689
f 1562 1564 1563
f 627 631 630
f 1544 630 181
f 1680 1685 1457
f 190 705 704
f 192 193 388
f 2420 2326 2398
f 878 884 883
f 1544 182 1201
f 105 106 563
f 629 884 628
f 486 705 562
f 2398 2327 702
f 878 883 877
f 627 629 628
f 190 704 193
f 881 1453 1361
f 696 702 2234
f 1190 1191 1196
f 1190 1194 1193
f 2157 275 274
f 1562 1193 1194
f 1191 1201 1196
f 1690 1688 2067
f 1360 1361 1453
f 101 105 107
f 563 106 483
f 482 562 483
f 1563 2420 1901
f 1562 1563 1565
f 2157 2399 275
f 269 270 1526
f 103 107 1689
f 1690 2067 2274
f 1449 1359 1360
f 1680 1681 1683
f 112 118 119
f 1449 1457 1359
f 1395 2399 387
f 482 486 562
f 2233 695 696
f 704 705 486
f 884 2059 883
f 1544 35 630
f 1563 1901 1565
f 388 1395 387
f 1681 2274 1683
f 629 2059 884
f 877 886 881
f 267 268 274
f 1544 1201 37
f 1680 1457 1682
f 101 106 105
f 627 630 33
f 597 1689 1688
f 1900 2420 2398
f 1562 1565 1566
f 701 2398 702
f 877 883 887
f 265 269 268
f 101 107 103
f 693 702 696
f 1562 1566 1193
f 627 633 629
f 1526 1384 115
f 886 1453 881
f 1901 2420 1900
f 1190 1192 1191
f 1544 37 35
f 1191 1200 1201
f 112 115 117
f 597 1688 1690
f 1190 1193 1192
f 33 630 35
f 883 2059 887
f 193 1398 388
f 1680 1682 1681
f 267 274 275
f 597 103 1689
f 270 1384 1526
f 1201 1200 37
f 1448 1360 1453
f 704 1584 193
f 111 483 106
f 1899 1565 1901
f 692 696 695
f 701 1900 2398
f 693 701 702
f 877 887 886
f 627 33 633
f 111 482 483
f 1448 1449 1360
f 629 2060 2059
f 1899 1566 1565
f 265 270 269
f 1449 1454 1457
f 112 117 118
f 692 693 696
f 1457 1454 1682
f 1192 1200 1191
f 629 633 2060
f 265 268 267
f 1899 1901 1900
f 487 704 486
f 2399 2182 275
f 1193 1566 1903
f 1690 2274 2275
f 1584 1398 193
f 32 35 37
f 1395 2182 2399
f 481 486 482
f 2275 2274 1681
f 2401 887 2059
f 32 33 35
f 101 108 106
f 1899 1903 1566
f 2401 2059 2060
f 36 37 1200
f 1394 1395 388
f 101 103 102
f 886 1452 1453
f 1192 1193 1199
f 108 111 106
f 693 698 701
f 487 1584 704
f 111 481 482
f 2389 1900 701
f 597 102 103
f 1448 1453 1452
f 1394 388 1398
f 1681 1682 2343
f 1193 1903 1199
f 115 1384 1385
f 32 37 36
f 1448 1450 1449
f 886 887 2084
f 1450 1454 1449
f 597 1690 595
f 1192 1197 1200
f 33 2094 633
f 2343 1682 1454
f 481 487 486
f 1899 1900 1902
f 692 694 693
f 115 1385 117
f 2093 2060 633
f 267 275 273
f 2389 701 698
f 2084 887 2401
f 36 1200 1197
f 694 698 693
f 1899 286 1903
f 1690 2275 595
f 2401 2060 2093
f 2389 2390 1900
f 273 275 2182
f 692 532 697
f 1900 2390 1902
f 271 1384 270
f 2093 633 2094
f 265 271 270
f 32 34 33
f 1899 1902 286
f 101 104 108
f 692 697 694
f 101 102 104
f 667 1681 2343
f 32 36 38
f 2275 1681 668
f 1192 1199 1198
f 886 2083 1452
f 111 109 481
f 108 109 111
f 265 267 266
f 34 2094 33
f 886 2084 2083
f 1192 1198 1197
f 1396 2182 1395
f 1903 287 1199
f 1397 1398 1584
f 376 102 597
f 2343 1454 1455
f 118 117 351
f 2389 698 2178
f 1450 1455 1454
f 1394 1396 1395
f 1903 286 287
f 1448 1452 1451
f 1448 1451 1450
f 376 597 595
f 668 1681 667
f 487 1583 1584
f 36 1197 2132
f 2084 2401 2098
f 694 699 698
f 1394 1398 1397
f 2401 2093 2098
f 32 38 34
f 267 273 266
f 2389 2391 2390
f 36 2132 38
f 481 488 487
f 699 2178 698
f 286 1902 285
f 2389 2178 2391
f 1902 2390 1353
f 51 2093 2094
f 1383 1385 1384
f 694 697 700
f 287 289 1199
f 1199 289 1198
f 2275 596 595
f 1197 1198 2134
f 1397 1584 1583
f 2132 1197 2134
f 694 700 699
f 109 485 481
f 2308 2275 668
f 51 2094 34
f 279 287 286
f 1383 1384 271
f 117 1385 349
f 667 2343 671
f 285 1902 1353
f 108 110 109
f 2084 2394 2083
f 2083 1933 1452
f 2390 2391 1353
f 487 488 1583
f 108 104 110
f 2343 1455 671
f 1450 1456 1455
f 279 286 285
f 2084 2098 2394
f 265 272 271
f 1452 1933 1451
f 273 2182 1940
f 1450 1451 1456
f 481 485 488
f 372 104 102
f 2092 2098 2093
f 2132 1581 38
f 34 38 1581
f 699 2176 2178
f 265 266 272
f 2308 596 2275
f 372 102 376
f 2178 2176 2391
f 572 700 697
f 1396 1940 2182
f 51 2092 2093
f 591 376 595
f 666 668 667
f 351 117 349
f 1394 1399 1396
f 280 289 287
f 1394 1397 1399
f 279 280 287
f 591 595 596
f 1198 1808 2134
f 700 1469 699
f 1807 1198 289
f 2132 2134 2133
f 281 285 1353
f 666 667 671
f 2308 668 669
f 279 285 281
f 1469 2176 699
f 266 273 277
f 109 484 485
f 1383 349 1385
f 46 51 34
f 2132 2133 1581
f 1687 1353 2391
f 2394 2393 2083
f 109 110 484
f 2083 2393 1933
f 2097 2394 2098
f 1807 1808 1198
f 666 669 668
f 2176 1687 2391
f 1332 1455 1456
f 1332 671 1455
f 2092 2097 2098
f 50 34 1581
f 1930 1456 1451
f 280 288 289
f 572 1468 700
f 1929 1451 1933
f 1397 1583 1582
f 2133 2134 1808
f 1807 289 288
f 373 110 104
f 700 1468 1469
f 273 1940 277
f 278 280 279
f 51 47 2092
f 1583 488 2124
f 372 373 104
f 46 34 50
f 281 1353 1354
f 278 279 281
f 1929 1930 1451
f 2308 1241 596
f 375 376 591
f 1354 1353 1687
f 485 689 488
f 372 376 375
f 1469 2177 2176
f 46 47 51
f 2133 1580 1581
f 2308 669 1241
f 2392 2393 2394
f 2176 2177 1687
f 2392 2394 2097
f 1402 1940 1396
f 1399 1402 1396
f 1383 271 1286
f 572 571 1468
f 280 284 288
f 266 276 272
f 50 1581 1580
f 485 484 689
f 1331 671 1332
f 1583 2124 1582
f 666 671 92
f 1399 1397 1401
f 591 596 594
f 271 272 1286
f 1807 1641 1808
f 278 284 280
f 2133 1808 2271
f 2092 2095 2097
f 266 277 276
f 1643 1807 288
f 666 670 669
f 1335 1332 1456
f 1930 1335 1456
f 2393 1932 1933
f 1397 1582 1401
f 1469 1468 1578
f 1929 1933 1932
f 47 2095 2092
f 689 2124 488
f 110 665 484
f 1469 1578 2177
f 92 671 1331
f 278 281 283
f 281 1354 283
f 1643 288 284
f 596 1241 594
f 1641 2271 1808
f 1643 1641 1807
f 46 50 49
f 670 1241 669
f 373 665 110
f 2133 1136 1580
f 1354 1687 1686
f 666 92 670
f 375 591 594
f 1577 1468 571
f 1383 350 349
f 1929 1931 1930
f 2392 858 2393
f 2133 2271 1136
f 2177 1720 1687
f 372 374 373
f 46 48 47
f 1577 1578 1468
f 50 1580 1140
f 278 282 284
f 2392 2097 853
f 1938 277 1940
f 484 665 689
f 372 375 374
f 91 1331 1332
f 858 1932 2393
f 46 49 48
f 2095 853 2097
f 1930 1931 1335
f 47 2096 2095
f 1354 1686 283
f 50 1579 49
f 2177 1578 2400
f 278 283 282
f 1720 1686 1687
f 1929 1932 1931
f 91 1332 1335
f 1643 284 1642
f 1939 1940 1402
f 1140 1580 1136
f 1399 1400 1402
f 50 1140 1579
f 2124 1586 1582
f 1639 1641 1643
f 2177 2400 1720
f 1376 272 276
f 1383 1286 350
f 1378 276 277
f 1138 2271 1641
f 1399 1401 1400
f 47 48 2096
f 91 92 1331
f 2392 853 858
f 282 1642 284
f 1239 594 1241
f 1401 1582 1586
f 1376 1286 272
f 1938 1940 1939
f 1138 1136 2271
f 49 1579 48
f 96 1241 670
f 1577 1351 1578
f 1639 1643 1642
f 2095 2096 2297
f 92 93 670
f 1938 1378 277
f 689 688 2124
f 2400 1578 1351
f 345 346 349
f 2095 2297 853
f 1639 1138 1641
f 375 594 593
f 373 663 665
f 1721 283 1686
f 1576 251 1577
f 282 283 1323
f 345 349 350
f 374 663 373
f 1137 1140 1136
f 96 1239 1241
f 858 859 1932
f 1931 1334 1335
f 2400 1352 1720
f 1931 1932 156
f 1718 1686 1720
f 1141 1579 1140
f 282 1317 1642
f 91 1335 1334
f 687 689 665
f 2124 688 1586
f 1577 251 1351
f 96 670 93
f 375 592 374
f 88 92 91
f 856 858 853
f 48 1853 2096
f 1994 48 1579
f 1134 1136 1138
f 1375 276 1378
f 2400 1351 1352
f 1323 283 1721
f 88 93 92
f 1853 2297 2096
f 1939 1402 2082
f 1137 1141 1140
f 282 1323 1317
f 1375 1376 276
f 2082 1402 1400
f 1639 1642 1318
f 156 1932 859
f 1134 1137 1136
f 1639 1640 1138
f 375 593 592
f 1718 1721 1686
f 1239 1240 594
f 1718 1720 1352
f 856 859 858
f 853 2297 852
f 1141 1994 1579
f 687 688 689
f 1318 1642 1317
f 1401 1586 1585
f 1401 1585 1400
f 593 594 1240
f 1994 1852 48
f 48 1852 1853
f 1931 156 154
f 1931 154 1334
f 1938 553 1378
f 1639 1318 1640
f 852 2297 1853
f 251 247 1351
f 851 856 853
f 1134 1138 1135
f 1640 1135 1138
f 96 1240 1239
f 1350 1352 1351
f 1938 1939 552
f 91 1334 1333
f 88 91 94
f 690 665 663
f 989 1286 1376
f 374 664 663
f 851 853 852
f 1137 1139 1141
f 875 350 1286
f 687 665 690
f 1375 1378 553
f 374 592 664
f 1316 1317 1323
f 91 1333 94
f 1134 1139 1137
f 89 96 93
f 1323 1721 1320
f 1718 1719 1721
f 1993 1994 1141
f 1718 1352 1349
f 1350 1351 247
f 88 89 93
f 1316 1318 1317
f 156 859 160
f 1939 2082 552
f 246 247 251
f 856 857 859
f 345 350 348
f 2270 1586 688
f 1375 1377 1376
f 1350 1349 1352
f 1938 552 553
f 1993 1141 1139
f 1721 1719 1320
f 1640 1318 1644
f 1994 1850 1852
f 2164 2082 1400
f 1848 1853 1852
f 1316 1323 1320
f 593 2190 592
f 1640 1644 1135
f 1854 852 1853
f 851 857 856
f 1134 1135 1101
f 1334 154 155
f 153 154 156
f 680 1719 1718
f 1993 1850 1994
f 593 1240 2190
f 2270 1585 1586
f 2164 1400 1585
f 857 160 859
f 96 97 1240
f 680 1718 1349
f 875 1286 989
f 1334 2276 1333
f 1134 1101 1139
f 88 94 90
f 989 1376 1377
f 89 97 96
f 153 156 160
f 1350 247 250
f 1848 1854 1853
f 1316 1322 1318
f 348 350 875
f 851 852 855
f 687 145 688
f 1848 1852 1850
f 88 90 89
f 664 691 663
f 245 247 246
f 690 663 691
f 1318 1322 1644
f 94 1333 100
f 1135 1644 1101
f 1334 155 2276
f 1375 553 554
f 1993 1139 1995
f 681 1320 1719
f 1347 1349 1350
f 664 592 1386
f 1854 855 852
f 153 155 154
f 245 250 247
f 1316 1320 1319
f 680 681 1719
f 687 690 143
f 1375 554 1377
f 1993 1995 1850
f 1347 1350 250
f 592 2190 1386
f 345 348 347
f 2270 688 145
f 100 1333 2276
f 680 1349 686
f 90 94 100
f 851 854 857
f 551 552 2082
f 1101 1098 1139
f 158 160 857
f 2164 551 2082
f 851 855 854
f 1347 686 1349
f 1879 1320 681
f 2411 2190 1240
f 1098 1995 1139
f 1879 1319 1320
f 1316 1321 1322
f 1848 1850 1849
f 153 160 158
f 547 553 552
f 1316 1319 1321
f 687 143 145
f 97 1495 1240
f 1389 1644 1322
f 1644 1102 1101
f 1848 1851 1854
f 89 98 97
f 2164 1585 2166
f 245 248 250
f 679 681 680
f 1347 250 248
f 664 1387 691
f 89 90 95
f 679 680 686
f 1850 1995 1856
f 2270 163 1585
f 547 554 553
f 664 1386 1387
f 2276 155 2204
f 2411 1240 1495
f 1854 2426 855
f 1389 1102 1644
f 1848 1849 1851
f 297 989 1377
f 153 159 155
f 690 691 142
f 1849 1850 1856
f 2034 857 854
f 690 142 143
f 2034 158 857
f 888 100 2276
f 682 1879 681
f 1347 685 686
f 89 95 98
f 1878 1319 1879
f 1322 1321 1388
f 1854 1851 2426
f 1095 1098 1101
f 1389 1322 1388
f 297 1377 554
f 245 249 248
f 348 875 874
f 90 100 99
f 153 158 157
f 1878 1321 1319
f 2409 854 855
f 1585 163 2166
f 679 682 681
f 293 875 989
f 1095 1101 1102
f 1099 1995 1098
f 159 2204 155
f 98 1491 97
f 679 686 685
f 1769 1386 2190
f 546 552 551
f 1491 1495 97
f 1347 248 1348
f 347 348 874
f 888 2276 2204
f 2409 855 2426
f 153 157 159
f 2411 1769 2190
f 546 547 552
f 1878 1879 682
f 1099 1856 1995
f 1347 1348 685
f 2270 145 164
f 2164 2165 551
f 90 99 95
f 1849 1855 1851
f 1103 1102 1389
f 2164 2166 2165
f 1849 1856 1855
f 99 100 888
f 1103 1389 1388
f 293 989 297
f 1095 1099 1098
f 1388 1321 1827
f 248 249 2100
f 1878 1827 1321
f 2034 854 2037
f 2270 164 163
f 139 145 143
f 691 1387 1916
f 2037 854 2409
f 679 685 684
f 1771 1387 1386
f 1348 248 2100
f 2034 2035 158
f 679 683 682
f 142 691 1916
f 158 2035 157
f 1095 1102 1100
f 1878 682 1880
f 139 143 142
f 2426 1851 169
f 2411 1495 1595
f 1100 1102 1103
f 875 301 874
f 98 95 1492
f 547 295 554
f 98 1492 1491
f 2409 2426 2408
f 293 301 875
f 1491 1493 1495
f 1771 1386 1769
f 1348 2101 685
f 2147 1856 1099
f 679 684 683
f 1855 169 1851
f 2147 1855 1856
f 295 297 554
f 2300 2100 249
f 1103 1388 1038
f 159 2205 2204
f 2101 684 685
f 2205 888 2204
f 682 683 1880
f 2411 1595 1769
f 159 157 2188
f 1388 1827 1038
f 1878 1829 1827
f 144 164 145
f 2034 2037 2036
f 1095 1096 1099
f 1878 1880 1829
f 2426 169 2408
f 99 888 891
f 161 2166 163
f 546 551 550
f 1348 2100 2099
f 1771 1916 1387
f 139 144 145
f 99 889 95
f 2034 2036 2035
f 2407 2037 2409
f 551 2165 550
f 1595 1495 1493
f 545 547 546
f 1492 1493 1491
f 2407 2409 2408
f 161 2165 2166
f 1348 2099 2101
f 2035 2188 157
f 1100 1103 1039
f 1095 1100 1097
f 1492 95 889
f 2147 2150 1855
f 1039 1103 1038
f 159 2188 2205
f 2298 2100 2300
f 2150 169 1855
f 2205 891 888
f 1117 683 684
f 139 142 141
f 141 142 1916
f 2146 2147 1099
f 1117 684 2101
f 545 295 547
f 1114 1880 683
f 2146 1099 1096
f 1095 1097 1096
f 2298 2099 2100
f 1037 1038 1827
f 1829 1880 1114
f 1037 1827 1829
f 2036 2037 924
f 1596 1769 1595
f 137 163 164
f 2407 924 2037
f 290 293 297
f 99 891 890
f 169 168 2408
f 1100 1039 1097
f 2407 2408 168
f 99 890 889
f 2298 2300 1025
f 874 301 302
f 2035 2036 925
f 1492 1494 1493
f 1597 1771 1769
f 2101 2099 1120
f 1113 683 1117
f 137 161 163
f 1113 1114 683
f 1117 2101 1120
f 290 297 295
f 1476 1595 1493
f 545 546 548
f 546 550 548
f 291 301 293
f 2035 1531 2188
f 2147 2148 2150
f 1033 1039 1038
f 144 136 164
f 2150 170 169
f 1829 1114 1828
f 2298 2299 2099
f 2146 2148 2147
f 1597 1769 1596
f 2146 1096 2149
f 1037 1829 1828
f 1771 1770 1916
f 925 2036 924
f 1033 1038 1037
f 1097 2149 1096
f 139 132 144
f 1982 550 2165
f 2205 2262 891
f 1982 2165 161
f 165 168 169
f 1476 1493 1494
f 2099 2299 1120
f 1492 889 1447
f 1039 1040 1097
f 2205 2188 2189
f 2035 925 1531
f 2407 176 924
f 139 141 140
f 2407 168 176
f 141 1916 1865
f 1475 1596 1595
f 165 169 170
f 137 164 136
f 1113 1117 1116
f 1492 1447 1494
f 2298 1025 1026
f 2262 890 891
f 1116 1117 1120
f 2150 2148 170
f 1033 1040 1039
f 545 549 295
f 290 291 293
f 1037 1828 1042
f 1476 1475 1595
f 2298 1026 2299
f 291 302 301
f 1113 1115 1114
f 1597 1770 1771
f 1828 1114 1115
f 1531 2189 2188
f 132 136 144
f 1033 1037 1032
f 2146 2149 1365
f 139 140 132
f 1446 889 890
f 1097 2224 2149
f 1032 1037 1042
f 2146 1365 2148
f 1770 1865 1916
f 920 925 924
f 545 548 549
f 1475 1597 1596
f 1024 1026 1025
f 1097 1040 1609
f 2205 2075 2262
f 1476 1494 1474
f 1120 2299 1633
f 920 924 176
f 165 166 168
f 1113 1116 1118
f 548 550 731
f 2205 2189 2075
f 140 141 1865
f 1446 1447 889
f 166 176 168
f 1042 1828 1041
f 170 2148 173
f 1116 1120 1119
f 1097 1609 2224
f 1474 1494 1447
f 137 162 161
f 1633 2299 1026
f 1113 1118 1115
f 2262 2263 890
f 1041 1828 1115
f 731 550 1982
f 290 295 294
f 2149 2224 1365
f 926 1531 925
f 1033 1034 1040
f 165 170 167
f 1032 1042 1041
f 1031 1033 1032
f 1982 161 162
f 295 549 294
f 1446 890 2263
f 1119 1120 1633
f 920 926 925
f 392 1475 1476
f 1116 1119 1118
f 392 1476 1474
f 1034 1609 1040
f 167 170 173
f 1031 1034 1033
f 134 137 136
f 1024 1027 1026
f 1365 1367 2148
f 165 167 166
f 1531 1530 2189
f 2148 1367 173
f 1032 1041 1035
f 1633 1026 2432
f 1031 1032 1035
f 130 136 132
f 1475 1477 1597
f 1118 1510 1115
f 175 920 176
f 291 298 302
f 166 175 176
f 1041 1115 2009
f 548 730 549
f 926 1530 1531
f 1597 1768 1770
f 1027 2432 1026
f 2076 2263 2262
f 395 1474 1447
f 2076 2262 2075
f 132 140 131
f 2224 1609 381
f 2224 1364 1365
f 290 292 291
f 548 731 730
f 1119 1633 1632
f 140 1865 1868
f 2075 2189 2073
f 2009 1115 1510
f 380 1609 1034
f 1118 1119 1509
f 731 1982 1981
f 392 393 1475
f 400 1447 1446
f 1363 1367 1365
f 130 134 136
f 167 173 172
f 392 1474 395
f 1864 1865 1770
f 2008 1035 1041
f 137 138 162
f 920 921 926
f 1633 2432 2307
f 172 173 1367
f 1031 1036 1034
f 2189 1530 2073
f 1363 1365 1364
f 1031 1035 1036
f 1118 1509 1510
f 134 138 137
f 2224 381 1364
f 1446 2263 1445
f 380 381 1609
f 1597 1477 1768
f 2008 1041 2009
f 393 1477 1475
f 1632 1633 2307
f 130 132 131
f 167 174 166
f 1119 1632 1631
f 175 921 920
f 290 294 296
f 400 395 1447
f 1027 1877 2432
f 1982 162 2086
f 1119 1631 1509
f 140 1868 131
f 292 298 291
f 996 294 549
f 2076 1445 2263
f 2008 1036 1035
f 166 174 175
f 167 172 171
f 1864 1770 1768
f 2307 2432 1877
f 1982 2086 1981
f 2070 2076 2075
f 380 1034 382
f 2009 1510 1704
f 926 927 1530
f 730 996 549
f 400 1446 1445
f 290 296 292
f 1864 1868 1865
f 2070 2075 2073
f 1363 1366 1367
f 1034 1036 382
f 1876 1877 1027
f 1509 1704 1510
f 389 392 395
f 389 393 392
f 921 927 926
f 1632 2307 1706
f 377 381 380
f 383 1364 381
f 1632 1706 1631
f 172 1367 1538
f 167 171 174
f 1363 1364 1366
f 2004 2008 2009
f 731 1981 1325
f 730 731 1325
f 175 922 921
f 1509 1631 1703
f 2072 2073 1530
f 377 383 381
f 2004 2009 1704
f 377 380 382
f 1538 1367 1366
f 172 1538 171
f 393 394 1477
f 130 135 134
f 2005 1036 2008
f 1573 2307 1877
f 1703 1631 1706
f 162 138 2117
f 927 2072 1530
f 1768 1477 454
f 1573 1706 2307
f 383 2140 1364
f 1702 1704 1509
f 134 135 138
f 2074 1445 2076
f 175 174 923
f 1364 2140 1366
f 1575 1877 1876
f 993 294 996
f 130 131 133
f 993 296 294
f 2086 162 2117
f 2010 382 1036
f 391 395 400
f 2070 2074 2076
f 2004 2005 2008
f 389 394 393
f 175 923 922
f 921 928 927
f 1702 1509 1703
f 921 922 928
f 400 1445 1444
f 2086 1325 1981
f 131 1868 2351
f 2069 2070 2073
f 389 395 391
f 2005 2010 1036
f 1575 1573 1877
f 454 1477 394
f 2069 2073 2072
f 377 378 383
f 1864 1867 1868
f 174 171 1539
f 1703 1706 658
f 292 299 298
f 377 382 379
f 730 1324 996
f 2004 1704 1705
f 1573 658 1706
f 171 1538 1539
f 130 133 135
f 378 2140 383
f 1534 1538 1366
f 1864 1768 455
f 1702 1705 1704
f 730 1325 1324
f 133 131 2351
f 1444 1445 622
f 1536 1366 2140
f 2010 2066 382
f 2425 928 922
f 2351 1868 1867
f 2003 2005 2004
f 2074 622 1445
f 292 296 300
f 377 379 378
f 1702 1703 656
f 2414 927 928
f 2425 922 923
f 399 400 1444
f 455 1768 454
f 174 2012 923
f 2405 2072 927
f 2070 1798 2074
f 2069 1798 2070
f 1703 658 656
f 2066 379 382
f 1572 1573 1575
f 1339 2117 138
f 391 400 399
f 1536 1534 1366
f 1339 138 135
f 2003 2004 1705
f 389 390 394
f 174 1539 2012
f 2005 2011 2010
f 1573 659 658
f 389 391 390
f 2086 2117 2085
f 2138 2140 378
f 993 996 995
f 2425 2414 928
f 1535 1538 1534
f 2414 2405 927
f 2069 2072 2071
f 993 994 296
f 1535 1539 1538
f 1831 1325 2086
f 292 300 299
f 1702 657 1705
f 1572 659 1573
f 1572 1575 1574
f 2010 2011 2066
f 1864 1866 1867
f 1702 656 657
f 2138 1536 2140
f 2003 2007 2005
f 399 1444 622
f 397 454 394
f 2071 2072 2405
f 996 1324 995
f 653 656 658
f 378 379 2139
f 2425 923 2372
f 2005 2007 2011
f 2074 1798 1797
f 1864 455 1866
f 2069 1801 1798
f 653 658 659
f 2012 2372 923
f 296 994 300
f 1831 2086 2085
f 2138 378 2139
f 2003 1705 2006
f 2066 1094 379
f 2074 621 622
f 1532 1534 1536
f 2069 2071 1801
f 135 133 1340
f 390 397 394
f 2351 1867 2266
f 397 455 454
f 133 2351 2350
f 2425 956 2414
f 1532 1535 1534
f 1572 1574 1571
f 993 995 994
f 2074 1797 621
f 1961 1705 657
f 651 657 656
f 1569 659 1572
f 1830 1324 1325
f 2003 2006 2007
f 1339 1345 2117
f 651 656 653
f 2139 379 1094
f 2011 1093 2066
f 2138 1533 1536
f 1561 2012 1539
f 1336 1339 135
f 1535 1537 1539
f 1345 2085 2117
f 619 399 622
f 955 2405 2414
f 391 399 396
f 2425 2372 956
f 1961 2006 1705
f 390 391 396
f 653 659 660
f 1532 1536 1533
f 1569 1572 1571
f 1866 2266 1867
f 1796 1797 1798
f 1830 1325 1831
f 1093 1094 2066
f 2011 2007 1678
f 1796 1798 1801
f 1569 660 659
f 1561 1539 1537
f 2353 2071 2405
f 619 622 621
f 1336 135 1340
f 2350 2351 2266
f 955 2414 956
f 133 2350 1340
f 1825 2372 2012
f 651 655 657
f 2011 1678 1093
f 1961 657 655
f 2138 2139 2141
f 2306 2007 2006
f 651 653 652
f 1796 621 1797
f 1800 1801 2071
f 2138 2141 1533
f 653 660 652
f 300 1524 299
f 1825 2012 1561
f 2353 2405 955
f 1532 752 1535
f 1678 2007 2306
f 2139 1094 1091
f 1535 752 1537
f 1569 1571 798
f 1569 1570 660
f 1961 1960 2006
f 390 398 397
f 619 623 399
f 455 456 1866
f 1611 995 1324
f 1831 2085 1832
f 950 956 2372
f 397 451 455
f 1796 1801 1800
f 2353 1800 2071
f 1337 1345 1339
f 994 1521 300
f 1336 1337 1339
f 1532 1533 748
f 1088 1094 1093
f 1345 1832 2085
f 1957 1961 655
f 399 623 396
f 651 654 655
f 1569 798 1570
f 2139 1091 2141
f 798 1571 797
f 651 652 654
f 390 396 398
f 950 2372 1825
f 2106 2306 2006
f 1957 1960 1961
f 652 660 661
f 1830 1611 1324
f 1558 1561 1537
f 660 1570 661
f 1092 1093 1678
f 1866 2267 2266
f 2106 2006 1960
f 951 955 956
f 994 995 1522
f 1088 1091 1094
f 2141 748 1533
f 619 621 620
f 1532 748 752
f 1559 1825 1561
f 1796 625 621
f 1558 1537 752
f 451 456 455
f 1678 2306 1679
f 1521 1524 300
f 1088 1093 1092
f 1956 1957 655
f 954 2353 955
f 2268 2350 2266
f 951 956 950
f 1956 655 654
f 799 1570 798
f 1558 1559 1561
f 1957 1958 1960
f 1866 456 2267
f 840 1830 1831
f 796 798 797
f 652 662 654
f 619 620 623
f 2350 1343 1340
f 652 661 662
f 1336 1340 1338
f 661 1570 799
f 450 397 398
f 2106 1679 2306
f 1092 1678 1679
f 1796 1800 1799
f 450 451 397
f 951 954 955
f 620 621 625
f 2353 1619 1800
f 840 1831 1832
f 1956 1958 1957
f 994 1522 1521
f 2141 1091 1861
f 1346 1832 1345
f 2106 1960 1962
f 1337 1346 1345
f 1522 995 1611
f 796 799 798
f 747 748 2141
f 2267 2268 2266
f 1958 1962 1960
f 1336 1338 1337
f 953 950 1825
f 1088 1089 1091
f 1796 1799 625
f 1559 953 1825
f 661 799 2348
f 954 1619 2353
f 743 752 748
f 661 2348 662
f 1956 654 1129
f 623 1792 396
f 662 1129 654
f 2268 1343 2350
f 1650 398 396
f 1088 1092 1090
f 747 2141 1861
f 1558 752 750
f 1338 1340 1343
f 2102 1679 2106
f 838 1611 1830
f 1956 1959 1958
f 1558 1560 1559
f 1089 1861 1091
f 2102 2106 1962
f 1800 1619 1622
f 1800 1622 1799
f 1958 1959 1962
f 948 951 950
f 1092 1679 1677
f 796 800 799
f 1088 1090 1089
f 838 1830 840
f 620 624 623
f 743 750 752
f 2348 799 2331
f 951 949 954
f 2348 2349 662
f 742 748 747
f 1650 396 1792
f 1521 1523 1524
f 1559 1560 953
f 742 743 748
f 662 1128 1129
f 451 457 456
f 948 950 953
f 1956 1129 1122
f 1092 1677 1090
f 2267 456 1944
f 1558 750 1560
f 1956 1122 1959
f 450 398 452
f 800 2331 799
f 1833 1832 1346
f 662 2349 1128
f 1337 1341 1346
f 450 453 451
f 796 801 800
f 2348 2331 2349
f 623 624 1792
f 1338 1341 1337
f 840 1832 1833
f 2104 1962 1959
f 620 625 626
f 2102 2105 1679
f 948 949 951
f 2102 1962 2104
f 625 1799 1802
f 1618 1619 954
f 2105 1677 1679
f 2267 2269 2268
f 1650 452 398
f 746 747 1861
f 1547 1861 1089
f 1522 1611 1610
f 1617 1622 1619
f 1618 954 949
f 1521 1522 440
f 937 1129 1128
f 457 1944 456
f 1089 1090 1546
f 451 453 457
f 937 1122 1129
f 620 626 624
f 953 1560 1826
f 1799 1622 1620
f 742 747 746
f 1959 1122 1123
f 2349 930 1128
f 933 2349 2331
f 744 750 743
f 800 1657 2331
f 2104 1959 1123
f 2267 1944 2269
f 450 452 453
f 625 1802 626
f 1655 800 801
f 742 744 743
f 1090 1677 2342
f 2332 1343 2268
f 1617 1619 1618
f 1521 440 1523
f 838 839 1611
f 746 1861 1547
f 2323 1560 750
f 2102 2104 2103
f 1338 1343 1342
f 1547 1089 1546
f 1802 1799 1620
f 1341 2312 1346
f 1833 1346 2312
f 948 953 952
f 2102 2103 2105
f 937 1128 930
f 933 930 2349
f 837 838 840
f 1657 933 2331
f 1655 1657 800
f 1546 1090 2342
f 1617 1620 1622
f 1655 801 1656
f 2105 2236 1677
f 1650 1792 870
f 953 1826 952
f 948 41 949
f 624 2235 1792
f 2323 1826 1560
f 2332 2268 2269
f 839 1610 1611
f 1121 1122 937
f 1121 1123 1122
f 2342 1677 2236
f 41 1618 949
f 2054 2104 1123
f 1338 1344 1341
f 866 452 1650
f 744 751 750
f 742 746 745
f 2103 2104 2054
f 931 937 930
f 742 745 744
f 840 1833 842
f 2323 750 751
f 929 930 933
f 1522 1610 434
f 2103 2107 2105
f 870 1792 2235
f 2332 1342 1343
f 2105 2107 2236
f 1657 932 933
f 1522 434 440
f 837 839 838
f 1655 1656 147
f 746 1547 1551
f 789 453 452
f 866 1650 870
f 824 1944 457
f 825 2269 1944
f 1338 1342 1344
f 1655 148 1657
f 929 931 930
f 948 952 40
f 624 626 2315
f 837 840 842
f 2054 1123 1124
f 1121 1124 1123
f 948 40 41
f 1545 1547 1546
f 457 453 790
f 1833 2312 2200
f 1617 1618 1621
f 1550 1546 2342
f 1802 2296 626
f 929 933 932
f 1121 937 936
f 931 936 937
f 2323 1983 1826
f 1980 2312 1341
f 1802 1620 2296
f 624 2315 2235
f 2342 2236 2341
f 1983 952 1826
f 1617 1621 1620
f 148 932 1657
f 1655 147 148
f 2103 2054 2052
f 1545 1551 1547
f 41 45 1618
f 2103 2108 2107
f 824 825 1944
f 744 749 751
f 1550 2342 2341
f 744 745 749
f 1545 1546 1550
f 746 1301 745
f 792 452 866
f 1980 1341 1344
f 1833 2200 842
f 746 1551 1301
f 789 790 453
f 929 934 931
f 1121 1125 1124
f 2103 2052 2108
f 2323 751 1987
f 821 2332 2269
f 2107 2215 2236
f 789 452 792
f 824 457 790
f 2051 2054 1124
f 931 934 936
f 2200 2312 1980
f 1618 45 1621
f 839 435 1610
f 821 2269 825
f 929 932 935
f 2323 1987 1983
f 2236 2215 2341
f 2051 2052 2054
f 1121 936 1126
f 626 2314 2315
f 626 2296 2314
f 870 2235 869
f 434 1610 435
f 1121 1126 1125
f 148 220 932
f 2051 1124 1125
f 2107 2108 2215
f 929 935 934
f 146 148 147
f 40 952 1955
f 1955 952 1983
f 2293 2296 1620
f 2293 1620 1621
f 39 41 40
f 2332 2334 1342
f 837 841 839
f 1545 1548 1551
f 865 866 870
f 2315 869 2235
f 935 932 220
f 749 2033 751
f 39 45 41
f 1550 2341 1918
f 1987 751 2033
f 1551 1548 1301
f 2052 2053 2108
f 936 934 1127
f 745 1302 749
f 837 842 841
f 2051 2053 2052
f 1545 1550 1549
f 1301 1302 745
f 1918 2341 2215
f 936 1127 1126
f 1342 1978 1344
f 432 440 434
f 149 220 148
f 146 149 148
f 865 792 866
f 820 825 824
f 2047 2051 1125
f 2212 2215 2108
f 865 870 869
f 2047 1125 1126
f 789 791 790
f 1984 1983 1987
f 789 792 791
f 2119 934 935
f 821 2333 2332
f 1549 1550 1918
f 2212 2108 2053
f 432 441 440
f 820 821 825
f 39 40 42
f 40 1955 42
f 935 220 221
f 1955 1983 1984
f 1545 1304 1548
f 1976 1980 1344
f 1979 2200 1980
f 1979 842 2200
f 839 438 435
f 2334 1978 1342
f 2332 2333 2334
f 1300 1301 1548
f 1127 934 2119
f 1621 45 2294
f 2032 2033 749
f 824 790 826
f 1007 2315 2314
f 1008 2314 2296
f 1545 1549 1304
f 1987 2033 1989
f 217 220 149
f 841 438 839
f 2051 2048 2053
f 39 43 45
f 2119 935 221
f 2032 749 1302
f 2212 2213 2215
f 1918 2215 1921
f 2293 2295 2296
f 2047 2048 2051
f 2316 869 2315
f 146 150 149
f 217 221 220
f 1127 2050 1126
f 2288 2293 1621
f 2047 1126 2050
f 146 151 150
f 1296 1302 1301
f 1984 1987 1989
f 431 434 435
f 1300 1548 1304
f 1976 1344 1978
f 820 824 826
f 1296 1301 1300
f 2213 1921 2215
f 791 793 790
f 2212 2053 2214
f 2294 45 43
f 1549 1918 1917
f 2032 1989 2033
f 1007 2316 2315
f 1955 1986 42
f 2295 1008 2296
f 865 794 792
f 841 842 1420
f 1007 2314 1008
f 1976 1979 1980
f 791 792 794
f 2288 1621 2294
f 39 42 44
f 217 149 218
f 1127 2119 2118
f 820 822 821
f 790 793 826
f 2212 2214 2213
f 2053 2048 2214
f 2119 221 2280
f 1917 1918 1921
f 150 218 149
f 1955 1984 1985
f 431 432 434
f 217 219 221
f 821 822 2333
f 2047 2049 2048
f 2047 2050 2049
f 1127 2118 2050
f 39 44 43
f 865 869 868
f 151 152 150
f 1420 842 1979
f 2288 2295 2293
f 1549 1636 1304
f 431 435 438
f 1955 1985 1986
f 2280 221 219
f 217 218 219
f 1297 2032 1302
f 1295 1300 1304
f 1549 1917 1636
f 42 1986 44
f 2316 868 869
f 1984 1989 1988
f 2213 2397 1921
f 1296 1297 1302
f 1296 1300 1295
f 2334 1731 1978
f 2119 2280 2222
f 2333 1731 2334
f 2119 2222 2118
f 2214 2397 2213
f 1065 218 150
f 1065 150 152
f 1459 1989 2032
f 791 795 793
f 2031 2048 2049
f 1984 1988 1985
f 2294 43 2355
f 2030 2049 2050
f 2048 2370 2214
f 841 1421 438
f 1917 1921 1920
f 820 826 823
f 791 794 795
f 1007 1004 2316
f 998 1007 1008
f 2280 219 2301
f 640 2050 2118
f 43 44 2355
f 820 823 822
f 219 218 2305
f 1303 1304 1636
f 865 867 794
f 1920 1921 2397
f 1295 1304 1303
f 2288 2294 2287
f 1857 826 793
f 2333 822 1730
f 2031 2370 2048
f 2222 2280 2301
f 2295 1002 1008
f 1917 1919 1636
f 1976 1978 1977
f 841 1420 1421
f 865 868 867
f 1294 1296 1295
f 2030 2031 2049
f 1459 1988 1989
f 1297 1459 2032
f 640 2030 2050
f 1065 1066 218
f 1065 152 1068
f 1986 2171 44
f 1986 1985 2171
f 2113 2397 2214
f 1294 1297 1296
f 219 2305 2301
f 998 1004 1007
f 2294 2355 2287
f 1917 1920 1919
f 2333 1730 1731
f 639 2118 2222
f 1066 2305 218
f 2288 2283 2295
f 2113 2214 2370
f 1857 793 795
f 1976 1847 1979
f 2316 1005 868
f 431 438 437
f 1977 1978 1731
f 639 640 2118
f 998 1008 1002
f 1420 1979 1422
f 2316 1004 1005
f 2114 1920 2397
f 2028 2031 2030
f 1636 1919 1276
f 2222 2301 2223
f 431 433 432
f 1988 1971 1985
f 1303 1636 1276
f 438 1421 437
f 1065 1068 1067
f 2114 2397 2113
f 1065 1067 1066
f 2295 2283 1002
f 1857 1634 826
f 2031 2029 2370
f 823 826 1634
f 639 2222 2223
f 560 2355 44
f 643 2030 640
f 2285 2288 2287
f 2171 1985 1971
f 1294 1295 1299
f 1295 1303 1299
f 1459 1970 1988
f 506 1730 822
f 506 822 823
f 1066 2363 2305
f 2305 2311 2301
f 2171 560 44
f 794 1210 795
f 1919 1920 1275
f 2028 2029 2031
f 643 2028 2030
f 1976 1977 1847
f 1294 1298 1297
f 2285 2283 2288
f 1979 1847 1422
f 2113 2370 2116
f 999 1004 998
f 1458 1459 1297
f 794 867 1210
f 2223 2301 2311
f 1067 2363 1066
f 1988 1970 1971
f 1276 1919 1275
f 638 640 639
f 2216 1067 1068
f 2114 1020 1920
f 2029 2116 2370
f 1857 795 1858
f 556 2287 2355
f 2305 2363 2311
f 999 1005 1004
f 867 868 1205
f 354 1731 1730
f 1020 1275 1920
f 638 643 640
f 1005 1205 868
f 1417 1421 1420
f 1303 1276 1274
f 1019 2114 2113
f 997 998 1002
f 1294 1299 1298
f 639 2223 644
f 1458 1297 1298
f 980 2029 2028
f 980 2028 643
f 1459 1460 1970
f 431 437 436
f 1299 1303 1274
f 1417 1420 1422
f 1857 1858 1634
f 560 556 2355
f 1019 2113 2116
f 2285 2287 556
f 997 999 998
f 1067 1590 2363
f 1210 1858 795
f 2171 1971 1972
f 354 1730 506
f 638 639 644
f 355 1977 1731
f 1458 1460 1459
f 1019 1020 2114
f 1270 1276 1275
f 431 436 433
f 2171 1972 560
f 2309 2223 2311
f 1001 1002 2283
f 2216 1589 1067
f 505 823 1634
f 505 506 823
f 1969 1971 1970
f 2029 981 2116
f 2363 513 2311
f 2309 644 2223
f 980 981 2029
f 1270 1274 1276
f 1589 1590 1067
f 1418 437 1421
f 2282 2283 2285
f 980 643 645
f 999 1006 1005
f 638 645 643
f 354 355 1731
f 1203 1210 867
f 1020 1021 1275
f 2363 1590 513
f 1969 1970 1460
f 997 1002 1001
f 1299 1635 1298
f 1203 867 1205
f 1423 1422 1847
f 1005 1006 1205
f 2216 1594 1589
f 1270 1275 1021
f 1019 2116 2115
f 638 644 642
f 1299 1274 1273
f 2309 2311 512
f 2282 1001 2283
f 1847 1977 984
f 1013 1020 1019
f 2311 513 512
f 981 2115 2116
f 1417 1418 1421
f 1969 637 1971
f 1417 1422 1423
f 979 981 980
f 637 1972 1971
f 1458 1298 1461
f 555 556 560
f 997 1003 999
f 979 980 645
f 2309 2310 644
f 1418 436 437
f 1013 1021 1020
f 1299 1273 1635
f 515 1590 1589
f 2285 556 2284
f 515 513 1590
f 353 354 506
f 1458 1462 1460
f 1972 559 560
f 1472 1634 1858
f 999 1003 1006
f 355 984 1977
f 644 2310 642
f 638 641 645
f 1210 1209 1858
f 1635 1461 1298
f 2282 2285 2284
f 1969 1460 636
f 353 506 505
f 1269 1274 1270
f 638 642 641
f 505 1634 1472
f 1022 1270 1021
f 555 560 559
f 1588 1589 1594
f 1019 2115 1015
f 1013 1019 1015
f 2309 512 510
f 1269 1273 1274
f 1458 1461 1462
f 2309 510 2310
f 1204 1210 1203
f 515 1589 1588
f 997 1001 1000
f 979 982 981
f 981 982 2115
f 1969 636 637
f 1462 636 1460
f 509 512 513
f 509 513 515
f 433 436 439
f 979 645 983
f 1269 1270 1022
f 997 1000 1003
f 637 1973 1972
f 555 557 556
f 1207 1205 1006
f 1013 1014 1021
f 352 355 354
f 1972 1973 559
f 1588 1594 1593
f 1423 1847 985
f 642 2310 2242
f 2282 2286 1001
f 2284 556 557
f 1202 1203 1205
f 1472 1858 1209
f 1014 1022 1021
f 1204 1209 1210
f 641 983 645
f 1635 1273 1724
f 1417 1423 1424
f 642 2242 641
f 1006 1003 2185
f 352 354 353
f 1635 1724 1461
f 1847 984 985
f 507 510 512
f 2282 2284 2286
f 979 983 982
f 507 512 509
f 1924 1015 2115
f 510 2406 2310
f 515 1588 514
f 1924 2115 982
f 1012 1013 1015
f 1417 1419 1418
f 509 515 514
f 2406 2242 2310
f 1418 1427 436
f 1207 1006 2185
f 1012 1014 1013
f 1202 1205 1207
f 1269 1271 1273
f 353 505 504
f 370 637 636
f 555 559 558
f 1202 1204 1203
f 1269 1022 1023
f 1001 2335 1000
f 504 505 1472
f 637 371 1973
f 634 636 1462
f 1588 1593 1592
f 356 984 355
f 1461 1793 1462
f 1271 1724 1273
f 1014 1023 1022
f 2239 641 2242
f 2286 2335 1001
f 1417 1424 1419
f 507 511 510
f 589 559 1973
f 2184 1003 1000
f 555 558 557
f 510 511 2406
f 1423 985 1424
f 2184 2185 1003
f 1427 439 436
f 641 2240 983
f 1924 1017 1015
f 352 356 355
f 1012 1015 1017
f 2284 557 2340
f 1588 1591 514
f 1724 1934 1461
f 370 371 637
f 1882 982 983
f 507 509 508
f 2239 2240 641
f 1888 1924 982
f 509 514 516
f 1745 2242 2406
f 370 636 634
f 558 559 589
f 2286 2284 2336
f 634 1462 1793
f 1588 1592 1591
f 1204 1208 1209
f 589 1973 371
f 2239 2242 1745
f 1934 1793 1461
f 1472 1209 2211
f 1012 1018 1014
f 1269 1023 1272
f 1269 1272 1271
f 507 508 511
f 352 353 358
f 1014 1018 1023
f 2406 511 1746
f 1882 1888 982
f 2284 2340 2336
f 1419 1425 1418
f 1418 1425 1427
f 1207 2185 1733
f 509 516 508
f 514 1591 516
f 2240 1887 983
f 2339 557 558
f 1271 1725 1724
f 1745 2406 1746
f 353 504 358
f 1882 983 1887
f 1923 1017 1924
f 2339 2340 557
f 2024 1000 2335
f 2184 1000 2024
f 2184 1733 2185
f 1923 1924 1888
f 1202 531 1204
f 1724 1725 1934
f 1012 1017 1016
f 422 985 984
f 1209 1208 2211
f 2286 2027 2335
f 1202 1207 1206
f 422 984 356
f 2239 2241 2240
f 519 1746 511
f 1204 531 1208
f 362 589 371
f 508 519 511
f 1012 1016 1018
f 2239 1745 2241
f 504 1472 1473
f 2286 2336 2027
f 361 371 370
f 985 1426 1424
f 1290 1023 1018
f 1591 1592 1892
f 1272 1023 1290
f 368 370 634
f 1419 1424 1426
f 363 558 589
f 1923 1016 1017
f 1272 1722 1271
f 634 1793 635
f 1271 1722 1725
f 1743 1745 1746
f 352 357 356
f 1591 1891 516
f 1206 1207 1733
f 1472 2211 1473
f 1882 1883 1888
f 1885 1887 2240
f 1934 1936 1793
f 508 516 517
f 352 358 357
f 1892 1592 1630
f 1881 1882 1887
f 361 362 371
f 1923 1888 1883
f 2024 2335 2026
f 1743 1746 519
f 2337 2340 2339
f 2337 2336 2340
f 590 2339 558
f 363 589 362
f 2241 1885 2240
f 2025 1733 2184
f 2025 2184 2024
f 361 370 368
f 2027 2026 2335
f 1742 2241 1745
f 1591 1892 1891
f 1743 1742 1745
f 1934 1725 1935
f 368 634 635
f 517 516 1891
f 1202 528 531
f 1936 635 1793
f 1016 1292 1018
f 1287 1290 1018
f 1881 1883 1882
f 508 518 519
f 363 590 558
f 1881 1887 1885
f 1202 1206 528
f 1419 603 1425
f 1272 1290 1291
f 358 504 1471
f 1934 1935 1936
f 1425 604 1427
f 1923 1925 1016
f 2211 1208 530
f 1272 1723 1722
f 508 517 518
f 531 530 1208
f 2027 2336 59
f 1725 1722 1937
f 1287 1018 1292
f 2337 2339 590
f 1743 519 1744
f 1923 1883 1925
f 1419 1426 603
f 422 423 985
f 604 2277 1427
f 504 1473 1471
f 985 423 1426
f 2337 59 2336
f 2320 1892 1630
f 1664 1742 1743
f 1742 1663 2241
f 1272 1291 1723
f 422 356 425
f 1725 1937 1935
f 1287 1291 1290
f 2023 2024 2026
f 1206 1733 1732
f 2241 1665 1885
f 356 357 425
f 359 362 361
f 2023 2025 2024
f 519 518 1744
f 1016 1293 1292
f 517 1891 2428
f 1892 2322 1891
f 2025 1732 1733
f 359 363 362
f 2211 786 1473
f 358 1470 357
f 2320 1630 1356
f 1664 1743 1744
f 1937 1722 1723
f 360 361 368
f 1925 1293 1016
f 57 2026 2027
f 368 635 367
f 1881 1886 1883
f 1664 1663 1742
f 2241 1663 1665
f 1881 1885 1884
f 2211 530 786
f 1425 603 604
f 2320 2322 1892
f 525 531 528
f 1936 1329 635
f 358 1471 1470
f 518 517 2403
f 1891 2322 2428
f 525 530 531
f 1936 1935 2125
f 1287 1292 1289
f 517 2428 2403
f 57 2027 59
f 363 364 590
f 1925 1883 1926
f 2337 590 2338
f 1884 1885 1665
f 359 361 360
f 1289 1292 1293
f 1287 1288 1291
f 1937 2128 1935
f 360 368 367
f 2023 2026 57
f 1883 1886 1926
f 1881 1884 1886
f 359 364 363
f 2337 61 59
f 367 635 1329
f 1664 1744 1662
f 518 2402 1744
f 1291 539 1723
f 1206 527 528
f 2319 2320 1356
f 2109 1471 1473
f 2125 1935 2128
f 1936 2125 1329
f 1658 1663 1664
f 1925 1927 1293
f 1287 1289 1288
f 1937 1723 540
f 2023 774 2025
f 2337 2338 61
f 1206 1732 527
f 2025 774 1732
f 2338 590 2357
f 1659 1665 1663
f 1925 1926 1928
f 2320 2321 2322
f 590 364 2357
f 1288 539 1291
f 1925 1928 1927
f 1473 786 785
f 1658 1664 1662
f 2428 2322 2424
f 2402 1662 1744
f 518 2403 2404
f 2428 2424 2403
f 357 1470 428
f 419 422 425
f 425 357 428
f 419 423 422
f 2292 2128 1937
f 1658 1659 1663
f 540 1723 539
f 1289 1293 1087
f 603 1426 602
f 524 525 528
f 2109 1473 785
f 2319 2321 2320
f 529 786 530
f 518 2404 2402
f 1884 1665 1666
f 1926 1886 2121
f 1087 1293 1927
f 602 1426 423
f 54 57 59
f 2292 1937 540
f 1753 1886 1884
f 526 530 525
f 1289 1085 1288
f 1470 1471 2217
f 54 59 61
f 360 367 369
f 2023 57 58
f 1659 1666 1665
f 2125 2128 2129
f 367 1329 1328
f 2321 2423 2322
f 521 604 603
f 359 360 366
f 2423 2424 2322
f 2404 2403 2424
f 524 528 527
f 1926 2120 1928
f 2109 2110 1471
f 1658 1662 1661
f 359 365 364
f 1753 2121 1886
f 1329 2125 2127
f 2023 58 774
f 1289 1087 1085
f 2122 1927 1928
f 61 2338 647
f 1926 2121 2120
f 2338 2357 647
f 2292 2129 2128
f 2402 2151 1662
f 529 785 786
f 526 529 530
f 367 1328 369
f 2122 1087 1927
f 1884 1666 1755
f 1658 1660 1659
f 1753 1884 1755
f 1732 774 773
f 1288 538 539
f 1661 1662 2151
f 2319 1311 2321
f 524 526 525
f 2125 2129 2127
f 2120 2122 1928
f 527 1732 773
f 428 1470 2217
f 650 2357 364
f 1658 1661 1660
f 2110 2217 1471
f 360 369 366
f 1288 1085 538
f 1328 1329 1330
f 359 366 365
f 2292 540 536
f 2109 785 2110
f 533 540 539
f 2402 2404 1805
f 421 425 428
f 2319 1312 1311
f 419 425 421
f 1329 2127 1330
f 52 57 54
f 521 603 602
f 2402 1805 2151
f 1726 2423 2321
f 1659 1667 1666
f 52 58 57
f 54 61 60
f 1898 2424 2423
f 365 650 364
f 419 426 423
f 1750 2121 1753
f 647 2357 650
f 2404 2424 2417
f 2120 2121 1750
f 60 61 647
f 976 2129 2292
f 1084 1085 1087
f 1659 1660 1667
f 1311 1726 2321
f 602 423 426
f 533 536 540
f 533 539 538
f 2122 1086 1087
f 1668 1661 2151
f 976 2292 536
f 1660 1661 1668
f 2120 2123 2122
f 1751 1753 1755
f 770 774 58
f 1754 1755 1666
f 1084 538 1085
f 1328 779 369
f 1726 1898 2423
f 524 527 28
f 978 2127 2129
f 1898 2417 2424
f 770 773 774
f 1751 1750 1753
f 524 26 526
f 1084 1087 1086
f 1308 1311 1312
f 1328 1330 779
f 2120 1750 2123
f 1805 2404 725
f 1806 2151 1805
f 1667 1754 1666
f 529 784 785
f 776 366 369
f 976 978 2129
f 1668 2151 1806
f 2122 2123 1086
f 526 22 529
f 2404 2417 725
f 54 60 53
f 2110 785 788
f 52 54 53
f 1751 1755 1754
f 527 773 2415
f 1660 1669 1667
f 428 2217 1764
f 782 365 366
f 1913 1330 2127
f 1660 1668 1669
f 1310 1726 1311
f 646 647 650
f 776 369 779
f 2396 650 365
f 60 647 646
f 524 28 26
f 533 537 536
f 537 976 536
f 421 428 427
f 1308 1310 1311
f 52 56 58
f 1763 2217 2110
f 419 421 420
f 1913 2127 978
f 28 527 2415
f 1626 1898 1726
f 533 538 535
f 1747 1750 1751
f 529 22 784
f 726 1806 1805
f 526 26 25
f 770 58 56
f 542 538 1084
f 1913 779 1330
f 784 788 785
f 521 602 523
f 782 2396 365
f 1750 1748 2123
f 726 1805 725
f 777 366 776
f 526 25 22
f 419 424 426
f 1627 2417 1898
f 972 978 976
f 1084 1086 1083
f 1668 1806 729
f 1310 1626 1726
f 1963 1754 1667
f 777 782 366
f 1751 1754 1752
f 2123 1186 1086
f 428 1764 427
f 1963 1667 1669
f 1668 729 1669
f 1747 1748 1750
f 770 771 773
f 53 60 62
f 972 976 537
f 1948 602 426
f 1763 2110 788
f 533 534 537
f 535 538 542
f 722 725 2417
f 1763 1764 2217
f 1626 1627 1898
f 1747 1751 1752
f 60 646 62
f 2396 649 650
f 533 535 534
f 646 650 649
f 419 420 424
f 775 776 779
f 542 1084 1083
f 726 729 1806
f 1308 1309 1310
f 52 53 55
f 771 2415 773
f 421 427 420
f 1913 978 977
f 1748 1186 2123
f 1627 722 2417
f 972 977 978
f 1083 1086 1186
f 520 521 523
f 52 55 56
f 1752 1754 1964
f 2078 2396 782
f 1963 1964 1754
f 21 26 28
f 778 779 1913
f 775 777 776
f 720 726 725
f 1947 523 602
f 21 25 26
f 770 56 772
f 22 23 784
f 1310 1313 1626
f 720 725 722
f 1948 426 424
f 53 62 55
f 729 1966 1669
f 775 779 778
f 1963 1669 1966
f 1947 602 1948
f 19 22 25
f 971 972 537
f 2078 649 2396
f 1747 1749 1748
f 1747 1752 1749
f 28 2415 27
f 777 783 782
f 534 544 537
f 770 772 771
f 1309 1313 1310
f 784 787 788
f 1915 1913 977
f 2078 782 783
f 723 729 726
f 535 543 534
f 972 973 977
f 1623 1627 1626
f 646 648 62
f 542 1083 578
f 1185 1186 1748
f 1765 427 1764
f 535 542 541
f 1627 1624 722
f 971 537 544
f 1763 788 1943
f 19 23 22
f 1187 1083 1186
f 646 649 648
f 1963 1965 1964
f 1912 778 1913
f 21 28 27
f 1752 1964 1823
f 720 723 726
f 19 25 21
f 420 427 430
f 1738 56 55
f 971 973 972
f 1185 1748 1749
f 1762 1764 1763
f 1912 1913 1915
f 784 23 787
f 1623 1626 1313
f 772 56 1738
f 1051 2415 771
f 534 543 544
f 775 781 777
f 1752 1823 1749
f 1915 977 973
f 1623 1624 1627
f 535 541 543
f 1187 578 1083
f 1963 1966 830
f 55 62 2131
f 2077 649 2078
f 420 429 424
f 541 542 578
f 777 781 783
f 1823 1964 1965
f 787 1943 788
f 729 728 1966
f 720 722 721
f 1182 1186 1185
f 1963 830 1965
f 27 2415 1051
f 1182 1187 1186
f 775 778 780
f 1762 1765 1764
f 2077 2078 783
f 1309 1314 1313
f 723 728 729
f 1624 721 722
f 1765 2045 427
f 648 2131 62
f 2045 430 427
f 1947 522 523
f 420 430 429
f 971 974 973
f 971 544 975
f 1050 771 772
f 1912 1161 778
f 720 724 723
f 775 780 781
f 543 574 544
f 1763 1943 1767
f 1738 55 1740
f 1185 1749 1497
f 830 1966 1967
f 1862 648 649
f 1309 1315 1314
f 1948 424 1950
f 1822 1749 1823
f 1967 1966 728
f 1862 649 2077
f 1915 973 1758
f 1762 1763 1767
f 1912 1915 1914
f 720 721 724
f 780 778 1161
f 1623 1313 1629
f 1055 772 1738
f 1823 1965 831
f 19 24 23
f 19 21 20
f 1050 1051 771
f 971 975 974
f 1182 1183 1187
f 1623 1625 1624
f 21 27 29
f 1947 1948 1949
f 544 574 975
f 830 831 1965
f 1182 1185 1184
f 1822 1497 1749
f 1188 578 1187
f 2077 783 1160
f 787 23 24
f 573 543 541
f 541 578 579
f 781 1160 783
f 1313 1314 1629
f 55 2131 2130
f 974 1758 973
f 1624 1625 721
f 1912 1914 1161
f 1950 424 429
f 573 574 543
f 1915 1758 1914
f 55 2130 1740
f 1184 1185 1497
f 648 1513 2131
f 1055 1738 1740
f 1050 772 1055
f 1762 1766 1765
f 1765 1766 2045
f 787 1465 1943
f 1183 1188 1187
f 27 1051 2374
f 830 1967 832
f 1182 1184 1183
f 1822 1823 958
f 723 727 728
f 1188 579 578
f 1823 831 958
f 1967 728 832
f 723 724 727
f 21 29 20
f 1947 1949 522
f 19 20 24
f 2045 2046 430
f 600 781 780
f 1862 1512 648
f 780 1161 1159
f 1623 1629 1628
f 429 430 2046
f 1623 1628 1625
f 974 975 1010
f 1948 1950 1949
f 1767 1943 1465
f 827 831 830
f 1315 1693 1314
f 29 27 2374
f 75 724 721
f 1862 2077 1863
f 541 579 577
f 974 1010 1758
f 648 1512 1513
f 2130 2131 1513
f 573 541 577
f 1863 2077 1160
f 781 601 1160
f 827 830 832
f 1822 1824 1497
f 1314 1695 1629
f 574 575 975
f 1625 79 721
f 1464 787 24
f 1161 1914 1370
f 1184 1497 1496
f 600 780 1159
f 1914 1758 2356
f 1050 1052 1051
f 1766 2046 2045
f 1464 1465 787
f 1183 1184 1189
f 1762 1767 918
f 600 601 781
f 573 575 574
f 1822 958 1824
f 1183 1189 1188
f 1315 1890 1693
f 832 728 2238
f 1314 1693 1695
f 1762 918 1766
f 75 727 724
f 1051 1052 2374
f 1161 1370 1159
f 75 721 79
f 833 958 831
f 1055 1740 1739
f 575 1010 975
f 1497 1824 1496
f 1188 1407 579
f 727 2238 728
f 827 833 831
f 1740 2130 1739
f 1050 1055 1054
f 1914 2356 1370
f 1514 1512 1862
f 1758 1010 1011
f 1950 429 2040
f 577 579 1407
f 1514 1862 1863
f 1694 1628 1629
f 2079 1625 1628
f 2356 1758 1011
f 1694 1629 1695
f 1184 1496 17
f 429 2046 2040
f 1517 2130 1513
f 2079 79 1625
f 573 577 576
f 1160 601 206
f 1184 17 1189
f 1863 1160 206
f 20 30 24
f 827 832 829
f 573 576 575
f 29 2374 2373
f 1511 1513 1512
f 1189 2362 1188
f 600 1159 599
f 1767 1465 917
f 957 1824 958
f 20 29 31
f 1055 1739 1054
f 1188 2362 1407
f 1692 1693 1890
f 1050 1053 1052
f 833 957 958
f 832 2238 829
f 599 1159 1370
f 1824 18 1496
f 1949 1950 2137
f 1050 1054 1053
f 1767 917 918
f 827 828 833
f 945 1010 575
f 74 75 79
f 1691 1695 1693
f 200 601 600
f 1511 1512 1514
f 1511 1517 1513
f 2375 2374 1052
f 316 1464 24
f 1766 916 2046
f 2220 1739 2130
f 945 1011 1010
f 1463 1465 1464
f 17 1496 18
f 2318 1370 2356
f 2220 2130 1517
f 1404 577 1407
f 76 727 75
f 827 829 828
f 1072 2079 1628
f 2318 2356 1011
f 1072 1628 1694
f 2373 2374 2375
f 29 2373 31
f 1766 918 916
f 727 1109 2238
f 20 31 30
f 2079 78 79
f 1691 1694 1695
f 1691 1693 1692
f 200 206 601
f 200 600 599
f 957 965 1824
f 1824 965 18
f 1403 576 577
f 316 24 30
f 1514 1863 203
f 17 16 1189
f 203 1863 206
f 74 79 78
f 833 834 957
f 828 834 833
f 1189 16 2362
f 1950 2040 849
f 1463 917 1465
f 1403 577 1404
f 74 76 75
f 575 576 944
f 1408 1407 2362
f 599 1370 1368
f 1950 849 2137
f 2039 2040 2046
f 76 1109 727
f 1107 829 2238
f 1404 1407 1408
f 945 575 941
f 1949 2137 2136
f 1463 1464 316
f 1368 1370 2318
f 1511 1514 1516
f 1728 1054 1739
f 12 17 18
f 1511 1518 1517
f 945 946 1011
f 1053 1729 1052
f 2318 1011 946
f 1692 1889 1696
f 2220 1517 1518
f 2220 2221 1739
f 2079 82 78
f 2375 1052 1729
f 1072 82 2079
f 1107 2238 1109
f 2039 2046 916
f 1727 1053 1054
f 1514 203 1516
f 575 944 941
f 1691 1692 1696
f 1403 944 576
f 12 16 17
f 1072 1694 1071
f 196 206 200
f 1691 1071 1694
f 15 18 965
f 957 964 965
f 909 918 917
f 828 829 836
f 834 1441 957
f 200 599 598
f 828 835 834
f 196 203 206
f 2373 2375 2354
f 909 916 918
f 2221 1728 1739
f 74 78 77
f 2373 2354 31
f 598 599 1368
f 2379 2362 16
f 1408 2362 2379
f 12 18 15
f 1403 1404 1405
f 957 1441 964
f 1107 836 829
f 1727 1054 1728
f 1404 1408 1405
f 74 77 76
f 834 835 1441
f 15 965 964
f 828 836 835
f 313 30 31
f 850 849 2040
f 1511 1516 1515
f 942 945 941
f 1727 1729 1053
f 1511 1515 1518
f 77 78 82
f 313 316 30
f 850 2040 2039
f 942 946 945
f 1463 1466 917
f 1368 2318 1975
f 1975 2318 946
f 2220 1518 1843
f 2354 2375 1729
f 2220 1843 2221
f 1691 1696 1647
f 1069 82 1072
f 1106 1109 76
f 1463 316 314
f 195 196 200
f 1104 1107 1109
f 1069 1072 1071
f 200 598 199
f 12 13 16
f 1691 1076 1071
f 1403 1406 944
f 2378 2379 16
f 203 204 1516
f 909 917 911
f 598 1368 1369
f 846 2136 2137
f 849 846 2137
f 197 203 196
f 938 941 944
f 1403 1405 1406
f 1439 1441 835
f 2354 317 31
f 959 15 964
f 2371 1408 2379
f 1405 1408 2371
f 2291 1697 1696
f 1691 1647 1076
f 12 15 14
f 1466 911 917
f 1439 835 836
f 195 200 199
f 13 2378 16
f 2221 1841 1728
f 1104 1109 1106
f 938 942 941
f 1463 314 1466
f 963 964 1441
f 313 31 317
f 909 910 916
f 2039 916 919
f 1515 2359 1518
f 1843 1518 2359
f 77 80 76
f 1515 1516 204
f 1107 1108 836
f 598 1369 199
f 1647 1696 1697
f 77 82 83
f 2221 1843 1841
f 197 204 203
f 12 14 13
f 1974 1368 1975
f 195 197 196
f 1727 1029 1729
f 311 316 313
f 942 947 946
f 1727 1728 1030
f 1975 946 947
f 311 314 316
f 1106 76 80
f 14 15 959
f 1974 1369 1368
f 1069 83 82
f 1104 1108 1107
f 845 849 850
f 959 964 963
f 938 944 940
f 1406 940 944
f 1439 963 1441
f 734 2354 1729
f 2377 2379 2378
f 848 850 2039
f 910 919 916
f 1406 1405 1714
f 1714 1405 2371
f 1069 1071 1070
f 1070 1071 1076
f 2377 2371 2379
f 845 846 849
f 1030 1728 1841
f 1439 836 1442
f 2186 2378 13
f 1515 1860 2359
f 908 909 911
f 1727 1030 1029
f 1442 836 1108
f 1104 1106 1105
f 1843 2359 1842
f 733 1729 1029
f 848 2039 919
f 938 943 942
f 1075 1076 1647
f 195 199 198
f 195 201 197
f 1466 912 911
f 2377 2378 2186
f 77 83 81
f 908 910 909
f 1859 1515 204
f 199 1369 1436
f 734 1729 733
f 1840 1841 1843
f 1647 1697 1646
f 77 81 80
f 2354 735 317
f 405 1974 1975
f 14 959 962
f 14 960 13
f 405 1975 947
f 1104 1105 1108
f 845 850 848
f 942 943 947
f 959 963 962
f 197 205 204
f 1974 1436 1369
f 314 1467 1466
f 1859 1860 1515
f 1439 1440 963
f 1069 1073 83
f 960 2186 13
f 734 735 2354
f 1106 80 1112
f 1842 2359 1860
f 313 317 318
f 1840 1843 1842
f 1714 2371 1716
f 938 940 939
f 195 198 201
f 1070 1076 1075
f 1406 1712 940
f 1406 1714 1713
f 311 315 314
f 1069 1070 1073
f 1105 1106 1112
f 1075 1647 1646
f 1439 1442 1440
f 908 911 912
f 199 1436 198
f 2377 2380 2371
f 197 201 202
f 1646 1697 2395
f 311 313 312
f 1467 912 1466
f 197 202 205
f 938 939 943
f 988 1030 1841
f 1406 1713 1712
f 1716 2371 2380
f 2377 2186 764
f 1840 988 1841
f 14 962 961
f 314 315 1467
f 1713 1714 1716
f 205 2317 204
f 1859 204 2317
f 14 961 960
f 910 913 919
f 1442 1108 2183
f 1712 939 940
f 963 1443 962
f 735 318 317
f 405 947 407
f 739 1029 1030
f 405 404 1974
f 410 947 943
f 83 1556 81
f 1305 80 81
f 843 846 845
f 1440 1443 963
f 739 733 1029
f 1974 404 1436
f 1105 1110 1108
f 960 764 2186
f 208 1842 1860
f 313 318 312
f 908 913 910
f 83 1073 1556
f 80 1307 1112
f 198 1437 201
f 844 845 848
f 208 1860 1859
f 848 919 2038
f 2377 764 2380
f 410 407 947
f 1437 202 201
f 311 312 315
f 732 734 733
f 1646 2395 2347
f 1110 2183 1108
f 1305 1307 80
f 1070 1075 1074
f 1440 1442 413
f 1840 1842 209
f 732 735 734
f 1105 1112 1111
f 1070 1077 1073
f 202 1910 205
f 908 912 915
f 1075 1646 1645
f 413 1442 2183
f 198 1436 1438
f 2038 919 913
f 939 2017 943
f 2347 2395 2346
f 843 845 844
f 401 405 407
f 1910 2317 205
f 986 1030 988
f 961 962 2143
f 1467 915 912
f 1840 209 988
f 1713 1716 871
f 1443 2143 962
f 409 410 943
f 208 209 1842
f 732 733 739
f 401 404 405
f 1305 81 1306
f 1716 2380 871
f 960 961 763
f 1437 1910 202
f 1105 1111 1110
f 739 1030 986
f 1712 1717 939
f 81 1556 1306
f 960 763 764
f 198 1438 1437
f 1859 2317 210
f 1112 1307 1111
f 844 848 847
f 1713 1715 1712
f 208 1859 210
f 1070 1074 1077
f 1646 2347 1645
f 848 2038 847
f 1467 315 320
f 1440 414 1443
f 735 740 318
f 1836 1436 404
f 908 914 913
f 1555 1556 1073
f 2017 409 943
f 1075 1645 1074
f 406 407 410
f 1440 413 414
f 312 320 315
f 764 758 2380
f 908 915 914
f 939 1717 2017
f 312 318 319
f 1555 1073 1077
f 1305 893 1307
f 1836 1438 1436
f 1713 871 1715
f 1712 1715 1717
f 732 736 735
f 401 407 406
f 1110 418 2183
f 406 410 409
f 413 2183 418
f 871 2380 758
f 2142 961 2143
f 1305 1306 893
f 73 2317 1910
f 1908 1910 1437
f 740 319 318
f 2142 763 961
f 901 915 1467
f 2345 2347 2346
f 2145 2143 1443
f 894 1111 1307
f 736 740 735
f 216 988 209
f 73 210 2317
f 1908 1437 1438
f 401 402 404
f 901 1467 320
f 2038 913 2168
f 2145 1443 414
f 216 986 988
f 1553 1306 1556
f 732 739 738
f 757 764 763
f 1110 1111 1911
f 893 894 1307
f 2345 1645 2347
f 207 209 208
f 1553 1556 1555
f 843 844 768
f 1836 404 402
f 739 986 1028
f 207 208 210
f 844 847 768
f 757 758 764
f 2038 2167 847
f 1074 1648 1077
f 412 414 413
f 2169 913 914
f 1110 1911 418
f 1555 1077 2387
f 2015 2017 1717
f 2017 408 409
f 312 319 322
f 739 1028 738
f 2142 2143 2144
f 1074 1645 1649
f 401 406 403
f 412 413 418
f 2145 2144 2143
f 406 409 408
f 312 321 320
f 1908 71 1910
f 73 1910 71
f 2168 913 2169
f 2038 2168 2167
f 915 1968 914
f 1715 871 872
f 895 893 1306
f 2163 319 740
f 401 403 402
f 1834 1438 1836
f 2142 762 763
f 1715 1941 1717
f 894 898 1111
f 2387 1077 1648
f 1908 1438 1839
f 732 737 736
f 759 871 758
f 847 2167 768
f 757 763 762
f 72 210 73
f 895 1306 1553
f 2015 408 2017
f 2145 414 415
f 211 216 209
f 1911 1111 898
f 1074 1649 1648
f 732 738 737
f 312 322 321
f 901 902 915
f 892 894 893
f 216 987 986
f 207 211 209
f 986 987 1028
f 2345 2264 1645
f 207 210 72
f 2163 322 319
f 2015 1717 1941
f 736 741 740
f 1553 1555 1554
f 412 415 414
f 1836 402 1835
f 1834 1839 1438
f 1554 1555 2387
f 1968 2169 914
f 406 411 403
f 899 901 320
f 406 408 411
f 755 758 757
f 759 872 871
f 2142 2144 1587
f 1649 1645 2264
f 805 418 1911
f 915 902 1968
f 1715 872 1941
f 892 893 895
f 741 2163 740
f 1908 1909 71
f 2145 1508 2144
f 1834 1836 1835
f 1908 1839 1909
f 2142 1587 762
f 892 898 894
f 412 418 417
f 755 759 758
f 68 73 71
f 899 320 321
f 1379 738 1028
f 2145 415 1508
f 68 72 73
f 1991 2387 1648
f 736 737 741
f 403 1283 402
f 895 1553 1552
f 2168 2170 2167
f 417 418 805
f 899 902 901
f 757 762 756
f 2168 2169 2170
f 2013 408 2015
f 1869 322 2163
f 1552 1553 1554
f 769 768 2167
f 1587 2144 1508
f 1911 898 807
f 1554 2387 1991
f 211 214 216
f 1379 1028 987
f 216 214 987
f 2013 2015 1941
f 1835 402 1283
f 755 757 756
f 1379 737 738
f 805 1911 807
f 1990 1648 1649
f 2345 2019 2264
f 2344 2019 2345
f 412 416 415
f 403 411 2000
f 1869 2163 741
f 207 72 213
f 207 212 211
f 408 2281 411
f 1834 1837 1839
f 2265 1909 1839
f 67 71 1909
f 321 322 905
f 892 895 896
f 1968 2194 2169
f 412 417 416
f 1990 1991 1648
f 68 71 67
f 759 873 872
f 403 2000 1283
f 1834 1835 1838
f 769 2167 2170
f 766 762 1587
f 892 897 898
f 447 1941 872
f 905 322 1869
f 68 69 72
f 1992 1649 2264
f 755 760 759
f 2197 1968 902
f 2013 2014 408
f 2265 1839 1837
f 207 213 212
f 756 762 766
f 1507 1508 415
f 2000 411 2281
f 2169 2194 2170
f 1554 1991 2381
f 2265 67 1909
f 408 2014 2281
f 1834 1838 1837
f 895 1552 235
f 72 69 213
f 802 417 805
f 1587 1508 1165
f 1552 1554 236
f 211 215 214
f 899 903 902
f 899 321 900
f 1990 1649 1992
f 1507 415 416
f 755 756 761
f 2013 1941 448
f 810 807 898
f 892 896 897
f 802 805 807
f 1672 741 737
f 211 212 215
f 759 760 873
f 2019 2020 2264
f 447 872 873
f 1379 987 1381
f 895 235 896
f 1835 1283 1279
f 987 214 1381
f 1379 1382 737
f 2344 2018 2019
f 2197 2194 1968
f 1869 741 1673
f 321 905 900
f 810 898 897
f 755 761 760
f 766 1587 1165
f 1835 1279 1838
f 236 1554 2381
f 447 448 1941
f 2197 902 903
f 1992 2264 2020
f 1990 1736 1991
f 417 806 416
f 1283 2000 1285
f 63 68 67
f 63 69 68
f 1507 1164 1508
f 1991 1736 2381
f 2013 2016 2014
f 1508 1164 1165
f 905 1869 1673
f 1552 236 235
f 1672 737 1382
f 802 806 417
f 2000 2281 2412
f 756 766 765
f 2013 448 2016
f 2265 1837 1638
f 756 765 761
f 1838 2201 1837
f 2265 1638 67
f 1672 1673 741
f 70 213 69
f 802 807 804
f 899 904 903
f 804 807 810
f 1520 2281 2014
f 767 769 2170
f 215 212 1760
f 240 897 896
f 2385 212 213
f 214 215 1759
f 899 900 904
f 1507 416 1506
f 1278 1279 1283
f 1606 2020 2019
f 2000 2412 1285
f 1606 2019 2018
f 760 1804 873
f 235 240 896
f 1990 1992 1737
f 1278 1283 1285
f 2191 2170 2194
f 446 447 873
f 214 1759 1381
f 766 1165 673
f 2201 1638 1837
f 1379 1380 1382
f 63 70 69
f 1379 1381 1380
f 1990 1737 1736
f 810 897 1895
f 1520 2412 2281
f 760 761 2376
f 1519 2014 2016
f 1506 416 806
f 1280 1838 1279
f 236 2381 239
f 1607 1992 2020
f 63 67 66
f 2381 1736 239
f 2193 2194 2197
f 70 2385 213
f 1280 2201 1838
f 1760 212 2385
f 900 905 907
f 1519 1520 2014
f 67 1638 66
f 766 674 765
f 1163 1164 1507
f 442 448 447
f 905 1673 907
f 765 2376 761
f 215 1760 1759
f 446 873 1804
f 2197 903 2196
f 766 673 674
f 677 1165 1164
f 2418 897 240
f 760 2376 1804
f 443 2016 448
f 1606 1607 2020
f 2418 1895 897
f 232 235 236
f 1163 1507 1506
f 2191 767 2170
f 804 810 809
f 802 803 806
f 677 673 1165
f 1277 1279 1278
f 1672 1382 1676
f 442 447 446
f 802 804 803
f 810 1895 809
f 1277 1280 1279
f 903 904 2196
f 1519 2016 443
f 1672 1674 1673
f 2201 2203 1638
f 2191 2194 2193
f 1607 1608 1992
f 1992 1608 1737
f 1284 1285 2412
f 1606 2018 1150
f 232 236 239
f 233 240 235
f 63 64 70
f 1280 2203 2201
f 1278 1285 1284
f 677 1164 1163
f 2193 2197 2196
f 1382 1380 1676
f 442 443 448
f 1734 1736 1737
f 1734 239 1736
f 63 66 65
f 1520 1157 2412
f 900 906 904
f 1158 1520 1519
f 70 2383 2385
f 2172 1381 1759
f 446 1804 1803
f 1506 806 812
f 674 675 765
f 900 907 906
f 2172 1380 1381
f 765 675 2376
f 232 233 235
f 1760 2385 2175
f 1759 1760 2175
f 672 674 673
f 1672 1676 1675
f 63 65 64
f 1604 1607 1606
f 1672 1675 1674
f 2418 240 241
f 804 809 808
f 1158 1519 443
f 1251 66 1638
f 2368 1804 2376
f 1673 1945 907
f 2418 1906 1895
f 64 2383 70
f 1284 2412 1157
f 672 673 677
f 804 808 803
f 1673 1674 1945
f 803 812 806
f 1277 1278 1282
f 1158 1157 1520
f 809 1895 1906
f 1250 1638 2203
f 442 446 445
f 1604 1608 1607
f 1163 1506 1505
f 2368 1803 1804
f 233 241 240
f 1277 1281 1280
f 446 1803 445
f 1278 1284 1282
f 1280 2202 2203
f 2058 2196 904
f 1606 1150 1603
f 65 66 1251
f 672 675 674
f 232 239 238
f 1380 2352 1676
f 1734 238 239
f 2383 2386 2385
f 906 2058 904
f 1604 1606 1603
f 1637 1737 1608
f 2418 241 1906
f 1251 1638 1250
f 1734 1737 1637
f 677 1163 1162
f 1505 1506 812
f 2175 2385 2386
f 2173 1759 2175
f 2172 1759 2173
f 2191 2193 2192
f 442 444 443
f 2193 2196 2195
f 1280 1281 2202
f 1277 1282 1281
f 2368 2376 1211
f 675 1211 2376
f 2172 2174 1380
f 1907 808 809
f 1250 2203 2202
f 1946 1674 1675
f 1158 443 584
f 1907 809 1906
f 2368 2247 1803
f 2174 2352 1380
f 1676 2219 1675
f 64 2384 2383
f 445 1803 2247
f 1163 1505 1162
f 65 1256 64
f 672 677 678
f 1946 1945 1674
f 442 445 449
f 1604 1605 1608
f 260 906 907
f 1151 1157 1158
f 232 234 233
f 803 808 811
f 1284 1157 1154
f 1676 2352 2219
f 260 907 1945
f 65 1251 1256
f 2383 2384 2386
f 2193 2195 2192
f 1734 1735 238
f 443 444 584
f 442 449 444
f 677 1162 678
f 232 238 237
f 1637 1608 1605
f 1905 1906 241
f 1282 1284 2273
f 233 242 241
f 1734 1637 1735
f 754 1603 1150
f 803 813 812
f 1946 1675 2219
f 672 676 675
f 753 1604 1603
f 2058 2057 2196
f 64 1256 2384
f 2191 2192 1499
f 1151 1158 584
f 1907 811 808
f 2055 2058 906
f 2195 2196 2057
f 232 237 234
f 445 2247 2248
f 1249 1250 2202
f 2081 2247 2368
f 1151 1154 1157
f 2173 2175 861
f 2175 2386 862
f 753 1605 1604
f 1505 812 1482
f 2081 2368 1211
f 1281 2416 2202
f 2172 2173 125
f 2273 1284 1154
f 1282 2272 1281
f 233 234 242
f 445 2248 449
f 803 811 813
f 1171 1211 675
f 2172 126 2174
f 672 678 676
f 1248 1251 1250
f 1904 1907 1906
f 1905 241 242
f 128 2352 2174
f 259 1945 1946
f 753 1603 754
f 260 2055 906
f 1904 1906 1905
f 128 2219 2352
f 1252 1256 1251
f 2386 2384 863
f 1483 1162 1505
f 1735 1942 238
f 676 1171 675
f 2175 862 861
f 1249 2202 2416
f 1282 2273 2272
f 259 260 1945
f 2081 2248 2247
f 237 238 1942
f 1946 2219 262
f 1482 812 813
f 2172 125 126
f 2055 2057 2058
f 1248 1250 1249
f 2 1735 1637
f 583 444 449
f 3 1637 1605
f 2272 2416 1281
f 2173 861 125
f 580 584 444
f 2386 863 862
f 1248 1252 1251
f 2384 1256 2358
f 128 2174 126
f 2192 2195 2198
f 1483 1505 1482
f 1162 1525 678
f 1212 2081 1211
f 753 5 1605
f 1907 1412 811
f 585 1151 584
f 259 1946 262
f 1171 1212 1211
f 4 753 754
f 2365 449 2248
f 234 237 244
f 2198 2195 2057
f 2384 2358 863
f 1904 1412 1907
f 128 264 2219
f 2 1942 1735
f 580 444 583
f 264 262 2219
f 1152 1154 1151
f 1542 1905 242
f 1483 1525 1162
f 234 243 242
f 583 449 2365
f 1904 1905 1542
f 1155 2273 1154
f 676 678 1172
f 580 585 584
f 1252 1257 1256
f 244 237 1942
f 1409 813 811
f 2192 2198 1498
f 2080 2248 2081
f 860 861 862
f 1249 2416 1255
f 1257 2358 1256
f 585 1152 1151
f 260 261 2055
f 2208 2272 2273
f 1248 1249 1255
f 234 244 243
f 1482 813 1481
f 1525 1172 678
f 861 127 125
f 123 128 126
f 2272 2290 2416
f 1409 811 1412
f 711 862 863
f 254 260 259
f 2055 2056 2057
f 1152 1155 1154
f 1171 1169 1212
f 1166 1171 676
f 1542 242 1543
f 2080 2365 2248
f 1485 2081 1212
f 1248 1253 1252
f 120 126 125
f 243 1543 242
f 712 863 2358
f 2208 2273 1155
f 1478 1483 1482
f 253 259 262
f 128 129 264
f 860 862 711
f 860 127 861
f 244 1942 1
f 2416 2290 1255
f 1252 1253 1257
f 253 262 264
f 580 583 582
f 2198 2057 2180
f 1485 2080 2081
f 1904 1541 1412
f 1166 676 1172
f 583 2365 582
f 1904 1542 1541
f 1409 1413 813
f 711 863 712
f 1413 1481 813
f 254 261 260
f 123 129 128
f 1478 1482 1481
f 120 123 126
f 2272 2209 2290
f 2208 2209 2272
f 120 125 127
f 2055 261 2056
f 1166 1169 1171
f 1485 1212 1169
f 1483 1479 1525
f 1248 1255 1254
f 580 581 585
f 2056 2180 2057
f 244 11 243
f 254 259 253
f 585 588 1152
f 1248 1254 1253
f 1257 709 2358
f 253 264 129
f 1540 1542 1543
f 709 712 2358
f 10 1543 243
f 1478 1479 1483
f 2080 2367 2365
f 1409 1412 1411
f 1152 1156 1155
f 1525 494 1172
f 580 582 581
f 2365 2367 582
f 1540 1541 1542
f 581 588 585
f 2251 1257 1253
f 2206 2208 1155
f 860 711 710
f 1541 1411 1412
f 2198 2180 2181
f 860 710 127
f 2289 1255 2290
f 706 711 712
f 1152 588 1153
f 1485 1489 2080
f 1540 1543 10
f 2210 2290 2209
f 1166 1172 1168
f 1170 1485 1169
f 1525 1479 494
f 1409 1410 1413
f 123 121 129
f 2251 709 1257
f 1166 1170 1169
f 120 127 124
f 1480 1481 1413
f 1152 1153 1156
f 120 121 123
f 1478 1481 1480
f 2207 2209 2208
f 2206 1155 1156
f 1254 1255 1613
f 2080 2366 2367
f 2160 2056 261
f 2249 1253 1254
f 706 712 709
f 253 129 263
f 254 258 261
f 1168 1172 494
f 1409 1411 1410
f 2080 1489 2366
f 2289 2290 2210
f 2056 2162 2180
f 706 710 711
f 2249 2251 1253
f 710 124 127
f 252 254 253
f 2289 1613 1255
f 2207 2208 2206
f 2207 2210 2209
f 1480 1413 1410
f 263 129 121
f 1484 1489 1485
f 2229 582 2367
f 1540 8 1541
f 581 582 586
f 581 479 588
f 1484 1485 1170
f 1478 490 1479
f 1153 588 479
f 1166 1168 1167
f 2160 261 258
f 2179 2181 2180
f 2160 2162 2056
f 2249 1254 1614
f 1153 477 1156
f 120 124 122
f 1541 7 1411
f 1254 1613 1614
f 252 258 254
f 715 709 2251
f 120 122 121
f 1166 1173 1170
f 1478 1480 490
f 494 1479 491
f 2179 2180 2162
f 2367 2366 2227
f 253 263 257
f 586 582 2229
f 1489 1486 2366
f 706 709 708
f 1166 1167 1173
f 2249 2250 2251
f 1153 479 477
f 2206 1156 476
f 1411 2364 1410
f 252 253 257
f 1168 494 495
f 87 2289 2210
f 2229 2367 2227
f 706 707 710
f 2207 87 2210
f 490 491 1479
f 1484 1486 1489
f 710 864 124
f 581 587 479
f 581 586 587
f 2250 715 2251
f 1392 2207 2206
f 476 1156 477
f 708 709 715
f 1168 495 1167
f 2289 86 1613
f 1480 1410 2324
f 2227 2366 1486
f 1411 7 2364
f 1615 2249 1614
f 1130 263 121
f 1484 1170 1488
f 864 122 124
f 1615 2250 2249
f 706 708 707
f 85 1614 1613
f 2160 258 2161
f 2160 1757 2162
f 492 494 491
f 87 86 2289
f 122 1133 121
f 1392 2206 476
f 1488 1170 1173
f 1410 2364 2324
f 490 1480 992
f 492 495 494
f 2179 2162 1756
f 1130 257 263
f 252 255 258
f 475 477 479
f 2207 1393 87
f 586 2229 2228
f 707 713 710
f 1130 121 1133
f 710 713 864
f 85 1613 86
f 2226 2229 2227
f 1392 1393 2207
f 992 1480 2324
f 85 1615 1614
f 1484 1487 1486
f 1167 1174 1173
f 475 476 477
f 2160 2161 1757
f 1167 495 1174
f 1756 2162 1757
f 2250 714 715
f 586 2369 587
f 252 257 256
f 258 255 2161
f 478 479 587
f 489 491 490
f 708 715 714
f 1484 1488 1487
f 2226 2228 2229
f 864 1893 122
f 586 2228 2369
f 1615 1616 2250
f 1557 2227 1486
f 475 479 478
f 122 1894 1133
f 252 256 255
f 6 2324 2364
f 489 492 491
f 84 86 87
f 1392 476 480
f 85 1612 1615
f 2250 1616 714
f 707 708 194
f 1557 2226 2227
f 1130 1131 257
f 122 1893 1894
f 493 490 992
f 1488 1173 1490
f 492 496 495
f 1557 1486 1487
f 1612 1616 1615
f 1130 1133 1132
f 992 2324 9
f 2369 703 587

