# https://github.com/mikedh/trimesh
v -0.11137863 0.32548615 0.05157180
v 0.62143960 -0.08602125 0.32467918
v 0.61795241 -0.07768893 0.33465509
v -0.14677995 0.37162143 -0.25331982
v 0.61339183 -0.06817051 0.34228149
v -0.11772192 0.32866521 0.04211147
v -0.16169325 0.35464884 -0.09937915
v -0.06134845 0.33395378 0.19187365
v -0.05176067 0.33343760 0.20360055
v -0.16406206 0.34957535 -0.07336978
v -0.16442619 0.36826069 -0.17116244
v -0.12993818 0.33329209 0.01721138
v -0.15958871 0.34527916 -0.05676624
v 0.02260711 0.34733193 0.31810285
v 0.01297480 0.34688368 0.31133668
v -0.01922224 0.33996781 0.25529080
v -0.02906011 0.34063142 0.24598929
v -0.01185755 0.34170872 0.26728363
v -0.14739849 0.33888485 -0.02485433
v -0.13348725 0.33335770 -0.00111489
v 0.64460062 -0.15010104 0.20337038
v 0.65664780 -0.17630624 0.14562316
v -0.09564450 0.32825348 0.10959016
v 0.67420878 -0.22505582 0.04262620
v 0.67108539 -0.21817164 0.05564995
v 0.65173146 -0.16811025 0.18256168
v -0.00514064 0.34206114 0.27526119
v 0.62406374 -0.09663658 0.30013407
v 0.66074640 -0.18947181 0.11309351
v -0.09306259 0.33710148 0.14022480
v -0.08222138 0.33521493 0.15866428
v -0.09239662 0.33864246 0.15096612
v -0.15816594 0.37535338 -0.23352706
v -0.16618046 0.37773751 -0.22349706
v 0.03472740 0.35297442 0.34899275
v -0.14766798 0.39073291 -0.30818725
v -0.16367989 0.37454256 -0.21087476
v 0.68433559 -0.25425322 -0.04097495
v 0.61150177 -0.05621388 0.36249495
v 0.68754009 -0.26076412 -0.05355952
v 0.63644017 -0.12443811 0.26170080
v 0.00253784 0.34328232 0.29082026
v -0.04241847 0.33770866 0.22634756
v 0.69334354 -0.27101481 -0.08597920
v -0.10355219 0.32594134 0.08204312
v 0.66420889 -0.19764314 0.09970905
v 0.66404571 -0.20062525 0.08608944
v 0.64042845 -0.13718219 0.23575494
v 0.64257740 -0.14324514 0.22020190
v 0.65427501 -0.17065648 0.16538538
v -0.31849905 0.47389758 -0.03207145
v -0.31287192 0.47578269 -0.00608750
v -0.31079480 0.47374608 -0.01974037
v -0.28545659 0.52999966 -0.23356223
v -0.28892184 0.53154832 -0.23814957
v -0.28092834 0.53044729 -0.24351371
v -0.29087189 0.52827165 -0.22786627
v -0.47605191 0.26314879 0.26682398
v -0.48264068 0.26325637 0.25562291
v -0.47320789 0.27277569 0.25920823
v -0.48354857 0.25147909 0.26773300
v -0.47891877 0.27372653 0.24575146
v -0.49189833 0.25271142 0.25248904
v -0.29436806 0.51022463 -0.16567497
v -0.29573198 0.50916348 -0.15158220
v -0.30161158 0.51082665 -0.16055055
v -0.30286330 0.51162324 -0.17206314
v -0.29402070 0.51181379 -0.17928822
v -0.30341660 0.51368283 -0.18764967
v -0.29304155 0.51439204 -0.19158278
v -0.30001750 0.50457488 -0.11817633
v -0.29478039 0.50403556 -0.11510085
v -0.29762957 0.50024457 -0.10726993
v -0.29771318 0.50676590 -0.12942519
v -0.29382010 0.50520841 -0.12134675
v -0.81212266 0.03872195 -0.30983639
v -0.81384732 0.04118687 -0.30030308
v -0.37206254 0.39716365 0.16970596
v -0.37718381 0.39667798 0.15974043
v -0.36451428 0.40504238 0.16125721
v -0.37158965 0.39315852 0.17824125
v -0.38152633 0.38846870 0.17318338
v -0.36311643 0.39918709 0.17443310
v -0.35200422 0.40596193 0.16864253
v -0.30202621 0.50813143 -0.14088849
v -0.62250594 0.02657174 0.21370452
v -0.61118886 0.03051147 0.22742030
v -0.61829044 0.01318053 0.22284754
v -0.62696120 0.01574066 0.21028226
v -0.63282249 0.02337242 0.20175113
v -0.79552633 0.00364270 -0.03621614
v -0.79425828 0.00955526 -0.03367062
v -0.78982411 0.00260017 -0.02747355
v -0.79894635 0.00533308 -0.04497272
v -0.39788894 0.37174476 0.18533935
v -0.40480919 0.36339555 0.19412679
v -0.39292923 0.37195818 0.19612164
v -0.39583544 0.36543133 0.20748156
v -0.40822404 0.35625821 0.20825212
v -0.38772107 0.37914942 0.18549646
v -0.80924841 0.00714134 -0.08266720
v -0.80998469 0.00935198 -0.09614516
v -0.80909538 0.00153637 -0.09133187
v -0.80670484 0.00527644 -0.07013791
v -0.80790873 0.00117671 -0.07927250
v -0.80164155 0.01114999 -0.05705650
v -0.81805424 0.01271933 -0.15698983
v -0.81621797 0.00559022 -0.14987800
v -0.81982474 0.00797029 -0.16366736
v -0.81993456 0.01407444 -0.16878580
v -0.68247138 0.03188372 0.15065071
v -0.66816456 0.03044759 0.16476948
v -0.65941235 0.02215410 0.17280269
v -0.66819182 0.01430082 0.16221254
v -0.65507517 0.03291945 0.17778873
v -0.67566022 0.02343961 0.15633114
v -0.38070604 0.37695309 0.19867764
v -0.37550356 0.38596638 0.18664380
v -0.80406690 0.00304833 -0.06044077
v -0.80244197 0.00416620 -0.05373535
v -0.81059808 0.01208983 -0.11343408
v -0.46845069 0.28390656 0.24939978
v -0.46251978 0.28059360 0.26398431
v -0.82002836 0.02883155 -0.24315276
v -0.41934584 0.32892935 0.24731104
v -0.42677728 0.32593040 0.24470699
v -0.42575723 0.33092188 0.23584149
v -0.41361345 0.33709800 0.23984421
v -0.43356092 0.32199347 0.24103708
v -0.43531041 0.32504409 0.23016939
v -0.43078150 0.33229238 0.21977317
v -0.41824524 0.34069912 0.22685668
v -0.81408771 0.03402674 -0.29546874
v -0.81444443 0.04012902 -0.28702925
v -0.81684627 0.02975591 -0.28049128
v -0.78212772 0.01455821 -0.00574239
v -0.29124522 0.54410810 -0.29079721
v -0.29419502 0.52374521 -0.21562164
v -0.29736745 0.51818929 -0.20253077
v -0.45028212 0.30781185 0.23705305
v -0.45884870 0.29994031 0.23515868
v -0.44299342 0.31638524 0.23315354
v -0.31724954 0.47984940 -0.05860606
v -0.31581228 0.48410724 -0.07140617
v -0.31128495 0.47639696 -0.04816453
v -0.30750657 0.48143170 -0.06439203
v -0.28280728 0.54257949 -0.27812159
v -0.27820491 0.55004127 -0.29325618
v -0.75018904 0.01555915 0.05934133
v -0.75651638 0.02013081 0.04963759
v -0.74405125 0.01985355 0.06957777
v -0.77316874 0.01384084 0.01795761
v -0.76707936 0.01337003 0.03089283
v -0.76925207 0.00848063 0.02536254
v -0.77590851 0.00629074 0.00969819
v -0.77879587 0.01135745 0.00550129
v -0.77027655 0.00424856 0.01871453
v -0.76271080 0.02156086 0.03802143
v -0.44611549 0.29979089 0.25890332
v -0.44142242 0.31098344 0.24771837
v -0.43434986 0.30690037 0.26198999
v -0.45296572 0.30110625 0.24685464
v -0.45722937 0.29163211 0.25601280
v -0.42652008 0.31909890 0.25390002
v -0.55041809 0.14233932 0.25903088
v -0.55454729 0.12388022 0.26311696
v -0.54404616 0.13032493 0.27307701
v -0.54667064 0.11792224 0.27601730
v -0.55346949 0.11389282 0.26929747
v -0.56161752 0.10756244 0.26173637
v -0.28990220 0.53796497 -0.26573679
v -0.58582523 0.05175818 0.25458101
v -0.59428023 0.04056368 0.24748524
v -0.57866773 0.06591341 0.25798906
v -0.70024342 0.02195986 0.12940384
v -0.70701409 0.01791938 0.11969657
v -0.70492436 0.03211189 0.12603996
v -0.69270371 0.02605922 0.13875288
v -0.57384664 0.08170378 0.25710643
v -0.81821926 0.03232692 -0.25763727
v -0.82047311 0.02340631 -0.25328049
v -0.81899231 0.02673081 -0.26818442
v -0.81653633 0.03580785 -0.27188427
v -0.82296299 0.01935247 -0.23798432
v -0.51628383 0.18847792 0.27184875
v -0.51023376 0.21237508 0.26346243
v -0.68635580 0.02499443 0.14580186
v -0.29790687 0.47538005 -0.00010839
v -0.30545416 0.47753573 -0.00074961
v -0.30312209 0.47444106 -0.00959393
v -0.30207593 0.47779316 0.00692876
v -0.31090558 0.47686677 0.00609791
v -0.29714908 0.49653989 -0.09840259
v -0.30516531 0.49527953 -0.09567536
v -0.29747197 0.49276864 -0.09197241
v -0.49520461 0.23931726 0.26250222
v -0.82588345 0.01098769 -0.20692158
v -0.82628057 0.01565006 -0.20757190
v -0.82462219 0.01148585 -0.19693281
v -0.82576353 0.01263200 -0.21647628
v -0.82208033 0.01528406 -0.18346530
v -0.82122354 0.00739388 -0.17689158
v -0.28208326 0.53948215 -0.26769007
v -0.28193094 0.53613535 -0.25860577
v -0.37140799 0.40515415 0.14601606
v -0.35765963 0.41390125 0.14869164
v -0.36297797 0.41463277 0.13534612
v -0.72367180 0.02575080 0.10285644
v -0.71547037 0.02862581 0.11345092
v -0.71703538 0.01905750 0.10883189
v -0.72348416 0.01628933 0.09916831
v -0.72639107 0.02188746 0.09879158
v -0.72955491 0.02421355 0.09302289
v -0.42069611 0.34444028 0.21024344
v -0.30523530 0.47600282 0.01585249
v -0.31698238 0.47270658 0.01825926
v -0.65077666 0.02298226 0.18182528
v -0.64208094 0.03230725 0.19076342
v -0.32085658 0.46448769 0.04085606
v -0.33128430 0.46107418 0.03908977
v -0.32606086 0.46658110 0.02886162
v -0.31614475 0.46956008 0.03134386
v -0.32815560 0.45778393 0.05107830
v -0.30661555 0.47167023 0.02749960
v -0.29420510 0.50763663 -0.13926566
v -0.50541335 0.20172901 0.27659010
v -0.50667895 0.18891153 0.28311731
v -0.51230122 0.17714756 0.28374824
v -0.52143050 0.17575002 0.27369950
v -0.35856258 0.42027165 0.12583253
v -0.35074996 0.42127197 0.13400060
v -0.40704950 0.34547137 0.23289397
v -0.40958555 0.35021823 0.22107804
v -0.40098131 0.35232850 0.22767932
v -0.81410370 0.00790450 -0.13208909
v -0.81490344 0.00269305 -0.13909956
v -0.29114194 0.53366900 -0.25045676
v -0.82389131 0.00936621 -0.18686706
v -0.76087184 0.01227120 0.04172015
v -0.30657456 0.47245745 -0.03401441
v -0.35080910 0.42640282 0.11814496
v -0.52931579 0.16044454 0.27384375
v -0.53729018 0.15673811 0.26647211
v -0.52918753 0.16806178 0.26920232
v -0.52856873 0.15284407 0.27921596
v -0.52156308 0.16465238 0.28044198
v -0.53743470 0.14245128 0.27459063
v -0.34500143 0.41780586 0.14820326
v -0.35152682 0.41520851 0.15424314
v -0.35497410 0.41166502 0.15889119
v -0.38846865 0.37154687 0.20374053
v -0.39996120 0.35803228 0.21854673
v -0.75520890 0.01129786 0.05102801
v -0.74347314 0.00933939 0.06672658
v -0.60118512 0.02958667 0.24223369
v -0.60740127 0.01629550 0.23817598
v -0.46143351 0.29375841 0.24494649
v -0.78828932 0.01265269 -0.02112030
v -0.30414981 0.48789228 -0.08067368
v -0.77941396 0.00391182 -0.00270597
v -0.29079576 0.52066247 -0.20833252
v -0.28648740 0.52190652 -0.21456358
v -0.28821148 0.52585022 -0.22066104
v -0.78545334 0.00599554 -0.01455761
v -0.33701349 0.45109869 0.06023944
v -0.35538811 0.42737019 0.10438955
v -0.34722671 0.43517181 0.09343056
v -0.34542190 0.43253306 0.10632989
v -0.34069919 0.43052997 0.11506258
v -0.34173733 0.42671921 0.12452481
v -0.27731817 0.55616188 -0.30270876
v -0.27197333 0.55968366 -0.30835584
v -0.73704759 0.02248133 0.08051902
v -0.56582733 0.09247078 0.26305214
v -0.81231068 0.00347903 -0.11973655
v -0.81066105 -0.00091824 -0.13084240
v -0.34102722 0.43620567 0.09993856
v -0.34077781 0.44222625 0.08109011
v -0.33446441 0.43925485 0.09333343
v -0.33593555 0.43441722 0.10620751
v -0.64294064 0.01722883 0.19050795
v -0.81048889 0.00276311 -0.10612137
v -0.46771893 0.29036185 0.23596229
v -0.68251741 0.01716482 0.14722687
v -0.50329683 0.22530549 0.26318903
v -0.50078839 0.21568690 0.27352276
v -0.27203464 0.55571588 -0.30072440
v -0.82598982 0.01831947 -0.22518740
v -0.82450243 0.01389292 -0.22802359
v -0.49223325 0.22701614 0.27643703
v -0.48691395 0.23928153 0.27450563
v -0.55741207 0.09385759 0.27387500
v -0.56418112 0.08213177 0.27061294
v -0.55072604 0.10628161 0.27648120
v -0.57313182 0.06372225 0.26758015
v -0.57630684 0.05491535 0.26746065
v -0.57005068 0.07150254 0.26791988
v -0.73013621 0.01152461 0.08610410
v -0.73856632 0.01290135 0.07561094
v -0.33551159 0.44790016 0.07141070
v -0.32412624 0.45204777 0.06600471
v -0.32903349 0.44552996 0.07997510
v -0.59395018 0.03000040 0.25317716
v -0.58608491 0.03774206 0.26146351
v -0.58135312 0.04684968 0.26404852
v -0.56657373 -0.03322563 0.32470623
v -0.56426900 -0.01715531 0.32110034
v -0.55779286 -0.02403297 0.33457159
v -0.56993264 -0.02588512 0.31613213
v -0.55943695 -0.03622499 0.33793777
v -0.56471253 -0.04768443 0.33424414
v -0.57310332 -0.04703017 0.31939560
v -0.57544399 -0.03328262 0.30998001
v -0.55329954 -0.03055428 0.34512210
v -0.55398573 -0.04505651 0.35143102
v 0.64218727 -0.20907268 0.19459533
v 0.64373924 -0.19754563 0.20353638
v 0.64789947 -0.20000085 0.18740615
v 0.64545611 -0.21358350 0.17959276
v 0.63729421 -0.22113471 0.19293071
v 0.63526093 -0.21283241 0.20858856
v 0.64942413 -0.18972878 0.19279726
v 0.64315150 -0.18911511 0.21609138
v 0.64826397 -0.18180709 0.20413013
v 0.63729049 -0.20023048 0.22007260
v -0.62206305 -0.16595300 -0.29959717
v -0.61974558 -0.16215415 -0.31004640
v -0.62703333 -0.15072235 -0.29813725
v -0.62063026 -0.17751705 -0.29236841
v -0.61650978 -0.17567861 -0.30703560
v -0.62580296 -0.16343038 -0.29030565
v -0.63115879 -0.15443462 -0.28235016
v -0.63442839 -0.13113360 -0.29437345
v -0.63375704 -0.14238514 -0.28584781
v -0.62709167 -0.13675884 -0.30947680
v -0.76080583 -0.00655405 -0.27657624
v -0.76308989 -0.01058131 -0.26117541
v -0.75345888 -0.01598693 -0.26856377
v -0.77221587 0.00439690 -0.28385861
v -0.77378950 -0.00059206 -0.26800176
v -0.76204016 -0.00116727 -0.28650231
v -0.74820207 -0.01592337 -0.27982507
v -0.75375849 -0.00664272 -0.28902476
v -0.74296564 -0.02573459 -0.26867772
v -0.73652210 -0.02498071 -0.28381720
v -0.74243786 -0.01502164 -0.29256951
v -0.35931782 0.36780483 0.21745672
v -0.37197553 0.36663485 0.21806546
v -0.36940054 0.37390594 0.20835753
v -0.36653606 0.35841284 0.22868147
v -0.35475901 0.37712446 0.20604543
v -0.34382337 0.36915907 0.21534120
v -0.34930603 0.35965712 0.22691590
v -0.38105515 0.36167174 0.22308597
v -0.38289443 0.36907829 0.21135529
v -0.36591517 0.38278323 0.19676527
v -0.47067442 0.25675013 0.27811618
v -0.46733214 0.26944615 0.27109862
v -0.46151155 0.26546467 0.28000721
v -0.45853993 0.25665799 0.28785245
v -0.46627294 0.24510194 0.28942990
v -0.47792999 0.24358593 0.28091322
v -0.44655453 0.25865174 0.29399795
v -0.45208270 0.24508471 0.29856801
v -0.45205769 0.26728740 0.28533309
v -0.03427516 0.32912475 0.31028416
v -0.02280153 0.33236526 0.32030516
v -0.03611939 0.32655943 0.32548264
v -0.04539789 0.32701423 0.30017146
v -0.03125242 0.33309853 0.29318018
v -0.04723149 0.32402898 0.31669183
v -0.02379660 0.33377229 0.30584174
v -0.03782287 0.32485863 0.33957109
v -0.04800828 0.32221286 0.33198673
v -0.02751249 0.32908624 0.33404556
v -0.01387729 0.33751309 0.30942087
v -0.01065520 0.33767606 0.32135367
v -0.01466601 0.33465103 0.33596463
v -0.06898977 0.33612118 0.22712304
v -0.07570462 0.33674593 0.21392958
v -0.05848280 0.33693572 0.21637838
v -0.05613560 0.33747456 0.22928048
v -0.06177902 0.33529757 0.24124045
v -0.07779907 0.33319298 0.23787840
v -0.08429024 0.33472435 0.22538656
v -0.25371985 0.33419864 0.25373612
v -0.25089012 0.32639788 0.26996047
v -0.26633943 0.33053062 0.26133981
v -0.27042492 0.33939422 0.24550502
v -0.23977971 0.33640441 0.24700499
v -0.24070301 0.33106085 0.25959837
v -0.25385657 0.34127434 0.23911227
v -0.27940146 0.33336096 0.25648964
v -0.26551337 0.32374317 0.27415719
v -0.27818902 0.32629207 0.26865255
v -0.23951805 0.32078616 0.28396740
v -0.25669130 0.31797744 0.28709699
v -0.23367939 0.32657288 0.27038648
v -0.76149282 -0.01587989 -0.01062734
v -0.76320390 -0.00946364 0.00465852
v -0.75230251 -0.01789674 0.00435131
v -0.74675521 -0.02712421 -0.00875764
v -0.76736846 -0.01656857 -0.02769463
v -0.77335560 -0.00978105 -0.01846042
v -0.75444138 -0.02454723 -0.02249106
v -0.77242591 -0.00593049 -0.00595563
v -0.24022736 0.49252105 -0.28074721
v -0.24284704 0.48400128 -0.26624554
v -0.24973730 0.49824503 -0.26537579
v -0.24880686 0.50790698 -0.27849538
v -0.24070583 0.50569421 -0.29287791
v -0.23175869 0.49210000 -0.29689375
v -0.23035506 0.47975355 -0.28828636
v -0.23610710 0.47919161 -0.27663850
v -0.25025936 0.48805817 -0.25221021
v -0.25862729 0.50376478 -0.24958700
v -0.25708749 0.51243926 -0.26494645
v -0.24319109 0.47435602 -0.25474329
v -0.23650700 0.47088429 -0.26743199
v 0.61069757 -0.26071925 0.19148846
v 0.61994115 -0.25768536 0.18161275
v 0.61465707 -0.26563122 0.17812108
v 0.59760624 -0.26928667 0.19656967
v 0.60285488 -0.25914605 0.20606158
v 0.62087756 -0.24920358 0.19144826
v 0.61251824 -0.25026431 0.20435835
v 0.60496136 -0.27200623 0.18157674
v 0.62822267 -0.24947961 0.17786736
v 0.62384499 -0.26214767 0.16845693
v 0.61266078 -0.27424719 0.16669665
v -0.25215060 0.36738186 0.18059616
v -0.26509297 0.36981786 0.18486975
v -0.26416032 0.37486571 0.17358081
v -0.24314837 0.35852753 0.19514583
v -0.25971927 0.36349393 0.19457629
v -0.25342841 0.37356268 0.16759967
v -0.23596577 0.36310082 0.17895651
v -0.24317098 0.36930898 0.16930042
v -0.27350790 0.36819145 0.19390867
v -0.27551843 0.37532109 0.18159122
v -0.27615544 0.38227461 0.16854312
v -0.26246533 0.38128660 0.15866663
v -0.17305999 0.40603753 -0.30336339
v -0.17735433 0.40193589 -0.29355860
v -0.18610950 0.41166659 -0.29495609
v -0.17932735 0.41696297 -0.30875636
v -0.15938956 0.39979580 -0.30985616
v -0.16701814 0.39685972 -0.29673377
v -0.52960489 0.01469080 0.35314746
v -0.53812994 0.01101070 0.34390364
v -0.53157535 0.02307100 0.34510821
v -0.53312748 0.00240921 0.35633469
v -0.52431793 0.01172605 0.36234235
v -0.52128379 0.02407910 0.35786688
v -0.52514638 0.03318812 0.34685983
v -0.54198728 0.02066620 0.33283767
v -0.53390352 0.03340933 0.33568323
v -0.13915068 0.33066164 0.23285851
v -0.15513666 0.33021864 0.23818680
v -0.14986147 0.33372744 0.22322248
v -0.13656089 0.33369202 0.22093298
v -0.12518986 0.33191329 0.22732053
v -0.12664225 0.32840467 0.24120920
v -0.14089234 0.32735797 0.24649958
v -0.16724125 0.32883698 0.24829406
v -0.17161187 0.33207707 0.23665258
v -0.15345444 0.32652701 0.25341305
v -0.16315288 0.33382028 0.22666835
v -0.16187573 0.33788924 0.21216007
v -0.14269689 0.33744025 0.20864969
v -0.64989428 -0.14039973 -0.24567058
v -0.66006584 -0.12637353 -0.23893062
v -0.65540496 -0.13983043 -0.23239020
v -0.64219137 -0.15456502 -0.25031658
v -0.64308280 -0.14277252 -0.26046716
v -0.65126759 -0.12733948 -0.25743069
v -0.64825596 -0.15302641 -0.23501922
v -0.64169056 -0.16357054 -0.24155171
v -0.63537932 -0.17069494 -0.25291655
v -0.63526925 -0.15817325 -0.26658031
v -0.81216676 -0.00066993 -0.14310939
v -0.80238652 -0.00724844 -0.14092666
v -0.80961960 -0.00243812 -0.15418630
v -0.23801260 0.38325734 -0.06653232
v -0.24032968 0.38512983 -0.05198125
v -0.24598804 0.39309879 -0.06344664
v -0.24227630 0.39045730 -0.07362005
v -0.23512869 0.38331893 -0.07879515
v -0.22833806 0.37411032 -0.07178802
v -0.23259284 0.37575510 -0.06035747
v -0.24987740 0.39745468 -0.05385272
v -0.22902567 0.37182596 -0.05108849
v -0.23163343 0.37744650 -0.04034168
v -0.24848387 0.39663823 -0.04500054
v -0.24068771 0.38986211 -0.03731639
v -0.25344303 0.40417869 -0.06220617
v -0.24862108 0.39975550 -0.07374832
v -0.35395791 0.35028573 0.23825021
v -0.36861620 0.34771630 0.24146864
v -0.33895418 0.35131909 0.23603723
v -0.34317480 0.34305443 0.24638810
v -0.35705105 0.34108574 0.24936025
v -0.44993650 0.12450926 0.36679828
v -0.44009743 0.13488663 0.36848837
v -0.42713384 0.14480822 0.37256604
v 0.57112627 -0.24257024 0.27769159
v 0.58401552 -0.23600556 0.27093251
v 0.57516376 -0.24753162 0.26337146
v 0.57738321 -0.23393504 0.28438705
v 0.56768759 -0.23730328 0.29165339
v 0.55915697 -0.24744318 0.28435479
v 0.56279034 -0.25294417 0.26957595
v 0.58535259 -0.24287562 0.25737266
v 0.58004312 -0.25163488 0.24979508
v 0.56710646 -0.25902963 0.25296822
v -0.41726470 0.30366003 0.27658864
v -0.40703840 0.30001262 0.28418078
v -0.41922888 0.29410673 0.28358394
v -0.42800948 0.30050387 0.27344460
v -0.42212191 0.31041777 0.26730757
v -0.40797679 0.31127645 0.27334533
v -0.43359549 0.28794411 0.28055031
v -0.42024851 0.28163741 0.29242198
v -0.40747222 0.28871013 0.29324314
v -0.39484278 0.29475185 0.29356234
v -0.39407203 0.30569361 0.28371213
v -0.58679584 -0.10458881 0.31404111
v -0.58805769 -0.09169493 0.30726750
v -0.57978443 -0.09307194 0.32462663
v -0.58072719 -0.10777769 0.32768982
v -0.59376783 -0.10338286 0.29884237
v -0.59213178 -0.11748473 0.30580841
v -0.58580231 -0.11483801 0.31900053
v -0.58137068 -0.11960902 0.32887004
v -0.58696363 -0.12536553 0.31792784
v -0.56332321 0.07278814 0.27690499
v -0.56772079 0.06232201 0.27625289
v -0.22517833 0.33147777 0.25714454
v -0.22491460 0.33768805 0.23980696
v -0.20869368 0.33331473 0.24772459
v -0.20726150 0.32810500 0.26518335
v -0.22065762 0.32666134 0.27063740
v -0.18934558 0.33362733 0.23901209
v -0.19530681 0.33008184 0.25488341
v -0.20929597 0.33872700 0.23055750
v -0.23972611 0.34244269 0.23249299
v -0.22600922 0.34363061 0.22378435
v 0.48712978 -0.25744616 0.33745036
v 0.49941717 -0.25642470 0.32880615
v 0.50120403 -0.26365986 0.31323346
v -0.39172958 0.35661751 0.22675156
v -0.39070007 0.36288563 0.21779981
v -0.38093347 0.35308659 0.23400543
v -0.39444950 0.34774910 0.23722544
v -0.28230764 0.34853792 0.23196684
v -0.29814558 0.35055733 0.23190480
v -0.29171500 0.35782428 0.21976232
v -0.27615390 0.35556883 0.21843770
v -0.26632028 0.34760667 0.22975860
v -0.29071118 0.34033364 0.24603555
v -0.16997883 0.37345404 -0.18918128
v -0.17289868 0.37273760 -0.17800600
v -0.18140782 0.37702000 -0.18632299
v -0.17584257 0.37755837 -0.19957173
v -0.67972268 -0.10078144 -0.23719472
v -0.68723547 -0.10099429 -0.22220429
v -0.67711499 -0.10918944 -0.22811123
v -0.68555277 -0.09152366 -0.24282399
v -0.69116431 -0.09126515 -0.23300386
v -0.67077395 -0.10513451 -0.24663736
v -0.67705590 -0.09593993 -0.25006274
v -0.66979133 -0.11237225 -0.23784912
v -0.25441545 0.28222028 0.37037507
v -0.26960057 0.27486022 0.37226080
v -0.26787797 0.28456540 0.35758426
v -0.25382481 0.28828861 0.35868074
v -0.24491972 0.28838796 0.36420536
v 0.61114441 -0.11231944 0.36712885
v 0.61339566 -0.10013835 0.36632845
v 0.61535997 -0.11036504 0.35710618
v 0.61191243 -0.12248888 0.35887056
v 0.60354805 -0.13055608 0.37050799
v -0.22490668 0.32268581 0.28153908
v -0.21203562 0.32390836 0.27937437
v -0.21628418 0.32047196 0.28943097
v -0.22713072 0.31719277 0.29601353
v -0.24376786 0.31394156 0.29931400
v -0.40358557 0.26277581 0.31368945
v -0.39305112 0.25462547 0.32481740
v -0.40370135 0.25023871 0.32185542
v -0.41605072 0.25117929 0.31454085
v -0.42033660 0.26647290 0.30269718
v -0.39603604 0.27355368 0.31000410
v -0.38903448 0.26632691 0.31874419
v -0.40721507 0.27636713 0.30250798
v 0.61736486 -0.16227251 0.31760287
v 0.61425974 -0.17366635 0.31327813
v 0.60942228 -0.17308959 0.32294052
v 0.60976012 -0.16573715 0.32997073
v 0.61250322 -0.15771447 0.33205948
v 0.62511098 -0.14851977 0.31043635
v 0.62614246 -0.16065723 0.29834789
v 0.61856295 -0.14756442 0.32735944
v 0.61951379 -0.17054137 0.30534937
v 0.60159143 -0.18178971 0.32637441
v 0.60320153 -0.17278324 0.33410176
v 0.60820026 -0.18173518 0.31524536
v 0.61488325 -0.17998227 0.30451440
v -0.22945712 0.46829385 -0.27983908
v -0.22072306 0.46628007 -0.29348839
v -0.22201060 0.45551259 -0.28251884
v -0.22958151 0.45792468 -0.26987002
v -0.77248968 -0.02247348 -0.08019478
v -0.76076200 -0.03174391 -0.08446078
v -0.77047789 -0.02539442 -0.09515292
v -0.78265129 -0.01734250 -0.09139885
v -0.77508537 -0.01893604 -0.06399550
v -0.76218468 -0.02844081 -0.06941440
v -0.78469750 -0.01495978 -0.07721575
v -0.79512709 -0.00880135 -0.07403448
v -0.78685385 -0.01261599 -0.06638561
v -0.79442677 -0.01048715 -0.08801282
v -0.67390440 -0.06526875 -0.30626105
v -0.68472884 -0.06175167 -0.29826507
v -0.67781502 -0.07023435 -0.29246109
v -0.66201822 -0.07220015 -0.31042822
v -0.68664915 -0.05478451 -0.30817068
v -0.66462747 -0.07781757 -0.29828379
v -0.37071541 0.21869542 0.36154145
v -0.35761282 0.22991987 0.36185060
v -0.29527380 0.47548812 0.00767615
v -0.28915479 0.46977769 0.00406815
v -0.29777918 0.47601154 0.01347519
v -0.29019245 0.47115509 0.01442890
v -0.22894475 0.39323097 -0.01520348
v -0.21769942 0.38154874 -0.01508687
v -0.21791127 0.39108577 -0.00490000
v -0.22814641 0.40223907 -0.00434088
v -0.24012845 0.39721896 -0.02535170
v -0.22901145 0.38286985 -0.02729054
v -0.23935186 0.40603837 -0.01382124
v -0.67698072 -0.16353156 -0.10835848
v -0.68030207 -0.16049145 -0.09384826
v -0.67405128 -0.17299086 -0.09339057
v -0.67023876 -0.17263453 -0.12139269
v -0.67596371 -0.16114717 -0.12301202
v -0.66955258 -0.17816217 -0.10813914
v -0.68438329 -0.15110661 -0.10119331
v -0.68366350 -0.14849010 -0.11795236
v -0.27656198 0.48316969 -0.13446604
v -0.27364511 0.47325474 -0.12623855
v -0.27856680 0.48242432 -0.11963043
v -0.28230803 0.49556924 -0.13878548
v -0.27727457 0.48801568 -0.14629114
v -0.28304172 0.49342054 -0.12525254
v -0.27110613 0.47070712 -0.13655179
v -0.27159896 0.47586553 -0.14868392
v -0.26845677 0.46020462 -0.12788223
v -0.27453582 0.46876361 -0.11259951
v -0.28163512 0.48183364 -0.10630382
v -0.28415803 0.49090484 -0.11342489
v 0.63344874 -0.15490265 0.28293400
v 0.63131597 -0.14580586 0.29464696
v 0.63506541 -0.16323390 0.27214052
v 0.62990391 -0.16615820 0.28435017
v 0.63618779 -0.14197244 0.27955922
v 0.63831453 -0.15096645 0.26797004
v 0.62958121 -0.13508630 0.30578773
v 0.63389810 -0.13304271 0.29059672
v 0.62279383 -0.17530709 0.29229525
v -0.54813545 -0.01767593 0.34630272
v -0.55389235 -0.00918809 0.33290025
v 0.64352487 -0.27241449 0.11842480
v 0.64348484 -0.26289196 0.13208559
v 0.65111130 -0.26123334 0.11773942
v 0.63418620 -0.27592033 0.12996610
v 0.65074465 -0.27037780 0.10652979
v 0.65625988 -0.26096597 0.10617050
v 0.65145466 -0.25051394 0.12856962
v 0.65790617 -0.24938660 0.11277841
v 0.63579053 -0.26754091 0.14109461
v 0.64535347 -0.25116533 0.14232351
v 0.63969981 -0.25993438 0.14445319
v 0.68982219 -0.27326226 -0.05261529
v 0.68771335 -0.26517576 -0.03880549
v 0.69112970 -0.28414499 -0.06691465
v 0.68739574 -0.27762050 -0.03757742
v 0.69114172 -0.26876816 -0.06958696
v 0.68399838 -0.28191888 -0.02360409
v 0.68606973 -0.26966374 -0.02390107
v 0.63083331 -0.23623483 0.18909996
v 0.62907100 -0.22721610 0.20463740
v 0.63963743 -0.22722953 0.17999204
v -0.23109523 0.40452302 -0.17036215
v -0.23832209 0.40851570 -0.15242243
v -0.24216463 0.41839636 -0.16742453
v -0.21722931 0.39213026 -0.17313188
v -0.22624690 0.39654281 -0.15801123
v -0.22346985 0.40026337 -0.18571425
v -0.23574838 0.41437036 -0.18527018
v -0.23140231 0.39850626 -0.14575751
v -0.23862710 0.40424882 -0.13581414
v -0.24688084 0.41639111 -0.13766316
v -0.24826475 0.42339440 -0.15156294
v -0.24572550 0.42781204 -0.17984727
v -0.25150520 0.43416481 -0.16474716
v -0.24999502 0.41056223 -0.02360209
v -0.25000768 0.40306284 -0.03522736
v -0.75925246 -0.03505206 -0.09949550
v -0.76855017 -0.02805719 -0.10945468
v -0.78053037 -0.01961433 -0.10581178
v -0.79252378 -0.01247127 -0.10216419
v -0.65397159 0.00988393 0.17762921
v -0.66203000 -0.00502700 0.16530747
v -0.64335137 0.00342844 0.19045425
v -0.65032944 -0.00680137 0.18095257
v -0.46523466 0.21129637 0.30860719
v -0.47306767 0.19880940 0.30944660
v -0.47801411 0.21144872 0.29893076
v -0.47005047 0.22278420 0.29923166
v -0.45729582 0.22240929 0.30794135
v -0.45211428 0.21109297 0.31727900
v -0.45997915 0.20043969 0.31795297
v -0.46564422 0.19172201 0.31872218
v -0.47312209 0.18743114 0.31540051
v -0.48471402 0.20057373 0.29891283
v -0.48406331 0.18730978 0.30643313
v -0.49156859 0.21070561 0.28676958
v -0.48190426 0.22341341 0.28938204
v -0.18644882 0.39331610 -0.26640788
v -0.18417243 0.38978075 -0.25860071
v -0.19510806 0.39763300 -0.25730068
v -0.19180314 0.40062747 -0.27226065
v -0.18119445 0.39391027 -0.27578560
v -0.17711153 0.38806021 -0.26656433
v -0.09952174 0.34066787 0.14406971
v -0.10903419 0.34367071 0.14404038
v -0.10187476 0.33900642 0.13216577
v -0.10310282 0.34259849 0.15388615
v -0.11695427 0.34502648 0.13379707
v -0.11222935 0.34103984 0.12089449
v -0.10098183 0.33524078 0.11938495
v -0.09609413 0.33470547 0.12554937
v -0.11299017 0.34527496 0.15365702
v -0.12110518 0.34719438 0.14698976
v -0.60929026 -0.12508732 0.26881546
v -0.60795114 -0.13864700 0.27117414
v -0.61430431 -0.12995146 0.25705145
v -0.60606147 -0.11441406 0.27469746
v -0.60420869 -0.12621733 0.28054983
v -0.61235014 -0.11615809 0.26071010
v -0.70202225 -0.08494624 0.02842460
v -0.70371678 -0.07156346 0.03967646
v -0.69752867 -0.08497212 0.04519048
v -0.69671145 -0.09509099 0.03581360
v -0.70985331 -0.06992388 0.02060402
v -0.70578024 -0.08777004 0.00794405
v -0.69799871 -0.10123967 0.02109894
v -0.69517078 -0.11524753 0.01039994
v -0.70028113 -0.10418231 0.00410049
v -0.69226551 -0.11600650 0.02495401
v -0.69281146 -0.10696046 0.03608021
v -0.80351291 -0.00420675 -0.08354395
v -0.80374946 -0.00509482 -0.09985343
v -0.80000729 -0.00861098 -0.11169317
v -0.80772275 -0.00296400 -0.11557343
v -0.80279263 -0.00212245 -0.06873665
v -0.25725448 0.49075101 -0.23694788
v -0.26518453 0.50408229 -0.23276108
v -0.26391667 0.49309857 -0.22195777
v -0.24945076 0.47648612 -0.24074040
v -0.25600125 0.47851181 -0.22547829
v -0.26377501 0.51661092 -0.25392459
v -0.26749049 0.51486589 -0.24177014
v 0.65251009 -0.18991215 0.18034203
v 0.65191249 -0.20035026 0.17275753
v -0.57728203 0.04298673 0.27227762
v -0.58008588 0.02894619 0.27506334
v -0.57039322 0.05073102 0.27848085
v -0.56920652 0.03868181 0.28631021
v -0.58978277 0.02268308 0.26313922
v -0.57254527 0.02010115 0.29074224
v -0.58499447 0.01104273 0.27593144
v -0.81338204 0.00379739 -0.21505233
v -0.81073725 0.00462604 -0.22385174
v -0.81941049 0.00857849 -0.22313959
v -0.80381436 0.00037183 -0.21658091
v -0.80797014 -0.00012137 -0.20515053
v -0.82021228 0.00623698 -0.20595837
v -0.61951326 -0.20828554 0.19392486
v -0.62592289 -0.20556071 0.17931707
v -0.62719099 -0.19482832 0.19038107
v -0.62145924 -0.19729073 0.20366915
v -0.63309449 -0.19175220 0.17634251
v -0.63187308 -0.20278814 0.16458277
v -0.68059333 -0.07434952 0.10407781
v -0.67464220 -0.07457205 0.11911854
v -0.67507928 -0.08610592 0.11255164
v -0.68758291 -0.06510202 0.09172880
v -0.68371776 -0.05974531 0.10442972
v -0.67909305 -0.08807899 0.10023217
v -0.67867381 -0.06495874 0.11369969
v -0.68526849 -0.08137196 0.08699952
v -0.67099293 -0.08476556 0.12404173
v -0.67043011 -0.09565273 0.12074402
v -0.67466098 -0.09835930 0.10708366
v -0.67424272 -0.06048967 0.12610528
v -0.66835374 -0.07587935 0.13407441
v -0.29269029 0.46875992 -0.00783013
v -0.28098269 0.45965359 -0.00231454
v -0.27863822 0.46136453 0.01297483
v -0.62728608 -0.20216116 -0.24062373
v -0.63160811 -0.18650853 -0.24660628
v -0.63509567 -0.18894960 -0.23198169
v -0.63145832 -0.20119824 -0.22766671
v -0.62456306 -0.19794492 -0.25572108
v -0.62801172 -0.18460450 -0.26089608
v -0.63861080 -0.17500697 -0.23774429
v -0.63751456 -0.19341519 -0.21766226
v -0.64356751 -0.17547205 -0.22160782
v -0.66373631 -0.17430739 0.08061794
v -0.66629799 -0.16254689 0.08568861
v -0.66056192 -0.17429604 0.09517014
v -0.66843873 -0.16566402 0.07045660
v -0.65874507 -0.18689988 0.08233224
v -0.66328189 -0.18158984 0.06937144
v -0.65987832 -0.16477075 0.11134384
v -0.65604217 -0.17903732 0.10876528
v -0.65309614 -0.19220772 0.09880771
v -0.66429470 -0.15962513 0.09827828
v -0.66901723 -0.14728882 0.09111771
v -0.67036874 -0.15367794 0.07823139
v -0.59052269 -0.07629746 0.29714892
v -0.59460212 -0.09149679 0.29354178
v -0.59957242 -0.08568423 0.28146119
v -0.58532575 -0.05951653 0.30179917
v -0.58083386 -0.06926870 0.31371356
v -0.59331745 -0.05933131 0.28657355
v -0.58295240 -0.08166598 0.31416002
v -0.59968171 -0.07131205 0.27740179
v -0.73101624 -0.05837138 -0.04314631
v -0.72809088 -0.06593828 -0.05245448
v -0.73440769 -0.05674656 -0.05631860
v -0.73858836 -0.04852192 -0.04797902
v -0.72559860 -0.06212758 -0.02720531
v -0.72332045 -0.07142935 -0.04213115
v -0.73702262 -0.04630634 -0.03275694
v -0.73994653 -0.03729206 -0.01830328
v -0.73050633 -0.04928536 -0.01605601
v -0.74715361 -0.03318530 -0.02968742
v -0.74820956 -0.03686030 -0.04629853
v -0.53607888 0.08289719 0.30603598
v -0.53691226 0.09353956 0.29977121
v -0.52846229 0.08953360 0.31142770
v -0.53060071 0.07723933 0.31516663
v -0.54000918 0.07224931 0.30679377
v -0.54439249 0.08174283 0.29669188
v -0.54710156 0.09431090 0.28699924
v -0.55096645 0.06709143 0.29607425
v -0.55526081 0.08000215 0.28386664
v -0.25678818 0.43293241 -0.00414133
v -0.25027646 0.42025949 -0.01164450
v -0.24613760 0.42549433 0.00125474
v -0.26250132 0.43167157 -0.01563336
v -0.26240012 0.44361126 0.00409896
v -0.26695550 0.44168057 -0.00805344
v -0.25236873 0.43457968 0.00573477
v -0.25870015 0.42212588 -0.02264089
v -0.23775670 0.41401299 -0.00238227
v -0.32464148 0.40444729 0.16680729
v -0.33729561 0.40766403 0.16644522
v -0.32757423 0.41084631 0.15774872
v -0.31444664 0.39763501 0.17121767
v -0.32884528 0.39821718 0.17734410
v -0.31541548 0.40522192 0.15961224
v -0.19550563 0.41034409 -0.28126360
v -0.19743748 0.41972674 -0.28920061
v -0.20409770 0.41045926 -0.26611071
v -0.20547645 0.42065309 -0.27823163
v -0.18484797 0.40177384 -0.28443076
v -0.20509754 0.43070841 -0.28849199
v -0.21354753 0.42291513 -0.26648343
v -0.21405378 0.43241295 -0.27602256
v -0.25262706 0.44116003 -0.17929173
v -0.25738352 0.44458710 -0.15791320
v -0.25748246 0.44852423 -0.16852505
v -0.25595353 0.43728459 -0.14763302
v -0.79730583 0.02860109 -0.31107266
v -0.80781733 0.03081552 -0.30348229
v -0.79855475 0.02270795 -0.29613647
v -0.78409616 0.02005816 -0.30505429
v -0.73669960 -0.04866377 -0.22187477
v -0.72530075 -0.05936660 -0.22695001
v -0.73093678 -0.05011677 -0.23657609
v -0.74284488 -0.04641608 -0.20473507
v -0.73102336 -0.05809889 -0.21166073
v -0.74035172 -0.04171817 -0.23180158
v -0.74856314 -0.03632746 -0.22018150
v -0.74125578 0.00235201 0.06405579
v -0.74790117 0.00446485 0.05602204
v -0.73449017 0.00241551 0.07275388
v -0.73707460 -0.00563580 0.05909899
v -0.74755096 -0.00490851 0.04310021
v -0.75555655 0.00500504 0.04529127
v -0.55457438 0.01692138 0.31790129
v -0.55966717 -0.00062000 0.31990452
v -0.56746665 0.00648425 0.30490305
v -0.55540989 0.03150558 0.30912228
v -0.54491416 0.03215715 0.32240813
v -0.54875835 0.00624151 0.33189976
v -0.56293790 0.02122145 0.30417186
v -0.56801471 -0.00769506 0.31098611
v -0.57813155 0.00292402 0.29047179
v -0.57506674 -0.00819045 0.30023649
v -0.59839572 0.01866952 0.25136929
v 0.65098409 -0.27762612 0.09389049
v -0.32693671 0.36983891 0.21238408
v -0.31888042 0.35977039 0.22331887
v -0.33340446 0.36011342 0.22497488
v -0.33943826 0.37895935 0.20340700
v -0.32426994 0.38092878 0.19824429
v -0.31383963 0.36590005 0.21456915
v -0.31518078 0.37256929 0.20638082
v -0.30861600 0.37751565 0.19744935
v -0.30238309 0.36751999 0.20904899
v -0.31064857 0.35291252 0.23071710
v -0.30785770 0.34493518 0.24107801
v -0.30590692 0.35911389 0.22159116
v -0.32288113 0.35048636 0.23548000
v -0.73617452 -0.01425286 -0.30487833
v -0.73263225 -0.02263473 -0.29576846
v -0.72508302 -0.02419098 -0.30584177
v -0.74802815 -0.00495761 -0.30204660
v 0.49344520 -0.23511105 0.37168428
v 0.48083136 -0.24172720 0.37109877
v -0.29951243 0.26493190 0.36684035
v -0.28588524 0.27623340 0.36071249
v -0.19237700 0.39698562 0.05613778
v -0.18792688 0.38897136 0.07250424
v -0.20082963 0.40131627 0.06829191
v -0.20231962 0.40675795 0.05854587
v -0.17960598 0.38405680 0.05801662
v -0.19425108 0.39932513 0.04369791
v -0.18434375 0.38793605 0.04316299
v -0.20153517 0.40737920 0.04894443
v -0.62046516 -0.13391306 0.24249372
v -0.61884018 -0.11911560 0.24597788
v -0.61492443 -0.14664762 0.25321133
v -0.62537280 -0.12383549 0.23085833
v -0.62365690 -0.10605761 0.23345788
v -0.61559746 -0.10493512 0.25146684
v -0.62148213 -0.14563975 0.23868549
v -0.62596858 -0.13828001 0.22908308
v -0.26547889 0.45059164 0.01523950
v -0.27179107 0.45359018 0.00549545
v -0.26910758 0.45425606 0.02764903
v -0.25971747 0.44771099 0.02327969
v -0.25199054 0.43969436 0.01717040
v -0.27173347 0.45010576 -0.00258069
v -0.34783986 0.23801565 0.36199000
v -0.33697599 0.23949442 0.36717607
v -0.34246660 0.24802017 0.35772177
v -0.35631783 0.24362883 0.35306547
v -0.36905820 0.23340620 0.35275125
v -0.78893036 -0.01484896 -0.14624120
v -0.78972468 -0.01485681 -0.13094383
v -0.77525662 -0.02408147 -0.13717643
v -0.77818585 -0.02104532 -0.15362898
v -0.78821664 -0.01445592 -0.15844329
v -0.79863921 -0.00895021 -0.15595563
v -0.67294882 -0.17241777 0.02584221
v -0.67058646 -0.17308831 0.04213234
v -0.66752797 -0.18427442 0.03307357
v -0.67164619 -0.17975369 0.00989601
v -0.67743410 -0.16467904 0.01295847
v -0.67857750 -0.15777240 0.02427280
v -0.67657011 -0.15784671 0.03726629
v -0.66658740 -0.18934989 0.02050873
v -0.66408141 -0.18903030 0.04519894
v -0.66203427 -0.19730265 0.03172790
v -0.66021900 -0.20784491 -0.03722715
v -0.66559620 -0.19709329 -0.02700639
v -0.66520298 -0.19711573 -0.01254732
v -0.64881848 -0.16077072 -0.22400059
v -0.65220273 -0.16245784 -0.21200138
v -0.64853590 -0.17413209 -0.20751080
v -0.64363256 -0.18383105 -0.21028111
v -0.64415447 -0.16543351 -0.23194532
v -0.65622186 -0.14806304 -0.21979629
v -0.66027334 -0.15137997 -0.20396027
v -0.65618128 -0.16527143 -0.19564826
v -0.10215786 0.31487257 0.36434402
v -0.11462371 0.31434000 0.36676834
v -0.08872951 0.31570768 0.36530685
v -0.11257303 0.31388501 0.35120448
v -0.09391104 0.31468345 0.35054186
v -0.12846519 0.31322482 0.36225828
v -0.29908066 0.38108703 0.18744420
v -0.30122321 0.38972269 0.17492593
v -0.28784768 0.38223946 0.17803773
v -0.28623090 0.37436880 0.19074616
v -0.29627440 0.37333615 0.19804367
v -0.31489466 0.38822141 0.18512108
v -0.73995288 -0.05935248 -0.13882761
v -0.73316980 -0.06764780 -0.14991833
v -0.74456686 -0.05282499 -0.15228054
v -0.74910359 -0.04816782 -0.13701997
v -0.73168536 -0.07080980 -0.13184677
v -0.74173589 -0.05707442 -0.12290212
v -0.73271337 -0.06930631 -0.11686590
v -0.72442576 -0.08172708 -0.11844099
v -0.72363017 -0.08239594 -0.13264616
v -0.72618851 -0.07797303 -0.14235831
v 0.61510901 -0.18747176 0.29408707
v 0.60690895 -0.19796853 0.29508345
v 0.60746717 -0.18986727 0.30581735
v 0.61523566 -0.19519922 0.28265333
v 0.62174054 -0.18499317 0.28293134
v 0.59853860 -0.19962632 0.30730026
v 0.60643074 -0.20610671 0.28329853
v 0.59755457 -0.20807145 0.29601736
v 0.59989653 -0.19085931 0.31748859
v -0.26370937 0.44569809 -0.12304533
v -0.26877552 0.45448193 -0.11366535
v -0.26589234 0.46060188 -0.14519521
v -0.26214924 0.44799705 -0.13764875
v -0.24425218 0.29318115 0.35321389
v -0.23220987 0.29242621 0.36333338
v -0.27570237 0.31796143 0.28421823
v -0.26654293 0.31105210 0.29989715
v -0.28097299 0.31113314 0.29662061
v -0.29157507 0.31450754 0.28855712
v -0.29108066 0.32219745 0.27508191
v -0.17373536 0.37767904 0.04793863
v -0.16528026 0.36780170 0.04395177
v -0.16685906 0.37175877 0.05918113
v -0.17504430 0.37568308 0.03574344
v -0.32841576 0.42793828 0.11926490
v -0.33689587 0.42267457 0.13503601
v -0.38298456 0.28898650 0.30333873
v -0.39558994 0.28360924 0.30254269
v -0.38140623 0.29984426 0.29360363
v -0.72685461 -0.07435153 -0.07860805
v -0.72278392 -0.07923015 -0.06738541
v -0.71843902 -0.08889392 -0.07715228
v -0.72940796 -0.06713128 -0.06527231
v -0.73465251 -0.06167535 -0.07876804
v -0.72407545 -0.08089340 -0.09098279
v -0.73197134 -0.06815465 -0.09183668
v -0.71784298 -0.09151240 -0.09081914
v -0.71185185 -0.10162002 -0.08499346
v -0.71662174 -0.08915553 -0.06043241
v -0.70915971 -0.10483012 -0.06726625
v -0.72275854 -0.07639040 -0.05553294
v -0.12054781 0.31473216 0.31694885
v -0.11628696 0.31652804 0.29944123
v -0.10248323 0.31557656 0.31070246
v -0.13278744 0.31377409 0.32978258
v -0.13846775 0.31502270 0.31557374
v -0.10741926 0.31431395 0.32455112
v -0.11741577 0.31379807 0.33389498
v -0.12992290 0.31593241 0.30528943
v -0.12247407 0.31872976 0.28532125
v -0.10751360 0.31867925 0.28622499
v -0.10217513 0.31708248 0.29677509
v -0.12977297 0.31722200 0.29521303
v -0.76061984 -0.03613467 -0.13639451
v -0.75524579 -0.04093110 -0.14901576
v -0.76638792 -0.03035177 -0.14943267
v -0.75379259 -0.04269969 -0.12302905
v -0.76559938 -0.03137435 -0.12315092
v -0.75194852 -0.04354604 -0.15960769
v -0.76043477 -0.03481211 -0.16016149
v -0.70284733 -0.05555703 -0.28327617
v -0.71005689 -0.05728500 -0.26745257
v -0.69593593 -0.06582356 -0.27422185
v -0.68996997 -0.06360878 -0.28748985
v -0.70855993 -0.04512473 -0.29424037
v -0.71671964 -0.04577318 -0.27891033
v -0.69546037 -0.05447850 -0.29667919
v -0.68320445 -0.07308904 -0.27969414
v -0.70122401 -0.06754478 -0.26210402
v -0.68839793 -0.07690460 -0.26491308
v -0.72507998 -0.04592227 -0.26199208
v -0.71802763 -0.05567256 -0.25551140
v -0.70992874 -0.06313216 -0.25540867
v -0.65850564 -0.20506704 -0.08861471
v -0.65756200 -0.20389394 -0.10118875
v -0.65501423 -0.20505346 -0.11431999
v -0.73678547 -0.05600199 -0.06778749
v -0.74341770 -0.04558682 -0.06141087
v -0.14215568 0.31185066 0.36560331
v 0.66139290 -0.25592084 0.09655101
v 0.66405086 -0.24201254 0.09878051
v 0.66713691 -0.25066184 0.08039677
v 0.66238991 -0.26455039 0.08390781
v 0.65713917 -0.26732598 0.09575925
v 0.66111342 -0.23462580 0.11447957
v 0.65641328 -0.24011904 0.12514958
v 0.66548185 -0.22736861 0.10201181
v 0.66842490 -0.23399576 0.08508715
v -0.18849175 0.31577448 0.31067722
v -0.20027304 0.31771813 0.30147276
v -0.18973613 0.32024029 0.29324860
v -0.18026178 0.31273469 0.32620044
v -0.19694359 0.31109783 0.32612346
v -0.17080117 0.31557898 0.31391507
v -0.20565312 0.31393472 0.31260203
v -0.17519852 0.31837105 0.30041838
v -0.21245224 0.31725612 0.30006017
v -0.20483172 0.32073826 0.29049170
v -0.43283144 0.27435334 0.29121094
v -0.42760413 0.25510719 0.30609713
v -0.43475467 0.26249075 0.29797248
v -0.65027605 -0.18858541 0.11842383
v -0.64465155 -0.20517185 0.11157661
v -0.65271648 -0.20146199 0.08204599
v -0.73728495 -0.06195587 -0.10582091
v -0.72854698 -0.07489650 -0.10456621
v -0.74859287 -0.04722967 -0.10636679
v 0.55621629 -0.26857938 0.24776839
v 0.56610257 -0.26890059 0.23598670
v 0.55328548 -0.26326581 0.26133898
v 0.57567792 -0.25991674 0.24105795
v 0.57934397 -0.26476423 0.22808977
v 0.61683804 -0.12911929 0.34348404
v 0.61876280 -0.11578911 0.34515128
v 0.62282830 -0.12223910 0.33123843
v 0.62124276 -0.13454735 0.32995621
v 0.61548166 -0.14014041 0.33976000
v 0.60836024 -0.13870219 0.35472132
v -0.71807531 -0.06051849 -0.24333567
v -0.72615626 -0.05050370 -0.24888189
v -0.73765270 -0.03949065 -0.24684449
v -0.71302984 -0.07033314 -0.23133066
v -0.72034664 -0.06847270 -0.21658083
v -0.70162422 -0.07377364 -0.24803850
v -0.57574555 -0.07772068 0.32679776
v -0.57057127 -0.08652654 0.34044741
v -0.57356257 -0.10178581 0.34021050
v -0.30210393 0.47190049 -0.04548229
v -0.30048288 0.47487868 -0.05762243
v -0.29419817 0.46626846 -0.05119965
v -0.29679749 0.46600626 -0.03751490
v -0.29819983 0.46819805 -0.02208705
v -0.66731791 -0.17621359 0.05665164
v -0.66234358 -0.18890043 0.05841626
v -0.67345079 -0.15854173 0.05466542
v -0.67285644 -0.15225437 0.06808783
v -0.65733966 -0.19690081 0.06806810
v -0.28509301 0.36541434 0.20522582
v -0.26871229 0.36049007 0.20606364
v -0.26569771 0.55666847 -0.30643600
v -0.25903633 0.54888093 -0.30501049
v -0.79950517 0.00479652 -0.24097450
v -0.80745397 0.01016992 -0.24828145
v -0.81168899 0.00828006 -0.23559886
v -0.78935231 -0.00172332 -0.23313890
v -0.78744444 0.00082100 -0.24652707
v -0.79777323 0.00769513 -0.25396064
v -0.80146474 0.00226390 -0.22833103
v -0.81669273 0.01529179 -0.24806968
v -0.82043687 0.01274250 -0.23500271
v -0.80807232 0.01470135 -0.26176663
v -0.02081640 0.33116637 0.36583399
v -0.00893384 0.33631186 0.36038863
v -0.01447545 0.33390878 0.35165731
v -0.02719871 0.32863524 0.34916812
v -0.03533116 0.32561874 0.36481322
v -0.18742946 0.35099594 -0.05281527
v -0.18600749 0.35108103 -0.03707377
v -0.19966420 0.35406130 -0.04633452
v -0.18968218 0.35352300 -0.06682682
v -0.17541749 0.34978625 -0.06197722
v -0.20054860 0.35481849 -0.05865185
v -0.17271792 0.34737937 -0.04649002
v -0.20906438 0.35712696 -0.05218954
v -0.20142216 0.35725197 -0.03441859
v -0.21144333 0.35938846 -0.04328232
v -0.17860262 0.35019029 -0.02522489
v -0.19023055 0.35635737 -0.02257390
v -0.17061386 0.34663752 -0.03225296
v -0.39319523 0.33839797 0.24906267
v -0.40592021 0.33192103 0.25175566
v -0.40316486 0.34069847 0.24254282
v -0.38186349 0.34383648 0.24502914
v -0.38214129 0.33589523 0.25426629
v -0.39019485 0.32809208 0.26123370
v -0.40483854 0.32211936 0.26349002
v -0.41487554 0.32458428 0.25623015
v -0.24495466 0.43024697 0.01038502
v -0.23516277 0.42068365 0.00991056
v -0.23988470 0.42979484 0.01767202
v -0.24158520 0.39386653 -0.08593111
v -0.23091969 0.38344898 -0.09154648
v -0.22728280 0.37662943 -0.08318016
v -0.24443726 0.40107388 -0.09693697
v -0.23629295 0.39212069 -0.10079669
v -0.25129289 0.40805011 -0.08575091
v -0.15015743 0.37831565 -0.27256575
v -0.15411421 0.37814452 -0.26557415
v -0.15684914 0.38251290 -0.27670917
v -0.23625582 0.39825221 -0.12288822
v -0.24667990 0.41138718 -0.12057222
v -0.22904629 0.39404919 -0.13507234
v -0.22561724 0.38845340 -0.12269403
v -0.23316675 0.39219872 -0.11279362
v -0.24152433 0.40081742 -0.10950308
v -0.21117184 0.37928809 -0.12160266
v -0.22408916 0.38288610 -0.10706619
v -0.21730580 0.38574699 -0.13535325
v 0.58884479 -0.17789325 0.34982207
v 0.59731922 -0.17219291 0.34395963
v 0.59495527 -0.18079748 0.33782944
v 0.58507197 -0.18879638 0.34192742
v 0.57713254 -0.18561271 0.35629753
v 0.58338225 -0.17280118 0.36290128
v 0.59400962 -0.16638374 0.35456101
v 0.59240920 -0.19052509 0.32941833
v 0.60431202 -0.16268909 0.34212437
v -0.30791512 0.45074053 0.06706456
v -0.31617832 0.44604861 0.07789197
v -0.31284065 0.45914389 0.05305344
v -0.60114536 -0.10080383 0.28227023
v -0.60616098 -0.08168903 0.26680419
v -0.60539955 -0.09279814 0.27111232
v -0.75536888 -0.03304868 -0.20460934
v -0.75180054 -0.03982751 -0.18889027
v -0.76688689 -0.02226387 -0.20633634
v -0.76351468 -0.02766769 -0.19321066
v -0.75935358 -0.02661406 -0.21579113
v -0.74709014 -0.03386204 -0.23441665
v -0.75801672 -0.02445060 -0.22981951
v -0.21042762 0.41107874 0.06460248
v -0.21134636 0.40595675 0.07460994
v -0.21833071 0.41968066 0.05973623
v -0.20957078 0.41448606 0.05454017
v -0.22329260 0.41544411 0.07132657
v -0.20326439 0.39583223 0.08308202
v -0.22067566 0.40452540 0.08544487
v -0.45753651 0.11306610 0.36740339
v -0.46877111 0.10915712 0.35973381
v -0.46370713 0.12405252 0.35545005
v -0.46363483 0.10067121 0.36983275
v -0.27950356 0.47129549 -0.09718035
v -0.28551121 0.48135642 -0.09461917
v -0.29025403 0.49228070 -0.10137593
v -0.55319332 -0.07400813 0.36830787
v -0.55603452 -0.08659398 0.36917931
v -0.55561613 -0.15250294 0.36825737
v -0.55828185 -0.14171315 0.36991383
v -0.55128328 -0.16750204 0.36425164
v -0.62776121 -0.16856473 -0.27911648
v -0.63750136 -0.14381685 -0.27406737
v -0.63001284 -0.17329290 -0.26708596
v -0.62317762 -0.18480583 -0.27631980
v 0.50448759 -0.23704227 0.35877091
v 0.49008427 -0.24412629 0.35921086
v 0.47768057 -0.25017191 0.35887027
v 0.46698948 -0.24849227 0.37048502
v -0.59046798 -0.20026302 0.26763760
v -0.71789210 -0.05960317 0.00834277
v -0.71377528 -0.07235093 0.00121356
v -0.71958021 -0.06277706 -0.00411961
v -0.72401208 -0.04645826 0.01168053
v -0.71616659 -0.05373295 0.02376018
v -0.72468054 -0.05262941 -0.00259046
v -0.55375025 -0.18068995 0.34958112
v -0.56075423 -0.16694814 0.34995001
v -0.56093146 -0.15755914 0.35631174
v -0.54177378 -0.18301187 0.36512243
v -0.56568740 -0.17265818 0.33727874
v -0.55137480 -0.19305171 0.34197333
v -0.56038037 -0.18663872 0.33406711
v -0.54218746 -0.19485263 0.35338264
v -0.56957801 -0.15624436 0.34174554
v -0.68241769 -0.15029610 0.01498447
v -0.68256917 -0.14349982 0.02943167
v 0.66267377 -0.19631544 0.12253387
v 0.66478460 -0.20148703 0.10944506
v 0.66320122 -0.20739577 0.12101730
v 0.66007583 -0.18630737 0.13157512
v 0.66019901 -0.19953973 0.13739111
v 0.66676388 -0.20704848 0.09436791
v 0.66579393 -0.21369905 0.10572965
v -0.62464000 -0.07368275 0.22770877
v -0.62806228 -0.06235831 0.21986784
v -0.62092262 -0.05679013 0.23289713
v -0.61942641 -0.08099523 0.23928958
v -0.62454235 -0.08917869 0.22963532
v -0.62970729 -0.08404106 0.21827838
v -0.63296816 -0.07282350 0.21092978
v -0.61642515 -0.06924322 0.24353081
v -0.61321982 -0.08065874 0.25201057
v -0.61802076 -0.09235856 0.24399113
v -0.65333394 -0.08182824 -0.30921687
v -0.22104239 0.37058650 -0.08065894
v -0.21147450 0.36574138 -0.08334691
v -0.21715048 0.36544713 -0.07186721
v -0.21915035 0.37383656 -0.09250773
v -0.20338380 0.35897592 -0.07258819
v -0.21254470 0.36015199 -0.06134114
v -0.22369292 0.36754536 -0.06125901
v -0.16251825 0.38931588 -0.28732556
v -0.15489416 0.39039461 -0.29812057
v -0.17412779 0.39493790 -0.28614631
v -0.15188253 0.38422125 -0.28804617
v -0.16979374 0.38818969 -0.27670973
v 0.57926209 -0.20965279 0.32100931
v 0.56777178 -0.21938864 0.32119257
v 0.56942282 -0.20918264 0.33456049
v 0.57752564 -0.21914130 0.30868083
v 0.58848655 -0.20929685 0.30845244
v 0.58186581 -0.19949975 0.33209964
v 0.59016706 -0.20015522 0.31953233
v -0.61683218 -0.19856577 0.21441980
v -0.61564326 -0.19325486 0.22278498
v -0.60984191 -0.20469021 0.22341952
v -0.62140123 -0.18858626 0.21349470
v -0.62749015 -0.18447249 0.20117140
v 0.65736432 -0.17811750 0.15799482
v 0.65886433 -0.18678070 0.14841083
v 0.65642670 -0.19759781 0.15704278
v 0.65737833 -0.18617231 0.16081035
v -0.59417084 -0.18354543 0.27655412
v -0.58140338 -0.19679094 0.28806392
v -0.59952112 -0.18837133 0.26159919
v -0.60039230 -0.19732938 0.25124178
v -0.60187908 -0.20659239 0.23852462
v -0.25420027 0.45580848 -0.20152568
v -0.26206667 0.47144453 -0.19692308
v -0.25492188 0.46638311 -0.21336489
v -0.25359032 0.44787151 -0.19074430
v -0.25853072 0.45928753 -0.19058354
v -0.24617435 0.44836112 -0.21575421
v -0.24813187 0.44176292 -0.20126024
v -0.26328362 0.46711406 -0.18262333
v -0.26305059 0.48245648 -0.21028002
v -0.27001102 0.48838821 -0.19629373
v -0.26897604 0.48047927 -0.18377006
v -0.24675335 0.46174557 -0.23054942
v 0.57423018 -0.19744476 0.34491791
v 0.56037746 -0.21880522 0.33143780
v 0.55702364 -0.21373975 0.34295144
v 0.56480922 -0.20451264 0.34702869
v 0.56612106 -0.19615344 0.35664767
v 0.61365014 -0.06511291 0.35770703
v 0.61677107 -0.07634260 0.35032627
v 0.61368297 -0.07440338 0.36901805
v 0.61223626 -0.06011933 0.37191419
v 0.61668845 -0.08750852 0.35772130
v 0.62006932 -0.08723579 0.34078078
v 0.54103143 -0.26634578 0.26912589
v -0.53767382 0.10997928 0.29081791
v -0.07521888 0.31712530 0.36688482
v -0.71295355 -0.03481627 -0.30642137
v -0.32116633 0.44077782 0.08945656
v 0.65207533 -0.17989959 0.18812377
v 0.65517858 -0.18005016 0.17197063
v 0.65089036 -0.17150887 0.19684747
v 0.65527011 -0.19053722 0.16862042
v -0.35090580 0.31758288 0.27907188
v -0.34070640 0.31359042 0.28553448
v -0.35126502 0.30815409 0.29164239
v -0.36494410 0.31406943 0.28182307
v -0.36264660 0.32336571 0.27071987
v -0.34836694 0.32603074 0.26806520
v -0.33710890 0.32024263 0.27627899
v -0.32827480 0.31421925 0.28574281
v -0.33563663 0.30770214 0.29490046
v -0.34292713 0.30111688 0.30315915
v -0.36714716 0.30422539 0.29304183
v -0.35571118 0.29838455 0.30313335
v -0.19724028 0.37885039 -0.14920666
v -0.20995002 0.38375213 -0.14763191
v -0.20341125 0.38174990 -0.15747124
v -0.18505018 0.37528793 -0.15150602
v -0.18879106 0.37527656 -0.14015089
v -0.19195950 0.37782235 -0.16094327
v -0.20355292 0.37952520 -0.13695346
v -0.20237438 0.38280939 -0.17000360
v -0.21401474 0.38746939 -0.15898042
v -0.22187107 0.39069455 -0.14694297
v -0.62216533 -0.04324404 0.22869024
v -0.61471428 -0.04213704 0.24209556
v -0.61227693 -0.05593315 0.24930989
v -0.62772601 -0.05019945 0.21935342
v -0.62773099 -0.03504665 0.21754854
v -0.61937442 -0.03129663 0.23166229
v -0.60823702 -0.03450262 0.25229627
v -0.60753967 -0.04496340 0.25600058
v -0.61221727 -0.02730497 0.24341731
v -0.52368985 0.00164274 0.37035398
v -0.50945873 0.03103770 0.36822116
v -0.53234115 -0.01133622 0.36655316
v 0.53572341 -0.22813918 0.34396826
v 0.52635356 -0.23369956 0.34442314
v 0.52744866 -0.22659228 0.35454217
v 0.53873174 -0.21902819 0.35480158
v 0.54616732 -0.22124211 0.34381761
v 0.53139356 -0.23776247 0.33258120
v 0.54383051 -0.22967443 0.33299947
v 0.51746150 -0.23460854 0.35125499
v 0.51674587 -0.22690940 0.36407275
v 0.52909282 -0.21654033 0.36800854
v -0.79897431 -0.00131772 -0.05356582
v -0.79344310 -0.00127373 -0.04001873
v -0.79350322 -0.00779211 -0.06099501
v -0.78834541 -0.00806228 -0.04783426
v -0.17330056 0.38387660 -0.25435676
v -0.18653196 0.38938847 -0.24742180
v -0.15039108 0.35922675 0.11928194
v -0.15993180 0.36466496 0.10949268
v -0.14537624 0.35678128 0.10850765
v -0.13891536 0.35355716 0.12126763
v -0.14771950 0.35706162 0.13110813
v -0.16143206 0.36321820 0.12586651
v -0.19807757 0.32395046 0.27936116
v -0.19024712 0.32657221 0.26753948
v -0.18399734 0.32327121 0.28027654
v -0.66766888 -0.03602995 0.14789347
v -0.66406643 -0.05057247 0.15083983
v -0.67133478 -0.04735013 0.13720326
v -0.67229199 -0.02178544 0.14486848
v -0.66295377 -0.02392082 0.15941408
v -0.67578776 -0.03207514 0.13468618
v -0.66010641 -0.04086993 0.16062275
v -0.67988965 -0.04312844 0.12178797
v -0.66687747 -0.06188230 0.14190366
v -0.65819913 -0.05357678 0.16193178
v -0.66039626 -0.06372633 0.15545547
v -0.22776257 0.42676589 -0.23611899
v -0.21997364 0.42068773 -0.24714700
v -0.21992179 0.41450592 -0.23532839
v -0.22794817 0.42006699 -0.22463886
v -0.23612390 0.43369763 -0.22391335
v -0.22720339 0.43458826 -0.24902933
v -0.23381449 0.43839533 -0.23655081
v -0.20955055 0.40807677 -0.24803314
v -0.21956340 0.42550037 -0.25674546
v -0.21379717 0.41700925 -0.25708896
v -0.21148143 0.40369051 -0.23137272
v -0.22073209 0.41021489 -0.22398915
v -0.21522870 0.40170758 -0.21462492
v -0.22584535 0.40711740 -0.19997579
v -0.22709573 0.41344932 -0.21339227
v -0.21415948 0.39579595 -0.19854473
v -0.20157797 0.39427551 -0.22480225
v -0.20237521 0.39111455 -0.20947139
v -0.23405320 0.42382729 -0.21472399
v -0.23613097 0.42070592 -0.20193997
v -0.65434095 -0.01972294 0.17384535
v -0.64236380 -0.00864567 0.19198450
v -0.64552320 -0.02156458 0.18732537
v -0.39255362 0.31652776 0.27317485
v -0.37969702 0.31027883 0.28316277
v -0.37744466 0.32044123 0.27229625
v -0.61893760 -0.15781091 0.24022681
v -0.62523708 -0.15130522 0.22809536
v -0.61220689 -0.16237345 0.25329837
v -0.60616218 -0.15762324 0.26923553
v -0.57394001 -0.13918434 0.34129474
v -0.56843903 -0.12993651 0.35391923
v -0.56470875 -0.14450616 0.35679182
v -0.58107117 -0.14760308 0.32500696
v -0.58136002 -0.13212492 0.32872369
v -0.57543906 -0.12466680 0.34071434
v -0.57616523 -0.16497876 0.32472232
v -0.64125701 -0.19223929 -0.20645343
v -0.63680387 -0.20148251 -0.20809847
v -0.64095282 -0.19819536 -0.19794381
v -0.16837923 0.34720409 -0.02041256
v -0.16019164 0.34368805 -0.02616967
v -0.15750709 0.34285186 -0.03894120
v -0.67397535 -0.17591149 -0.07974564
v -0.67648532 -0.17251301 -0.06675708
v -0.66995265 -0.18519602 -0.07318019
v -0.67998811 -0.16353099 -0.07992127
v -0.66896906 -0.18483177 -0.08641452
v -0.20627671 0.38621040 -0.18160206
v -0.20164517 0.38673346 -0.19419716
v -0.19473052 0.38128588 -0.18338818
v -0.21312444 0.39153471 -0.18672574
v -0.12983222 0.33954508 0.19857009
v -0.12520238 0.33573568 0.21250604
v -0.14120628 0.34127303 0.19489684
v -0.13202440 0.34348583 0.18405258
v -0.12089941 0.34110252 0.19028312
v -0.11641989 0.33849305 0.20046717
v -0.11193963 0.33621223 0.21008810
v -0.11265677 0.33377335 0.22075805
v -0.15361874 0.34140102 0.19792700
v 0.69416194 -0.27856036 -0.08073336
v -0.69337621 -0.08460042 -0.24176998
v -0.68664248 -0.08548472 -0.25197066
v -0.70151995 -0.08124241 -0.23260769
v -0.69894358 -0.08919324 -0.22115344
v -0.80105688 -0.00814740 -0.12443716
v -0.32880664 0.39014831 0.18820958
v -0.33654302 0.38684524 0.19394127
v -0.33990339 0.39420775 0.18531729
v -0.43837661 0.25065189 0.30306625
v -0.44237949 0.26833643 0.29034872
v -0.42850094 0.24419464 0.31208381
v -0.68760777 -0.10764612 -0.20850882
v -0.67907612 -0.11309843 -0.21749447
v -0.69652905 -0.09680092 -0.21018158
v -0.67014224 -0.11949235 -0.22637737
v -0.47695361 0.17669687 0.31776089
v -0.46576787 0.18165239 0.32374022
v 0.64925212 -0.16117252 0.19920082
v 0.64698480 -0.15591822 0.21507546
v 0.64867397 -0.16840455 0.21033760
v 0.62353339 -0.10928261 0.33205498
v 0.61932635 -0.10092328 0.34715635
v 0.62334287 -0.09700303 0.33017281
v 0.62735244 -0.11581685 0.31742620
v 0.62614045 -0.10452197 0.32069469
v 0.62499999 -0.09594876 0.31574900
v -0.22786502 0.40973405 0.00479341
v -0.25305101 0.44386259 0.03220845
v -0.23953427 0.43375888 0.02782858
v -0.24968655 0.44183442 0.04428955
v -0.26389018 0.44843616 0.04376466
v -0.23941001 0.43637864 0.03989089
v -0.75051688 -0.02736340 -0.24459899
v -0.76351795 -0.01550080 -0.24488415
v -0.76908404 -0.01456935 -0.23136261
v -0.76860915 -0.01790979 -0.21951250
v -0.27296329 0.45626713 -0.09749726
v -0.27887147 0.46498944 -0.08994405
v -0.26462198 0.44151135 -0.10753095
v -0.26767455 0.44212803 -0.09354632
v -0.27246687 0.44704133 -0.08335938
v -0.27845576 0.45909336 -0.08271531
v -0.28554526 0.47211696 -0.08255346
v -0.44740146 0.19944119 0.32661337
v -0.45617792 0.18938632 0.32636800
v -0.44008140 0.20963245 0.32544321
v -0.43210068 0.19855458 0.33661506
v -0.44397292 0.18712122 0.33554932
v -0.25669538 0.42529557 -0.10927295
v -0.25384623 0.42498171 -0.12635786
v -0.25003004 0.41125116 -0.10236736
v -0.18497790 0.35052641 0.18273597
v -0.19825466 0.35043550 0.18917479
v -0.19656664 0.35566178 0.17470822
v -0.18174680 0.35534913 0.16869916
v -0.18720505 0.34657614 0.19461230
v -0.17521035 0.34596613 0.19137687
v -0.17101104 0.35015270 0.17802524
v -0.19736106 0.34535618 0.20344809
v -0.21223296 0.35024220 0.19746320
v -0.21089310 0.35567865 0.18199753
v -0.16648542 0.34231454 0.19907545
v -0.16168301 0.34556322 0.18760052
v -0.14765633 0.34481593 0.18501321
v -0.17997043 0.34180561 0.20621470
v -0.15641821 0.34930603 0.17424215
v 0.64519742 -0.17761425 0.22078854
v -0.68449200 -0.02576508 0.12270442
v -0.68849916 -0.03424078 0.10967722
v -0.69412630 -0.01976833 0.11023746
v -0.67996299 -0.01903519 0.13389446
v -0.68977511 -0.00734380 0.12603559
v -0.67824685 -0.00901479 0.14135141
v -0.64297079 -0.12625277 0.18709189
v -0.63721520 -0.12435927 0.20184592
v -0.64005346 -0.13996788 0.19221221
v -0.64282171 -0.11172315 0.18887420
v -0.64772312 -0.12099525 0.17542406
v -0.64609139 -0.13501175 0.17711322
v -0.54512406 -0.20197380 0.34197723
v -0.55402949 -0.20072668 0.32985068
v -0.70112589 -0.11035001 -0.15683898
v -0.69186394 -0.12181213 -0.16197487
v -0.69763804 -0.11015049 -0.17299764
v -0.70929308 -0.09679869 -0.16657355
v -0.69470443 -0.12210463 -0.14779157
v -0.70983230 -0.09984106 -0.14995950
v -0.70279091 -0.11170713 -0.14169139
v -0.69639945 -0.10652258 -0.18747210
v -0.70525485 -0.09757504 -0.18208095
v -0.68855678 -0.12212660 -0.17381799
v -0.69008355 -0.11645927 -0.18269884
v -0.68661290 -0.13260688 -0.15318437
v -0.68212463 -0.13396083 -0.16772980
v -0.69146102 -0.04080964 0.09883668
v -0.69667200 -0.02984647 0.09723802
v -0.68550706 -0.04733614 0.10740848
v -0.70561894 -0.02693766 0.08345968
v -0.70410235 -0.01662944 0.09657616
v -0.69761025 -0.04210194 0.08503002
v -0.68982601 -0.05167511 0.09507675
v -0.24530260 0.29904977 0.33735996
v -0.25769320 0.29244988 0.34713103
v -0.26340176 0.29794432 0.33171413
v -0.22988250 0.30345826 0.33343396
v -0.23183212 0.29810138 0.34787147
v -0.25133039 0.30377831 0.32208649
v -0.23950981 0.30453694 0.32530003
v -0.27663441 0.29509485 0.33302036
v -0.27699809 0.29977045 0.32249374
v -0.26503775 0.30436578 0.31563659
v -0.27201917 0.29114566 0.34310052
v -0.28987530 0.49981694 -0.11588081
v -0.28938910 0.50309687 -0.13044272
v -0.29286184 0.48534629 -0.08687455
v -0.25786527 0.42163545 -0.09231174
v -0.26260703 0.43269040 -0.09698496
v -0.26576060 0.43321255 -0.08322600
v -0.25982878 0.41962682 -0.07724484
v -0.25962461 0.43456291 -0.11958837
v -0.66988463 -0.01147410 0.15239096
v -0.67418647 0.00161023 0.15136497
v -0.68386827 0.00297570 0.13963478
v 0.51536049 -0.26174178 0.30433113
v 0.51191253 -0.25505996 0.32033916
v 0.52382345 -0.25248792 0.31413780
v 0.52848613 -0.25646693 0.30217339
v 0.52423034 -0.26328836 0.29295258
v -0.18020848 0.32860464 0.25519862
v -0.17590430 0.32491534 0.27033510
v -0.17725175 0.33067637 0.24474252
v -0.16510156 0.32576192 0.26170067
v 0.61527339 -0.20335881 0.26985166
v 0.62444382 -0.19002612 0.26928973
v -0.69421530 0.01194028 0.13165309
v -0.70133390 0.00480781 0.11895854
v -0.71241129 0.00751139 0.10695505
v -0.70238610 -0.00590200 0.10923086
v -0.21153655 0.34457749 0.21362021
v -0.19422350 0.33989569 0.21936731
v -0.59945900 -0.11494604 0.28940368
v -0.60873435 -0.10356133 0.26644632
v 0.58537670 -0.25506735 0.23698811
v 0.59097876 -0.24533307 0.24515786
v 0.59593193 -0.23392607 0.25605885
v -0.22351711 0.49053518 -0.31065432
v -0.22272601 0.47953499 -0.30150043
v -0.23233668 0.50372665 -0.30729165
v -0.27534696 0.48653133 -0.15774114
v -0.26950068 0.47515559 -0.16305767
v -0.26632519 0.46588082 -0.15704163
v -0.67479199 -0.14608030 -0.16691093
v -0.66818946 -0.15489488 -0.17269009
v -0.67325457 -0.14324576 -0.17835648
v -0.67899022 -0.14361278 -0.15635650
v -0.67158634 -0.15487582 -0.15990741
v -0.64659247 -0.19225723 -0.18619407
v -0.64000502 -0.20596278 -0.18776185
v -0.64722999 -0.18352284 -0.19829720
v -0.09504555 0.34035567 0.16600410
v -0.11134138 0.34410803 0.16518344
v 0.67809110 -0.28206432 0.00083839
v 0.68293512 -0.27480997 -0.01013136
v -0.06744638 0.33652211 0.20188704
v -0.07425864 0.33647954 0.18645294
v -0.21545246 0.37056396 0.14863130
v -0.20981943 0.37613411 0.13235133
v -0.19952653 0.36971061 0.14147197
v -0.22911801 0.36783264 0.16325840
v -0.23131279 0.37476957 0.14876721
v -0.20213768 0.36559233 0.15299143
v -0.22517432 0.37852248 0.13660976
v -0.21005860 0.36222230 0.16537137
v -0.19166947 0.36483776 0.14935217
v -0.19277327 0.37365262 0.12652806
v -0.18470362 0.36694580 0.13934957
v -0.20531227 0.38092397 0.11813096
v -0.21990156 0.38342889 0.12291850
v -0.70859018 -0.04547983 0.05630295
v -0.71421113 -0.04629512 0.04052427
v -0.71701567 -0.03258484 0.05358073
v -0.70716652 -0.03717972 0.06933479
v -0.70024147 -0.05394708 0.06845406
v -0.70555944 -0.05810334 0.04979662
v -0.25494322 0.38955945 0.13491934
v -0.25534384 0.39511246 0.12435917
v -0.24400633 0.38995847 0.12592120
v -0.25408324 0.38356100 0.14655888
v -0.26640886 0.38987703 0.14424107
v -0.26832251 0.39797977 0.12977056
v -0.24112058 0.38222202 0.13945460
v -0.72185750 -0.03437431 0.03878327
v -0.72244464 -0.04052280 0.02671626
v -0.72795466 -0.02417981 0.04336538
v -0.72958237 -0.02901344 0.02983318
v -0.70978167 -0.05988157 0.03489212
v 0.50995744 -0.24194297 0.34579181
v 0.51945892 -0.24068290 0.33928669
v 0.51006674 -0.24835342 0.33437824
v 0.49816841 -0.24828407 0.34488737
v -0.64381163 -0.14763948 0.17960480
v -0.63485427 -0.13830715 0.20654736
v -0.63409651 -0.15247806 0.20468191
v -0.63918846 -0.15652028 0.18877261
v -0.63648559 -0.10898654 0.20412826
v -0.63099792 -0.11526316 0.21712280
v -0.63103663 -0.13067865 0.21707810
v -0.35043302 0.38757639 0.19342965
v -0.68077816 -0.12862369 -0.18440069
v -0.66900773 -0.14216640 -0.19357857
v -0.67579244 -0.12754377 -0.20031000
v -0.68667215 -0.11524167 -0.19551035
v -0.30567221 0.33557481 0.25405970
v -0.29162457 0.33058666 0.26124846
v -0.50307234 0.18269039 0.29091748
v -0.49599410 0.19338811 0.29198550
v -0.49568219 0.17998727 0.29988515
v -0.50444154 0.17293269 0.29499517
v -0.08601334 0.32990903 0.24675069
v -0.07373994 0.33073065 0.25167104
v -0.08753156 0.32626261 0.26063166
v -0.09926651 0.32797549 0.24834589
v -0.09271847 0.33160299 0.23625937
v -0.07138927 0.32736747 0.26693238
v -0.08230053 0.32311331 0.27584620
v -0.09680686 0.32159603 0.27513985
v -0.10508057 0.32423445 0.26149056
v -0.54627079 -0.02965302 0.35597108
v -0.54374506 -0.00257922 0.34416653
v -0.54093391 -0.01878719 0.35813515
v -0.53979678 -0.00947270 0.35417997
v -0.53724693 -0.02599409 0.36835859
v -0.54299450 -0.03982943 0.36728027
v 0.65950620 -0.21476682 0.13278246
v 0.66257426 -0.22083930 0.11768282
v -0.38496357 0.27769056 0.31207596
v -0.18583473 0.38383850 0.02800359
v -0.19401224 0.39560101 0.03318678
v -0.19796384 0.39188014 0.01999495
v -0.18950273 0.37928824 0.01465084
v -0.17770721 0.37174383 0.02169806
v -0.60781496 -0.06729767 0.26025242
v -0.60080222 -0.05739218 0.27164941
v -0.61124522 -0.09260928 0.25857702
v -0.60613600 -0.05465095 0.26081645
v -0.49944725 0.13742805 0.31794590
v -0.49201401 0.14823517 0.31926428
v -0.48991786 0.13586500 0.32720820
v -0.50059741 0.12406296 0.32332829
v -0.50924557 0.13184546 0.31131959
v -0.50521730 0.14709936 0.30755451
v -0.48186282 0.16152906 0.32130208
v -0.48038716 0.14708767 0.32969238
v -0.49513554 0.16019966 0.31057540
v -0.14619079 0.35012291 0.04534329
v -0.15532456 0.35984538 0.05269050
v -0.15635898 0.35730342 0.03823560
v -0.14814860 0.34851138 0.03219789
v -0.13934487 0.34312802 0.03789191
v -0.13477689 0.34237835 0.05030417
v -0.14375791 0.35121956 0.06004833
v -0.15458765 0.36144814 0.06921418
v -0.21481253 0.46944529 -0.30566141
v -0.21014130 0.45798764 -0.30322232
v -0.21448006 0.45311961 -0.29288211
v -0.20446463 0.44307635 -0.29933625
v -0.20041291 0.45114902 -0.31177976
v -0.65640191 -0.16430593 0.12687498
v -0.66044659 -0.15179372 0.12232155
v -0.65085271 -0.17699669 0.13342867
v -0.65498358 -0.17484371 0.11983074
v -0.65714718 -0.15430901 0.13360974
v -0.65335993 -0.16258116 0.14027057
v -0.19462497 0.37617306 0.00404395
v -0.19536877 0.36962058 -0.00520208
v -0.18301931 0.36725435 0.00609829
v -0.20594179 0.38049367 -0.00351396
v -0.20038749 0.38518783 0.00820734
v -0.20945046 0.39001887 0.00330130
v -0.20635070 0.37147380 -0.01459629
v -0.56291533 -0.20254831 0.31393120
v -0.57074842 -0.20278112 0.30085693
v -0.48856912 0.17271508 0.31015307
v -0.50535379 0.16148411 0.30015332
v -0.49782847 0.16960647 0.30342334
v -0.46843492 0.16863921 0.32827080
v -0.47173251 0.15652619 0.33187823
v -0.25516022 0.31279993 0.29861544
v -0.25383771 0.30890902 0.30823984
v 0.65169800 -0.23778652 0.13953520
v 0.65798004 -0.22843710 0.12896585
v 0.64379601 -0.24132767 0.15546703
v 0.64985152 -0.22966544 0.15169241
v 0.65475167 -0.22341033 0.14273964
v -0.68281737 -0.14130797 -0.14573329
v -0.68904751 -0.13308993 -0.13998824
v -0.69641251 -0.12327605 -0.13322923
v -0.81249303 0.00020478 -0.19279263
v -0.81495535 0.00079319 -0.17955657
v -0.80608885 -0.00385048 -0.18256221
v -0.82107740 0.00543609 -0.18992642
v -0.79866169 -0.00596910 -0.19298782
v -0.26520602 0.41454507 0.09897789
v -0.25524466 0.40595600 0.10582243
v -0.26774534 0.40917429 0.10900012
v -0.28174592 0.41746918 0.10581584
v -0.27445002 0.42202376 0.09359510
v -0.24919463 0.41231479 0.09272646
v -0.26317154 0.42154438 0.08765394
v -0.26157296 0.40189439 0.11687450
v -0.27518381 0.40726381 0.11817830
v -0.24053820 0.40179420 0.10326882
v -0.24801543 0.39750251 0.11500137
v -0.51883673 0.09723345 0.31814835
v -0.50790143 0.10767133 0.32427519
v -0.50991251 0.09174843 0.33019225
v -0.52079153 0.08374046 0.32276107
v -0.52745938 0.10237708 0.30630558
v -0.51835559 0.10833018 0.31336355
v -0.31565877 0.31449754 0.28625734
v -0.30506365 0.31097220 0.29336987
v -0.31993408 0.30764610 0.29727815
v -0.32056003 0.32184586 0.27450228
v -0.30476931 0.31827273 0.28080100
v -0.29253609 0.30759761 0.30166406
v -0.30633631 0.30404691 0.30597971
v -0.31830170 0.30093008 0.30897723
v -0.33003245 0.30135339 0.30572777
v -0.66254426 -0.19199551 -0.10844531
v -0.65862261 -0.19489372 -0.12364880
v -0.66488869 -0.18397852 -0.11909964
v -0.66782019 -0.18443003 -0.09805959
v -0.66335760 -0.19434049 -0.09393725
v -0.44093772 0.14834711 0.35960428
v -0.42827001 0.16189113 0.36080443
v -0.45161836 0.13639174 0.35824554
v -0.45437356 0.14850578 0.34926691
v -0.44473518 0.16322920 0.34824176
v -0.43389702 0.17230359 0.35062519
v -0.42295285 0.17647071 0.35554363
v -0.41498559 0.16978453 0.36519034
v -0.76894108 0.01363629 -0.30803148
v -0.59469186 0.00880808 0.26150094
v -0.59312321 -0.00404911 0.26914305
v -0.59811599 -0.00006480 0.25950095
v -0.60316760 0.00351219 0.24966817
v -0.58904240 -0.01726129 0.28092663
v -0.59747938 -0.01956386 0.26715726
v -0.58561388 -0.00321440 0.28125719
v -0.60114674 -0.00912691 0.25748545
v -0.06947782 0.31721765 0.33799849
v -0.07917483 0.31635624 0.32760204
v -0.06174990 0.31956015 0.32496875
v -0.08031967 0.31565305 0.34358346
v -0.05813399 0.31923109 0.34095093
v -0.06842639 0.31733833 0.35234921
v -0.09458839 0.31491356 0.32483482
v -0.08640937 0.31650468 0.31288313
v -0.09006026 0.31479071 0.33667573
v -0.07239244 0.31862660 0.31203218
v -0.05873046 0.32220062 0.30700863
v -0.67796917 -0.15469464 -0.13128382
v -0.67611020 -0.15303181 -0.14512843
v -0.68332715 -0.14427162 -0.13429777
v -0.67061480 -0.16665749 -0.13614552
v -0.66648530 -0.09083645 0.13343070
v -0.66552803 -0.10455232 0.13075148
v -0.66976065 -0.10854720 0.11634684
v -0.68695066 -0.13640278 0.01666040
v -0.68772361 -0.12869849 0.02734687
v -0.68000462 -0.14180863 0.04664403
v -0.68471772 -0.13193465 0.03792111
v -0.68157190 -0.15673821 0.00180026
v -0.68659334 -0.14235000 0.00379953
v -0.75411403 0.00646375 -0.31352251
v -0.68289475 -0.15893671 -0.03232561
v -0.68279406 -0.15798640 -0.02048985
v -0.67739303 -0.17114371 -0.02314971
v -0.67717626 -0.17232650 -0.03838980
v -0.68248294 -0.16048057 -0.04633952
v -0.68732525 -0.14749308 -0.02567483
v -0.68970911 -0.14349896 -0.04054887
v -0.67667571 -0.17324172 -0.05214445
v -0.68105115 -0.16355115 -0.05776269
v -0.68692269 -0.15064524 -0.05807828
v -0.01757951 0.33776783 0.29611862
v -0.00623020 0.34158260 0.30003373
v -0.00327775 0.34185290 0.31326164
v -0.02115348 0.33859691 0.28227156
v -0.01010636 0.34139827 0.28647419
v 0.63225259 -0.26320866 0.15322581
v 0.62730976 -0.27430399 0.14447154
v 0.63951149 -0.25365218 0.15207200
v 0.63452452 -0.25162382 0.16344562
v 0.62254075 -0.27137927 0.15679836
v -0.73570878 -0.05969320 -0.18270676
v -0.73730404 -0.06032124 -0.16663294
v -0.72844845 -0.07018191 -0.17572699
v -0.72761793 -0.06827489 -0.18959761
v -0.73420845 -0.05844096 -0.19691321
v -0.74181292 -0.05086501 -0.19004176
v -0.74445852 -0.04999322 -0.17749045
v -0.72044009 -0.07849570 -0.18370794
v -0.72035322 -0.07557103 -0.19533977
v -0.72520821 -0.06758033 -0.20282942
v -0.77473582 0.01140527 -0.29650737
v -0.76186193 0.00349953 -0.29699501
v -0.33155744 0.41709662 0.14712714
v -0.31852022 0.41245876 0.14816986
v -0.33783992 0.41420993 0.15618643
v -0.26766926 0.55019512 -0.29655592
v -0.27113222 0.54315239 -0.28470285
v -0.26094347 0.54083331 -0.29315643
v -0.28485976 0.45625452 -0.05857493
v -0.28837771 0.45669992 -0.04340823
v -0.29090682 0.46902488 -0.06560339
v -0.28355883 0.46182041 -0.07205914
v -0.27793713 0.45096586 -0.07132223
v -0.28136549 0.44704183 -0.04817872
v -0.27543172 0.44068472 -0.05932886
v -0.28095873 0.44621182 -0.03622686
v -0.28887185 0.45760706 -0.02971650
v -0.15266885 0.36106109 0.09592853
v -0.14762934 0.35713870 0.08308184
v -0.13862955 0.35194885 0.09529205
v -0.16023728 0.36629893 0.08368658
v -0.16475504 0.36871570 0.09571729
v -0.64456307 -0.17349921 0.15989525
v -0.63902771 -0.17753658 0.17390524
v -0.63887534 -0.18839218 0.16170907
v -0.64469665 -0.18397545 0.14730719
v -0.64900874 -0.17118252 0.14739879
v -0.64984137 -0.15837289 0.15536092
v -0.64365719 -0.16121601 0.17279905
v -0.66651359 -0.10294798 -0.25793141
v -0.65577468 -0.11271050 -0.26514823
v -0.66108046 -0.10003418 -0.27170438
v -0.66206855 -0.11429830 -0.25055058
v -0.67439608 -0.09027120 -0.26402621
v -0.64648727 -0.12281000 -0.27281796
v -0.64941539 -0.10993833 -0.28106012
v -0.65624589 -0.09605101 -0.28499438
v -0.66660043 -0.08898887 -0.27790795
v -0.39475916 0.18651041 0.36783670
v -0.40952372 0.18143998 0.36142342
v -0.40487923 0.19510799 0.35572114
v -0.39040909 0.20035597 0.36146053
v 0.64599469 -0.16446674 0.22607745
v 0.64449092 -0.15114171 0.23156987
v 0.64209033 -0.17431901 0.23648872
v 0.64302596 -0.16136009 0.24229589
v -0.66339377 -0.17664773 -0.14625312
v -0.66748614 -0.16596849 -0.15235625
v -0.65676093 -0.18902475 -0.14872571
v -0.65905203 -0.17904523 -0.16036540
v -0.66280339 -0.18301154 -0.13339758
v -0.66414047 -0.16585137 -0.16625846
v -0.59436796 -0.15370508 0.29727613
v -0.59045932 -0.16711579 0.29744387
v -0.59826357 -0.16175263 0.28513192
v -0.59006773 -0.14496050 0.30909482
v -0.58600866 -0.15882904 0.31075333
v -0.60148684 -0.14821213 0.28410636
v -0.59692014 -0.14059786 0.29617385
v -0.73010254 -0.03553685 -0.27444689
v -0.72324231 -0.03357569 -0.29144267
v -0.67967899 -0.09987797 0.09067370
v -0.29846177 0.42731423 0.10136411
v -0.29829330 0.41992089 0.11464242
v -0.31217184 0.42794403 0.10982398
v -0.31123010 0.43478153 0.09645632
v -0.29987856 0.43520376 0.08915377
v -0.28656283 0.42797849 0.09229192
v -0.31143298 0.42065358 0.12416080
v -0.32411614 0.43483651 0.10252387
v -0.29753917 0.41304341 0.12743503
v -0.28747868 0.41259350 0.11902844
v -0.15453113 0.31037426 0.36183443
v -0.16821317 0.30812363 0.36288783
v -0.14161076 0.31223517 0.35378388
v -0.16419293 0.31017698 0.35103826
v -0.15222148 0.31162782 0.34906470
v -0.17986222 0.30735424 0.35437565
v -0.17243463 0.31090968 0.33952794
v -0.15745920 0.31218810 0.33902919
v -0.13250163 0.32174357 0.27124666
v -0.11379313 0.32112339 0.27344824
v -0.13555237 0.31888551 0.28662193
v -0.09442949 0.31895686 0.28808241
v -0.65817692 -0.20023269 0.05333855
v -0.66218448 -0.08637059 -0.28847937
v -0.64683205 -0.10207784 -0.29480983
v -0.65404534 -0.08974587 -0.29719811
v -0.67151365 -0.07970682 -0.28503571
v -0.67654634 -0.08181487 -0.27421884
v -0.72505434 -0.01011721 0.07117712
v -0.72616620 -0.01828238 0.05741174
v -0.73557749 -0.01409785 0.04735853
v -0.71558483 -0.02308527 0.06966928
v -0.71420542 -0.01378024 0.08348576
v -0.72305095 -0.00161710 0.08421105
v -0.76173150 0.00303647 0.03168639
v -0.28209460 0.52476953 -0.22727309
v -0.27907277 0.51559687 -0.21633964
v -0.28568963 0.51448719 -0.20284443
v -0.55418688 -0.06236730 0.36020499
v -0.56251053 -0.06134471 0.34445451
v -0.54748826 -0.05232583 0.36679817
v 0.67384049 -0.27395356 0.03205153
v 0.67616862 -0.27753653 0.01669289
v 0.67826235 -0.26601462 0.02316422
v 0.68093021 -0.26755201 0.00644590
v -0.24228058 0.42546339 -0.19135935
v -0.24801659 0.43556776 -0.19038257
v -0.42633989 0.21618948 0.32980002
v -0.44235664 0.22295307 0.31657602
v -0.14350878 0.31280886 0.34052594
v -0.14841026 0.31376033 0.32766865
v -0.12926908 0.31322543 0.34499584
v -0.20344196 0.30627925 0.34071378
v -0.21495132 0.30837666 0.32664759
v -0.21817804 0.30253590 0.34360305
v -0.18806207 0.30902384 0.33971227
v -0.19438499 0.30531876 0.35133512
v -0.20739165 0.30104283 0.35694471
v -0.05948064 0.33221693 0.25806614
v -0.60862643 -0.19748147 -0.30650365
v -0.61386721 -0.18723158 -0.30292565
v -0.12738530 0.34549032 0.10005966
v -0.12769591 0.34389412 0.08794777
v -0.11757208 0.33915933 0.09755446
v -0.12056897 0.34308584 0.10979491
v -0.13265547 0.34966720 0.10956188
v -0.13720901 0.34946703 0.08175812
v -0.12952311 0.34216659 0.06957716
v -0.11598109 0.33531535 0.08332752
v -0.74075771 -0.05514763 -0.09156216
v -0.74274161 -0.04972775 -0.07706034
v 0.54871032 -0.21350153 0.35255517
v 0.55250891 -0.22252593 0.33491749
v 0.54443302 -0.20760994 0.36522112
v 0.55643110 -0.20542171 0.35541503
v 0.63653474 -0.12932599 0.27655276
v 0.63214068 -0.12582452 0.29907508
v 0.63356753 -0.12047473 0.28824990
v 0.63472263 -0.11947757 0.27517512
v 0.63914499 -0.13788471 0.26461038
v -0.10859949 0.33631237 0.10868769
v -0.12557752 0.34723413 0.12204690
v 0.56655685 -0.18680849 0.36806602
v 0.57438143 -0.17845110 0.36857900
v -0.27089276 0.52436315 -0.24944199
v -0.27462307 0.52268877 -0.23772446
v -0.26558954 0.52573220 -0.26454954
v -0.27448476 0.53164985 -0.25686025
v -0.27433256 0.53691223 -0.26976684
v -0.27309111 0.51514690 -0.22875338
v 0.67533975 -0.25479600 0.04417584
v 0.67844123 -0.25554043 0.02983361
v 0.67587858 -0.26383501 0.03596210
v 0.67054283 -0.26878587 0.04979483
v 0.67488584 -0.24280141 0.05133495
v 0.67752341 -0.24466628 0.03639817
v 0.67157277 -0.25355279 0.06056396
v -0.67145188 -0.18474512 -0.04573828
v -0.66608614 -0.19616029 -0.04043628
v -0.66576211 -0.19607991 -0.05341602
v -0.67092772 -0.18489569 -0.05948398
v -0.67159129 -0.18456230 -0.03195751
v -0.66133677 -0.20528403 -0.04825454
v -0.58196370 -0.00953733 0.28983530
v -0.58099410 -0.02247385 0.29645290
v -0.48310462 0.23363578 0.28272688
v -0.47398776 0.23383603 0.29040965
v -0.63286134 -0.11959222 -0.30828770
v -0.16652006 0.36442739 0.03003949
v -0.15782087 0.35438277 0.02480817
v -0.23014155 0.43119820 0.04710558
v -0.22603214 0.42636590 0.03663266
v -0.22116732 0.42527734 0.04656516
v -0.23274052 0.43119592 0.05477544
v -0.24069291 0.43634876 0.05024145
v -0.22413306 0.42648704 0.05374141
v -0.21644423 0.42132227 0.05166387
v -0.21241429 0.41698947 0.04346683
v -0.78178403 -0.00759759 -0.03176350
v -0.56845319 -0.07307257 0.33884929
v -0.57200652 -0.06211361 0.32746541
v -0.04793315 0.33683506 0.24964343
v -0.04586600 0.33393674 0.26594306
v -0.04927225 0.33813649 0.23703940
v -0.03353833 0.33879559 0.25689318
v -0.03838159 0.33993260 0.24065788
v -0.05775993 0.32871230 0.27437347
v -0.25823317 0.43612666 -0.13221935
v -0.25293430 0.42739171 -0.13910780
v -0.61614472 -0.02018967 0.23493819
v -0.61646067 -0.01071952 0.23209754
v -0.60956517 -0.01220363 0.24404283
v -0.62297022 -0.01907489 0.22311022
v -0.60506611 -0.02292069 0.25492079
v -0.16212017 0.37804092 -0.24464489
v -0.16792820 0.37958642 -0.23361261
v -0.17617452 0.38345880 -0.24000332
v -0.16026821 0.37872168 -0.25676944
v -0.81711850 0.02020201 -0.26154878
v -0.81430089 0.02257162 -0.27390548
v -0.81838733 0.02592573 -0.27478044
v -0.65867209 -0.20715508 -0.07519224
v -0.65955799 -0.20747501 -0.06051768
v -0.62107853 -0.00343830 0.22285759
v -0.62750176 0.00407694 0.21172707
v -0.61261064 0.00121955 0.23506220
v -0.62909860 -0.00992837 0.21171527
v -0.63561287 -0.00265632 0.20120824
v -0.63475541 0.01041675 0.20099581
v -0.21636819 0.37211476 -0.02466640
v -0.19664661 0.36382743 -0.01494026
v -0.20458573 0.36361035 -0.02409250
v -0.21390326 0.36441434 -0.03358340
v -0.22340165 0.37207162 -0.03348064
v 0.59459210 -0.26474614 0.20889085
v 0.59605876 -0.25813284 0.21768146
v 0.60468936 -0.25039921 0.21689103
v 0.58786233 -0.26506313 0.21719381
v -0.16405105 0.31348469 0.32686195
v -0.77168047 -0.00103765 0.00728102
v -0.76322126 -0.00405192 0.01757420
v -0.75572769 -0.01153839 0.01444238
v -0.71725377 -0.09228901 -0.12708460
v -0.72084397 -0.08715951 -0.10268168
v -0.71604963 -0.09502125 -0.11243042
v -0.32269340 0.41964820 0.13544084
v -0.69640618 -0.12228872 -0.01622874
v -0.69128404 -0.13648236 -0.02008101
v -0.69562065 -0.12801007 -0.03082901
v -0.69527100 -0.12040214 -0.00206253
v -0.69114982 -0.13314985 -0.00657968
v -0.69945627 -0.11758669 -0.02591237
v -0.70203989 -0.10934004 -0.01973692
v -0.69951693 -0.11106386 -0.00703301
v -0.70353572 -0.11061569 -0.03591858
v -0.69766290 -0.12602231 -0.04659444
v -0.69102483 -0.13898815 -0.02939026
v -0.68589495 -0.14834751 -0.01108772
v -0.37068865 0.33851629 0.25226809
v -0.37393877 0.32981098 0.26206989
v -0.35980665 0.33222311 0.26005892
v -0.63329059 -0.04519088 0.20872046
v -0.63961594 -0.04945284 0.19738750
v -0.63728883 -0.03278394 0.20090245
v -0.63365795 -0.05766882 0.20883437
v -0.24013077 0.44657120 -0.23007092
v -0.24107022 0.43297028 -0.20948942
v -0.22947160 0.42554166 0.06183577
v -0.46206174 0.23366870 0.29885322
v -0.66075886 -0.16550158 -0.17951020
v -0.66491520 -0.15400767 -0.18562626
v -0.65348072 -0.17806534 -0.18430434
v -0.65793167 -0.17500670 -0.17279554
v -0.09099516 0.31743324 0.29995748
v -0.24216949 0.52043197 -0.30512420
v -0.24834402 0.51685148 -0.28906184
v -0.25370814 0.52855793 -0.29132874
v -0.25161858 0.53706952 -0.30411632
v -0.20259755 0.40628645 0.03746443
v -0.20315938 0.40218625 0.02736503
v -0.18667717 0.37705499 -0.17372900
v -0.18872352 0.38102717 -0.19379083
v 0.48585026 -0.25166755 0.34940124
v -0.71044519 -0.10163531 -0.13494977
v -0.70375962 -0.11308048 -0.12701941
v -0.63956514 -0.09576646 0.19725274
v -0.63143614 -0.09795518 0.21539880
v -0.63937983 -0.20759061 0.12914397
v -0.63781822 -0.20053726 0.14738694
v -0.79070270 -0.01411636 -0.11599006
v 0.63960480 -0.16072609 0.25799679
v 0.64169413 -0.14739080 0.25027555
v 0.63585425 -0.17035290 0.26357855
v 0.63900155 -0.17161035 0.25135979
v -0.22980222 0.30827042 0.31957030
v -0.22043157 0.31288450 0.31043248
v -0.21406623 0.38864303 0.10819531
v -0.20293825 0.38409733 0.10872411
v -0.19213599 0.37919565 0.11006297
v -0.20029242 0.38725528 0.09847298
v 0.62979469 -0.12434445 0.30864917
v 0.63075816 -0.11661402 0.30243181
v 0.62639809 -0.12856630 0.31863831
v -0.22207857 0.44486983 -0.27288011
v -0.21403391 0.44308791 -0.28548222
v -0.22134407 0.43427588 -0.26349455
v -0.22921402 0.44713197 -0.25932135
v -0.09131974 0.33615228 0.21332577
v -0.08370868 0.33758291 0.20026435
v 0.63144340 -0.19487541 0.24457078
v 0.63018667 -0.18970009 0.25575040
v 0.63627558 -0.18319675 0.24681045
v 0.63875389 -0.18856151 0.23129829
v 0.63248992 -0.20065600 0.23322863
v 0.62378441 -0.19983721 0.25644486
v 0.62512107 -0.20686529 0.24254498
v 0.62845613 -0.21227258 0.22654367
v 0.61870503 -0.21929682 0.23789214
v 0.61462208 -0.21348434 0.25513244
v -0.22236712 0.36074945 0.17580927
v -0.22566852 0.35623835 0.18941970
v 0.62945116 -0.17589130 0.27521196
v 0.58912556 -0.25866431 0.22621080
v 0.59644421 -0.24990339 0.22998398
v 0.59742011 -0.14367664 0.37019655
v -0.28146204 0.49662382 -0.15192512
v -0.28804418 0.50398720 -0.14497501
v -0.28732660 0.50473559 -0.15864489
v -0.27992960 0.49635594 -0.16557482
v -0.27306526 0.48502525 -0.17098886
v 0.59569636 -0.22502476 0.27127814
v 0.59672304 -0.21640837 0.28394043
v 0.60569642 -0.21462886 0.27084624
v 0.58651504 -0.22616387 0.28412472
v 0.60421947 -0.22282734 0.26019358
v -0.41943674 0.18986380 0.34972673
v -0.41536894 0.20431161 0.34349443
v -0.40016546 0.20866148 0.35009063
v -0.69251047 -0.06803796 0.07676745
v -0.69351042 -0.05597270 0.08335044
v -0.69079698 -0.08067939 0.07140355
v -0.69751792 -0.07212885 0.05879876
v -0.69209116 -0.08875548 0.05995347
v -0.20663554 0.39388694 0.01104193
v -0.20979342 0.40230801 0.01795434
v -0.21719102 0.40009886 0.00604956
v 0.63745184 -0.23877239 0.17207760
v 0.45752888 -0.25601665 0.36443156
v 0.46622476 -0.25664753 0.35628842
v -0.30072178 0.46153707 0.04720765
v -0.29772609 0.45463916 0.05748153
v -0.30887779 0.46641908 0.03966265
v -0.29267994 0.44581480 0.06892142
v -0.28873004 0.45753205 0.04831678
v -0.28308041 0.44922323 0.05900301
v -0.29509488 0.46557480 0.03593669
v -0.66885439 -0.13462264 0.10296424
v -0.67326729 -0.13110061 0.08890363
v -0.67236571 -0.12311295 0.09871760
v -0.66903543 -0.12201043 0.11108386
v -0.66407157 -0.13542334 0.12013171
v -0.66462030 -0.14893892 0.10773865
v -0.67796195 -0.12484154 0.07622940
v -0.67653978 -0.11659754 0.08866161
v -0.67425823 -0.14051156 0.07577474
v -0.67373000 -0.11141887 0.10206560
v -0.78133861 -0.00211786 -0.01665872
v -0.24268429 0.46495067 -0.24524109
v -0.23653211 0.46103858 -0.25673693
v -0.71581903 -0.07722593 -0.20628813
v -0.70963344 -0.07877931 -0.21961185
v -0.43227129 0.18346056 0.34524148
v -0.44177029 0.17631442 0.34300498
v 0.62466028 -0.13897497 0.31849313
v 0.60193105 -0.23850708 0.23919741
v 0.57699552 -0.22751013 0.29578226
v 0.55604133 -0.24172629 0.29856431
v 0.55052528 -0.25728739 0.27628784
v 0.54627895 -0.25216406 0.29108200
v 0.56486656 -0.23019323 0.30731656
v -0.12614019 0.34610078 0.16888847
v -0.12109335 0.34681805 0.15808516
v -0.14119147 0.34783285 0.17126932
v -0.13428592 0.34971386 0.15534723
v -0.11727575 0.34307949 0.17904185
v -0.15473199 0.31540186 0.31460919
v -0.62344600 -0.16582754 0.22553632
v -0.61872918 -0.18173425 0.22562039
v -0.62602084 -0.17562172 0.21282048
v -0.62953207 -0.16373675 0.21190163
v -0.62893971 -0.15558073 0.21750585
v -0.61383196 -0.17441860 0.24199014
v -0.63298644 -0.16901905 0.19879499
v -0.60978992 -0.19205892 0.23643432
v -0.21444587 0.41312083 0.02860708
v -0.22192871 0.41165110 0.01497509
v -0.22909806 0.42295206 0.02264390
v -0.55968537 0.06744904 0.28468399
v -0.64501152 -0.19276514 0.13320282
v -0.64514625 -0.19855952 0.12309800
v -0.78607250 0.00399297 -0.26015202
v -0.77501598 -0.00457931 -0.25303929
v -0.79613265 0.01052754 -0.26581942
v -0.78606598 0.00846347 -0.27420959
v -0.77708495 -0.00714235 -0.23878534
v 0.54197989 -0.23903726 0.31937521
v 0.55490568 -0.22827971 0.32273256
v -0.68560183 -0.15124301 -0.08714359
v 0.60603607 -0.24257071 0.22654022
v 0.61332054 -0.24118551 0.21630600
v 0.61315044 -0.23201123 0.22986259
v 0.62116065 -0.23102933 0.21618546
v 0.62149438 -0.23942358 0.20373538
v 0.00566151 0.34523808 0.31626815
v 0.00028472 0.34208041 0.32826616
v 0.00395751 0.34490314 0.30513526
v 0.01337129 0.34696294 0.32447328
v 0.01192828 0.34628898 0.33998552
v -0.00188527 0.34002539 0.34778603
v -0.23252601 0.38499829 0.12783378
v -0.23203503 0.39187480 0.11460656
v -0.19286244 0.42693565 -0.30135893
v -0.19314071 0.43913052 -0.31168856
v -0.21869063 0.36283023 -0.05173997
v -0.22218252 0.36707916 -0.04208805
v 0.58741159 -0.21788370 0.29647983
v -0.30281762 0.44287275 0.07828870
v -0.31045873 0.44037466 0.08624079
v -0.28885347 0.43673573 0.08048906
v -0.32528357 0.29429019 0.31762445
v -0.33991870 0.28913310 0.31962398
v -0.33716886 0.29617132 0.31162742
v -0.30947914 0.29713056 0.31781174
v -0.31439396 0.29072978 0.32681859
v -0.32651249 0.28375032 0.33143817
v -0.29945076 0.29202604 0.33011554
v -0.31059920 0.28545081 0.33619040
v 0.65606566 -0.21082561 0.14798910
v 0.65156377 -0.21126213 0.16296602
v -0.07998233 0.31841016 0.30229804
v -0.08190118 0.32021343 0.28953109
v -0.20723232 0.36762771 -0.09441800
v -0.19922803 0.36180673 -0.08700791
v -0.19528205 0.36602213 -0.10221250
v -0.18552272 0.35894862 -0.08982295
v -0.19152117 0.35684478 -0.07860769
v -0.29167448 0.39791195 0.15222387
v -0.29465040 0.40564190 0.13968991
v -0.28052431 0.39778700 0.14156379
v -0.27775881 0.38985385 0.15491674
v -0.28943890 0.39007275 0.16509825
v -0.30521584 0.40564616 0.15004111
v -0.30274159 0.39790898 0.16226813
v -0.64549919 -0.20039061 -0.17539400
v -0.65230628 -0.18658951 -0.17357262
v -0.65119396 -0.19449011 -0.16244063
v -0.69955905 -0.04510349 -0.30792385
v -0.36346982 0.39170000 0.18545059
v -0.35217054 0.39742061 0.18095670
v -0.69032355 -0.14107537 -0.09462137
v -0.68887259 -0.14183282 -0.10610561
v -0.69449644 -0.13211432 -0.10355753
v -0.69652953 -0.12986132 -0.08972102
v -0.69148144 -0.14028714 -0.08132375
v -0.68655658 -0.15083236 -0.07328238
v -0.66324064 -0.13245681 -0.22317788
v -0.67233437 -0.12450031 -0.21367638
v -0.27902125 0.30554595 0.30886811
v -0.24172169 0.30848852 0.31373760
v -0.56901960 -0.11404260 0.35223427
v -0.57625129 -0.11347187 0.33815772
v -0.56428080 -0.09627946 0.35672650
v -0.56067981 -0.10951787 0.36821252
v -0.56235807 -0.12310063 0.36633284
v -0.06128549 0.31906281 0.36618483
v -0.08124778 0.31576383 0.35586253
v 0.63304208 -0.18018028 0.26051065
v -0.17641942 0.36158507 -0.10578598
v -0.17101260 0.35510121 -0.08842511
v -0.18754797 0.36851176 -0.11644542
v -0.17695803 0.36599017 -0.11860498
v -0.17948864 0.35372911 -0.07644904
v 0.68170767 -0.25330275 0.00578067
v 0.68045929 -0.25773481 0.01736120
v 0.67968822 -0.24720079 0.02112732
v 0.67879652 -0.23973005 0.00866306
v 0.68175477 -0.24797422 -0.01007787
v 0.68394786 -0.26157983 -0.00933267
v -0.52898438 0.05690889 0.32790818
v -0.52395471 0.04596587 0.34026442
v -0.53616192 0.04467193 0.32627146
v -0.52413208 0.07016838 0.32616449
v -0.51746709 0.06182280 0.33834552
v -0.53425858 0.06499552 0.31734007
v -0.53808419 0.05424355 0.31862693
v -0.54708016 0.04544144 0.31238213
v -0.51573731 0.03870900 0.35490759
v -0.51089280 0.05291036 0.35135118
v 0.54028868 -0.26064763 0.28147691
v 0.53441714 -0.25896414 0.29121083
v -0.77916154 -0.00920053 -0.22525281
v -0.78033606 -0.01207732 -0.21023425
v -0.79156049 -0.00392954 -0.21997621
v -0.77830685 -0.02177182 -0.12046906
v -0.22141423 0.29785031 0.35600529
v -0.21740853 0.29501422 0.36826124
v -0.60603082 -0.18549863 0.25064394
v -0.60495991 -0.17470393 0.26140380
v 0.62794010 -0.10598109 0.30820158
v 0.62966853 -0.10870694 0.29353963
v -0.63930457 -0.13245594 -0.28010907
v -0.64329807 -0.13362774 -0.26896478
v -0.73941241 -0.01748348 0.03294627
v -0.73708623 -0.02468491 0.02105243
v -0.74623360 -0.01763541 0.01805818
v -0.75264011 -0.00877637 0.02661578
v -0.17707411 0.38073565 -0.21411415
v -0.18941796 0.38384908 -0.20506826
v -0.03294305 0.33597864 0.27479147
v -0.02199408 0.34004913 0.26839895
v -0.04484012 0.33047949 0.28311618
v -0.01392121 0.34149822 0.27565507
v -0.75284371 -0.02089166 -0.25711785
v -0.68000507 -0.16342948 -0.01057873
v -0.67530327 -0.17497802 -0.01117618
v -0.67631336 -0.17070947 -0.00011984
v -0.67086195 -0.18414758 -0.00456719
v -0.30845209 0.41317723 0.13761819
v -0.20979549 0.37327257 -0.10572870
v -0.20008473 0.37214729 -0.11480990
v -0.34573679 0.33457396 0.25708095
v -0.56139827 -0.07718241 0.35411146
v -0.68736359 -0.10362042 0.06153575
v -0.68624677 -0.09386285 0.07437118
v -0.68183094 -0.10965764 0.07558057
v -0.69255635 -0.09839343 0.04799715
v -0.68276669 -0.11995559 0.06205173
v -0.68813680 -0.11231348 0.04896068
v -0.69106383 -0.12871500 0.00657401
v -0.50424464 0.06860702 0.34905625
v -0.50467639 0.04475087 0.36426039
v -0.49987607 0.05772445 0.36095493
v -0.28404458 0.40565357 0.12921562
v -0.26780525 0.44408113 0.05764945
v -0.27648710 0.45205015 0.04976963
v -0.25300024 0.44007964 0.05410355
v -0.25585451 0.43334236 0.06731088
v -0.27534731 0.43843857 0.07075505
v -0.27676992 0.50742219 -0.20845366
v -0.27134012 0.50563846 -0.21912812
v -0.60221525 -0.13635733 0.28521933
v -0.14513752 0.31738858 0.29926902
v -0.24050320 0.34812039 0.21896705
v -0.22911904 0.35050803 0.20681675
v -0.24386530 0.35308484 0.20869228
v -0.25238022 0.34743570 0.22565924
v -0.25089020 0.35174516 0.21552653
v 0.55627818 -0.19650343 0.36747543
v -0.77017480 -0.02634407 -0.16074559
v -0.61395924 -0.19672324 -0.29140325
v -0.11904407 0.32345556 0.26218743
v -0.14824554 0.32054673 0.28180842
v -0.15058244 0.32349109 0.26712486
v -0.12923471 0.32508210 0.25496680
v -0.14136402 0.32461551 0.25864302
v 0.58814676 -0.15851182 0.37070931
v 0.60070020 -0.15350223 0.35606945
v -0.70816979 -0.09626040 -0.02361063
v -0.70462296 -0.09863550 -0.00838850
v -0.71121838 -0.08419942 -0.01103976
v -0.71095656 -0.09453511 -0.03685322
v -0.71629864 -0.08056297 -0.02872936
v -0.17499107 0.37150958 -0.14974812
v -0.17665126 0.37265812 -0.16324922
v -0.18158795 0.37412490 -0.14557971
v -0.17852482 0.37214169 -0.14097502
v -0.65316449 -0.06455836 0.17038743
v -0.65700301 -0.07855044 0.15988600
v -0.66299937 -0.07302254 0.14751727
v -0.65071402 -0.07891082 0.17386301
v -0.65167948 -0.09253293 0.16978538
v -0.65756973 -0.09202637 0.15572476
v -0.66229843 -0.08487475 0.14594613
v -0.64595878 -0.07203131 0.18458013
v -0.65324382 -0.04796313 0.17225678
v -0.64646637 -0.05643676 0.18440713
v -0.24355621 0.43096933 -0.19897914
v -0.75859117 -0.02542743 -0.03757346
v -0.77395762 -0.01645645 -0.04546333
v -0.76162899 -0.02648520 -0.05383117
v -0.59423138 -0.17283385 0.28604468
v -0.58625463 -0.18082639 0.29443030
v -0.59999277 -0.17021666 0.27580033
v -0.24503128 0.37584800 0.15615556
v 0.54503784 -0.24537436 0.30508637
v 0.53789056 -0.25251997 0.29999210
v 0.53475286 -0.24868965 0.31026461
v 0.55265197 -0.23708142 0.31076844
v -0.19930004 0.39638935 -0.24050753
v -0.18881479 0.38851413 -0.23317316
v -0.05735315 0.32526491 0.29068067
v -0.25487591 0.35676064 0.20633386
v -0.57252060 -0.01919511 0.30907050
v -0.45438030 0.17522075 0.33498505
v -0.46020006 0.15965461 0.33895273
v -0.46802152 0.14538249 0.34041944
v -0.46138112 0.13757272 0.34982215
v -0.04150025 0.32336874 0.35280289
v -0.04774390 0.32153926 0.34390141
v -0.04825768 0.32171355 0.36524103
v -0.05405000 0.31999453 0.35374020
v -0.66487363 -0.19632741 -0.06697470
v -0.29670156 0.47937758 -0.07260284
v -0.28616778 0.50552937 -0.17287407
v -0.28546972 0.50829990 -0.18732033
v -0.27725718 0.49572434 -0.18185288
v -0.56383672 0.03080401 0.29804178
v -0.60155905 -0.03473721 0.26443099
v -0.60231838 -0.04723945 0.26629962
v -0.61717183 -0.20772234 -0.26700702
v -0.61808296 -0.19848301 -0.27662944
v -0.62242401 -0.19468407 -0.26724200
v -0.40916173 0.24033862 0.32505133
v -0.40268244 0.23073705 0.33475411
v -0.41604317 0.22913078 0.32800905
v -0.41972268 0.23912763 0.31987725
v -0.39687101 0.24264505 0.33055174
v -0.40930027 0.21821895 0.33863472
v -0.42890667 0.23144309 0.31934584
v -0.39492498 0.22162097 0.34507815
v -0.38962293 0.23398140 0.34032334
v -0.16881899 0.36030388 0.01572712
v -0.16637864 0.37132178 0.07331296
v -0.14253065 0.35224903 0.07275585
v -0.17507237 0.37894006 0.06959395
v -0.25929266 0.41670878 -0.03321166
v 0.60823904 -0.22677508 0.24657194
v -0.79525351 -0.00936502 -0.17792457
v -0.78095143 -0.01810321 -0.16970805
v -0.78473380 -0.01380528 -0.18637864
v -0.80567788 -0.00468767 -0.16898764
v -0.79397819 -0.01088512 -0.16631216
v -0.69073631 -0.12490996 0.01722919
v -0.68843042 -0.12014833 0.03734587
v -0.19543192 0.37428506 -0.12677871
v -0.18055979 0.37009375 -0.12970113
v 0.64590876 -0.22598980 0.16534585
v -0.11227199 0.32927096 0.06719358
v -0.12220172 0.33384685 0.05279348
v -0.68228588 -0.16030222 -0.06688167
v -0.69252276 -0.13871562 -0.06791668
v -0.12802628 0.33486918 0.03543107
v -0.13989516 0.34113069 0.02552364
v -0.14720961 0.35481580 0.14518218
v -0.15103265 0.35253503 0.15992659
v -0.15719203 0.35946011 0.13814888
v -0.13294133 0.35084071 0.13661632
v -0.16144982 0.35774991 0.14975496
v -0.16653185 0.35443193 0.16383782
v -0.38150355 0.22615965 0.35018744
v -0.38602643 0.21340986 0.35568952
v -0.37857564 0.23706840 0.34477266
v -0.44028734 0.23777385 0.30938716
v -0.44898751 0.28759871 0.26990031
v -0.23680568 0.45064970 -0.24386014
v -0.25504753 0.40952120 -0.07225390
v -0.26051750 0.41627249 -0.06331419
v -0.26745217 0.42576801 -0.05380089
v -0.26715189 0.42923247 -0.06798590
v -0.25759105 0.41013310 -0.04819685
v -0.66604560 -0.13757899 -0.20890899
v -0.66251247 -0.15316482 -0.19458624
v -0.63036502 -0.14441672 0.21715840
v -0.48150229 0.08419936 0.36323844
v -0.47499404 0.09700690 0.36141827
v -0.68032916 -0.05514697 0.11470704
v -0.77177220 -0.02267696 -0.18291930
v -0.77544734 -0.01786967 -0.19614194
v -0.78677734 -0.01065500 -0.19853015
v -0.76621795 -0.02866987 -0.17106325
v -0.22554773 0.39795548 0.09975023
v -0.27953892 0.45789105 0.03879732
v -0.28471646 0.46471917 0.02558508
v -0.53870653 0.12338726 0.28322053
v -0.52876232 0.12646449 0.29324750
v -0.52412008 0.11537005 0.30380435
v -0.70402173 -0.11308859 -0.05273190
v -0.71013835 -0.09969247 -0.04983558
v -0.69960401 -0.12378478 -0.06401897
v -0.66009423 -0.11429979 0.14284774
v -0.66126848 -0.09869821 0.14453555
v -0.65542706 -0.10557163 0.15806104
v -0.65703169 -0.12557393 0.14849474
v -0.66040395 -0.12891893 0.13642262
v -0.65548155 -0.11824790 0.15510885
v -0.66490602 -0.11895762 0.12628408
v -0.65214979 -0.13022702 0.16123987
v -0.65626758 -0.13682688 0.14663433
v -0.72070138 0.00566404 0.09476198
v -0.71282198 -0.00421861 0.09597806
v -0.69333323 -0.13660417 -0.05532021
v -0.51705044 0.15283535 0.29229036
v -0.51222161 0.16584506 0.29052032
v -0.43871179 0.29710076 0.26923938
v -0.16264987 0.32277779 0.27556688
v -0.17259975 0.32240040 0.28131909
v -0.29655828 0.47214569 0.02232538
v -0.26178211 0.35329691 0.21713044
v -0.75034803 -0.04267545 -0.08883526
v -0.75177976 -0.03849419 -0.07366709
v -0.18557806 0.36034739 -0.00843135
v -0.65911872 -0.14282434 0.13394882
v -0.25828803 0.45436984 -0.18038433
v -0.65854973 -0.20260702 0.04172470
v -0.65941540 -0.20523800 0.01843191
v -0.63081515 -0.02266297 0.21072592
v -0.59823186 -0.12791829 0.29402956
v -0.10572089 0.33113924 0.09582504
v -0.37839622 0.20606793 0.36519377
v -0.69023364 -0.13503118 -0.12600165
v 0.47609216 -0.25763844 0.34638178
v -0.74401464 -0.02994412 -0.25566888
v -0.73601321 -0.03554848 -0.26152200
v -0.18974603 0.38673924 -0.21897950
v -0.17770238 0.38281791 -0.22713720
v -0.56126912 0.05466207 0.28914261
v -0.80070633 0.01699471 -0.27867723
v -0.81005334 0.02587681 -0.28844898
v -0.78637649 0.01417742 -0.28905556
v -0.58064986 -0.04700553 0.30606730
v -0.58288691 -0.03665093 0.29846154
v -0.58783956 -0.04673852 0.29299139
v -0.57845601 -0.05725295 0.31378007
v -0.57074038 -0.18013748 0.32273134
v -0.58103514 -0.17379525 0.30980925
v -0.69770236 -0.11251658 0.00122020
v -0.10259508 0.31410756 0.33685895
v -0.49272251 0.07861331 0.35521014
v -0.50092052 0.08503428 0.34299271
v -0.48751198 0.09443977 0.35099674
v -0.48688201 0.07173463 0.36590194
v -0.49506977 0.06773505 0.35961220
v -0.49168555 0.06204071 0.36728958
v -0.71348206 -0.08830431 -0.17895916
v -0.72023566 -0.08216248 -0.16842225
v -0.71109334 -0.08682691 -0.19370014
v -0.72390544 -0.07977738 -0.15393087
v -0.71642453 -0.08953597 -0.15642794
v -0.72866980 -0.07206570 -0.16300455
v -0.06967601 0.32402147 0.28231149
v -0.06967131 0.32110075 0.29728108
v -0.26352164 0.53326293 -0.28000332
v -0.74084009 -0.02647814 0.00815812
v -0.73362278 -0.03886300 -0.00155199
v -0.73089975 -0.03410817 0.01594327
v -0.36959620 0.24561759 0.34409213
v -0.38306406 0.24705675 0.33545710
v -0.35899248 0.25553044 0.34273501
v -0.37147887 0.25735133 0.33454222
v -0.64926192 -0.20322303 -0.15164906
v -0.65437695 -0.19826746 -0.13787172
v -0.18144257 0.37294913 0.11704423
v -0.17659006 0.36839405 0.12739113
v -0.17578568 0.37341481 0.10447375
v -0.17076506 0.36880202 0.11683164
v -0.16971000 0.36303009 0.13885022
v -0.64368176 -0.09542282 -0.30870313
v -0.63957501 -0.10748720 -0.30371476
v -0.78390277 -0.01276449 -0.05669589
v -0.17079186 0.35480996 -0.00012233
v -0.15807478 0.35041475 0.01147802
v -0.15688627 0.34614258 -0.00203702
v -0.17680033 0.35249611 -0.01436322
v -0.16613250 0.34861128 -0.01024126
v -0.29277665 0.30024041 0.31656734
v -0.64049235 -0.11516068 -0.29434204
v -0.64172665 -0.12209011 -0.28449561
v -0.26408660 0.42909663 0.07780202
v -0.25110663 0.42257902 0.07963980
v -0.27541636 0.42927876 0.08370754
v 0.66454705 -0.27479598 0.06255004
v 0.66674272 -0.26463054 0.06885383
v 0.66094989 -0.27410084 0.07465585
v -0.18684474 0.38084793 0.09709333
v -0.19068878 0.38623728 0.08727117
v -0.17582141 0.37709624 0.08537679
v -0.63808957 -0.16908598 0.18443344
v -0.63340644 -0.18114465 0.18757078
v -0.65500497 -0.14983770 0.14424631
v -0.65259275 -0.14417181 0.15500133
v -0.19343840 0.36070838 0.16056662
v -0.17835802 0.36062034 0.15283158
v -0.66435284 -0.19697652 0.00406473
v -0.21264293 0.39493243 0.09495825
v -0.36025448 0.26707385 0.33269756
v -0.38223069 0.25901057 0.32759368
v -0.37453969 0.26972537 0.32339559
v -0.44474288 0.27721706 0.28244336
v -0.45666197 0.27510428 0.27581891
v -0.74635592 -0.04934758 -0.16545728
v -0.53551462 0.13255869 0.28238369
v -0.26766433 0.47420469 -0.17403751
v -0.14967478 0.34688722 0.02072342
v -0.47880361 0.13477971 0.33717144
v -0.48801763 0.12365746 0.33491926
v -0.47675106 0.12349363 0.34472320
v -0.49609783 0.11324421 0.33284733
v -0.48567289 0.11069214 0.34369354
v -0.52770496 0.14068279 0.28707168
v -0.51789377 0.13747940 0.29957556
v -0.63681060 -0.01632007 0.20056562
v -0.55829995 0.04245510 0.29950321
v -0.54381451 0.05958344 0.30886339
v -0.19239537 0.30266110 0.36501262
v -0.26054817 0.44894025 -0.14948169
v -0.41569583 0.31800617 0.26313816
v -0.63472708 -0.08620638 0.20780862
v -0.27758639 0.50234109 -0.19726422
v -0.27049128 0.49673982 -0.20862042
v -0.28167865 0.28538614 0.34928997
v -0.29715956 0.28315775 0.34540899
v -0.28545144 0.29059361 0.33843780
v -0.28614257 0.29563072 0.32830956
v -0.23419667 0.40616570 0.09253444
v -0.23605630 0.41435114 0.08199564
v -0.26343464 0.46285271 -0.16930611
v -0.26172924 0.45509357 -0.15813315
v -0.08856535 0.32068168 0.28192020
v 0.65186169 -0.22008570 0.15430999
v -0.15723218 0.34376479 -0.01515940
v -0.14435146 0.33882052 -0.00818082
v -0.31401434 0.25910475 0.36452885
v -0.32788858 0.25184512 0.36285993
v -0.31069974 0.26820170 0.35755820
v -0.32296892 0.26471537 0.35427087
v -0.71664369 -0.08534856 -0.04561592
v -0.70349346 -0.11683463 -0.08242800
v -0.68026344 -0.11752917 -0.20693065
v -0.64678194 -0.03862346 0.18465842
v -0.65464438 -0.03322825 0.17159395
v -0.65036500 -0.02828343 0.17924262
v -0.68422681 -0.12623196 0.04838178
v -0.67858564 -0.13197523 0.06649420
v -0.68059674 -0.13240760 0.05701921
v 0.68524428 -0.25743312 -0.02482763
v -0.71401218 -0.09847413 -0.09865081
v -0.70924311 -0.10640331 -0.10689980
v -0.71028684 -0.10368711 -0.12054352
v 0.02241465 0.35082379 0.35070876
v 0.01063222 0.34610519 0.35578021
v 0.02561521 0.34919823 0.33439830
v 0.66823385 -0.21960405 0.08919481
v 0.67090008 -0.22526753 0.07154442
v 0.66808250 -0.21144605 0.07574499
v 0.61036620 -0.15014293 0.34225871
v -0.34680718 0.41310628 0.15925262
v -0.56471571 -0.19212829 0.32184468
v -0.57423518 -0.18999530 0.30757724
v -0.27195120 0.44023391 -0.07280155
v -0.28637338 0.45918920 -0.01621220
v -0.27419336 0.43582305 -0.04444750
v -0.27633984 0.45015642 -0.01177019
v -0.17827492 0.30486759 0.37119971
v -0.81595632 0.00211321 -0.16560818
v -0.17682249 0.33631573 0.22332018
v -0.09254347 0.33925754 0.18464327
v -0.07217152 0.33500099 0.17607500
v -0.08100071 0.33711908 0.17293890
v -0.64833202 -0.14600577 0.16694527
v -0.49804909 0.10041120 0.33754296
v -0.51289568 0.07677155 0.33497453
v 0.52128214 -0.24675854 0.32692357
v 0.53072417 -0.24513269 0.32067894
v -0.69679888 -0.12991917 -0.07683215
v -0.33272034 0.27131008 0.34256399
v -0.31478049 0.27617456 0.34626268
v -0.33708532 0.25943520 0.35147011
v -0.34746605 0.26443976 0.34156185
v -0.34658025 0.27742837 0.32964532
v -0.30171534 0.27411505 0.35548871
v -0.53418749 -0.19395326 0.36550371
v -0.53182434 -0.20254652 0.35973549
v -0.36193822 0.27709951 0.32310974
v -0.35611100 0.28774539 0.31506751
v -0.37168778 0.28270449 0.31365256
v 0.67382208 -0.23058159 0.05537326
v 0.67616548 -0.23507868 0.04289051
v 0.67166081 -0.23937484 0.06755764
v 0.67708082 -0.23454743 0.02820675
v -0.14456760 0.34134368 0.00915197
v -0.66411545 -0.19565404 -0.08067960
v -0.34224299 0.40142692 0.17614035
v -0.67678343 -0.14284443 0.06143544
v -0.17698229 0.32092473 0.28930002
v -0.67114977 -0.18494949 -0.01824451
v -0.33215028 0.33695621 0.25346886
v -0.33384821 0.32843208 0.26494271
v -0.76126889 -0.03155788 -0.18145667
v -0.45097710 0.23238927 0.30636442
v -0.31945490 0.33149231 0.26041145
v -0.33131007 0.34436450 0.24391017
v -0.31977241 0.34049160 0.24808004
v 0.65749224 -0.27341716 0.08585472
v -0.70238740 -0.09743708 -0.19271830
v -0.69551438 -0.10283632 -0.19921329
v -0.70257717 -0.09403193 -0.20099074
v -0.55234100 0.05380936 0.30133106
v -0.27129414 0.44083822 -0.01766325
v -0.27939573 0.44786918 -0.02342216
v -0.26963191 0.43288982 -0.02922833
v 0.62729541 -0.22154617 0.21646191
v -0.63980355 -0.07986509 0.19704781
v -0.64561833 -0.08641956 0.18429657
v -0.63979751 -0.06492229 0.19718438
v -0.59560893 -0.04406764 0.27788263
v -0.58861560 -0.03286927 0.28704553
v -0.59453456 -0.02968180 0.27555579
v 0.00067369 0.34115261 0.36391902
v 0.00995348 0.34625685 0.36860931
v -0.36926160 0.29383324 0.30382349
v -0.34658540 0.29459585 0.31078989
v -0.16322261 0.31993986 0.29039593
v -0.16179902 0.31733083 0.30388979
v -0.75439309 -0.03965843 -0.17187573
v 0.62185940 -0.22343191 0.22554286
v -0.46968335 0.13311325 0.34555667
v -0.47463888 0.11455650 0.35137211
v -0.56237870 -0.13428337 0.36511923
v -0.70608825 -0.08698123 -0.20877669
v -0.24153679 0.43243099 0.05998347
v -0.58680264 -0.13644744 0.31764734
v 0.01972417 0.35128125 0.36518349
v 0.03089955 0.35559700 0.36182697
v -0.75881686 -0.03671053 -0.11234439
v -0.65212950 -0.11633405 0.16468178
v -0.64933566 -0.10753695 0.17332697
v -0.25615178 0.52104123 -0.27798283
v -0.59226344 -0.13211184 0.30686118
v -0.23928968 0.42430810 0.07044770
v -0.11487181 0.32636808 0.25048149
v -0.11011742 0.33037008 0.23549420
v -0.47834400 0.10519809 0.35337526
v -0.79501216 -0.00515009 -0.20718608
v -0.51873253 0.12602379 0.30453262
v -0.71831613 -0.08908230 -0.14264119
v 0.64006307 -0.13454138 0.25184280
v -0.26631619 0.42389629 -0.04149777
v -0.10122027 0.33781207 0.20176600
v -0.10340064 0.33550374 0.21417401
v -0.10882814 0.34046594 0.18886786
v -0.30539268 0.32651047 0.26760912
v -0.34851875 0.25442438 0.34941805
v -0.64583948 -0.09878696 0.18278333
v -0.51321186 0.11889483 0.31362231
v -0.23254212 0.31211384 0.30778815
v -0.70816032 -0.10852758 -0.09462819
v -0.70208235 -0.11886446 -0.10106897
v -0.16535696 0.38289560 -0.26619440
v -0.69105014 -0.13641502 -0.11399231
v -0.72361470 -0.05933332 -0.01294546
v -0.71831578 -0.07017851 -0.01393677
v -0.10484150 0.34181956 0.17672307
v -0.75312497 -0.03479291 -0.06086517
v -0.70464845 -0.11338229 -0.11446840
v -0.69759414 -0.12461579 -0.11696605
v -0.09916720 0.33365230 0.22428048
v -0.74670882 -0.03029712 -0.01998460
f 689 690 1656
f 1121 515 1123
f 429 430 1888
f 2005 1655 1656
f 550 1618 549
f 1884 1888 1885
f 1353 1123 2258
f 684 686 688
f 1122 1125 1124
f 420 423 427
f 677 916 1097
f 673 674 676
f 1353 2258 2379
f 1259 2229 2601
f 548 2163 2601
f 1260 2228 2229
f 1621 2380 1620
f 422 430 429
f 2003 2004 2002
f 1884 1885 681
f 2662 2663 2661
f 674 681 676
f 1122 1124 515
f 1096 2783 2663
f 420 427 422
f 424 2115 423
f 688 1493 44
f 684 685 687
f 2203 1125 2118
f 673 677 675
f 1617 1619 1618
f 1259 2601 2163
f 1617 1620 1619
f 2054 2662 2661
f 2003 2005 2004
f 1884 429 1888
f 1096 1097 2783
f 2115 2116 2118
f 687 685 690
f 548 549 1693
f 1260 2229 1259
f 420 424 423
f 2053 2054 2002
f 2259 2380 2379
f 2662 1096 2663
f 548 1693 2163
f 515 512 1123
f 2476 1620 2380
f 512 2258 1123
f 1636 1124 1125
f 673 675 674
f 677 1097 678
f 690 2368 1656
f 2053 2002 2004
f 2203 2118 2116
f 2259 2379 2258
f 1618 1692 549
f 2005 1656 2368
f 424 2116 2115
f 1636 1125 2203
f 1884 681 683
f 421 422 429
f 684 688 40
f 674 683 681
f 420 422 421
f 675 677 678
f 2476 2380 2259
f 684 40 685
f 514 515 1124
f 549 1692 1693
f 1619 1620 2477
f 1618 1619 2752
f 1258 1259 2163
f 2476 2477 1620
f 1093 1097 1096
f 2364 2004 2005
f 690 685 2725
f 514 1124 1636
f 2054 2057 2662
f 1093 678 1097
f 1618 2752 1692
f 2051 2054 2053
f 1884 1887 429
f 1258 2163 1693
f 690 2725 2368
f 1884 683 1886
f 2203 2116 2204
f 420 426 424
f 511 2259 2258
f 2053 2004 2052
f 511 2258 512
f 424 2117 2116
f 508 512 515
f 1636 2203 2204
f 2662 1095 1096
f 674 682 683
f 508 515 514
f 421 429 428
f 2363 2005 2368
f 420 421 425
f 675 679 674
f 2475 2476 2259
f 935 1259 1258
f 1619 2477 2753
f 2364 2052 2004
f 2051 2057 2054
f 1619 2753 2752
f 2363 2364 2005
f 1884 1886 1887
f 2475 2477 2476
f 675 678 680
f 1690 1693 1692
f 2117 2204 2116
f 424 426 2117
f 38 2725 685
f 2051 2053 2052
f 1093 1096 1095
f 420 425 426
f 429 1887 428
f 1886 683 682
f 514 1636 1637
f 674 679 682
f 2662 2057 1095
f 1093 680 678
f 1692 2752 1691
f 1636 2204 1637
f 421 428 425
f 511 2257 2259
f 1257 1258 1693
f 506 511 512
f 675 680 679
f 2475 2259 2257
f 2725 2367 2368
f 506 512 508
f 1690 1692 1691
f 1690 1257 1693
f 2363 2368 2367
f 508 514 513
f 2477 2286 2753
f 2475 2286 2477
f 2364 2365 2052
f 1401 2752 2753
f 514 1637 513
f 2363 2365 2364
f 2117 2289 2204
f 2051 2052 2056
f 2117 426 2290
f 1691 2752 1401
f 1887 1886 1785
f 1785 1886 682
f 2051 2055 2057
f 1093 1095 1094
f 1093 1094 680
f 934 1258 1257
f 426 425 2293
f 1637 2204 2255
f 2286 1401 2753
f 428 1887 2227
f 511 510 2257
f 506 510 511
f 2475 2257 2478
f 2365 2056 2052
f 2117 2290 2289
f 1690 1691 1403
f 2475 2478 2286
f 1095 2057 2768
f 2289 2255 2204
f 679 1783 682
f 506 508 507
f 428 691 425
f 680 1099 679
f 508 513 507
f 1690 1403 1257
f 2051 2056 2055
f 2290 426 2293
f 2363 2366 2365
f 1887 1785 2227
f 1691 1401 1397
f 513 1637 1638
f 2055 2768 2057
f 1783 1785 682
f 1403 1691 1397
f 2293 425 691
f 1099 1783 679
f 428 2227 691
f 1637 2255 1638
f 506 509 510
f 680 1094 1098
f 1402 1401 2286
f 506 507 509
f 1094 1095 1101
f 2257 2260 2478
f 510 2260 2257
f 680 1098 1099
f 513 1638 507
f 2769 2056 2365
f 2289 2290 2291
f 1095 2768 1101
f 2287 2286 2478
f 2289 2291 2255
f 1257 1403 1404
f 2055 2056 2767
f 1396 1397 1401
f 2769 2365 2366
f 2290 2293 2292
f 1398 1403 1397
f 1396 1401 1402
f 1402 2286 2287
f 2769 2767 2056
f 2055 2766 2768
f 509 2256 510
f 2290 2292 2291
f 1783 1786 1785
f 2260 2287 2478
f 1785 2527 2227
f 2293 691 692
f 510 2256 2260
f 1638 2255 2517
f 1398 1404 1403
f 1099 1784 1783
f 509 507 2214
f 2055 2767 2766
f 1396 1398 1397
f 2227 693 691
f 2291 2517 2255
f 2211 507 1638
f 1094 1100 1098
f 1099 1098 1784
f 1094 1101 1100
f 2293 692 2292
f 1785 1786 2527
f 509 2214 2256
f 2768 2733 1101
f 2211 2214 507
f 2227 2527 693
f 2766 2733 2768
f 1402 2287 2033
f 1396 1402 1400
f 24 2767 2769
f 1783 1787 1786
f 2292 2805 2291
f 1783 1784 1787
f 2215 1638 2517
f 24 2766 2767
f 2260 1310 2287
f 2211 1638 2215
f 1396 1399 1398
f 320 692 691
f 320 691 693
f 2260 2256 1312
f 1400 1402 2033
f 1398 1405 1404
f 1784 1098 1728
f 2292 692 2791
f 2291 2198 2517
f 1728 1098 1100
f 1396 1400 1399
f 2732 1100 1101
f 1343 2033 2287
f 2292 2791 2805
f 2214 2306 2256
f 2291 2805 2198
f 2732 1101 2733
f 2260 1312 1310
f 1786 2709 2527
f 1343 2287 1310
f 1398 1399 1405
f 1786 1787 2709
f 2211 2212 2214
f 25 2733 2766
f 2256 2306 1312
f 319 693 2527
f 2211 2215 2213
f 2215 2517 2199
f 1787 1784 1727
f 1400 2033 1344
f 2214 2212 2306
f 1727 1784 1728
f 321 2791 692
f 320 693 319
f 1344 2033 1343
f 320 321 692
f 2198 2199 2517
f 1400 2032 1399
f 1728 1100 1285
f 2211 2213 2212
f 2732 1285 1100
f 2791 2197 2805
f 2527 2709 2319
f 2198 2805 2197
f 1400 1344 2032
f 2732 2733 2734
f 1787 2318 2709
f 2215 2199 2213
f 2734 2733 25
f 1309 1310 1312
f 1311 1343 1310
f 319 2527 2319
f 1313 1312 2306
f 2034 1405 1399
f 1787 1727 2318
f 321 2197 2791
f 1311 1344 1343
f 2032 2034 1399
f 2306 2212 1021
f 316 320 319
f 316 321 320
f 1309 1311 1310
f 1281 1727 1728
f 2318 2319 2709
f 1309 1312 1313
f 2196 2199 2198
f 1281 1728 1285
f 2196 2198 2197
f 2732 1284 1285
f 1020 2212 2213
f 1313 2306 1021
f 2732 2734 1284
f 2032 1344 2035
f 1626 2213 2199
f 1020 1021 2212
f 1311 1345 1344
f 2032 2035 2034
f 1344 1345 2035
f 321 325 2197
f 1020 2213 1626
f 319 2319 776
f 1727 1283 2318
f 316 319 318
f 1280 1281 1285
f 1280 1285 1284
f 1281 1283 1727
f 2196 2195 2199
f 1309 1313 1315
f 2196 2197 2194
f 1309 1314 1311
f 316 317 321
f 1323 2319 2318
f 1284 2734 47
f 1019 1313 1021
f 2195 1626 2199
f 318 319 776
f 2194 2197 325
f 1015 1021 1020
f 1311 1342 1345
f 317 325 321
f 2034 2035 2438
f 1309 1315 1314
f 1315 1313 1019
f 1323 776 2319
f 1323 2318 1283
f 2035 1345 1346
f 316 318 317
f 1311 1314 1342
f 1280 1284 46
f 1015 1019 1021
f 1279 1281 1280
f 1017 1020 1626
f 1279 1283 1281
f 2190 2196 2194
f 2190 2195 2196
f 1015 1020 1017
f 1342 1346 1345
f 2035 1346 2438
f 2195 1627 1626
f 318 776 775
f 1315 1019 1022
f 2194 325 2193
f 1314 1315 1219
f 1323 1361 776
f 1017 1626 1627
f 1279 1280 29
f 317 318 322
f 317 323 325
f 1015 1016 1019
f 1314 1215 1342
f 1322 1323 1283
f 2190 2191 2195
f 2190 2194 2193
f 1279 1282 1283
f 1361 775 776
f 1219 1315 1022
f 318 775 322
f 1014 1015 1017
f 1016 1022 1019
f 2195 2191 1627
f 323 2193 325
f 1314 1219 1215
f 1342 1216 1346
f 2438 1346 2043
f 1323 1324 1361
f 1014 1016 1015
f 1322 1283 1282
f 1279 29 1282
f 1322 1324 1323
f 1017 1627 1018
f 317 322 324
f 1342 1215 1216
f 317 324 323
f 2190 2192 2191
f 1014 1017 1018
f 2190 2193 2192
f 1216 2043 1346
f 1359 775 1361
f 1219 1022 605
f 1016 607 1022
f 1358 322 775
f 2357 1627 2191
f 1359 1361 1324
f 1214 1215 1219
f 1014 608 1016
f 1560 2193 323
f 2357 2191 2192
f 1322 1321 1324
f 1358 324 322
f 607 605 1022
f 1358 775 1359
f 22 1322 1282
f 1214 1219 605
f 2202 1018 1627
f 1016 608 607
f 324 1560 323
f 1212 1216 1215
f 1014 1018 670
f 1943 2192 2193
f 1216 2044 2043
f 1359 1324 1321
f 2202 1627 2357
f 1212 1215 1214
f 22 1321 1322
f 1014 670 608
f 1943 2193 1560
f 670 1018 2202
f 2357 2192 2174
f 1358 1360 324
f 598 605 607
f 597 607 608
f 1214 605 606
f 1216 1217 2044
f 1212 1217 1216
f 1359 1321 50
f 1358 1359 26
f 1943 2174 2192
f 324 1513 1560
f 1212 1214 1213
f 2202 2357 2173
f 598 607 597
f 598 606 605
f 670 604 608
f 324 1360 1513
f 2357 2174 2173
f 597 608 604
f 1214 606 1213
f 1358 26 1360
f 1941 1943 1560
f 665 670 2202
f 1941 1560 1513
f 1212 1218 1217
f 1212 1213 1218
f 2202 2173 664
f 598 599 606
f 1943 1944 2174
f 596 598 597
f 602 604 670
f 665 2202 664
f 596 597 604
f 1213 606 1220
f 2171 2173 2174
f 1511 1513 1360
f 1511 1360 26
f 1941 1944 1943
f 602 670 665
f 596 599 598
f 599 1220 606
f 1213 1220 1218
f 2171 664 2173
f 2171 2174 1944
f 596 604 602
f 2446 1217 1218
f 1941 1513 1512
f 1511 1512 1513
f 662 665 664
f 596 600 599
f 599 600 1220
f 662 602 665
f 1941 1942 1944
f 2447 1218 1220
f 2171 667 664
f 1941 1512 1942
f 2446 1218 2447
f 2171 1944 2172
f 596 602 601
f 1511 21 1512
f 662 664 667
f 1220 600 2735
f 596 603 600
f 2172 1944 1942
f 2447 1220 2735
f 662 663 602
f 2171 2172 667
f 596 601 603
f 663 601 602
f 49 1942 1512
f 603 2735 600
f 662 667 666
f 662 666 663
f 2172 1942 48
f 2172 2040 667
f 2447 2735 1131
f 603 1130 2735
f 601 2254 603
f 666 667 2040
f 2447 1131 2205
f 663 668 601
f 1131 2735 1130
f 2172 2826 2040
f 668 2254 601
f 663 666 669
f 2172 48 2826
f 1129 1130 603
f 1129 603 2254
f 663 669 668
f 2036 666 2040
f 669 666 2036
f 1126 1131 1130
f 668 2183 2254
f 1126 1130 1129
f 1129 2254 2183
f 41 2040 2826
f 669 2037 668
f 2036 2040 41
f 2181 2183 668
f 581 582 1131
f 2181 668 2037
f 1126 581 1131
f 669 2036 2038
f 1129 2183 1128
f 1126 1129 1128
f 669 2038 2037
f 2036 2039 2038
f 2181 1517 2183
f 2181 2037 2182
f 1128 2183 1517
f 1126 1128 1127
f 2037 2038 2182
f 1126 1127 581
f 2181 2182 1517
f 2038 2390 2182
f 1514 1128 1517
f 1514 1127 1128
f 581 1127 580
f 578 581 580
f 1517 2182 2389
f 2389 2182 2390
f 1514 1517 1518
f 1518 1517 2389
f 1515 580 1127
f 1514 1515 1127
f 578 580 579
f 1514 1518 1516
f 1515 579 580
f 1519 1518 2389
f 1514 1516 1515
f 1519 2389 28
f 1516 1518 1519
f 1515 1351 579
f 1515 1516 1352
f 1516 1519 2
f 1515 1352 1351
f 1516 2 1352
f 1348 1351 1352
f 1348 1352 3
f 1349 1351 1348
f 1347 1349 1348
f 1347 1348 5
f 1347 39 1350
f 2729 2813 35
f 2729 35 2731
f 2729 2812 2813
f 2297 2731 14
f 2298 2729 2731
f 2729 2730 2812
f 2298 2731 2297
f 2298 2730 2729
f 2799 2812 2730
f 2294 2297 15
f 2295 2298 2297
f 2294 15 2296
f 2798 2799 2730
f 2298 2299 2730
f 2295 2297 2294
f 2295 2299 2298
f 2798 2730 2299
f 1881 2294 2296
f 1881 2295 2294
f 1880 2296 42
f 1881 2296 1880
f 2798 2299 1166
f 1881 377 2295
f 1880 42 1883
f 2295 378 2299
f 1166 2299 1167
f 376 1881 1880
f 2295 377 378
f 376 377 1881
f 1167 2299 378
f 2402 1883 27
f 1879 1880 1883
f 376 1880 1879
f 1165 1166 1167
f 367 377 376
f 367 378 377
f 2402 1882 1883
f 2400 2402 18
f 1879 1883 1882
f 1168 1167 378
f 372 376 1879
f 2400 1882 2402
f 367 376 372
f 1165 1167 1168
f 367 375 378
f 375 1168 378
f 1879 1882 370
f 372 1879 370
f 2085 2400 16
f 2399 1882 2400
f 366 367 372
f 1165 1168 1169
f 368 375 367
f 2399 370 1882
f 366 372 370
f 375 373 1168
f 2399 2400 2085
f 366 368 367
f 368 373 375
f 2488 1169 1168
f 2488 1168 373
f 2085 17 2086
f 2399 2401 370
f 366 370 369
f 2399 2085 2083
f 366 371 368
f 368 374 373
f 369 370 2401
f 2488 2490 1169
f 2082 2085 2086
f 2488 373 2489
f 2399 2083 2401
f 366 369 371
f 368 371 374
f 2082 2083 2085
f 373 374 2489
f 2086 43 2084
f 2082 2086 2084
f 2488 2489 2491
f 2488 2491 2490
f 369 2401 2481
f 2083 2087 2401
f 369 1854 371
f 374 1848 2489
f 382 2084 43
f 1846 374 371
f 2082 2019 2083
f 2491 2489 1848
f 2401 2087 2481
f 369 2481 1854
f 381 382 43
f 2490 2491 2355
f 2082 2084 383
f 2019 2087 2083
f 1846 1848 374
f 1846 371 1854
f 383 2084 382
f 2082 383 2019
f 2491 1848 1849
f 381 9 1657
f 2355 2491 1849
f 2631 1854 2481
f 2630 2481 2087
f 1844 1848 1846
f 379 382 381
f 2019 1717 2087
f 379 383 382
f 1846 1854 1853
f 1844 1849 1848
f 2630 2631 2481
f 1713 2019 383
f 2630 2087 1717
f 2631 1853 1854
f 1355 2355 1849
f 380 381 1657
f 1713 1717 2019
f 8 1658 1657
f 379 381 380
f 1844 1846 1845
f 379 384 383
f 1845 1846 1853
f 1713 383 384
f 1844 1847 1849
f 2630 2321 2631
f 2631 2320 1853
f 1355 1849 2356
f 2630 1717 1718
f 1844 1845 1847
f 1847 2356 1849
f 1658 2189 1657
f 380 1657 2189
f 1658 2747 2748
f 2631 2321 2320
f 379 380 385
f 2630 1718 2321
f 1714 1717 1713
f 379 385 384
f 1845 1853 1851
f 1851 1853 2320
f 1712 1713 384
f 1714 1718 1717
f 1355 2356 994
f 1845 1852 1847
f 1712 1714 1713
f 1658 2748 2746
f 2154 2320 2321
f 1718 2708 2321
f 1658 2746 2189
f 380 2189 2188
f 996 2356 1847
f 380 2188 385
f 2154 1851 2320
f 384 385 1716
f 1712 384 1716
f 1845 1851 1850
f 1653 2748 31
f 1845 1850 1852
f 996 994 2356
f 996 1847 1852
f 1982 2321 2708
f 2154 2321 1982
f 1714 1719 1718
f 1718 1719 2708
f 2746 2748 1653
f 1712 1715 1714
f 2846 385 2188
f 2846 1716 385
f 2828 2188 2189
f 2154 1057 1851
f 1712 1716 1715
f 1982 2708 1719
f 2828 2189 2746
f 1851 1057 1850
f 992 994 996
f 996 1852 2617
f 1852 1850 2617
f 1065 2154 1982
f 1714 1720 1719
f 1714 1715 1720
f 739 1653 32
f 2746 1653 2842
f 1065 1057 2154
f 2829 2846 2188
f 736 30 738
f 736 739 32
f 2828 2829 2188
f 1064 1982 1719
f 738 743 742
f 1716 2821 1715
f 2846 2821 1716
f 1064 1065 1982
f 1057 1060 1850
f 1850 1060 2617
f 2828 2746 2830
f 742 23 2041
f 992 996 995
f 2746 2842 2830
f 996 2617 995
f 2041 23 2598
f 739 1654 1653
f 736 738 737
f 1653 1654 2842
f 736 737 739
f 1980 1719 1720
f 2829 1491 2846
f 738 742 741
f 2828 1490 2829
f 1064 1719 1980
f 1720 1715 2820
f 1056 1057 1065
f 2846 1491 2821
f 741 742 2041
f 2820 1715 2821
f 1056 1065 1064
f 2598 45 2029
f 737 744 739
f 2617 1060 1061
f 2828 2830 1489
f 739 744 1654
f 1490 1491 2829
f 992 995 993
f 738 740 737
f 1055 1060 1057
f 2828 1489 1490
f 2842 2265 2830
f 738 741 740
f 995 2617 1061
f 2528 2029 45
f 2041 2598 2024
f 1654 2265 2842
f 1980 1720 2441
f 1055 1057 1056
f 1720 2820 2441
f 2598 2029 2024
f 741 2041 2025
f 1063 1064 1980
f 737 745 744
f 1055 1061 1060
f 2528 1 2529
f 1654 744 2262
f 1056 1064 1063
f 1489 2830 1488
f 2041 2024 2025
f 2265 1488 2830
f 737 740 745
f 462 2821 1491
f 1485 1491 1490
f 2820 2821 463
f 1485 1490 1489
f 2261 2265 1654
f 741 2042 740
f 2262 744 745
f 993 995 997
f 2528 2028 2029
f 741 2025 2042
f 2261 1654 2262
f 995 1061 2012
f 2023 2024 2029
f 462 463 2821
f 1485 462 1491
f 2820 2444 2441
f 2528 2529 2028
f 1980 2441 1979
f 2022 2025 2024
f 1055 1056 1062
f 1484 1489 1488
f 2532 2529 6
f 1056 1063 1066
f 1063 1980 1979
f 1487 1488 2265
f 995 2012 997
f 740 2537 745
f 2820 463 2444
f 1055 1058 1061
f 1484 1485 1489
f 2022 2024 2023
f 2023 2029 2028
f 740 2042 2537
f 2261 1487 2265
f 2264 2262 745
f 1056 1066 1062
f 2026 2042 2025
f 2022 2026 2025
f 1058 2012 1061
f 2261 2262 2264
f 1979 2441 2444
f 1484 1488 1487
f 1753 2529 2532
f 1753 2028 2529
f 1485 461 462
f 2264 745 2537
f 1063 1981 1066
f 1055 1062 1059
f 458 463 462
f 1063 1979 1981
f 2022 2023 1918
f 1055 1059 1058
f 2023 2028 2027
f 2026 1415 2042
f 2537 2042 1415
f 463 464 2444
f 1484 470 1485
f 2022 1918 2026
f 2532 12 2533
f 2261 2263 1487
f 2261 2264 2263
f 1973 997 2012
f 458 462 461
f 1752 1753 2532
f 1918 2023 2027
f 1484 1487 1486
f 1979 2444 2445
f 1485 470 461
f 1066 2432 1062
f 1752 2532 2533
f 1753 1754 2028
f 458 464 463
f 2010 2012 1058
f 2028 2514 2027
f 1066 1981 2432
f 2445 2444 464
f 2534 2264 2537
f 1484 1486 470
f 2533 12 2770
f 2028 1754 2514
f 1973 1092 997
f 1918 1414 2026
f 1414 1415 2026
f 1059 1062 2432
f 2010 1973 2012
f 2537 1415 1416
f 1979 2442 1981
f 1748 1753 1752
f 1487 2263 1557
f 1487 1557 1486
f 1918 2027 1917
f 1058 1059 2011
f 2711 2770 20
f 1748 1754 1753
f 2264 2535 2263
f 1917 2027 2514
f 2534 2537 1416
f 458 461 460
f 1979 2445 2443
f 1752 2533 1751
f 2010 1058 2011
f 460 461 470
f 2534 2535 2264
f 2442 2432 1981
f 1412 1415 1414
f 1748 1752 1751
f 2683 2533 2770
f 1979 2443 2442
f 1916 1414 1918
f 1412 1416 1415
f 1916 1918 1917
f 458 459 464
f 2683 1751 2533
f 470 1486 1492
f 2445 464 467
f 1755 2514 1754
f 2010 1975 1973
f 1059 2432 2266
f 1492 1486 1557
f 1755 1917 2514
f 1971 1092 1973
f 1748 1749 1754
f 1559 1557 2263
f 458 460 459
f 2711 2652 2770
f 1059 2266 2011
f 2535 1559 2263
f 2443 2445 467
f 1748 1751 1750
f 2710 2711 19
f 2534 1416 2536
f 1749 1755 1754
f 2651 2683 2770
f 459 467 464
f 1412 1414 1413
f 1305 36 447
f 1971 1973 1975
f 2070 1751 2683
f 2010 2011 1978
f 1200 1202 1201
f 1916 1413 1414
f 4 1201 2098
f 460 470 469
f 1748 1750 1749
f 1412 1417 1416
f 1916 1917 1919
f 2534 2538 2535
f 2710 2652 2711
f 2010 1978 1975
f 470 1492 469
f 2651 2770 2652
f 1755 1919 1917
f 1750 1751 2070
f 2802 2432 2442
f 1304 1307 1305
f 1492 1557 1556
f 2095 4 2098
f 2534 2536 2538
f 1417 2536 1416
f 1304 1202 1307
f 2070 2683 2651
f 2710 19 1473
f 1556 1557 1559
f 19 1474 1473
f 2442 2443 2585
f 2266 2432 2803
f 1412 1413 1417
f 2838 1201 1202
f 459 460 468
f 448 1305 447
f 2535 2539 1559
f 2838 2098 1201
f 1749 1036 1755
f 2443 467 1625
f 1916 1920 1413
f 1916 1919 1920
f 1749 1750 1035
f 2119 2011 2266
f 1304 1305 448
f 2802 2803 2432
f 1755 2513 1919
f 1978 2011 2119
f 2535 2538 2539
f 460 469 468
f 1750 2070 2069
f 1971 1975 1974
f 2802 2442 2585
f 459 465 467
f 2654 2652 2710
f 1304 1308 1202
f 2095 2096 33
f 1974 1975 1978
f 1492 1556 1555
f 2070 2651 2512
f 1755 1036 2513
f 1749 1035 1036
f 1492 1555 469
f 2443 1625 2585
f 2838 1202 1308
f 1750 2069 1035
f 1417 2646 2536
f 2650 2651 2652
f 2646 2538 2536
f 2710 1473 1472
f 443 448 447
f 1417 1413 2645
f 2095 2098 1410
f 1556 1559 1551
f 1182 1473 1474
f 2069 2070 2512
f 1176 1474 13
f 467 465 1625
f 2838 1410 2098
f 2654 2710 1472
f 1304 448 1306
f 1559 2539 1551
f 2650 2652 2654
f 459 468 466
f 2266 2803 1107
f 1919 2666 1920
f 1413 1920 2644
f 1304 1306 1308
f 2650 2512 2651
f 1971 1974 1972
f 2513 2666 1919
f 2119 2266 1107
f 2095 2097 2096
f 459 466 465
f 1034 1036 1035
f 1182 1472 1473
f 1413 2644 2645
f 2069 1037 1035
f 1182 1474 1176
f 1036 2515 2513
f 2838 1308 735
f 2095 1410 2097
f 1978 2119 1977
f 2643 2646 1417
f 2605 34 2096
f 443 444 448
f 1974 1978 1977
f 2539 2538 2672
f 2643 1417 2645
f 1555 1556 1550
f 469 2745 468
f 448 444 1306
f 2802 2585 2586
f 2838 735 1410
f 2646 2672 2538
f 2358 2359 7
f 1034 1035 1037
f 562 2454 11
f 1176 13 1174
f 1556 1551 1550
f 2802 1109 2803
f 2069 2512 1734
f 564 37 2397
f 2644 1920 2666
f 2513 2515 2666
f 1623 2585 1625
f 1555 1558 469
f 2654 1472 2653
f 1034 942 1036
f 2397 34 2605
f 2605 2096 2097
f 2650 2654 2653
f 734 1308 1306
f 2069 1734 1037
f 1036 942 2515
f 2359 2362 10
f 466 468 2745
f 735 1308 734
f 1109 1107 2803
f 561 563 562
f 1182 1180 1472
f 2539 1548 1551
f 1174 10 2362
f 1623 2586 2585
f 1622 1625 465
f 2650 1769 2512
f 561 564 563
f 443 445 444
f 443 446 445
f 2802 2586 2774
f 2642 2645 2644
f 466 1624 465
f 444 880 1306
f 1558 2745 469
f 2642 2643 2645
f 731 1410 735
f 1555 1550 1558
f 1472 1180 2653
f 1034 1037 944
f 2802 2774 1109
f 1974 1976 1972
f 2539 2672 1548
f 1769 1734 2512
f 2097 1410 1411
f 2119 1107 1105
f 734 1306 880
f 2643 1669 2646
f 1034 944 942
f 2119 1105 1977
f 1622 1623 1625
f 2646 1669 2672
f 2161 2454 562
f 1974 1977 1976
f 939 2666 2515
f 2453 2454 1377
f 1171 1182 1176
f 2664 2644 2666
f 1730 1037 1734
f 2358 2325 2359
f 1622 465 1624
f 444 445 880
f 2650 2653 2591
f 1545 1550 1551
f 730 735 734
f 2605 2097 2480
f 939 2515 942
f 731 1411 1410
f 564 2397 2398
f 563 2161 562
f 2604 2397 2605
f 2359 2325 2362
f 1730 944 1037
f 730 731 735
f 1171 1180 1182
f 1170 1176 1174
f 2650 2591 1769
f 2358 2361 2360
f 446 2302 445
f 563 564 2162
f 1545 1551 1548
f 2360 2361 2526
f 2097 1411 2480
f 1972 1976 2743
f 1378 2526 2456
f 2642 2644 2179
f 1623 1420 2586
f 734 880 733
f 1769 1733 1734
f 1420 2774 2586
f 2664 2666 2665
f 466 2745 543
f 939 2665 2666
f 938 942 944
f 1668 2643 2642
f 1730 1734 1733
f 564 2398 2162
f 1174 2362 1173
f 1549 1558 1550
f 730 734 733
f 466 543 1624
f 2604 2605 2480
f 1180 1181 2653
f 2604 2398 2397
f 1377 2454 1379
f 2664 2179 2644
f 1102 1107 1109
f 1170 1171 1176
f 938 939 942
f 1379 2454 2161
f 876 880 445
f 2455 1377 1378
f 1668 1669 2643
f 1545 1549 1550
f 1669 1667 2672
f 2591 2653 1181
f 2671 1548 2672
f 1730 1731 944
f 730 732 731
f 731 732 1411
f 1102 1105 1107
f 1170 1174 1173
f 877 445 2302
f 1104 1109 2774
f 563 1482 2161
f 2358 2324 2325
f 876 733 880
f 1622 1624 543
f 2358 2360 2324
f 1171 1181 1180
f 2362 2325 2326
f 563 2162 1482
f 1977 1105 2016
f 1622 1419 1623
f 1558 1633 2745
f 1977 2016 1976
f 938 944 943
f 2360 2526 2525
f 876 445 877
f 1378 2525 2526
f 730 733 732
f 944 1731 943
f 1668 2642 2179
f 1769 2591 1768
f 1767 1733 1769
f 2362 2326 1173
f 2671 2672 1667
f 1419 1420 1623
f 2302 2303 1759
f 2479 2480 1411
f 1730 1733 1732
f 1104 2774 1420
f 1374 1378 1377
f 1545 1548 1547
f 1730 1732 1731
f 1374 1377 1379
f 938 940 939
f 2479 1411 732
f 2664 2665 2180
f 1767 1769 1768
f 1102 1109 1104
f 2604 2480 1448
f 543 2745 1633
f 1552 1558 1549
f 939 1239 2665
f 881 877 2302
f 1481 2162 2398
f 2664 2180 2179
f 2743 1976 2694
f 2604 1449 2398
f 2111 2591 1181
f 938 943 945
f 2671 1547 1548
f 1661 1669 1668
f 1661 1667 1669
f 876 878 733
f 1379 2161 1381
f 881 2302 1759
f 1545 1546 1549
f 878 732 733
f 1731 2159 943
f 2111 1768 2591
f 1482 1381 2161
f 1622 543 544
f 1170 1172 1171
f 1481 1482 2162
f 876 877 879
f 2323 2326 2325
f 1767 1771 1733
f 2479 1448 2480
f 1771 1732 1733
f 1622 544 1419
f 940 1239 939
f 1552 1633 1558
f 2410 2360 2525
f 2323 2325 2324
f 938 945 941
f 938 941 940
f 2410 2324 2360
f 1757 1759 1760
f 1171 1178 1181
f 1170 1173 1175
f 1731 1732 2160
f 2159 945 943
f 1378 1380 2525
f 2604 1448 1449
f 2180 2665 1239
f 1374 1380 1378
f 1481 2398 1449
f 879 877 881
f 1545 1547 1546
f 1670 1668 2179
f 2017 1976 2016
f 1731 2160 2159
f 876 879 878
f 1102 1106 1105
f 1374 1379 1376
f 1106 2016 1105
f 2671 1667 1664
f 2178 2179 2180
f 1173 2326 1301
f 1418 1420 1419
f 1418 1104 1420
f 2479 732 1439
f 1546 1552 1549
f 2017 2694 1976
f 1376 1379 1381
f 1172 1178 1171
f 1767 1768 1770
f 878 1439 732
f 1170 1175 1172
f 1661 1664 1667
f 2111 1181 2112
f 2185 881 1759
f 1757 1758 1759
f 1670 2179 2178
f 1480 1482 1481
f 1767 1770 1771
f 2224 1732 1771
f 1237 941 945
f 1480 1381 1482
f 1234 940 941
f 2323 1301 2326
f 2160 1732 2225
f 1773 1768 2111
f 1173 1301 1175
f 2078 945 2159
f 879 881 883
f 1102 1104 1103
f 2479 1442 1448
f 1661 1668 1660
f 2185 1759 1758
f 1178 2112 1181
f 940 1235 1239
f 879 882 878
f 2224 2225 1732
f 2323 2324 2322
f 2275 2159 2160
f 2410 2525 1209
f 2671 1666 1547
f 1234 941 1237
f 1660 1668 1670
f 2409 2324 2410
f 1237 945 2078
f 610 1757 1756
f 2185 883 881
f 1374 1376 1375
f 1770 1768 1773
f 1374 1375 1380
f 2479 1439 1442
f 2674 2180 1239
f 2525 1380 1209
f 610 1758 1757
f 543 1633 545
f 1234 1235 940
f 2224 1771 1772
f 1444 1449 1448
f 2671 1664 1666
f 1481 1449 1447
f 879 883 882
f 1770 1772 1771
f 1773 2111 2112
f 878 1441 1439
f 540 544 543
f 2178 2180 2177
f 878 882 1441
f 2078 2159 2275
f 541 1419 544
f 2275 2160 2225
f 2409 2322 2324
f 1546 1547 1554
f 1480 1481 1483
f 610 1756 1640
f 1376 1381 1382
f 2013 2017 2016
f 1418 1111 1104
f 2185 1758 611
f 1444 1448 1442
f 1552 1632 1633
f 1418 1419 541
f 1670 2178 2177
f 2013 2016 1106
f 1172 1175 1177
f 1102 1108 1106
f 1237 2078 2077
f 1546 1553 1552
f 610 611 1758
f 1103 1104 1111
f 1298 1301 2323
f 1659 1664 1661
f 2177 2180 2674
f 1234 1237 1236
f 1480 697 1381
f 1172 1179 1178
f 2184 883 2185
f 2409 2410 1209
f 1102 1103 1108
f 1481 1447 1483
f 1444 1447 1449
f 1298 2323 2322
f 2224 2226 2225
f 1235 1240 1239
f 1376 1382 1375
f 2186 882 883
f 2224 1772 2226
f 1301 1302 1175
f 1236 1237 2077
f 2184 2185 611
f 1433 1439 1441
f 1440 1441 882
f 1547 1666 1554
f 1434 1442 1439
f 540 543 545
f 1240 2674 1239
f 1178 2113 2112
f 1659 1661 1660
f 412 1640 1639
f 1375 1211 1380
f 610 1640 413
f 2018 2694 2017
f 1770 637 1772
f 1382 1381 697
f 1234 1238 1235
f 2073 2077 2078
f 2184 2186 883
f 1172 1177 1179
f 1770 1773 636
f 1211 1209 1380
f 1480 1483 697
f 2186 1440 882
f 1773 2112 2110
f 2275 2225 2276
f 1177 1175 1302
f 609 611 610
f 1433 1434 1439
f 1632 545 1633
f 412 1639 1641
f 1433 1441 1440
f 1659 1666 1664
f 1546 1554 1553
f 2078 2275 2072
f 540 541 544
f 1660 1670 1671
f 1234 1236 1238
f 1444 1442 1443
f 412 413 1640
f 1179 2113 1178
f 1552 1553 1632
f 609 610 413
f 2226 2276 2225
f 1670 2177 1671
f 637 2226 1772
f 1434 1443 1442
f 1236 2077 2076
f 2184 611 612
f 2073 2078 2072
f 1770 636 637
f 1299 1301 1298
f 2409 1300 2322
f 2073 2076 2077
f 2110 2112 2113
f 1235 1238 1240
f 2013 2018 2017
f 609 612 611
f 1299 1302 1301
f 1375 1382 1383
f 2184 2187 2186
f 1418 584 1111
f 636 1773 2110
f 699 1483 1447
f 2186 1437 1440
f 1298 2322 1300
f 1433 1440 1437
f 1418 541 584
f 1444 1445 1447
f 2177 2674 2561
f 412 1641 411
f 2409 1209 1210
f 1375 1383 1211
f 2184 612 2187
f 699 697 1483
f 1432 1434 1433
f 2275 2276 2277
f 1103 1111 1110
f 414 609 413
f 2186 2187 1437
f 407 413 412
f 1444 1443 1446
f 2304 1179 1177
f 2275 2277 2072
f 1240 2561 2674
f 1236 2076 2148
f 1103 1110 1108
f 2304 1177 1302
f 2155 411 1641
f 1236 2148 1238
f 2013 1106 2014
f 1434 1435 1443
f 1432 1433 1437
f 1382 697 698
f 2071 2076 2073
f 1206 1209 1211
f 1106 1108 2014
f 609 419 612
f 1445 699 1447
f 1659 1660 1665
f 2226 1520 2276
f 2071 2073 2072
f 2200 1554 1666
f 407 412 411
f 407 414 413
f 637 638 2226
f 1444 1446 1445
f 2409 1210 1300
f 414 419 609
f 1432 1435 1434
f 1660 1671 1665
f 1179 2305 2113
f 1297 1299 1298
f 1383 1382 698
f 1297 1298 1300
f 2187 612 2249
f 1446 1443 1435
f 2110 2113 2114
f 1206 1210 1209
f 419 2249 612
f 635 637 636
f 2545 1437 2187
f 2226 638 1520
f 2304 2305 1179
f 1432 1437 1438
f 2071 2074 2076
f 1659 1662 1666
f 1299 1303 1302
f 2155 2156 411
f 2074 2148 2076
f 2301 1671 2177
f 694 697 699
f 2201 1553 1554
f 1383 1205 1211
f 2304 1302 1303
f 1111 584 585
f 1240 1238 2705
f 636 2110 640
f 407 408 414
f 408 419 414
f 2545 2187 2249
f 2301 2177 2561
f 694 698 697
f 1110 1111 585
f 407 411 410
f 1438 1437 2545
f 540 545 539
f 2113 2305 2114
f 1192 2277 2276
f 547 545 1632
f 635 638 637
f 1206 1211 1205
f 538 541 540
f 1192 2276 1520
f 1432 1436 1435
f 1240 2704 2561
f 1446 1435 1450
f 2071 2072 1525
f 541 542 584
f 2155 2158 2157
f 411 2156 410
f 2155 2157 2156
f 418 2249 419
f 1522 2072 2277
f 1432 1438 1436
f 2434 1632 1553
f 2819 1238 2148
f 2013 2015 2018
f 2200 1666 1662
f 1445 700 699
f 1297 1300 1196
f 2200 2201 1554
f 408 418 419
f 1446 1451 1445
f 2110 2114 640
f 1383 698 701
f 1297 489 1299
f 635 636 640
f 407 409 408
f 1435 1436 1450
f 2248 2545 2249
f 1110 2176 1108
f 1210 1195 1300
f 407 410 409
f 1383 701 1205
f 1659 1665 1663
f 2071 2075 2074
f 1299 489 1303
f 418 2248 2249
f 1438 2545 2146
f 1240 2705 2704
f 1446 1450 1451
f 694 699 700
f 2300 1665 1671
f 1522 1525 2072
f 2074 2810 2148
f 2304 492 2305
f 2013 2014 2015
f 1438 2146 1436
f 2705 1238 2819
f 869 1520 638
f 2304 1303 492
f 2014 1108 2176
f 1195 1196 1300
f 1206 1207 1210
f 1445 1451 700
f 2817 410 2156
f 1192 1193 2277
f 2817 2156 2157
f 1297 1196 489
f 408 415 418
f 2071 1525 2075
f 2158 1906 2157
f 2300 1671 2301
f 1659 1663 1662
f 538 542 541
f 1522 2277 1193
f 493 2114 2305
f 869 1192 1520
f 2158 1154 1906
f 409 415 408
f 2434 1553 2201
f 539 545 547
f 2248 1341 2545
f 694 695 698
f 2545 1341 2146
f 2147 1450 1436
f 1203 1206 1205
f 2819 2148 2810
f 418 771 2248
f 695 701 698
f 538 540 539
f 635 641 638
f 409 410 417
f 2074 2075 2810
f 493 640 2114
f 583 585 584
f 547 1632 2434
f 2147 1451 1450
f 2817 417 410
f 415 771 418
f 1335 1436 2146
f 493 2305 492
f 1203 1207 1206
f 1198 1195 1210
f 1805 2561 2704
f 702 1205 701
f 2301 2561 1805
f 1207 1198 1210
f 1303 489 490
f 583 584 542
f 2248 771 1341
f 869 638 641
f 2817 2157 2632
f 1303 490 492
f 1335 2147 1436
f 1906 2632 2157
f 694 700 696
f 1110 585 586
f 700 1451 2006
f 635 640 639
f 1335 2146 1341
f 488 489 1196
f 409 416 415
f 2385 2018 2015
f 1904 1906 1154
f 488 1196 1195
f 1203 1205 702
f 1191 1193 1192
f 2147 2467 1451
f 2385 2386 2018
f 1904 1154 1153
f 409 417 416
f 694 696 695
f 695 702 701
f 2200 437 2201
f 2467 2006 1451
f 863 1192 869
f 1525 1523 2075
f 768 771 415
f 2200 1662 437
f 1110 586 2176
f 635 639 641
f 2047 417 2817
f 2300 1684 1665
f 1521 1525 1522
f 1684 1663 1665
f 771 772 1341
f 700 2006 705
f 493 495 640
f 768 415 416
f 2047 2817 2632
f 958 1522 1193
f 1191 1192 863
f 1335 1336 2147
f 696 700 705
f 484 490 489
f 2147 1336 2467
f 1203 1208 1207
f 2704 2705 1801
f 484 489 488
f 1332 1335 1341
f 1905 2632 1906
f 485 493 492
f 2810 2075 2426
f 1207 1208 1198
f 416 417 773
f 2659 2705 2819
f 768 772 771
f 1904 1905 1906
f 1904 1153 287
f 1194 1195 1198
f 2300 2301 1680
f 485 492 490
f 488 1195 1194
f 583 586 585
f 2467 2007 2006
f 639 640 495
f 773 417 2047
f 272 287 1153
f 1332 1341 772
f 1191 958 1193
f 1521 1523 1525
f 695 703 702
f 2467 1336 2007
f 705 2006 2007
f 695 696 704
f 2427 2819 2810
f 1203 702 1204
f 2014 2176 2175
f 862 869 641
f 1330 1336 1335
f 2426 2075 1523
f 1805 2704 1801
f 2014 1598 2015
f 958 1521 1522
f 1330 1335 1332
f 768 416 769
f 1662 1663 2474
f 484 485 490
f 862 863 869
f 485 495 493
f 1203 1204 1208
f 2301 1805 1806
f 416 773 774
f 538 398 542
f 696 705 706
f 1198 1208 1197
f 2049 2047 2632
f 695 704 703
f 484 488 487
f 768 770 772
f 1336 1333 2007
f 583 542 398
f 1194 1198 1197
f 1191 863 867
f 2434 2201 434
f 705 2007 884
f 1905 2049 2632
f 487 488 1194
f 1904 287 148
f 702 703 1204
f 271 287 272
f 416 774 769
f 2045 773 2047
f 2300 1680 1684
f 1801 2705 2659
f 1330 1333 1336
f 539 547 546
f 696 706 704
f 639 707 641
f 1904 148 1905
f 1332 772 1338
f 768 769 770
f 547 2434 2433
f 1191 867 958
f 2301 1806 1680
f 1662 438 437
f 2427 2810 2426
f 884 2007 1333
f 706 705 884
f 2045 774 773
f 538 539 390
f 2201 437 434
f 2427 2659 2819
f 772 770 1338
f 1684 2474 1663
f 1330 1332 1331
f 862 641 707
f 2045 2047 2048
f 484 486 485
f 271 148 287
f 2014 2175 1598
f 1330 1334 1333
f 639 495 708
f 2048 2047 2049
f 484 487 486
f 1544 1197 1208
f 1204 1544 1208
f 2835 2176 586
f 1599 2385 2015
f 703 704 2089
f 1331 1332 1338
f 884 1333 2593
f 485 494 495
f 1662 2474 438
f 487 1194 497
f 706 884 886
f 861 867 863
f 1330 1331 1334
f 706 887 704
f 774 2050 769
f 1204 703 1543
f 1194 1197 1199
f 1333 1334 2593
f 1028 2386 2385
f 861 863 862
f 769 2430 770
f 957 1521 958
f 2045 2046 774
f 639 708 707
f 884 2593 886
f 1521 1524 1523
f 704 887 2089
f 2835 2175 2176
f 1524 2426 1523
f 703 2089 1543
f 1905 147 2049
f 706 886 885
f 2699 1338 770
f 1905 148 147
f 706 885 887
f 486 487 497
f 1797 1805 1801
f 2046 2050 774
f 769 2050 2430
f 1194 1199 497
f 547 2433 546
f 485 486 491
f 494 708 495
f 1544 1199 1197
f 865 958 867
f 2593 1334 1337
f 1331 1337 1334
f 583 396 586
f 1599 2015 1598
f 1797 1806 1805
f 2699 770 2430
f 485 491 494
f 1204 1542 1544
f 539 546 390
f 1331 1338 1339
f 2593 2706 886
f 2045 2048 56
f 1204 1543 1542
f 538 391 398
f 2048 2049 204
f 886 2707 885
f 2434 2435 2433
f 2088 2089 887
f 2434 434 2435
f 2593 1337 2706
f 2045 56 2046
f 887 885 2695
f 2088 1543 2089
f 1339 1338 2699
f 886 2706 2707
f 1331 1340 1337
f 583 398 396
f 954 957 958
f 862 707 868
f 861 865 867
f 885 2707 2695
f 1678 1684 1680
f 486 497 496
f 203 2049 147
f 538 390 391
f 1331 1339 1340
f 203 204 2049
f 887 2695 1026
f 2088 887 1026
f 2706 1337 2682
f 1609 1199 1544
f 957 956 1521
f 486 496 491
f 1997 2430 2050
f 954 958 865
f 2088 1613 1543
f 2048 204 56
f 1680 1806 1679
f 861 862 864
f 2424 2427 2426
f 2546 497 1199
f 2046 1996 2050
f 1802 1801 2659
f 2699 2430 2429
f 2706 1644 2707
f 1542 1543 1613
f 1340 2682 1337
f 1609 1544 1542
f 1025 2695 2707
f 2658 2659 2427
f 707 708 2516
f 1684 1681 2474
f 431 437 438
f 1599 1028 2385
f 494 2550 708
f 1521 956 1524
f 2546 496 497
f 1026 2695 1025
f 2706 2682 1643
f 1025 2707 1644
f 2706 1643 1644
f 2046 56 1996
f 491 2550 494
f 1339 2699 2698
f 1997 2429 2430
f 862 868 864
f 431 434 437
f 2424 2426 1524
f 2088 1026 1023
f 2088 1023 1613
f 1997 2050 1996
f 137 147 148
f 2210 2682 1340
f 707 2516 868
f 2698 2699 2429
f 1339 2496 1340
f 2546 1199 1612
f 1609 1612 1199
f 496 2550 491
f 2210 1643 2682
f 1542 1613 1532
f 657 1025 1644
f 658 1026 1025
f 657 1644 1643
f 1609 1542 1610
f 2474 436 438
f 1678 1680 1679
f 861 866 865
f 1678 1681 1684
f 658 1023 1026
f 2550 2516 708
f 2835 586 587
f 954 956 957
f 1532 1613 1023
f 1339 2698 2496
f 2210 1340 2496
f 203 147 171
f 1542 1532 1610
f 203 171 204
f 1802 2659 2658
f 2546 2547 496
f 1796 1797 1801
f 657 656 1025
f 1598 2175 1601
f 861 864 866
f 1996 56 54
f 658 1025 656
f 1642 1643 2210
f 657 1643 1642
f 1797 1803 1806
f 237 56 204
f 2547 2550 496
f 2835 2349 2175
f 658 1024 1023
f 2546 1612 2547
f 1532 1023 1024
f 1997 1998 2429
f 262 1997 1996
f 1806 1803 1679
f 396 587 586
f 954 865 955
f 1609 1610 1611
f 1796 1801 1802
f 1609 1611 1612
f 54 56 55
f 2698 2429 1998
f 651 658 656
f 650 656 657
f 657 1642 654
f 2209 2210 2496
f 1642 2210 2209
f 2433 2435 2437
f 1533 1610 1532
f 431 438 436
f 2433 2436 546
f 650 657 654
f 650 651 656
f 658 659 1024
f 865 866 959
f 2496 2698 2495
f 651 659 658
f 262 1998 1997
f 2790 864 868
f 1996 54 57
f 2790 868 2516
f 1533 1611 1610
f 2827 2516 2550
f 1530 1532 1024
f 262 1996 263
f 2435 434 2482
f 2206 654 1642
f 2658 2427 2428
f 865 959 955
f 2424 2428 2427
f 2547 1612 2549
f 2206 1642 2209
f 1530 1533 1532
f 2547 2548 2550
f 2549 1612 1611
f 650 652 651
f 2698 1998 2495
f 1996 57 263
f 2788 866 864
f 390 546 392
f 650 654 653
f 2494 2209 2496
f 387 398 391
f 2424 1524 2425
f 1530 1024 659
f 954 811 956
f 651 652 659
f 2175 2349 1601
f 442 2474 1681
f 54 55 57
f 956 2562 1524
f 1595 1599 1598
f 387 396 398
f 2206 653 654
f 442 436 2474
f 2494 2496 2495
f 2548 2827 2550
f 1533 1534 1611
f 954 955 811
f 650 655 652
f 2790 2516 2827
f 2547 2549 2548
f 650 653 655
f 2788 864 2790
f 2433 2437 2436
f 1530 1534 1533
f 2206 2209 2208
f 2835 587 2349
f 262 261 1998
f 386 391 390
f 652 660 659
f 1798 1803 1797
f 431 435 434
f 2549 1611 2739
f 1530 659 1245
f 1796 1798 1797
f 2208 2209 2494
f 2742 959 866
f 2435 2482 2437
f 1611 1534 2739
f 138 262 263
f 1599 1027 1028
f 2206 2207 653
f 1678 1679 1683
f 1524 2562 2425
f 652 655 661
f 1595 1598 1601
f 2788 2742 866
f 660 1245 659
f 1802 2658 2660
f 1678 1682 1681
f 652 661 660
f 138 263 57
f 2495 1998 70
f 2206 2208 2207
f 261 262 138
f 1530 1535 1534
f 2436 392 546
f 653 1607 655
f 1530 1245 1531
f 955 959 810
f 435 2482 434
f 1683 1679 1803
f 1913 2548 2549
f 1530 1531 1535
f 2548 2741 2827
f 653 2207 1607
f 2790 2827 2741
f 2494 2495 68
f 1913 2549 2739
f 1796 1802 1800
f 1606 661 655
f 1911 2739 1534
f 956 811 2563
f 261 139 1998
f 431 436 433
f 955 810 811
f 660 1246 1245
f 810 959 2742
f 956 2563 2562
f 2788 2790 2789
f 2208 2494 64
f 1911 1534 1535
f 1606 655 1607
f 2658 2428 2660
f 2495 70 68
f 386 390 392
f 660 661 1247
f 2424 2425 2235
f 1913 2741 2548
f 1998 139 70
f 1911 1913 2739
f 2788 2789 2742
f 1531 1245 1536
f 442 1681 1682
f 2424 2235 2428
f 2208 65 2207
f 139 261 138
f 1678 1683 1682
f 1802 2660 1800
f 2494 68 64
f 1531 1536 1535
f 386 387 391
f 1607 2207 225
f 660 1247 1246
f 1606 1247 661
f 1245 1246 1536
f 1595 1027 1599
f 1914 2790 2741
f 433 436 442
f 1911 1535 1910
f 1606 1607 75
f 2208 64 65
f 1914 2789 2790
f 2207 65 225
f 1798 1804 1803
f 396 397 587
f 1910 1535 1536
f 1912 2741 1913
f 577 1028 1027
f 2436 2437 2588
f 431 432 435
f 2588 2437 2482
f 1601 2349 1600
f 1907 1913 1911
f 632 811 810
f 810 2742 2740
f 1606 75 72
f 431 433 432
f 1607 225 74
f 1683 1803 1804
f 2742 2789 2740
f 1607 74 75
f 2425 2562 2234
f 1796 1799 1798
f 1907 1911 1910
f 1912 1914 2741
f 1247 1608 1246
f 2563 811 634
f 1246 1608 1536
f 387 397 396
f 1606 73 1247
f 1782 2349 587
f 1907 1912 1913
f 68 70 69
f 1606 72 73
f 632 634 811
f 139 69 70
f 1796 1800 1799
f 64 68 67
f 2425 2234 2235
f 1595 1601 1600
f 1909 1910 1536
f 64 66 65
f 71 72 75
f 225 65 85
f 1914 1915 2789
f 2563 2236 2562
f 71 75 74
f 1907 1910 1909
f 1247 73 193
f 1247 195 1608
f 810 2740 809
f 225 85 74
f 1908 1914 1912
f 632 810 809
f 435 1152 2482
f 2740 2789 1915
f 2428 2309 2660
f 2436 559 392
f 1247 193 195
f 1907 1908 1912
f 71 73 72
f 2493 1536 1608
f 1798 1799 1804
f 1800 2660 1966
f 2330 442 1682
f 2493 1909 1536
f 2428 2235 2233
f 2236 2234 2562
f 1908 1915 1914
f 1782 1600 2349
f 2588 2482 1152
f 433 442 441
f 2563 634 2587
f 1683 2329 1682
f 2436 2588 559
f 631 634 632
f 1781 1782 587
f 1781 587 397
f 1907 1909 1143
f 1907 1143 1908
f 432 439 435
f 2563 2587 2236
f 632 809 188
f 193 73 194
f 1683 1804 2423
f 386 388 387
f 1800 1966 1799
f 432 433 440
f 631 632 188
f 2428 2233 2309
f 1145 2740 1915
f 631 633 634
f 386 392 389
f 259 1608 195
f 193 194 195
f 1966 2660 2309
f 1145 809 2740
f 1908 1144 1915
f 634 633 2587
f 2231 2235 2234
f 2493 1608 259
f 2330 441 442
f 577 1027 576
f 1595 1596 1027
f 2493 1142 1909
f 439 1152 435
f 1908 1143 1144
f 2330 1682 2329
f 1142 1143 1909
f 1683 2423 2329
f 1145 1915 1144
f 433 441 440
f 387 394 397
f 2231 2233 2235
f 194 259 195
f 1804 1799 1970
f 631 191 633
f 631 188 191
f 2230 2234 2236
f 389 392 559
f 188 809 190
f 432 440 439
f 1145 190 809
f 1141 1144 1143
f 1595 1600 1597
f 1804 1970 2423
f 633 215 2587
f 1141 1143 1142
f 2231 2234 2230
f 388 394 387
f 2588 1152 558
f 2493 146 1142
f 2493 259 146
f 2236 2587 224
f 2588 558 559
f 386 389 388
f 1596 576 1027
f 215 633 191
f 188 189 191
f 188 190 189
f 240 1145 1144
f 1604 1600 1782
f 1961 1799 1966
f 1781 1030 1782
f 1965 1966 2309
f 1781 397 1030
f 1141 240 1144
f 2587 215 224
f 2307 2309 2233
f 1595 1597 1596
f 2230 2236 2232
f 1141 1142 145
f 1145 53 190
f 2330 2331 441
f 1962 1970 1799
f 2327 2330 2329
f 2232 2236 224
f 189 192 191
f 191 192 215
f 145 1142 146
f 441 1000 440
f 1151 1152 439
f 240 53 1145
f 2231 1221 2233
f 2328 2329 2423
f 146 259 144
f 439 440 1001
f 190 52 189
f 1141 145 240
f 2307 1965 2309
f 1961 1966 1965
f 1969 2423 1970
f 1961 1962 1799
f 1597 1600 1604
f 1604 1782 1030
f 1223 2231 2230
f 1151 558 1152
f 190 53 52
f 2307 2233 1221
f 2327 2331 2330
f 555 389 559
f 1029 397 394
f 441 2331 1000
f 555 559 558
f 2327 2329 2328
f 216 224 215
f 1000 1001 440
f 143 145 146
f 2328 2423 1969
f 1223 2230 2232
f 1962 1969 1970
f 1029 1030 397
f 1151 439 1001
f 1223 1221 2231
f 388 389 393
f 388 395 394
f 222 2232 224
f 145 51 240
f 51 53 240
f 573 576 575
f 1596 575 576
f 216 222 224
f 2307 2308 1965
f 1961 1965 1964
f 388 393 395
f 1597 1605 1596
f 1222 2307 1221
f 1961 1963 1962
f 1223 2232 219
f 1029 394 395
f 219 2232 222
f 2327 2333 2331
f 1151 557 558
f 2327 2328 2332
f 1965 2308 1964
f 999 1000 2331
f 555 558 557
f 2408 2328 1969
f 1222 2308 2307
f 1962 1967 1969
f 998 1001 1000
f 1604 1030 2348
f 1151 1001 1002
f 1597 1604 1603
f 555 560 389
f 1961 1964 1963
f 389 560 393
f 1596 1605 575
f 301 1221 1223
f 2327 2332 2333
f 999 2331 2333
f 2408 2332 2328
f 1029 1031 1030
f 1963 1967 1962
f 998 1000 999
f 219 222 221
f 998 1002 1001
f 1967 2408 1969
f 301 1222 1221
f 223 1223 219
f 2308 1357 1964
f 1597 1602 1605
f 1222 1357 2308
f 1030 1031 2348
f 1604 2348 1603
f 1597 1603 1602
f 1151 1002 925
f 1151 925 557
f 301 1223 223
f 393 1707 395
f 555 557 556
f 1029 395 1033
f 1963 1964 1968
f 2332 875 2333
f 555 556 560
f 1964 1357 1968
f 2408 1902 2332
f 560 1707 393
f 999 2333 873
f 219 220 223
f 301 302 1222
f 302 1357 1222
f 998 924 1002
f 1967 2126 2408
f 1963 1038 1967
f 998 999 1003
f 2700 575 1605
f 1029 1032 1031
f 395 1707 1033
f 2332 1902 875
f 873 2333 875
f 925 1002 924
f 2408 2126 1902
f 1963 1968 1038
f 1029 1033 1032
f 928 557 925
f 2702 1605 1602
f 223 265 301
f 928 556 557
f 1003 999 873
f 1602 1603 2703
f 998 1003 924
f 1967 1038 2126
f 937 574 575
f 1818 2348 1031
f 302 301 300
f 1357 279 1968
f 302 279 1357
f 2655 1603 2348
f 265 300 301
f 2700 1605 2702
f 560 556 927
f 560 1706 1707
f 2700 937 575
f 870 873 875
f 872 875 1902
f 1818 1031 1032
f 2702 1602 2703
f 923 925 924
f 1038 1968 280
f 1901 1902 2126
f 2703 1603 2655
f 928 925 922
f 1968 279 280
f 1818 2655 2348
f 278 302 300
f 926 556 928
f 870 875 872
f 1033 1707 2831
f 278 279 302
f 923 922 925
f 1003 873 874
f 872 1902 1901
f 560 927 1706
f 1039 2126 1038
f 1003 921 924
f 926 927 556
f 870 874 873
f 1033 1817 1032
f 1039 1901 2126
f 923 924 921
f 2831 1707 1706
f 1038 280 269
f 277 280 279
f 918 928 922
f 926 928 918
f 270 1039 1038
f 1499 1003 874
f 1814 1818 1032
f 270 1038 269
f 1033 2831 1817
f 870 872 871
f 2700 2702 2701
f 1499 921 1003
f 2702 2703 2316
f 872 1901 1903
f 267 277 279
f 268 280 277
f 2703 2655 2316
f 870 871 874
f 917 922 923
f 268 269 280
f 2700 2701 937
f 1814 1032 1817
f 872 1903 871
f 1818 1819 2655
f 1039 248 1901
f 917 923 921
f 926 929 927
f 927 2782 1706
f 917 918 922
f 267 268 277
f 1901 248 1903
f 2702 2316 2701
f 926 918 929
f 1814 1819 1818
f 241 270 269
f 1499 874 1501
f 231 1039 270
f 2780 2831 1706
f 1499 1500 921
f 241 269 268
f 874 871 2772
f 1903 2736 871
f 927 929 2782
f 1039 231 248
f 874 2772 1501
f 1903 248 2736
f 2655 2313 2316
f 2780 1706 2782
f 2831 1816 1817
f 1499 1501 1500
f 917 921 920
f 241 231 270
f 1819 2313 2655
f 937 2701 2760
f 1813 1814 1817
f 917 919 918
f 921 1500 920
f 266 241 268
f 918 919 929
f 84 2772 871
f 2736 84 871
f 249 2736 248
f 2780 1816 2831
f 936 937 2760
f 1813 1817 1816
f 248 231 206
f 2316 2317 2701
f 230 231 241
f 1814 1815 1819
f 2782 929 2781
f 248 206 249
f 1501 2772 2339
f 250 2736 249
f 1701 1500 1501
f 917 920 352
f 1813 1815 1814
f 250 84 2736
f 917 352 919
f 2776 2780 2782
f 1701 920 1500
f 84 2339 2772
f 2314 2316 2313
f 1819 1820 2313
f 919 500 929
f 206 250 249
f 1701 1501 2339
f 2776 2782 2781
f 2314 2317 2316
f 500 2781 929
f 207 206 231
f 2756 2760 2701
f 1815 1820 1819
f 2777 1816 2780
f 2756 2701 2317
f 1813 1816 1369
f 80 84 250
f 2776 2777 2780
f 206 80 250
f 936 2760 2714
f 84 83 2339
f 351 920 1701
f 1813 1369 1815
f 351 352 920
f 919 352 353
f 919 353 500
f 2310 2313 1820
f 2310 2314 2313
f 1701 2339 2338
f 83 84 80
f 2776 2781 501
f 500 501 2781
f 2756 2714 2760
f 2338 2339 83
f 2777 1368 1816
f 1368 1369 1816
f 205 80 206
f 1815 1821 1820
f 2314 2315 2317
f 2712 936 2714
f 351 1701 356
f 347 352 351
f 2411 2777 2776
f 1815 1369 1370
f 347 353 352
f 1701 2338 356
f 2756 2317 2315
f 2411 2776 501
f 2310 1820 1821
f 498 500 353
f 78 83 80
f 498 501 500
f 1815 1370 1821
f 2310 2315 2314
f 2338 83 81
f 1363 1369 1368
f 78 81 83
f 2715 2714 2756
f 2777 1367 1368
f 78 80 79
f 1363 1370 1369
f 2411 1367 2777
f 347 351 349
f 349 351 356
f 2712 2714 2715
f 2338 118 356
f 502 2411 501
f 2310 1821 2312
f 2338 81 118
f 347 350 353
f 498 502 501
f 498 353 350
f 2755 2756 2315
f 1370 1371 1821
f 78 82 81
f 2310 2311 2315
f 1362 1363 1368
f 2715 2756 2755
f 1362 1368 1367
f 347 349 348
f 1821 1371 2312
f 2310 2312 2311
f 82 118 81
f 2141 1367 2411
f 347 348 350
f 349 356 117
f 1363 1364 1370
f 356 118 117
f 2141 2411 502
f 498 499 502
f 2712 2715 2713
f 498 350 499
f 1364 1371 1370
f 1362 1364 1363
f 2312 1371 2801
f 348 349 355
f 100 118 82
f 1362 1367 1366
f 2312 2801 2311
f 1366 1367 2141
f 349 117 355
f 100 117 118
f 2311 2759 2315
f 348 354 350
f 2755 2315 2759
f 2139 2141 502
f 2139 502 499
f 2715 2755 2757
f 499 350 553
f 2715 2757 2713
f 348 355 354
f 1364 1373 1371
f 2801 1371 1373
f 1362 1365 1364
f 354 553 350
f 355 117 251
f 1362 1366 1365
f 100 97 117
f 2764 2311 2801
f 1366 2141 2140
f 2139 2140 2141
f 251 117 97
f 2139 499 1186
f 1186 499 553
f 354 355 552
f 2764 2759 2311
f 2755 2758 2757
f 2764 2801 1373
f 2755 2759 2758
f 1364 1372 1373
f 355 251 98
f 1364 1365 1372
f 354 551 553
f 95 97 100
f 2713 2757 962
f 552 355 98
f 354 552 551
f 2139 1187 2140
f 1365 1366 1457
f 251 97 98
f 2139 1186 1187
f 1366 2140 1457
f 2713 962 961
f 554 1186 553
f 551 554 553
f 2764 1373 2800
f 2758 2832 2757
f 2763 2759 2764
f 1372 2800 1373
f 552 98 252
f 96 98 97
f 552 252 551
f 2832 962 2757
f 1456 1372 1365
f 2675 2758 2759
f 1183 1187 1186
f 1456 1365 1457
f 2140 1187 1188
f 2140 1188 1457
f 1183 1186 554
f 2763 2675 2759
f 551 234 554
f 551 252 234
f 98 99 252
f 1183 1188 1187
f 960 961 962
f 2764 2800 2765
f 96 99 98
f 2763 2764 2765
f 2638 2832 2758
f 1042 2800 1372
f 1456 1042 1372
f 2638 2758 2675
f 1455 1456 1457
f 963 962 2832
f 1183 554 1185
f 1455 1457 1188
f 554 234 232
f 233 234 252
f 233 252 99
f 960 962 963
f 1185 554 232
f 1183 1184 1188
f 963 2832 2638
f 232 234 233
f 2763 2677 2675
f 2765 2800 1040
f 1042 1040 2800
f 1183 1185 1184
f 2763 2765 2677
f 1456 526 1042
f 1455 526 1456
f 1455 1188 1189
f 2639 2638 2675
f 1184 1189 1188
f 214 233 99
f 1185 232 128
f 232 233 132
f 960 963 630
f 2639 2675 2677
f 1184 1185 128
f 1729 2765 1040
f 525 1040 1042
f 2636 963 2638
f 1729 2677 2765
f 525 1042 526
f 128 232 132
f 132 233 214
f 1455 521 526
f 2636 2638 2639
f 1455 1189 521
f 1184 1190 1189
f 1184 128 125
f 630 963 964
f 1041 1729 1040
f 2639 2677 2676
f 525 1041 1040
f 1184 125 1190
f 2636 964 963
f 517 525 526
f 1729 594 2677
f 127 128 132
f 1189 1190 2696
f 517 526 521
f 1189 2696 521
f 125 128 127
f 594 2676 2677
f 2636 2639 2637
f 1041 593 1729
f 2639 2676 2637
f 127 132 131
f 525 524 1041
f 1729 593 594
f 517 524 525
f 164 1190 125
f 164 2696 1190
f 630 964 629
f 125 127 126
f 2636 2542 964
f 520 521 2696
f 516 517 521
f 2636 2637 2542
f 126 164 125
f 516 521 520
f 594 589 2676
f 520 2696 164
f 595 593 1041
f 126 127 129
f 589 2637 2676
f 127 131 130
f 524 595 1041
f 518 524 517
f 516 518 517
f 588 594 593
f 164 126 129
f 127 130 129
f 2540 964 2542
f 2540 629 964
f 588 589 594
f 516 520 519
f 588 593 595
f 2637 2511 2542
f 161 520 164
f 516 519 518
f 589 2507 2637
f 524 523 595
f 518 523 524
f 160 164 129
f 2540 2542 2511
f 130 142 129
f 161 519 520
f 2637 2507 2511
f 161 164 160
f 588 590 589
f 2540 2541 629
f 160 129 142
f 589 590 2507
f 588 595 592
f 518 519 522
f 523 592 595
f 518 522 523
f 161 2584 519
f 2541 2599 629
f 2540 2511 2510
f 588 591 590
f 2584 522 519
f 159 161 160
f 2504 2511 2507
f 2540 2510 2541
f 2503 2507 590
f 588 592 591
f 159 2584 161
f 523 522 1112
f 523 1112 592
f 2504 2510 2511
f 2503 2504 2507
f 2503 590 591
f 160 140 162
f 159 160 162
f 2541 1940 2599
f 2584 2544 522
f 159 2544 2584
f 592 1113 591
f 2541 2510 2218
f 1112 522 2678
f 592 1112 1114
f 2503 591 2506
f 2544 2678 522
f 2504 2508 2510
f 592 1114 1113
f 2503 2505 2504
f 159 162 163
f 2541 2218 1940
f 163 2544 159
f 1113 1504 591
f 1114 1112 1503
f 1112 2678 1503
f 2503 2506 2505
f 2510 2508 2218
f 2506 591 1504
f 162 141 257
f 2505 2508 2504
f 162 257 163
f 1114 1502 1113
f 2544 2679 2678
f 163 123 2544
f 1113 1502 1504
f 1503 2678 365
f 1114 1503 363
f 1939 1940 2218
f 2505 2506 2509
f 2506 1504 2509
f 2544 123 2679
f 257 122 163
f 1114 363 1502
f 2679 365 2678
f 1937 1940 1939
f 2508 2217 2218
f 363 1503 365
f 2505 2008 2508
f 163 122 123
f 283 122 257
f 1502 2543 1504
f 1939 2218 2217
f 2505 2509 2008
f 2509 1504 2543
f 359 365 2679
f 2508 2008 2217
f 358 2679 123
f 360 363 365
f 1502 363 364
f 60 123 122
f 358 359 2679
f 1502 364 2543
f 360 365 359
f 1937 1939 1938
f 360 364 363
f 60 358 123
f 2509 2543 2009
f 2008 2509 2009
f 1939 2217 2216
f 60 122 62
f 357 359 358
f 357 360 359
f 2543 364 2779
f 1939 2216 1938
f 1540 2217 2008
f 60 58 358
f 2543 2779 2009
f 360 361 364
f 357 358 58
f 1539 2008 2009
f 1540 2216 2217
f 357 361 360
f 59 60 62
f 58 60 59
f 1539 1540 2008
f 2149 2779 364
f 2149 364 361
f 721 2009 2779
f 1938 2216 1833
f 357 58 61
f 1539 2009 722
f 357 362 361
f 2149 721 2779
f 58 59 61
f 1938 1833 1834
f 2252 2216 1540
f 722 2009 721
f 357 61 362
f 2067 2149 361
f 1537 1540 1539
f 1833 2216 2252
f 362 2067 361
f 1537 1539 722
f 59 63 61
f 720 721 2149
f 720 2149 2067
f 2252 1540 1541
f 1537 1541 1540
f 717 722 721
f 291 362 61
f 1828 1834 1833
f 362 2066 2067
f 1832 1833 2252
f 717 721 720
f 723 1537 722
f 291 2066 362
f 196 291 61
f 717 723 722
f 1828 1833 1832
f 729 720 2067
f 2252 1541 2253
f 729 2067 2066
f 1832 2252 2253
f 1537 1538 1541
f 723 1538 1537
f 717 720 719
f 291 290 2066
f 719 720 729
f 196 290 291
f 729 2066 290
f 717 718 723
f 1541 2484 2253
f 1828 1832 1831
f 1541 1538 2484
f 1832 2253 1831
f 717 719 718
f 723 724 1538
f 718 724 723
f 719 729 728
f 290 728 729
f 1831 2253 2484
f 724 1510 1538
f 1510 2484 1538
f 1827 505 1828
f 1827 1828 1831
f 718 719 726
f 718 725 724
f 719 728 726
f 285 286 290
f 728 290 286
f 725 1510 724
f 1831 2484 2485
f 718 726 727
f 718 727 725
f 1779 2484 1510
f 725 1509 1510
f 728 1709 726
f 1827 1831 1830
f 728 286 226
f 1779 2485 2484
f 1831 2485 1830
f 1509 1779 1510
f 725 727 1509
f 727 726 1709
f 728 226 1709
f 226 286 186
f 1827 1829 504
f 1827 1830 1829
f 1776 1509 727
f 1779 1780 2485
f 1710 727 1709
f 1745 1779 1509
f 227 1709 226
f 1830 2485 2486
f 1776 727 1710
f 1745 1780 1779
f 1776 1745 1509
f 1780 2486 2485
f 1708 1710 1709
f 227 1708 1709
f 1830 2487 1829
f 185 227 226
f 1830 2486 2487
f 1776 1710 1778
f 1708 1711 1710
f 1745 1746 1780
f 1747 1745 1776
f 1780 1746 2486
f 227 228 1708
f 1710 1711 1778
f 1747 1776 1778
f 185 228 227
f 1243 1829 2487
f 503 1829 1243
f 2806 2487 2486
f 1708 228 1711
f 1740 1746 1745
f 1740 1745 1747
f 1746 2684 2486
f 1777 1778 1711
f 1243 2487 2806
f 2806 2486 2684
f 185 229 228
f 1747 1778 1777
f 228 2583 1711
f 1241 503 1243
f 1777 1711 2583
f 1740 1741 1746
f 246 228 229
f 1741 2684 1746
f 1243 2806 2686
f 228 246 2583
f 1747 1777 1744
f 1740 1747 1744
f 2806 2684 2686
f 1777 2583 2582
f 1241 1243 1242
f 244 246 229
f 1243 2686 2807
f 1739 1741 1740
f 2582 2583 246
f 1777 2582 1744
f 1739 1740 1744
f 1741 2685 2684
f 2685 2686 2684
f 1243 2807 1242
f 242 246 244
f 2582 246 245
f 246 242 245
f 1739 1742 1741
f 2688 2807 2686
f 1739 1744 1743
f 1741 1742 2685
f 2582 2690 1744
f 2685 2688 2686
f 2822 1242 2807
f 1744 2690 1743
f 242 243 245
f 2555 1244 1242
f 1739 1743 1742
f 2822 2807 2688
f 2582 245 2689
f 2822 2555 1242
f 2582 2689 2690
f 2685 1742 2687
f 2685 2687 2688
f 243 247 245
f 2689 245 247
f 2824 1743 2690
f 1743 2834 1742
f 2620 2822 2688
f 2620 2555 2822
f 2565 2690 2689
f 2824 2834 1743
f 1808 2687 1742
f 2750 2688 2687
f 2565 2824 2690
f 2689 247 2681
f 1808 1742 2834
f 2750 2620 2688
f 2565 2689 2681
f 2620 2554 2555
f 2750 2687 1808
f 2824 2566 2834
f 167 2681 247
f 2565 2566 2824
f 165 167 247
f 1808 2834 1812
f 2564 2565 2681
f 2834 2566 1812
f 2564 2681 167
f 2750 2619 2620
f 2750 1808 1809
f 2618 2554 2620
f 1354 2566 2565
f 1354 2565 2564
f 1807 1808 1812
f 2618 2620 2619
f 1811 1812 2566
f 2564 167 168
f 2750 1809 2619
f 1807 1809 1808
f 2618 2621 2554
f 166 168 167
f 1354 1811 2566
f 1807 1812 1811
f 1354 2564 168
f 166 169 168
f 2618 2622 2621
f 1807 1810 1809
f 2619 1809 2751
f 294 1354 168
f 1807 1811 854
f 2618 2619 2420
f 853 1811 1354
f 169 294 168
f 1807 854 1810
f 1809 1810 2751
f 2618 2420 2622
f 2622 2623 2621
f 854 1811 853
f 2619 2751 2420
f 294 858 1354
f 853 1354 858
f 170 294 169
f 2622 2422 2623
f 852 854 853
f 854 855 1810
f 2622 2420 2422
f 2372 2751 1810
f 170 292 294
f 294 292 858
f 852 855 854
f 2373 2420 2751
f 857 853 858
f 2372 1810 855
f 852 853 857
f 2373 2751 2372
f 2378 2422 2420
f 274 292 170
f 2378 2420 2373
f 858 292 860
f 852 856 855
f 857 858 860
f 852 857 856
f 2374 2372 855
f 2374 855 856
f 274 293 292
f 2378 2421 2422
f 2369 2373 2372
f 293 860 292
f 2369 2372 2374
f 857 859 856
f 857 860 859
f 2370 2378 2373
f 274 179 293
f 2374 856 2693
f 2369 2370 2373
f 293 536 860
f 2378 2377 2421
f 859 2693 856
f 2369 2374 2375
f 2278 859 860
f 536 2278 860
f 2374 2693 2375
f 2370 2377 2378
f 179 297 293
f 297 536 293
f 1394 2421 2377
f 2369 2371 2370
f 2369 2375 2371
f 859 2787 2693
f 536 537 2278
f 2278 2606 859
f 297 537 536
f 2693 2376 2375
f 2370 455 2377
f 2606 2787 859
f 2693 2787 2376
f 537 2606 2278
f 297 295 537
f 2371 2375 2376
f 295 297 174
f 2371 457 2370
f 1394 2377 454
f 2370 457 455
f 2377 455 454
f 295 296 537
f 295 174 296
f 779 2606 537
f 2606 2692 2787
f 2692 2376 2787
f 2371 2376 909
f 296 779 537
f 2371 909 457
f 451 455 457
f 451 454 455
f 779 780 2606
f 2606 780 2692
f 908 2376 2692
f 908 909 2376
f 777 779 296
f 172 305 296
f 909 456 457
f 451 457 456
f 777 296 305
f 449 454 451
f 777 780 779
f 449 453 454
f 908 2692 2497
f 2692 780 2497
f 172 304 305
f 905 909 908
f 777 305 304
f 449 451 450
f 451 456 450
f 905 456 909
f 777 778 780
f 911 908 2497
f 777 304 778
f 449 452 453
f 782 2497 780
f 905 908 911
f 449 450 452
f 778 782 780
f 1393 453 452
f 456 910 450
f 911 2497 782
f 905 910 456
f 173 303 304
f 304 781 778
f 255 303 173
f 304 303 781
f 1722 452 450
f 905 911 907
f 1722 450 910
f 907 911 782
f 778 783 782
f 905 906 910
f 778 781 783
f 303 255 915
f 303 915 781
f 905 907 906
f 1722 1724 452
f 1724 1395 452
f 907 782 913
f 87 256 255
f 1722 910 672
f 783 913 782
f 255 256 915
f 906 672 910
f 1836 781 915
f 1836 783 781
f 671 1724 1722
f 907 912 906
f 1723 1395 1724
f 87 88 256
f 671 1722 672
f 907 913 914
f 256 1839 915
f 783 1842 913
f 1836 915 1839
f 907 914 912
f 86 90 89
f 671 1723 1724
f 1836 1837 783
f 1725 1395 1723
f 906 307 672
f 86 89 88
f 281 90 218
f 906 912 307
f 1837 1842 783
f 217 281 218
f 88 2106 256
f 1836 1839 1838
f 2064 913 1842
f 2064 914 913
f 2106 1839 256
f 1836 1838 1837
f 90 2109 89
f 308 671 672
f 115 113 217
f 2109 90 281
f 671 1721 1723
f 88 89 2105
f 308 672 307
f 2483 912 914
f 1721 1725 1723
f 2483 307 912
f 2105 89 2109
f 1838 1839 1843
f 1837 1838 1843
f 88 2104 2106
f 713 281 217
f 1837 1840 1842
f 113 713 217
f 2064 1842 1840
f 112 114 113
f 88 2105 2104
f 308 314 671
f 2064 2065 914
f 671 314 1721
f 2106 2092 1839
f 112 116 114
f 2109 281 715
f 2483 914 2065
f 178 187 111
f 2092 1843 1839
f 111 284 116
f 2483 309 307
f 713 715 281
f 1721 1726 1725
f 113 114 713
f 111 187 284
f 2105 2109 2108
f 1837 1843 1841
f 2064 1840 2065
f 306 308 307
f 2104 2091 2106
f 1837 1841 1840
f 2109 715 2108
f 114 116 284
f 187 178 284
f 175 178 177
f 2106 2091 2092
f 306 307 309
f 2105 2107 2104
f 310 314 308
f 2105 2108 2107
f 2483 313 309
f 2483 2065 313
f 175 177 176
f 1628 284 178
f 306 310 308
f 314 315 1721
f 1628 178 175
f 713 716 715
f 2092 2094 1843
f 713 114 714
f 1615 114 284
f 2094 1841 1843
f 1453 2108 715
f 1721 315 1726
f 2104 2093 2091
f 1840 2796 2065
f 2090 2092 2091
f 306 309 313
f 1840 1841 2797
f 2104 2107 2093
f 1628 175 176
f 209 210 176
f 310 315 314
f 716 1453 715
f 713 714 716
f 1628 1616 284
f 714 114 1615
f 2107 2108 2691
f 1615 284 1616
f 1840 2797 2796
f 1453 2691 2108
f 313 2065 2611
f 2090 2091 2093
f 1392 2094 2092
f 208 211 210
f 208 212 211
f 2090 1392 2092
f 2611 2065 2796
f 1628 176 1629
f 212 213 211
f 306 311 310
f 176 210 1630
f 2094 2498 1841
f 315 2001 1726
f 2093 2107 2596
f 1841 2498 2797
f 306 313 312
f 2107 2691 2596
f 211 1630 210
f 176 1630 1629
f 310 311 315
f 211 213 298
f 716 1454 1453
f 1628 1565 1616
f 714 1615 1614
f 1615 1616 1566
f 716 714 1452
f 1453 1454 2691
f 2090 2093 1389
f 1628 1629 1565
f 1392 1390 2094
f 306 312 311
f 313 2611 2610
f 2090 1389 1392
f 298 273 299
f 2579 1630 211
f 1615 1566 1614
f 1390 2498 2094
f 2579 211 298
f 2795 2796 2797
f 716 1452 1454
f 1565 1566 1616
f 2611 2796 2612
f 313 2610 312
f 1629 1630 1631
f 151 254 299
f 1388 2093 2596
f 2795 2797 2498
f 149 254 151
f 76 133 77
f 714 1614 1425
f 2691 2144 2596
f 1629 1631 1565
f 2580 1630 2579
f 1388 1389 2093
f 714 1425 1452
f 150 253 149
f 315 1999 2001
f 901 298 299
f 2691 1454 2144
f 1994 2579 298
f 133 76 889
f 2580 1631 1630
f 315 311 2000
f 2610 2611 2612
f 2795 2612 2796
f 133 135 134
f 150 239 253
f 1385 1390 1392
f 254 901 299
f 1385 1392 1389
f 1614 1566 1424
f 153 239 158
f 901 1994 298
f 1564 1566 1565
f 900 254 149
f 1994 2580 2579
f 888 890 889
f 1454 1452 2721
f 1391 2498 1390
f 900 149 253
f 2608 133 889
f 888 891 890
f 1388 2596 2144
f 2608 135 133
f 183 135 182
f 2608 889 890
f 899 901 254
f 1614 1424 1425
f 2795 2498 2499
f 1564 1424 1566
f 315 2000 1999
f 899 254 900
f 239 904 253
f 312 2081 311
f 1563 1565 1631
f 1835 1899 891
f 2610 2613 312
f 890 891 2609
f 900 253 904
f 1391 2499 2498
f 152 154 153
f 2580 1592 1631
f 2100 135 2608
f 135 2101 182
f 239 153 1995
f 1385 1391 1390
f 180 182 181
f 2609 891 1899
f 1384 1389 1388
f 2607 2608 890
f 1425 2720 1452
f 2100 2101 135
f 2721 1452 2720
f 1994 1993 2580
f 1989 1994 901
f 1835 1868 1900
f 1561 1564 1565
f 239 1995 904
f 899 902 901
f 2719 1454 2721
f 1384 1385 1389
f 2719 2144 1454
f 1835 1900 1899
f 2607 890 2609
f 182 2101 2100
f 154 1995 153
f 2100 2608 2607
f 899 900 902
f 152 157 154
f 2610 2612 836
f 2000 311 2081
f 1563 1631 1592
f 1561 1565 1563
f 182 2100 2099
f 900 904 903
f 182 2099 181
f 902 1989 901
f 2580 1993 1592
f 2609 1899 339
f 124 181 184
f 1989 1993 1994
f 152 155 157
f 2613 2081 312
f 2795 838 2612
f 1899 1900 339
f 1868 933 1900
f 2607 2609 2284
f 900 903 902
f 154 157 1995
f 2100 2607 1164
f 2142 1388 2144
f 904 1995 903
f 1564 1426 1424
f 2100 1164 2099
f 2609 339 2284
f 1421 1425 1424
f 2610 836 2613
f 155 156 260
f 1162 181 2099
f 2607 2284 2283
f 136 264 260
f 2719 2721 2720
f 2607 2283 1164
f 1736 2795 2499
f 1900 341 339
f 1162 184 181
f 1162 2099 1164
f 1995 157 2121
f 1391 1738 2499
f 1561 1426 1564
f 2120 157 155
f 1900 933 343
f 1384 1388 1387
f 1900 343 341
f 340 2284 339
f 1425 1427 2720
f 2281 2283 2284
f 1385 1386 1391
f 264 258 93
f 1164 2283 1160
f 1995 2396 903
f 2120 155 260
f 902 1990 1989
f 902 903 1991
f 2612 838 836
f 1156 1162 1164
f 336 339 341
f 184 289 288
f 1421 1424 1426
f 1163 184 1162
f 1989 1992 1993
f 2281 2284 340
f 1156 1164 1160
f 2120 2121 157
f 2281 1160 2283
f 1995 2121 2396
f 1589 1563 1592
f 1993 1591 1592
f 1736 838 2795
f 2142 1387 1388
f 336 340 339
f 2719 2143 2144
f 289 184 1163
f 1421 1427 1425
f 2247 260 264
f 1288 1385 1384
f 902 1991 1990
f 336 341 343
f 1157 1162 1156
f 2142 2144 2143
f 91 93 92
f 91 92 94
f 1561 1563 1562
f 288 289 200
f 1157 1163 1162
f 2281 1159 1160
f 1155 1156 1160
f 1736 2499 1738
f 343 933 346
f 2120 260 406
f 106 120 94
f 2247 264 93
f 1989 1990 1992
f 1386 1738 1391
f 2281 340 2282
f 2412 1999 2000
f 930 346 933
f 1155 1160 1159
f 1155 1157 1156
f 2393 903 2396
f 2393 1991 903
f 1993 1992 1591
f 2120 400 2121
f 406 260 2247
f 119 120 106
f 2281 2282 1159
f 289 1163 786
f 119 106 104
f 197 198 200
f 1589 1592 1591
f 197 199 198
f 199 238 201
f 2719 2720 2465
f 2122 2396 2121
f 289 786 200
f 1157 786 1163
f 2000 2081 2080
f 336 337 340
f 1562 1563 1589
f 2613 837 2081
f 336 343 342
f 201 238 202
f 1155 1161 1157
f 2120 406 400
f 1407 93 91
f 94 1407 91
f 110 202 109
f 1155 1159 1158
f 1288 1386 1385
f 2282 340 337
f 2613 836 837
f 400 2122 2121
f 107 109 108
f 342 343 346
f 1157 785 786
f 197 200 789
f 121 275 282
f 1155 1158 1161
f 1406 94 120
f 1157 1161 785
f 789 200 786
f 1288 1384 1387
f 197 789 199
f 2282 2285 1159
f 2247 93 2079
f 1427 2465 2720
f 101 105 104
f 1561 1428 1426
f 1687 1990 1991
f 1158 1159 2285
f 238 199 1794
f 1406 1407 94
f 2395 2396 2122
f 102 282 103
f 1406 120 119
f 930 931 346
f 2393 2396 2395
f 1407 2079 93
f 784 786 785
f 406 2247 404
f 1794 199 789
f 336 338 337
f 2412 1248 1999
f 784 789 786
f 108 236 235
f 238 1794 202
f 1687 1991 2393
f 785 1161 787
f 336 342 338
f 767 119 104
f 101 103 105
f 1158 2383 1161
f 109 202 2744
f 784 785 787
f 109 2744 108
f 930 932 931
f 787 1161 2383
f 235 276 275
f 2247 2079 404
f 767 104 105
f 1561 1562 1428
f 399 400 406
f 400 401 2122
f 2282 337 1527
f 235 236 276
f 2381 1158 2285
f 1406 119 767
f 784 788 789
f 1421 1426 1423
f 2282 1527 2285
f 2381 2383 1158
f 1794 1792 202
f 1674 1992 1990
f 784 787 788
f 1791 1794 789
f 401 2395 2122
f 399 406 404
f 2412 2000 2080
f 2744 202 1792
f 1406 1409 1407
f 481 236 108
f 2142 2145 1387
f 342 346 345
f 1791 789 788
f 275 766 282
f 2823 787 2383
f 1407 1409 2079
f 788 787 2823
f 108 2744 483
f 399 401 400
f 103 763 105
f 103 282 764
f 1791 1792 1794
f 345 346 931
f 1675 1591 1992
f 2393 2395 2394
f 1674 1990 1687
f 481 108 483
f 2719 2466 2143
f 1421 1422 1427
f 2142 2143 2145
f 2381 2285 1528
f 763 767 105
f 276 766 275
f 1735 1736 1738
f 2403 337 338
f 481 276 236
f 1406 767 1408
f 2381 2382 2383
f 1527 1528 2285
f 1562 1589 1588
f 1791 788 1795
f 403 404 2079
f 2382 2823 2383
f 1406 1408 1409
f 764 282 766
f 788 2823 1795
f 2719 2465 2466
f 1687 2393 1688
f 1735 1738 1386
f 1527 337 2403
f 1589 1591 1593
f 2744 1792 2521
f 103 764 763
f 1791 1793 1792
f 342 344 338
f 840 838 1736
f 833 836 838
f 2744 2521 483
f 399 404 403
f 1791 1795 1793
f 1423 1426 1428
f 1793 2521 1792
f 2393 2394 1688
f 763 620 767
f 401 2633 2395
f 481 482 276
f 2079 1409 2469
f 2823 2559 1795
f 1408 767 620
f 1138 2081 837
f 1138 2080 2081
f 2382 2559 2823
f 481 483 482
f 342 345 344
f 276 1498 766
f 1959 931 932
f 2381 1528 1529
f 1674 1675 1992
f 2633 2394 2395
f 2381 1529 2382
f 403 2079 2469
f 2649 1409 1408
f 2518 1793 1795
f 344 2403 338
f 2518 2521 1793
f 764 766 765
f 2521 970 483
f 764 622 763
f 1288 1387 1287
f 276 482 1498
f 1427 1430 2465
f 1421 1423 1422
f 399 402 401
f 763 622 620
f 482 483 970
f 2520 1795 2559
f 2649 2469 1409
f 1498 765 766
f 1408 620 621
f 1959 345 931
f 833 837 836
f 2649 1408 621
f 2518 1795 2520
f 2518 2522 2521
f 1233 1528 1527
f 1589 1593 1588
f 399 403 405
f 2521 2522 970
f 1593 1591 1675
f 2558 2559 2382
f 764 765 712
f 1959 932 1356
f 1685 1687 1688
f 1685 1674 1687
f 764 712 622
f 1527 2403 1526
f 1387 2145 1287
f 401 402 2633
f 1288 1293 1386
f 619 621 620
f 619 620 622
f 1562 1590 1428
f 2520 2559 2558
f 1422 1430 1427
f 1233 1529 1528
f 965 482 970
f 1498 482 966
f 1562 1588 1590
f 1498 2170 765
f 2382 1529 1229
f 970 2522 969
f 399 405 402
f 2649 621 617
f 2649 617 2469
f 2518 2519 2522
f 2518 2520 2519
f 840 1736 1735
f 403 2469 2468
f 2170 712 765
f 2558 2382 1229
f 1688 2394 2635
f 965 970 969
f 1233 1527 1526
f 619 617 621
f 965 966 482
f 616 622 712
f 344 2602 2403
f 2633 2635 2394
f 1498 966 2170
f 619 622 616
f 2519 969 2522
f 344 345 1958
f 403 2468 405
f 2412 1249 1248
f 2520 2558 2557
f 1959 1958 345
f 1526 2403 2602
f 833 838 840
f 2170 711 712
f 1735 1386 1293
f 2469 617 2470
f 616 712 711
f 2520 2557 2519
f 2794 2145 2143
f 1233 1231 1529
f 613 617 619
f 1229 1529 1231
f 965 969 968
f 613 619 616
f 2519 968 969
f 2468 2469 2470
f 966 2384 2170
f 402 405 2847
f 2794 2143 2466
f 965 967 966
f 2170 2384 711
f 1685 1688 1686
f 1672 1675 1674
f 2558 1229 1230
f 344 2603 2602
f 2633 402 2634
f 1959 1356 1078
f 2557 2558 1230
f 615 616 711
f 965 968 967
f 1686 1688 2635
f 344 1958 2603
f 613 616 615
f 2468 850 405
f 613 618 617
f 966 967 2384
f 1685 1673 1674
f 2519 2439 968
f 2470 617 618
f 1233 1526 1232
f 2412 2080 1139
f 2633 2634 2635
f 405 850 2847
f 1588 1593 1594
f 2519 2557 2560
f 2457 2466 2465
f 2457 2465 1430
f 1078 1356 2337
f 402 2847 848
f 1423 1428 807
f 1588 1594 1590
f 710 711 2384
f 2556 1428 1590
f 1227 1229 1231
f 1138 837 839
f 1286 1288 1287
f 2519 2560 2439
f 898 1231 1233
f 615 711 710
f 1526 2602 1134
f 1227 1230 1229
f 1423 1429 1422
f 1079 1958 1959
f 1138 1139 2080
f 2468 2470 851
f 613 615 614
f 833 839 837
f 1069 967 968
f 1593 1675 1676
f 2557 1230 2778
f 1672 1674 1673
f 613 614 618
f 1069 968 2439
f 402 848 2634
f 898 1233 1232
f 967 1071 2384
f 1286 1293 1288
f 2557 2778 2560
f 2602 2603 1134
f 848 2847 850
f 1422 1431 1430
f 2468 851 850
f 1685 1686 1673
f 1232 1526 1134
f 2843 2470 618
f 1079 1959 1078
f 710 2384 1071
f 1287 2145 1292
f 1227 1231 898
f 1672 1676 1675
f 615 710 709
f 1958 1084 2603
f 2843 851 2470
f 2556 807 1428
f 1686 2635 1265
f 1073 2439 2560
f 615 709 614
f 2635 2634 1265
f 1069 2439 1073
f 1067 967 1069
f 1067 1071 967
f 614 2590 618
f 2794 1292 2145
f 1593 2220 1594
f 840 1735 1225
f 1227 1228 1230
f 2778 1230 1228
f 2590 2843 618
f 1078 2337 1080
f 1079 1084 1958
f 2814 710 1071
f 2603 1084 1134
f 1423 807 1429
f 2804 2560 2778
f 898 1232 897
f 1232 1134 897
f 1422 1429 1431
f 1594 800 1590
f 709 710 2814
f 1431 2457 1430
f 1735 1293 1294
f 847 848 850
f 2556 1590 800
f 627 1080 2337
f 1593 1676 2220
f 2794 2466 2464
f 2804 1073 2560
f 847 850 851
f 2412 2352 1249
f 849 2634 848
f 1068 1069 1073
f 2457 2464 2466
f 2589 614 709
f 833 840 835
f 1227 898 895
f 1074 1079 1078
f 1286 1287 1292
f 2804 2778 1228
f 1673 1686 1266
f 1067 1069 1068
f 1091 851 2843
f 2589 2590 614
f 1067 1070 1071
f 2814 1071 1070
f 1686 1265 1266
f 1091 2843 2590
f 2412 1139 2352
f 1074 1078 1080
f 1672 1673 1677
f 1227 895 1228
f 1133 1134 1084
f 892 898 897
f 1265 2634 1267
f 894 897 1134
f 847 849 848
f 2804 1072 1073
f 1225 1735 1294
f 529 1138 839
f 709 2814 1120
f 1672 1677 1676
f 1068 1073 1072
f 1075 1084 1079
f 627 624 1080
f 847 851 844
f 849 1267 2634
f 529 1139 1138
f 892 895 898
f 1286 1289 1293
f 1091 844 851
f 2556 802 807
f 894 1134 1133
f 2589 709 1120
f 833 528 839
f 835 840 1225
f 799 1594 2220
f 2556 800 802
f 1074 1075 1079
f 1067 1068 1007
f 799 800 1594
f 2814 1070 1120
f 2589 2031 2590
f 2804 1228 1895
f 892 897 894
f 1067 1007 1070
f 1091 2590 2031
f 623 624 627
f 1289 1294 1293
f 1133 1084 1085
f 1673 1266 1689
f 2804 2680 1072
f 1074 1080 1077
f 895 1894 1228
f 2792 1292 2794
f 1431 1429 2459
f 1673 1689 1677
f 1075 1085 1084
f 1080 624 1077
f 2792 2794 2464
f 1262 1266 1265
f 1068 1072 1006
f 1895 1228 1894
f 2219 2220 1676
f 2804 1895 2680
f 1262 1265 1267
f 1431 2458 2457
f 808 1429 807
f 833 835 834
f 1068 1006 1007
f 1286 1292 1291
f 2589 1120 2030
f 2457 2460 2464
f 841 847 844
f 843 844 1091
f 894 1133 1132
f 892 896 895
f 2589 2030 2031
f 847 845 849
f 1072 2680 1006
f 849 2840 1267
f 833 834 528
f 892 894 893
f 1074 1076 1075
f 1090 1091 2031
f 1132 1133 1085
f 1009 1120 1070
f 623 625 624
f 1074 1077 1076
f 528 529 839
f 797 807 802
f 1009 1070 1007
f 2219 799 2220
f 625 1077 624
f 895 1893 1894
f 2222 1676 1677
f 1075 1086 1085
f 796 802 800
f 843 1091 1090
f 2459 1429 808
f 1431 2459 2458
f 894 1132 893
f 796 800 799
f 892 893 896
f 841 844 843
f 895 896 1893
f 841 845 847
f 1286 1290 1289
f 2458 2460 2457
f 1889 1895 1894
f 845 2840 849
f 1262 1267 1264
f 1890 2680 1895
f 1132 1085 1086
f 2840 1264 1267
f 797 808 807
f 1225 1294 1737
f 1004 1007 1006
f 2219 1676 2222
f 623 626 628
f 1266 756 1689
f 835 1225 1226
f 1076 1082 1075
f 1140 2352 1139
f 1890 1006 2680
f 1075 1082 1086
f 529 1140 1139
f 1262 756 1266
f 623 628 625
f 2792 2697 1292
f 1120 1118 2030
f 753 1677 1689
f 1047 1090 2031
f 1047 2031 2030
f 1889 1894 1893
f 1004 1009 1007
f 1286 1291 1290
f 1076 1077 1081
f 625 1081 1077
f 1291 1292 2697
f 1289 1295 1294
f 1009 1118 1120
f 1889 1890 1895
f 796 797 802
f 2792 2464 2793
f 2793 2464 2460
f 841 843 842
f 1046 843 1090
f 893 1132 1135
f 2222 1677 753
f 893 1136 896
f 1225 1737 1226
f 1132 1086 1137
f 626 1296 628
f 1898 1893 896
f 2840 2841 1264
f 1262 1264 1263
f 1004 1006 1005
f 2219 803 799
f 753 1689 756
f 1890 1005 1006
f 845 2841 2840
f 1076 1083 1082
f 1737 1294 1295
f 1086 1082 1137
f 1046 1090 1047
f 1987 1081 625
f 1987 625 628
f 1889 1893 1892
f 1076 1081 1083
f 1289 1290 1295
f 1047 2030 1049
f 835 1224 834
f 2463 2459 808
f 841 846 845
f 2458 2459 2463
f 2030 1118 1049
f 796 799 803
f 842 843 1046
f 1262 1263 756
f 1136 1898 896
f 893 1135 1136
f 1132 1137 1135
f 527 529 528
f 1004 1008 1009
f 1889 1891 1890
f 1010 1118 1009
f 1892 1893 1898
f 835 1226 1224
f 841 842 846
f 528 834 531
f 797 804 808
f 1137 1082 1083
f 2219 2222 2221
f 1264 2841 1263
f 1889 1892 1891
f 2458 2461 2460
f 1987 1988 1081
f 796 798 797
f 1008 1010 1009
f 1081 1988 1083
f 1004 1005 1008
f 2792 2166 2697
f 1296 1986 628
f 1890 2629 1005
f 1987 628 1984
f 1043 1046 1047
f 529 530 1140
f 1891 2629 1890
f 2219 2221 803
f 1291 2697 2167
f 2792 2793 2166
f 1043 1047 1049
f 1291 2167 1290
f 2461 2793 2460
f 845 2452 2841
f 1119 1049 1118
f 1136 2250 1898
f 842 1046 1054
f 1136 1135 2251
f 1892 1898 1897
f 1010 1119 1118
f 1140 2350 2352
f 845 846 2452
f 1984 628 1986
f 2222 753 754
f 798 804 797
f 527 528 531
f 1137 1496 1135
f 2458 2463 2462
f 834 1224 531
f 842 1054 846
f 2463 808 1859
f 752 753 756
f 527 530 529
f 1737 1635 1226
f 1137 1083 1495
f 1859 808 804
f 796 803 801
f 1936 1988 1987
f 1892 1896 1891
f 1898 2250 1897
f 1936 1987 1984
f 1136 2251 2250
f 2350 2353 2352
f 796 801 798
f 2458 2462 2461
f 2251 1135 1496
f 1008 1005 1013
f 2647 1986 1296
f 2841 2450 1263
f 757 756 1263
f 1932 1083 1988
f 1737 1295 951
f 1892 1897 1896
f 1043 1044 1046
f 2629 2627 1005
f 2222 2223 2221
f 1224 1226 1635
f 1044 1054 1046
f 1494 1496 1137
f 1295 1290 950
f 2697 2166 2167
f 1494 1137 1495
f 1008 1011 1010
f 2625 2629 1891
f 1043 1049 1048
f 1119 1048 1049
f 752 754 753
f 1932 1495 1083
f 1005 2627 1013
f 2222 754 2223
f 1010 1011 1119
f 1936 1932 1988
f 2452 2450 2841
f 2625 1891 1896
f 2833 2793 2461
f 2716 846 1054
f 1935 1984 1986
f 752 756 757
f 2166 2793 2833
f 1737 951 1635
f 1008 1013 1012
f 1140 530 2351
f 1935 1936 1984
f 2414 803 2221
f 950 1290 2167
f 2716 2452 846
f 2625 2627 2629
f 2250 2626 1897
f 2250 2251 2809
f 798 805 804
f 757 1263 2450
f 1008 1012 1011
f 2251 1496 1497
f 1896 1897 2626
f 2463 2571 2462
f 2463 1859 2571
f 805 1859 804
f 1140 2351 2350
f 1494 569 1496
f 1494 1495 568
f 1295 950 951
f 1043 1045 1044
f 2647 1985 1986
f 1044 1052 1054
f 2414 2221 2223
f 1119 2124 1048
f 2250 2809 2626
f 1043 1048 1045
f 2809 2251 1497
f 801 803 1960
f 1011 2124 1119
f 798 801 806
f 527 533 530
f 531 1224 1634
f 1932 571 1495
f 2624 2625 1896
f 1935 1986 1985
f 569 1497 1496
f 1930 1932 1936
f 2825 1013 2627
f 527 531 532
f 1494 568 569
f 1052 2716 1054
f 2624 1896 2626
f 1930 1936 1935
f 2825 1012 1013
f 568 1495 571
f 2625 2628 2627
f 1224 1635 749
f 2572 2461 2462
f 752 755 754
f 798 806 805
f 1698 2167 2166
f 1960 803 2414
f 2448 2450 2452
f 1045 1052 1044
f 2350 2354 2353
f 2223 754 2416
f 2716 2451 2452
f 1011 1012 2123
f 2825 2627 2628
f 2816 2833 2461
f 2124 1050 1048
f 2626 2809 2786
f 2351 530 534
f 2571 2572 2462
f 805 1860 1859
f 1045 1048 1050
f 2647 2648 1985
f 2809 1497 1507
f 1928 571 1932
f 801 1960 806
f 527 532 533
f 1570 2166 2833
f 1859 1860 2571
f 2449 757 2450
f 1928 1932 1930
f 2825 2123 1012
f 752 757 758
f 1224 749 1634
f 951 751 1635
f 2624 1578 2625
f 1011 2125 2124
f 565 569 568
f 754 755 2416
f 533 534 530
f 2625 1578 2628
f 531 1634 532
f 569 566 1497
f 565 568 571
f 2448 2452 2451
f 2624 2626 1583
f 2809 1507 2786
f 2816 2461 2572
f 1011 2123 2125
f 1699 950 2167
f 2413 2414 2223
f 752 758 755
f 1935 1985 1934
f 2784 2626 2786
f 1930 1935 1934
f 2568 2716 1052
f 2350 2351 1467
f 1698 2166 1570
f 2449 2450 2448
f 566 1507 1497
f 751 749 1635
f 2784 1583 2626
f 565 566 569
f 2413 2223 2416
f 1698 1699 2167
f 947 951 950
f 2568 2451 2716
f 2825 2628 1580
f 2124 2726 1050
f 805 806 1861
f 2624 1583 1578
f 1928 570 571
f 565 571 570
f 1570 2833 2816
f 2125 2726 2124
f 1045 1050 1051
f 1045 1053 1052
f 2825 2164 2123
f 805 1861 1860
f 2449 760 757
f 1580 2628 1578
f 2351 534 1467
f 2785 2786 1507
f 758 757 760
f 2656 1985 2648
f 1960 2414 2415
f 2784 2786 2785
f 1928 1930 1929
f 947 751 951
f 2570 2572 2571
f 1960 2246 806
f 2350 1463 2354
f 2825 1580 2164
f 762 2416 755
f 2570 2571 1860
f 2125 2123 2728
f 2656 1934 1985
f 1050 2726 1051
f 2413 2415 2414
f 1929 1930 1934
f 533 532 535
f 533 535 534
f 2568 1052 1053
f 566 1505 1507
f 758 762 755
f 565 567 566
f 2350 1467 1463
f 1045 1051 1053
f 2784 1582 1583
f 2785 1507 1505
f 2123 2164 2728
f 2246 1861 806
f 565 570 572
f 2816 2572 2815
f 1928 1931 570
f 2448 2451 2135
f 2784 2785 1582
f 749 750 1634
f 2125 2727 2726
f 1577 1578 1583
f 2133 2449 2448
f 1634 2597 532
f 1699 949 950
f 2413 2416 2418
f 2135 2451 2568
f 565 572 567
f 746 749 751
f 947 950 949
f 1575 1580 1578
f 1928 1929 1931
f 2068 2656 2648
f 2125 2728 2727
f 2418 2416 762
f 1571 1570 2816
f 566 567 1506
f 1577 1583 1582
f 566 1506 1505
f 2836 1051 2726
f 2449 2134 760
f 1568 1698 1570
f 2576 1860 1861
f 572 570 1931
f 1960 2415 2244
f 1960 2244 2246
f 1568 1699 1698
f 1581 2164 1580
f 2570 2575 2572
f 534 1466 1467
f 2575 2815 2572
f 2133 2448 2135
f 2836 2726 2727
f 1575 1578 1577
f 758 760 759
f 2656 2657 1934
f 2133 2134 2449
f 2570 1860 2576
f 746 750 749
f 1571 2816 2815
f 534 535 1466
f 2785 1505 1705
f 1634 750 2597
f 2785 1705 1582
f 2567 2568 1053
f 758 761 762
f 1929 1934 1933
f 1463 2808 2354
f 535 532 2818
f 2165 2728 2164
f 1575 1581 1580
f 748 751 947
f 2413 2417 2415
f 2567 2135 2568
f 1053 1051 2717
f 2844 2727 2728
f 760 2134 2616
f 2818 532 2597
f 567 572 1508
f 2240 1861 2246
f 1581 2165 2164
f 2413 2418 2417
f 1933 1934 2657
f 1506 2718 1505
f 746 751 748
f 758 759 761
f 567 1508 1506
f 2836 2717 1051
f 1577 1582 1585
f 759 760 2616
f 2165 2844 2728
f 1567 1570 1571
f 1505 2718 1705
f 1582 1705 1585
f 1929 476 1931
f 2418 762 2524
f 2240 2576 1861
f 1567 1568 1570
f 1462 1463 1467
f 572 1931 472
f 2068 333 2656
f 2836 2727 2837
f 1699 1700 949
f 2133 2135 2132
f 2570 2573 2575
f 761 2524 762
f 2239 2246 2244
f 1568 1700 1699
f 1462 1467 1466
f 1575 1577 1576
f 1929 1933 476
f 2656 333 2657
f 2844 2837 2727
f 2415 2243 2244
f 947 949 946
f 2127 2134 2133
f 535 2811 1466
f 2130 2616 2134
f 572 472 1508
f 2567 1053 2569
f 1575 1579 1581
f 2239 2240 2246
f 2577 2815 2575
f 535 2818 2811
f 2347 2718 1506
f 1577 1585 1584
f 2570 2576 2574
f 1508 2347 1506
f 1571 2815 2577
f 2415 2417 2243
f 2836 2837 2717
f 759 2616 2130
f 748 947 946
f 1053 2717 2569
f 750 2431 2597
f 1581 1790 2165
f 2127 2133 2132
f 746 747 750
f 472 1931 476
f 1464 2808 1463
f 2567 2136 2135
f 1577 1584 1576
f 2570 2574 2573
f 2165 2845 2844
f 2418 2722 2417
f 2718 1704 1705
f 2127 2130 2134
f 1575 1576 1579
f 1933 2657 2391
f 2523 761 759
f 2418 2524 2722
f 1702 1585 1705
f 2573 2577 2575
f 746 748 747
f 2129 2132 2135
f 1579 1790 1581
f 2818 2597 1957
f 2845 2837 2844
f 335 333 2068
f 1462 1464 1463
f 1567 1571 1572
f 2347 1704 2718
f 2238 2239 2244
f 333 2391 2657
f 1863 2524 761
f 2165 1790 2845
f 1702 1584 1585
f 759 2130 2419
f 1933 2392 476
f 747 2431 750
f 2241 2576 2240
f 2238 2244 2243
f 1700 953 949
f 2567 2569 2136
f 2431 1957 2597
f 1508 2346 2347
f 1702 1705 1704
f 1508 472 2346
f 1464 1251 2808
f 2129 2135 2136
f 946 949 953
f 1571 2577 1572
f 2523 1863 761
f 2523 759 2419
f 1933 2391 2392
f 2343 2717 2837
f 1567 1569 1568
f 2127 2132 2129
f 1568 1695 1700
f 2237 2240 2239
f 2241 2574 2576
f 2417 2723 2243
f 2811 2818 1954
f 1465 1466 2811
f 2717 2754 2569
f 1462 1466 1465
f 2417 2722 2724
f 2524 1865 2722
f 1576 1584 1587
f 1576 1586 1579
f 2127 2131 2130
f 2845 2342 2837
f 2573 2574 2578
f 2573 2578 2577
f 1863 1865 2524
f 1579 1789 1790
f 471 472 476
f 2818 1957 1954
f 2343 2754 2717
f 2417 2724 2723
f 2237 2239 2238
f 748 946 948
f 1702 1587 1584
f 1569 1695 1568
f 2347 2551 1704
f 2130 2131 2419
f 1567 1572 1569
f 2237 2241 2240
f 2343 2837 2342
f 2845 1790 2600
f 334 2391 333
f 748 948 747
f 2346 2551 2347
f 475 476 2392
f 1576 1587 1586
f 472 473 2346
f 1586 1789 1579
f 2127 2129 2128
f 2136 2569 2581
f 2523 1862 1863
f 2523 2419 1862
f 1465 2811 1954
f 2553 953 1700
f 2238 2243 2245
f 1254 2392 2391
f 747 1956 2431
f 1789 2600 1790
f 2553 1700 1695
f 2431 1956 1957
f 2243 2723 2245
f 1702 1704 1703
f 2127 2128 2131
f 946 953 952
f 471 473 472
f 2531 2569 2754
f 2845 2839 2342
f 471 476 475
f 2577 2749 1572
f 1462 1276 1464
f 2241 2592 2574
f 328 333 335
f 2845 2600 2839
f 2592 2578 2574
f 1864 2724 2722
f 1864 2722 1865
f 2577 2578 2670
f 2129 2136 1875
f 1254 2391 334
f 1703 1704 2551
f 2581 2569 2531
f 946 952 948
f 2344 2754 2343
f 1702 1647 1587
f 1278 1865 1863
f 1462 1465 1276
f 2723 2724 2773
f 1254 475 2392
f 1867 2419 2131
f 328 334 333
f 2340 2343 2342
f 2129 2137 2128
f 1586 1788 1789
f 2237 2238 831
f 1951 1954 1957
f 1569 1572 1694
f 1867 1862 2419
f 2577 2670 2749
f 1278 1863 1862
f 1875 2136 2581
f 1586 1587 1648
f 989 2551 2346
f 1702 1703 1647
f 989 2346 473
f 2531 2754 2344
f 2723 2773 2245
f 2839 2341 2342
f 2237 2242 2241
f 2129 1875 2137
f 1270 1250 1464
f 1789 1857 2600
f 1951 1957 1956
f 2340 2344 2343
f 2238 2245 831
f 1569 1696 1695
f 1459 953 2553
f 2773 2724 1864
f 952 953 1459
f 1572 2749 1694
f 1278 1864 1865
f 1586 1648 1788
f 2340 2342 2341
f 1696 2553 1695
f 948 1461 747
f 1788 1857 1789
f 747 1461 1956
f 2128 2138 2131
f 1465 1954 1955
f 1276 1270 1464
f 2669 2578 2592
f 1645 1587 1647
f 649 2839 2600
f 2669 2670 2578
f 1645 1648 1587
f 2241 1762 2592
f 471 477 473
f 2128 2137 1874
f 332 1254 334
f 1867 2131 2138
f 1703 2551 990
f 471 475 474
f 2237 831 2242
f 649 2341 2839
f 2581 2531 1878
f 1857 649 2600
f 1951 1955 1954
f 1277 1862 1867
f 2241 2242 1762
f 990 2551 989
f 1278 1862 1277
f 952 1458 948
f 480 475 1254
f 1569 1694 1697
f 328 332 334
f 1874 2137 1875
f 477 989 473
f 2345 2531 2344
f 1875 2581 1878
f 2773 1149 2245
f 2128 1874 2138
f 2340 2288 2344
f 1459 2553 2271
f 1647 1703 2151
f 648 2340 2341
f 1569 1697 1696
f 1648 1856 1788
f 952 1459 1458
f 1696 2271 2553
f 471 474 477
f 1276 1465 1468
f 1788 1856 1857
f 832 831 2245
f 1926 2749 2670
f 1951 1956 1953
f 2669 2592 1765
f 1645 1647 1646
f 1703 990 2552
f 2773 1864 1148
f 1252 1250 1270
f 2345 1878 2531
f 2592 1762 1765
f 648 2341 649
f 1278 977 1864
f 1645 1649 1648
f 1468 1465 1955
f 332 480 1254
f 832 2245 1149
f 474 475 480
f 2288 2345 2344
f 2669 1926 2670
f 2749 1927 1694
f 1703 2552 2151
f 648 2288 2340
f 1461 1953 1956
f 948 1460 1461
f 1855 649 1857
f 1867 2138 1866
f 1646 1647 2151
f 1269 1270 1276
f 948 1458 1460
f 1648 1649 1856
f 1277 1867 1866
f 1869 1874 1875
f 1855 1857 1856
f 976 1278 1277
f 830 2242 831
f 2773 1148 1149
f 1645 1646 1649
f 984 989 477
f 328 331 332
f 2138 1874 1870
f 1697 1694 1927
f 985 990 989
f 1873 1875 1878
f 1951 1952 1955
f 1926 1927 2749
f 1148 1864 977
f 976 977 1278
f 2267 1459 2271
f 2270 2271 1696
f 2669 1765 1766
f 2267 1458 1459
f 822 831 832
f 827 1762 2242
f 1951 1953 1952
f 1252 1270 1269
f 474 478 477
f 2345 2530 1878
f 642 648 649
f 643 2288 648
f 2669 1766 1926
f 1855 646 649
f 1869 1875 1873
f 985 989 984
f 990 991 2552
f 326 328 327
f 1761 1765 1762
f 1869 1870 1874
f 822 830 831
f 2288 1478 2345
f 326 331 328
f 1696 1697 2273
f 1276 1468 1272
f 2552 991 2151
f 1269 1276 1272
f 2404 1866 2138
f 827 2242 830
f 824 832 1149
f 332 1253 480
f 2404 2138 1870
f 2150 1646 2151
f 2473 1953 1461
f 984 477 988
f 1277 1866 975
f 1946 1856 1649
f 976 1277 975
f 1646 1950 1649
f 642 649 646
f 2267 2271 2270
f 1855 1856 1858
f 985 991 990
f 474 480 479
f 477 478 988
f 2270 1696 2273
f 824 1149 1148
f 332 331 1253
f 642 643 648
f 2530 1877 1878
f 2345 1478 2530
f 1468 1955 2615
f 1873 1878 1877
f 643 1478 2288
f 1761 1766 1765
f 1761 1762 827
f 1697 1927 2667
f 2388 1461 1460
f 2615 1955 1952
f 822 832 824
f 474 479 478
f 2272 1460 1458
f 2150 2151 991
f 1855 1858 646
f 2150 1950 1646
f 2471 1952 1953
f 1946 1858 1856
f 1946 1649 1950
f 2267 2272 1458
f 2273 1697 2667
f 1921 1927 1926
f 1926 1766 1925
f 2388 2473 1461
f 971 977 976
f 2471 1953 2473
f 972 1148 977
f 1869 1871 1870
f 1253 1255 480
f 1252 1269 1268
f 2404 2406 1866
f 2406 975 1866
f 1869 1873 1872
f 326 327 330
f 820 985 984
f 2404 1870 1871
f 480 1255 479
f 823 830 822
f 971 976 975
f 2267 2270 2269
f 820 984 988
f 823 827 830
f 326 329 331
f 642 646 645
f 2530 1478 1476
f 2530 1476 1877
f 642 644 643
f 644 1478 643
f 985 986 991
f 478 818 988
f 1921 1926 1925
f 1873 1877 1876
f 1468 2614 1272
f 1268 1269 1272
f 1146 824 1148
f 2272 2388 1460
f 1858 645 646
f 1761 1763 1766
f 2269 2270 2273
f 331 329 1253
f 1761 827 1764
f 821 822 824
f 1468 2615 2614
f 1922 2667 1927
f 479 818 478
f 971 972 977
f 1869 1872 1871
f 2150 2153 1950
f 2150 991 2152
f 2471 2472 1952
f 2615 1952 2472
f 1763 1925 1766
f 1873 1876 1872
f 1921 1922 1927
f 1146 1148 972
f 820 986 985
f 1945 1858 1946
f 1946 1950 1948
f 821 823 822
f 2404 2405 2406
f 1876 1877 1476
f 2404 1871 2405
f 326 330 329
f 820 988 818
f 1252 1268 1271
f 1475 1476 1478
f 1475 1478 644
f 1761 1764 1763
f 2273 2667 2668
f 2267 2268 2272
f 642 645 647
f 2471 2473 1325
f 642 647 644
f 2267 2269 2268
f 2406 974 975
f 823 828 827
f 2150 2152 2153
f 1764 827 828
f 971 975 974
f 2388 1325 2473
f 1950 2153 1948
f 991 986 1652
f 1253 1256 1255
f 1945 1946 1948
f 821 824 826
f 1858 1949 645
f 1146 826 824
f 1922 2668 2667
f 1255 817 479
f 2269 2273 1320
f 2152 991 1652
f 1253 329 1256
f 1268 1272 1274
f 2614 1274 1272
f 1921 1925 1924
f 1945 1949 1858
f 2272 2387 2388
f 2471 1325 2472
f 813 818 479
f 1872 2062 1871
f 1763 1924 1925
f 2273 2668 1320
f 971 973 972
f 820 987 986
f 2406 2405 2407
f 2058 1872 1876
f 2061 1876 1476
f 2405 1871 2775
f 2614 2615 2738
f 2615 2472 2738
f 329 330 2021
f 1475 644 1479
f 1475 1477 1476
f 821 825 823
f 1824 647 645
f 2406 2407 974
f 644 647 1825
f 814 820 818
f 1921 1923 1922
f 813 479 817
f 1255 1256 817
f 2152 2335 2153
f 1146 972 979
f 1764 1115 1763
f 1327 1325 2388
f 1652 986 987
f 2153 2335 1948
f 1824 645 1949
f 2269 1319 2268
f 1764 828 1115
f 1871 2062 2775
f 1327 2388 2387
f 971 974 978
f 821 826 825
f 2058 2062 1872
f 2268 2274 2272
f 644 1825 1479
f 2061 1476 1477
f 1921 1924 1923
f 2058 1876 2061
f 1945 1948 1947
f 2269 1320 1319
f 823 829 828
f 2405 2775 2407
f 2272 2274 2387
f 971 978 973
f 1475 1479 1477
f 1268 1275 1271
f 973 979 972
f 1146 1147 826
f 1922 794 2668
f 813 814 818
f 1945 1947 1949
f 2614 2737 1274
f 1268 1274 1273
f 820 819 987
f 1763 2279 1924
f 2152 1652 1650
f 823 825 829
f 2614 2738 2737
f 1146 979 1147
f 1822 647 1824
f 1326 2472 1325
f 1822 1825 647
f 329 2440 1256
f 1923 794 1922
f 814 819 820
f 2152 1650 2335
f 1115 2279 1763
f 329 2021 2440
f 792 1320 2668
f 1469 1652 987
f 829 1115 828
f 1948 2335 2336
f 1268 1273 1275
f 2268 1319 1317
f 817 1256 2502
f 2407 2673 974
f 1326 2738 2472
f 1824 1949 1823
f 1947 1948 2336
f 2761 1271 1275
f 2268 1317 2274
f 1826 1479 1825
f 826 1150 825
f 794 792 2668
f 2058 2059 2062
f 1479 2771 1477
f 2058 2061 2060
f 978 974 2673
f 2407 2775 983
f 2492 2061 1477
f 813 817 816
f 2775 2062 982
f 826 1147 1150
f 1327 2387 1328
f 793 1319 1320
f 1261 1325 1327
f 819 1469 987
f 1947 2641 1949
f 973 980 979
f 1822 1824 1823
f 1822 1826 1825
f 973 978 980
f 2169 1923 1924
f 2274 1328 2387
f 1471 1652 1469
f 1471 1650 1652
f 1574 1274 2737
f 793 1320 792
f 1826 2771 1479
f 1574 1273 1274
f 817 2502 816
f 1823 1949 2641
f 1256 2501 2502
f 812 814 813
f 2169 1924 2279
f 2058 2060 2059
f 2771 2492 1477
f 1261 1326 1325
f 2492 2060 2061
f 2059 982 2062
f 1147 979 1983
f 1256 2440 2501
f 2407 983 2673
f 1316 1317 1319
f 2334 2335 1650
f 1115 2280 2279
f 2775 982 983
f 2440 2021 2020
f 829 825 1117
f 2334 2336 2335
f 2737 2738 1774
f 795 794 1923
f 814 815 819
f 1316 1319 793
f 1261 1327 1328
f 1150 1117 825
f 829 1116 1115
f 812 813 816
f 1147 1983 1150
f 2640 1947 2336
f 819 1470 1469
f 1573 1275 1273
f 1326 1775 2738
f 2761 1275 2762
f 1317 1318 2274
f 2594 979 980
f 1822 1088 1826
f 2640 2641 1947
f 2169 795 1923
f 1470 1471 1469
f 791 792 794
f 2595 978 2673
f 812 815 814
f 2594 1983 979
f 1822 1823 1089
f 980 978 2595
f 1115 1116 2280
f 1574 2737 1774
f 1775 1774 2738
f 1573 1273 1574
f 1826 1087 2771
f 2274 1329 1328
f 1316 1318 1317
f 1471 1651 1650
f 2059 2060 2063
f 2334 1650 1651
f 2279 2280 2168
f 2102 2492 2771
f 2103 2060 2492
f 791 794 795
f 2500 816 2502
f 790 793 792
f 2500 2502 2501
f 2169 2279 2168
f 1822 1089 1088
f 2059 981 982

