# https://github.com/mikedh/trimesh
v 0.64320614 -0.11232426 -0.67519084
v 0.06170394 0.38984197 -0.63540468
v 0.04123424 0.40013215 -0.63064783
v 0.45410376 0.10871907 -0.73445522
v 0.37312911 0.16644460 -0.73080445
v 0.38608115 0.15842901 -0.73249445
v 0.31941165 0.20194148 -0.72461685
v 0.29918749 0.21972748 -0.72065299
v 0.60919716 -0.07298774 -0.69413777
v 0.62673489 -0.09480553 -0.68846262
v 0.57526035 -0.01145900 -0.71441536
v 0.58684969 -0.02512007 -0.71172241
v 0.59012587 -0.03296724 -0.70982596
v 0.66964911 -0.13918032 -0.65899898
v 0.74438101 -0.22555427 -0.57770491
v 0.02347068 0.41244421 -0.61393770
v 0.70584017 -0.30612587 -0.31385934
v 0.70892696 -0.30493826 -0.33403695
v 0.48550282 0.08257693 -0.73023406
v 0.74020937 -0.21594345 -0.58689344
v 0.25674872 0.25400834 -0.71462033
v 0.68018534 -0.14899890 -0.65419475
v 0.70259868 -0.16336430 -0.63276325
v 0.68991998 -0.15638294 -0.64531705
v 0.50382178 0.06628906 -0.72417240
v 0.63500250 -0.10305286 -0.68322768
v 0.27592646 0.24087904 -0.71620836
v 0.28507972 0.23441191 -0.71543844
v 0.52804180 0.04272638 -0.72550008
v 0.54012114 0.03103403 -0.72421399
v 0.74924586 -0.23932807 -0.56453965
v 0.40596778 0.15049132 -0.73194796
v 0.41969439 0.14063345 -0.73106051
v 0.46604326 0.09671017 -0.73479903
v 0.73368505 -0.29113818 -0.43748645
v 0.73849371 -0.28740928 -0.45467383
v 0.35398820 0.18057167 -0.72708246
v 0.10221851 0.36323886 -0.65937125
v 0.42944947 0.13410365 -0.73618265
v 0.14507468 0.33619074 -0.67306788
v 0.20483904 0.29237726 -0.69839407
v 0.22347855 0.27757917 -0.70446617
v 0.72274818 -0.29974495 -0.40103129
v 0.71314482 -0.30443653 -0.35833424
v 0.74696929 -0.27825429 -0.48576614
v 0.74287399 -0.28482108 -0.47276764
v 0.71180076 -0.30664375 -0.34628837
v 0.72496097 -0.29586405 -0.41284132
v 0.71499224 -0.17346911 -0.62178525
v 0.72546781 -0.18595664 -0.61401181
v 0.54799370 0.02323011 -0.72235280
v 0.52000875 0.05086394 -0.72934545
v 0.51281029 0.05793848 -0.72926921
v 0.43649383 0.12756870 -0.73699896
v 0.73265563 -0.20377302 -0.60535129
v 0.18331699 0.31135516 -0.69266436
v 0.75298585 -0.27019701 -0.50879187
v 0.75281793 -0.26389533 -0.52216542
v 0.33176216 0.19299410 -0.72689976
v 0.09024051 0.37163987 -0.65531259
v 0.07917874 0.37813342 -0.64922451
v 0.75116341 -0.25584543 -0.53355271
v 0.75007172 -0.24678087 -0.55646130
v 0.45242351 0.09139376 -0.74470241
v 0.46453557 0.08783072 -0.74105530
v 0.45765390 0.09888635 -0.73987990
v 0.44626336 0.10584785 -0.74238874
v 0.44276650 0.08218256 -0.74875136
v 0.45746745 0.07497436 -0.74640523
v 0.44166255 0.09563429 -0.74696958
v 0.47279658 0.07513400 -0.74185452
v 0.47579242 0.08582158 -0.73596917
v 0.06545356 0.38594105 -0.64523172
v 0.05384993 0.39306474 -0.63954945
v 0.05482800 0.38740326 -0.65111572
v 0.06791638 0.37834764 -0.65904107
v 0.08165811 0.37330493 -0.66022666
v 0.25466937 -0.18381414 -0.68868813
v 0.25164637 -0.19990074 -0.68135851
v 0.26566224 -0.19696689 -0.68395419
v 0.26802090 -0.18783501 -0.68829648
v 0.24750626 -0.17037476 -0.69347868
v 0.23567686 -0.17623433 -0.68993094
v 0.23893623 -0.19227140 -0.68357611
v 0.25896507 -0.16835607 -0.69534095
v 0.27042039 -0.17830942 -0.69245761
v 0.49510303 -0.39579896 -0.53462727
v 0.49655922 -0.38782089 -0.54672728
v 0.48399826 -0.39050460 -0.54133223
v 0.49615359 -0.40318977 -0.52184262
v 0.50669539 -0.39937609 -0.52919449
v 0.50483869 -0.39316428 -0.53969417
v 0.48353774 -0.39913214 -0.52804320
v 0.48572029 -0.38114913 -0.55416891
v 0.47254469 -0.38408456 -0.54838535
v 0.47157080 -0.39376341 -0.53488296
v 0.49969276 -0.37848940 -0.55938667
v 0.51120307 -0.38652812 -0.54995734
v 0.49146806 -0.14381991 -0.71455637
v 0.50233730 -0.13485354 -0.71708554
v 0.49296616 -0.13064127 -0.71898128
v 0.48126020 -0.13282856 -0.71870087
v 0.47544639 -0.14488853 -0.71475848
v 0.48075445 -0.15722255 -0.71006550
v 0.49635558 -0.15926251 -0.70874150
v 0.51000333 -0.14665990 -0.71249416
v 0.48684295 -0.11858050 -0.72291071
v 0.50186446 -0.12287134 -0.72087323
v 0.51444198 -0.13004231 -0.71767078
v 0.61990794 -0.30770535 -0.62347368
v 0.63259248 -0.30988400 -0.61898400
v 0.63156716 -0.30239755 -0.62501570
v 0.62527308 -0.31822164 -0.61395868
v 0.61372036 -0.30089380 -0.62944053
v 0.60358092 -0.30621924 -0.62693313
v 0.60905443 -0.31924995 -0.61649786
v 0.62355900 -0.29529282 -0.63139184
v 0.64429124 -0.30305007 -0.62062753
v 0.64129562 -0.31674425 -0.61006127
v 0.43389433 -0.09553892 -0.73016356
v 0.43123068 -0.08223982 -0.73372461
v 0.42009739 -0.08709119 -0.73213199
v 0.44067750 -0.08478028 -0.73320002
v 0.41926557 -0.10278071 -0.72775353
v 0.45047344 -0.09352931 -0.73081094
v 0.43224871 -0.11194897 -0.72537999
v 0.44399997 -0.10590991 -0.72735031
v 0.19831100 0.26122819 -0.72962785
v 0.20501443 0.24847949 -0.73464846
v 0.21080420 0.25920409 -0.72807603
v 0.20214170 0.27267205 -0.72153623
v 0.19061671 0.25320314 -0.73518047
v 0.18312100 0.27128799 -0.72713450
v 0.21371939 0.23184495 -0.73981014
v 0.21979053 0.24651186 -0.73275838
v 0.19689445 0.23788777 -0.74047044
v 0.22373235 0.25795673 -0.72580238
v 0.21552200 0.26686478 -0.72215806
v 0.56142305 -0.05934343 -0.72579613
v 0.55055678 -0.05127056 -0.72968395
v 0.54485961 -0.06444435 -0.72909501
v 0.56860758 -0.07340991 -0.72217476
v 0.57610220 -0.06215809 -0.72077015
v 0.57246905 -0.04575282 -0.72288242
v 0.55929922 -0.04482812 -0.72776821
v 0.55642333 -0.07358913 -0.72523561
v 0.58003671 -0.02045045 -0.71628668
v 0.57120855 -0.02077683 -0.72240623
v 0.57667301 -0.03121075 -0.72066325
v 0.58584836 -0.03200851 -0.71497616
v 0.56913028 -0.00967985 -0.72041802
v 0.33933973 0.04244092 -0.75173044
v 0.35088654 0.05035724 -0.75275099
v 0.33749761 0.05618021 -0.75267451
v 0.32949788 0.03669689 -0.75072861
v 0.33857090 0.03013104 -0.75050711
v 0.35259509 0.03331685 -0.75141579
v 0.32658391 0.04769906 -0.75157871
v 0.34778433 0.06309364 -0.75337297
v 0.32246458 0.06291671 -0.75246655
v 0.33717832 0.07034575 -0.75333073
v 0.36535951 0.04457131 -0.75281647
v 0.36210507 0.06262191 -0.75363262
v 0.09864140 0.09152747 -0.74699582
v 0.08597088 0.10184855 -0.74780905
v 0.08604504 0.08592204 -0.74535592
v 0.10137601 0.10594009 -0.74915487
v 0.10994321 0.09587772 -0.74820755
v 0.09726174 0.07931099 -0.74498489
v 0.11146419 0.08185663 -0.74619431
v 0.73561779 -0.29519575 -0.44677488
v 0.73926810 -0.29272469 -0.46138567
v 0.73474407 -0.30067652 -0.45939850
v 0.72863721 -0.30625997 -0.44448005
v 0.72942132 -0.29887486 -0.42864538
v 0.21264311 0.07688331 -0.74944208
v 0.19945525 0.08843757 -0.75016995
v 0.19710836 0.07168691 -0.74845527
v 0.22883160 0.08043301 -0.75020586
v 0.21604241 0.09541263 -0.75096475
v 0.20952348 0.06047749 -0.74759276
v 0.22468010 0.06417320 -0.74858098
v 0.19662786 0.05748954 -0.74674345
v 0.18221742 0.06277566 -0.74681870
v 0.18189501 0.08298600 -0.74920921
v 0.20103136 0.10351896 -0.75137513
v 0.18792515 0.09937530 -0.75092007
v 0.30685781 -0.11352381 -0.71808127
v 0.29460675 -0.12033021 -0.71498523
v 0.30935903 -0.12866767 -0.71372370
v 0.32042394 -0.11852062 -0.71776399
v 0.29523700 -0.10850389 -0.71851087
v 0.31824732 -0.10577341 -0.72126316
v 0.30401034 -0.09878946 -0.72196680
v 0.29072058 -0.09974091 -0.72054956
v 0.28077421 -0.10964014 -0.71684438
v 0.02335722 -0.11893895 -0.68533349
v 0.04282346 -0.12237389 -0.68676856
v 0.01621169 -0.09922850 -0.69118144
v 0.03521246 -0.10558215 -0.69159555
v 0.65098816 -0.37062305 -0.50393918
v 0.64915762 -0.36793120 -0.52078379
v 0.64068877 -0.37371448 -0.51640024
v 0.63633840 -0.37897532 -0.50379869
v 0.65873854 -0.36415146 -0.51294696
v 0.64569380 -0.37647318 -0.48864057
v 0.65865051 -0.36870178 -0.48529395
v 0.66631630 -0.36167218 -0.49893905
v 0.62897520 -0.37808743 -0.52099714
v 0.62249345 -0.38438858 -0.50895362
v 0.62841152 -0.38469427 -0.49652517
v 0.63581304 -0.38208495 -0.49002949
v 0.43118595 -0.45119637 -0.32195674
v 0.44256629 -0.45001025 -0.30984483
v 0.45397767 -0.44834130 -0.30741197
v 0.44769021 -0.44925384 -0.32169589
v 0.35030161 -0.37030056 -0.54496344
v 0.34792495 -0.35988367 -0.55724399
v 0.33591958 -0.36369700 -0.55144083
v 0.33440147 -0.37347364 -0.53920230
v 0.34526226 -0.38014063 -0.53186967
v 0.36168127 -0.36201463 -0.55638043
v 0.36853282 -0.37381506 -0.54308103
v 0.35718162 -0.37881818 -0.53517666
v 0.33746338 -0.35388615 -0.56323131
v 0.32425696 -0.35695997 -0.55848519
v 0.35325738 -0.34908195 -0.57033693
v 0.20847847 0.20348033 -0.74806478
v 0.21500574 0.18554960 -0.74993707
v 0.22690303 0.20181236 -0.74634247
v 0.20059133 0.19227403 -0.75060558
v 0.21547420 0.21552508 -0.74461936
v 0.20033929 0.22050651 -0.74535257
v 0.19162681 0.20505527 -0.74977755
v 0.18967384 0.19041869 -0.75185034
v 0.19724930 0.17683650 -0.75210237
v 0.01865691 0.31673755 -0.72649837
v 0.00278236 0.31829067 -0.72404836
v 0.00917956 0.30354314 -0.73239140
v 0.02769231 0.30267718 -0.73427172
v 0.03527652 0.31561986 -0.72759475
v 0.01016781 0.32941044 -0.71763310
v 0.02656901 0.32966286 -0.71818484
v 0.34239544 -0.17300715 -0.70028876
v 0.35365106 -0.17808274 -0.69873954
v 0.35087344 -0.16465359 -0.70402591
v 0.33672917 -0.16280734 -0.70395157
v 0.33063871 -0.17411146 -0.69914241
v 0.34003459 -0.18529207 -0.69493507
v 0.52073542 -0.04542194 -0.73603244
v 0.52841207 -0.06136857 -0.73250094
v 0.53790982 -0.04911698 -0.73258785
v 0.50695000 -0.04913367 -0.73750059
v 0.51304204 -0.06020353 -0.73484145
v 0.53381277 -0.03340883 -0.73494089
v 0.51704182 -0.02611427 -0.73877329
v 0.50784472 -0.03801740 -0.73899198
v 0.54850752 -0.03859416 -0.73116733
v 0.54621022 -0.02357521 -0.73238900
v 0.53213179 -0.01725996 -0.73628805
v 0.56309417 -0.15675154 -0.70367773
v 0.56623445 -0.13936206 -0.70826903
v 0.55424462 -0.14746778 -0.70797208
v 0.57566620 -0.15047075 -0.70341824
v 0.56538414 -0.17211514 -0.69814725
v 0.57664691 -0.16371597 -0.69912474
v 0.54894267 -0.15750466 -0.70546078
v 0.55472892 -0.16691507 -0.70152088
v 0.58500123 -0.13837820 -0.70469235
v 0.57665213 -0.12431384 -0.71011107
v 0.55985643 -0.12183450 -0.71414095
v 0.54953388 -0.13652093 -0.71179787
v 0.54377616 -0.14748797 -0.70932927
v 0.11162939 0.19611153 -0.75625287
v 0.10861124 0.20950839 -0.75606669
v 0.09567617 0.20009312 -0.75619031
v 0.10442607 0.18475955 -0.75609322
v 0.12291798 0.18339882 -0.75579950
v 0.12570775 0.20358765 -0.75556708
v 0.08388290 0.21314143 -0.75556552
v 0.07709285 0.19946643 -0.75528652
v 0.08768523 0.18547219 -0.75571501
v 0.09623803 0.21379907 -0.75606419
v 0.11877970 0.22002370 -0.75486512
v 0.10300017 0.22459794 -0.75514978
v 0.51266165 -0.17831711 -0.70064459
v 0.50125145 -0.18722291 -0.69738543
v 0.51381812 -0.19183211 -0.69489986
v 0.51121365 -0.16373902 -0.70635337
v 0.49919200 -0.17364906 -0.70310377
v 0.52613654 -0.16963487 -0.70322229
v 0.52435557 -0.18426069 -0.69763546
v 0.37615391 -0.08604938 -0.73059552
v 0.38853896 -0.07890345 -0.73310456
v 0.37713685 -0.07036485 -0.73464721
v 0.36172456 -0.07656026 -0.73216426
v 0.36087437 -0.09352901 -0.72766074
v 0.37635284 -0.10235222 -0.72610860
v 0.39276527 -0.09388764 -0.72928102
v 0.39063943 -0.11113960 -0.72427261
v 0.40478413 -0.07822066 -0.73390365
v 0.40483659 -0.10688177 -0.72610588
v 0.40830609 -0.09374983 -0.72996280
v 0.15274009 -0.13081960 -0.69760159
v 0.15229169 -0.12046256 -0.70103518
v 0.14361420 -0.12050323 -0.70006588
v 0.13908539 -0.13006180 -0.69633472
v 0.14227480 -0.14373505 -0.69190569
v 0.16268909 -0.11851718 -0.70269914
v 0.17190999 -0.13740088 -0.69740288
v 0.15703938 -0.14466481 -0.69328521
v 0.27803352 0.20153377 -0.73933553
v 0.28741722 0.20524130 -0.73594917
v 0.27686166 0.21269223 -0.73541501
v 0.28515628 0.19553694 -0.73994151
v 0.27471973 0.18952126 -0.74308627
v 0.26534753 0.20420761 -0.74062345
v 0.28938109 0.21813521 -0.72853833
v 0.27541698 0.22429948 -0.73053681
v 0.26391697 0.22074140 -0.73512330
v 0.29568816 0.19581268 -0.73769101
v 0.29774854 0.20584588 -0.73279686
v 0.11390787 0.00408864 -0.73117136
v 0.12785061 0.01006921 -0.73376517
v 0.11859638 0.01995638 -0.73512448
v 0.12984527 -0.00484429 -0.73057909
v 0.10447264 0.01740753 -0.73332678
v 0.11634553 -0.01071730 -0.72796538
v 0.09936876 0.00590200 -0.73023909
v 0.10088403 -0.00929605 -0.72678566
v 0.14133402 0.00731697 -0.73429777
v 0.13544287 0.02377358 -0.73730262
v 0.12033281 0.03607603 -0.73863149
v 0.10909708 0.02833985 -0.73613175
v 0.50003910 -0.10762952 -0.72534526
v 0.51355472 -0.11522666 -0.72220897
v 0.48657704 -0.10470543 -0.72691853
v 0.47450819 -0.10811736 -0.72638858
v 0.46971964 -0.12303863 -0.72208082
v 0.51267463 -0.10347246 -0.72552865
v 0.50601886 -0.09590792 -0.72799751
v 0.49228668 -0.09242174 -0.72975508
v 0.35053929 0.07589595 -0.75370774
v 0.33821613 0.08498051 -0.75357684
v 0.32567231 0.07879755 -0.75327650
v 0.41196971 -0.35812297 -0.56842528
v 0.42676601 -0.35662259 -0.57248605
v 0.41809913 -0.35001909 -0.57816056
v 0.39854474 -0.35952487 -0.56470973
v 0.40513124 -0.36731106 -0.55689036
v 0.42513914 -0.36607486 -0.56181212
v 0.40888668 -0.34749686 -0.57943012
v 0.39670179 -0.34919580 -0.57580857
v 0.41588272 -0.36865937 -0.55722701
v 0.42770695 -0.34655771 -0.58319217
v 0.41534823 -0.34160176 -0.58649880
v 0.43731717 -0.36466287 -0.56547415
v 0.44014445 -0.35429869 -0.57706308
v 0.50999509 -0.31891336 -0.61767286
v 0.50328825 -0.33067080 -0.60767231
v 0.52168798 -0.33022884 -0.60976724
v 0.52499386 -0.31757504 -0.61988900
v 0.51673293 -0.30556098 -0.62810602
v 0.49949038 -0.30845386 -0.62489944
v 0.49354741 -0.32006176 -0.61540507
v 0.51231645 -0.34181286 -0.59915684
v 0.53630821 -0.33425527 -0.60773824
v 0.53582302 -0.32457682 -0.61533681
v 0.52904004 -0.34269554 -0.60002388
v 0.49544017 -0.34132267 -0.59766288
v 0.48648368 -0.33084480 -0.60578272
v 0.53350226 -0.37997323 -0.56116785
v 0.53879136 -0.37394561 -0.56893588
v 0.52624886 -0.37471449 -0.56742152
v 0.52407576 -0.38263471 -0.55674038
v 0.53548971 -0.38628491 -0.55168270
v 0.54347908 -0.38130052 -0.55925879
v 0.55173261 -0.37590697 -0.56617795
v 0.54819570 -0.36547927 -0.57868292
v 0.53004581 -0.36534679 -0.57838184
v 0.51810330 -0.36901479 -0.57333246
v 0.51372654 -0.37655498 -0.56368794
v 0.55451793 -0.21412602 -0.68198113
v 0.56641567 -0.21822403 -0.67887592
v 0.56339924 -0.20616814 -0.68480268
v 0.54984939 -0.20280721 -0.68765273
v 0.53901250 -0.21648930 -0.68187442
v 0.55436233 -0.22567950 -0.67631216
v 0.05578415 0.02490854 -0.73035453
v 0.05163626 0.03992749 -0.73334348
v 0.04114969 0.02921050 -0.72983772
v 0.06788599 0.02160166 -0.73080358
v 0.06625651 0.03444536 -0.73353813
v 0.06164332 0.00946327 -0.72733629
v 0.04636710 0.01406875 -0.72684367
v 0.24840636 0.23353475 -0.73289751
v 0.25595849 0.24539674 -0.72424068
v 0.24522916 0.24849989 -0.72604289
v 0.26556503 0.23404279 -0.72818183
v 0.23430137 0.24692916 -0.72952514
v 0.23057721 0.23366913 -0.73645659
v 0.23893457 0.22265849 -0.73930644
v 0.25016623 0.21374070 -0.74028850
v 0.26752665 0.24345885 -0.72010532
v 0.27912106 0.23289488 -0.72312304
v 0.39125362 0.08997145 -0.75336190
v 0.40283552 0.08156267 -0.75346012
v 0.40392936 0.09624044 -0.75212507
v 0.38082928 0.09692150 -0.75311446
v 0.37885527 0.08484203 -0.75384437
v 0.39049210 0.10400413 -0.75197982
v 0.39022646 0.07603943 -0.75404232
v 0.22789421 -0.00734091 -0.73731681
v 0.22065483 0.00214890 -0.73871806
v 0.21355959 -0.00466277 -0.73688128
v 0.24348110 -0.00164730 -0.73952351
v 0.22965087 0.01027408 -0.74080718
v 0.21625317 -0.01828852 -0.73421371
v 0.23082029 -0.02376860 -0.73413595
v 0.24090477 -0.01503288 -0.73672415
v 0.29017858 0.22834448 -0.72005022
v 0.41943238 -0.39593970 -0.52303908
v 0.41475283 -0.40388991 -0.51047097
v 0.43018472 -0.40406077 -0.51274721
v 0.42053335 -0.38541667 -0.53749622
v 0.41050230 -0.39051310 -0.52903394
v 0.43342213 -0.39335425 -0.52911024
v 0.40613259 -0.39706401 -0.51904905
v 0.40115382 -0.40440147 -0.50706846
v 0.40998518 -0.41064257 -0.49870502
v 0.42119308 -0.40999920 -0.50178796
v 0.44544014 -0.40045553 -0.52086159
v 0.43193871 -0.41339556 -0.49748119
v 0.44447303 -0.40962173 -0.50588834
v 0.10197754 0.23797778 -0.75333012
v 0.09105710 0.23460069 -0.75398910
v 0.11379482 0.23446280 -0.75319813
v 0.09019140 0.22283535 -0.75538387
v 0.07725358 0.22894021 -0.75410587
v 0.22099570 0.04807831 -0.74646876
v 0.20455737 0.04370584 -0.74510606
v 0.37608871 0.01425872 -0.75027581
v 0.38537382 0.00043751 -0.74877682
v 0.39324593 0.01614008 -0.75101654
v 0.38221865 0.02597150 -0.75183182
v 0.35856040 0.01556434 -0.74968381
v 0.36781058 -0.00054412 -0.74790168
v 0.36911011 0.02865038 -0.75162398
v 0.40086325 0.00156623 -0.74946047
v 0.40895826 0.01262613 -0.75090842
v 0.39307077 0.03266101 -0.75262151
v 0.40625244 0.02639653 -0.75217327
v 0.37795871 -0.01418904 -0.74621095
v 0.39597425 -0.01392672 -0.74698952
v 0.49833326 -0.02616068 -0.74157551
v 0.49644773 -0.04258173 -0.73966985
v 0.51986682 -0.00870111 -0.73942851
v 0.50704834 -0.01302186 -0.74156218
v 0.68955462 -0.34066504 -0.33783523
v 0.68154061 -0.34920240 -0.34558789
v 0.68225353 -0.34686594 -0.32610604
v 0.69335372 -0.33495921 -0.32435721
v 0.69760244 -0.33184710 -0.33917503
v 0.69182723 -0.33985820 -0.35540943
v 0.30075395 0.11801002 -0.75245027
v 0.30136960 0.13067643 -0.75154879
v 0.29091055 0.12763478 -0.75175943
v 0.28829323 0.11610265 -0.75240509
v 0.29353819 0.10514944 -0.75272365
v 0.30598366 0.10609006 -0.75294072
v 0.31328935 0.11424831 -0.75268588
v 0.31213728 0.12616219 -0.75187877
v 0.60719312 -0.38997481 -0.51081116
v 0.61817462 -0.38937808 -0.49517254
v 0.61468410 -0.38276744 -0.52523748
v 0.60514139 -0.39509564 -0.49277298
v 0.62822004 -0.38678090 -0.48398751
v 0.61627942 -0.39310563 -0.47717337
v 0.59199496 -0.39299920 -0.51828167
v 0.59604525 -0.39586192 -0.50437003
v 0.59997260 -0.38656769 -0.52928888
v 0.04264184 0.39423755 -0.64453793
v 0.04434700 0.38763780 -0.65501758
v 0.05236233 0.38017109 -0.66287814
v 0.55216415 -0.41078500 -0.48888332
v 0.54307421 -0.41600430 -0.47553891
v 0.55891805 -0.41328867 -0.47157287
v 0.56171309 -0.40583005 -0.50074050
v 0.54529486 -0.40619170 -0.50756210
v 0.56780944 -0.40844304 -0.48465504
v 0.53565565 -0.41270107 -0.49197605
v 0.57742792 -0.40914706 -0.46567255
v 0.56374266 -0.41506057 -0.45439579
v 0.54895081 -0.41818653 -0.45911910
v 0.52804731 -0.41822924 -0.47785174
v 0.53402476 -0.42083797 -0.46281756
v 0.08508190 -0.11073116 -0.69635346
v 0.08243917 -0.12386140 -0.69153631
v 0.09524816 -0.12014559 -0.69441978
v 0.08992101 -0.09649719 -0.70159212
v 0.07467999 -0.10090963 -0.69831520
v 0.07172578 -0.11483027 -0.69327874
v 0.09661651 -0.10848689 -0.69851359
v 0.10776421 -0.13048206 -0.69235398
v 0.10739012 -0.11475999 -0.69770454
v 0.09226253 -0.13292605 -0.68956957
v 0.51294405 0.04032169 -0.73790689
v 0.52069182 0.03030264 -0.73682451
v 0.52207386 0.04206380 -0.73282136
v 0.51356749 0.05109750 -0.73401996
v 0.50425123 0.04857375 -0.73880221
v 0.50381690 0.03777957 -0.74134479
v 0.50938947 0.02871180 -0.74092860
v 0.53118784 0.03151162 -0.73104547
v 0.51613016 0.01750732 -0.73990830
v 0.52883960 0.01882986 -0.73542992
v 0.06180947 0.29360625 -0.73760336
v 0.05238765 0.28443394 -0.74182411
v 0.06789704 0.28091186 -0.74242258
v 0.07837198 0.29344089 -0.73529279
v 0.06349960 0.30628943 -0.73057886
v 0.04681678 0.30125170 -0.73482919
v 0.08344048 0.27529968 -0.74320703
v 0.05881087 0.26807362 -0.74679619
v 0.07264344 0.26844818 -0.74663490
v 0.03614856 0.28797704 -0.74046382
v 0.04265368 0.27280620 -0.74519488
v 0.16022769 -0.16985337 -0.68417574
v 0.14724086 -0.16575952 -0.68430253
v 0.14682976 -0.17874349 -0.67892689
v 0.16068427 -0.18388577 -0.67847912
v 0.17300557 -0.18131983 -0.68098723
v 0.17574996 -0.16728154 -0.68697917
v 0.16618369 -0.15498157 -0.69054994
v 0.15229234 -0.15608226 -0.68859789
v 0.50032177 -0.43845303 -0.37793830
v 0.50618951 -0.43667247 -0.39020052
v 0.49451264 -0.43879090 -0.39354995
v 0.48584661 -0.44115171 -0.38074004
v 0.49263376 -0.44051638 -0.36193506
v 0.51400753 -0.43526189 -0.37918957
v 0.50913855 -0.43681584 -0.36215197
v 0.50508238 -0.43581779 -0.40525679
v 0.51696187 -0.43383200 -0.39494545
v 0.25014854 -0.28810028 -0.62573705
v 0.25585386 -0.29753035 -0.61794595
v 0.26393573 -0.28929659 -0.62542715
v 0.25707085 -0.27912355 -0.63333584
v 0.24215135 -0.27853604 -0.63287375
v 0.24477568 -0.29511726 -0.61959807
v 0.23724764 -0.28851542 -0.62469134
v 0.29031672 -0.32078634 -0.59709717
v 0.30609632 -0.31738186 -0.60117208
v 0.29027763 -0.31165730 -0.60624096
v 0.28125595 -0.31579499 -0.60185545
v 0.27690143 -0.32265710 -0.59470927
v 0.28734393 -0.33079788 -0.58644771
v 0.29938760 -0.32671670 -0.59125165
v 0.27148463 -0.31536536 -0.60191151
v 0.27699881 -0.30863096 -0.60865288
v 0.19018103 -0.25555880 -0.64493171
v 0.01101220 0.04067273 -0.72917466
v 0.02596175 0.03441521 -0.72941041
v 0.02209514 0.05083363 -0.73269710
v -0.00375531 0.04657001 -0.72874080
v -0.00027105 0.03132273 -0.72568196
v 0.00726366 0.05656817 -0.73226098
v 0.01394859 0.02412827 -0.72563770
v 0.01816273 0.06658669 -0.73561994
v 0.00345716 0.07203107 -0.73501106
v -0.00808005 0.06225749 -0.73156120
v 0.10019015 -0.14589271 -0.68581106
v 0.11489167 -0.14387154 -0.68846544
v 0.12588294 -0.13465472 -0.69313135
v 0.11851053 -0.12154081 -0.69676182
v 0.12781924 -0.15259986 -0.68686972
v 0.11272110 -0.15591230 -0.68368538
v 0.10080027 -0.16051888 -0.68030284
v 0.08601135 -0.15500995 -0.68043232
v 0.08698892 -0.14244264 -0.68541525
v 0.12408407 0.34745089 -0.67191454
v 0.11285916 0.35580649 -0.66651500
v 0.13677150 0.33879624 -0.67815089
v 0.11393975 0.34971673 -0.67749154
v 0.12461328 0.33980308 -0.68505050
v 0.44777382 -0.31201802 -0.61801766
v 0.43365662 -0.30880230 -0.61956931
v 0.43366377 -0.31795686 -0.61145921
v 0.44712924 -0.32397272 -0.60753383
v 0.43990983 -0.30299762 -0.62501556
v 0.45274590 -0.29929667 -0.62893940
v 0.46677737 -0.30901630 -0.62211667
v 0.46105338 -0.32116389 -0.61146042
v 0.44827051 -0.33303249 -0.59938485
v 0.45735063 -0.32992063 -0.60336679
v 0.43556922 -0.32925097 -0.60129970
v 0.58804297 -0.40989651 -0.33837721
v 0.59623562 -0.40541960 -0.32278977
v 0.60102336 -0.40399425 -0.34082431
v 0.57654134 -0.41516453 -0.35192707
v 0.57681156 -0.41451680 -0.33334766
v 0.58539941 -0.41038865 -0.32289964
v 0.59158377 -0.40892638 -0.35871202
v 0.56759160 -0.41844940 -0.34184595
v 0.56612950 -0.41848347 -0.32805007
v 0.57642374 -0.41387277 -0.31710123
v 0.12330266 -0.19174634 -0.67016047
v 0.13318911 -0.20340805 -0.66623760
v 0.12246809 0.26728481 -0.74200431
v 0.12708193 0.25587003 -0.74584363
v 0.13653340 0.26363854 -0.74079994
v 0.11651848 0.27922265 -0.73704232
v 0.11060663 0.27061096 -0.74224912
v 0.12800608 0.27530555 -0.73697587
v 0.11499405 0.25853398 -0.74661324
v 0.09910685 0.26364402 -0.74616251
v 0.10775639 0.24807792 -0.75058604
v 0.12192349 0.24539107 -0.74987548
v 0.71507343 -0.32290226 -0.45422354
v 0.71973730 -0.31679218 -0.43978418
v 0.72336782 -0.31413039 -0.45369552
v 0.72230721 -0.31594400 -0.47104188
v 0.71007789 -0.32817326 -0.46931302
v 0.70426942 -0.33363283 -0.45515005
v 0.70885941 -0.32824467 -0.43681676
v 0.72878577 -0.30854093 -0.45963805
v 0.72344052 -0.30988746 -0.42586377
v 0.71617781 -0.31930596 -0.42496972
v 0.22499856 -0.27932365 -0.63110323
v 0.70803144 -0.26726321 -0.61212605
v 0.71910314 -0.26035524 -0.60541897
v 0.71188691 -0.25411858 -0.61594651
v 0.70336225 -0.27931637 -0.60764135
v 0.71508355 -0.27325272 -0.60056779
v 0.69852909 -0.26132820 -0.62273394
v 0.69830503 -0.27306842 -0.61659973
v 0.47070749 -0.42936211 -0.46220590
v 0.46127204 -0.42742345 -0.46934306
v 0.45797763 -0.43153223 -0.45698291
v 0.46963068 -0.42497339 -0.47526093
v 0.48313534 -0.42522549 -0.47225319
v 0.46818375 -0.43402091 -0.44575603
v 0.48380740 -0.43106681 -0.45238287
v 0.45813760 -0.42182845 -0.48314647
v 0.47465694 -0.41959693 -0.48801798
v 0.32485779 -0.18516881 -0.69413395
v 0.31707473 -0.17478404 -0.69796341
v 0.33077647 -0.19620978 -0.68948112
v 0.31164256 -0.18581567 -0.69292360
v 0.31914131 -0.19428399 -0.68967760
v 0.32279335 -0.16344944 -0.70281415
v 0.30934982 -0.16442492 -0.70145061
v 0.30335063 -0.17534193 -0.69664676
v 0.73897049 -0.29592143 -0.47557256
v 0.74575237 -0.28599054 -0.48684820
v 0.74013627 -0.29551228 -0.49366726
v 0.73137091 -0.30622441 -0.48622916
v 0.73189923 -0.30551442 -0.47029005
v 0.73322046 -0.30329119 -0.50258717
v 0.73996605 -0.29455864 -0.50806324
v 0.74611666 -0.28661106 -0.50284710
v 0.46509633 -0.41717827 -0.49382105
v 0.47086715 -0.41193602 -0.50420104
v 0.45680139 -0.41433569 -0.49881993
v 0.44337454 -0.42345330 -0.47869294
v 0.44961397 -0.42779040 -0.46824819
v 0.44449190 -0.41751930 -0.49136581
v 0.45349777 -0.43585225 -0.44175491
v 0.44431625 -0.43263930 -0.45390965
v 0.58749910 -0.06761102 -0.71536141
v 0.58488588 -0.05321922 -0.71695306
v 0.57938926 -0.07400757 -0.71863331
v 0.19740053 0.15783038 -0.75273440
v 0.21405767 0.16461408 -0.75168648
v 0.18018300 0.18129424 -0.75317369
v 0.18277339 0.16558817 -0.75336642
v 0.22077186 0.14997114 -0.75199725
v 0.23048707 0.15819878 -0.75123178
v 0.20923117 0.14978005 -0.75240301
v 0.22786449 0.17354291 -0.75031047
v 0.18320452 0.14973607 -0.75331921
v 0.19749900 0.13960024 -0.75273770
v 0.54806394 -0.38765871 -0.54871347
v 0.55536238 -0.39316432 -0.53684869
v 0.56129341 -0.38666746 -0.54821527
v 0.53918623 -0.39396857 -0.53777181
v 0.55364024 -0.38252849 -0.55674269
v 0.57013610 -0.39131578 -0.53610071
v 0.57644899 -0.38355886 -0.54930953
v 0.56358247 -0.37954665 -0.55961802
v 0.54938458 -0.39950374 -0.52416832
v 0.56368352 -0.39754557 -0.52438235
v -0.01305493 -0.04086173 -0.70541698
v -0.01183881 -0.02913860 -0.70880186
v -0.02313285 -0.04048621 -0.70415054
v -0.01403612 -0.05029628 -0.70253827
v -0.00287275 -0.04313693 -0.70607240
v 0.21563375 0.27584570 -0.71419916
v 0.21248096 0.28471289 -0.70572652
v 0.20070801 0.28741093 -0.70995404
v 0.22421504 0.26663597 -0.71965242
v 0.22785553 0.27019152 -0.71406931
v 0.14673734 -0.00740951 -0.73145616
v 0.15638815 0.00405095 -0.73479458
v 0.16211038 -0.00999373 -0.73211049
v 0.13795765 -0.01935604 -0.72790416
v 0.15316365 -0.02166054 -0.72867137
v 0.16562438 0.01487549 -0.73777225
v 0.15181749 0.01825534 -0.73745742
v 0.17105669 0.00154157 -0.73533319
v 0.37674566 -0.11869807 -0.72128392
v 0.39146458 -0.12684341 -0.71946450
v 0.40154324 -0.11875373 -0.72246088
v 0.37867085 -0.27601440 -0.64272898
v 0.36423157 -0.27830235 -0.64011721
v 0.37225447 -0.28661092 -0.63382066
v 0.36788083 -0.26915780 -0.64739094
v 0.38348376 -0.28598800 -0.63509078
v 0.39433931 -0.28060190 -0.64007306
v 0.38962088 -0.26971830 -0.64817612
v 0.37842484 -0.26138194 -0.65355832
v 0.35637839 -0.27003467 -0.64609644
v 0.36158722 -0.25958598 -0.65395153
v 0.72874146 -0.21593706 -0.61140669
v 0.71970113 -0.20959179 -0.62310616
v 0.71887446 -0.22413838 -0.62056388
v 0.72671272 -0.20152800 -0.61654255
v 0.72596365 -0.22936432 -0.61199328
v 0.73361746 -0.22784479 -0.60280791
v 0.73744476 -0.21692820 -0.59770401
v 0.70795837 -0.21809132 -0.63135558
v 0.71763632 -0.23932962 -0.61702427
v 0.70978484 -0.23230555 -0.62620294
v 0.72000273 -0.19752392 -0.62485993
v 0.71144574 -0.20127376 -0.63198418
v 0.31203570 -0.30594705 -0.61271044
v 0.29945358 -0.30668606 -0.61142557
v 0.30132899 -0.29773553 -0.61984015
v 0.31714800 -0.29426557 -0.62368018
v 0.32039308 -0.31368574 -0.60568690
v 0.32707416 -0.30601040 -0.61349053
v 0.33554589 -0.29683785 -0.62247271
v 0.32903536 -0.28533801 -0.63211753
v 0.30113099 -0.28678719 -0.62937730
v 0.31364806 -0.28051381 -0.63522468
v 0.23726587 0.02621445 -0.74405016
v 0.24686839 0.01341910 -0.74249495
v 0.25153605 0.02686258 -0.74500225
v 0.24403589 0.03931355 -0.74641082
v 0.23154912 0.03887521 -0.74570643
v 0.21972364 0.02910282 -0.74351010
v 0.21150013 0.01047235 -0.73972323
v 0.26068892 0.00293321 -0.74155969
v 0.25865935 0.01684322 -0.74384750
v 0.06744075 -0.08005315 -0.70408211
v 0.06380426 -0.09138878 -0.70005330
v 0.07702741 -0.08726536 -0.70299102
v 0.07863996 -0.07248558 -0.70769072
v 0.06316521 -0.06867774 -0.70697097
v 0.05512287 -0.08052132 -0.70238951
v 0.04627247 -0.06700386 -0.70537307
v 0.04229692 -0.08109366 -0.70057461
v 0.04821516 -0.09460702 -0.69699670
v 0.21852462 -0.03356587 -0.73101692
v 0.20202810 -0.02683907 -0.73126816
v 0.20660461 -0.04345263 -0.72774919
v 0.23391610 -0.03948303 -0.73090151
v 0.22142702 -0.04916439 -0.72760050
v 0.24741135 -0.02863034 -0.73438351
v 0.20485099 -0.01304968 -0.73452744
v 0.06172051 0.37004095 -0.67304551
v 0.07745587 0.36770954 -0.67069881
v 0.33494856 -0.25485344 -0.65577965
v 0.35029782 -0.24733282 -0.66163797
v 0.33329997 -0.24099612 -0.66487265
v 0.31949524 -0.24897115 -0.65892439
v 0.32332379 -0.26209601 -0.65002596
v 0.34745898 -0.26183808 -0.65159175
v 0.33588314 -0.26711209 -0.64707464
v 0.42357001 -0.06993419 -0.73652507
v 0.42456832 -0.05004895 -0.74102528
v 0.40827902 -0.05829237 -0.73886498
v 0.43790710 -0.06005884 -0.73901655
v 0.43845375 -0.07378818 -0.73592403
v 0.00125516 0.08514648 -0.73726218
v 0.01417635 0.08164934 -0.73813339
v 0.00853376 0.09747573 -0.74023175
v -0.01283718 0.07946529 -0.73433665
v -0.00793008 0.09477445 -0.73777019
v 0.00541236 0.36637906 -0.68343378
v 0.01485063 0.35751657 -0.69323348
v 0.02203217 0.36520816 -0.68481135
v 0.00364427 0.35438830 -0.69576353
v 0.01525683 0.37616622 -0.67267570
v 0.00027911 0.37850502 -0.66975827
v 0.01499689 0.34793961 -0.70270735
v 0.02869772 0.35238091 -0.69790263
v 0.03797809 0.36294297 -0.68595140
v 0.03055255 0.37414458 -0.67419126
v 0.65179698 -0.37457069 -0.47150996
v 0.66476414 -0.36614346 -0.46782842
v 0.67125361 -0.36054321 -0.48050783
v 0.63931238 -0.38175259 -0.47662159
v 0.65827434 -0.37127474 -0.45296191
v 0.64297686 -0.38103027 -0.45717495
v 0.36723372 -0.18419648 -0.69676740
v 0.37938962 -0.18975873 -0.69485485
v 0.38020400 -0.17798833 -0.70005781
v 0.36664612 -0.16900514 -0.70310597
v 0.36876954 -0.19770753 -0.69064045
v 0.35460073 -0.19204621 -0.69260692
v 0.38531888 -0.20180452 -0.68937000
v 0.39529967 -0.18637979 -0.69700615
v 0.63939766 -0.14989309 -0.68338354
v 0.64964051 -0.14972409 -0.67891753
v 0.65052591 -0.14116175 -0.67853770
v 0.63757494 -0.13235195 -0.68575995
v 0.62800926 -0.14365733 -0.68948146
v 0.63328749 -0.16787374 -0.68202841
v 0.65022264 -0.16062530 -0.67635138
v 0.62500808 -0.15615016 -0.68824413
v 0.65690515 -0.14997816 -0.67472482
v 0.65213514 -0.12778918 -0.67253528
v 0.04829808 -0.03030503 -0.71591830
v 0.05407127 -0.04151217 -0.71357587
v 0.06169840 -0.02925593 -0.71769480
v 0.05289264 -0.01601578 -0.72013419
v 0.04107553 -0.02188196 -0.71730300
v 0.03607626 -0.03202854 -0.71402790
v 0.04295932 -0.04002739 -0.71268834
v 0.03788053 -0.00896754 -0.72024939
v 0.06138119 -0.00490361 -0.72384163
v 0.05001141 -0.00032286 -0.72375298
v 0.06842571 -0.01574432 -0.72188621
v 0.20750581 -0.19243711 -0.68020875
v 0.20518698 -0.17921205 -0.68551974
v 0.19677894 -0.18927425 -0.68035827
v 0.19887139 -0.20310519 -0.67435381
v 0.21525497 -0.20184828 -0.67685041
v 0.22156221 -0.18805986 -0.68358469
v 0.21153952 -0.21451749 -0.67033001
v 0.22316144 -0.21079274 -0.67349131
v 0.22905182 -0.20159698 -0.67845573
v 0.63522040 -0.38688804 -0.40493246
v 0.62351355 -0.39374080 -0.39672564
v 0.63178200 -0.38882722 -0.38528320
v 0.62121210 -0.39491202 -0.41290302
v 0.65185714 -0.37590985 -0.40180788
v 0.64387373 -0.38148699 -0.42186890
v 0.64270573 -0.38206428 -0.38924824
v 0.63013702 -0.38978946 -0.42545608
v 0.65617494 -0.37318754 -0.42061959
v 0.65096139 -0.37666106 -0.43764602
v 0.63757165 -0.38513463 -0.43975130
v 0.06269840 0.04986253 -0.73656658
v 0.08069154 0.04340694 -0.73680326
v 0.07330694 0.06269744 -0.74013628
v 0.05756016 0.06328471 -0.73890914
v 0.04761921 0.05541247 -0.73632551
v 0.07945555 0.02636745 -0.73298792
v 0.09531053 0.03041354 -0.73534803
v 0.09172419 0.05645078 -0.74040381
v 0.09670387 0.04375385 -0.73828542
v 0.06034791 0.07600783 -0.74163087
v 0.07393352 0.07939544 -0.74337245
v 0.08742413 0.07156721 -0.74295327
v 0.53097955 -0.24270290 -0.66854298
v 0.54205391 -0.23357063 -0.67300627
v 0.52712593 -0.22938445 -0.67588124
v 0.52068047 -0.25115801 -0.66395211
v 0.53382168 -0.25555080 -0.66113238
v 0.54485773 -0.24737120 -0.66543983
v 0.51746119 -0.23914595 -0.67090594
v 0.52113409 -0.21667533 -0.68272459
v 0.51245891 -0.22747944 -0.67739714
v 0.55641142 -0.23924444 -0.66920295
v 0.72786517 -0.30977530 -0.49762620
v 0.72099513 -0.31681074 -0.49254266
v 0.72402792 -0.31207251 -0.50862370
v 0.66753488 -0.36443397 -0.40818938
v 0.66385549 -0.36668235 -0.38664557
v 0.67880394 -0.35576966 -0.42189727
v 0.66574385 -0.36623738 -0.43267202
v 0.67982756 -0.35426757 -0.40320505
v 0.67558562 -0.35729954 -0.38933098
v 0.65229036 -0.37515874 -0.37968673
v 0.66234438 -0.36706226 -0.36705039
v 0.67273697 -0.35895933 -0.37298271
v 0.45547857 0.01715763 -0.74939555
v 0.44351680 0.02445216 -0.75069140
v 0.44303732 0.00954159 -0.74973417
v 0.45457118 0.00146659 -0.74838429
v 0.46884724 0.00849319 -0.74774390
v 0.45513952 0.03274912 -0.74985520
v 0.46742829 0.02593778 -0.74842573
v 0.43080924 0.03276913 -0.75183617
v 0.43180631 0.01690840 -0.75087836
v 0.44408177 0.03753672 -0.75102521
v 0.43187825 0.00439566 -0.74973188
v 0.44004590 -0.00746240 -0.74802481
v 0.40885682 -0.00712618 -0.74843812
v 0.41215766 -0.01906814 -0.74657826
v 0.42225550 -0.00576742 -0.74863329
v 0.41253489 0.00191072 -0.74973676
v 0.42787470 -0.02164647 -0.74622778
v 0.41639532 -0.03540919 -0.74381792
v 0.40083549 -0.03043994 -0.74433934
v 0.42127227 0.00860438 -0.75043214
v 0.56184102 -0.08785342 -0.72139922
v 0.57515602 -0.08331678 -0.71875119
v 0.33431178 0.13730582 -0.74993102
v 0.34626288 0.14159790 -0.74842991
v 0.33760932 0.15073392 -0.74711853
v 0.34624713 0.12794512 -0.75065455
v 0.32045799 0.13647411 -0.75054775
v 0.32856220 0.11946033 -0.75205614
v 0.32636269 0.14704617 -0.74869058
v 0.36029482 0.13737911 -0.74802037
v 0.35239676 0.15393914 -0.74436229
v 0.33922523 0.16394419 -0.74299462
v 0.32623070 0.15936987 -0.74573116
v 0.03186270 -0.04401968 -0.71022076
v 0.02234050 -0.03336715 -0.71197616
v 0.04404626 -0.05113402 -0.70971499
v 0.01496748 -0.04785892 -0.70699051
v 0.03059652 -0.05830412 -0.70596739
v 0.44994333 -0.07871067 -0.73468689
v 0.46085428 -0.08393359 -0.73317100
v 0.46186968 -0.06911838 -0.73661422
v 0.44796208 -0.06731351 -0.73741246
v 0.57504890 -0.36736551 -0.57493585
v 0.56289853 -0.37123459 -0.57133817
v 0.57523830 -0.37541719 -0.56359666
v 0.58626847 -0.36270033 -0.57852305
v 0.57542115 -0.36004080 -0.58382315
v 0.58710002 -0.37092252 -0.56715062
v 0.56392567 -0.36218321 -0.58226277
v 0.71769679 -0.30764147 -0.54854857
v 0.70876082 -0.31421682 -0.55239037
v 0.71435342 -0.31410089 -0.53893252
v 0.72443429 -0.29865709 -0.55247847
v 0.71456363 -0.30529549 -0.56046508
v 0.72454775 -0.30422781 -0.53773920
v 0.01638355 -0.08089608 -0.69721348
v 0.00165503 -0.08627080 -0.69352618
v 0.03150488 -0.08921778 -0.69655141
v 0.53638922 -0.35447749 -0.58976338
v 0.55411579 -0.35425020 -0.59066652
v 0.47987179 -0.19085156 -0.69634015
v 0.46764561 -0.19405953 -0.69488129
v 0.47826676 -0.19928150 -0.69246496
v 0.48985842 -0.19650793 -0.69355505
v 0.48842444 -0.18327532 -0.69947164
v 0.47529613 -0.18139563 -0.70048703
v 0.47078276 -0.20724334 -0.68856994
v 0.48331193 -0.20775852 -0.68826343
v 0.70385518 -0.31520053 -0.30534979
v 0.19443718 0.01213241 -0.73904453
v 0.20036851 -0.00153669 -0.73664391
v 0.18734173 0.02515460 -0.74115545
v 0.17961981 0.01318964 -0.73835359
v 0.18578523 -0.00014909 -0.73597808
v 0.20187257 0.02611335 -0.74208468
v 0.17355775 0.02612019 -0.74051500
v 0.19296065 0.03611042 -0.74340156
v 0.18109969 0.03740548 -0.74299519
v 0.55515552 -0.01567910 -0.72933731
v 0.55717673 -0.00372000 -0.72646675
v 0.54407222 -0.00728153 -0.73267880
v 0.56214975 -0.02933909 -0.72701172
v 0.56369152 -0.01546041 -0.72559099
v 0.47911961 -0.09672488 -0.72936098
v 0.49261959 -0.07551137 -0.73365133
v 0.47602076 -0.08256598 -0.73294298
v 0.50587407 -0.08370881 -0.73083568
v 0.46645769 -0.09578567 -0.72996616
v 0.59062248 -0.28302286 -0.64271339
v 0.59899159 -0.28881815 -0.63876634
v 0.60513908 -0.28160218 -0.64224860
v 0.59894631 -0.26901113 -0.64972431
v 0.58551298 -0.27284360 -0.64894576
v 0.57792541 -0.27954198 -0.64557191
v 0.57564208 -0.29158124 -0.63831420
v 0.59235682 -0.29643197 -0.63446903
v 0.61912588 -0.28320495 -0.63946442
v 0.61522357 -0.27117689 -0.64663689
v 0.60802244 -0.29341534 -0.63490733
v 0.58389566 -0.32363360 -0.61620485
v 0.57139330 -0.32491402 -0.61576518
v 0.58169552 -0.33418611 -0.60774446
v 0.57841695 -0.31387818 -0.62361909
v 0.59543267 -0.32727774 -0.61213303
v 0.59318135 -0.31656638 -0.62068574
v 0.28522855 0.09215545 -0.75239944
v 0.30339524 0.09184324 -0.75286863
v 0.27780625 0.10744585 -0.75237410
v 0.10259353 0.35764108 -0.67216294
v 0.10339377 0.34947835 -0.68320396
v 0.09103005 0.36593234 -0.66636576
v 0.08921666 0.35666753 -0.68000921
v 0.37963047 -0.23336714 -0.67190898
v 0.36930591 -0.24731726 -0.66263899
v 0.38591546 -0.24810685 -0.66303354
v 0.39845389 -0.22679189 -0.67666523
v 0.38328988 -0.21732957 -0.68125083
v 0.36713893 -0.22098616 -0.67850966
v 0.36074953 -0.23407403 -0.67058352
v 0.39411642 -0.23916194 -0.66918746
v 0.37487280 0.10996444 -0.75182073
v 0.36872906 0.09543204 -0.75334194
v 0.37426856 0.12716406 -0.74906194
v 0.36059738 0.12010765 -0.75107682
v 0.36073141 0.10620106 -0.75266377
v 0.38864448 0.11915740 -0.74956942
v 0.45685263 -0.20566792 -0.68927337
v 0.46235606 -0.21767346 -0.68317857
v 0.47633083 -0.21849131 -0.68275685
v 0.45175295 -0.19272052 -0.69543567
v 0.46087017 -0.18092209 -0.70074117
v 0.18075172 0.13508125 -0.75300608
v 0.17634818 0.12299081 -0.75248174
v 0.19027542 0.12289086 -0.75239550
v 0.17121290 0.14347550 -0.75349436
v 0.16656832 0.13121153 -0.75296165
v 0.19990546 0.11483513 -0.75202494
v 0.20540298 0.12462487 -0.75231507
v 0.19189939 0.11055400 -0.75178878
v 0.18052381 0.11148169 -0.75175766
v 0.43334778 0.10536609 -0.74686900
v 0.43055317 0.09142340 -0.74979865
v 0.42514998 0.11461592 -0.74667555
v 0.41842479 0.10362469 -0.74974117
v 0.43462755 0.11860645 -0.74269394
v 0.44407445 0.11742373 -0.73809253
v 0.57682440 -0.09745450 -0.71568780
v 0.58797666 -0.08364126 -0.71385041
v 0.13076903 -0.12056906 -0.69855138
v 0.09453257 0.34632053 -0.68999300
v 0.09189739 0.33596351 -0.70092043
v 0.10503953 0.34003536 -0.69294910
v 0.08228615 0.34794525 -0.69220472
v 0.11300177 0.34349017 -0.68638042
v 0.60906415 -0.10305540 -0.70322839
v 0.61891431 -0.10947854 -0.69770758
v 0.61706020 -0.09505942 -0.69770206
v 0.59963395 -0.11035776 -0.70648846
v 0.61022335 -0.11336681 -0.70198485
v 0.60294327 -0.09054428 -0.70637894
v 0.60159087 -0.10061627 -0.70701177
v 0.60450719 -0.12249754 -0.70279416
v 0.61611755 -0.12182014 -0.69815350
v 0.43651901 -0.38211385 -0.54466233
v 0.42420014 -0.37529391 -0.55087040
v 0.44746242 -0.39071098 -0.53536042
v 0.44509589 -0.37382638 -0.55635905
v 0.43381592 -0.37253737 -0.55591134
v 0.44991087 -0.38229084 -0.54695601
v 0.41204565 -0.37596590 -0.54785128
v 0.40601501 -0.38331788 -0.53762290
v 0.10627506 0.03787054 -0.73788873
v 0.09038823 0.01567775 -0.73162120
v 0.40159456 0.12591513 -0.74682770
v 0.40304756 0.11136337 -0.75002245
v 0.41419551 0.11859246 -0.74743538
v 0.38722096 0.13564215 -0.74553929
v 0.41238253 0.12945137 -0.74432510
v 0.40297010 0.13950011 -0.74139364
v 0.43236032 -0.42783806 -0.46674761
v 0.43108872 -0.43423552 -0.44847694
v 0.44119312 -0.43653872 -0.44078708
v 0.44553433 -0.43979314 -0.42619524
v 0.46383384 -0.43851314 -0.42650578
v 0.26745040 0.13277841 -0.75142329
v 0.28176279 0.13468106 -0.75119859
v 0.27708616 0.14680360 -0.75007658
v 0.27889892 0.12266596 -0.75199887
v 0.25505940 0.12181852 -0.75190364
v 0.26779869 0.11781631 -0.75206161
v 0.26118237 0.14908873 -0.75040371
v 0.25083022 0.13726622 -0.75148372
v 0.27093668 0.16153655 -0.74855594
v 0.25549858 0.16435916 -0.74924075
v 0.24544728 0.15275465 -0.75081591
v 0.24609703 0.26020985 -0.71475107
v 0.23637988 0.25965645 -0.72046467
v 0.24873020 0.25437216 -0.72049283
v 0.23673696 0.26734296 -0.71027071
v 0.59729475 -0.33755652 -0.60287280
v 0.56311518 -0.33563397 -0.60735263
v 0.57421433 -0.34466373 -0.59921735
v 0.58738393 -0.34382211 -0.59859173
v 0.60825532 -0.33068425 -0.60725098
v 0.61120095 -0.33937050 -0.59810346
v 0.60037386 -0.34815224 -0.59147564
v 0.09057919 0.11708128 -0.75011409
v 0.07868786 0.11375584 -0.74908565
v 0.07394487 0.09356299 -0.74578603
v 0.07293407 0.10596025 -0.74761579
v 0.10718330 0.12267810 -0.75139763
v 0.09048969 0.13396095 -0.75207450
v 0.07951155 0.12411221 -0.75044520
v 0.06456606 0.11963801 -0.74882259
v 0.47164000 -0.03430145 -0.74294382
v 0.48293817 -0.04786433 -0.73989910
v 0.48621724 -0.03454763 -0.74185703
v 0.45594718 -0.03987039 -0.74274530
v 0.46729607 -0.05182933 -0.74003157
v 0.48206913 -0.02108652 -0.74396421
v 0.46808556 -0.01793321 -0.74556460
v 0.45908743 -0.02654122 -0.74488493
v 0.47952193 -0.06434999 -0.73684452
v 0.49671239 -0.05876917 -0.73678063
v 0.52736189 -0.12075853 -0.71918016
v 0.52427582 -0.10622058 -0.72357126
v 0.71957170 -0.18042427 -0.62293078
v 0.72367013 -0.19043606 -0.62051355
v 0.72907898 -0.19443298 -0.61273406
v 0.29456554 -0.13432569 -0.71066178
v 0.30538131 -0.14293325 -0.70879547
v 0.31938585 -0.14087939 -0.71059689
v 0.32518073 -0.12975157 -0.71468755
v 0.51327535 -0.26939000 -0.65272337
v 0.52419149 -0.27707564 -0.64786235
v 0.52312473 -0.26340563 -0.65653481
v 0.50851953 -0.27995804 -0.64562209
v 0.49972181 -0.26735960 -0.65381836
v 0.51078209 -0.25892268 -0.65932198
v 0.66679228 -0.15958372 -0.66711576
v 0.65776714 -0.17211897 -0.67037957
v 0.66799162 -0.17659964 -0.66432262
v 0.67663352 -0.16995885 -0.66016579
v 0.68161397 -0.15989687 -0.65617885
v 0.67383017 -0.14901811 -0.66161005
v 0.66325883 -0.14332972 -0.66965015
v 0.67921833 -0.18303215 -0.65697214
v 0.68509197 -0.17240555 -0.65428929
v 0.31441351 -0.15298390 -0.70605014
v 0.30116609 -0.15462943 -0.70439152
v 0.32865237 -0.15157744 -0.70756196
v 0.29404799 -0.14587658 -0.70682219
v 0.29747851 -0.16501952 -0.70021250
v 0.28665076 -0.15612834 -0.70248265
v 0.55872440 -0.25247749 -0.66193430
v 0.54728467 -0.26040203 -0.65794702
v 0.57039556 -0.24435196 -0.66546415
v 0.56830253 -0.23119127 -0.67236550
v 0.23418452 0.09614816 -0.75131081
v 0.24493536 0.08287771 -0.75085188
v 0.24047519 0.06699354 -0.74945268
v 0.51600519 -0.20455108 -0.68894467
v 0.52533569 -0.19654529 -0.69227645
v 0.50342367 -0.20029007 -0.69141112
v 0.42826725 0.07391118 -0.75174275
v 0.44374961 0.06435946 -0.75025388
v 0.58496057 -0.41138977 -0.41695553
v 0.57231634 -0.41577222 -0.42237846
v 0.57680089 -0.41500216 -0.40698022
v 0.59790240 -0.40629782 -0.40711138
v 0.59492686 -0.40670213 -0.42861126
v 0.58699569 -0.41117233 -0.40289901
v 0.58041721 -0.41203122 -0.43356075
v 0.56986488 -0.41787916 -0.39580065
v 0.58163356 -0.41352218 -0.39253719
v 0.56462256 -0.41908866 -0.41108868
v 0.56756057 -0.41600758 -0.43814842
v 0.55937223 -0.41966036 -0.42676443
v 0.35186918 -0.29797223 -0.62253056
v 0.36050888 -0.30790940 -0.61397398
v 0.36839351 -0.29767502 -0.62398505
v 0.35869902 -0.28805222 -0.63171382
v 0.34400707 -0.30893623 -0.61176808
v 0.34413181 -0.28769816 -0.63107267
v 0.33285546 -0.31618201 -0.60394356
v 0.34428416 -0.31932905 -0.60156828
v 0.35572934 -0.31795650 -0.60382109
v 0.37972184 0.03877572 -0.75285880
v 0.37755583 0.05410494 -0.75368665
v 0.52276696 -0.15520994 -0.70866552
v 0.48503859 -0.17057021 -0.70478001
v 0.06087784 -0.10495102 -0.69522873
v 0.08830831 -0.08262973 -0.70576912
v 0.10263746 -0.08532719 -0.70655731
v 0.10545501 -0.10094366 -0.70199522
v 0.41309452 0.07225553 -0.75336429
v 0.41926061 0.06122740 -0.75322412
v 0.43026308 0.05893239 -0.75223898
v 0.41644322 0.08658246 -0.75207432
v 0.40124375 0.06818927 -0.75404427
v 0.40948392 0.06208916 -0.75388885
v 0.00652294 0.17488370 -0.74665520
v -0.00737921 0.16982410 -0.74458594
v 0.00259873 0.15703510 -0.74564204
v 0.01664486 0.18667776 -0.74828851
v 0.00141493 0.19224256 -0.74591730
v -0.00563422 0.18116693 -0.74491446
v 0.01782802 0.16244759 -0.74795607
v 0.02025217 0.17462114 -0.74869567
v 0.03061566 0.16748409 -0.74988298
v 0.01697438 0.14735712 -0.74703468
v 0.03022645 0.15311137 -0.74905466
v 0.42185987 0.04712209 -0.75285873
v 0.41172397 0.05351986 -0.75365571
v 0.43741096 0.04831266 -0.75161746
v 0.40608259 0.04220891 -0.75325131
v 0.41690417 0.03389356 -0.75255140
v 0.49817701 -0.42264841 -0.47667164
v 0.48903049 -0.41991044 -0.48603420
v 0.49574326 -0.42720062 -0.46278235
v 0.51293026 -0.42082268 -0.47694330
v 0.50232643 -0.41654544 -0.49214534
v 0.50554702 -0.42479714 -0.46752879
v 0.04991653 0.09063368 -0.74329223
v 0.06201545 0.10121542 -0.74605205
v 0.04769563 0.10975793 -0.74604956
v 0.04468500 0.07281323 -0.73957584
v 0.06383060 0.08802145 -0.74410049
v 0.03648821 0.08643640 -0.74135533
v 0.03496032 0.10033010 -0.74349382
v 0.24050681 -0.20371567 -0.67862541
v 0.24785191 -0.21206615 -0.67521615
v 0.26176512 -0.21032706 -0.67722109
v 0.27641495 -0.20760353 -0.67976956
v 0.28123694 -0.19208872 -0.68750617
v 0.32259863 0.19296480 -0.73177947
v 0.30471720 0.21004551 -0.72692749
v 0.30934212 0.19709892 -0.73337787
v 0.33128683 0.18407991 -0.73494511
v 0.31826308 0.18404316 -0.73783706
v 0.40161142 0.05572826 -0.75396290
v 0.53440553 -0.18985570 -0.69469096
v 0.53408422 -0.17950222 -0.69894460
v 0.53645180 -0.20122866 -0.68945293
v 0.52748063 -0.20720697 -0.68716762
v 0.21086694 0.11180922 -0.75183862
v 0.29488736 0.14343156 -0.75003884
v 0.28655142 0.15948726 -0.74793726
v 0.23466926 -0.21249025 -0.67380664
v 0.22551809 -0.22314974 -0.66733754
v 0.02650678 0.40845754 -0.62430250
v 0.01630384 0.40935874 -0.62859811
v 0.02679022 0.40096822 -0.63841552
v 0.01365961 0.41579342 -0.61726295
v 0.50513337 -0.21458188 -0.68431955
v 0.69759930 -0.23373078 -0.63446434
v 0.69469008 -0.21964075 -0.64059306
v 0.68390395 -0.23983466 -0.64048827
v 0.69080302 -0.25011315 -0.63251560
v 0.70470269 -0.24542576 -0.62535601
v 0.68865033 -0.22923425 -0.64181202
v -0.02420074 0.06673244 -0.73030407
v 0.30289485 -0.22821359 -0.67074286
v 0.29667289 -0.24085343 -0.66285177
v 0.30863645 -0.24068755 -0.66369035
v 0.28841307 -0.21777572 -0.67550325
v 0.28660963 -0.23159309 -0.66771221
v 0.31887607 -0.23460577 -0.66802493
v 0.30316679 -0.21072117 -0.68033005
v 0.31769780 -0.22072214 -0.67602509
v 0.28896693 -0.20543390 -0.68193077
v 0.27240327 -0.22272411 -0.67160554
v 0.29576571 -0.19866551 -0.68578790
v 0.36652106 -0.04514335 -0.73975656
v 0.37821296 -0.03948250 -0.74161496
v 0.36828072 -0.02836296 -0.74318557
v 0.35368629 -0.03721731 -0.74055513
v 0.35453419 -0.05096375 -0.73773902
v 0.36428712 -0.06037242 -0.73624598
v 0.38051842 -0.05375405 -0.73870378
v 0.09368921 -0.02702214 -0.72169361
v 0.08574553 -0.04412201 -0.71643333
v 0.10285403 -0.04121541 -0.71903477
v 0.11231638 -0.02563255 -0.72393958
v 0.08346463 -0.01349853 -0.72401438
v 0.07700284 -0.02872111 -0.71950126
v 0.22728331 0.21967707 -0.74192521
v 0.23731994 0.21201316 -0.74287645
v 0.45723396 -0.44772018 -0.33159019
v 0.46808662 -0.44575342 -0.34044946
v 0.45529745 -0.44765320 -0.34651389
v 0.44159262 -0.44949667 -0.34101103
v 0.47132308 -0.44532002 -0.32160887
v 0.45947846 -0.44752743 -0.31768890
v 0.46292815 -0.44598904 -0.35948958
v 0.44703791 -0.44809369 -0.35952233
v 0.48240602 -0.44307111 -0.33228295
v 0.47959308 -0.44337695 -0.35073292
v 0.49236463 -0.24305668 -0.66887230
v 0.50783974 -0.24732209 -0.66635492
v 0.50570183 -0.23699046 -0.67233245
v 0.49829088 -0.22819451 -0.67727680
v 0.47743614 -0.25037684 -0.66442423
v 0.48834052 -0.25771660 -0.65989681
v 0.49986365 -0.25486470 -0.66179165
v 0.47730279 -0.23958502 -0.67097197
v 0.48371262 -0.22960859 -0.67665644
v 0.49022158 -0.21765563 -0.68308138
v 0.49440919 -0.20732390 -0.68829377
v 0.45491126 -0.44203028 -0.41110691
v 0.44128317 -0.44324822 -0.40965914
v 0.44952417 -0.44429870 -0.39940970
v 0.46240649 -0.44345747 -0.39516587
v 0.46757773 -0.44105923 -0.40957617
v 0.74349895 -0.23188970 -0.58490777
v 0.74343482 -0.24304806 -0.58108483
v 0.74723662 -0.23604221 -0.57404354
v 0.74234068 -0.22294083 -0.58824181
v 0.73981422 -0.22735003 -0.59372618
v 0.73699557 -0.23897233 -0.59393854
v 0.40294638 -0.29842213 -0.62597150
v 0.40722807 -0.30548355 -0.62012172
v 0.41425194 -0.29879302 -0.62648683
v 0.40596412 -0.28969775 -0.63348362
v 0.39566757 -0.30479795 -0.61971373
v 0.39207286 -0.29348316 -0.62935259
v 0.02850624 0.07675304 -0.73875788
v 0.02419144 0.09135758 -0.74096929
v 0.00962994 0.11594504 -0.74305455
v -0.00461781 0.10813582 -0.74031272
v 0.02153887 0.10481971 -0.74283565
v 0.11565416 0.10727857 -0.74993156
v 0.12231860 0.09395572 -0.74847712
v 0.12229884 0.11878659 -0.75145794
v 0.13026043 0.10720935 -0.75039992
v 0.12070669 -0.10775606 -0.70155705
v 0.13664356 -0.10926398 -0.70289765
v 0.58393563 -0.35318174 -0.58974817
v 0.59605464 -0.35747319 -0.58225483
v 0.60933168 -0.35632410 -0.57892343
v 0.61767612 -0.34708545 -0.58704847
v 0.56866560 -0.35361187 -0.59114883
v 0.48131730 0.04760817 -0.74496877
v 0.46689298 0.04168786 -0.74809370
v 0.47667539 0.03424853 -0.74705923
v 0.49450174 0.04222046 -0.74289663
v 0.49368004 0.05550444 -0.74030836
v 0.46736933 0.05952149 -0.74635509
v 0.48269645 0.06381623 -0.74168823
v 0.48612477 0.03463486 -0.74547321
v 0.46678738 -0.44603201 -0.30580851
v 0.29855197 -0.03531834 -0.73689329
v 0.28550707 -0.03753502 -0.73541881
v 0.29727473 -0.05047631 -0.73343741
v 0.30687394 -0.02544841 -0.73954622
v 0.29045124 -0.02225055 -0.73896661
v 0.31246293 -0.04152309 -0.73662101
v 0.15818976 -0.08415203 -0.71274877
v 0.15826297 -0.10040336 -0.70790777
v 0.17209913 -0.09098185 -0.71208655
v 0.14517561 -0.08889099 -0.71005392
v 0.14672072 -0.07472943 -0.71432445
v 0.15781365 -0.07237664 -0.71607503
v 0.16887939 -0.07681203 -0.71585723
v 0.17520417 -0.10686498 -0.70762881
v 0.14415034 -0.10094687 -0.70631427
v 0.14971408 -0.11173613 -0.70354310
v 0.33914048 0.17498775 -0.73831700
v 0.35010644 0.16908802 -0.73859496
v 0.32807444 0.17310327 -0.74101159
v 0.34468782 0.18136605 -0.73180486
v 0.01967512 0.28960155 -0.73895625
v 0.02724627 0.27553024 -0.74355667
v 0.04733701 0.25789874 -0.74851436
v 0.03366147 0.26143276 -0.74688919
v 0.14825916 0.26933997 -0.73573001
v 0.15212630 0.25447136 -0.74156087
v 0.16365909 0.26679642 -0.73366998
v 0.15011727 0.28272424 -0.72786262
v 0.13792044 0.27807800 -0.73331330
v 0.65405126 -0.23800772 -0.65290724
v 0.65085389 -0.25379514 -0.64788325
v 0.66207001 -0.24967262 -0.64598923
v 0.64606636 -0.22338419 -0.66069868
v 0.63613835 -0.23565074 -0.65887989
v 0.67060557 -0.24015064 -0.64639898
v 0.66852588 -0.22763509 -0.65150240
v 0.63915669 -0.24930114 -0.65264446
v 0.65866838 -0.22287132 -0.65668032
v 0.67451325 -0.25390019 -0.63913420
v 0.65972656 -0.26115569 -0.64171291
v 0.64866003 -0.26390049 -0.64395678
v 0.64118206 -0.25964673 -0.64785648
v 0.12573048 0.28756868 -0.73021037
v 0.13154784 0.29883867 -0.72126328
v 0.11531376 0.30148257 -0.72304534
v 0.13780364 0.28863958 -0.72699183
v 0.11222383 0.28991011 -0.73157556
v 0.14308832 0.29456340 -0.72182558
v -0.01906994 0.05148622 -0.72783390
v 0.16174862 -0.20680277 -0.66828324
v 0.14715911 -0.20403260 -0.66781759
v 0.15240450 -0.21581565 -0.66280277
v 0.18012370 -0.20996796 -0.66885157
v 0.16906725 -0.19498637 -0.67459737
v 0.15421322 -0.19355941 -0.67346721
v 0.16659967 -0.22100071 -0.66184296
v 0.14127687 -0.21200393 -0.66327273
v 0.13922297 -0.19180156 -0.67231942
v -0.00958622 -0.07711487 -0.69495593
v -0.02512716 -0.07495043 -0.69350167
v -0.03192672 -0.05539110 -0.69854712
v -0.01308285 -0.06442949 -0.69841484
v 0.00200732 -0.07181876 -0.69816523
v 0.05330366 0.15120908 -0.75144381
v 0.06598751 0.14978927 -0.75234661
v 0.05747749 0.16408306 -0.75270637
v 0.04287817 0.15912175 -0.75092997
v 0.04318679 0.14456279 -0.74982839
v 0.05753197 0.13820712 -0.75051826
v 0.06783731 0.17262748 -0.75411821
v 0.05633187 0.18067691 -0.75330530
v 0.07369910 0.16118491 -0.75381410
v 0.04309255 0.17376114 -0.75164471
v 0.08118835 0.14818515 -0.75313768
v 0.07318554 0.13571013 -0.75138884
v 0.22355664 -0.06199562 -0.72462602
v 0.23642592 -0.05654147 -0.72708938
v 0.23133125 -0.06910567 -0.72351515
v 0.20913249 -0.05973991 -0.72392361
v 0.21904650 -0.07526739 -0.72076794
v 0.24866303 -0.04515729 -0.73081592
v 0.24313965 -0.07083901 -0.72411032
v 0.25258232 -0.05998323 -0.72761919
v 0.70274776 -0.32254374 -0.32590740
v 0.69727440 -0.32810948 -0.30886287
v 0.70768236 -0.31104764 -0.32348592
v 0.70907043 -0.31403256 -0.33987266
v 0.70439610 -0.32352594 -0.34215073
v 0.70101429 -0.32928428 -0.35133683
v 0.70792486 -0.32025116 -0.35622807
v 0.32910820 -0.06486988 -0.73268454
v 0.34587295 -0.06437956 -0.73403581
v 0.33367818 -0.05467493 -0.73540390
v 0.33482098 -0.07567870 -0.73050343
v 0.32210823 -0.05378915 -0.73469566
v 0.31760969 -0.06351232 -0.73208225
v 0.32048101 -0.07648097 -0.72915090
v 0.34650371 -0.08346351 -0.72936812
v 0.34253166 -0.04703198 -0.73773349
v 0.54729074 0.00565510 -0.72972711
v 0.53658028 0.00657704 -0.73420839
v 0.53139504 -0.00417768 -0.73672634
v 0.46004621 -0.13288494 -0.71913378
v 0.46998524 -0.13556284 -0.71812804
v 0.45815973 -0.10974157 -0.72619804
v 0.45640431 -0.12306245 -0.72226592
v 0.46274655 -0.14360595 -0.71545310
v 0.45269446 -0.14038432 -0.71660867
v 0.44825142 -0.13085146 -0.71975715
v 0.01169643 0.27711087 -0.74139362
v 0.00575854 0.28960360 -0.73724350
v -0.00589343 0.27979945 -0.73748503
v 0.00395819 0.26420706 -0.74252592
v 0.01918107 0.26311587 -0.74500583
v 0.01178576 0.25064134 -0.74547739
v 0.02623974 0.24925452 -0.74756799
v 0.27581157 -0.25070926 -0.65510413
v 0.26157726 -0.24265058 -0.65925511
v 0.25902454 -0.25666837 -0.64989881
v 0.29162589 -0.25128989 -0.65580061
v 0.28499009 -0.24241934 -0.66113395
v 0.27407968 -0.23708686 -0.66358083
v 0.27317547 -0.26223143 -0.64704369
v 0.28639727 -0.26182382 -0.64812082
v 0.36090703 -0.11079663 -0.72274470
v 0.34367678 -0.10112207 -0.72442045
v 0.36247740 -0.12913641 -0.71717734
v 0.34489133 -0.11978197 -0.71907598
v 0.33210178 -0.08828654 -0.72707360
v 0.32875109 -0.09984102 -0.72374740
v 0.33134106 -0.11122446 -0.72073140
v 0.68391939 -0.26450550 -0.62983423
v 0.69018972 -0.27233133 -0.62241934
v 0.68999756 -0.28322508 -0.61480747
v 0.00441185 0.41340639 -0.62494969
v 0.69729301 -0.29100790 -0.60251377
v 0.70252171 -0.29856156 -0.58875402
v 0.70945319 -0.28583225 -0.59540717
v 0.68477284 -0.29624367 -0.60724254
v 0.69181311 -0.30064785 -0.59745787
v 0.71528776 -0.29123815 -0.58178042
v 0.72093721 -0.27932962 -0.58777761
v 0.69161524 -0.30848852 -0.58765404
v 0.70984586 -0.30206592 -0.57425200
v 0.70015350 -0.30805078 -0.57855016
v 0.21690307 -0.26417598 -0.64153512
v 0.20447591 -0.25321944 -0.64775589
v 0.23392912 -0.26753482 -0.64050229
v 0.22851562 -0.25732025 -0.64722871
v 0.21843940 -0.25010647 -0.65101521
v 0.53941552 -0.42262942 -0.44660402
v 0.52225630 -0.42233181 -0.46652405
v 0.52175697 -0.42587418 -0.45036776
v 0.70411710 -0.33076438 -0.39964065
v 0.70024054 -0.33340701 -0.38379978
v 0.70826746 -0.32484452 -0.38899129
v 0.71125222 -0.32246643 -0.39981523
v 0.70854607 -0.32704047 -0.41532087
v 0.69837957 -0.33757894 -0.41219372
v 0.69607596 -0.33902066 -0.39833856
v 0.70093253 -0.33081183 -0.36541831
v 0.70831837 -0.32257019 -0.37492024
v 0.68795324 -0.34613824 -0.38785148
v 0.69383969 -0.33932716 -0.37250027
v 0.71481026 -0.31535242 -0.38807927
v 0.33174616 -0.12173837 -0.71767717
v 0.33653715 -0.12915660 -0.71568749
v 0.53808811 -0.42663666 -0.41730973
v 0.55169761 -0.42295985 -0.41466693
v 0.54575117 -0.42322521 -0.43041270
v 0.54459994 -0.42587647 -0.40207092
v 0.53003059 -0.42995055 -0.40250933
v 0.52447073 -0.42996306 -0.41970540
v 0.53148400 -0.42655831 -0.43311693
v 0.24191317 -0.22320331 -0.66889260
v 0.23637737 -0.23508094 -0.66172957
v 0.25095997 -0.23353106 -0.66391083
v 0.25633362 -0.22236262 -0.67058422
v 0.21009807 -0.22802933 -0.66313867
v 0.22156475 -0.23744507 -0.65898370
v 0.17728559 -0.01208455 -0.73278030
v 0.16860517 -0.02398918 -0.72938088
v 0.19236762 -0.01337495 -0.73357447
v 0.18445457 -0.02578863 -0.73018811
v 0.61605859 -0.36320736 -0.56613087
v 0.60960847 -0.36974682 -0.55968538
v 0.62015340 -0.36921796 -0.55343218
v 0.63118781 -0.36170731 -0.55813695
v 0.60055266 -0.36538129 -0.57029806
v 0.62498690 -0.35447307 -0.57374966
v 0.59928705 -0.37470885 -0.55612072
v 0.61157798 -0.37416550 -0.55019451
v 0.63692932 -0.29488861 -0.62882494
v 0.65671992 -0.30940677 -0.61028648
v 0.66039929 -0.29673143 -0.61951061
v 0.64913312 -0.28952340 -0.62875275
v 0.71231122 -0.31104122 -0.35351983
v 0.71381696 -0.31141193 -0.36908207
v 0.71774802 -0.30660535 -0.38246656
v 0.39102475 -0.17248467 -0.70282253
v 0.41037366 -0.18214254 -0.69948586
v 0.40342355 -0.17248460 -0.70329678
v 0.40056903 -0.19978849 -0.69102709
v 0.41121918 -0.19303181 -0.69460409
v 0.38115293 -0.16520780 -0.70534140
v 0.39442737 -0.15947613 -0.70809786
v 0.10318252 0.06739002 -0.74328156
v 0.27189179 0.03863560 -0.74778502
v 0.26449639 0.02697258 -0.74578387
v 0.27734963 0.02600534 -0.74638531
v 0.28047247 0.05014460 -0.74955151
v 0.26593513 0.05251936 -0.74908715
v 0.28565219 0.03717167 -0.74832948
v 0.25800166 0.03946152 -0.74715753
v 0.57516212 -0.41355877 -0.30320640
v 0.58896938 -0.40748163 -0.30329580
v 0.56545294 -0.41796178 -0.31215531
v 0.60484232 -0.40024762 -0.30707932
v 0.56392968 -0.18577059 -0.69328615
v 0.57980752 -0.18113517 -0.69248480
v 0.55376093 -0.17817015 -0.69753026
v 0.54237567 -0.17023189 -0.70168595
v -0.00584848 0.29720263 -0.73241241
v 0.71395278 -0.18665628 -0.63056086
v 0.61860940 -0.33274344 -0.60294709
v 0.62494745 -0.33802670 -0.59501932
v 0.63011362 -0.32800688 -0.60362348
v 0.61827864 -0.32607248 -0.60916351
v 0.29317376 -0.08821833 -0.72385360
v 0.28101411 -0.09325612 -0.72144216
v 0.28204016 -0.12667636 -0.71189066
v 0.26352570 -0.10900197 -0.71544931
v 0.27035298 -0.12062216 -0.71264566
v 0.27014359 -0.09820069 -0.71913517
v 0.26506455 0.17640605 -0.74680912
v 0.28036112 0.17393948 -0.74578454
v 0.45300943 0.04952613 -0.74975396
v 0.41939685 0.02176848 -0.75164894
v 0.59807164 -0.13249394 -0.70280953
v 0.59161894 -0.12319825 -0.70663990
v 0.58766557 -0.15420862 -0.69979847
v 0.59931922 -0.14452527 -0.69944502
v 0.58507288 -0.11105738 -0.71091984
v 0.57207490 -0.11199521 -0.71406349
v 0.41094330 -0.26625997 -0.65180505
v 0.39624950 -0.25969909 -0.65574090
v 0.40023335 -0.27092449 -0.64787895
v 0.40990548 -0.27838191 -0.64271156
v 0.42559075 -0.27414931 -0.64671514
v 0.41027762 -0.25370445 -0.66049682
v 0.42374741 -0.26060123 -0.65634364
v 0.69284533 -0.16833220 -0.64775460
v 0.70298687 -0.17718570 -0.64001520
v 0.70042921 -0.16529879 -0.63978787
v 0.69235985 -0.18285428 -0.64841263
v 0.71026403 -0.17255186 -0.63116388
v 0.70305156 -0.19134787 -0.63986048
v 0.15976285 -0.03580997 -0.72579384
v 0.14445230 -0.03342346 -0.72504641
v 0.15139019 -0.04571312 -0.72256628
v 0.16621835 -0.05190830 -0.72227422
v 0.17558298 -0.03817713 -0.72652749
v 0.61001975 -0.24373217 -0.66083330
v 0.59604107 -0.24001326 -0.66473616
v 0.59792327 -0.25370750 -0.65775993
v 0.61248745 -0.25769536 -0.65379031
v 0.62455377 -0.24688257 -0.65678186
v 0.60762141 -0.23028717 -0.66735433
v 0.62143444 -0.23331428 -0.66330076
v 0.63169142 -0.18516114 -0.67785279
v 0.64283572 -0.19320399 -0.67151071
v 0.64558317 -0.17762045 -0.67463931
v 0.62977584 -0.20008252 -0.67378322
v 0.61820081 -0.19322171 -0.67948905
v 0.62008303 -0.17857874 -0.68377332
v 0.65179692 -0.20016712 -0.66618345
v 0.65696078 -0.18691548 -0.66751065
v 0.64073807 -0.20903700 -0.66729964
v 0.03882925 0.24924946 -0.74903299
v 0.12917616 0.14804942 -0.75411706
v 0.14118953 0.15514228 -0.75443966
v 0.12443649 0.16277853 -0.75500179
v 0.11788273 0.14894271 -0.75414584
v 0.12262588 0.13444057 -0.75296366
v 0.13932827 0.13865908 -0.75343890
v 0.14182366 0.17360192 -0.75512775
v 0.11106650 0.17216870 -0.75560823
v 0.10591443 0.15794874 -0.75469128
v 0.15568651 0.16280184 -0.75446598
v 0.15635728 0.14490294 -0.75373067
v 0.58253570 -0.19584201 -0.68655072
v 0.57799355 -0.20800308 -0.68210420
v 0.58985308 -0.20216195 -0.68272519
v 0.59320932 -0.19070305 -0.68650974
v 0.57139748 -0.19579984 -0.68823595
v 0.55600837 -0.42255359 -0.34053928
v 0.54603066 -0.42621792 -0.35753858
v 0.54004433 -0.42774462 -0.33709111
v 0.56188016 -0.42080975 -0.35530020
v 0.55396731 -0.42265305 -0.32324038
v 0.52584086 -0.43229625 -0.34272886
v 0.52541501 -0.43187555 -0.32501178
v 0.53152656 -0.43078020 -0.35431767
v 0.54152807 -0.42653367 -0.31589251
v 0.55556218 -0.42314959 -0.37145989
v 0.54247731 -0.42736308 -0.37622861
v 0.53433695 -0.42995156 -0.36758653
v 0.71775519 -0.31476160 -0.40838939
v 0.53585560 -0.31578443 -0.62194954
v 0.54064810 -0.30829629 -0.62746531
v 0.52998016 -0.30937252 -0.62622836
v 0.54794789 -0.31825488 -0.62058777
v 0.54812605 -0.33026471 -0.61150455
v 0.12501114 0.31369075 -0.71111858
v 0.14176151 0.30530684 -0.71406199
v 0.15370364 0.29561526 -0.71865395
v 0.23538482 0.05177165 -0.74761887
v 0.25039523 0.05321448 -0.74844527
v 0.54214619 -0.29068082 -0.63934331
v 0.54493014 -0.29981873 -0.63335825
v 0.55676599 -0.29388485 -0.63725973
v 0.55004385 -0.28351757 -0.64394753
v 0.53872376 -0.28004122 -0.64615238
v 0.53108486 -0.28752519 -0.64120545
v 0.53197276 -0.29893203 -0.63355080
v 0.56355228 -0.27966109 -0.64601157
v 0.54938927 -0.27296300 -0.65044448
v 0.31084437 0.07602670 -0.75268470
v 0.29185964 0.07485951 -0.75192297
v 0.30410489 0.05998935 -0.75150163
v 0.31730424 0.08773871 -0.75323600
v 0.32323363 -0.32298889 -0.59637054
v 0.33758351 -0.32602413 -0.59416248
v 0.02995340 0.18131029 -0.75017431
v 0.02757857 0.19542968 -0.74991749
v 0.01421417 0.20122718 -0.74785003
v 0.04198327 0.18939657 -0.75181876
v 0.69098731 -0.34521561 -0.42510586
v 0.70066077 -0.33604703 -0.42640070
v 0.68309634 -0.35255000 -0.43890545
v 0.68877822 -0.34654232 -0.40818877
v 0.69559576 -0.34144565 -0.44256385
v 0.51899433 -0.29061878 -0.63870535
v 0.50182630 -0.29411084 -0.63556252
v 0.20690551 -0.16506394 -0.69131239
v 0.21909693 -0.17211476 -0.68986556
v 0.21692718 -0.16082351 -0.69399287
v 0.19520232 -0.15610542 -0.69338613
v 0.19643243 -0.16872556 -0.68876486
v 0.20883038 -0.15281192 -0.69605462
v 0.13585719 -0.16662248 -0.68250845
v 0.12185108 -0.16637914 -0.68077076
v 0.14108836 -0.15701627 -0.68692389
v 0.13017316 -0.17890243 -0.67670238
v 0.38533450 -0.02807501 -0.74414161
v 0.36459140 -0.01414126 -0.74557273
v 0.55350428 -0.30684423 -0.62871975
v 0.37128354 -0.35399078 -0.56697689
v 0.37769095 -0.36452620 -0.55567753
v 0.38624991 -0.35668221 -0.56601446
v 0.38054961 -0.34645004 -0.57658444
v 0.36754436 -0.34469912 -0.57689248
v 0.61638552 -0.39727004 -0.37907107
v 0.61205724 -0.39973517 -0.40090902
v 0.60915699 -0.39789550 -0.46416047
v 0.62054440 -0.39325022 -0.45878519
v 0.60128640 -0.39937372 -0.47695323
v 0.59638604 -0.40339713 -0.46008706
v 0.61054281 -0.39876272 -0.44755174
v 0.55744736 -0.42200544 -0.39922890
v 0.55415898 -0.41941392 -0.44276915
v 0.50558164 -0.07077187 -0.73365855
v 0.70319099 -0.32271222 -0.54196433
v 0.70394031 -0.31181000 -0.56636572
v 0.69726340 -0.32141782 -0.55732269
v 0.70970754 -0.32156273 -0.52742236
v 0.72039885 -0.31224598 -0.52497531
v 0.58416513 -0.24903914 -0.66172600
v 0.58560832 -0.26208597 -0.65477368
v 0.59395048 -0.22664473 -0.67130712
v 0.58221233 -0.23582164 -0.66857164
v 0.58729296 -0.40826511 -0.44664391
v 0.60831142 -0.40125835 -0.41887418
v 0.60605996 -0.40177128 -0.43369094
v 0.59910150 -0.40407449 -0.44334671
v 0.60406947 -0.40366982 -0.39078473
v 0.59311609 -0.40872280 -0.39109924
v 0.41858562 -0.43657519 -0.43984798
v 0.40650159 -0.42803036 -0.46297878
v 0.41852159 -0.43143861 -0.45574707
v 0.09387454 -0.07211071 -0.70956859
v 0.08787472 -0.06000926 -0.71236599
v 0.07364552 -0.05709519 -0.71153312
v 0.03687182 0.04522670 -0.73302908
v 0.03020273 0.01629957 -0.72560566
v 0.03296863 0.06129896 -0.73609776
v 0.17296753 0.09858578 -0.75058417
v 0.15710693 0.09688310 -0.75001490
v 0.16650693 0.08646970 -0.74918334
v 0.16431211 0.11395213 -0.75175008
v 0.60676399 -0.37973458 -0.54106927
v 0.59249932 -0.38232961 -0.54473215
v 0.58621752 -0.37778767 -0.55661040
v 0.10327508 -0.17074879 -0.67653276
v 0.11369467 -0.17787676 -0.67492430
v 0.11052220 -0.16629447 -0.67933185
v 0.09200203 -0.16909956 -0.67561279
v 0.09925377 -0.17977739 -0.67213325
v 0.31884221 0.10146645 -0.75310733
v 0.01772594 0.39410295 -0.65038061
v 0.03248408 0.39115565 -0.65244772
v 0.02402082 0.38441505 -0.66242000
v 0.00813811 0.40367911 -0.63822335
v 0.00451446 0.39490513 -0.65014458
v 0.00959642 0.38648878 -0.66055799
v 0.62047457 -0.16711307 -0.68716524
v 0.60988671 -0.17165828 -0.68905190
v 0.61418926 -0.16070874 -0.69095019
v 0.57520587 -0.41610703 -0.38095603
v 0.56300470 -0.42052373 -0.38387423
v 0.53040171 -0.08390436 -0.72807068
v 0.54448173 -0.08264075 -0.72598595
v 0.53371175 -0.07356241 -0.72961786
v 0.51955414 -0.07516015 -0.73122776
v 0.51911104 -0.09208131 -0.72762660
v 0.53429345 -0.09565866 -0.72486533
v 0.54855595 -0.09889159 -0.72182346
v 0.19159872 0.30087977 -0.70065521
v 0.18531989 0.29615764 -0.70950341
v 0.18985058 0.28388722 -0.71744031
v 0.27859200 -0.05263196 -0.73147370
v 0.27688969 -0.02723985 -0.73696251
v 0.27107115 -0.03822610 -0.73417493
v 0.28936934 -0.06501097 -0.72938873
v 0.30530102 -0.06709484 -0.73019116
v 0.31097012 -0.05521725 -0.73346741
v 0.26663825 -0.06278284 -0.72809893
v 0.27749669 -0.06629949 -0.72812372
v 0.26272819 -0.04924386 -0.73102106
v 0.35379286 -0.22308424 -0.67673623
v 0.34511366 -0.23213394 -0.67100807
v 0.52073180 -0.35198476 -0.59101216
v 0.54686707 -0.34269079 -0.60109323
v 0.17884611 -0.24551159 -0.64979475
v 0.16611153 -0.23528671 -0.65418809
v 0.19370633 -0.24294810 -0.65294421
v 0.18298546 -0.22969530 -0.65913275
v 0.48509227 0.07534488 -0.73670443
v 0.49287647 0.06652700 -0.73708076
v 0.49567767 0.07288068 -0.73073385
v 0.37723655 0.06995830 -0.75405490
v 0.39125750 0.04740214 -0.75359542
v 0.38982809 0.06181173 -0.75410032
v 0.36497368 0.08044945 -0.75386074
v 0.56165649 -0.10507186 -0.71787926
v 0.59269743 -0.09890698 -0.71044262
v 0.59841329 -0.07418294 -0.70869057
v 0.46520012 -0.24415638 -0.66811098
v 0.45275360 -0.23713423 -0.67215976
v 0.45133115 -0.25009329 -0.66414470
v 0.46467407 -0.25671825 -0.66017693
v 0.46746451 -0.23054188 -0.67612977
v 0.45421162 -0.22630052 -0.67845099
v 0.18849278 0.23005484 -0.74462892
v 0.18287125 0.24259200 -0.74111978
v 0.18661624 0.21953258 -0.74771113
v 0.36794410 0.14986910 -0.74355051
v 0.36364298 0.16235808 -0.73852188
v 0.60688383 -0.18557481 -0.68520822
v 0.60141749 -0.16047003 -0.69455960
v 0.59657280 -0.17636098 -0.69082659
v 0.01793235 0.23500568 -0.74743108
v 0.03547045 0.23604016 -0.74969734
v 0.00490630 0.24105531 -0.74520938
v -0.00200656 0.25128265 -0.74321293
v 0.71372610 -0.32441310 -0.48247304
v 0.36094957 -0.39415593 -0.51501498
v 0.35467087 -0.38550447 -0.52605536
v 0.42657674 -0.44442767 -0.40606569
v 0.42075949 -0.44092851 -0.42352058
v 0.42829297 -0.44698731 -0.38944744
v 0.43904364 -0.44564234 -0.39475004
v 0.43302548 -0.44165782 -0.41986420
v 0.43162768 -0.43856744 -0.43323396
v 0.44103021 -0.04453823 -0.74217716
v 0.45198880 -0.05536222 -0.73987661
v 0.43098353 -0.03561734 -0.74390098
v 0.44441781 -0.02697063 -0.74519048
v 0.46572441 -0.15563631 -0.71095543
v 0.47009411 -0.16886105 -0.70572345
v 0.45292333 -0.16713517 -0.70645810
v 0.45222070 -0.15132232 -0.71262617
v 0.75012547 -0.27835533 -0.49844767
v 0.75006711 -0.27891921 -0.51034758
v 0.75077147 -0.27346658 -0.52209292
v 0.29719726 -0.27337846 -0.64003688
v 0.28653061 -0.28256149 -0.63219817
v 0.29087788 -0.29177078 -0.62466520
v 0.31207633 -0.26836754 -0.64475071
v 0.30075503 -0.26076974 -0.64973671
v 0.27995993 -0.27179314 -0.64037270
v 0.32538442 -0.27375477 -0.64134668
v 0.58837622 -0.16731782 -0.69563304
v 0.24945560 0.17992340 -0.74786020
v 0.24883793 0.19242225 -0.74599722
v 0.23907891 0.19013771 -0.74740166
v 0.25949072 0.19035687 -0.74495274
v 0.23731219 0.17935572 -0.74908571
v 0.24100305 0.16783405 -0.74993541
v 0.25337987 0.20046975 -0.74364539
v 0.24268526 0.20177038 -0.74473980
v 0.50678870 -0.42753800 -0.45593187
v 0.51392045 -0.42453353 -0.46369572
v 0.49709215 -0.43031745 -0.45002014
v 0.50672721 -0.43084539 -0.43982599
v 0.57241124 -0.25733987 -0.65839284
v 0.56095396 -0.26553100 -0.65446113
v 0.57435042 -0.26966658 -0.65144049
v 0.51776068 -0.43337364 -0.30469507
v 0.50380923 -0.43758017 -0.31005571
v 0.49298963 -0.44028047 -0.30655100
v 0.13621998 -0.04739786 -0.72072006
v 0.12903934 -0.03100241 -0.72423149
v 0.12425911 -0.05540490 -0.71746624
v 0.13533284 -0.06393360 -0.71621653
v 0.11898636 -0.04264621 -0.72029798
v 0.15105436 -0.06023131 -0.71872390
v 0.73094045 -0.28726261 -0.55940930
v 0.73534465 -0.29038100 -0.54010077
v 0.74053001 -0.27740091 -0.55268586
v 0.73532340 -0.27579037 -0.56790947
v 0.72061206 -0.29515210 -0.56742981
v 0.72598226 -0.28416963 -0.57441844
v 0.35871366 0.17366919 -0.73269353
v 0.37689339 0.15628438 -0.73843445
v 0.65232262 -0.27453209 -0.63694771
v 0.66916206 -0.26951443 -0.63384840
v 0.63890969 -0.26948535 -0.64340372
v 0.70989100 -0.32698732 -0.49597122
v 0.71541079 -0.32094301 -0.50526860
v 0.69823944 -0.33675004 -0.49910757
v 0.70407616 -0.33327206 -0.48338976
v 0.70556583 -0.32829937 -0.51290452
v 0.06942520 -0.15524385 -0.67805129
v 0.07661011 0.01221087 -0.72948943
v 0.10659355 0.14112133 -0.75329890
v 0.50331330 0.06083589 -0.73382234
v 0.30047260 0.15909173 -0.74723401
v 0.31231968 0.16920599 -0.74389430
v 0.29552467 0.17196737 -0.74477836
v 0.31278834 0.15051942 -0.74839034
v 0.30363844 0.18420325 -0.74022343
v 0.28928338 0.18521174 -0.74217726
v 0.08026825 0.24521913 -0.75204127
v 0.09391187 0.24831105 -0.75126833
v 0.72734457 -0.26521684 -0.59149530
v 0.72994978 -0.27398270 -0.58006921
v 0.73778520 -0.26365502 -0.57670047
v 0.72871453 -0.25116813 -0.59941633
v 0.73678521 -0.25258709 -0.58696930
v 0.72047134 -0.30640672 -0.39607134
v 0.52024268 -0.43404310 -0.35386210
v 0.51238042 -0.43597528 -0.34306705
v 0.50841321 -0.43667363 -0.32434092
v 0.53190582 -0.42922525 -0.30674480
v 0.04591046 0.37210537 -0.67441851
v 0.03834781 0.38205104 -0.66370212
v 0.58508335 -0.38910891 -0.53366267
v 0.57780294 -0.39549454 -0.52219568
v 0.09663893 0.17208563 -0.75546568
v 0.13996549 0.19126942 -0.75528299
v 0.55349428 0.01109077 -0.72379812
v 0.54167642 0.01904114 -0.72909481
v 0.56203500 0.00164446 -0.72064220
v 0.42283981 0.12495952 -0.74401840
v 0.42912443 0.12916989 -0.74035686
v 0.10945048 0.05096656 -0.74070111
v 0.51744566 -0.43273938 -0.40902963
v 0.52863103 -0.43126487 -0.38265679
v 0.53933714 -0.42798549 -0.39031785
v 0.40897020 -0.23985904 -0.66935386
v 0.39889718 -0.24803799 -0.66379319
v 0.42373084 -0.24787046 -0.66481781
v 0.57038071 -0.40101089 -0.51121517
v 0.58401812 -0.39867917 -0.50760337
v 0.55818391 -0.40241637 -0.51389897
v 0.57592105 -0.40375641 -0.49666699
v 0.63725826 -0.37077119 -0.53161281
v 0.64819708 -0.36464573 -0.53308736
v 0.64114471 -0.36386848 -0.54433987
v 0.63035533 -0.36862564 -0.54552272
v 0.62151882 -0.37522753 -0.53861281
v 0.44010746 -0.20459447 -0.68962722
v 0.44756460 -0.18089491 -0.70071798
v 0.43716563 -0.18936339 -0.69681890
v 0.13053061 -0.09432230 -0.70686858
v 0.11553216 -0.09383164 -0.70538638
v 0.71529334 -0.31929498 -0.51592237
v 0.73224412 -0.30061711 -0.52048754
v 0.02928228 -0.02121311 -0.71608264
v 0.00654010 -0.03268841 -0.71018516
v 0.01502772 -0.02106599 -0.71438561
v 0.43181702 -0.44956573 -0.36032141
v 0.35232508 0.09360395 -0.75345517
v 0.33551196 0.10030246 -0.75321426
v 0.34733310 0.11134944 -0.75243513
v 0.25873351 0.06965934 -0.75034571
v 0.27378943 0.08039660 -0.75161335
v 0.25944993 0.08798409 -0.75153881
v 0.27660267 0.06445889 -0.75066991
v 0.62404210 -0.38941602 -0.29939148
v 0.63370599 -0.38345531 -0.29920874
v 0.64446642 -0.37652940 -0.30284380
v 0.46005879 -0.38758049 -0.54176508
v 0.47442854 -0.37420196 -0.56096205
v 0.45997572 -0.37640121 -0.55587059
v 0.09225355 0.29914429 -0.72970989
v 0.08025256 0.31299975 -0.72280459
v 0.09954528 0.28370436 -0.73719351
v 0.09937100 0.30782969 -0.72229259
v 0.10376158 0.29661183 -0.72905246
v 0.32068598 -0.20629693 -0.68389746
v 0.32956517 -0.21639529 -0.67923335
v 0.33676022 -0.20757490 -0.68424736
v 0.30796978 -0.19730583 -0.68740327
v 0.31246627 -0.33096616 -0.58726192
v 0.30005368 -0.33391251 -0.58354176
v 0.30717098 -0.34086043 -0.57609922
v 0.32115462 -0.34136088 -0.57630966
v 0.32919016 -0.33366467 -0.58537736
v 0.63176423 -0.22238821 -0.66521525
v 0.62764467 -0.21196352 -0.67029358
v 0.61855634 -0.22047043 -0.66928345
v 0.65501227 -0.21149143 -0.66157035
v 0.28304455 -0.14091467 -0.70743441
v 0.39916692 -0.37495643 -0.54677246
v 0.13817457 0.24438013 -0.74759279
v 0.40750853 -0.32424587 -0.60275072
v 0.40434036 -0.31552096 -0.61064900
v 0.39677121 -0.32684413 -0.59892709
v 0.41924436 -0.32340370 -0.60484777
v 0.41081341 -0.33165196 -0.59589268
v 0.41983007 -0.31007146 -0.61712414
v 0.38585004 -0.31427894 -0.61001931
v 0.40262708 -0.33892904 -0.58746196
v 0.38815498 -0.33737850 -0.58719969
v 0.37964934 -0.32650088 -0.59740472
v 0.67256383 -0.36103238 -0.45029459
v 0.67531915 -0.35856425 -0.46602298
v 0.67511058 -0.35921853 -0.43606670
v 0.68512575 -0.35085985 -0.45704411
v 0.48434029 -0.40718008 -0.51387764
v 0.48660466 -0.41443205 -0.49906400
v 0.47107097 -0.40282452 -0.52059263
v 0.49835944 -0.41003634 -0.50806412
v 0.45788411 -0.40630950 -0.51325785
v 0.31497678 -0.34930254 -0.56684850
v 0.40412692 -0.12800343 -0.71965321
v 0.41655697 -0.12132273 -0.72209619
v 0.26305839 -0.23178005 -0.66590919
v 0.24684360 -0.24546369 -0.65634612
v 0.26503833 -0.26979966 -0.64096720
v 0.24159900 -0.25713141 -0.64834942
v 0.24972564 -0.26818280 -0.64114328
v 0.06757972 0.21511809 -0.75421669
v 0.05719356 0.19936622 -0.75348651
v 0.06214239 0.22975315 -0.75296026
v 0.04872660 0.22104229 -0.75200557
v 0.26017553 0.10517784 -0.75203618
v 0.27123580 0.09438535 -0.75210881
v 0.15262517 0.19511802 -0.75453653
v 0.16237182 0.20539146 -0.75283728
v 0.14447763 0.20808387 -0.75407745
v 0.15118309 0.18444107 -0.75496211
v 0.16428327 0.18705235 -0.75404579
v 0.14262891 0.22566495 -0.75173795
v 0.13219597 0.21760567 -0.75415769
v 0.15448649 0.21866199 -0.75176566
v 0.69168478 -0.34403715 -0.48387692
v 0.69957613 -0.33802569 -0.46976194
v 0.68239642 -0.35252124 -0.47439446
v 0.69096261 -0.34576044 -0.46865713
v 0.67913623 -0.35355969 -0.49057996
v 0.68600791 -0.34658273 -0.50174945
v 0.69094946 -0.33965633 -0.51699416
v 0.43885691 -0.44762391 -0.37704810
v 0.74593717 -0.27664100 -0.53652470
v 0.74777439 -0.26645438 -0.54861865
v 0.74390553 -0.28602414 -0.52015847
v 0.75118956 -0.26530166 -0.53483375
v 0.74324906 -0.26637148 -0.56242560
v 0.75094956 -0.25607764 -0.54610626
v 0.74850955 -0.25660183 -0.55857150
v 0.26996019 0.01514809 -0.74428153
v 0.23367142 0.14081146 -0.75178816
v 0.21625602 0.13598676 -0.75229216
v 0.24223714 0.12713076 -0.75191575
v 0.22950173 0.12456950 -0.75204720
v 0.56024987 -0.19636385 -0.68948582
v 0.60939661 -0.13367053 -0.69878087
v 0.62778656 -0.11937551 -0.69221101
v 0.62259959 -0.13295809 -0.69349832
v 0.05053519 0.31618235 -0.72636156
v 0.04108700 0.32584420 -0.72062997
v 0.43822937 -0.24242400 -0.66865443
v 0.43704781 -0.25529097 -0.66040510
v 0.43994145 -0.22841484 -0.67701323
v 0.42490062 -0.23509776 -0.67278522
v 0.28933348 0.05960764 -0.75084570
v 0.12502452 -0.01821660 -0.72700238
v 0.30560629 0.00210287 -0.74448293
v 0.30028646 0.01478096 -0.74614411
v 0.29096880 0.00899094 -0.74463459
v 0.31616963 0.00998607 -0.74647153
v 0.30872328 0.01455939 -0.74666213
v 0.32205813 -0.00033961 -0.74520749
v 0.30166612 -0.01279682 -0.74160268
v 0.31530719 -0.01309049 -0.74250591
v 0.28996364 -0.00543657 -0.74210118
v 0.27768224 0.00395723 -0.74291110
v 0.28136601 0.01537564 -0.74504299
v 0.29136548 0.02333746 -0.74681772
v 0.30526143 0.02451472 -0.74782597
v 0.02246289 -0.00883391 -0.71847832
v 0.37974632 -0.29314185 -0.62882710
v 0.35128966 -0.27906052 -0.63873943
v 0.47714948 -0.32047651 -0.61358992
v 0.47024395 -0.33072526 -0.60408791
v 0.47890548 -0.34097857 -0.59589964
v 0.46055095 -0.34019610 -0.59418028
v 0.42295009 -0.18504567 -0.69852592
v 0.42496386 -0.19827230 -0.69247260
v 0.43478429 -0.17356027 -0.70364752
v 0.41218594 -0.20540237 -0.68867789
v 0.42516910 -0.21115822 -0.68609906
v 0.68567806 -0.22176953 -0.64562329
v 0.68570025 -0.20859473 -0.64838287
v 0.67802628 -0.22038751 -0.64968741
v 0.67951015 -0.23009583 -0.64623025
v 0.69994527 -0.20579768 -0.64001336
v 0.69381242 -0.19631185 -0.64594546
v 0.68569754 -0.19365600 -0.65147591
v 0.67554407 -0.19784118 -0.65618498
v 0.66938575 -0.21282755 -0.65535413
v 0.00154556 -0.02042376 -0.71287404
v 0.00748597 -0.00871367 -0.71668383
v 0.01501001 0.00608701 -0.72134934
v 0.00074628 0.01615848 -0.72214281
v -0.00010833 0.00255675 -0.71863163
v 0.02908906 0.00174141 -0.72193931
v -0.01043963 0.02379884 -0.72263446
v -0.01477039 0.00961267 -0.71855139
v 0.47936906 -0.43569974 -0.43402935
v 0.19077288 -0.13030957 -0.70182385
v 0.18754904 -0.14412539 -0.69682414
v 0.19985520 -0.14274759 -0.69863400
v 0.20358013 -0.12081905 -0.70620430
v 0.19021258 -0.11353424 -0.70709378
v 0.20443245 -0.13253633 -0.70255908
v 0.17817199 -0.12135900 -0.70339781
v 0.03050833 -0.07369518 -0.70133670
v 0.01585407 -0.06505607 -0.70205519
v 0.54337610 -0.18363342 -0.69652803
v 0.55243594 -0.19019160 -0.69294028
v 0.56296123 -0.31572850 -0.62262165
v 0.55869946 -0.32513686 -0.61575571
v 0.37388398 0.13965906 -0.74625262
v 0.37919687 0.14659926 -0.74311247
v 0.65755218 -0.32674325 -0.59155660
v 0.65386741 -0.31947394 -0.60198643
v 0.64474305 -0.32720735 -0.59829608
v 0.64749787 -0.33549674 -0.58684528
v 0.65996744 -0.33472927 -0.57895885
v 0.66994148 -0.32578995 -0.58342574
v 0.66763551 -0.31580285 -0.59770280
v 0.63472683 -0.34400433 -0.58281368
v 0.64997147 -0.34323315 -0.57391953
v 0.63661345 -0.33489334 -0.59363629
v 0.27348470 -0.01254960 -0.73959989
v 0.52602136 -0.35824629 -0.58566662
v 0.51704406 -0.36090047 -0.58192157
v 0.17768966 0.25650676 -0.73607428
v 0.16814115 0.24753029 -0.74151704
v 0.16550487 0.28404636 -0.72362783
v 0.15676000 0.23436617 -0.74773463
v 0.17510782 0.22956535 -0.74659803
v 0.37170300 -0.20933372 -0.68500684
v 0.39858661 -0.21156201 -0.68501152
v 0.35465818 -0.20857680 -0.68454891
v 0.30494801 -0.25029870 -0.65727522
v 0.33104699 -0.22746919 -0.67304884
v 0.15358482 0.08103012 -0.74804781
v 0.16716760 0.07257797 -0.74749374
v 0.13933319 0.09177809 -0.74883517
v 0.14624121 0.10976323 -0.75105576
v 0.48252959 0.00551492 -0.74616010
v 0.48164609 0.02109099 -0.74655988
v 0.46454126 -0.00556794 -0.74717469
v 0.47629271 -0.00625669 -0.74607857
v 0.45517209 -0.01377393 -0.74677865
v 0.53574167 -0.15656413 -0.70713081
v 0.62762080 -0.38824063 -0.31315810
v 0.61678417 -0.39431680 -0.31071399
v 0.55021001 -0.11186146 -0.71848006
v 0.53799339 -0.10957908 -0.72093077
v 0.54264218 -0.12342511 -0.71648542
v 0.17766020 0.19686991 -0.75230052
v 0.17661674 0.21266535 -0.75030178
v 0.41799952 -0.17264023 -0.70371578
v 0.47605381 -0.44346258 -0.36907877
v 0.49601485 -0.43998935 -0.34095267
v 0.48449168 -0.44257925 -0.31760451
v 0.49480317 -0.44019172 -0.32199238
v 0.25645673 -0.09336040 -0.71924821
v 0.26965793 -0.08537130 -0.72257903
v 0.16494155 0.29648093 -0.71555844
v 0.15610168 0.30841023 -0.70813428
v 0.18827278 -0.17781860 -0.68419260
v 0.18708478 -0.16489812 -0.68920568
v 0.34333935 -0.19801891 -0.68928815
v 0.60337880 -0.06585924 -0.70264545
v 0.60909133 -0.08006635 -0.70091861
v 0.59476672 -0.05949425 -0.71051247
v 0.59766378 -0.05396922 -0.70551624
v 0.61747951 -0.08511341 -0.69381813
v 0.12195423 0.06590536 -0.74420666
v 0.12548991 0.05031182 -0.74174535
v 0.13803279 0.05751074 -0.74380324
v 0.13877336 0.07360567 -0.74634908
v 0.12682694 0.08117008 -0.74688159
v 0.00056264 0.13058411 -0.74366500
v 0.01547217 0.13198250 -0.74556476
v -0.00925354 0.14427294 -0.74339616
v -0.01382402 0.12952788 -0.74165862
v -0.00489460 0.12002241 -0.74188111
v 0.00536042 0.14219603 -0.74524330
v -0.01707911 0.11641401 -0.73973253
v 0.12818894 0.23117985 -0.75238522
v 0.49250200 -0.00674305 -0.74406978
v 0.18048014 -0.15416805 -0.69245836
v 0.24634374 -0.08295892 -0.72121810
v 0.24014567 -0.09405569 -0.71759895
v 0.24805275 -0.10793239 -0.71433003
v 0.25788428 -0.07556007 -0.72414423
v 0.25617703 -0.12378360 -0.71031074
v 0.57530146 -0.41241001 -0.44787488
v 0.39067232 -0.04157208 -0.74182342
v 0.39514734 -0.05279802 -0.73966630
v 0.40415762 -0.04429718 -0.74181984
v 0.50368754 -0.35329095 -0.58757876
v 0.50400681 -0.36707328 -0.57341435
v 0.48788509 -0.34964642 -0.58902815
v 0.48859440 -0.35968871 -0.57909748
v 0.18942910 -0.09589166 -0.71229461
v 0.19441581 -0.08281427 -0.71649683
v 0.18229757 -0.08107143 -0.71588077
v 0.20404962 -0.10602439 -0.71074453
v 0.20735782 -0.08962961 -0.71577137
v 0.39910982 0.15057808 -0.73526819
v 0.38893961 0.14867948 -0.73976294
v 0.03014562 0.13729782 -0.74771989
v 0.02938321 0.11839519 -0.74547181
v 0.04540940 0.12803757 -0.74824488
v 0.58929056 -0.40398968 -0.47556864
v 0.58029227 -0.40557576 -0.48298948
v 0.62069512 -0.39443260 -0.35631358
v 0.63039694 -0.38920798 -0.36722653
v 0.60008444 -0.40539895 -0.37599245
v 0.60734341 -0.40148504 -0.35877459
v 0.64138358 -0.38253327 -0.37336877
v 0.27176905 -0.28058555 -0.63301734
v 0.63541101 -0.28312227 -0.63640633
v 0.62739849 -0.27374177 -0.64342879
v 0.33441302 0.00055176 -0.74618487
v 0.33292434 -0.01392918 -0.74357535
v 0.34567425 -0.00483688 -0.74602620
v 0.34340885 0.00966483 -0.74813650
v 0.32806047 0.01246436 -0.74760539
v 0.13706386 0.04161523 -0.74093393
v 0.15180588 0.04897516 -0.74319987
v 0.15261817 0.06505424 -0.74579097
v 0.64022466 -0.35212882 -0.56719357
v 0.33362490 -0.13940370 -0.71211176
v 0.36472929 -0.32708423 -0.59533384
v 0.37325098 -0.33655555 -0.58632671
v 0.36988589 -0.31692393 -0.60604616
v 0.38243854 -0.30184850 -0.62130437
v 0.37333628 -0.30774047 -0.61517416
v 0.72142106 -0.24914665 -0.60936973
v 0.72791060 -0.23942474 -0.60621839
v 0.29947629 0.03622691 -0.74896939
v 0.29401374 0.04840675 -0.75003555
v 0.30555246 0.04656168 -0.75043785
v -0.02735672 -0.00295624 -0.71369958
v -0.02343973 -0.01691664 -0.71058503
v -0.00972496 -0.00959888 -0.71427854
v -0.03031890 -0.02788591 -0.70669591
v 0.16441788 -0.06554445 -0.71854786
v 0.28703060 -0.17404590 -0.69565633
v 0.27244551 -0.16337668 -0.69847944
v 0.27166637 -0.14828194 -0.70384389
v 0.25984354 -0.15470277 -0.70048150
v 0.44558466 -0.11825424 -0.72369073
v 0.43457851 -0.12724259 -0.72067774
v 0.44013835 -0.14234675 -0.71572981
v 0.33663798 0.02007771 -0.74920837
v 0.32744911 0.02621699 -0.74942254
v 0.34596303 0.02173381 -0.74989849
v 0.31677632 0.02083111 -0.74805538
v 0.32869766 -0.04280529 -0.73760971
v 0.32253664 -0.02806534 -0.74016100
v -0.01426195 0.03658897 -0.72515907
v -0.02452169 0.02559029 -0.72122848
v 0.65061642 -0.37550490 -0.35883435
v 0.65462793 -0.35727685 -0.54198782
v 0.64457337 -0.35734229 -0.55427318
v 0.07376405 0.33998063 -0.70240626
v 0.07151290 0.35789754 -0.68461105
v 0.07251447 0.34921553 -0.69393790
v 0.06262982 0.35003260 -0.69537383
v 0.68806015 -0.33948592 -0.30978104
v 0.34587075 -0.27133357 -0.64452148
v 0.34177749 -0.21930873 -0.67827391
v 0.63953949 -0.38321868 -0.35866190
v 0.64287634 -0.38014594 -0.34340931
v 0.66194498 -0.36632777 -0.34819635
v 0.65311176 -0.37269723 -0.34055552
v 0.54325486 -0.19365920 -0.69237944
v 0.45560095 0.06222017 -0.74861371
v -0.01198930 0.15859527 -0.74367470
v 0.04670727 0.35101108 -0.69726577
v 0.05438306 0.36100208 -0.68539456
v 0.02513010 0.34161249 -0.70858429
v 0.03977063 0.33854492 -0.71006250
v 0.15127454 0.12680313 -0.75261777
v 0.13535334 0.12255853 -0.75209431
v 0.61436101 -0.14751013 -0.69394278
v 0.39987335 -0.13646811 -0.71667732
v 0.38879332 -0.14308613 -0.71385923
v 0.40374040 -0.14765558 -0.71287958
v 0.41111923 -0.13679815 -0.71694581
v 0.05829601 -0.05476841 -0.71039137
v 0.06847563 -0.04262503 -0.71491101
v 0.11606310 0.33607104 -0.69316970
v 0.12612745 0.32801746 -0.69779196
v 0.13903939 0.33030285 -0.69068340
v 0.19148261 -0.03962381 -0.72746190
v 0.18364092 -0.05168827 -0.72382669
v 0.19688816 -0.05146190 -0.72499846
v 0.42786645 -0.30054574 -0.62607391
v 0.42235179 -0.28848162 -0.63551181
v 0.43791521 -0.29364507 -0.63246443
v 0.00045170 -0.05717629 -0.70240717
v 0.22506577 0.11021076 -0.75177382
v 0.39769013 -0.41154905 -0.49473950
v 0.39086003 -0.39671383 -0.51655915
v 0.38749827 -0.40566972 -0.50234841
v 0.39932124 -0.38987759 -0.52777443
v 0.16961454 0.15630675 -0.75387258
v 0.45069720 -0.44573295 -0.38608598
v 0.46281999 -0.44502211 -0.37766837
v 0.47888718 -0.44092997 -0.39837495
v 0.47312414 -0.44309143 -0.38412144
v 0.47831890 -0.43876832 -0.41692110
v 0.58014846 -0.22246036 -0.67523215
v 0.22482258 -0.09153277 -0.71688147
v 0.21683764 -0.10185677 -0.71320678
v 0.23417822 -0.08067875 -0.72073343
v 0.23098332 -0.10761481 -0.71283787
v 0.20237064 -0.07394237 -0.71962140
v 0.37829339 -0.13242222 -0.71699439
v 0.34675438 -0.13504007 -0.71437006
v 0.37172930 -0.14480336 -0.71243321
v 0.35739365 -0.14274980 -0.71238728
v 0.34499741 -0.15012665 -0.70907642
v 0.36070324 -0.15482292 -0.70826176
v 0.60547177 -0.21679369 -0.67356591
v 0.59184971 -0.21321389 -0.67763486
v 0.31561627 0.03638653 -0.74988304
v 0.31485596 0.05087058 -0.75128822
v 0.06313777 0.31854710 -0.72288431
v 0.05329480 0.32801892 -0.71741303
v 0.21541152 -0.12841295 -0.70498401
v 0.21270936 -0.14092272 -0.70059875
v 0.22623902 -0.13834405 -0.70278424
v 0.21665122 -0.11467463 -0.70938299
v 0.22883858 -0.12386007 -0.70770063
v 0.62837136 -0.26120553 -0.64954722
v 0.21747259 0.12155721 -0.75212649
v 0.44827815 -0.21679707 -0.68351937
v 0.60886353 -0.39936047 -0.32488775
v 0.59047909 -0.40069802 -0.49120701
v 0.16523898 0.22008132 -0.75027690
v 0.25495127 -0.01355526 -0.73804748
v 0.26377889 -0.02618982 -0.73617876
v 0.25875394 -0.03738639 -0.73340446
v 0.09910458 -0.06216155 -0.71303028
v 0.10745971 -0.07067587 -0.71146784
v 0.11837090 -0.08159230 -0.70941810
v 0.66304058 -0.19978088 -0.66167105
v 0.66875270 -0.18884155 -0.66163199
v 0.63855785 -0.11596296 -0.68419927
v 0.62840652 -0.10573153 -0.69098394
v -0.01074470 0.20409513 -0.74384700
v -0.00625083 0.22042868 -0.74416054
v 0.41382292 -0.22855323 -0.67632241
v 0.41219315 -0.21782202 -0.68222904
v 0.42528790 -0.22309954 -0.67973459
v 0.67589588 -0.35410573 -0.50437117
v 0.22821431 -0.16262552 -0.69446215
v 0.23933811 -0.16397896 -0.69510675
v 0.22157757 -0.15111627 -0.69796933
v 0.23650239 -0.15120000 -0.69941484
v 0.68154089 -0.30717278 -0.59812396
v 0.69150215 -0.31744376 -0.57376594
v 0.68064453 -0.31691931 -0.58638712
v 0.50237951 -0.43856916 -0.35205406
v 0.42483869 -0.33559336 -0.59380733
v 0.05730776 0.33950744 -0.70660218
v 0.62068690 -0.39311207 -0.32685843
v 0.63328877 -0.38565819 -0.32998506
v 0.61377710 -0.39763131 -0.34149150
v 0.62406021 -0.39194337 -0.34095485
v 0.30833518 0.13760467 -0.75070012
v 0.72421782 -0.30400544 -0.41152849
v 0.51024747 -0.43297338 -0.42194815
v 0.48992002 -0.43632685 -0.42406139
v 0.49912993 -0.43578743 -0.41774691
v 0.49968400 -0.43419240 -0.42837386
v 0.49268275 -0.43340895 -0.43819965
v 0.49091604 -0.43805270 -0.40924116
v 0.17691154 0.28952482 -0.71733763
v 0.17166140 0.30286526 -0.70876615
v 0.48992942 -0.30107000 -0.62992502
v 0.49298003 -0.28070275 -0.64468869
v 0.48554718 -0.29153110 -0.63676413
v 0.65816976 -0.36103994 -0.52583134
v 0.08730273 0.00155397 -0.72804558
v 0.07319564 -0.00180498 -0.72582256
v 0.13290091 -0.07847952 -0.71185368
v 0.12132178 -0.06758656 -0.71380314
v 0.61697841 -0.39670497 -0.43017599
v 0.48013508 -0.44325151 -0.30545272
v 0.51936356 -0.41490788 -0.49213448
v 0.27841385 -0.29077080 -0.62489470
v 0.31215518 -0.25830487 -0.65216922
v 0.43537425 -0.28362310 -0.64014099
v 0.44174684 -0.27509245 -0.64682310
v 0.43557545 -0.26597737 -0.65309024
v 0.67199046 -0.35850859 -0.35554144
v 0.66129999 -0.36563451 -0.32991452
v 0.67178391 -0.35738105 -0.33729262
v 0.68114538 -0.35091787 -0.36268878
v 0.58001188 -0.41412304 -0.36752442
v 0.56884094 -0.41845035 -0.36848198
v 0.24858296 -0.15943452 -0.69771062
v 0.25816903 -0.14058193 -0.70514583
v 0.24909865 -0.14814136 -0.70173964
v 0.24813632 0.09661210 -0.75162558
v 0.24205854 0.11158060 -0.75189170
v 0.53078403 -0.13959657 -0.71306069
v 0.38517512 -0.41342363 -0.48886321
v 0.67128972 -0.30293629 -0.60900252
v 0.67520475 -0.29036158 -0.61776928
v 0.66439858 -0.28335857 -0.62749166
v -0.00788621 0.23827056 -0.74316391
v 0.05110610 0.24144983 -0.75090469
v 0.06652222 0.24260576 -0.75197936
v 0.05874399 0.25346478 -0.74996307
v 0.26131307 -0.30865237 -0.60797007
v 0.27056338 -0.29934836 -0.61696068
v 0.41045152 -0.16052503 -0.70831545
v 0.42495081 -0.16074127 -0.70865826
v 0.41745973 -0.14904937 -0.71285259
v 0.38175029 -0.15406499 -0.70961966
v 0.35158497 -0.01972545 -0.74377719
v 0.45888797 -0.39716879 -0.52797469
v 0.05819225 -0.11863767 -0.69019659
v 0.06939917 -0.12980523 -0.68771346
v 0.04902258 -0.10923687 -0.69222168
v 0.05567096 -0.13050373 -0.68561488
v 0.08187998 0.32779391 -0.71101800
v 0.06821062 0.32801923 -0.71433435
v 0.09543415 0.32120080 -0.71280169
v 0.03824804 0.20561826 -0.75123976
v 0.02961730 0.22050572 -0.74968776
v 0.02448237 0.20806772 -0.74933005
v 0.01247732 0.21752938 -0.74725724
v 0.45026510 -0.26424562 -0.65476817
v 0.46735715 -0.27021087 -0.65120866
v 0.45452906 -0.27576265 -0.64688394
v 0.47638767 -0.26095431 -0.65767230
v 0.58709530 -0.41128072 -0.37774108
v 0.29777600 -0.18732187 -0.69109760
v 0.45245883 -0.36424425 -0.56846987
v 0.46421869 -0.36023350 -0.57484945
v 0.45523301 -0.35218328 -0.58162995
v 0.46528036 -0.36790258 -0.56673122
v 0.60329615 -0.20154642 -0.68015106
v 0.52292483 -0.43322695 -0.36672432
v 0.47292225 -0.35250768 -0.58403147
v 0.28689918 -0.30093103 -0.61625299
v 0.10995746 0.32726766 -0.70347305
v 0.10908659 0.31446658 -0.71470583
v 0.63749059 -0.38198772 -0.31341100
v 0.64840198 -0.37490733 -0.32219775
v 0.68011988 -0.32474377 -0.57528505
v 0.16829880 0.17139157 -0.75410132
v 0.15640359 0.17575532 -0.75471345
v 0.35692607 -0.00746395 -0.74628912
v 0.35454829 0.00239139 -0.74770528
v 0.33854817 -0.27762814 -0.63909701
v 0.68726468 -0.34582273 -0.37088030
v 0.68101588 -0.35202599 -0.37668889
v 0.18432448 -0.19295233 -0.67726725
v 0.27011239 -0.13355311 -0.70859287
v 0.24232524 -0.13501810 -0.70541983
v 0.41031208 0.14527602 -0.73552205
v 0.06999985 0.25649448 -0.74975840
v 0.00227538 0.34200854 -0.70676843
v 0.01580995 0.33833853 -0.71136341
v 0.69525168 -0.34215195 -0.45857465
v 0.00432713 0.23040145 -0.74560463
v 0.00232253 0.20716111 -0.74587316
v 0.16616385 0.05648684 -0.74519576
v 0.17699945 0.04900861 -0.74464229
v 0.18919847 0.04789314 -0.74508075
v 0.52509090 -0.40803462 -0.50867966
v 0.51106616 -0.41137314 -0.50369668
v 0.66844856 -0.34248583 -0.55651124
v 0.67731141 -0.34259269 -0.54210198
v 0.67876600 -0.33615613 -0.55530800
v 0.67216733 -0.33369548 -0.56874962
v 0.65503700 -0.34942829 -0.55843747
v 0.66508478 -0.34923848 -0.54606862
v 0.66129615 -0.34113929 -0.56754703
v 0.66919097 -0.35214034 -0.53068201
v 0.48425070 -0.31008175 -0.62261301
v 0.56794528 -0.30430947 -0.63038426
v 0.50823618 0.00328381 -0.74200154
v 0.49421634 0.01131224 -0.74464970
v 0.59097116 -0.04466800 -0.71161253
v 0.37717390 -0.39101489 -0.52210583
v 0.37606336 -0.39967931 -0.50947691
v 0.38822376 -0.38854265 -0.52749486
v 0.47549980 -0.36428094 -0.57231893
v 0.55439833 -0.42164029 -0.30544849
v 0.08320654 0.25980632 -0.74863895
v 0.51963999 -0.40141230 -0.52479924
v 0.51559613 -0.39493725 -0.53716220
v 0.50952694 -0.40588697 -0.51622152
v 0.52524757 -0.39048886 -0.54471506
v 0.52672751 -0.39678697 -0.53365750
v 0.07110957 0.18490107 -0.75472948
v 0.03889399 0.00453332 -0.72374360
v 0.61720848 -0.20747577 -0.67464990
v 0.46096624 -0.29168130 -0.63545990
v 0.46617999 -0.29846473 -0.63054177
v 0.47212972 -0.29110293 -0.63648435
v 0.46378584 -0.28274082 -0.64223540
v 0.44957235 -0.28610703 -0.63901908
v 0.07565316 -0.14335720 -0.68354847
v 0.06151366 -0.14235890 -0.68197114
v 0.08124919 -0.13457404 -0.68758077
v 0.43219486 -0.42066778 -0.48346089
v 0.47764968 -0.30037918 -0.62974077
v -0.00453412 0.30935674 -0.72775102
v 0.32681853 -0.34916201 -0.56781567
v 0.43582155 -0.21697392 -0.68327129
v 0.42486215 -0.13788907 -0.71694957
v 0.67905533 -0.34873705 -0.31018393
v 0.67067386 -0.35555285 -0.30003363
v 0.67111560 -0.35665369 -0.31918050
v 0.66093544 -0.36473595 -0.31234284
v 0.53604671 -0.26825924 -0.65347147
v 0.44160839 -0.34157429 -0.59020507
v 0.51899017 -0.42951118 -0.43313856
v 0.33869189 -0.03153133 -0.74064486
v 0.39653263 -0.41825716 -0.48231196
v 0.40638180 -0.41606348 -0.48847966
v 0.41896480 -0.41682212 -0.48918369
v 0.29523862 -0.07625036 -0.72710766
v 0.28232648 -0.07820197 -0.72552101
v 0.24127225 -0.11960725 -0.71019765
v 0.16152663 0.02643506 -0.73979790
v 0.16600350 0.03973320 -0.74249060
v 0.15064843 0.03315785 -0.74030028
v 0.09699178 -0.05258547 -0.71543619
v 0.63001446 -0.38764189 -0.46788428
v 0.33552825 -0.34400533 -0.57440104
v 0.34437748 -0.33628569 -0.58369751
v 0.37995443 -0.38239142 -0.53409043
v 0.36651361 -0.38429965 -0.52937026
v 0.11001733 -0.05593133 -0.71587997
v 0.37242691 -0.15760930 -0.70785475
v 0.30606935 -0.08316769 -0.72625867
v 0.31826972 -0.09215319 -0.72495889
v 0.52364545 0.00561840 -0.73846507
v 0.43909202 -0.15768037 -0.71008307
v 0.63139385 -0.38812596 -0.45326896
v 0.58952192 -0.30745949 -0.62750901
v 0.58068654 -0.30294504 -0.63099967
v 0.48384598 -0.26969898 -0.65198673
v 0.47773613 -0.28106791 -0.64397367
v 0.39317298 -0.38228752 -0.53658473
v 0.66806543 -0.35748923 -0.51481981
v -0.01707693 0.10448413 -0.73808555
v 0.20764180 -0.24074204 -0.65571068
v 0.19819271 -0.23229699 -0.65953667
v -0.01380393 0.18992719 -0.74361215
v 0.17844674 -0.06618286 -0.71960450
v 0.41867258 0.13568801 -0.73943899
v 0.35907179 -0.33694304 -0.58436613
v 0.16594609 0.31473986 -0.69952365
v 0.15273239 0.32175288 -0.69615276
v 0.14036840 0.31842389 -0.70304961
v 0.19690548 -0.21970850 -0.66601514
v 0.63186563 -0.38765976 -0.34957938
v 0.67902096 -0.27759296 -0.62495413
v 0.65333737 -0.37027908 -0.30524512
v 0.49638953 0.02765767 -0.74394071
v 0.50485624 0.01765087 -0.74275179
v 0.42932932 -0.14973495 -0.71292525
v 0.74770419 -0.24715993 -0.56865328
v 0.17887592 0.30836935 -0.70067568
v 0.56128334 -0.34631463 -0.59830851
v 0.23210964 -0.24717234 -0.65408428
v 0.55049630 -0.42464205 -0.38728028
v 0.40927209 -0.42209855 -0.47702071
v 0.41341798 -0.04699797 -0.74155127
v 0.39231943 -0.06551107 -0.73658081
v 0.32724974 0.09066784 -0.75345274
v 0.48790046 -0.37090550 -0.56681564
v 0.74485261 -0.25733895 -0.56882107
v 0.74287185 -0.25276329 -0.57672343
v 0.19026320 -0.07336668 -0.71872283
v 0.58307734 -0.04105795 -0.71785194
v 0.68097268 -0.34485435 -0.52760319
v 0.68760686 -0.33835439 -0.53239987
v 0.68980212 -0.33185205 -0.54594250
v 0.68514501 -0.32796982 -0.56285444
v 0.67874680 -0.34950783 -0.51599831
v 0.38528398 -0.37408994 -0.54542111
v 0.39216577 -0.36622846 -0.55597296
v 0.53425470 -0.40136156 -0.52297132
v 0.69800121 -0.33078103 -0.52957898
v 0.17221815 0.31851203 -0.69098981
v 0.35100038 -0.32734329 -0.59383040
v 0.41769486 -0.42678940 -0.46794952
v 0.09472909 0.14829676 -0.75369623
v 0.08893860 0.16002427 -0.75447567
v 0.42205949 -0.42313302 -0.47692264
v 0.15114222 0.33039451 -0.68384859
v 0.16151510 0.32332260 -0.69104308
v 0.16296506 0.32559839 -0.68406315
v 0.62472271 -0.39222051 -0.44253202
v 0.45234406 -0.44675250 -0.37205026
v 0.22924596 0.18604271 -0.74884848
v 0.27073156 -0.07357451 -0.72575298
v 0.08099291 0.17260669 -0.75494095
v 0.19349832 -0.06273043 -0.72182391
f 1818 1821 1820
f 1391 1396 1390
f 545 550 551
f 1819 1727 1823
f 1743 1744 1747
f 2482 2483 1816
f 217 220 219
f 2294 2401 2296
f 1785 1486 561
f 551 629 549
f 560 559 2409
f 1821 2025 1820
f 1729 1728 2588
f 213 1280 216
f 1819 1823 1822
f 214 213 216
f 217 224 221
f 2588 1728 2568
f 1942 2025 1284
f 1280 1942 1284
f 2532 1817 224
f 545 546 550
f 2482 1816 2532
f 558 1966 557
f 1818 1822 1299
f 1069 1727 1729
f 2518 2519 2568
f 1996 2507 226
f 1818 1299 1821
f 552 556 555
f 2294 2519 2518
f 1069 1823 1727
f 1784 1395 1786
f 1783 1786 1785
f 552 558 557
f 555 559 560
f 546 2410 2409
f 1996 1967 1968
f 2295 2296 2483
f 219 226 225
f 607 1397 608
f 2501 579 1883
f 1821 2299 2025
f 545 551 549
f 1485 1487 629
f 429 2294 2296
f 2588 2568 2591
f 2295 2483 2482
f 214 216 215
f 1823 1071 1822
f 2025 2596 1284
f 560 2409 2410
f 1965 1967 1966
f 1729 2588 1068
f 1996 1968 2507
f 2507 225 226
f 1279 1280 1284
f 1299 1300 1821
f 1277 216 1280
f 1299 1822 1071
f 1069 1729 1068
f 2520 2568 2519
f 2294 430 2519
f 217 219 218
f 2299 2596 2025
f 1070 1823 1069
f 197 200 198
f 1821 1300 2299
f 1487 549 629
f 429 2296 2295
f 2532 224 223
f 1277 1280 1279
f 2591 2568 2520
f 217 223 224
f 1965 1966 558
f 1070 1071 1823
f 2588 2591 1068
f 1390 608 1397
f 429 430 2294
f 219 225 218
f 1965 1968 1967
f 2482 2532 2531
f 1743 1746 578
f 215 216 1282
f 552 555 554
f 430 2520 2519
f 545 547 546
f 1277 1282 216
f 1298 1300 1299
f 555 560 554
f 1298 1299 1071
f 1283 1284 2596
f 669 1070 1069
f 1279 1284 1283
f 2295 2482 2484
f 579 578 1746
f 1389 1395 1391
f 669 1069 1068
f 197 199 200
f 546 547 2410
f 1485 1486 1489
f 2532 223 2531
f 2299 2300 2596
f 1389 1391 1390
f 1301 2299 1300
f 2482 2531 2484
f 2529 2507 1968
f 1068 2591 2504
f 2529 225 2507
f 2504 2591 2520
f 552 553 558
f 668 1071 1070
f 217 218 222
f 215 1282 1339
f 2547 1486 1785
f 1277 1279 1278
f 1298 1301 1300
f 429 2295 428
f 217 222 223
f 1283 2596 2300
f 423 430 429
f 430 431 2520
f 1301 2300 2299
f 669 668 1070
f 545 549 548
f 1279 1283 1278
f 1277 1281 1282
f 1744 1693 607
f 1965 558 553
f 1298 1071 1072
f 552 554 553
f 2295 2484 2297
f 1485 1488 1487
f 560 2410 2441
f 669 1068 666
f 423 431 430
f 1965 1969 1968
f 665 1068 2504
f 668 1072 1071
f 423 429 428
f 560 2441 554
f 1277 1278 1281
f 218 225 227
f 2504 2520 433
f 1281 1339 1282
f 428 2295 2297
f 545 548 547
f 1785 1786 2548
f 1743 1745 1744
f 431 433 2520
f 1298 1302 1301
f 2529 1968 1969
f 666 1068 665
f 2484 2531 2544
f 1485 1489 1488
f 2582 2531 223
f 639 668 669
f 1283 2300 2149
f 1301 2302 2300
f 2529 227 225
f 1298 1072 1302
f 2547 1489 1486
f 1693 1397 607
f 639 669 666
f 2484 2544 2297
f 218 227 222
f 1278 1283 1286
f 2003 549 1487
f 2410 547 2384
f 2149 2300 2302
f 667 665 2504
f 2582 2544 2531
f 2547 1785 2548
f 222 1698 223
f 1281 2382 1339
f 667 2504 433
f 668 642 1072
f 423 424 431
f 1286 1283 2149
f 1301 1302 2301
f 1278 1285 1281
f 422 423 428
f 639 642 668
f 1301 2301 2302
f 1965 553 1671
f 428 2297 426
f 2502 2420 2418
f 2003 548 549
f 2410 2384 2441
f 1395 1392 1786
f 424 433 431
f 553 554 737
f 1965 1671 1969
f 2582 223 1698
f 2441 737 554
f 1302 1072 2303
f 1743 578 1745
f 638 639 666
f 1278 1286 1285
f 644 666 665
f 422 428 426
f 2544 1059 2297
f 2529 1969 2530
f 422 424 423
f 2501 2502 2418
f 1281 2151 2382
f 1390 1397 1394
f 644 665 667
f 1285 2151 1281
f 1302 2303 2301
f 2529 2530 227
f 2149 2302 539
f 426 2297 1059
f 644 638 666
f 642 2092 1072
f 667 433 434
f 548 2210 547
f 1389 1390 1394
f 1389 1392 1395
f 1697 222 227
f 637 642 639
f 2301 539 2302
f 2092 2303 1072
f 1487 1488 2002
f 424 434 433
f 637 639 638
f 2582 1975 2544
f 1697 1698 222
f 2210 2384 547
f 1286 2149 540
f 2544 1975 1059
f 2003 1487 2002
f 540 2149 539
f 1286 2150 1285
f 2382 2151 1860
f 2582 1698 2583
f 644 667 664
f 740 1671 553
f 2370 2301 2303
f 640 638 644
f 736 553 737
f 1671 1672 1969
f 664 667 434
f 1285 2152 2151
f 422 426 425
f 2548 1786 2556
f 637 638 640
f 1489 2566 1488
f 2441 2384 1837
f 1672 2530 1969
f 422 427 424
f 642 643 2092
f 637 643 642
f 538 539 2301
f 425 426 1059
f 2441 738 737
f 2582 2583 1975
f 2501 580 579
f 2366 2303 2092
f 1286 540 2150
f 1744 1745 1691
f 2547 1519 1489
f 424 432 434
f 538 2301 2370
f 1860 2151 2152
f 2003 2001 548
f 2366 2370 2303
f 1285 2150 2152
f 227 2530 2552
f 736 740 553
f 1697 227 1701
f 1744 1691 1693
f 662 644 664
f 422 425 427
f 1058 1059 1975
f 1697 1699 1698
f 640 644 645
f 2001 2210 548
f 2441 1837 738
f 536 540 539
f 2547 2548 1518
f 424 427 432
f 637 640 641
f 1699 2583 1698
f 2366 2092 2369
f 2417 2420 198
f 536 539 538
f 2002 1488 2566
f 2092 643 2369
f 662 645 644
f 425 1059 1058
f 664 434 1995
f 1392 2556 1786
f 227 2552 1701
f 637 641 643
f 736 737 738
f 2210 1836 2384
f 540 2356 2150
f 1173 1672 1671
f 740 1173 1671
f 1995 434 432
f 2366 2367 2370
f 1860 2152 1859
f 350 1975 2583
f 1837 2384 1836
f 640 645 641
f 1489 1519 2566
f 1672 2587 2530
f 538 2370 543
f 662 664 663
f 1058 1975 350
f 572 578 579
f 2152 2150 1903
f 2366 2369 2368
f 536 542 540
f 2366 2368 2367
f 2587 2552 2530
f 2369 643 1853
f 536 538 537
f 2367 543 2370
f 663 664 1995
f 540 542 2356
f 1697 1701 1700
f 662 663 645
f 1697 1700 1699
f 1208 643 641
f 2152 1903 1859
f 2547 1518 1519
f 349 2583 1699
f 1693 530 1397
f 1052 427 425
f 537 538 543
f 2356 1902 2150
f 425 1058 1053
f 427 1054 432
f 350 2583 349
f 1458 2003 2002
f 1208 1853 643
f 2548 2556 1518
f 736 741 740
f 645 1207 641
f 1389 1394 1393
f 530 1394 1397
f 1902 1903 2150
f 1995 432 2416
f 2368 2369 1854
f 577 1745 578
f 1458 2001 2003
f 1173 1174 1672
f 1389 1393 1392
f 2369 1853 1854
f 1058 350 354
f 2368 2365 2367
f 744 738 1837
f 536 537 541
f 1672 1174 2587
f 740 741 1173
f 1701 2552 2224
f 2356 542 1902
f 2367 2365 543
f 2001 1840 2210
f 536 541 542
f 1052 425 1053
f 1992 645 663
f 1052 1054 427
f 1206 1208 641
f 1840 1836 2210
f 1058 354 1053
f 432 1054 2416
f 663 1995 1993
f 736 738 739
f 744 1837 1836
f 1206 641 1207
f 1992 1207 645
f 1701 2224 1700
f 1903 1858 1859
f 537 543 544
f 2368 1854 2365
f 1208 1851 1853
f 349 1699 353
f 1995 2416 1993
f 2000 2002 2566
f 353 1699 1700
f 2587 2223 2552
f 1851 1854 1853
f 572 579 580
f 537 544 541
f 1917 543 2365
f 346 350 349
f 1902 542 1901
f 736 739 741
f 544 543 1917
f 346 354 350
f 1206 1211 1208
f 1211 1851 1208
f 542 541 2439
f 2223 2224 2552
f 1641 1903 1902
f 1991 1992 663
f 1991 663 1993
f 739 738 744
f 1854 2516 2365
f 1901 542 2439
f 1052 1053 1056
f 1053 354 351
f 1175 2587 1174
f 1171 1174 1173
f 1641 1858 1903
f 1052 1057 1054
f 1691 1745 577
f 1206 1207 1210
f 2501 2503 580
f 1458 2002 2000
f 1992 1210 1207
f 2416 1054 1953
f 1171 1173 741
f 1515 2566 1519
f 346 349 353
f 1640 1902 1901
f 2417 2418 2420
f 2501 2418 2503
f 1917 2365 1512
f 1851 1492 1854
f 544 1918 541
f 2001 1462 1840
f 1985 1700 2224
f 1993 2416 96
f 1211 1852 1851
f 1175 2223 2587
f 1053 351 1056
f 1458 1462 2001
f 346 351 354
f 1640 1641 1902
f 1206 1209 1211
f 2516 1512 2365
f 1985 353 1700
f 1918 2439 541
f 1057 1953 1054
f 1492 2516 1854
f 1511 544 1917
f 1991 1994 1992
f 2416 1953 96
f 1206 1210 1209
f 744 1836 1835
f 1052 1056 1055
f 1052 1055 1057
f 1851 1852 1492
f 1991 1993 93
f 1992 1994 1210
f 1835 1836 1840
f 1211 1209 1852
f 1642 1901 2439
f 1171 1175 1174
f 1690 1693 1691
f 1515 2000 2566
f 1640 1901 1642
f 572 577 578
f 1511 1917 1512
f 1511 1918 544
f 1641 1904 1858
f 1238 1519 1518
f 93 1993 96
f 841 1518 2556
f 1986 2224 2223
f 346 353 352
f 1392 838 2556
f 1393 1394 531
f 1918 1646 2439
f 739 742 741
f 1513 1512 2516
f 357 1056 351
f 1642 2439 1646
f 1209 1491 1852
f 346 347 351
f 1986 1985 2224
f 1852 1491 1492
f 1513 2516 1492
f 1991 90 1994
f 530 531 1394
f 1690 530 1693
f 1171 741 742
f 1991 93 90
f 1637 1641 1640
f 739 744 745
f 1057 1955 1953
f 2419 198 200
f 1055 1056 357
f 1210 1994 2468
f 1209 1210 2383
f 1984 353 1985
f 1175 2225 2223
f 1637 1640 1642
f 95 96 1953
f 1507 1511 1512
f 1057 1055 1955
f 1511 1919 1918
f 346 352 348
f 1984 352 353
f 1641 1643 1904
f 347 357 351
f 1238 1515 1519
f 89 93 96
f 1507 1512 1513
f 1840 1462 1463
f 2383 1210 2468
f 346 348 347
f 1393 2454 1392
f 1209 495 1491
f 1918 1645 1646
f 744 1835 745
f 496 1492 1491
f 1986 2223 2225
f 2417 198 2419
f 1637 1643 1641
f 1171 1168 1175
f 95 1953 1955
f 1994 90 2490
f 1918 1919 1645
f 1490 1513 1492
f 1209 2383 495
f 1636 1642 1646
f 2468 1994 2490
f 1835 1840 1463
f 89 96 95
f 87 90 93
f 1457 1458 2000
f 1456 1462 1458
f 1511 1510 1919
f 1507 1510 1511
f 1637 1642 1636
f 87 93 89
f 1238 1518 841
f 496 1490 1492
f 1055 357 2434
f 496 1491 495
f 1636 1646 1645
f 1168 2225 1175
f 739 743 742
f 1055 2434 1955
f 1507 1513 1509
f 1979 1985 1986
f 348 352 356
f 841 2556 838
f 739 745 743
f 91 2490 90
f 1984 356 352
f 1979 1984 1985
f 87 91 90
f 1167 1171 742
f 2383 2468 2467
f 347 358 357
f 1509 1513 1490
f 1645 1919 2567
f 2467 2468 2490
f 348 355 347
f 1515 1516 2000
f 1510 2567 1919
f 2383 491 495
f 2454 838 1392
f 95 1955 1954
f 1167 1168 1171
f 1637 1639 1643
f 89 95 94
f 1507 1508 1510
f 1456 1463 1462
f 1456 1458 1457
f 2434 357 358
f 486 496 495
f 87 89 88
f 1507 1509 1508
f 1635 1637 1636
f 348 356 355
f 1636 1645 1644
f 2383 2467 491
f 496 494 1490
f 347 355 358
f 2434 2437 1955
f 91 2488 2490
f 1986 2225 1983
f 87 92 91
f 1644 1645 2567
f 2467 2490 2488
f 95 1954 94
f 486 495 491
f 1955 2437 1954
f 89 94 88
f 1635 1639 1637
f 1984 1981 356
f 1457 2000 1516
f 1509 1490 1710
f 87 88 92
f 1835 1838 745
f 1510 1709 2567
f 2486 1643 1639
f 486 494 496
f 1168 2227 2225
f 1508 1709 1510
f 1979 1981 1984
f 1979 1986 1983
f 1691 577 576
f 1835 1463 1839
f 1490 494 1710
f 1393 531 532
f 1172 742 743
f 91 92 2489
f 1636 1644 1638
f 91 2489 2488
f 1508 1509 1166
f 1635 1636 1638
f 1167 742 1172
f 1514 1515 1238
f 1644 2567 1759
f 1509 1710 1166
f 355 356 2357
f 1983 2225 2227
f 2503 506 580
f 2434 2435 2437
f 572 580 506
f 2434 358 2436
f 2567 1709 1759
f 1690 1691 576
f 745 1841 743
f 2584 2467 2488
f 2467 489 491
f 485 486 491
f 1835 1839 1838
f 88 98 92
f 1981 2357 356
f 1508 1164 1709
f 1690 529 530
f 88 94 97
f 1393 532 2454
f 1514 1516 1515
f 1954 2572 94
f 1954 2437 2485
f 358 355 2515
f 1635 605 1639
f 2486 1639 1556
f 1167 1169 1168
f 487 494 486
f 2489 2492 2488
f 1508 1166 1164
f 2489 92 98
f 1977 1981 1979
f 842 1238 841
f 528 531 530
f 2434 2436 2435
f 745 1838 1841
f 2584 489 2467
f 1169 2227 1168
f 493 1710 494
f 1456 1459 1463
f 2584 2488 2492
f 1644 2394 1638
f 1635 1638 604
f 485 491 489
f 1644 1759 2394
f 2435 2485 2437
f 88 97 98
f 605 1556 1639
f 485 487 486
f 1165 1166 1710
f 355 2357 2515
f 1162 1759 1709
f 1954 2485 2572
f 97 94 2572
f 1635 604 605
f 358 2515 2436
f 1162 1709 1164
f 487 493 494
f 573 577 572
f 1839 1463 1459
f 1978 1979 1983
f 2489 2491 2492
f 2489 98 2491
f 2451 1172 743
f 493 1165 1710
f 1977 1979 1978
f 498 2503 2418
f 1156 1164 1166
f 1456 1457 1461
f 1167 1172 1170
f 2451 743 1841
f 839 841 838
f 1457 1516 1999
f 1983 2227 2226
f 1981 1980 2357
f 1156 1166 1165
f 1977 1980 1981
f 1758 2394 1759
f 2584 2492 686
f 600 604 1638
f 600 1638 2394
f 1162 1758 1759
f 691 489 2584
f 1167 1170 1169
f 485 489 488
f 606 1556 605
f 1157 1162 1164
f 2440 2485 2435
f 601 605 604
f 2440 2435 2436
f 686 2492 2491
f 485 490 487
f 1169 2226 2227
f 97 382 98
f 1157 1164 1156
f 375 2491 98
f 528 530 529
f 1514 1238 1237
f 691 2584 686
f 2185 1165 493
f 2192 2572 2485
f 1839 2385 1838
f 596 2515 2357
f 839 842 841
f 2190 97 2572
f 487 492 493
f 842 1237 1238
f 1456 1460 1459
f 601 604 600
f 485 488 490
f 601 606 605
f 1554 1556 606
f 691 1925 489
f 1977 1978 1980
f 2393 2394 1758
f 2454 837 838
f 488 489 1925
f 528 532 531
f 1457 1999 1461
f 375 98 382
f 600 2394 2393
f 2436 2515 2069
f 1156 1165 1161
f 1162 1163 1758
f 1978 1983 1313
f 1841 1838 777
f 1980 596 2357
f 1983 2226 1313
f 1157 1163 1162
f 1456 1461 1460
f 487 490 492
f 686 2491 376
f 2451 2065 1172
f 2440 2192 2485
f 2190 382 97
f 2185 493 492
f 1161 1165 2185
f 1172 2065 1170
f 2417 502 2418
f 375 376 2491
f 1514 1517 1516
f 2192 2190 2572
f 2440 2436 2069
f 573 576 577
f 1155 1157 1156
f 1839 1459 2129
f 684 691 686
f 777 1838 2385
f 1999 1516 1517
f 2451 1841 779
f 1155 1156 1161
f 2393 1758 2432
f 596 594 2515
f 2064 2226 1169
f 601 602 606
f 597 601 600
f 1758 1163 2432
f 691 692 1925
f 488 1926 490
f 1923 488 1925
f 1690 1692 529
f 1157 1160 1163
f 1839 2129 2385
f 716 1169 1170
f 2515 594 2069
f 1554 606 1555
f 683 686 376
f 600 2393 603
f 374 375 382
f 1155 1160 1157
f 372 376 375
f 492 490 2204
f 1161 2185 1721
f 684 692 691
f 1721 2185 492
f 683 684 686
f 1690 576 1692
f 597 602 601
f 1978 1982 1980
f 1841 777 779
f 1923 1926 488
f 1923 1925 692
f 381 382 2190
f 1926 2204 490
f 835 839 838
f 1555 606 602
f 716 2064 1169
f 2191 2192 2440
f 1978 1313 1310
f 372 375 374
f 597 600 603
f 498 506 2503
f 1980 588 596
f 2393 2432 603
f 2451 2261 2065
f 374 382 381
f 199 946 200
f 1163 1726 2432
f 1160 1726 1163
f 835 838 837
f 2157 2454 532
f 1155 1161 1159
f 372 377 376
f 683 376 377
f 1459 1460 1252
f 2226 1314 1313
f 2451 779 2261
f 715 1170 2065
f 2068 2440 2069
f 199 945 944
f 2189 2190 2192
f 492 2204 2203
f 1159 1161 1721
f 2064 1314 2226
f 1978 1310 1982
f 589 594 596
f 1155 1158 1160
f 1459 1252 2129
f 684 688 692
f 2069 594 595
f 1980 1982 588
f 716 1170 715
f 1908 1923 692
f 1514 1237 1220
f 597 598 602
f 2191 2440 2068
f 1721 492 1707
f 683 685 684
f 1923 1924 1926
f 2120 381 2190
f 372 374 373
f 1555 602 598
f 2331 2204 1926
f 2189 2192 2191
f 1158 1726 1160
f 1514 1220 1517
f 839 843 842
f 842 843 1237
f 589 596 588
f 2207 603 2432
f 2157 837 2454
f 492 2203 1707
f 683 377 687
f 1155 1159 1158
f 372 373 377
f 2207 2432 1726
f 1999 1260 1461
f 1460 1461 1255
f 1309 1310 1313
f 597 603 599
f 685 688 684
f 1908 692 688
f 374 381 380
f 1908 1924 1923
f 2331 2203 2204
f 2189 2120 2190
f 776 777 2385
f 683 687 685
f 589 595 594
f 2331 1926 1924
f 1309 1313 1314
f 1159 1721 1724
f 502 498 2418
f 776 2385 2129
f 716 718 2064
f 597 599 598
f 722 2065 2261
f 373 374 380
f 1721 1707 1724
f 1999 1517 1260
f 2067 2069 595
f 2067 2068 2069
f 504 572 506
f 380 381 2120
f 715 2065 722
f 2064 718 1314
f 378 687 377
f 1158 1725 1726
f 373 378 377
f 773 779 777
f 2207 1726 1725
f 1555 598 1557
f 1460 1255 1252
f 504 573 572
f 2207 2208 603
f 778 2261 779
f 1311 1982 1310
f 2208 599 603
f 2331 1706 2203
f 685 687 690
f 1707 2203 1706
f 1159 1722 1158
f 2191 2068 370
f 1159 1724 1723
f 2189 2191 370
f 588 1982 587
f 1908 479 1924
f 1907 1908 688
f 1309 1311 1310
f 2331 1924 480
f 685 689 688
f 528 533 532
f 528 529 535
f 1260 1255 1461
f 378 690 687
f 589 593 595
f 1253 2129 1252
f 714 716 715
f 598 599 2330
f 380 2120 2119
f 586 589 588
f 1159 1723 1722
f 2189 1781 2120
f 773 777 776
f 1707 1708 1724
f 714 718 716
f 480 1924 479
f 1158 1703 1725
f 685 690 689
f 373 380 379
f 778 722 2261
f 1907 479 1908
f 373 379 378
f 1907 688 689
f 2067 595 593
f 598 2330 1557
f 1253 776 2129
f 529 1692 535
f 1309 1314 1312
f 1220 1237 1219
f 1158 1722 1703
f 843 1219 1237
f 773 778 779
f 1704 1707 1706
f 2331 476 1706
f 1723 1724 1708
f 2331 480 476
f 2119 2120 1781
f 1702 2207 1725
f 371 2068 2067
f 586 588 587
f 2289 1982 1311
f 2289 587 1982
f 717 715 722
f 1702 2208 2207
f 1704 1708 1707
f 371 370 2068
f 2208 2361 599
f 719 1314 718
f 378 932 690
f 586 593 589
f 1309 1312 1311
f 2330 599 2361
f 533 2157 532
f 835 840 839
f 2189 370 366
f 2417 2419 1180
f 380 2119 947
f 1220 1221 1517
f 2189 366 1781
f 378 379 932
f 1702 1725 1703
f 1722 1723 2381
f 689 690 933
f 714 715 717
f 839 840 843
f 379 380 947
f 473 480 479
f 481 479 1907
f 1260 1517 1221
f 1723 1708 2381
f 1312 1314 719
f 835 837 836
f 1907 689 1741
f 1557 2330 2142
f 933 690 932
f 2119 1781 947
f 473 476 480
f 1704 1706 478
f 476 478 1706
f 714 719 718
f 2067 593 2066
f 1703 1722 847
f 2205 2361 2208
f 1251 1252 1255
f 371 2067 2066
f 1702 2205 2208
f 586 587 590
f 473 479 481
f 481 1907 1741
f 1704 1705 1708
f 1722 2381 847
f 778 723 722
f 1742 689 933
f 2289 590 587
f 2359 2330 2361
f 1251 1253 1252
f 1742 1741 689
f 836 837 2157
f 845 1702 1703
f 717 722 723
f 360 370 371
f 2359 2142 2330
f 379 937 932
f 308 1692 576
f 2595 2381 1708
f 360 366 370
f 1312 2290 1311
f 1704 478 1705
f 2289 1311 2290
f 845 1703 847
f 573 574 576
f 474 476 473
f 931 933 932
f 369 947 1781
f 586 592 593
f 474 478 476
f 369 1781 366
f 1253 1256 776
f 773 776 775
f 379 947 948
f 2595 1708 1705
f 2205 2362 2361
f 1260 1254 1255
f 2359 2361 2362
f 773 774 778
f 931 932 937
f 936 1742 933
f 2066 593 592
f 379 948 937
f 79 1220 1219
f 481 1741 1740
f 473 481 475
f 847 2381 851
f 1702 2206 2205
f 714 720 719
f 1530 1741 1742
f 931 936 933
f 2289 2291 590
f 714 717 721
f 2419 200 763
f 586 590 591
f 845 846 1702
f 1587 1312 719
f 843 84 1219
f 2359 2141 2142
f 2417 1180 502
f 851 2381 2595
f 371 2066 365
f 835 836 840
f 2528 1705 478
f 79 1221 1220
f 210 474 473
f 360 371 365
f 481 1740 475
f 474 477 478
f 528 535 534
f 1950 2142 2141
f 1530 1740 1741
f 499 506 498
f 1530 1742 936
f 2289 2290 2291
f 528 534 533
f 778 774 723
f 1702 846 2206
f 2205 2557 2362
f 844 845 847
f 2595 1705 2539
f 1256 775 776
f 210 473 475
f 1587 2290 1312
f 586 591 592
f 1251 1255 1254
f 1251 1256 1253
f 369 1782 947
f 361 366 360
f 717 723 721
f 2359 2362 2360
f 931 937 935
f 361 369 366
f 947 1782 948
f 477 2528 478
f 2205 2206 2557
f 844 847 851
f 714 721 720
f 2528 2539 1705
f 843 840 84
f 308 535 1692
f 773 775 774
f 2359 2360 2141
f 1222 1260 1221
f 591 590 2291
f 931 934 936
f 948 1330 937
f 844 846 845
f 210 211 474
f 474 211 477
f 719 720 1586
f 851 2595 854
f 2362 2557 2360
f 2066 592 2477
f 931 935 934
f 937 1330 935
f 1587 719 1586
f 1530 1531 1740
f 2595 2539 854
f 2066 2477 365
f 1530 936 1528
f 533 2158 2157
f 475 1740 1931
f 1222 1254 1260
f 79 1219 84
f 210 475 209
f 1528 936 934
f 359 360 365
f 2206 2263 2557
f 846 2209 2206
f 369 367 1782
f 948 2565 1330
f 1931 1740 1531
f 361 367 369
f 948 1782 2565
f 477 803 2528
f 477 211 212
f 1525 1531 1530
f 2291 2290 2386
f 836 2157 1688
f 2444 2141 2360
f 359 361 360
f 499 504 506
f 2528 805 2539
f 504 574 573
f 2444 1951 2141
f 204 211 210
f 844 851 849
f 2497 592 591
f 1525 1530 1528
f 844 850 846
f 209 475 1931
f 574 308 576
f 849 851 854
f 1326 934 935
f 2264 2360 2557
f 2209 2263 2206
f 477 212 803
f 1326 935 1330
f 2539 805 854
f 204 210 209
f 1588 2290 1587
f 846 850 2209
f 204 212 211
f 591 2291 2500
f 803 805 2528
f 2264 2557 2263
f 723 1002 721
f 2505 2477 592
f 723 774 1002
f 1528 934 1327
f 1525 1526 1531
f 1931 1531 1526
f 1688 2157 2158
f 2505 592 2497
f 1585 720 721
f 365 2477 364
f 1588 2386 2290
f 1585 1586 720
f 1090 1330 2565
f 1326 1327 934
f 1251 1258 1256
f 1584 1587 1586
f 2291 2386 2500
f 79 80 1221
f 1256 2130 775
f 359 365 364
f 2496 2497 591
f 2444 2360 2445
f 367 1652 1782
f 1524 1525 1528
f 361 368 367
f 1326 1330 1090
f 1782 1089 2565
f 844 848 850
f 206 803 212
f 1927 209 1931
f 844 849 848
f 2264 2445 2360
f 204 206 212
f 849 854 853
f 853 854 805
f 204 209 203
f 2496 591 2500
f 1524 1526 1525
f 775 1780 774
f 359 362 361
f 2253 2263 2209
f 1930 1931 1526
f 80 1222 1221
f 1251 1254 1257
f 2253 2264 2263
f 1528 1327 1328
f 886 2209 850
f 1584 1588 1587
f 800 805 803
f 1652 1089 1782
f 836 1685 840
f 1090 2565 1089
f 1927 1931 1930
f 2444 2445 1952
f 1927 203 209
f 361 362 368
f 1524 1528 1328
f 2505 2373 2477
f 368 1652 367
f 1584 1586 1585
f 364 2477 2373
f 206 800 803
f 1094 1327 1326
f 886 2253 2209
f 1091 1326 1090
f 2505 2497 2498
f 199 944 946
f 848 886 850
f 201 206 204
f 2496 2498 2497
f 201 204 203
f 497 498 502
f 1222 1259 1254
f 1256 1258 2130
f 1524 1527 1526
f 849 853 852
f 1930 1526 1527
f 2264 2266 2445
f 775 2130 1780
f 2253 2266 2264
f 849 852 848
f 1003 1585 721
f 1003 721 1002
f 2500 2386 2387
f 804 853 805
f 1094 1328 1327
f 1588 2387 2386
f 83 84 840
f 1251 1257 1258
f 1091 1094 1326
f 311 534 535
f 800 804 805
f 359 364 363
f 533 2179 2158
f 308 311 535
f 533 534 2179
f 2559 1952 2445
f 1927 202 203
f 1007 1002 774
f 359 363 362
f 1927 1930 1929
f 2496 2500 2499
f 78 79 84
f 1524 1328 1529
f 990 1090 1089
f 2105 1089 1652
f 207 800 206
f 1648 368 362
f 1684 836 1688
f 2505 2375 2373
f 201 203 202
f 368 1651 1652
f 990 1091 1090
f 1930 1527 1929
f 1007 774 1780
f 1524 1529 1527
f 2505 2498 2375
f 2496 2499 2498
f 1259 1257 1254
f 201 207 206
f 886 887 2253
f 1927 1928 202
f 1927 1929 1928
f 881 886 848
f 1584 1590 1588
f 1683 364 2373
f 2253 2265 2266
f 2390 2445 2266
f 1094 1329 1328
f 883 852 853
f 2500 2387 2430
f 1648 1651 368
f 1584 1585 1589
f 1651 2105 1652
f 2559 2445 2513
f 804 883 853
f 2419 763 1180
f 1088 1094 1091
f 78 80 79
f 2500 2430 2499
f 880 848 852
f 1648 362 1650
f 1588 2388 2387
f 1329 1529 1328
f 800 801 804
f 200 946 763
f 497 499 498
f 362 363 1650
f 989 1089 2105
f 201 202 205
f 363 364 1683
f 207 801 800
f 2253 887 2265
f 990 1089 989
f 1929 1527 2255
f 83 840 1685
f 1684 1685 836
f 881 887 886
f 990 1088 1091
f 2390 2513 2445
f 1683 2373 2375
f 2265 2390 2266
f 1921 1585 1003
f 880 881 848
f 1588 1590 2388
f 1529 2221 1527
f 1928 2376 202
f 201 208 207
f 2543 2498 2499
f 1929 2254 1928
f 2130 1258 1962
f 2543 2375 2498
f 1584 1589 1590
f 80 1223 1222
f 1094 1093 1329
f 880 852 883
f 1088 1093 1094
f 2376 205 202
f 1688 2158 1687
f 1527 2221 2255
f 201 205 208
f 1589 1585 1921
f 1222 1223 1259
f 1648 1649 1651
f 1780 2130 2262
f 1929 2255 2254
f 1648 1650 1649
f 1001 1003 1002
f 1651 2104 2105
f 1987 804 801
f 78 84 83
f 1987 883 804
f 1928 2254 2376
f 1398 1402 945
f 1329 2115 1529
f 989 2105 2104
f 207 802 801
f 1001 1002 1007
f 990 992 1088
f 988 990 989
f 2428 2430 2387
f 1650 363 1664
f 2265 887 2389
f 1529 2115 2221
f 881 888 887
f 2428 2387 2388
f 207 208 802
f 2265 2391 2390
f 2429 2499 2430
f 1007 1780 1779
f 2390 2512 2513
f 2376 2545 205
f 1961 1258 1257
f 1259 1261 1257
f 1683 2375 2374
f 2130 1962 2262
f 1682 363 1683
f 988 992 990
f 1565 1329 1093
f 2545 208 205
f 504 575 574
f 880 885 881
f 1088 1092 1093
f 1649 1696 1651
f 1649 1650 1664
f 2429 2543 2499
f 2221 2473 2255
f 2254 2255 2473
f 2543 2374 2375
f 2158 2179 1687
f 1651 1696 2104
f 1921 1003 1008
f 1684 1688 1687
f 2389 887 888
f 880 883 882
f 1565 2115 1329
f 1987 1989 883
f 802 1988 801
f 1987 801 1988
f 2265 2389 2391
f 992 1092 1088
f 574 307 308
f 78 81 80
f 2376 2254 2476
f 2390 2391 2512
f 1780 2262 1779
f 881 885 888
f 2388 1590 2045
f 1961 1962 1258
f 1682 1664 363
f 2511 2513 2512
f 989 2104 991
f 988 989 991
f 883 1989 882
f 2428 2429 2430
f 2376 2476 2545
f 1589 1922 1590
f 80 81 1223
f 1001 1008 1003
f 1564 1565 1093
f 2115 2116 2221
f 1564 1093 1092
f 2545 2348 208
f 2022 802 208
f 2116 2473 2221
f 1259 1223 1261
f 499 505 504
f 2428 2388 2045
f 880 884 885
f 2474 2254 2473
f 1589 1921 1920
f 1649 1664 1659
f 1649 1659 1696
f 880 882 884
f 2474 2476 2254
f 988 993 992
f 2022 208 2348
f 1987 1679 1989
f 2020 1988 802
f 1565 2117 2115
f 1683 2374 1125
f 1682 1683 1125
f 2389 888 2392
f 1922 2045 1590
f 1987 1988 1990
f 1696 2478 2104
f 888 885 2453
f 2389 460 2391
f 2542 2374 2543
f 2542 2543 2429
f 988 991 993
f 992 116 1092
f 1007 1779 1006
f 1964 1257 1261
f 2020 802 2022
f 1921 1008 1920
f 1001 1007 1006
f 1564 1092 1567
f 501 502 1180
f 2476 2581 2545
f 991 2104 2478
f 2510 2511 2512
f 1989 1679 882
f 2545 2581 2348
f 1684 1686 1685
f 461 2512 2391
f 2111 2116 2115
f 1564 1566 1565
f 1589 1920 1922
f 1399 1401 1398
f 311 310 534
f 310 2179 534
f 1961 1257 1964
f 1987 1990 1679
f 888 2453 2392
f 2475 2473 2116
f 2111 2115 2117
f 304 311 308
f 1682 1663 1664
f 2469 2474 2473
f 992 993 116
f 1565 1566 2117
f 2020 1990 1988
f 2389 2392 460
f 1962 1963 2262
f 1658 1659 1664
f 1092 116 1567
f 2349 83 1685
f 1564 1567 1566
f 1502 885 884
f 2428 1800 2429
f 2474 2470 2476
f 2510 2512 461
f 2469 2473 2475
f 461 2391 460
f 1659 1660 1696
f 2022 2348 2023
f 1502 2453 885
f 1680 884 882
f 1961 1963 1962
f 78 83 82
f 1658 1664 1663
f 2476 2577 2581
f 2023 2348 2581
f 2428 2045 1799
f 1696 1660 2478
f 991 2540 993
f 1677 882 1679
f 2475 2116 2112
f 2111 2112 2116
f 2469 2470 2474
f 991 2478 2541
f 2452 2392 2453
f 2018 2020 2022
f 78 86 81
f 2470 2577 2476
f 2431 2542 2429
f 1001 1004 1008
f 2262 2128 1779
f 2020 2021 1990
f 2111 2117 2110
f 1566 2110 2117
f 1658 1660 1659
f 2374 1126 1125
f 497 502 501
f 504 505 575
f 1682 1125 1123
f 1680 1502 884
f 1677 1680 882
f 2542 1126 2374
f 81 86 1223
f 991 2541 2540
f 1682 1123 1663
f 1566 1567 113
f 1502 2452 2453
f 2018 2022 2023
f 113 1567 116
f 2044 2045 1922
f 1800 2431 2429
f 2349 1685 1686
f 1679 1990 1681
f 2428 1799 1800
f 1223 2433 1261
f 1920 1008 1004
f 460 2392 464
f 993 115 116
f 1684 1687 1689
f 304 308 307
f 2018 2021 2020
f 2469 2475 2472
f 459 461 460
f 2510 461 2260
f 2094 1687 2179
f 2577 2024 2581
f 2023 2581 2024
f 2540 115 993
f 2452 464 2392
f 1677 1679 1681
f 2475 2112 2472
f 2128 1006 1779
f 2469 2471 2470
f 1922 1920 2047
f 2021 2461 1990
f 1963 2128 2262
f 2108 2112 2111
f 2108 2111 2110
f 1658 1663 1662
f 2044 1799 2045
f 1964 1261 2433
f 1001 1006 1005
f 2470 2578 2577
f 1684 1689 1686
f 459 460 464
f 1660 983 2478
f 1681 1990 2461
f 2541 2478 983
f 2469 2472 2471
f 1502 1503 2452
f 1566 119 2110
f 1680 1499 1502
f 1658 1661 1660
f 1566 113 119
f 1961 1964 650
f 110 113 116
f 1122 1123 1125
f 1123 1662 1663
f 2577 2578 2024
f 1122 1125 1126
f 1677 1498 1680
f 82 83 2350
f 2431 1292 2542
f 2349 2350 83
f 2018 2023 1880
f 574 1037 307
f 1001 1005 1004
f 2044 1922 2047
f 459 462 461
f 2541 984 2540
f 1503 464 2452
f 110 116 115
f 461 462 2260
f 2018 2019 2021
f 2542 1292 1126
f 574 575 1037
f 497 503 499
f 1961 648 1963
f 1658 1662 1661
f 1880 2023 2024
f 2113 2472 2112
f 2019 2461 2021
f 2470 2471 2579
f 78 82 85
f 2470 2579 2578
f 2108 2113 2112
f 1498 1499 1680
f 2540 984 115
f 78 85 86
f 2108 2110 2109
f 1677 1681 1678
f 2345 1920 1004
f 1494 1503 1502
f 1800 1291 2431
f 1494 1502 1499
f 2345 2047 1920
f 2110 119 2109
f 2541 983 984
f 1677 1678 1498
f 2471 2472 2580
f 1797 1800 1799
f 459 464 463
f 111 119 113
f 2094 2179 310
f 1961 650 648
f 624 1681 2461
f 110 111 113
f 2578 2585 2024
f 1661 1665 1660
f 2018 1881 2019
f 2018 1880 1881
f 304 310 311
f 1660 1665 983
f 1500 464 1503
f 459 463 462
f 624 2461 2019
f 2431 1291 1292
f 2471 2580 2579
f 2113 2446 2472
f 86 2238 1223
f 110 115 114
f 2128 2126 1006
f 1123 2514 1662
f 2260 462 1424
f 2579 2585 2578
f 2044 1798 1799
f 1223 2238 2433
f 2472 2446 2580
f 1122 1124 1123
f 1005 1006 2126
f 1122 1126 1127
f 1493 1499 1498
f 499 503 505
f 2108 2114 2113
f 1661 1662 1666
f 1880 2024 1882
f 2108 2109 2114
f 2159 2128 1963
f 1797 1291 1800
f 1964 2433 649
f 1494 1500 1503
f 1293 1126 1292
f 115 984 987
f 1428 463 464
f 1678 1681 625
f 650 1964 649
f 1493 1494 1499
f 1500 1428 464
f 115 987 114
f 2024 2585 1882
f 625 1681 624
f 1533 2109 119
f 648 2159 1963
f 110 112 111
f 1678 1497 1498
f 1797 1799 1798
f 1124 2514 1123
f 111 118 119
f 2044 2047 2046
f 1293 1127 1126
f 977 984 983
f 623 624 2019
f 1661 1666 1665
f 2349 1686 2351
f 1881 623 2019
f 2095 1689 1687
f 2514 1666 1662
f 1878 1881 1880
f 2355 2446 2113
f 110 114 117
f 1423 462 463
f 1122 1127 1124
f 1493 1498 1497
f 1714 2579 2580
f 2095 1687 2094
f 982 983 1665
f 2579 1712 2585
f 1533 2114 2109
f 2345 1004 2346
f 1423 1424 462
f 2355 2113 2114
f 2345 2347 2047
f 1878 1880 1882
f 978 987 984
f 1686 1689 2351
f 110 117 112
f 118 1533 119
f 2354 2580 2446
f 1005 2127 1004
f 1678 625 1497
f 1493 1495 1494
f 111 112 118
f 1427 463 1428
f 1494 1501 1500
f 2044 2046 1798
f 977 978 984
f 977 983 982
f 117 114 987
f 1287 1292 1291
f 1714 1712 2579
f 2395 82 2350
f 1429 1428 1500
f 1423 463 1427
f 2354 1714 2580
f 2355 2354 2446
f 1881 1815 623
f 1715 1882 2585
f 1878 1815 1881
f 1494 1495 1501
f 619 625 624
f 1287 1293 1292
f 1797 1294 1291
f 945 1402 944
f 619 624 623
f 85 82 2395
f 646 648 650
f 2047 2347 2046
f 1493 1497 1496
f 1715 2585 1712
f 1493 1496 1495
f 1004 2127 2346
f 1427 1428 1429
f 810 2126 2128
f 1429 1500 1501
f 1666 1856 1665
f 2345 2346 2347
f 2349 2352 2350
f 118 112 1532
f 1878 1882 1879
f 112 117 1532
f 646 650 649
f 2514 1144 1666
f 1533 2402 2114
f 1423 957 1424
f 2355 2114 2353
f 979 987 978
f 1124 871 2514
f 811 2128 2159
f 1288 1127 1293
f 1124 1127 870
f 625 628 1497
f 1857 982 1665
f 812 1005 2126
f 86 85 2239
f 649 2433 653
f 1797 1798 1801
f 1287 1291 1294
f 977 979 978
f 1715 1937 1882
f 985 117 987
f 118 1534 1533
f 763 756 1180
f 1937 1879 1882
f 304 307 306
f 1482 2354 2355
f 939 1712 1714
f 977 982 981
f 1423 1427 1426
f 2238 653 2433
f 2353 2114 2402
f 2354 1713 1714
f 619 620 625
f 1878 878 1815
f 1857 1665 1856
f 622 623 1815
f 648 249 2159
f 1495 1504 1501
f 1496 1497 1647
f 86 2239 2238
f 1495 1496 1504
f 1287 1288 1293
f 1797 1801 1294
f 619 623 622
f 1427 1429 1426
f 1666 1144 1856
f 812 2127 1005
f 979 985 987
f 1798 2046 1802
f 2514 871 1144
f 1288 870 1127
f 940 1715 1712
f 620 628 625
f 1878 1879 878
f 1124 870 871
f 1482 2355 2353
f 1534 2402 1533
f 2349 2351 2352
f 1497 628 1647
f 810 2128 811
f 1857 981 982
f 118 1532 1535
f 939 1714 1713
f 1429 1501 1537
f 1423 1425 957
f 307 1037 306
f 117 2211 1532
f 939 940 1712
f 1423 1426 1425
f 1482 1484 2354
f 646 249 648
f 2354 1484 1713
f 118 1535 1534
f 1801 1798 1802
f 622 1815 878
f 2395 2350 2352
f 1496 1647 1504
f 1716 1937 1715
f 2347 2508 2046
f 1537 1501 1504
f 977 980 979
f 812 2126 810
f 985 2211 117
f 1536 1426 1429
f 619 621 620
f 1937 879 1879
f 501 1180 756
f 977 981 980
f 940 1716 1715
f 619 622 621
f 2074 2347 2346
f 1536 1429 1537
f 2323 2351 1689
f 1879 879 878
f 811 2159 249
f 1479 1482 2353
f 2095 2323 1689
f 1478 2353 2402
f 1532 2211 1535
f 1287 1294 1295
f 1425 17 957
f 620 627 628
f 646 649 647
f 628 627 1647
f 2073 2346 2127
f 1716 879 1937
f 2093 2094 310
f 1287 1289 1288
f 938 940 939
f 939 1713 942
f 979 986 985
f 1855 1857 1856
f 1425 1426 18
f 1857 1718 981
f 2241 85 2395
f 505 1324 575
f 1143 1856 1144
f 1536 47 1426
f 1802 2046 2329
f 1534 2403 2402
f 1801 1295 1294
f 1288 873 870
f 647 649 653
f 1900 1504 1647
f 872 1144 871
f 1537 1504 1538
f 867 871 870
f 1479 2353 1478
f 2074 2508 2347
f 1713 1484 1483
f 1476 1484 1482
f 2508 2329 2046
f 877 878 879
f 657 622 878
f 621 622 626
f 1536 1537 44
f 621 174 620
f 938 939 942
f 979 980 986
f 1476 1482 1479
f 1478 2402 2403
f 1037 575 1324
f 940 943 1716
f 1538 1504 1900
f 2239 85 2241
f 981 1718 980
f 985 2212 2211
f 2093 2095 2094
f 1534 1535 2404
f 1713 1483 942
f 2074 2346 2073
f 620 174 627
f 812 1542 2127
f 1855 1718 1857
f 938 943 940
f 1647 627 2364
f 1289 873 1288
f 877 657 878
f 304 309 310
f 1855 1856 1143
f 1900 1647 2364
f 1801 1802 1016
f 985 986 2212
f 872 1143 1144
f 1476 1483 1484
f 2238 1141 653
f 867 870 873
f 658 626 622
f 621 626 174
f 867 872 871
f 1534 2404 2403
f 1287 1290 1289
f 1542 2073 2127
f 1287 1295 1290
f 1716 1938 879
f 657 658 622
f 1535 2211 1875
f 877 879 659
f 497 500 503
f 304 306 305
f 807 812 810
f 1475 1479 1478
f 646 248 249
f 497 501 500
f 938 942 941
f 1802 2329 1016
f 806 810 811
f 1475 1476 1479
f 1716 943 1938
f 1801 1017 1295
f 877 659 657
f 2404 1535 1875
f 938 941 943
f 174 175 627
f 1900 2364 43
f 2212 1877 2211
f 627 175 2364
f 1483 1871 942
f 1938 659 879
f 646 647 248
f 173 174 626
f 2395 2352 2397
f 2239 1142 2238
f 1478 2403 1473
f 173 626 658
f 1604 980 1718
f 1476 1480 1483
f 245 811 249
f 986 980 1605
f 1801 1016 1017
f 1877 1875 2211
f 2074 1932 2508
f 941 942 1871
f 2352 2351 2324
f 1855 1717 1718
f 1475 1478 1473
f 2508 1932 2329
f 1289 875 873
f 505 503 1183
f 1855 1143 1145
f 2327 2212 986
f 2241 2395 2397
f 2404 2558 2403
f 654 658 657
f 647 653 652
f 806 807 810
f 175 48 2364
f 872 876 1143
f 1483 1480 1871
f 656 657 659
f 1475 1477 1476
f 867 873 869
f 171 174 173
f 2238 1142 1141
f 171 175 174
f 1289 1290 875
f 2071 2074 2073
f 867 868 872
f 2324 2351 2323
f 654 173 658
f 1604 1605 980
f 2558 1473 2403
f 2095 2098 2323
f 813 1542 812
f 943 941 1868
f 1477 1480 1476
f 943 1868 1938
f 2327 1877 2212
f 652 653 1141
f 660 659 1938
f 1296 1290 1295
f 1604 1718 1717
f 806 811 245
f 304 305 309
f 654 657 656
f 2327 986 1605
f 1855 1145 1717
f 762 763 946
f 1542 1543 2073
f 1296 1295 1017
f 2404 1875 1876
f 807 813 812
f 876 1145 1143
f 1015 1016 2329
f 656 659 660
f 869 873 875
f 244 249 248
f 1867 941 1871
f 868 876 872
f 2404 1876 2558
f 2071 1932 2074
f 1475 1473 633
f 171 173 172
f 1380 1875 1877
f 171 35 175
f 654 172 173
f 2093 2098 2095
f 867 869 868
f 1037 1325 306
f 2093 310 2099
f 244 245 249
f 1475 633 1477
f 1872 1871 1480
f 2239 2241 2240
f 1015 2329 1932
f 1867 1868 941
f 2071 2073 1543
f 955 1017 1016
f 660 1938 2028
f 2327 1381 1877
f 1472 1473 2558
f 1868 2028 1938
f 647 651 248
f 1867 1871 1872
f 1380 1877 1381
f 1477 1481 1480
f 36 171 172
f 2099 310 309
f 875 1290 1243
f 654 656 655
f 1379 1875 1380
f 656 660 661
f 1379 1876 1875
f 813 1543 1542
f 654 46 172
f 636 633 1473
f 647 652 651
f 955 1016 1015
f 1872 1480 1481
f 1243 1290 1296
f 1602 1605 1604
f 1604 1717 1603
f 2239 2240 1142
f 636 1473 1472
f 505 1183 1324
f 1720 1717 1145
f 1606 2327 1605
f 806 808 807
f 876 1146 1145
f 2558 1876 1471
f 956 1296 1017
f 1477 633 634
f 656 661 655
f 654 655 46
f 660 2028 661
f 869 875 874
f 1472 2558 1471
f 1037 1324 1325
f 868 388 876
f 2456 2397 2352
f 1477 634 1481
f 1867 1869 1868
f 2327 1376 1381
f 955 956 1017
f 1370 1380 1381
f 807 808 813
f 1138 652 1141
f 1602 1604 1603
f 1867 1872 1870
f 305 306 1355
f 1603 1717 1720
f 2241 2397 2396
f 1602 1606 1605
f 1370 1379 1380
f 1720 1145 1146
f 869 387 868
f 1138 1141 1142
f 2026 2028 1868
f 630 633 636
f 2456 2352 2324
f 875 1243 874
f 1934 1932 2071
f 244 248 247
f 1896 1872 1481
f 1606 1376 2327
f 806 245 809
f 876 388 1146
f 1018 1015 1932
f 2028 1833 661
f 630 634 633
f 1379 1378 1876
f 1832 655 661
f 1867 1870 1869
f 2026 1868 1869
f 635 636 1472
f 2071 1543 2070
f 1370 1381 1376
f 2322 2323 2098
f 1297 1243 1296
f 2322 2324 2323
f 1896 1870 1872
f 1378 1471 1876
f 956 1297 1296
f 248 651 247
f 244 246 245
f 635 1472 1471
f 813 1540 1543
f 2241 2396 2240
f 1832 661 1833
f 869 874 387
f 868 387 388
f 1832 45 655
f 500 1183 503
f 806 809 808
f 1895 1481 634
f 630 636 635
f 955 1015 950
f 1371 1379 1370
f 2028 1834 1833
f 2026 1834 2028
f 1895 1896 1481
f 1018 1932 1934
f 951 956 955
f 1934 2071 2070
f 1371 1378 1379
f 1137 651 652
f 306 1325 1355
f 305 1355 309
f 1602 1603 1607
f 1603 1720 1719
f 1540 2070 1543
f 630 631 634
f 1602 1608 1606
f 1720 1146 2304
f 1869 1870 2030
f 245 246 809
f 57 1832 1833
f 244 247 246
f 813 808 1539
f 1896 1897 1870
f 950 1015 1018
f 1137 652 1138
f 1606 1373 1376
f 2026 1869 2027
f 388 384 1146
f 1150 874 1243
f 635 1471 1247
f 1895 634 631
f 1369 1370 1376
f 1378 1247 1471
f 57 1833 1834
f 951 955 950
f 2396 2397 2456
f 2093 2096 2098
f 1297 1152 1243
f 956 952 1297
f 630 635 632
f 1895 1897 1896
f 1138 1142 1140
f 2026 2029 1834
f 1369 1371 1370
f 1603 1719 1607
f 1602 1607 1608
f 1869 2030 2027
f 1870 1897 2030
f 2240 1974 1142
f 1719 1720 2304
f 383 388 387
f 1233 387 874
f 813 1541 1540
f 951 952 956
f 1606 1608 1373
f 384 2304 1146
f 630 632 631
f 2026 2027 2029
f 1150 1243 1152
f 383 384 388
f 1371 1374 1378
f 1369 1376 1373
f 1150 1233 874
f 813 1539 1541
f 58 1834 2029
f 651 1139 247
f 501 756 757
f 1297 952 1152
f 808 809 1544
f 635 1247 1248
f 1895 631 1898
f 635 1248 632
f 1378 1246 1247
f 1369 1374 1371
f 1018 1934 1933
f 1140 1142 1974
f 1895 1899 1897
f 2573 2030 1897
f 760 756 763
f 808 1544 1539
f 2322 2098 2096
f 949 951 950
f 1137 1139 651
f 2027 2030 2032
f 1540 2148 2070
f 2093 2099 2097
f 1378 1374 1246
f 2100 946 944
f 501 757 500
f 2228 631 632
f 2027 2031 2029
f 949 952 951
f 1934 2070 2072
f 1232 387 1233
f 383 387 386
f 950 1018 1019
f 1608 1607 1972
f 1719 2316 1607
f 2573 2032 2030
f 2322 2326 2324
f 1895 1898 1899
f 2456 2324 2326
f 1719 2304 2317
f 2396 2455 2240
f 2228 1898 631
f 1970 1373 1608
f 2027 2032 2031
f 2573 1897 2574
f 384 1631 2304
f 1540 1541 2148
f 1137 1138 1119
f 383 385 384
f 2574 1897 1899
f 246 247 2314
f 62 2029 2031
f 246 2315 809
f 1151 1233 1150
f 1369 1373 1372
f 1232 386 387
f 1138 1140 1119
f 288 1150 1152
f 1018 1933 1019
f 1934 2072 1933
f 1972 1607 2316
f 1369 1375 1374
f 1970 1608 1972
f 1719 2317 2316
f 2240 2455 1974
f 1244 1248 1247
f 2093 2097 2096
f 632 1248 732
f 1244 1247 1246
f 2228 632 732
f 2070 2148 2072
f 287 1152 952
f 949 950 954
f 1631 2317 2304
f 1151 1232 1233
f 2573 2563 2032
f 383 386 385
f 2534 1544 809
f 385 1631 384
f 1970 1372 1373
f 2099 309 1353
f 2078 1246 1374
f 2573 2574 2563
f 247 1139 2314
f 2031 2032 63
f 949 953 952
f 288 1151 1150
f 950 1019 954
f 2228 2229 1898
f 1539 1545 1541
f 1304 2574 1899
f 1898 1308 1899
f 1369 1372 1377
f 2078 1374 1375
f 1539 1544 1545
f 2534 809 2315
f 1369 1377 1375
f 2563 63 2032
f 288 1152 287
f 246 2314 2315
f 1324 1183 1936
f 2396 2456 2184
f 2228 732 2229
f 2563 2574 1304
f 287 952 953
f 2078 1249 1246
f 1244 1246 1249
f 733 732 1248
f 1137 1120 1139
f 1244 733 1248
f 1898 2229 1308
f 760 763 762
f 1308 1304 1899
f 1355 1325 1354
f 949 954 953
f 1232 2267 386
f 1970 1972 1971
f 2411 2148 1541
f 1347 309 1355
f 1972 2316 2495
f 1324 1935 1325
f 385 386 2038
f 1151 1230 1232
f 1137 1119 1120
f 1140 1974 1118
f 1632 2317 1631
f 2317 2438 2316
f 385 1634 1631
f 1970 1617 1372
f 1019 1933 1830
f 1305 2563 1304
f 2077 2078 1375
f 1140 1118 1119
f 1230 2267 1232
f 2534 2414 1544
f 1933 2072 1830
f 1971 1972 2495
f 288 292 1151
f 2396 2184 2455
f 728 2229 732
f 2411 1541 1545
f 2075 1249 2078
f 2322 2096 2325
f 1305 31 2563
f 2072 2148 2412
f 1372 1973 1377
f 385 2038 1634
f 1545 1544 2414
f 1970 1971 1617
f 386 2267 2103
f 1244 1249 1245
f 1632 2438 2317
f 1303 1304 1308
f 2316 2438 2495
f 1377 2083 1375
f 386 2103 2038
f 726 732 733
f 2099 1353 2097
f 2075 2078 2077
f 1308 2229 729
f 292 1230 1151
f 1829 954 1019
f 2456 2326 2523
f 2322 2325 2326
f 286 288 287
f 1630 1632 1631
f 1303 1305 1304
f 1244 731 733
f 1630 1631 1634
f 2222 2314 1139
f 726 728 732
f 2077 1375 2083
f 1617 1973 1372
f 2411 2412 2148
f 728 729 2229
f 2075 1245 1249
f 287 953 290
f 954 1179 953
f 2100 762 946
f 1570 1974 2455
f 1303 1308 1307
f 286 292 288
f 1377 1973 2083
f 1120 2222 1139
f 1244 1245 731
f 1307 1308 729
f 1829 1019 1830
f 2312 2534 2315
f 1230 2102 2267
f 2313 2315 2314
f 2184 2456 2523
f 1612 1971 2495
f 726 733 731
f 1303 15 1305
f 2103 2267 2102
f 1347 1353 309
f 1617 1971 1612
f 2038 1558 1634
f 1118 1974 1570
f 286 287 290
f 2075 2077 2076
f 1829 1179 954
f 2038 2103 1558
f 2312 2414 2534
f 2072 2538 1830
f 1632 1633 2438
f 292 1231 1230
f 2072 2412 2538
f 1630 1633 1632
f 290 953 1179
f 500 1182 1183
f 2075 2076 1245
f 1613 2495 2438
f 1303 1307 1306
f 2076 2077 2083
f 724 729 728
f 724 728 726
f 1231 2102 1230
f 1303 1306 15
f 1617 1615 1973
f 190 1120 1119
f 1324 1936 1935
f 1347 1355 1354
f 2411 1545 2279
f 1307 729 730
f 1935 1354 1325
f 190 1119 1118
f 1612 2495 1613
f 2313 2312 2315
f 1630 1634 1559
f 1973 2339 2083
f 1545 2414 2278
f 1307 730 1306
f 1245 2079 731
f 1560 2103 2102
f 726 731 725
f 2097 2196 2096
f 724 730 729
f 1560 1558 2103
f 1610 1617 1612
f 1559 1634 1558
f 2411 2413 2412
f 286 291 292
f 2222 2311 2314
f 1245 2076 2079
f 1615 2339 1973
f 1808 2438 1633
f 724 726 725
f 2184 1572 2455
f 2313 2314 2311
f 1630 1559 1633
f 292 291 1231
f 1610 1615 1617
f 1808 1613 2438
f 2076 2083 2082
f 730 20 1306
f 1570 2455 1572
f 1828 1829 1830
f 2325 2096 2196
f 2082 2083 2339
f 2312 2278 2414
f 1120 1121 2222
f 286 290 289
f 2279 1545 2278
f 1231 1561 2102
f 104 1179 1829
f 2411 2279 2413
f 2538 2412 2562
f 290 1179 105
f 725 731 735
f 2079 735 731
f 1609 1612 1613
f 2538 1831 1830
f 1560 2102 1561
f 724 55 730
f 755 757 756
f 2412 2413 2562
f 190 1121 1120
f 286 289 291
f 1609 1610 1612
f 2076 2080 2079
f 265 1558 1560
f 2308 2523 2326
f 1182 1936 1183
f 2325 2308 2326
f 724 725 727
f 291 1561 1231
f 265 1559 1558
f 1615 1616 2339
f 189 1118 1570
f 2076 2082 2081
f 1828 1830 1831
f 1559 1810 1633
f 1810 1808 1633
f 104 1829 1828
f 757 1181 500
f 1610 1616 1615
f 289 290 105
f 724 727 55
f 2076 2081 2080
f 1614 1613 1808
f 104 105 1179
f 2340 2082 2339
f 190 1118 189
f 1506 2311 2222
f 1466 2312 2313
f 725 735 734
f 1609 1613 1614
f 1121 1506 2222
f 725 734 727
f 268 1560 1561
f 2079 1596 735
f 1616 2340 2339
f 755 756 760
f 2080 1596 2079
f 265 1560 268
f 2184 2523 2182
f 2312 2310 2278
f 2538 2562 2244
f 1466 2313 2311
f 2193 2097 1353
f 1609 1611 1610
f 2277 2279 2278
f 2538 2244 1831
f 2279 2280 2413
f 2081 2082 1135
f 1610 1611 1616
f 727 1117 55
f 1756 1808 1810
f 1559 1842 1810
f 1135 2082 2340
f 265 266 1559
f 291 2140 1561
f 289 1178 291
f 1756 1614 1808
f 2509 2562 2413
f 1571 1572 2184
f 734 735 1563
f 2081 1594 2080
f 734 1116 727
f 1596 1563 735
f 1466 2310 2312
f 727 1116 1117
f 2080 1594 1596
f 104 1828 103
f 266 1842 1559
f 1828 1831 1446
f 268 1561 267
f 1616 1130 2340
f 2193 2196 2097
f 2277 2280 2279
f 196 1570 1572
f 190 191 1121
f 500 1181 1182
f 1609 1614 819
f 291 1178 2140
f 2081 1135 1594
f 289 105 106
f 734 1563 1116
f 261 265 268
f 99 105 104
f 2306 2325 2196
f 2280 2509 2413
f 1505 1506 1121
f 1135 2340 1130
f 2509 2244 2562
f 267 1561 2140
f 1609 819 1611
f 2308 2182 2523
f 1611 1129 1616
f 1347 1354 1349
f 196 189 1570
f 50 1117 1116
f 1755 1614 1756
f 1506 1467 2311
f 1828 1446 103
f 261 266 265
f 1831 2244 1447
f 1756 1810 1809
f 2306 2308 2325
f 289 106 1178
f 1571 2184 2182
f 1809 1810 1842
f 1129 1130 1616
f 2277 2278 712
f 1347 1348 1353
f 2278 2310 712
f 1935 1349 1354
f 188 190 189
f 1446 1831 1447
f 1592 1563 1596
f 1592 1596 1594
f 261 268 267
f 1466 2311 1467
f 1755 819 1614
f 99 104 103
f 1115 1116 1563
f 50 1116 1115
f 1505 1121 191
f 1136 1594 1135
f 99 106 105
f 1131 1135 1130
f 188 191 190
f 1755 1756 1757
f 266 1580 1842
f 1505 1467 1506
f 2277 1997 2280
f 1756 1809 1757
f 1131 1136 1135
f 1398 1401 1402
f 1115 1563 1595
f 196 1572 1571
f 267 2140 273
f 1611 820 1129
f 1592 1595 1563
f 1611 819 820
f 1809 1842 1580
f 1591 1592 1594
f 261 264 266
f 1591 1594 1136
f 1178 2400 2140
f 1443 103 1446
f 261 267 263
f 2243 2244 2509
f 1448 1447 2244
f 1935 1936 2338
f 1466 711 2310
f 1128 1130 1129
f 2277 712 1997
f 1755 821 819
f 1442 1446 1447
f 264 1580 266
f 2193 1353 1348
f 1115 1595 49
f 1128 1131 1130
f 1178 106 2400
f 1755 1757 821
f 1998 2509 2280
f 263 267 273
f 99 103 102
f 1593 1595 1592
f 2140 2400 273
f 2310 711 712
f 188 189 192
f 192 189 196
f 1443 1446 1442
f 1591 1593 1592
f 1131 1132 1136
f 1128 1129 820
f 1448 2244 2243
f 99 100 106
f 1443 102 103
f 1442 1447 1448
f 1997 1998 2280
f 1591 1136 1132
f 1757 1809 2276
f 1505 191 1470
f 814 820 819
f 1809 1580 1581
f 1505 1470 1467
f 814 819 821
f 261 262 264
f 261 263 262
f 1128 1132 1131
f 1593 23 1595
f 1464 1466 1467
f 1182 2338 1936
f 1757 2276 821
f 1998 2243 2509
f 713 1997 712
f 1591 24 1593
f 2181 2182 2308
f 263 273 272
f 2197 2306 2196
f 99 102 101
f 1809 1581 2276
f 99 101 100
f 1591 1132 24
f 1464 711 1466
f 269 1580 264
f 188 193 191
f 2400 106 109
f 1128 820 822
f 100 109 106
f 2400 272 273
f 2305 2308 2306
f 2193 2197 2196
f 1346 1347 1349
f 814 815 820
f 339 1443 1442
f 1442 1448 1445
f 713 1998 1997
f 815 822 820
f 269 1581 1580
f 196 1571 1573
f 1128 1133 1132
f 262 263 272
f 1346 1348 1347
f 191 193 1470
f 2153 1571 2182
f 821 2276 818
f 339 102 1443
f 814 821 818
f 262 269 264
f 300 712 711
f 2242 1448 2243
f 300 713 712
f 1128 822 1134
f 1133 22 1132
f 192 196 195
f 339 1442 1445
f 1128 1134 1133
f 188 192 194
f 2242 1445 1448
f 814 816 815
f 1935 2379 1349
f 757 758 1181
f 101 108 100
f 755 758 757
f 2276 1581 2039
f 816 822 815
f 1465 1467 1470
f 2101 944 1402
f 101 102 107
f 100 108 109
f 2400 2145 272
f 1998 126 2243
f 2305 2181 2308
f 269 1578 1581
f 2041 818 2276
f 1464 1467 1465
f 188 194 193
f 2400 109 1113
f 1134 822 816
f 107 102 339
f 814 818 817
f 1573 1571 2153
f 2153 2182 2181
f 262 272 271
f 2242 2243 126
f 713 302 1998
f 1578 2039 1581
f 262 270 269
f 814 817 816
f 2041 2276 2039
f 14 1133 1134
f 1935 2338 2379
f 2305 2306 2197
f 760 762 761
f 101 107 108
f 2400 1113 2145
f 1464 298 711
f 1469 1470 193
f 196 1573 1569
f 192 195 194
f 2100 944 2101
f 195 196 1569
f 300 711 298
f 2041 817 818
f 300 302 713
f 339 1445 1444
f 2145 271 272
f 269 1579 1578
f 2242 1444 1445
f 108 336 109
f 2193 1348 2195
f 1134 816 823
f 262 271 270
f 14 1134 823
f 1465 1470 1469
f 269 270 1579
f 336 1113 109
f 1998 124 126
f 816 817 823
f 1050 2039 1578
f 1181 1730 1182
f 107 339 338
f 1998 302 124
f 1051 2041 2039
f 2193 2194 2197
f 2242 126 127
f 755 760 759
f 1050 1578 1579
f 108 107 335
f 339 1444 338
f 2041 2040 817
f 1050 1051 2039
f 2242 127 1444
f 194 2536 193
f 1469 193 2536
f 108 335 336
f 2145 1113 2144
f 2143 271 2145
f 1464 1465 297
f 1051 2040 2041
f 1464 297 298
f 2100 761 762
f 270 271 1583
f 2341 823 817
f 2193 2195 2194
f 195 1568 194
f 299 302 300
f 270 1582 1579
f 336 1114 1113
f 107 338 337
f 299 300 298
f 1573 2153 2154
f 2341 817 2040
f 2143 2145 2144
f 1346 1352 1348
f 1346 1349 1350
f 107 337 335
f 195 1569 1568
f 1050 1579 1046
f 1182 2337 2338
f 1573 2154 1569
f 1047 1051 1050
f 2153 2181 2180
f 2305 2307 2181
f 2144 1113 1114
f 270 1583 1582
f 120 127 126
f 1465 1469 1468
f 120 126 124
f 2143 1794 271
f 335 340 336
f 1794 1583 271
f 1579 1582 1046
f 303 124 302
f 2341 1 823
f 1051 1044 2040
f 1047 1050 1046
f 1350 1349 2379
f 336 340 1114
f 338 1444 976
f 1352 2195 1348
f 1444 127 125
f 1047 1044 1051
f 1468 1469 2536
f 2305 2197 1419
f 299 303 302
f 2341 2040 2342
f 337 338 972
f 2535 2536 194
f 2143 2144 1766
f 2535 194 1568
f 2342 2040 1044
f 2307 2180 2181
f 1181 758 1730
f 297 1465 1437
f 976 1444 125
f 293 298 297
f 1043 1047 1046
f 335 337 342
f 120 125 127
f 335 341 340
f 972 338 976
f 2143 1766 1794
f 1035 1582 1583
f 2144 1114 1765
f 293 299 298
f 1043 1044 1047
f 1582 1795 1046
f 1465 1468 1437
f 1035 1583 1794
f 2197 2194 2309
f 1730 2337 1182
f 2341 2342 26
f 120 124 122
f 303 122 124
f 1764 1114 340
f 1568 1569 2522
f 2144 1765 1766
f 337 972 342
f 1043 1046 1049
f 335 342 341
f 2153 2183 2154
f 2154 2522 1569
f 755 759 758
f 2305 1419 2307
f 1049 1046 1795
f 2153 2180 2183
f 1035 1795 1582
f 2342 1044 1045
f 1764 1765 1114
f 1764 340 341
f 1043 1045 1044
f 1346 1351 1352
f 2379 2338 2380
f 2194 2195 2575
f 1794 1766 909
f 1436 1468 2536
f 120 123 125
f 1346 1350 1351
f 1035 1794 909
f 2197 2309 1419
f 299 301 303
f 1043 1049 1048
f 976 125 928
f 972 976 974
f 760 761 759
f 2342 1045 10
f 1436 2536 2535
f 1048 1049 1795
f 120 122 121
f 2535 1568 2521
f 1043 1048 1045
f 342 972 974
f 293 294 299
f 293 297 296
f 342 975 341
f 297 1437 296
f 1761 1766 1765
f 120 121 123
f 1764 341 975
f 303 301 122
f 1035 1036 1795
f 1760 1765 1764
f 1568 2522 2521
f 1433 1437 1468
f 974 976 928
f 2194 2575 2309
f 1761 909 1766
f 2307 1421 2180
f 927 125 123
f 1036 1048 1795
f 299 294 301
f 2154 2598 2522
f 927 928 125
f 910 1035 909
f 2337 2380 2338
f 1760 1761 1765
f 2183 2598 2154
f 1436 1433 1468
f 910 1036 1035
f 2161 1045 1048
f 1352 2550 2195
f 342 973 975
f 342 974 973
f 2180 1421 2183
f 2161 2164 1045
f 1764 975 1763
f 1760 1764 1763
f 1419 1417 2307
f 784 123 121
f 780 121 122
f 2575 2195 2550
f 293 295 294
f 1350 2379 1864
f 293 296 295
f 1036 1796 1048
f 927 123 784
f 780 122 301
f 1761 146 909
f 142 910 909
f 2535 2521 1774
f 1436 2535 1774
f 2161 1048 1796
f 1760 1762 1761
f 974 928 929
f 2307 1417 1421
f 910 672 1036
f 927 929 928
f 1431 296 1437
f 1351 2237 1352
f 142 909 146
f 1431 1437 1433
f 1760 1763 1762
f 973 1711 975
f 1773 2521 2522
f 1763 975 1711
f 780 784 121
f 1777 2522 2598
f 142 672 910
f 294 2570 301
f 974 1111 973
f 1430 1433 1436
f 1036 672 670
f 1036 670 1796
f 1864 2379 2380
f 927 784 930
f 1762 141 1761
f 1761 141 146
f 2160 2161 1796
f 1776 2598 2183
f 294 295 2570
f 2575 2600 2309
f 974 929 1111
f 2160 9 2161
f 927 930 929
f 2237 2550 1352
f 1419 2309 1418
f 1773 2522 1777
f 1866 1351 1350
f 1773 1774 2521
f 1762 1763 251
f 143 672 142
f 1436 1774 1435
f 296 1267 295
f 1415 1417 1419
f 1421 1422 2183
f 780 301 782
f 139 142 146
f 1763 1711 254
f 973 1112 1711
f 1430 1431 1433
f 1430 1436 1435
f 1730 2336 2337
f 143 670 672
f 780 783 784
f 758 1731 1730
f 2162 1796 670
f 301 2570 782
f 1776 1777 2598
f 784 783 930
f 2160 1796 2162
f 1431 1267 296
f 1762 251 141
f 973 1111 1112
f 2575 2550 2600
f 139 146 141
f 1763 254 251
f 139 143 142
f 1776 2183 1422
f 1825 929 930
f 1711 1112 254
f 1416 1421 1417
f 1415 1419 1418
f 1866 1350 1864
f 143 671 670
f 1866 2237 1351
f 1268 2570 295
f 2309 2600 1418
f 1107 1111 929
f 2162 670 671
f 2160 2162 2163
f 1825 930 783
f 1268 295 1267
f 139 141 140
f 141 251 252
f 780 781 783
f 1775 1435 1774
f 1430 1432 1431
f 1825 1107 929
f 780 782 781
f 139 144 143
f 1416 1422 1421
f 1430 1435 1434
f 1104 1112 1111
f 2187 782 2570
f 1415 1416 1417
f 1770 1773 1777
f 758 759 1732
f 1342 1774 1773
f 253 254 1112
f 250 251 254
f 141 252 140
f 143 144 671
f 2162 2481 2163
f 1431 1266 1267
f 2162 671 2481
f 1770 1777 1776
f 2337 2533 2380
f 2187 2570 1268
f 1104 1111 1107
f 139 140 145
f 250 252 251
f 1430 1434 1432
f 1730 1731 2336
f 250 254 253
f 139 145 144
f 1775 1434 1435
f 1824 1825 783
f 1342 1775 1774
f 2100 926 761
f 253 1112 456
f 1431 1432 1438
f 144 2576 671
f 1104 456 1112
f 671 2576 2481
f 1824 783 781
f 2237 1600 2550
f 781 782 2569
f 1431 1438 1266
f 1776 1422 1778
f 1262 1268 1267
f 258 140 252
f 2287 2600 2550
f 2188 782 2187
f 1342 1773 1770
f 1864 2380 1863
f 1825 1106 1107
f 258 145 140
f 2337 2336 2533
f 1262 1267 1266
f 2188 2569 782
f 250 253 257
f 1770 1776 1778
f 1824 1106 1825
f 2186 2187 1268
f 2288 1418 2600
f 250 255 252
f 1415 1418 768
f 1103 1104 1107
f 257 253 456
f 2576 150 2481
f 145 970 144
f 149 2576 144
f 758 1732 1731
f 1866 1600 2237
f 1415 768 1416
f 255 258 252
f 2249 1432 1434
f 13 2481 150
f 1105 456 1104
f 2100 2101 926
f 2186 2188 2187
f 258 970 145
f 1416 1420 1422
f 1345 1434 1775
f 1103 1107 1106
f 1824 781 1826
f 781 2569 906
f 149 144 970
f 149 150 2576
f 1262 1263 1268
f 2249 1438 1432
f 2186 1268 1263
f 1342 1345 1775
f 1103 1105 1104
f 1600 2287 2550
f 250 257 256
f 2281 759 761
f 2188 906 2569
f 2287 2288 2600
f 1422 1420 1778
f 2533 1863 2380
f 250 256 255
f 1265 1266 1438
f 257 456 455
f 1826 781 906
f 1262 1266 1265
f 255 259 258
f 1345 2249 1434
f 1105 455 456
f 259 970 258
f 1824 1827 1106
f 147 150 149
f 1861 1866 1864
f 1341 1342 1770
f 148 149 970
f 147 12 150
f 2186 907 2188
f 1824 1826 1827
f 1103 1106 1110
f 257 455 256
f 1770 1778 1772
f 2188 907 906
f 766 1418 2288
f 147 149 148
f 768 1418 766
f 1103 1108 1105
f 2249 2517 1438
f 255 256 260
f 1262 1264 1263
f 255 260 259
f 1106 1827 1110
f 768 767 1416
f 1694 2186 1263
f 967 970 259
f 971 148 970
f 1340 1345 1342
f 1105 1108 455
f 1416 767 1420
f 1265 1438 2517
f 1262 1265 1264
f 1861 1864 1863
f 967 971 970
f 905 1826 906
f 1694 907 2186
f 1731 2527 2336
f 1341 1770 1772
f 1340 1342 1341
f 1103 1110 1109
f 147 148 151
f 2335 1778 1420
f 1599 1600 1866
f 256 455 458
f 905 1827 1826
f 1103 1109 1108
f 1345 2250 2249
f 151 148 971
f 2527 2533 2336
f 2281 1732 759
f 1694 1263 1264
f 147 151 11
f 902 906 907
f 967 259 969
f 2335 1772 1778
f 259 260 969
f 256 457 260
f 1827 2139 1110
f 2286 2288 2287
f 2249 2250 2517
f 902 905 906
f 256 458 457
f 967 968 971
f 1108 2178 455
f 151 971 968
f 1861 1599 1866
f 1109 1110 2139
f 2178 458 455
f 967 969 968
f 1340 1343 1345
f 1265 2517 2415
f 1264 1265 2415
f 969 260 1441
f 2286 766 2288
f 1600 1601 2287
f 454 907 1694
f 457 1441 260
f 1108 1109 2138
f 905 900 1827
f 1345 1343 2250
f 764 768 766
f 151 968 1913
f 902 907 454
f 764 767 768
f 1827 900 2139
f 453 1694 1264
f 1108 2138 2178
f 1341 1772 1771
f 769 2335 1420
f 769 1420 767
f 1109 2139 2137
f 1340 1341 1344
f 969 1439 968
f 457 458 2479
f 2292 2101 1402
f 1109 2137 2138
f 902 903 905
f 969 1441 1440
f 2334 1772 2335
f 2533 1865 1863
f 2178 2479 458
f 457 2537 1441
f 454 1694 453
f 2286 2287 1601
f 1911 1913 968
f 2250 2214 2517
f 1264 2415 1695
f 969 1440 1439
f 903 900 905
f 453 1264 1695
f 1340 1344 1343
f 1911 968 1439
f 457 2479 2537
f 1341 1771 1344
f 2214 2415 2517
f 901 902 454
f 2334 1771 1772
f 1440 1441 2537
f 892 2137 2139
f 2178 2138 2135
f 1597 1600 1599
f 892 2139 900
f 1861 1863 1865
f 901 903 902
f 2334 2335 769
f 1732 1270 1731
f 2178 2480 2479
f 2250 1343 2057
f 893 2138 2137
f 1597 1601 1600
f 1440 1912 1439
f 2178 2135 2480
f 1270 2527 1731
f 1911 1439 1912
f 765 766 2286
f 893 2135 2138
f 1440 2537 516
f 2449 1695 2415
f 764 419 767
f 2537 2479 515
f 2281 761 924
f 893 2137 892
f 903 899 900
f 2250 2057 2214
f 2527 1271 2533
f 419 769 767
f 443 454 453
f 764 766 765
f 901 454 449
f 924 761 926
f 901 904 903
f 891 892 900
f 1440 516 1912
f 2056 1343 1344
f 453 1695 447
f 2480 2561 2479
f 2537 515 516
f 1911 1912 51
f 2214 2215 2415
f 2479 2561 515
f 891 900 899
f 2449 2415 2215
f 443 449 454
f 2056 2057 1343
f 1861 1598 1599
f 901 449 904
f 1344 1771 2118
f 2334 2118 1771
f 2449 447 1695
f 903 908 899
f 903 904 908
f 443 453 447
f 2135 2136 2480
f 893 2136 2135
f 889 893 892
f 2533 1271 1865
f 1523 2286 1601
f 2333 2334 769
f 889 892 891
f 514 1912 516
f 508 516 515
f 2480 2560 2561
f 515 2561 513
f 1597 1599 1598
f 514 30 1912
f 2214 2057 2055
f 450 904 449
f 891 899 897
f 2480 2136 2560
f 2213 2215 2214
f 2058 2056 1344
f 2449 2215 2450
f 765 2286 1523
f 508 514 516
f 2449 2450 447
f 897 899 908
f 450 908 904
f 419 420 769
f 508 515 513
f 893 895 2136
f 764 418 419
f 889 895 893
f 513 2561 2560
f 2333 2118 2334
f 1401 2292 1402
f 2058 1344 2118
f 764 765 418
f 444 449 443
f 2213 2214 2055
f 2333 769 420
f 889 891 890
f 2050 2057 2056
f 442 443 447
f 1861 1865 1862
f 2281 2282 1732
f 890 891 897
f 444 450 449
f 1597 1521 1601
f 1270 1271 2527
f 450 1577 908
f 897 908 1577
f 509 514 508
f 2136 1338 2560
f 507 508 513
f 513 2560 512
f 2216 2450 2215
f 2050 2055 2057
f 1333 2136 895
f 2213 2216 2215
f 442 444 443
f 1861 1862 1598
f 446 447 2450
f 889 894 895
f 1523 1601 1521
f 509 29 514
f 1333 1338 2136
f 2050 2056 2058
f 507 513 512
f 507 509 508
f 889 890 894
f 442 447 446
f 1334 512 2560
f 1334 2560 1338
f 1732 2282 1270
f 890 897 896
f 444 452 450
f 452 1577 450
f 896 897 1577
f 413 420 419
f 2213 2055 2217
f 2216 446 2450
f 1333 895 1332
f 413 419 418
f 507 512 511
f 2058 2118 2059
f 507 510 509
f 1332 895 894
f 418 765 770
f 2333 753 2118
f 2213 2217 2216
f 890 898 894
f 511 512 1334
f 1331 1338 1333
f 765 1523 1522
f 2050 2053 2055
f 442 445 444
f 509 510 52
f 1597 1598 707
f 1331 1334 1338
f 2333 420 416
f 507 511 510
f 890 896 898
f 452 1205 1577
f 2217 2055 2053
f 896 1577 1205
f 2050 2058 2052
f 1331 1333 1332
f 444 451 452
f 1597 707 1521
f 442 446 448
f 511 1334 1335
f 2216 2247 446
f 2059 2118 753
f 765 1522 770
f 444 445 451
f 1331 1335 1334
f 1576 1332 894
f 2052 2058 2059
f 898 1576 894
f 442 448 445
f 2245 2216 2217
f 510 511 1886
f 413 416 420
f 2050 2054 2053
f 2333 416 753
f 2245 2247 2216
f 1272 1865 1271
f 1203 898 896
f 510 1886 53
f 511 1335 1886
f 452 1204 1205
f 1520 1523 1521
f 1201 896 1205
f 1331 1332 1336
f 2050 2052 2051
f 418 770 415
f 413 418 415
f 2050 2051 2054
f 452 451 1204
f 2217 2053 2248
f 1203 1576 898
f 1862 1865 1272
f 1331 1337 1335
f 1576 1336 1332
f 446 2247 157
f 1201 1203 896
f 1520 1522 1523
f 448 446 157
f 1176 451 445
f 925 926 2101
f 2054 2248 2053
f 2245 2217 2246
f 448 1176 445
f 1788 1886 1335
f 2281 924 825
f 1201 1205 1204
f 1598 1862 706
f 1331 1336 1337
f 2052 2059 2060
f 2217 2248 2246
f 2245 156 2247
f 1788 1335 1337
f 1598 706 707
f 1886 1789 25
f 2059 753 2033
f 2281 825 2282
f 1204 451 1791
f 1788 1789 1886
f 1269 1271 1270
f 1576 2268 1336
f 1203 1154 1576
f 157 2247 156
f 2245 2246 156
f 1176 1791 451
f 2051 2062 2054
f 1522 959 770
f 2052 2061 2051
f 2054 2062 2248
f 1186 1203 1201
f 413 415 414
f 1201 1204 1202
f 2059 2033 2060
f 413 417 416
f 747 753 416
f 448 162 1176
f 705 1521 707
f 1576 1154 2268
f 1787 1788 1337
f 770 959 415
f 448 157 162
f 2052 2060 2061
f 1336 71 1337
f 1787 1789 1788
f 1186 1154 1203
f 1520 1521 705
f 1204 1791 1229
f 2051 2061 2062
f 1204 1229 1202
f 2268 69 1336
f 1185 1201 1202
f 1185 1186 1201
f 1787 1337 71
f 754 2033 753
f 2246 155 156
f 2318 2246 2248
f 413 414 417
f 152 157 156
f 1336 69 71
f 1177 1791 1176
f 922 924 926
f 1787 19 1789
f 747 754 753
f 2318 2248 2062
f 2268 1154 69
f 1520 962 1522
f 417 747 416
f 162 1177 1176
f 1269 1272 1271
f 2060 2033 1549
f 1189 1202 1229
f 1185 1202 1189
f 152 156 155
f 962 959 1522
f 2318 155 2246
f 153 162 157
f 2061 2060 1549
f 1270 2282 1274
f 1862 2049 706
f 1153 1154 1186
f 1787 71 72
f 1229 1791 1792
f 1862 1272 2049
f 1787 72 19
f 1153 1186 1185
f 752 414 415
f 152 153 157
f 2230 2062 2061
f 1177 1792 1791
f 752 415 959
f 68 69 1154
f 65 71 69
f 2230 2318 2062
f 1189 1229 1188
f 754 1548 2033
f 1184 1185 1189
f 703 707 706
f 65 72 71
f 68 1154 1153
f 1548 1549 2033
f 1229 1792 1188
f 703 705 707
f 1153 1185 1184
f 417 414 752
f 152 155 158
f 162 163 1177
f 2318 158 155
f 1552 2061 1549
f 1184 1189 1188
f 153 163 162
f 1520 705 710
f 747 748 754
f 1269 1270 1274
f 64 65 69
f 1552 2230 2061
f 64 69 68
f 1520 710 962
f 1177 1790 1792
f 65 34 72
f 152 154 153
f 746 747 417
f 748 1548 754
f 2230 2232 2318
f 2292 925 2101
f 152 158 154
f 1188 1792 412
f 958 959 962
f 1153 1184 1187
f 1177 163 1790
f 68 1153 1030
f 2319 158 2318
f 1184 1188 407
f 958 752 959
f 64 66 65
f 924 830 825
f 1547 1549 1548
f 65 66 34
f 746 748 747
f 1790 412 1792
f 2319 2318 2232
f 153 159 163
f 64 68 70
f 1547 1552 1549
f 154 159 153
f 1153 1187 1030
f 407 1188 412
f 1184 407 1187
f 70 68 1030
f 1552 2231 2230
f 2231 2232 2230
f 417 752 751
f 326 706 2049
f 64 67 66
f 154 158 160
f 1272 328 2049
f 748 1553 1548
f 64 70 67
f 825 826 2282
f 2319 160 158
f 703 706 326
f 703 704 705
f 1790 163 1793
f 704 710 705
f 746 417 751
f 1547 1548 1553
f 1790 410 412
f 922 926 925
f 163 159 343
f 922 830 924
f 962 710 961
f 406 407 412
f 154 161 159
f 1029 70 1030
f 408 1187 407
f 67 4 66
f 958 962 961
f 1547 1550 1552
f 2319 2232 1669
f 1030 1187 1032
f 1552 1550 2231
f 1029 67 70
f 2231 1669 2232
f 163 343 1793
f 154 160 161
f 746 749 748
f 1790 1793 410
f 1274 2282 826
f 406 412 410
f 958 963 752
f 406 408 407
f 1029 1030 1032
f 2319 1669 160
f 161 343 159
f 1269 330 1272
f 408 1032 1187
f 748 749 1553
f 67 1034 4
f 752 963 751
f 326 2049 328
f 1029 1033 67
f 1547 1553 1551
f 2231 1550 2048
f 2231 2048 1669
f 1547 1551 1550
f 406 410 409
f 67 1033 1034
f 1029 1032 1031
f 746 751 750
f 410 1793 1010
f 746 750 749
f 406 411 408
f 330 328 1272
f 161 160 345
f 161 344 343
f 708 961 710
f 704 708 710
f 1063 1032 408
f 1029 1031 1033
f 1943 1793 343
f 1667 160 1669
f 410 1010 409
f 406 409 411
f 958 961 960
f 703 331 704
f 703 326 331
f 1063 408 411
f 1031 1032 1064
f 749 1657 1553
f 958 960 963
f 161 345 344
f 1943 1010 1793
f 1667 345 160
f 1033 54 1034
f 1063 1064 1032
f 2048 1550 1949
f 1269 1274 1273
f 1943 343 344
f 1553 1657 1551
f 1949 1550 1551
f 1031 1914 1033
f 1668 1669 2048
f 1031 1064 1914
f 824 825 830
f 1033 1915 54
f 1009 411 409
f 1009 409 1010
f 1667 1669 1668
f 1033 1914 1915
f 749 750 1656
f 1063 411 1014
f 751 440 750
f 345 2571 344
f 1943 1013 1010
f 1668 2048 1949
f 963 441 751
f 824 826 825
f 1062 1064 1063
f 749 1656 1657
f 1667 1670 345
f 708 964 961
f 1066 1914 1064
f 960 961 964
f 1009 1014 411
f 1009 1010 1013
f 1269 1273 330
f 1943 344 1944
f 704 709 708
f 1915 1914 2551
f 345 1670 2571
f 1062 1063 1014
f 323 326 328
f 1062 1066 1064
f 960 965 963
f 39 1915 2551
f 1946 1949 1551
f 704 331 709
f 2571 1944 344
f 1946 1551 1657
f 1066 2551 1914
f 440 1656 750
f 751 441 440
f 1943 1945 1013
f 1667 1668 995
f 1667 995 1670
f 324 331 326
f 1943 1944 1945
f 963 965 441
f 1009 1013 1012
f 1009 1011 1014
f 1947 1668 1949
f 1274 826 834
f 1062 1067 1066
f 323 328 330
f 1066 1067 2551
f 1748 2571 1670
f 1062 1014 1065
f 1149 1657 1656
f 1748 1944 2571
f 708 2524 964
f 2457 33 2551
f 1946 1947 1949
f 1013 1945 1012
f 1009 1012 1011
f 960 964 966
f 922 829 830
f 960 966 965
f 708 709 2524
f 1062 1065 1067
f 1067 2457 2551
f 1946 1657 1149
f 1748 1670 995
f 1014 1011 1065
f 323 324 326
f 1274 834 1273
f 994 995 1668
f 440 182 1656
f 1947 994 1668
f 1945 1944 916
f 1748 916 1944
f 2198 2457 1067
f 1945 914 1012
f 182 1149 1656
f 2199 1067 1065
f 2106 1065 1011
f 441 965 2466
f 470 1748 995
f 181 440 441
f 918 1011 1012
f 331 332 709
f 2198 32 2457
f 824 830 829
f 2199 2198 1067
f 1946 1948 1947
f 966 2466 965
f 324 332 331
f 1945 916 914
f 2106 1011 918
f 2524 2525 964
f 2106 2107 1065
f 469 995 994
f 2107 2199 1065
f 918 1012 914
f 181 182 440
f 964 2525 966
f 1946 1149 1148
f 469 470 995
f 470 471 1748
f 1947 2009 994
f 1748 471 916
f 2524 709 2526
f 323 330 329
f 2377 330 1273
f 6 2198 2199
f 1946 1148 1948
f 1947 1948 2009
f 441 2466 183
f 181 441 183
f 1806 2107 2106
f 1806 2106 918
f 2107 1874 2199
f 179 1149 182
f 824 827 826
f 912 918 914
f 911 914 916
f 6 2199 1874
f 2465 2466 966
f 2526 709 332
f 465 471 470
f 469 994 996
f 465 470 469
f 323 325 324
f 1806 1874 2107
f 996 994 2009
f 472 916 471
f 2524 2526 2525
f 922 925 923
f 179 1148 1149
f 2525 2465 966
f 911 912 914
f 827 834 826
f 919 1806 918
f 2377 329 330
f 912 919 918
f 465 472 471
f 176 182 181
f 911 916 915
f 324 325 332
f 472 915 916
f 465 469 468
f 2008 2009 1948
f 1807 1874 1806
f 2398 1948 1148
f 469 996 468
f 176 179 182
f 922 923 829
f 2378 1273 834
f 996 2009 2008
f 919 1807 1806
f 184 183 2466
f 911 913 912
f 1807 5 1874
f 178 181 183
f 184 2466 2465
f 912 913 919
f 465 466 472
f 2398 2008 1948
f 323 329 327
f 911 915 917
f 179 1147 1148
f 465 468 467
f 2363 915 472
f 176 181 178
f 911 917 913
f 323 327 325
f 2377 1273 2378
f 2398 1148 1147
f 1076 468 996
f 2525 2464 2465
f 824 829 828
f 465 467 466
f 2525 2526 2219
f 2363 472 466
f 1807 1873 5
f 919 1357 1807
f 996 2008 1078
f 2526 332 2218
f 178 183 184
f 913 920 919
f 1076 467 468
f 1076 996 1078
f 917 915 1890
f 1807 1357 1873
f 2363 1890 915
f 920 1357 919
f 184 2465 2464
f 913 917 921
f 176 180 179
f 2525 2219 2464
f 824 828 827
f 2398 2399 2008
f 2363 466 1235
f 913 921 920
f 1235 466 467
f 179 180 1147
f 325 333 332
f 921 917 1890
f 1074 467 1076
f 2398 1147 2399
f 2219 2526 2218
f 2008 1077 1078
f 2292 697 925
f 2363 1235 1890
f 176 178 177
f 1359 1873 1357
f 1356 1357 920
f 2377 1061 329
f 1074 1235 467
f 1073 1076 1078
f 827 832 834
f 2008 2399 1077
f 1359 37 1873
f 2218 332 333
f 832 2378 834
f 920 921 1358
f 1356 1359 1357
f 1073 1074 1076
f 329 1061 327
f 176 177 180
f 1356 920 1358
f 178 184 185
f 325 327 334
f 1888 921 1890
f 1073 1078 1077
f 1887 1890 1235
f 1401 696 2292
f 184 2464 2132
f 1147 2293 2399
f 180 2293 1147
f 1075 1235 1074
f 1888 1358 921
f 325 334 333
f 1887 1888 1890
f 1356 1227 1359
f 178 185 177
f 1356 1358 1227
f 1073 1075 1074
f 2219 2220 2464
f 2377 2378 1884
f 1077 2399 2036
f 1887 1235 1236
f 184 2132 185
f 1075 1236 1235
f 2167 2219 2218
f 1073 1077 1080
f 1359 1227 59
f 1888 1228 1358
f 1228 1227 1358
f 2377 1884 1061
f 2464 2220 2132
f 177 186 180
f 829 1939 828
f 2037 2399 2293
f 1887 1889 1888
f 1077 2036 1080
f 180 1234 2293
f 1073 1079 1075
f 2037 2036 2399
f 829 923 1939
f 1887 1236 1889
f 2166 2218 333
f 2167 2220 2219
f 1073 1080 1079
f 1224 59 1227
f 861 334 327
f 1224 1227 1228
f 186 1234 180
f 861 327 1061
f 1888 1891 1228
f 177 185 187
f 1075 1081 1236
f 1888 1889 1891
f 2166 2167 2218
f 1060 333 334
f 177 187 186
f 1079 1081 1075
f 2328 2037 2293
f 2328 2293 1234
f 1738 185 2132
f 1889 1236 1575
f 1224 1228 1226
f 923 925 1940
f 2034 1080 2036
f 827 828 831
f 832 394 2378
f 2034 2036 2037
f 827 833 832
f 1891 1226 1228
f 1081 1575 1236
f 2131 2132 2220
f 1079 1080 1083
f 1889 1892 1891
f 7 1224 1226
f 186 1025 1234
f 861 1060 334
f 1889 1575 1892
f 1884 2378 394
f 1736 187 185
f 1079 1082 1081
f 2034 1083 1080
f 186 187 1027
f 1738 2132 2131
f 1736 185 1738
f 2328 1234 1026
f 2167 2168 2220
f 2166 333 1916
f 2328 2035 2037
f 1891 321 1226
f 186 1027 1025
f 1891 1892 321
f 1060 1916 333
f 1079 1083 1082
f 2034 2037 2035
f 1081 1574 1575
f 1026 1234 1025
f 860 1061 1884
f 7 1226 1225
f 861 1061 860
f 2168 2131 2220
f 1081 1082 1574
f 316 1892 1575
f 2165 2167 2166
f 2328 1026 2035
f 1226 321 322
f 321 1892 315
f 1028 1027 187
f 1225 1226 322
f 827 831 833
f 1939 831 828
f 1574 316 1575
f 1736 1028 187
f 678 1083 2034
f 316 315 1892
f 833 394 832
f 1022 1025 1027
f 1082 1083 1848
f 1022 1026 1025
f 2034 2035 677
f 2165 2168 2167
f 861 863 1060
f 1738 2131 1737
f 313 322 321
f 313 321 315
f 1736 1738 1737
f 1843 1574 1082
f 1940 925 697
f 678 2034 677
f 2165 2166 1916
f 1022 1027 1028
f 678 1848 1083
f 312 315 316
f 318 1225 322
f 1060 863 1916
f 1574 1846 316
f 2035 1026 682
f 312 313 315
f 1843 1082 1848
f 313 318 322
f 392 1884 394
f 318 8 1225
f 860 1884 392
f 1843 1846 1574
f 1022 682 1026
f 2035 679 677
f 2168 2133 2131
f 1736 1739 1028
f 312 316 317
f 312 314 313
f 317 316 1846
f 2035 682 679
f 1736 1737 1739
f 1737 2131 2133
f 1022 1028 1021
f 314 318 313
f 923 1941 1939
f 678 680 1848
f 1843 1848 1847
f 318 421 8
f 2292 696 697
f 674 678 677
f 2165 2169 2168
f 312 317 314
f 856 861 860
f 1843 1844 1846
f 856 863 861
f 1028 1739 1021
f 1848 680 1847
f 674 677 679
f 1020 682 1022
f 317 1846 1849
f 674 680 678
f 314 319 318
f 2168 2169 2133
f 1020 1022 1021
f 1843 1847 1845
f 1844 1849 1846
f 1843 1845 1844
f 405 421 318
f 1546 2165 1916
f 862 1916 863
f 314 317 320
f 405 318 319
f 673 679 682
f 2597 1847 680
f 1737 2134 1739
f 314 320 319
f 405 28 421
f 1737 2133 2134
f 674 679 673
f 2597 1845 1847
f 1844 1850 1849
f 317 1849 403
f 833 395 394
f 1844 1845 1850
f 1024 1021 1739
f 923 1940 1941
f 320 317 403
f 833 831 2494
f 1020 681 682
f 1020 1021 1024
f 393 860 392
f 674 229 680
f 2165 170 2169
f 673 682 681
f 403 1849 1850
f 1546 1916 862
f 389 392 394
f 399 405 319
f 1939 2063 831
f 2597 680 229
f 399 319 320
f 856 862 863
f 2597 230 1845
f 2169 1321 2133
f 230 1850 1845
f 1546 170 2165
f 856 860 393
f 405 404 27
f 236 674 673
f 399 404 405
f 403 1850 1276
f 2134 2274 1739
f 1024 1739 2274
f 1020 1024 1023
f 1020 1023 681
f 396 320 403
f 2597 229 230
f 236 229 674
f 2134 2133 1323
f 396 399 320
f 1276 1850 230
f 833 2494 395
f 389 394 395
f 170 1321 2169
f 673 681 676
f 403 1276 402
f 1323 2133 1321
f 399 397 404
f 389 393 392
f 396 403 402
f 1939 1941 2063
f 236 673 676
f 396 397 399
f 681 1023 2298
f 1275 1276 230
f 1024 1629 1023
f 228 230 229
f 1275 402 1276
f 231 229 236
f 1024 2274 1629
f 676 681 2298
f 404 397 21
f 2134 2275 2274
f 2494 831 2089
f 2134 1323 2275
f 866 1546 862
f 169 170 1546
f 228 229 231
f 396 402 401
f 1275 230 232
f 396 398 397
f 1629 2298 1023
f 168 1321 170
f 228 232 230
f 1275 401 402
f 831 2063 2089
f 856 857 862
f 397 1086 21
f 236 676 675
f 231 236 235
f 397 398 1086
f 1320 1323 1321
f 396 400 398
f 169 1546 866
f 396 401 400
f 855 856 393
f 676 2298 2447
f 236 675 235
f 1629 2274 1624
f 2274 2275 1624
f 1320 1321 168
f 1275 232 134
f 1275 134 401
f 228 231 234
f 675 676 2447
f 2275 1323 1322
f 164 170 169
f 164 168 170
f 1629 1628 2298
f 1086 398 1085
f 857 866 862
f 231 235 234
f 228 233 232
f 1320 1322 1323
f 1085 398 400
f 1084 1086 1085
f 389 390 393
f 1628 2447 2298
f 400 401 135
f 228 234 233
f 855 857 856
f 134 232 233
f 134 135 401
f 235 675 2146
f 389 395 391
f 2494 1734 395
f 1620 1629 1624
f 234 235 2146
f 137 1085 400
f 1620 1628 1629
f 675 2447 2014
f 137 400 135
f 1623 1624 2275
f 1623 2275 1322
f 169 866 166
f 167 1320 168
f 855 393 390
f 1628 2448 2447
f 675 2014 2146
f 1087 1085 702
f 164 169 166
f 164 167 168
f 233 234 1805
f 137 701 1085
f 136 134 233
f 129 135 134
f 2494 2089 1734
f 2448 2014 2447
f 701 702 1085
f 1320 1099 1322
f 234 2146 2147
f 1941 1940 2084
f 130 137 135
f 389 391 390
f 1619 1620 1624
f 129 134 136
f 234 2147 1805
f 1619 1624 1623
f 233 1805 1803
f 857 865 866
f 137 138 701
f 129 130 135
f 136 233 1803
f 167 1099 1320
f 1620 1625 1628
f 1628 1625 2448
f 1099 1623 1322
f 130 138 137
f 391 395 1734
f 866 865 166
f 698 702 701
f 2146 2014 2011
f 2448 2013 2014
f 1941 2085 2063
f 2147 2146 2011
f 698 42 702
f 698 701 138
f 164 165 167
f 164 166 165
f 1625 2013 2448
f 1805 2147 2125
f 128 130 129
f 1805 2125 1803
f 855 858 857
f 129 136 132
f 2010 2014 2013
f 136 1803 1804
f 130 131 138
f 1619 1621 1620
f 2010 2011 2014
f 1619 1623 1622
f 2086 2089 2063
f 698 699 42
f 698 138 131
f 1621 1625 1620
f 128 129 132
f 136 1804 132
f 128 131 130
f 2147 2011 2332
f 1803 2125 1804
f 2147 2332 2125
f 1099 1885 1623
f 1095 1099 167
f 855 390 859
f 1940 697 694
f 1625 1910 2013
f 1619 1622 1621
f 1623 1885 1622
f 857 864 865
f 2010 2013 1910
f 698 700 699
f 166 865 1097
f 165 1095 167
f 698 131 700
f 165 166 1097
f 2010 2012 2011
f 2017 2332 2011
f 857 858 864
f 2086 1734 2089
f 2121 132 1804
f 128 132 133
f 128 133 131
f 855 859 858
f 693 697 696
f 2122 1804 2125
f 699 700 41
f 1941 2084 2085
f 2332 2124 2125
f 390 391 1733
f 2012 2017 2011
f 1621 278 1625
f 2010 1910 2012
f 278 1910 1625
f 700 131 1769
f 2121 133 132
f 2121 1804 2122
f 1099 1100 1885
f 131 133 1769
f 1095 1100 1099
f 2017 2124 2332
f 1621 1622 1627
f 2122 2125 2124
f 2086 2063 2085
f 1627 1622 1885
f 41 700 1767
f 1216 1097 865
f 165 1096 1095
f 390 1733 859
f 1216 865 864
f 165 1097 1098
f 563 391 1734
f 700 1769 1768
f 2012 2015 2017
f 2012 1910 279
f 2121 1366 133
f 1621 1626 278
f 2121 2122 1366
f 700 1768 1767
f 2015 2124 2017
f 1621 1627 1626
f 1769 133 2371
f 165 1098 1096
f 278 279 1910
f 1940 694 2084
f 1627 1885 2589
f 2122 2124 1365
f 1100 2589 1885
f 1769 2371 1768
f 1095 1101 1100
f 1095 1096 1101
f 2012 2016 2015
f 1399 1400 1401
f 1366 2122 1365
f 563 1733 391
f 2012 279 2016
f 133 2123 2371
f 1366 2123 133
f 858 1215 864
f 858 859 1215
f 1768 2564 1767
f 1216 1213 1097
f 2015 1976 2124
f 1097 1213 1098
f 56 1767 2564
f 1768 2371 2372
f 2124 1976 1365
f 1626 277 278
f 274 279 278
f 1626 1627 1909
f 1768 2372 2564
f 2015 2016 2177
f 1627 2589 2590
f 1212 1216 864
f 2155 2371 2123
f 1364 1366 1365
f 274 278 277
f 2155 2372 2371
f 1100 1413 2589
f 2086 568 1734
f 1096 1098 1102
f 2015 2177 1976
f 2016 279 284
f 1366 1367 2123
f 56 2564 2586
f 1101 1414 1100
f 1096 1102 1101
f 1626 1909 277
f 1627 2590 1909
f 1735 859 1733
f 1364 1367 1366
f 693 694 697
f 2372 2553 2564
f 563 1734 568
f 2016 284 2177
f 611 1365 1976
f 1212 864 1215
f 1212 1213 1216
f 274 275 279
f 1213 1102 1098
f 1655 2155 2123
f 2553 2586 2564
f 1364 1365 611
f 2590 2589 1413
f 1100 1414 1413
f 275 284 279
f 2155 2156 2372
f 1655 2123 1367
f 1735 1215 859
f 2156 2553 2372
f 1101 1102 1414
f 2177 618 1976
f 1655 2156 2155
f 2553 2593 2586
f 1364 1368 1367
f 274 277 276
f 611 1976 610
f 1364 611 1368
f 2177 284 437
f 2593 2594 2586
f 277 1909 282
f 1401 1400 696
f 610 1976 618
f 1387 1655 1367
f 274 276 275
f 2590 2599 1909
f 2086 2085 2088
f 2177 437 618
f 563 564 1733
f 2156 2554 2553
f 2553 2554 2593
f 1385 1367 1368
f 1411 2590 1413
f 1655 1654 2156
f 1385 1387 1367
f 275 285 284
f 276 277 282
f 611 614 1368
f 1387 1654 1655
f 1214 1102 1213
f 609 611 610
f 2592 2594 2593
f 285 437 284
f 1212 1214 1213
f 2599 282 1909
f 1404 1413 1414
f 564 1735 1733
f 2592 2593 2554
f 609 614 611
f 1411 2599 2590
f 615 610 618
f 1212 1215 1217
f 2156 2555 2554
f 276 283 275
f 1408 1414 1102
f 2235 2085 2084
f 2156 1654 2555
f 1382 1385 1368
f 275 283 285
f 437 617 618
f 1385 1383 1387
f 1382 1368 614
f 1404 1411 1413
f 609 610 615
f 1383 1654 1387
f 615 618 617
f 1735 1315 1215
f 285 435 437
f 2592 2554 2285
f 1382 1383 1385
f 1404 1414 1408
f 2555 2285 2554
f 435 617 437
f 609 612 614
f 1382 614 612
f 276 282 281
f 609 615 613
f 1654 1653 2555
f 276 280 283
f 1383 1653 1654
f 2599 2493 282
f 285 283 438
f 1315 1217 1215
f 2086 2087 568
f 2592 583 40
f 1409 2599 1411
f 2592 2285 583
f 562 563 568
f 609 613 612
f 1214 2202 1102
f 1212 1218 1214
f 285 436 435
f 1408 1102 2202
f 1382 1384 1383
f 1212 1217 1218
f 562 564 563
f 615 617 616
f 2555 2284 2285
f 276 281 280
f 285 438 436
f 1382 612 1386
f 438 283 280
f 435 1894 617
f 1409 2493 2599
f 281 282 2493
f 1405 1411 1404
f 615 616 613
f 1653 2284 2555
f 1383 1384 1653
f 2086 2088 2087
f 1382 1386 1384
f 1403 1404 1408
f 585 583 2285
f 436 1894 435
f 1405 1409 1411
f 617 1894 616
f 2235 2088 2085
f 564 569 1735
f 1958 612 613
f 585 2285 2284
f 2235 2084 694
f 1958 1386 612
f 1735 569 1315
f 1403 1405 1404
f 616 1958 613
f 438 280 439
f 438 439 436
f 2443 1653 1384
f 581 583 585
f 1960 1384 1386
f 2442 2284 1653
f 585 2284 2283
f 280 281 2004
f 436 1893 1894
f 1410 2493 1409
f 1960 1386 1958
f 2442 1653 2443
f 1407 1408 2202
f 1894 2487 616
f 1403 1408 1407
f 1316 1217 1315
f 2442 2283 2284
f 281 2493 2005
f 1405 1410 1409
f 1218 1217 1316
f 436 439 1893
f 1960 1959 1384
f 1959 2443 1384
f 1214 2201 2202
f 280 2004 439
f 581 585 584
f 1218 2201 1214
f 693 696 695
f 585 2283 1042
f 523 1958 616
f 1894 1893 2487
f 585 1042 584
f 1956 1960 1958
f 523 616 2487
f 581 584 582
f 2004 281 2005
f 1410 2005 2493
f 1403 1406 1405
f 2442 1040 2283
f 1956 1959 1960
f 2283 1040 1042
f 562 568 566
f 2442 2443 2423
f 1959 2423 2443
f 562 567 564
f 2087 566 568
f 1403 1407 1406
f 567 569 564
f 998 584 1042
f 2407 1893 439
f 2004 2006 439
f 1405 1412 1410
f 998 1042 1040
f 2458 2487 1893
f 1956 1958 520
f 997 582 584
f 520 1958 523
f 786 1315 569
f 2442 1039 1040
f 2200 1407 2202
f 786 1316 1315
f 2442 2423 1039
f 997 584 998
f 1405 1406 1412
f 523 2487 525
f 1218 1316 1319
f 2006 2407 439
f 1956 1957 1959
f 2407 2458 1893
f 2200 2202 2201
f 997 38 582
f 1218 1319 2201
f 1957 2423 1959
f 1038 998 1040
f 2458 525 2487
f 1038 1040 1039
f 1410 1676 2005
f 2004 2005 2007
f 693 695 694
f 1956 520 1957
f 997 998 1000
f 2004 2007 2006
f 519 523 525
f 1406 1407 1200
f 1410 1412 1676
f 1039 2423 2421
f 519 520 523
f 1038 1000 998
f 997 999 38
f 1957 2421 2423
f 2407 2408 2458
f 2200 1200 1407
f 997 1000 999
f 1038 1039 1041
f 2406 2407 2006
f 2458 524 525
f 1406 1198 1412
f 1038 1041 1000
f 519 525 524
f 2408 524 2458
f 2406 2408 2407
f 1039 2421 2256
f 2424 2005 1676
f 520 521 1957
f 2087 2088 2091
f 2406 2006 2007
f 2424 2007 2005
f 517 520 519
f 1041 1039 2256
f 570 786 569
f 1406 1200 1198
f 567 570 569
f 787 1319 1316
f 1957 2422 2421
f 562 565 567
f 786 787 1316
f 772 999 1000
f 999 77 60
f 562 566 565
f 1673 1676 1412
f 2200 2201 2171
f 517 521 520
f 1041 2257 1000
f 1317 2201 1319
f 2421 2422 2256
f 772 77 999
f 2235 2091 2088
f 1957 521 2320
f 1673 1412 1198
f 1957 2320 2422
f 519 524 518
f 1041 2256 2258
f 2408 1362 524
f 772 1000 2257
f 2406 1362 2408
f 517 519 518
f 1041 2258 2257
f 2087 2090 566
f 2200 1199 1200
f 2406 2007 1812
f 2424 1676 1674
f 2258 2256 2259
f 76 77 772
f 1317 2171 2201
f 61 77 76
f 1673 1674 1676
f 2358 2256 2422
f 2424 2425 2007
f 1196 1198 1200
f 517 522 521
f 527 524 1362
f 2258 2259 2257
f 2406 1618 1362
f 518 524 527
f 2200 2171 1199
f 787 1317 1319
f 2321 2422 2320
f 2042 2320 521
f 772 2257 771
f 517 518 522
f 2358 2259 2256
f 2406 1812 1618
f 1673 1198 1197
f 2425 1812 2007
f 76 772 771
f 73 61 76
f 785 786 570
f 785 787 786
f 2358 2422 2321
f 1196 1200 1199
f 522 2042 521
f 2042 2321 2320
f 2235 694 2234
f 2259 2271 2257
f 2424 1674 2426
f 1196 1197 1198
f 2271 771 2257
f 2087 2091 2090
f 1363 1362 1618
f 2424 2426 2425
f 527 1362 1363
f 567 571 570
f 518 527 526
f 518 526 522
f 1193 1674 1673
f 2358 2270 2259
f 73 76 75
f 76 771 484
f 567 565 571
f 1193 1673 1197
f 2259 2270 2271
f 2042 2043 2321
f 1455 1618 1812
f 73 74 2
f 2273 2358 2321
f 75 76 484
f 522 241 2042
f 73 75 74
f 1905 771 2271
f 2171 2175 1199
f 1363 1618 1455
f 566 2251 565
f 2273 2270 2358
f 1905 484 771
f 2425 1811 1812
f 527 1363 1361
f 1675 2426 1674
f 2273 2321 2043
f 526 527 1361
f 241 2043 2042
f 2170 2171 1317
f 566 2090 2251
f 1193 1675 1674
f 526 240 522
f 787 1318 1317
f 1196 1199 1192
f 1190 1197 1196
f 1455 1812 1811
f 798 2271 2270
f 2425 2426 2427
f 75 484 483
f 522 240 241
f 74 75 482
f 798 1905 2271
f 785 789 787
f 1190 1193 1197
f 2170 2175 2171
f 1905 1906 484
f 75 483 482
f 1453 1363 1455
f 484 1906 483
f 1453 1361 1363
f 1199 2175 1192
f 2425 2427 1811
f 785 570 788
f 74 482 3
f 797 2270 2273
f 2273 2043 243
f 1675 2427 2426
f 241 243 2043
f 526 1361 1360
f 798 2270 797
f 1190 1196 1192
f 526 1360 240
f 799 1905 798
f 799 1906 1905
f 787 789 1318
f 2170 1317 2174
f 1750 482 483
f 1455 1811 1454
f 1750 483 1906
f 570 571 788
f 2174 1317 1318
f 237 241 240
f 1193 1194 1675
f 2273 243 2272
f 1453 1455 1454
f 797 2273 2272
f 237 243 241
f 1241 3 482
f 1190 1194 1193
f 1449 1361 1453
f 1449 1360 1361
f 792 798 797
f 1241 482 1750
f 792 799 798
f 2463 2427 1675
f 799 1751 1906
f 1750 1906 1751
f 2462 1811 2427
f 1388 571 565
f 785 788 789
f 1239 3 1241
f 1360 239 240
f 2233 2091 2235
f 1454 1811 1813
f 243 2460 2272
f 695 696 1400
f 2170 2172 2175
f 2463 1675 1194
f 237 240 239
f 797 2272 796
f 2172 1192 2175
f 2251 1388 565
f 2462 1813 1811
f 1453 1454 1452
f 237 242 243
f 791 792 797
f 1190 1192 1191
f 1749 1241 1750
f 1449 1453 1452
f 1749 1750 1751
f 792 794 799
f 799 794 1751
f 796 2272 2460
f 243 242 2460
f 1449 1450 1360
f 791 797 796
f 1190 1195 1194
f 1239 1241 1240
f 1360 1450 239
f 695 2236 694
f 2091 2252 2090
f 2344 2427 2463
f 2344 2462 2427
f 2170 2174 2173
f 1239 1242 16
f 1454 1813 1814
f 1190 1191 1195
f 237 239 238
f 1749 1751 1754
f 1454 1814 1452
f 794 1754 1751
f 2251 2090 2252
f 1239 1240 1242
f 237 238 242
f 1749 1752 1241
f 790 792 791
f 1318 789 2546
f 790 794 792
f 2174 1318 2176
f 1241 1752 1240
f 2459 796 2460
f 2233 2235 2234
f 2170 2173 2172
f 791 796 793
f 2269 1192 2172
f 2459 2460 242
f 2269 1191 1192
f 2463 1194 2343
f 2462 2405 1813
f 1449 1452 1451
f 1449 1451 1450
f 2234 694 2236
f 1749 1754 1753
f 790 791 793
f 239 1450 1562
f 2459 793 796
f 1242 1240 1474
f 1749 1753 1752
f 2405 1814 1813
f 1194 1195 2549
f 794 795 1754
f 788 571 1250
f 2344 2405 2462
f 239 2506 238

