# https://github.com/mikedh/trimesh
v 0.31675262 -0.31201374 0.03770677
v 0.32411722 -0.30878970 0.04810850
v 0.32903031 -0.31209675 0.03429062
v 0.31355740 -0.30907404 0.04972157
v 0.31919973 -0.31458691 0.02692164
v 0.30894215 -0.31498792 0.02759349
v 0.30553665 -0.31202286 0.04028226
v 0.33690492 -0.30743030 0.04966557
v 0.34086631 -0.31072265 0.03656308
v 0.32616155 -0.31612581 0.01892329
v 0.33908435 -0.31455456 0.02217615
v 0.32874300 -0.30521303 0.05984840
v 0.31988424 -0.30643686 0.05782470
v 0.09577851 -0.28604808 0.16594259
v 0.09750457 -0.29000182 0.15345412
v 0.08723343 -0.28951890 0.15540272
v 0.08079934 -0.28647843 0.16524762
v 0.08891382 -0.28153434 0.18002918
v 0.10351295 -0.28179529 0.17827765
v 0.10751804 -0.28481491 0.16893672
v 0.10525552 -0.28757689 0.16064878
v 0.07424803 -0.29132613 0.14977943
v 0.08841488 -0.29332334 0.14286950
v 0.10839425 -0.29021367 0.15204593
v 0.10044480 -0.29271343 0.14449913
v 0.54461609 -0.33880885 -0.16914123
v 0.55013293 -0.33998802 -0.18280348
v 0.54126671 -0.34081791 -0.18256876
v 0.53401363 -0.34071808 -0.17683137
v 0.53410925 -0.33904344 -0.16349228
v 0.54175498 -0.33724166 -0.15571175
v 0.55198437 -0.33566988 -0.15326449
v 0.55782338 -0.33729362 -0.16902768
v 0.54335228 -0.33484313 -0.14183288
v 0.55987880 -0.33280672 -0.14272270
v 0.56258248 -0.33439720 -0.15431741
v 0.55274076 -0.33324751 -0.13932047
v 0.49098684 -0.34606821 -0.27386521
v 0.48231933 -0.34601209 -0.27423027
v 0.48855994 -0.34631952 -0.26330558
v 0.48823165 -0.34558110 -0.28541251
v 0.49919284 -0.34619940 -0.26631873
v 0.49697339 -0.34585690 -0.27984508
v 0.47732478 -0.34636610 -0.26045988
v 0.48625672 -0.34645580 -0.25202197
v 0.49530438 -0.34638187 -0.25278957
v 0.44137514 -0.32673558 -0.05509275
v 0.45027428 -0.32520405 -0.05117111
v 0.44974204 -0.32819894 -0.06474602
v 0.43257922 -0.32493604 -0.04445396
v 0.44466489 -0.32347732 -0.04181147
v 0.43927186 -0.32942524 -0.06711777
v 0.43134295 -0.32861134 -0.06096448
v 0.45879544 -0.32522554 -0.05442765
v 0.45642450 -0.32187609 -0.03943617
v 0.57192915 -0.28636022 -0.01249663
v 0.56723199 -0.29142916 -0.01713590
v 0.56706917 -0.28379899 -0.00100116
v 0.57246336 -0.29218376 -0.02519396
v 0.56183605 -0.29363637 -0.01582609
v 0.56209453 -0.28785821 -0.00345746
v 0.56981888 -0.29735364 -0.03355813
v 0.56392347 -0.29793114 -0.02823523
v 0.56181286 -0.27973551 0.01346250
v 0.29227982 -0.31904424 0.01365959
v 0.30292132 -0.31816196 0.01538475
v 0.29723418 -0.32148968 0.00141681
v 0.28224698 -0.31852170 0.01798233
v 0.29411686 -0.31528020 0.02951628
v 0.28472232 -0.32141153 0.00416687
v 0.31482784 -0.31734984 0.01639659
v 0.30984181 -0.32037569 0.00409872
v 0.57209261 -0.34096787 -0.23481222
v 0.57486489 -0.34057620 -0.24316720
v 0.56955668 -0.34167789 -0.24483677
v 0.56734607 -0.34145378 -0.22585988
v 0.57632148 -0.33953661 -0.22139341
v 0.56374558 -0.34248419 -0.23922093
v 0.57938074 -0.33925772 -0.23385016
v 0.58035437 -0.33913525 -0.24739162
v 0.57187271 -0.34116229 -0.25446649
v 0.56413951 -0.34257238 -0.25219884
v 0.47885216 -0.34650261 -0.24330128
v 0.46610013 -0.34657607 -0.25080180
v 0.47008280 -0.34659648 -0.23837091
v 0.47601847 -0.34639107 -0.22956650
v 0.48449939 -0.34632325 -0.23187634
v 0.49091560 -0.34637335 -0.24029838
v 0.46348484 -0.34668706 -0.23937789
v 0.46528512 -0.34654978 -0.22891065
v 0.17034439 -0.27764824 0.18118864
v 0.17885781 -0.27281720 0.19310301
v 0.18439592 -0.27696699 0.18080416
v 0.17581140 -0.28159053 0.16914373
v 0.16230528 -0.28240535 0.16887723
v 0.15426552 -0.27868140 0.18076248
v 0.16520152 -0.27360592 0.19320911
v 0.19715780 -0.27709296 0.17828077
v 0.18842388 -0.28120779 0.16821571
v 0.19436261 -0.27168511 0.19342955
v 0.25555583 -0.33389150 -0.30298734
v 0.24529272 -0.33337148 -0.30244240
v 0.26206360 -0.33564592 -0.29197666
v 0.26729047 -0.33461266 -0.30304254
v 0.24973802 -0.33518437 -0.28980469
v 0.26913657 -0.33725054 -0.28094161
v 0.27131908 -0.33613216 -0.29269376
v 0.25867310 -0.33657795 -0.28179550
v 0.06427656 -0.31748867 0.04626038
v 0.07781079 -0.31871220 0.04065697
v 0.06522203 -0.32013882 0.03279161
v 0.05600508 -0.31882241 0.03928292
v 0.05250973 -0.31676247 0.04941903
v 0.06079317 -0.31482597 0.05893477
v 0.07341577 -0.31569593 0.05529454
v 0.08828651 -0.32053494 0.03163836
v 0.07716824 -0.32208406 0.02279776
v 0.08445244 -0.31642243 0.05221165
v 0.09178554 -0.31827979 0.04326693
v 0.28761700 -0.33492424 -0.31110684
v 0.43008001 -0.33906376 -0.12046555
v 0.42964721 -0.34081159 -0.13389781
v 0.42105975 -0.34025926 -0.12748516
v 0.42118420 -0.33848639 -0.11436774
v 0.43904992 -0.33952089 -0.12644766
v 0.43017901 -0.33718234 -0.10748808
v 0.43876926 -0.33759992 -0.11270470
v 0.03980381 -0.29785338 0.12756935
v 0.03754195 -0.30102083 0.11585121
v 0.02635473 -0.29866892 0.12459092
v 0.03459423 -0.29563177 0.13558873
v 0.05239903 -0.29918497 0.12265909
v 0.04791750 -0.29459138 0.13906573
v 0.46358418 -0.25626682 0.13925873
v 0.45565677 -0.25439303 0.14745285
v 0.46376243 -0.24934008 0.15328152
v 0.46655090 -0.26110872 0.12742331
v 0.46010309 -0.26239146 0.12821090
v 0.45458249 -0.26066784 0.13476716
v 0.47386391 -0.25540665 0.13509420
v 0.47013865 -0.25061286 0.14707938
v 0.47164615 -0.24462209 0.15793250
v 0.47750610 -0.24750798 0.14872367
v -0.01744947 -0.32305980 0.01069380
v -0.02069064 -0.32049960 0.02577113
v 0.57030644 -0.34059919 -0.28283104
v 0.57117994 -0.34101096 -0.26851683
v 0.57720587 -0.33987040 -0.26022401
v 0.18730814 -0.28864760 0.14628507
v 0.19727804 -0.29153427 0.13541521
v 0.18179131 -0.29340805 0.13219107
v 0.20006212 -0.28620492 0.15141530
v 0.18058004 -0.28542833 0.15716239
v 0.19143500 -0.28464499 0.15772394
v 0.17190610 -0.29035512 0.14348531
v 0.21114607 -0.28253211 0.16009354
v 0.21239517 -0.28794780 0.14361684
v 0.19976514 -0.28157692 0.16514860
v 0.16759424 -0.28601471 0.15743919
v -0.02271711 -0.28107582 0.18643843
v -0.02442450 -0.28564190 0.17157270
v -0.00601755 -0.27864612 0.19331847
v -0.01337578 -0.28298769 0.17991107
v 0.44944041 -0.24557253 0.16872137
v 0.44679640 -0.25336502 0.15417861
v 0.44152640 -0.24945963 0.16503093
v 0.44294928 -0.24331544 0.17671973
v 0.45101398 -0.23853643 0.18165109
v 0.45792038 -0.24052666 0.17388590
v 0.45642381 -0.24765770 0.16071950
v 0.19232527 -0.30718773 0.08142307
v 0.20028445 -0.30878030 0.07378960
v 0.18757050 -0.31061843 0.06842783
v 0.18008432 -0.30737698 0.08272170
v 0.19136798 -0.30351408 0.09548520
v 0.20228855 -0.30532650 0.08679822
v 0.19059085 -0.31387682 0.05420619
v 0.17836188 -0.31391891 0.05583532
v 0.17269051 -0.31111985 0.06868154
v 0.19844319 -0.31162043 0.06255263
v 0.09507728 -0.33654833 -0.09263813
v 0.09265467 -0.33711320 -0.10251853
v 0.08529310 -0.33660906 -0.09529160
v 0.10394777 -0.33615970 -0.08615343
v 0.10279840 -0.33706268 -0.09991413
v 0.08993959 -0.33553636 -0.07968092
v 0.07541029 -0.33606295 -0.08849543
v 0.08244687 -0.33731772 -0.10924144
v 0.07559759 -0.33678512 -0.09990054
v 0.01734514 -0.32695561 -0.27561452
v 0.00641940 -0.32538328 -0.28237765
v 0.00836661 -0.32764831 -0.26830469
v 0.02128148 -0.32884478 -0.26360752
v 0.02946235 -0.32756552 -0.27490707
v 0.02087132 -0.32498851 -0.28882063
v 0.25675247 -0.34095275 -0.21443300
v 0.26246998 -0.34074899 -0.22657403
v 0.24792371 -0.34006076 -0.22874487
v 0.24403502 -0.34056811 -0.21300602
v 0.25286253 -0.34116935 -0.19944685
v 0.26892647 -0.34139641 -0.21511192
v 0.26435648 -0.34146222 -0.20439046
v 0.23439099 -0.33984365 -0.22352204
v 0.23343869 -0.34030828 -0.21159739
v 0.23881577 -0.34075642 -0.20082815
v 0.33630912 -0.32321475 -0.01448983
v 0.34505662 -0.32196848 -0.01052954
v 0.34384372 -0.32403719 -0.01987811
v 0.32854381 -0.32155621 -0.00523407
v 0.33982358 -0.32036006 -0.00221355
v 0.32400829 -0.32502385 -0.02100911
v 0.33657299 -0.32586951 -0.02752800
v 0.23223090 -0.34065335 -0.15929726
v 0.23235823 -0.34081882 -0.17261971
v 0.22224773 -0.34059595 -0.16589012
v 0.23186641 -0.34025621 -0.14514686
v 0.24086566 -0.34066683 -0.15406160
v 0.22322370 -0.34042244 -0.15412010
v 0.24228628 -0.34092770 -0.16512219
v 0.21099721 -0.34043651 -0.17222342
v 0.21300880 -0.34035239 -0.15780312
v 0.22135998 -0.34061462 -0.17988358
v 0.24319329 -0.34107181 -0.17828009
v 0.23238308 -0.34078481 -0.18806099
v 0.52814159 -0.30114927 -0.00634692
v 0.52096160 -0.29809237 0.00661999
v 0.53082108 -0.29630435 0.00456858
v 0.53279193 -0.30453534 -0.01913362
v 0.52554084 -0.30529944 -0.01630934
v 0.53585915 -0.29867198 -0.00532925
v 0.52205060 -0.30335513 -0.00844642
v 0.54419506 -0.29610505 -0.00534220
v 0.53984877 -0.30143623 -0.01558968
v 0.53830399 -0.29192969 0.00975062
v 0.51047547 -0.34609093 -0.26560186
v 0.51747900 -0.34601579 -0.25538220
v 0.51966604 -0.34588436 -0.26716602
v 0.50661970 -0.34622158 -0.25186635
v 0.50555523 -0.34591487 -0.27663123
v 0.51408158 -0.34582017 -0.27598160
v 0.55785590 -0.29808770 -0.02242140
v 0.55700079 -0.29236476 -0.00798245
v 0.55635412 -0.28579200 0.00720122
v 0.35225293 -0.34326616 -0.16123805
v 0.33694282 -0.34329538 -0.16841481
v 0.33846888 -0.34228829 -0.15076906
v 0.36271646 -0.34285838 -0.15216724
v 0.36693642 -0.34369800 -0.16298307
v 0.35357094 -0.34211125 -0.14483741
v 0.34792435 -0.34391969 -0.17497223
v 0.35911813 -0.34420481 -0.17458179
v 0.54329799 -0.33069652 -0.11928172
v 0.54936472 -0.32842234 -0.11300142
v 0.54927852 -0.33144680 -0.12738566
v 0.53603869 -0.33127270 -0.11774691
v 0.54143528 -0.32869423 -0.10883432
v 0.53965502 -0.33294322 -0.12851572
v 0.52723252 -0.33213035 -0.11749362
v 0.53197573 -0.32899512 -0.10487069
v 0.53211883 -0.33339276 -0.12645684
v 0.14012297 -0.33782656 -0.10672680
v 0.13857679 -0.33685933 -0.09241966
v 0.15070342 -0.33727575 -0.09720862
v 0.13113231 -0.33818058 -0.11470271
v 0.12654490 -0.33746225 -0.10268711
v 0.15288009 -0.33818989 -0.11182452
v 0.14077485 -0.33852675 -0.12058406
v 0.15917304 -0.31670374 0.04594625
v 0.14729741 -0.31769541 0.04256130
v 0.15434992 -0.31500723 0.05433436
v 0.16531936 -0.31428016 0.05612780
v 0.17071605 -0.31716900 0.04212630
v 0.15816465 -0.31913089 0.03433326
v 0.14340257 -0.31463912 0.05724121
v 0.15649668 -0.31144466 0.06960045
v 0.14717508 -0.32063240 0.02797474
v 0.13732156 -0.31987897 0.03280101
v 0.13145758 -0.31747597 0.04519795
v 0.01392416 -0.28797224 0.16237834
v 0.00576937 -0.29288502 0.14570069
v 0.00090941 -0.28878068 0.16009480
v 0.02360223 -0.29053815 0.15348048
v 0.02177039 -0.28349975 0.17678927
v 0.02641726 -0.28698336 0.16535263
v 0.00559181 -0.28495856 0.17265930
v 0.01054772 -0.29765092 0.12841963
v -0.00461322 -0.29736884 0.12972333
v -0.01007140 -0.29122381 0.15204775
v 0.02279160 -0.29463170 0.13924251
v -0.01023490 -0.29466195 0.13984302
v -0.00986944 -0.28665490 0.16765345
v 0.09611370 -0.31534797 0.05727434
v 0.10284845 -0.31778637 0.04561855
v 0.10099089 -0.32036193 0.03261972
v 0.11010905 -0.31581229 0.05476561
v 0.11489711 -0.31863240 0.04083177
v 0.08303229 -0.31377546 0.06441645
v 0.09381735 -0.31187128 0.07291765
v 0.10651510 -0.31292020 0.06807333
v 0.44757307 -0.27962242 0.09428265
v 0.45524541 -0.28168265 0.08559840
v 0.44512881 -0.28571217 0.07978159
v 0.43766525 -0.28290733 0.09023092
v 0.44152328 -0.27687243 0.10376981
v 0.44928864 -0.27486560 0.10521601
v 0.45681081 -0.27496311 0.10127724
v 0.43367516 -0.28941384 0.07461036
v 0.42834943 -0.28562518 0.08697556
v 0.42995394 -0.27946811 0.10219337
v 0.18433022 -0.33866327 -0.11706514
v 0.19828658 -0.33887606 -0.11957825
v 0.18989669 -0.33938545 -0.13139140
v 0.17804237 -0.33919693 -0.12892797
v 0.16821563 -0.33858679 -0.11784660
v 0.17803473 -0.33771989 -0.10242069
v 0.19385448 -0.33780380 -0.10289280
v 0.08230594 -0.32487551 0.00699950
v 0.07034909 -0.32438651 0.00948604
v 0.06255133 -0.32270722 0.01878701
v 0.09356330 -0.32282549 0.01920899
v 0.11285058 -0.33111306 -0.27517303
v 0.11556441 -0.33287666 -0.26179648
v 0.12554794 -0.33253922 -0.26778056
v 0.10385091 -0.33231419 -0.26265621
v 0.11601774 -0.32889535 -0.29179577
v 0.10461255 -0.32935206 -0.28557397
v 0.09771642 -0.33047247 -0.27534274
v 0.12613100 -0.33077885 -0.28167152
v 0.12455393 -0.33404917 -0.25398753
v 0.13699066 -0.33382764 -0.26000938
v 0.13707961 -0.33212148 -0.27461005
v 0.11098453 -0.33402277 -0.24950413
v 0.44659660 -0.30056423 0.03787235
v 0.43611665 -0.29946087 0.04508465
v 0.44495142 -0.29514500 0.05421529
v 0.45504488 -0.29553847 0.04903671
v 0.45771234 -0.30035272 0.03410024
v 0.44408439 -0.30500822 0.02528918
v 0.43648055 -0.30398605 0.03114662
v 0.45131608 -0.30394769 0.02588214
v 0.39706507 -0.34646004 -0.23351582
v 0.38546164 -0.34619572 -0.23139432
v 0.39255958 -0.34643706 -0.22253331
v 0.38958267 -0.34608100 -0.24503318
v 0.40155487 -0.34627482 -0.24782312
v 0.40346831 -0.34657017 -0.21939604
v 0.40940032 -0.34662874 -0.23507481
v 0.44582514 -0.34391146 -0.30158196
v 0.44921501 -0.34274567 -0.31374283
v 0.43880209 -0.34306862 -0.30893154
v 0.45426763 -0.34433165 -0.29794067
v 0.43887605 -0.34421180 -0.29687822
v 0.44719504 -0.34482614 -0.29067332
v 0.46199360 -0.34372339 -0.30629737
v 0.55837737 -0.33068956 -0.13054124
v 0.56668801 -0.33196666 -0.14446953
v 0.56592587 -0.32991143 -0.13361894
v 0.55695235 -0.32822605 -0.11789900
v 0.56438635 -0.32754534 -0.12133109
v 0.27464474 -0.26375363 0.19519479
v 0.28522818 -0.26537437 0.18827378
v 0.29675769 -0.25911703 0.20018885
v 0.27179248 -0.26884254 0.18314647
v 0.26332291 -0.26592302 0.19276857
v -0.02670175 -0.33507219 -0.17579662
v -0.02232902 -0.33421703 -0.19396383
v -0.01792790 -0.32062600 -0.30228773
v -0.02133987 -0.32250650 -0.29124970
v -0.00808465 -0.32332914 -0.29036851
v -0.00607664 -0.32095725 -0.30391136
v 0.00583826 -0.32273060 -0.29759241
v 0.09816547 -0.33853236 -0.14865098
v 0.11321268 -0.33867316 -0.13845652
v 0.11593758 -0.33888208 -0.15613545
v 0.10143924 -0.33854027 -0.16568781
v 0.09983423 -0.33832789 -0.13166599
v 0.08754273 -0.33823841 -0.13656257
v 0.08140996 -0.33824043 -0.15056939
v 0.08879508 -0.33833231 -0.16157986
v 0.33255290 -0.30169726 0.07094619
v 0.33781039 -0.30368785 0.06270736
v 0.32166371 -0.30285667 0.06988061
v 0.29874159 -0.34234418 -0.22646948
v 0.29225641 -0.34229495 -0.21725098
v 0.30190175 -0.34277127 -0.21269559
v 0.29128083 -0.34163134 -0.23673624
v 0.28894317 -0.34193732 -0.22572628
v 0.31185349 -0.34303598 -0.22368990
v 0.30617149 -0.34212215 -0.24241298
v 0.28093420 -0.34138452 -0.23085621
v 0.28142030 -0.34183011 -0.21730983
v 0.48890367 -0.21617213 0.19738930
v 0.05808330 -0.30553028 0.09872984
v 0.07112185 -0.30381497 0.10553613
v 0.06950117 -0.30750348 0.09100515
v 0.04760504 -0.30332571 0.10715049
v 0.05992625 -0.30232667 0.11111656
v 0.05612538 -0.30891396 0.08492863
v 0.04424842 -0.30697423 0.09264236
v 0.07036442 -0.29944151 0.12176620
v 0.08396724 -0.30170998 0.11348371
v 0.08493784 -0.30596547 0.09725265
v 0.08014033 -0.31020207 0.07995330
v 0.06658767 -0.31031090 0.07931909
v 0.54914895 -0.26122068 0.06382338
v 0.54616422 -0.25679046 0.07533912
v 0.54370201 -0.26107509 0.07027128
v 0.55030978 -0.26848400 0.04907036
v 0.54501758 -0.26707176 0.05751150
v 0.55449558 -0.26385567 0.05260272
v 0.54511042 -0.25161290 0.08545056
v 0.54260292 -0.25600058 0.08065178
v 0.27845430 -0.31538116 0.03240636
v 0.29630314 -0.31139288 0.04487580
v 0.28597631 -0.31202098 0.04466195
v 0.49155703 -0.34612333 -0.22793943
v 0.48463472 -0.34592382 -0.21872213
v 0.49802159 -0.34559847 -0.21762353
v 0.49930401 -0.34609024 -0.23173503
v 0.50267994 -0.34468981 -0.20328546
v 0.50914120 -0.34509302 -0.21291545
v 0.50739475 -0.34570464 -0.22488508
v 0.49112268 -0.34510149 -0.20461867
v 0.38338243 -0.32261032 -0.02193023
v 0.39449987 -0.32089945 -0.01729018
v 0.39159179 -0.32462778 -0.03281997
v 0.37988216 -0.32550625 -0.03422705
v 0.38615043 -0.31965795 -0.01004345
v 0.37410157 -0.32086639 -0.01235041
v 0.37376331 -0.32399473 -0.02600364
v 0.39624466 -0.31696385 -0.00185942
v 0.40588238 -0.31892778 -0.01210394
v 0.40338055 -0.32249198 -0.02616906
v 0.40235385 -0.32583322 -0.04073090
v 0.39232712 -0.32785033 -0.04808038
v 0.38471789 -0.32705479 -0.04254922
v 0.16855539 -0.32099298 0.02366012
v 0.16483292 -0.32360595 0.01031722
v 0.15857643 -0.32278140 0.01552168
v 0.18295853 -0.32141243 0.01986582
v 0.17492873 -0.32342527 0.01019520
v 0.15621274 -0.32132737 0.02349285
v 0.18229668 -0.31869989 0.03333101
v 0.18307330 -0.31610770 0.04542112
v -0.01430192 -0.33526397 -0.18092721
v -0.01290675 -0.33582286 -0.16830650
v -0.00266990 -0.33584245 -0.17580423
v -0.00693325 -0.33503502 -0.18972104
v -0.02259939 -0.33576757 -0.16046945
v -0.02113192 -0.33284392 -0.21290654
v -0.02422925 -0.33309534 -0.07039520
v 0.30218349 -0.34126782 -0.14543736
v 0.30655419 -0.34211606 -0.15952460
v 0.29484384 -0.34181097 -0.15876927
v 0.31374552 -0.34182102 -0.15054698
v 0.31718863 -0.34105024 -0.13805657
v 0.30450253 -0.34014104 -0.12832176
v 0.28723957 -0.34116705 -0.14840035
v 0.29108031 -0.34039467 -0.13412880
v 0.29902451 -0.34233211 -0.17006655
v 0.31806937 -0.34243832 -0.16019704
v 0.31140684 -0.34274958 -0.17234279
v 0.49966754 -0.21242715 0.19493731
v 0.49454896 -0.21620085 0.19298964
v 0.49125313 -0.22119471 0.18711773
v 0.48367170 -0.22360266 0.18844366
v 0.23695766 -0.32625256 -0.01328596
v 0.22736101 -0.32430022 -0.00112563
v 0.24117698 -0.32305495 0.00337793
v 0.25082027 -0.32459728 -0.00609760
v 0.24895749 -0.32699459 -0.01907558
v 0.24033933 -0.32916129 -0.03108405
v 0.22638954 -0.32858620 -0.02571620
v 0.22347328 -0.32666409 -0.01372959
v 0.41391086 -0.34641848 -0.20564808
v 0.40047689 -0.34627513 -0.20358443
v 0.40753806 -0.34594039 -0.19184457
v 0.41719666 -0.34596520 -0.19180984
v 0.42631618 -0.34659594 -0.21211580
v 0.41712684 -0.34672574 -0.22242022
v 0.42537835 -0.34616059 -0.19767075
v 0.38894788 -0.34606465 -0.20244978
v 0.39524870 -0.34572327 -0.18951674
v 0.39369052 -0.34638240 -0.21271925
v 0.39133563 -0.26836108 0.14559809
v 0.38466261 -0.27410553 0.13394328
v 0.38328563 -0.26935550 0.14630127
v 0.40039172 -0.26646217 0.14656087
v 0.39715604 -0.27207541 0.13425661
v 0.38684922 -0.26485055 0.15568733
v 0.39568844 -0.26297683 0.15654855
v 0.19001215 -0.33930151 -0.20798175
v 0.19334285 -0.33988009 -0.19199167
v 0.20350976 -0.33969787 -0.20560975
v 0.19640061 -0.33903315 -0.21727272
v 0.18652626 -0.33857631 -0.22110474
v 0.17818413 -0.33887120 -0.21155106
v 0.18201698 -0.33944655 -0.19981086
v 0.46871785 -0.30053578 0.02882177
v 0.47609924 -0.30254346 0.01956949
v 0.46944103 -0.30547273 0.01367442
v 0.45952564 -0.30532555 0.01827626
v 0.47892354 -0.29850576 0.03002158
v 0.47423576 -0.29521538 0.04151730
v 0.46479619 -0.29574681 0.04432145
v 0.47776996 -0.30619702 0.00747237
v 0.48522910 -0.30157168 0.01784050
v 0.46387293 -0.30834613 0.00705810
v 0.47001541 -0.30944782 0.00066956
v 0.43525336 -0.26719185 0.12958224
v 0.44071471 -0.26077558 0.14141153
v 0.44543693 -0.26545621 0.12871356
v 0.42780156 -0.27321340 0.11866877
v 0.42643335 -0.26774689 0.13236259
v 0.43274347 -0.26291447 0.14052339
v 0.43784990 -0.27236316 0.11622777
v 0.32335975 -0.34286625 -0.24790880
v 0.31887315 -0.34314213 -0.23423905
v 0.31209637 -0.34144646 -0.26168788
v 0.33069924 -0.34382921 -0.23186597
v 0.33809637 -0.34382968 -0.24472054
v 0.33339811 -0.34297873 -0.25830723
v 0.32394422 -0.34218275 -0.26237080
v 0.32227434 -0.34356953 -0.22513819
v 0.30087859 -0.34105473 -0.25752508
v 0.29206185 -0.34096249 -0.25069509
v 0.22943244 -0.31334053 0.05010414
v 0.21672649 -0.31422019 0.04840893
v 0.22591634 -0.31053442 0.06213991
v 0.23923138 -0.31100824 0.05795835
v 0.22666622 -0.31610009 0.03871441
v 0.23821137 -0.31463965 0.04315324
v 0.24694380 -0.31275165 0.04957726
v 0.23618739 -0.30743424 0.07246174
v 0.24599183 -0.30803669 0.06840993
v 0.25153173 -0.31013608 0.05920585
v 0.37130658 -0.34460865 -0.26606877
v 0.37692063 -0.34426730 -0.27569070
v 0.36725213 -0.34371987 -0.27730658
v 0.36128870 -0.34396569 -0.26871577
v 0.36519078 -0.34485179 -0.25414623
v 0.37570826 -0.34526977 -0.25636579
v 0.38126669 -0.34510909 -0.26442274
v 0.38714973 -0.34470069 -0.27462603
v 0.38164707 -0.34378621 -0.28467018
v 0.37244882 -0.34320232 -0.28689200
v 0.45430366 -0.28900441 0.06710758
v 0.44259032 -0.29092211 0.06696552
v 0.07323808 -0.33346104 -0.24137591
v 0.07804484 -0.33475453 -0.22916034
v 0.08607441 -0.33363039 -0.24405347
v 0.06539556 -0.33393059 -0.23371872
v 0.06443518 -0.33279961 -0.24480047
v 0.07253535 -0.33199829 -0.25462973
v 0.07585057 -0.33582380 -0.21474518
v 0.08610082 -0.33586171 -0.21866955
v 0.09241744 -0.33525966 -0.22881432
v 0.06776578 -0.33498352 -0.22258379
v 0.10075050 -0.33461088 -0.23962800
v 0.09788980 -0.33330636 -0.25171425
v 0.08807472 -0.33171220 -0.26223901
v 0.53988822 -0.30562397 -0.02718857
v 0.53360292 -0.30963232 -0.03478908
v 0.52580689 -0.30913644 -0.02819559
v 0.09192409 -0.33811302 -0.12711786
v 0.08357624 -0.33788577 -0.12420256
v 0.09716419 -0.33777369 -0.11580755
v 0.07107945 -0.33795506 -0.13697880
v 0.07169501 -0.33757528 -0.11955716
v 0.52464395 -0.34067982 -0.17101642
v 0.52477922 -0.33893636 -0.15738799
v 0.53381535 -0.33716891 -0.15014601
v 0.50854526 -0.31562886 -0.03950034
v 0.51788352 -0.31262421 -0.03453027
v 0.51645069 -0.31701838 -0.04864902
v 0.50968261 -0.31890763 -0.05167745
v 0.49793020 -0.31683969 -0.03839474
v 0.50330670 -0.31245166 -0.02589682
v 0.51153753 -0.31128559 -0.02646776
v 0.50250178 -0.31961632 -0.05082109
v 0.51350816 -0.32065034 -0.06029078
v 0.50683023 -0.32129563 -0.05927729
v -0.02255063 -0.30341357 0.10659182
v -0.02261218 -0.29406470 0.14226567
v -0.01901171 -0.29752025 0.12948952
v 0.39549525 -0.25415116 0.17628655
v 0.39083102 -0.25948745 0.16640855
v 0.38467507 -0.25554518 0.17751494
v 0.39539389 -0.24805011 0.18936178
v 0.40021524 -0.25734908 0.16735574
v 0.40641909 -0.25012583 0.18025633
v 0.37231842 -0.26218150 0.16724245
v 0.37290470 -0.25452447 0.18440694
v 0.38244464 -0.26182733 0.16434505
v 0.38358297 -0.24819613 0.19390297
v 0.32773589 -0.26287924 0.18180869
v 0.33960706 -0.26332135 0.17667361
v 0.32835363 -0.26838837 0.16812310
v 0.31625087 -0.26783667 0.17334233
v 0.32676260 -0.25668574 0.19662775
v 0.33655477 -0.25829487 0.18959460
v 0.31845600 -0.26228932 0.18626435
v 0.37576968 -0.27231130 0.14176359
v 0.36581399 -0.27648345 0.13468539
v 0.36758418 -0.26978214 0.15087919
v 0.37512107 -0.27681001 0.13061782
v 0.37798159 -0.26679069 0.15440995
v 0.11106085 -0.33684012 -0.21568370
v 0.10567056 -0.33587967 -0.22672474
v 0.09819249 -0.33653398 -0.21420913
v 0.12250853 -0.33759947 -0.20824960
v 0.11979745 -0.33643919 -0.22517552
v 0.10880739 -0.33747549 -0.20371701
v 0.10603237 -0.33799847 -0.19113505
v 0.11745444 -0.33817280 -0.19375350
v 0.09696276 -0.33738034 -0.19920038
v 0.38223599 -0.31682625 0.00235488
v 0.39200633 -0.31402530 0.01058208
v 0.37596531 -0.31540838 0.00966243
v 0.38245281 -0.31291848 0.01733092
v 0.36841181 -0.31760548 0.00269443
v 0.40412118 -0.31249070 0.01272170
v 0.40819239 -0.31566729 -0.00006422
v 0.39444207 -0.31064250 0.02226749
v 0.53835867 -0.24222495 0.10872560
v 0.53250352 -0.23832040 0.12153945
v 0.53317405 -0.23107892 0.13259602
v 0.53038559 -0.22476747 0.14556954
v 0.39115487 -0.30463979 0.04383964
v 0.38406232 -0.30110529 0.05748078
v 0.39735735 -0.30024118 0.05605389
v 0.38651173 -0.30872892 0.03131402
v 0.37967265 -0.30614164 0.04221703
v 0.40304680 -0.30382676 0.04283136
v 0.39607519 -0.30725465 0.03362127
v 0.24391984 -0.33763045 -0.26263364
v 0.24540895 -0.33896893 -0.24603853
v 0.25534623 -0.33885273 -0.25428743
v 0.25103311 -0.33686419 -0.27484136
v 0.23791472 -0.33575217 -0.27912257
v 0.23284515 -0.33794790 -0.25299516
v 0.25462221 -0.33799098 -0.26477702
v 0.23024738 -0.33659029 -0.26741897
v 0.25825408 -0.33988334 -0.24042494
v 0.26828965 -0.33966384 -0.25154683
v 0.26192959 -0.33862746 -0.26153161
v 0.23449712 -0.33905374 -0.23811454
v 0.35298641 -0.33908894 -0.11417848
v 0.34269381 -0.33761794 -0.10138150
v 0.35490441 -0.33698104 -0.09687120
v 0.36565110 -0.33779409 -0.10356704
v 0.36816992 -0.33958086 -0.11805093
v 0.35962777 -0.34089065 -0.13062792
v 0.34288204 -0.34084554 -0.13196910
v 0.33664692 -0.33923362 -0.11566126
v 0.12518989 -0.32067059 0.02972313
v 0.13538857 -0.32257184 0.01871736
v 0.11982525 -0.32335729 0.01549156
v 0.11182569 -0.32157584 0.02587165
v 0.10623224 -0.32365036 0.01450394
v 0.11209600 -0.32595490 0.00045782
v 0.12792639 -0.32524283 0.00402528
v 0.14886233 -0.32288880 0.01587979
v 0.14145527 -0.32487236 0.00530596
v 0.45642040 -0.33588889 -0.10796746
v 0.45513566 -0.33356280 -0.09400314
v 0.46492644 -0.33363781 -0.09818277
v 0.44696900 -0.33578289 -0.10386655
v 0.46590533 -0.33596418 -0.11208230
v 0.45773011 -0.33800058 -0.12215011
v 0.44796246 -0.33786907 -0.11762927
v 0.47439396 -0.33384953 -0.10319575
v 0.47430585 -0.33599289 -0.11565788
v 0.46797813 -0.33791717 -0.12559615
v 0.28068084 -0.34074151 -0.24410569
v 0.27052300 -0.34066012 -0.23634194
v 0.27281248 -0.34124604 -0.22514889
v 0.41252443 -0.32969287 -0.06140499
v 0.42131775 -0.33069874 -0.06866583
v 0.41127708 -0.33227270 -0.07452129
v 0.40541714 -0.33122798 -0.06758476
v 0.40204086 -0.32918507 -0.05663466
v 0.41212153 -0.32682638 -0.04755730
v 0.42194549 -0.32761514 -0.05371252
v 0.43109575 -0.33178980 -0.07678229
v 0.41894731 -0.33380802 -0.08480111
v 0.40667650 -0.33470305 -0.08749551
v 0.40178534 -0.33309870 -0.07710542
v 0.04902004 -0.28541714 0.16969971
v 0.04903836 -0.28990643 0.15501829
v 0.03675296 -0.28829535 0.16071484
v 0.03594254 -0.28448054 0.17319589
v 0.04593795 -0.28190464 0.18097170
v 0.06137632 -0.28077336 0.18371231
v 0.06419803 -0.28698979 0.16413275
v 0.03586168 -0.29229207 0.14723466
v 0.05980989 -0.29167349 0.14889851
v 0.46750842 -0.34280197 -0.16505570
v 0.46302315 -0.34158992 -0.15204711
v 0.47410875 -0.34131038 -0.15397883
v 0.47134591 -0.34364727 -0.17556842
v 0.46272215 -0.34406919 -0.17710864
v 0.45708991 -0.34321544 -0.16525337
v 0.47723013 -0.34259679 -0.16702450
v 0.33080756 -0.33800160 -0.31213190
v 0.32540948 -0.33898775 -0.30037468
v 0.33935374 -0.33992638 -0.30040262
v 0.11250082 -0.27790375 0.18874789
v 0.12227801 -0.27388705 0.19890621
v 0.12528508 -0.27802465 0.18687678
v 0.11582503 -0.28189649 0.17678163
v 0.10043109 -0.27807568 0.18941854
v 0.04603910 -0.32908438 -0.02307616
v 0.05567540 -0.32987198 -0.02822464
v 0.04389547 -0.33055448 -0.03508837
v 0.03528888 -0.32930820 -0.02621530
v 0.04030855 -0.32767585 -0.01343206
v 0.05471667 -0.32767601 -0.01227374
v 0.05431195 -0.33155848 -0.04227103
v 0.04211879 -0.33212422 -0.04906028
v 0.02979769 -0.33102149 -0.04122763
v 0.06935969 -0.33099082 -0.03606257
v 0.06555337 -0.32894174 -0.02036125
v 0.33147273 -0.34410423 -0.20062827
v 0.32607649 -0.34391062 -0.20863146
v 0.32300657 -0.34372914 -0.19854733
v 0.33055444 -0.34390836 -0.19095014
v 0.34018144 -0.34435302 -0.19580688
v 0.33764490 -0.34440979 -0.20937979
v 0.34995870 -0.34484604 -0.20335247
v 0.33933125 -0.34397841 -0.18292839
v 0.35201623 -0.34454455 -0.18785195
v 0.23686589 -0.33638847 -0.08649594
v 0.23741133 -0.33746153 -0.09794614
v 0.22544441 -0.33725426 -0.09564360
v 0.24870542 -0.33562829 -0.07976693
v 0.24758957 -0.33701818 -0.09335802
v 0.22539401 -0.33576783 -0.07993630
v 0.23777681 -0.33484866 -0.07222993
v 0.21247840 -0.33654127 -0.08720261
v 0.21392488 -0.33764489 -0.10008395
v 0.22117179 -0.33846916 -0.11161520
v 0.23272804 -0.33813162 -0.10629660
v 0.34993675 -0.28899418 0.10555742
v 0.35437751 -0.29260061 0.09343056
v 0.34139347 -0.29360861 0.09432866
v 0.33876831 -0.28955770 0.10738661
v 0.34582539 -0.28527126 0.11759777
v 0.35651427 -0.28465529 0.11592413
v 0.36230958 -0.28785852 0.10489930
v 0.33697973 -0.29808720 0.08157405
v 0.33007036 -0.29623577 0.08945773
v 0.34756760 -0.29674605 0.08274962
v 0.33208159 -0.29281741 0.09957646
v 0.36613243 -0.29191081 0.09174992
v 0.35840131 -0.29612227 0.08139119
v 0.44866790 -0.25897774 0.14141389
v 0.45377776 -0.26642658 0.12255150
v 0.44693285 -0.27126907 0.11476080
v 0.13267724 -0.27455397 0.19568130
v 0.15560494 -0.33758757 -0.22379669
v 0.15347178 -0.33844809 -0.20747209
v 0.16618596 -0.33835370 -0.21579790
v 0.15925958 -0.33670778 -0.23728618
v 0.14620020 -0.33652052 -0.23461342
v 0.14297436 -0.33746736 -0.22022350
v 0.16552139 -0.33762322 -0.22765228
v 0.35969998 -0.33993689 -0.31152607
v 0.37242212 -0.34087502 -0.30968438
v 0.34846327 -0.33959637 -0.30879692
v 0.35377089 -0.34123998 -0.29675692
v 0.36673312 -0.34181239 -0.29838296
v 0.51845448 -0.30770635 -0.01917030
v 0.52606976 -0.31425984 -0.04486947
v 0.50924528 -0.30740514 -0.01292675
v 0.51666862 -0.30393925 -0.00684747
v 0.15197290 -0.27361539 0.19530369
v 0.13943063 -0.27744646 0.18653151
v 0.14863566 -0.28421263 0.16556252
v 0.14094231 -0.28180769 0.17375777
v 0.39349755 -0.29598010 0.07041277
v 0.39148672 -0.29099072 0.08583913
v 0.40197439 -0.29135156 0.08120794
v 0.40450807 -0.29569853 0.06758163
v 0.38167662 -0.29588085 0.07458417
v 0.29658414 -0.32703136 -0.02650142
v 0.28564270 -0.32882433 -0.03512308
v 0.28564817 -0.32608019 -0.01965375
v 0.29696209 -0.32447782 -0.01312891
v 0.30849883 -0.32540042 -0.01993254
v 0.30492673 -0.32777036 -0.03179198
v 0.29764435 -0.32929952 -0.03952076
v 0.27151124 -0.32786780 -0.02754255
v 0.27527776 -0.32425359 -0.00836358
v 0.28795544 -0.32360843 -0.00713711
v 0.28794554 -0.33167105 -0.05318345
v 0.27430578 -0.33058127 -0.04428678
v 0.36324544 -0.25970705 0.17644459
v 0.36070266 -0.25372130 0.19094608
v 0.37281709 -0.24737596 0.20000233
v 0.35754565 -0.26656614 0.16232774
v 0.55013903 -0.28502563 0.01532079
v 0.55476264 -0.27832921 0.02456546
v 0.55103509 -0.29114777 0.00059565
v 0.54568123 -0.28996304 0.00832898
v 0.54362200 -0.28522911 0.02101760
v 0.54808509 -0.27931591 0.02971981
v 0.54165344 -0.27924788 0.03601649
v 0.53652096 -0.28540924 0.02674213
v 0.48417703 -0.34121351 -0.15725638
v 0.48198874 -0.33957445 -0.14331699
v 0.49317590 -0.33966682 -0.14860513
v 0.48677569 -0.34246016 -0.16965677
v 0.49205459 -0.34129660 -0.16110384
v 0.42072592 -0.34262412 -0.30923171
v 0.40302032 -0.34199547 -0.31050252
v 0.41140879 -0.34324751 -0.30075869
v 0.39160788 -0.34379923 -0.28846466
v 0.37966008 -0.34254014 -0.29733060
v 0.40546880 -0.34441133 -0.28599421
v 0.39910470 -0.34298895 -0.30002503
v 0.38940981 -0.34249971 -0.30178604
v 0.39826226 -0.34505366 -0.27420054
v 0.21506362 -0.33086318 -0.30847242
v 0.22507634 -0.33221153 -0.30268437
v 0.23596622 -0.33184928 -0.30948742
v 0.23664404 -0.33382192 -0.29518156
v 0.21391156 -0.33237039 -0.29740948
v 0.22468387 -0.33418896 -0.28725080
v 0.09843871 -0.29585807 0.13397291
v 0.10988885 -0.29745807 0.12779861
v 0.09691557 -0.29971665 0.12053386
v 0.10982803 -0.29361230 0.14085544
v 0.08563000 -0.29768324 0.12796911
v 0.55108954 -0.34358168 -0.28150262
v 0.55265699 -0.34270071 -0.29377099
v 0.54404461 -0.34374172 -0.29052940
v 0.54345018 -0.34437641 -0.27844111
v 0.55051017 -0.34404560 -0.26972605
v 0.55762181 -0.34316995 -0.27281632
v 0.55751243 -0.34278791 -0.28291492
v -0.02479084 -0.30946332 0.08092476
v 0.05650183 -0.33445837 -0.22426493
v 0.06355597 -0.33567579 -0.21141700
v 0.05840956 -0.33648424 -0.19566749
v 0.07386287 -0.33664190 -0.20076695
v 0.04957901 -0.33525078 -0.21136885
v 0.05290900 -0.33285531 -0.24002468
v 0.04047684 -0.33367760 -0.22698354
v 0.20121570 -0.33747592 -0.24401826
v 0.21358782 -0.33783435 -0.24490577
v 0.20596110 -0.33673636 -0.25503385
v 0.19212037 -0.33608930 -0.25646145
v 0.20905217 -0.33852226 -0.23275557
v 0.19050778 -0.33723571 -0.24268973
v 0.19611683 -0.33826503 -0.23054033
v 0.21869399 -0.33689481 -0.25866814
v 0.20426807 -0.33521488 -0.26985273
v 0.22221138 -0.33897186 -0.23229984
v 0.22436339 -0.33818915 -0.24545367
v 0.43506196 -0.29480680 0.05909135
v 0.37695655 -0.34569345 -0.24388087
v 0.38332842 -0.34564915 -0.25388225
v 0.37320703 -0.34580604 -0.22820148
v 0.36547379 -0.34533253 -0.23921112
v 0.38290702 -0.34612952 -0.21593099
v 0.11906029 -0.32937866 -0.02247176
v 0.13191533 -0.32884535 -0.01930942
v 0.12789665 -0.33072269 -0.03288909
v 0.10606562 -0.32966400 -0.02416592
v 0.11186739 -0.32812136 -0.01335893
v 0.12307979 -0.32745006 -0.00941662
v 0.11366940 -0.33127442 -0.03683402
v 0.34538294 -0.34180858 -0.28523399
v 0.35454304 -0.34245841 -0.28472588
v 0.36231234 -0.34266676 -0.28729002
v 0.15063706 -0.33517865 -0.25121230
v 0.13567430 -0.33529688 -0.24500915
v 0.13314229 -0.33645403 -0.23053864
v 0.44812595 -0.34375947 -0.16762887
v 0.45243164 -0.34450712 -0.17855879
v 0.44902965 -0.34212749 -0.15176077
v 0.44225719 -0.34476704 -0.17800304
v 0.43986598 -0.34377826 -0.16489891
v 0.44608123 -0.34559556 -0.19292947
v 0.45865167 -0.34515175 -0.19057101
v 0.53375059 -0.34216045 -0.19006024
v 0.53455471 -0.34328692 -0.20358461
v 0.52418479 -0.34350880 -0.19887729
v 0.52468735 -0.34216592 -0.18448074
v 0.54299377 -0.34185431 -0.19405317
v 0.51681970 -0.34321194 -0.19098041
v 0.51397590 -0.34215958 -0.17889018
v 0.50536112 -0.21514450 0.18558225
v 0.50520782 -0.20660807 0.19938196
v 0.51163355 -0.20927015 0.18921133
v 0.51100101 -0.21841748 0.17528720
v 0.50578477 -0.22208805 0.17390423
v 0.49841691 -0.22194822 0.18014566
v 0.36963927 -0.32892034 -0.04896936
v 0.37452775 -0.32977950 -0.05430942
v 0.36694560 -0.33081536 -0.05877828
v 0.36132544 -0.32912463 -0.04875370
v 0.36882480 -0.32671396 -0.03783826
v 0.37672929 -0.32790664 -0.04510812
v 0.38256741 -0.32925321 -0.05309494
v 0.50762559 -0.34361869 -0.19125806
v 0.50601649 -0.34149294 -0.16882315
v 0.51550344 -0.34043527 -0.16429798
v 0.50201059 -0.34288873 -0.18056527
v 0.51322521 -0.34420213 -0.20131982
v 0.51849323 -0.27115116 0.07291531
v 0.52466872 -0.27410460 0.06181885
v 0.51693039 -0.27733853 0.06067603
v 0.51007929 -0.27477736 0.07105774
v 0.51380101 -0.26758404 0.08387308
v 0.52467498 -0.26726741 0.07611097
v 0.51982950 -0.26573710 0.08318805
v 0.52143308 -0.28056840 0.05016934
v 0.51028708 -0.28104930 0.05685557
v 0.51572761 -0.28217652 0.05064639
v 0.53217616 -0.27360232 0.05661511
v 0.52798148 -0.27954482 0.04731032
v 0.52963222 -0.26891117 0.06858046
v -0.01341378 -0.33292060 -0.06632218
v -0.02019001 -0.33190284 -0.05703189
v -0.00189194 -0.33319986 -0.06720426
v -0.01212354 -0.33423906 -0.08222542
v -0.00760062 -0.33189007 -0.05488939
v 0.53033461 -0.31730758 -0.05762000
v 0.53759409 -0.31782509 -0.06391914
v 0.52983843 -0.32061692 -0.06916581
v 0.52242149 -0.31949899 -0.06096145
v 0.53540990 -0.31380707 -0.04908350
v 0.51652113 -0.32317477 -0.07185553
v 0.52359476 -0.32281890 -0.07415348
v 0.26298232 -0.33015472 -0.04009350
v 0.26329155 -0.33206879 -0.05285859
v 0.24989713 -0.33123515 -0.04580332
v 0.25577441 -0.32864085 -0.02981137
v 0.50286576 -0.28565633 0.05060023
v 0.49827970 -0.28230557 0.06154985
v 0.50437003 -0.28009227 0.06293313
v 0.49622293 -0.29203088 0.03842962
v 0.49364314 -0.28692195 0.05304463
v 0.51114982 -0.28601258 0.04455853
v 0.50566734 -0.29073826 0.03623447
v 0.49457643 -0.29780594 0.02374154
v 0.48740673 -0.29607398 0.03248552
v 0.48760173 -0.29143491 0.04495641
v 0.50145700 -0.29496854 0.02771666
v 0.52941603 -0.28502951 0.03350288
v 0.53478275 -0.27926853 0.04212289
v 0.52987243 -0.29121479 0.01806482
v 0.16687024 -0.33556409 -0.07602321
v 0.15719008 -0.33564129 -0.07668941
v 0.16072899 -0.33476487 -0.06784619
v 0.17176875 -0.33400591 -0.06130104
v 0.17234273 -0.33664008 -0.08819591
v 0.15992496 -0.33655216 -0.08717335
v 0.17975284 -0.33538899 -0.07458179
v 0.08842146 -0.32891888 -0.01867121
v 0.09931616 -0.32793034 -0.01191331
v 0.09521014 -0.32970666 -0.02430503
v 0.08568845 -0.32723600 -0.00751170
v 0.08517161 -0.33041468 -0.03013797
v 0.07739285 -0.32896281 -0.01970220
v 0.09651054 -0.32548503 0.00361415
v 0.09770424 -0.33130890 -0.03706274
v 0.57269081 -0.30252282 -0.04958695
v 0.56598759 -0.30294975 -0.04293320
v 0.57526048 -0.29600691 -0.03737001
v 0.57260635 -0.30773613 -0.06293740
v 0.56741432 -0.30777871 -0.05727961
v 0.57809468 -0.30490563 -0.06257946
v 0.57796502 -0.29957941 -0.04918935
v 0.49676174 -0.34410137 -0.19228049
v 0.10453205 -0.33501696 -0.07210927
v 0.11559647 -0.33566318 -0.07896831
v 0.11480549 -0.33678376 -0.09379972
v 0.23602483 -0.31894903 0.02441126
v 0.23219519 -0.32133724 0.01344726
v 0.22521621 -0.31918796 0.02488485
v 0.23388912 -0.31722237 0.03262779
v 0.24257260 -0.31702628 0.03205852
v 0.24550006 -0.31970853 0.01919143
v 0.16367541 -0.33756866 -0.10082605
v 0.18621543 -0.33663066 -0.08811118
v 0.14901874 -0.33619769 -0.08337027
v 0.22696495 -0.33245267 -0.05196179
v 0.23822001 -0.33302869 -0.05745537
v 0.22619052 -0.33415699 -0.06545288
v 0.21440406 -0.33343155 -0.05854247
v 0.21860343 -0.33179459 -0.04629090
v 0.22755373 -0.33064925 -0.03919445
v 0.23663348 -0.33136163 -0.04507061
v 0.39243863 -0.34562963 -0.26026700
v -0.02346972 -0.28994519 0.15688532
v -0.00280821 -0.28267905 0.18043285
v 0.40184931 -0.28605746 0.09612287
v 0.40901264 -0.28767951 0.08906885
v 0.41109577 -0.28400322 0.09826660
v 0.40823148 -0.28133282 0.10644133
v 0.39074472 -0.28548761 0.10162975
v 0.40045478 -0.28081310 0.11073113
v 0.44815272 -0.32005605 -0.02891452
v 0.43869469 -0.32143720 -0.03127340
v 0.44881979 -0.31660845 -0.01590471
v 0.45744635 -0.31754560 -0.02277135
v 0.44220861 -0.31878818 -0.02177498
v 0.43563098 -0.31928077 -0.02160627
v 0.42842548 -0.32154628 -0.02867320
v 0.47968001 -0.33740465 -0.12708915
v 0.47101675 -0.33969941 -0.13977756
v 0.48392080 -0.33443021 -0.11058483
v 0.48894966 -0.33594858 -0.12155031
v 0.49006760 -0.33773913 -0.13356009
v 0.26100536 -0.33771075 -0.27158226
v 0.27055393 -0.33866368 -0.26641342
v 0.32372605 -0.34302574 -0.16984205
v 0.32444493 -0.34199112 -0.14975694
v 0.32837829 -0.34265957 -0.15971228
v 0.11252745 -0.32640343 -0.30633456
v 0.10034364 -0.32502787 -0.31089414
v 0.12425882 -0.32737896 -0.30370775
v 0.05899031 -0.32515836 0.00429058
v 0.07069039 -0.32681936 -0.00555914
v 0.04993732 -0.32333777 0.01469807
v 0.05336252 -0.32091182 0.02827473
v 0.38301267 -0.34126535 -0.31062037
v 0.53032937 -0.21567422 0.15941644
v 0.38487595 -0.33494668 -0.08550798
v 0.38678706 -0.33690639 -0.09861806
v 0.37571765 -0.33643924 -0.09434716
v 0.38381639 -0.33311129 -0.07429191
v 0.39247988 -0.33321401 -0.07618923
v 0.37498918 -0.33432811 -0.08051360
v 0.39548963 -0.33512344 -0.08814311
v 0.48557800 -0.24362838 0.15100572
v 0.48340116 -0.25060320 0.13897749
v 0.48804797 -0.23612932 0.16313607
v 0.49396592 -0.24066355 0.15076288
v 0.47977618 -0.24030521 0.16101698
v 0.48986530 -0.24679638 0.14222175
v 0.49073890 -0.25259502 0.13036218
v 0.48210503 -0.25775209 0.12538815
v 0.03907900 -0.33707600 -0.17076297
v 0.03537253 -0.33727480 -0.15753744
v 0.04808436 -0.33753489 -0.15914778
v 0.05040883 -0.33734279 -0.17096062
v 0.04479350 -0.33668267 -0.18485340
v 0.02967344 -0.33640249 -0.18278699
v 0.02618159 -0.33681042 -0.16943419
v 0.52845306 -0.23229504 0.13572937
v 0.53340329 -0.24676339 0.10633122
v 0.52693843 -0.23816377 0.12760150
v 0.52808757 -0.24397500 0.11653345
v 0.24542144 -0.33825055 -0.10781819
v 0.23518111 -0.33896394 -0.11839004
v 0.25847182 -0.33768352 -0.10094303
v 0.25865533 -0.33881172 -0.11480087
v 0.24854898 -0.33932016 -0.12290615
v 0.22430007 -0.33979446 -0.21763224
v 0.14973653 -0.33480384 -0.06844789
v 0.15847249 -0.33350190 -0.05647211
v 0.01692590 -0.32718153 -0.01289878
v 0.00813721 -0.32899315 -0.02779572
v 0.00319384 -0.32738470 -0.01620541
v 0.00544076 -0.32527325 -0.00117301
v 0.02917261 -0.32793391 -0.01659848
v 0.02225651 -0.32923754 -0.02763927
v 0.03073611 -0.32597659 -0.00280889
v 0.01900893 -0.32510401 0.00172840
v -0.00735483 -0.32872348 -0.02779598
v -0.00758243 -0.32657312 -0.01169159
v -0.00032389 -0.33051155 -0.04146107
v 0.01414084 -0.33071612 -0.04104072
v -0.01733932 -0.32437921 -0.28161225
v 0.17760704 -0.32878188 -0.02198395
v 0.17877696 -0.33069881 -0.03522127
v 0.16644984 -0.33017869 -0.03079015
v 0.18849722 -0.32694091 -0.01143785
v 0.18953228 -0.32929416 -0.02640246
v 0.17618124 -0.32701497 -0.01058178
v 0.16630723 -0.32809994 -0.01663266
v 0.20068274 -0.29521406 0.12289689
v 0.18967083 -0.29625080 0.12146757
v 0.20829301 -0.29266196 0.12971063
v 0.16777688 -0.29545328 0.12777421
v 0.17659542 -0.29788417 0.11823381
v 0.16761300 -0.32568941 -0.00187827
v 0.15559077 -0.32716613 -0.00979490
v 0.15470161 -0.32484091 0.00434512
v 0.18094222 -0.32517398 -0.00018178
v 0.14631586 -0.32645254 -0.00449879
v 0.14424951 -0.32819842 -0.01562061
v 0.15454866 -0.32930960 -0.02395453
v 0.50354834 -0.22866349 0.16468551
v 0.50834507 -0.23352385 0.15243714
v 0.50167226 -0.23638949 0.15275620
v 0.51016642 -0.22622959 0.16322278
v 0.49611905 -0.23191753 0.16479248
v 0.49004141 -0.22789668 0.17635263
v 0.05002016 -0.32435075 -0.30087201
v 0.05993299 -0.32262808 -0.31297614
v 0.03553407 -0.32277119 -0.30566359
v 0.05483915 -0.32656591 -0.28898717
v 0.06457194 -0.32564932 -0.29730675
v 0.03919515 -0.32592548 -0.28828835
v 0.07586135 -0.32449508 -0.30712525
v 0.30170313 -0.34270813 -0.18241965
v 0.31193600 -0.34311837 -0.18569839
v 0.30402828 -0.34293704 -0.19691338
v 0.29375735 -0.34254551 -0.19048350
v 0.29053313 -0.34230737 -0.17901953
v 0.28246649 -0.34214848 -0.18994177
v 0.27703105 -0.34178153 -0.17267439
v 0.28924825 -0.34202778 -0.16829042
v -0.01958729 -0.32556215 -0.00591606
v -0.00797145 -0.32470008 0.00116742
v -0.01989938 -0.32763152 -0.02084476
v 0.46301157 -0.31117362 -0.00197422
v 0.45696915 -0.31376608 -0.00864975
v 0.45674718 -0.31000385 0.00438591
v 0.46685066 -0.31393449 -0.01341141
v 0.47846057 -0.31104772 -0.00872396
v 0.14872427 -0.33331793 -0.26816035
v 0.16180767 -0.33422731 -0.26422169
v 0.15823555 -0.33261034 -0.27699429
v 0.14817733 -0.33148583 -0.28271844
v 0.03147486 -0.33259470 -0.05507918
v 0.01967417 -0.33227249 -0.05402728
v 0.02186541 -0.33599293 -0.09966969
v 0.01206742 -0.33627628 -0.11010809
v 0.00997880 -0.33580505 -0.09962222
v 0.03588372 -0.33653695 -0.10694623
v 0.02285928 -0.33655450 -0.11263665
v 0.01342635 -0.33527980 -0.08948420
v 0.02398422 -0.33531675 -0.08724966
v 0.03459490 -0.33569865 -0.09105856
v 0.02952892 -0.33694627 -0.12188549
v 0.01473543 -0.33671609 -0.12429675
v 0.15807861 -0.28990119 0.14701713
v 0.15625766 -0.28639407 0.15800718
v 0.00201943 -0.33469903 -0.19945216
v -0.01069950 -0.33410324 -0.20209009
v 0.01754848 -0.33545311 -0.19467205
v 0.01078017 -0.33411363 -0.21091703
v -0.00468960 -0.33340453 -0.21343977
v 0.00665324 -0.33568999 -0.18489609
v 0.00415018 -0.33239826 -0.22768809
v 0.02360349 -0.33480894 -0.20716005
v 0.02262193 -0.33350155 -0.22258119
v 0.13579004 -0.32689283 -0.00654395
v 0.34655417 -0.33579066 -0.08754053
v 0.35626692 -0.33524373 -0.08446819
v 0.36518875 -0.33579200 -0.08905167
v 0.33496502 -0.33623751 -0.09009361
v 0.32961914 -0.33784799 -0.10297209
v 0.12682536 -0.33630303 -0.08613799
v 0.13812673 -0.33561976 -0.07736098
v 0.12680644 -0.33499355 -0.07095888
v 0.57150267 -0.33248693 -0.15272940
v 0.57266360 -0.32941993 -0.13846489
v 0.57894824 -0.32912266 -0.14491687
v 0.57877441 -0.33180678 -0.15853120
v 0.57275729 -0.33431266 -0.16473056
v 0.56668399 -0.33521385 -0.16330007
v -0.02310799 -0.33500923 -0.09747797
v -0.00983246 -0.33541658 -0.10021450
v -0.01843454 -0.33570016 -0.11115054
v 0.36900701 -0.34565781 -0.21357548
v 0.35881980 -0.34524147 -0.22628523
v 0.36351637 -0.34523511 -0.19868634
v 0.37714265 -0.34574188 -0.20168976
v 0.35796639 -0.34525245 -0.21168313
v 0.34451855 -0.34453941 -0.23088126
v 0.34797448 -0.34485940 -0.21710228
v 0.35268794 -0.34457596 -0.24442878
v 0.22404726 -0.26713344 0.19934746
v 0.20933153 -0.26873984 0.19835636
v 0.25190088 -0.33373615 -0.06418218
v 0.26630458 -0.33381221 -0.06582525
v 0.25926702 -0.33503794 -0.07510914
v 0.20512802 -0.31697101 0.03816824
v 0.20258204 -0.31402226 0.05162281
v 0.21582114 -0.31771350 0.03318781
v 0.19320019 -0.31660435 0.04163471
v 0.20676433 -0.31930169 0.02715951
v 0.19516550 -0.31960883 0.02722026
v 0.20350709 -0.32176525 0.01542630
v 0.21380463 -0.32014533 0.02207758
v -0.00143701 -0.32284329 0.01356571
v 0.55737219 -0.34344993 -0.26102772
v 0.56451003 -0.34236634 -0.26437319
v 0.54986378 -0.34428458 -0.25779711
v 0.55667524 -0.34356406 -0.24907451
v 0.56393171 -0.34208202 -0.27683627
v 0.50820905 -0.29484146 0.02395966
v 0.50218057 -0.29894051 0.01627261
v 0.10323606 -0.32219854 0.02290479
v 0.32075121 -0.34361509 -0.21682133
v 0.31453367 -0.34337410 -0.20756372
v 0.32928377 -0.34400274 -0.21888778
v 0.31136478 -0.25897720 0.19621388
v 0.29949944 -0.26473687 0.18590631
v 0.30977525 -0.26473018 0.18302462
v 0.30293136 -0.26952448 0.17300896
v 0.29043258 -0.27031279 0.17443317
v 0.31883052 -0.27692320 0.14911131
v 0.31869624 -0.27297105 0.15956822
v 0.32970308 -0.27393290 0.15353826
v 0.31058732 -0.28106151 0.14011031
v 0.31148085 -0.27672098 0.15185938
v 0.32365357 -0.27963018 0.14022445
v 0.31717432 -0.28464526 0.12805265
v 0.33583903 -0.27799817 0.14081807
v 0.32944460 -0.28295796 0.12924327
v 0.43700830 -0.34281870 -0.15388554
v 0.43855538 -0.34136782 -0.14121097
v 0.42984473 -0.34387787 -0.16303938
v 0.42713648 -0.34254004 -0.14876764
v 0.05837730 -0.33782309 -0.14886677
v 0.06903502 -0.33801092 -0.15311623
v 0.04511966 -0.33755545 -0.14431280
v 0.05686377 -0.33774750 -0.13717007
v 0.06006818 -0.33773594 -0.16267242
v 0.14846798 -0.29370978 0.13624201
v 0.14432818 -0.28946051 0.15023193
v 0.15999292 -0.29334713 0.13586842
v 0.15412700 -0.29708012 0.12434240
v 0.55218756 -0.34342125 -0.22644473
v 0.55998856 -0.34271796 -0.22964231
v 0.55506662 -0.34357292 -0.23789484
v 0.55296570 -0.34251707 -0.21258763
v 0.56078706 -0.34202236 -0.21857091
v 0.54808802 -0.34421877 -0.23660511
v 0.54247407 -0.34437874 -0.23006213
v 0.54533682 -0.34364513 -0.21938749
v 0.52078360 -0.21759676 0.16716627
v 0.52547197 -0.22014793 0.15818173
v 0.52160857 -0.22319053 0.15751689
v 0.51652009 -0.22287728 0.16293786
v 0.51626675 -0.21474345 0.17619823
v 0.52009509 -0.21206738 0.17652992
v 0.52452470 -0.21217652 0.17145571
v 0.53532236 -0.32149582 -0.07557925
v 0.54199537 -0.32058353 -0.07641969
v 0.53746844 -0.32375757 -0.08553055
v 0.52940463 -0.32415301 -0.08259734
v 0.53308516 -0.32619628 -0.09295551
v 0.52669465 -0.32727899 -0.09435795
v 0.51942861 -0.32617415 -0.08599010
v 0.13305751 -0.28651880 0.16075101
v 0.11706981 -0.28630126 0.16337938
v 0.12870151 -0.28205751 0.17469385
v 0.12020187 -0.29042815 0.15017672
v 0.13084975 -0.29105979 0.14697169
v 0.46200538 -0.29181046 0.05642562
v 0.46489295 -0.28251475 0.07904037
v 0.46496821 -0.28776481 0.06576326
v 0.40022997 -0.34070495 -0.12860540
v 0.41173909 -0.33971916 -0.12178514
v 0.41193702 -0.34134873 -0.13515460
v 0.39586785 -0.33932965 -0.11695635
v 0.40393323 -0.33908497 -0.11591571
v 0.40199249 -0.34257254 -0.14581905
v 0.38837219 -0.34190542 -0.13924545
v 0.38762243 -0.34034530 -0.12475328
v 0.42108829 -0.34161524 -0.13873211
v 0.41483786 -0.34270176 -0.14800804
v 0.41180978 -0.33791305 -0.10871080
v 0.34644557 -0.26651886 0.16656532
v 0.33776972 -0.26895144 0.16360382
v 0.34728834 -0.25650940 0.18978727
v 0.35254783 -0.26114025 0.17713622
v 0.34431178 -0.27222162 0.15303980
v 0.55151654 -0.29724097 -0.01447343
v 0.55205673 -0.30345888 -0.03095549
v 0.54568407 -0.30174851 -0.02099751
v 0.55953451 -0.30320056 -0.03700713
v 0.54809065 -0.30899260 -0.04311289
v 0.54550870 -0.30602159 -0.03248195
v 0.55494291 -0.30804287 -0.04594765
v 0.32791744 -0.34034697 -0.12762322
v 0.33029643 -0.34137024 -0.13962787
v 0.31669688 -0.34001747 -0.12498539
v 0.32308784 -0.33914375 -0.11510320
v 0.01047953 -0.32976435 -0.25337484
v 0.02522436 -0.33082339 -0.24929288
v 0.03620224 -0.32988865 -0.26017241
v 0.03843056 -0.33189019 -0.24415301
v 0.01593819 -0.33171152 -0.23847184
v 0.02854237 -0.33239670 -0.23623391
v 0.51351863 -0.29038191 0.03212733
v 0.51812330 -0.28563700 0.04073062
v 0.51517119 -0.29453467 0.02022849
v 0.52180212 -0.28996907 0.02725000
v 0.51046511 -0.29890222 0.01134799
v 0.33012246 -0.34208556 -0.26979732
v 0.32056953 -0.34112311 -0.27435520
v 0.30162298 -0.34038073 -0.26811072
v 0.30767716 -0.33985924 -0.27916617
v 0.47285191 -0.32816729 -0.07350748
v 0.46230045 -0.32780087 -0.06751885
v 0.47177641 -0.32525594 -0.05975124
v 0.48083272 -0.32534827 -0.06399610
v 0.48391771 -0.32812952 -0.07809146
v 0.47394513 -0.33111235 -0.08845647
v 0.46378404 -0.33095869 -0.08354895
v 0.46535429 -0.32526266 -0.05703076
v 0.48051921 -0.32209518 -0.05026168
v 0.46817462 -0.32247364 -0.04653687
v 0.45320038 -0.33100051 -0.07975239
v 0.30351239 -0.30875162 0.05333000
v 0.31178292 -0.30581094 0.06206451
v 0.04396821 -0.33588289 -0.19980242
v 0.06021936 -0.33733739 -0.17753066
v 0.07359772 -0.33738279 -0.18481777
v 0.08597178 -0.33739656 -0.19245326
v 0.08615321 -0.33666628 -0.20655821
v 0.07462455 -0.28306581 0.17615194
v 0.07749166 -0.27930818 0.18738478
v 0.07245496 -0.27541520 0.19909048
v 0.05872635 -0.27570974 0.19908557
v 0.04741425 -0.27810955 0.19252949
v 0.54896082 -0.34433666 -0.24630307
v 0.47524811 -0.22085177 0.19905102
v 0.43051225 -0.34685774 -0.23506521
v 0.42814007 -0.34682017 -0.22556509
v 0.43561645 -0.34685657 -0.22928434
v 0.43711523 -0.34684067 -0.23744337
v 0.43015518 -0.34666945 -0.24662561
v 0.42174845 -0.34676673 -0.23603420
v 0.43781872 -0.34666079 -0.21783161
v 0.44462529 -0.34678255 -0.23021466
v 0.36986574 -0.28057052 0.12262426
v 0.37889322 -0.28005424 0.12070878
v 0.37156943 -0.28429356 0.11187192
v 0.36220107 -0.28124465 0.12344954
v 0.36464061 -0.28384126 0.11555111
v 0.21727044 -0.32242474 0.01010266
v 0.12160555 -0.29434598 0.13733094
v 0.13482478 -0.29426550 0.13611118
v 0.12391707 -0.29872756 0.12223768
v 0.41782537 -0.27902931 0.10845198
v 0.41892197 -0.27275701 0.12372647
v 0.40978089 -0.27625924 0.11886110
v 0.41354720 -0.27204847 0.12782667
v 0.41727541 -0.26764638 0.13666520
v 0.48166824 -0.29453284 0.03983923
v 0.49452042 -0.30266202 0.00974942
v 0.48673967 -0.30652774 0.00197284
v 0.01365070 -0.30150936 0.11384655
v -0.00028225 -0.30081489 0.11658851
v -0.01379653 -0.30055935 0.11778870
v 0.42793565 -0.29851798 0.05091893
v 0.42541262 -0.30322720 0.03727217
v 0.42519371 -0.29480765 0.06276706
v 0.41786243 -0.29979720 0.05059079
v 0.54107730 -0.30970238 -0.04000109
v 0.54333576 -0.31339792 -0.05308265
v 0.55088267 -0.31251029 -0.05582249
v 0.53798150 -0.25963239 0.07870558
v 0.53301657 -0.25449043 0.09303324
v 0.53930803 -0.25082369 0.09310706
v 0.54043835 -0.26548608 0.06529859
v 0.53521354 -0.26708241 0.06716999
v 0.53047614 -0.26222921 0.08097365
v 0.53952383 -0.27225878 0.05265549
v 0.50324831 -0.30386361 0.00125967
v 0.51221671 -0.30254832 -0.00013217
v 0.11174858 -0.33825650 -0.12297854
v 0.57786948 -0.33441938 -0.17337405
v 0.56794669 -0.33678604 -0.17566111
v 0.58505795 -0.32838032 -0.15063379
v 0.58493393 -0.33098253 -0.16430933
v 0.58490153 -0.33293717 -0.17632559
v 0.58093428 -0.33549305 -0.18699897
v 0.57310334 -0.33729891 -0.18671876
v 0.32844684 -0.34353174 -0.17984007
v 0.32120965 -0.34351185 -0.18821157
v 0.31924815 -0.34322260 -0.17910975
v 0.38988806 -0.33091405 -0.06317437
v 0.37667399 -0.33173190 -0.06546770
v 0.38063243 -0.28470363 0.10744983
v 0.37209061 -0.28797748 0.10130148
v 0.39062757 -0.27913838 0.11872509
v 0.46075931 -0.22567734 0.19986597
v 0.16145229 -0.33962158 -0.15123746
v 0.17234917 -0.33974181 -0.14997312
v 0.16899500 -0.33981501 -0.16142992
v 0.15229240 -0.33934321 -0.14219218
v 0.16677630 -0.33935711 -0.13695861
v 0.15682192 -0.33962641 -0.16353242
v 0.15072880 -0.33950542 -0.15396859
v 0.16418366 -0.33971623 -0.17214683
v 0.17521164 -0.33987148 -0.17322813
v 0.18289535 -0.33995765 -0.15872150
v 0.18075275 -0.33965427 -0.14197741
v 0.22561597 -0.34034092 -0.20319248
v 0.24434878 -0.34107197 -0.19004713
v 0.22069303 -0.34048303 -0.19204177
v 0.10286858 -0.32744354 -0.29745332
v 0.08987070 -0.32607256 -0.30202322
v 0.09303407 -0.32840903 -0.28843207
v 0.12786674 -0.32921264 -0.29315446
v 0.35591451 -0.33150624 -0.06118224
v 0.36381359 -0.33340459 -0.07355547
v 0.02406718 -0.33708260 -0.13487733
v 0.01194664 -0.33686032 -0.13957637
v 0.03690194 -0.33730502 -0.13264811
v 0.03078829 -0.33727312 -0.14524499
v 0.02019631 -0.33706049 -0.14583035
v 0.04254683 -0.33713510 -0.11991017
v 0.04915735 -0.33749913 -0.12988064
v 0.14661244 -0.30134444 0.11048640
v 0.16258575 -0.30029600 0.11200393
v 0.15350146 -0.30457117 0.09769933
v 0.13208656 -0.30200813 0.10989465
v 0.13993274 -0.29793018 0.12326674
v 0.13784460 -0.30566967 0.09554651
v 0.25954492 -0.28051320 0.15492379
v 0.24756837 -0.28114446 0.15606005
v 0.25440451 -0.27671281 0.16677627
v 0.27213168 -0.27998546 0.15328481
v 0.26289680 -0.28544124 0.13985324
v 0.25203713 -0.28431159 0.14586107
v 0.26830242 -0.27493045 0.16807797
v 0.24410770 -0.27784026 0.16619897
v 0.23449857 -0.28134333 0.15845474
v 0.24099720 -0.28560659 0.14453059
v 0.24767797 -0.27376723 0.17643893
v 0.25939532 -0.27157328 0.17927933
v 0.20038949 -0.34023369 -0.17829151
v 0.20931194 -0.34027044 -0.18869468
v 0.18854174 -0.34004919 -0.17545720
v 0.19939094 -0.34021031 -0.16260763
v 0.35131728 -0.31510605 0.01697043
v 0.34319673 -0.31755591 0.00903615
v 0.36101348 -0.31561881 0.01253568
v 0.35288598 -0.31906874 0.00029107
v 0.35007921 -0.31151681 0.03118552
v 0.36200958 -0.31191377 0.02653410
v 0.33305962 -0.31833495 0.00805583
v 0.32848278 -0.29023760 0.10845108
v 0.32184285 -0.29436940 0.09762798
v 0.31967292 -0.29101421 0.10864469
v 0.32375199 -0.28741957 0.11817462
v 0.33463912 -0.28621409 0.11842070
v 0.22294900 -0.27802150 0.17043536
v 0.20908305 -0.27764306 0.17448177
v 0.21694990 -0.27289767 0.18581101
v 0.23019618 -0.27201419 0.18521821
v 0.23668143 -0.27581250 0.17350256
v 0.22176629 -0.28343685 0.15521039
v 0.20555649 -0.27360406 0.18628355
v 0.48022883 -0.29095234 0.05010880
v 0.55262098 -0.32233767 -0.09039924
v 0.55592973 -0.31907390 -0.08115163
v 0.55999886 -0.32056210 -0.09001458
v 0.55649767 -0.32484847 -0.10336193
v 0.54758250 -0.32575756 -0.10025792
v 0.54961549 -0.31972964 -0.07863291
v 0.54494523 -0.32319638 -0.08815139
v 0.56163369 -0.31640326 -0.07731792
v 0.56716672 -0.31769319 -0.08701286
v 0.56484516 -0.32212609 -0.10016314
v 0.55490731 -0.31557707 -0.06875824
v 0.21099525 -0.31044992 0.06509683
v 0.21007844 -0.30701857 0.07892312
v 0.22280612 -0.30643802 0.07868151
v 0.32048632 -0.29883071 0.08368037
v 0.31101437 -0.29773390 0.08976142
v 0.31153251 -0.29363139 0.10276797
v 0.29949394 -0.33306025 -0.06381421
v 0.30319102 -0.33098392 -0.05054922
v 0.31162973 -0.33231819 -0.06030783
v 0.28951551 -0.33381324 -0.06817205
v 0.30792109 -0.33455621 -0.07553077
v 0.29606797 -0.33467571 -0.07524921
v 0.52818133 -0.25072613 0.10452939
v 0.52385255 -0.24784211 0.11372452
v 0.52274177 -0.24197148 0.12507962
v 0.30751411 -0.27361825 0.16116513
v 0.30199021 -0.27867365 0.14918101
v 0.29389962 -0.27553205 0.15982751
v 0.27506251 -0.30109559 0.08735602
v 0.25990084 -0.30233704 0.08640335
v 0.26717121 -0.29871560 0.09729106
v 0.27769347 -0.30467699 0.07431855
v 0.26778302 -0.30533791 0.07403475
v 0.27684467 -0.29652567 0.10229854
v 0.28955901 -0.29715670 0.09705157
v 0.28648025 -0.30254507 0.07972540
v 0.25594362 -0.30666837 0.07159760
v 0.24704799 -0.30483627 0.08010772
v 0.24819082 -0.30085888 0.09401594
v 0.25823748 -0.29860919 0.09960949
v 0.07911689 -0.32714350 -0.29237980
v 0.24095608 -0.27142375 0.18431185
v 0.25080919 -0.26878468 0.18873334
v 0.23969239 -0.26636565 0.19766506
v 0.57494128 -0.31009231 -0.07229847
v 0.56872151 -0.31247367 -0.07219275
v 0.56129814 -0.30775547 -0.05090609
v 0.56197830 -0.31207289 -0.06409162
v 0.43446364 -0.34561504 -0.18859628
v 0.43577846 -0.34624259 -0.20281340
v 0.43257256 -0.34481856 -0.17532318
v 0.42469731 -0.34553445 -0.18431433
v 0.49442199 -0.33398639 -0.11243501
v 0.50122421 -0.33173131 -0.10336727
v 0.50321795 -0.33376792 -0.11503373
v 0.49252503 -0.33182124 -0.10000802
v 0.49704123 -0.33583365 -0.12429087
v 0.50604868 -0.33557887 -0.12662857
v 0.50890915 -0.33170999 -0.10673495
v 0.51194626 -0.33339586 -0.11693595
v 0.49948479 -0.32975766 -0.09272256
v 0.50884516 -0.32897808 -0.09345899
v 0.22631438 -0.30193933 0.09463789
v 0.23631651 -0.30353653 0.08690140
v 0.21419312 -0.30369135 0.09064863
v 0.23777383 -0.29947272 0.10097151
v 0.21841570 -0.29964828 0.10427885
v 0.22887961 -0.29849312 0.10621416
v 0.11286226 -0.33843966 -0.18361219
v 0.12320275 -0.33870792 -0.18194370
v 0.13055490 -0.33847251 -0.19401017
v 0.10328136 -0.33832758 -0.17938259
v 0.09628669 -0.33788413 -0.18763649
v 0.49030680 -0.28208958 0.06668628
v 0.49995676 -0.27649281 0.07389190
v 0.46166668 -0.26744103 0.11616393
v 0.47308067 -0.26397880 0.11750830
v 0.45956777 -0.33995338 -0.13723906
v 0.08957634 -0.27546725 0.19774544
v 0.35943029 -0.34322985 -0.27869957
v 0.54647697 -0.31674587 -0.06619362
v 0.55692994 -0.31136728 -0.05723969
v 0.10881758 -0.30187075 0.11226051
v 0.12048072 -0.30260569 0.10895067
v 0.11381743 -0.30474981 0.10147356
v 0.09523322 -0.30314786 0.10805856
v 0.10194122 -0.30605912 0.09677166
v 0.29926323 -0.30089722 0.08221609
v 0.28436324 -0.30631660 0.06687921
v 0.29284773 -0.30474007 0.07052790
v 0.30255280 -0.29646416 0.09609705
v 0.31088892 -0.30196154 0.07569299
v 0.30173306 -0.30518328 0.06675296
v 0.34360916 -0.34368716 -0.25559971
v 0.52398870 -0.28423305 0.03975246
v 0.44474048 -0.34628138 -0.20711014
v 0.44961173 -0.34651565 -0.21720718
v 0.16168306 -0.33067351 -0.29241892
v 0.17132606 -0.33299512 -0.27788918
v 0.17270901 -0.33163661 -0.28911252
v 0.16704160 -0.32834080 -0.30935457
v 0.15382859 -0.32792628 -0.30822117
v 0.17579396 -0.33043266 -0.29847232
v 0.14654440 -0.32943211 -0.29671564
v 0.18701839 -0.33415770 -0.27322413
v 0.18227317 -0.33224159 -0.28744894
v 0.17632508 -0.33502395 -0.26155781
v 0.56253661 -0.32548873 -0.11084892
v 0.53953418 -0.32622437 -0.09689972
v 0.52452025 -0.20431067 0.18326756
v 0.52001037 -0.20140885 0.19274709
v 0.52135087 -0.20760866 0.18199351
v 0.44494685 -0.23721774 0.18757822
v 0.43330455 -0.24825559 0.17160491
v 0.43731371 -0.24010522 0.18599094
v 0.45370772 -0.27106787 0.11204639
v 0.46719624 -0.27184080 0.10329838
v 0.09566888 -0.33432328 -0.06501691
v 0.07573863 -0.33512153 -0.07581330
v 0.08286989 -0.33398743 -0.06256021
v 0.06181891 -0.33541497 -0.08176574
v 0.06822912 -0.33426305 -0.06669301
v 0.01835278 -0.33623249 -0.18017162
v 0.01174742 -0.33646141 -0.16880195
v 0.02265249 -0.33700886 -0.15661670
v 0.20541024 -0.34008635 -0.14897978
v 0.19382440 -0.33988953 -0.14641468
v 0.16905311 -0.33914804 -0.19982951
v 0.15740170 -0.33914995 -0.19262995
v 0.16642068 -0.33956833 -0.18399823
v 0.17921106 -0.33972787 -0.18744223
v 0.14488565 -0.33883568 -0.19325715
v 0.13773015 -0.33808689 -0.20690738
v 0.17518773 -0.33808014 -0.22454713
v 0.41856262 -0.28542304 0.09140113
v 0.42201929 -0.29037718 0.07653054
v 0.41176401 -0.29107452 0.07845171
v 0.41483226 -0.29532746 0.06504451
v 0.47774424 -0.27588592 0.08853005
v 0.48163721 -0.27958262 0.07758225
v 0.47355151 -0.27988351 0.08130388
v 0.48491047 -0.27281080 0.09144335
v 0.47760416 -0.27024362 0.10132091
v 0.47069578 -0.27641596 0.09096698
v 0.48703958 -0.26646603 0.10416937
v 0.49324088 -0.26887978 0.09511602
v 0.49154257 -0.27523177 0.08198367
v 0.14288514 -0.32743842 -0.30833782
v 0.13529686 -0.32831787 -0.30087554
v 0.27182935 -0.28921783 0.12638688
v 0.27788217 -0.28385194 0.14085522
v 0.28728782 -0.28712882 0.12883233
v 0.25766327 -0.29115616 0.12376920
v 0.26589299 -0.29475489 0.11051297
v 0.27941584 -0.29244022 0.11469147
v 0.25011708 -0.29618029 0.10939484
v 0.24588716 -0.29251946 0.12221469
v 0.24914596 -0.28841197 0.13423743
v 0.43047980 -0.34341888 -0.30375372
v 0.33184407 -0.33284976 -0.06625842
v 0.33937537 -0.33435358 -0.07696254
v 0.32800650 -0.33486353 -0.07943061
v 0.32026531 -0.33359099 -0.06982041
v 0.32360011 -0.33133819 -0.05572564
v 0.34379237 -0.33211597 -0.06320073
v 0.33578739 -0.33042112 -0.05201029
v 0.40457896 -0.24420351 0.19349818
v 0.40818054 -0.25605104 0.16686743
v 0.41580643 -0.25269596 0.17069960
v 0.41838277 -0.24602470 0.18342901
v 0.41276720 -0.24214861 0.19392889
v 0.42397844 -0.24921314 0.17424370
v 0.42375227 -0.25567975 0.16057965
v 0.41344367 -0.25881842 0.15846406
v 0.00427636 -0.33091650 -0.24195740
v -0.00261276 -0.32957283 -0.25095182
v -0.00705134 -0.33075068 -0.23952049
v -0.01278252 -0.33186830 -0.22682502
v 0.31479883 -0.34336678 -0.19538741
v 0.46494225 -0.24251290 0.16597980
v 0.47330885 -0.23751096 0.17035443
v 0.30069871 -0.33672347 -0.30453790
v 0.31335163 -0.33789350 -0.30258366
v 0.30769301 -0.33853600 -0.29314970
v 0.29086277 -0.33671263 -0.29886943
v 0.29833152 -0.33817053 -0.29029916
v 0.27961524 -0.33584994 -0.29953821
v 0.55941337 -0.27323624 0.02907938
v 0.47274557 -0.28447086 0.07037989
v 0.46297188 -0.27757871 0.09207982
v 0.16809191 -0.30875230 0.07922302
v 0.34122603 -0.34272703 -0.26987351
v 0.35231100 -0.34307746 -0.27481900
v 0.33142721 -0.34099037 -0.28417873
v 0.35267000 -0.34389577 -0.26119969
v 0.44250124 -0.33137994 -0.07796500
v 0.44535157 -0.33360785 -0.09073118
v 0.26391053 -0.32073302 0.01132450
v 0.27328121 -0.32115126 0.00754299
v 0.26301637 -0.32314658 -0.00047948
v 0.25874634 -0.31887967 0.02083487
v 0.27037261 -0.31845759 0.02062799
v 0.25390848 -0.32174714 0.00803198
v 0.26088475 -0.32599128 -0.01524322
v 0.21394742 -0.33962778 -0.13248480
v 0.21652810 -0.34003578 -0.14317530
v 0.20412603 -0.33963417 -0.13491762
v 0.22415512 -0.33951629 -0.12935535
v 0.21129734 -0.33912125 -0.12276082
v 0.47206577 -0.34609184 -0.21650423
v 0.47869805 -0.34537821 -0.20339980
v 0.48582709 -0.34448881 -0.19250640
v 0.25304948 -0.34121593 -0.17044402
v 0.26346868 -0.34126047 -0.16270127
v 0.26310929 -0.34150951 -0.17595746
v 0.25408506 -0.34133611 -0.18397743
v 0.25122351 -0.34089606 -0.15700320
v 0.26063317 -0.34061442 -0.14561232
v 0.27486760 -0.34119745 -0.15447492
v 0.48008600 -0.34363711 -0.31090623
v 0.47305076 -0.34436231 -0.30110603
v 0.49112159 -0.34408428 -0.30717250
v 0.48353396 -0.34476191 -0.29787895
v 0.19477716 -0.33525312 -0.07356632
v 0.19937539 -0.33660466 -0.08764968
v 0.20526343 -0.33566942 -0.07772634
v 0.20504146 -0.33742559 -0.09725718
v 0.18716198 -0.33386656 -0.06061984
v 0.20588694 -0.33465126 -0.06819524
v 0.20074760 -0.33361033 -0.05907968
v 0.12778615 -0.33900951 -0.14370859
v 0.13066069 -0.33918052 -0.15623099
v 0.14062897 -0.33929549 -0.14915015
v 0.12659214 -0.33860902 -0.12735772
v 0.14026208 -0.33901433 -0.13504636
v 0.43804899 -0.33565873 -0.10011741
v 0.52534469 -0.34387625 -0.30429471
v 0.51707057 -0.34411630 -0.30460948
v 0.51063648 -0.34383296 -0.30938123
v 0.45921384 -0.23319061 0.18702373
v 0.46633855 -0.23527011 0.17885491
v 0.00582595 -0.33203839 -0.05414675
v -0.01437583 -0.33052049 -0.04350032
v 0.55887585 -0.34139939 -0.30116804
v 0.56420730 -0.34015498 -0.30665989
v 0.55005489 -0.34178412 -0.30906831
v 0.56170823 -0.34181756 -0.28901271
v 0.56637644 -0.34062668 -0.29582988
v 0.54143461 -0.34482848 -0.24218453
v 0.54206608 -0.34491341 -0.25420682
v 0.31641879 -0.32251618 -0.00722771
v 0.30582417 -0.32290890 -0.00695990
v 0.32152190 -0.31944373 0.00579857
v 0.08906380 -0.33804030 -0.17673756
v 0.07451030 -0.33794354 -0.16664405
v 0.08346747 -0.32947581 -0.27807875
v 0.07491977 -0.33038286 -0.26866044
v 0.06753933 -0.32829939 -0.28133389
v 0.03349502 -0.30458725 0.10204731
v 0.02561240 -0.30226807 0.11101840
v 0.39648385 -0.34511240 -0.17703448
v 0.38504049 -0.34503677 -0.17907611
v 0.39286572 -0.34439597 -0.16696719
v 0.40488810 -0.34459840 -0.16884628
v 0.40380778 -0.34541619 -0.18123743
v 0.03515489 -0.27663020 0.19757470
v 0.00032118 -0.31174158 0.07111849
v 0.00666216 -0.31482176 0.05726516
v -0.00618430 -0.31522945 0.05449783
v -0.01772450 -0.31285606 0.06540417
v -0.01050984 -0.30911270 0.08253599
v 0.01287673 -0.31256734 0.06803029
v 0.00291201 -0.30774103 0.08862075
v 0.01441282 -0.30961691 0.08094909
v -0.01804159 -0.31610893 0.04956670
v 0.34624004 -0.27724428 0.13943167
v 0.35348427 -0.28014277 0.12924398
v 0.34103104 -0.28168912 0.12915203
v 0.35592658 -0.27382595 0.14490887
v 0.27559570 -0.34033071 -0.13641852
v 0.26099110 -0.33977835 -0.12913119
v 0.27081161 -0.33924021 -0.12005559
v 0.28338307 -0.33950314 -0.12259000
v 0.24604584 -0.34041812 -0.14473600
v 0.25127896 -0.34003167 -0.13491943
v 0.28469705 -0.34165340 -0.16060852
v 0.13757351 -0.33414426 -0.06224846
v 0.12619986 -0.33352467 -0.05640859
v 0.13690526 -0.33228496 -0.04577522
v 0.14722273 -0.33332390 -0.05473798
v 0.21478634 -0.33508270 -0.07275112
v 0.20776174 -0.33196051 -0.04665241
v 0.49938286 -0.32344383 -0.06445224
v 0.49196855 -0.32120862 -0.05194329
v 0.48581018 -0.32339373 -0.05773897
v 0.48938839 -0.32472095 -0.06509970
v 0.48742693 -0.31792812 -0.03730940
v 0.49358851 -0.32650226 -0.07485301
v 0.50202710 -0.32680841 -0.08022431
v 0.50837629 -0.32359372 -0.06937122
v 0.58411347 -0.30383530 -0.06872638
v 0.41318198 -0.30435047 0.03782865
v 0.41052889 -0.30200313 0.04632982
v 0.41702382 -0.30863659 0.02228335
v 0.40477386 -0.30796337 0.02847084
v 0.40798685 -0.29959082 0.05463616
v 0.36207969 -0.32095205 -0.00991483
v 0.35252061 -0.32276262 -0.01586645
v 0.34882254 -0.32597020 -0.03044022
v 0.36257149 -0.32411388 -0.02430521
v 0.49633100 -0.34210924 -0.17024706
v 0.49998737 -0.34070533 -0.15944721
v 0.23513277 -0.29098683 0.12934685
v 0.22750318 -0.28693782 0.14349459
v 0.23713896 -0.29558343 0.11420370
v 0.22503748 -0.29556283 0.11678134
v 0.21991594 -0.29182966 0.12992929
v 0.32821595 -0.29957640 0.07919742
v 0.42570693 -0.26211176 0.14555335
v 0.43501817 -0.25618917 0.15408626
v 0.30263626 -0.28721248 0.12454848
v 0.29850839 -0.28318394 0.13746212
v 0.31273682 -0.28944355 0.11524712
v 0.41901795 -0.31666010 -0.00692445
v 0.42197036 -0.31988478 -0.02007235
v 0.41363881 -0.32069127 -0.02117832
v 0.43066550 -0.31495702 -0.00394076
v 0.42921985 -0.31813352 -0.01531010
v 0.41516579 -0.31306787 0.00745586
v 0.42677713 -0.31157174 0.00918655
v 0.41205078 -0.32379716 -0.03384920
v 0.41945115 -0.32214281 -0.02858730
v 0.58883304 -0.33284800 -0.18614161
v 0.58347112 -0.33628325 -0.20033987
v 0.59049972 -0.32989819 -0.17033792
v 0.58965562 -0.33417179 -0.19877327
v 0.58748287 -0.33587094 -0.20955425
v 0.49861518 -0.24995860 0.13015285
v 0.49487701 -0.24666444 0.13907070
v 0.50311902 -0.25360411 0.11988759
v 0.49633197 -0.25634894 0.11925055
v 0.50035338 -0.24347952 0.14103203
v 0.50521426 -0.24707914 0.13070388
v 0.50072816 -0.25907331 0.11079740
v 0.49482229 -0.26263194 0.10743727
v 0.48895898 -0.25998268 0.11664816
v 0.22822122 -0.33554471 -0.27700703
v 0.21949596 -0.33542154 -0.27424731
v -0.00595017 -0.32621402 -0.27351909
v 0.00000463 -0.32830231 -0.26128320
v 0.42114458 -0.32453799 -0.03943844
v 0.48175632 -0.23253875 0.17393114
v 0.47475165 -0.22966974 0.18376112
v 0.55976693 -0.33914827 -0.18458691
v 0.56639850 -0.33868159 -0.18784853
v 0.25300431 -0.31658036 0.03215579
v 0.28474429 -0.33551672 -0.08135022
v 0.27887228 -0.33383329 -0.06731315
v 0.29828067 -0.33613218 -0.08739391
v 0.28776775 -0.33734103 -0.09808444
v 0.27237919 -0.33704766 -0.09472631
v 0.27016479 -0.33533119 -0.07856942
v 0.52386360 -0.26131302 0.08863180
v 0.00153127 -0.31717617 0.04535304
v 0.01281152 -0.31723178 0.04579833
v 0.00443556 -0.31991797 0.03096560
v -0.01029018 -0.31836110 0.03828947
v 0.01885032 -0.31469867 0.05844369
v 0.02380561 -0.31683368 0.04835949
v 0.02181381 -0.31955836 0.03420613
v 0.11395742 -0.33871845 -0.17238582
v 0.37076297 -0.31403013 0.01627635
v 0.37492931 -0.31029936 0.02898836
v 0.42873357 -0.30717230 0.02351275
v 0.51114635 -0.32582068 -0.08019929
v 0.51933931 -0.33033727 -0.10498721
v 0.47741957 -0.34476648 -0.19233284
v 0.46675816 -0.34560904 -0.20227533
v 0.47312727 -0.34517438 -0.19656128
v 0.46989475 -0.34466937 -0.18793927
v 0.47988954 -0.34378141 -0.18091492
v 0.50163042 -0.26462021 0.09867837
v 0.49139558 -0.34502768 -0.29544819
v 0.49878348 -0.34489089 -0.29737628
v 0.49555538 -0.34544124 -0.28915239
v 0.48642885 -0.28756151 0.05556040
v 0.48040884 -0.28595222 0.06272348
v 0.49342301 -0.31368047 -0.02497709
v 0.48339966 -0.31462309 -0.02337320
v 0.48931443 -0.31039932 -0.01179063
v 0.49890663 -0.30918998 -0.01284615
v 0.49461809 -0.30663944 -0.00238709
v 0.13578163 -0.30915477 0.08202000
v 0.12590699 -0.30836024 0.08628978
v 0.14735641 -0.30836890 0.08369182
v 0.12400184 -0.30524417 0.09878324
v 0.43598248 -0.33378323 -0.08868156
v 0.29023145 -0.34238890 -0.20400341
v 0.27580985 -0.34186682 -0.20340622
v 0.04715968 -0.33128864 -0.25243344
v 0.18032238 -0.32857032 -0.31183722
v 0.19084485 -0.33084814 -0.30016851
v 0.40758127 -0.27120716 0.13228002
v 0.40120679 -0.27598549 0.12293534
v 0.40374967 -0.26878102 0.13974801
v 0.40944132 -0.26518594 0.14577873
v 0.20178854 -0.33016262 -0.03341837
v 0.19473233 -0.33221931 -0.04760698
v 0.21603168 -0.33027447 -0.03547667
v 0.18929548 -0.33101210 -0.03815972
v 0.21365897 -0.32823841 -0.02208699
v 0.20114053 -0.32775350 -0.01771954
v 0.21274049 -0.32567366 -0.00677438
v 0.17154428 -0.33712117 -0.23680404
v 0.16646787 -0.33585218 -0.24974118
v 0.40734516 -0.34536172 -0.27343568
v 0.40499683 -0.34585467 -0.26224826
v 0.41459237 -0.34584128 -0.26684299
v 0.41320760 -0.34522889 -0.27765227
v 0.41536689 -0.34640643 -0.25093429
v 0.36970716 -0.29585354 0.07858440
v 0.37904393 -0.29051303 0.09147633
v 0.57385562 -0.31434858 -0.08361972
v 0.34248985 -0.30051978 0.07207382
v 0.00123456 -0.33590274 -0.10558908
v 0.00124753 -0.33524230 -0.09279377
v -0.00970537 -0.30361939 0.10561857
v 0.00281938 -0.30422039 0.10314912
v 0.08357965 -0.33218624 -0.04522025
v 0.07136961 -0.33295622 -0.05311866
v 0.09514289 -0.33306091 -0.05250459
v 0.10547044 -0.33250533 -0.04708037
v 0.46715626 -0.34629242 -0.26457992
v 0.47161653 -0.34591005 -0.27508419
v 0.46007795 -0.34637647 -0.26214948
v 0.46021838 -0.34589039 -0.27457191
v -0.02537056 -0.33139698 -0.22671245
v -0.02246056 -0.33000055 -0.24028436
v 0.50961920 -0.33721149 -0.13827317
v 0.51502701 -0.33859826 -0.15013269
v 0.50429950 -0.33906700 -0.14870645
v 0.51482173 -0.33524808 -0.12848254
v 0.49998088 -0.33758832 -0.13669762
v 0.51772454 -0.33667841 -0.13844665
v 0.50817530 -0.34014819 -0.15845501
v 0.52486371 -0.33701101 -0.14414926
v 0.03531072 -0.33488367 -0.21073031
v 0.03236752 -0.33575312 -0.19668661
v 0.54610735 -0.27349648 0.04375107
v 0.55104879 -0.27413406 0.03731632
v 0.55514796 -0.27070471 0.03916932
v 0.29072971 -0.29194104 0.11339038
v 0.30159843 -0.29268206 0.10828478
v 0.28410167 -0.29458973 0.10684681
v 0.50205761 -0.34400210 -0.30825873
v 0.50667260 -0.24036178 0.14182575
v 0.28737825 -0.33765167 -0.28815278
v 0.29493303 -0.33917412 -0.27754600
v 0.28192645 -0.33858754 -0.27481080
v 0.29212733 -0.34005381 -0.26457552
v -0.01996595 -0.33607439 -0.14875016
v -0.02333453 -0.33601941 -0.13697757
v 0.42779501 -0.33430579 -0.08943660
v 0.20318749 -0.33219872 -0.29482640
v 0.19630606 -0.33311672 -0.28520096
v 0.21037386 -0.33379654 -0.28489203
v 0.20425591 -0.33066233 -0.30599658
v 0.38768832 -0.33874298 -0.11185786
v 0.40003062 -0.33732596 -0.10315871
v 0.37711419 -0.33829111 -0.10776476
v 0.37901897 -0.33971059 -0.11905956
v 0.41192535 -0.33608724 -0.09684577
v 0.12266917 -0.33532104 -0.24009946
v 0.11193108 -0.33530339 -0.23630628
v 0.28096777 -0.33983393 -0.25865866
v 0.49258623 -0.32914474 -0.08668662
v 0.20034924 -0.32580488 -0.00591633
v 0.19367720 -0.32423683 0.00360701
v 0.20554624 -0.32405434 0.00320275
v 0.07015918 -0.31281830 0.06842216
v 0.10420482 -0.30973050 0.08191145
v 0.09295782 -0.30883513 0.08579714
v -0.01321944 -0.32931054 -0.24945861
v 0.13132393 -0.33727545 -0.21823150
v 0.40462528 -0.26116141 0.15703282
v 0.41808962 -0.26194439 0.14941664
v 0.20701369 -0.33827819 -0.10896294
v 0.04151848 -0.32151640 0.02463410
v 0.04464721 -0.31888214 0.03863080
v 0.03314117 -0.31775612 0.04404713
v 0.04206882 -0.31645757 0.05065486
v 0.03410262 -0.31997673 0.03270410
v 0.03731905 -0.32380722 0.01137847
v 0.02942107 -0.32199459 0.02143978
v 0.47127120 -0.29039385 0.05589330
v 0.06198209 -0.33244976 -0.04919823
v 0.05272189 -0.33297746 -0.05540756
v 0.57956217 -0.32227354 -0.11709103
v 0.57919218 -0.31859538 -0.10360246
v 0.58541809 -0.31763374 -0.10918718
v 0.57475204 -0.32219710 -0.11071079
v 0.58495535 -0.32223658 -0.12427365
v 0.57916775 -0.32595779 -0.13103799
v 0.57241037 -0.32605822 -0.12340539
v 0.43175707 -0.34442653 -0.29297948
v 0.42318678 -0.34395797 -0.29637420
v 0.42736774 -0.34499608 -0.28443545
v 0.43851347 -0.34520481 -0.28352961
v 0.57261922 -0.31933490 -0.09831208
v 0.52422804 -0.33481342 -0.13042948
v 0.51950798 -0.33328077 -0.11973277
v 0.15358575 -0.33890515 -0.12736927
v 0.46496340 -0.34505963 -0.28969251
v 0.11247627 -0.33764266 -0.10853575
v 0.12166824 -0.33810313 -0.11540136
v 0.42258722 -0.23858197 0.19634313
v 0.42809234 -0.24301458 0.18488029
v 0.43245176 -0.23534285 0.19771093
v 0.35093747 -0.33381746 -0.07460000
v 0.23956628 -0.33979505 -0.13248116
v 0.45441119 -0.34598684 -0.20442602
v 0.43081330 -0.33551514 -0.09712609
v 0.42185964 -0.33626607 -0.09985259
v 0.03296376 -0.31470095 0.05876439
v 0.04769310 -0.31427251 0.06110731
v 0.02478327 -0.31182507 0.07165586
v 0.04156501 -0.31100334 0.07558586
v 0.05294390 -0.33731862 -0.11952207
v 0.06174473 -0.33722945 -0.11340059
v 0.06055069 -0.33760749 -0.12600999
v 0.05089053 -0.33687132 -0.10883327
v 0.07100856 -0.33714083 -0.10809675
v 0.06361023 -0.33656996 -0.09916856
v 0.52913822 -0.34447035 -0.29406853
v 0.52105397 -0.34472005 -0.29476602
v 0.53594025 -0.34449671 -0.28705181
v 0.53577153 -0.34366617 -0.30037669
v 0.52694458 -0.34512171 -0.28337794
v 0.50997631 -0.34483244 -0.29649619
v 0.51728284 -0.34536382 -0.28531668
v 0.55345151 -0.34121375 -0.19745423
v 0.21526399 -0.33927281 -0.22311222
v 0.20586528 -0.33912896 -0.22035992
v 0.44810083 -0.30822096 0.01342242
v 0.25937935 -0.33635248 -0.08707929
v 0.00154469 -0.33632527 -0.11830694
v 0.57582263 -0.33802579 -0.19867796
v 0.56830400 -0.33936214 -0.19746010
v 0.57775269 -0.33852035 -0.20893749
v 0.56989091 -0.34015122 -0.21101398
v 0.56201244 -0.34003632 -0.19461106
v 0.56139184 -0.34103189 -0.20537649
v 0.37477880 -0.34113012 -0.13203551
v 0.54407949 -0.34293804 -0.20783811
v 0.53479551 -0.34433884 -0.21970923
v 0.41775488 -0.34400365 -0.16250770
v 0.42395537 -0.34479385 -0.17289282
v 0.40803465 -0.34361683 -0.15675469
v 0.41436343 -0.34527327 -0.17910251
v 0.58206184 -0.33773164 -0.21254962
v 0.58416783 -0.33753995 -0.22173742
v 0.27946694 -0.27102063 0.17555003
v 0.28122476 -0.27526979 0.16390701
v 0.28305056 -0.27931101 0.15245584
v 0.06348415 -0.29534474 0.13629563
v 0.49858937 -0.27102499 0.08702764
v 0.53285447 -0.34513799 -0.23576488
v 0.52861002 -0.34511301 -0.22790623
v 0.52510865 -0.34571114 -0.24612367
v 0.52355808 -0.34552981 -0.23410100
v 0.53388003 -0.34536645 -0.24995360
v 0.51600106 -0.34595176 -0.24253339
v 0.52653492 -0.34572515 -0.25866577
v -0.02061346 -0.32927689 -0.03379951
v 0.29238424 -0.30834706 0.05745071
v 0.21487886 -0.33977351 -0.21180976
v 0.21478764 -0.34016052 -0.20033844
v 0.27796534 -0.33713427 -0.28731568
v 0.14148870 -0.33020796 -0.02966596
v 0.15333849 -0.33162038 -0.04096043
v 0.46061991 -0.34630245 -0.21613532
v 0.31105218 -0.33643595 -0.09051193
v 0.31813171 -0.33525258 -0.08142955
v 0.32312583 -0.33649277 -0.09142008
v 0.31661652 -0.33788860 -0.10327654
v 0.30211873 -0.33788360 -0.10344621
v 0.05707461 -0.31201825 0.07160267
v 0.02914126 -0.30826560 0.08700703
v 0.52230313 -0.23415595 0.13881123
v 0.51700176 -0.23963240 0.13434381
v 0.52017861 -0.22787563 0.15133952
v 0.52481135 -0.22712515 0.14788268
v 0.51529908 -0.23175937 0.14937360
v 0.02503529 -0.27932148 0.18983953
v 0.01066144 -0.27996079 0.18841693
v 0.03525192 -0.28066721 0.18525035
v 0.02263279 -0.27580002 0.20064164
v 0.30025149 -0.33914468 -0.11658408
v 0.31052158 -0.33909895 -0.11540705
v 0.29387993 -0.33962727 -0.12290014
v 0.29086609 -0.33870334 -0.11222714
v 0.43852088 -0.31201888 0.00394849
v 0.43916597 -0.31615097 -0.01094159
v 0.43727055 -0.30805356 0.01779276
v 0.44819998 -0.31285326 -0.00223397
v -0.02344422 -0.32792549 -0.25621713
v 0.52198238 -0.25455139 0.10303812
v 0.51746485 -0.24789220 0.11916613
v 0.45216574 -0.34622734 -0.26635386
v 0.44942914 -0.34563738 -0.27841203
v 0.44610461 -0.34645593 -0.25907204
v 0.45435599 -0.34657627 -0.25462467
v 0.44250582 -0.34602503 -0.26969010
v 0.45537258 -0.34522446 -0.28617262
v 0.10540422 -0.33374573 -0.05863073
v 0.48187710 -0.26375004 0.11305922
v 0.35804684 -0.32710887 -0.03782925
v 0.34897314 -0.32927002 -0.04763971
v 0.05267622 -0.32827427 -0.27704335
v 0.04153878 -0.32838625 -0.27288649
v 0.04982688 -0.32997433 -0.26388600
v 0.06269579 -0.33013387 -0.26664273
v 0.02865004 -0.32396363 -0.29714048
v 0.50584974 -0.26959060 0.08523582
v 0.49124155 -0.34337650 -0.18112360
v 0.14222801 -0.33935848 -0.16418984
v 0.12711422 -0.33904372 -0.16838050
v 0.41705188 -0.34463284 -0.28675328
v -0.00754951 -0.33596749 -0.11206750
v 0.14021341 -0.31160141 0.07111623
v 0.13049337 -0.31419541 0.06071055
v 0.04872954 -0.33609760 -0.09456317
v 0.04542949 -0.33505413 -0.07969758
v 0.05517873 -0.33421521 -0.06790753
v 0.03144186 -0.33472075 -0.07782573
v 0.04055957 -0.33368277 -0.06455874
v 0.51190740 -0.23785520 0.14195528
v 0.51152286 -0.24399698 0.13131731
v 0.58329639 -0.31386366 -0.09439692
v 0.58805671 -0.31266201 -0.09800367
v 0.58995320 -0.31869752 -0.11967894
v 0.57807567 -0.31540659 -0.09192401
v 0.46680999 -0.31841560 -0.02993217
v 0.47455307 -0.31543383 -0.02214725
v 0.47688984 -0.31859134 -0.03494896
v 0.26517055 -0.31574830 0.03347841
v 0.27419857 -0.33246120 -0.05672405
v 0.44474114 -0.34671825 -0.24588398
v 0.17996037 -0.33653514 -0.24706933
v 0.54283009 -0.34475862 -0.26630936
v 0.01198294 -0.33338957 -0.06643825
v 0.01851868 -0.33451573 -0.07778904
v 0.00508541 -0.33437980 -0.07934447
v 0.02553574 -0.33359199 -0.06602952
v 0.12408498 -0.33217822 -0.04441580
v 0.58487675 -0.32558028 -0.13739010
v 0.58905591 -0.32225189 -0.13069668
v 0.59021144 -0.32436887 -0.14176420
v 0.52710906 -0.34426513 -0.21098296
v 0.11424739 -0.30755246 0.09045663
v 0.52768719 -0.25667694 0.09411660
v 0.51746402 -0.26134210 0.09374743
v 0.51413625 -0.25596397 0.10680019
v 0.50751380 -0.34606207 -0.23732037
v 0.50000510 -0.34629456 -0.24279855
v 0.51543467 -0.34567869 -0.23013065
v 0.15276374 -0.33939334 -0.17853333
v 0.13684797 -0.33903494 -0.18000816
v 0.50989350 -0.25109776 0.11947793
v 0.50679855 -0.25790566 0.10868791
v 0.51012641 -0.26285751 0.09625862
v 0.16834779 -0.33213046 -0.04549353
v 0.18163237 -0.33238357 -0.04806292
v 0.13692773 -0.33030226 -0.28816984
v 0.12120303 -0.31603301 0.05306903
v 0.05828122 -0.33155478 -0.25381478
v 0.47731266 -0.34536666 -0.28720997
v 0.28199018 -0.30934800 0.05606204
v 0.27464285 -0.30783664 0.06337788
v 0.46742162 -0.22780695 0.19187624
v 0.04541749 -0.32567047 0.00035240
v 0.06196114 -0.33344054 -0.05859229
v 0.31778017 -0.33965290 -0.28898213
v 0.18327683 -0.33766894 -0.23397845
v 0.42153546 -0.34552198 -0.27493426
v 0.42504105 -0.34618434 -0.26175201
v 0.43195451 -0.34579701 -0.27217690
v -0.01087550 -0.32795903 -0.26028928
v -0.02052197 -0.32603075 -0.27020778
v 0.53311265 -0.33516146 -0.13713828
v 0.54462194 -0.34299289 -0.30111254
v 0.07632048 -0.29550195 0.13567773
v 0.33942531 -0.32807162 -0.03947902
v 0.02639266 -0.32399656 0.00955230
v 0.01508874 -0.32274579 0.01578133
v 0.53484657 -0.34531249 -0.26247590
v 0.53542052 -0.34502584 -0.27479409
v 0.52758239 -0.34553485 -0.27056282
v -0.01210793 -0.33616939 -0.12494712
v 0.52326732 -0.34506833 -0.22195562
v 0.01731717 -0.30546571 0.09825323
v -0.00643670 -0.30623084 0.09490480
v -0.01747951 -0.30641184 0.09415093
v 0.36524934 -0.34204039 -0.14194990
v 0.18487647 -0.32332864 0.00967517
v 0.43673351 -0.34638481 -0.25914034
v 0.34856834 -0.30336767 0.06068057
v 0.34931455 -0.30776625 0.04513694
v 0.36138266 -0.30458286 0.05283934
v 0.35154649 -0.29937232 0.07317201
v 0.36034208 -0.29997152 0.06850138
v 0.35816360 -0.30873268 0.03928524
v 0.45665328 -0.34673170 -0.24369711
v 0.59070668 -0.32716108 -0.15582493
v 0.37179677 -0.30029133 0.06393695
v 0.37305810 -0.30400893 0.05140557
v 0.51863256 -0.34465102 -0.21094358
v 0.48356164 -0.33148608 -0.09446127
v 0.31460397 -0.33004595 -0.04650543
v 0.30707642 -0.32920231 -0.04022545
v 0.37550340 -0.34279910 -0.14964114
v 0.38990869 -0.34333406 -0.15413721
v 0.38036755 -0.34404913 -0.16468678
v 0.27871675 -0.33840692 -0.10928162
v 0.26774979 -0.33829012 -0.10794287
v 0.31443865 -0.32769583 -0.03309311
v 0.36819316 -0.30766393 0.04027259
v 0.36407832 -0.34482827 -0.18498133
v 0.37424606 -0.34524708 -0.18853970
v 0.44869672 -0.33989295 -0.13268701
v 0.50275918 -0.34549207 -0.28737517
v 0.19203020 -0.32212410 0.01512265
v 0.11617467 -0.31066753 0.07743440
v 0.12783973 -0.31134458 0.07361895
v 0.11872800 -0.31358346 0.06450785
v 0.32697820 -0.32842220 -0.03936145
v 0.29036271 -0.28138775 0.14471308
v 0.16041438 -0.30729338 0.08620585
v 0.17057481 -0.30628649 0.08868762
v 0.16638231 -0.30398002 0.09812096
v 0.19710002 -0.29889560 0.11101948
v 0.18434115 -0.30031372 0.10843519
v 0.37162278 -0.34457870 -0.17570971
v 0.26333970 -0.30918148 0.06055857
v 0.27247517 -0.31185215 0.04815903
v 0.25730650 -0.31304466 0.04635436
v 0.39848771 -0.33159434 -0.06819221
v 0.44181020 -0.23278790 0.19766724
v -0.00895770 -0.32099216 0.02384628
v -0.02492444 -0.31823213 0.03818828
v -0.01086862 -0.33634110 -0.14082514
v 0.00092923 -0.33656307 -0.13250340
v 0.00032080 -0.33659060 -0.14699238
v -0.01102966 -0.33622717 -0.15453698
v -0.02676047 -0.33581033 -0.12272913
v 0.24777955 -0.31483381 0.04072542
v 0.33812923 -0.34439522 -0.22156170
v 0.21075064 -0.29650142 0.11652882
v 0.01940323 -0.32187728 -0.30594933
v 0.45522939 -0.34666630 -0.22733793
v 0.45144177 -0.23077241 0.19603657
v 0.39971430 -0.34378456 -0.15849075
v 0.51745592 -0.20798247 0.18553283
v 0.51527648 -0.20272399 0.19578607
v 0.26719987 -0.34166831 -0.18995422
v 0.45865638 -0.34673131 -0.23514196
v 0.45205516 -0.34678041 -0.23643935
v 0.11577815 -0.33436182 -0.06462266
v 0.11521775 -0.33296091 -0.05116187
v -0.00048678 -0.33635988 -0.16132412
v 0.20565780 -0.30132500 0.10080470
v 0.54006931 -0.34252345 -0.31108292
v 0.38413388 -0.34563814 -0.19207212
v 0.56882447 -0.32394597 -0.11088352
v 0.58021322 -0.31019377 -0.07970441
v 0.58724887 -0.30793175 -0.08420994
v 0.52122725 -0.34562633 -0.27653132
v 0.50994485 -0.34556385 -0.28440803
v 0.51477502 -0.34530875 -0.22008385
v 0.01114321 -0.33678932 -0.15315723
v 0.17351286 -0.30130090 0.10684301
v 0.17773048 -0.30383010 0.09681907
f 365 446 449
f 2158 2214 1921
f 1637 1896 1897
f 2065 1942 1897
f 584 585 290
f 1637 450 1896
f 145 1826 2209
f 2162 842 1730
f 925 926 451
f 1729 1730 842
f 291 163 161
f 2158 1171 2214
f 1826 1734 2209
f 2065 2148 2147
f 2162 1886 583
f 1146 366 450
f 2210 1921 1920
f 445 446 365
f 2213 1920 449
f 160 163 162
f 1356 583 1886
f 291 998 288
f 1169 1171 1170
f 584 290 288
f 925 451 928
f 367 369 368
f 2208 145 144
f 1074 1121 2033
f 368 369 1078
f 2065 2147 1942
f 1119 1121 1075
f 1119 1120 144
f 2213 449 446
f 2210 2158 1921
f 2148 1078 1808
f 1729 1734 1728
f 1169 1170 928
f 445 366 448
f 1636 1897 1942
f 287 585 1356
f 1074 2033 1702
f 1637 1897 1636
f 929 1702 926
f 2208 1826 145
f 2210 1920 2213
f 925 929 926
f 1146 448 366
f 287 290 585
f 1637 1149 450
f 2148 1808 2147
f 2161 2162 1730
f 2088 1171 2158
f 2161 1886 2162
f 1728 1734 1826
f 1149 1146 450
f 1119 1075 1120
f 1074 1075 1121
f 1170 1171 2088
f 367 370 369
f 369 1808 1078
f 291 999 163
f 1726 1730 1729
f 445 447 446
f 2208 144 1193
f 999 162 163
f 1120 1193 144
f 925 928 927
f 1356 1886 1355
f 2147 1635 1942
f 1726 1729 1728
f 2213 446 2229
f 445 448 447
f 281 291 288
f 1636 1942 1635
f 925 927 929
f 929 1076 1702
f 1074 1702 1076
f 287 1356 1355
f 2210 2211 2158
f 2210 2213 2212
f 1170 1885 928
f 2088 2158 2005
f 280 288 290
f 2147 1808 1809
f 1823 1728 1826
f 1732 2161 1730
f 1170 2088 1884
f 446 447 2229
f 2208 1825 1826
f 1151 1637 1636
f 1145 448 1146
f 1887 1886 2161
f 2147 1809 1635
f 1151 1149 1637
f 1145 1146 1149
f 1068 1075 1074
f 280 290 287
f 2213 2229 2212
f 1120 1075 1069
f 291 285 999
f 2158 2211 2005
f 2210 2212 2211
f 370 371 369
f 2112 927 928
f 1355 1886 1887
f 1726 1732 1730
f 191 1808 369
f 1170 1884 1885
f 2208 1193 1825
f 2112 928 1885
f 1634 1636 1635
f 281 285 291
f 280 281 288
f 1823 1826 1825
f 2088 2005 1884
f 1120 1069 1193
f 929 927 1701
f 448 1150 447
f 929 1701 1076
f 1887 2161 1732
f 1726 1728 1727
f 1067 1074 1076
f 2054 162 999
f 1068 1069 1075
f 1634 1151 1636
f 1823 1727 1728
f 1145 1150 448
f 192 1809 1808
f 1068 1074 1067
f 191 369 371
f 286 287 1355
f 1809 1289 1635
f 1145 1149 1148
f 447 1583 2229
f 191 192 1808
f 1148 1149 1151
f 2239 2212 2229
f 280 287 286
f 1634 1635 1289
f 1135 1885 1884
f 1411 2211 2212
f 285 2054 999
f 1134 1884 2005
f 2110 927 2112
f 447 1150 1583
f 2110 1701 927
f 1355 1887 1354
f 1142 2005 2211
f 1726 1733 1732
f 1825 1193 2154
f 192 1289 1809
f 1823 1825 1824
f 1069 2154 1193
f 2112 1885 1138
f 1701 1077 1076
f 1726 1727 1731
f 1823 1824 1727
f 1067 1076 1077
f 2239 2229 1583
f 279 285 281
f 279 281 280
f 1135 1884 1134
f 1411 2212 2239
f 1634 1293 1151
f 2160 1887 1732
f 1135 1138 1885
f 286 1355 1354
f 1066 1069 1068
f 1145 1147 1150
f 1411 1142 2211
f 1134 2005 1142
f 1066 1068 1067
f 1726 1731 1733
f 1145 1148 1147
f 1634 1289 1293
f 190 192 191
f 191 371 195
f 2110 2112 2111
f 2160 1354 1887
f 1150 1582 1583
f 2111 2112 1138
f 2160 1732 1733
f 1148 1151 1153
f 2110 1132 1701
f 1132 1077 1701
f 1824 1827 1727
f 1727 1827 1731
f 1069 1073 2154
f 1824 1825 1829
f 193 1289 192
f 1066 1073 1069
f 1147 1582 1150
f 1825 2154 1829
f 1151 1293 1153
f 1411 2239 1414
f 280 286 289
f 1133 1135 1134
f 283 2054 285
f 1067 1077 1071
f 1133 1138 1135
f 1584 2239 1583
f 190 191 195
f 279 283 285
f 2218 195 371
f 190 193 192
f 1066 1067 1071
f 279 280 282
f 1137 1134 1142
f 1410 1142 1411
f 1148 1152 1147
f 1290 1293 1289
f 1414 2239 1584
f 1733 1731 1985
f 286 1354 130
f 1410 1411 1414
f 2111 1138 1139
f 1053 1583 1582
f 2110 2111 2113
f 1133 1134 1137
f 1148 1153 1152
f 2110 2113 1132
f 193 1290 1289
f 1824 1828 1827
f 280 289 282
f 1133 1139 1138
f 1731 1827 1985
f 1053 1584 1583
f 1824 1829 1828
f 1719 1354 2160
f 2153 2154 1073
f 721 1077 1132
f 1052 1582 1147
f 2160 1733 2047
f 286 130 289
f 1137 1142 1141
f 1071 1077 721
f 2053 2054 283
f 1293 1294 1153
f 1410 1141 1142
f 1066 1072 1073
f 1953 1829 2154
f 2053 2056 2054
f 190 195 194
f 190 194 193
f 1066 1071 1070
f 1290 1294 1293
f 2218 2082 195
f 279 284 283
f 1719 130 1354
f 1414 1584 1413
f 1953 2154 2153
f 279 282 284
f 1907 1147 1152
f 1733 1985 2047
f 1053 1582 1052
f 2111 1139 2094
f 1410 1414 1413
f 2111 2094 2113
f 2113 1131 1132
f 2153 1073 1072
f 1066 1070 1072
f 1907 1052 1147
f 1983 1827 1828
f 1133 1140 1139
f 1133 1137 1136
f 1983 1985 1827
f 721 1132 1131
f 1906 1152 1153
f 1949 1828 1829
f 1053 1048 1584
f 1719 2160 1718
f 193 1291 1290
f 2218 1106 2082
f 1718 2160 2047
f 1137 1141 1136
f 716 1070 1071
f 1048 1413 1584
f 193 194 1291
f 716 1071 721
f 1953 1951 1829
f 1410 1412 1141
f 2094 1139 1140
f 1410 1413 1412
f 1906 1907 1152
f 1109 195 2082
f 1109 194 195
f 1133 1136 1140
f 849 1153 1294
f 1290 1292 1294
f 1949 1829 1951
f 282 289 696
f 131 289 130
f 1047 1053 1052
f 1949 1983 1828
f 1952 1953 2153
f 2053 283 2055
f 1952 2153 1072
f 2094 2095 2113
f 2113 2095 1131
f 283 284 692
f 1906 1153 849
f 129 130 1719
f 1047 1048 1053
f 691 284 282
f 1290 1291 1292
f 717 1072 1070
f 1986 2047 1985
f 721 1131 720
f 696 289 131
f 1983 1986 1985
f 1051 1052 1907
f 129 1719 1718
f 1109 2082 1106
f 716 717 1070
f 1415 1136 1141
f 1292 849 1294
f 1412 1415 1141
f 1291 194 2079
f 1947 1951 1953
f 283 692 2055
f 715 716 721
f 691 282 696
f 1225 1413 1048
f 2092 2094 1140
f 1317 1907 1906
f 1412 1413 1225
f 1947 1953 1952
f 1109 2079 194
f 1047 1052 1051
f 128 131 130
f 2053 2055 1725
f 1949 1950 1983
f 1131 2095 720
f 691 692 284
f 128 130 129
f 1718 2047 399
f 2140 1952 1072
f 715 721 720
f 1948 1949 1951
f 2092 2095 2094
f 2091 1140 1136
f 2140 1072 717
f 1317 1051 1907
f 1047 1049 1048
f 1292 1291 1859
f 713 717 716
f 1986 399 2047
f 847 1906 849
f 1948 1951 1947
f 1948 1950 1949
f 713 716 715
f 1225 1048 1049
f 1412 1416 1415
f 2091 2092 1140
f 1990 1136 1415
f 1317 1906 847
f 1104 1109 1106
f 2080 1291 2079
f 1412 1225 1416
f 1983 1950 1984
f 1983 1984 1986
f 129 1718 396
f 1292 848 849
f 1047 1051 1050
f 1947 1952 1028
f 696 131 133
f 2091 1136 1990
f 2080 1859 1291
f 720 2095 1956
f 2078 2079 1109
f 1047 1050 1049
f 2140 1028 1952
f 1718 399 396
f 128 133 131
f 692 693 2055
f 1292 1859 848
f 690 691 696
f 2055 1326 1725
f 2092 2093 2095
f 715 720 719
f 689 692 691
f 1987 1415 1416
f 718 2140 717
f 713 718 717
f 128 129 132
f 1987 1990 1415
f 1029 1948 1947
f 845 1051 1317
f 2078 2080 2079
f 843 847 849
f 1948 113 1950
f 713 715 714
f 1104 1107 1109
f 2095 2093 1956
f 1225 1226 1416
f 1107 2078 1109
f 719 720 1956
f 1223 1225 1049
f 843 849 848
f 1029 1947 1028
f 1950 113 1984
f 845 1317 847
f 690 696 133
f 129 396 132
f 693 1326 2055
f 1986 398 399
f 689 693 692
f 1318 1050 1051
f 2091 1580 2092
f 715 719 714
f 689 691 690
f 1986 1984 2046
f 2135 1859 2080
f 1050 1227 1049
f 128 132 133
f 1223 1226 1225
f 2140 1026 1028
f 713 714 718
f 848 1859 2135
f 1948 112 113
f 1029 112 1948
f 1987 1416 1989
f 1580 2093 2092
f 2091 1990 1992
f 845 1318 1051
f 718 1026 2140
f 393 396 399
f 1987 1988 1990
f 1223 1049 1227
f 1989 1416 1226
f 1986 2046 398
f 2078 2081 2080
f 1318 1227 1050
f 844 847 843
f 719 1956 1955
f 2093 2141 1956
f 1984 113 114
f 844 845 847
f 319 1029 1028
f 393 399 398
f 2135 2080 2081
f 2091 1992 1580
f 1987 1989 1988
f 1104 1108 1107
f 1988 1992 1990
f 843 848 552
f 2046 1984 114
f 848 2135 553
f 319 1028 1026
f 132 396 397
f 1955 1956 2141
f 1107 1717 2078
f 714 723 718
f 690 133 697
f 1104 1105 1108
f 714 719 722
f 109 113 112
f 393 397 396
f 1029 111 112
f 848 553 552
f 1223 568 1226
f 694 1326 693
f 132 2024 133
f 689 694 693
f 1580 1581 2093
f 1223 1227 1224
f 1581 2141 2093
f 2078 1717 2081
f 1989 1226 568
f 719 1955 722
f 558 844 843
f 109 114 113
f 319 111 1029
f 1027 1026 718
f 689 690 695
f 558 843 552
f 845 1319 1318
f 1107 1108 1717
f 1989 569 1988
f 1318 1714 1227
f 714 722 723
f 2046 404 398
f 109 112 111
f 844 846 845
f 1027 718 723
f 1988 1991 1992
f 697 133 2024
f 2135 2081 554
f 1955 2141 1889
f 1223 1224 568
f 2135 554 553
f 318 319 1026
f 1580 1992 187
f 393 398 395
f 690 697 695
f 2046 114 1939
f 1989 568 569
f 1714 1224 1227
f 694 1325 1326
f 1581 1889 2141
f 1988 569 1991
f 132 397 400
f 549 552 553
f 722 1955 1889
f 845 846 1319
f 1578 1581 1580
f 689 695 694
f 318 1026 1027
f 1318 1319 1714
f 558 555 844
f 2046 1939 404
f 1716 2081 1717
f 395 398 404
f 393 394 397
f 1992 1991 189
f 132 400 2024
f 109 115 114
f 550 558 552
f 549 553 554
f 844 555 846
f 1578 1580 187
f 1716 554 2081
f 117 111 319
f 187 1992 189
f 723 722 967
f 1500 1717 1108
f 549 550 552
f 115 1939 114
f 117 319 318
f 109 111 110
f 393 395 394
f 1027 723 967
f 1224 378 568
f 550 555 558
f 1714 378 1224
f 1581 1579 1889
f 188 1991 569
f 394 400 397
f 566 569 568
f 1110 1500 1108
f 1888 722 1889
f 697 2024 22
f 1578 1579 1581
f 188 189 1991
f 109 110 115
f 695 697 22
f 1715 1716 1717
f 318 1027 317
f 110 111 117
f 846 1320 1319
f 549 554 551
f 1939 403 404
f 395 404 403
f 1715 1717 1500
f 846 555 1321
f 1713 1714 1319
f 183 187 189
f 966 967 722
f 566 188 569
f 1322 694 695
f 2024 400 2151
f 568 378 377
f 117 318 317
f 549 551 550
f 1716 561 554
f 1027 967 965
f 1888 1889 1579
f 550 556 555
f 566 568 377
f 186 1578 187
f 966 722 1888
f 297 1939 115
f 183 189 188
f 379 378 1714
f 22 2024 2151
f 846 1321 1320
f 1027 965 317
f 1713 1319 1320
f 1321 555 556
f 394 395 402
f 551 554 561
f 186 1579 1578
f 110 118 115
f 183 186 187
f 1715 561 1716
f 1713 379 1714
f 297 403 1939
f 394 401 400
f 1110 1405 1500
f 110 117 116
f 694 1323 1324
f 1322 1323 694
f 962 967 966
f 695 22 17
f 395 403 402
f 297 115 118
f 550 557 556
f 962 965 967
f 550 551 557
f 1322 695 17
f 183 188 182
f 565 566 377
f 1406 1715 1500
f 566 567 188
f 400 834 2151
f 117 317 320
f 1888 1579 1890
f 372 377 378
f 394 402 401
f 372 378 379
f 1320 1321 616
f 110 119 118
f 1406 1500 1405
f 186 1577 1579
f 401 834 400
f 1532 1713 1320
f 181 186 183
f 1321 556 610
f 966 1888 969
f 117 320 116
f 565 567 566
f 567 182 188
f 110 116 119
f 181 183 182
f 317 965 968
f 1715 327 561
f 962 966 964
f 22 2151 23
f 551 561 560
f 1890 1579 1577
f 557 610 556
f 297 298 403
f 1713 375 379
f 565 377 376
f 1532 1320 616
f 1888 1890 969
f 1406 327 1715
f 962 963 965
f 551 559 557
f 1321 610 616
f 292 297 118
f 1941 402 403
f 320 317 968
f 16 17 22
f 964 966 969
f 372 376 377
f 23 2151 834
f 372 379 375
f 551 560 559
f 1532 1531 1713
f 565 376 567
f 181 184 186
f 1322 18 1323
f 16 22 23
f 962 964 963
f 119 292 118
f 298 1941 403
f 963 968 965
f 181 182 185
f 1322 17 18
f 186 978 1577
f 567 185 182
f 1713 1531 375
f 292 298 297
f 402 1545 401
f 561 324 560
f 1404 1406 1405
f 561 327 324
f 119 116 294
f 320 294 116
f 557 609 610
f 614 1532 616
f 1890 1577 2074
f 184 978 186
f 832 834 401
f 557 559 609
f 181 185 184
f 1406 326 327
f 969 1890 1891
f 1404 1405 1024
f 613 616 610
f 614 1531 1532
f 964 969 870
f 376 1373 567
f 1941 1546 402
f 963 964 870
f 978 2074 1577
f 320 968 660
f 1404 326 1406
f 1545 832 401
f 119 293 292
f 1890 2074 1891
f 372 373 376
f 14 17 16
f 1323 18 1538
f 613 614 616
f 830 23 834
f 1973 185 567
f 1201 294 320
f 402 1546 1545
f 560 332 559
f 119 294 293
f 372 375 374
f 608 610 609
f 14 18 17
f 324 332 560
f 1201 320 660
f 298 1940 1941
f 375 1531 1830
f 16 23 15
f 963 661 968
f 608 613 610
f 830 834 832
f 292 299 298
f 321 324 327
f 609 559 1933
f 1973 567 1373
f 614 1528 1531
f 321 327 326
f 184 185 980
f 969 1891 873
f 376 373 1373
f 969 873 870
f 184 979 978
f 963 870 871
f 372 374 373
f 559 332 1933
f 660 968 661
f 1941 1940 1546
f 2227 2074 978
f 1528 1830 1531
f 14 16 15
f 374 375 1830
f 293 295 292
f 1973 980 185
f 2228 1891 2074
f 298 299 1940
f 830 25 23
f 613 615 614
f 15 23 25
f 1201 659 294
f 1404 325 326
f 963 871 661
f 322 332 324
f 615 1528 614
f 184 980 979
f 292 295 299
f 1201 660 659
f 608 609 612
f 1542 832 1545
f 293 294 296
f 321 322 324
f 2227 978 979
f 609 1933 612
f 2228 873 1891
f 712 1538 18
f 2228 2074 2227
f 1542 1545 1546
f 321 326 325
f 1404 1023 325
f 608 611 613
f 14 19 18
f 1973 1373 1974
f 867 871 870
f 294 659 296
f 867 870 873
f 830 832 831
f 1932 1933 332
f 613 611 615
f 1528 1529 1830
f 293 296 295
f 373 1693 1373
f 14 15 21
f 2119 1546 1940
f 658 660 661
f 615 1529 1528
f 658 659 660
f 608 612 611
f 1973 265 980
f 712 18 19
f 322 329 332
f 2192 1940 299
f 1690 373 374
f 374 1830 2086
f 830 833 25
f 1932 612 1933
f 1542 831 832
f 15 25 24
f 871 872 661
f 1160 979 980
f 2228 2114 873
f 1974 1373 1693
f 321 323 322
f 1973 1974 265
f 2227 979 1162
f 295 2194 299
f 1542 1546 1544
f 1747 2228 2227
f 329 1932 332
f 1529 2086 1830
f 321 325 328
f 325 1023 1025
f 867 872 871
f 830 831 833
f 15 24 21
f 1544 1546 2119
f 14 21 20
f 2119 1940 2192
f 14 20 19
f 1690 1693 373
f 867 873 869
f 1160 980 265
f 296 2134 295
f 25 833 24
f 2192 299 2194
f 615 611 1530
f 615 1530 1529
f 323 329 322
f 1747 2114 2228
f 1160 1162 979
f 656 296 659
f 321 328 323
f 1691 374 2086
f 1747 2227 1162
f 869 873 2114
f 1690 374 1691
f 611 612 1943
f 658 661 662
f 656 659 658
f 295 2134 2194
f 662 661 872
f 1932 879 612
f 1974 1693 264
f 325 1025 1407
f 265 1974 264
f 325 1407 328
f 1542 1544 1543
f 867 868 872
f 708 712 19
f 879 1943 612
f 1529 2127 2086
f 878 1932 329
f 1345 831 1542
f 867 869 868
f 1529 1530 2127
f 21 24 1255
f 1544 2119 1855
f 611 1592 1530
f 2119 2192 1853
f 21 1255 20
f 611 1943 1592
f 296 278 2134
f 1343 833 831
f 323 330 329
f 19 20 711
f 262 1160 265
f 1747 1748 2114
f 1690 1694 1693
f 2192 2194 2193
f 1257 24 833
f 878 879 1932
f 656 278 296
f 1160 1161 1162
f 1746 1747 1162
f 323 328 331
f 869 2114 1748
f 1690 1691 1692
f 1345 1542 1543
f 267 264 1693
f 261 265 264
f 1691 2086 2085
f 2194 2134 2090
f 1608 1407 1025
f 1543 1544 1855
f 656 658 657
f 658 662 657
f 2133 328 1407
f 1154 662 872
f 878 329 330
f 1855 2119 1853
f 708 19 711
f 868 1154 872
f 1853 2192 2193
f 2085 2086 2127
f 262 1161 1160
f 323 331 330
f 261 262 265
f 1255 24 1257
f 1343 831 1345
f 1746 1162 1161
f 1746 1748 1747
f 20 1255 711
f 1694 267 1693
f 1690 1692 1694
f 1343 1257 833
f 2193 2194 2090
f 766 1943 879
f 331 328 2133
f 2090 2134 278
f 2133 1407 1608
f 1591 2127 1530
f 868 869 2038
f 261 264 267
f 1691 2085 1692
f 766 1592 1943
f 1591 1530 1592
f 2038 869 1748
f 765 879 878
f 656 277 278
f 656 657 277
f 664 662 1154
f 1543 1855 1420
f 657 662 664
f 765 766 879
f 1345 1543 1420
f 868 1096 1154
f 1853 2193 1852
f 877 878 330
f 1746 1749 1748
f 262 989 1161
f 1422 1855 1853
f 1127 330 331
f 868 2038 1096
f 1746 1161 1064
f 1563 2133 1608
f 2126 2085 2127
f 261 263 262
f 708 711 710
f 331 2133 1130
f 1393 1694 1692
f 2085 1396 1692
f 2193 2090 2089
f 2126 2127 1591
f 1343 1258 1257
f 261 267 266
f 1971 267 1694
f 1256 711 1255
f 762 1592 766
f 274 2090 278
f 762 1591 1592
f 765 878 877
f 1343 1345 1344
f 1254 1255 1257
f 1563 1608 1607
f 1422 1420 1855
f 664 1154 1095
f 1746 1064 1749
f 262 263 989
f 1422 1853 1852
f 1161 989 1064
f 2193 2089 1852
f 2038 1748 2039
f 1154 1096 1095
f 1127 877 330
f 1127 331 1130
f 1393 1692 1396
f 1130 2133 1563
f 269 278 277
f 657 276 277
f 708 710 709
f 261 266 263
f 1971 1694 1393
f 1749 2039 1748
f 657 664 663
f 761 766 765
f 1971 266 267
f 274 2089 2090
f 1395 1396 2085
f 710 711 1256
f 1343 1344 1258
f 1345 1420 1421
f 1395 2085 2126
f 1254 1257 1258
f 269 274 278
f 1254 1256 1255
f 761 762 766
f 2038 1097 1096
f 657 663 276
f 2126 1591 1588
f 762 1588 1591
f 1345 1421 1344
f 269 277 276
f 765 877 764
f 956 1064 989
f 2038 2039 1097
f 1093 664 1095
f 1064 1065 1749
f 1092 1095 1096
f 960 989 263
f 1390 1393 1396
f 761 765 764
f 1127 1130 1129
f 1854 1852 2089
f 1422 1852 1854
f 1093 663 664
f 1417 1420 1422
f 1749 1065 2039
f 1127 1128 877
f 1390 1396 1395
f 1557 1130 1563
f 987 263 266
f 1092 1096 1097
f 960 956 989
f 1971 1393 1394
f 1395 2126 1397
f 956 957 1064
f 1417 1421 1420
f 1093 1095 1092
f 1971 314 266
f 957 1065 1064
f 1557 1563 1561
f 2126 1588 1589
f 761 763 762
f 1127 1129 1128
f 987 960 263
f 663 442 276
f 274 275 2089
f 270 274 269
f 1557 1129 1130
f 1229 1258 1344
f 1390 1394 1393
f 1587 1588 762
f 710 1256 778
f 764 877 1874
f 1254 1258 1229
f 269 276 273
f 2126 1589 1397
f 761 764 767
f 1254 780 1256
f 877 1128 1874
f 1093 439 663
f 987 266 314
f 275 1854 2089
f 1390 1395 1392
f 1081 1097 2039
f 1422 1854 1419
f 1228 1344 1421
f 663 439 442
f 955 956 960
f 1971 1394 314
f 1392 1395 1397
f 761 767 763
f 1587 762 763
f 276 442 273
f 2131 2039 1065
f 955 957 956
f 710 778 760
f 1417 1422 1419
f 270 275 274
f 1587 1589 1588
f 1092 1097 1085
f 268 270 269
f 268 269 273
f 1256 780 778
f 1557 1561 1560
f 1091 1093 1092
f 1229 1344 1228
f 957 958 1065
f 987 959 960
f 764 1873 767
f 1390 1391 1394
f 2131 1081 2039
f 1558 1128 1129
f 764 1874 1873
f 1093 438 439
f 1390 1392 1391
f 1557 1558 1129
f 1417 1231 1421
f 1081 1085 1097
f 955 960 959
f 1397 1589 1398
f 955 958 957
f 1254 1229 779
f 1392 1397 1398
f 1254 779 780
f 958 2131 1065
f 1091 1092 1085
f 763 767 1593
f 1228 1421 1231
f 1091 438 1093
f 437 442 439
f 1566 1874 1128
f 2197 1854 275
f 2197 1419 1854
f 987 314 315
f 437 273 442
f 1394 313 314
f 1587 763 497
f 1587 1590 1589
f 767 1873 1593
f 268 271 270
f 270 271 275
f 987 315 959
f 1557 1559 1558
f 1558 1566 1128
f 437 439 438
f 1391 1400 1394
f 1557 1560 1562
f 1589 1590 1398
f 763 1593 497
f 1417 1419 1418
f 268 273 272
f 2108 1873 1874
f 1392 1399 1391
f 1557 1562 1559
f 955 959 961
f 955 961 958
f 1394 1400 313
f 1392 1398 1399
f 1079 1085 1081
f 1080 1081 2131
f 1417 1418 1231
f 2108 1874 1566
f 1143 1229 1228
f 1587 497 498
f 437 272 273
f 1091 1085 1084
f 1587 498 1590
f 310 314 313
f 96 778 780
f 1091 441 438
f 310 315 314
f 958 2132 2131
f 1873 2143 1593
f 268 272 271
f 2197 275 1650
f 1229 1144 779
f 1230 1228 1231
f 1391 1399 1400
f 437 438 441
f 2197 2199 1419
f 1558 1559 1565
f 1079 1081 1080
f 2108 2143 1873
f 96 780 779
f 1079 1084 1085
f 271 179 275
f 959 315 988
f 497 1593 496
f 1080 2131 2132
f 1437 1398 1590
f 1143 1144 1229
f 1418 1419 2199
f 1558 1564 1566
f 959 988 961
f 1559 1562 1565
f 1143 1228 1230
f 179 1650 275
f 1399 1398 1437
f 958 961 1687
f 1091 1084 1094
f 496 1593 2143
f 1091 1094 441
f 312 313 1400
f 492 498 497
f 958 1687 2132
f 777 778 96
f 1558 1565 1564
f 310 313 312
f 2197 1650 2198
f 2197 2198 2199
f 493 1590 498
f 853 2108 1566
f 1418 1089 1231
f 272 178 271
f 492 497 496
f 437 441 440
f 437 443 272
f 1230 1231 1089
f 1399 1586 1400
f 2108 855 2143
f 310 316 315
f 1437 1590 493
f 95 779 1144
f 271 178 179
f 988 315 316
f 1079 1082 1084
f 1079 1080 1083
f 853 1566 1564
f 1562 1861 1565
f 1860 1861 1562
f 1080 2132 1869
f 312 1400 1586
f 96 779 95
f 492 493 498
f 437 440 443
f 988 1683 961
f 1418 2199 2240
f 441 1094 2164
f 853 855 2108
f 856 496 2143
f 1082 1094 1084
f 1683 1687 961
f 1438 1399 1437
f 441 2164 440
f 159 1144 1143
f 855 856 2143
f 310 312 311
f 1080 1869 1083
f 272 444 178
f 492 496 495
f 179 174 1650
f 1143 1230 155
f 1650 174 2198
f 272 443 444
f 1079 1083 1082
f 1438 1586 1399
f 2132 1687 1867
f 2198 2241 2199
f 1564 1565 1924
f 310 311 316
f 2132 1867 1869
f 1418 1090 1089
f 856 495 496
f 1435 1437 493
f 1230 1089 155
f 2240 2199 2241
f 1861 1924 1565
f 159 95 1144
f 1418 2240 1090
f 988 316 1684
f 777 96 97
f 988 1684 1683
f 492 494 493
f 1937 2164 1094
f 1435 1438 1437
f 1666 312 1586
f 173 179 178
f 1082 1937 1094
f 850 855 853
f 159 1143 155
f 174 2241 2198
f 492 495 494
f 2164 2191 440
f 850 856 855
f 858 853 1564
f 1683 1689 1687
f 1666 311 312
f 1867 1687 1689
f 173 174 179
f 91 96 95
f 1190 443 440
f 177 178 444
f 858 1564 1924
f 1438 1585 1586
f 1866 1083 1869
f 443 1188 444
f 2002 495 856
f 1871 1082 1083
f 1937 2191 2164
f 1866 1869 1867
f 311 1946 316
f 1435 493 1436
f 1684 316 1686
f 1666 1586 1585
f 1923 1924 1861
f 1190 440 2191
f 850 853 852
f 2240 2241 2201
f 494 1436 493
f 91 97 96
f 173 178 177
f 1684 1685 1683
f 494 495 2002
f 151 155 1089
f 151 1089 1090
f 2240 2201 1090
f 1936 1937 1082
f 852 853 858
f 1686 316 1946
f 850 854 856
f 1435 220 1438
f 1190 1188 443
f 94 95 159
f 1683 1688 1689
f 177 444 1188
f 1866 1871 1083
f 854 2002 856
f 1871 1936 1082
f 1923 1861 1926
f 175 2241 174
f 1683 1685 1688
f 1666 1668 311
f 1751 1867 1689
f 1438 221 1585
f 311 1668 1946
f 159 155 153
f 171 174 173
f 1435 1436 220
f 1866 1867 1751
f 91 95 94
f 1937 1191 2191
f 858 1924 1925
f 220 221 1438
f 1684 1686 740
f 1923 1925 1924
f 1684 740 1685
f 2201 2241 175
f 494 2002 2035
f 850 852 851
f 1666 1585 1665
f 1190 2191 1191
f 494 2036 1436
f 850 851 854
f 171 175 174
f 1936 1938 1937
f 173 177 180
f 741 1686 1946
f 1664 1668 1666
f 94 159 153
f 1087 1090 2201
f 854 2001 2002
f 993 1689 1688
f 151 1090 1087
f 494 2035 2036
f 221 1665 1585
f 1937 1938 1191
f 1186 177 1188
f 1664 1666 1665
f 1685 1750 1688
f 852 858 857
f 149 155 151
f 993 1751 1689
f 1185 1188 1190
f 741 740 1686
f 2035 2002 2001
f 1923 1926 828
f 1866 1870 1871
f 1871 1872 1936
f 740 1750 1685
f 220 1436 222
f 171 173 172
f 149 153 155
f 1923 828 1925
f 91 92 97
f 742 1946 1668
f 1866 1751 1868
f 852 857 851
f 1436 2036 1403
f 1189 1190 1191
f 180 177 1186
f 1807 858 1925
f 173 180 172
f 215 221 220
f 742 741 1946
f 993 1688 1750
f 1936 1872 1938
f 851 859 854
f 1185 1186 1188
f 854 859 2001
f 1185 1190 1189
f 2200 2201 175
f 1926 824 828
f 1436 1403 222
f 1664 1667 1668
f 1807 857 858
f 91 94 93
f 1866 1868 1870
f 221 218 1665
f 1870 1872 1871
f 215 220 222
f 1087 2201 2200
f 171 176 175
f 2035 1401 2036
f 1664 1665 1667
f 2035 2001 1063
f 993 994 1751
f 735 740 741
f 215 218 221
f 742 1668 1667
f 1868 1751 994
f 94 153 99
f 1401 1403 2036
f 1342 1191 1938
f 171 172 176
f 740 738 1750
f 851 857 860
f 150 151 1087
f 1925 828 829
f 1063 2001 859
f 91 93 92
f 851 860 859
f 1189 1191 1192
f 2035 1063 1401
f 735 741 742
f 149 151 150
f 1807 1925 829
f 993 1750 992
f 1342 1938 1872
f 149 154 153
f 1470 180 1186
f 1470 172 180
f 735 738 740
f 825 828 824
f 1665 218 216
f 93 94 99
f 1192 1191 1342
f 1667 1665 216
f 1185 1189 1187
f 224 222 1403
f 2200 175 2230
f 2230 175 176
f 215 222 214
f 990 994 993
f 1185 528 1186
f 643 857 1807
f 153 154 99
f 1087 2200 1086
f 213 218 215
f 992 1750 738
f 1870 474 1872
f 224 1403 1401
f 825 829 828
f 1870 1868 473
f 1189 1192 1187
f 641 860 857
f 172 1471 176
f 1868 994 995
f 990 993 992
f 203 1063 859
f 150 1087 1086
f 742 1667 1059
f 1806 1807 829
f 1401 1063 204
f 735 742 743
f 647 859 860
f 214 222 224
f 213 215 214
f 213 216 218
f 643 1807 1806
f 1470 1471 172
f 1470 1186 528
f 1185 1187 528
f 643 641 857
f 1870 473 474
f 990 995 994
f 1342 1872 468
f 1868 995 473
f 149 152 154
f 203 204 1063
f 743 742 1059
f 203 859 647
f 149 150 152
f 468 1872 474
f 647 860 641
f 733 738 735
f 224 1401 205
f 1667 216 1979
f 205 1401 204
f 1192 1342 983
f 93 100 92
f 1192 983 1187
f 2230 176 1524
f 1667 1979 1059
f 739 992 738
f 825 827 829
f 1471 1524 176
f 1086 2200 2217
f 735 743 734
f 1806 829 640
f 2217 2200 2230
f 93 99 98
f 154 158 99
f 213 217 216
f 643 1806 640
f 213 214 219
f 990 992 991
f 214 224 223
f 733 735 734
f 150 1086 1088
f 733 739 738
f 990 996 995
f 640 829 827
f 528 1187 531
f 199 204 203
f 152 158 154
f 636 641 643
f 1470 1472 1471
f 224 205 1402
f 825 826 827
f 213 219 217
f 1342 468 982
f 467 474 473
f 199 205 204
f 1470 528 529
f 991 992 739
f 637 647 641
f 214 223 219
f 983 1342 982
f 99 158 98
f 983 531 1187
f 1058 743 1059
f 1743 1979 216
f 472 473 995
f 93 98 100
f 198 203 647
f 224 1402 223
f 217 1743 216
f 990 991 996
f 1086 2217 1088
f 467 468 474
f 636 643 640
f 1058 734 743
f 1472 1524 1471
f 2230 1524 1526
f 152 150 157
f 1059 1979 1062
f 2217 2230 1526
f 472 995 996
f 199 203 198
f 636 637 641
f 150 1088 157
f 1470 529 1472
f 733 734 737
f 637 198 647
f 527 528 531
f 467 473 472
f 1058 1059 1062
f 1676 217 219
f 527 529 528
f 733 736 739
f 102 827 826
f 1402 205 200
f 199 200 205
f 640 827 105
f 1058 737 734
f 1672 219 223
f 983 984 531
f 1676 1743 217
f 1743 1744 1979
f 152 156 158
f 981 983 982
f 223 1402 1675
f 469 982 468
f 1979 1744 1062
f 636 640 639
f 467 469 468
f 733 737 736
f 991 739 1182
f 991 939 996
f 981 984 983
f 1088 2217 1776
f 1672 1676 219
f 105 827 102
f 1472 1522 1524
f 1452 98 158
f 1522 1526 1524
f 1457 100 98
f 196 199 198
f 1672 223 1675
f 152 157 156
f 640 105 639
f 636 638 637
f 472 996 939
f 1402 200 1675
f 1182 739 736
f 196 200 199
f 2217 1526 1775
f 527 531 532
f 637 644 198
f 157 1088 1776
f 532 531 984
f 467 472 471
f 636 639 642
f 1058 1062 1061
f 1677 1743 1676
f 1058 1060 737
f 991 1182 939
f 1677 1744 1743
f 1452 158 156
f 636 642 638
f 1472 529 534
f 1452 1457 98
f 981 982 986
f 527 530 529
f 638 644 637
f 2217 1775 1776
f 1740 1062 1744
f 986 982 469
f 737 2004 736
f 101 105 102
f 981 985 984
f 467 470 469
f 1672 1673 1676
f 196 198 197
f 1058 1061 1060
f 1672 1675 1674
f 1522 1527 1526
f 198 644 197
f 639 105 108
f 467 471 470
f 1740 1061 1062
f 1472 1523 1522
f 472 939 940
f 527 532 530
f 532 984 985
f 1457 1181 100
f 1675 200 2224
f 196 202 200
f 1527 1775 1526
f 1182 736 1184
f 737 1060 2004
f 1018 642 639
f 1677 1740 1744
f 472 940 471
f 530 534 529
f 1673 1677 1676
f 981 986 985
f 638 642 646
f 1472 534 1523
f 1456 156 157
f 1672 1674 1673
f 2004 1184 736
f 1018 639 108
f 101 103 105
f 103 108 105
f 1674 1675 2224
f 2224 200 202
f 1773 157 1776
f 1018 646 642
f 638 645 644
f 1182 938 939
f 986 469 1662
f 196 197 201
f 1662 469 470
f 196 201 202
f 532 985 2215
f 638 646 645
f 1453 1457 1452
f 1451 1452 156
f 1060 1061 2184
f 1522 1525 1527
f 530 532 533
f 644 676 197
f 1182 1184 1183
f 1773 1456 157
f 1740 1741 1061
f 937 940 939
f 1523 1525 1522
f 1772 1776 1775
f 471 1663 470
f 986 1815 985
f 1018 108 106
f 533 532 2215
f 1673 1678 1677
f 1739 1740 1677
f 1527 1774 1775
f 471 940 1663
f 644 645 676
f 530 535 534
f 2004 1060 1820
f 1018 1019 646
f 937 939 938
f 101 104 103
f 1453 1181 1457
f 1182 1183 938
f 103 106 108
f 1451 156 1456
f 1821 1184 2004
f 1673 1674 1117
f 1741 2184 1061
f 201 197 677
f 1815 2215 985
f 646 1019 645
f 2224 202 1858
f 1674 2224 1117
f 677 197 676
f 1060 2184 1820
f 1523 534 1497
f 201 1858 202
f 1772 1773 1776
f 1451 1453 1452
f 1018 106 1019
f 986 1662 1660
f 1527 1525 1774
f 1739 1741 1740
f 530 533 536
f 1821 1183 1184
f 1659 1662 470
f 1739 1677 1678
f 986 1660 1815
f 1772 1775 1774
f 1821 2004 1820
f 1497 534 535
f 103 107 106
f 530 536 535
f 1673 1117 1678
f 103 104 107
f 1659 470 1663
f 937 793 940
f 2205 533 2215
f 675 676 645
f 1523 1498 1525
f 793 1663 940
f 391 201 677
f 2183 2184 1741
f 1116 2224 1858
f 2205 2215 1815
f 1019 1934 645
f 390 677 676
f 391 1858 201
f 1183 2106 938
f 1116 1117 2224
f 937 938 797
f 2183 1820 2184
f 1523 1497 1498
f 1773 1431 1456
f 1657 1660 1662
f 1918 1019 106
f 107 2037 106
f 2205 536 533
f 1657 1662 1659
f 1451 1456 1431
f 1646 107 104
f 1821 1817 1183
f 675 645 1934
f 390 676 675
f 1739 1742 1741
f 390 391 677
f 1678 1117 1745
f 938 2106 797
f 1496 535 536
f 1497 535 1496
f 1774 1525 1615
f 2037 1918 106
f 1742 2183 1741
f 1660 2105 1815
f 1739 1678 458
f 937 797 793
f 1918 1934 1019
f 1817 2106 1183
f 1772 1432 1773
f 1816 1821 1820
f 1451 1454 1453
f 1646 2037 107
f 1772 1774 1616
f 1659 1663 794
f 2205 1815 2105
f 1498 1615 1525
f 391 1857 1858
f 1116 1858 1857
f 1678 1745 458
f 794 1663 793
f 1115 1117 1116
f 2183 1819 1820
f 1432 1431 1773
f 1745 1117 1118
f 1657 1661 1660
f 387 391 390
f 1816 1817 1821
f 1657 1659 1658
f 2203 536 2205
f 390 675 386
f 1739 459 1742
f 1774 1615 1616
f 1453 1454 1180
f 1115 1118 1117
f 1489 1498 1497
f 1739 458 459
f 1660 1661 2105
f 2203 1496 536
f 526 675 1934
f 2037 1916 1918
f 1646 1916 2037
f 1816 1820 1819
f 1451 1431 1455
f 1489 1497 1496
f 1742 2060 2183
f 1918 1919 1934
f 1659 794 1658
f 387 390 386
f 387 384 391
f 391 384 1857
f 796 797 2106
f 1451 1455 1454
f 1772 1616 1617
f 1657 1658 1661
f 787 793 797
f 1116 1857 1114
f 1817 796 2106
f 1115 1116 1114
f 1772 1617 1432
f 526 386 675
f 2060 1819 2183
f 458 1745 454
f 454 1745 1118
f 526 1934 1919
f 2205 2105 2204
f 1499 1615 1498
f 1646 1644 1916
f 1479 1817 1816
f 1917 1918 1916
f 1742 459 2059
f 2203 2205 2204
f 120 1644 1646
f 788 794 793
f 1742 2059 2060
f 1917 1919 1918
f 1489 1499 1498
f 1115 460 1118
f 787 797 796
f 383 387 386
f 383 384 387
f 1479 796 1817
f 2203 1492 1496
f 788 793 787
f 1424 1431 1432
f 2105 1661 413
f 454 1118 460
f 384 385 1857
f 452 459 458
f 1489 1496 1492
f 1612 1616 1615
f 1111 1115 1114
f 452 458 454
f 1816 1819 1818
f 1114 1857 1113
f 1658 794 70
f 1455 1431 1430
f 1658 68 1661
f 526 1919 525
f 1645 1916 1644
f 1111 460 1115
f 1479 1816 1481
f 1645 1917 1916
f 389 386 526
f 2105 413 2204
f 1612 1617 1616
f 383 385 384
f 2060 2045 1819
f 2057 2060 2059
f 1432 1617 1428
f 1424 1430 1431
f 385 1113 1857
f 1917 1302 1919
f 457 2059 459
f 1455 1501 1454
f 788 795 794
f 383 386 389
f 1816 1818 1481
f 1111 1114 1113
f 68 413 1661
f 1499 1613 1615
f 525 1919 1302
f 2203 2204 2138
f 1658 70 68
f 794 795 70
f 1424 1432 1428
f 2203 2138 1492
f 453 454 460
f 1489 1490 1499
f 389 526 525
f 1818 1819 2045
f 452 457 459
f 1476 796 1479
f 2057 2045 2060
f 1641 1645 1644
f 452 454 453
f 787 796 792
f 457 2057 2059
f 1612 1615 1613
f 1476 1479 1481
f 786 788 787
f 1645 1303 1917
f 1501 1503 1454
f 1917 1303 1302
f 1111 462 460
f 383 388 385
f 1488 1489 1492
f 1455 1430 1433
f 1111 1113 1112
f 1455 1433 1501
f 1499 1490 1613
f 383 389 388
f 453 460 462
f 1488 1490 1489
f 2204 413 415
f 519 525 1302
f 1203 1113 385
f 786 787 792
f 1641 1643 1645
f 788 789 795
f 1476 1477 796
f 2138 2204 2137
f 1612 1427 1617
f 1427 1428 1617
f 389 525 519
f 1477 792 796
f 2138 1491 1492
f 1481 1818 1480
f 65 68 70
f 2058 2045 2057
f 457 2058 2057
f 1645 1643 1303
f 1111 1112 462
f 452 453 455
f 1424 1425 1430
f 786 789 788
f 388 1203 385
f 519 1302 1303
f 795 67 70
f 1476 1481 1480
f 2041 1818 2045
f 69 413 68
f 452 456 457
f 2137 2204 415
f 1638 1112 1113
f 1423 1424 1428
f 1488 1492 1491
f 1203 1638 1113
f 1425 1433 1430
f 1641 1642 1643
f 518 388 389
f 453 462 461
f 65 70 67
f 452 455 456
f 1480 1818 2041
f 795 789 67
f 69 415 413
f 453 461 455
f 65 69 68
f 457 1287 2058
f 1548 2138 2137
f 1548 1491 2138
f 1609 1612 1613
f 786 792 791
f 1493 1613 1490
f 1383 462 1112
f 2058 2044 2045
f 1423 1425 1424
f 1501 1502 1503
f 2142 1303 1643
f 517 389 519
f 1433 1502 1501
f 1423 1428 1427
f 1476 1478 1477
f 1477 2179 792
f 1488 1493 1490
f 2041 2045 2044
f 457 456 1287
f 388 1202 1203
f 519 1303 1301
f 1476 1480 1478
f 1638 1382 1112
f 1609 1427 1612
f 517 518 389
f 792 2179 791
f 726 1638 1203
f 1642 2142 1643
f 1383 1112 1382
f 786 790 789
f 518 524 388
f 388 524 1202
f 461 462 1020
f 2142 1301 1303
f 1383 1020 462
f 1488 1491 1495
f 2137 415 2034
f 786 791 790
f 726 1382 1638
f 789 1711 67
f 461 1021 455
f 1480 2041 2042
f 456 455 1021
f 725 1203 1202
f 1495 1491 1548
f 1548 2137 2034
f 65 67 66
f 2058 1287 1288
f 523 519 1301
f 725 726 1203
f 517 519 523
f 1425 1434 1433
f 1477 2178 2179
f 2058 1288 2044
f 1493 1614 1613
f 65 66 69
f 1478 2178 1477
f 69 414 415
f 1609 1613 1614
f 790 1711 789
f 1381 1383 1382
f 1480 1622 1478
f 1433 1434 1502
f 2041 2044 2043
f 1642 706 2142
f 1285 1287 456
f 2179 2185 791
f 414 2034 415
f 524 1204 1202
f 518 520 524
f 1381 1020 1383
f 461 1020 1022
f 1480 2042 1622
f 517 520 518
f 727 1382 726
f 2041 2043 2042
f 461 1022 1021
f 1488 1494 1493
f 725 1202 1204
f 1423 1427 1426
f 791 2185 790
f 1711 72 67
f 1423 1429 1425
f 1286 456 1021
f 2142 1653 1301
f 1285 1288 1287
f 1495 1548 1549
f 1488 1495 1494
f 2179 2178 2185
f 1549 1548 2034
f 724 726 725
f 66 67 72
f 523 1301 1300
f 1381 1382 727
f 524 520 1204
f 1609 1610 1427
f 1285 456 1286
f 517 523 522
f 724 727 726
f 2044 1288 1159
f 706 1653 2142
f 1478 1623 2178
f 1493 1913 1614
f 69 7 414
f 2043 2044 1159
f 66 6 69
f 1300 1301 1653
f 1478 1622 1623
f 1425 1429 1434
f 1381 245 1020
f 1710 1711 790
f 245 1022 1020
f 523 1300 522
f 725 1204 729
f 517 521 520
f 1493 1494 1913
f 1621 2042 2043
f 1621 1622 2042
f 724 725 729
f 1315 2034 414
f 1427 1610 1426
f 246 1021 1022
f 517 522 521
f 1423 1426 1429
f 520 2216 1204
f 1710 72 1711
f 6 7 69
f 1381 727 731
f 1286 1021 246
f 364 1502 1434
f 1285 655 1288
f 2185 211 790
f 1549 2034 1552
f 724 728 727
f 2195 2185 2178
f 1609 1614 1611
f 1495 1549 1547
f 729 1204 2216
f 66 72 71
f 655 1159 1288
f 1381 731 245
f 1315 414 7
f 245 246 1022
f 1623 2195 2178
f 724 729 728
f 707 1653 706
f 1495 1547 1494
f 1710 790 211
f 1651 522 1300
f 1651 1300 1653
f 1315 1552 2034
f 1158 2043 1159
f 66 71 6
f 1911 1614 1913
f 728 731 727
f 1619 1623 1622
f 1285 1286 654
f 705 707 706
f 1621 2043 1158
f 1619 1622 1621
f 1609 1611 1610
f 520 1177 2216
f 521 1177 520
f 1911 1913 1494
f 521 522 1553
f 2195 211 2185
f 1547 1549 1552
f 1710 1712 72
f 1285 654 655
f 1286 246 654
f 1651 1553 522
f 1178 729 2216
f 1429 363 1434
f 1911 1611 1614
f 71 72 1712
f 1651 1653 874
f 731 250 245
f 707 874 1653
f 728 729 730
f 649 1159 655
f 1 7 6
f 364 1434 363
f 649 1158 1159
f 4 1315 7
f 1426 1610 2023
f 1178 2216 1177
f 1623 1625 2195
f 1620 1621 1158
f 1619 1625 1623
f 1619 1621 1620
f 728 732 731
f 244 246 245
f 1429 1426 2022
f 6 71 5
f 730 729 1178
f 1315 1316 1552
f 521 1553 1179
f 521 1179 1177
f 1710 211 209
f 1547 1550 1494
f 1710 209 1712
f 244 245 250
f 731 732 250
f 1911 1494 1912
f 1651 1654 1553
f 1 4 7
f 1 6 5
f 728 730 732
f 1547 1552 1551
f 654 246 249
f 4 1316 1315
f 2195 212 211
f 1651 874 1652
f 2022 1426 2023
f 2196 1610 1611
f 10 71 1712
f 648 655 654
f 1912 1494 1550
f 649 1155 1158
f 1155 1620 1158
f 771 874 707
f 1173 1178 1177
f 1651 1652 1654
f 1654 1179 1553
f 5 71 10
f 244 249 246
f 1429 2021 363
f 648 649 655
f 2196 2023 1610
f 1619 1620 1624
f 2195 1625 2152
f 1619 1624 1625
f 1316 1551 1552
f 1429 2022 2021
f 730 1178 1176
f 771 707 770
f 1173 1177 1179
f 206 209 211
f 2195 2152 212
f 1911 1780 1611
f 1652 874 875
f 250 732 251
f 206 211 212
f 360 364 363
f 1547 1474 1550
f 244 250 251
f 771 875 874
f 1445 1712 209
f 1173 1176 1178
f 1547 1551 1474
f 732 730 1174
f 4 13 1316
f 1 2 4
f 10 1712 1445
f 654 249 653
f 1 5 3
f 1155 1978 1620
f 1911 1912 1780
f 650 1155 649
f 1652 540 1654
f 648 654 653
f 730 1176 1174
f 1620 1978 1624
f 541 1179 1654
f 1652 875 1539
f 648 650 649
f 2196 1611 1781
f 3 5 10
f 2077 2152 1625
f 2077 1625 1624
f 244 247 249
f 732 2187 251
f 1173 1179 865
f 2 13 4
f 1652 1539 540
f 1316 382 1551
f 771 876 875
f 732 1174 2187
f 2022 2023 1487
f 206 210 209
f 1 3 2
f 1475 1912 1550
f 1780 1781 1611
f 540 541 1654
f 244 251 248
f 1445 209 210
f 876 1539 875
f 1487 2023 2196
f 541 865 1179
f 1316 13 382
f 206 212 208
f 1172 1176 1173
f 1768 212 2152
f 1474 1475 1550
f 1155 1156 1978
f 650 1156 1155
f 2021 361 363
f 244 248 247
f 1172 1174 1176
f 249 2163 653
f 2022 1209 2021
f 249 247 2163
f 360 363 361
f 1624 1978 1408
f 1474 1551 1473
f 539 540 1539
f 11 10 1445
f 771 772 876
f 768 772 771
f 2077 1768 2152
f 208 212 1768
f 539 1539 876
f 2077 1624 1408
f 3 10 11
f 1173 865 864
f 2187 2202 251
f 648 651 650
f 206 208 207
f 206 207 210
f 648 653 652
f 1473 1551 382
f 1172 1173 864
f 2 12 13
f 537 541 540
f 1782 1780 1912
f 2202 248 251
f 1174 2188 2187
f 1475 1782 1912
f 2022 1487 1209
f 537 540 539
f 1486 2196 1781
f 1440 1445 210
f 12 382 13
f 650 1157 1156
f 862 865 541
f 1978 1156 1409
f 648 652 651
f 1172 1175 1174
f 539 876 546
f 1486 1487 2196
f 3 8 2
f 2021 1209 361
f 11 1445 1440
f 876 772 546
f 2187 2188 2202
f 1447 1475 1474
f 1978 1409 1408
f 2180 247 248
f 2180 2163 247
f 2012 653 2163
f 537 542 541
f 650 651 1157
f 1174 1175 2188
f 862 864 865
f 1447 1474 1473
f 2076 1768 2077
f 1767 208 1768
f 1767 207 208
f 2077 1408 903
f 862 541 542
f 2 8 12
f 652 653 2012
f 1213 1781 1780
f 537 539 538
f 3 11 9
f 1157 1409 1156
f 1442 210 207
f 538 539 546
f 1473 382 1777
f 2202 2182 248
f 1172 864 866
f 1440 210 1442
f 2076 2077 903
f 12 380 382
f 3 9 8
f 2180 2012 2163
f 1475 1448 1782
f 1172 866 1175
f 819 546 772
f 2180 248 2182
f 537 543 542
f 1213 1486 1781
f 1216 1780 1782
f 769 819 772
f 1447 1448 1475
f 537 538 543
f 2202 2188 1721
f 380 1777 382
f 902 1408 1409
f 1442 207 1767
f 862 342 864
f 652 1929 651
f 1439 11 1440
f 2188 1175 2232
f 902 903 1408
f 862 542 863
f 1767 1768 1769
f 1034 1157 651
f 538 546 545
f 2076 1769 1768
f 342 866 864
f 1209 1487 1208
f 2202 1721 2182
f 652 2012 1930
f 1213 1780 1216
f 1447 1473 752
f 543 863 542
f 12 8 381
f 1473 1777 752
f 545 546 819
f 1157 1037 1409
f 1485 1487 1486
f 12 381 380
f 1721 2188 2232
f 11 1443 9
f 1439 1440 1442
f 1034 651 1929
f 652 1930 1929
f 1206 361 1209
f 866 482 1175
f 538 544 543
f 862 863 344
f 1175 482 2232
f 904 2076 903
f 538 545 544
f 862 344 342
f 1034 1037 1157
f 1439 1443 11
f 1448 1449 1782
f 2180 1268 2012
f 1442 1767 1766
f 900 903 902
f 2180 2182 2181
f 902 1409 1385
f 2167 8 9
f 1213 1214 1486
f 1446 1448 1447
f 1216 1782 1449
f 1767 1769 1766
f 380 751 1777
f 543 997 863
f 1485 1208 1487
f 904 1769 2076
f 342 343 866
f 1037 1385 1409
f 2012 1269 1930
f 900 904 903
f 545 819 818
f 751 752 1777
f 1721 1722 2182
f 543 544 997
f 754 1447 752
f 1485 1486 1214
f 866 484 482
f 1206 1209 1208
f 2180 2181 1268
f 819 1030 822
f 344 863 997
f 1721 2232 483
f 2167 9 1443
f 545 818 544
f 380 381 1883
f 2166 381 8
f 900 902 901
f 2012 1268 1269
f 866 343 484
f 1439 1442 1441
f 1927 1929 1930
f 483 2232 482
f 1446 1449 1448
f 2181 2182 1722
f 1033 1034 1929
f 1446 1447 754
f 341 342 344
f 818 819 822
f 902 1385 901
f 1032 1037 1034
f 341 343 342
f 380 1883 751
f 1206 362 361
f 2166 8 2167
f 1927 1930 1269
f 1442 1766 621
f 1720 1722 1721
f 1215 1213 1216
f 1720 1721 483
f 900 905 904
f 904 430 1769
f 1927 1033 1929
f 823 997 544
f 1439 1444 1443
f 1035 1385 1037
f 1210 1214 1213
f 900 901 905
f 476 482 484
f 818 823 544
f 1032 1034 1033
f 2166 1883 381
f 344 997 345
f 1442 621 1441
f 1766 1769 429
f 476 483 482
f 1032 1035 1037
f 746 752 751
f 341 344 345
f 1439 1441 1444
f 346 484 343
f 1216 1449 1218
f 746 754 752
f 2167 1443 2171
f 906 901 1385
f 2181 1722 2221
f 818 822 821
f 341 346 343
f 1268 2181 1267
f 1210 1213 1215
f 429 1769 430
f 1262 1269 1268
f 1927 1269 1265
f 1211 1485 1214
f 905 427 904
f 905 901 906
f 1446 1450 1449
f 476 484 346
f 427 430 904
f 1443 1444 2171
f 823 1876 997
f 1720 483 1724
f 1446 754 747
f 751 1883 753
f 1720 1723 1722
f 1766 429 621
f 1876 345 997
f 1206 1208 1207
f 599 1208 1485
f 1215 1216 1218
f 818 820 823
f 1035 1384 1385
f 2181 2221 1267
f 476 477 483
f 1723 2221 1722
f 1210 1211 1214
f 818 821 820
f 1032 1033 1038
f 1927 1928 1033
f 906 1385 1384
f 1262 1265 1269
f 2166 2169 1883
f 1032 1036 1035
f 1262 1268 1267
f 341 345 347
f 746 751 753
f 2166 2167 2168
f 1449 1450 1218
f 477 1724 483
f 341 347 346
f 746 747 754
f 1720 1724 1723
f 905 906 436
f 621 1831 1441
f 1446 747 1450
f 2167 2171 2168
f 1441 1831 1444
f 1927 1265 1928
f 905 436 427
f 1875 1876 823
f 753 1883 2169
f 599 1485 1211
f 1875 823 820
f 1032 1038 1036
f 1035 1036 1384
f 475 476 346
f 599 1207 1208
f 1928 1038 1033
f 424 429 430
f 424 430 427
f 2017 1267 2221
f 1723 2017 2221
f 475 477 476
f 1876 1879 345
f 2186 2171 1444
f 1262 1266 1265
f 1879 347 345
f 820 821 817
f 816 817 821
f 906 435 436
f 906 1384 435
f 617 621 429
f 1723 1724 2018
f 2166 2170 2169
f 621 619 1831
f 1265 1266 1928
f 1210 1215 1212
f 477 2018 1724
f 1205 1206 1207
f 346 347 480
f 1875 1877 1876
f 1875 820 1878
f 1262 1267 1264
f 2166 2168 2170
f 426 427 436
f 1210 1212 1211
f 2168 2171 2186
f 475 346 480
f 1215 1218 1217
f 1036 2206 1384
f 1832 1444 1831
f 1876 1877 1879
f 1036 1038 688
f 746 753 745
f 744 747 746
f 424 427 426
f 617 619 621
f 1271 1267 2017
f 424 428 429
f 1875 1878 1877
f 1737 1218 1450
f 2015 2017 1723
f 475 478 477
f 753 2169 756
f 1262 1263 1266
f 747 748 1450
f 2186 1444 1832
f 478 2018 477
f 820 2087 1878
f 1928 687 1038
f 820 817 2087
f 426 436 435
f 2015 1723 2018
f 1036 688 2206
f 617 429 428
f 1264 1267 1271
f 1262 1264 1263
f 1879 1334 347
f 1928 1266 1272
f 347 1334 480
f 1384 682 435
f 1215 1217 1212
f 1038 687 688
f 2206 682 1384
f 2170 756 2169
f 599 602 1207
f 620 1831 619
f 744 746 745
f 599 1211 598
f 2015 1271 2017
f 1877 1878 2144
f 1737 1217 1218
f 745 753 756
f 744 748 747
f 1737 1450 748
f 1263 1272 1266
f 1877 2145 1879
f 620 1832 1831
f 1878 2087 2144
f 475 480 479
f 475 481 478
f 2175 2168 2186
f 1928 1931 687
f 1205 1207 602
f 1928 1272 1931
f 1211 1212 598
f 424 426 425
f 617 620 619
f 1511 2018 478
f 424 425 428
f 688 681 2206
f 817 1965 2087
f 2015 2018 2016
f 1877 2144 2145
f 426 435 434
f 2174 2170 2168
f 1264 1271 1270
f 1330 480 1334
f 475 479 481
f 681 682 2206
f 1879 1333 1334
f 817 815 1965
f 1264 123 1263
f 1511 2016 2018
f 434 435 682
f 2186 1832 633
f 1511 478 481
f 680 688 687
f 1330 479 480
f 1879 2145 1333
f 2144 2087 1966
f 2174 2168 2175
f 2015 1222 1271
f 680 681 688
f 617 428 431
f 1263 124 1272
f 1264 1270 123
f 1966 2087 1965
f 2175 2186 633
f 1880 756 2170
f 596 602 599
f 1329 1330 1334
f 617 618 620
f 1271 1222 1270
f 2015 2016 1221
f 596 599 598
f 1263 123 124
f 2144 2146 2145
f 425 426 433
f 1329 1334 1333
f 620 632 1832
f 425 431 428
f 1931 686 687
f 426 434 433
f 745 756 755
f 1982 1931 1272
f 1735 1217 1737
f 678 682 681
f 744 749 748
f 2144 1966 2146
f 744 745 750
f 2015 1221 1222
f 2174 1880 2170
f 1965 815 1618
f 680 687 686
f 1511 1510 2016
f 1212 1217 1277
f 1508 1511 481
f 481 479 1509
f 1737 748 1736
f 632 633 1832
f 617 431 618
f 678 681 680
f 1982 1272 124
f 1964 1966 1965
f 1274 598 1212
f 683 434 682
f 1335 479 1330
f 2165 1333 2145
f 1329 1331 1330
f 123 1270 122
f 1221 2016 1510
f 2165 2145 2146
f 1964 1965 1618
f 1205 602 600
f 1982 686 1931
f 755 756 1880
f 1508 1510 1511
f 678 683 682
f 1329 1333 1332
f 122 1270 1222
f 1508 481 1509
f 1335 1509 479
f 745 755 750
f 744 750 749
f 1331 1335 1330
f 121 124 123
f 618 624 620
f 1329 1332 1331
f 1735 1737 1736
f 1966 1967 2146
f 1736 748 749
f 1735 1277 1217
f 620 624 632
f 2174 2175 630
f 1964 1967 1966
f 2175 633 630
f 425 433 432
f 425 432 431
f 1274 1212 1277
f 433 434 1790
f 121 123 122
f 678 680 679
f 1219 1222 1221
f 679 680 686
f 683 1790 434
f 1982 124 126
f 1964 1618 352
f 596 600 602
f 1332 1333 2107
f 2165 2107 1333
f 884 1221 1510
f 2165 2146 2072
f 121 126 124
f 122 1222 1220
f 1982 1922 686
f 1508 883 1510
f 629 633 632
f 1331 1332 1336
f 1967 2072 2146
f 1964 352 1967
f 1331 1336 1335
f 2174 785 1880
f 1219 1221 884
f 1335 1555 1509
f 1508 1509 885
f 596 598 597
f 431 622 618
f 1219 1220 1222
f 678 684 683
f 350 352 1618
f 597 598 1274
f 884 1510 883
f 1981 1982 126
f 629 630 633
f 678 679 684
f 1981 1922 1982
f 1785 433 1790
f 1332 2107 1336
f 121 122 125
f 1785 432 433
f 2165 2072 2070
f 2174 630 785
f 618 622 624
f 750 1341 749
f 632 624 635
f 431 432 623
f 1508 885 883
f 2165 2070 2107
f 1509 1555 885
f 679 686 685
f 755 1387 750
f 755 1880 1881
f 1736 749 1340
f 685 686 1922
f 122 1220 125
f 1810 1790 683
f 1335 1336 1556
f 352 353 1967
f 1335 1556 1555
f 629 632 635
f 121 127 126
f 1735 1736 1738
f 2069 2072 1967
f 348 352 350
f 431 623 622
f 1735 1738 1277
f 1810 683 684
f 749 1341 1340
f 121 125 127
f 1274 1277 1273
f 880 884 883
f 2069 1967 353
f 1219 884 882
f 2107 2226 1336
f 348 353 352
f 1981 126 1695
f 785 1881 1880
f 2068 2070 2072
f 1219 882 1220
f 596 601 600
f 1981 1856 1922
f 1785 1790 1791
f 2070 2071 2107
f 755 1881 1387
f 679 53 684
f 1810 1791 1790
f 1339 1341 750
f 127 1695 126
f 2068 2072 2069
f 881 883 885
f 1555 1980 885
f 596 597 601
f 1339 750 1387
f 685 1922 1856
f 1764 635 624
f 1556 1336 2219
f 597 1274 1273
f 679 685 53
f 1556 1980 1555
f 1764 624 622
f 880 882 884
f 2219 1336 2226
f 1783 432 1785
f 880 883 881
f 1981 1695 1856
f 1220 2189 125
f 2107 2172 2226
f 1783 623 432
f 2068 2071 2070
f 629 631 630
f 1736 1340 604
f 2071 2172 2107
f 348 351 353
f 2069 353 2073
f 882 2189 1220
f 781 785 630
f 629 635 634
f 127 125 671
f 1785 1791 1784
f 1736 604 1738
f 1810 684 50
f 1337 1340 1341
f 348 349 351
f 622 623 1788
f 886 885 1980
f 881 885 886
f 2073 353 351
f 2068 2069 1895
f 2219 2226 2225
f 127 668 1695
f 1556 2219 2040
f 1556 2040 1980
f 50 684 53
f 2189 671 125
f 2225 2226 2172
f 1810 1012 1791
f 2068 1894 2071
f 1783 1785 1784
f 1337 1341 1339
f 1655 685 1856
f 880 703 882
f 880 881 703
f 801 1277 1738
f 1895 2069 2073
f 634 635 1764
f 1695 1656 1856
f 1273 1277 801
f 685 52 53
f 781 630 631
f 629 634 631
f 1783 1788 623
f 127 671 668
f 2068 1895 1894
f 1784 1791 1012
f 1387 1881 1386
f 1337 604 1340
f 785 782 1881
f 1339 1387 1386
f 1810 50 1012
f 84 2172 2071
f 1655 52 685
f 1695 668 1656
f 2225 2172 89
f 1764 622 1763
f 90 2219 2225
f 1655 1856 1656
f 84 2071 1894
f 90 2040 2219
f 1972 2073 351
f 1537 2189 882
f 881 886 702
f 1763 622 1788
f 597 1273 1276
f 881 702 703
f 886 1980 1837
f 781 782 785
f 1837 1980 2040
f 1895 2073 1972
f 84 89 2172
f 597 1275 601
f 703 699 882
f 90 2225 89
f 2189 670 671
f 47 50 53
f 47 53 52
f 1783 1784 1787
f 1892 1894 1895
f 354 1972 351
f 1784 1012 1787
f 1337 1339 1338
f 1761 634 1764
f 665 668 671
f 1892 84 1894
f 699 1537 882
f 605 1738 604
f 1537 670 2189
f 1339 1386 1338
f 85 90 89
f 1783 1789 1788
f 634 1765 631
f 1656 668 666
f 90 1669 2040
f 1337 606 604
f 886 1839 702
f 85 89 84
f 1007 1012 50
f 1273 801 1276
f 1895 1972 1893
f 698 703 702
f 1892 1895 1893
f 886 1837 1839
f 665 671 670
f 1386 1881 1004
f 1761 1764 1763
f 1837 2040 1669
f 1314 1655 1656
f 49 52 1655
f 597 1276 1275
f 781 631 784
f 605 801 1738
f 1881 782 1004
f 698 699 703
f 1783 1787 1786
f 1012 1011 1787
f 665 666 668
f 47 52 49
f 1763 1788 1789
f 1337 1338 606
f 354 1680 1972
f 1761 1762 634
f 47 51 50
f 1892 44 84
f 634 1762 1765
f 85 86 90
f 1007 1011 1012
f 1314 1656 666
f 1783 1786 1789
f 1765 784 631
f 86 1669 90
f 1839 701 702
f 698 702 701
f 51 1007 50
f 1314 49 1655
f 83 85 84
f 781 783 782
f 1839 1837 1838
f 1892 1893 44
f 2136 1893 1972
f 674 670 1537
f 1014 1537 699
f 1670 1837 1669
f 603 604 606
f 1680 2136 1972
f 665 670 669
f 83 84 44
f 781 784 783
f 1670 1838 1837
f 603 605 604
f 698 700 699
f 83 86 85
f 47 49 48
f 1011 2062 1787
f 1836 1839 1838
f 47 48 51
f 1786 1787 2062
f 665 667 666
f 674 1537 1014
f 1338 1386 1388
f 698 701 704
f 1007 1010 1011
f 669 670 674
f 1839 1840 701
f 1014 699 700
f 1761 1763 1358
f 1761 1360 1762
f 44 1893 39
f 1763 1789 1833
f 417 1669 86
f 39 1893 2136
f 1765 1762 1360
f 1670 1836 1838
f 1310 1314 666
f 1386 1004 1388
f 1276 801 798
f 665 669 667
f 1836 1840 1839
f 698 704 700
f 417 1670 1669
f 1006 1007 51
f 1000 1004 782
f 1338 486 606
f 83 87 86
f 1011 1010 2062
f 1305 49 1314
f 1682 2136 1680
f 1786 2061 1789
f 701 1840 704
f 1765 1597 784
f 1000 782 783
f 83 44 45
f 1006 1010 1007
f 1310 666 667
f 1763 1833 1358
f 417 86 87
f 1679 1682 1680
f 592 801 605
f 48 49 54
f 1761 1358 1360
f 1786 2062 2061
f 1670 1671 1836
f 40 44 39
f 603 606 486
f 1275 1276 799
f 1765 1360 1597
f 669 674 673
f 39 2136 41
f 48 55 51
f 1305 1314 1310
f 1836 1671 1840
f 40 45 44
f 1596 783 784
f 1013 674 1014
f 1338 1388 486
f 1682 41 2136
f 811 1014 700
f 83 88 87
f 1305 54 49
f 83 45 88
f 810 700 704
f 2063 1833 1789
f 1006 51 55
f 669 672 667
f 603 607 605
f 1010 1008 2062
f 417 423 1670
f 1840 813 704
f 592 798 801
f 2061 2063 1789
f 1596 784 1597
f 1006 1008 1010
f 423 1671 1670
f 416 417 87
f 1013 673 674
f 38 40 39
f 669 673 672
f 48 54 55
f 38 39 41
f 799 1276 798
f 810 811 700
f 1013 1014 811
f 1388 1004 1005
f 1310 667 1309
f 810 704 813
f 416 87 88
f 1000 1005 1004
f 2084 1840 1671
f 1842 41 1682
f 1000 783 1001
f 40 46 45
f 2061 2062 2064
f 2084 813 1840
f 1596 1001 783
f 46 88 45
f 592 605 607
f 1309 667 672
f 603 486 487
f 1842 1682 1681
f 2062 1008 2064
f 1357 1360 1358
f 339 1358 1833
f 1304 1305 1310
f 416 418 417
f 1305 1311 54
f 418 423 417
f 38 41 43
f 603 487 607
f 1359 1597 1360
f 38 42 40
f 1842 1844 41
f 1006 55 1009
f 2063 339 1833
f 1006 1009 1008
f 423 977 1671
f 416 88 419
f 1304 1310 1309
f 40 42 46
f 810 813 814
f 43 41 1844
f 1013 1015 673
f 673 1015 672
f 2084 1671 977
f 46 2124 88
f 1313 55 54
f 810 812 811
f 1013 811 1017
f 38 43 42
f 1357 1359 1360
f 1842 1681 1843
f 2061 2003 2063
f 1306 1311 1305
f 2124 419 88
f 416 419 418
f 1770 813 2084
f 1311 1313 54
f 1595 1596 1597
f 1842 1843 1844
f 486 1388 489
f 1000 1001 1002
f 2061 2064 2003
f 1304 1306 1305
f 810 814 812
f 814 813 1770
f 2177 1309 672
f 1357 1358 334
f 339 334 1358
f 1000 1003 1005
f 1863 1388 1005
f 418 420 423
f 1008 1123 2064
f 423 420 977
f 811 812 1017
f 43 1844 2190
f 1013 1016 1015
f 1008 1009 1123
f 1595 1597 1359
f 1013 1017 1016
f 2177 672 1015
f 1914 1843 1681
f 485 487 486
f 2063 338 339
f 42 238 46
f 2190 1844 1843
f 46 238 2124
f 1594 1001 1596
f 2102 1009 55
f 910 2084 977
f 43 239 42
f 1000 1002 1003
f 593 798 592
f 1306 1313 1311
f 910 1770 2084
f 593 799 798
f 2102 55 1313
f 418 419 422
f 2063 2003 338
f 2123 419 2124
f 487 490 607
f 592 607 594
f 43 2190 239
f 1304 1309 1308
f 489 1388 1863
f 814 1770 1771
f 814 1771 812
f 1594 1596 1595
f 485 486 489
f 2177 1308 1309
f 2123 2124 238
f 1594 1002 1001
f 418 421 420
f 2123 422 419
f 235 42 239
f 235 238 42
f 1304 1307 1306
f 907 977 420
f 2003 2064 1124
f 1998 2190 1843
f 2064 1123 1124
f 1357 861 1359
f 418 422 421
f 1998 1843 1914
f 907 910 977
f 812 1902 1017
f 1512 1015 1016
f 1516 1016 1017
f 2190 2237 239
f 490 594 607
f 485 490 487
f 1357 334 861
f 2177 1015 1515
f 910 908 1770
f 1125 1123 1009
f 1770 908 1771
f 333 339 338
f 1003 1348 1005
f 1304 1308 1307
f 333 334 339
f 1306 1312 1313
f 1863 1005 1348
f 1900 812 1771
f 1998 2237 2190
f 2102 1125 1009
f 1516 1017 1902
f 1512 1515 1015
f 340 338 2003
f 2123 238 2031
f 1512 1016 1516
f 235 239 240
f 240 239 2237
f 1900 1902 812
f 2123 2125 422
f 421 911 420
f 907 420 911
f 1595 1359 307
f 2102 1313 2104
f 1306 1307 1312
f 235 236 238
f 421 422 2238
f 1002 1346 1003
f 1122 1124 1123
f 2177 1935 1308
f 893 910 907
f 908 1904 1771
f 588 592 594
f 2177 1515 1935
f 2123 2031 2125
f 307 1359 861
f 422 2125 2238
f 893 908 910
f 2031 238 236
f 1122 1123 1125
f 1900 1771 1904
f 1594 1346 1002
f 333 338 340
f 1999 2237 1998
f 588 593 592
f 2104 1313 1312
f 502 2003 1124
f 1594 1595 308
f 1999 240 2237
f 593 800 799
f 235 240 237
f 1862 489 1863
f 1697 1998 1698
f 340 2003 502
f 335 861 334
f 1755 1307 1308
f 421 2238 2176
f 421 2176 911
f 235 237 236
f 485 489 488
f 1516 1902 1517
f 1512 1516 1514
f 2102 2103 1125
f 892 907 911
f 1003 1346 1348
f 333 335 334
f 485 491 490
f 1512 1513 1515
f 2102 2104 2103
f 1898 1902 1900
f 1312 1307 1754
f 587 594 490
f 893 907 892
f 1122 508 1124
f 1862 1863 1348
f 1595 307 308
f 1994 1999 1998
f 1999 2236 240
f 909 1904 908
f 1757 1308 1935
f 1994 1998 1697
f 240 2236 237
f 2031 2029 2125
f 2159 2238 2125
f 1755 1754 1307
f 893 909 908
f 1514 1516 1517
f 1520 1935 1515
f 1755 1308 1757
f 1898 1517 1902
f 502 1124 508
f 1900 1904 1899
f 2028 2031 236
f 1512 1514 1513
f 2176 2238 2159
f 1122 1125 509
f 1862 1864 489
f 489 1864 488
f 1513 1520 1515
f 237 2032 236
f 485 488 491
f 333 340 337
f 889 911 2176
f 2029 2159 2125
f 1898 1900 1899
f 892 911 889
f 2028 2029 2031
f 548 307 861
f 587 490 491
f 1899 1904 909
f 1999 1997 2236
f 1122 509 508
f 588 594 587
f 1994 1997 1999
f 2104 1312 1756
f 2236 2157 237
f 2028 236 2032
f 548 861 335
f 1753 1312 1754
f 340 502 337
f 1696 1994 1697
f 890 893 892
f 1594 309 1346
f 1594 308 309
f 2103 1126 1125
f 2157 2032 237
f 2118 2176 2159
f 1753 1754 1755
f 1757 1935 1758
f 2104 1848 2103
f 1862 1348 1349
f 1520 1758 1935
f 1514 1517 1519
f 893 570 909
f 1898 1901 1517
f 1514 1518 1513
f 2236 1997 2157
f 889 2176 2118
f 2029 2027 2159
f 333 336 335
f 1347 1348 1346
f 509 1125 1126
f 890 892 889
f 501 502 508
f 1753 1756 1312
f 1898 1899 1903
f 1752 1755 1757
f 1993 1997 1994
f 1993 1994 1696
f 890 570 893
f 2026 2029 2028
f 333 337 336
f 1513 1521 1520
f 501 508 509
f 2104 1756 1848
f 303 308 307
f 1514 1519 1518
f 588 595 593
f 1519 1517 1901
f 1899 909 571
f 2028 2032 2030
f 1347 1349 1348
f 593 595 800
f 1898 1903 1901
f 2026 2027 2029
f 1753 1755 1752
f 2103 1848 1126
f 2155 2032 2157
f 1513 1518 1521
f 2014 2118 2159
f 2014 2159 2027
f 1752 1757 1758
f 1862 1865 1864
f 1865 488 1864
f 570 571 909
f 2157 1997 2156
f 1521 1758 1520
f 2026 2028 2030
f 302 307 548
f 888 889 2118
f 499 337 502
f 1944 491 488
f 2155 2030 2032
f 1993 1995 1997
f 1899 1905 1903
f 887 890 889
f 1993 1696 1996
f 499 502 501
f 2155 2157 2156
f 303 309 308
f 2026 2014 2027
f 587 491 590
f 1899 571 1905
f 586 588 587
f 1995 2156 1997
f 1862 1349 1350
f 548 335 547
f 1519 1901 1970
f 501 509 506
f 509 1126 506
f 888 2118 2014
f 890 29 570
f 303 307 302
f 887 889 888
f 1901 1903 1969
f 513 1347 1346
f 513 1346 309
f 1519 1835 1518
f 1993 1996 1995
f 1753 577 1756
f 547 335 336
f 1944 488 1865
f 2026 2030 1708
f 1847 1848 1756
f 1862 1350 1865
f 1521 1518 1835
f 580 1753 1752
f 1521 1834 1758
f 887 29 890
f 1752 1758 1759
f 1903 1905 1969
f 2155 1709 2030
f 1970 1901 1969
f 336 337 505
f 30 571 570
f 1347 1350 1349
f 1848 1849 1126
f 1944 590 491
f 2026 1238 2014
f 1519 1970 1835
f 2155 2156 2109
f 586 587 590
f 499 505 337
f 30 570 29
f 838 2156 1995
f 1709 1708 2030
f 1759 1758 1834
f 2026 1708 1238
f 302 548 547
f 580 577 1753
f 572 1905 571
f 2155 2109 1709
f 1847 1756 577
f 500 501 506
f 499 501 500
f 2013 888 2014
f 837 1995 1996
f 2109 2156 838
f 1847 1849 1848
f 1752 1759 582
f 887 888 891
f 580 1752 582
f 1353 506 1126
f 30 572 571
f 2014 1238 1239
f 837 838 1995
f 887 28 29
f 588 589 595
f 258 1970 1969
f 1521 1253 1834
f 1969 1905 2149
f 1521 1835 1253
f 1996 2231 2150
f 1353 1126 1849
f 303 304 309
f 258 1835 1970
f 586 589 588
f 2013 2014 1239
f 336 505 1259
f 837 1996 2150
f 547 336 1259
f 2013 891 888
f 1327 1708 1709
f 572 2149 1905
f 1237 1238 1708
f 887 891 28
f 1347 514 1350
f 1709 2109 1196
f 513 514 1347
f 300 303 302
f 1759 1834 935
f 839 2109 838
f 26 30 29
f 1944 1865 1633
f 258 1969 260
f 1237 1708 1327
f 1969 2149 260
f 1350 1945 1865
f 513 309 516
f 1327 1709 1196
f 576 580 582
f 581 582 1759
f 835 838 837
f 1944 1627 590
f 26 29 28
f 499 500 503
f 30 31 572
f 499 504 505
f 500 506 507
f 1232 1239 1238
f 935 1834 1253
f 839 1196 2109
f 573 577 580
f 1847 577 578
f 1232 1238 1237
f 835 839 838
f 507 506 1353
f 1253 1835 1252
f 836 837 2150
f 1847 1850 1849
f 581 1759 935
f 258 259 1835
f 302 547 301
f 300 304 303
f 2013 1239 1235
f 309 304 516
f 576 582 581
f 26 31 30
f 28 891 27
f 573 580 576
f 2013 2000 891
f 835 837 836
f 1633 1865 1945
f 1353 1849 1851
f 499 503 504
f 34 2149 572
f 1234 1237 1327
f 586 590 591
f 1944 1633 1627
f 1835 259 1252
f 255 258 260
f 547 1259 1261
f 1232 1235 1239
f 836 2150 1705
f 1197 1327 1196
f 573 578 577
f 1954 1259 505
f 2149 257 260
f 1232 1237 1234
f 500 507 503
f 26 28 27
f 34 572 31
f 1847 578 1850
f 300 302 301
f 1194 1196 839
f 2013 1235 2000
f 935 1253 936
f 1850 1851 1849
f 835 840 839
f 27 891 2000
f 1234 1327 1197
f 255 259 258
f 1350 514 1778
f 1954 505 504
f 34 257 2149
f 1194 1197 1196
f 1350 1778 1945
f 255 260 257
f 510 514 513
f 835 836 841
f 576 581 575
f 591 590 1627
f 1250 1253 1252
f 1194 839 840
f 933 581 935
f 586 591 589
f 835 841 840
f 573 576 575
f 510 513 516
f 507 1353 1352
f 1232 1234 1233
f 1250 936 1253
f 1954 1261 1259
f 1703 836 1705
f 1352 1353 1851
f 26 32 31
f 1232 1236 1235
f 933 935 936
f 259 1251 1252
f 547 1261 1260
f 547 1260 301
f 32 34 31
f 300 305 304
f 1351 504 503
f 933 575 581
f 1232 1233 1236
f 1234 1197 78
f 26 27 33
f 1706 841 836
f 1235 2011 2000
f 573 579 578
f 1250 1252 1251
f 252 255 257
f 1194 82 1197
f 949 503 507
f 255 256 259
f 27 2000 1813
f 1703 1706 836
f 1234 78 1233
f 1194 840 1195
f 841 1198 840
f 1235 1236 2011
f 759 516 304
f 1850 578 775
f 34 254 257
f 1850 1371 1851
f 1628 1627 1633
f 26 33 32
f 1197 82 78
f 259 1568 1251
f 573 575 574
f 1458 1954 504
f 252 256 255
f 1633 1945 1632
f 1194 1195 82
f 949 1351 503
f 1706 1198 841
f 1250 932 936
f 2000 2011 2010
f 1195 840 1198
f 933 936 932
f 515 1778 514
f 27 1813 33
f 300 301 306
f 2000 2010 1813
f 1351 1458 504
f 259 256 1568
f 510 515 514
f 252 257 254
f 759 304 305
f 1352 1851 1371
f 573 574 579
f 32 37 34
f 775 578 579
f 507 1352 948
f 1233 76 1236
f 591 1627 1628
f 1250 1251 1249
f 1954 1648 1261
f 1233 78 76
f 1945 1778 1632
f 1703 1707 1706
f 37 254 34
f 300 306 305
f 949 507 948
f 1850 775 1371
f 933 774 575
f 591 1626 589
f 1249 1251 1568
f 1703 1704 1707
f 75 78 82
f 1236 2009 2011
f 1247 932 1250
f 1260 1261 1648
f 1706 146 1198
f 1247 1250 1249
f 252 253 256
f 1628 1633 1632
f 1195 81 82
f 510 516 512
f 1195 1198 147
f 930 933 932
f 2007 2010 2011
f 1260 1649 301
f 76 2009 1236
f 2010 1814 1813
f 574 575 774
f 252 254 253
f 1706 1707 146
f 32 33 36
f 73 76 78
f 949 950 1351
f 512 516 759
f 75 82 81
f 32 35 37
f 73 78 75
f 1463 1568 256
f 1458 1846 1954
f 1375 33 1813
f 301 1649 306
f 1351 950 1458
f 930 774 933
f 2007 2011 2009
f 1200 1352 1371
f 146 147 1198
f 1195 147 81
f 2007 1814 2010
f 948 1352 1200
f 1954 1846 1648
f 773 579 574
f 773 775 579
f 1463 256 253
f 759 305 1575
f 355 254 37
f 1375 1813 1814
f 1249 1568 1465
f 32 36 35
f 1575 305 306
f 1247 931 932
f 510 511 515
f 1247 1249 1248
f 36 33 1168
f 930 932 931
f 74 75 81
f 775 1372 1371
f 1463 1465 1568
f 73 75 74
f 1375 1168 33
f 515 1779 1778
f 253 254 358
f 76 77 2009
f 35 355 37
f 73 77 76
f 944 949 948
f 1600 1260 1648
f 1380 1814 2007
f 1778 1779 1632
f 1249 1465 1248
f 591 1628 1629
f 355 358 254
f 148 81 147
f 564 574 774
f 1458 950 1845
f 944 950 949
f 2006 2007 2009
f 510 512 511
f 1375 1814 1380
f 1247 1248 931
f 1458 1845 1846
f 564 773 574
f 1260 1603 1649
f 773 776 775
f 930 934 774
f 591 1630 1626
f 951 948 1200
f 1299 1200 1371
f 73 74 79
f 775 776 1372
f 74 81 80
f 1462 1463 253
f 35 36 356
f 2006 1380 2007
f 1628 1632 1631
f 77 2008 2009
f 759 1575 758
f 73 79 77
f 1299 1371 1372
f 930 931 934
f 148 80 81
f 2006 2009 2008
f 1600 1603 1260
f 512 759 758
f 1462 253 358
f 35 357 355
f 1459 1465 1463
f 1167 1168 1375
f 944 948 951
f 1163 36 1168
f 1649 1576 306
f 515 511 1779
f 74 80 79
f 1846 1599 1648
f 1248 1465 1464
f 35 356 357
f 591 1629 1630
f 1163 356 36
f 1374 1375 1380
f 355 359 358
f 1535 1575 306
f 564 774 563
f 1459 1463 1462
f 1600 1648 1599
f 1540 931 1248
f 563 774 934
f 945 1845 950
f 1163 1168 1167
f 1628 1631 1629
f 77 2019 2008
f 944 945 950
f 564 229 773
f 1167 1375 1374
f 773 231 776
f 1459 1464 1465
f 355 357 359
f 951 1200 1199
f 2006 1379 1380
f 77 79 2020
f 1603 1576 1649
f 1199 1200 1299
f 2006 2008 1793
f 1462 358 1567
f 931 1362 934
f 1540 1248 1464
f 1533 1846 1845
f 773 229 231
f 77 2020 2019
f 358 359 1567
f 1374 1380 1379
f 1535 306 1576
f 1535 758 1575
f 512 757 511
f 1793 2008 2019
f 1540 1362 931
f 356 1164 357
f 226 1372 776
f 1163 1164 356
f 2006 1793 1379
f 944 951 947
f 1779 1573 1632
f 1598 1603 1600
f 1299 1372 226
f 1163 1167 1166
f 1631 1632 1573
f 1533 1599 1846
f 1459 1462 1461
f 139 512 758
f 1459 1460 1464
f 1167 1374 1166
f 1533 1845 945
f 1598 1600 1599
f 228 229 564
f 226 776 231
f 228 564 563
f 1361 563 934
f 951 1199 947
f 359 357 1963
f 2019 2020 1796
f 1462 1567 1468
f 1361 934 1362
f 1793 2019 1796
f 1199 1299 1297
f 1164 1963 357
f 1567 359 2233
f 1459 1461 1460
f 1469 1540 1464
f 941 945 944
f 1374 1379 1378
f 139 757 512
f 1163 1165 1164
f 225 231 229
f 165 1779 511
f 1461 1462 1468
f 1163 1166 1165
f 1460 1469 1464
f 1299 226 1297
f 941 944 947
f 1792 1379 1793
f 1540 1363 1362
f 1603 1602 1576
f 359 1963 2233
f 1166 1374 1377
f 1535 138 758
f 1567 2233 1468
f 1631 1976 1629
f 225 226 231
f 225 229 228
f 1795 1793 1796
f 1598 1602 1603
f 1374 1378 1377
f 757 165 511
f 1361 562 563
f 1792 1378 1379
f 228 563 562
f 1469 1363 1540
f 139 758 138
f 1975 1630 1629
f 942 1533 945
f 1295 947 1199
f 1792 1793 1795
f 1361 1362 1282
f 1295 1199 1297
f 1461 1466 1460
f 1164 1962 1963
f 1164 1165 1962
f 1598 1599 1601
f 941 942 945
f 1282 1362 1363
f 1166 1376 1165
f 1460 1466 1469
f 166 1573 1779
f 1631 1573 1976
f 1533 1606 1599
f 1535 1576 1536
f 1461 1468 1467
f 1166 1377 1376
f 2233 1963 1960
f 165 166 1779
f 2233 1968 1468
f 1794 1377 1378
f 1361 1283 562
f 1792 1794 1378
f 1461 1467 1466
f 225 227 226
f 1975 1629 1976
f 225 228 230
f 1361 1282 1283
f 941 947 946
f 1469 1541 1363
f 226 1298 1297
f 137 138 1535
f 1598 1601 1602
f 228 562 233
f 1295 946 947
f 1602 1536 1576
f 1601 1599 1606
f 139 135 757
f 1957 1963 1962
f 2115 1962 1165
f 2115 1165 1376
f 2233 1960 1968
f 1467 1468 1968
f 1957 1960 1963
f 1469 1466 1507
f 1295 1297 1298
f 942 1534 1533
f 1282 1363 1284
f 2173 1376 1377
f 757 135 165
f 230 228 233
f 1469 1507 1541
f 2173 1377 1794
f 137 1535 1536
f 225 230 227
f 941 943 942
f 1363 1541 1284
f 134 139 138
f 1533 1534 1606
f 1283 1280 562
f 954 226 227
f 562 1280 233
f 1505 1466 1467
f 2115 1961 1962
f 1279 1283 1282
f 1957 1962 1961
f 954 1298 226
f 2115 1376 2117
f 941 946 920
f 1958 1968 1960
f 1295 1296 946
f 1957 1958 1960
f 1505 1507 1466
f 2173 2117 1376
f 134 135 139
f 1279 1282 1284
f 1573 1574 1976
f 1467 1968 1882
f 134 138 137
f 167 1573 166
f 1295 1298 1296
f 942 943 1534
f 941 920 943
f 1601 1604 1602
f 1507 1506 1541
f 1284 1541 1506
f 1279 1280 1283
f 164 166 165
f 1505 1467 1882
f 2075 1536 1602
f 2115 2116 1961
f 230 233 232
f 2115 2117 2116
f 1601 1606 1605
f 1958 2101 1968
f 230 234 227
f 232 233 1280
f 2101 1882 1968
f 1975 1976 1977
f 1957 1961 1959
f 1957 1959 1958
f 1296 921 946
f 946 921 920
f 167 1574 1573
f 165 135 170
f 974 1507 1505
f 2075 1602 1604
f 1606 1534 2025
f 974 1506 1507
f 234 954 227
f 1279 1284 1281
f 1284 1506 1281
f 1296 1298 1554
f 1601 1605 1604
f 137 1536 140
f 1961 2116 2100
f 164 167 166
f 230 232 234
f 1278 1280 1279
f 954 952 1298
f 943 915 1534
f 1606 2025 1605
f 1977 1976 1574
f 1505 1882 1504
f 164 165 170
f 1959 1961 2100
f 943 920 915
f 134 137 140
f 1958 2098 2101
f 1278 232 1280
f 1959 2098 1958
f 134 136 135
f 952 1554 1298
f 973 974 1505
f 1296 919 921
f 2101 2234 1882
f 973 1505 1504
f 914 920 921
f 2075 1046 1536
f 974 971 1506
f 1296 1554 919
f 1506 971 1281
f 241 1279 1281
f 1504 1882 2234
f 1278 1279 241
f 135 136 170
f 2098 2234 2101
f 1534 2083 2025
f 809 954 234
f 914 915 920
f 140 1536 1046
f 915 2083 1534
f 809 952 954
f 1959 2099 2098
f 914 921 919
f 234 232 805
f 2075 1604 1805
f 1804 1604 1605
f 167 1572 1574
f 134 140 141
f 1278 804 232
f 970 974 973
f 134 141 136
f 970 971 974
f 1605 2025 1841
f 973 1504 975
f 63 1281 971
f 923 1554 952
f 164 168 167
f 923 919 1554
f 241 1281 63
f 975 1504 2234
f 804 805 232
f 2075 1805 1046
f 2098 2235 2234
f 1804 1805 1604
f 1278 241 242
f 164 170 169
f 806 809 234
f 806 234 805
f 1841 2025 2083
f 970 973 975
f 1804 1605 1841
f 167 168 1572
f 912 915 914
f 914 919 913
f 1278 242 804
f 809 953 952
f 1572 2207 1574
f 62 971 970
f 62 63 971
f 923 952 953
f 136 1639 170
f 60 241 63
f 975 2234 1760
f 915 916 2083
f 913 919 923
f 164 169 168
f 60 242 241
f 1040 140 1046
f 141 140 143
f 802 805 804
f 970 975 976
f 912 914 913
f 912 916 915
f 141 142 136
f 169 170 1639
f 802 806 805
f 1046 1805 1045
f 806 808 809
f 1800 1805 1804
f 2130 1841 2083
f 809 808 953
f 1804 1841 1803
f 62 970 972
f 243 804 242
f 57 60 63
f 57 63 62
f 970 976 972
f 142 1639 136
f 1040 143 140
f 923 953 922
f 916 2130 2083
f 913 923 922
f 60 61 242
f 802 804 243
f 141 143 142
f 1040 1046 1045
f 1800 1804 1803
f 168 2220 1572
f 1800 1045 1805
f 802 807 806
f 61 243 242
f 912 913 917
f 57 61 60
f 912 918 916
f 62 972 59
f 806 807 808
f 57 62 59
f 2129 1803 1841
f 169 1699 168
f 2129 1841 2130
f 913 922 924
f 953 808 1370
f 912 917 918
f 953 1370 922
f 169 1639 1700
f 913 924 917
f 916 2121 2130
f 802 243 803
f 916 918 2121
f 168 1699 2220
f 1800 1803 1799
f 802 803 807
f 142 1640 1639
f 57 58 61
f 56 57 59
f 1039 143 1040
f 1040 1045 1044
f 143 1043 142
f 1908 808 807
f 61 64 243
f 1797 1045 1800
f 2129 1799 1803
f 169 1700 1699
f 1908 1370 808
f 924 922 1368
f 56 58 57
f 2129 2130 2122
f 922 1370 1368
f 917 1822 918
f 64 803 243
f 1700 1639 1640
f 1797 1800 1799
f 1039 1040 1044
f 2122 2130 2121
f 58 64 61
f 1822 2121 918
f 1039 1043 143
f 1909 807 803
f 142 1043 1640
f 917 924 1369
f 1798 1044 1045
f 1908 807 1909
f 1797 1798 1045
f 917 1369 1822
f 2128 1799 2129
f 924 1368 1369
f 1908 409 1370
f 1367 1368 1370
f 2128 2129 2122
f 64 1647 803
f 1909 803 1910
f 2066 2121 1822
f 1797 1799 1802
f 1908 1909 408
f 2066 2122 2121
f 1700 2139 1699
f 1367 1370 409
f 1039 1044 1042
f 1042 1044 1798
f 2128 1802 1799
f 1910 803 1647
f 1908 408 409
f 1797 1801 1798
f 1700 1640 1812
f 1369 2120 1822
f 1039 1041 1043
f 1364 1369 1368
f 1043 1811 1640
f 408 1909 1910
f 1364 1368 1367
f 1699 2139 1389
f 1797 1802 1801
f 2066 1822 2120
f 1042 1798 1801
f 2128 2122 2067
f 1039 1042 1041
f 1700 1812 2139
f 1367 409 407
f 2066 2067 2122
f 1041 1811 1043
f 1812 1640 1811
f 1365 2120 1369
f 405 409 408
f 1364 1367 407
f 2128 2097 1802
f 1364 1365 1369
f 408 1910 410
f 405 407 409
f 2066 2120 1482
f 1801 1802 1915
f 2128 2067 2097
f 405 408 410
f 1100 1042 1801
f 1365 1482 2120
f 1483 2067 2066
f 1915 1802 2097
f 1364 407 412
f 1483 2066 1482
f 1042 1102 1041
f 405 406 407
f 1100 1801 1915
f 1364 1366 1365
f 1328 2139 1812
f 406 412 407
f 1103 1811 1041
f 1364 412 1366
f 1100 1102 1042
f 466 1812 1811
f 2067 2049 2097
f 1055 1482 1365
f 1483 1484 2067
f 2096 1915 2097
f 1103 1041 1102
f 1057 1483 1482
f 1055 1365 1366
f 406 411 412
f 2067 1484 2049
f 2096 2097 2049
f 1103 466 1811
f 466 1328 1812
f 1100 1915 1099
f 412 411 1366
f 1057 1482 1055
f 1057 1484 1483
f 2096 1099 1915
f 1098 1102 1100
f 1098 1100 1099
f 1055 1366 625
f 1057 1056 1484
f 2096 2049 2052
f 2048 2049 1484
f 626 1057 1055
f 899 1103 1102
f 2096 2052 1099
f 1103 465 466
f 2048 1484 1056
f 1098 899 1102
f 626 1056 1057
f 626 1055 625
f 2048 2052 2049
f 899 465 1103
f 1098 1099 1101
f 1101 1099 2052
f 392 466 465
f 2048 1056 1054
f 626 1054 1056
f 2048 2050 2052
f 1098 898 899
f 1098 1101 898
f 899 464 465
f 392 465 464
f 1101 2052 1243
f 627 1054 626
f 2048 1054 2051
f 2048 2051 2050
f 2050 1243 2052
f 898 1101 897
f 894 899 898
f 463 464 899
f 1101 1243 897
f 2050 2051 1242
f 627 628 1054
f 2050 1242 1243
f 1054 628 2051
f 894 463 899
f 894 898 897
f 1241 1242 2051
f 1240 1243 1242
f 1241 2051 628
f 1243 1244 897
f 1240 1242 1241
f 1240 1244 1243
f 894 897 896
f 894 895 463
f 897 1244 896
f 1240 1241 1246
f 894 896 895
f 1240 1245 1244
f 1031 1246 1241
f 1240 1246 1245
f 2222 896 1244
f 2222 1244 1245
f 1246 1571 1245
f 1571 2222 1245
f 2222 2223 896
f 1569 1571 1246
f 1571 1570 2222
f 2222 1570 2223
f 1569 1570 1571

