# https://github.com/mikedh/trimesh
v -0.14817117 -0.33152200 -0.13616314
v -0.14369282 -0.33150503 -0.14882248
v -0.15690009 -0.33078002 -0.14863748
v -0.16432976 -0.33066409 -0.13338223
v -0.15268100 -0.33133191 -0.12373826
v -0.13954457 -0.33198252 -0.12390185
v -0.13268056 -0.33224572 -0.13930909
v -0.11916199 -0.33292807 -0.13626773
v -0.12065394 -0.33260360 -0.14978682
v -0.13353453 -0.33178669 -0.15623366
v -0.12497335 -0.33268239 -0.12463380
v -0.59344648 -0.17586632 -0.08564065
v -0.33003413 -0.25927656 0.20036510
v -0.32028500 -0.26448640 0.19033481
v -0.33759140 -0.26206541 0.18794105
v -0.34176595 -0.25769621 0.19788414
v -0.04269803 -0.32145366 -0.29040241
v -0.05688396 -0.32060739 -0.29025287
v -0.04589696 -0.32344272 -0.27800633
v -0.03075002 -0.32349872 -0.28253896
v -0.03243009 -0.32034549 -0.29938629
v -0.04748753 -0.31892756 -0.30203576
v -0.05954595 -0.31766713 -0.30433510
v -0.07255187 -0.31790968 -0.29875101
v -0.06962703 -0.32096441 -0.28410657
v -0.06036976 -0.32320683 -0.27455019
v -0.04968756 -0.32556342 -0.26355294
v -0.03487360 -0.32582064 -0.26679639
v -0.29238953 -0.26907931 0.18902201
v -0.28255574 -0.27412621 0.17656736
v -0.29930843 -0.27392274 0.17026641
v -0.30916070 -0.26952003 0.18026027
v -0.30468682 -0.26589051 0.19373159
v -0.27342389 -0.26950878 0.19492360
v -0.59149979 -0.17503483 -0.04950822
v -0.59471152 -0.17184168 -0.06267446
v -0.58704306 -0.18289397 -0.05852929
v -0.58581915 -0.18222472 -0.04168957
v -0.59160791 -0.17260741 -0.03634618
v -0.59061049 -0.17933093 -0.07307167
v -0.41542918 -0.26431681 0.11737462
v -0.42438226 -0.25885233 0.12438822
v -0.41423305 -0.26101271 0.12942856
v -0.40414670 -0.26519939 0.12680124
v -0.41771462 -0.26753473 0.10374924
v -0.42812352 -0.26213829 0.10918237
v -0.40277697 -0.27023883 0.11076411
v -0.41999244 -0.25598456 0.13787427
v -0.40612332 -0.26003730 0.14076823
v -0.43629996 -0.25541528 0.11994364
v -0.43061096 -0.25357826 0.13259948
v -0.47454325 -0.27282696 -0.07672954
v -0.48794683 -0.26653830 -0.08025098
v -0.48123580 -0.26944877 -0.06690813
v -0.46908931 -0.27465083 -0.06139091
v -0.47815302 -0.27140160 -0.09080513
v -0.46410496 -0.27724726 -0.07351624
v -0.46546538 -0.27690621 -0.08744521
v -0.06387820 -0.32529363 -0.26034507
v -0.07586488 -0.32519237 -0.25659615
v -0.06695735 -0.32735920 -0.24465465
v -0.05410340 -0.32711485 -0.25142890
v -0.07607308 -0.32284501 -0.27112705
v -0.08848642 -0.32381555 -0.26061614
v -0.08366336 -0.32626814 -0.24610919
v -0.17286146 -0.32823043 -0.06915456
v -0.16366647 -0.32957951 -0.08354528
v -0.17753510 -0.32887197 -0.08325876
v -0.18910690 -0.32792133 -0.07813109
v -0.18566209 -0.32723597 -0.06433857
v -0.17706853 -0.32664233 -0.05150536
v -0.15908377 -0.32775914 -0.05417217
v -0.15821387 -0.32898099 -0.06907792
v -0.18602167 -0.32872779 -0.09012164
v -0.17606725 -0.32946324 -0.09486533
v -0.03179087 -0.32206575 0.01585673
v -0.04686435 -0.32325550 0.00761569
v -0.04212004 -0.32082420 0.02290066
v -0.01744947 -0.32305980 0.01069380
v -0.03263781 -0.32448251 0.00030953
v -0.03143635 -0.32005816 0.02778647
v -0.02069064 -0.32049960 0.02577113
v -0.05858423 -0.32470836 -0.00259388
v -0.06164020 -0.32295093 0.00900963
v -0.05345780 -0.32145609 0.01876336
v -0.04793037 -0.32595817 -0.01092847
v -0.05126445 -0.31935880 0.03111101
v -0.03804395 -0.31851133 0.03620598
v -0.43596679 -0.25339147 -0.30822404
v -0.44243309 -0.25550666 -0.29426693
v -0.42836359 -0.26064948 -0.29733743
v -0.42266283 -0.25809330 -0.31110449
v -0.44992450 -0.24775407 -0.30564474
v -0.41248769 -0.26582121 -0.30066505
v -0.49775492 -0.24764237 -0.22032853
v -0.49262643 -0.24677769 -0.23698248
v -0.50704507 -0.23896650 -0.23324404
v -0.50142696 -0.24879312 -0.20431578
v -0.48916684 -0.25498334 -0.20841369
v -0.50995290 -0.24122073 -0.21590135
v -0.48558901 -0.25393264 -0.22333322
v -0.03904146 -0.28407026 0.17720904
v -0.03394265 -0.27872839 0.19440235
v -0.02271711 -0.28107582 0.18643843
v -0.05582564 -0.28516343 0.17391134
v -0.04944491 -0.28077448 0.18834612
v -0.02442450 -0.28564190 0.17157270
v -0.04896703 -0.28790856 0.16445883
v -0.03694025 -0.28874396 0.16136615
v -0.01337578 -0.28298769 0.17991107
v -0.24274615 -0.32291258 -0.06204189
v -0.25765064 -0.32178692 -0.06653584
v -0.25359114 -0.32109520 -0.05237041
v -0.22987700 -0.32375509 -0.05796367
v -0.22995046 -0.32476387 -0.07284295
v -0.24825305 -0.32334873 -0.07650285
v -0.23669826 -0.32209147 -0.04574536
v -0.22019704 -0.32368282 -0.04823387
v -0.21969008 -0.32476678 -0.06060334
v -0.09983974 -0.32498698 -0.24856381
v -0.09273476 -0.32723222 -0.23538767
v -0.10330785 -0.32209438 -0.26547803
v -0.11292123 -0.32314918 -0.25541688
v -0.10257376 -0.32644462 -0.23732161
v -0.11475022 -0.32544711 -0.23923486
v -0.12017457 -0.32023800 -0.26997244
v -0.12627739 -0.32262302 -0.25353090
v -0.08342244 -0.31433489 -0.31188837
v -0.08861439 -0.31689151 -0.29846092
v -0.08215380 -0.31980309 -0.28600410
v -0.39330648 -0.30023317 -0.12706739
v -0.38509962 -0.30212980 -0.13458466
v -0.39985134 -0.29799366 -0.14001922
v -0.38390165 -0.30271286 -0.12257110
v -0.39214998 -0.30062297 -0.11293789
v -0.40477512 -0.29707548 -0.12491396
v -0.38717097 -0.30093793 -0.14943175
v -0.40091910 -0.29681432 -0.15661580
v -0.41143903 -0.29416848 -0.14973978
v -0.41486839 -0.29370808 -0.13758769
v -0.37352148 -0.30467354 -0.14179838
v -0.37183533 -0.30549115 -0.12623400
v -0.56904866 -0.18475321 -0.24380357
v -0.56932893 -0.17949540 -0.25740683
v -0.57600206 -0.17506419 -0.24666919
v -0.56318794 -0.19212789 -0.24136713
v -0.56153704 -0.18927114 -0.25436235
v -0.57516902 -0.18105803 -0.23202305
v -0.56760553 -0.19040202 -0.23102047
v -0.27785986 -0.30368100 -0.28469910
v -0.28330723 -0.29954170 -0.29826240
v -0.29246714 -0.30126528 -0.28632342
v -0.26911907 -0.30202726 -0.29554785
v -0.26618254 -0.30528243 -0.28388834
v -0.28564131 -0.30545878 -0.27232995
v -0.26981606 -0.30766106 -0.27125600
v -0.49106416 -0.22401359 -0.30804031
v -0.50093365 -0.21627812 -0.31107431
v -0.54042922 -0.22696728 -0.18102336
v -0.53458658 -0.22962504 -0.19100665
v -0.54415393 -0.22123368 -0.19521431
v -0.54734150 -0.22311750 -0.17031665
v -0.53763245 -0.23122504 -0.16768575
v -0.52916884 -0.23558636 -0.17935511
v -0.54924480 -0.21953040 -0.18229086
v -0.53379905 -0.22745754 -0.20421749
v -0.54295155 -0.21848068 -0.21205443
v -0.55142955 -0.21300153 -0.20467895
v -0.55593227 -0.21190177 -0.19080824
v -0.01007140 -0.29122381 0.15204775
v -0.00986944 -0.28665490 0.16765345
v -0.24617252 -0.30162872 0.08221197
v -0.24394956 -0.30450373 0.06920147
v -0.25541310 -0.30271833 0.07292438
v -0.23456558 -0.29988307 0.09456361
v -0.23253941 -0.30361759 0.07798337
v -0.26069520 -0.29975439 0.08480395
v -0.24946575 -0.29890442 0.09354911
v -0.25473609 -0.30527628 0.06019498
v -0.27094754 -0.30215519 0.06779698
v -0.29122551 -0.31976697 -0.14115636
v -0.27614440 -0.32155934 -0.14803009
v -0.29181246 -0.31917812 -0.15822527
v -0.30326455 -0.31816643 -0.13585397
v -0.29331806 -0.31963505 -0.12374610
v -0.27736570 -0.32169717 -0.12958380
v -0.30541794 -0.31743872 -0.15079559
v -0.32110384 -0.31461060 -0.15838042
v -0.31787468 -0.31577780 -0.13881396
v -0.30755302 -0.31608772 -0.17170176
v -0.32359764 -0.30009065 0.04442998
v -0.31084823 -0.30232054 0.04139924
v -0.32431368 -0.30207135 0.03167844
v -0.33667073 -0.29900267 0.03918692
v -0.31700077 -0.29936246 0.05375403
v -0.32923106 -0.29735207 0.05515659
v -0.33506192 -0.30149929 0.02517575
v -0.31280264 -0.30499522 0.02300242
v -0.32701781 -0.30400143 0.01622687
v -0.34875989 -0.30731006 -0.18729838
v -0.34968276 -0.30804517 -0.17632753
v -0.33879040 -0.31007611 -0.17921330
v -0.35984392 -0.30530510 -0.18183525
v -0.33719018 -0.30923532 -0.19220804
v -0.34869381 -0.30587481 -0.20101160
v -0.35791111 -0.30471168 -0.19306719
v -0.36135587 -0.29152096 0.05875912
v -0.36376908 -0.29387858 0.04259375
v -0.37486416 -0.28991918 0.05338802
v -0.36958343 -0.28763836 0.07109526
v -0.34686203 -0.29484539 0.05381652
v -0.35110319 -0.29068329 0.07260733
v -0.03839130 -0.33398574 -0.18874545
v -0.03788336 -0.33276065 -0.20616692
v -0.04816768 -0.33311405 -0.19705604
v -0.04331928 -0.33467155 -0.17272819
v -0.02670175 -0.33507219 -0.17579662
v -0.05192973 -0.33371825 -0.18579465
v -0.02232902 -0.33421703 -0.19396383
v -0.39069970 -0.28781932 0.04558235
v -0.38499921 -0.28613161 0.06252715
v -0.37821664 -0.29158039 0.03963915
v -0.35084909 -0.29698115 0.03765105
v -0.36000365 -0.29708777 0.02670570
v -0.37365291 -0.29433806 0.02768171
v -0.01792790 -0.32062600 -0.30228773
v -0.02133987 -0.32250650 -0.29124970
v -0.41675279 -0.23258352 0.20033506
v -0.39615513 -0.24054315 0.20064185
v -0.40786625 -0.23806330 0.19606935
v -0.28606972 -0.29583089 -0.31031456
v -0.30019178 -0.29576068 -0.30264922
v -0.27328898 -0.29774989 -0.30933480
v -0.30122243 -0.30295464 -0.27307320
v -0.30598254 -0.29906213 -0.28651168
v -0.23452101 -0.27116771 0.20175736
v -0.22517867 -0.27594724 0.18871837
v -0.24130604 -0.27545266 0.18614007
v -0.25377527 -0.27143623 0.19532807
v -0.14166847 -0.31472772 -0.29077772
v -0.15687313 -0.31408973 -0.28799664
v -0.14481032 -0.31686193 -0.27919103
v -0.13279698 -0.31744848 -0.28060514
v -0.14951093 -0.31127346 -0.30324459
v -0.13510186 -0.31259834 -0.30263790
v -0.13060006 -0.31534406 -0.29188307
v -0.12248802 -0.31429251 -0.29938079
v -0.17465542 -0.28356105 0.17260246
v -0.17473557 -0.27905081 0.18784925
v -0.16239022 -0.28123544 0.18216902
v -0.16110813 -0.28457909 0.17096587
v -0.18617066 -0.28068307 0.18068971
v -0.18048433 -0.28754818 0.15762952
v -0.19069163 -0.28407259 0.16824808
v -0.16605519 -0.28736940 0.16050058
v -0.01430192 -0.33526397 -0.18092721
v -0.03317822 -0.33534306 -0.16396882
v -0.02259939 -0.33576757 -0.16046945
v -0.36876789 -0.30224199 -0.19184759
v -0.36259800 -0.30242315 -0.20328462
v -0.35460935 -0.30279308 -0.21449535
v -0.37038523 -0.29877394 -0.21603491
v -0.37407950 -0.29966736 -0.20286679
v -0.02113192 -0.33284392 -0.21290654
v -0.03377834 -0.33170382 -0.22018285
v -0.05348533 -0.33206032 -0.20774551
v -0.04785718 -0.33095342 -0.22170704
v -0.38396420 -0.29117178 -0.23960826
v -0.37274180 -0.29606549 -0.22958160
v -0.36683671 -0.29571527 -0.24013038
v -0.38192786 -0.29456484 -0.22386469
v -0.37257755 -0.29214794 -0.25083892
v -0.39610350 -0.29051537 -0.22396217
v -0.38324175 -0.28770181 -0.25761383
v -0.39690881 -0.28489741 -0.25183803
v -0.40016655 -0.28663635 -0.23865371
v -0.35994476 -0.29952140 -0.22785252
v -0.35967388 -0.29517546 -0.25240883
v -0.35170729 -0.29933716 -0.24045779
v -0.03776221 -0.33298237 -0.07191058
v -0.05379007 -0.33271814 -0.07234658
v -0.04238491 -0.33161984 -0.05800892
v -0.03095154 -0.33209705 -0.06076779
v -0.02422925 -0.33309534 -0.07039520
v -0.02990549 -0.33407194 -0.08421078
v -0.04466547 -0.33390523 -0.08584021
v -0.04390142 -0.32993234 -0.04223600
v -0.02931196 -0.33062742 -0.04654961
v -0.05801104 -0.33100534 -0.05422970
v -0.05880519 -0.33384620 -0.08926975
v -0.06840794 -0.33304977 -0.07993561
v -0.06628539 -0.33209984 -0.06720148
v -0.06526320 -0.32062676 0.02312238
v -0.06157478 -0.31769516 0.03988706
v -0.04717480 -0.31672381 0.04561690
v -0.08347876 -0.31728052 0.04073425
v -0.07540464 -0.31870682 0.03351538
v -0.08874953 -0.31925471 0.02906221
v -0.08500040 -0.31549374 0.05000331
v -0.07311365 -0.31583435 0.04914585
v -0.09552680 -0.31683690 0.04165115
v -0.09756830 -0.31387801 -0.30934396
v -0.19129018 -0.31003184 -0.29346079
v -0.20413494 -0.30685912 -0.30200553
v -0.20477983 -0.30959992 -0.29034977
v -0.19716063 -0.31301722 -0.27774562
v -0.17433749 -0.31194187 -0.29133864
v -0.18162880 -0.30768388 -0.30656851
v -0.19424105 -0.30644982 -0.30716386
v -0.18268289 -0.31386776 -0.27949436
v -0.21379787 -0.30352099 -0.31126051
v -0.21778550 -0.30684412 -0.29683936
v -0.21310890 -0.31076588 -0.28190047
v -0.14778977 -0.33134186 -0.10907288
v -0.13132270 -0.33220595 -0.11106572
v -0.13502669 -0.33157057 -0.09648795
v -0.16295260 -0.33034329 -0.10079080
v -0.14919129 -0.33066765 -0.09125779
v -0.16381378 -0.33066161 -0.11669167
v -0.14885260 -0.32990593 -0.07625401
v -0.13682824 -0.33078102 -0.08164822
v -0.31548372 -0.31161156 -0.20825663
v -0.31784914 -0.30963553 -0.22064565
v -0.32966825 -0.30817351 -0.21441967
v -0.30170775 -0.31435319 -0.20412531
v -0.30595882 -0.31197089 -0.21839463
v -0.32583632 -0.31073917 -0.19900965
v -0.31163020 -0.31387489 -0.19231330
v -0.32627417 -0.30658387 -0.23002965
v -0.31164740 -0.30908914 -0.23153264
v -0.32767697 -0.29001671 -0.30438790
v -0.31489861 -0.29178578 -0.30757493
v -0.54387849 -0.22266104 -0.00281213
v -0.54685074 -0.22255206 -0.01631175
v -0.55242814 -0.21579629 -0.00755429
v -0.53893692 -0.22366133 0.01248226
v -0.53471560 -0.23000162 -0.00157103
v -0.54961541 -0.21524087 0.00734960
v -0.53955768 -0.22806387 -0.01233735
v -0.19014484 -0.32512805 -0.20340964
v -0.18456125 -0.32410438 -0.21597142
v -0.19787535 -0.32324936 -0.21568859
v -0.20420893 -0.32406579 -0.20460336
v -0.19749064 -0.32577859 -0.19137912
v -0.18196184 -0.32691293 -0.18988737
v -0.17568293 -0.32606493 -0.20340239
v -0.20256130 -0.31745006 -0.25234794
v -0.20645249 -0.31946983 -0.23835323
v -0.18884527 -0.32000889 -0.24308034
v -0.21668155 -0.31640898 -0.25191493
v -0.19125851 -0.31667911 -0.26153560
v -0.20980986 -0.31427671 -0.26632125
v -0.54147442 -0.21557365 -0.22836359
v -0.55295187 -0.20775485 -0.22016611
v -0.53820560 -0.21392597 -0.24388781
v -0.54930229 -0.20554912 -0.24015631
v -0.53292605 -0.22462651 -0.21952999
v -0.53105902 -0.22227781 -0.23423050
v -0.55933162 -0.19850749 -0.23266366
v -0.56032268 -0.20461668 -0.20481178
v -0.56425186 -0.19732582 -0.21835739
v -0.35904659 -0.30769783 -0.14731993
v -0.35405834 -0.30925164 -0.13513753
v -0.34483179 -0.31090787 -0.14070531
v -0.34521999 -0.31027165 -0.15469835
v -0.37373480 -0.30375274 -0.15781523
v -0.36329799 -0.30727878 -0.13515053
v -0.35798856 -0.30687162 -0.16598448
v -0.51927086 -0.20487928 -0.30706688
v -0.51004268 -0.21498516 -0.29956950
v -0.52007812 -0.20989230 -0.29447491
v -0.52918694 -0.19672163 -0.30761856
v -0.52845350 -0.20272159 -0.29569524
v -0.51624565 -0.21646184 -0.28518066
v -0.50419760 -0.22436649 -0.28608258
v -0.49972556 -0.22194491 -0.29986515
v -0.25964512 -0.29691928 0.09836338
v -0.24592203 -0.29603950 0.10747350
v -0.19268998 -0.32896910 -0.13301271
v -0.18674721 -0.32912143 -0.14642572
v -0.19835679 -0.32841104 -0.14522983
v -0.17804841 -0.32991666 -0.12423802
v -0.17880544 -0.32981341 -0.13694366
v -0.20679526 -0.32803493 -0.12343134
v -0.19138901 -0.32903905 -0.11642934
v -0.20824222 -0.32783589 -0.13874470
v -0.19532730 -0.32831165 -0.15443352
v -0.20871579 -0.32739547 -0.15368727
v -0.18335218 -0.32873309 -0.16121048
v -0.17247439 -0.32991913 -0.14797833
v -0.34294799 -0.30368864 -0.22604247
v -0.33578840 -0.30253959 -0.24240231
v -0.31964527 -0.30540557 -0.24456887
v -0.22016100 -0.31692906 0.00875824
v -0.21762921 -0.31902511 -0.00471627
v -0.23191510 -0.31753894 -0.00196742
v -0.23428040 -0.31488580 0.01490131
v -0.22113917 -0.31500679 0.02091355
v -0.20869769 -0.31835802 0.00445190
v -0.20761371 -0.31629168 0.01861256
v -0.37839232 -0.26584302 0.14874903
v -0.36574232 -0.26922308 0.14775042
v -0.37641186 -0.27011084 0.13657410
v -0.38647199 -0.26667406 0.13936433
v -0.39173210 -0.26187116 0.14918885
v -0.38007183 -0.26111222 0.16134515
v -0.36950093 -0.26488000 0.15855811
v -0.03709684 -0.30274763 0.10932420
v -0.04437589 -0.30626854 0.09482797
v -0.04978464 -0.30376464 0.10521845
v -0.03612754 -0.29769283 0.12898087
v -0.02585407 -0.30045118 0.11839601
v -0.02255063 -0.30341357 0.10659182
v -0.03084646 -0.30635219 0.09447116
v -0.04950850 -0.30070423 0.11741964
v -0.02261218 -0.29406470 0.14226567
v -0.01901171 -0.29752025 0.12948952
v -0.03593384 -0.29291076 0.14665735
v -0.05119012 -0.29757969 0.12949349
v -0.04677617 -0.29500222 0.13915501
v -0.58076385 -0.18148218 -0.00177782
v -0.57677939 -0.18436137 0.00862367
v -0.57332938 -0.19130002 -0.00155899
v -0.58575586 -0.17678708 -0.01242118
v -0.58581315 -0.17395173 -0.00114105
v -0.57981644 -0.18582141 -0.01523386
v -0.58233962 -0.17553859 0.01132908
v -0.57321539 -0.19510761 -0.01844130
v -0.57946790 -0.18921072 -0.03063917
v -0.58572402 -0.17970694 -0.02639967
v -0.11949428 -0.29751155 0.12721336
v -0.10583950 -0.29601254 0.13397678
v -0.10729530 -0.29982911 0.11876557
v -0.13402748 -0.29850588 0.12195182
v -0.13043900 -0.29475577 0.13705286
v -0.12291487 -0.30163070 0.11018490
v -0.11677767 -0.29380280 0.14177019
v -0.09176275 -0.29775683 0.12778356
v -0.10882040 -0.30373682 0.10243870
v -0.09513369 -0.30192812 0.11094318
v -0.10479201 -0.29252093 0.14724483
v -0.09504927 -0.29415062 0.14153333
v -0.40399189 -0.29547032 -0.04653882
v -0.41851810 -0.29135861 -0.04428696
v -0.40608342 -0.29364014 -0.03091432
v -0.38969691 -0.29805986 -0.03577608
v -0.41306645 -0.29372401 -0.05667181
v -0.40307258 -0.29662556 -0.06067346
v -0.39396022 -0.29835135 -0.05160600
v -0.41869579 -0.29015162 -0.02925266
v -0.43420896 -0.28698805 -0.04929616
v -0.42788942 -0.28805593 -0.03595589
v -0.42589519 -0.29022938 -0.06200607
v -0.41185239 -0.29045900 -0.01392749
v -0.39408745 -0.29525878 -0.01686559
v -0.57068847 -0.19408521 -0.20335244
v -0.57314243 -0.18750971 -0.21825335
v -0.57390035 -0.19392861 -0.18740190
v -0.56540631 -0.20257820 -0.19109390
v -0.57811048 -0.18700728 -0.19614911
v -0.57794021 -0.18462149 -0.20691763
v -0.33806669 -0.27691566 0.13993230
v -0.33533217 -0.28127492 0.12524844
v -0.35013421 -0.27735296 0.13063321
v -0.32204045 -0.27862256 0.14274348
v -0.34983207 -0.27267021 0.14723166
v -0.33298514 -0.27384443 0.15366435
v -0.05749044 -0.31451360 0.05663941
v -0.08036021 -0.32112476 0.01899997
v -0.19354052 -0.31672091 0.02139384
v -0.19883353 -0.31427901 0.03417028
v -0.18163262 -0.31583265 0.03062902
v -0.19665721 -0.31851221 0.00848034
v -0.18338563 -0.31830338 0.01481058
v -0.16971829 -0.31811374 0.02018895
v -0.17436251 -0.31363076 0.04536645
v -0.16507699 -0.31577151 0.03548693
v -0.18695792 -0.31336470 0.04332573
v -0.20945411 -0.31214286 0.04268434
v -0.19812371 -0.31128071 0.05117059
v -0.21466782 -0.31371594 0.03159070
v -0.46938884 -0.24823630 -0.27661066
v -0.47315530 -0.24163007 -0.28969974
v -0.48237660 -0.24157265 -0.27525752
v -0.47589984 -0.24805080 -0.26658935
v -0.46752288 -0.25311054 -0.26440500
v -0.45828634 -0.25503549 -0.27305017
v -0.45794142 -0.24970509 -0.28931803
v -0.47510609 -0.25165324 -0.25576817
v -0.46681803 -0.25648045 -0.25378868
v -0.45843410 -0.25894774 -0.25965792
v -0.05725356 -0.30593803 0.09597484
v -0.06030119 -0.30277723 0.10896509
v -0.05249183 -0.30894577 0.08305409
v -0.06619762 -0.30838050 0.08501579
v -0.07030620 -0.30506442 0.09911887
v -0.03889586 -0.30929647 0.08168489
v -0.39435128 -0.28219167 0.07139131
v -0.38856770 -0.28055364 0.08549827
v -0.38224334 -0.28411965 0.07588182
v -0.39768050 -0.28398233 0.05800542
v -0.40936865 -0.27947306 0.06474667
v -0.40263617 -0.27767453 0.08189208
v -0.37306179 -0.28318592 0.08903347
v -0.38278234 -0.27898274 0.09800405
v -0.39558063 -0.27603305 0.09678796
v -0.55830483 -0.21605966 -0.04597031
v -0.55075143 -0.22287387 -0.04548481
v -0.55754860 -0.21765537 -0.05730580
v -0.55632657 -0.21666166 -0.03513867
v -0.56280731 -0.21084305 -0.04040624
v -0.56306427 -0.21173598 -0.05133321
v -0.38211719 -0.30103956 -0.05123554
v -0.39133392 -0.29971074 -0.06451536
v -0.37742025 -0.30298801 -0.06676246
v -0.37226644 -0.30204852 -0.03702045
v -0.36809514 -0.30417882 -0.05273060
v -0.38933952 -0.30085137 -0.08219293
v -0.40254274 -0.29736835 -0.07503817
v -0.48707354 -0.23306766 0.11066537
v -0.48630091 -0.23763886 0.09832189
v -0.49591825 -0.23060200 0.10201951
v -0.49471921 -0.22575152 0.11789597
v -0.48163568 -0.23146282 0.12388623
v -0.47592216 -0.23945972 0.11037742
v -0.49621000 -0.23539239 0.08667391
v -0.47637984 -0.24433176 0.09475274
v -0.48538543 -0.24243660 0.08458294
v -0.50517340 -0.22793391 0.09190182
v -0.50488893 -0.22335014 0.10587573
v -0.20800478 -0.27520711 0.19491087
v -0.42281833 -0.27471391 -0.25727260
v -0.41551864 -0.27348351 -0.27267607
v -0.42874400 -0.26847687 -0.27235736
v -0.41056793 -0.28154975 -0.24695551
v -0.40762542 -0.27919466 -0.26152789
v -0.42221875 -0.27859701 -0.24158958
v -0.43600493 -0.27262013 -0.24425614
v -0.43751234 -0.26790755 -0.26118466
v -0.47962974 -0.23291065 -0.30302931
v -0.49218781 -0.22891873 -0.29435760
v -0.05886274 -0.33492856 -0.14935880
v -0.05284605 -0.33524780 -0.13621747
v -0.04588738 -0.33532380 -0.14845400
v -0.07141334 -0.33444521 -0.15291535
v -0.06769031 -0.33480086 -0.13664847
v -0.05203070 -0.33485365 -0.16080189
v -0.06293242 -0.33451916 -0.16075774
v -0.03204914 -0.33568897 -0.15041659
v -0.04130055 -0.33523137 -0.15943627
v -0.03802487 -0.33563066 -0.13397469
v -0.52039724 -0.18306887 0.16882801
v -0.51262095 -0.18919974 0.17090915
v -0.51990797 -0.18903873 0.15857350
v -0.52527049 -0.17556220 0.17268645
v -0.51520385 -0.18007036 0.18247776
v -0.52835107 -0.18049726 0.15862103
v -0.50953187 -0.19823297 0.15820225
v -0.52065674 -0.19462814 0.14591102
v -0.52714042 -0.18737070 0.14820972
v -0.50552026 -0.18855919 0.18345152
v -0.50457663 -0.19494393 0.17310436
v -0.06776506 -0.33149410 -0.20754653
v -0.06015322 -0.33092025 -0.21723361
v -0.08098820 -0.33140245 -0.20202763
v -0.07086633 -0.33251205 -0.19349737
v -0.06957851 -0.33021207 -0.22004006
v -0.07996053 -0.33016085 -0.21571964
v -0.05918039 -0.33276213 -0.19631437
v -0.06221512 -0.32956806 -0.22882490
v -0.22765428 -0.30856351 0.05505188
v -0.22182865 -0.31126216 0.04277080
v -0.23608587 -0.31007331 0.04314122
v -0.23306457 -0.30614920 0.06544525
v -0.21944675 -0.30642523 0.06896633
v -0.24116817 -0.30723064 0.05638599
v -0.21352549 -0.30973813 0.05418321
v -0.20889187 -0.32209756 -0.02467042
v -0.20726053 -0.32359726 -0.03783384
v -0.22217672 -0.32198095 -0.03232542
v -0.21737069 -0.32070752 -0.01765591
v -0.20190748 -0.32063286 -0.00925670
v -0.19623840 -0.32300956 -0.02582370
v -0.54102982 -0.17990295 0.13304940
v -0.54200278 -0.18523427 0.12001072
v -0.54754032 -0.17714266 0.12324300
v -0.54818734 -0.17026598 0.13401469
v -0.54095905 -0.17447021 0.14332437
v -0.53444061 -0.18136899 0.14482086
v -0.53144537 -0.19039630 0.13274694
v -0.55083077 -0.17960543 0.11003135
v -0.55419827 -0.17052944 0.11897689
v -0.54363762 -0.19043638 0.10438350
v -0.53596677 -0.19328498 0.11660067
v -0.06340796 -0.28968243 0.15825685
v -0.06114009 -0.29497431 0.13909387
v -0.07993581 -0.29342509 0.14451079
v -0.07965442 -0.28839277 0.16270877
v -0.06860707 -0.28594960 0.17133696
v -0.04896593 -0.29159081 0.15151422
v -0.07523081 -0.29797579 0.12749601
v -0.09295678 -0.29070489 0.15423637
v -0.06177988 -0.29930086 0.12270240
v -0.08037350 -0.31344596 0.06065044
v -0.08819384 -0.31105048 0.07141403
v -0.07439919 -0.31091554 0.07310191
v -0.09308993 -0.31387713 0.05729345
v -0.06916902 -0.31328059 0.06226448
v -0.10394850 -0.31151512 0.06773000
v -0.08199145 -0.30767895 0.08717295
v -0.09596887 -0.30874807 0.08142431
v -0.26025917 -0.29072043 0.12445024
v -0.24887626 -0.29048069 0.12957228
v -0.25060892 -0.29285479 0.11935459
v -0.27272405 -0.29162225 0.11566879
v -0.27186856 -0.28821299 0.12988233
v -0.26051669 -0.29393036 0.11101252
v -0.25639170 -0.28682699 0.14104414
v -0.28520278 -0.28907275 0.12064493
v -0.27318535 -0.29510146 0.10040779
v -0.28418320 -0.29230417 0.10752572
v -0.31565906 -0.31059903 -0.02198880
v -0.32592970 -0.30812054 -0.01409074
v -0.31219136 -0.30981229 -0.01118848
v -0.30229287 -0.31221357 -0.02020502
v -0.31288488 -0.31231667 -0.03488199
v -0.32515774 -0.30996161 -0.02928623
v -0.28857155 -0.31275756 -0.01006640
v -0.28662709 -0.31483469 -0.02574373
v -0.29913743 -0.31412359 -0.03398295
v -0.30119191 -0.31025938 -0.00312969
v -0.26731266 -0.29751020 0.09241328
v -0.02479084 -0.30946332 0.08092476
v -0.03389237 -0.31231061 0.06784382
v -0.04772665 -0.31187560 0.06976412
v -0.06111353 -0.31139164 0.07161653
v -0.27639624 -0.31132660 0.01129470
v -0.27606705 -0.31318186 -0.00187829
v -0.28789377 -0.31079408 0.00541454
v -0.26352270 -0.31317458 0.00802664
v -0.26964249 -0.31041198 0.02226925
v -0.28488060 -0.30863730 0.02251185
v -0.56789456 -0.16551730 -0.29167676
v -0.55980780 -0.17625888 -0.28946396
v -0.55920732 -0.17076992 -0.30149546
v -0.57258753 -0.16686638 -0.27752068
v -0.56616121 -0.17304923 -0.28146332
v -0.26960957 -0.32256782 -0.11581107
v -0.26252085 -0.32306739 -0.10330475
v -0.25630241 -0.32395226 -0.11513450
v -0.26423883 -0.32324099 -0.12531052
v -0.27595494 -0.32159982 -0.10484644
v -0.28111466 -0.32120979 -0.11639814
v -0.26956632 -0.32189265 -0.09200979
v -0.25535345 -0.32334094 -0.09016581
v -0.24806442 -0.32446027 -0.10185865
v -0.24118551 -0.32531881 -0.11484791
v -0.25219137 -0.32439024 -0.12988747
v -0.12655153 -0.29057849 0.15297693
v -0.11367972 -0.29086138 0.15289553
v -0.51723014 -0.24274579 -0.18432964
v -0.52517501 -0.23550437 -0.19519079
v -0.52818900 -0.23860325 -0.16437774
v -0.52067087 -0.24258572 -0.17190443
v -0.52252423 -0.23376627 -0.21229027
v -0.51359948 -0.24217853 -0.20005095
v -0.50955900 -0.24952515 -0.17118928
v -0.50511958 -0.24949087 -0.18835631
v -0.55842419 -0.20801518 0.00068262
v -0.56018656 -0.20932800 -0.01416709
v -0.56629487 -0.20123188 -0.00774647
v -0.56484339 -0.19919055 0.00820715
v -0.55623520 -0.20646984 0.01654979
v -0.54661727 -0.21412514 0.02368590
v -0.32189438 -0.31532487 -0.12233837
v -0.33282215 -0.31333749 -0.13238039
v -0.33484134 -0.31305873 -0.11773054
v -0.30869386 -0.31743723 -0.12416255
v -0.32388114 -0.31485516 -0.10798463
v -0.31367240 -0.31662590 -0.11309566
v -0.30236809 -0.31825244 -0.11082990
v -0.31166464 -0.31660729 -0.10039570
v -0.35106109 -0.28841303 -0.29040786
v -0.36037666 -0.28309639 -0.30025873
v -0.36568579 -0.28515731 -0.28810051
v -0.34518809 -0.29349028 -0.27636466
v -0.33358178 -0.29316349 -0.28805792
v -0.35911468 -0.28986263 -0.27689416
v -0.34208765 -0.28734038 -0.30206940
v -0.35143287 -0.28530072 -0.30123609
v -0.33350464 -0.29693951 -0.27300004
v -0.31691050 -0.29506998 -0.29421551
v -0.31877144 -0.29911203 -0.27618951
v -0.37465862 -0.27436128 0.12302113
v -0.38958054 -0.26968385 0.12617749
v -0.38602220 -0.27495438 0.11049057
v -0.37003590 -0.27928545 0.10806511
v -0.36319953 -0.27369039 0.13457914
v -0.36210126 -0.27735121 0.12216931
v -0.56818623 -0.20243874 -0.17623011
v -0.56203267 -0.20770516 -0.18309776
v -0.42579477 -0.26588752 0.09977121
v -0.43338002 -0.26425878 0.09473865
v -0.42302898 -0.26901195 0.09150929
v -0.44210246 -0.25777439 0.10439910
v -0.44698471 -0.26101681 0.08574124
v -0.43284271 -0.26876145 0.07799895
v -0.55337459 -0.17909439 -0.29776501
v -0.54997810 -0.18767066 -0.28624721
v -0.54558985 -0.18428111 -0.30281916
v -0.55135092 -0.17577368 -0.30830467
v -0.54730528 -0.19616527 -0.27236773
v -0.53761044 -0.20069551 -0.28218117
v -0.53801512 -0.19361672 -0.29772030
v -0.55589997 -0.18932898 -0.26908350
v -0.56083101 -0.18086673 -0.27729169
v -0.54349558 -0.16564985 0.15182295
v -0.53640643 -0.17474537 0.15256274
v -0.53755496 -0.16193242 0.16952100
v -0.53374160 -0.17115623 0.16362893
v -0.55173490 -0.16167464 0.13978011
v -0.20693515 -0.30544422 0.07788098
v -0.19977709 -0.30304255 0.09112276
v -0.19325201 -0.30648424 0.07685135
v -0.20396912 -0.30820048 0.06529516
v -0.21760471 -0.30261639 0.08775232
v -0.02019001 -0.33190284 -0.05703189
v -0.01212354 -0.33423906 -0.08222542
v -0.56424677 -0.21301179 -0.09224729
v -0.55985526 -0.21726136 -0.08645370
v -0.55706514 -0.21988815 -0.09910260
v -0.56687557 -0.21020495 -0.10274758
v -0.57077656 -0.20590835 -0.09112448
v -0.56542884 -0.21134349 -0.08107322
v -0.55418168 -0.22249284 -0.08568296
v -0.54788956 -0.22801465 -0.10348926
v -0.55205981 -0.22404613 -0.11504281
v -0.54803384 -0.22791357 -0.09138253
v -0.56186791 -0.21494466 -0.11515252
v -0.48170148 -0.25339490 -0.23524839
v -0.47421099 -0.25913756 -0.22703930
v -0.47209535 -0.25666158 -0.24241843
v -0.48300635 -0.24974815 -0.24695051
v -0.47706275 -0.26060371 -0.21256433
v -0.46517661 -0.26553645 -0.21728925
v -0.46241774 -0.26378543 -0.23204735
v -0.45994600 -0.26165066 -0.24643986
v -0.40201710 -0.25676660 0.15428235
v -0.39575132 -0.26487435 0.13641655
v -0.39239990 -0.25655953 0.16368213
v -0.40532746 -0.25111163 0.16631699
v -0.39271950 -0.25142125 0.17710982
v -0.38167704 -0.25614990 0.17394622
v -0.25831576 -0.30029088 -0.30625817
v -0.14667431 -0.32905472 -0.06264998
v -0.13333827 -0.32935866 -0.05917465
v -0.13859709 -0.32997506 -0.06995152
v -0.14209260 -0.32800739 -0.04835668
v -0.15185135 -0.32656301 -0.03792823
v -0.16489751 -0.32632443 -0.04130849
v -0.48519525 -0.26477412 -0.02656263
v -0.47643489 -0.26975725 -0.03518352
v -0.48722359 -0.26500917 -0.03968482
v -0.49726159 -0.25927383 -0.03457971
v -0.49427650 -0.25897426 -0.01769217
v -0.48181286 -0.26462930 -0.01124888
v -0.47307780 -0.26983094 -0.02017772
v -0.49503839 -0.26165439 -0.04983835
v -0.48132840 -0.26860855 -0.05169341
v -0.46398773 -0.27457128 -0.02842064
v -0.46678899 -0.27460836 -0.04408234
v -0.13874686 -0.32665911 -0.21885131
v -0.12399287 -0.32833832 -0.21140649
v -0.12743953 -0.32619465 -0.22816481
v -0.15228515 -0.32498879 -0.22574175
v -0.15023197 -0.32687444 -0.21100452
v -0.13745928 -0.32857526 -0.20171077
v -0.14122221 -0.32451541 -0.23452641
v -0.15798653 -0.32206786 -0.24373087
v -0.16569689 -0.32375846 -0.22862710
v -0.16021330 -0.32553336 -0.21754617
v -0.51343001 -0.17194673 0.19810520
v -0.52066638 -0.16269991 0.19939315
v -0.41957138 -0.27886880 0.05306041
v -0.42481429 -0.27484033 0.06421662
v -0.40867417 -0.28322807 0.04598463
v -0.41725965 -0.27394028 0.07901692
v -0.02346972 -0.28994519 0.15688532
v -0.58519093 -0.18789583 -0.12109792
v -0.58606928 -0.18562438 -0.13782305
v -0.59043926 -0.18033217 -0.12644264
v -0.59183106 -0.17858998 -0.11203059
v -0.57822903 -0.19710224 -0.11644058
v -0.57917112 -0.19527615 -0.13081602
v -0.58393443 -0.18979460 -0.10339125
v -0.59233644 -0.17674240 -0.13599973
v -0.51164924 -0.25195506 -0.13754646
v -0.51846112 -0.24692636 -0.14835100
v -0.52424023 -0.24400415 -0.13788453
v -0.50061533 -0.25870425 -0.13303928
v -0.50025999 -0.25781751 -0.14639124
v -0.52037477 -0.24755735 -0.12179183
v -0.50675705 -0.25597497 -0.11996499
v -0.50971326 -0.25160308 -0.15432623
v -0.41974709 -0.28595043 -0.20611256
v -0.40899291 -0.28809922 -0.21522196
v -0.41954209 -0.28396735 -0.21925892
v -0.40710593 -0.29071962 -0.20147813
v -0.42784429 -0.28164486 -0.21549934
v -0.43309413 -0.28123133 -0.20536627
v -0.42646812 -0.28539727 -0.19255663
v -0.41512610 -0.28921276 -0.19331559
v -0.39866678 -0.29212493 -0.20954726
v -0.41241617 -0.28422859 -0.23065885
v -0.42832296 -0.27901016 -0.22854383
v -0.44726057 -0.28325287 -0.12540678
v -0.45413439 -0.28120763 -0.10991589
v -0.43956574 -0.28648543 -0.11159327
v -0.45579941 -0.27906933 -0.14157315
v -0.46155195 -0.27775830 -0.12480190
v -0.43901460 -0.28557562 -0.13925936
v -0.43292002 -0.28840510 -0.12438671
v -0.46904398 -0.27518257 -0.11144725
v -0.47003933 -0.27359084 -0.13588874
v -0.47260591 -0.27319158 -0.12396967
v -0.41403630 -0.29405918 -0.06975953
v -0.45500000 -0.24344125 0.12989788
v -0.44932782 -0.25061335 0.11685133
v -0.46248877 -0.24508260 0.11451018
v -0.46846050 -0.23761498 0.12705016
v -0.46039821 -0.23588995 0.14304490
v -0.44626560 -0.24188112 0.14552053
v -0.44145838 -0.24895198 0.13223456
v -0.45702755 -0.25240815 0.09987469
v -0.46799492 -0.24633068 0.10243211
v -0.50695960 -0.23173528 -0.25963681
v -0.50075713 -0.23886030 -0.24871316
v -0.49478005 -0.23797220 -0.26396678
v -0.51380760 -0.22337924 -0.27097602
v -0.51753771 -0.22611850 -0.25478349
v -0.51060188 -0.23312378 -0.24700805
v -0.50288373 -0.23028141 -0.27219574
v -0.49125137 -0.24387523 -0.25134908
v -0.48397232 -0.24553531 -0.26006227
v -0.49364043 -0.23328581 -0.28015424
v -0.38212405 -0.30296371 -0.09766664
v -0.37658374 -0.30444472 -0.11167957
v -0.39534411 -0.29973089 -0.09827054
v -0.36705069 -0.30638202 -0.09803273
v -0.37236459 -0.30477384 -0.08275356
v -0.36222336 -0.30764131 -0.11240035
v -0.40859410 -0.29616371 -0.10800847
v -0.49258084 -0.25587381 -0.19294416
v -0.47985725 -0.26185866 -0.19731458
v -0.45163326 -0.27084956 -0.22151752
v -0.45014607 -0.26810313 -0.23788419
v -0.46733875 -0.26713491 -0.20251492
v -0.45717489 -0.27083208 -0.20842925
v -0.53016992 -0.16776797 0.17567333
v -0.53049433 -0.15959754 0.18605121
v -0.52273939 -0.16980175 0.18584492
v -0.04345185 -0.31428144 0.05824123
v -0.37378137 -0.27984719 -0.29808684
v -0.37084691 -0.28657120 -0.27744429
v -0.37852272 -0.28217993 -0.28546617
v -0.36789070 -0.27724999 -0.31135576
v -0.23242097 -0.31525806 -0.25097915
v -0.22312173 -0.31810550 -0.23885098
v -0.22589160 -0.31341817 -0.26391530
v -0.24861058 -0.31372334 -0.25135142
v -0.23985524 -0.31718235 -0.23551604
v -0.24053535 -0.31209978 -0.26399764
v -0.26711257 -0.32065165 -0.18520141
v -0.26820236 -0.32156095 -0.17107103
v -0.25555699 -0.32251420 -0.17578209
v -0.27920212 -0.31845229 -0.19432347
v -0.28011757 -0.31960492 -0.17935397
v -0.25300005 -0.32160076 -0.19022635
v -0.26507076 -0.31947100 -0.20003259
v -0.25746113 -0.32312831 -0.16222542
v -0.27938121 -0.32059356 -0.16469557
v -0.26816143 -0.32218933 -0.15872454
v -0.49149477 -0.25263139 0.03046734
v -0.48315287 -0.25487193 0.04126081
v -0.47966229 -0.25969784 0.02632285
v -0.49246414 -0.24945564 0.04258124
v -0.50117779 -0.24586522 0.03539903
v -0.49109169 -0.25565125 0.01600002
v -0.50063329 -0.24922939 0.02133039
v -0.47383519 -0.26005381 0.03957242
v -0.46525209 -0.26550783 0.03226562
v -0.46974806 -0.26662415 0.01392782
v -0.48210436 -0.26119210 0.01143674
v -0.48682939 -0.24948884 0.05549751
v -0.47403819 -0.25687942 0.05312288
v -0.35930994 -0.30352166 -0.02480522
v -0.35839189 -0.30523622 -0.04090222
v -0.37563177 -0.29946190 -0.01761738
v -0.10808803 -0.32305664 0.00258275
v -0.09640227 -0.32416053 -0.00276592
v -0.10856008 -0.32505231 -0.01160995
v -0.12063130 -0.32380597 -0.00540516
v -0.11881113 -0.32185463 0.00838376
v -0.10811530 -0.32124274 0.01438687
v -0.09549941 -0.32173871 0.01323360
v -0.23984286 -0.28885464 0.13883659
v -0.24216719 -0.28556131 0.15059051
v -0.26545882 -0.28243402 0.15422954
v -0.25071721 -0.28263969 0.15853925
v -0.27167946 -0.28508429 0.14211491
v -0.28001388 -0.28206069 0.15002138
v -0.28406151 -0.28548685 0.13543081
v -0.30796593 -0.28181043 0.13835388
v -0.30514040 -0.27817568 0.15294258
v -0.29458232 -0.28205341 0.14376677
v -0.31755667 -0.28367653 0.12612475
v -0.29998451 -0.28588183 0.12643415
v -0.31706771 -0.27360303 0.16299074
v -0.28939768 -0.27825000 0.15974190
v -0.16830150 -0.31563304 -0.27634695
v -0.17810448 -0.31670224 -0.26709476
v -0.16411028 -0.31874476 -0.26147954
v -0.15396069 -0.31767867 -0.27139070
v -0.01733932 -0.32437921 -0.28161225
v -0.57345548 -0.19893661 -0.16178268
v -0.58010369 -0.19114069 -0.16034937
v -0.57813692 -0.19509896 -0.14732530
v -0.57747932 -0.19233555 -0.17286623
v -0.56969424 -0.20461190 -0.15059383
v -0.56549362 -0.20755867 -0.16265463
v -0.58565122 -0.18254301 -0.16674900
v -0.58446353 -0.18635146 -0.15261644
v -0.59016065 -0.17331227 -0.18092551
v -0.01958729 -0.32556215 -0.00591606
v -0.03272634 -0.32677701 -0.01575742
v -0.01989938 -0.32763152 -0.02084476
v -0.04486813 -0.32808693 -0.02678933
v -0.03188722 -0.32875488 -0.03090425
v -0.44701608 -0.25815010 -0.28026271
v -0.44837792 -0.26163591 -0.26681379
v -0.15093278 -0.32948767 -0.18147410
v -0.14063297 -0.32961050 -0.18813745
v -0.15098880 -0.32829587 -0.19622453
v -0.16505105 -0.32801002 -0.18937922
v -0.16062213 -0.32938697 -0.17438036
v -0.14819773 -0.33064410 -0.16450199
v -0.14091786 -0.33040693 -0.17677052
v -0.16211112 -0.32670754 -0.20566425
v -0.13325969 -0.32977574 -0.19138838
v -0.13052809 -0.33067520 -0.18106674
v -0.06460260 -0.28219960 0.18392722
v -0.05867370 -0.27786388 0.19794142
v -0.34765061 -0.28483863 0.10315618
v -0.33715801 -0.28786209 0.09701017
v -0.34997298 -0.28648037 0.09431155
v -0.35205821 -0.28129326 0.11423752
v -0.33994702 -0.28431967 0.11046796
v -0.35868346 -0.28377157 0.09912111
v -0.34723878 -0.28861665 0.08641641
v -0.35844637 -0.28684746 0.08546265
v -0.32198878 -0.28918099 0.10081800
v -0.32381152 -0.29216489 0.08572898
v -0.33883798 -0.29072411 0.08240760
v -0.32739243 -0.28581300 0.11200893
v -0.45363422 -0.28161015 -0.09393806
v -0.44150642 -0.28591166 -0.08718859
v -0.44443156 -0.28497904 -0.10035447
v -0.46280983 -0.27803977 -0.10049181
v -0.45260080 -0.28175684 -0.07706880
v -0.43828603 -0.28666762 -0.07154678
v -0.42642118 -0.29069330 -0.08104423
v -0.43274004 -0.28891448 -0.09784600
v -0.58479885 -0.17726637 -0.19865639
v -0.59258400 -0.17247140 -0.16536499
v -0.58193722 -0.18452153 -0.18390261
v -0.45708456 -0.26665012 0.04512325
v -0.44421674 -0.27188807 0.04511676
v -0.45333684 -0.27027086 0.03470269
v -0.46654435 -0.26238931 0.04523347
v -0.45048623 -0.26666234 0.05789649
v -0.46201295 -0.26191357 0.05653788
v -0.45569922 -0.27140910 0.02204062
v -0.44390905 -0.27474376 0.03007770
v -0.43818299 -0.27087065 0.06083145
v -0.43097691 -0.27573441 0.05022214
v -0.43490545 -0.27660014 0.03848863
v -0.02310799 -0.33500923 -0.09747797
v -0.03101367 -0.33540227 -0.10979403
v -0.03707693 -0.33476663 -0.09782335
v -0.01843454 -0.33570016 -0.11115054
v -0.51690563 -0.23466278 -0.22520091
v -0.51961592 -0.22935831 -0.23851320
v -0.52476856 -0.22909919 -0.22597111
v -0.23570686 -0.32165663 -0.20530378
v -0.22608057 -0.32308864 -0.19878830
v -0.22770021 -0.32186110 -0.20937862
v -0.23656622 -0.32002949 -0.21793144
v -0.24933108 -0.32030564 -0.20628542
v -0.23843850 -0.32254025 -0.19394651
v -0.22450580 -0.32452000 -0.18320835
v -0.21263097 -0.32450351 -0.19405682
v -0.21726638 -0.32291686 -0.20685598
v -0.22259971 -0.32122579 -0.21777762
v -0.59116281 -0.17674549 -0.15066884
v -0.57219517 -0.20309247 -0.13716156
v -0.45491670 -0.27403521 -0.19402570
v -0.44596505 -0.27588351 -0.20677586
v -0.46891612 -0.26897772 -0.18556866
v -0.45740952 -0.27488985 -0.18041417
v -0.44677813 -0.27918843 -0.18103726
v -0.44012566 -0.28023442 -0.19306612
v -0.18891638 -0.32893647 -0.10169694
v -0.17696414 -0.32981266 -0.10916418
v -0.09430395 -0.33392542 -0.13241290
v -0.09585883 -0.33359130 -0.15090763
v -0.10808641 -0.33330080 -0.14221340
v -0.08548122 -0.33415509 -0.11601750
v -0.07988892 -0.33444924 -0.12959393
v -0.09856413 -0.33375844 -0.11845539
v -0.08224203 -0.33424959 -0.14375423
v -0.10985397 -0.33334477 -0.12547092
v -0.06943122 -0.33468426 -0.11881264
v -0.08431172 -0.33375532 -0.09987136
v -0.07496939 -0.33427734 -0.10652917
v -0.09660739 -0.33356140 -0.10598899
v -0.55777349 -0.21337146 -0.17355251
v -0.55320756 -0.21938564 -0.16172420
v -0.55928250 -0.21414183 -0.16008950
v -0.55582344 -0.21844855 -0.14903771
v -0.54499446 -0.22700716 -0.15509689
v -0.08401989 -0.32332445 0.00472852
v -0.08588656 -0.32511634 -0.00784922
v -0.09575150 -0.32611158 -0.01695854
v -0.10172392 -0.31639060 -0.29650579
v -0.09413736 -0.31866979 -0.28785821
v -0.11107592 -0.31360426 -0.30613244
v -0.10635476 -0.31888368 -0.28235934
v -0.11249368 -0.31612227 -0.29423332
v -0.55986004 -0.19586126 0.04113960
v -0.55373981 -0.20468448 0.03307268
v -0.56323188 -0.19653928 0.02549016
v -0.56594683 -0.19036196 0.03623200
v -0.56505335 -0.18772357 0.04739730
v -0.55834890 -0.19296118 0.05535145
v -0.55201699 -0.20188813 0.04903984
v -0.50113116 -0.25147407 0.00728057
v -0.50361213 -0.25235455 -0.00827452
v -0.51177554 -0.24580198 0.00175006
v -0.50811118 -0.24614914 0.01374121
v -0.49056580 -0.25857556 -0.00023805
v -0.21546669 -0.32621411 -0.16807482
v -0.23065782 -0.32507998 -0.16804985
v -0.19987290 -0.32744283 -0.16570201
v -0.22226967 -0.32624984 -0.15785481
v -0.20662253 -0.32607102 -0.17986584
v -0.32928963 -0.27077550 0.16615716
v -0.32172416 -0.26922665 0.17513873
v -0.32070900 -0.31409072 -0.17052634
v -0.33020893 -0.31243281 -0.16958143
v -0.33425073 -0.31223591 -0.15950179
v -0.33258747 -0.31300712 -0.14740427
v -0.23500112 -0.28246558 0.16392114
v -0.22911573 -0.28661980 0.15044575
v -0.23419990 -0.27869449 0.17732201
v -0.22349569 -0.28024840 0.17475619
v -0.21973450 -0.28393347 0.16270522
v -0.24575721 -0.27910652 0.17260094
v -0.55638206 -0.16228671 0.12762686
v -0.56164631 -0.16252592 0.11349999
v -0.55877472 -0.17141402 0.10530383
v -0.36118778 -0.30648349 -0.06760707
v -0.35694963 -0.30807869 -0.08431486
v -0.38322973 -0.25197500 0.18389235
v -0.38929018 -0.24713721 0.19082814
v -0.37471145 -0.25462689 0.18358708
v -0.37698230 -0.24987394 0.19398927
v -0.40352560 -0.24480212 0.18391694
v -0.57086111 -0.19036930 0.01486423
v -0.57601286 -0.18214699 0.02017016
v -0.01379653 -0.30055935 0.11778870
v -0.24944291 -0.31384277 0.01308152
v -0.24288356 -0.31579833 0.00387774
v -0.25773599 -0.31179034 0.02133290
v -0.24545773 -0.31168684 0.02894518
v -0.25287872 -0.31523057 0.00118117
v -0.34255117 -0.30584688 -0.21210968
v -0.33676647 -0.30810121 -0.20390196
v -0.11708644 -0.27960002 0.19141504
v -0.10373324 -0.27961008 0.19186874
v -0.12614775 -0.27762153 0.19732175
v -0.12600525 -0.28093995 0.18650933
v -0.11635329 -0.28355608 0.17824023
v -0.08160205 -0.33308963 -0.08528476
v -0.09503521 -0.33298655 -0.09094804
v -0.09174581 -0.33212344 -0.07530893
v -0.07195087 -0.33384188 -0.09411528
v -0.07798788 -0.33219163 -0.07117041
v -0.29253139 -0.31445226 -0.21495417
v -0.28932233 -0.31635834 -0.20244585
v -0.27767108 -0.31687024 -0.21069873
v -0.28370192 -0.31448994 -0.22357659
v -0.29593599 -0.31179380 -0.23034466
v -0.42804257 -0.23196203 0.19076389
v -0.41828266 -0.23904023 0.18384183
v -0.43181589 -0.23643184 0.17633114
v -0.43730137 -0.23106007 0.18333070
v -0.43715997 -0.22622239 0.19437081
v -0.34505254 -0.29836668 -0.25404898
v -0.32922328 -0.30072535 -0.25924331
v -0.24802579 -0.32432907 -0.15424206
v -0.24482299 -0.32408076 -0.16566841
v -0.25884071 -0.32349364 -0.14735683
v -0.24133495 -0.32348032 -0.17958308
v -0.46166271 -0.25527439 0.08268844
v -0.46758561 -0.24975043 0.09204183
v -0.39927421 -0.26688831 -0.31161154
v -0.39706853 -0.27259058 -0.29718801
v -0.38420335 -0.27308436 -0.30853899
v -0.42135578 -0.26744989 -0.28546234
v -0.40737355 -0.27271865 -0.28537833
v -0.39284430 -0.27859343 -0.28220315
v -0.38542553 -0.27740235 -0.29438171
v -0.28043125 -0.31089408 -0.24857966
v -0.27900560 -0.30875845 -0.26071686
v -0.29321049 -0.30743220 -0.25749666
v -0.26598656 -0.31155957 -0.25374518
v -0.27122808 -0.31337658 -0.24047793
v -0.28207602 -0.31291994 -0.23547865
v -0.29114619 -0.31039882 -0.24337986
v -0.31100094 -0.30417535 -0.25924785
v -0.30382535 -0.30821229 -0.24454101
v -0.14660326 -0.31106127 0.06451883
v -0.15650629 -0.30937058 0.07104778
v -0.14141547 -0.30826092 0.07883489
v -0.15944446 -0.31277638 0.05326421
v -0.13382381 -0.31098356 0.06685507
v -0.14197848 -0.31343504 0.05312840
v -0.58174783 -0.17645547 -0.21785615
v -0.26264703 -0.31582610 -0.01120553
v -0.51815912 -0.24973362 -0.09546849
v -0.51413988 -0.25213477 -0.10871809
v -0.52271666 -0.24669913 -0.10711561
v -0.52839276 -0.24290541 -0.09647214
v -0.52378184 -0.24568988 -0.07992108
v -0.50829613 -0.25577907 -0.09863415
v -0.51048551 -0.25423687 -0.08184122
v -0.50729181 -0.25627648 -0.10863261
v -0.49929395 -0.26077187 -0.09005304
v -0.49905072 -0.26079719 -0.10667647
v -0.44582535 -0.22687622 0.18349989
v -0.45553621 -0.22129660 0.18473429
v -0.44660565 -0.22112236 0.19540017
v -0.45465438 -0.22751347 0.17150561
v -0.44334675 -0.23284404 0.17224124
v -0.45529481 -0.21546099 0.19757387
v -0.46529903 -0.22097636 0.17337286
v -0.46520250 -0.21463143 0.18739217
v -0.53683100 -0.21422639 0.05696378
v -0.53101338 -0.21508217 0.07063229
v -0.52908239 -0.22046695 0.05818174
v -0.53267807 -0.22089448 0.04560774
v -0.54348472 -0.21215657 0.04236053
v -0.54452011 -0.20659730 0.05853754
v -0.53881361 -0.20943181 0.06704312
v -0.22109797 -0.29387165 0.12458439
v -0.22553482 -0.29038387 0.13713865
v -0.21337976 -0.29169478 0.13534389
v -0.21457999 -0.29701999 0.11345024
v -0.22906922 -0.29654937 0.11103899
v -0.20688901 -0.29447673 0.12591729
v -0.23726276 -0.29278829 0.12404585
v -0.52431376 -0.24178173 -0.02883103
v -0.52366372 -0.24369850 -0.04279066
v -0.53380612 -0.23568685 -0.03609304
v -0.51672728 -0.24510849 -0.01560124
v -0.51551784 -0.24818035 -0.03262657
v -0.53070541 -0.23550484 -0.01692289
v -0.52286361 -0.22722687 0.05110668
v -0.51259479 -0.23670096 0.04252909
v -0.52587112 -0.22880025 0.03583859
v -0.52077040 -0.22430037 0.06728908
v -0.51470757 -0.23140884 0.05799089
v -0.51988597 -0.23579372 0.02526685
v -0.52945917 -0.22959511 0.02107072
v -0.53641345 -0.22167889 0.03009480
v -0.49913807 -0.24364116 0.05002530
v -0.50993628 -0.24258837 0.02526257
v -0.50573244 -0.23707716 0.05957531
v -0.20099440 -0.29761350 0.11452886
v -0.22090625 -0.29928932 0.10182908
v -0.20850760 -0.30002937 0.10222061
v -0.20079699 -0.29143143 0.13927541
v -0.19081311 -0.29503757 0.12728123
v -0.18853433 -0.29868104 0.11296281
v -0.19700028 -0.30025689 0.10431718
v -0.09251293 -0.32972133 -0.04779005
v -0.10914894 -0.32880445 -0.04375361
v -0.09455358 -0.32797907 -0.03216210
v -0.08062198 -0.33022662 -0.04978392
v -0.08654837 -0.33111839 -0.06083761
v -0.08097318 -0.32889113 -0.03748436
v -0.10295331 -0.33076555 -0.06265132
v -0.08027716 -0.32685613 -0.02047973
v -0.06961104 -0.32985060 -0.04446809
v -0.06796855 -0.32820969 -0.02985790
v -0.48682705 -0.20334186 0.18238727
v -0.47657521 -0.21340423 0.17536752
v -0.48856662 -0.20988816 0.16633168
v -0.49062402 -0.19569204 0.19227819
v -0.48214968 -0.19862874 0.19802623
v -0.49719644 -0.19578729 0.18265498
v -0.49765596 -0.20184337 0.16981762
v -0.47447374 -0.20681299 0.19184671
v -0.49270413 -0.26354467 -0.12223970
v -0.48841444 -0.26630562 -0.10951016
v -0.48073981 -0.26976159 -0.11703149
v -0.48123772 -0.26884837 -0.13035182
v -0.49079506 -0.26356758 -0.13828528
v -0.22787030 -0.32042349 -0.02175160
v -0.23725181 -0.32043618 -0.02931140
v -0.22620552 -0.31943889 -0.01254375
v -0.23644121 -0.31899910 -0.01601234
v -0.48897062 -0.26619089 -0.09697100
v -0.18538518 -0.29123727 0.14311740
v -0.17481326 -0.29444580 0.13264413
v -0.17929918 -0.29722576 0.12083737
v -0.40998007 -0.27260428 0.09395381
v -0.07251959 -0.32465043 -0.00320990
v -0.55156344 -0.18410492 0.09877689
v -0.55615614 -0.17820404 0.09919172
v -0.29450964 -0.31692424 -0.18813375
v -0.29082684 -0.31863491 -0.17247002
v -0.37485157 -0.30208267 -0.17685649
v -0.38186591 -0.29875224 -0.19336887
v -0.39155771 -0.29733917 -0.18205437
v -0.38872778 -0.29946952 -0.16574975
v -0.05046639 -0.33459668 -0.09997983
v -0.22193291 -0.31159169 -0.27464099
v -0.22652568 -0.30877089 -0.28552138
v -0.23377899 -0.31036224 -0.27542818
v -0.25085223 -0.31996366 -0.03714195
v -0.26515123 -0.31914238 -0.04393975
v -0.26287655 -0.31788709 -0.02896173
v -0.24936310 -0.31846919 -0.02185650
v -0.26802571 -0.32006200 -0.05846543
v -0.27926655 -0.31811417 -0.05060361
v -0.27613877 -0.31713398 -0.03578203
v -0.19592912 -0.28783377 0.15377899
v -0.17004153 -0.29089999 0.14697564
v -0.32447992 -0.31252646 -0.18216765
v -0.53036492 -0.23143371 0.00925362
v -0.47982106 -0.26853810 -0.14428209
v -0.47823763 -0.26806348 -0.15795272
v -0.48923545 -0.26310725 -0.15273082
v -0.46875197 -0.27311604 -0.15006690
v -0.13737879 -0.28001822 0.18868545
v -0.13249049 -0.28374506 0.17657830
v -0.22118545 -0.32674180 -0.14589454
v -0.23470218 -0.32545035 -0.15347686
v -0.10834567 -0.32692645 -0.02635474
v -0.12161657 -0.32572784 -0.02020123
v -0.12186515 -0.30535394 0.09439849
v -0.13121302 -0.30409757 0.09901213
v -0.13842447 -0.30194283 0.10732013
v -0.12641852 -0.30831904 0.08051487
v -0.13231002 -0.30626870 0.08930053
v -0.11024047 -0.30778132 0.08452981
v -0.09587300 -0.30563188 0.09523683
v -0.55105328 -0.19821720 0.06374509
v -0.39727015 -0.29269520 -0.00008673
v -0.38420898 -0.29620124 -0.00400444
v -0.54002873 -0.20039496 0.08883844
v -0.53079995 -0.21028329 0.08555412
v -0.53703507 -0.20774797 0.07690934
v -0.54369069 -0.20296638 0.07218116
v -0.54961509 -0.19479404 0.07763372
v -0.53060587 -0.20626524 0.09722926
v -0.54960748 -0.18992908 0.09014187
v -0.53394289 -0.19971107 0.10599158
v -0.52288835 -0.21308437 0.09663257
v -0.52231689 -0.21830624 0.08269353
v -0.16531418 -0.30954339 -0.30477647
v -0.11754869 -0.33285927 -0.11201659
v -0.10644929 -0.33334862 -0.11207347
v -0.12308915 -0.33229457 -0.10065250
v -0.10956682 -0.33276635 -0.09828737
v -0.41172903 -0.28839094 0.00501960
v -0.39886457 -0.29033819 0.01604070
v -0.38308859 -0.29445511 0.01232838
v -0.09755677 -0.33288467 -0.16886602
v -0.08391462 -0.33379350 -0.15973022
v -0.08371512 -0.33315735 -0.17487118
v -0.09396263 -0.33215782 -0.18463654
v -0.11044617 -0.33224041 -0.17143852
v -0.10905270 -0.33285058 -0.15829684
v -0.10601236 -0.33179051 -0.18233992
v -0.11776662 -0.33131867 -0.18116621
v -0.12227006 -0.33190411 -0.16666416
v -0.53155422 -0.23879275 -0.05173669
v -0.52188151 -0.24608172 -0.06047418
v -0.53639199 -0.23616916 -0.06898291
v -0.54093065 -0.23150031 -0.05032473
v -0.54120900 -0.23331315 -0.08427483
v -0.54778344 -0.22765332 -0.07768283
v -0.54863224 -0.22597469 -0.06226356
v -0.53393803 -0.23882202 -0.08549213
v -0.16329515 -0.27773406 0.19369008
v -0.15119554 -0.27881323 0.19141452
v -0.48549151 -0.24622720 0.07108889
v -0.47775115 -0.25187708 0.06563155
v -0.49529905 -0.24239113 0.06423639
v -0.50116837 -0.23644692 0.07282921
v -0.49281747 -0.24069159 0.07597291
v -0.35606904 -0.30000911 0.01081299
v -0.34659449 -0.29959281 0.02547221
v -0.34074147 -0.30233563 0.01311070
v -0.34650328 -0.30304086 0.00046807
v -0.37108115 -0.29830207 0.00168533
v -0.36879299 -0.29698595 0.01584221
v -0.35873245 -0.30174962 -0.00735650
v -0.33330631 -0.30514078 0.00073253
v -0.23160848 -0.30566151 -0.29642260
v -0.22931748 -0.30219638 -0.31028487
v -0.46799416 -0.27004016 -0.00386692
v -0.47862401 -0.26441285 0.00186452
v -0.45784636 -0.27262820 0.00833554
v -0.45167576 -0.27669084 -0.00395522
v -0.46196307 -0.27408309 -0.01528698
v -0.41324168 -0.29469169 -0.08241577
v -0.41854668 -0.29330291 -0.09515909
v -0.13491784 -0.33117931 -0.16896686
v -0.11325754 -0.33083156 -0.19118251
v -0.12444711 -0.32998229 -0.19424307
v -0.45247384 -0.27970563 -0.03583599
v -0.45647430 -0.27931687 -0.05208808
v -0.43874489 -0.28456862 -0.03561282
v -0.44568894 -0.28298873 -0.04650842
v -0.45224018 -0.27838614 -0.02002221
v -0.44262229 -0.28234417 -0.02499068
v -0.32419585 -0.31431499 -0.09229281
v -0.33718826 -0.31239728 -0.10264963
v -0.32408875 -0.31358698 -0.07558074
v -0.30807447 -0.31638993 -0.08272633
v -0.34003485 -0.31130367 -0.08503087
v -0.48688336 -0.26268911 -0.16719906
v -0.49871786 -0.25703680 -0.16161651
v -0.49610103 -0.25638548 -0.17726889
v -0.47511482 -0.26805795 -0.17106084
v -0.48333443 -0.26248457 -0.18195549
v -0.45160089 -0.23438195 0.15839286
v -0.43812577 -0.23962235 0.16127047
v -0.46565952 -0.22746740 0.15745522
v -0.21280843 -0.28808748 0.14913713
v -0.49742571 -0.18919521 0.19444236
v -0.50537496 -0.18100515 0.19648334
v -0.53675215 -0.23491011 -0.14008942
v -0.53747976 -0.23560662 -0.12439932
v -0.53024357 -0.24067417 -0.12751790
v -0.52707619 -0.24092747 -0.15119340
v -0.53505925 -0.23473372 -0.15573966
v -0.54811307 -0.22587205 -0.14061255
v -0.54569336 -0.22884934 -0.12752862
v -0.34536171 -0.31108872 -0.12746276
v -0.35753708 -0.30867138 -0.12506800
v -0.01437583 -0.33052049 -0.04350032
v -0.57062324 -0.18347798 0.03905107
v -0.57050571 -0.17912716 0.05117820
v -0.56404820 -0.18394760 0.06100538
v -0.57611802 -0.16983584 0.05360852
v -0.56986285 -0.17434116 0.06504597
v -0.57606093 -0.17521653 0.04039339
v -0.57480111 -0.18050485 0.03097232
v -0.57036880 -0.18739459 0.02783628
v -0.53920383 -0.23499559 -0.09818546
v -0.54244394 -0.23219569 -0.11361882
v -0.53167913 -0.24029961 -0.11279093
v -0.15349532 -0.30625088 0.08629530
v -0.15146970 -0.30304560 0.10087511
v -0.14126063 -0.30503667 0.09362484
v -0.16234516 -0.30432388 0.09355813
v -0.16848190 -0.30700394 0.08008866
v -0.20479938 -0.32152634 -0.22538932
v -0.19360739 -0.32193277 -0.22798135
v -0.21583237 -0.32040276 -0.22761828
v -0.17948734 -0.32281878 -0.22866527
v -0.17344866 -0.32170552 -0.23937905
v -0.17555002 -0.31942340 -0.25269201
v -0.35310661 -0.29421588 -0.26485077
v -0.34112906 -0.29697574 -0.26541484
v -0.01772450 -0.31285606 0.06540417
v -0.01804159 -0.31610893 0.04956670
v -0.03175584 -0.31562852 0.05155863
v -0.36868703 -0.29021509 -0.26456473
v -0.46442035 -0.24084240 -0.30423003
v -0.48433725 -0.23580384 -0.28862500
v -0.51042091 -0.23114906 0.06984805
v -0.17119169 -0.32491837 -0.21663581
v -0.33447592 -0.29381181 0.06986931
v -0.31668801 -0.29655837 0.06868896
v -0.28538338 -0.29890974 0.07634342
v -0.29937526 -0.29782012 0.07357168
v -0.29159421 -0.29494968 0.09173209
v -0.27501913 -0.29811262 0.08568532
v -0.28940637 -0.30121911 0.06227135
v -0.07781875 -0.32859127 -0.23065170
v -0.05107983 -0.32895038 -0.23832358
v -0.15009336 -0.31570521 0.03927717
v -0.13467442 -0.31609606 0.04002811
v -0.15543707 -0.31795104 0.02494424
v -0.14405276 -0.31761676 0.02963482
v -0.44606186 -0.28359102 -0.06031018
v -0.43624773 -0.28700821 -0.06084677
v -0.45784839 -0.27944780 -0.06485863
v -0.55696653 -0.18953856 0.06937915
v -0.46905926 -0.27195125 -0.16185495
v -0.46372793 -0.27325332 -0.17127939
v -0.52487476 -0.21809794 -0.26336755
v -0.52792511 -0.22042557 -0.24887959
v -0.56185744 -0.17379743 0.09171447
v -0.56614369 -0.16397602 0.09816453
v -0.23978104 -0.30702259 -0.28765087
v -0.24724042 -0.30881811 -0.27672364
v -0.25515084 -0.31036524 -0.26572254
v -0.25485111 -0.30496271 -0.28996143
v -0.25872225 -0.30752926 -0.27753212
v -0.24345002 -0.30317894 -0.30140749
v -0.07253907 -0.30160907 0.11328976
v -0.44342937 -0.27730182 0.01395832
v -0.43737385 -0.28114995 0.00128828
v -0.43145785 -0.27949911 0.02746315
v -0.42546902 -0.28339543 0.01306978
v -0.41771711 -0.24838013 0.16120766
v -0.41413444 -0.24539995 0.17248453
v -0.41364773 -0.25353909 0.15150579
v -0.50440703 -0.21948393 0.11762821
v -0.49942881 -0.21903852 0.12769272
v -0.48855496 -0.22253825 0.13640173
v -0.42532288 -0.29118777 -0.11026755
v -0.40458756 -0.29719324 -0.09028275
v -0.41899014 -0.29291586 -0.12352098
v -0.39459430 -0.28221545 -0.26655566
v -0.38164515 -0.28471143 -0.27231136
v -0.40384092 -0.27738303 -0.27371548
v -0.47458904 -0.24962402 0.07994267
v -0.56312754 -0.21129455 -0.15284896
v -0.55653893 -0.21916038 -0.13096001
v -0.56424121 -0.21115363 -0.14139708
v -0.12016913 -0.32735694 -0.03343961
v -0.13639551 -0.32419691 -0.01265537
v -0.13527340 -0.32656199 -0.03169976
v -0.12646908 -0.32839382 -0.04568237
v -0.42640626 -0.28921348 -0.15172210
v -0.41421334 -0.29243677 -0.16276626
v -0.40307298 -0.29500827 -0.17221655
v -0.38561616 -0.29571532 -0.20961388
v -0.39506209 -0.29476923 -0.19723130
v -0.55713533 -0.19690618 -0.24518652
v -0.55100863 -0.19843055 -0.25732775
v -0.56342639 -0.18297241 -0.26588293
v -0.54311549 -0.20695252 -0.25321048
v -0.54105558 -0.20419934 -0.26599351
v -0.25070400 -0.30840061 0.04534734
v -0.26065386 -0.30944023 0.03393729
v -0.26545984 -0.30629810 0.04902436
v -0.22897343 -0.31284730 0.03039871
v -0.33559042 -0.30909852 -0.03772438
v -0.34657320 -0.30789325 -0.04608248
v -0.34664137 -0.30659291 -0.03164127
v -0.33370310 -0.31059010 -0.05227194
v -0.33547440 -0.30791895 -0.02554368
v -0.32525706 -0.31106210 -0.04097810
v -0.06391998 -0.32640674 -0.01524837
v -0.21040799 -0.32229388 -0.21642946
v -0.16980070 -0.31028114 0.06399202
v -0.26625776 -0.27485186 0.18022602
v -0.47958859 -0.27068732 -0.10419475
v -0.47116366 -0.27457111 -0.09896765
v -0.18722811 -0.31517506 -0.27142106
v -0.07886389 -0.28399018 0.17789878
v -0.52411152 -0.23526844 0.01384270
v -0.51638876 -0.24076335 0.01335001
v -0.17387327 -0.31985548 0.00765184
v -0.15918226 -0.32040608 0.00808366
v -0.18541051 -0.32030297 0.00037742
v -0.17195491 -0.32171630 -0.00504253
v -0.15604480 -0.32324294 -0.01139457
v -0.14454077 -0.31950429 0.01788983
v -0.14273965 -0.32178474 0.00310409
v -0.18194299 -0.31130559 0.05585874
v -0.17136151 -0.31210494 0.05445287
v -0.19177339 -0.30925323 0.06369509
v -0.18111161 -0.30849716 0.07022709
v -0.18111125 -0.30605837 0.08193781
v -0.12748443 -0.33051449 -0.07097498
v -0.11908253 -0.32988775 -0.05880897
v -0.27739969 -0.31465164 -0.01452359
v -0.27312184 -0.31616709 -0.02332899
v -0.22736336 -0.32575971 -0.08722219
v -0.24030875 -0.32467747 -0.08805817
v -0.21553833 -0.32690173 -0.09451460
v -0.23253979 -0.32576214 -0.10002283
v -0.21823520 -0.32616876 -0.08087430
v -0.30474445 -0.30017411 0.05796210
v -0.30816651 -0.29471095 0.08348267
v -0.30922693 -0.29164802 0.09717111
v -0.19038970 -0.32734707 -0.17714181
v -0.17427983 -0.32847400 -0.17549093
v -0.51902246 -0.24523796 -0.16026940
v -0.52079460 -0.20025005 0.13341256
v -0.51162872 -0.20703271 0.13545649
v -0.51802263 -0.20729423 0.12231013
v -0.52768414 -0.19983341 0.11996371
v -0.51409559 -0.20133019 0.14401332
v -0.50707185 -0.20563510 0.14679387
v -0.50817781 -0.21364319 0.12569123
v -0.50059900 -0.21314609 0.14011248
v -0.51403152 -0.21507006 0.11032935
v -0.52469037 -0.20704014 0.10878311
v -0.31606797 -0.30730824 0.00361134
v -0.02537056 -0.33139698 -0.22671245
v -0.02246056 -0.33000055 -0.24028436
v -0.15766153 -0.29432634 0.13562870
v -0.15635325 -0.29019171 0.15154777
v -0.16573383 -0.32976838 -0.16188029
v -0.25939255 -0.27900081 0.16858509
v -0.27399176 -0.27853540 0.16492734
v -0.16686416 -0.29777715 0.12064219
v -0.17662318 -0.30009603 0.10936972
v -0.01996595 -0.33607439 -0.14875016
v -0.02333453 -0.33601941 -0.13697757
v -0.28904561 -0.32001371 -0.10762205
v -0.42938297 -0.24823165 0.14863540
v -0.42508868 -0.24299652 0.16722339
v -0.33310815 -0.26688454 0.17621011
v -0.34796242 -0.26424389 0.17505937
v -0.35178647 -0.25873157 0.18845816
v -0.34170074 -0.26941849 0.16314582
v -0.43812465 -0.27719932 -0.21801424
v -0.34860108 -0.30925149 -0.07308233
v -0.35196878 -0.30952222 -0.09937213
v -0.34818579 -0.31052850 -0.11404789
v -0.40493533 -0.29302008 -0.18749684
v -0.58211636 -0.17084456 -0.23453481
v -0.57614588 -0.16861793 -0.26267344
v -0.56833927 -0.17540434 -0.27052894
v -0.42660756 -0.29010135 -0.13537240
v -0.18736354 -0.30425666 0.08882601
v -0.18735083 -0.30170846 0.10022199
v -0.17519394 -0.30361116 0.09431886
v -0.44104179 -0.27369016 -0.23009931
v -0.34373183 -0.30528144 -0.01464359
v -0.46767297 -0.25634450 0.06805574
v -0.07535195 -0.27897555 0.19443887
v -0.09060813 -0.28175019 0.18521416
v -0.08928756 -0.27778869 0.19813882
v -0.53662279 -0.18853105 -0.31100735
v -0.13013366 -0.32430610 -0.24102953
v -0.14088450 -0.32234691 -0.24946702
v -0.24601423 -0.31707091 -0.00774551
v -0.57366527 -0.20227688 -0.12537121
v -0.56675921 -0.20954939 -0.12753644
v -0.50547606 -0.23140129 0.08049474
v -0.51326132 -0.22571371 0.08116368
v -0.08367050 -0.30063094 0.11682782
v -0.08329761 -0.30377755 0.10391070
v -0.21284007 -0.32587500 -0.06938719
v -0.20571436 -0.32521520 -0.05432631
v -0.33660537 -0.31113296 -0.06808085
v -0.34740704 -0.30874468 -0.06016731
v -0.14823323 -0.32520966 -0.02436438
v -0.16140694 -0.32510610 -0.02833120
v -0.56695391 -0.20347450 -0.02250473
v -0.57265405 -0.19849139 -0.03364257
v -0.57886704 -0.19264622 -0.04838853
v -0.44428703 -0.28248650 -0.15660279
v -0.42523320 -0.28851687 -0.16737259
v -0.43438442 -0.28555484 -0.16487890
v -0.45233056 -0.27823331 -0.16974623
v -0.45907219 -0.27650864 -0.15856744
v -0.44227788 -0.28216933 -0.17017905
v -0.25800115 -0.31504865 -0.23837016
v -0.49221020 -0.26387373 -0.06444128
v -0.54322391 -0.22850872 -0.03730830
v -0.54070325 -0.22898285 -0.02473943
v -0.54891846 -0.22277979 -0.02999461
v -0.09368843 -0.28627180 0.16984582
v -0.10225357 -0.28349907 0.17908552
v -0.47409796 -0.22967911 0.14004682
v -0.50751607 -0.25370855 -0.03698639
v -0.50602679 -0.25310438 -0.02439073
v -0.50423077 -0.25638897 -0.04612911
v -0.51349643 -0.25077758 -0.04687360
v -0.21275399 -0.28150980 0.17293101
v -0.20548520 -0.28432035 0.16453096
v -0.21411790 -0.27865590 0.18233508
v -0.20097440 -0.28015693 0.17984371
v -0.27468338 -0.30762653 0.03599857
v -0.02061346 -0.32927689 -0.03379951
v -0.48959448 -0.21548042 0.15220771
v -0.47894951 -0.22217493 0.15207800
v -0.15055130 -0.29901147 0.11790889
v -0.16365387 -0.30136078 0.10622141
v -0.14303034 -0.29575740 0.13192300
v -0.35652788 -0.30659388 -0.05348934
v -0.26576895 -0.32300467 -0.13605282
v -0.10656288 -0.28610717 0.17005029
v -0.10457198 -0.28911713 0.15957950
v -0.11570767 -0.28788565 0.16338528
v -0.43470396 -0.26249747 -0.28392329
v -0.36479022 -0.25409256 0.19207417
v -0.36606151 -0.26028016 0.17419107
v -0.35686731 -0.26697545 0.16094717
v -0.28046792 -0.30451536 0.05005136
v -0.25346186 -0.27603172 0.18064761
v -0.09178963 -0.32108597 -0.27561567
v -0.18914279 -0.27629527 0.19471369
v -0.03888433 -0.32802004 -0.24999539
v -0.02344422 -0.32792549 -0.25621713
v -0.03656869 -0.33024034 -0.23293956
v -0.42379312 -0.27984339 0.04063527
v -0.14838263 -0.28335094 0.17650733
v -0.43328297 -0.28460570 -0.17834962
v -0.41749636 -0.28993581 -0.17911645
v -0.07284808 -0.32261485 0.01049059
v -0.41712715 -0.28359885 0.02942714
v -0.41108444 -0.28682891 0.01891933
v -0.40236425 -0.28737214 0.03080078
v -0.43943535 -0.26386355 -0.27305404
v -0.49890773 -0.20756710 0.15568910
v -0.42938638 -0.28631576 -0.02216938
v -0.31018736 -0.31498778 -0.06348029
v -0.32477075 -0.31272560 -0.06198373
v -0.31856980 -0.31282435 -0.05017565
v -0.30411383 -0.31462347 -0.04689482
v -0.29388061 -0.31676523 -0.05666041
v -0.29718354 -0.31726212 -0.07023870
v -0.28986062 -0.31604174 -0.04169009
v -0.13554225 -0.31838772 0.02675586
v -0.13021876 -0.32033287 0.01572804
v -0.19824125 -0.32802020 -0.09205023
v -0.20537007 -0.32702845 -0.08038324
v -0.20404012 -0.32804911 -0.10703945
v -0.12740032 -0.31344354 0.05539126
v -0.11963053 -0.31555596 0.04539763
v -0.12431724 -0.31799601 0.03102775
v -0.56975495 -0.16737721 0.08040395
v -0.05675493 -0.32918203 -0.03698432
v -0.05624988 -0.32762977 -0.02401314
v -0.07320380 -0.33115689 -0.05802413
v -0.11942951 -0.31093305 0.06891751
v -0.51595166 -0.25058791 -0.07104748
v -0.49958417 -0.26036173 -0.07573737
v -0.50682630 -0.25566249 -0.06206197
v -0.25278309 -0.31786835 -0.22297247
v -0.26981059 -0.31568437 -0.22637819
v -0.58144156 -0.19123931 -0.06318995
v -0.56953943 -0.20410318 -0.04797091
v -0.57502384 -0.19916872 -0.06285036
v -0.58528706 -0.18684474 -0.07097108
v -0.11566224 -0.32746149 -0.22335181
v -0.30021904 -0.30803821 0.01375800
v -0.02052197 -0.32603075 -0.27020778
v -0.10620808 -0.31478104 0.05122300
v -0.11522871 -0.31328214 0.05787743
v -0.29722176 -0.29039154 0.10920266
v -0.31228805 -0.28788205 0.11194608
v -0.10318537 -0.33082197 -0.19682407
v -0.08214632 -0.33239721 -0.18863836
v -0.09090268 -0.33143081 -0.19647225
v -0.52370751 -0.23786981 0.00054569
v -0.04763110 -0.33533611 -0.12320456
v -0.04318828 -0.33516949 -0.11053871
v -0.03735796 -0.33553483 -0.11991633
v -0.05866481 -0.33507791 -0.12564569
v -0.05550387 -0.33496337 -0.11353746
v -0.06353177 -0.33445798 -0.10366280
v -0.58629323 -0.18622560 -0.08491897
v -0.58011922 -0.19393320 -0.07487250
v -0.57289406 -0.20284115 -0.07744820
v -0.57845582 -0.19668042 -0.08924173
v -0.56604876 -0.20951437 -0.06463657
v -0.57510621 -0.20099611 -0.10307440
v -0.17223490 -0.32365853 -0.02026612
v -0.17503772 -0.32517600 -0.03495092
v -0.12081544 -0.31713740 -0.28640688
v -0.55727010 -0.21898062 -0.07365496
v -0.09384212 -0.33001977 -0.21031708
v -0.01747951 -0.30641184 0.09415093
v -0.28676059 -0.30603370 0.03740062
v -0.29513896 -0.30338515 0.04684086
v -0.55454168 -0.21636107 -0.02162055
v -0.58003787 -0.17387484 0.02729796
v -0.18519869 -0.32229419 -0.01455335
v -0.59060663 -0.18050497 -0.09692026
v -0.56225564 -0.17977768 0.07700194
v -0.55635797 -0.18218076 0.08972593
v -0.55518672 -0.18727047 0.08089397
v -0.06277191 -0.33333870 -0.18593752
v -0.05966557 -0.33410927 -0.17342525
v -0.07199025 -0.33330843 -0.18054558
v -0.29766543 -0.31848358 -0.09608296
v -0.28340772 -0.32029362 -0.09377085
v -0.29098237 -0.31873898 -0.08165132
v -0.28232667 -0.31896879 -0.06691886
v -0.27660491 -0.32052068 -0.08064567
v -0.22246500 -0.32680485 -0.11420046
v -0.19827515 -0.32668403 -0.06708598
v -0.29845369 -0.30565022 0.03092746
v -0.22761549 -0.31946160 -0.22770422
v -0.22103259 -0.32698276 -0.13173030
v -0.14308939 -0.29184919 0.14683354
v -0.18386192 -0.32390240 -0.02733800
v -0.42597628 -0.28546118 -0.00467676
v -0.11052031 -0.31744439 0.03632404
v -0.10232002 -0.31944159 0.02612380
v -0.11569060 -0.31978008 0.02197191
v -0.15337337 -0.28711079 0.16303720
v -0.14815401 -0.28924714 0.15601932
v -0.13859101 -0.31974212 -0.26596522
v -0.07234912 -0.33395533 -0.16703924
v -0.13981548 -0.28758234 0.16265503
v -0.12626564 -0.28673192 0.16674847
v -0.19086773 -0.32492308 -0.04108755
v -0.19142347 -0.32623604 -0.05568827
v -0.23536478 -0.32587174 -0.12871920
v -0.23129742 -0.32609767 -0.14030017
v -0.44499221 -0.26595399 0.07043330
v -0.51396050 -0.22068177 0.09482039
v -0.34266557 -0.31011795 -0.16751722
v -0.38782288 -0.29116053 0.02872782
v -0.48153424 -0.21645176 0.16205219
v -0.53134102 -0.21016022 -0.27167899
v -0.52615463 -0.20941693 -0.28422875
v -0.10613142 -0.33199125 -0.08072737
v -0.56688387 -0.20555758 -0.03436653
v -0.56147300 -0.21045266 -0.02785465
v -0.11484333 -0.32988728 -0.20112735
v -0.10911065 -0.32913220 -0.21155905
v -0.10267703 -0.32786287 -0.22587963
v -0.02492444 -0.31823213 0.03818828
v -0.02676047 -0.33581033 -0.12272913
v -0.43995283 -0.28190263 -0.01226703
v -0.08947438 -0.32884181 -0.22361125
v -0.26301819 -0.31817667 -0.21327106
v -0.24350865 -0.32503536 -0.14226606
v -0.11547735 -0.33104807 -0.07165405
v -0.12193149 -0.33165041 -0.08568468
v -0.44858630 -0.26526759 -0.25277928
v -0.45573241 -0.26139600 0.07018374
v -0.15109209 -0.32023304 -0.25828476
v -0.47368194 -0.22030007 0.16405786
v -0.57067500 -0.20593385 -0.11508460
v -0.26296360 -0.32202260 -0.07936639
v -0.53467130 -0.21234854 -0.25799079
v -0.52263235 -0.21563450 -0.27521092
v -0.26964140 -0.32074796 -0.07037299
v -0.12982208 -0.32247600 0.00170732
f 592 1069 1070
f 1070 1420 1419
f 1004 974 931
f 717 721 587
f 647 1545 646
f 36 40 37
f 1068 592 587
f 643 645 644
f 643 644 647
f 430 39 38
f 145 1544 144
f 859 860 719
f 421 427 425
f 1138 1543 148
f 145 148 1543
f 421 425 424
f 1367 1369 1371
f 1367 1370 1369
f 933 973 975
f 144 1544 1545
f 790 796 1004
f 1079 1692 427
f 1695 1646 1370
f 1372 1371 1692
f 40 12 1677
f 35 37 38
f 717 720 719
f 1695 1419 1646
f 1694 1677 12
f 791 796 790
f 933 975 931
f 973 1138 461
f 860 861 783
f 789 792 791
f 1372 1692 1079
f 426 424 430
f 932 1004 931
f 859 719 720
f 717 587 588
f 1070 1419 1230
f 421 422 427
f 792 795 1694
f 859 861 860
f 647 716 1545
f 421 424 426
f 37 40 1659
f 790 1004 932
f 592 1070 591
f 422 1079 427
f 586 587 592
f 1367 1371 1366
f 1366 1371 1372
f 644 716 647
f 708 644 645
f 40 1677 1659
f 143 148 145
f 143 145 144
f 975 973 460
f 708 645 711
f 1367 1368 1370
f 789 791 790
f 717 718 720
f 1138 148 457
f 429 430 38
f 973 461 460
f 144 1545 1459
f 717 588 718
f 789 795 792
f 795 1677 1694
f 591 1070 1230
f 461 1138 457
f 1695 1370 1368
f 586 592 591
f 716 1459 1545
f 1695 1696 1419
f 1419 1696 1230
f 426 430 429
f 38 37 1574
f 1373 1372 1079
f 584 588 587
f 37 1659 1656
f 926 932 931
f 584 587 586
f 975 928 931
f 1366 1372 1373
f 859 720 555
f 421 423 422
f 1043 1367 1366
f 421 426 423
f 859 555 861
f 422 1078 1079
f 1043 1368 1367
f 429 38 1574
f 1678 1659 1677
f 790 932 927
f 143 149 148
f 1574 37 1656
f 926 931 928
f 147 144 1459
f 709 716 644
f 143 144 147
f 789 790 794
f 708 711 710
f 708 709 644
f 591 1230 1229
f 149 457 148
f 1373 1079 1078
f 1229 1230 1696
f 975 460 458
f 720 718 557
f 588 589 718
f 1695 1697 1696
f 456 460 461
f 1678 1656 1659
f 1680 1677 795
f 1695 1368 1414
f 716 715 1459
f 1366 1373 1042
f 456 461 457
f 423 1078 422
f 926 927 932
f 586 591 585
f 426 429 428
f 789 793 795
f 975 458 928
f 584 589 588
f 1043 1366 1042
f 555 720 557
f 790 927 794
f 1678 1677 1680
f 584 586 585
f 426 428 423
f 1695 1414 1697
f 708 710 709
f 782 861 556
f 555 556 861
f 789 794 793
f 143 146 149
f 589 557 718
f 147 1459 715
f 709 715 716
f 143 147 146
f 456 458 460
f 1043 1044 1368
f 1229 1696 1278
f 591 1229 593
f 429 1574 1573
f 1696 1697 1278
f 1574 1656 1658
f 1044 1414 1368
f 925 926 928
f 1041 1373 1078
f 1678 1658 1656
f 361 457 149
f 1041 1042 1373
f 585 591 593
f 428 429 1573
f 925 927 926
f 1680 795 1682
f 793 1682 795
f 361 456 457
f 1039 1043 1042
f 423 672 1078
f 552 555 557
f 584 590 589
f 593 1229 1278
f 1039 1044 1043
f 552 556 555
f 584 585 590
f 458 700 928
f 1678 1680 1679
f 423 428 671
f 1414 1276 1697
f 560 557 589
f 1457 146 147
f 146 359 149
f 927 1005 794
f 794 1560 793
f 782 556 1355
f 1039 1042 1041
f 1278 1697 1276
f 1041 1078 672
f 709 710 714
f 147 715 1458
f 1678 1679 1658
f 456 459 458
f 925 928 700
f 709 712 715
f 1574 1658 1657
f 1574 1657 1573
f 361 149 359
f 423 671 672
f 1044 1269 1414
f 925 929 927
f 710 1556 714
f 794 1005 1560
f 428 1573 1572
f 560 589 590
f 1457 359 146
f 585 593 594
f 1457 147 1458
f 552 557 554
f 1680 1682 733
f 1269 1276 1414
f 793 1752 1682
f 927 929 1005
f 459 700 458
f 554 557 560
f 361 360 456
f 428 1572 671
f 793 1560 1752
f 585 594 590
f 1679 1680 733
f 1458 715 712
f 1039 1045 1044
f 552 553 556
f 456 360 459
f 1272 593 1278
f 1039 1041 1040
f 1272 1278 1276
f 1573 1657 1735
f 1573 1735 1572
f 1045 1269 1044
f 709 713 712
f 709 714 713
f 925 700 930
f 556 561 1355
f 1679 1681 1658
f 1041 672 673
f 925 930 929
f 1681 1657 1658
f 552 554 553
f 1005 1561 1560
f 354 361 359
f 669 672 671
f 593 1279 594
f 1457 356 359
f 559 560 590
f 732 733 1682
f 732 1682 1752
f 553 561 556
f 1039 1040 1045
f 1560 1561 1752
f 459 701 700
f 1269 1275 1276
f 1457 1458 356
f 554 560 559
f 671 1572 670
f 1040 1041 673
f 1005 929 1447
f 1679 733 734
f 354 360 361
f 1272 1279 593
f 590 594 1512
f 1458 712 1461
f 1272 1276 1275
f 669 673 672
f 1735 1657 511
f 1735 1736 1572
f 1679 734 1681
f 1005 1447 1561
f 1354 1355 561
f 669 671 670
f 1445 929 930
f 1045 1163 1269
f 354 359 356
f 360 169 459
f 512 1657 1681
f 713 1461 712
f 1026 930 700
f 670 1572 1736
f 1026 700 701
f 594 1279 1512
f 459 169 701
f 1445 1447 929
f 512 511 1657
f 1269 1163 1275
f 729 733 732
f 1509 559 590
f 372 373 714
f 713 714 373
f 1735 511 1736
f 729 734 733
f 1458 1460 356
f 554 558 553
f 1561 739 1752
f 732 1752 739
f 1509 590 1512
f 1458 1461 1460
f 554 559 558
f 553 562 561
f 1040 1162 1045
f 1028 1445 930
f 354 168 360
f 1272 1275 1274
f 1272 1277 1279
f 1040 673 674
f 360 168 169
f 1026 1028 930
f 1026 701 169
f 1045 1162 1163
f 669 338 673
f 553 558 562
f 669 670 335
f 1354 561 1211
f 512 1681 509
f 1681 734 1686
f 507 511 512
f 1447 1446 1561
f 670 1736 1691
f 1163 1164 1275
f 1736 511 510
f 729 730 734
f 1518 1512 1279
f 713 1732 1461
f 1029 1447 1445
f 1509 1513 559
f 1211 561 562
f 729 732 731
f 369 373 372
f 1274 1275 1164
f 353 354 356
f 1446 739 1561
f 559 1513 558
f 731 732 739
f 1040 674 1162
f 713 373 1733
f 355 356 1460
f 1272 1274 1273
f 507 510 511
f 1028 1029 1445
f 1272 1273 1277
f 1460 1461 1754
f 1518 1279 1277
f 338 674 673
f 507 512 509
f 1681 1686 509
f 669 335 338
f 335 670 1691
f 1736 510 1691
f 1686 734 730
f 1509 1512 1511
f 729 731 730
f 1029 1446 1447
f 1354 1211 1209
f 1026 1027 1028
f 713 1733 1732
f 1026 169 165
f 167 168 354
f 1158 1164 1163
f 1158 1163 1162
f 1732 1754 1461
f 353 356 355
f 1511 1512 1518
f 558 1212 562
f 1027 1029 1028
f 355 1460 1754
f 161 169 168
f 1509 1510 1513
f 353 167 354
f 1211 562 1212
f 369 371 373
f 1274 1164 1159
f 1514 558 1513
f 371 1733 373
f 507 508 510
f 507 509 508
f 737 739 1446
f 1509 1511 1510
f 735 1686 730
f 731 739 737
f 1274 1159 1273
f 731 735 730
f 1691 510 1585
f 1518 1277 1280
f 1026 162 1027
f 161 165 169
f 334 335 1691
f 1273 1280 1277
f 1026 165 162
f 1158 1159 1164
f 333 338 335
f 674 1185 1162
f 161 168 167
f 1510 1514 1513
f 1305 509 1686
f 338 336 674
f 1029 1361 1446
f 1206 1209 1211
f 508 1585 510
f 558 1629 1212
f 1158 1162 1161
f 1732 1733 1755
f 1514 1629 558
f 334 1691 1585
f 1732 1417 1754
f 1027 1030 1029
f 333 335 334
f 1206 1211 1212
f 1305 508 509
f 1511 1518 1517
f 355 1754 1418
f 735 1304 1686
f 353 355 358
f 731 738 735
f 369 370 371
f 333 336 338
f 1518 1280 1517
f 1273 1159 1281
f 371 374 1733
f 1162 1185 1161
f 1206 1210 1209
f 731 737 736
f 1273 1281 1280
f 1158 1160 1159
f 674 336 1185
f 1510 1511 1515
f 737 1446 1362
f 1732 1755 1417
f 353 357 167
f 1027 162 1030
f 1305 1686 1304
f 1029 1030 1361
f 374 1755 1733
f 1446 1361 1362
f 159 165 161
f 159 162 165
f 1754 1417 1418
f 731 736 738
f 1158 1161 1160
f 1510 1516 1514
f 355 1418 358
f 1583 1585 508
f 1511 1517 1515
f 738 1304 735
f 161 167 166
f 353 358 357
f 334 1585 1584
f 333 334 339
f 370 374 371
f 1514 1516 1629
f 1629 1208 1212
f 1206 1212 1208
f 1510 1515 1516
f 1305 1302 508
f 167 357 166
f 1159 1160 1181
f 1583 1584 1585
f 1159 1181 1281
f 1517 1280 1728
f 1281 1728 1280
f 736 737 1375
f 334 1584 339
f 1583 508 1302
f 1206 1213 1210
f 1375 737 1362
f 333 337 336
f 162 163 1030
f 159 161 160
f 159 163 162
f 839 1417 1755
f 336 1184 1185
f 1180 1161 1185
f 161 166 160
f 333 339 337
f 374 839 1755
f 1303 1304 738
f 1178 1160 1161
f 1356 1361 1030
f 840 1418 1417
f 1301 1305 1304
f 1517 1435 1515
f 738 736 1374
f 1356 1362 1361
f 1629 1516 1599
f 357 358 993
f 992 358 1418
f 1629 1599 1208
f 1515 1436 1516
f 1178 1181 1160
f 370 375 374
f 1180 1185 1184
f 1301 1302 1305
f 336 337 1251
f 1374 736 1375
f 1178 1161 1180
f 1563 1728 1281
f 1303 738 1374
f 840 1417 839
f 336 1251 1184
f 1206 1208 1207
f 1181 1563 1281
f 1517 1728 530
f 163 1360 1030
f 1583 1174 1584
f 1375 1362 1357
f 1301 1304 1303
f 1515 1435 1436
f 1584 1177 339
f 1206 1207 1213
f 1517 530 1435
f 1583 1302 1174
f 370 158 376
f 840 992 1418
f 1356 1030 1360
f 357 665 166
f 159 160 164
f 374 375 839
f 992 993 358
f 159 164 163
f 1356 1357 1362
f 1177 337 339
f 662 160 166
f 357 993 665
f 370 376 375
f 1174 1177 1584
f 1599 1731 1208
f 1178 1182 1181
f 1437 1516 1436
f 1437 1599 1516
f 1303 1374 1306
f 1563 529 1728
f 1374 1375 1376
f 1731 1207 1208
f 1299 1302 1301
f 1184 1251 1480
f 529 530 1728
f 1375 1357 1376
f 1299 1174 1302
f 1301 1303 1306
f 1181 1396 1563
f 1670 1251 337
f 163 663 1360
f 662 166 665
f 1180 1184 1183
f 164 160 662
f 523 1436 1435
f 836 840 839
f 164 663 163
f 1177 1670 337
f 523 1435 530
f 1178 1180 1179
f 991 993 992
f 1182 1396 1181
f 1356 1358 1357
f 841 992 840
f 375 842 839
f 1157 1213 1207
f 1356 1360 1359
f 1184 1480 1183
f 991 665 993
f 1480 1251 1670
f 1178 1179 1182
f 1374 1143 1306
f 523 1437 1436
f 1599 1600 1731
f 1562 529 1563
f 1376 1357 1358
f 836 839 842
f 1172 1177 1174
f 1562 1563 1396
f 836 841 840
f 1360 663 1359
f 1374 1376 1143
f 376 541 375
f 1180 1183 1179
f 1437 1600 1599
f 1731 1751 1207
f 522 530 529
f 1299 1173 1174
f 1301 1306 1144
f 1356 799 1358
f 522 523 530
f 157 541 376
f 1356 1359 799
f 1299 1301 1300
f 164 662 661
f 164 664 663
f 991 992 97
f 662 665 666
f 97 992 841
f 1183 1480 1481
f 1172 1174 1173
f 1182 1188 1396
f 1481 1480 1670
f 1600 1751 1731
f 845 842 375
f 1177 1175 1670
f 1157 1207 1156
f 991 100 665
f 1306 1143 1144
f 1207 1751 1156
f 845 375 541
f 1179 1188 1182
f 1562 1396 1312
f 1172 1175 1177
f 1562 526 529
f 164 661 664
f 1301 1144 1300
f 1508 1359 663
f 802 1376 1358
f 1142 1143 1376
f 523 524 1437
f 522 529 526
f 1299 1300 1173
f 836 837 841
f 662 666 661
f 1179 1183 1187
f 1508 663 664
f 1312 1396 1188
f 666 665 100
f 836 842 838
f 520 523 522
f 1183 1481 1187
f 1437 1588 1600
f 799 802 1358
f 991 97 100
f 799 1359 798
f 1481 1670 1048
f 157 540 541
f 1562 1312 526
f 1142 1376 802
f 837 97 841
f 798 1359 1508
f 838 842 845
f 1151 1155 1157
f 1600 1352 1751
f 1172 1173 1176
f 1048 1670 1175
f 520 524 523
f 1151 1157 1156
f 836 838 837
f 1140 1144 1143
f 1437 524 1588
f 1140 1143 1142
f 1179 1186 1188
f 1172 1176 1175
f 1751 1352 1156
f 845 541 1395
f 521 522 526
f 661 667 664
f 1187 1481 1049
f 1173 1300 1592
f 1179 1187 887
f 520 522 521
f 1311 1312 1188
f 1300 1144 1651
f 1600 1588 1352
f 667 1508 664
f 1049 1481 1048
f 1312 1313 526
f 540 1395 541
f 661 666 668
f 797 802 799
f 797 799 798
f 1173 1592 1176
f 1179 887 1186
f 1141 1142 802
f 98 666 100
f 95 100 97
f 1152 1155 1151
f 798 1508 804
f 1311 1188 1186
f 1140 1142 1141
f 1311 1313 1312
f 837 96 97
f 1151 1156 1153
f 838 845 484
f 1140 1146 1144
f 837 838 843
f 661 668 667
f 1153 1156 1352
f 1146 1651 1144
f 845 1395 484
f 1047 1048 1175
f 667 804 1508
f 520 525 524
f 1590 1175 1176
f 1187 1049 889
f 521 526 528
f 526 1313 528
f 98 668 666
f 1653 1300 1651
f 887 1187 889
f 797 798 804
f 520 521 525
f 830 1588 524
f 1653 1592 1300
f 95 98 100
f 1046 1049 1048
f 95 97 96
f 1589 1176 1592
f 837 843 96
f 1141 802 803
f 797 803 802
f 1590 1047 1175
f 831 1352 1588
f 1140 1141 1145
f 1150 1152 1151
f 540 483 1395
f 838 844 843
f 1311 1309 1313
f 1590 1176 1589
f 1046 1048 1047
f 1150 1151 1153
f 887 886 1186
f 1046 889 1049
f 830 524 525
f 1140 1145 1146
f 838 484 844
f 894 1311 1186
f 1146 1653 1651
f 1309 528 1313
f 483 484 1395
f 830 831 1588
f 521 528 527
f 1350 1153 1352
f 1589 1592 1591
f 1346 804 667
f 521 527 525
f 1145 1141 1147
f 1347 667 668
f 883 887 889
f 1147 1141 803
f 797 804 801
f 1653 1591 1592
f 894 1186 886
f 894 1309 1311
f 1150 1107 1152
f 1394 483 540
f 98 853 668
f 883 886 887
f 1350 1352 831
f 743 96 843
f 95 99 98
f 797 800 803
f 743 843 844
f 95 96 101
f 1046 888 889
f 1346 667 1347
f 764 1590 1589
f 1150 1153 1154
f 1145 1148 1146
f 1146 1652 1653
f 1346 801 804
f 797 801 800
f 844 484 485
f 1590 765 1047
f 1444 528 1309
f 1046 1047 1050
f 1347 668 853
f 764 1589 1591
f 883 889 888
f 1145 1147 1149
f 1350 1154 1153
f 829 830 525
f 527 528 1444
f 1149 1147 803
f 482 484 483
f 98 99 853
f 527 835 525
f 95 101 99
f 740 96 743
f 1150 1106 1107
f 1653 768 1591
f 1146 1148 1652
f 894 1310 1309
f 884 894 886
f 764 765 1590
f 482 485 484
f 883 884 886
f 827 831 830
f 740 101 96
f 1046 1050 888
f 1145 1149 1148
f 1150 1154 1106
f 743 844 489
f 1050 1047 765
f 829 525 835
f 489 844 485
f 1444 1309 1310
f 1214 803 800
f 764 1591 768
f 1653 1652 1582
f 1214 1149 803
f 1350 831 832
f 827 830 829
f 1394 488 483
f 527 1115 835
f 527 1444 1115
f 1254 801 1346
f 1653 1582 768
f 801 1218 800
f 1346 1347 1345
f 1103 1107 1106
f 883 888 885
f 894 895 1310
f 1349 1347 853
f 482 483 488
f 884 895 894
f 1350 1351 1154
f 827 832 831
f 883 885 884
f 740 743 742
f 99 854 853
f 482 486 485
f 742 743 489
f 486 489 485
f 1154 1105 1106
f 888 1050 893
f 99 101 744
f 1214 800 1218
f 1149 1223 1148
f 53 1652 1148
f 1254 1218 801
f 761 765 764
f 1254 1346 1345
f 740 741 101
f 763 764 768
f 1350 832 1351
f 1444 1310 1552
f 1345 1347 1349
f 1050 765 766
f 829 835 834
f 885 888 893
f 1214 1215 1149
f 1103 1106 1105
f 1582 1652 53
f 1394 93 488
f 834 835 1115
f 1349 853 854
f 1351 1105 1154
f 1444 1114 1115
f 761 764 763
f 99 744 854
f 1149 1215 1223
f 740 742 741
f 741 744 101
f 53 1148 1223
f 895 1552 1310
f 827 829 828
f 885 890 884
f 884 890 895
f 486 490 489
f 761 766 765
f 742 489 490
f 893 1050 1325
f 482 487 486
f 1444 1552 1114
f 1582 769 768
f 482 488 487
f 1050 766 1325
f 763 768 769
f 1214 1218 1217
f 827 833 832
f 829 834 828
f 834 1115 1114
f 1252 1218 1254
f 1254 1345 1253
f 1214 1216 1215
f 54 1582 53
f 1345 1349 1348
f 1103 1105 1104
f 827 828 833
f 885 893 892
f 979 895 890
f 486 491 490
f 1351 1533 1105
f 895 981 1552
f 54 769 1582
f 1215 1476 1223
f 1214 1217 1216
f 1252 1217 1218
f 1532 1351 832
f 761 763 762
f 1103 1104 228
f 741 742 746
f 1252 1254 1253
f 486 487 491
f 742 490 747
f 885 891 890
f 56 53 1223
f 892 893 1325
f 1349 854 1008
f 741 745 744
f 854 744 857
f 1345 1348 1253
f 761 767 766
f 90 488 93
f 979 981 895
f 763 769 762
f 1552 1749 1114
f 1216 1476 1215
f 487 488 939
f 1532 832 833
f 1105 1533 1104
f 1476 56 1223
f 885 892 891
f 1324 1325 766
f 747 490 491
f 979 890 891
f 742 747 746
f 1348 1349 1008
f 52 54 53
f 761 762 767
f 834 1114 706
f 1552 981 1749
f 1532 1533 1351
f 741 746 745
f 828 834 705
f 745 857 744
f 52 53 56
f 854 857 1008
f 90 939 488
f 1324 766 767
f 892 1325 1324
f 228 1104 230
f 1217 825 1216
f 828 50 833
f 487 940 491
f 1252 824 1217
f 89 90 93
f 1252 1253 1255
f 54 55 769
f 1348 1415 1253
f 1749 706 1114
f 976 981 979
f 487 939 940
f 762 769 771
f 823 1476 1216
f 834 706 705
f 976 979 891
f 1477 56 1476
f 828 705 50
f 1217 824 825
f 52 55 54
f 747 491 1748
f 1532 833 51
f 1433 1104 1533
f 1253 1415 1255
f 1252 1255 824
f 825 823 1216
f 1348 1008 1416
f 762 770 767
f 981 980 1749
f 51 833 50
f 746 747 856
f 771 769 55
f 891 892 982
f 1532 1432 1533
f 1348 1416 1415
f 745 858 857
f 823 1477 1476
f 940 1748 491
f 52 56 58
f 746 855 745
f 892 1324 1326
f 976 980 981
f 1324 767 1328
f 1432 1433 1533
f 1477 58 56
f 1077 230 1104
f 1006 1008 857
f 762 771 770
f 976 891 978
f 1727 706 1749
f 747 1748 856
f 90 1609 939
f 1328 767 770
f 1433 1077 1104
f 939 1628 940
f 892 1326 982
f 52 57 55
f 89 91 90
f 1727 1749 980
f 978 891 982
f 745 855 858
f 820 825 824
f 746 856 855
f 1416 1008 1009
f 1415 1579 1255
f 1006 857 858
f 1532 51 48
f 820 823 825
f 52 58 57
f 703 705 706
f 823 968 1477
f 1415 1416 1579
f 46 50 705
f 1532 1434 1432
f 42 51 50
f 1609 1628 939
f 1006 1009 1008
f 824 1255 819
f 1477 968 58
f 1324 1328 1327
f 90 91 1609
f 940 539 1748
f 1324 1327 1326
f 976 977 980
f 771 55 1335
f 976 978 977
f 1532 48 1434
f 1628 539 940
f 751 1433 1432
f 57 1413 55
f 820 824 819
f 1255 1579 819
f 707 706 1727
f 1334 770 771
f 46 705 703
f 42 48 51
f 42 50 46
f 1328 770 1338
f 1727 980 984
f 751 1077 1433
f 1416 1009 1578
f 1416 1578 1579
f 823 817 968
f 820 817 823
f 1335 55 1413
f 856 1748 538
f 978 982 983
f 703 706 707
f 1007 858 855
f 1006 858 1007
f 855 856 1550
f 751 1432 1434
f 1428 982 1326
f 969 57 58
f 965 58 968
f 1334 771 1335
f 977 984 980
f 1328 1338 1327
f 539 538 1748
f 534 1628 1609
f 978 983 977
f 1334 1338 770
f 1006 1010 1009
f 969 1413 57
f 1074 229 1077
f 1428 1326 1327
f 707 1727 984
f 534 539 1628
f 1428 983 982
f 856 538 1550
f 965 969 58
f 1609 91 1119
f 702 46 703
f 43 48 42
f 1010 1578 1009
f 965 968 817
f 816 820 819
f 1007 855 1538
f 1575 819 1579
f 41 42 46
f 855 1550 1538
f 751 752 1077
f 48 49 1434
f 1575 1579 1578
f 816 817 820
f 92 94 91
f 1006 1007 1011
f 1335 1413 1411
f 534 1609 1119
f 751 1434 748
f 703 707 704
f 1006 1011 1010
f 702 703 704
f 977 983 986
f 1334 1335 1337
f 1074 1077 752
f 977 985 984
f 41 43 42
f 1742 1327 1338
f 969 1411 1413
f 43 49 48
f 702 45 46
f 1334 1339 1338
f 1010 1580 1578
f 1428 1327 1429
f 94 1119 91
f 1434 49 748
f 41 46 45
f 785 707 984
f 965 817 967
f 532 538 539
f 1335 1411 1337
f 532 539 534
f 977 986 985
f 1575 1578 1580
f 1428 1430 983
f 965 966 969
f 1742 1338 1339
f 815 1550 538
f 702 704 45
f 1742 1429 1327
f 816 819 821
f 821 819 1575
f 750 751 748
f 1007 1538 810
f 750 752 751
f 1430 986 983
f 785 984 985
f 1334 1337 1336
f 1538 1550 815
f 1007 810 1011
f 1334 1336 1339
f 816 818 817
f 787 704 707
f 965 967 966
f 967 817 818
f 970 1411 969
f 534 1119 533
f 41 44 43
f 1073 1074 752
f 43 44 49
f 1622 1010 1011
f 1622 1580 1010
f 785 787 707
f 966 970 969
f 532 534 533
f 532 537 538
f 1575 1580 1577
f 1337 1411 451
f 1428 1429 1431
f 815 538 537
f 1620 985 986
f 704 1227 45
f 405 748 49
f 1428 1431 1430
f 1073 1076 1074
f 1538 809 810
f 41 45 47
f 1538 815 809
f 94 1120 1119
f 1620 986 1430
f 1337 451 1336
f 1742 1339 1630
f 785 985 784
f 405 750 748
f 970 1412 1411
f 750 753 752
f 816 821 822
f 787 1227 704
f 816 822 818
f 1622 1577 1580
f 1742 1713 1429
f 1073 752 753
f 1630 1339 1336
f 810 811 1011
f 41 47 44
f 1411 1412 451
f 44 749 49
f 1119 1120 533
f 966 967 972
f 967 818 972
f 784 985 1620
f 1622 1011 811
f 821 1575 1452
f 405 49 749
f 1227 47 45
f 1452 1575 1577
f 1742 1630 1713
f 1431 1429 1713
f 502 787 785
f 1073 1075 1076
f 452 1336 451
f 966 971 970
f 807 809 815
f 1625 1620 1430
f 805 810 809
f 532 533 536
f 1630 1336 452
f 502 785 784
f 1116 1117 94
f 532 535 537
f 1625 1430 1431
f 1073 753 1075
f 94 1117 1120
f 1622 1576 1577
f 970 453 1412
f 405 406 750
f 821 1546 822
f 815 537 814
f 750 406 753
f 966 972 971
f 805 811 810
f 451 1412 453
f 1438 818 822
f 1438 972 818
f 503 1227 787
f 44 695 749
f 1443 533 1120
f 821 1452 1546
f 44 47 695
f 1452 1577 1576
f 784 1620 786
f 807 815 814
f 805 809 807
f 532 536 535
f 405 749 404
f 971 453 970
f 1622 811 1623
f 1075 1610 1076
f 502 503 787
f 1443 536 533
f 506 47 1227
f 1622 1623 1576
f 1625 786 1620
f 444 452 451
f 535 814 537
f 450 1630 452
f 1431 1713 1287
f 502 784 786
f 444 451 453
f 1630 454 1713
f 749 695 404
f 1625 1431 1626
f 401 406 405
f 1075 753 1611
f 506 1227 503
f 1440 822 1546
f 805 812 811
f 401 405 404
f 1438 822 1440
f 971 972 1330
f 1611 753 406
f 1330 972 1438
f 1117 1121 1120
f 1443 1120 1121
f 1623 811 812
f 805 807 806
f 1431 1287 1626
f 444 450 452
f 1452 1576 1453
f 450 454 1630
f 696 695 47
f 1452 140 1546
f 806 807 814
f 1075 1611 1610
f 506 696 47
f 826 453 971
f 1287 1713 454
f 1576 1623 1453
f 1441 536 1443
f 498 503 502
f 535 536 275
f 1625 1627 786
f 502 786 501
f 1440 1546 140
f 535 276 814
f 403 404 695
f 444 453 447
f 1625 1626 1627
f 805 808 812
f 401 407 406
f 971 1330 1329
f 805 806 808
f 401 404 403
f 139 1452 1453
f 1611 406 407
f 139 140 1452
f 499 506 503
f 447 453 826
f 1441 1443 1121
f 826 971 1329
f 498 502 501
f 1117 1122 1121
f 1117 1118 1122
f 852 1438 1440
f 1330 1438 852
f 444 445 450
f 1441 275 536
f 1623 812 1542
f 535 275 276
f 445 454 450
f 498 499 503
f 1287 1288 1626
f 806 814 273
f 1611 1536 1610
f 694 695 696
f 505 696 506
f 694 403 695
f 1623 1454 1453
f 808 1542 812
f 273 814 276
f 1627 1626 1288
f 443 444 447
f 501 786 220
f 220 786 1627
f 1270 1287 454
f 1440 140 136
f 499 505 506
f 401 402 407
f 401 403 402
f 1330 1439 1329
f 1623 1542 1454
f 806 813 808
f 443 445 444
f 447 826 448
f 852 1440 136
f 1611 407 1612
f 1330 852 1439
f 139 1453 138
f 826 1329 519
f 1270 1288 1287
f 1441 1121 1442
f 1122 865 1121
f 498 501 221
f 133 140 139
f 806 273 813
f 863 1122 1118
f 498 500 499
f 445 455 454
f 138 1453 1454
f 443 447 448
f 1441 274 275
f 808 1456 1542
f 448 826 519
f 407 402 1612
f 505 697 696
f 1329 1439 519
f 1611 1535 1536
f 133 136 140
f 268 276 275
f 694 696 697
f 455 1270 454
f 501 220 221
f 1627 1288 1730
f 808 813 1456
f 694 698 403
f 1442 1121 865
f 403 698 402
f 498 221 500
f 220 1627 1730
f 133 139 138
f 1611 1612 1535
f 499 504 505
f 268 273 276
f 863 865 1122
f 1441 1442 274
f 1542 1235 1454
f 500 504 499
f 852 848 1439
f 443 446 445
f 268 275 274
f 443 448 449
f 135 852 136
f 1542 1456 1235
f 1270 1289 1288
f 1455 813 273
f 505 504 697
f 445 446 455
f 694 699 698
f 514 448 519
f 138 1454 1236
f 694 697 699
f 131 136 133
f 1455 1456 813
f 1730 1288 1289
f 15 16 1536
f 519 1439 518
f 209 221 220
f 1612 402 466
f 135 848 852
f 15 1536 1535
f 443 449 446
f 220 1730 222
f 698 466 402
f 455 1271 1270
f 1442 865 864
f 500 221 210
f 449 448 514
f 268 271 273
f 1236 1454 1235
f 133 138 137
f 131 135 136
f 1439 848 518
f 685 865 863
f 1455 273 271
f 500 210 504
f 1270 1271 1289
f 209 220 222
f 514 519 518
f 1442 1393 274
f 684 863 866
f 1535 1612 1537
f 1235 1456 1234
f 137 138 1236
f 268 274 272
f 209 210 221
f 685 864 865
f 131 133 132
f 1455 1234 1456
f 504 958 697
f 698 699 464
f 1442 864 1393
f 1537 1612 466
f 1730 1289 225
f 685 863 684
f 1730 225 222
f 133 137 132
f 956 699 697
f 455 446 898
f 449 513 446
f 449 514 513
f 698 464 466
f 455 898 1271
f 272 274 1393
f 15 1535 1534
f 846 848 135
f 131 134 135
f 268 269 271
f 846 518 848
f 960 504 210
f 1534 1535 1537
f 956 697 958
f 1233 1236 1235
f 131 132 134
f 1271 1318 1289
f 514 518 515
f 960 958 504
f 1455 271 262
f 268 272 270
f 956 464 699
f 1233 1235 1234
f 209 222 208
f 1455 263 1234
f 207 210 209
f 685 688 864
f 268 270 269
f 513 514 515
f 1319 225 1289
f 137 1236 366
f 688 1393 864
f 208 222 225
f 513 516 446
f 847 135 134
f 13 15 14
f 846 135 847
f 269 262 271
f 1271 898 1318
f 516 898 446
f 1455 262 263
f 1537 466 467
f 1319 1289 1318
f 462 466 464
f 132 137 141
f 683 685 684
f 15 1534 14
f 207 209 208
f 846 850 518
f 272 1393 278
f 1233 366 1236
f 1534 1537 1056
f 850 515 518
f 132 142 134
f 960 210 212
f 953 956 958
f 683 688 685
f 955 958 960
f 259 1234 263
f 462 467 466
f 137 366 141
f 207 212 210
f 270 272 278
f 259 1233 1234
f 683 684 690
f 1319 224 225
f 1537 467 1056
f 513 515 517
f 208 225 224
f 956 463 464
f 847 134 142
f 953 958 955
f 688 1388 1393
f 132 141 142
f 513 517 516
f 269 270 277
f 269 277 262
f 1393 1388 278
f 462 464 463
f 846 847 849
f 898 1320 1318
f 260 263 262
f 1534 1056 1057
f 955 960 959
f 1534 1057 14
f 953 957 956
f 846 849 850
f 1314 1319 1318
f 960 212 959
f 516 896 898
f 260 259 263
f 207 208 211
f 957 463 956
f 683 690 689
f 850 1071 515
f 1314 224 1319
f 683 686 688
f 259 203 1233
f 270 278 279
f 1233 368 366
f 208 224 223
f 1071 517 515
f 207 211 212
f 847 142 851
f 896 1320 898
f 953 955 954
f 367 142 141
f 686 1388 688
f 1314 1318 1320
f 362 141 366
f 270 279 277
f 516 517 897
f 918 1056 467
f 262 277 261
f 462 465 467
f 260 262 261
f 847 851 849
f 955 959 954
f 208 223 211
f 953 954 957
f 918 1057 1056
f 206 259 260
f 516 897 896
f 462 463 465
f 963 959 212
f 203 368 1233
f 14 1057 32
f 1108 278 1388
f 850 849 1072
f 206 203 259
f 362 367 141
f 362 366 368
f 1314 1315 224
f 850 1072 1071
f 683 689 687
f 367 1364 142
f 1315 223 224
f 279 278 1108
f 465 918 467
f 954 959 963
f 142 1364 851
f 1604 517 1071
f 964 463 957
f 1604 897 517
f 683 687 686
f 33 14 32
f 686 1389 1388
f 1398 212 211
f 918 32 1057
f 954 964 957
f 1314 1320 1317
f 963 212 1398
f 206 260 205
f 1108 1388 1389
f 260 261 205
f 849 851 1540
f 279 391 277
f 277 391 261
f 896 1551 1320
f 362 363 367
f 1072 849 1540
f 194 211 223
f 896 897 1468
f 200 203 206
f 465 463 916
f 363 1364 367
f 203 201 368
f 1314 1316 1315
f 964 916 463
f 1315 194 223
f 687 689 331
f 1604 1071 1569
f 1072 1539 1071
f 1604 1467 897
f 1314 1317 1316
f 1320 1551 1317
f 954 963 962
f 686 691 1389
f 1541 851 1364
f 200 206 205
f 200 201 203
f 687 691 686
f 392 279 1108
f 362 368 365
f 954 961 964
f 896 1468 1551
f 465 914 918
f 1540 851 1541
f 1086 205 261
f 897 1467 1468
f 1398 211 196
f 1539 1569 1071
f 918 31 32
f 963 1398 962
f 1086 261 391
f 362 364 363
f 392 391 279
f 196 211 194
f 1604 1569 1467
f 363 1363 1364
f 29 33 32
f 201 1729 368
f 1108 1389 1109
f 954 962 961
f 1316 197 1315
f 1315 197 194
f 1541 1364 1363
f 913 465 916
f 362 365 364
f 1072 1540 1344
f 1729 365 368
f 1072 1344 1539
f 1389 691 1109
f 914 31 918
f 913 914 465
f 392 1108 1109
f 1316 1317 1321
f 964 1666 916
f 200 205 204
f 1321 1317 1551
f 364 1363 363
f 200 202 201
f 964 961 1666
f 29 32 31
f 1086 1087 205
f 687 331 692
f 1468 1470 1551
f 1466 1468 1467
f 1341 1540 1541
f 687 693 691
f 1539 1568 1569
f 201 202 1729
f 1569 1469 1467
f 1398 1399 962
f 1087 204 205
f 1398 196 1399
f 1086 391 324
f 191 196 194
f 1316 199 197
f 200 204 202
f 193 194 197
f 1341 1344 1540
f 1466 1470 1468
f 329 391 392
f 1344 1568 1539
f 677 1541 1363
f 1316 1321 199
f 962 1505 961
f 692 331 332
f 693 1109 691
f 1729 1060 365
f 687 692 693
f 1466 1467 1469
f 1086 324 1087
f 191 194 193
f 364 365 1061
f 1569 1568 1469
f 364 676 1363
f 913 916 917
f 1321 1551 623
f 623 1551 1470
f 1505 1666 961
f 916 1666 917
f 1341 1541 677
f 193 197 199
f 329 324 391
f 392 1109 393
f 913 915 914
f 1729 202 1059
f 914 919 31
f 191 195 196
f 1061 365 1060
f 1399 196 195
f 677 1363 676
f 29 31 30
f 1087 327 204
f 364 1061 676
f 1399 1504 962
f 1729 1059 1060
f 962 1504 1505
f 1466 627 1470
f 329 392 393
f 204 1250 202
f 324 327 1087
f 1344 1342 1568
f 1466 1469 1471
f 913 917 915
f 914 915 919
f 1340 1344 1341
f 199 1321 1519
f 627 623 1470
f 1632 1469 1568
f 693 1130 1109
f 919 30 31
f 202 1250 1059
f 191 193 192
f 1505 1665 1666
f 1321 623 1519
f 1466 1471 627
f 193 199 198
f 232 692 332
f 204 327 1250
f 1341 677 679
f 1665 917 1666
f 191 192 195
f 692 235 693
f 393 1109 1130
f 323 324 329
f 29 30 34
f 1340 1342 1344
f 1342 1632 1568
f 188 1061 1060
f 675 677 676
f 1399 195 1503
f 188 1060 1059
f 1471 1469 1633
f 1340 1341 679
f 199 1519 198
f 193 198 192
f 322 327 324
f 1632 1633 1469
f 189 676 1061
f 1399 1401 1504
f 622 623 627
f 329 393 330
f 232 235 692
f 675 679 677
f 1059 1250 1058
f 322 324 323
f 192 1503 195
f 915 917 912
f 1505 1504 1402
f 323 329 330
f 915 911 919
f 188 1059 1058
f 1399 1503 1401
f 627 1471 626
f 624 1519 623
f 235 234 693
f 693 234 1130
f 188 189 1061
f 675 676 189
f 1505 1402 1665
f 622 624 623
f 327 328 1250
f 919 1526 30
f 619 917 1665
f 622 627 626
f 1471 1633 626
f 1131 393 1130
f 1631 1632 1342
f 322 328 327
f 915 912 911
f 1402 1504 1401
f 912 917 619
f 1131 330 393
f 1340 679 682
f 34 30 1475
f 1631 1633 1632
f 919 911 1526
f 675 680 679
f 1340 1343 1342
f 1708 192 198
f 1519 1661 198
f 190 1058 1250
f 192 1690 1503
f 322 323 326
f 152 235 232
f 323 330 326
f 188 1058 190
f 624 631 1519
f 30 1526 1475
f 328 190 1250
f 680 682 679
f 675 189 678
f 1402 621 1665
f 621 619 1665
f 152 234 235
f 622 625 624
f 1631 1342 1343
f 1401 1503 1404
f 1340 682 1343
f 187 189 188
f 622 626 625
f 626 1633 1634
f 1708 1690 192
f 675 678 680
f 1661 1708 198
f 631 1661 1519
f 1125 1130 234
f 1631 1634 1633
f 1125 1131 1130
f 322 325 328
f 910 911 912
f 1400 1402 1401
f 1503 1690 1404
f 187 188 190
f 322 326 325
f 625 631 624
f 34 1475 239
f 1131 1102 330
f 616 912 619
f 151 152 232
f 1102 326 330
f 151 232 231
f 908 1526 911
f 189 184 678
f 1400 1401 1404
f 680 681 682
f 625 626 630
f 630 626 1634
f 187 184 189
f 680 678 681
f 910 912 616
f 615 619 621
f 152 155 234
f 1525 1475 1526
f 910 908 911
f 1402 620 621
f 1231 190 328
f 1631 1343 1636
f 1689 1690 1708
f 1701 1343 682
f 1125 234 155
f 1231 328 325
f 1125 1129 1131
f 615 616 619
f 1631 1635 1634
f 642 1708 1661
f 1400 1403 1402
f 1131 1129 1102
f 908 1525 1526
f 631 639 1661
f 1098 325 326
f 1701 682 681
f 625 628 631
f 1613 1404 1690
f 1098 326 1102
f 1631 1636 1635
f 239 1475 1614
f 1403 620 1402
f 187 190 183
f 615 621 620
f 678 184 185
f 642 1689 1708
f 1614 1475 1525
f 150 152 151
f 678 185 681
f 1613 1690 1689
f 630 1634 1637
f 625 630 629
f 150 155 152
f 639 642 1661
f 181 184 187
f 1703 1636 1343
f 628 639 631
f 1400 1404 180
f 1701 1703 1343
f 1231 1232 190
f 1634 1635 1637
f 618 910 616
f 618 908 910
f 1098 1099 325
f 1231 325 1099
f 625 629 628
f 183 190 1232
f 1124 1125 155
f 1123 1129 1125
f 1129 1128 1102
f 612 616 615
f 1701 681 1531
f 180 1404 1613
f 181 187 183
f 1400 180 1403
f 1098 1102 1101
f 630 1637 629
f 181 185 184
f 908 909 1525
f 1531 681 185
f 151 233 153
f 1123 1125 1124
f 615 620 617
f 150 151 153
f 1403 632 620
f 642 1597 1689
f 1613 1689 1597
f 238 239 1614
f 1102 1128 1101
f 1614 1525 1067
f 1636 1704 1635
f 612 618 616
f 1123 1128 1129
f 637 642 639
f 618 909 908
f 1703 1704 1636
f 150 156 155
f 628 638 639
f 1701 1702 1703
f 612 615 617
f 1246 1637 1635
f 1098 1100 1099
f 1701 1531 1702
f 1124 155 156
f 876 1231 1099
f 1525 909 1067
f 1231 877 1232
f 1496 628 629
f 377 620 632
f 1098 1101 1100
f 1403 177 632
f 238 1614 1067
f 629 1637 1247
f 377 617 620
f 637 639 638
f 1403 180 177
f 183 1232 881
f 653 1531 185
f 180 1613 1464
f 1246 1635 1704
f 641 1597 642
f 181 186 185
f 1496 638 628
f 1613 1597 1464
f 150 153 154
f 637 641 642
f 181 183 182
f 876 877 1231
f 233 754 153
f 1123 1127 1128
f 150 154 156
f 876 1099 1100
f 1247 1637 1246
f 1123 1124 1126
f 612 613 618
f 1703 1705 1704
f 1128 1655 1101
f 1232 877 881
f 1703 1702 1705
f 1496 629 1497
f 377 632 177
f 653 185 186
f 612 617 614
f 618 907 909
f 629 1247 1497
f 1702 1531 652
f 182 183 881
f 1124 156 1126
f 653 652 1531
f 1655 1100 1101
f 181 182 186
f 1123 1126 1127
f 1127 1655 1128
f 612 614 613
f 1062 1067 909
f 1064 238 1067
f 174 177 180
f 637 638 640
f 1463 1597 641
f 1463 1464 1597
f 1424 154 153
f 180 1464 179
f 377 378 617
f 637 640 641
f 1245 1246 1704
f 618 613 906
f 1496 1139 638
f 1425 156 154
f 1424 153 754
f 618 906 907
f 178 377 177
f 1704 1705 1756
f 1062 909 907
f 617 378 614
f 873 877 876
f 1702 654 1705
f 876 1100 879
f 174 180 179
f 236 238 237
f 874 881 877
f 1242 1247 1246
f 1702 652 654
f 1496 1497 1139
f 1062 1064 1067
f 648 653 186
f 648 652 653
f 1245 1704 1756
f 1497 1247 1243
f 182 881 882
f 1744 1100 1655
f 1423 1126 156
f 640 638 1139
f 1064 237 238
f 1424 1425 154
f 178 378 377
f 1242 1246 1245
f 1423 156 1425
f 873 874 877
f 182 1605 186
f 1463 641 1083
f 1581 1655 1127
f 1126 1581 1127
f 640 1083 641
f 873 876 879
f 172 177 174
f 613 614 1171
f 874 882 881
f 879 1100 1744
f 172 178 177
f 1242 1243 1247
f 1462 1464 1463
f 1139 1497 1243
f 1462 179 1464
f 1756 1705 1753
f 654 1753 1705
f 648 186 651
f 613 1171 906
f 378 1171 614
f 1426 1424 754
f 649 654 652
f 648 649 652
f 186 1605 651
f 1062 907 1063
f 1063 907 906
f 1062 1065 1064
f 182 882 1112
f 174 179 173
f 1422 1425 1424
f 182 1112 1605
f 112 1245 1756
f 640 1139 1085
f 1744 1655 1654
f 1064 1065 237
f 1423 870 1126
f 1581 1654 1655
f 172 174 173
f 1422 1423 1425
f 1126 870 1581
f 1081 1083 640
f 874 880 882
f 1463 1083 1084
f 873 875 874
f 178 175 378
f 1242 1245 113
f 112 1756 1753
f 873 879 878
f 1462 1463 1084
f 172 175 178
f 648 651 650
f 1139 1243 1244
f 654 655 1753
f 1241 1243 1242
f 1081 640 1085
f 1462 576 179
f 649 655 654
f 648 650 649
f 879 1744 998
f 1166 906 1171
f 880 1112 882
f 576 173 179
f 112 113 1245
f 1421 1424 1426
f 378 1169 1171
f 1062 1063 1066
f 1422 1424 1421
f 1062 1066 1065
f 1063 906 1166
f 874 875 880
f 658 651 1605
f 1081 1084 1083
f 1559 1085 1139
f 873 878 875
f 1241 1242 113
f 1595 237 1065
f 998 1744 1654
f 1112 658 1605
f 1422 872 1423
f 175 1169 378
f 879 998 878
f 1241 1244 1243
f 1559 1139 1244
f 172 173 176
f 1423 872 870
f 650 651 658
f 112 1753 116
f 172 176 175
f 655 116 1753
f 1581 871 1654
f 1581 870 871
f 1081 1085 1082
f 649 650 656
f 1462 1084 573
f 649 656 655
f 1462 573 576
f 1595 531 237
f 880 1110 1112
f 574 173 576
f 1165 1166 1171
f 1559 1082 1085
f 1421 1426 1322
f 1165 1171 1169
f 1593 1065 1066
f 880 875 1111
f 1593 1595 1065
f 111 113 112
f 1240 1422 1421
f 574 176 173
f 1063 1166 1353
f 1081 397 1084
f 1063 1353 1066
f 1240 872 1422
f 1322 1426 1323
f 1745 658 1112
f 875 878 1113
f 111 112 116
f 880 1111 1110
f 998 1654 997
f 1110 1745 1112
f 1081 1082 397
f 1241 113 117
f 650 658 657
f 1241 1220 1244
f 998 999 878
f 867 870 872
f 175 1190 1169
f 1559 1244 1222
f 1499 116 655
f 650 657 656
f 1499 655 656
f 875 1113 1111
f 1654 871 997
f 571 574 576
f 571 576 573
f 867 871 870
f 573 1084 1465
f 1421 1322 1239
f 1559 396 1082
f 175 176 726
f 111 117 113
f 1165 1167 1166
f 1240 1421 1239
f 1593 1066 1594
f 999 1113 878
f 397 1465 1084
f 1244 1220 1222
f 1595 1596 531
f 1593 1596 1595
f 1166 1167 1353
f 1165 1169 1168
f 1241 117 1220
f 1066 1353 1594
f 994 998 997
f 574 575 176
f 994 999 998
f 1559 1222 396
f 175 726 1190
f 1240 869 872
f 1725 658 1745
f 397 1082 396
f 1168 1169 1190
f 1110 1111 1259
f 1725 657 658
f 312 1322 1323
f 1110 1259 1745
f 867 872 869
f 111 116 115
f 571 575 574
f 656 657 1501
f 571 573 572
f 1499 656 1501
f 1593 1594 1596
f 115 116 1499
f 573 1465 572
f 1052 1111 1113
f 575 726 176
f 1709 997 871
f 312 1239 1322
f 1238 1240 1239
f 1165 1170 1167
f 867 868 871
f 111 114 117
f 1219 1222 1220
f 1238 869 1240
f 1165 1168 1170
f 1052 1259 1111
f 397 398 1465
f 1221 396 1222
f 1596 1616 531
f 994 997 996
f 1725 1745 1726
f 1745 1259 1726
f 1000 1113 999
f 1167 1192 1353
f 868 1709 871
f 994 995 999
f 394 397 396
f 111 115 114
f 1168 1190 1191
f 580 1220 117
f 1190 726 1191
f 1219 1221 1222
f 1248 1594 1353
f 1498 1499 1501
f 571 577 575
f 1000 1052 1113
f 867 869 350
f 1003 997 1709
f 571 572 577
f 1498 115 1499
f 394 398 397
f 1706 657 1725
f 580 1219 1220
f 996 997 1003
f 994 996 995
f 1170 1192 1167
f 1238 1239 313
f 313 1239 312
f 1706 1501 657
f 1465 481 572
f 995 1000 999
f 1596 1594 254
f 867 350 868
f 114 118 117
f 1248 1353 1192
f 1221 395 396
f 1465 398 481
f 722 726 575
f 1168 1189 1170
f 1054 1259 1052
f 394 396 395
f 1710 1725 1726
f 1259 1258 1726
f 580 117 118
f 352 869 1238
f 1168 1191 1189
f 581 1221 1219
f 114 115 119
f 1248 254 1594
f 1384 1709 868
f 304 312 311
f 252 1616 1596
f 723 1191 726
f 995 996 1002
f 1384 1003 1709
f 580 581 1219
f 479 577 572
f 1054 1258 1259
f 1710 1706 1725
f 352 350 869
f 1498 1502 115
f 996 1003 1002
f 575 577 725
f 479 572 481
f 252 1596 254
f 352 1238 313
f 1498 1501 1500
f 581 395 1221
f 114 119 118
f 722 723 726
f 305 313 312
f 722 575 725
f 1051 1052 1000
f 1710 1726 1258
f 394 400 398
f 1500 1501 1706
f 1170 1193 1192
f 1051 1054 1052
f 995 1001 1000
f 400 481 398
f 304 305 312
f 119 115 1566
f 1189 1191 1195
f 1170 1189 1193
f 348 868 350
f 394 395 399
f 115 1502 1566
f 995 1002 1001
f 1498 1500 1502
f 348 1384 868
f 1224 1248 1192
f 1384 1473 1003
f 723 1195 1191
f 1002 1003 1473
f 578 581 580
f 580 118 579
f 394 399 400
f 480 577 479
f 253 254 1248
f 1054 388 1258
f 252 249 1616
f 347 350 352
f 480 725 577
f 471 479 481
f 581 582 395
f 119 1567 118
f 352 313 306
f 1710 1258 386
f 1193 1224 1192
f 384 1706 1710
f 1051 1000 1055
f 305 306 313
f 1000 1001 1055
f 578 580 579
f 1051 388 1054
f 471 481 400
f 722 725 724
f 722 724 723
f 1189 1195 1194
f 347 348 350
f 399 395 582
f 248 252 254
f 1189 1194 1193
f 1382 1473 1384
f 119 1566 1567
f 1500 1706 1642
f 253 1248 1224
f 343 1001 1002
f 348 1382 1384
f 578 582 581
f 343 1002 1473
f 1500 1641 1502
f 1567 579 118
f 303 305 304
f 1502 1641 1566
f 388 386 1258
f 1548 1195 723
f 471 480 479
f 384 1710 386
f 248 254 253
f 473 400 399
f 384 1642 1706
f 248 249 252
f 480 1491 725
f 303 304 309
f 724 725 1491
f 1548 1194 1195
f 303 306 305
f 724 1547 723
f 347 352 351
f 1051 1053 388
f 352 306 351
f 473 399 582
f 1547 1548 723
f 1051 1055 1053
f 470 471 400
f 1382 342 1473
f 578 579 583
f 343 1473 342
f 344 1055 1001
f 1193 1194 1226
f 1566 1707 1567
f 343 344 1001
f 1640 1641 1500
f 1193 1225 1224
f 470 400 473
f 1566 1641 1707
f 578 583 582
f 348 1383 1382
f 1640 1500 1642
f 347 349 348
f 381 386 388
f 471 478 480
f 253 1224 1249
f 1723 579 1567
f 1193 1226 1225
f 1383 342 1382
f 1548 1528 1194
f 379 384 386
f 303 309 308
f 1489 1491 480
f 724 1493 1547
f 1492 724 1491
f 387 388 1053
f 348 349 1383
f 248 250 249
f 248 253 255
f 1723 583 579
f 381 388 387
f 347 351 349
f 303 310 306
f 1226 1194 1528
f 384 385 1642
f 306 1478 351
f 1224 1225 1249
f 473 582 1484
f 340 343 342
f 1724 1567 1707
f 1506 1053 1055
f 379 386 381
f 1489 480 478
f 470 472 471
f 1547 1549 1548
f 340 344 343
f 1506 1055 344
f 1492 1493 724
f 582 583 1693
f 69 1707 1641
f 1307 249 250
f 306 310 1478
f 472 478 471
f 1640 69 1641
f 470 473 474
f 1723 1567 1724
f 253 1249 255
f 1640 1642 1012
f 1489 1492 1491
f 379 385 384
f 1549 1528 1548
f 1547 1493 1549
f 582 1693 1484
f 1383 341 342
f 248 251 250
f 1012 1642 385
f 248 255 251
f 473 1484 474
f 303 308 307
f 1226 1527 1225
f 340 342 341
f 470 474 472
f 381 387 380
f 1478 921 351
f 1723 1712 583
f 303 307 310
f 1226 1528 1527
f 387 1053 389
f 1724 1707 70
f 379 381 380
f 1712 1693 583
f 69 70 1707
f 1506 389 1053
f 349 1385 1383
f 340 345 344
f 1640 74 69
f 349 351 1387
f 1506 344 345
f 1640 1012 74
f 1478 310 921
f 1489 478 476
f 1492 1381 1493
f 472 476 478
f 1383 1385 341
f 1307 250 1308
f 1249 1225 1522
f 1493 1381 1549
f 1489 1474 1492
f 380 387 389
f 921 1387 351
f 1549 1602 1528
f 1723 1724 71
f 1249 1523 255
f 379 382 385
f 1602 1527 1528
f 1225 1527 1522
f 1482 474 1484
f 71 1724 70
f 1489 476 1490
f 379 380 383
f 1723 1684 1712
f 1717 251 255
f 340 341 346
f 1013 1012 385
f 1485 1484 1693
f 1492 1474 1381
f 308 1282 307
f 472 474 475
f 349 1386 1385
f 1489 1490 1474
f 250 251 1621
f 68 69 74
f 920 921 310
f 349 1387 1386
f 340 346 345
f 920 310 307
f 1683 1693 1712
f 75 74 1012
f 1249 1522 1523
f 66 70 69
f 1506 1507 389
f 1506 345 1507
f 1723 71 1684
f 1549 1381 1380
f 379 383 382
f 1523 1717 255
f 1549 1380 1602
f 250 1621 1308
f 1482 1484 1485
f 472 477 476
f 382 1013 385
f 1482 475 474
f 1385 1397 341
f 380 389 390
f 75 1012 1013
f 1485 1693 1683
f 66 69 68
f 1621 251 1717
f 68 74 75
f 1683 1712 1684
f 66 71 70
f 346 341 1397
f 472 475 477
f 380 390 383
f 921 922 1387
f 1135 1490 476
f 1601 1527 1602
f 920 922 921
f 1135 1474 1490
f 1601 1522 1527
f 1386 780 1385
f 1133 1381 1474
f 1523 1718 1717
f 346 944 345
f 1282 241 307
f 920 307 241
f 1385 780 1397
f 1135 476 477
f 1377 1380 1381
f 1524 389 1507
f 1507 345 944
f 760 1684 71
f 1380 1378 1602
f 1524 390 389
f 1386 1387 779
f 382 383 4
f 1522 1711 1523
f 1482 1485 1483
f 1482 1483 475
f 1621 1256 1308
f 382 319 1013
f 68 75 67
f 1133 1474 1135
f 1571 1683 1684
f 75 1013 317
f 1377 1381 1133
f 66 68 67
f 346 1397 948
f 4 383 390
f 1621 1717 1721
f 779 1387 922
f 1601 1602 1378
f 1523 1711 1718
f 66 72 71
f 1485 1683 1486
f 475 1409 477
f 1721 1717 1718
f 1386 779 780
f 1377 1378 1380
f 1571 1684 760
f 346 948 944
f 920 923 922
f 1601 1603 1522
f 72 760 71
f 780 781 1397
f 382 4 319
f 1013 319 317
f 75 317 67
f 1483 1409 475
f 1603 1711 1522
f 945 1507 944
f 920 241 923
f 1524 1507 945
f 1282 244 241
f 1483 1485 1486
f 948 1397 781
f 1571 1486 1683
f 1407 1135 477
f 66 67 73
f 1721 1718 1711
f 1524 3 390
f 1621 1257 1256
f 4 390 3
f 66 73 72
f 1132 1133 1135
f 1621 1721 1257
f 1407 477 1409
f 779 922 1750
f 923 1750 922
f 775 781 780
f 1377 1133 1134
f 775 780 779
f 1377 1379 1378
f 1601 1378 1264
f 759 1571 760
f 943 944 948
f 72 759 760
f 4 5 319
f 941 945 944
f 948 781 776
f 1601 434 1603
f 241 242 923
f 1407 1137 1135
f 1132 1134 1133
f 1483 1487 1409
f 318 67 317
f 1132 1135 1137
f 1524 945 946
f 1570 1486 1571
f 240 241 244
f 314 317 319
f 1377 1134 1379
f 1379 1264 1378
f 73 67 320
f 1603 435 1711
f 1483 1486 1488
f 1721 1711 659
f 1524 946 3
f 1091 1256 1257
f 1407 1409 1410
f 775 776 781
f 941 944 943
f 1601 1264 434
f 759 1570 1571
f 1 4 3
f 943 948 776
f 73 755 72
f 240 242 241
f 1091 1090 1256
f 1721 1722 1257
f 1 5 4
f 314 319 5
f 779 1750 1558
f 318 320 67
f 1409 1487 1410
f 775 779 778
f 1483 1488 1487
f 941 946 945
f 1719 1750 923
f 314 318 317
f 1603 434 435
f 72 758 759
f 1711 435 659
f 242 1719 923
f 73 320 755
f 1721 659 1722
f 240 244 245
f 1132 1136 1134
f 755 758 72
f 779 1558 778
f 1379 1263 1264
f 1379 1134 1266
f 1570 1449 1486
f 1132 1137 1136
f 1407 1410 1408
f 1407 1408 1137
f 946 2 3
f 1 3 2
f 772 776 775
f 1486 1449 1488
f 1719 1558 1750
f 941 943 942
f 1091 1257 1092
f 943 776 777
f 1088 1090 1091
f 759 1450 1570
f 1487 1638 1410
f 1379 1266 1263
f 941 947 946
f 1257 1722 1092
f 772 775 778
f 240 243 242
f 1 6 5
f 314 5 6
f 436 434 1264
f 755 320 757
f 318 321 320
f 758 1450 759
f 242 243 1719
f 941 942 947
f 1410 1638 1408
f 1266 1134 1265
f 436 1264 1263
f 943 777 942
f 1134 1136 1265
f 1487 1488 1639
f 314 316 318
f 772 777 776
f 431 435 434
f 240 245 246
f 1136 1137 1643
f 1088 1091 1092
f 1570 1450 1449
f 659 1608 1722
f 1408 1643 1137
f 1487 1639 1638
f 437 659 435
f 240 246 243
f 320 321 757
f 755 756 758
f 10 2 946
f 947 1331 946
f 1 2 7
f 1557 778 1558
f 318 316 321
f 755 757 756
f 1262 1263 1266
f 1488 1449 1757
f 431 434 436
f 1722 1608 1092
f 1 7 6
f 1719 127 1558
f 314 6 315
f 1331 10 946
f 1488 1757 1639
f 431 437 435
f 772 778 774
f 942 777 949
f 314 315 316
f 1262 1266 1265
f 942 950 947
f 1408 1638 1645
f 436 1263 1262
f 660 1608 659
f 245 247 246
f 437 660 659
f 7 2 10
f 758 1451 1450
f 1557 1558 127
f 1136 1650 1265
f 1719 243 126
f 950 1331 947
f 1557 774 778
f 1638 1639 1645
f 1136 1643 1650
f 942 949 950
f 756 1451 758
f 772 773 777
f 757 321 1494
f 1685 243 246
f 1408 1644 1643
f 1088 1092 1089
f 757 1494 756
f 1261 1449 1450
f 1719 126 127
f 1408 1645 1644
f 777 1333 949
f 1606 1092 1608
f 902 1757 1449
f 7 11 6
f 772 774 773
f 6 11 315
f 247 1685 246
f 316 1747 321
f 1757 903 1639
f 1298 10 1331
f 1685 126 243
f 950 949 1333
f 431 436 433
f 1262 1265 1267
f 777 773 1333
f 315 1285 316
f 436 1262 439
f 1298 1331 950
f 1261 902 1449
f 1448 1450 1451
f 321 1747 1494
f 431 432 437
f 1607 1608 660
f 7 10 9
f 1643 1664 1650
f 1716 1645 1639
f 1267 1265 1650
f 1643 1644 1664
f 437 441 660
f 1606 1587 1092
f 1587 1089 1092
f 1261 1450 1448
f 756 1494 1495
f 756 1495 1451
f 1606 1608 1607
f 1557 127 125
f 902 903 1757
f 1557 125 774
f 316 1285 1747
f 1716 1639 903
f 1298 9 10
f 7 8 11
f 433 436 439
f 247 1038 1685
f 1297 950 1333
f 431 433 432
f 1283 315 11
f 432 441 437
f 774 1660 773
f 1262 1267 439
f 1607 660 441
f 1714 1644 1645
f 7 9 8
f 1283 1285 315
f 1298 950 1297
f 123 127 126
f 1714 1645 1716
f 247 1036 1038
f 1737 1333 773
f 1746 1494 1747
f 774 125 1660
f 1746 1495 1494
f 123 125 127
f 1685 1037 126
f 609 1650 1664
f 1664 1644 1663
f 1448 1451 1197
f 901 902 1261
f 1267 1650 609
f 1197 1451 1495
f 899 903 902
f 1297 1333 1332
f 1685 1038 1037
f 1606 1607 1586
f 1606 1586 1587
f 1261 1448 1260
f 904 1716 903
f 1714 1663 1644
f 1737 1332 1333
f 1285 1286 1747
f 1554 1089 1587
f 1738 773 1660
f 11 8 1021
f 1298 1295 9
f 1283 11 1021
f 1737 773 1738
f 1294 1298 1297
f 1283 1286 1285
f 1607 441 602
f 432 442 441
f 123 126 122
f 9 1016 8
f 609 1664 1663
f 899 902 901
f 899 904 903
f 901 1261 1260
f 433 439 440
f 439 1267 1268
f 1746 1747 1734
f 1034 1038 1036
f 1714 1716 1715
f 433 438 432
f 1037 122 126
f 1448 1197 1260
f 1294 1295 1298
f 1554 1555 1089
f 1554 1587 1586
f 1715 1716 904
f 1746 1202 1495
f 1586 1607 602
f 1739 1660 125
f 1297 1332 1296
f 1747 1286 1734
f 1295 1016 9
f 1034 1037 1038
f 1021 8 1016
f 602 441 442
f 120 125 123
f 1267 609 611
f 1294 1297 1296
f 1197 1495 1202
f 1737 1667 1332
f 1283 1021 1284
f 1283 1284 1286
f 1738 1660 1739
f 432 438 442
f 439 1268 440
f 1737 1738 1667
f 1714 301 1663
f 1034 1036 302
f 433 440 438
f 1267 611 1268
f 1739 125 124
f 1746 1734 1202
f 120 123 122
f 120 124 125
f 1296 1332 1667
f 1714 1715 301
f 609 1663 607
f 899 905 904
f 899 901 900
f 901 1260 1033
f 1715 904 905
f 1034 1035 1037
f 1290 1295 1294
f 1260 1197 1198
f 1290 1294 1296
f 1021 1019 1284
f 1037 1615 122
f 301 607 1663
f 1015 1016 1295
f 1554 1586 1479
f 1284 1025 1286
f 1014 1021 1016
f 1094 1734 1286
f 1586 602 598
f 605 611 609
f 899 900 905
f 1738 1739 1687
f 1667 1738 1687
f 1553 1555 1554
f 900 901 1033
f 597 602 442
f 1196 1197 1202
f 605 609 607
f 1037 1035 1615
f 129 1034 302
f 1260 1198 1033
f 1293 1296 1667
f 597 442 438
f 1739 124 121
f 1565 440 1268
f 1564 438 440
f 1290 1015 1295
f 1095 1202 1734
f 1014 1019 1021
f 120 121 124
f 1094 1286 1025
f 1284 1019 1025
f 120 122 64
f 1715 298 301
f 1196 1198 1197
f 129 1035 1034
f 1715 905 298
f 610 1268 611
f 1290 1296 1293
f 1014 1016 1015
f 1586 598 1479
f 1553 1554 1479
f 64 122 1615
f 1094 1095 1734
f 597 598 602
f 1564 440 1565
f 301 299 607
f 1667 1687 1669
f 1687 1739 1743
f 1739 121 1743
f 1293 1667 1669
f 605 610 611
f 610 1565 1268
f 900 1033 1032
f 900 1031 905
f 1196 1202 1200
f 1200 1202 1095
f 120 65 121
f 1564 601 438
f 296 301 298
f 597 438 601
f 130 1615 1035
f 604 605 607
f 1017 1025 1019
f 120 64 65
f 296 299 301
f 129 130 1035
f 1014 1017 1019
f 1290 1291 1015
f 1198 1203 1033
f 469 298 905
f 1023 1094 1025
f 1290 1293 1292
f 604 607 299
f 900 1032 1031
f 1196 1201 1198
f 1014 1015 1020
f 469 905 1031
f 1093 1095 1094
f 1032 1033 1203
f 599 1479 598
f 1293 1669 1668
f 565 1669 1687
f 1564 1565 1427
f 568 1687 1743
f 1017 1023 1025
f 64 1615 63
f 1290 1292 1291
f 605 606 610
f 1405 1743 121
f 1553 1479 951
f 1196 1200 1199
f 1015 1291 1020
f 604 606 605
f 1093 1094 1023
f 1293 1668 1292
f 1201 1203 1198
f 296 298 297
f 130 63 1615
f 1564 1427 601
f 1405 121 65
f 595 598 597
f 610 496 1565
f 1014 1018 1017
f 24 129 128
f 1200 1095 1097
f 1196 1199 1201
f 565 1687 568
f 24 130 129
f 297 298 469
f 296 300 299
f 1014 1020 1018
f 565 1668 1669
f 60 65 64
f 604 299 300
f 599 951 1479
f 1093 1097 1095
f 568 1743 1405
f 1427 1565 496
f 1032 1228 1031
f 595 599 598
f 60 64 63
f 597 601 596
f 469 1031 1624
f 1032 1203 1228
f 296 297 300
f 1017 1024 1023
f 1199 1200 1649
f 610 606 495
f 1553 951 952
f 604 608 606
f 1720 1291 1292
f 1200 1097 1649
f 610 495 496
f 1700 1292 1668
f 1093 1023 1096
f 604 300 608
f 130 25 63
f 1228 1624 1031
f 1020 1291 545
f 595 597 596
f 603 601 1427
f 565 566 1668
f 24 25 130
f 1201 1199 1204
f 1017 1018 1022
f 1201 1205 1203
f 61 1405 65
f 60 61 65
f 297 469 293
f 1023 1024 1096
f 563 565 568
f 568 1405 567
f 1017 1022 1024
f 1018 1020 546
f 1093 291 1097
f 1700 1720 1292
f 293 469 1624
f 545 1291 1720
f 1199 1649 1204
f 1700 1668 566
f 1427 496 493
f 105 951 599
f 596 601 603
f 59 60 63
f 1203 1472 1228
f 1093 1096 291
f 1201 1204 1205
f 294 300 297
f 595 105 599
f 563 566 565
f 1020 545 546
f 608 636 606
f 563 568 567
f 1097 292 1649
f 636 495 606
f 603 1427 493
f 1203 1205 1472
f 1018 546 1022
f 84 1624 1228
f 63 25 26
f 291 292 1097
f 608 300 468
f 492 496 495
f 570 567 1405
f 294 297 293
f 59 61 60
f 61 570 1405
f 1676 1096 1024
f 106 952 951
f 18 25 24
f 293 1624 84
f 492 493 496
f 1676 1024 1022
f 59 63 26
f 548 545 1720
f 1698 1700 566
f 294 468 300
f 1699 1720 1700
f 105 106 951
f 289 1204 1649
f 608 468 636
f 595 596 600
f 83 1228 1472
f 563 567 564
f 291 1096 290
f 83 84 1228
f 289 1649 292
f 563 569 566
f 18 24 23
f 595 108 105
f 596 603 419
f 1647 1205 1204
f 542 546 545
f 494 495 636
f 1022 546 1674
f 1699 548 1720
f 18 26 25
f 1698 1699 1700
f 564 567 570
f 1676 290 1096
f 1698 566 569
f 542 545 548
f 492 495 494
f 603 493 415
f 1648 1472 1205
f 59 62 61
f 281 292 291
f 595 600 108
f 1675 1676 1022
f 293 84 85
f 87 294 293
f 1647 1204 289
f 410 493 492
f 1647 1648 1205
f 61 1406 570
f 603 415 419
f 1675 1022 1674
f 563 564 266
f 596 419 420
f 563 266 569
f 281 291 290
f 596 420 600
f 59 26 27
f 281 289 292
f 468 635 636
f 542 543 546
f 543 1674 546
f 410 415 493
f 87 293 85
f 294 295 468
f 61 62 1406
f 83 1472 86
f 494 636 635
f 218 1699 1698
f 1699 547 548
f 218 1698 569
f 542 548 547
f 102 106 105
f 77 84 83
f 1237 290 1676
f 18 23 22
f 1648 86 1472
f 564 570 267
f 59 27 62
f 102 105 108
f 18 19 26
f 492 494 409
f 1675 1237 1676
f 87 295 294
f 77 85 84
f 410 492 409
f 267 570 1406
f 564 267 266
f 266 215 569
f 19 27 26
f 1671 1675 1674
f 1647 937 1648
f 1647 289 287
f 215 218 569
f 468 862 635
f 1671 1674 543
f 77 83 86
f 109 108 600
f 468 295 862
f 281 290 286
f 542 544 543
f 542 547 544
f 282 289 281
f 411 419 415
f 218 216 1699
f 1699 216 547
f 17 18 22
f 286 290 1237
f 78 87 85
f 411 420 419
f 937 86 1648
f 408 415 410
f 418 600 420
f 17 19 18
f 497 494 635
f 1675 1672 1237
f 409 494 497
f 77 78 85
f 102 103 106
f 102 108 109
f 1647 287 937
f 1617 1406 62
f 1617 62 27
f 282 287 289
f 1671 1672 1675
f 408 410 409
f 87 88 295
f 418 109 600
f 214 266 267
f 214 215 266
f 544 547 550
f 213 218 215
f 408 411 415
f 78 88 87
f 1671 543 551
f 267 1406 1619
f 280 281 286
f 411 418 420
f 550 547 216
f 544 551 543
f 280 282 281
f 634 635 862
f 19 28 27
f 213 216 218
f 286 1237 989
f 77 86 80
f 497 635 634
f 1392 862 295
f 1237 1672 989
f 1617 1619 1406
f 935 86 937
f 17 22 21
f 1671 1673 1672
f 1617 27 28
f 76 78 77
f 409 497 414
f 213 215 214
f 408 409 414
f 1392 295 88
f 17 20 19
f 937 287 938
f 1671 551 1673
f 214 267 265
f 102 109 107
f 267 1619 265
f 544 550 549
f 550 216 257
f 78 81 88
f 634 862 1392
f 282 288 287
f 935 80 86
f 102 104 103
f 76 77 80
f 544 549 551
f 19 20 28
f 788 109 418
f 280 286 285
f 935 937 938
f 408 412 411
f 280 283 282
f 285 286 989
f 1672 1673 988
f 1672 988 989
f 17 21 20
f 76 81 78
f 411 416 418
f 213 217 216
f 287 288 938
f 497 634 633
f 550 257 549
f 102 107 104
f 282 283 288
f 497 633 414
f 217 257 216
f 1741 1673 551
f 408 414 413
f 788 107 109
f 1740 1392 88
f 1740 88 81
f 1617 28 1618
f 1617 1521 1619
f 213 214 219
f 1619 1520 265
f 408 413 412
f 788 418 416
f 1741 988 1673
f 280 284 283
f 214 265 264
f 549 1530 551
f 411 412 417
f 280 285 284
f 987 989 988
f 987 285 989
f 1390 634 1392
f 411 417 416
f 1662 28 20
f 227 20 21
f 76 82 81
f 1530 1741 551
f 934 80 935
f 549 257 258
f 213 219 217
f 1617 1618 1521
f 935 938 936
f 1619 1521 1520
f 76 80 79
f 1598 938 288
f 1390 633 634
f 217 258 257
f 214 264 219
f 283 727 288
f 82 1740 81
f 1618 28 1662
f 264 265 1520
f 1688 414 633
f 1740 1391 1392
f 1688 413 414
f 283 284 727
f 1741 990 988
f 226 227 21
f 549 1529 1530
f 549 258 1529
f 934 935 936
f 1598 936 938
f 104 107 110
f 76 79 82
f 1390 1392 1391
f 987 988 990
f 934 79 80
f 227 924 20
f 1662 20 924
f 1080 412 413
f 171 107 788
f 1080 417 412
f 285 728 284
f 788 416 170
f 1598 288 1365
f 987 728 285
f 1365 288 727
f 256 217 219

