# https://github.com/mikedh/trimesh
v -0.32737998 -0.35554827 0.29433719
v -0.34327036 -0.34723040 0.29957147
v -0.32880652 -0.34797386 0.31220636
v -0.30557274 -0.36297209 0.29681354
v -0.32034904 -0.36473699 0.27689272
v -0.34279448 -0.35245139 0.28674058
v -0.33774805 -0.35805988 0.27700873
v -0.31313027 -0.35481619 0.31058773
v -0.35032935 -0.35338063 0.27630416
v -0.33541888 -0.36337120 0.26474864
v -0.35081355 -0.35826570 0.26221827
v -0.31264541 -0.41948024 -0.04238384
v -0.32438655 -0.41676166 -0.03477856
v -0.30657826 -0.42092315 -0.02842298
v -0.30247824 -0.42178670 -0.04154377
v -0.30715510 -0.42041841 -0.05568934
v -0.32243809 -0.41701493 -0.05210469
v -0.32071421 -0.41695737 -0.06777328
v -0.33341992 -0.41411625 -0.06338194
v -0.33611581 -0.41377997 -0.04928830
v -0.25914500 -0.37103672 0.31836512
v -0.27525663 -0.36535457 0.31942062
v -0.26516272 -0.36500325 0.32929580
v -0.24421074 -0.37817399 0.31112488
v -0.26042750 -0.37720578 0.30024923
v -0.24178185 -0.37266569 0.32826878
v -0.27461693 -0.37092851 0.30512686
v -0.25292808 -0.36631527 0.33611146
v -0.28873720 -0.36488633 0.30825549
v -0.28849475 -0.35967543 0.32194821
v -0.27568082 -0.35940804 0.33412371
v -0.26337476 -0.36170940 0.33915416
v -0.50781951 -0.34319087 -0.20415372
v -0.52154727 -0.33598834 -0.20375258
v -0.51470786 -0.34189807 -0.19162117
v -0.51501220 -0.33704590 -0.21621704
v -0.50019107 -0.34909008 -0.19100376
v -0.49352058 -0.34994742 -0.20491186
v -0.50161176 -0.34394079 -0.21679260
v -0.53435032 -0.32916256 -0.20046335
v -0.52596997 -0.33565992 -0.19301810
v -0.53059686 -0.32789643 -0.21631037
v -0.22961696 -0.38892047 0.29137516
v -0.24575792 -0.38429027 0.29214187
v -0.22954900 -0.38410098 0.30583636
v -0.22016194 -0.39412246 0.28236562
v -0.23873594 -0.39160208 0.27545418
v -0.21358287 -0.38980416 0.30075352
v -0.46449995 -0.35761273 0.10094772
v -0.46566825 -0.35449359 0.11387775
v -0.45284912 -0.36101178 0.10724517
v -0.45843793 -0.36147413 0.09329603
v -0.47019256 -0.35770228 0.08784308
v -0.47504486 -0.35308939 0.10200682
v -0.45294448 -0.35723989 0.12488588
v -0.44699878 -0.36615231 0.09246558
v -0.44223113 -0.36289595 0.11860010
v -0.43836941 -0.36696772 0.10619974
v -0.46841270 -0.34940887 0.13188201
v -0.47969854 -0.34839003 0.11544086
v -0.10603105 -0.39058607 0.34884142
v -0.10978065 -0.38506182 0.36352036
v -0.09743315 -0.38701019 0.36078541
v -0.08976270 -0.39153576 0.34875910
v -0.10254597 -0.39557770 0.33450698
v -0.11628444 -0.39414299 0.33590349
v -0.12100315 -0.38900549 0.34958479
v -0.13813381 -0.44778777 -0.03035057
v -0.14537239 -0.44724086 -0.04868444
v -0.14968357 -0.44675403 -0.03939698
v -0.14902914 -0.44647429 -0.01468441
v -0.13303682 -0.44780361 -0.00792055
v -0.11972240 -0.44951287 -0.03280633
v -0.12875708 -0.44891231 -0.05048889
v -0.12350957 -0.44891445 -0.01837615
v -0.15533190 -0.44605717 -0.03121747
v -0.15978447 -0.44560327 -0.04772576
v -0.27383124 -0.42675909 0.02608871
v -0.28398002 -0.42446166 0.03089244
v -0.27301879 -0.42627114 0.03916714
v -0.26208692 -0.42877459 0.03090607
v -0.26718493 -0.42840725 0.01570253
v -0.28258251 -0.42539102 0.01409867
v -0.29573064 -0.42230039 0.02291491
v -0.29501585 -0.42159320 0.03886513
v -0.28362404 -0.42377892 0.04412957
v -0.25938978 -0.42829311 0.04930116
v -0.27485423 -0.42493725 0.05398095
v -0.53242917 -0.33684515 -0.16276232
v -0.52274844 -0.34141012 -0.16797997
v -0.53373281 -0.33441310 -0.17395662
v -0.53812031 -0.33475842 -0.15153122
v -0.52530649 -0.34173888 -0.15494899
v -0.54249026 -0.33036655 -0.16514709
v -0.50887347 -0.34723223 -0.17544193
v -0.52354764 -0.33890848 -0.18162051
v -0.51289183 -0.34760605 -0.15860208
v -0.26821373 -0.40631422 0.19284796
v -0.27938482 -0.40643280 0.17861454
v -0.27995626 -0.40328288 0.19258959
v -0.27408602 -0.40197671 0.20472383
v -0.26147327 -0.40506502 0.20585432
v -0.25187089 -0.40964693 0.19593421
v -0.26289195 -0.41059587 0.17871201
v -0.29064462 -0.40174468 0.18604703
v -0.28769039 -0.39931074 0.19985808
v -0.27324574 -0.41105994 0.16312107
v -0.28807455 -0.40736615 0.16234159
v -0.29293457 -0.40377478 0.17368650
v -0.10600988 -0.44632709 -0.22078202
v -0.11644489 -0.44297920 -0.23505619
v -0.12225659 -0.44358927 -0.21970401
v -0.11284985 -0.44659779 -0.20488398
v -0.09504877 -0.44961801 -0.20435940
v -0.09880511 -0.44569200 -0.23895779
v -0.09001016 -0.44898782 -0.22185178
v -0.10827776 -0.43599618 0.15322926
v -0.11487901 -0.43347343 0.16756413
v -0.10047631 -0.43432558 0.16694951
v -0.09978019 -0.43822698 0.14005507
v -0.11512256 -0.43761974 0.13855840
v -0.12295996 -0.43514787 0.15286017
v -0.09560696 -0.43647493 0.15408990
v -0.08491314 -0.43511542 0.16543329
v -0.10586428 -0.43176271 0.18133125
v -0.09183689 -0.43239458 0.18106019
v -0.12211430 -0.43849944 -0.26130221
v -0.11625954 -0.43750757 -0.27496930
v -0.13267788 -0.43443911 -0.27333384
v -0.13410830 -0.43649898 -0.25874300
v -0.12676255 -0.43951061 -0.24761337
v -0.11034612 -0.44050267 -0.26338092
v -0.11237056 -0.44186741 -0.25050969
v -0.10151593 -0.44068307 -0.27318753
v -0.10665315 -0.43668657 -0.29083876
v -0.12445417 -0.43351479 -0.28827714
v -0.14564516 -0.43325689 -0.26442356
v -0.14664168 -0.43079509 -0.27768537
v -0.13961657 -0.43030834 -0.28837845
v -0.22961420 -0.43258979 -0.12044568
v -0.21746076 -0.43555136 -0.10676949
v -0.21502140 -0.43520407 -0.12030665
v -0.22039628 -0.43323224 -0.13576501
v -0.24547526 -0.42902685 -0.12960731
v -0.24430806 -0.43040061 -0.11248352
v -0.23028922 -0.43353424 -0.10264865
v -0.23442003 -0.43066273 -0.13589602
v -0.20406623 -0.43763036 -0.11026631
v -0.20336677 -0.43670170 -0.12870769
v -0.27467080 -0.39555774 -0.30824777
v -0.24922597 -0.40108648 -0.31004693
v -0.26036810 -0.39941359 -0.30650070
v -0.24007349 -0.40621618 -0.29749689
v -0.23658126 -0.40333858 -0.31261520
v -0.25316516 -0.40294289 -0.29893866
v -0.15806744 -0.43634864 -0.22523913
v -0.17243827 -0.43270355 -0.23165241
v -0.16678915 -0.43577969 -0.21587401
v -0.14848275 -0.43891459 -0.21898063
v -0.14628620 -0.43791798 -0.23074940
v -0.15566746 -0.43814843 -0.21374376
v -0.15848026 -0.43428694 -0.24024902
v -0.17851030 -0.43319118 -0.21872868
v -0.15989454 -0.43848699 -0.20274189
v -0.17623865 -0.43534502 -0.20342743
v -0.37390431 -0.38810668 0.12121728
v -0.37974894 -0.38325021 0.13513669
v -0.36489263 -0.38724131 0.14130388
v -0.35477258 -0.39372708 0.12635089
v -0.36072290 -0.39532500 0.10642155
v -0.37903369 -0.38981988 0.10233922
v -0.39049228 -0.38399049 0.11202626
v -0.38759314 -0.38236699 0.12573049
v -0.22586250 -0.43182531 0.08082411
v -0.23789440 -0.43007231 0.07887472
v -0.23101990 -0.42966267 0.09488913
v -0.21422936 -0.43410448 0.07379955
v -0.23066857 -0.43223347 0.06607767
v -0.21581210 -0.43242229 0.09084275
v -0.23068072 -0.43333402 0.04864365
v -0.24362764 -0.43083406 0.05505796
v -0.24297993 -0.43016204 0.06749848
v -0.21938350 -0.43447622 0.05852870
v -0.61798054 -0.26897925 0.03221013
v -0.62877112 -0.25566927 0.02496349
v -0.62344979 -0.26088944 0.03993569
v -0.61544763 -0.26997424 0.04651556
v -0.61985293 -0.26822224 0.01946034
v -0.60822437 -0.27940209 0.03882408
v -0.61096960 -0.27820987 0.02362616
v -0.62290826 -0.25908028 0.05350865
v -0.63126480 -0.24934835 0.04265199
v -0.63638672 -0.24571381 0.01924549
v -0.63987634 -0.23867652 0.02935373
v -0.63478681 -0.24913980 0.00803785
v -0.62525780 -0.26233204 0.00891783
v -0.57544948 -0.23763763 0.25088443
v -0.57248989 -0.23040909 0.26576242
v -0.56508666 -0.24418092 0.25950900
v -0.58231691 -0.23827838 0.23684602
v -0.58521698 -0.22547913 0.24895766
v -0.56986923 -0.24932987 0.24321112
v -0.55831994 -0.25514174 0.25376033
v -0.55842462 -0.24037624 0.27585190
v -0.55340636 -0.25168036 0.26707396
v -0.58269392 -0.21591205 0.26526052
v -0.57293516 -0.21955125 0.27869389
v -0.56489066 -0.22916441 0.28058782
v -0.57358686 -0.29359749 0.12718394
v -0.57019249 -0.29273587 0.14070741
v -0.55798674 -0.30285015 0.13670739
v -0.56501898 -0.30277394 0.11759230
v -0.58059624 -0.28491732 0.13705227
v -0.57808034 -0.29417401 0.11056631
v -0.58770663 -0.28293617 0.12044568
v -0.55235056 -0.30228960 0.15321557
v -0.54326552 -0.30952052 0.14844873
v -0.56288200 -0.29518430 0.15166193
v -0.54260512 -0.31375394 0.13409170
v -0.55177247 -0.31119904 0.12096806
v -0.57412041 -0.28629941 0.15093955
v -0.12167646 -0.41812069 0.24723241
v -0.11613659 -0.41446608 0.26438008
v -0.10855806 -0.41717404 0.25503711
v -0.13873638 -0.41748789 0.24424124
v -0.13150631 -0.41450928 0.25961241
v -0.13193124 -0.42091788 0.23114402
v -0.11627539 -0.42208330 0.23046496
v -0.10877440 -0.41956026 0.24439001
v -0.12596619 -0.41105908 0.27505132
v -0.10760473 -0.41057827 0.28151953
v -0.10163232 -0.41479748 0.26641599
v -0.09511940 -0.41846994 0.25174424
v -0.50194290 -0.31769397 0.19525460
v -0.49481201 -0.32490161 0.18308029
v -0.51014887 -0.31861574 0.17960079
v -0.49537431 -0.31575077 0.21073813
v -0.48555367 -0.32379828 0.20025589
v -0.51794895 -0.31044198 0.19219396
v -0.50751884 -0.31151167 0.20546980
v -0.52545567 -0.31230675 0.17381902
v -0.51670075 -0.31999986 0.16421723
v -0.50328294 -0.32532694 0.16859973
v -0.47939148 -0.33090516 0.18601889
v -0.48783756 -0.33219676 0.16862681
v -0.21380391 -0.43824323 -0.04572688
v -0.20639327 -0.43928172 -0.05197062
v -0.21537312 -0.43780044 -0.05695187
v -0.22506698 -0.43629960 -0.05227082
v -0.22224856 -0.43695875 -0.04058945
v -0.21275813 -0.43848444 -0.03334156
v -0.20062340 -0.44024286 -0.03865661
v -0.22415101 -0.43600589 -0.06886188
v -0.20718379 -0.43885331 -0.06537121
v -0.19491100 -0.44091918 -0.05275314
v -0.52033846 -0.32262085 0.14795032
v -0.50945657 -0.32563956 0.15728043
v -0.50627803 -0.32978707 0.14678744
v -0.52964156 -0.32141578 0.13342366
v -0.53341776 -0.31661317 0.14427522
v -0.53032380 -0.31463880 0.15736392
v -0.51537694 -0.32905543 0.13168033
v -0.50109076 -0.33472878 0.13587671
v -0.49970642 -0.32989317 0.15819153
v -0.49087219 -0.33599149 0.14913699
v -0.58668924 -0.29377709 0.07908826
v -0.59458476 -0.28944825 0.06332240
v -0.59796942 -0.28348237 0.07780220
v -0.57210897 -0.30482275 0.08314543
v -0.58118047 -0.30073728 0.06672928
v -0.58147766 -0.29515734 0.09429224
v -0.59148145 -0.28753353 0.08895914
v -0.59002595 -0.28567430 0.10216577
v -0.56892900 -0.30358181 0.10149952
v -0.34944270 -0.38592211 -0.27272169
v -0.36186311 -0.38529660 -0.25986011
v -0.34623742 -0.39011754 -0.25665871
v -0.33681460 -0.39056697 -0.26634781
v -0.34140590 -0.38547599 -0.28416163
v -0.35374679 -0.38125736 -0.28818183
v -0.33929003 -0.38804775 -0.27533747
v -0.36529144 -0.38034746 -0.27824869
v -0.33275287 -0.39433470 -0.25250807
v -0.35383597 -0.39010639 -0.24647159
v -0.34195934 -0.39392572 -0.24232042
v -0.37709565 -0.37944822 -0.26742781
v -0.36649490 -0.38741827 -0.24291462
v -0.37382644 -0.38318837 -0.25442092
v -0.21722165 -0.42815830 -0.19687854
v -0.23342130 -0.42428231 -0.20225504
v -0.22879011 -0.42710137 -0.18621475
v -0.21332173 -0.43096494 -0.17789853
v -0.20081207 -0.43205125 -0.19038994
v -0.20507886 -0.42908175 -0.20943353
v -0.22296155 -0.42486880 -0.21417745
v -0.22811477 -0.43464786 0.03116256
v -0.24546797 -0.43148565 0.03650211
v -0.24046041 -0.43301975 0.02196719
v -0.21633482 -0.43573097 0.04533944
v -0.21255588 -0.43703478 0.03169913
v -0.21880939 -0.43666927 0.01828546
v -0.23187087 -0.43466502 0.01660443
v -0.00025486 -0.45736676 -0.27012952
v 0.00272562 -0.45957428 -0.25063447
v 0.00708434 -0.46150504 -0.23094573
v -0.23979953 -0.36817164 0.34170252
v -0.24578271 -0.36293765 0.35016781
v -0.23281370 -0.36534928 0.35384257
v -0.22643780 -0.37228577 0.34083092
v -0.40185388 -0.39120926 -0.13977173
v -0.38851950 -0.39579865 -0.13026237
v -0.39187022 -0.39344053 -0.14790655
v -0.41430780 -0.38732780 -0.14094121
v -0.40727457 -0.39059862 -0.12597009
v -0.40618939 -0.38867753 -0.15376114
v -0.39336407 -0.39564832 -0.11204941
v -0.37636786 -0.40038722 -0.11390328
v -0.37718364 -0.39793999 -0.14365357
v -0.36988797 -0.40114758 -0.12841401
v -0.64625772 -0.22825421 -0.08437003
v -0.65299367 -0.21615859 -0.08490723
v -0.65170020 -0.22079342 -0.06940113
v -0.64273344 -0.23585407 -0.07281331
v -0.63945501 -0.23942032 -0.08569720
v -0.64155430 -0.23400629 -0.09675334
v -0.64853153 -0.22208451 -0.09595602
v -0.64642652 -0.23143031 -0.05743013
v -0.63851516 -0.24397908 -0.06169127
v -0.63321228 -0.25010504 -0.07742098
v -0.62915487 -0.25874778 -0.04860648
v -0.63534879 -0.24972539 -0.05171436
v -0.63566360 -0.24957906 -0.03770833
v -0.62654777 -0.26251503 -0.03544509
v -0.62236252 -0.26794522 -0.04585813
v -0.62263110 -0.26691946 -0.05789245
v -0.63061200 -0.25574645 -0.06191383
v -0.64152480 -0.24033715 -0.04780650
v -0.63109221 -0.25600834 -0.02072193
v -0.64340672 -0.23770546 -0.03546677
v -0.64076996 -0.24171293 -0.02337924
v -0.58533745 -0.27673544 0.14833245
v -0.57757565 -0.27870330 0.16345416
v -0.56587302 -0.28870916 0.16416428
v -0.55464614 -0.29727385 0.16426727
v -0.08120876 -0.44910738 -0.23570452
v -0.08258990 -0.45125992 -0.21036426
v -0.07530927 -0.45153865 -0.22074889
v -0.08538829 -0.44661468 -0.25154607
v -0.09932989 -0.44335755 -0.25753064
v -0.07252218 -0.44935760 -0.24702754
v -0.06426083 -0.45208893 -0.23350744
v -0.31533142 -0.34827156 0.32466635
v -0.31579751 -0.34220686 0.33855035
v -0.30306295 -0.34827678 0.33620740
v -0.30167155 -0.35417100 0.32333693
v -0.32878800 -0.34170219 0.32747242
v -0.29957265 -0.35941917 0.31218014
v -0.15037894 -0.44140326 -0.18985372
v -0.14510584 -0.44088447 -0.20582339
v -0.16554299 -0.43885971 -0.18778484
v -0.15503975 -0.44182216 -0.17467918
v -0.14156197 -0.44396212 -0.17683490
v -0.13555673 -0.44390009 -0.19080208
v -0.13717650 -0.44097854 -0.21901341
v -0.12884563 -0.44382824 -0.20516017
v -0.57410694 -0.25642580 -0.30707157
v -0.56459844 -0.26916091 -0.30419167
v -0.57635793 -0.26015402 -0.29525990
v -0.58177704 -0.24487618 -0.30869159
v -0.58203392 -0.25059746 -0.29899186
v -0.49441280 -0.29645589 0.26273600
v -0.50476701 -0.29664053 0.24823275
v -0.50536405 -0.29072601 0.26139911
v -0.48942608 -0.30359305 0.25177354
v -0.48705652 -0.29582598 0.27350100
v -0.48180211 -0.30208607 0.26527823
v -0.49852621 -0.28880948 0.27432167
v -0.33829929 -0.39813028 0.13226226
v -0.34282022 -0.39968813 0.11521376
v -0.32427582 -0.40116550 0.13998546
v -0.32564633 -0.40376391 0.12279695
v -0.34786578 -0.39290615 0.14288443
v -0.33418604 -0.39657318 0.14758936
v -0.31238807 -0.40283824 0.15015333
v -0.31169755 -0.40580985 0.13484742
v -0.32317444 -0.39905076 0.15290753
v -0.53043294 -0.33337529 0.06966778
v -0.54464094 -0.32678169 0.06216569
v -0.54220830 -0.32619641 0.07509652
v -0.53374518 -0.32846941 0.08843451
v -0.51599831 -0.33789487 0.08563139
v -0.52514759 -0.33845145 0.05419317
v -0.53655377 -0.33242659 0.05470786
v -0.51479911 -0.34165634 0.06661034
v -0.49968608 -0.34961323 0.05988274
v -0.51346406 -0.34435280 0.05294244
v -0.50406427 -0.34506400 0.07663539
v -0.58999297 -0.23172684 -0.30945209
v -0.59090461 -0.23928898 -0.29530225
v -0.59653770 -0.21862533 -0.31208094
v -0.59994376 -0.22248305 -0.29747306
v -0.60088987 -0.22974257 -0.28368804
v -0.59398488 -0.24346512 -0.27994251
v -0.58535900 -0.25191137 -0.28821287
v -0.35823751 -0.36506230 0.23364423
v -0.37309654 -0.36270554 0.22296874
v -0.37007065 -0.35906220 0.23788964
v -0.36114782 -0.36968470 0.21528585
v -0.34301257 -0.36604467 0.24840679
v -0.34450321 -0.37155994 0.22964104
v -0.35774908 -0.36085492 0.24698294
v -0.43324109 -0.33616470 0.23021842
v -0.42972183 -0.34258712 0.21481173
v -0.44457779 -0.33647859 0.21516835
v -0.41913940 -0.33771268 0.24243613
v -0.41743207 -0.34332429 0.22781265
v -0.43129300 -0.33157270 0.24599008
v -0.44882896 -0.33049871 0.22823905
v -0.44135367 -0.33002150 0.23875775
v -0.43990116 -0.34186353 0.20405803
v -0.41476909 -0.34929068 0.21251151
v -0.42823039 -0.34775400 0.19999621
v -0.45447928 -0.33730552 0.19954219
v -0.46091487 -0.32978349 0.21506770
v -0.60022407 -0.28873112 0.03050749
v -0.60296005 -0.28778157 0.01302161
v -0.61528126 -0.27483547 0.00768704
v -0.59772403 -0.28919880 0.04629435
v -0.58925767 -0.29811333 0.03843577
v -0.59087157 -0.29834520 0.02265196
v -0.60100452 -0.29105070 -0.00023986
v -0.60838085 -0.28334856 0.00003958
v -0.59250763 -0.29847670 0.00661242
v -0.49482538 -0.36029723 -0.03422112
v -0.48100493 -0.36584174 -0.02662567
v -0.48386450 -0.36531587 -0.04307508
v -0.50737092 -0.35499527 -0.04323586
v -0.50758261 -0.35413722 -0.02616107
v -0.49259570 -0.36046026 -0.01834567
v -0.49639010 -0.36011635 -0.04824016
v -0.45108945 -0.35393692 0.14262714
v -0.43656114 -0.36159671 0.13457845
v -0.43618571 -0.35736910 0.15314096
v -0.42287932 -0.36365618 0.14896158
v -0.41989399 -0.36831343 0.13395758
v -0.42955848 -0.36761421 0.11987756
v -0.46342228 -0.34695365 0.15104493
v -0.44838784 -0.35081230 0.15991640
v -0.44087385 -0.36861843 -0.21983553
v -0.45075514 -0.36692201 -0.20852505
v -0.43744244 -0.37270900 -0.20158490
v -0.42678885 -0.37455779 -0.21328404
v -0.43541630 -0.36794607 -0.23474445
v -0.44933140 -0.36286082 -0.23484268
v -0.42858580 -0.37196229 -0.22544153
v -0.45736330 -0.36227442 -0.22132287
v -0.23182250 -0.43014767 -0.14873576
v -0.24269146 -0.42699986 -0.16046847
v -0.24500293 -0.42790123 -0.14531782
v -0.22929533 -0.42943682 -0.16261354
v -0.21932356 -0.43217027 -0.15265989
v -0.23787552 -0.42653391 -0.17481096
v -0.25509795 -0.42306097 -0.17450118
v -0.25716968 -0.42445633 -0.15673613
v -0.25871618 -0.42559463 -0.14063058
v -0.46919736 -0.37102825 -0.03591919
v -0.47283643 -0.37006639 -0.05296413
v -0.48899419 -0.36351280 -0.06050605
v -0.00422171 -0.44458616 0.08672945
v -0.01842378 -0.44503780 0.08773401
v -0.01141231 -0.44353565 0.09823642
v -0.00500186 -0.44639322 0.07146137
v -0.01577501 -0.44642208 0.07424953
v -0.02637006 -0.44636648 0.07748954
v -0.03040368 -0.44523105 0.08886378
v -0.02211752 -0.44368726 0.10033737
v -0.01230471 -0.44190601 0.11120717
v -0.12026744 -0.44651863 -0.19020563
v -0.12751874 -0.44629726 -0.17624663
v -0.11252648 -0.44876811 -0.17467910
v -0.10439509 -0.44919696 -0.18878904
v -0.09698386 -0.45126568 -0.17225931
v -0.10542561 -0.45057063 -0.15907943
v -0.12058804 -0.44822513 -0.16081880
v -0.56694596 -0.31986015 -0.00037857
v -0.56458627 -0.32193068 -0.01099387
v -0.57439246 -0.31472657 -0.00642201
v -0.55959569 -0.32470517 0.00032193
v -0.57304439 -0.31479057 0.00611857
v -0.56270253 -0.32186180 0.00949839
v -0.57442084 -0.31521612 -0.01735118
v -0.58324213 -0.30804188 -0.01466927
v -0.58332511 -0.30710416 -0.00064319
v -0.56870241 -0.31950958 -0.02621211
v -0.55194468 -0.32961880 -0.00507808
v -0.55556054 -0.32805205 -0.02083357
v -0.17815619 -0.44231335 0.01465227
v -0.17714869 -0.44176350 0.02991428
v -0.16116119 -0.44367878 0.02747517
v -0.18151095 -0.44252430 -0.00435896
v -0.19333361 -0.44067391 0.00574984
v -0.16705167 -0.44398005 0.00645910
v -0.19008402 -0.44050111 0.02243676
v -0.18726460 -0.43995610 0.04027914
v -0.17038630 -0.44171984 0.04452314
v -0.14301698 -0.44464236 0.04303145
v -0.14355342 -0.44576083 0.02201603
v -0.15695393 -0.44302916 0.04737472
v -0.15468589 -0.44516527 0.01131382
v -0.11973687 -0.44940554 -0.12914587
v -0.13540801 -0.44735061 -0.12807350
v -0.12582548 -0.44898724 -0.11318669
v -0.11301064 -0.44992544 -0.14487314
v -0.13034045 -0.44739181 -0.14611926
v -0.11018399 -0.45085801 -0.11332766
v -0.10383708 -0.45147454 -0.12940181
v -0.33480290 -0.38126549 0.20938567
v -0.34463595 -0.38086589 0.19799048
v -0.34561517 -0.37627525 0.21284793
v -0.32978327 -0.37859656 0.22453426
v -0.32428162 -0.38392703 0.21314953
v -0.32912925 -0.38641691 0.19777881
v -0.35828092 -0.37543963 0.19935265
v -0.35619332 -0.38017511 0.18483257
v -0.34281739 -0.38543254 0.18316919
v -0.61951326 -0.20828554 0.19392486
v -0.61776951 -0.21908960 0.18213460
v -0.62592289 -0.20556071 0.17931707
v -0.61419926 -0.20830988 0.20838550
v -0.60858872 -0.22374589 0.19953918
v -0.62719099 -0.19482832 0.19038107
v -0.62145924 -0.19729073 0.20366915
v -0.62419170 -0.21597790 0.16812683
v -0.63187308 -0.20278814 0.16458277
v -0.17576105 -0.38714781 0.33267540
v -0.17462710 -0.38175312 0.34827079
v -0.16319610 -0.38592710 0.34265243
v -0.16151414 -0.39090585 0.32893962
v -0.17688542 -0.39217771 0.31707281
v -0.18989814 -0.38791760 0.32235263
v -0.18820706 -0.38291682 0.33764526
v -0.15581428 -0.38831805 0.33946255
v -0.16042986 -0.38074196 0.35783075
v -0.15105105 -0.38544954 0.34930150
v -0.39884147 -0.35563902 0.21271485
v -0.38568748 -0.35593643 0.22842637
v -0.38560015 -0.36042317 0.21452600
v -0.40220475 -0.34968344 0.22714681
v -0.39250345 -0.36182171 0.20072522
v -0.41209128 -0.35617524 0.19318644
v -0.64036599 -0.23052644 -0.12075950
v -0.63638529 -0.23408810 -0.13381321
v -0.64383877 -0.22127491 -0.13109173
v -0.63696139 -0.23904651 -0.10944539
v -0.63161240 -0.24468902 -0.12353103
v -0.64787830 -0.21758537 -0.11809313
v -0.64456970 -0.22635500 -0.10790963
v -0.63941130 -0.22546491 -0.14401545
v -0.65124115 -0.20807941 -0.12786960
v -0.64680657 -0.21216094 -0.14125376
v -0.62984611 -0.24450795 -0.13680705
v -0.63220686 -0.23788442 -0.14610266
v -0.23664590 -0.43444571 -0.00808529
v -0.22953174 -0.43575014 -0.02141102
v -0.24477050 -0.43316493 -0.02295699
v -0.22828083 -0.43557868 0.00533630
v -0.22220684 -0.43678370 -0.00662228
v -0.25121215 -0.43192912 -0.00858164
v -0.24303071 -0.43304954 0.00703332
v -0.62728608 -0.20216116 -0.24062373
v -0.62101477 -0.21726013 -0.23964257
v -0.61970480 -0.21206448 -0.25221582
v -0.62640599 -0.21108266 -0.23046680
v -0.63145832 -0.20119824 -0.22766671
v -0.62456306 -0.19794492 -0.25572108
v -0.63751456 -0.19341519 -0.21766226
v -0.65309614 -0.19220772 0.09880771
v -0.55164086 -0.33066723 -0.09242694
v -0.56545635 -0.32066186 -0.09982994
v -0.56591828 -0.32104784 -0.08406584
v -0.55381517 -0.32983687 -0.07583236
v -0.54275959 -0.33671259 -0.08097158
v -0.55465709 -0.32802177 -0.10684517
v -0.54230827 -0.33592484 -0.10596713
v -0.53593976 -0.34031707 -0.09187911
v -0.53859625 -0.31934583 0.12087566
v -0.07453145 -0.40530796 0.30597693
v -0.07160553 -0.40011602 0.32374567
v -0.06300539 -0.40341973 0.31337181
v -0.08849492 -0.40301913 0.31219915
v -0.07319868 -0.40907925 0.29235730
v -0.08879527 -0.40846717 0.29279954
v -0.06179557 -0.40693457 0.30078526
v -0.02863534 -0.45831231 -0.21987152
v -0.02998674 -0.45894127 -0.20564552
v -0.01752216 -0.45995074 -0.21402096
v -0.02100097 -0.45852777 -0.22958959
v -0.03690318 -0.45626607 -0.23234766
v -0.03832434 -0.45720577 -0.21783624
v -0.04969570 -0.45513497 -0.22420454
v -0.04676940 -0.45675469 -0.20710800
v -0.39441558 -0.38555213 0.09561747
v -0.38416901 -0.39042757 0.08818975
v -0.39687904 -0.38752148 0.07790946
v -0.40828832 -0.38191666 0.08747048
v -0.40765886 -0.37896812 0.10509947
v -0.56250625 -0.31695573 -0.15972482
v -0.57299743 -0.30941904 -0.15165227
v -0.56044588 -0.32045524 -0.14450145
v -0.55094498 -0.32600545 -0.15553259
v -0.57286963 -0.30732025 -0.16610810
v -0.56322589 -0.31451600 -0.17256563
v -0.55362637 -0.32245808 -0.16821687
v -0.55202438 -0.32760358 -0.13463272
v -0.54815850 -0.32923740 -0.14417930
v -0.56241550 -0.32069282 -0.12897706
v -0.57336437 -0.31111046 -0.13684659
v -0.58352995 -0.29859183 -0.15889189
v -0.58411872 -0.30049262 -0.14394706
v -0.30687020 -0.40811971 -0.20485927
v -0.31007036 -0.40545180 -0.21825027
v -0.32140683 -0.40438159 -0.20745091
v -0.31313364 -0.40826632 -0.19315702
v -0.29648534 -0.41187000 -0.19411845
v -0.29286821 -0.41026762 -0.21183363
v -0.31783798 -0.40875446 -0.18088539
v -0.33258973 -0.40389401 -0.19174418
v -0.32862830 -0.40718814 -0.17297289
v -0.31139542 -0.41188718 -0.16639227
v -0.30341278 -0.41208841 -0.18025744
v -0.05680311 -0.44899843 0.05036213
v -0.04234766 -0.44854252 0.05655007
v -0.04504541 -0.44985817 0.04045934
v -0.06749079 -0.44972897 0.03818783
v -0.06970002 -0.44873807 0.05109189
v -0.05646624 -0.45015607 0.03492702
v -0.06540894 -0.44747799 0.06645605
v -0.05155896 -0.44772811 0.06558696
v -0.03261730 -0.45060189 0.03073424
v -0.04870045 -0.45092602 0.02436528
v -0.03384635 -0.44933459 0.04696508
v -0.03932345 -0.44682362 0.07462877
v -0.02752610 -0.44789386 0.06213425
v 0.00014509 -0.45041975 0.03155055
v -0.01631860 -0.45057328 0.03110485
v -0.00765662 -0.44909788 0.04610004
v 0.00244335 -0.45224957 0.01272547
v -0.01154347 -0.45190532 0.01586615
v -0.00819141 -0.45312226 0.00216894
v -0.02296304 -0.45294381 0.00111609
v -0.02437900 -0.45167386 0.01760364
v -0.59375658 -0.28637136 -0.16695980
v -0.60154490 -0.27976097 -0.15637798
v -0.59383940 -0.28949878 -0.15089077
v -0.58986798 -0.28710721 -0.18281976
v -0.59917829 -0.27738498 -0.17897004
v -0.58209095 -0.29714408 -0.17396775
v -0.60436372 -0.27387326 -0.16700385
v -0.66203427 -0.19730265 0.03172790
v -0.65844560 -0.21104627 -0.02238199
v -0.65958490 -0.20810209 -0.00753377
v -0.65327352 -0.22028898 -0.01085609
v -0.66021900 -0.20784491 -0.03722715
v -0.66559620 -0.19709329 -0.02700639
v -0.65442216 -0.21874153 -0.03557013
v -0.66520298 -0.19711573 -0.01254732
v -0.64945346 -0.22747662 -0.02595418
v -0.10274611 -0.42146716 0.23676223
v -0.12898358 -0.42440131 0.21497378
v -0.10419480 -0.42420166 0.22307648
v -0.11567750 -0.42521442 0.21508111
v -0.57768420 -0.30827672 0.03251839
v -0.58065796 -0.30459757 0.04571109
v -0.57057236 -0.31175115 0.04875259
v -0.56097165 -0.31977919 0.03709475
v -0.56872873 -0.31641678 0.02028413
v -0.58123817 -0.30743963 0.01459958
v -0.54727089 -0.32726047 0.04718201
v -0.54819733 -0.32837232 0.03360576
v -0.55570442 -0.32505149 0.02188440
v -0.55758531 -0.31972993 0.05529229
v -0.61798819 -0.24594845 0.12687652
v -0.61821769 -0.24971502 0.11474802
v -0.62648168 -0.23517427 0.12051880
v -0.62071725 -0.23959821 0.13308224
v -0.61420615 -0.24704680 0.13802101
v -0.60927962 -0.25674845 0.12879219
v -0.60937204 -0.26227986 0.11156400
v -0.61790079 -0.25497796 0.10037376
v -0.62691219 -0.24145033 0.10144111
v -0.63314573 -0.22943274 0.10709969
v -0.63612632 -0.21991563 0.11671891
v -0.63147161 -0.22218843 0.13097270
v -0.62508772 -0.23178967 0.13479304
v -0.12531856 -0.38305783 0.36477010
v -0.14288302 -0.37954934 0.36805163
v -0.13664969 -0.38690630 0.35050686
v -0.35368984 -0.40324849 0.06821873
v -0.35867580 -0.40347535 0.05227442
v -0.36867767 -0.39912924 0.06303321
v -0.36334424 -0.39888130 0.07842692
v -0.34916570 -0.40270061 0.08338028
v -0.33893900 -0.40696965 0.07414784
v -0.34330278 -0.40748123 0.05829366
v -0.14205227 -0.44760193 -0.06455681
v -0.14025256 -0.44769821 -0.08341061
v -0.15625217 -0.44584416 -0.07607464
v -0.15385371 -0.44629169 -0.06023158
v -0.12821643 -0.44909785 -0.06924378
v -0.65388138 -0.21243959 -0.09538714
v -0.65136030 -0.21456531 -0.10563843
v -0.65850564 -0.20506704 -0.08861471
v -0.65756200 -0.20389394 -0.10118875
v -0.65501423 -0.20505346 -0.11431999
v -0.18077205 -0.42918505 0.15778946
v -0.19611720 -0.42852273 0.14828254
v -0.19149868 -0.42633895 0.16711910
v -0.17680953 -0.42723723 0.17348312
v -0.16791801 -0.42980578 0.16377584
v -0.17125160 -0.43126071 0.15119810
v -0.18139564 -0.43125392 0.14231802
v -0.19321829 -0.43126683 0.13053810
v -0.16700340 -0.43346835 0.13738602
v -0.18038868 -0.43313793 0.12808849
v -0.05257136 -0.45767862 -0.15100349
v -0.06007262 -0.45648191 -0.16928647
v -0.06799101 -0.45580746 -0.15272295
v -0.05985022 -0.45687313 -0.13794368
v -0.04056157 -0.45903211 -0.14698219
v -0.04039387 -0.45892648 -0.16214016
v -0.04621921 -0.45836288 -0.13631562
v -0.07974615 -0.45391713 -0.16766304
v -0.04663689 -0.45792961 -0.18022745
v -0.05983435 -0.45605610 -0.18710785
v -0.07295750 -0.45431785 -0.18384811
v -0.08022283 -0.45429720 -0.15202826
v -0.07522065 -0.45504677 -0.13755002
v -0.59672252 -0.23779610 0.20633599
v -0.58991803 -0.23824539 0.22135631
v -0.58741706 -0.24722312 0.21156042
v -0.59976388 -0.22687903 0.21696840
v -0.60145635 -0.23882869 0.19237569
v -0.59091421 -0.25051152 0.19657959
v -0.59977337 -0.24808286 0.17838676
v -0.60962709 -0.23288796 0.18108820
v -0.20192862 -0.42326079 0.17679311
v -0.18693925 -0.42393317 0.18537829
v -0.21066889 -0.42053989 0.18431753
v -0.19981103 -0.42091035 0.19188235
v -0.21586561 -0.42189745 0.17147928
v -0.20646563 -0.42514996 0.16095327
v -0.18939608 -0.42109238 0.19941433
v -0.17787960 -0.42246827 0.20032233
v -0.17103089 -0.42537048 0.18868221
v -0.52092327 -0.34776109 -0.02646147
v -0.51923567 -0.34916401 -0.03850002
v -0.53106296 -0.34290518 -0.03577996
v -0.51545817 -0.34956750 -0.01186608
v -0.53041158 -0.34248892 -0.02045960
v -0.50210237 -0.35581126 -0.01129005
v -0.52833123 -0.34482781 -0.04731623
v -0.51885365 -0.34978577 -0.05235008
v -0.64465155 -0.20517185 0.11157661
v -0.64660727 -0.20946539 0.09335180
v -0.65271648 -0.20146199 0.08204599
v -0.03206982 -0.41221421 0.27789095
v -0.04127867 -0.41536205 0.26596348
v -0.04555330 -0.41190868 0.28081035
v -0.01997943 -0.41266032 0.27351977
v -0.02943832 -0.41511840 0.26522470
v -0.02212436 -0.40911399 0.28833151
v -0.03497666 -0.40864468 0.29246741
v -0.02378077 -0.40463015 0.30539149
v -0.28282333 -0.39623616 0.21699270
v -0.29901058 -0.38985888 0.22190277
v -0.28330236 -0.39052166 0.23684428
v -0.27147222 -0.39609035 0.22998326
v -0.26459526 -0.40084706 0.21943031
v -0.29934284 -0.39429397 0.20538115
v -0.30096621 -0.38453178 0.23803592
v -0.28922195 -0.38397023 0.25255511
v -0.27358206 -0.38825938 0.25458286
v -0.26568176 -0.39398971 0.24315742
v -0.31391756 -0.38422624 0.22441775
v -0.31330469 -0.38876388 0.20908566
v -0.26395490 -0.42619594 0.06709418
v -0.25214098 -0.42885189 0.06274825
v -0.29107807 -0.42108832 0.05766357
v -0.27768115 -0.42338637 0.06658334
v -0.16920260 -0.40926529 0.26367282
v -0.17875303 -0.41154443 0.24931841
v -0.18169354 -0.40685285 0.26556711
v -0.16210578 -0.41288927 0.25315418
v -0.15398841 -0.40940386 0.27057669
v -0.16910623 -0.40501560 0.27921537
v -0.19317333 -0.40808981 0.25365831
v -0.18467266 -0.40263860 0.27892785
v -0.19511618 -0.40388149 0.26785202
v -0.19401071 -0.41218955 0.23688575
v -0.16918928 -0.41575457 0.23751016
v -0.18155617 -0.41488083 0.23413080
v -0.65733966 -0.19690081 0.06806810
v -0.43041530 -0.35111767 -0.31258838
v -0.36580717 -0.40484585 0.00582485
v -0.35055081 -0.40936547 0.00492394
v -0.36112079 -0.40692955 -0.01065273
v -0.37664140 -0.40227301 -0.00845453
v -0.37156578 -0.40220790 0.02042597
v -0.35322452 -0.40755596 0.02263887
v -0.38191805 -0.39991203 0.00541128
v -0.37443354 -0.40340720 -0.02238204
v -0.36353475 -0.40661023 -0.02647253
v -0.34759140 -0.41068468 -0.00707599
v -0.34928472 -0.41045515 -0.02156067
v -0.33807414 -0.41297440 0.00154236
v -0.33786916 -0.41233530 0.01615797
v -0.09279264 -0.45287462 -0.11305353
v -0.10204863 -0.45180251 -0.09719092
v -0.11723061 -0.45018604 -0.09814397
v -0.07941274 -0.45428682 -0.10553667
v -0.07800592 -0.45463578 -0.11980687
v -0.08703678 -0.45330570 -0.09468760
v -0.08915834 -0.45334223 -0.13151891
v -0.09824115 -0.45201230 -0.14445053
v -0.49738906 -0.22931981 0.37071031
v -0.48257371 -0.24650495 0.36427510
v -0.49483116 -0.23920786 0.36057942
v -0.46753640 -0.25545050 0.36727387
v -0.08942076 -0.44116106 -0.28469578
v -0.09082175 -0.43784245 -0.30206017
v -0.11964777 -0.43166493 -0.30329852
v -0.10503036 -0.43348229 -0.30964643
v -0.07665014 -0.43888950 -0.31133549
v -0.07641289 -0.44191026 -0.29515408
v -0.08713083 -0.44415132 -0.26795218
v -0.07423577 -0.44492923 -0.27867480
v -0.37982775 -0.39398680 0.07410309
v -0.37079795 -0.39466898 0.09023004
v -0.39336321 -0.39101906 0.06153234
v -0.38143091 -0.39549497 0.05850183
v -0.35797927 -0.39874677 0.09139587
v -0.18754080 -0.43012987 -0.22878054
v -0.18976713 -0.43153194 -0.21431512
v -0.19837539 -0.42642652 -0.23943203
v -0.20101916 -0.42787280 -0.22546062
v -0.18543664 -0.42846239 -0.24332512
v -0.05382679 -0.44628859 0.08020154
v -0.06624294 -0.44583322 0.08348425
v -0.04272213 -0.44504401 0.09195959
v -0.05748709 -0.44424423 0.09902915
v -0.08005699 -0.44619092 0.07649786
v -0.07978751 -0.44785949 0.05792517
v -0.07455383 -0.44447584 0.09494114
v -0.63487725 -0.23053858 0.09606812
v -0.63240961 -0.23831195 0.08357169
v -0.64059469 -0.22336915 0.08752185
v -0.63967283 -0.21968481 0.10188285
v -0.64108732 -0.22712365 0.07255044
v -0.64702043 -0.21457037 0.07891365
v -0.59044925 -0.27621600 0.13459480
v -0.59769477 -0.26550997 0.14280476
v -0.58952875 -0.26777993 0.16071601
v -0.59929608 -0.26996893 0.12422861
v -0.60681768 -0.25450940 0.14374357
v -0.60141079 -0.25483031 0.15883402
v -0.35428730 -0.38446500 0.17064555
v -0.34192693 -0.38950383 0.16792612
v -0.35286973 -0.38837784 0.15602616
v -0.36556414 -0.38302540 0.15939820
v -0.36492776 -0.37996213 0.17314761
v -0.34143007 -0.39255203 0.15532695
v -0.32931680 -0.39486655 0.16320343
v -0.32942795 -0.39092055 0.17981538
v -0.61441877 -0.27651756 -0.06636126
v -0.61409655 -0.27782564 -0.05044132
v -0.60708942 -0.28544802 -0.06001264
v -0.60454352 -0.28730920 -0.07244251
v -0.61282521 -0.27684331 -0.08336936
v -0.62319658 -0.26475171 -0.07289673
v -0.62368649 -0.26217861 -0.08927834
v -0.61587139 -0.27536082 -0.00915875
v -0.60582468 -0.28668032 -0.01113796
v -0.62223246 -0.26724761 -0.00188031
v -0.62425782 -0.26517680 -0.01194122
v -0.62152896 -0.26891691 -0.02290581
v -0.61212738 -0.28019036 -0.02341753
v -0.59294454 -0.21059378 0.25198691
v -0.59046798 -0.20026302 0.26763760
v -0.58016909 -0.20871317 0.27809325
v -0.45647163 -0.32073584 0.24713685
v -0.45036766 -0.32611719 0.23930881
v -0.46205728 -0.32365682 0.23201281
v -0.45106633 -0.31855358 0.25929451
v -0.44285026 -0.32498798 0.25117451
v -0.46948145 -0.31621168 0.24381978
v -0.46276064 -0.31416710 0.25743707
v -0.13204854 -0.44850212 -0.09833506
v -0.14490839 -0.44691322 -0.09949789
v -0.12398487 -0.44953650 -0.08404633
v -0.15505433 -0.44572712 -0.09325560
v -0.16720697 -0.44416626 -0.08956034
v -0.16972838 -0.44407196 -0.07782191
v -0.16616242 -0.44472074 -0.06463212
v -0.54218746 -0.19485263 0.35338264
v -0.52164823 -0.25414820 0.30687077
v -0.51760270 -0.26410378 0.29632626
v -0.52840203 -0.25709130 0.29394639
v -0.53549242 -0.24811043 0.29808141
v -0.53183659 -0.24171026 0.31169538
v -0.51865045 -0.24609097 0.32224359
v -0.50815566 -0.25732876 0.31851395
v -0.51007689 -0.26316605 0.30717409
v -0.35870950 -0.40796979 -0.04051849
v -0.34170926 -0.41248906 -0.03585738
v -0.34841400 -0.41068198 -0.04899776
v -0.35923188 -0.40763442 -0.05829341
v -0.37465005 -0.40340793 -0.05504832
v -0.37405352 -0.40369391 -0.03724315
v -0.62892707 -0.23541329 -0.17014698
v -0.62696621 -0.24305661 -0.15807368
v -0.62069995 -0.24913919 -0.17079739
v -0.63158197 -0.22629404 -0.18089670
v -0.63667126 -0.22202620 -0.16753538
v -0.63446977 -0.23024413 -0.15682663
v -0.62247413 -0.24070392 -0.18585594
v -0.61934718 -0.25547044 -0.15734147
v -0.62516641 -0.24952863 -0.14642848
v -0.61267137 -0.26217996 -0.16847917
v -0.61274603 -0.25719281 -0.18404317
v -0.45736967 -0.36452342 0.07787303
v -0.46282379 -0.36531222 0.05816212
v -0.47177884 -0.35981709 0.07120361
v -0.44096057 -0.37112451 0.07738293
v -0.45014779 -0.36941187 0.06497983
v -0.48033741 -0.35511373 0.07873530
v -0.48420930 -0.35543457 0.06625358
v -0.47575913 -0.36010343 0.05833976
v -0.20601086 -0.43811695 -0.09302156
v -0.21943330 -0.43586514 -0.09408906
v -0.21465300 -0.43718531 -0.08107348
v -0.20243386 -0.43925032 -0.07795817
v -0.19195964 -0.44070563 -0.08267336
v -0.19165360 -0.44019854 -0.09837041
v -0.30465030 -0.39935497 0.17802550
v -0.30188287 -0.40346472 0.16256687
v -0.31512598 -0.39927956 0.16378365
v -0.29923562 -0.39769729 0.19230728
v -0.31858652 -0.39561834 0.17532210
v -0.31352305 -0.39336212 0.19123999
v -0.29788716 -0.40759800 0.14668218
v -0.61683218 -0.19856577 0.21441980
v -0.60984191 -0.20469021 0.22341952
v -0.60707445 -0.21625574 0.21520404
v -0.58140338 -0.19679094 0.28806392
v -0.60039230 -0.19732938 0.25124178
v -0.59516357 -0.21745924 0.23985925
v -0.60187908 -0.20659239 0.23852462
v -0.10075212 -0.44987791 0.00583619
v -0.08672733 -0.45082170 0.00220483
v -0.10021116 -0.45039793 -0.00782311
v -0.11514454 -0.44912429 -0.00221201
v -0.10899819 -0.44881042 0.01733229
v -0.09187478 -0.44979899 0.01957866
v -0.09387594 -0.45157408 -0.03766301
v -0.10653257 -0.45056332 -0.03168888
v -0.09770600 -0.45096737 -0.02190948
v -0.07782300 -0.45256397 -0.03562724
v -0.08340169 -0.45261846 -0.05046658
v -0.09631485 -0.45173891 -0.05341471
v -0.10980510 -0.45056542 -0.04753002
v -0.08470899 -0.45180667 -0.02355788
v -0.11067552 -0.44997374 -0.01903921
v -0.08916184 -0.45122182 -0.01227562
v -0.30909824 -0.41891236 0.02966426
v -0.30664946 -0.41829385 0.04724118
v -0.39784629 -0.39651200 -0.04019896
v -0.38589195 -0.40014587 -0.03190045
v -0.38688360 -0.39993755 -0.04662817
v -0.39806130 -0.39650329 -0.05306017
v -0.40909903 -0.39293364 -0.05006154
v -0.40991184 -0.39240733 -0.03373011
v -0.39652701 -0.39660654 -0.02493302
v -0.38504411 -0.40013077 -0.01949522
v -0.39043605 -0.39872490 -0.06135422
v -0.57797245 -0.31212462 -0.07475763
v -0.57642195 -0.31392282 -0.05957435
v -0.56565398 -0.32183090 -0.06813083
v -0.59195400 -0.29962921 -0.07797088
v -0.58632644 -0.30557589 -0.06542353
v -0.57991634 -0.30954098 -0.09193868
v -0.55365509 -0.33012121 -0.06032310
v -0.56450259 -0.32280855 -0.05255673
v -0.58673203 -0.30557276 -0.05272631
v -0.57539689 -0.31473165 -0.04231041
v -0.32603752 -0.40971903 -0.15507678
v -0.34035060 -0.40683366 -0.15047504
v -0.33206170 -0.40977140 -0.13984699
v -0.31642962 -0.41338533 -0.13968658
v -0.31003478 -0.41375821 -0.15126679
v -0.34293505 -0.40472402 -0.16484674
v -0.35320926 -0.40342884 -0.15296840
v -0.34681490 -0.40622858 -0.13978195
v -0.36522864 -0.35003982 0.26904713
v -0.36698559 -0.35536714 0.25228893
v -0.53157160 -0.31036132 -0.27659445
v -0.52160415 -0.31272186 -0.28980635
v -0.53571219 -0.30244023 -0.28964266
v -0.54605543 -0.29968149 -0.27505643
v -0.53924353 -0.30839828 -0.26641947
v -0.52854974 -0.31729633 -0.26174974
v -0.51738314 -0.32011770 -0.27597027
v -0.27537592 -0.37596045 0.29054261
v -0.26348034 -0.38180792 0.28434897
v -0.28874882 -0.37015618 0.29406008
v -0.27775054 -0.37997783 0.27666354
v -0.28713192 -0.37498856 0.28218710
v -0.01388416 -0.43152084 0.17991679
v -0.01801098 -0.43438934 0.16405596
v -0.01841161 -0.42931847 0.19354461
v -0.09124693 -0.45269651 -0.15681310
v -0.08832587 -0.45189605 -0.18584710
v -0.24615656 -0.42303332 -0.19101759
v -0.24685335 -0.42099505 -0.20642644
v -0.26011198 -0.41864293 -0.20286526
v -0.26163158 -0.42002913 -0.18925774
v -0.22552660 -0.42912272 -0.17348523
v -0.60199430 -0.25113958 -0.23980266
v -0.59296262 -0.25790250 -0.25385010
v -0.60192667 -0.24401858 -0.25505322
v -0.60936535 -0.23677141 -0.24513716
v -0.61213038 -0.23840636 -0.23198475
v -0.59110730 -0.26614863 -0.24089769
v -0.59776255 -0.26281767 -0.22745288
v -0.60721244 -0.25054443 -0.22337728
v -0.60850946 -0.23262579 -0.25581536
v -0.61464855 -0.22498600 -0.24886696
v -0.61583094 -0.22848270 -0.23857666
v -0.06429620 -0.45623509 -0.12347466
v -0.05247431 -0.45757216 -0.12589330
v -0.06697989 -0.45563056 -0.10761267
v -0.05292525 -0.45717655 -0.11167770
v -0.08981431 -0.42251214 0.23369510
v -0.07524951 -0.42177147 0.23855627
v -0.07745182 -0.42513218 0.22206577
v -0.08125042 -0.41969772 0.24787918
v -0.09345500 -0.42616875 0.21506132
v -0.63037176 -0.21007105 -0.21743581
v -0.63680387 -0.20148251 -0.20809847
v -0.64095282 -0.19819536 -0.19794381
v -0.63367081 -0.21248651 -0.20078773
v -0.54205901 -0.33729283 -0.06739004
v -0.21378774 -0.40851970 -0.31249201
v -0.19901026 -0.41145504 -0.31428654
v -0.18689775 -0.41607764 -0.30655825
v -0.20166119 -0.41458516 -0.29849451
v -0.51532206 -0.23793695 0.33749231
v -0.50519768 -0.25020402 0.33265294
v -0.52883729 -0.23383460 0.32601635
v -0.52733859 -0.22296640 0.34151922
v -0.50963047 -0.22978762 0.35521317
v -0.50143221 -0.24333120 0.34702541
v -0.49044734 -0.24785791 0.35356382
v -0.49230211 -0.25393030 0.34231790
v -0.61487183 -0.24958559 -0.19634503
v -0.61975661 -0.23871908 -0.20250016
v -0.60714580 -0.26028762 -0.19935058
v -0.61146435 -0.25001044 -0.20896727
v -0.46294323 -0.34839474 -0.27640043
v -0.45901564 -0.35323420 -0.26305809
v -0.44976280 -0.35419140 -0.27443565
v -0.45442749 -0.34974592 -0.28503297
v -0.46412470 -0.34455003 -0.28925257
v -0.47413449 -0.34633757 -0.26481651
v -0.47563502 -0.34135070 -0.28143048
v -0.46666111 -0.35244184 -0.25268081
v -0.48805631 -0.33788631 -0.27191594
v -0.48690476 -0.34195420 -0.25865524
v -0.47861427 -0.34804142 -0.24892099
v -0.19234273 -0.44103118 -0.06753460
v -0.18492576 -0.44242984 -0.03858392
v -0.17820520 -0.44320409 -0.05421480
v -0.16194718 -0.44138438 0.06317329
v -0.17304070 -0.43870112 0.08091348
v -0.15766312 -0.44054962 0.07950452
v -0.17903395 -0.43976913 0.05860034
v -0.14808706 -0.44210696 0.07241523
v -0.14892468 -0.44311277 0.05825407
v -0.15790741 -0.43927303 0.09317937
v -0.14727450 -0.44091075 0.08714812
v -0.18988496 -0.43773430 0.06863696
v -0.18999203 -0.43644373 0.08450218
v -0.16749375 -0.43756572 0.10016879
v -0.18071684 -0.43621594 0.09881598
v -0.18710062 -0.43934290 -0.13121766
v -0.19030912 -0.43968198 -0.11485722
v -0.19688306 -0.43677452 -0.14496441
v -0.17199006 -0.44178817 -0.13250047
v -0.18179010 -0.43917509 -0.14816962
v -0.17739248 -0.44164628 -0.11843594
v -0.21874852 -0.43119820 -0.16529176
v -0.06129347 -0.45412348 -0.21562896
v -0.05981436 -0.45539962 -0.20087919
v -0.07149118 -0.45329565 -0.20682580
v -0.05846346 -0.45112003 -0.25182327
v -0.05055591 -0.45378435 -0.23823266
v -0.31833428 -0.41577022 -0.10280109
v -0.33377062 -0.41225987 -0.10090234
v -0.32235228 -0.41578736 -0.08573889
v -0.31630915 -0.41538228 -0.11570022
v -0.32918743 -0.41246554 -0.11462058
v -0.30247820 -0.41896354 -0.10847883
v -0.30584743 -0.41926960 -0.09116374
v -0.24028597 -0.35880217 0.36396039
v -0.25369353 -0.35668013 0.35876712
v -0.22692663 -0.36096489 0.36841453
v -0.21886285 -0.36746742 0.35833781
v -0.60944076 -0.27107593 0.07753113
v -0.60437294 -0.27906467 0.06665712
v -0.61324877 -0.26999855 0.06107564
v -0.61053083 -0.26584731 0.09456370
v -0.60008111 -0.27830154 0.09134419
v -0.61806877 -0.25951190 0.08303993
v -0.62049222 -0.25919248 0.06898373
v -0.56068279 -0.32517596 -0.03694687
v -0.54502247 -0.33480478 -0.03201488
v -0.55326617 -0.33026196 -0.04655840
v -0.35556886 -0.34755041 0.28608464
v -0.36058580 -0.33953060 0.30125943
v -0.34432787 -0.33982432 0.31684014
v -0.37802905 -0.31354660 0.34530256
v -0.38953614 -0.30673415 0.34951243
v -0.37670553 -0.30723507 0.35995479
v -0.36316815 -0.31468310 0.35618648
v -0.36813707 -0.32039702 0.33926058
v -0.37961823 -0.31862210 0.33254727
v -0.39035807 -0.31322070 0.33455295
v -0.37285279 -0.32556138 0.32294450
v -0.35578455 -0.32240797 0.34617436
v -0.35836437 -0.32727785 0.33286276
v -0.59974247 -0.27445940 0.10733156
v -0.61712503 -0.22695575 0.17054882
v -0.62150465 -0.22643515 0.15771053
v -0.62948855 -0.21409143 0.15392334
v -0.61146252 -0.23923162 0.16329044
v -0.40865911 -0.36753775 -0.27822751
v -0.42356214 -0.36062025 -0.28642525
v -0.42070287 -0.36587652 -0.26848781
v -0.39739633 -0.36914987 -0.28617037
v -0.40838830 -0.36375390 -0.29404381
v -0.40808362 -0.37098263 -0.26391026
v -0.39403265 -0.37394158 -0.26986405
v -0.24072361 -0.42251513 0.13872545
v -0.24337728 -0.41940774 0.15521391
v -0.23244489 -0.42218655 0.15177173
v -0.22935835 -0.42609849 0.12858677
v -0.24262746 -0.42461425 0.12095976
v -0.25535468 -0.42102905 0.12820987
v -0.25540356 -0.41856441 0.14435419
v -0.22578643 -0.42481357 0.14255159
v -0.22074853 -0.42356029 0.15643308
v -0.23102104 -0.42000355 0.16641006
v -0.25659695 -0.41522695 0.16231134
v -0.24328350 -0.41722176 0.16814277
v -0.33148579 -0.40478437 0.10575416
v -0.31902111 -0.40763143 0.11116306
v -0.33500838 -0.40606140 0.08993953
v -0.34615069 -0.40138264 0.09859073
v -0.32037239 -0.40921607 0.09748965
v -0.31199311 -0.40803560 0.12119822
v -0.33089842 -0.38155023 -0.31056418
v -0.31764567 -0.38656911 -0.30374505
v -0.30456835 -0.38781667 -0.31108611
v -0.31554290 -0.39076712 -0.28851046
v -0.30536537 -0.39101251 -0.29767143
v -0.33149747 -0.38535018 -0.29503383
v -0.34109439 -0.38068972 -0.30411184
v 0.00369861 -0.45394941 -0.00591881
v -0.00319656 -0.45537786 -0.02470665
v -0.50441286 -0.33645217 0.12134465
v -0.48809069 -0.34165226 0.13002049
v -0.49427304 -0.34305253 0.11123110
v -0.50887939 -0.33787831 0.10434695
v -0.51845000 -0.33136551 0.11441095
v -0.47726372 -0.34289001 0.14440493
v -0.48619017 -0.34831350 0.10256103
v -0.49789491 -0.34501329 0.09278109
v -0.52749819 -0.34305082 -0.00393247
v -0.50388043 -0.35405962 0.00159848
v -0.51558420 -0.34853018 0.00292840
v -0.08681920 -0.45356542 -0.14459057
v -0.57070983 -0.28225639 -0.25950457
v -0.56910573 -0.29090639 -0.24163442
v -0.55894873 -0.29673591 -0.25251467
v -0.57111386 -0.27442891 -0.27771006
v -0.58311108 -0.26478446 -0.26723130
v -0.58395205 -0.27014778 -0.25280602
v -0.55951831 -0.28699656 -0.27628130
v -0.55705883 -0.29389867 -0.26497114
v -0.58039610 -0.27870425 -0.24215845
v -0.55794980 -0.30231038 -0.23868753
v -0.57771237 -0.28666224 -0.22873918
v -0.56701660 -0.29772478 -0.22751055
v -0.54512406 -0.20197380 0.34197723
v -0.55402949 -0.20072668 0.32985068
v -0.54182953 -0.21229627 0.33489913
v -0.53518469 -0.20825441 0.34873703
v -0.64394408 -0.20856581 -0.16485712
v -0.64187357 -0.21700022 -0.15442217
v -0.63873162 -0.21365659 -0.17754701
v -0.42069596 -0.28846191 0.35826800
v -0.43252435 -0.28693002 0.35010916
v -0.43305373 -0.28070593 0.36104862
v -0.41293397 -0.29702986 0.34844760
v -0.42615623 -0.29371074 0.34278965
v -0.42311738 -0.28093301 0.37005054
v -0.40997226 -0.28565317 0.37333282
v -0.40805729 -0.29299274 0.36109492
v -0.43958849 -0.28932104 0.33837527
v -0.44342688 -0.28129412 0.34980502
v -0.43945751 -0.37416357 0.06105917
v -0.44978604 -0.37148436 0.05086795
v -0.42894261 -0.37504947 0.08233820
v -0.42969880 -0.37660593 0.07052149
v -0.43344428 -0.37144877 0.09278517
v -0.12763269 -0.44750263 0.01404815
v -0.11688033 -0.44744046 0.03292801
v -0.10087592 -0.44851049 0.03378310
v -0.41943313 -0.35764563 -0.30333050
v -0.40748884 -0.36046397 -0.30757687
v -0.39391513 -0.36611946 -0.30225828
v -0.43233803 -0.31504357 0.28861905
v -0.42556080 -0.31184200 0.30342293
v -0.41881066 -0.31890466 0.29317522
v -0.44678532 -0.31033661 0.28476909
v -0.43932410 -0.30750060 0.29954282
v -0.42465896 -0.32138499 0.28078250
v -0.43828746 -0.31970505 0.27031143
v -0.41108692 -0.32622502 0.28269684
v -0.40699240 -0.32238238 0.29668179
v -0.41168418 -0.31614654 0.30708322
v -0.43220609 -0.30521146 0.31214348
v -0.41829017 -0.30759915 0.32039063
v -0.20841221 -0.42259651 -0.25030426
v -0.22042918 -0.42066914 -0.24656733
v -0.21188624 -0.42403476 -0.23668668
v -0.19629526 -0.42488927 -0.25184282
v -0.20351072 -0.42060558 -0.26725224
v -0.22019094 -0.41846210 -0.25955171
v -0.18599720 -0.42586661 -0.25870822
v -0.55355573 -0.32011371 0.07044882
v -0.54853482 -0.32088601 0.08420309
v -0.58913361 -0.25862350 0.18399589
v -0.59244533 -0.26001735 0.17210764
v -0.22940128 -0.42074350 -0.23375164
v -0.21397708 -0.42541257 -0.22400839
v -0.23229092 -0.41720557 -0.25185999
v -0.64000502 -0.20596278 -0.18776185
v -0.44547976 -0.27296609 0.36230442
v -0.36979258 -0.39320714 -0.20164958
v -0.35963672 -0.39779541 -0.18803320
v -0.35135627 -0.39826077 -0.19962516
v -0.35876476 -0.39414812 -0.21493048
v -0.38844727 -0.38908101 -0.19434174
v -0.37356726 -0.39456071 -0.18441140
v -0.37180343 -0.39057251 -0.21628600
v -0.38505723 -0.38729825 -0.21342890
v -0.34735509 -0.40100454 -0.18718461
v -0.33995247 -0.39898074 -0.21389159
v -0.36334115 -0.39823604 -0.17724642
v -0.35219923 -0.40107809 -0.17718083
v -0.55172923 -0.28315491 -0.30263166
v -0.53929082 -0.29425820 -0.30272404
v -0.54274894 -0.28672284 -0.31297342
v -0.56140733 -0.27927106 -0.29018882
v -0.54915440 -0.29121526 -0.28956293
v -0.52570199 -0.30477047 -0.30320789
v 0.00439080 -0.46212487 -0.21629387
v -0.00967798 -0.45902929 -0.24016647
v -0.00668845 -0.46060207 -0.22318495
v -0.00429103 -0.46164108 -0.20770049
v -0.05725490 -0.40049295 0.32330627
v -0.04979475 -0.40361603 0.31240549
v -0.07334024 -0.39408535 0.34267877
v -0.05664824 -0.39585666 0.33802394
v -0.08803928 -0.39763102 0.33011687
v -0.51170513 -0.31471408 -0.30291653
v -0.50682087 -0.32228037 -0.28960631
v -0.03990805 -0.45801538 -0.10059666
v -0.05481178 -0.45633845 -0.09243945
v -0.02784448 -0.45848628 -0.08889036
v -0.02512257 -0.45939054 -0.10482447
v -0.03876523 -0.45874367 -0.11968402
v -0.03980680 -0.45735907 -0.08538587
v -0.57943074 -0.29639418 -0.18899916
v -0.58755247 -0.28571679 -0.19741445
v -0.59556920 -0.27866444 -0.19036764
v -0.57677641 -0.29501180 -0.20437008
v -0.59676649 -0.27302197 -0.20318764
v -0.58536343 -0.28307291 -0.21407180
v -0.57138144 -0.30606543 -0.18007128
v -0.56713171 -0.30644011 -0.19500985
v -0.02182125 -0.44930320 0.04597894
v -0.30793688 -0.41650303 -0.12537541
v -0.29872996 -0.41735997 -0.13930908
v -0.32348238 -0.41285606 -0.12706430
v -0.32926011 -0.37330481 0.24214099
v -0.47417181 -0.32566745 0.21045513
v -0.47025518 -0.33063102 0.19995084
v -0.48220858 -0.32007551 0.21643687
v -0.47127796 -0.32352743 0.22079560
v -0.46637858 -0.33564666 0.18879330
v -0.00124647 -0.46012246 -0.08812495
v -0.00782332 -0.46064152 -0.10635727
v -0.01459841 -0.45951028 -0.09075871
v 0.00278194 -0.45955166 -0.07557464
v -0.00736491 -0.45917728 -0.07731250
v -0.01831061 -0.45860156 -0.07870674
v -0.02158167 -0.46027015 -0.12220565
v 0.00664121 -0.46188788 -0.11496811
v -0.00660294 -0.46150797 -0.12589059
v -0.19984253 -0.37853349 0.34256787
v -0.18713538 -0.37737046 0.35314275
v -0.21018466 -0.37351974 0.34899232
v -0.19811558 -0.37399209 0.35553256
v -0.21366942 -0.37858897 0.33318662
v -0.20170050 -0.38347313 0.32778854
v -0.34346577 -0.32905194 0.34270385
v -0.34500628 -0.32035766 0.36021659
v -0.54607260 -0.32593128 -0.17874358
v -0.54702589 -0.32239686 -0.19361975
v -0.55385991 -0.31950853 -0.18524233
v -0.53520588 -0.33130235 -0.18700716
v -0.55589052 -0.31942054 -0.17770567
v -0.56176456 -0.31368384 -0.18379978
v -0.44913793 -0.29139503 0.32437263
v -0.43273492 -0.29847160 0.32631063
v -0.44456363 -0.29979676 0.31151533
v -0.45961465 -0.29301493 0.30997626
v -0.46444291 -0.28358355 0.32333175
v -0.45347928 -0.28253364 0.33710375
v -0.41890753 -0.30069223 0.33511807
v -0.48153775 -0.27366715 0.32237333
v -0.49812694 -0.26771184 0.31375541
v -0.49447866 -0.26137503 0.32817049
v -0.47491534 -0.28514921 0.30892398
v -0.48993015 -0.27791083 0.30554992
v -0.48094729 -0.26415737 0.33911437
v -0.46762503 -0.27406400 0.33718002
v -0.28758333 -0.42231290 -0.10699926
v -0.27429035 -0.42477106 -0.11063087
v -0.29019197 -0.42066990 -0.12163784
v -0.29138474 -0.42223905 -0.09507064
v -0.28003634 -0.42443552 -0.09837519
v -0.26821228 -0.42701147 -0.09392249
v -0.27644121 -0.42327831 -0.12546679
v -0.26119901 -0.42647852 -0.12292947
v -0.25728311 -0.42850755 -0.10379806
v -0.28446359 -0.42090718 -0.13418965
v -0.18917130 -0.41630062 0.22283592
v -0.19806725 -0.41795318 0.20833523
v -0.20073988 -0.41445925 0.22240992
v -0.18398043 -0.41954812 0.21124535
v -0.17642546 -0.41795680 0.22370548
v -0.17265193 -0.42074623 0.21266942
v -0.57945465 -0.25763578 0.20900602
v -0.57809944 -0.25070885 0.22492226
v -0.54419013 -0.23711080 0.30138091
v -0.53835218 -0.25374182 0.28587414
v -0.54697732 -0.24381274 0.28842657
v -0.55543891 -0.23306965 0.29041374
v -0.54117816 -0.22964655 0.31500238
v -0.55300907 -0.22526059 0.30362322
v -0.56227444 -0.21326289 0.30337409
v -0.56291533 -0.20254831 0.31393120
v -0.55055542 -0.21546870 0.31857507
v -0.56363108 -0.22194728 0.29138746
v -0.57205454 -0.21062281 0.29026398
v -0.57074842 -0.20278112 0.30085693
v -0.20290011 -0.43458009 0.08707943
v -0.20032687 -0.43596551 0.07459994
v -0.20493468 -0.43643994 0.05959473
v -0.19642683 -0.43460759 -0.17274060
v -0.19284853 -0.43650971 -0.15820855
v -0.18252665 -0.43774398 -0.16552619
v -0.20663804 -0.43391259 -0.15945295
v -0.18297824 -0.43596723 -0.18454020
v -0.20930869 -0.43463046 -0.14424285
v -0.59488316 -0.29086993 -0.13593030
v -0.60369193 -0.27964419 -0.14347001
v -0.58483045 -0.30189250 -0.12949408
v -0.60621436 -0.27966146 -0.12586281
v -0.59520577 -0.29266515 -0.12201377
v -0.07480520 -0.38827856 0.35991844
v -0.08687669 -0.38620479 0.36464794
v -0.25296433 -0.43091479 0.01922691
v -0.25855215 -0.43035719 0.00402794
v -0.13968195 -0.42267516 0.21996819
v -0.14611282 -0.42016778 0.22914036
v -0.12142975 -0.42772383 0.19969907
v -0.13648716 -0.42689482 0.19860723
v -0.14098883 -0.42458400 0.20961715
v -0.65862261 -0.19489372 -0.12364880
v -0.66335760 -0.19434049 -0.09393725
v -0.19082858 -0.43290771 -0.20040525
v -0.16922166 -0.43961380 -0.17122328
v -0.45387432 -0.36802122 -0.19329269
v -0.46397792 -0.36210598 -0.20719532
v -0.59392427 -0.29670396 -0.09407332
v -0.59664713 -0.29277258 -0.10847940
v -0.60481725 -0.28500789 -0.09688690
v -0.58668051 -0.30296114 -0.10372089
v -0.60194308 -0.28919055 -0.08504568
v -0.61485860 -0.27264093 -0.09989279
v -0.60687933 -0.28124371 -0.11032563
v -0.39090889 -0.34953673 0.24127860
v -0.37868824 -0.35395464 0.24284659
v -0.23985185 -0.43297325 -0.07820111
v -0.24233259 -0.43176179 -0.09519999
v -0.25404591 -0.43004549 -0.08679344
v -0.25213071 -0.43107932 -0.07031721
v -0.22847839 -0.43462274 -0.08675445
v -0.23819417 -0.43383581 -0.06064816
v -0.40029262 -0.37836937 0.12223743
v -0.39319322 -0.37750926 0.13860117
v -0.40724689 -0.37354911 0.13250452
v -0.41496491 -0.37327444 0.11991011
v -0.38046679 -0.40019408 -0.09820234
v -0.38230583 -0.40045172 -0.08265919
v -0.36807496 -0.40431861 -0.08535288
v -0.36470676 -0.40445872 -0.09992243
v -0.39745201 -0.39544628 -0.09427399
v -0.09292892 -0.44685361 0.06344965
v -0.09499185 -0.44542731 0.07891645
v -0.09142856 -0.44818784 0.04726344
v -0.10700765 -0.44694541 0.05154607
v -0.10411362 -0.44587362 0.06837401
v -0.54635651 -0.28838533 0.20503529
v -0.53777058 -0.29228547 0.21029259
v -0.53959483 -0.29566348 0.19793472
v -0.55462012 -0.28719409 0.19195149
v -0.55634255 -0.27957404 0.20776814
v -0.54330494 -0.28585326 0.21650435
v -0.33594482 -0.41182791 0.03244177
v -0.32095658 -0.41529570 0.03984872
v -0.32412103 -0.41553352 0.02434609
v -0.33236057 -0.41151368 0.04882770
v -0.34779714 -0.40771616 0.04179140
v -0.31800295 -0.41477005 0.05548899
v -0.31561054 -0.41806686 0.01678234
v -0.32600209 -0.41577752 0.00965135
v -0.55999391 -0.31432082 0.07968201
v -0.56771430 -0.31123352 0.06576855
v -0.48595353 -0.36342143 -0.11703283
v -0.47386411 -0.36798956 -0.12190067
v -0.48454070 -0.36290284 -0.13219778
v -0.49722282 -0.35794058 -0.12651105
v -0.47586446 -0.36798954 -0.10924906
v -0.49838972 -0.35838322 -0.11125550
v -0.48584136 -0.36429254 -0.10048415
v -0.49604095 -0.35717916 -0.14178477
v -0.50829167 -0.35218112 -0.13553963
v -0.51001808 -0.35245052 -0.12064780
v -0.21154825 -0.41453070 0.21316473
v -0.21142043 -0.41788285 0.19734270
v -0.21080204 -0.41063276 0.23055088
v -0.28321715 -0.41116318 0.14875356
v -0.56592650 -0.25952425 0.23301991
v -0.56092743 -0.25886794 0.24335864
v -0.22298711 -0.43686928 -0.03094724
v -0.23620623 -0.43456029 -0.04004694
v -0.21379696 -0.43823190 -0.01869734
v -0.00069093 -0.45878896 -0.06695780
v -0.01266343 -0.45794185 -0.06396126
v 0.00165369 -0.45785371 -0.05383407
v -0.02453624 -0.45668956 -0.05516585
v -0.01069876 -0.45656205 -0.04358743
v -0.02943262 -0.45743063 -0.07224745
v -0.22641380 -0.40769904 -0.30431417
v -0.38684110 -0.37109186 0.17523084
v -0.40136671 -0.36769721 0.16657363
v -0.39791571 -0.36449085 0.18375145
v -0.37099073 -0.37471496 0.18452043
v -0.37648282 -0.37725325 0.16653973
v -0.38277737 -0.36813280 0.19208618
v -0.39075881 -0.37404249 0.15745339
v -0.61853892 -0.25971526 -0.14594344
v -0.61075603 -0.26857391 -0.15382091
v -0.62289393 -0.25601382 -0.13376025
v -0.61336344 -0.26847897 -0.13817102
v -0.49169401 -0.35042884 0.07757382
v -0.48362867 -0.35168670 0.09039861
v -0.34079134 -0.40365054 -0.17884053
v -0.65817692 -0.20023269 0.05333855
v -0.65170064 -0.20818728 0.07128785
v -0.65233178 -0.21022229 0.06047161
v -0.08916627 -0.45254948 -0.06549916
v -0.07425436 -0.45366067 -0.06319348
v -0.08044965 -0.45359749 -0.07892219
v -0.09555878 -0.45228542 -0.08092037
v -0.10505256 -0.45125198 -0.06625310
v -0.06865157 -0.45353563 -0.04754193
v -0.05914397 -0.45467506 -0.05991971
v -0.06465448 -0.45488557 -0.07658564
v -0.07221729 -0.45472022 -0.09263950
v -0.39762091 -0.29349922 0.36936657
v -0.04685410 -0.44855484 -0.28624570
v -0.05219083 -0.44500712 -0.30258590
v -0.06211947 -0.44538616 -0.28986893
v -0.03622564 -0.44833752 -0.29883267
v -0.04158978 -0.45155269 -0.27109212
v -0.03148901 -0.45162141 -0.28208395
v -0.05769381 -0.44879536 -0.27167646
v -0.07264927 -0.44756623 -0.26164645
v -0.04776308 -0.45188530 -0.26061667
v -0.41360614 -0.38307840 -0.18359959
v -0.40484381 -0.38419056 -0.19538322
v -0.41628159 -0.38062871 -0.19585894
v -0.42621637 -0.37809441 -0.19072418
v -0.42658909 -0.37967038 -0.17749306
v -0.39982887 -0.38723307 -0.18371231
v -0.41697486 -0.38348268 -0.17187240
v -0.40476847 -0.38738215 -0.17028843
v -0.42395008 -0.37729544 -0.20179913
v -0.41264031 -0.37989951 -0.20827401
v -0.39841448 -0.38446473 -0.20665724
v -0.57764711 -0.30553128 0.05598054
v -0.58705176 -0.29817947 0.05277728
v -0.14758770 -0.39016336 0.33729828
v -0.13250886 -0.39320757 0.33365233
v -0.14824735 -0.39501394 0.32221508
v -0.13496405 -0.39858455 0.31599744
v -0.12321626 -0.39729611 0.32420825
v -0.16859915 -0.44151127 -0.14669428
v -0.17196788 -0.44019662 -0.15773157
v -0.16743687 -0.44318292 -0.11942814
v -0.16119983 -0.44384531 -0.12536380
v -0.15927661 -0.44348223 -0.13815977
v -0.40455273 -0.30569909 0.33778540
v -0.39993654 -0.29955437 0.35516965
v -0.54811014 -0.24970973 0.27827540
v -0.53116121 -0.29207792 0.22113000
v -0.53746318 -0.28380524 0.23040366
v -0.52135446 -0.29167241 0.23645624
v -0.51874936 -0.29933260 0.22177600
v -0.52866722 -0.29814896 0.20984058
v -0.51751634 -0.30518462 0.20820496
v -0.50930134 -0.30026656 0.23305479
v -0.50498418 -0.30739971 0.22051523
v -0.37504334 -0.39892578 0.04633918
v -0.23674372 -0.41681121 0.17783786
v -0.24810808 -0.41406037 0.17904945
v -0.22390463 -0.41808387 0.18436155
v -0.23695198 -0.41408045 0.19116648
v -0.23680068 -0.41059726 0.20748045
v -0.22412649 -0.41448862 0.20198544
v -0.47586511 -0.36135488 -0.17978304
v -0.46344003 -0.36597700 -0.18226569
v -0.47017406 -0.36177160 -0.19346212
v -0.48496486 -0.35579746 -0.19214048
v -0.46511445 -0.36691991 -0.16890809
v -0.49116591 -0.35516631 -0.17713300
v -0.48003241 -0.36148210 -0.16447736
v -0.47884331 -0.35621249 -0.20621182
v -0.04313128 -0.45390766 -0.24844284
v -0.41662739 -0.38709419 0.02076985
v -0.41353707 -0.38672448 0.03656375
v -0.40035067 -0.39179774 0.03201148
v -0.40335837 -0.39212652 0.01600573
v -0.41328838 -0.38955939 0.00370334
v -0.42775822 -0.38428507 0.00640778
v -0.42636552 -0.38243688 0.03294725
v -0.43090992 -0.38210627 0.01926304
v -0.38827667 -0.39684060 0.02064263
v -0.40415032 -0.38881292 0.04824500
v -0.39009488 -0.39385207 0.04704242
v -0.38608765 -0.39636747 0.03554733
v -0.41961172 -0.38306229 0.04980928
v -0.60862643 -0.19748147 -0.30650365
v -0.54709906 -0.29894869 0.17499554
v -0.54143646 -0.30566887 0.16515753
v -0.55634884 -0.29183148 0.17643770
v -0.53523439 -0.30331063 0.18400128
v -0.54672144 -0.29562635 0.18510299
v -0.19253421 -0.43846292 0.05400159
v -0.43143195 -0.35461336 -0.29915299
v -0.44272427 -0.34893733 -0.30437723
v -0.44150679 -0.35375428 -0.28844115
v -0.34621718 -0.41099757 -0.06120749
v -0.35680886 -0.40786890 -0.07289746
v -0.37059376 -0.40420646 -0.07077581
v -0.34339604 -0.41126556 -0.07457976
v -0.36501177 -0.30618266 0.37217721
v -0.35285305 -0.31212439 0.37053446
v -0.30619870 -0.42028687 0.01607950
v -0.29778258 -0.42240172 0.00707098
v -0.31326265 -0.41904276 0.00286064
v -0.28697847 -0.42492297 -0.00445164
v -0.30227941 -0.42173924 -0.00986655
v -0.40568831 -0.39390789 -0.06600787
v -0.41987210 -0.38937736 -0.06115221
v -0.42270632 -0.38831206 -0.04511998
v -0.40840484 -0.39219789 -0.01407231
v -0.42410263 -0.38734904 -0.02718536
v -0.35871397 -0.40067595 -0.16626755
v -0.36768004 -0.39944872 -0.15541676
v -0.36169976 -0.40231387 -0.14122181
v -0.37225864 -0.39673407 -0.16958010
v -0.66608614 -0.19616029 -0.04043628
v -0.66576211 -0.19607991 -0.05341602
v -0.66133677 -0.20528403 -0.04825454
v -0.09685239 -0.42943448 0.19705078
v -0.08308747 -0.43034530 0.19454041
v -0.07829079 -0.43265714 0.18179077
v -0.52961247 -0.34423556 -0.07605135
v -0.53021931 -0.34401040 -0.05980097
v -0.52005523 -0.34933694 -0.06493815
v -0.51402667 -0.35221693 -0.07584132
v -0.52107463 -0.34839774 -0.09026682
v -0.54083076 -0.33784640 -0.05000703
v -0.50658903 -0.35570901 -0.06003585
v -0.40518223 -0.34381813 0.24108193
v -0.40738963 -0.33815008 0.25474281
v -0.39368202 -0.34383473 0.25440106
v -0.42013041 -0.33242154 0.25631006
v -0.45748074 -0.26608192 0.36144962
v -0.05175828 -0.45315897 -0.01677019
v -0.06262521 -0.45327901 -0.03108194
v -0.06490064 -0.45263717 -0.01753456
v -0.04745511 -0.45410839 -0.03164639
v -0.04888908 -0.45250131 -0.00228114
v -0.03813654 -0.45315369 -0.00776328
v -0.06110071 -0.45225967 -0.00554396
v -0.03958880 -0.45392068 -0.02130999
v -0.19785175 -0.41875882 -0.28310604
v -0.21107262 -0.41541085 -0.28517127
v -0.18640809 -0.42294142 -0.27449997
v -0.18641616 -0.41975720 -0.29039949
v -0.21575498 -0.41157311 -0.29796979
v -0.22203093 -0.41514112 -0.27477895
v -0.22549268 -0.41119210 -0.28996964
v -0.63281395 -0.24800451 -0.09643493
v -0.22603098 -0.40694571 0.23266782
v -0.24038772 -0.40382879 0.23188157
v -0.23061320 -0.40174472 0.24813288
v -0.22403337 -0.41096418 0.21797799
v -0.23515563 -0.40776678 0.22131346
v -0.21566275 -0.40592862 0.24526554
v -0.59438257 -0.29788547 -0.00994174
v -0.17962163 -0.44277673 -0.07226517
v -0.27035540 -0.40821498 -0.25528115
v -0.28571128 -0.40525907 -0.25253865
v -0.27461233 -0.40975196 -0.24157023
v -0.26019705 -0.41254986 -0.24367399
v -0.25592268 -0.41115197 -0.25683490
v -0.26457936 -0.40734949 -0.26654243
v -0.28018216 -0.40300950 -0.27018022
v -0.30224642 -0.40262725 -0.24636604
v -0.28774287 -0.40753560 -0.23736189
v -0.29828123 -0.40011888 -0.26410195
v -0.27760978 -0.41100799 -0.23004666
v -0.26521330 -0.41367421 -0.23017200
v -0.37861842 -0.38045935 0.14961537
v -0.55179395 -0.26441922 0.24810554
v -0.54667376 -0.26168960 0.26070327
v -0.55705867 -0.26516286 0.23831744
v -0.21649744 -0.43741531 0.00586331
v -0.20513925 -0.43878850 0.01470180
v -0.20810291 -0.43881454 -0.00176628
v -0.19799215 -0.44043672 -0.01117959
v -0.14592227 -0.44530654 -0.14161882
v -0.14993311 -0.44542976 -0.12605942
v -0.14077549 -0.44712483 -0.11254234
v -0.20091155 -0.43878699 0.02926444
v -0.20923125 -0.43792375 0.02342491
v -0.35374234 -0.37747170 -0.30351727
v -0.36584261 -0.37313572 -0.30742593
v -0.10095777 -0.44197892 0.10927297
v -0.09803282 -0.44384706 0.09354508
v -0.11128355 -0.44280435 0.09653309
v -0.08654823 -0.44307548 0.10473111
v -0.11493171 -0.44104445 0.11090419
v -0.10676195 -0.43986872 0.12462450
v -0.08895735 -0.44060974 0.12466504
v -0.10821734 -0.44447470 0.08133389
v -0.08675181 -0.44470616 0.08983110
v -0.30351080 -0.34254093 0.34902254
v -0.29146283 -0.34807595 0.34714203
v -0.29014162 -0.35390910 0.33462049
v -0.50736355 -0.34848659 0.04278475
v -0.49599245 -0.35341740 0.04404072
v -0.48603471 -0.35673348 0.05146059
v -0.52053075 -0.34248624 0.04084340
v -0.65867209 -0.20715508 -0.07519224
v -0.65955799 -0.20747501 -0.06051768
v -0.65469857 -0.21747345 -0.05009071
v -0.06559510 -0.44246000 -0.30362973
v -0.47599847 -0.36898324 -0.06910219
v -0.48744605 -0.36428672 -0.07516519
v -0.49952277 -0.35899659 -0.07458301
v -0.33172941 -0.41407894 -0.07576023
v -0.30716895 -0.41977582 -0.07424801
v -0.33898157 -0.41176027 -0.08742355
v -0.23744559 -0.41048186 -0.28088661
v -0.23444093 -0.41414467 -0.26605897
v -0.44137062 -0.38180037 -0.08137799
v -0.42653877 -0.38646897 -0.09034278
v -0.44438389 -0.38018689 -0.09708901
v -0.45481669 -0.37684497 -0.08763508
v -0.45187591 -0.37823780 -0.07272564
v -0.44074471 -0.38228397 -0.06835605
v -0.43000453 -0.38587949 -0.07234731
v -0.45689239 -0.37562670 -0.10055440
v -0.43495543 -0.38267352 -0.11110479
v -0.45146637 -0.37696533 -0.11174159
v -0.40923763 -0.39231498 -0.08334798
v -0.41272353 -0.39069425 -0.09660615
v -0.42102544 -0.38763172 -0.10518537
v -0.41827328 -0.38970519 -0.07484161
v -0.13230645 -0.42979378 -0.29918807
v -0.13280025 -0.42661453 -0.31387827
v -0.28998195 -0.41106291 0.13929962
v -0.29804241 -0.41064781 0.12847717
v -0.28085010 -0.41434277 0.13317643
v -0.26933003 -0.41479707 0.14766686
v -0.00861051 -0.46194622 -0.15078947
v 0.00533957 -0.46295086 -0.14915570
v -0.00441996 -0.46235480 -0.16425142
v -0.02106926 -0.46086756 -0.16062166
v -0.01802546 -0.46100833 -0.14056710
v -0.00443974 -0.46208766 -0.13959278
v -0.46790822 -0.36755676 -0.15284408
v -0.45096275 -0.37335698 -0.15772211
v -0.48282326 -0.36211753 -0.14809370
v -0.47117790 -0.36783021 -0.13682048
v -0.45666213 -0.37298030 -0.14012207
v -0.11932946 -0.43077635 0.18277447
v -0.11032347 -0.42947812 0.19350027
v -0.13112602 -0.42941306 0.18623608
v -0.13118594 -0.43214210 0.16912035
v -0.10711756 -0.42714298 0.20720385
v -0.04440509 -0.38590682 0.36732834
v -0.06208320 -0.38409954 0.37241560
v -0.11963899 -0.40156283 0.31093574
v -0.13627927 -0.40337558 0.29941952
v -0.11285206 -0.39799069 0.32482910
v -0.10276104 -0.40036467 0.31895202
v -0.10498401 -0.40527962 0.30143480
v -0.12223018 -0.40676863 0.29192604
v -0.11774681 -0.45008185 -0.06111643
v -0.24521226 -0.41538628 -0.24612444
v -0.24379019 -0.41354875 -0.25838317
v -0.25055740 -0.40965339 -0.27072045
v -0.24920837 -0.41687912 -0.23162286
v -0.54460625 -0.32073553 -0.20837792
v -0.55607389 -0.31375065 -0.20274685
v -0.55350023 -0.31292245 -0.21430959
v -0.54435152 -0.31750217 -0.22225913
v -0.63326386 -0.21381276 0.14112771
v -0.62682152 -0.22432839 0.14406767
v -0.63937983 -0.20759061 0.12914397
v -0.63781822 -0.20053726 0.14738694
v -0.61880736 -0.23672839 0.14585425
v -0.07322612 -0.45245784 -0.02365391
v -0.53904273 -0.33579502 -0.13479218
v -0.54977759 -0.33020019 -0.12069665
v -0.53384347 -0.34009138 -0.11871574
v -0.52265459 -0.34536570 -0.13055282
v -0.52850343 -0.34119008 -0.14338886
v -0.56389263 -0.32089149 -0.11456879
v -0.52779129 -0.34431825 -0.10452047
v -0.52130770 -0.34717000 -0.11571863
v -0.29450253 -0.41571616 0.10035452
v -0.29109430 -0.41814696 0.08775646
v -0.30700300 -0.41397944 0.08858441
v -0.30563205 -0.41161109 0.10892645
v -0.28831470 -0.41519333 0.11511424
v -0.28009426 -0.41917546 0.10090404
v -0.27055143 -0.41901490 0.11845338
v -0.42246082 -0.32666328 0.26933906
v -0.47509938 -0.34005324 0.15945062
v -0.47091133 -0.33749993 0.17559224
v -0.45994298 -0.34418511 0.16753796
v -0.37962741 -0.34945929 0.25461310
v -0.26637359 -0.41767114 0.13435034
v -0.25599719 -0.42304720 0.11252912
v -0.26660294 -0.42183579 0.10450666
v -0.27982194 -0.42094030 0.08709103
v -0.26939209 -0.42270092 0.09219527
v -0.53300341 -0.32535562 0.10717413
v -0.52201092 -0.33243491 0.10007516
v -0.52701382 -0.32558387 0.12153681
v -0.54399592 -0.32128967 0.09654335
v -0.54722285 -0.31701029 0.10811544
v -0.26437461 -0.34990820 0.36565913
v -0.27899812 -0.34793448 0.35817013
v -0.28342047 -0.34164921 0.36835247
v -0.29238442 -0.34226253 0.35940361
v -0.26744203 -0.35581691 0.34974716
v -0.28065216 -0.35313753 0.34486377
v -0.19629746 -0.40026343 0.27966590
v -0.20569079 -0.40486464 0.25692085
v -0.20918435 -0.39996607 0.27143773
v -0.20362400 -0.39600194 0.28848484
v -0.18875706 -0.39837186 0.29073939
v -0.17695692 -0.40085773 0.28954137
v -0.34927252 -0.40845550 -0.10058731
v -0.34423790 -0.40884796 -0.11411702
v -0.27404192 -0.42694870 -0.07157552
v -0.27844223 -0.42644962 -0.05893042
v -0.26441851 -0.42904588 -0.06363008
v -0.27930396 -0.42532436 -0.08438207
v -0.28364538 -0.42498988 -0.07204456
v -0.26519063 -0.42835418 -0.07855180
v -0.26590005 -0.42912934 -0.04853908
v -0.29098893 -0.42412632 -0.04746876
v -0.27748376 -0.42696597 -0.04434280
v -0.29344873 -0.42314763 -0.06478150
v -0.25182311 -0.43160642 -0.05344340
v -0.17277504 -0.42113598 -0.29812360
v -0.17225413 -0.42456506 -0.28185264
v -0.17345961 -0.41747930 -0.31380848
v -0.11720907 -0.44513141 0.06643942
v -0.13484273 -0.44385915 0.06483993
v -0.12380193 -0.44315362 0.08379210
v -0.12505584 -0.44584382 0.04854033
v -0.13121249 -0.44635807 0.03217836
v -0.47281871 -0.35619712 -0.22073011
v -0.48282398 -0.34936248 -0.23366378
v -0.48776581 -0.35009030 -0.21876293
v -0.46613274 -0.35578495 -0.23731795
v -0.45636068 -0.37360085 0.00673759
v -0.45543685 -0.37248571 0.02243994
v -0.44286916 -0.37845402 0.00982203
v -0.46614808 -0.37040611 -0.00193145
v -0.46571942 -0.36947222 0.01178452
v -0.45163800 -0.37643282 -0.00809412
v -0.43720989 -0.38160825 -0.00437277
v -0.44023893 -0.37782611 0.02756710
v -0.47309771 -0.36509413 0.02521398
v -0.44863236 -0.37361887 0.03698477
v -0.46070156 -0.36852637 0.03964217
v -0.55717146 -0.31335435 0.09457009
v -0.56757494 -0.28211250 0.17791360
v -0.58096070 -0.26968717 0.17804865
v -0.56835776 -0.27544411 0.19291428
v -0.47913202 -0.36567150 -0.01012586
v -0.46673553 -0.37119839 -0.01845906
v -0.13161269 -0.43673966 0.13665195
v -0.12138872 -0.43909965 0.12391586
v -0.14419350 -0.43719553 0.12481552
v -0.14882733 -0.43462127 0.14196707
v -0.13622348 -0.43426718 0.15236901
v -0.13291228 -0.43856337 0.12150182
v -0.12769443 -0.44020332 0.11063779
v -0.53375682 -0.26829939 0.26750813
v -0.54162630 -0.25840043 0.27372659
v -0.52769840 -0.26441986 0.28263674
v -0.52576915 -0.27793221 0.26026011
v -0.53951363 -0.27132305 0.25350390
v -0.52016493 -0.27487414 0.27394852
v -0.54677911 -0.27334758 0.23833328
v -0.53135167 -0.28108073 0.24553910
v -0.62493478 -0.22536692 -0.21013324
v -0.62113363 -0.22427389 -0.22665541
v -0.62787322 -0.22710259 -0.19495521
v -0.61624106 -0.23810295 -0.21746119
v -0.39462487 -0.39705743 -0.07647117
v -0.38253040 -0.40088083 -0.06949396
v -0.01272687 -0.45418268 -0.01226435
v -0.01856191 -0.45520968 -0.02877363
v -0.54861947 -0.30292467 -0.26092193
v -0.25416939 -0.38712012 0.27645478
v -0.49742326 -0.28160877 0.28990667
v -0.50821431 -0.28061597 0.27865125
v -0.50431554 -0.27148403 0.30010044
v -0.51261495 -0.27307242 0.28703728
v -0.48536369 -0.29136290 0.28492026
v -0.48354452 -0.28639945 0.29700730
v -0.51247834 -0.28357302 0.26714975
v -0.25569637 -0.41759074 -0.21759456
v -0.27359621 -0.41390883 -0.21623549
v -0.28629851 -0.40987856 -0.22481036
v -0.35352726 -0.40812250 -0.08684882
v -0.47769664 -0.36499906 0.00650051
v -0.05444702 -0.45433583 -0.04470310
v -0.07577788 -0.45185202 -0.01068513
v -0.52774188 -0.30281982 0.19853819
v -0.22598486 -0.39777144 0.26583276
v -0.23999151 -0.39636213 0.25882278
v -0.21738369 -0.40216559 0.25769494
v -0.25553714 -0.39172317 0.26033830
v -0.45376074 -0.34693988 -0.29628650
v -0.31585552 -0.37913967 0.23907626
v -0.60978992 -0.19205892 0.23643432
v -0.37685983 -0.39971625 0.03178888
v -0.36376135 -0.40343469 0.03592533
v -0.46081894 -0.37272388 -0.12469453
v -0.46467952 -0.37222182 -0.11069289
v -0.46899883 -0.37122447 -0.09591947
v -0.32841539 -0.41104901 0.06471228
v -0.64514625 -0.19855952 0.12309800
v -0.00189810 -0.46234880 -0.19183285
v -0.01546348 -0.46084550 -0.19825851
v -0.40740540 -0.38587927 0.06296272
v -0.42905704 -0.37854203 0.05828305
v -0.41942280 -0.38115401 0.06575174
v -0.43632823 -0.37737212 0.04515699
v -0.61555510 -0.26983048 -0.11436465
v -0.62363965 -0.26023654 -0.10498519
v -0.25645074 -0.36090447 0.34678847
v -0.39118494 -0.39774969 -0.00968829
v -0.20717656 -0.42905353 0.13321317
v -0.21791406 -0.42880443 0.12228177
v -0.21856309 -0.42719665 0.13443614
v -0.21249077 -0.42651924 0.14592139
v -0.20483159 -0.43120388 0.11798821
v -0.42498168 -0.38626719 -0.00938864
v -0.39784074 -0.39482952 0.00358511
v -0.08497343 -0.42797788 0.20707124
v -0.01291862 -0.44782862 0.05998035
v -0.31113541 -0.39821498 -0.25902090
v -0.29752263 -0.39613174 -0.28345909
v -0.31248804 -0.39504280 -0.27271355
v -0.26513229 -0.40448554 -0.27969125
v -0.27894332 -0.39907176 -0.28954256
v -0.03269883 -0.45967547 -0.13586542
v -0.15859296 -0.42640554 0.19046288
v -0.16308096 -0.42341600 0.20434199
v -0.16289543 -0.42812679 0.17768123
v -0.14935490 -0.42561956 0.19985757
v -0.14661428 -0.42899180 0.18137415
v -0.16173018 -0.41976622 0.22334858
v -0.15019297 -0.42280627 0.21447366
v -0.57998572 -0.26371552 0.19457981
v -0.03451634 -0.40137795 0.31868529
v -0.03195943 -0.39643660 0.33483667
v -0.04540264 -0.39887386 0.32822386
v -0.03827534 -0.40537034 0.30519129
v -0.45187132 -0.37103081 -0.17599587
v -0.37750052 -0.37056362 -0.30423041
v -0.08365879 -0.43807533 0.14550336
v -0.64549919 -0.20039061 -0.17539400
v -0.65119396 -0.19449011 -0.16244063
v -0.38723425 -0.33664703 0.28094966
v -0.39508251 -0.32878661 0.29285818
v -0.37828259 -0.33446759 0.29587479
v -0.37149198 -0.34205850 0.28351652
v -0.38227401 -0.34344516 0.26823715
v -0.39988755 -0.33250497 0.27831561
v -0.39663454 -0.33794944 0.26734148
v -0.50234563 -0.32934986 -0.27515278
v -0.51262252 -0.32723664 -0.26193632
v -0.49867984 -0.33538580 -0.26090633
v -0.48961180 -0.33199983 -0.28946679
v -0.49748664 -0.32335044 -0.30335329
v -0.50836694 -0.22047763 0.36877074
v -0.52160984 -0.21382682 0.36006238
v -0.20457875 -0.36884274 0.36428916
v -0.18913515 -0.37060053 0.36910943
v -0.37762725 -0.36564565 0.20768381
v -0.27713046 -0.41580910 -0.19631564
v -0.28539257 -0.41621973 -0.17853576
v -0.29634772 -0.41501442 -0.16851679
v -0.26991440 -0.41922160 -0.18127605
v -0.28423683 -0.41836781 -0.16152682
v -0.27047418 -0.42063767 -0.16746698
v -0.40900138 -0.39118871 -0.10889695
v -0.29343529 -0.42255109 -0.08033483
v -0.46546525 -0.37304808 -0.07870541
v -0.44738938 -0.37986046 -0.05797661
v -0.46177463 -0.37453818 -0.06290023
v -0.43335694 -0.38481557 -0.05757887
v -0.43958586 -0.38228291 -0.04033082
v -0.25462655 -0.43136209 -0.03683787
v -0.04167463 -0.44415983 -0.31733188
v -0.31378417 -0.41432339 0.07075629
v -0.30578973 -0.41734595 0.06104069
v -0.29912471 -0.41771396 0.07360234
v -0.32396086 -0.41039865 0.08088902
v -0.31699598 -0.37475374 0.25165384
v -0.30431235 -0.37891327 0.25258367
v -0.31012841 -0.37275890 0.26494120
v -0.32576370 -0.36924785 0.25835086
v -0.29280618 -0.37784888 0.26794471
v -0.17640395 -0.44347467 -0.01610293
v -0.17707320 -0.44348575 -0.02663972
v -0.18874972 -0.44187840 -0.02293613
v -0.16959308 -0.44413856 -0.00729697
v -0.16510765 -0.44485202 -0.01932497
v -0.20278739 -0.43993489 -0.02498973
v -0.31881950 -0.39836696 -0.24881335
v -0.32353756 -0.39451026 -0.26290820
v -0.32854272 -0.39792380 -0.23833048
v -0.31414062 -0.40205199 -0.23390306
v -0.32875330 -0.39002769 -0.27792927
v -0.17299203 -0.37516893 0.36624418
v -0.15674208 -0.44504049 -0.11083533
v -0.39455010 -0.39140396 -0.16114217
v -0.41477507 -0.38516710 -0.16286990
v -0.42056671 -0.38426479 -0.15322285
v -0.38199292 -0.39521100 -0.15878182
v -0.38787989 -0.39177325 -0.17470894
v -0.29754107 -0.41609409 -0.15568042
v -0.01955444 -0.41644385 0.25703860
v -0.49107290 -0.36005043 -0.00245365
v -0.49148208 -0.35826110 0.01609313
v -0.50809377 -0.35097975 0.01545129
v -0.02639930 -0.43250477 0.17803433
v -0.03256502 -0.43484011 0.16576767
v -0.04097058 -0.43354243 0.17510200
v -0.03413418 -0.43064428 0.19034858
v -0.03251568 -0.43693476 0.15236388
v -0.04474237 -0.43616088 0.15972546
v -0.05752728 -0.43471994 0.16966056
v -0.04971367 -0.43150250 0.18786342
v -0.05966655 -0.39012210 0.35528818
v -0.58583668 -0.30261788 -0.11572904
v -0.60149494 -0.28676537 -0.11663632
v -0.16312446 -0.39613142 0.31199013
v -0.54158191 -0.33597797 -0.01286342
v -0.53856751 -0.33653714 0.00550784
v -0.52343387 -0.34386406 0.01310321
v -0.11692204 -0.45025738 -0.07266103
v -0.11001974 -0.45095311 -0.08314845
v -0.20229802 -0.43784595 0.04327241
v -0.24665015 -0.42755553 0.08916789
v -0.25057368 -0.42819577 0.07483168
v -0.25702889 -0.42464450 0.09786798
v -0.24387737 -0.42636450 0.10478486
v -0.26002672 -0.42556808 0.08338870
v -0.49425676 -0.34129806 -0.24598673
v -0.49713992 -0.34344493 -0.23001255
v -0.50794795 -0.33602077 -0.23819729
v -0.50701061 -0.33348910 -0.25076704
v -0.51207524 -0.35235989 -0.10420507
v -0.50654931 -0.35557971 -0.08844237
v -0.45638094 -0.34170319 -0.31008935
v -0.46348534 -0.34185684 -0.29981991
v -0.46884841 -0.33721357 -0.30685520
v -0.44247581 -0.34467623 0.19116135
v -0.45656644 -0.34130895 0.18308530
v -0.03061006 -0.46000425 -0.14924772
v -0.49687960 -0.30545722 0.23699251
v -0.48985187 -0.31306255 0.22608032
v -0.04709116 -0.45610721 -0.07190301
v -0.64849858 -0.22901331 -0.04211813
v -0.15744824 -0.44268356 -0.15638277
v -0.61068400 -0.24679013 0.15001804
v -0.61767952 -0.25806814 0.09165163
v -0.62334800 -0.25070849 0.08934178
v -0.47415468 -0.36250038 0.04467325
v -0.48678606 -0.35834135 0.03535321
v -0.30080760 -0.37063903 0.28069655
v -0.29904073 -0.40636609 -0.22870386
v -0.17962024 -0.44243641 -0.08713735
v -0.17007394 -0.44435665 -0.03625333
v -0.61395924 -0.19672324 -0.29140325
v -0.37798841 -0.38765193 -0.22421671
v -0.36749827 -0.38993004 -0.22737230
v -0.38782696 -0.38404118 -0.22891496
v -0.37766081 -0.38582546 -0.23529992
v -0.40105983 -0.38123889 -0.22197551
v -0.61778949 -0.27371568 -0.03595860
v -0.44651697 -0.37773025 -0.12632861
v -0.40709740 -0.36996550 0.14828446
v -0.32730132 -0.32830723 0.35888882
v -0.32837172 -0.33565848 0.34181632
v -0.33162759 -0.32085608 0.37091901
v -0.31476188 -0.33641244 0.35253742
v -0.30981894 -0.33167978 0.36705627
v -0.49303801 -0.36171158 -0.08695849
v -0.47947042 -0.36742561 -0.08439322
v -0.49919494 -0.35865779 -0.09832101
v -0.42045595 -0.37657454 0.09215051
v -0.42421627 -0.37251690 0.10603144
v -0.30294043 -0.33771631 0.36018823
v -0.29375313 -0.33548599 0.37268064
v -0.32784171 -0.41576104 -0.00526358
v -0.33914976 -0.41303239 -0.01041614
v -0.60322892 -0.23467233 -0.26826672
v -0.59407545 -0.25006401 -0.26692589
v -0.58749645 -0.25471884 -0.27699121
v 0.00048550 -0.46276478 -0.17766972
v -0.59268914 -0.22733327 0.23192619
v -0.03758086 -0.45365316 -0.25889696
v -0.02799984 -0.45421522 -0.26580023
v -0.62944041 -0.25776215 -0.00443401
v -0.56478000 -0.30403486 -0.21249416
v -0.57462899 -0.29347210 -0.21756836
v -0.03521257 -0.41853100 0.25101633
v -0.01504622 -0.41905398 0.24401479
v -0.02503965 -0.41987046 0.24292624
v -0.66487363 -0.19632741 -0.06697470
v -0.53527387 -0.33496554 0.03991261
v -0.52788736 -0.34037140 0.02678447
v -0.54141561 -0.33356495 0.02189812
v -0.51450693 -0.34678192 0.02824766
v -0.53273248 -0.33887880 0.01678564
v -0.61717183 -0.20772234 -0.26700702
v -0.60900303 -0.22019891 -0.27464986
v -0.61236161 -0.20868489 -0.28130916
v -0.61228364 -0.22209497 -0.26121788
v -0.61808296 -0.19848301 -0.27662944
v -0.60781590 -0.21094689 -0.29191916
v -0.60632664 -0.21836062 -0.28591533
v -0.20382889 -0.40847083 0.24476096
v -0.26744322 -0.38547282 0.26957306
v -0.28018283 -0.38320343 0.26441411
v -0.16010680 -0.42213654 -0.30664014
v -0.14519761 -0.42633181 -0.30240683
v -0.15653340 -0.42642017 -0.28966319
v -0.31787617 -0.41826686 -0.01583941
v -0.33332029 -0.41459274 -0.02048981
v -0.23948835 -0.42097536 -0.21778918
v -0.45736364 -0.37592948 -0.04634290
v -0.45378227 -0.37665506 -0.02816689
v -0.43855739 -0.38192104 -0.01970785
v -0.25985175 -0.43046189 -0.02153849
v -0.45614056 -0.27388835 0.34985426
v -0.46852125 -0.26506382 0.35135508
v -0.47640769 -0.31800742 0.23007788
v -0.15711966 -0.43579535 0.12644202
v -0.15494599 -0.43780899 0.11045600
v -0.17098798 -0.43547039 0.11652776
v -0.18960466 -0.43370514 0.11308594
v -0.14705206 -0.43971590 0.09973972
v -0.14022475 -0.43916908 0.11074421
v -0.58044819 -0.31072208 -0.02765551
v -0.00487214 -0.43785119 0.13733313
v -0.01471547 -0.43996061 0.12638887
v -0.15867413 -0.42914549 -0.27269963
v -0.15844432 -0.43186089 -0.25670200
v -0.17233490 -0.42751596 -0.26569505
v -0.14316187 -0.43631135 -0.24739561
v -0.01412990 -0.46138861 -0.18006348
v -0.02569424 -0.46002200 -0.19065605
v -0.53802488 -0.22310146 0.32741546
v -0.04860329 -0.40807854 0.29607200
v -0.05565890 -0.41524617 0.26765121
v -0.06167403 -0.41138410 0.28366848
v -0.05095502 -0.41869409 0.25215675
v -0.49689837 -0.35487387 -0.15925782
v -0.50630515 -0.35196625 -0.14818557
v -0.50830863 -0.33860620 -0.22622290
v -0.40957297 -0.33242576 0.26802169
v -0.43099884 -0.32720580 0.25846679
v -0.60489011 -0.20873205 -0.30297011
v -0.38791562 -0.32010736 0.32112401
v -0.35958412 -0.33293783 0.31842502
v -0.37117222 -0.33201471 0.30917854
v -0.38397926 -0.32715803 0.30816696
v -0.04709064 -0.39162811 0.35092730
v -0.17732885 -0.44228730 -0.10272927
v -0.17219060 -0.43019717 -0.24943691
v -0.07919129 -0.41269962 0.27784155
v -0.07993997 -0.41668951 0.26132553
v -0.08967523 -0.41511072 0.26714222
v -0.09331935 -0.41243116 0.27734996
v -0.06853059 -0.41501626 0.26894042
v -0.62991656 -0.25010980 -0.11072769
v -0.62359056 -0.25800496 -0.11895529
v -0.13511181 -0.44110399 0.09622967
v -0.13781481 -0.44230844 0.08096870
v -0.12243495 -0.44174873 0.09972638
v -0.45468142 -0.35798946 -0.24924243
v -0.44526781 -0.35907774 -0.26071200
v -0.32538463 -0.40108422 -0.22344656
v -0.42762044 -0.38299556 -0.14171753
v -0.44164716 -0.37821618 -0.14158654
v -0.43241134 -0.38243766 -0.12841271
v -0.42086570 -0.38604508 -0.13111647
v -0.43423967 -0.37955910 -0.15480877
v -0.43435060 -0.35407009 0.16903807
v -0.42348472 -0.35976265 0.16376058
v -0.59135761 -0.30134715 -0.02546961
v -0.59841046 -0.29496821 -0.03711383
v -0.60198049 -0.29109805 -0.02402094
v -0.58821177 -0.30438288 -0.03899803
v -0.28474647 -0.41972411 -0.14670638
v -0.55598831 -0.30796937 -0.22526970
v -0.54636003 -0.31239716 -0.23591605
v -0.14993500 -0.39990247 0.30581904
v -0.29185703 -0.39326846 -0.30131890
v -0.03101002 -0.45973498 -0.17757575
v -0.43910087 -0.37448964 -0.18464716
v -0.38754469 -0.30056073 0.36417718
v -0.27243680 -0.42778100 0.00044547
v -0.28536625 -0.42085978 0.07531593
v -0.27275970 -0.42337504 0.07868716
v -0.51685630 -0.28714269 0.25335400
v -0.03478931 -0.43925979 0.13730817
v -0.02671636 -0.44014650 0.12896928
v -0.03821684 -0.44126553 0.12321837
v -0.01893794 -0.43773361 0.14303929
v -0.04630321 -0.44032695 0.13155833
v -0.04610927 -0.43850830 0.14441556
v -0.19337411 -0.39286074 0.30512996
v -0.65854973 -0.20260702 0.04172470
v -0.65443292 -0.21286008 0.03203104
v -0.65272281 -0.21292999 0.04710841
v -0.65941540 -0.20523800 0.01843191
v -0.02710399 -0.45620036 -0.24775035
v -0.24893369 -0.40576772 0.21591566
v -0.26407167 -0.40136327 -0.29479769
v -0.25181417 -0.40596768 -0.28691781
v -0.01323953 -0.45695936 -0.25845340
v -0.48184655 -0.33046755 -0.30767383
v -0.46174185 -0.30452058 0.28243155
v -0.45381506 -0.30185596 0.29713663
v -0.47578342 -0.29946515 0.27845854
v -0.47061514 -0.29476381 0.29434005
v -0.45489702 -0.31253621 0.27051430
v -0.46875661 -0.30712736 0.26838988
v -0.15960388 -0.43204753 0.15400203
v -0.14649075 -0.43217094 0.16114632
v -0.60669319 -0.26811287 -0.17753984
v -0.60324970 -0.26926682 -0.18900733
v -0.41736964 -0.37065812 -0.25143824
v -0.39982597 -0.37625490 -0.25096209
v -0.38516142 -0.37976355 -0.25531992
v -0.38182028 -0.37375298 -0.28618900
v -0.37821623 -0.38365030 -0.24612381
v -0.38769841 -0.38166378 -0.24224430
v -0.34916258 -0.33304656 0.32831493
v -0.51733528 -0.34691890 -0.14522814
v -0.01669193 -0.45458216 -0.27591237
v -0.00721496 -0.45476956 -0.28488289
v -0.01954842 -0.45177513 -0.29374203
v -0.41337265 -0.36461459 0.16033403
v -0.42239001 -0.35669990 0.17695212
v -0.41174964 -0.36165499 0.17414315
v -0.14429638 -0.44645204 0.00363576
v -0.64926192 -0.20322303 -0.15164906
v -0.65437695 -0.19826746 -0.13787172
v -0.60577760 -0.27980276 0.05376483
v -0.15820607 -0.44529594 -0.00327882
v -0.59685362 -0.29596615 -0.06095788
v -0.41962567 -0.37916114 0.07882734
v -0.41040203 -0.38321001 0.07462742
v -0.14675665 -0.41386505 0.25640038
v -0.15417515 -0.41676384 0.24077762
v -0.55746125 -0.31528048 -0.19214731
v -0.41687203 -0.37607686 -0.22360512
v -0.29152289 -0.42417638 -0.02118577
v -0.27528912 -0.42746000 -0.01750388
v -0.28321705 -0.42591435 -0.03304973
v -0.29493848 -0.42348806 -0.03424935
v -0.47404271 -0.33806196 -0.29590500
v -0.07353197 -0.42828974 0.20640221
v -0.06130368 -0.42247508 0.23512573
v -0.06405326 -0.42606508 0.21776367
v -0.06730874 -0.41859797 0.25326732
v -0.66435284 -0.19697652 0.00406473
v -0.65213242 -0.21961292 0.01856852
v -0.65543822 -0.21500519 0.00427662
v -0.60831207 -0.28463104 -0.03676972
v -0.60366432 -0.28954948 -0.04900263
v -0.04262911 -0.39483134 0.34102760
v -0.03234414 -0.39082070 0.35229240
v -0.02069075 -0.42267253 0.22824666
v -0.01728071 -0.42600126 0.21069782
v -0.13944075 -0.41146377 0.26903685
v -0.13844168 -0.40790261 0.28263463
v -0.57616394 -0.31176070 -0.10811484
v -0.02569371 -0.44822311 -0.31000033
v -0.14297785 -0.44511575 -0.15465396
v -0.14635213 -0.44396637 -0.16530930
v -0.60263381 -0.26153640 -0.21350200
v -0.42529206 -0.38155214 -0.16496665
v -0.64940823 -0.22672477 -0.00149199
v -0.64585777 -0.23323441 -0.01149899
v -0.05025086 -0.45707018 -0.19343562
v -0.03831941 -0.45854513 -0.19232065
v -0.06896247 -0.45442301 -0.19527668
v -0.35378276 -0.40547333 -0.12741488
v -0.35993667 -0.40483413 -0.11408458
v -0.33844815 -0.40931247 -0.12711028
v -0.27269361 -0.42309658 -0.13708404
v -0.27126747 -0.42206063 -0.15178324
v -0.44532805 -0.34784240 0.17589257
v -0.42963367 -0.36788387 -0.24544524
v -0.44102833 -0.36355277 -0.24708093
v -0.42283663 -0.37191127 -0.23623220
v -0.43154095 -0.36463995 -0.25769238
v -0.39716755 -0.37996161 -0.23625095
v -0.40919293 -0.37613210 -0.23679210
v -0.55821880 -0.30983713 0.10855730
v -0.21510338 -0.38388971 0.31734277
v -0.20287110 -0.38776060 0.31458514
v -0.59511820 -0.29817460 -0.04789761
v -0.05978237 -0.44001655 0.13409778
v -0.05829229 -0.43756746 0.15159995
v -0.08007745 -0.45254719 -0.19777901
v -0.13485561 -0.44590234 -0.16342168
v -0.63441136 -0.21738439 -0.18849942
v -0.55166492 -0.32883868 0.00896202
v -0.26357026 -0.42967332 -0.00876690
v -0.26934294 -0.42865355 -0.03369526
v -0.19339181 -0.43489160 0.09711910
v -0.20393315 -0.43301765 0.10211748
v -0.43813080 -0.37669454 -0.16928174
v -0.40188981 -0.31414103 0.32138323
v -0.42117540 -0.38679612 -0.11848442
v -0.54841238 -0.30706393 -0.24879617
v -0.07061326 -0.44218082 0.11558323
v -0.05242763 -0.44198439 0.11862953
v -0.04186492 -0.44318788 0.10806261
v -0.02789789 -0.42814086 0.20265440
v -0.02837225 -0.42607346 0.21351345
v -0.13205347 -0.44029911 -0.23324973
v -0.07196175 -0.43062651 0.19396407
v -0.05918138 -0.42894559 0.20260589
v -0.61657170 -0.26651575 -0.12621941
v -0.04875855 -0.42497451 0.22215120
v -0.04616744 -0.42146279 0.23899427
v -0.03508778 -0.42217406 0.23404147
v -0.03478100 -0.42490493 0.22068065
v -0.04054813 -0.42801774 0.20560896
v -0.64312132 -0.23698322 0.00170338
v -0.63773035 -0.24590087 -0.00846142
v -0.64816422 -0.22792583 0.00950609
v -0.64156108 -0.23832477 0.01460283
v -0.52455528 -0.20126948 0.37056321
v -0.53182434 -0.20254652 0.35973549
v -0.35231984 -0.39321817 -0.23097652
v -0.48050930 -0.25563915 0.35307477
v -0.15664296 -0.43033314 0.16770191
v -0.66411545 -0.19565404 -0.08067960
v -0.64765420 -0.21717064 0.06772409
v -0.64479932 -0.22494614 0.05640125
v -0.64666778 -0.22554636 0.03969840
v -0.39800462 -0.32152675 0.30780227
v -0.03862165 -0.45199139 0.01021851
v -0.06489950 -0.45074774 0.02210284
v -0.05530710 -0.45170480 0.00890447
v -0.57935567 -0.26271926 -0.28260267
v -0.03619812 -0.45631489 -0.06065238
v -0.33902849 -0.33590697 0.33132372
v -0.50056375 -0.35293615 0.03038884
v -0.57452516 -0.31183809 -0.12234958
v -0.43070566 -0.35131513 0.18441060
v -0.23031775 -0.42783153 0.11301884
v -0.15214819 -0.40453310 0.28906586
v -0.25275366 -0.40155622 0.22887429
v -0.26076615 -0.39829151 0.23308793
v -0.59432471 -0.27129549 -0.21753990
v -0.58802688 -0.27498605 -0.22862920
v -0.53653841 -0.31622299 -0.24718750
v -0.53326739 -0.32219548 -0.23295220
v -0.54047993 -0.31060027 -0.25711210
v -0.55067809 -0.27744675 0.22322756
v -0.55861328 -0.26866786 0.22838052
v 0.00622715 -0.46256080 -0.13184898
v -0.04571836 -0.45537811 -0.05483226
v -0.07835606 -0.44998169 0.02860747
v -0.08840346 -0.44922260 0.03430928
v -0.07841573 -0.45064991 0.01546157
v -0.07919135 -0.44906815 0.04280984
v -0.57084578 -0.26933824 -0.29006504
v -0.63243541 -0.24338268 0.06245197
v -0.07032093 -0.45141274 0.00533839
v -0.17734921 -0.39699147 0.30184573
v -0.16478822 -0.40071581 0.29630653
v -0.48301655 -0.31100559 0.24080630
v -0.47586166 -0.30914165 0.25482443
v -0.36656458 -0.37613147 -0.29469188
v -0.34450426 -0.38206575 -0.29515764
v -0.07459401 -0.44002779 0.13278310
v -0.64610484 -0.23024525 0.01992985
v -0.24934172 -0.39834421 0.24358968
v -0.02749857 -0.45410197 -0.01706971
v -0.60139431 -0.21669698 0.22767823
v -0.37027071 -0.37076019 0.19991535
v -0.43534559 -0.35987050 -0.27275391
v -0.21726711 -0.43062057 0.10680680
v -0.02700443 -0.44208787 0.11428960
v -0.33767736 -0.39714418 -0.22965475
v -0.16897755 -0.44332295 -0.11039743
v -0.52092693 -0.32649651 -0.24614063
v -0.51949328 -0.33155990 -0.22943979
v -0.56926108 -0.26885861 0.20688904
v -0.56900867 -0.26315246 0.21987415
v -0.56096431 -0.27183904 0.21725164
v -0.64800127 -0.22562549 0.02785221
v -0.07160696 -0.43440481 0.17174266
v -0.07115261 -0.43655330 0.15791600
v -0.06963803 -0.43858879 0.14429351
v -0.16514665 -0.44417776 -0.10119831
v -0.03290843 -0.44393013 0.10079721
v -0.00383430 -0.45134784 -0.31090031
v -0.01394753 -0.45073221 -0.30622231
v -0.63917180 -0.23666597 0.04602396
v -0.06491154 -0.43228000 0.18452467
v -0.62560011 -0.25045491 0.07726380
v -0.04307770 -0.45491227 -0.04260275
v -0.03448091 -0.45571218 -0.04816185
v -0.03348418 -0.45487228 -0.03310801
v -0.22850459 -0.37850155 0.32260395
v -0.00549627 -0.45326497 -0.29750000
v -0.02426314 -0.45585458 -0.04180922
f 1402 2234 559
f 661 2253 666
f 2057 1578 2147
f 577 765 764
f 1403 713 712
f 1942 1207 1943
f 1894 952 957
f 2101 2103 2057
f 951 532 529
f 576 574 1047
f 576 1047 1048
f 660 666 664
f 1203 1206 904
f 1207 2233 1943
f 888 889 954
f 802 1494 765
f 577 764 763
f 2324 904 1206
f 802 1493 1495
f 1693 2328 712
f 1402 559 714
f 1610 1609 1694
f 888 955 887
f 526 531 528
f 1608 1610 663
f 1694 2093 1693
f 1760 1901 763
f 1377 1378 954
f 951 529 952
f 1048 1050 1049
f 2198 659 2199
f 570 575 572
f 2233 560 2234
f 526 529 532
f 570 573 574
f 659 2201 2199
f 802 1495 1494
f 2198 2200 1493
f 660 664 663
f 2099 2103 2101
f 887 955 957
f 660 661 666
f 2201 2253 2255
f 1049 1050 1257
f 2101 2057 2104
f 2057 2147 2104
f 1761 1143 534
f 1203 1204 1205
f 889 1377 954
f 2234 560 559
f 2099 572 575
f 2255 2253 661
f 1942 1257 1209
f 710 712 713
f 1373 1374 1378
f 1758 1761 1760
f 1204 1374 1375
f 2324 1957 2323
f 1942 1209 1207
f 2200 1495 1493
f 573 1047 574
f 711 713 714
f 1494 859 765
f 1048 1047 1050
f 528 534 533
f 859 764 765
f 321 1693 712
f 1203 1205 1206
f 2198 2199 2200
f 206 889 888
f 1207 1208 2233
f 1758 1143 1761
f 1695 1610 1694
f 206 888 887
f 1695 663 1610
f 957 952 2372
f 556 714 559
f 710 713 711
f 1373 1378 1377
f 2324 1206 1957
f 529 953 952
f 570 571 573
f 1208 560 2233
f 570 572 571
f 692 1760 763
f 710 321 712
f 533 534 1143
f 763 764 857
f 526 528 527
f 1204 1375 1205
f 322 1694 1693
f 2329 1494 1495
f 1257 1050 2295
f 711 714 556
f 660 663 665
f 2201 2254 2199
f 1373 1375 1374
f 1209 1257 2295
f 887 957 956
f 660 662 661
f 2099 2101 2100
f 2201 2255 2254
f 2329 859 1494
f 952 953 2372
f 2101 2104 2105
f 553 559 560
f 528 533 527
f 662 2255 661
f 526 530 529
f 1695 665 663
f 321 322 1693
f 2099 2102 572
f 693 1758 1760
f 957 2372 956
f 923 1207 1209
f 207 1377 889
f 322 1695 1694
f 692 763 857
f 401 2104 2147
f 553 556 559
f 573 1864 1047
f 856 764 859
f 2200 2330 1495
f 923 1208 1207
f 710 711 326
f 1863 1050 1047
f 710 326 321
f 206 207 889
f 693 1760 692
f 2101 2105 2100
f 2200 2199 2331
f 529 530 953
f 2329 1495 2330
f 856 857 764
f 2099 2100 2102
f 1373 1377 1376
f 1758 1759 1143
f 526 527 530
f 401 2147 400
f 1059 1206 1205
f 558 560 1208
f 573 571 1864
f 401 2105 2104
f 660 665 667
f 572 1036 571
f 2254 2384 2199
f 1059 1957 1206
f 660 667 662
f 711 556 557
f 206 887 201
f 1865 2295 1050
f 922 1209 2295
f 533 1143 1142
f 2329 858 859
f 553 560 558
f 887 956 201
f 207 1376 1377
f 662 2270 2255
f 2321 2254 2255
f 1863 1047 1864
f 693 1759 1758
f 572 2102 1036
f 326 711 557
f 2137 1205 1375
f 2200 2331 2330
f 923 1209 922
f 2331 2199 2384
f 1695 2046 665
f 320 322 321
f 1373 1372 1375
f 2372 953 741
f 533 1141 527
f 856 859 858
f 320 321 326
f 1863 1865 1050
f 1759 1142 1143
f 2084 956 2372
f 2321 2255 2270
f 322 327 1695
f 2329 2330 858
f 551 556 553
f 691 692 857
f 923 924 1208
f 1373 1376 1372
f 530 741 953
f 533 1142 1141
f 1865 922 2295
f 2137 1059 1205
f 1864 571 1037
f 558 1208 924
f 2100 2105 402
f 665 2046 667
f 854 857 856
f 551 557 556
f 1036 1037 571
f 2254 2369 2384
f 198 207 206
f 401 402 2105
f 1695 327 2046
f 2321 2369 2254
f 2084 2372 741
f 201 956 2084
f 684 693 692
f 662 2271 2270
f 398 401 400
f 662 667 2271
f 527 745 530
f 693 694 1759
f 854 691 857
f 553 558 552
f 198 206 201
f 326 557 325
f 2100 2080 2102
f 208 1376 207
f 527 1141 745
f 320 326 325
f 2137 1375 1371
f 320 323 322
f 2102 1035 1036
f 1956 1957 1060
f 919 923 922
f 1371 1375 1372
f 684 692 691
f 551 553 552
f 1060 1957 1059
f 2330 2331 2392
f 323 327 322
f 919 924 923
f 2331 2384 194
f 856 858 855
f 2319 2321 2270
f 1759 1762 1142
f 2100 402 2080
f 1863 1864 1866
f 198 208 207
f 684 694 693
f 854 856 855
f 339 667 2046
f 194 2384 2369
f 1863 1065 1865
f 558 924 562
f 1030 1037 1036
f 2080 1035 2102
f 1370 1372 1376
f 738 741 530
f 1864 1037 1031
f 2321 2322 2369
f 858 2330 2360
f 551 554 557
f 2319 2270 2271
f 1759 694 1762
f 925 922 1865
f 1141 1142 1144
f 552 558 562
f 208 1370 1376
f 325 557 554
f 399 402 401
f 2046 327 337
f 1030 1036 1035
f 2331 194 2392
f 2137 1058 1059
f 320 325 324
f 739 2084 741
f 201 2084 200
f 2271 667 340
f 742 530 745
f 2319 2322 2321
f 398 399 401
f 320 324 323
f 854 690 691
f 1141 1144 745
f 919 922 925
f 2330 2392 2360
f 1864 1031 1866
f 339 340 667
f 197 198 201
f 339 2046 337
f 1863 1866 1065
f 194 2369 2322
f 1762 1144 1142
f 2137 1371 1058
f 738 530 742
f 684 691 690
f 1030 1031 1037
f 858 2360 855
f 684 685 694
f 925 1865 1065
f 551 552 555
f 323 328 327
f 919 920 924
f 1367 1371 1372
f 1762 694 685
f 854 855 690
f 738 739 741
f 920 562 924
f 197 201 200
f 1367 1372 1370
f 551 555 554
f 739 200 2084
f 327 328 337
f 2319 2271 2320
f 198 204 208
f 403 2080 402
f 552 562 561
f 1056 1060 1059
f 2080 1029 1035
f 2320 2271 340
f 1030 1035 1029
f 208 204 1370
f 1056 1059 1058
f 325 554 1641
f 324 325 1641
f 193 194 2322
f 399 403 402
f 2319 195 2322
f 552 561 555
f 682 685 684
f 2392 194 192
f 323 324 329
f 332 339 337
f 744 745 1144
f 742 745 744
f 398 369 399
f 1762 685 686
f 332 340 339
f 919 925 921
f 197 199 198
f 1762 2048 1144
f 683 684 690
f 323 329 328
f 2360 2392 192
f 919 921 920
f 909 1058 1371
f 2319 2320 195
f 1065 1866 1067
f 920 927 562
f 690 855 2050
f 195 193 2322
f 1060 827 825
f 199 204 198
f 1031 1034 1866
f 1367 909 1371
f 1064 925 1065
f 331 337 328
f 1027 1031 1030
f 2394 855 2360
f 927 561 562
f 555 2160 554
f 682 684 683
f 738 740 739
f 1762 686 2048
f 1367 1370 1369
f 682 686 685
f 738 742 743
f 324 1641 329
f 554 2160 1641
f 2080 2081 1029
f 403 2081 2080
f 331 332 337
f 1370 204 1369
f 185 194 193
f 1027 1030 1029
f 739 1366 200
f 197 200 202
f 2050 855 2394
f 2320 340 338
f 1064 1065 1067
f 185 192 194
f 1034 1067 1866
f 1056 1061 1060
f 332 338 340
f 561 1488 555
f 399 404 403
f 738 743 740
f 1027 1034 1031
f 742 744 743
f 865 1144 2048
f 369 370 399
f 331 328 336
f 197 202 199
f 329 336 328
f 683 690 689
f 740 1366 739
f 690 2050 689
f 185 193 195
f 1061 827 1060
f 1056 1058 910
f 744 1144 865
f 920 926 927
f 920 921 926
f 921 925 929
f 927 1488 561
f 1064 929 925
f 2320 2087 195
f 191 2360 192
f 909 910 1058
f 555 2161 2160
f 686 864 2048
f 2394 2360 1123
f 202 200 1366
f 682 687 686
f 908 909 1367
f 399 370 404
f 908 1367 1369
f 682 683 687
f 330 332 331
f 199 205 204
f 1369 204 1540
f 1909 1641 2160
f 2320 338 2087
f 555 1488 2161
f 403 2082 2081
f 329 1641 880
f 1029 2081 1028
f 1027 1029 1028
f 2050 2394 1122
f 403 404 2082
f 191 1123 2360
f 330 331 336
f 865 2048 864
f 687 864 686
f 1064 1067 1066
f 186 192 185
f 205 1540 204
f 2049 689 2050
f 185 195 196
f 926 1486 927
f 332 333 338
f 927 1486 1488
f 366 370 369
f 195 2087 196
f 744 1252 743
f 1034 2268 1067
f 1909 2160 2161
f 740 743 1365
f 199 202 203
f 186 191 192
f 330 333 332
f 921 928 926
f 879 336 329
f 880 1641 1909
f 2049 2050 1122
f 740 1365 1366
f 683 689 688
f 2394 1123 1122
f 1056 1057 1061
f 1064 1066 929
f 921 929 928
f 744 865 1253
f 1056 910 1057
f 1027 1033 1034
f 683 688 687
f 199 203 205
f 908 1369 1368
f 1061 1062 827
f 1369 1540 1368
f 879 329 880
f 905 910 909
f 905 909 908
f 744 1253 1252
f 884 2087 338
f 404 370 368
f 1067 2268 1066
f 202 1366 1467
f 330 336 335
f 2161 1488 2313
f 827 1062 826
f 1120 689 2049
f 2082 1195 2081
f 1034 1033 2268
f 861 865 864
f 861 864 687
f 2082 404 2336
f 366 368 370
f 2081 1195 1028
f 202 1468 203
f 1027 1028 1032
f 184 186 185
f 185 196 188
f 1486 1489 1488
f 333 885 338
f 1120 2049 1122
f 1252 1934 743
f 926 1487 1486
f 883 196 2087
f 1365 743 1934
f 879 335 336
f 688 689 1120
f 1856 1540 205
f 330 334 333
f 1909 2161 1908
f 884 338 885
f 202 1467 1468
f 1365 2382 1366
f 884 883 2087
f 926 928 1487
f 1119 1123 191
f 1027 1032 1033
f 186 187 191
f 404 368 2336
f 2216 928 929
f 1368 1540 1856
f 1117 1122 1123
f 929 1066 2217
f 908 1368 907
f 330 335 334
f 1489 2313 1488
f 184 185 188
f 1366 2382 1467
f 862 1253 865
f 1061 1063 1062
f 1061 1057 1063
f 688 863 687
f 203 1664 205
f 1413 880 1909
f 905 908 907
f 2161 2313 1908
f 1057 910 911
f 2082 2336 1195
f 861 862 865
f 905 911 910
f 1486 1487 1489
f 861 687 863
f 1117 1120 1122
f 2216 929 2217
f 1119 191 187
f 184 187 186
f 1856 205 1664
f 1252 1253 1844
f 1298 1066 2268
f 1117 1123 1119
f 334 2063 333
f 1413 1909 1908
f 879 880 878
f 203 1468 1663
f 427 196 883
f 333 2063 885
f 2346 2268 1033
f 427 188 196
f 2326 826 1062
f 366 367 368
f 1028 1195 1196
f 1028 1196 1032
f 1252 1844 1934
f 881 883 884
f 1468 1467 1665
f 874 335 879
f 688 1120 1140
f 2381 1365 1934
f 1487 928 658
f 2216 658 928
f 881 884 885
f 2381 2382 1365
f 203 1663 1664
f 1298 2217 1066
f 368 2359 2336
f 862 1844 1253
f 1857 1368 1856
f 1857 907 1368
f 334 335 875
f 1413 878 880
f 2326 1062 1063
f 688 1140 863
f 2352 1467 2382
f 2346 1298 2268
f 1468 1665 1663
f 1033 1032 2347
f 184 188 190
f 905 907 906
f 1489 1391 2313
f 427 883 881
f 1344 1063 1057
f 1908 2313 1391
f 2352 1665 1467
f 874 879 878
f 367 2359 368
f 334 875 2063
f 828 826 2326
f 1344 1057 911
f 1194 1195 2336
f 2346 1033 2347
f 184 189 187
f 1117 1121 1120
f 1487 1389 1489
f 905 912 911
f 2216 2217 656
f 860 861 863
f 874 875 335
f 341 862 861
f 190 188 427
f 2235 1119 187
f 1855 1856 1664
f 885 2063 886
f 1117 1119 1118
f 881 885 886
f 1120 1121 1140
f 2216 656 658
f 1413 1908 1414
f 1194 2336 2359
f 2381 2383 2382
f 905 906 912
f 1845 1934 1844
f 1487 658 653
f 1857 906 907
f 2381 1934 1845
f 2352 2382 2383
f 184 190 189
f 1855 1857 1856
f 1298 1296 2217
f 1199 1032 1196
f 1859 1664 1663
f 341 861 860
f 1389 1391 1489
f 862 342 1844
f 2235 187 189
f 2235 1118 1119
f 1861 1663 1665
f 1487 653 1389
f 656 2217 1296
f 2347 1032 1199
f 1908 1391 1414
f 1191 1196 1195
f 432 427 881
f 1347 2326 1063
f 1861 1665 2352
f 1410 878 1413
f 863 1140 215
f 875 2256 2063
f 1855 1664 1859
f 341 342 862
f 2346 1299 1298
f 1117 268 1121
f 1117 1118 268
f 886 2063 2256
f 860 863 215
f 1344 1347 1063
f 1191 1195 1194
f 874 876 875
f 1343 911 912
f 367 1274 2359
f 1410 1413 1414
f 2346 2347 1299
f 1344 911 1343
f 1859 1663 1861
f 874 878 877
f 190 427 426
f 881 886 882
f 652 658 656
f 1274 1194 2359
f 2381 1441 2383
f 2352 2383 2351
f 828 2326 2120
f 652 653 658
f 273 1140 1121
f 432 881 882
f 1295 1296 1298
f 1843 1845 1844
f 426 427 432
f 2381 1845 1441
f 1191 1199 1196
f 1857 1876 906
f 1843 1844 342
f 190 425 189
f 1861 2352 2351
f 906 1875 912
f 1855 1860 1857
f 874 877 876
f 1414 1391 2018
f 341 860 213
f 655 656 1296
f 2235 189 428
f 273 215 1140
f 1295 1298 1299
f 2235 267 1118
f 875 2257 2256
f 1410 1412 878
f 1347 2120 2326
f 875 876 2257
f 654 1389 653
f 1388 1391 1389
f 1201 2347 1199
f 878 1412 877
f 272 1121 268
f 860 215 213
f 1441 2351 2383
f 886 2256 2177
f 190 426 425
f 268 1118 267
f 1343 912 1875
f 1855 1859 1858
f 221 342 341
f 1271 1274 367
f 1201 1299 2347
f 652 656 655
f 886 2177 882
f 1857 1860 1876
f 273 1121 272
f 906 1876 1875
f 425 428 189
f 655 1296 1295
f 1410 1414 1409
f 652 654 653
f 1859 1861 1862
f 432 882 431
f 2018 1391 1392
f 221 341 213
f 2235 428 267
f 828 2120 1625
f 1409 1414 2018
f 426 432 431
f 1197 1194 1274
f 1855 1858 1860
f 1342 1347 1344
f 1388 1389 654
f 1191 1194 1197
f 1342 1344 1343
f 1388 1392 1391
f 1440 1441 1845
f 1843 1440 1845
f 1861 2351 1542
f 1843 342 343
f 1191 1192 1199
f 877 2237 876
f 2256 2257 2176
f 1859 1862 1858
f 221 343 342
f 2256 2176 2177
f 266 272 268
f 876 2237 2257
f 1192 1201 1199
f 266 268 267
f 1408 1412 1410
f 1441 1442 2351
f 273 214 215
f 209 213 215
f 1861 1542 1862
f 1295 1299 1297
f 1409 2018 1392
f 2089 1299 1201
f 882 2177 1648
f 1408 1410 1409
f 431 882 1648
f 271 273 272
f 1343 1875 1346
f 425 426 430
f 877 1412 988
f 1348 2120 1347
f 652 655 657
f 655 1295 1294
f 426 431 433
f 210 221 213
f 1874 1876 1860
f 425 429 428
f 1442 1542 2351
f 652 618 654
f 1271 1275 1274
f 1527 267 428
f 1873 1875 1876
f 209 215 214
f 1197 1274 1275
f 1437 1441 1440
f 2290 2176 2257
f 1858 1879 1860
f 1297 1299 2089
f 1437 1442 1441
f 877 988 2237
f 1342 1343 1346
f 1843 343 1581
f 266 271 272
f 2237 2290 2257
f 1342 1348 1347
f 271 214 273
f 1843 1581 1440
f 1191 1197 1198
f 209 210 213
f 1388 654 619
f 426 433 430
f 1408 988 1412
f 1295 1297 1294
f 2119 1625 2120
f 2175 2177 2176
f 425 430 429
f 221 218 343
f 431 1648 433
f 1191 1193 1192
f 652 657 618
f 655 1294 657
f 1388 1390 1392
f 1527 428 429
f 1874 1860 1879
f 266 267 270
f 1858 1862 2190
f 1873 1876 1874
f 1409 1392 2017
f 1192 1202 1201
f 2175 1648 2177
f 210 218 221
f 1873 1346 1875
f 2089 1201 1202
f 1527 270 267
f 1191 1198 1193
f 654 618 619
f 2119 2120 1348
f 1408 1409 1411
f 1271 1273 1272
f 1858 2190 1879
f 1542 1543 1862
f 1388 619 1390
f 1541 1542 1442
f 2290 2178 2176
f 1271 1272 1275
f 1437 1438 1442
f 344 1581 343
f 993 2290 2237
f 2017 1392 1390
f 1581 1583 1440
f 1409 2017 1411
f 1437 1440 1439
f 2175 2176 2178
f 218 344 343
f 266 269 271
f 988 989 2237
f 2119 1258 1625
f 271 274 214
f 209 214 212
f 1008 1197 1275
f 2190 1862 1543
f 493 433 1648
f 1008 1198 1197
f 1527 429 673
f 209 211 210
f 1297 2089 2088
f 1541 1442 1438
f 430 433 677
f 266 270 269
f 1440 1583 1439
f 1541 1543 1542
f 1408 990 988
f 1342 1346 1345
f 993 2237 989
f 672 429 430
f 1192 1200 1202
f 2175 492 1648
f 377 1874 1879
f 1294 1300 657
f 211 218 210
f 1294 1297 1301
f 993 2178 2290
f 1437 1439 1438
f 1192 1193 1200
f 1873 1874 377
f 2088 2089 1202
f 1342 1339 1348
f 1526 270 1527
f 657 611 618
f 1408 1411 990
f 1873 1878 1346
f 344 1579 1581
f 1579 1583 1581
f 274 212 214
f 373 1879 2190
f 1526 1527 673
f 271 269 274
f 608 619 618
f 493 1648 492
f 209 212 211
f 493 677 433
f 672 673 429
f 1198 1871 1193
f 218 216 344
f 672 430 677
f 2175 2178 2128
f 1340 2119 1348
f 1297 2088 1301
f 619 617 1390
f 657 1300 611
f 985 989 988
f 377 1879 373
f 1294 1301 1300
f 1272 1007 1275
f 1541 1438 1545
f 1342 1345 1339
f 2017 1390 2340
f 1411 2017 2264
f 211 216 218
f 1345 1346 1878
f 2175 2128 492
f 1008 1871 1198
f 1545 1438 1439
f 608 618 611
f 1007 1008 1275
f 985 988 990
f 2119 1219 1258
f 1526 1452 270
f 372 2190 1543
f 1452 269 270
f 2180 1202 1200
f 2180 2088 1202
f 1873 377 1877
f 1582 1439 1583
f 994 2178 993
f 1541 1544 1543
f 1340 1348 1339
f 986 993 989
f 608 617 619
f 1873 1877 1878
f 1193 2304 1200
f 990 1411 2264
f 1579 1582 1583
f 373 2190 372
f 1526 673 674
f 344 1580 1579
f 1193 1871 2304
f 1390 617 2340
f 344 216 1580
f 2264 2017 2340
f 672 674 673
f 2287 212 274
f 1541 1545 1544
f 2128 2178 994
f 487 493 492
f 489 677 493
f 1340 1219 2119
f 1545 1439 1887
f 985 986 989
f 274 269 1842
f 211 212 220
f 1526 674 1452
f 371 377 373
f 491 492 2128
f 986 994 993
f 1887 1439 1582
f 672 677 676
f 1272 1276 1007
f 211 217 216
f 612 611 1300
f 1334 1300 1301
f 1580 1582 1579
f 1258 1219 1212
f 1008 1009 1871
f 2088 1755 1301
f 1544 1547 1543
f 1547 372 1543
f 487 489 493
f 220 212 2287
f 487 492 491
f 1452 1451 269
f 2287 274 1842
f 2180 1756 2088
f 607 608 611
f 371 373 372
f 2180 1200 2181
f 377 375 1877
f 489 676 677
f 1580 216 217
f 2181 1200 2304
f 1345 1878 2211
f 1005 1008 1007
f 612 1300 1334
f 1451 1842 269
f 371 375 377
f 2304 1871 2350
f 1544 1545 1546
f 990 2264 579
f 985 990 580
f 1756 1755 2088
f 1345 1338 1339
f 672 675 674
f 1545 1887 1546
f 1878 1877 2211
f 494 2128 994
f 1334 1301 2242
f 607 611 612
f 609 617 608
f 1005 1009 1008
f 491 2128 494
f 211 220 219
f 1871 1009 2350
f 211 219 217
f 2242 1301 1755
f 2264 2340 1769
f 616 2340 617
f 1335 1340 1339
f 672 676 675
f 985 987 986
f 1452 674 681
f 485 489 487
f 1580 241 1582
f 1218 1219 1340
f 986 992 994
f 239 1887 1582
f 607 609 608
f 580 990 579
f 487 491 486
f 1793 220 2287
f 1345 2211 1338
f 1793 2287 1842
f 2180 1757 1756
f 1276 1006 1007
f 1544 1548 1547
f 1250 1451 1452
f 1211 1212 1219
f 2180 2181 1757
f 1547 2043 372
f 2264 1769 579
f 489 490 676
f 371 372 374
f 1580 217 261
f 985 580 987
f 1333 612 1334
f 2210 1877 375
f 1769 2340 616
f 609 616 617
f 2304 2350 2348
f 1544 1546 1548
f 2181 2304 2348
f 1335 1339 1338
f 675 681 674
f 1546 1887 239
f 486 491 494
f 1005 1007 1006
f 485 487 486
f 1334 2242 1331
f 485 490 489
f 1250 1452 681
f 987 992 986
f 2210 2211 1877
f 371 376 375
f 1451 1251 1842
f 1124 494 994
f 239 1582 241
f 1335 1218 1340
f 607 612 613
f 1754 1755 1756
f 1580 261 241
f 1333 1334 1331
f 1211 1219 1218
f 2350 1009 1010
f 219 260 217
f 2043 374 372
f 1330 2242 1755
f 219 220 586
f 1124 994 992
f 1005 1010 1009
f 1333 613 612
f 1547 1548 2043
f 1793 586 220
f 1210 1215 1212
f 675 676 680
f 1250 1251 1451
f 1793 1842 1792
f 371 374 376
f 217 260 261
f 680 676 490
f 1754 1756 1757
f 2210 375 376
f 1330 1331 2242
f 485 486 488
f 1251 1792 1842
f 485 488 490
f 1210 1212 1211
f 2348 2350 1010
f 1546 239 240
f 607 610 609
f 1546 240 1548
f 1276 1286 1006
f 1754 1330 1755
f 486 494 496
f 2181 2349 1757
f 579 1769 583
f 2181 2348 2349
f 607 613 610
f 609 614 616
f 675 678 681
f 987 580 581
f 1124 496 494
f 578 580 579
f 1329 1333 1331
f 219 259 260
f 1765 1769 616
f 1338 2211 2209
f 1250 681 388
f 987 991 992
f 219 586 259
f 1005 1006 1011
f 1329 613 1333
f 2208 2211 2210
f 1005 1011 1010
f 488 2296 490
f 1329 1331 1330
f 1335 1338 1337
f 486 495 488
f 389 1251 1250
f 236 239 241
f 675 680 679
f 241 261 242
f 680 490 2296
f 1124 992 1126
f 1789 586 1793
f 1211 1218 1214
f 1789 1793 1792
f 1548 2044 2043
f 2043 2364 374
f 256 261 260
f 609 610 615
f 578 579 583
f 2210 376 2213
f 486 496 495
f 374 2365 376
f 675 679 678
f 1765 583 1769
f 678 388 681
f 609 615 614
f 1335 1336 1218
f 1765 616 614
f 1754 1757 42
f 987 581 991
f 234 240 239
f 578 581 580
f 389 1250 388
f 1548 240 237
f 991 1126 992
f 1210 1211 1214
f 1251 390 1792
f 2208 2209 2211
f 2348 1010 2379
f 488 495 2296
f 1754 40 1330
f 236 241 242
f 610 613 94
f 42 1757 2349
f 256 260 259
f 1338 2209 1337
f 1329 94 613
f 256 242 261
f 1006 1286 1287
f 234 239 236
f 2349 2348 2379
f 259 586 1791
f 2043 2044 2364
f 389 390 1251
f 2208 2210 2213
f 374 2364 2365
f 1548 237 2044
f 1124 1125 496
f 2365 2213 376
f 1789 1791 586
f 1329 1330 1332
f 1006 1287 1011
f 1335 1337 1336
f 1218 1336 1214
f 1789 1792 390
f 1124 1126 1125
f 680 2296 2096
f 680 2096 679
f 234 237 240
f 1754 42 40
f 1210 1217 1216
f 1011 1952 1010
f 393 388 678
f 1332 1330 40
f 615 610 92
f 496 2020 495
f 578 583 584
f 1765 584 583
f 1764 614 615
f 387 389 388
f 1764 1765 614
f 2094 678 679
f 610 94 92
f 581 1051 991
f 495 2021 2296
f 578 582 581
f 2379 1010 1952
f 991 1619 1126
f 256 259 262
f 1329 91 94
f 1210 1214 1213
f 259 1791 262
f 256 257 242
f 236 242 243
f 496 1125 2020
f 387 390 389
f 1287 1286 1955
f 42 2349 2380
f 1329 1332 91
f 2349 2379 2380
f 2094 393 678
f 387 388 393
f 2096 2296 2021
f 1789 1183 1791
f 2094 679 2096
f 2044 2121 2364
f 1789 390 1790
f 2365 2364 895
f 234 236 235
f 1309 2044 237
f 1619 1125 1126
f 2365 896 2213
f 1210 1213 1217
f 2208 1234 2209
f 581 582 1051
f 1764 615 92
f 2208 2213 2212
f 1235 1337 2209
f 495 2020 2021
f 257 243 242
f 991 1051 1619
f 234 238 237
f 1011 1287 1951
f 1336 1341 1214
f 1336 1337 1241
f 578 584 585
f 34 40 42
f 41 1332 40
f 1789 1790 1183
f 89 92 94
f 1765 1766 584
f 578 585 582
f 236 243 235
f 1011 1951 1952
f 256 258 257
f 1183 262 1791
f 1764 1766 1765
f 89 94 91
f 1309 2121 2044
f 256 262 258
f 2121 895 2364
f 2365 895 896
f 1213 1214 1341
f 2213 896 2212
f 238 1309 237
f 1234 1235 2209
f 2208 2212 1234
f 234 235 238
f 2096 2021 2098
f 1235 1241 1337
f 387 391 390
f 2379 1952 2034
f 34 41 40
f 387 393 392
f 2094 392 393
f 1332 96 91
f 2094 2096 2095
f 759 2020 1125
f 42 2380 36
f 1790 390 391
f 257 264 243
f 1764 92 1768
f 1619 757 1125
f 41 96 1332
f 2033 2380 2379
f 34 42 36
f 2095 2096 2098
f 1287 1955 1954
f 1187 2021 2020
f 1614 1051 582
f 258 264 257
f 89 93 92
f 1615 1619 1051
f 89 91 90
f 1213 1539 1217
f 2033 2379 2034
f 1179 262 1183
f 1951 1287 1954
f 1336 1242 1341
f 1336 1241 1242
f 759 1125 757
f 1614 582 585
f 584 1770 585
f 1790 1182 1183
f 1309 1310 2121
f 1766 1770 584
f 1505 1217 1539
f 258 262 263
f 1768 92 93
f 2022 2098 2021
f 235 243 245
f 1951 1953 1952
f 90 91 96
f 759 1187 2020
f 2094 1692 392
f 1764 1767 1766
f 890 896 895
f 2121 892 895
f 2094 2095 1692
f 1307 1309 238
f 387 392 394
f 1953 2034 1952
f 893 2212 896
f 264 245 243
f 1614 1615 1051
f 1619 761 757
f 1764 1768 1767
f 387 394 391
f 1790 391 1182
f 34 35 41
f 89 90 93
f 2380 2144 36
f 1615 761 1619
f 1187 2022 2021
f 1179 263 262
f 235 244 238
f 2033 2144 2380
f 2095 2098 2022
f 1307 1310 1309
f 41 35 96
f 1213 1341 1538
f 1232 1241 1235
f 1179 1183 1182
f 1231 1235 1234
f 2121 1310 892
f 1955 2207 1954
f 258 265 264
f 1234 2212 1237
f 890 893 896
f 890 895 892
f 33 34 36
f 258 263 265
f 235 245 244
f 1213 1538 1539
f 1766 1771 1770
f 1614 585 1618
f 1618 585 1770
f 1232 1242 1241
f 755 759 757
f 396 392 1692
f 1768 93 2225
f 1307 238 1308
f 1766 1767 1771
f 2186 1505 1539
f 33 35 34
f 394 392 396
f 1341 1242 1538
f 264 265 245
f 1237 2212 893
f 1951 1954 1076
f 1951 1076 1953
f 1231 1232 1235
f 2095 2097 1692
f 2031 2033 2034
f 2095 2022 2097
f 90 96 95
f 1308 238 244
f 756 757 761
f 758 1187 759
f 90 97 93
f 1768 2225 1767
f 1614 1616 1615
f 2031 2034 1953
f 39 36 2144
f 1231 1234 1237
f 1615 762 761
f 35 95 96
f 1187 1189 2022
f 394 397 391
f 391 1186 1182
f 1307 424 1310
f 2032 2144 2033
f 755 757 756
f 1179 1182 1181
f 1179 1180 263
f 33 36 39
f 892 1310 424
f 755 758 759
f 97 2225 93
f 1615 1616 762
f 890 892 891
f 890 894 893
f 756 761 762
f 758 1189 1187
f 1180 265 263
f 90 95 97
f 396 1692 1689
f 2207 2248 1954
f 1307 1308 424
f 1614 1618 1617
f 2031 2032 2033
f 1770 1771 2035
f 391 397 1186
f 1692 2097 1689
f 1614 1617 1616
f 1618 1770 2035
f 39 2144 2032
f 1781 244 245
f 2007 2097 2022
f 1767 1462 1771
f 1077 1953 1076
f 394 396 395
f 1780 245 265
f 1181 1182 1186
f 33 37 35
f 1237 893 894
f 2007 2022 1189
f 1179 1181 1180
f 1538 1131 1539
f 2031 1953 1077
f 1767 2225 1461
f 1232 1240 1242
f 1131 2186 1539
f 890 891 894
f 1308 244 1311
f 1954 1074 1076
f 37 95 35
f 394 395 397
f 1231 1233 1232
f 1538 1242 2302
f 418 892 424
f 2143 2225 97
f 891 892 418
f 755 756 438
f 1231 1237 1236
f 2207 2039 2248
f 1767 1461 1462
f 1954 2248 1074
f 395 396 1689
f 755 438 758
f 1780 1781 245
f 2035 1771 1462
f 1781 1311 244
f 33 39 38
f 756 762 437
f 1180 1184 265
f 1616 1620 762
f 758 1188 1189
f 2143 1461 2225
f 2097 2339 1689
f 1618 2036 1617
f 1780 265 1184
f 1618 2035 2036
f 1233 1240 1232
f 1240 2302 1242
f 1616 1617 1620
f 33 38 37
f 2007 2339 2097
f 1308 423 424
f 1231 1236 1233
f 2142 97 95
f 1829 39 2032
f 1188 2007 1189
f 397 1490 1186
f 2031 1828 2032
f 1181 1186 1185
f 438 756 437
f 2146 1237 894
f 419 894 891
f 1073 1077 1076
f 1308 1311 423
f 395 1490 397
f 2031 1077 1078
f 1620 437 762
f 1180 1181 60
f 2142 2143 97
f 419 891 418
f 438 760 758
f 1538 1136 1131
f 1073 1076 1074
f 395 1689 1690
f 1829 38 39
f 758 760 1188
f 1132 2186 1131
f 37 1561 95
f 1236 1237 1779
f 1690 1689 2339
f 1538 2302 1136
f 2038 2248 2039
f 414 418 424
f 2035 1462 1458
f 1181 1185 60
f 1829 2032 1828
f 1456 1462 1461
f 2031 1078 1828
f 1779 1237 2146
f 1781 2041 1311
f 2143 1460 1461
f 1491 1186 1490
f 1491 1185 1186
f 2142 95 1561
f 2248 1072 1074
f 1699 1617 2036
f 1620 1617 1699
f 2073 2036 2035
f 1780 1782 1781
f 414 424 423
f 1180 59 1184
f 1073 1078 1077
f 419 417 894
f 1188 2006 2007
f 2007 2006 2339
f 2146 894 417
f 37 38 1559
f 423 1311 2041
f 1233 1239 1240
f 1780 1184 447
f 2142 1460 2143
f 2038 1072 2248
f 395 936 1490
f 434 438 437
f 1180 60 59
f 2073 2035 1458
f 2037 2038 2039
f 1456 1458 1462
f 1620 440 437
f 1456 1461 1460
f 1233 1236 1238
f 395 1690 1691
f 412 419 418
f 1781 1782 2041
f 438 439 760
f 37 1559 1561
f 1240 2332 2302
f 760 2005 1188
f 1690 2339 2052
f 1068 1073 1074
f 1829 1563 38
f 1780 447 1782
f 395 1691 936
f 60 1185 54
f 1068 1074 1072
f 1236 1779 1238
f 412 418 414
f 1130 1132 1131
f 935 1491 1490
f 434 437 440
f 1491 54 1185
f 1130 1131 1136
f 2071 2036 2073
f 2071 1699 2036
f 434 439 438
f 59 447 1184
f 1233 1238 1239
f 2005 2006 1188
f 2006 2052 2339
f 1240 1239 2332
f 412 417 419
f 935 1490 936
f 1827 1829 1828
f 38 1563 1559
f 468 1620 1699
f 1073 1075 1078
f 1691 1690 2052
f 1779 2146 1624
f 760 439 2005
f 2302 2148 1136
f 468 440 1620
f 2146 417 1624
f 2038 1892 1072
f 1828 1078 1830
f 414 423 420
f 2037 1892 2038
f 1733 1460 2142
f 1562 2142 1561
f 423 2041 2040
f 1456 1460 1455
f 1453 1458 1456
f 1827 1563 1829
f 2073 1458 1459
f 50 59 60
f 2332 2148 2302
f 50 60 54
f 1068 1069 1073
f 935 53 1491
f 1782 2280 2041
f 1556 1561 1559
f 1491 53 54
f 2071 1698 1699
f 1068 1072 1071
f 2071 2073 1459
f 423 2040 420
f 1075 1830 1078
f 1827 1828 1830
f 1073 1069 1075
f 937 936 1691
f 1562 1733 2142
f 434 440 436
f 1071 1072 1892
f 1779 2145 1238
f 468 1699 1698
f 1782 447 448
f 932 935 936
f 1733 1455 1460
f 1453 1456 1455
f 1453 1459 1458
f 1130 1136 1135
f 412 414 413
f 1779 1624 2145
f 412 415 417
f 434 435 439
f 2005 1884 2006
f 2051 1691 2052
f 1556 1562 1561
f 1133 1592 1132
f 441 447 59
f 2040 2041 2280
f 2037 1586 1892
f 436 440 468
f 1135 1136 2148
f 2005 439 1846
f 415 1624 417
f 413 414 420
f 1558 1559 1563
f 1839 2052 2006
f 1945 1239 1238
f 1130 1133 1132
f 2332 1239 1945
f 932 936 937
f 932 53 935
f 49 50 54
f 2051 937 1691
f 1782 448 2280
f 49 54 53
f 434 436 435
f 1556 1559 1558
f 2071 2072 1698
f 50 55 59
f 1068 1071 1070
f 2071 1459 2072
f 1827 1407 1563
f 435 1846 439
f 441 448 447
f 1068 1070 1069
f 2005 1846 1884
f 1884 1839 2006
f 2051 2052 1839
f 1075 2165 1830
f 1238 2145 1949
f 1069 2165 1075
f 468 1698 1697
f 55 441 59
f 1071 1892 1587
f 2332 2151 2148
f 1453 1457 1459
f 1453 1455 1454
f 1558 1563 1407
f 420 2040 422
f 1733 1734 1455
f 1827 1830 456
f 1945 1238 1949
f 412 416 415
f 412 413 416
f 1731 1733 1562
f 1622 2145 1624
f 436 468 467
f 1892 1586 1587
f 1130 1135 1134
f 415 1622 1624
f 413 420 422
f 49 53 52
f 1556 1560 1562
f 2332 1945 2151
f 932 937 931
f 1698 2072 1697
f 49 51 50
f 2040 2280 2341
f 2051 931 937
f 930 53 932
f 1071 1587 1070
f 1453 1454 1457
f 1827 456 1407
f 1130 1134 1133
f 1556 1558 1557
f 1454 1455 1734
f 468 1697 467
f 1135 2148 1137
f 51 55 50
f 436 466 435
f 448 2173 2280
f 2072 1459 1899
f 1731 1734 1733
f 1069 1070 2166
f 1457 1899 1459
f 1069 2166 2165
f 1731 1562 1560
f 435 1847 1846
f 2040 2341 422
f 1834 1884 1846
f 930 52 53
f 2165 454 1830
f 49 52 51
f 1835 1839 1884
f 1556 1557 1560
f 1841 2051 1839
f 441 443 448
f 930 932 931
f 456 1830 454
f 1137 2148 2151
f 436 467 466
f 1950 1949 2145
f 2280 2173 2341
f 1841 931 2051
f 1950 2145 1622
f 1585 1587 1586
f 1558 1407 1406
f 1134 1135 1137
f 1697 2072 1969
f 435 466 1847
f 1835 1884 1834
f 1585 1586 803
f 1621 1622 415
f 413 422 421
f 416 1621 415
f 443 2173 448
f 1454 1898 1457
f 55 442 441
f 1834 1846 1847
f 413 421 416
f 1558 1406 1557
f 1944 1945 1949
f 1070 1587 2374
f 450 1407 456
f 2072 1899 1969
f 1454 1734 1897
f 51 57 55
f 1898 1899 1457
f 1070 2374 2166
f 1697 1971 467
f 1945 1946 2151
f 51 52 56
f 2282 2165 2166
f 1832 1839 1835
f 442 443 441
f 930 56 52
f 1731 1735 1734
f 1134 1138 1133
f 2282 454 2165
f 1832 1841 1839
f 450 1406 1407
f 1454 1897 1898
f 1557 1939 1560
f 1944 1949 1950
f 930 931 934
f 1133 1328 1593
f 1697 1969 1971
f 55 57 442
f 1731 1560 1732
f 466 467 2115
f 2230 2341 2173
f 1841 1221 931
f 1897 1734 1735
f 1944 1946 1945
f 1831 1835 1834
f 550 422 2341
f 449 456 454
f 1557 1406 1939
f 1137 2151 2150
f 1585 1146 1587
f 1950 1622 1623
f 1585 803 1228
f 1621 1623 1622
f 449 450 456
f 1898 1712 1899
f 2116 1847 466
f 51 58 57
f 1587 1146 2374
f 443 2174 2173
f 1971 2115 467
f 1134 1137 1139
f 934 931 1221
f 416 548 1621
f 51 56 58
f 1834 1847 1836
f 416 421 548
f 1731 1732 1735
f 421 422 550
f 1708 1969 1899
f 1831 1832 1835
f 1732 1560 1939
f 1138 1328 1133
f 2284 2166 2374
f 2282 2166 2284
f 1946 2150 2151
f 930 933 56
f 930 934 933
f 2174 2230 2173
f 453 454 2282
f 1134 1139 1138
f 1832 1840 1841
f 2230 550 2341
f 1708 1899 1712
f 2116 466 2115
f 1831 1834 1836
f 1898 1897 1714
f 1840 1221 1841
f 442 444 443
f 1709 1971 1969
f 450 451 1406
f 1585 1228 1146
f 449 454 453
f 2116 1836 1847
f 1898 1714 1712
f 1944 1950 1948
f 442 57 446
f 443 444 2174
f 1897 1735 2064
f 2185 1939 1406
f 1708 1709 1969
f 1950 1623 1948
f 446 57 58
f 449 451 450
f 1137 2150 2149
f 934 1221 1220
f 58 56 1224
f 2281 2282 2284
f 1621 1415 1623
f 1971 1970 2115
f 1831 1833 1832
f 1137 2149 1139
f 2281 453 2282
f 1714 1897 2064
f 1621 548 1415
f 2284 2374 1147
f 1147 2374 1146
f 933 1224 56
f 1732 2169 1735
f 934 1220 933
f 451 2185 1406
f 545 548 421
f 1732 1939 2301
f 1944 1947 1946
f 1709 1970 1971
f 1832 1838 1840
f 545 421 550
f 2174 2231 2230
f 1831 1836 1833
f 1707 1708 1712
f 2230 2231 550
f 1840 1907 1221
f 1707 1712 1714
f 442 445 444
f 2169 2064 1735
f 442 446 445
f 449 453 455
f 2185 2301 1939
f 1973 2116 2115
f 1944 1948 1947
f 1833 1838 1832
f 1228 1149 1146
f 1946 1128 2150
f 1907 1220 1221
f 444 2229 2174
f 1138 1139 1327
f 1138 1327 1328
f 1705 1709 1708
f 2116 2117 1836
f 446 58 2075
f 58 1224 2075
f 449 452 451
f 1973 2115 1970
f 2174 2229 2231
f 2281 2283 453
f 2281 2284 2218
f 1840 1838 1907
f 933 1222 1224
f 1623 1783 1948
f 933 1220 1223
f 1732 2172 2169
f 1705 1708 1707
f 1732 2301 2172
f 449 455 452
f 1228 1229 1149
f 1623 1415 1783
f 2218 2284 1147
f 1709 1710 1970
f 1833 1836 1837
f 453 2283 455
f 1714 2064 1713
f 2149 2150 1128
f 1145 1147 1146
f 1947 1128 1946
f 546 1415 548
f 2149 2224 1139
f 1707 1714 1713
f 933 1223 1222
f 1973 2117 2116
f 1705 1710 1709
f 451 1518 2185
f 545 546 548
f 1836 2117 1837
f 1145 1146 1149
f 1481 550 2231
f 2169 2170 2064
f 2281 2218 2283
f 1907 1905 1220
f 545 550 549
f 2185 1519 2301
f 1426 445 446
f 1139 2224 1327
f 444 2065 2229
f 444 445 2065
f 1223 1220 1905
f 1833 1572 1838
f 1426 446 2075
f 451 452 1523
f 1222 2074 1224
f 2074 2075 1224
f 1972 1970 1710
f 2170 1713 2064
f 451 1523 1518
f 1972 1973 1970
f 2229 1480 2231
f 1571 1907 1838
f 1518 1519 2185
f 2283 2243 455
f 1481 549 550
f 1150 2218 1147
f 452 455 2243
f 2168 2169 2172
f 2066 2068 1328
f 2269 2172 2301
f 1948 1003 1947
f 1416 1783 1415
f 1833 1837 1570
f 1145 1150 1147
f 2066 1328 1327
f 1705 1707 1706
f 1230 1149 1229
f 1783 1003 1948
f 2168 2170 2169
f 546 1416 1415
f 1705 1711 1710
f 2238 1222 1223
f 2269 2301 1519
f 1571 1838 1572
f 1833 1570 1572
f 1481 2231 1480
f 1707 1713 1706
f 545 547 546
f 1577 1905 1907
f 2229 2065 1480
f 2283 2218 2286
f 2238 2074 1222
f 1425 445 1426
f 1223 1905 1906
f 1917 1837 2117
f 545 549 547
f 2149 1128 1129
f 2149 1129 2224
f 1973 1603 2117
f 1425 2065 445
f 1145 1149 1148
f 1711 1972 1710
f 1577 1907 1571
f 1524 1523 452
f 1947 1127 1128
f 2283 2286 2243
f 2238 1223 1906
f 1705 1706 1711
f 1517 1518 1523
f 606 1426 2075
f 606 2075 2074
f 1524 452 2243
f 1327 2224 2338
f 2269 2000 2172
f 2168 2172 2000
f 1972 1601 1973
f 1917 1570 1837
f 1148 1149 1230
f 2170 2303 1713
f 1515 1519 1518
f 1577 1906 1905
f 1150 2219 2218
f 2168 2171 2170
f 1917 2117 1603
f 1416 1004 1783
f 2269 1519 1521
f 1003 1127 1947
f 1973 1601 1603
f 1145 1151 1150
f 1517 1523 1524
f 1706 1713 1717
f 1565 1571 1572
f 2219 2286 2218
f 1515 1518 1517
f 1565 1572 1570
f 1783 1004 1003
f 2238 605 2074
f 546 407 1416
f 1600 1972 1711
f 2170 2171 2303
f 1717 1713 2303
f 1129 2338 2224
f 1145 1148 1151
f 1481 1484 549
f 1515 1521 1519
f 1423 1425 1426
f 1479 1481 1480
f 2065 1485 1480
f 546 547 406
f 2238 1906 2239
f 1999 2000 2269
f 547 549 1960
f 606 2074 605
f 1999 2269 1521
f 1566 1577 1571
f 1600 1601 1972
f 1706 1718 1711
f 2168 2000 313
f 2066 1327 2067
f 1425 1424 2065
f 1423 1426 606
f 2062 2243 2286
f 1327 2338 2067
f 2168 313 2171
f 1524 2243 2062
f 1917 1569 1570
f 1150 1151 2219
f 1416 407 1004
f 2 1129 1128
f 2238 2239 605
f 1565 1566 1571
f 1577 1904 1906
f 2 1128 1127
f 546 406 407
f 1600 1711 1718
f 1517 1524 1516
f 1479 1484 1481
f 1565 1570 1569
f 1960 549 1484
f 2221 1148 1230
f 1479 1480 1485
f 1515 1517 1516
f 1904 2239 1906
f 1706 1717 1716
f 2065 1424 1485
f 2219 2285 2286
f 547 1960 406
f 1423 1424 1425
f 1602 1917 1603
f 1515 1522 1521
f 315 2000 1999
f 981 1603 1601
f 2303 2171 314
f 1003 9 1127
f 2062 2286 2285
f 1522 1999 1521
f 1967 1717 2303
f 1151 1148 2221
f 1706 1715 1718
f 315 313 2000
f 1566 1574 1577
f 314 2171 313
f 1129 356 2338
f 980 1601 1600
f 1574 1904 1577
f 1524 2062 1525
f 1602 1569 1917
f 1516 1524 1525
f 1706 1716 1715
f 11 1003 1004
f 602 606 605
f 2221 1230 1940
f 1716 1717 1967
f 1423 606 172
f 604 605 2239
f 1515 1516 1520
f 411 1004 407
f 1151 2220 2219
f 1967 2303 314
f 981 1602 1603
f 315 1999 1522
f 1600 1718 1599
f 2067 2338 356
f 1565 1567 1566
f 1515 1520 1522
f 980 981 1601
f 604 2239 1904
f 1565 1569 1568
f 2219 2223 2285
f 11 9 1003
f 2373 1960 1484
f 173 1424 1423
f 2066 2067 2069
f 2 1127 6
f 405 407 406
f 310 313 315
f 1479 1485 1483
f 9 6 1127
f 1479 1482 1484
f 602 172 606
f 980 1600 1599
f 310 314 313
f 1715 1599 1718
f 2060 2062 2285
f 602 605 604
f 1567 1574 1566
f 2220 2223 2219
f 406 1960 408
f 2 3 1129
f 1485 1424 1662
f 11 1004 411
f 1565 1568 1567
f 1151 2221 286
f 173 1423 172
f 405 411 407
f 3 356 1129
f 2066 2069 2070
f 1151 286 2220
f 1574 839 1904
f 1516 1525 1263
f 1266 1525 2062
f 1602 1918 1569
f 315 1522 1998
f 2060 2285 2223
f 1716 1967 1431
f 2373 1484 1482
f 1516 1263 1520
f 1716 1431 1715
f 839 604 1904
f 1569 1918 1568
f 1479 1483 1482
f 2373 408 1960
f 1485 1662 1483
f 173 167 1424
f 1266 2062 2060
f 405 406 408
f 976 981 980
f 2221 1940 2366
f 316 1967 314
f 981 982 1602
f 1522 1520 2002
f 310 315 312
f 167 1662 1424
f 980 1599 979
f 2067 356 353
f 1715 1867 1599
f 1567 1575 1574
f 315 1998 312
f 2220 2222 2223
f 310 311 314
f 1998 1522 2002
f 1266 1263 1525
f 602 604 603
f 7 6 9
f 2067 353 2069
f 7 9 11
f 2366 1940 1676
f 1574 1575 839
f 316 1431 1967
f 976 980 979
f 976 982 981
f 1715 1431 1867
f 2060 2223 2061
f 602 171 172
f 2002 1520 1263
f 1 2 6
f 1567 1568 1573
f 286 2221 282
f 1602 1911 1918
f 286 288 2220
f 166 173 172
f 11 411 409
f 982 1911 1602
f 311 316 314
f 2220 288 2222
f 2222 2061 2223
f 2221 2366 282
f 405 409 411
f 1568 1918 1573
f 2373 1482 523
f 1 3 2
f 310 312 311
f 979 1599 984
f 837 604 839
f 2058 1266 2060
f 2373 523 408
f 870 1482 1483
f 166 167 173
f 602 603 171
f 984 1599 1867
f 1662 869 1483
f 2058 2060 2061
f 1567 1576 1575
f 837 603 604
f 352 356 3
f 2070 2069 2076
f 166 172 171
f 1998 2001 312
f 1567 1573 1576
f 1998 2002 2001
f 1 6 7
f 405 408 410
f 352 353 356
f 976 979 978
f 839 1575 840
f 167 168 1662
f 7 11 10
f 869 870 1483
f 976 977 982
f 1675 2366 1676
f 1259 1263 1266
f 276 288 286
f 1428 1867 1431
f 2002 1263 1264
f 11 409 10
f 1427 1431 316
f 2058 1265 1266
f 978 979 984
f 2222 287 2061
f 524 1482 870
f 837 839 840
f 810 1918 1911
f 2222 288 287
f 524 523 1482
f 982 983 1911
f 810 1573 1918
f 276 286 282
f 405 410 409
f 1686 2069 353
f 1662 168 869
f 976 978 977
f 311 312 318
f 166 168 167
f 2058 2061 2059
f 1868 984 1867
f 977 983 982
f 519 408 523
f 282 2366 280
f 311 317 316
f 2001 318 312
f 1686 2076 2069
f 838 171 603
f 1549 1575 1576
f 1259 1266 1265
f 1427 1428 1431
f 2001 2002 1607
f 1259 1264 1263
f 837 838 603
f 1549 840 1575
f 1428 1868 1867
f 519 410 408
f 276 287 288
f 1675 280 2366
f 2059 2061 287
f 1895 1576 1573
f 2058 2059 1265
f 1 8 3
f 2002 1264 1607
f 1427 316 317
f 352 3 8
f 866 870 869
f 807 1911 983
f 807 810 1911
f 978 984 917
f 166 171 170
f 866 524 870
f 352 354 353
f 837 840 700
f 1 7 5
f 1549 1576 1895
f 1868 917 984
f 808 1573 810
f 311 318 319
f 7 10 5
f 518 523 524
f 977 978 918
f 977 811 983
f 275 276 282
f 354 1686 353
f 808 1895 1573
f 311 319 317
f 868 869 168
f 838 170 171
f 275 282 280
f 2001 1605 318
f 519 523 518
f 1983 10 409
f 166 169 168
f 700 840 1549
f 2001 1607 1605
f 410 1306 409
f 1265 2059 1262
f 837 701 838
f 276 284 287
f 866 869 868
f 811 807 983
f 1259 1265 1262
f 1428 1590 1868
f 1675 2367 280
f 978 917 918
f 1797 2076 1686
f 977 918 811
f 1427 1429 1428
f 1797 2077 2076
f 2325 2059 287
f 1264 1269 1607
f 837 700 701
f 1259 1260 1264
f 166 170 169
f 1590 917 1868
f 866 525 524
f 804 810 807
f 1427 317 1430
f 1675 1176 2367
f 1549 1895 1896
f 1983 409 1306
f 519 520 410
f 518 524 525
f 804 808 810
f 1983 5 10
f 1428 1429 1590
f 284 2325 287
f 352 8 355
f 1260 1269 1264
f 1606 319 318
f 1606 318 1605
f 2325 1262 2059
f 352 355 354
f 275 277 276
f 808 1896 1895
f 277 284 276
f 868 168 382
f 838 841 170
f 275 280 279
f 280 2367 279
f 1 4 8
f 1604 1605 1607
f 1427 1430 1429
f 838 701 841
f 517 519 518
f 700 1549 699
f 382 168 169
f 1604 1607 1269
f 317 319 2276
f 410 520 1306
f 1259 1262 1261
f 1 5 4
f 806 807 811
f 354 1687 1686
f 866 868 867
f 811 918 812
f 1259 1261 1260
f 1687 1797 1686
f 699 1549 1896
f 317 2276 1430
f 913 918 917
f 866 867 525
f 517 520 519
f 804 807 806
f 916 917 1590
f 698 701 700
f 1176 1175 2367
f 806 811 812
f 275 279 281
f 1260 1270 1269
f 1001 1606 1605
f 1589 1590 1429
f 1001 1605 1604
f 284 285 2325
f 2275 319 1606
f 913 812 918
f 1604 1269 1270
f 698 700 699
f 1175 279 2367
f 868 382 871
f 804 809 808
f 808 809 1896
f 518 525 522
f 277 285 284
f 275 278 277
f 379 169 170
f 868 871 867
f 8 357 355
f 841 1167 170
f 701 702 841
f 913 917 916
f 2275 2276 319
f 1980 1983 1306
f 517 518 522
f 275 281 278
f 2325 1268 1262
f 1429 1430 1883
f 1983 1982 5
f 1170 1175 1176
f 916 1590 1589
f 354 355 1688
f 8 4 357
f 1261 1267 1260
f 698 702 701
f 1261 1262 1268
f 354 1688 1687
f 1260 1267 1270
f 378 382 169
f 1589 1429 1883
f 1893 1306 520
f 517 521 520
f 379 170 1167
f 867 873 525
f 1806 1430 2276
f 699 1896 1447
f 804 806 805
f 1995 281 279
f 285 2377 2325
f 841 702 1167
f 1795 1797 1687
f 1980 1982 1983
f 1001 1002 1606
f 1795 1796 1797
f 1995 279 1175
f 806 812 814
f 1604 1270 1000
f 2275 1606 1002
f 277 283 285
f 378 169 379
f 1980 1306 1893
f 1001 1604 1000
f 804 805 809
f 277 278 283
f 382 383 871
f 873 522 525
f 1883 1430 1806
f 809 1447 1896
f 517 522 521
f 913 814 812
f 4 5 2053
f 2377 1268 2325
f 278 281 1995
f 698 699 704
f 867 871 872
f 913 916 915
f 2275 1807 2276
f 1982 2053 5
f 378 383 382
f 1492 1270 1267
f 916 1589 1588
f 1171 1175 1170
f 357 30 355
f 806 813 805
f 704 699 1447
f 1807 1806 2276
f 867 872 873
f 1261 627 1267
f 1688 355 30
f 698 703 702
f 784 520 521
f 806 814 813
f 1000 1270 1492
f 784 1893 520
f 1589 1883 1591
f 1261 1268 627
f 872 871 383
f 1688 1799 1687
f 996 1002 1001
f 916 1588 915
f 285 1993 2377
f 996 1001 1000
f 1166 1167 702
f 283 1993 285
f 357 4 29
f 698 704 703
f 1992 278 1995
f 1795 1687 1799
f 2275 1002 2277
f 913 914 814
f 1992 283 278
f 913 915 914
f 1164 379 1167
f 1588 1589 1591
f 1995 1175 1173
f 627 1492 1267
f 1980 1981 1982
f 785 521 522
f 1702 1883 1806
f 2275 2277 1807
f 1980 1893 1981
f 805 816 809
f 1443 1447 809
f 703 1166 702
f 2377 2167 1268
f 378 379 381
f 1171 1173 1175
f 873 949 522
f 1702 1591 1883
f 378 380 383
f 805 813 815
f 357 29 30
f 1164 1167 1166
f 2079 813 814
f 1014 4 2053
f 784 521 785
f 873 872 948
f 872 383 386
f 1107 1806 1807
f 628 1000 1492
f 2377 1993 2167
f 1446 704 1447
f 996 997 1002
f 1443 809 816
f 1588 20 915
f 1164 381 379
f 1002 997 2277
f 1014 29 4
f 805 815 816
f 1991 1993 283
f 785 522 949
f 1991 283 1992
f 1107 1702 1806
f 915 20 914
f 1688 30 31
f 995 996 1000
f 628 1492 627
f 815 813 2079
f 627 1268 622
f 1992 1995 1923
f 1982 1984 2053
f 1688 31 1799
f 2113 814 914
f 1588 1591 19
f 784 780 1893
f 378 381 380
f 380 386 383
f 703 704 1900
f 1443 1446 1447
f 873 948 949
f 2113 2079 814
f 622 1268 2167
f 1923 1995 1173
f 1893 780 1981
f 1807 2277 1110
f 1981 1984 1982
f 1700 1591 1702
f 1588 19 20
f 995 1000 628
f 946 872 386
f 703 1979 1166
f 1795 1799 1798
f 946 948 872
f 1446 1900 704
f 1107 1807 1110
f 995 997 996
f 1171 1174 1173
f 1700 19 1591
f 1994 2167 1993
f 1164 1166 1168
f 775 784 785
f 22 30 29
f 1991 1994 1993
f 815 2079 2078
f 703 1900 1979
f 1991 1992 1921
f 1171 1172 1174
f 1305 2277 997
f 1014 2053 1016
f 815 1450 816
f 1164 1165 381
f 1921 1992 1923
f 626 628 627
f 13 914 20
f 1443 816 1445
f 2113 2078 2079
f 1984 1016 2053
f 380 384 386
f 1110 2277 1305
f 1795 1798 1794
f 13 2113 914
f 1108 1702 1107
f 775 780 784
f 1799 31 1798
f 1166 1979 1168
f 22 31 30
f 1700 1702 1108
f 1443 1444 1446
f 380 381 385
f 623 627 622
f 1164 1168 1165
f 946 386 384
f 785 949 779
f 815 2078 1450
f 944 949 948
f 17 20 19
f 621 622 2167
f 1981 780 781
f 1445 816 1450
f 1981 781 1984
f 944 948 946
f 27 29 1014
f 626 627 623
f 1923 1173 1922
f 995 998 997
f 1446 1448 1900
f 18 19 1700
f 1106 1107 1110
f 621 2167 1994
f 1174 1922 1173
f 1443 1445 1444
f 380 385 384
f 995 628 629
f 381 1165 1169
f 775 785 779
f 998 1305 997
f 17 13 20
f 22 29 27
f 1991 1921 1657
f 1106 1108 1107
f 2112 2078 2113
f 381 1169 385
f 1991 1657 1994
f 1976 1979 1900
f 1444 1448 1446
f 626 629 628
f 17 19 18
f 1109 1110 1305
f 18 1700 1108
f 2112 2113 13
f 1174 1172 2183
f 1659 1921 1923
f 944 947 949
f 779 949 947
f 1012 1014 1016
f 946 384 945
f 1106 1110 1109
f 1976 1900 1448
f 620 623 622
f 1798 31 32
f 620 622 621
f 1984 1015 1016
f 1979 1774 1168
f 1450 2078 1596
f 944 946 945
f 1445 1450 1449
f 22 23 31
f 1775 1165 1168
f 995 999 998
f 1659 1923 1922
f 776 780 775
f 27 1014 1012
f 995 629 999
f 1984 781 2108
f 1174 2183 1922
f 1114 1794 1798
f 1775 1169 1165
f 776 781 780
f 1659 1657 1921
f 12 13 17
f 2054 621 1994
f 2112 1596 2078
f 1976 1774 1979
f 998 1303 1305
f 1444 1445 974
f 23 32 31
f 626 623 630
f 950 384 385
f 1303 1109 1305
f 1449 1450 1596
f 2054 1994 1657
f 1984 2108 1015
f 626 630 629
f 1012 1016 1015
f 18 1108 1701
f 1444 975 1448
f 1775 1168 1774
f 1445 1449 974
f 17 18 16
f 1106 1112 1108
f 1722 385 1169
f 945 384 950
f 774 775 779
f 2112 13 14
f 1976 1448 1977
f 1798 32 1910
f 944 105 947
f 106 779 947
f 944 945 109
f 12 14 13
f 1106 1109 1111
f 12 17 16
f 620 624 623
f 21 22 27
f 1444 974 975
f 1114 1798 1910
f 1775 1722 1169
f 620 621 625
f 1108 1112 1701
f 950 385 1722
f 975 1977 1448
f 998 999 1304
f 21 23 22
f 774 776 775
f 18 1701 16
f 1594 1449 1596
f 624 630 623
f 944 109 105
f 625 621 2054
f 629 2003 999
f 1303 1111 1109
f 2112 1598 1596
f 998 1304 1303
f 782 2108 781
f 1594 974 1449
f 1976 1978 1774
f 1106 1111 1112
f 1651 1657 1659
f 106 947 105
f 774 779 106
f 776 782 781
f 1925 1922 2183
f 629 630 1963
f 1659 1922 1656
f 1976 1977 1978
f 25 27 1012
f 2054 1657 1658
f 2112 14 1598
f 23 28 32
f 945 950 108
f 1772 1775 1774
f 620 625 624
f 945 108 109
f 12 16 15
f 1012 1015 1013
f 2108 2107 1015
f 12 15 14
f 629 1963 2003
f 28 1910 32
f 1304 999 2003
f 1594 1596 1595
f 1651 1658 1657
f 21 27 25
f 85 975 974
f 950 1722 1721
f 1776 1722 1775
f 1595 1596 1598
f 1594 84 974
f 21 28 23
f 1656 1922 1925
f 1651 1659 1656
f 782 2107 2108
f 975 788 1977
f 625 2054 1882
f 1978 1773 1774
f 1968 1701 1112
f 1925 2183 150
f 16 1701 1817
f 100 106 105
f 307 1114 1910
f 1351 1111 1303
f 1882 2054 1658
f 1772 1776 1775
f 1772 1774 1773
f 99 105 109
f 25 1012 1013
f 624 1962 630
f 1351 1303 1304
f 2107 1013 1015
f 774 777 776
f 1352 1112 1111
f 788 1978 1977
f 14 15 2247
f 1962 1963 630
f 85 974 84
f 108 950 1466
f 1594 1595 84
f 950 1721 1466
f 15 16 1815
f 774 106 101
f 2244 1598 14
f 99 109 108
f 776 783 782
f 307 1910 28
f 85 788 975
f 1968 1817 1701
f 100 105 99
f 1721 1722 1723
f 1968 1112 1352
f 2003 1963 1965
f 1304 2003 2179
f 2244 14 2247
f 100 101 106
f 1815 16 1817
f 624 625 1961
f 1113 1114 307
f 776 777 783
f 1776 1723 1722
f 15 1815 2247
f 1595 1598 1597
f 1349 1111 1351
f 1349 1352 1111
f 2188 1773 1978
f 1651 1652 1658
f 1660 1882 1658
f 2188 1978 788
f 1351 1304 1358
f 1962 1965 1963
f 625 1882 1881
f 2244 1597 1598
f 1466 1721 1723
f 624 1961 1962
f 1772 1773 1777
f 2003 1965 2179
f 774 778 777
f 1772 1777 1776
f 1650 1651 1656
f 21 26 28
f 782 1891 2107
f 1304 2179 1358
f 774 101 778
f 1595 83 84
f 79 85 84
f 108 1466 107
f 99 108 107
f 1925 150 2204
f 21 25 24
f 2107 1872 1013
f 1656 1925 1924
f 86 788 85
f 1652 1660 1658
f 1812 1817 1968
f 306 307 28
f 98 100 99
f 782 783 1891
f 2244 2247 2246
f 1815 2246 2247
f 98 101 100
f 1961 625 1881
f 1650 1652 1651
f 1595 1597 83
f 25 1013 44
f 1811 1968 1352
f 1660 1881 1882
f 2188 1787 1773
f 79 86 85
f 79 84 83
f 1809 1815 1817
f 1777 1773 1787
f 1349 1353 1352
f 777 2345 783
f 2188 788 789
f 1925 2204 1924
f 1776 1778 1723
f 1466 1723 1724
f 1891 1872 2107
f 1351 1358 1355
f 306 28 26
f 21 24 26
f 1812 1968 1811
f 1349 1351 1350
f 1113 307 308
f 2204 150 152
f 1650 1656 1655
f 1809 1817 1812
f 778 2345 777
f 1776 1777 1778
f 1962 1966 1965
f 1656 1924 1655
f 1466 1724 107
f 88 788 86
f 1811 1352 1353
f 2244 2245 1597
f 44 1013 1872
f 2179 1965 2279
f 1815 1816 2246
f 2179 2278 1358
f 1962 1961 1964
f 99 107 104
f 102 778 101
f 98 102 101
f 25 44 24
f 2244 2246 2245
f 98 99 104
f 88 789 788
f 306 308 307
f 1652 1661 1660
f 1350 1351 1355
f 1809 1816 1815
f 2188 2189 1787
f 1349 1350 1353
f 1661 1881 1660
f 2188 789 2189
f 79 80 86
f 83 1597 2187
f 78 79 83
f 1962 1964 1966
f 1358 2278 1355
f 1777 1787 1788
f 1650 1653 1652
f 1724 1723 1784
f 2179 2279 2278
f 1966 2279 1965
f 1808 1812 1811
f 783 2345 2370
f 1778 1784 1723
f 1891 783 2370
f 1808 1809 1812
f 1113 308 1115
f 80 88 86
f 1597 2245 2187
f 778 2344 2345
f 1961 1881 1024
f 78 80 79
f 1778 1777 1786
f 1788 1787 2189
f 1652 1653 1661
f 2204 152 155
f 1811 1353 1354
f 1816 2298 2246
f 2204 2205 1924
f 1650 1655 1654
f 1777 1788 1786
f 2246 2298 2245
f 107 1724 1162
f 1961 1025 1964
f 1350 1354 1353
f 78 83 82
f 47 1872 1891
f 107 1162 104
f 98 103 102
f 102 2203 778
f 306 26 309
f 82 83 2187
f 88 786 789
f 1809 1814 1816
f 1655 1924 1752
f 789 786 2189
f 98 104 103
f 1650 1654 1653
f 1808 1811 1813
f 1661 1880 1881
f 2344 2370 2345
f 44 1872 47
f 1961 1024 1025
f 306 309 308
f 2204 155 2205
f 1350 1355 1356
f 24 2398 26
f 1808 1810 1809
f 1356 1355 2278
f 778 2203 2344
f 151 155 152
f 1811 1354 1813
f 1724 1784 1158
f 1816 1814 2298
f 1881 1880 1024
f 2278 2279 465
f 2297 2187 2245
f 78 81 80
f 2030 1788 2189
f 80 87 88
f 1966 464 2279
f 44 45 24
f 1778 1157 1784
f 2205 1752 1924
f 1966 1964 463
f 1891 2370 1889
f 1809 1810 1814
f 1654 1655 1752
f 1778 1786 1785
f 1162 1724 1158
f 102 103 2203
f 1808 1813 1810
f 78 82 81
f 2118 2245 2298
f 1786 1788 2028
f 786 2030 2189
f 1350 1357 1354
f 47 1891 1889
f 308 1116 1115
f 87 786 88
f 1661 1653 1753
f 1964 1025 463
f 309 26 2398
f 1356 2278 465
f 82 2187 1396
f 2297 2245 2118
f 1162 1551 104
f 1350 1356 1357
f 1778 1785 1157
f 80 81 87
f 464 465 2279
f 104 1551 103
f 1158 1784 1157
f 2030 2028 1788
f 2344 1643 2370
f 24 45 2398
f 1661 1753 1880
f 1966 463 464
f 2297 1396 2187
f 308 309 1116
f 1654 1750 1653
f 43 44 47
f 1786 2028 1785
f 151 153 155
f 153 2205 155
f 2344 2203 1643
f 1974 2298 1814
f 1419 1813 1354
f 43 45 44
f 1022 1025 1024
f 1654 1752 1751
f 2118 2298 1974
f 1395 81 82
f 1023 1024 1880
f 1810 1813 1420
f 1810 1818 1814
f 1750 1753 1653
f 1357 1419 1354
f 2027 2030 786
f 87 787 786
f 1395 82 1396
f 2205 1703 1752
f 1153 1162 1158
f 1022 463 1025
f 1889 2370 1644
f 103 1554 2203
f 1654 1751 1750
f 1162 1163 1551
f 568 2297 2118
f 568 1396 2297
f 1643 1644 2370
f 1419 1420 1813
f 1818 1974 1814
f 2026 2028 2030
f 787 2027 786
f 144 1356 465
f 1022 1024 1023
f 153 1703 2205
f 459 465 464
f 1152 1158 1157
f 87 81 297
f 1553 103 1551
f 1643 2203 1646
f 1810 1420 1818
f 1156 1157 1785
f 2029 1785 2028
f 1888 47 1889
f 1153 1163 1162
f 1357 1356 145
f 1880 1753 2114
f 458 464 463
f 2026 2030 2027
f 1325 309 2398
f 1395 297 81
f 1023 1880 2114
f 1751 1752 1704
f 2203 1554 1646
f 1553 1554 103
f 1116 309 1323
f 1152 1153 1158
f 565 2118 1974
f 87 181 787
f 45 2288 2398
f 43 47 46
f 1704 1752 1703
f 2026 2029 2028
f 1357 1418 1419
f 459 144 465
f 144 145 1356
f 565 568 2118
f 1395 1396 569
f 1550 1551 1163
f 1156 1785 2029
f 1152 1157 1156
f 458 459 464
f 568 569 1396
f 1888 1889 1644
f 1022 462 463
f 87 297 181
f 182 2027 787
f 1550 1553 1551
f 1750 1751 1256
f 1750 1254 1753
f 1888 46 47
f 1417 1420 1419
f 1357 145 1418
f 154 1478 153
f 43 48 45
f 458 463 462
f 1323 309 1325
f 1642 1643 1646
f 1642 1644 1643
f 1325 2398 2288
f 181 182 787
f 1422 1818 1420
f 1470 1974 1818
f 1022 1023 290
f 2026 2027 175
f 1640 1703 153
f 1395 298 297
f 1153 1161 1163
f 1254 2114 1753
f 1751 1704 1256
f 1417 1419 1418
f 1395 569 298
f 1023 2114 290
f 182 175 2027
f 1470 565 1974
f 1152 1154 1153
f 1550 1163 1161
f 1116 1323 1958
f 48 2288 45
f 1645 1646 1554
f 563 568 565
f 1640 153 1478
f 1750 1256 1254
f 459 147 144
f 1417 1422 1420
f 563 569 568
f 43 46 48
f 2026 176 2029
f 1553 1555 1554
f 1156 2029 2342
f 457 459 458
f 1154 1161 1153
f 1152 1156 1155
f 1470 1818 1422
f 1639 1704 1703
f 1888 1644 1890
f 1022 291 462
f 1550 1552 1553
f 1642 1646 1645
f 140 145 144
f 2026 175 176
f 180 181 297
f 1022 290 291
f 178 182 181
f 145 146 1418
f 458 462 460
f 1645 1554 1555
f 1639 1703 1640
f 457 147 459
f 1642 1647 1644
f 178 175 182
f 298 569 302
f 1550 1161 1552
f 296 297 298
f 1152 1159 1154
f 140 144 147
f 176 2342 2029
f 1155 1156 2342
f 1704 1248 1256
f 1553 1552 1555
f 1417 1418 1421
f 295 290 2114
f 457 458 460
f 563 565 564
f 1888 1802 46
f 1152 1155 1159
f 564 565 1470
f 1644 1647 1890
f 295 2114 1254
f 1321 1323 1325
f 178 181 180
f 1326 1325 2288
f 563 566 569
f 140 146 145
f 296 180 297
f 1324 1958 1323
f 1244 1254 1256
f 1639 1248 1704
f 566 302 569
f 1638 1640 1478
f 1888 1890 1802
f 1421 1418 146
f 1154 1160 1161
f 1417 253 1422
f 291 1026 462
f 1026 460 462
f 296 298 302
f 174 176 175
f 48 2289 2288
f 174 175 178
f 1470 1422 249
f 1642 1645 1465
f 46 1803 48
f 1244 1256 1248
f 1154 1159 1160
f 1417 1421 253
f 1321 1325 1326
f 1321 1324 1323
f 1638 1478 1052
f 750 1552 1161
f 457 143 147
f 289 291 290
f 1642 1465 1647
f 1645 1555 1463
f 1326 2288 2289
f 140 147 143
f 1635 1639 1640
f 1155 2342 1913
f 1469 564 1470
f 563 564 567
f 1422 253 249
f 457 460 461
f 176 2375 2342
f 289 290 295
f 563 567 566
f 1155 1914 1159
f 46 1802 1803
f 750 1161 1160
f 1552 1464 1555
f 178 180 183
f 1635 1640 1638
f 1470 249 250
f 1255 295 1254
f 1801 1890 1647
f 1026 1100 460
f 1469 1470 250
f 1245 1254 1244
f 140 141 146
f 1421 146 939
f 296 302 301
f 1324 1959 1958
f 301 302 566
f 174 179 176
f 1645 1463 1465
f 1801 1802 1890
f 1155 1913 1914
f 457 461 143
f 296 299 180
f 291 292 1026
f 174 178 177
f 2375 1913 2342
f 1463 1555 1464
f 1100 461 460
f 1915 1160 1159
f 1245 1255 1254
f 750 748 1552
f 176 179 2375
f 48 2197 2289
f 1915 1159 1914
f 1243 1244 1248
f 1639 1247 1248
f 289 292 291
f 939 146 141
f 1552 748 1464
f 180 299 183
f 140 143 142
f 178 183 177
f 1421 940 253
f 1803 2197 48
f 1666 566 567
f 1465 2106 1647
f 1469 1471 564
f 1026 292 1100
f 564 1471 567
f 140 142 141
f 248 249 253
f 1801 1647 2106
f 1666 301 566
f 1421 939 940
f 1055 1638 1052
f 1635 1247 1639
f 1321 1322 1324
f 174 177 179
f 246 250 249
f 296 301 300
f 750 1160 751
f 1321 1326 541
f 1243 1245 1244
f 296 300 299
f 1326 2289 540
f 1055 1635 1638
f 1469 250 251
f 289 295 294
f 1800 1803 1802
f 1255 294 295
f 751 1160 1915
f 1912 1914 1913
f 246 249 248
f 1387 143 461
f 1361 1465 1463
f 1243 1248 1247
f 798 1802 1801
f 1324 1322 1959
f 1385 461 1100
f 1912 1915 1914
f 1469 251 1471
f 2375 1916 1913
f 246 251 250
f 746 748 750
f 248 253 254
f 1666 567 1668
f 940 254 253
f 1360 1463 1464
f 1385 1100 292
f 1321 541 1322
f 938 939 141
f 798 1800 1802
f 1668 567 1471
f 2300 2375 179
f 2197 540 2289
f 749 1464 748
f 299 1381 183
f 541 1326 540
f 142 143 149
f 177 183 1381
f 301 1674 300
f 746 750 751
f 1245 845 1255
f 938 940 939
f 1465 799 2106
f 1666 1667 301
f 1385 1387 461
f 289 293 292
f 1912 1913 1916
f 1801 2106 796
f 142 148 141
f 177 1379 179
f 1387 149 143
f 1360 1361 1463
f 1634 1635 1055
f 1634 1247 1635
f 1361 799 1465
f 246 248 247
f 1800 1804 1803
f 1803 1804 2197
f 1243 844 1245
f 1667 1674 301
f 2300 1916 2375
f 289 294 293
f 2025 299 300
f 1255 845 294
f 746 749 748
f 1360 1464 749
f 798 1801 796
f 1666 1668 1667
f 938 141 148
f 251 1990 1471
f 248 254 247
f 1379 2300 179
f 716 751 1915
f 1912 716 1915
f 246 252 251
f 1243 1247 1246
f 2025 1381 299
f 1245 844 845
f 142 149 148
f 940 941 254
f 938 941 940
f 1673 300 1674
f 796 2106 799
f 177 1381 1380
f 1382 1385 292
f 177 1380 1379
f 246 247 252
f 1668 1471 1669
f 1322 1996 1959
f 1243 1246 844
f 1382 292 293
f 1385 1096 1387
f 1673 2025 300
f 1667 1673 1674
f 251 252 1990
f 798 797 1800
f 746 751 717
f 1912 1916 722
f 1053 1054 1055
f 1471 1990 1669
f 1387 1096 149
f 1359 1361 1360
f 541 536 1322
f 539 540 2197
f 1800 797 1804
f 1359 799 1361
f 535 541 540
f 1634 1055 1637
f 247 254 255
f 1360 749 752
f 717 751 716
f 1634 1636 1247
f 1912 722 716
f 1668 501 1667
f 843 294 845
f 746 747 749
f 1379 2299 2300
f 2300 2125 1916
f 1404 293 294
f 792 798 796
f 1804 2362 2197
f 938 148 943
f 941 1079 254
f 2025 1584 1381
f 1246 1247 1249
f 247 255 252
f 938 942 941
f 1382 1383 1385
f 1385 1383 1096
f 1095 148 149
f 1668 1669 501
f 842 845 844
f 1380 1381 1090
f 1055 1054 1637
f 1379 1380 1091
f 1667 503 1673
f 792 797 798
f 746 717 747
f 2125 722 1916
f 536 1996 1322
f 791 796 799
f 1404 294 843
f 255 254 1079
f 747 752 749
f 1246 846 844
f 535 536 541
f 2300 2299 2125
f 1359 1360 1362
f 1249 1247 1636
f 539 2197 2362
f 535 540 539
f 1673 504 2025
f 1987 1990 252
f 1362 1360 752
f 1379 1091 2299
f 938 943 942
f 1090 1381 1584
f 1094 149 1096
f 1634 1637 1636
f 1359 801 799
f 1987 1669 1990
f 1667 501 503
f 842 843 845
f 797 1805 1804
f 1095 943 148
f 942 1079 941
f 1382 293 1386
f 1380 1090 1091
f 2025 504 1584
f 792 796 791
f 842 844 846
f 1094 1095 149
f 1804 1805 2362
f 1404 1386 293
f 1246 1249 846
f 721 716 722
f 255 1080 252
f 715 717 716
f 791 799 801
f 1673 503 504
f 1382 1384 1383
f 1098 1096 1383
f 1987 252 1080
f 501 1669 500
f 2125 724 722
f 747 753 752
f 1359 1362 1363
f 1093 2125 2299
f 1093 2299 1091
f 1362 752 753
f 1359 1363 801
f 747 717 718
f 715 716 721
f 1094 1096 1098
f 1987 500 1669
f 792 795 797
f 1382 1386 1384
f 255 1079 1081
f 1637 1054 1819
f 842 163 843
f 1649 1079 942
f 1085 1090 1584
f 165 1404 843
f 943 2055 942
f 797 795 1805
f 721 722 724
f 497 503 501
f 1637 1820 1636
f 715 718 717
f 1085 1584 504
f 535 537 536
f 1098 1383 1384
f 1095 2153 943
f 543 1996 536
f 1249 1636 2133
f 255 1081 1080
f 1083 1091 1090
f 1094 1099 1095
f 790 792 791
f 535 539 538
f 165 1386 1404
f 498 504 503
f 539 2362 2019
f 2154 846 1249
f 842 846 157
f 497 501 500
f 1805 2363 2362
f 1054 1821 1819
f 791 801 800
f 163 165 843
f 1649 942 2055
f 1362 753 1364
f 1362 1364 1363
f 1987 1080 1986
f 747 754 753
f 1649 1081 1079
f 943 2153 2055
f 747 718 754
f 1083 1093 1091
f 2124 724 2125
f 800 801 1363
f 1637 1819 1820
f 790 795 792
f 2124 2125 1093
f 1985 500 1987
f 842 157 163
f 497 498 503
f 1095 1099 2153
f 1083 1090 1085
f 2133 1636 1820
f 537 543 536
f 1094 1098 1097
f 715 721 720
f 1985 1987 1986
f 2154 1249 2133
f 535 538 537
f 1805 795 2363
f 2154 157 846
f 1098 1384 1534
f 1386 1405 1384
f 1085 504 505
f 2362 2363 2019
f 1094 1097 1099
f 538 539 2019
f 721 724 723
f 498 505 504
f 715 719 718
f 1081 2056 1080
f 790 791 793
f 2056 1986 1080
f 791 800 793
f 165 360 1386
f 1649 2055 902
f 715 720 719
f 1928 1364 753
f 1985 1988 500
f 721 723 720
f 158 165 163
f 1364 1932 1363
f 497 500 502
f 1405 1534 1384
f 1928 753 754
f 1083 1092 1093
f 2124 723 724
f 800 1363 1932
f 2055 2153 901
f 1098 1534 1533
f 1099 2378 2153
f 158 163 157
f 1098 1533 1097
f 2124 1093 1092
f 903 1081 1649
f 2109 1819 1821
f 754 718 1929
f 1386 360 1405
f 1985 1986 1989
f 500 1988 502
f 1097 1535 1099
f 718 719 1929
f 497 499 498
f 2055 901 902
f 1082 1083 1085
f 537 538 542
f 903 1649 902
f 790 794 795
f 1535 2378 1099
f 2111 1820 1819
f 2131 2133 1820
f 1082 1085 505
f 2056 1989 1986
f 2153 2378 2388
f 537 544 543
f 2154 2133 2132
f 1928 1932 1364
f 795 2343 2363
f 1985 1989 1988
f 162 157 2154
f 2153 2388 901
f 498 499 505
f 1081 77 2056
f 158 164 165
f 497 502 499
f 719 720 2214
f 164 360 165
f 790 793 794
f 723 2214 720
f 2182 2019 2363
f 903 77 1081
f 1927 1928 754
f 537 542 544
f 1927 754 1929
f 156 158 157
f 793 800 2241
f 538 2019 1530
f 1083 1088 1092
f 2109 2111 1819
f 1097 1536 1535
f 1097 1533 1537
f 1405 2047 1534
f 2122 723 2124
f 2241 800 1932
f 1534 2047 1533
f 2131 2132 2133
f 2124 1092 2123
f 2131 1820 2111
f 794 2343 795
f 162 2154 2132
f 719 2327 1929
f 1082 1084 1083
f 1528 542 538
f 502 1988 2236
f 156 157 162
f 1535 1997 2378
f 1097 1537 1536
f 707 902 901
f 2236 1988 1989
f 1405 360 361
f 707 903 902
f 719 2214 2327
f 1084 1088 1083
f 1997 2388 2378
f 1082 505 508
f 2056 76 1989
f 2343 2182 2363
f 499 508 505
f 901 2388 900
f 2122 2124 2123
f 696 543 544
f 1928 1933 1932
f 1533 2047 1537
f 158 161 164
f 1536 1997 1535
f 1530 2019 2182
f 77 76 2056
f 156 161 158
f 1528 538 1530
f 2123 1092 1088
f 1405 361 2047
f 499 502 509
f 1528 544 542
f 723 1851 2214
f 1927 1930 1928
f 509 502 2236
f 903 708 77
f 793 2240 794
f 164 358 360
f 707 901 900
f 2122 1851 723
f 793 2241 2240
f 1997 900 2388
f 1927 1929 1931
f 707 708 903
f 2241 1932 1398
f 1931 1929 2327
f 358 361 360
f 1928 1930 1933
f 71 2236 1989
f 2109 2110 2111
f 1537 1671 1536
f 1082 1086 1084
f 71 1989 76
f 138 2131 2111
f 1082 508 1087
f 2131 137 2132
f 2327 2214 2215
f 1933 1398 1932
f 1671 1997 1536
f 156 162 160
f 156 159 161
f 1084 1089 1088
f 162 2132 2134
f 70 76 77
f 1537 2047 1670
f 164 161 359
f 2123 1088 2126
f 1927 1931 1930
f 499 506 508
f 1082 1087 1086
f 794 2263 2343
f 1851 2215 2214
f 2047 361 2267
f 2122 2123 1850
f 499 509 507
f 69 77 708
f 1528 697 544
f 164 359 358
f 509 2236 2232
f 138 137 2131
f 898 900 1997
f 156 160 159
f 1931 2327 2215
f 1537 1670 1671
f 2343 1744 2182
f 1084 1086 1089
f 70 77 69
f 1088 1089 2126
f 696 544 697
f 2122 1850 1851
f 2240 2262 794
f 705 708 707
f 137 2134 2132
f 359 161 159
f 162 2134 160
f 2232 2236 71
f 706 707 900
f 1530 2182 1531
f 2240 2241 225
f 508 506 1087
f 2241 1398 225
f 138 2111 139
f 358 362 361
f 1933 1930 1401
f 499 507 506
f 139 2111 2110
f 2047 2267 2266
f 1671 1672 1997
f 1528 1530 1529
f 2047 2266 1670
f 2123 2126 2127
f 794 2262 2263
f 1933 1397 1398
f 361 362 2267
f 68 76 70
f 507 509 2232
f 898 1997 1672
f 68 71 76
f 2123 2127 1850
f 705 69 708
f 2263 1744 2343
f 706 900 898
f 1931 1400 1930
f 705 707 706
f 1933 1401 1397
f 1851 1852 2215
f 1531 2182 1744
f 1089 1086 2163
f 160 364 159
f 1528 1529 697
f 68 70 69
f 1401 1930 1400
f 1087 1823 1086
f 359 159 364
f 358 359 363
f 511 1671 1670
f 2162 2126 1089
f 1529 1530 1531
f 129 137 138
f 1739 1931 2215
f 358 363 362
f 1087 506 1823
f 1848 1851 1850
f 2240 226 2262
f 72 2232 71
f 511 1672 1671
f 137 130 2134
f 2240 225 226
f 2267 2294 2266
f 227 1398 1397
f 2162 2127 2126
f 227 225 1398
f 2310 160 2134
f 362 2294 2267
f 129 138 139
f 2163 1086 1823
f 139 2110 1719
f 2162 1089 2163
f 695 696 697
f 68 72 71
f 1670 2266 514
f 1848 1852 1851
f 1850 2127 1853
f 1931 1738 1400
f 507 1826 506
f 897 898 1672
f 2310 364 160
f 1739 2215 1852
f 706 898 897
f 705 74 69
f 507 2232 1225
f 129 130 137
f 669 1397 1401
f 1720 1719 2110
f 1739 1738 1931
f 359 364 365
f 68 69 74
f 511 1670 514
f 230 2263 2262
f 669 1401 1400
f 1848 1850 1853
f 359 365 363
f 705 706 709
f 2294 514 2266
f 130 131 2134
f 362 363 479
f 227 1397 669
f 1225 2232 72
f 2162 1854 2127
f 362 479 2294
f 1748 1744 2263
f 131 2310 2134
f 1825 1823 506
f 230 2262 226
f 507 1225 1826
f 1854 1853 2127
f 511 512 1672
f 1825 506 1826
f 697 1529 67
f 129 139 136
f 139 1719 136
f 705 709 74
f 897 1672 512
f 1529 1531 1532
f 1743 1531 1744
f 2162 2163 1824
f 1824 2163 1823
f 222 225 227
f 222 226 225
f 706 897 899
f 68 75 72
f 1848 122 1852
f 706 899 709
f 2310 112 364
f 1739 1852 122
f 230 1748 2263
f 1399 1400 1738
f 695 697 67
f 127 130 129
f 669 1400 1399
f 112 365 364
f 1848 1853 1849
f 831 1719 1720
f 68 74 73
f 2162 2164 1854
f 2294 484 514
f 510 511 514
f 478 363 365
f 127 131 130
f 478 479 363
f 1736 1738 1739
f 479 484 2294
f 1849 1853 1854
f 1743 1532 1531
f 1743 1744 1748
f 2162 1824 2164
f 68 73 75
f 510 512 511
f 228 227 669
f 831 136 1719
f 1822 1823 1825
f 1822 1824 1823
f 1225 72 961
f 1225 1226 1826
f 223 230 226
f 131 111 2310
f 1529 1532 66
f 897 512 819
f 74 709 1749
f 128 129 136
f 1825 1826 1226
f 897 819 899
f 1736 1399 1738
f 1529 66 67
f 961 72 75
f 127 129 128
f 222 227 228
f 2310 111 112
f 222 223 226
f 1848 121 122
f 118 1739 122
f 709 899 2023
f 1848 1849 121
f 669 1399 671
f 1736 1739 118
f 1681 1854 2164
f 1849 1854 1681
f 112 113 365
f 484 513 514
f 510 514 513
f 709 2023 1749
f 478 365 113
f 127 133 131
f 228 669 671
f 480 484 479
f 478 480 479
f 74 970 73
f 1824 1679 2164
f 74 1749 970
f 510 515 512
f 133 111 131
f 230 231 1748
f 695 67 62
f 1743 1745 1532
f 73 972 75
f 962 1226 1225
f 515 819 512
f 962 1225 961
f 899 819 2024
f 899 2024 2023
f 1736 1737 1399
f 135 136 831
f 66 1532 1745
f 961 75 972
f 1822 1825 1435
f 1822 1684 1824
f 1825 1226 1435
f 1681 2164 1679
f 127 128 132
f 223 231 230
f 128 136 135
f 117 122 121
f 117 118 122
f 222 228 229
f 110 112 111
f 127 132 133
f 222 224 223
f 1743 1748 1747
f 1824 1684 1679
f 671 1399 1740
f 1849 1682 121
f 1849 1681 1682
f 110 113 112
f 1500 1749 2023
f 484 483 513
f 480 483 484
f 125 1736 118
f 61 67 66
f 478 113 481
f 478 481 480
f 965 972 73
f 1737 1740 1399
f 510 513 516
f 965 73 970
f 222 229 224
f 510 516 515
f 125 1737 1736
f 228 671 670
f 970 1749 1500
f 1500 2023 2024
f 515 818 819
f 1747 1748 231
f 818 2024 819
f 135 831 832
f 61 62 67
f 1822 1436 1684
f 1743 1746 1745
f 1822 1435 1436
f 115 111 133
f 128 134 132
f 962 1227 1226
f 1677 1681 1679
f 961 972 960
f 958 962 961
f 1227 1435 1226
f 65 66 1745
f 229 228 668
f 670 671 1740
f 128 135 134
f 1677 1682 1681
f 117 119 118
f 117 121 120
f 223 224 232
f 132 349 133
f 110 111 115
f 121 1682 120
f 1743 1747 1746
f 223 232 231
f 228 670 668
f 119 125 118
f 483 824 513
f 1678 1679 1684
f 958 961 960
f 516 513 824
f 966 972 965
f 480 482 483
f 61 66 65
f 480 481 482
f 110 114 113
f 481 113 114
f 970 1500 969
f 1500 2024 1499
f 964 965 970
f 1737 1611 1740
f 132 134 349
f 115 133 349
f 125 1611 1737
f 1677 1679 1678
f 966 960 972
f 818 1499 2024
f 515 516 817
f 65 1745 1746
f 1433 1684 1436
f 224 229 233
f 515 817 818
f 1432 1436 1435
f 962 963 1227
f 958 963 962
f 117 123 119
f 117 120 123
f 964 970 969
f 1678 1684 1433
f 229 668 233
f 135 832 830
f 1434 1435 1227
f 670 1740 1046
f 964 966 965
f 61 63 62
f 224 233 232
f 1020 824 483
f 135 829 134
f 1677 1683 1682
f 1020 483 482
f 110 115 116
f 119 126 125
f 120 1682 1683
f 232 2158 231
f 516 824 823
f 1611 1046 1740
f 1496 969 1500
f 1432 1433 1436
f 1432 1435 1434
f 110 116 114
f 1496 1500 1499
f 1021 482 481
f 1747 231 592
f 126 1611 125
f 1042 668 670
f 1021 481 114
f 958 960 959
f 966 973 960
f 817 516 823
f 349 134 835
f 822 1499 818
f 1677 1678 1680
f 135 830 829
f 817 822 818
f 115 349 348
f 1747 590 1746
f 2356 1227 963
f 2356 1434 1227
f 61 65 64
f 958 959 963
f 1042 670 1046
f 1678 1433 1685
f 1042 233 668
f 1190 824 1020
f 964 971 966
f 973 959 960
f 231 2158 592
f 119 123 124
f 1285 65 1746
f 829 835 134
f 1190 823 824
f 123 120 1941
f 232 233 2157
f 964 969 968
f 1677 1680 1683
f 966 971 973
f 232 2157 2158
f 61 64 63
f 119 124 126
f 349 835 348
f 1496 968 969
f 116 115 345
f 1678 1685 1680
f 732 1020 482
f 120 1683 1941
f 116 346 114
f 1611 1919 1046
f 1432 851 1433
f 1496 1499 1498
f 732 482 1021
f 1747 592 590
f 126 1612 1611
f 115 348 345
f 1498 1499 822
f 1021 114 2293
f 1432 1434 852
f 817 823 821
f 817 820 822
f 1433 851 1685
f 1190 1020 736
f 1285 1746 590
f 123 1941 124
f 2356 2358 1434
f 2355 2356 963
f 346 2293 114
f 64 65 1285
f 964 967 971
f 2357 963 959
f 1611 1612 1919
f 964 968 967
f 1042 1045 233
f 1190 737 823
f 732 736 1020
f 830 834 829
f 973 1886 959
f 817 821 820
f 1432 852 851
f 973 971 1886
f 233 2156 2157
f 1434 2358 852
f 1042 1046 1044
f 2355 963 2357
f 116 347 346
f 1496 1497 968
f 829 836 835
f 126 124 1613
f 116 345 347
f 2355 2358 2356
f 64 1394 63
f 1496 1498 1497
f 2155 2158 2157
f 853 1680 1685
f 1044 1046 1919
f 126 1613 1612
f 821 823 737
f 1190 736 737
f 1513 348 835
f 2155 592 2158
f 1021 2293 735
f 732 1021 735
f 2305 1683 1680
f 1941 1683 2368
f 1498 822 1504
f 1045 2156 233
f 820 1504 822
f 853 1685 851
f 830 833 834
f 345 348 350
f 967 1763 971
f 829 834 836
f 2357 959 2361
f 1103 2293 346
f 1763 1886 971
f 2361 959 1886
f 124 1941 2386
f 836 1513 835
f 1042 1043 1045
f 968 1501 967
f 1919 1612 2249
f 347 1103 346
f 2155 2157 2156
f 727 736 732
f 350 348 1513
f 2305 2368 1683
f 1042 1044 1043
f 587 590 592
f 853 2305 1680
f 1497 1501 968
f 635 852 2358
f 821 1040 820
f 124 2385 1613
f 727 737 736
f 2355 634 2358
f 2293 2274 735
f 637 851 852
f 1044 1919 2249
f 1613 2311 1612
f 1103 2274 2293
f 2355 2357 2334
f 1941 2368 2387
f 1497 1498 1503
f 1040 1504 820
f 345 351 347
f 1038 821 737
f 588 1285 590
f 1498 1504 1503
f 64 1285 1283
f 124 2386 2385
f 2155 591 592
f 848 853 851
f 345 350 351
f 1941 2387 2386
f 2249 1612 2311
f 634 635 2358
f 64 1393 1394
f 726 732 735
f 967 1627 1763
f 1628 1886 1763
f 2334 2357 2361
f 637 852 635
f 1696 834 833
f 1038 1040 821
f 587 592 591
f 726 727 732
f 967 1501 1627
f 2355 2334 634
f 1101 1103 347
f 637 848 851
f 1045 2252 2156
f 1508 836 834
f 1632 2361 1886
f 727 728 737
f 2155 2156 2159
f 587 588 590
f 1043 2252 1045
f 2274 734 735
f 1497 1502 1501
f 1613 2385 2393
f 1613 2393 2311
f 1104 350 1513
f 1628 1632 1886
f 1038 737 728
f 1102 2274 1103
f 1512 1513 836
f 1627 1628 1763
f 1101 347 351
f 1497 1503 1502
f 64 1283 1393
f 1044 2249 2251
f 1696 1508 834
f 2305 2291 2368
f 588 1283 1285
f 850 2305 853
f 1040 1289 1504
f 2291 2387 2368
f 726 735 734
f 1044 2250 1043
f 351 350 1104
f 1101 1102 1103
f 1289 1503 1504
f 848 850 853
f 2252 2159 2156
f 631 635 634
f 1102 734 2274
f 1512 836 1508
f 2334 2361 2335
f 631 637 635
f 2386 2387 2292
f 2249 2311 2312
f 2385 2386 2014
f 634 2334 636
f 1038 1041 1040
f 1627 1501 1885
f 1512 1104 1513
f 1632 2335 2361
f 2155 2140 591
f 725 727 726
f 725 728 727
f 1501 1502 1885
f 1044 2251 2250
f 1043 2250 2252
f 2155 2159 2140
f 847 848 637
f 2385 2014 2393
f 2312 2311 2393
f 1038 728 1039
f 1626 1628 1627
f 2249 2312 2251
f 631 634 636
f 1626 1632 1628
f 2291 2292 2387
f 1041 1289 1040
f 587 591 593
f 1101 351 600
f 2014 2386 2292
f 2306 2291 2305
f 1696 1507 1508
f 850 2306 2305
f 351 1104 1105
f 1038 1039 1041
f 2045 1502 1503
f 1102 2272 734
f 847 850 848
f 587 589 588
f 631 638 637
f 1101 601 1102
f 726 734 733
f 1289 2045 1503
f 640 636 2334
f 640 2334 2335
f 847 637 638
f 1627 1885 1629
f 351 1105 600
f 1632 1630 2335
f 2252 2139 2159
f 1506 1512 1508
f 725 731 728
f 1626 1627 1629
f 593 591 2140
f 728 731 1039
f 1512 1514 1104
f 587 593 589
f 1626 1630 1632
f 1885 1502 2354
f 733 734 2272
f 1101 600 601
f 601 2272 1102
f 1393 1283 2016
f 725 726 730
f 588 1284 1283
f 2015 2312 2393
f 2015 2393 2014
f 1506 1508 1507
f 631 636 633
f 2045 2354 1502
f 2139 2140 2159
f 2196 2292 2291
f 2252 2250 2141
f 1104 1564 1105
f 1288 1289 1041
f 726 733 730
f 2251 2314 2250
f 2251 2312 2314
f 1104 1514 1564
f 589 1281 588
f 1041 1039 1292
f 2306 2195 2291
f 633 636 640
f 847 849 850
f 631 632 638
f 2013 2014 2292
f 1885 2395 1629
f 1512 1510 1514
f 1885 2354 2395
f 1289 1293 2045
f 725 729 731
f 2252 2141 2139
f 850 2307 2306
f 1506 1510 1512
f 2333 2335 1630
f 731 1292 1039
f 640 2335 2333
f 631 633 632
f 2196 2291 2195
f 2273 733 2272
f 1626 1629 1633
f 847 638 642
f 601 2273 2272
f 1742 1393 2016
f 600 1105 598
f 1626 1631 1630
f 725 730 729
f 1288 1293 1289
f 599 601 600
f 588 1281 1284
f 2016 1283 1284
f 1288 1041 1292
f 2196 2013 2292
f 850 849 2307
f 1564 598 1105
f 2138 593 2140
f 2045 2337 2354
f 589 593 1282
f 2010 2015 2014
f 1506 1507 1509
f 1626 1633 1631
f 847 642 849
f 2250 2315 2141
f 2250 2314 2315
f 1564 1514 2085
f 632 642 638
f 599 600 598
f 2318 2312 2015
f 2010 2014 2013
f 1510 2085 1514
f 2306 2193 2195
f 2395 2397 1629
f 768 2140 2139
f 2354 2396 2395
f 2333 1630 1631
f 731 729 1926
f 2314 2312 2318
f 633 640 639
f 730 733 2184
f 1507 1975 1509
f 731 1926 1292
f 589 1282 1281
f 2306 2307 2193
f 1633 1629 2397
f 2273 2184 733
f 1477 2045 1293
f 601 595 2273
f 599 595 601
f 2354 2337 2396
f 639 640 2333
f 729 730 2042
f 633 641 632
f 1506 1511 1510
f 1477 2337 2045
f 1282 593 2138
f 768 2138 2140
f 2191 2196 2195
f 2395 2396 2397
f 1288 1290 1293
f 767 2139 2141
f 1506 1509 1511
f 1926 729 2042
f 1564 2202 598
f 1288 1292 1291
f 1564 2085 2202
f 849 2389 2307
f 633 639 641
f 594 599 598
f 2196 2012 2013
f 1510 2086 2085
f 2191 2195 2193
f 1631 1633 2371
f 849 642 475
f 632 643 642
f 1937 1284 1281
f 2010 2011 2015
f 768 2139 767
f 594 595 599
f 1477 1293 1290
f 1633 2397 2371
f 2273 2136 2184
f 2016 1284 2152
f 2011 2318 2015
f 1510 1511 2086
f 595 2136 2273
f 1318 1292 1926
f 730 2184 1728
f 2009 2010 2013
f 2333 1631 650
f 730 1728 2042
f 632 641 643
f 2314 2316 2315
f 1288 1291 1290
f 1475 2396 2337
f 1937 1281 1282
f 2191 2012 2196
f 2090 2141 2315
f 849 475 2389
f 2376 2193 2307
f 2314 2318 2317
f 2397 2396 2400
f 2202 2085 2086
f 1477 1475 2337
f 639 2333 651
f 1318 1291 1292
f 2009 2013 2012
f 594 598 597
f 2376 2307 2389
f 767 2141 2090
f 2202 597 598
f 1729 1926 2042
f 1631 2371 650
f 475 642 474
f 2314 2317 2316
f 643 474 642
f 1475 2400 2396
f 2191 2193 2192
f 2333 650 651
f 1282 2138 1938
f 641 639 1302
f 1509 2228 1511
f 594 596 595
f 1937 2258 1284
f 2397 1870 2371
f 1317 1477 1290
f 2152 1284 2258
f 768 772 2138
f 2090 2315 2316
f 1729 1318 1926
f 2016 2152 1741
f 2184 2136 2135
f 2397 2400 1870
f 1903 2136 595
f 2192 2193 2376
f 641 1302 643
f 2008 2011 2010
f 2008 2010 2009
f 1729 2042 1728
f 1509 2265 2228
f 2226 2086 1511
f 475 476 2389
f 2011 2308 2318
f 1728 2184 2135
f 1314 1290 1291
f 594 597 596
f 766 768 767
f 2318 2309 2317
f 1473 1475 1477
f 2202 2086 2206
f 639 651 645
f 1903 595 596
f 2376 2389 476
f 1935 1937 1282
f 1938 2138 772
f 2191 2194 2012
f 1314 1317 1290
f 1302 639 645
f 2226 1511 2228
f 2318 2308 2309
f 470 475 474
f 1473 1477 1317
f 1935 1282 1938
f 1903 2135 2136
f 650 2371 1869
f 2191 2192 2194
f 2202 1278 597
f 1476 2400 1475
f 766 772 768
f 1313 1291 1318
f 770 767 2090
f 473 474 643
f 2009 2012 1018
f 470 476 475
f 2226 2206 2086
f 2371 1870 1869
f 648 651 650
f 1725 1729 1728
f 1476 1870 2400
f 1920 643 1302
f 766 767 770
f 2228 2265 2391
f 1314 1291 1313
f 1729 1320 1318
f 2090 2316 2092
f 2202 2206 1278
f 2260 2316 2317
f 2008 2009 1018
f 2192 2376 2130
f 597 1279 596
f 1473 1476 1475
f 470 474 473
f 2008 1019 2011
f 2011 1019 2308
f 1936 2258 1937
f 648 645 651
f 1728 2135 1727
f 1920 473 643
f 2194 1018 2012
f 2260 2317 2309
f 477 2376 476
f 1314 1316 1317
f 1280 1903 596
f 2152 2258 2259
f 1313 1318 1320
f 1278 1279 597
f 1473 1317 1316
f 1725 1728 1727
f 650 1869 649
f 2226 2228 2227
f 2152 2259 1741
f 1935 1936 1937
f 2194 2192 2130
f 648 650 649
f 1903 1902 2135
f 1725 1730 1729
f 646 1302 645
f 2260 2092 2316
f 470 471 476
f 2261 2309 2308
f 1729 1730 1320
f 2130 2376 477
f 1280 596 1279
f 770 2090 2004
f 2399 2228 2391
f 1938 772 773
f 1178 1869 1870
f 1920 1302 646
f 1178 1870 1476
f 2004 2090 2092
f 2226 303 2206
f 766 771 772
f 471 477 476
f 1312 1314 1313
f 1280 1902 1903
f 1935 1938 773
f 2227 2228 2399
f 2008 1018 1017
f 1312 1316 1314
f 2261 2308 1019
f 1727 2135 2083
f 2008 1017 1019
f 1936 2259 2258
f 2261 2260 2309
f 766 770 769
f 469 470 473
f 1472 1473 1316
f 1902 2083 2135
f 1473 1474 1476
f 2226 2227 303
f 1278 2206 304
f 1920 472 473
f 644 645 648
f 469 471 470
f 2399 2391 2390
f 1725 1727 1726
f 1725 1726 1730
f 644 646 645
f 771 773 772
f 305 1279 1278
f 1313 1320 1319
f 2129 2194 2130
f 1472 1474 1473
f 1177 649 1869
f 1277 1280 1279
f 766 769 771
f 304 2206 303
f 1320 1730 2353
f 769 770 2004
f 2260 2091 2092
f 648 649 647
f 469 473 472
f 1312 1315 1316

